ID,MediaPath,Bone,MPartsFace,MPartsEyeball,MPartsHair,MPartsHelm,MPartsBody,MPartsHand,MPartsLegs,MPartsFoot,MPartsCape,LHandWeapon,RHandWeapon,ItemMeshScale,StepLOD_01,StepLOD_02,StepLOD_03,StepLOD_04,StepLOD_05,EffectCreate,HitEffectKind,FourFoot
人物ID,网络文件位置,模特名,脸部文件名,眼球文件名,头发颜色文件名,头盔文件名,上体文件名,小臂文件名,下体文件名,长筒靴文件名,披风文件名,左手武器,右手武器,武器尺码,1阶段 LOD,2阶段 LOD,3阶段 LOD,4阶段 LOD,5阶段 LOD,创作效果,打击效果,4步
2,2,2,2,2,2,2,2,2,2,2,2,2,2,,2,2,2,2,2,2,2,2
U32,string,string,string:a:MParts,string,string,string,string,string,string,string,string,string:v,string:v,F32,F32:a:StepLOD,F32,F32,F32,F32,CBwString,U8,U8
1,Model,00000.kfm,p_h_m_face_0000_lod.nif,p_h_m_eyes_0000_lod.nif,p_h_m_hair_0000_lod.nif,,p_h_00_n_m_body_lod.nif,p_h_00_n_m_hand_lod.nif,,p_h_00_n_m_foot_lod.nif,,,,,1000.0f,2000.0f,3000.0f,4000.0f,6000.0f,,0,0
2,Model,00001.kfm,p_h_f_face_0000_lod.nif,p_h_f_eyes_0000_lod.nif,p_h_f_hair_0000_lod.nif,,p_h_00_n_f_body_lod.nif,p_h_00_n_f_hand_lod.nif,,p_h_00_n_f_foot_lod.nif,,,,,1000.0f,2000.0f,3000.0f,4000.0f,6000.0f,,0,0
3,Model,00002.kfm,p_m_m_face_0000_lod.nif,p_m_m_eyes_0000_lod.nif,p_m_m_hair_0000_lod.nif,,p_m_00_n_m_body_lod.nif,p_m_00_n_m_hand_lod.nif,,p_m_00_n_m_foot_lod.nif,,,,,1000.0f,2000.0f,3000.0f,4000.0f,6000.0f,,0,0
4,Model,00003.kfm,p_m_f_face_0000_lod.nif,p_m_f_eyes_0000_lod.nif,p_m_f_hair_0000_lod.nif,,p_m_00_n_f_body_lod.nif,p_m_00_n_f_hand_lod.nif,,p_m_00_n_f_foot_lod.nif,,,,,1000.0f,2000.0f,3000.0f,4000.0f,6000.0f,,0,0
5,Model,00004.kfm,p_d_m_face_0000_lod.nif,p_d_m_eyes_0000_lod.nif,p_d_m_hair_0000_lod.nif,,p_d_00_n_m_body_lod.nif,p_d_00_n_m_hand_lod.nif,,p_d_00_n_m_foot_lod.nif,,,,,1000.0f,2000.0f,3000.0f,4000.0f,6000.0f,,0,0
6,Model,00005.kfm,p_d_f_face_0000_lod.nif,p_d_f_eyes_0000_lod.nif,p_d_f_hair_0000_lod.nif,,p_d_00_n_f_body_lod.nif,p_d_00_n_f_hand_lod.nif,,p_d_00_n_f_foot_lod.nif,,,,,1000.0f,2000.0f,3000.0f,4000.0f,6000.0f,,0,0
7,Model,00006.kfm,p_o_m_face_0000_lod.nif,p_o_m_eyes_0000_lod.nif,p_o_m_hair_0000_lod.nif,,p_o_00_n_m_body_lod.nif,p_o_00_n_m_hand_lod.nif,,p_o_00_n_m_foot_lod.nif,,,,,1000.0f,2000.0f,3000.0f,4000.0f,6000.0f,,0,0
8,Model,00007.kfm,p_o_f_face_0000_lod.nif,p_o_f_eyes_0000_lod.nif,p_o_f_hair_0000_lod.nif,,p_o_00_n_f_body_lod.nif,p_o_00_n_f_hand_lod.nif,,p_o_00_n_f_foot_lod.nif,,,,,1000.0f,2000.0f,3000.0f,4000.0f,6000.0f,,0,0
10,Model,00006.kfm,p_o_m_face_0102_lod.bif,p_o_m_eyes_0003_lod.bif,p_o_m_hair_0000_lod.nif,p_o_06_c_m_helm_lod.nif,p_o_06_c_m_body_lod.nif,p_o_06_c_m_hand_lod.nif,,p_o_06_c_m_foot_lod.nif,p_o_05_a_m_cape_lod.bif,,,,1000.0f,2000.0f,3000.0f,4000.0f,6000.0f,,0,0
11,Model,00006.kfm,p_o_m_face_0402_lod.bif,p_o_m_eyes_0004_lod.bif,p_o_m_hair_0000_lod.nif,p_o_06_f_m_helm_lod.nif,p_o_06_f_m_body_lod.nif,p_o_06_f_m_hand_lod.nif,,p_o_06_f_m_foot_lod.nif,p_o_05_b_m_cape_lod.bif,,,,1000.0f,2000.0f,3000.0f,4000.0f,6000.0f,,0,0
12,Model,00006.kfm,p_o_m_face_0302_lod.bif,p_o_m_eyes_0005_lod.bif,p_o_m_hair_0000_lod.nif,p_o_06_i_m_helm_lod.nif,p_o_06_i_m_body_lod.nif,p_o_06_i_m_hand_lod.nif,,p_o_06_i_m_foot_lod.nif,p_o_05_c_m_cape_lod.bif,,,,1000.0f,2000.0f,3000.0f,4000.0f,6000.0f,,0,0
13,Model,00007.kfm,p_o_f_face_0002_lod.bif,p_o_f_eyes_0003_lod.bif,p_o_f_hair_0000_lod.nif,p_o_06_c_f_helm_lod.nif,p_o_06_c_f_body_lod.nif,p_o_06_c_f_hand_lod.nif,,p_o_06_c_f_foot_lod.nif,p_o_05_a_f_cape_lod.bif,,,,1000.0f,2000.0f,3000.0f,4000.0f,6000.0f,,0,0
14,Model,00007.kfm,p_o_f_face_0402_lod.bif,p_o_f_eyes_0004_lod.bif,p_o_f_hair_0000_lod.nif,p_o_06_f_f_helm_lod.nif,p_o_06_f_f_body_lod.nif,p_o_06_f_f_hand_lod.nif,,p_o_06_f_f_foot_lod.nif,p_o_05_b_f_cape_lod.bif,,,,1000.0f,2000.0f,3000.0f,4000.0f,6000.0f,,0,0
15,Model,00007.kfm,p_o_f_face_0302_lod.bif,p_o_f_eyes_0005_lod.bif,p_o_f_hair_0000_lod.nif,p_o_06_i_f_helm_lod.nif,p_o_06_i_f_body_lod.nif,p_o_06_i_f_hand_lod.nif,,p_o_06_i_f_foot_lod.nif,p_o_05_c_f_cape_lod.bif,,,,1000.0f,2000.0f,3000.0f,4000.0f,6000.0f,,0,0
50,Model,00000.kfm,p_h_m_face_0000_lod.nif,p_h_m_eyes_0000_lod.nif,p_h_m_hair_0000_lod.nif,p_h_06_c_m_helm_lod.nif,p_h_06_c_m_body_lod.nif,p_h_06_c_m_hand_lod.nif,,p_h_06_c_m_foot_lod.nif,p_h_05_a_m_cape_lod.bif,,,,1000.0f,2000.0f,3000.0f,4000.0f,6000.0f,,0,0
51,Model,00000.kfm,p_h_m_face_0000_lod.nif,p_h_m_eyes_0000_lod.nif,p_h_m_hair_0000_lod.nif,p_h_06_f_m_helm_lod.nif,p_h_06_f_m_body_lod.nif,p_h_06_f_m_hand_lod.nif,,p_h_06_f_m_foot_lod.nif,p_h_05_b_m_cape_lod.bif,,,,1000.0f,2000.0f,3000.0f,4000.0f,6000.0f,,0,0
52,Model,00000.kfm,p_h_m_face_0000_lod.nif,p_h_m_eyes_0000_lod.nif,p_h_m_hair_0000_lod.nif,p_h_06_i_m_helm_lod.nif,p_h_06_i_m_body_lod.nif,p_h_06_i_m_hand_lod.nif,,p_h_06_i_m_foot_lod.nif,p_h_05_c_m_cape_lod.bif,,,,1000.0f,2000.0f,3000.0f,4000.0f,6000.0f,,0,0
55,Model,00001.kfm,p_h_f_face_0000_lod.nif,p_h_f_eyes_0000_lod.nif,p_h_f_hair_0000_lod.nif,p_h_06_c_f_helm_lod.nif,p_h_06_c_f_body_lod.nif,p_h_06_c_f_hand_lod.nif,,p_h_06_c_f_foot_lod.nif,p_h_05_a_f_cape_lod.bif,,,,1000.0f,2000.0f,3000.0f,4000.0f,6000.0f,,0,0
56,Model,00001.kfm,p_h_f_face_0000_lod.nif,p_h_f_eyes_0000_lod.nif,p_h_f_hair_0000_lod.nif,p_h_06_f_f_helm_lod.nif,p_h_06_f_f_body_lod.nif,p_h_06_f_f_hand_lod.nif,,p_h_06_f_f_foot_lod.nif,p_h_05_b_f_cape_lod.bif,,,,1000.0f,2000.0f,3000.0f,4000.0f,6000.0f,,0,0
57,Model,00001.kfm,p_h_f_face_0000_lod.nif,p_h_f_eyes_0000_lod.nif,p_h_f_hair_0000_lod.nif,p_h_06_i_f_helm_lod.nif,p_h_06_i_f_body_lod.nif,p_h_06_i_f_hand_lod.nif,,p_h_06_i_f_foot_lod.nif,p_h_05_c_f_cape_lod.bif,,,,1000.0f,2000.0f,3000.0f,4000.0f,6000.0f,,0,0
60,Model,00006.kfm,p_o_m_face_0102_lod.bif,p_o_m_eyes_0003_lod.bif,p_o_m_hair_0000_lod.nif,p_o_06_c_m_helm_lod.nif,p_o_06_c_m_body_lod.nif,p_o_06_c_m_hand_lod.nif,,p_o_06_c_m_foot_lod.nif,p_o_05_a_m_cape_lod.bif,,,,1000.0f,2000.0f,3000.0f,4000.0f,6000.0f,,0,0
61,Model,00006.kfm,p_o_m_face_0402_lod.bif,p_o_m_eyes_0004_lod.bif,p_o_m_hair_0000_lod.nif,p_o_06_f_m_helm_lod.nif,p_o_06_f_m_body_lod.nif,p_o_06_f_m_hand_lod.nif,,p_o_06_f_m_foot_lod.nif,p_o_05_b_m_cape_lod.bif,,,,1000.0f,2000.0f,3000.0f,4000.0f,6000.0f,,0,0
62,Model,00006.kfm,p_o_m_face_0302_lod.bif,p_o_m_eyes_0005_lod.bif,p_o_m_hair_0000_lod.nif,p_o_06_i_m_helm_lod.nif,p_o_06_i_m_body_lod.nif,p_o_06_i_m_hand_lod.nif,,p_o_06_i_m_foot_lod.nif,p_o_05_c_m_cape_lod.bif,,,,1000.0f,2000.0f,3000.0f,4000.0f,6000.0f,,0,0
65,Model,00007.kfm,p_o_f_face_0002_lod.bif,p_o_f_eyes_0003_lod.bif,p_o_f_hair_0000_lod.nif,p_o_06_c_f_helm_lod.nif,p_o_06_c_f_body_lod.nif,p_o_06_c_f_hand_lod.nif,,p_o_06_c_f_foot_lod.nif,p_o_05_a_f_cape_lod.bif,,,,1000.0f,2000.0f,3000.0f,4000.0f,6000.0f,,0,0
66,Model,00007.kfm,p_o_f_face_0402_lod.bif,p_o_f_eyes_0004_lod.bif,p_o_f_hair_0000_lod.nif,p_o_06_f_f_helm_lod.nif,p_o_06_f_f_body_lod.nif,p_o_06_f_f_hand_lod.nif,,p_o_06_f_f_foot_lod.nif,p_o_05_b_f_cape_lod.bif,,,,1000.0f,2000.0f,3000.0f,4000.0f,6000.0f,,0,0
67,Model,00007.kfm,p_o_f_face_0302_lod.bif,p_o_f_eyes_0005_lod.bif,p_o_f_hair_0000_lod.nif,p_o_06_i_f_helm_lod.nif,p_o_06_i_f_body_lod.nif,p_o_06_i_f_hand_lod.nif,,p_o_06_i_f_foot_lod.nif,p_o_05_c_f_cape_lod.bif,,,,1000.0f,2000.0f,3000.0f,4000.0f,6000.0f,,0,0
100,Npc,00100.kfm,,,,,n_hnpa_a_lows_none_none_lod.nif,,,,,,,,2000.0f,3000.0f,4000.0f,5000.0f,8000.0f,,0,0
101,Npc,00101.kfm,,,,,n_hnpb_a_lows_none_none_lod.nif,,,,,,,,2000.0f,3000.0f,4000.0f,5000.0f,8000.0f,,0,0
102,Npc,00102.kfm,,,,,n_hnpa_b_lows_none_none_lod.nif,,,,,,,,2000.0f,3000.0f,4000.0f,5000.0f,8000.0f,,0,0
103,Npc,00103.kfm,,,,,n_hnpa_c_lows_none_none_lod.nif,,,,,,,,2000.0f,3000.0f,4000.0f,5000.0f,8000.0f,,0,0
104,Npc,00104.kfm,,,,,n_hnpb_b_lows_none_none_lod.nif,,,,,,,,2000.0f,3000.0f,4000.0f,5000.0f,8000.0f,,0,0
105,Npc,00105.kfm,,,,,n_hnpb_c_lows_none_none_lod.nif,,,,,,,,2000.0f,3000.0f,4000.0f,5000.0f,8000.0f,,0,0
106,Npc,00106.kfm,,,,,n_nhum_a_lows_none_none_lod.nif,,,,,,,,2000.0f,3000.0f,4000.0f,5000.0f,8000.0f,,0,0
107,Npc,00107.kfm,,,,,n_nhum_b_lows_none_none_lod.nif,,,,,,,,2000.0f,3000.0f,4000.0f,5000.0f,8000.0f,,0,0
108,Npc,00108.kfm,,,,,n_nhum_c_lows_none_none_lod.nif,,,,,,,,2000.0f,3000.0f,4000.0f,5000.0f,8000.0f,,0,0
300,Npc,00300.kfm,,,,,n_mnpb_a_lows_none_none_lod.nif,,,,,,,,2000.0f,3000.0f,4000.0f,5000.0f,8000.0f,,0,0
301,Npc,00301.kfm,,,,,n_mnpb_b_lows_none_none_lod.nif,,,,,,,,2000.0f,3000.0f,4000.0f,5000.0f,8000.0f,,0,0
302,Npc,00302.kfm,,,,,n_mnpb_c_lows_none_none_lod.nif,,,,,,,,2000.0f,3000.0f,4000.0f,5000.0f,8000.0f,,0,0
303,Npc,00303.kfm,,,,,n_mnpa_a_lows_none_none_lod.nif,,,,,,,,2000.0f,3000.0f,4000.0f,5000.0f,8000.0f,,0,0
304,Npc,00304.kfm,,,,,n_mnpa_b_lows_none_none_lod.nif,,,,,,,,2000.0f,3000.0f,4000.0f,5000.0f,8000.0f,,0,0
305,Npc,00305.kfm,,,,,n_mnpa_c_lows_none_none_lod.nif,,,,,,,,2000.0f,3000.0f,4000.0f,5000.0f,8000.0f,,0,0
306,Npc,00306.kfm,,,,,n_mnpc_a_lows_none_none_lod.nif,,,,,,,,2000.0f,3000.0f,4000.0f,5000.0f,8000.0f,,0,0
307,Npc,00307.kfm,,,,,n_mnpc_b_lows_none_none_lod.nif,,,,,,,,2000.0f,3000.0f,4000.0f,5000.0f,8000.0f,,0,0
308,Npc,00308.kfm,,,,,n_mnpc_c_lows_none_none_lod.nif,,,,,,,,2000.0f,3000.0f,4000.0f,5000.0f,8000.0f,,0,0
500,Npc,00500.kfm,,,,,n_dnga_a_lows_none_none_lod.nif,,,,,,,,2000.0f,3000.0f,4000.0f,5000.0f,8000.0f,,0,0
501,Npc,00501.kfm,,,,,n_dnga_b_lows_none_none_lod.nif,,,,,,,,2000.0f,3000.0f,4000.0f,5000.0f,8000.0f,,0,0
502,Npc,00502.kfm,,,,,n_dnga_c_lows_none_none_lod.nif,,,,,,,,2000.0f,3000.0f,4000.0f,5000.0f,8000.0f,,0,0
503,Npc,00503.kfm,,,,,n_dnpa_a_lows_none_none_lod.nif,,,,,,,,2000.0f,3000.0f,4000.0f,5000.0f,8000.0f,,0,0
504,Npc,00504.kfm,,,,,n_dnpa_b_lows_none_none_lod.nif,,,,,,,,2000.0f,3000.0f,4000.0f,5000.0f,8000.0f,,0,0
505,Npc,00505.kfm,,,,,n_dnpa_c_lows_none_none_lod.nif,,,,,,,,2000.0f,3000.0f,4000.0f,5000.0f,8000.0f,,0,0
506,Npc,00506.kfm,,,,,n_dnpb_a_lows_none_none_lod.nif,,,,,,,,2000.0f,3000.0f,4000.0f,5000.0f,8000.0f,,0,0
507,Npc,00507.kfm,,,,,n_dnpb_b_lows_none_none_lod.nif,,,,,,,,2000.0f,3000.0f,4000.0f,5000.0f,8000.0f,,0,0
508,Npc,00508.kfm,,,,,n_dnpb_c_lows_none_none_lod.nif,,,,,,,,2000.0f,3000.0f,4000.0f,5000.0f,8000.0f,,0,0
700,Npc,00700.kfm,,,,,n_onga_a_lows_none_none_lod.nif,,,,,,,,2000.0f,3000.0f,4000.0f,5000.0f,8000.0f,,0,0
701,Npc,00701.kfm,,,,,n_onga_b_lows_none_none_lod.nif,,,,,,,,2000.0f,3000.0f,4000.0f,5000.0f,8000.0f,,0,0
702,Npc,00702.kfm,,,,,n_onga_c_lows_none_none_lod.nif,,,,,,,,2000.0f,3000.0f,4000.0f,5000.0f,8000.0f,,0,0
718,Npc,00718.kfm,,,,,n_onpa_a_lows_none_none_lod.nif,,,,,,,,2000.0f,3000.0f,4000.0f,5000.0f,8000.0f,,0,0
719,Npc,00719.kfm,,,,,n_onpa_b_lows_none_none_lod.nif,,,,,,,,2000.0f,3000.0f,4000.0f,5000.0f,8000.0f,,0,0
720,Npc,00720.kfm,,,,,n_onpa_c_lows_none_none_lod.nif,,,,,,,,2000.0f,3000.0f,4000.0f,5000.0f,8000.0f,,0,0
721,Npc,00721.kfm,,,,,n_onpb_a_lows_none_none_lod.nif,,,,,,,,2000.0f,3000.0f,4000.0f,5000.0f,8000.0f,,0,0
722,Npc,00722.kfm,,,,,n_onpb_b_lows_none_none_lod.nif,,,,,,,,2000.0f,3000.0f,4000.0f,5000.0f,8000.0f,,0,0
723,Npc,00723.kfm,,,,,n_onpb_c_lows_none_none_lod.nif,,,,,,,,2000.0f,3000.0f,4000.0f,5000.0f,8000.0f,,0,0
900,Npc,00900.kfm,,,,,n_ebsa_z_boss_mage_none_lod.nif,,,,,,,,2000.0f,3000.0f,4000.0f,5000.0f,8000.0f,900_000,0,0
901,Npc,00901.kfm,,,,,n_dbsa_z_boss_mage_none_lod.nif,,,,,,,,2000.0f,3000.0f,4000.0f,5000.0f,8000.0f,901_000,0,0
903,Npc,00903.kfm,,,,,n_adra_z_boss_mage_none_lod.nif,,,,,,,,2000.0f,3000.0f,4000.0f,5000.0f,8000.0f,903_000,0,0
904,Npc,00904.kfm,,,,,n_goli_z_boss_warr_none_lod.nif,,,,,,,,2000.0f,3000.0f,4000.0f,5000.0f,8000.0f,,0,0
1000,Npc,01000.kfm,,,,,m_kkni_a_lows_none_none_lod.nif,,,,,0|m_kkni_w_shld_lft_a_lod.nif,1|m_kkni_w_lanc_rgt_a_lod.nif,,2000.0f,3000.0f,4000.0f,5000.0f,8000.0f,,0,0
1001,Npc,01000.kfm,,,,,m_kkni_b_lows_none_none_lod.bif,,,,,0|m_kkni_w_shld_lft_b_lod.bif,1|m_kkni_w_lanc_rgt_b_lod.bif,,2000.0f,3000.0f,4000.0f,5000.0f,8000.0f,,0,0
1002,Npc,01000.kfm,,,,,m_kkni_c_lows_none_none_lod.nif,,,,,0|m_kkni_w_shld_lft_c_lod.nif,1|m_kkni_w_lanc_rgt_c_lod.nif,,2000.0f,3000.0f,4000.0f,5000.0f,8000.0f,,0,0
1003,Npc,01003.kfm,,,,,m_dswe_a_lows_none_none_lod.nif,,,,,2|m_dswe_w_tstf_rgt_a_lod.nif,,,2000.0f,3000.0f,4000.0f,5000.0f,8000.0f,,0,0
1004,Npc,01003.kfm,,,,,m_dswe_b_lows_none_none_lod.bif,,,,,2|m_dswe_w_tstf_rgt_b_lod.bif,,,2000.0f,3000.0f,4000.0f,5000.0f,8000.0f,,0,0
1005,Npc,01003.kfm,,,,,m_dswe_c_lows_none_none_lod.nif,,,,,2|m_dswe_w_tstf_rgt_c_lod.nif,,,2000.0f,3000.0f,4000.0f,5000.0f,8000.0f,,0,0
1006,Npc,01006.kfm,,,,,m_pisa_a_lows_none_none_lod.nif,,,,,,,,2000.0f,3000.0f,4000.0f,5000.0f,8000.0f,,0,0
1007,Npc,01006.kfm,,,,,m_pisa_b_lows_none_none_lod.bif,,,,,,,,2000.0f,3000.0f,4000.0f,5000.0f,8000.0f,,0,0
1008,Npc,01006.kfm,,,,,m_pisa_c_lows_none_none_lod.nif,,,,,,,,2000.0f,3000.0f,4000.0f,5000.0f,8000.0f,,0,0
1009,Npc,01009.kfm,,,,,m_cbri_a_lows_none_none_lod.nif,,,,,,7|m_cbri_w_oblt_rgt_a_lod.nif,,2000.0f,3000.0f,4000.0f,5000.0f,8000.0f,,0,0
1010,Npc,01009.kfm,,,,,m_cbri_b_lows_none_none_lod.bif,,,,,,7|m_cbri_w_oblt_rgt_b_lod.bif,,2000.0f,3000.0f,4000.0f,5000.0f,8000.0f,,0,0
1011,Npc,01009.kfm,,,,,m_cbri_c_lows_none_none_lod.nif,,,,,,7|m_cbri_w_oblt_rgt_c_lod.nif,,2000.0f,3000.0f,4000.0f,5000.0f,8000.0f,,0,0
1012,Npc,01012.kfm,,,,,m_bsum_a_lows_none_none_lod.nif,,,,,,6|m_bsum_w_tcan_all_a_lod.nif,,2000.0f,3000.0f,4000.0f,5000.0f,8000.0f,,0,0
1013,Npc,01012.kfm,,,,,m_bsum_b_lows_none_none_lod.bif,,,,,,6|m_bsum_w_tcan_all_b_lod.bif,,2000.0f,3000.0f,4000.0f,5000.0f,8000.0f,,0,0
1014,Npc,01012.kfm,,,,,m_bsum_c_lows_none_none_lod.nif,,,,,,6|m_bsum_w_tcan_all_c_lod.nif,,2000.0f,3000.0f,4000.0f,5000.0f,8000.0f,,0,0
1015,Npc,01017.kfm,,,,,m_rvil_a_lows_none_none_lod.nif,,,,,,,,2000.0f,3000.0f,4000.0f,5000.0f,8000.0f,,0,0
1016,Npc,01017.kfm,,,,,m_rvil_b_lows_none_none_lod.bif,,,,,,,,2000.0f,3000.0f,4000.0f,5000.0f,8000.0f,,0,0
1017,Npc,01017.kfm,,,,,m_rvil_c_lows_none_none_lod.nif,,,,,,,,2000.0f,3000.0f,4000.0f,5000.0f,8000.0f,,0,0
1018,Npc,01018.kfm,,,,,m_curi_a_lows_none_none_lod.nif,,,,,,,,2000.0f,3000.0f,4000.0f,5000.0f,8000.0f,,1,1
1019,Npc,01018.kfm,,,,,m_curi_b_lows_none_none_lod.bif,,,,,,,,2000.0f,3000.0f,4000.0f,5000.0f,8000.0f,,1,1
1020,Npc,01018.kfm,,,,,m_curi_c_lows_none_none_lod.nif,,,,,,,,2000.0f,3000.0f,4000.0f,5000.0f,8000.0f,,1,1
1021,Npc,01021.kfm,,,,,m_gend_a_lows_none_none_lod.nif,,,,,,,,2000.0f,3000.0f,4000.0f,5000.0f,8000.0f,,0,0
1022,Npc,01021.kfm,,,,,m_gend_b_lows_none_none_lod.bif,,,,,,,,2000.0f,3000.0f,4000.0f,5000.0f,8000.0f,,0,0
1023,Npc,01021.kfm,,,,,m_gend_c_lows_none_none_lod.nif,,,,,,,,2000.0f,3000.0f,4000.0f,5000.0f,8000.0f,,0,0
1024,Npc,01024.kfm,,,,,m_egat_a_lows_none_none_lod.nif,,,,,,2|m_egat_w_tstf_rgt_a_lod.nif,,2000.0f,3000.0f,4000.0f,5000.0f,8000.0f,,0,0
1025,Npc,01024.kfm,,,,,m_egat_b_lows_none_none_lod.bif,,,,,,2|m_egat_w_tstf_rgt_b_lod.bif,,2000.0f,3000.0f,4000.0f,5000.0f,8000.0f,,0,0
1026,Npc,01024.kfm,,,,,m_egat_c_lows_none_none_lod.nif,,,,,,2|m_egat_w_tstf_rgt_c_lod.nif,,2000.0f,3000.0f,4000.0f,5000.0f,8000.0f,,0,0
1027,Npc,01027.kfm,,,,,m_zoff_a_lows_none_none_lod.nif,,,,,,,,2000.0f,3000.0f,4000.0f,5000.0f,8000.0f,,0,0
1028,Npc,01027.kfm,,,,,m_zoff_b_lows_none_none_lod.bif,,,,,,,,2000.0f,3000.0f,4000.0f,5000.0f,8000.0f,,0,0
1029,Npc,01027.kfm,,,,,m_zoff_c_lows_none_none_lod.nif,,,,,,,,2000.0f,3000.0f,4000.0f,5000.0f,8000.0f,,0,0
1030,Npc,01030.kfm,,,,,m_blin_a_lows_none_none_lod.nif,,,,,,,,2000.0f,3000.0f,4000.0f,5000.0f,8000.0f,,0,1
1031,Npc,01030.kfm,,,,,m_blin_b_lows_none_none_lod.bif,,,,,,,,2000.0f,3000.0f,4000.0f,5000.0f,8000.0f,,0,1
1032,Npc,01030.kfm,,,,,m_blin_c_lows_none_none_lod.nif,,,,,,,,2000.0f,3000.0f,4000.0f,5000.0f,8000.0f,,0,1
1033,Npc,01033.kfm,,,,,m_fkpa_a_boss_none_none_lod.nif,,,,,0|m_fkpa_w_shld_lft_a_lod.nif,10|m_fkpa_w_oswd_rgt_a_lod.nif,,4000.0f,5000.0f,6000.0f,7000.0f,10000.0f,,0,0
1034,Npc,01034.kfm,,,,,m_thoa_a_boss_none_none_lod.nif,,,,,,,,4000.0f,5000.0f,6000.0f,7000.0f,10000.0f,,0,0
1035,Npc,01035.kfm,,,,,m_rwia_a_boss_none_none_lod.nif,,,,,13|m_rwib_w_twan_all_a_lod.nif,3|m_rwia_w_taxe_all_a_lod.nif,,4000.0f,5000.0f,6000.0f,7000.0f,10000.0f,,0,0
1036,Npc,01036.kfm,,,,,m_kara_a_boss_none_none_lod.nif,,,,,,,,4000.0f,5000.0f,6000.0f,7000.0f,10000.0f,1036_000,0,1
1037,Npc,01037.kfm,,,,,m_diva_a_boss_none_none_lod.nif,,,,,3|m_diva_w_taxe_all_a_lod.nif,,,4000.0f,5000.0f,6000.0f,7000.0f,10000.0f,,0,0
1038,Npc,01038.kfm,,,,,m_icea_a_boss_none_none_lod.nif,,,,,,,,4000.0f,5000.0f,6000.0f,7000.0f,10000.0f,1038_000,0,0
1039,Npc,01039.kfm,,,,,m_desa_a_boss_none_none_lod.nif,,,,,,,,4000.0f,5000.0f,6000.0f,7000.0f,10000.0f,,1,0
1040,Npc,01040.kfm,,,,,m_tofa_a_boss_none_none_lod.nif,,,,,,1|m_tofa_w_pike_all_a_lod.nif,,4000.0f,5000.0f,6000.0f,7000.0f,10000.0f,,0,0
1041,Npc,01041.kfm,,,,,m_agra_a_boss_none_none_lod.nif,,,,,,,,4000.0f,5000.0f,6000.0f,7000.0f,10000.0f,1041_000,1,1
1042,Npc,01042.kfm,,,,,m_dsop_boss_none_none_lod.nif,,,,,,,,4000.0f,5000.0f,6000.0f,7000.0f,10000.0f,1042_000,0,0
1043,Npc,01043.kfm,,,,,m_pain_a_boss_none_none_lod.nif,,,,,,,,4000.0f,5000.0f,6000.0f,7000.0f,10000.0f,1043_000,0,0
1044,Npc,01044.kfm,,,,,m_roka_a_boss_none_none_lod.nif,,,,,13|m_roka_w_wand_rgt_a_lod.nif,13|m_roka_w_wand_rgt_a_lod.nif,,4000.0f,5000.0f,6000.0f,7000.0f,10000.0f,,0,0
1045,Npc,01045.kfm,,,,,m_papa_a_boss_none_none_lod.nif,,,,,,,,4000.0f,5000.0f,6000.0f,7000.0f,10000.0f,1045_000,0,1
1046,Npc,01046.kfm,,,,,m_dpgr_a_boss_none_none_lod.nif,,,,,,,,4000.0f,5000.0f,6000.0f,7000.0f,10000.0f,1046_000,0,0
1047,Npc,01047.kfm,,,,,m_gsfm_a_boss_none_none_lod.nif,,,,,,,,4000.0f,5000.0f,6000.0f,7000.0f,10000.0f,1047_000,0,1
1048,Npc,01048.kfm,,,,,m_pudr_a_boss_none_none_lod.nif,,,,,,13|m_pudr_w_wand_rgt_a_lod.nif,,4000.0f,5000.0f,6000.0f,7000.0f,10000.0f,1048_000,0,0
1049,Npc,01049.kfm,,,,,m_grda_a_boss_none_none_lod.nif,,,,,,3|m_grda_w_taxe_all_a_lod.nif,,4000.0f,5000.0f,6000.0f,7000.0f,10000.0f,1049_000,0,0
1050,Npc,01050.kfm,,,,,m_hypt_a_boss_none_none_lod.nif,,,,,,,,4000.0f,5000.0f,6000.0f,7000.0f,10000.0f,1050_000,0,1
1051,Npc,01051.kfm,,,,,m_jarn_a_boss_none_none_lod.nif,,,,,,3|m_jarn_w_taxe_all_a_lod.nif,,4000.0f,5000.0f,6000.0f,7000.0f,10000.0f,1051_000_INT,0,1
1052,Npc,01052.kfm,,,,,m_skka_a_boss_none_none_lod.nif,,,,,3|m_skka_w_taxe_rgt_a_lod.nif,,,4000.0f,5000.0f,6000.0f,7000.0f,10000.0f,1052_000,0,0
1053,Npc,01053.kfm,,,,,m_stan_a_boss_none_none_lod.nif,,,,,,,,4000.0f,5000.0f,6000.0f,7000.0f,10000.0f,1053_000_int,0,1
1055,Npc,01055.kfm,,,,,m_kdaa_a_boss_none_none_lod.nif,,,,,,,,4000.0f,5000.0f,6000.0f,7000.0f,10000.0f,1053_000_int,0,1
2003,Npc,02003.kfm,,,,,m_ugbn_a_ride_none_none_lod.nif,,,,,,2|m_unde_w_tstf_all_a_lod.nif,,4000.0f,5000.0f,6000.0f,7000.0f,10000.0f,,0,1
2004,Npc,02004.kfm,,,,,m_ubbf_a_ride_none_none_lod.nif,,,,,,2|m_unde_w_tstf_all_a_lod.nif,,2000.0f,3000.0f,4000.0f,5000.0f,8000.0f,,0,1
2005,Npc,02005.kfm,,,,,m_ewdm_a_ride_none_none_lod.nif,,,,,,,,2000.0f,3000.0f,4000.0f,5000.0f,8000.0f,,0,1
2007,Npc,02007.kfm,,,,,m_utif_a_ride_none_none_lod.nif,,,,,,7|m_unde_w_oblt_all_a_lod.nif,,2000.0f,3000.0f,4000.0f,5000.0f,8000.0f,,0,1
3000,Npc,03000.kfm,,,,,m_boma_a_lows_none_none_lod.nif,,,,,,7|m_boma_w_oblt_rgt_a_lod.nif,,4000.0f,5000.0f,6000.0f,7000.0f,10000.0f,,0,0
3001,Npc,03000.kfm,,,,,m_boma_b_lows_none_none_lod.bif,,,,,,7|m_boma_w_oblt_rgt_b_lod.bif,,4000.0f,5000.0f,6000.0f,7000.0f,10000.0f,,0,0
3002,Npc,03000.kfm,,,,,m_boma_c_lows_none_none_lod.nif,,,,,,7|m_boma_w_oblt_rgt_c_lod.nif,,4000.0f,5000.0f,6000.0f,7000.0f,10000.0f,,0,0
3003,Npc,03005.kfm,,,,,m_prid_a_lows_none_none_lod.nif,,,,,,,,2000.0f,3000.0f,4000.0f,5000.0f,8000.0f,,0,1
3004,Npc,03005.kfm,,,,,m_prid_b_lows_none_none_lod.bif,,,,,,,,2000.0f,3000.0f,4000.0f,5000.0f,8000.0f,,0,1
3005,Npc,03005.kfm,,,,,m_prid_c_lows_none_none_lod.nif,,,,,,,,2000.0f,3000.0f,4000.0f,5000.0f,8000.0f,,0,1
3006,Npc,03006.kfm,,,,,m_skla_a_lows_none_none_lod.nif,,,,,,,,2000.0f,3000.0f,4000.0f,5000.0f,8000.0f,,0,0
3007,Npc,03006.kfm,,,,,m_skla_b_lows_none_none_lod.bif,,,,,,,,2000.0f,3000.0f,4000.0f,5000.0f,8000.0f,,0,0
3008,Npc,03006.kfm,,,,,m_skla_c_lows_none_none_lod.nif,,,,,,,,2000.0f,3000.0f,4000.0f,5000.0f,8000.0f,,0,0
3009,Npc,03009.kfm,,,,,m_molf_a_lows_none_none_lod.nif,,,,,,,,2000.0f,3000.0f,4000.0f,5000.0f,8000.0f,,0,0
3010,Npc,03009.kfm,,,,,m_molf_b_lows_none_none_lod.bif,,,,,,,,2000.0f,3000.0f,4000.0f,5000.0f,8000.0f,,0,0
3011,Npc,03009.kfm,,,,,m_molf_c_lows_none_none_lod.nif,,,,,,,,2000.0f,3000.0f,4000.0f,5000.0f,8000.0f,,0,0
3012,Npc,03012.kfm,,,,,m_snoz_a_lows_none_none_lod.nif,,,,,,1|m_snoz_w_pike_all_a_lod.nif,,2000.0f,3000.0f,4000.0f,5000.0f,8000.0f,,0,0
3013,Npc,03012.kfm,,,,,m_snoz_b_lows_none_none_lod.bif,,,,,,1|m_snoz_w_pike_all_b_lod.bif,,2000.0f,3000.0f,4000.0f,5000.0f,8000.0f,,0,0
3014,Npc,03012.kfm,,,,,m_snoz_c_lows_none_none_lod.nif,,,,,,1|m_snoz_w_pike_all_c_lod.nif,,2000.0f,3000.0f,4000.0f,5000.0f,8000.0f,,0,0
3015,Npc,03015.kfm,,,,,m_bhrt_a_lows_none_none_lod.nif,,,,,,,,4000.0f,5000.0f,6000.0f,7000.0f,10000.0f,,0,0
3016,Npc,03015.kfm,,,,,m_bhrt_b_lows_none_none_lod.bif,,,,,,,,4000.0f,5000.0f,6000.0f,7000.0f,10000.0f,,0,0
3017,Npc,03015.kfm,,,,,m_bhrt_c_lows_none_none_lod.nif,,,,,,,,4000.0f,5000.0f,6000.0f,7000.0f,10000.0f,,0,0
3018,Npc,03018.kfm,,,,,m_bles_a_lows_none_none_lod.nif,,,,,,7|m_bles_w_tdag_rgt_a_lod.nif,,4000.0f,5000.0f,6000.0f,7000.0f,10000.0f,,0,0
3019,Npc,03018.kfm,,,,,m_bles_b_lows_none_none_lod.bif,,,,,,7|m_bles_w_tdag_rgt_b_lod.bif,,4000.0f,5000.0f,6000.0f,7000.0f,10000.0f,,0,0
3020,Npc,03018.kfm,,,,,m_bles_c_lows_none_none_lod.nif,,,,,,7|m_bles_w_tdag_rgt_c_lod.bif,,4000.0f,5000.0f,6000.0f,7000.0f,10000.0f,,0,0
3021,Npc,03021.kfm,,,,,m_wfir_a_lows_none_none_lod.nif,,,,,,,,2000.0f,3000.0f,4000.0f,5000.0f,8000.0f,,0,1
3022,Npc,03021.kfm,,,,,m_wfir_b_lows_none_none_lod.bif,,,,,,,,2000.0f,3000.0f,4000.0f,5000.0f,8000.0f,,0,1
3023,Npc,03021.kfm,,,,,m_wfir_c_lows_none_none_lod.nif,,,,,,,,2000.0f,3000.0f,4000.0f,5000.0f,8000.0f,,0,1
3024,Npc,03024.kfm,,,,,m_dlog_a_lows_none_none_lod.nif,,,,,,,,2000.0f,3000.0f,4000.0f,5000.0f,8000.0f,,0,0
3025,Npc,03024.kfm,,,,,m_dlog_b_lows_none_none_lod.bif,,,,,,,,2000.0f,3000.0f,4000.0f,5000.0f,8000.0f,,0,0
3026,Npc,03024.kfm,,,,,m_dlog_c_lows_none_none_lod.nif,,,,,,,,2000.0f,3000.0f,4000.0f,5000.0f,8000.0f,,0,0
3027,Npc,03027.kfm,,,,,m_spur_a_lows_none_none_lod.nif,,,,,,1|m_spur_w_pike_rgt_a_lod.nif,,2000.0f,3000.0f,4000.0f,5000.0f,8000.0f,,0,1
3028,Npc,03027.kfm,,,,,m_spur_b_lows_none_none_lod.bif,,,,,,1|m_spur_w_pike_rgt_b_lod.bif,,2000.0f,3000.0f,4000.0f,5000.0f,8000.0f,,0,1
3029,Npc,03027.kfm,,,,,m_spur_c_lows_none_none_lod.nif,,,,,,1|m_spur_w_pike_rgt_c_lod.bif,,2000.0f,3000.0f,4000.0f,5000.0f,8000.0f,,0,1
3030,Npc,03030.kfm,,,,,m_anta_a_boss_none_none_lod.nif,,,,,,,,4000.0f,5000.0f,6000.0f,7000.0f,10000.0f,,1,0
3039,Npc,03039.kfm,,,,,m_dean_a_lows_none_none_lod.nif,,,,,0|m_dean_w_shld_lft_a_lod.nif,7|m_dean_w_oblt_rgt_a_lod.nif,,2000.0f,3000.0f,4000.0f,5000.0f,8000.0f,,0,0
3040,Npc,03039.kfm,,,,,m_dean_a_lows_none_none_lod.nif,,,,,0|m_dean_w_shld_lft_a_lod.nif,7|m_dean_w_oblt_rgt_a_lod.nif,,2000.0f,3000.0f,4000.0f,5000.0f,8000.0f,,0,0
3041,Npc,03039.kfm,,,,,m_dean_a_lows_none_none_lod.nif,,,,,0|m_dean_w_shld_lft_a_lod.nif,7|m_dean_w_oblt_rgt_a_lod.nif,,2000.0f,3000.0f,4000.0f,5000.0f,8000.0f,,0,0
3042,Npc,03042.kfm,,,,,m_dean_a_lows_none_none_lod.nif,,,,,,8|m_dean_w_oorb_all_a_lod.nif,,2000.0f,3000.0f,4000.0f,5000.0f,8000.0f,,0,0
3043,Npc,03042.kfm,,,,,m_dean_a_lows_none_none_lod.nif,,,,,,8|m_dean_w_oorb_all_a_lod.nif,,2000.0f,3000.0f,4000.0f,5000.0f,8000.0f,,0,0
3044,Npc,03042.kfm,,,,,m_dean_a_lows_none_none_lod.nif,,,,,,8|m_dean_w_oorb_all_a_lod.nif,,2000.0f,3000.0f,4000.0f,5000.0f,8000.0f,,0,0
3045,Npc,03045.kfm,,,,,m_dean_a_lows_none_none_lod.nif,,,,,,2|m_dean_w_tstf_all_a_lod.nif,,2000.0f,3000.0f,4000.0f,5000.0f,8000.0f,,0,0
3046,Npc,03045.kfm,,,,,m_dean_a_lows_none_none_lod.nif,,,,,,2|m_dean_w_tstf_all_a_lod.nif,,2000.0f,3000.0f,4000.0f,5000.0f,8000.0f,,0,0
3047,Npc,03045.kfm,,,,,m_dean_a_lows_none_none_lod.nif,,,,,,2|m_dean_w_tstf_all_a_lod.nif,,2000.0f,3000.0f,4000.0f,5000.0f,8000.0f,,0,0
3048,Npc,03048.kfm,,,,,m_kipr_a_lows_none_none_lod.nif,,,,,,3|m_kipr_w_taxe_all_a_lod.nif,,2000.0f,3000.0f,4000.0f,5000.0f,8000.0f,,1,0
3049,Npc,03048.kfm,,,,,m_kipr_a_lows_none_none_lod.nif,,,,,,3|m_kipr_w_taxe_all_a_lod.nif,,2000.0f,3000.0f,4000.0f,5000.0f,8000.0f,,1,0
3050,Npc,03048.kfm,,,,,m_kipr_a_lows_none_none_lod.nif,,,,,,3|m_kipr_w_taxe_all_a_lod.nif,,2000.0f,3000.0f,4000.0f,5000.0f,8000.0f,,1,0
3051,Npc,03051.kfm,,,,,m_kipr_a_lows_none_none_lod.nif,,,,,7|m_kipr_w_oblt_all_a_lod.nif,7|m_kipr_w_oblt_all_a_lod.nif,,2000.0f,3000.0f,4000.0f,5000.0f,8000.0f,,1,0
3052,Npc,03051.kfm,,,,,m_kipr_a_lows_none_none_lod.nif,,,,,7|m_kipr_w_oblt_all_a_lod.nif,7|m_kipr_w_oblt_all_a_lod.nif,,2000.0f,3000.0f,4000.0f,5000.0f,8000.0f,,1,0
3053,Npc,03051.kfm,,,,,m_kipr_a_lows_none_none_lod.nif,,,,,7|m_kipr_w_oblt_all_a_lod.nif,7|m_kipr_w_oblt_all_a_lod.nif,,2000.0f,3000.0f,4000.0f,5000.0f,8000.0f,,1,0
3054,Npc,03054.kfm,,,,,m_kipr_a_lows_none_none_lod.nif,,,,,,2|m_kipr_w_tstf_all_a_lod.nif,,2000.0f,3000.0f,4000.0f,5000.0f,8000.0f,,1,0
3055,Npc,03054.kfm,,,,,m_kipr_a_lows_none_none_lod.nif,,,,,,2|m_kipr_w_tstf_all_a_lod.nif,,2000.0f,3000.0f,4000.0f,5000.0f,8000.0f,,1,0
3056,Npc,03054.kfm,,,,,m_kipr_a_lows_none_none_lod.nif,,,,,,2|m_kipr_w_tstf_all_a_lod.nif,,2000.0f,3000.0f,4000.0f,5000.0f,8000.0f,,1,0
3057,Npc,03057.kfm,,,,,m_macq_a_lows_none_none_lod.nif,,,,,,3|m_macq_w_taxe_all_a_lod.nif,,2000.0f,3000.0f,4000.0f,5000.0f,8000.0f,,1,0
3058,Npc,03057.kfm,,,,,m_macq_a_lows_none_none_lod.nif,,,,,,3|m_macq_w_taxe_all_a_lod.nif,,2000.0f,3000.0f,4000.0f,5000.0f,8000.0f,,1,0
3059,Npc,03057.kfm,,,,,m_macq_a_lows_none_none_lod.nif,,,,,,3|m_macq_w_taxe_all_a_lod.nif,,2000.0f,3000.0f,4000.0f,5000.0f,8000.0f,,1,0
3060,Npc,03060.kfm,,,,,m_macq_a_lows_none_none_lod.nif,,,,,4|m_macq_w_tbow_all_a_lod.nif,,,2000.0f,3000.0f,4000.0f,5000.0f,8000.0f,,1,0
3061,Npc,03060.kfm,,,,,m_macq_a_lows_none_none_lod.nif,,,,,4|m_macq_w_tbow_all_a_lod.nif,,,2000.0f,3000.0f,4000.0f,5000.0f,8000.0f,,1,0
3062,Npc,03060.kfm,,,,,m_macq_a_lows_none_none_lod.nif,,,,,4|m_macq_w_tbow_all_a_lod.nif,,,2000.0f,3000.0f,4000.0f,5000.0f,8000.0f,,1,0
3063,Npc,03063.kfm,,,,,m_macq_a_lows_none_none_lod.nif,,,,,,2|m_macq_w_tstf_all_a_lod.nif,,2000.0f,3000.0f,4000.0f,5000.0f,8000.0f,,1,0
3064,Npc,03063.kfm,,,,,m_macq_a_lows_none_none_lod.nif,,,,,,2|m_macq_w_tstf_all_a_lod.nif,,2000.0f,3000.0f,4000.0f,5000.0f,8000.0f,,1,0
3065,Npc,03063.kfm,,,,,m_macq_a_lows_none_none_lod.nif,,,,,,2|m_macq_w_tstf_all_a_lod.nif,,2000.0f,3000.0f,4000.0f,5000.0f,8000.0f,,1,0
3066,Npc,03066.kfm,,,,,m_redv_a_lows_none_none_lod.nif,,,,,,10|m_redv_w_oswd_rgt_a_lod.nif,,2000.0f,3000.0f,4000.0f,5000.0f,8000.0f,,1,0
3067,Npc,03066.kfm,,,,,m_redv_a_lows_none_none_lod.nif,,,,,,10|m_redv_w_oswd_rgt_a_lod.nif,,2000.0f,3000.0f,4000.0f,5000.0f,8000.0f,,1,0
3068,Npc,03066.kfm,,,,,m_redv_a_lows_none_none_lod.nif,,,,,,10|m_redv_w_oswd_rgt_a_lod.nif,,2000.0f,3000.0f,4000.0f,5000.0f,8000.0f,,1,0
3069,Npc,03069.kfm,,,,,m_redv_a_lows_none_none_lod.nif,,,,,3|m_redv_w_taxe_all_a_lod.nif,3|m_redv_w_taxe_all_a_lod.nif,,2000.0f,3000.0f,4000.0f,5000.0f,8000.0f,,1,0
3070,Npc,03069.kfm,,,,,m_redv_a_lows_none_none_lod.nif,,,,,3|m_redv_w_taxe_all_a_lod.nif,3|m_redv_w_taxe_all_a_lod.nif,,2000.0f,3000.0f,4000.0f,5000.0f,8000.0f,,1,0
3071,Npc,03069.kfm,,,,,m_redv_a_lows_none_none_lod.nif,,,,,3|m_redv_w_taxe_all_a_lod.nif,3|m_redv_w_taxe_all_a_lod.nif,,2000.0f,3000.0f,4000.0f,5000.0f,8000.0f,,1,0
3072,Npc,03072.kfm,,,,,m_redv_a_lows_none_none_lod.nif,,,,,,2|m_redv_w_tstf_rgt_a_lod.nif,,2000.0f,3000.0f,4000.0f,5000.0f,8000.0f,,1,0
3073,Npc,03072.kfm,,,,,m_redv_a_lows_none_none_lod.nif,,,,,,2|m_redv_w_tstf_rgt_a_lod.nif,,2000.0f,3000.0f,4000.0f,5000.0f,8000.0f,,1,0
3074,Npc,03072.kfm,,,,,m_redv_a_lows_none_none_lod.nif,,,,,,2|m_redv_w_tstf_rgt_a_lod.nif,,2000.0f,3000.0f,4000.0f,5000.0f,8000.0f,,1,0
5000,Npc,05000.kfm,,,,,m_gnon_a_lows_none_none_lod.nif,,,,,,7|m_gnon_w_oblt_rgt_a_lod.nif,,2000.0f,3000.0f,4000.0f,5000.0f,8000.0f,,0,0
5001,Npc,05000.kfm,,,,,m_gnon_b_lows_none_none_lod.bif,,,,,,7|m_gnon_w_oblt_rgt_b_lod.bif,,2000.0f,3000.0f,4000.0f,5000.0f,8000.0f,,0,0
5002,Npc,05000.kfm,,,,,m_gnon_c_lows_none_none_lod.nif,,,,,,7|m_gnon_w_oblt_rgt_c_lod.nif,,2000.0f,3000.0f,4000.0f,5000.0f,8000.0f,,0,0
5003,Npc,05003.kfm,,,,,m_illn_a_lows_none_none_lod.nif,,,,,,10|m_illn_w_oswd_rgt_a_lod.nif,,2000.0f,3000.0f,4000.0f,5000.0f,8000.0f,,0,0
5004,Npc,05003.kfm,,,,,m_illn_b_lows_none_none_lod.bif,,,,,,10|m_illn_w_oswd_rgt_b_lod.bif,,2000.0f,3000.0f,4000.0f,5000.0f,8000.0f,,0,0
5005,Npc,05003.kfm,,,,,m_illn_c_lows_none_none_lod.nif,,,,,,10|m_illn_w_oswd_rgt_c_lod.nif,,2000.0f,3000.0f,4000.0f,5000.0f,8000.0f,,0,0
5006,Npc,05006.kfm,,,,,m_abec_a_lows_none_none_lod.nif,,,,,,10|m_abec_w_oswd_rgt_a_lod.nif,,2000.0f,3000.0f,4000.0f,5000.0f,8000.0f,,0,0
5007,Npc,05006.kfm,,,,,m_abec_b_lows_none_none_lod.bif,,,,,,10|m_abec_w_oswd_rgt_b_lod.bif,,2000.0f,3000.0f,4000.0f,5000.0f,8000.0f,,0,0
5008,Npc,05006.kfm,,,,,m_abec_c_lows_none_none_lod.nif,,,,,,10|m_abec_w_oswd_rgt_c_lod.bif,,2000.0f,3000.0f,4000.0f,5000.0f,8000.0f,,0,0
5009,Npc,05009.kfm,,,,,m_barl_a_lows_none_none_lod.nif,,,,,,,,2000.0f,3000.0f,4000.0f,5000.0f,8000.0f,,0,0
5010,Npc,05009.kfm,,,,,m_barl_b_lows_none_none_lod.bif,,,,,,,,2000.0f,3000.0f,4000.0f,5000.0f,8000.0f,,0,0
5011,Npc,05009.kfm,,,,,m_barl_c_lows_none_none_lod.nif,,,,,,,,2000.0f,3000.0f,4000.0f,5000.0f,8000.0f,,0,0
5012,Npc,05012.kfm,,,,,m_entr_a_lows_none_none_lod.nif,,,,,,,,2000.0f,3000.0f,4000.0f,5000.0f,8000.0f,,1,0
5013,Npc,05012.kfm,,,,,m_entr_b_lows_none_none_lod.bif,,,,,,,,2000.0f,3000.0f,4000.0f,5000.0f,8000.0f,,1,0
5014,Npc,05012.kfm,,,,,m_entr_c_lows_none_none_lod.nif,,,,,,,,2000.0f,3000.0f,4000.0f,5000.0f,8000.0f,,1,0
5015,Npc,05015.kfm,,,,,m_hmas_a_lows_none_none_lod.nif,,,,,,3|m_hmas_w_taxe_rgt_a_lod.nif,,2000.0f,3000.0f,4000.0f,5000.0f,8000.0f,,0,0
5016,Npc,05015.kfm,,,,,m_hmas_b_lows_none_none_lod.bif,,,,,,3|m_hmas_w_taxe_rgt_b_lod.bif,,2000.0f,3000.0f,4000.0f,5000.0f,8000.0f,,0,0
5017,Npc,05015.kfm,,,,,m_hmas_c_lows_none_none_lod.nif,,,,,,3|m_hmas_w_taxe_rgt_c_lod.nif,,2000.0f,3000.0f,4000.0f,5000.0f,8000.0f,,0,0
5018,Npc,05018.kfm,,,,,m_bldm_a_lows_none_none_lod.nif,,,,,,,,2000.0f,3000.0f,4000.0f,5000.0f,8000.0f,,0,1
5019,Npc,05018.kfm,,,,,m_bldm_b_lows_none_none_lod.bif,,,,,,,,2000.0f,3000.0f,4000.0f,5000.0f,8000.0f,,0,1
5020,Npc,05018.kfm,,,,,m_bldm_c_lows_none_none_lod.nif,,,,,,,,2000.0f,3000.0f,4000.0f,5000.0f,8000.0f,,0,1
5021,Npc,05021.kfm,,,,,m_spst_a_lows_none_none_lod.nif,,,,,,,,2000.0f,3000.0f,4000.0f,5000.0f,8000.0f,,0,1
5022,Npc,05021.kfm,,,,,m_spst_b_lows_none_none_lod.bif,,,,,,,,2000.0f,3000.0f,4000.0f,5000.0f,8000.0f,,0,1
5023,Npc,05021.kfm,,,,,m_spst_c_lows_none_none_lod.bif,,,,,,,,2000.0f,3000.0f,4000.0f,5000.0f,8000.0f,,0,1
5024,Npc,05024.kfm,,,,,m_mrum_a_lows_none_none_lod.nif,,,,,,,,2000.0f,3000.0f,4000.0f,5000.0f,8000.0f,,0,1
5025,Npc,05024.kfm,,,,,m_mrum_b_lows_none_none_lod.bif,,,,,,,,2000.0f,3000.0f,4000.0f,5000.0f,8000.0f,,0,1
5026,Npc,05024.kfm,,,,,m_mrum_c_lows_none_none_lod.bif,,,,,,,,2000.0f,3000.0f,4000.0f,5000.0f,8000.0f,,0,1
5027,Npc,05027.kfm,,,,,m_galb_a_lows_none_none_lod.nif,,,,,,,,2000.0f,3000.0f,4000.0f,5000.0f,8000.0f,,0,1
5028,Npc,05027.kfm,,,,,m_galb_b_lows_none_none_lod.bif,,,,,,,,2000.0f,3000.0f,4000.0f,5000.0f,8000.0f,,0,1
5029,Npc,05027.kfm,,,,,m_galb_c_lows_none_none_lod.nif,,,,,,,,2000.0f,3000.0f,4000.0f,5000.0f,8000.0f,,0,1
5030,Npc,05032.kfm,,,,,m_ndos_a_lows_none_none_lod.nif,,,,,,1|m_ndos_w_pike_rgt_a_lod.nif,,2000.0f,3000.0f,4000.0f,5000.0f,8000.0f,,0,0
5031,Npc,05032.kfm,,,,,m_ndos_b_lows_none_none_lod.bif,,,,,,1|m_ndos_w_pike_rgt_b_lod.bif,,2000.0f,3000.0f,4000.0f,5000.0f,8000.0f,,0,0
5032,Npc,05032.kfm,,,,,m_ndos_c_lows_none_none_lod.nif,,,,,,1|m_ndos_w_pike_rgt_c_lod.bif,,2000.0f,3000.0f,4000.0f,5000.0f,8000.0f,,0,0
5033,Npc,05033.kfm,,,,,m_thie_a_lows_none_none_lod.nif,,,,,0|m_wood_w_shld_lft_a_lod.nif,10|m_wood_w_oswd_rgt_a_lod.nif,,2000.0f,3000.0f,4000.0f,5000.0f,8000.0f,,0,0
5034,Npc,05033.kfm,,,,,m_thie_b_lows_none_none_lod.bif,,,,,0|m_wood_w_shld_lft_a_lod.nif,10|m_wood_w_oswd_rgt_a_lod.nif,,2000.0f,3000.0f,4000.0f,5000.0f,8000.0f,,0,0
5035,Npc,05033.kfm,,,,,m_thie_c_lows_none_none_lod.nif,,,,,0|m_iron_w_shld_lft_a_lod.nif,10|m_iron_w_oswd_rgt_a_lod.nif,,2000.0f,3000.0f,4000.0f,5000.0f,8000.0f,,0,0
5036,Npc,05036.kfm,,,,,m_thie_a_lows_none_none_lod.nif,,,,,,12|p_w_tarb_00_all_lod.nif,,2000.0f,3000.0f,4000.0f,5000.0f,8000.0f,,0,0
5037,Npc,05036.kfm,,,,,m_thie_b_lows_none_none_lod.bif,,,,,,12|p_w_tarb_00_all_lod.nif,,2000.0f,3000.0f,4000.0f,5000.0f,8000.0f,,0,0
5038,Npc,05036.kfm,,,,,m_thie_c_lows_none_none_lod.nif,,,,,,12|p_w_tarb_01_all_lod.nif,,2000.0f,3000.0f,4000.0f,5000.0f,8000.0f,,0,0
5039,Npc,05039.kfm,,,,,m_band_a_lows_none_none_lod.nif,,,,,3|p_w_taxe_00_all_lod.nif,,,2000.0f,3000.0f,4000.0f,5000.0f,8000.0f,,0,0
5040,Npc,05039.kfm,,,,,m_band_b_lows_none_none_lod.bif,,,,,3|p_w_taxe_00_all_lod.nif,,,2000.0f,3000.0f,4000.0f,5000.0f,8000.0f,,0,0
5041,Npc,05039.kfm,,,,,m_band_c_lows_none_none_lod.nif,,,,,3|p_w_taxe_01_all_lod.nif,,,2000.0f,3000.0f,4000.0f,5000.0f,8000.0f,,0,0
5042,Npc,05042.kfm,,,,,m_band_a_lows_none_none_lod.nif,,,,,4|m_lefu_w_tbow_all_a_lod.nif,,,2000.0f,3000.0f,4000.0f,5000.0f,8000.0f,,0,0
5043,Npc,05042.kfm,,,,,m_band_b_lows_none_none_lod.bif,,,,,4|m_lefu_w_tbow_all_a_lod.nif,,,2000.0f,3000.0f,4000.0f,5000.0f,8000.0f,,0,0
5044,Npc,05042.kfm,,,,,m_band_c_lows_none_none_lod.nif,,,,,4|m_iron_w_tbow_all_a_lod.nif,,,2000.0f,3000.0f,4000.0f,5000.0f,8000.0f,,0,0
5045,Npc,05045.kfm,,,,,m_necr_a_lows_none_none_lod.nif,,,,,,,,4000.0f,5000.0f,6000.0f,7000.0f,10000.0f,,0,1
5046,Npc,05045.kfm,,,,,m_necr_b_lows_none_none_lod.bif,,,,,,,,4000.0f,5000.0f,6000.0f,7000.0f,10000.0f,,0,1
5047,Npc,05045.kfm,,,,,m_necr_c_lows_none_none_lod.nif,,,,,,,,4000.0f,5000.0f,6000.0f,7000.0f,10000.0f,,0,1
5048,Npc,05048.kfm,,,,,m_bull_a_lows_none_none_lod.nif,,,,,,,,2000.0f,3000.0f,4000.0f,5000.0f,8000.0f,,0,1
5049,Npc,05048.kfm,,,,,m_bull_b_lows_none_none_lod.bif,,,,,,,,2000.0f,3000.0f,4000.0f,5000.0f,8000.0f,,0,1
5050,Npc,05048.kfm,,,,,m_bull_c_lows_none_none_lod.nif,,,,,,,,2000.0f,3000.0f,4000.0f,5000.0f,8000.0f,,0,1
5051,Npc,05051.kfm,,,,,m_deat_a_lows_none_none_lod.nif,,,,,,,,2000.0f,3000.0f,4000.0f,5000.0f,8000.0f,,0,1
5052,Npc,05051.kfm,,,,,m_deat_b_lows_none_none_lod.bif,,,,,,,,2000.0f,3000.0f,4000.0f,5000.0f,8000.0f,,0,1
5053,Npc,05051.kfm,,,,,m_deat_c_lows_none_none_lod.nif,,,,,,,,2000.0f,3000.0f,4000.0f,5000.0f,8000.0f,,0,1
5054,Npc,05054.kfm,,,,,m_cent_a_lows_none_none_lod.nif,,,,,,,,2000.0f,3000.0f,4000.0f,5000.0f,8000.0f,,0,1
5055,Npc,05054.kfm,,,,,m_cent_b_lows_none_none_lod.bif,,,,,,,,2000.0f,3000.0f,4000.0f,5000.0f,8000.0f,,0,1
5056,Npc,05054.kfm,,,,,m_cent_c_lows_none_none_lod.bif,,,,,,,,2000.0f,3000.0f,4000.0f,5000.0f,8000.0f,,0,1
5063,Npc,05063.kfm,,,,,m_vass_a_lows_none_none_lod.nif,,,,,,,,2000.0f,3000.0f,4000.0f,5000.0f,8000.0f,,0,1
5064,Npc,05063.kfm,,,,,m_vass_b_lows_none_none_lod.bif,,,,,,,,2000.0f,3000.0f,4000.0f,5000.0f,8000.0f,,0,1
5065,Npc,05063.kfm,,,,,m_vass_c_lows_none_none_lod.nif,,,,,,,,2000.0f,3000.0f,4000.0f,5000.0f,8000.0f,,0,1
5066,Npc,05066.kfm,,,,,m_volf_a_lows_none_none_lod.nif,,,,,,,,2000.0f,3000.0f,4000.0f,5000.0f,8000.0f,,0,1
5067,Npc,05066.kfm,,,,,m_volf_b_lows_none_none_lod.bif,,,,,,,,2000.0f,3000.0f,4000.0f,5000.0f,8000.0f,,0,1
5068,Npc,05066.kfm,,,,,m_volf_c_lows_none_none_lod.nif,,,,,,,,2000.0f,3000.0f,4000.0f,5000.0f,8000.0f,,0,1
5069,Npc,05069.kfm,,,,,m_bayn_a_lows_none_none_lod.nif,,,,,,,,4000.0f,5000.0f,6000.0f,7000.0f,10000.0f,,0,1
5070,Npc,05069.kfm,,,,,m_bayn_b_lows_none_none_lod.bif,,,,,,,,4000.0f,5000.0f,6000.0f,7000.0f,10000.0f,,0,1
5071,Npc,05069.kfm,,,,,m_bayn_c_lows_none_none_lod.nif,,,,,,,,4000.0f,5000.0f,6000.0f,7000.0f,10000.0f,,0,1
7000,Npc,07000.kfm,,,,,m_rgol_a_lows_none_none_lod.nif,,,,,,,,4000.0f,5000.0f,6000.0f,7000.0f,10000.0f,,1,0
7001,Npc,07000.kfm,,,,,m_rgol_b_lows_none_none_lod.bif,,,,,,,,4000.0f,5000.0f,6000.0f,7000.0f,10000.0f,,1,0
7002,Npc,07000.kfm,,,,,m_rgol_c_lows_none_none_lod.nif,,,,,,,,4000.0f,5000.0f,6000.0f,7000.0f,10000.0f,,1,0
7003,Npc,07003.kfm,,,,,m_gble_a_lows_none_none_lod.nif,,,,,,7|m_lefu_w_oblt_rgt_a_lod.nif,,2000.0f,3000.0f,4000.0f,5000.0f,8000.0f,,0,0
7004,Npc,07004.kfm,,,,,m_gble_b_lows_none_none_lod.nif,,,,,4|m_lefu_w_tbow_all_a_lod.nif,,,2000.0f,3000.0f,4000.0f,5000.0f,8000.0f,,0,0
7005,Npc,07005.kfm,,,,,m_gble_c_lows_none_none_lod.nif,,,,,,2|m_lefu_w_tstf_all_a_lod.nif,,2000.0f,3000.0f,4000.0f,5000.0f,8000.0f,,0,0
7006,Npc,07006.kfm,,,,,m_trle_a_lows_none_none_lod.nif,,,,,,7|m_lefu_w_oblt_rgt_a_lod.nif,,2000.0f,3000.0f,4000.0f,5000.0f,8000.0f,,0,0
7007,Npc,07007.kfm,,,,,m_trle_b_lows_none_none_lod.nif,,,,,,,,2000.0f,3000.0f,4000.0f,5000.0f,8000.0f,,0,0
7008,Npc,07008.kfm,,,,,m_trle_c_lows_none_none_lod.nif,,,,,,2|m_lefu_w_tstf_all_a_lod.nif,,2000.0f,3000.0f,4000.0f,5000.0f,8000.0f,,0,0
7009,Npc,07009.kfm,,,,,m_zomb_a_lows_none_none_lod.nif,,,,,,,,2000.0f,3000.0f,4000.0f,5000.0f,8000.0f,,0,0
7010,Npc,07009.kfm,,,,,m_zomb_b_lows_none_none_lod.bif,,,,,,,,2000.0f,3000.0f,4000.0f,5000.0f,8000.0f,,0,0
7011,Npc,07009.kfm,,,,,m_zomb_c_lows_none_none_lod.nif,,,,,,,,2000.0f,3000.0f,4000.0f,5000.0f,8000.0f,,0,0
7012,Npc,07012.kfm,,,,,m_trfd_a_lows_none_none_lod.nif,,,,,,,,2000.0f,3000.0f,4000.0f,5000.0f,8000.0f,,0,1
7013,Npc,07012.kfm,,,,,m_trfd_b_lows_none_none_lod.bif,,,,,,,,2000.0f,3000.0f,4000.0f,5000.0f,8000.0f,,0,1
7014,Npc,07012.kfm,,,,,m_trfd_c_lows_none_none_lod.nif,,,,,,,,2000.0f,3000.0f,4000.0f,5000.0f,8000.0f,,0,1
7015,Npc,07015.kfm,,,,,m_ggyl_a_lows_none_none_lod.nif,,,,,,,,2000.0f,3000.0f,4000.0f,5000.0f,8000.0f,,0,0
7016,Npc,07015.kfm,,,,,m_ggyl_b_lows_none_none_lod.bif,,,,,,,,2000.0f,3000.0f,4000.0f,5000.0f,8000.0f,,0,0
7017,Npc,07015.kfm,,,,,m_ggyl_c_lows_none_none_lod.nif,,,,,,,,2000.0f,3000.0f,4000.0f,5000.0f,8000.0f,,0,0
7018,Npc,07018.kfm,,,,,m_cmra_a_lows_none_none_lod.nif,,,,,,,,2000.0f,3000.0f,4000.0f,5000.0f,8000.0f,,0,1
7019,Npc,07018.kfm,,,,,m_cmra_b_lows_none_none_lod.bif,,,,,,,,2000.0f,3000.0f,4000.0f,5000.0f,8000.0f,,0,1
7020,Npc,07018.kfm,,,,,m_cmra_c_lows_none_none_lod.bif,,,,,,,,2000.0f,3000.0f,4000.0f,5000.0f,8000.0f,,0,1
7021,Npc,07021.kfm,,,,,m_hrpy_a_lows_none_none_lod.nif,,,,,7|m_hrpy_w_harp_rgt_a_lod.nif,,,2000.0f,3000.0f,4000.0f,5000.0f,8000.0f,,0,0
7022,Npc,07021.kfm,,,,,m_hrpy_b_lows_none_none_lod.bif,,,,,7|m_hrpy_w_harp_rgt_b_lod.bif,,,2000.0f,3000.0f,4000.0f,5000.0f,8000.0f,,0,0
7023,Npc,07021.kfm,,,,,m_hrpy_c_lows_none_none_lod.bif,,,,,7|m_hrpy_w_harp_rgt_c_lod.bif,,,2000.0f,3000.0f,4000.0f,5000.0f,8000.0f,,0,0
7024,Npc,07024.kfm,,,,,m_yeti_a_lows_none_none_lod.nif,,,,,,,,2000.0f,3000.0f,4000.0f,5000.0f,8000.0f,,0,0
7025,Npc,07024.kfm,,,,,m_yeti_b_lows_none_none_lod.bif,,,,,,,,2000.0f,3000.0f,4000.0f,5000.0f,8000.0f,,0,0
7026,Npc,07024.kfm,,,,,m_yeti_c_lows_none_none_lod.nif,,,,,,,,2000.0f,3000.0f,4000.0f,5000.0f,8000.0f,,0,0
7027,Npc,07042.kfm,,,,,m_curs_a_lows_none_none_lod.nif,,,,,0|m_wood_w_shld_lft_a_lod.nif,1|m_wood_w_pike_all_a_lod.nif,,2000.0f,3000.0f,4000.0f,5000.0f,8000.0f,,0,1
7028,Npc,07043.kfm,,,,,m_curs_b_lows_none_none_lod.nif,,,,,4|m_wood_w_tbow_all_a_lod.nif,,,2000.0f,3000.0f,4000.0f,5000.0f,8000.0f,,0,1
7029,Npc,07044.kfm,,,,,m_curs_c_lows_none_none_lod.nif,,,,,,2|m_wood_w_tstf_all_a_lod.nif,,2000.0f,3000.0f,4000.0f,5000.0f,8000.0f,,0,1
7030,Npc,07003.kfm,,,,,m_gbln_a_lows_none_none_lod.nif,,,,,,7|m_wood_w_oblt_rgt_a_lod.nif,,2000.0f,3000.0f,4000.0f,5000.0f,8000.0f,,0,0
7031,Npc,07004.kfm,,,,,m_gbln_b_lows_none_none_lod.nif,,,,,4|m_wood_w_tbow_all_a_lod.nif,,,2000.0f,3000.0f,4000.0f,5000.0f,8000.0f,,0,0
7032,Npc,07005.kfm,,,,,m_gbln_c_lows_none_none_lod.nif,,,,,,2|m_wood_w_tstf_all_a_lod.nif,,2000.0f,3000.0f,4000.0f,5000.0f,8000.0f,,0,0
7033,Npc,07003.kfm,,,,,m_gbir_a_lows_none_none_lod.nif,,,,,,7|m_iron_w_oblt_rgt_a_lod.nif,,2000.0f,3000.0f,4000.0f,5000.0f,8000.0f,,0,0
7034,Npc,07004.kfm,,,,,m_gbir_b_lows_none_none_lod.nif,,,,,4|m_iron_w_tbow_all_a_lod.nif,,,2000.0f,3000.0f,4000.0f,5000.0f,8000.0f,,0,0
7035,Npc,07005.kfm,,,,,m_gbir_c_lows_none_none_lod.nif,,,,,,2|m_iron_w_tstf_all_a_lod.nif,,2000.0f,3000.0f,4000.0f,5000.0f,8000.0f,,0,0
7036,Npc,07006.kfm,,,,,m_trol_a_lows_none_none_lod.nif,,,,,,7|m_wood_w_oblt_rgt_a_lod.nif,,2000.0f,3000.0f,4000.0f,5000.0f,8000.0f,,0,0
7037,Npc,07007.kfm,,,,,m_trol_a_lows_none_none_lod.nif,,,,,,,,2000.0f,3000.0f,4000.0f,5000.0f,8000.0f,,0,0
7038,Npc,07008.kfm,,,,,m_trol_a_lows_none_none_lod.nif,,,,,,2|m_wood_w_tstf_all_a_lod.nif,,2000.0f,3000.0f,4000.0f,5000.0f,8000.0f,,0,0
7039,Npc,07006.kfm,,,,,m_trir_a_lows_none_none_lod.nif,,,,,,7|m_iron_w_oblt_rgt_a_lod.nif,,2000.0f,3000.0f,4000.0f,5000.0f,8000.0f,,0,0
7040,Npc,07007.kfm,,,,,m_trir_b_lows_none_none_lod.nif,,,,,,,,2000.0f,3000.0f,4000.0f,5000.0f,8000.0f,,0,0
7041,Npc,07008.kfm,,,,,m_trir_c_lows_none_none_lod.nif,,,,,,2|m_iron_w_tstf_all_a_lod.nif,,2000.0f,3000.0f,4000.0f,5000.0f,8000.0f,,0,0
7042,Npc,07042.kfm,,,,,m_cule_a_lows_none_none_lod.nif,,,,,0|m_lefu_w_shld_lft_a_lod.nif,1|m_lefu_w_pike_all_a_lod.nif,,2000.0f,3000.0f,4000.0f,5000.0f,8000.0f,,0,1
7043,Npc,07043.kfm,,,,,m_cule_b_lows_none_none_lod.nif,,,,,4|m_lefu_w_tbow_all_a_lod.nif,,,2000.0f,3000.0f,4000.0f,5000.0f,8000.0f,,0,1
7044,Npc,07044.kfm,,,,,m_cule_c_lows_none_none_lod.nif,,,,,,2|m_lefu_w_tstf_all_a_lod.nif,,2000.0f,3000.0f,4000.0f,5000.0f,8000.0f,,0,1
7045,Npc,07042.kfm,,,,,m_cuir_a_lows_none_none_lod.nif,,,,,0|m_iron_w_shld_lft_a_lod.nif,1|m_iron_w_pike_all_a_lod.nif,,2000.0f,3000.0f,4000.0f,5000.0f,8000.0f,,0,1
7046,Npc,07043.kfm,,,,,m_cuir_b_lows_none_none_lod.nif,,,,,4|m_iron_w_tbow_all_a_lod.nif,,,2000.0f,3000.0f,4000.0f,5000.0f,8000.0f,,0,1
7047,Npc,07044.kfm,,,,,m_cuir_c_lows_none_none_lod.nif,,,,,,2|m_iron_w_tstf_all_a_lod.nif,,2000.0f,3000.0f,4000.0f,5000.0f,8000.0f,,0,1
7048,Npc,07048.kfm,,,,,m_grnd_a_lows_none_none_lod.nif,,,,,0|m_wood_w_shld_lft_a_lod.nif,7|m_wood_w_oblt_rgt_a_lod.nif,,2000.0f,3000.0f,4000.0f,5000.0f,8000.0f,,0,0
7049,Npc,07049.kfm,,,,,m_grnd_b_lows_none_none_lod.nif,,,,,4|m_wood_w_tbow_all_a_lod.nif,,,2000.0f,3000.0f,4000.0f,5000.0f,8000.0f,,0,0
7050,Npc,07050.kfm,,,,,m_grnd_c_lows_none_none_lod.nif,,,,,,2|m_wood_w_tstf_all_a_lod.nif,,2000.0f,3000.0f,4000.0f,5000.0f,8000.0f,,0,0
7051,Npc,07048.kfm,,,,,m_grle_a_lows_none_none_lod.nif,,,,,0|m_lefu_w_shld_lft_a_lod.nif,7|m_lefu_w_oblt_rgt_a_lod.nif,,2000.0f,3000.0f,4000.0f,5000.0f,8000.0f,,0,0
7052,Npc,07049.kfm,,,,,m_grle_b_lows_none_none_lod.nif,,,,,4|m_lefu_w_tbow_all_a_lod.nif,,,2000.0f,3000.0f,4000.0f,5000.0f,8000.0f,,0,0
7053,Npc,07050.kfm,,,,,m_grle_c_lows_none_none_lod.nif,,,,,,2|m_lefu_w_tstf_all_a_lod.nif,,2000.0f,3000.0f,4000.0f,5000.0f,8000.0f,,0,0
7054,Npc,07048.kfm,,,,,m_grir_a_lows_none_none_lod.nif,,,,,0|m_iron_w_shld_lft_a_lod.nif,7|m_iron_w_oblt_rgt_a_lod.nif,,2000.0f,3000.0f,4000.0f,5000.0f,8000.0f,,0,0
7055,Npc,07049.kfm,,,,,m_grir_b_lows_none_none_lod.nif,,,,,4|m_iron_w_tbow_all_a_lod.nif,,,2000.0f,3000.0f,4000.0f,5000.0f,8000.0f,,0,0
7056,Npc,07050.kfm,,,,,m_grir_c_lows_none_none_lod.nif,,,,,,2|m_iron_w_tstf_all_a_lod.nif,,2000.0f,3000.0f,4000.0f,5000.0f,8000.0f,,0,0
7057,Npc,07042.kfm,,,,,m_cuun_a_lows_none_none_lod.nif,,,,,0|m_unde_w_shld_all_a_lod.nif,1|m_iron_w_pike_all_a_lod.nif,,2000.0f,3000.0f,4000.0f,5000.0f,8000.0f,,0,1
7058,Npc,07043.kfm,,,,,m_cuun_b_lows_none_none_lod.nif,,,,,4|m_unde_w_tbow_all_a_lod.nif,,,2000.0f,3000.0f,4000.0f,5000.0f,8000.0f,,0,1
7059,Npc,07044.kfm,,,,,m_cuun_c_lows_none_none_lod.nif,,,,,,2|m_unde_w_tstf_all_a_lod.nif,,2000.0f,3000.0f,4000.0f,5000.0f,8000.0f,,0,1
7060,Npc,07048.kfm,,,,,m_grun_a_lows_none_none_lod.nif,,,,,0|m_unde_w_shld_all_a_lod.nif,7|m_iron_w_oblt_rgt_a_lod.nif,,2000.0f,3000.0f,4000.0f,5000.0f,8000.0f,,0,0
7061,Npc,07049.kfm,,,,,m_grun_b_lows_none_none_lod.nif,,,,,4|m_unde_w_tbow_all_a_lod.nif,,,2000.0f,3000.0f,4000.0f,5000.0f,8000.0f,,0,0
7062,Npc,07050.kfm,,,,,m_grun_c_lows_none_none_lod.nif,,,,,,2|m_unde_w_tstf_all_a_lod.nif,,2000.0f,3000.0f,4000.0f,5000.0f,8000.0f,,0,0
7063,Npc,07063.kfm,,,,,m_kkni_a_lows_none_none_lod.nif,,,,,4|m_iron_w_tbow_all_a_lod.nif,,,2000.0f,3000.0f,4000.0f,5000.0f,8000.0f,,0,0
7064,Npc,07063.kfm,,,,,m_kkni_b_lows_none_none_lod.bif,,,,,4|m_iron_w_tbow_all_a_lod.nif,,,2000.0f,3000.0f,4000.0f,5000.0f,8000.0f,,0,0
7065,Npc,07063.kfm,,,,,m_kkni_c_lows_none_none_lod.nif,,,,,4|m_iron_w_tbow_all_a_lod.nif,,,2000.0f,3000.0f,4000.0f,5000.0f,8000.0f,,0,0
7066,Npc,07003.kfm,,,,,m_gbun_a_lows_none_none_lod.nif,,,,,,7|m_unde_w_oblt_all_a_lod.nif,,2000.0f,3000.0f,4000.0f,5000.0f,8000.0f,,0,0
7067,Npc,07004.kfm,,,,,m_gbun_b_lows_none_none_lod.nif,,,,,4|m_unde_w_tbow_all_a_lod.nif,,,2000.0f,3000.0f,4000.0f,5000.0f,8000.0f,,0,0
7068,Npc,07005.kfm,,,,,m_gbun_c_lows_none_none_lod.nif,,,,,,2|m_unde_w_tstf_all_a_lod.nif,,2000.0f,3000.0f,4000.0f,5000.0f,8000.0f,,0,0
7070,Npc,07070.kfm,,,,,m_skel_a_lows_none_none_lod.nif,,,,,0|m_wood_w_shld_lft_a_lod.nif,10|m_wood_w_oswd_rgt_a_lod.nif,,2000.0f,3000.0f,4000.0f,5000.0f,8000.0f,,1,0
7071,Npc,07071.kfm,,,,,m_skel_b_lows_none_none_lod.nif,,,,,4|m_wood_w_tbow_all_a_lod.nif,,,2000.0f,3000.0f,4000.0f,5000.0f,8000.0f,,1,0
7072,Npc,07072.kfm,,,,,m_skel_c_lows_none_none_lod.nif,,,,,,2|m_wood_w_tstf_all_a_lod.nif,,2000.0f,3000.0f,4000.0f,5000.0f,8000.0f,,1,0
7073,Npc,07070.kfm,,,,,m_skle_a_lows_none_none_lod.nif,,,,,0|m_lefu_w_shld_lft_a_lod.nif,10|m_lefu_w_oswd_rgt_a_lod.nif,,2000.0f,3000.0f,4000.0f,5000.0f,8000.0f,,1,0
7074,Npc,07071.kfm,,,,,m_skle_b_lows_none_none_lod.nif,,,,,4|m_lefu_w_tbow_all_a_lod.nif,,,2000.0f,3000.0f,4000.0f,5000.0f,8000.0f,,1,0
7075,Npc,07072.kfm,,,,,m_skle_c_lows_none_none_lod.nif,,,,,,2|m_lefu_w_tstf_all_a_lod.nif,,2000.0f,3000.0f,4000.0f,5000.0f,8000.0f,,1,0
7076,Npc,07070.kfm,,,,,m_skir_a_lows_none_none_lod.nif,,,,,0|m_iron_w_shld_lft_a_lod.nif,10|m_iron_w_oswd_rgt_a_lod.nif,,2000.0f,3000.0f,4000.0f,5000.0f,8000.0f,,1,0
7077,Npc,07071.kfm,,,,,m_skir_b_lows_none_none_lod.nif,,,,,4|m_iron_w_tbow_all_a_lod.nif,,,2000.0f,3000.0f,4000.0f,5000.0f,8000.0f,,1,0
7078,Npc,07072.kfm,,,,,m_skir_c_lows_none_none_lod.nif,,,,,,2|m_iron_w_tstf_all_a_lod.nif,,2000.0f,3000.0f,4000.0f,5000.0f,8000.0f,,1,0
7079,Npc,07079.kfm,,,,,m_mari_a_lows_none_none_lod.nif,,,,,10|m_wood_w_oswd_rgt_a_lod.nif,10|m_wood_w_oswd_rgt_a_lod.nif,,2000.0f,3000.0f,4000.0f,5000.0f,8000.0f,,0,1
7080,Npc,07080.kfm,,,,,m_mari_a_lows_none_none_lod.nif,,,,,4|m_wood_w_tbow_all_a_lod.nif,,,2000.0f,3000.0f,4000.0f,5000.0f,8000.0f,,0,1
7081,Npc,07081.kfm,,,,,m_mari_a_lows_none_none_lod.nif,,,,,2|m_wood_w_tstf_all_a_lod.nif,2|m_wood_w_tstf_all_a_lod.nif,,2000.0f,3000.0f,4000.0f,5000.0f,8000.0f,,0,1
7082,Npc,07079.kfm,,,,,m_male_a_lows_none_none_lod.nif,,,,,10|m_lefu_w_oswd_rgt_a_lod.nif,10|m_lefu_w_oswd_rgt_a_lod.nif,,2000.0f,3000.0f,4000.0f,5000.0f,8000.0f,,0,1
7083,Npc,07080.kfm,,,,,m_male_b_lows_none_none_lod.nif,,,,,4|m_lefu_w_tbow_all_a_lod.nif,,,2000.0f,3000.0f,4000.0f,5000.0f,8000.0f,,0,1
7084,Npc,07081.kfm,,,,,m_male_c_lows_none_none_lod.nif,,,,,2|m_lefu_w_tstf_all_a_lod.nif,2|m_lefu_w_tstf_all_a_lod.nif,,2000.0f,3000.0f,4000.0f,5000.0f,8000.0f,,0,1
7085,Npc,07079.kfm,,,,,m_mair_a_lows_none_none_lod.nif,,,,,10|m_iron_w_oswd_rgt_a_lod.nif,10|m_iron_w_oswd_rgt_a_lod.nif,,2000.0f,3000.0f,4000.0f,5000.0f,8000.0f,,0,1
7086,Npc,07080.kfm,,,,,m_mair_b_lows_none_none_lod.nif,,,,,4|m_iron_w_tbow_all_a_lod.nif,,,2000.0f,3000.0f,4000.0f,5000.0f,8000.0f,,0,1
7087,Npc,07081.kfm,,,,,m_mair_c_lows_none_none_lod.nif,,,,,2|m_iron_w_tstf_all_a_lod.nif,2|m_iron_w_tstf_all_a_lod.nif,,2000.0f,3000.0f,4000.0f,5000.0f,8000.0f,,0,1
7088,Npc,00106.kfm,,,,,m_ghug_a_lows_none_none_lod.bif,,,,,,,,2000.0f,3000.0f,4000.0f,5000.0f,8000.0f,,0,0
7089,Npc,00107.kfm,,,,,m_ghug_b_lows_none_none_lod.bif,,,,,,,,2000.0f,3000.0f,4000.0f,5000.0f,8000.0f,,0,0
7090,Npc,00108.kfm,,,,,m_ghug_c_lows_none_none_lod.bif,,,,,,,,2000.0f,3000.0f,4000.0f,5000.0f,8000.0f,,0,0
7127,Npc,07006.kfm,,,,,m_trun_a_lows_none_none_lod.nif,,,,,,7|m_unde_w_oblt_all_a_lod.nif,,2000.0f,3000.0f,4000.0f,5000.0f,8000.0f,,0,0
7128,Npc,07007.kfm,,,,,m_trun_b_lows_none_none_lod.nif,,,,,,,,2000.0f,3000.0f,4000.0f,5000.0f,8000.0f,,0,0
7129,Npc,07008.kfm,,,,,m_trun_c_lows_none_none_lod.nif,,,,,,2|m_unde_w_tstf_all_a_lod.nif,,2000.0f,3000.0f,4000.0f,5000.0f,8000.0f,,0,0
7130,Npc,07070.kfm,,,,,m_skun_a_lows_none_none_lod.nif,,,,,0|m_unde_w_shld_all_a_lod.nif,10|m_iron_w_oswd_rgt_a_lod.nif,,2000.0f,3000.0f,4000.0f,5000.0f,8000.0f,,1,0
7131,Npc,07071.kfm,,,,,m_skun_b_lows_none_none_lod.nif,,,,,4|m_unde_w_tbow_all_a_lod.nif,,,2000.0f,3000.0f,4000.0f,5000.0f,8000.0f,,1,0
7132,Npc,07072.kfm,,,,,m_skun_c_lows_none_none_lod.nif,,,,,,2|m_unde_w_tstf_all_a_lod.nif,,2000.0f,3000.0f,4000.0f,5000.0f,8000.0f,,1,0
7133,Npc,07079.kfm,,,,,m_maun_a_lows_none_none_lod.nif,,,,,10|m_iron_w_oswd_rgt_a_lod.nif,10|m_iron_w_oswd_rgt_a_lod.nif,,2000.0f,3000.0f,4000.0f,5000.0f,8000.0f,,0,1
7134,Npc,07080.kfm,,,,,m_maun_b_lows_none_none_lod.nif,,,,,4|m_unde_w_tbow_all_a_lod.nif,,,2000.0f,3000.0f,4000.0f,5000.0f,8000.0f,,0,1
7135,Npc,07081.kfm,,,,,m_maun_c_lows_none_none_lod.nif,,,,,2|m_unde_w_tstf_all_a_lod.nif,2|m_unde_w_tstf_all_a_lod.nif,,2000.0f,3000.0f,4000.0f,5000.0f,8000.0f,,0,1
7136,Npc,07136.kfm,,,,,n_mnpa_a_ghos_none_none_lod.bif,,,,,,,,2000.0f,3000.0f,4000.0f,5000.0f,8000.0f,7136_ghost,0,0
7137,Npc,07137.kfm,,,,,n_mnpa_b_ghos_none_none_lod.bif,,,,,,,,2000.0f,3000.0f,4000.0f,5000.0f,8000.0f,7137_ghost,0,0
7138,Npc,07138.kfm,,,,,n_mnpa_c_ghos_none_none_lod.bif,,,,,,,,2000.0f,3000.0f,4000.0f,5000.0f,8000.0f,7138_ghost,0,0
9000,Npc,09000.kfm,,,,,m_fors_a_lows_none_none_lod.nif,,,,,,,,2000.0f,3000.0f,4000.0f,5000.0f,8000.0f,,0,0
9001,Npc,09000.kfm,,,,,m_fors_b_lows_none_none_lod.bif,,,,,,,,2000.0f,3000.0f,4000.0f,5000.0f,8000.0f,,0,0
9002,Npc,09000.kfm,,,,,m_fors_c_lows_none_none_lod.bif,,,,,,,,2000.0f,3000.0f,4000.0f,5000.0f,8000.0f,,0,0
9003,Npc,09003.kfm,,,,,m_drag_a_lows_none_none_lod.nif,,,,,,,,2000.0f,3000.0f,4000.0f,5000.0f,8000.0f,,0,0
9004,Npc,09003.kfm,,,,,m_drag_b_lows_none_none_lod.bif,,,,,,,,2000.0f,3000.0f,4000.0f,5000.0f,8000.0f,,0,0
9005,Npc,09003.kfm,,,,,m_drag_c_lows_none_none_lod.bif,,,,,,,,2000.0f,3000.0f,4000.0f,5000.0f,8000.0f,,0,0
9006,Npc,09006.kfm,,,,,m_seal_a_lows_none_none_lod.nif,,,,,,,,2000.0f,3000.0f,4000.0f,5000.0f,8000.0f,,0,1
9007,Npc,09006.kfm,,,,,m_seal_b_lows_none_none_lod.bif,,,,,,,,2000.0f,3000.0f,4000.0f,5000.0f,8000.0f,,0,1
9008,Npc,09006.kfm,,,,,m_seal_c_lows_none_none_lod.bif,,,,,,,,2000.0f,3000.0f,4000.0f,5000.0f,8000.0f,,0,1
9009,Npc,09009.kfm,,,,,m_spikl_a_lows_none_none_lod.nif,,,,,,,,2000.0f,3000.0f,4000.0f,5000.0f,8000.0f,,0,0
9010,Npc,09009.kfm,,,,,m_spikl_b_lows_none_none_lod.bif,,,,,,,,2000.0f,3000.0f,4000.0f,5000.0f,8000.0f,,0,0
9011,Npc,09009.kfm,,,,,m_spikl_c_lows_none_none_lod.bif,,,,,,,,2000.0f,3000.0f,4000.0f,5000.0f,8000.0f,,0,0
9012,Npc,09012.kfm,,,,,m_summ_a_lows_none_none_lod.nif,,,,,,,,2000.0f,3000.0f,4000.0f,5000.0f,8000.0f,,0,1
9013,Npc,09012.kfm,,,,,m_summ_b_lows_none_none_lod.bif,,,,,,,,2000.0f,3000.0f,4000.0f,5000.0f,8000.0f,,0,1
9014,Npc,09012.kfm,,,,,m_summ_c_lows_none_none_lod.nif,,,,,,,,2000.0f,3000.0f,4000.0f,5000.0f,8000.0f,,0,1
9015,Npc,09015.kfm,,,,,m_laph_a_lows_none_none_lod.nif,,,,,,,,4000.0f,5000.0f,6000.0f,7000.0f,10000.0f,,0,1
9016,Npc,09015.kfm,,,,,m_laph_b_lows_none_none_lod.bif,,,,,,,,4000.0f,5000.0f,6000.0f,7000.0f,10000.0f,,0,1
9017,Npc,09015.kfm,,,,,m_laph_c_lows_none_none_lod.bif,,,,,,,,4000.0f,5000.0f,6000.0f,7000.0f,10000.0f,,0,1
9018,Npc,09018.kfm,,,,,m_dnew_a_lows_none_none_lod.nif,,,,,,,,2000.0f,3000.0f,4000.0f,5000.0f,8000.0f,,0,1
9019,Npc,09018.kfm,,,,,m_dnew_b_lows_none_none_lod.bif,,,,,,,,2000.0f,3000.0f,4000.0f,5000.0f,8000.0f,,0,1
9020,Npc,09018.kfm,,,,,m_dnew_c_lows_none_none_lod.bif,,,,,,,,2000.0f,3000.0f,4000.0f,5000.0f,8000.0f,,0,1
9027,Npc,09027.kfm,,,,,m_wwol_a_lows_none_none_lod.nif,,,,,,,,2000.0f,3000.0f,4000.0f,5000.0f,8000.0f,,0,0
9028,Npc,09027.kfm,,,,,m_wwol_b_lows_none_none_lod.bif,,,,,,,,2000.0f,3000.0f,4000.0f,5000.0f,8000.0f,,0,0
9029,Npc,09027.kfm,,,,,m_wwol_c_lows_none_none_lod.bif,,,,,,,,2000.0f,3000.0f,4000.0f,5000.0f,8000.0f,,0,0
9030,Npc,09030.kfm,,,,,m_spdr_a_lows_none_none_lod.nif,,,,,,,,2000.0f,3000.0f,4000.0f,5000.0f,8000.0f,,0,1
9031,Npc,09030.kfm,,,,,m_spdr_b_lows_none_none_lod.bif,,,,,,,,2000.0f,3000.0f,4000.0f,5000.0f,8000.0f,,0,1
9032,Npc,09030.kfm,,,,,m_spdr_c_lows_none_none_lod.bif,,,,,,,,2000.0f,3000.0f,4000.0f,5000.0f,8000.0f,,0,1
9033,Npc,09027.kfm,,,,,m_swol_a_lows_none_none_lod.bif,,,,,,,,2000.0f,3000.0f,4000.0f,5000.0f,8000.0f,,0,0
9034,Npc,09027.kfm,,,,,m_swol_b_lows_none_none_lod.bif,,,,,,,,2000.0f,3000.0f,4000.0f,5000.0f,8000.0f,,0,0
9035,Npc,09027.kfm,,,,,m_swol_c_lows_none_none_lod.bif,,,,,,,,2000.0f,3000.0f,4000.0f,5000.0f,8000.0f,,0,0
9036,Npc,09030.kfm,,,,,m_pspd_a_lows_none_none_lod.bif,,,,,,,,2000.0f,3000.0f,4000.0f,5000.0f,8000.0f,,0,1
9037,Npc,09030.kfm,,,,,m_pspd_b_lows_none_none_lod.bif,,,,,,,,2000.0f,3000.0f,4000.0f,5000.0f,8000.0f,,0,1
9038,Npc,09030.kfm,,,,,m_pspd_c_lows_none_none_lod.bif,,,,,,,,2000.0f,3000.0f,4000.0f,5000.0f,8000.0f,,0,1
9045,Npc,09045.kfm,,,,,m_drit_a_lows_none_none_lod.nif,,,,,,,,2000.0f,3000.0f,4000.0f,5000.0f,8000.0f,,0,0
9046,Npc,09045.kfm,,,,,m_drit_b_lows_none_none_lod.bif,,,,,,,,2000.0f,3000.0f,4000.0f,5000.0f,8000.0f,,0,0
9047,Npc,09045.kfm,,,,,m_drit_c_lows_none_none_lod.nif,,,,,,,,2000.0f,3000.0f,4000.0f,5000.0f,8000.0f,,0,0
9048,Npc,09048.kfm,,,,,m_zmga_a_lows_none_none_lod.nif,,,,,,,,2000.0f,3000.0f,4000.0f,5000.0f,8000.0f,,0,1
9049,Npc,09048.kfm,,,,,m_zmga_b_lows_none_none_lod.bif,,,,,,,,2000.0f,3000.0f,4000.0f,5000.0f,8000.0f,,0,1
9050,Npc,09048.kfm,,,,,m_zmga_c_lows_none_none_lod.nif,,,,,,,,2000.0f,3000.0f,4000.0f,5000.0f,8000.0f,,0,1
9051,Npc,09051.kfm,,,,,m_taje_a_lows_none_none_lod.nif,,,,,,,,2000.0f,3000.0f,4000.0f,5000.0f,8000.0f,,0,1
9052,Npc,09051.kfm,,,,,m_taje_b_lows_none_none_lod.bif,,,,,,,,2000.0f,3000.0f,4000.0f,5000.0f,8000.0f,,0,1
9053,Npc,09051.kfm,,,,,m_taje_c_lows_none_none_lod.nif,,,,,,,,2000.0f,3000.0f,4000.0f,5000.0f,8000.0f,,0,1
9054,Npc,09054.kfm,,,,,m_beix_c_lows_none_none_lod.nif,,,,,,,,2000.0f,3000.0f,4000.0f,5000.0f,8000.0f,,1,1
9055,Npc,09054.kfm,,,,,m_beix_c_lows_none_none_lod.nif,,,,,,,,2000.0f,3000.0f,4000.0f,5000.0f,8000.0f,,1,1
9056,Npc,09054.kfm,,,,,m_beix_c_lows_none_none_lod.nif,,,,,,,,2000.0f,3000.0f,4000.0f,5000.0f,8000.0f,,1,1
9057,Npc,09057.kfm,,,,,m_kice_a_lows_none_none_lod.nif,,,,,,,,2000.0f,3000.0f,4000.0f,5000.0f,8000.0f,,0,1
9058,Npc,09057.kfm,,,,,m_kice_b_lows_none_none_lod.bif,,,,,,,,2000.0f,3000.0f,4000.0f,5000.0f,8000.0f,,0,1
9059,Npc,09057.kfm,,,,,m_kice_c_lows_none_none_lod.nif,,,,,,,,2000.0f,3000.0f,4000.0f,5000.0f,8000.0f,,0,1
9060,Npc,09060.kfm,,,,,m_anhe_a_lows_none_none_lod.nif,,,,,,,,2000.0f,3000.0f,4000.0f,5000.0f,8000.0f,9060_000,0,0
9061,Npc,09060.kfm,,,,,m_anhe_b_lows_none_none_lod.bif,,,,,,,,2000.0f,3000.0f,4000.0f,5000.0f,8000.0f,,0,0
9062,Npc,09060.kfm,,,,,m_anhe_c_lows_none_none_lod.nif,,,,,,,,2000.0f,3000.0f,4000.0f,5000.0f,8000.0f,,0,0
9063,Npc,09063.kfm,,,,,m_qufo_a_lows_none_none_lod.nif,,,,,,,,2000.0f,3000.0f,4000.0f,5000.0f,8000.0f,,0,1
9064,Npc,09063.kfm,,,,,m_qufo_b_lows_none_none_lod.bif,,,,,,,,2000.0f,3000.0f,4000.0f,5000.0f,8000.0f,,0,1
9065,Npc,09063.kfm,,,,,m_qufo_c_lows_none_none_lod.nif,,,,,,,,2000.0f,3000.0f,4000.0f,5000.0f,8000.0f,,0,1
9066,Npc,09066.kfm,,,,,m_ruby_a_lows_none_none_lod.nif,,,,,,,,2000.0f,3000.0f,4000.0f,5000.0f,8000.0f,,0,1
9067,Npc,09066.kfm,,,,,m_ruby_b_lows_none_none_lod.bif,,,,,,,,2000.0f,3000.0f,4000.0f,5000.0f,8000.0f,,0,1
9068,Npc,09066.kfm,,,,,m_ruby_c_lows_none_none_lod.nif,,,,,,,,2000.0f,3000.0f,4000.0f,5000.0f,8000.0f,,0,1
9072,Npc,09072.kfm,,,,,m_wodr_a_lows_none_none_lod.nif,,,,,,1|m_wodr_w_pike_rgt_a_lod.nif,,2000.0f,3000.0f,4000.0f,5000.0f,8000.0f,,0,0
9073,Npc,09072.kfm,,,,,m_wodr_b_lows_none_none_lod.bif,,,,,,1|m_wodr_w_pike_rgt_a_lod.nif,,2000.0f,3000.0f,4000.0f,5000.0f,8000.0f,,0,0
9074,Npc,09072.kfm,,,,,m_wodr_c_lows_none_none_lod.nif,,,,,,1|m_wodr_w_pike_rgt_c_lod.nif,,2000.0f,3000.0f,4000.0f,5000.0f,8000.0f,,0,0
9075,Npc,09075.kfm,,,,,m_ggol_a_lows_none_none_lod.nif,,,,,,3|m_ggol_w_taxe_all_a_lod.nif,,2000.0f,3000.0f,4000.0f,5000.0f,8000.0f,,0,0
9076,Npc,09075.kfm,,,,,m_ggol_b_lows_none_none_lod.bif,,,,,,3|m_ggol_w_taxe_all_a_lod.nif,,2000.0f,3000.0f,4000.0f,5000.0f,8000.0f,,0,0
9077,Npc,09075.kfm,,,,,m_ggol_c_lows_none_none_lod.nif,,,,,,3|m_ggol_w_taxe_all_b_lod.nif,,2000.0f,3000.0f,4000.0f,5000.0f,8000.0f,,0,0
10000,Entity,10000.kfm,,,,,,,,,,,,,2000.0f,3000.0f,4000.0f,5000.0f,8000.0f,,0,0
10001,Npc,10001.kfm,,,,,,,,,,,,,2000.0f,3000.0f,4000.0f,5000.0f,8000.0f,HALIDOM,1,0
10002,Entity,10002.kfm,,,,,,,,,,,,,2000.0f,3000.0f,4000.0f,5000.0f,8000.0f,,0,0
10003,Npc,10003.kfm,,,,,,,,,,,,,2000.0f,3000.0f,4000.0f,5000.0f,8000.0f,door_10003,1,0
10004,Npc,10004.kfm,,,,,,,,,,,,,2000.0f,3000.0f,4000.0f,5000.0f,8000.0f,Etc_Alchemy_01_cast,1,0
10005,Npc,10005.kfm,,,,,,,,,,,,,2000.0f,3000.0f,4000.0f,5000.0f,8000.0f,,1,0
10006,Npc,10006.kfm,,,,,,,,,,,,,2000.0f,3000.0f,4000.0f,5000.0f,8000.0f,,1,0
10007,Entity,10007.kfm,,,,,InsDeon_Gate.nif,,,,,,,,2000.0f,3000.0f,4000.0f,5000.0f,8000.0f,InsDeon_Gate,0,0
10008,Entity,10008.kfm,,,,,,,,,,,,,2000.0f,3000.0f,4000.0f,5000.0f,8000.0f,,0,0
10009,Entity,12035.kfm,,,,,,,,,,,,,2000.0f,3000.0f,4000.0f,5000.0f,8000.0f,PVP_Area_Mark,0,0
10010,Entity,10010.kfm,,,,,,,,,,,,,2000.0f,3000.0f,4000.0f,5000.0f,8000.0f,,0,0
10011,Entity,10011.kfm,,,,,,,,,,,,,2000.0f,3000.0f,4000.0f,5000.0f,8000.0f,,0,0
10012,Entity,10012.kfm,,,,,,,,,,,,,2000.0f,3000.0f,4000.0f,5000.0f,8000.0f,,0,0
10013,Npc,10013.kfm,,,,,,,,,,,,,2000.0f,3000.0f,4000.0f,5000.0f,8000.0f,,1,0
10014,Npc,10014.kfm,,,,,,,,,,,,,2000.0f,3000.0f,4000.0f,5000.0f,8000.0f,,1,0
10019,Entity,10019.kfm,,,,,,,,,,,,,2000.0f,3000.0f,4000.0f,5000.0f,8000.0f,,0,0
10020,Npc,10020.kfm,,,,,,,,,,,,,2000.0f,3000.0f,4000.0f,5000.0f,8000.0f,,0,0
11000,Entity,11000.kfm,,,,,,,,,,,,,2000.0f,3000.0f,4000.0f,5000.0f,8000.0f,,0,0
11001,Entity,11000.kfm|Gather_Mineral_01.bif,,,,,,,,,,,,,2000.0f,3000.0f,4000.0f,5000.0f,8000.0f,,0,0
11002,Entity,11000.kfm|Gather_Mineral_02.bif,,,,,,,,,,,,,2000.0f,3000.0f,4000.0f,5000.0f,8000.0f,,0,0
11003,Entity,11000.kfm|Gather_Mineral_03.bif,,,,,,,,,,,,,2000.0f,3000.0f,4000.0f,5000.0f,8000.0f,,0,0
11004,Entity,11000.kfm|Gather_Mineral_04.bif,,,,,,,,,,,,,2000.0f,3000.0f,4000.0f,5000.0f,8000.0f,,0,0
11005,Entity,11000.kfm|Gather_Mineral_05.bif,,,,,,,,,,,,,2000.0f,3000.0f,4000.0f,5000.0f,8000.0f,,0,0
11006,Entity,11000.kfm|Gather_Mineral_06.bif,,,,,,,,,,,,,2000.0f,3000.0f,4000.0f,5000.0f,8000.0f,,0,0
11007,Entity,11000.kfm,,,,,,,,,,,,,2000.0f,3000.0f,4000.0f,5000.0f,8000.0f,,0,0
11008,Entity,11000.kfm,,,,,,,,,,,,,2000.0f,3000.0f,4000.0f,5000.0f,8000.0f,,0,0
11009,Entity,11000.kfm,,,,,,,,,,,,,2000.0f,3000.0f,4000.0f,5000.0f,8000.0f,,0,0
11010,Entity,11000.kfm,,,,,,,,,,,,,2000.0f,3000.0f,4000.0f,5000.0f,8000.0f,,0,0
11011,Entity,11000.kfm,,,,,,,,,,,,,2000.0f,3000.0f,4000.0f,5000.0f,8000.0f,,0,0
11012,Entity,11000.kfm,,,,,,,,,,,,,2000.0f,3000.0f,4000.0f,5000.0f,8000.0f,,0,0
11013,Entity,11000.kfm,,,,,,,,,,,,,2000.0f,3000.0f,4000.0f,5000.0f,8000.0f,,0,0
11014,Entity,11000.kfm|Gather_Mineral_14.bif,,,,,,,,,,,,,2000.0f,3000.0f,4000.0f,5000.0f,8000.0f,,0,0
11100,Entity,11100.kfm,,,,,,,,,,,,,2000.0f,3000.0f,4000.0f,5000.0f,8000.0f,,0,0
11101,Entity,11101.kfm,,,,,,,,,,,,,2000.0f,3000.0f,4000.0f,5000.0f,8000.0f,,0,0
11102,Entity,11102.kfm,,,,,,,,,,,,,2000.0f,3000.0f,4000.0f,5000.0f,8000.0f,,0,0
11103,Entity,11103.kfm,,,,,,,,,,,,,2000.0f,3000.0f,4000.0f,5000.0f,8000.0f,,0,0
11104,Entity,11104.kfm,,,,,,,,,,,,,2000.0f,3000.0f,4000.0f,5000.0f,8000.0f,,0,0
11105,Entity,11102.kfm|Gather_Plant_05.bif,,,,,,,,,,,,,2000.0f,3000.0f,4000.0f,5000.0f,8000.0f,,0,0
11106,Entity,11106.kfm,,,,,,,,,,,,,2000.0f,3000.0f,4000.0f,5000.0f,8000.0f,,0,0
11107,Entity,11107.kfm,,,,,,,,,,,,,2000.0f,3000.0f,4000.0f,5000.0f,8000.0f,,0,0
11108,Entity,11102.kfm|Gather_Plant_08.bif,,,,,,,,,,,,,2000.0f,3000.0f,4000.0f,5000.0f,8000.0f,,0,0
11109,Entity,11109.kfm,,,,,,,,,,,,,2000.0f,3000.0f,4000.0f,5000.0f,8000.0f,,0,0
11200,Entity,11200.kfm,,,,,,,,,,,,,2000.0f,3000.0f,4000.0f,5000.0f,8000.0f,GATHER_ETHEL_00,0,0
11201,Entity,11200.kfm,,,,,,,,,,,,,2000.0f,3000.0f,4000.0f,5000.0f,8000.0f,GATHER_ETHEL_01,0,0
11202,Entity,11200.kfm,,,,,,,,,,,,,2000.0f,3000.0f,4000.0f,5000.0f,8000.0f,GATHER_ETHEL_02,0,0
11203,Entity,11200.kfm,,,,,,,,,,,,,2000.0f,3000.0f,4000.0f,5000.0f,8000.0f,GATHER_ETHEL_03,0,0
11204,Entity,11200.kfm,,,,,,,,,,,,,2000.0f,3000.0f,4000.0f,5000.0f,8000.0f,GATHER_ETHEL_04,0,0
11205,Entity,11200.kfm,,,,,,,,,,,,,2000.0f,3000.0f,4000.0f,5000.0f,8000.0f,GATHER_ETHEL_05,0,0
11206,Entity,11200.kfm,,,,,,,,,,,,,2000.0f,3000.0f,4000.0f,5000.0f,8000.0f,GATHER_ETHEL_06,0,0
11207,Entity,11200.kfm,,,,,,,,,,,,,2000.0f,3000.0f,4000.0f,5000.0f,8000.0f,GATHER_ETHEL_07,0,0
11208,Entity,11200.kfm,,,,,,,,,,,,,2000.0f,3000.0f,4000.0f,5000.0f,8000.0f,GATHER_ETHEL_08,0,0
11209,Entity,11200.kfm,,,,,,,,,,,,,2000.0f,3000.0f,4000.0f,5000.0f,8000.0f,GATHER_ETHEL_09,0,0
11210,Entity,11200.kfm,,,,,,,,,,,,,2000.0f,3000.0f,4000.0f,5000.0f,8000.0f,GATHER_ETHEL_10,0,0
11211,Entity,11200.kfm,,,,,,,,,,,,,2000.0f,3000.0f,4000.0f,5000.0f,8000.0f,GATHER_ETHEL_11,0,0
11212,Entity,11200.kfm,,,,,,,,,,,,,2000.0f,3000.0f,4000.0f,5000.0f,8000.0f,GATHER_ETHEL_12,0,0
11213,Entity,11200.kfm,,,,,,,,,,,,,2000.0f,3000.0f,4000.0f,5000.0f,8000.0f,,0,0
12000,Entity,12000.kfm,,,,,,,,,,,,,2000.0f,3000.0f,4000.0f,5000.0f,8000.0f,,0,0
12001,Entity,12001.kfm,,,,,,,,,,,,,2000.0f,3000.0f,4000.0f,5000.0f,8000.0f,,0,0
12002,Entity,12002.kfm,,,,,,,,,,,,,2000.0f,3000.0f,4000.0f,5000.0f,8000.0f,,0,0
12003,Npc,12003.kfm,,,,,,,,,,,,,2000.0f,3000.0f,4000.0f,5000.0f,8000.0f,,1,0
12004,Npc,12004.kfm,,,,,,,,,,,,,2000.0f,3000.0f,4000.0f,5000.0f,8000.0f,,1,0
12005,Npc,12005.kfm,,,,,,,,,,,,,2000.0f,3000.0f,4000.0f,5000.0f,8000.0f,,1,0
12006,Npc,12006.kfm,,,,,,,,,,,,,2000.0f,3000.0f,4000.0f,5000.0f,8000.0f,,1,0
12007,Npc,12007.kfm,,,,,,,,,,,,,2000.0f,3000.0f,4000.0f,5000.0f,8000.0f,,1,0
12008,Entity,12008.kfm,,,,,,,,,,,,,2000.0f,3000.0f,4000.0f,5000.0f,8000.0f,,0,0
12009,Entity,12009.kfm,,,,,,,,,,,,,2000.0f,3000.0f,4000.0f,5000.0f,8000.0f,,0,0
12010,Npc,12010.kfm,,,,,,,,,,,,,2000.0f,3000.0f,4000.0f,5000.0f,8000.0f,,1,0
12011,Npc,12011.kfm,,,,,,,,,,,,,2000.0f,3000.0f,4000.0f,5000.0f,8000.0f,,0,0
12012,Npc,12012.kfm,,,,,,,,,,,,,2000.0f,3000.0f,4000.0f,5000.0f,8000.0f,,1,0
12013,Npc,12013.kfm,,,,,,,,,,,,,2000.0f,3000.0f,4000.0f,5000.0f,8000.0f,,1,0
12014,Npc,12014.kfm,,,,,,,,,,,,,2000.0f,3000.0f,4000.0f,5000.0f,8000.0f,12014_000,1,0
12015,Npc,12015.kfm,,,,,,,,,,,,,2000.0f,3000.0f,4000.0f,5000.0f,8000.0f,,1,0
12016,Entity,12016.kfm,,,,,,,,,,,,,2000.0f,3000.0f,4000.0f,5000.0f,8000.0f,,0,0
12017,Entity,12017.kfm,,,,,,,,,,,,,2000.0f,3000.0f,4000.0f,5000.0f,8000.0f,,0,0
12018,Entity,12018.kfm,,,,,,,,,,,,,2000.0f,3000.0f,4000.0f,5000.0f,8000.0f,,0,0
12019,Entity,12019.kfm,,,,,,,,,,,,,2000.0f,3000.0f,4000.0f,5000.0f,8000.0f,,0,0
12020,Entity,12020.kfm,,,,,,,,,,,,,2000.0f,3000.0f,4000.0f,5000.0f,8000.0f,,0,0
12021,Entity,12021.kfm,,,,,,,,,,,,,2000.0f,3000.0f,4000.0f,5000.0f,8000.0f,,0,0
12022,Npc,12022.kfm,,,,,,,,,,,,,2000.0f,3000.0f,4000.0f,5000.0f,8000.0f,,1,0
12023,Npc,12023.kfm,,,,,,,,,,,,,2000.0f,3000.0f,4000.0f,5000.0f,8000.0f,,1,0
12024,Entity,12024.kfm,,,,,,,,,,,,,2000.0f,3000.0f,4000.0f,5000.0f,8000.0f,,0,0
12025,Entity,12025.kfm,,,,,,,,,,,,,2000.0f,3000.0f,4000.0f,5000.0f,8000.0f,,0,0
12026,Npc,12026.kfm,,,,,,,,,,,,,2000.0f,3000.0f,4000.0f,5000.0f,8000.0f,Strange_Device,1,0
12027,Npc,12027.kfm,,,,,,,,,,,,,2000.0f,3000.0f,4000.0f,5000.0f,8000.0f,,1,0
12028,Npc,12028.kfm,,,,,,,,,,,,,2000.0f,3000.0f,4000.0f,5000.0f,8000.0f,,1,0
12029,Npc,12029.kfm,,,,,,,,,,,,,2000.0f,3000.0f,4000.0f,5000.0f,8000.0f,,1,0
12030,Npc,12030.kfm,,,,,,,,,,,,,2000.0f,3000.0f,4000.0f,5000.0f,8000.0f,,1,0
12031,Npc,12031.kfm,,,,,,,,,,,,,2000.0f,3000.0f,4000.0f,5000.0f,8000.0f,,1,0
12032,Npc,12032.kfm,,,,,,,,,,,,,2000.0f,3000.0f,4000.0f,5000.0f,8000.0f,,1,0
12033,Npc,12033.kfm,,,,,,,,,,,,,2000.0f,3000.0f,4000.0f,5000.0f,8000.0f,,1,0
12034,Npc,12034.kfm,,,,,,,,,,,,,2000.0f,3000.0f,4000.0f,5000.0f,8000.0f,,1,0
12035,Entity,12035.kfm,,,,,Quest_Etc_01.nif,,,,,,,,2000.0f,3000.0f,4000.0f,5000.0f,8000.0f,Quest_Etc_01,0,0
12036,Npc,12036.kfm,,,,,,,,,,,,,2000.0f,3000.0f,4000.0f,5000.0f,8000.0f,,1,0
12037,Npc,12037.kfm,,,,,,,,,,,,,2000.0f,3000.0f,4000.0f,5000.0f,8000.0f,,1,0
12038,Npc,12038.kfm,,,,,,,,,,,,,2000.0f,3000.0f,4000.0f,5000.0f,8000.0f,,1,0
12039,Entity,12039.kfm,,,,,,,,,,,,,2000.0f,3000.0f,4000.0f,5000.0f,8000.0f,,0,0
12040,Entity,12040.kfm,,,,,,,,,,,,,2000.0f,3000.0f,4000.0f,5000.0f,8000.0f,,0,0
12041,Npc,12041.kfm,,,,,,,,,,,,,2000.0f,3000.0f,4000.0f,5000.0f,8000.0f,,1,0
12042,Npc,12042.kfm,,,,,,,,,,,,,2000.0f,3000.0f,4000.0f,5000.0f,8000.0f,,1,0
12043,Entity,12043.kfm,,,,,,,,,,,,,2000.0f,3000.0f,4000.0f,5000.0f,8000.0f,,0,0
12044,Entity,12044.kfm,,,,,,,,,,,,,2000.0f,3000.0f,4000.0f,5000.0f,8000.0f,,0,0
12045,Entity,12045.kfm,,,,,,,,,,,,,2000.0f,3000.0f,4000.0f,5000.0f,8000.0f,,0,0
12046,Entity,12046.kfm,,,,,,,,,,,,,2000.0f,3000.0f,4000.0f,5000.0f,8000.0f,,0,0
12047,Entity,12047.kfm,,,,,,,,,,,,,2000.0f,3000.0f,4000.0f,5000.0f,8000.0f,,0,0
12048,Npc,12048.kfm,,,,,,,,,,,,,2000.0f,3000.0f,4000.0f,5000.0f,8000.0f,,1,0
12049,Npc,12049.kfm,,,,,,,,,,,,,2000.0f,3000.0f,4000.0f,5000.0f,8000.0f,,1,0
12050,Npc,12050.kfm,,,,,,,,,,,,,2000.0f,3000.0f,4000.0f,5000.0f,8000.0f,,1,0
12051,Npc,12051.kfm,,,,,,,,,,,,,2000.0f,3000.0f,4000.0f,5000.0f,8000.0f,,1,0
12052,Npc,12051.kfm|Quest_Absorborb_01.bif,,,,,,,,,,,,,2000.0f,3000.0f,4000.0f,5000.0f,8000.0f,,1,0
12053,Entity,12053.kfm,,,,,,,,,,,,,2000.0f,3000.0f,4000.0f,5000.0f,8000.0f,,0,0
12054,Npc,12054.kfm,,,,,,,,,,,,,2000.0f,3000.0f,4000.0f,5000.0f,8000.0f,,0,0
12055,Entity,12055.kfm,,,,,,,,,,,,,2000.0f,3000.0f,4000.0f,5000.0f,8000.0f,,0,0
12056,Entity,12056.kfm,,,,,,,,,,,,,2000.0f,3000.0f,4000.0f,5000.0f,8000.0f,,0,0
12057,Entity,12057.kfm,,,,,,,,,,,,,2000.0f,3000.0f,4000.0f,5000.0f,8000.0f,,0,0
12058,Entity,12058.kfm,,,,,,,,,,,,,2000.0f,3000.0f,4000.0f,5000.0f,8000.0f,,0,0
12059,Npc,12059.kfm,,,,,,,,,,,,,2000.0f,3000.0f,4000.0f,5000.0f,8000.0f,,1,0
12060,Npc,12060.kfm,,,,,,,,,,,,,2000.0f,3000.0f,4000.0f,5000.0f,8000.0f,,1,0
12061,Entity,12035.kfm,,,,,Quest_Etc_01.nif,,,,,,,,2000.0f,3000.0f,4000.0f,5000.0f,8000.0f,Quest_bonfire_01,0,0
12063,Entity,12063.kfm,,,,,,,,,,,,,2000.0f,3000.0f,4000.0f,5000.0f,8000.0f,,0,0
12064,Entity,12064.kfm,,,,,,,,,,,,,2000.0f,3000.0f,4000.0f,5000.0f,8000.0f,,0,0
12065,Npc,12065.kfm,,,,,,,,,,,,,2000.0f,3000.0f,4000.0f,5000.0f,8000.0f,,1,0
12066,Npc,12066.kfm,,,,,,,,,,,,,2000.0f,3000.0f,4000.0f,5000.0f,8000.0f,,1,0
12067,Npc,12067.kfm,,,,,,,,,,,,,2000.0f,3000.0f,4000.0f,5000.0f,8000.0f,,1,0
12068,Npc,12068.kfm,,,,,,,,,,,,,2000.0f,3000.0f,4000.0f,5000.0f,8000.0f,,1,0
12069,Npc,12069.kfm,,,,,,,,,,,,,2000.0f,3000.0f,4000.0f,5000.0f,8000.0f,,1,0
12070,Npc,12070.kfm,,,,,,,,,,,,,2000.0f,3000.0f,4000.0f,5000.0f,8000.0f,,1,0
12071,Entity,12071.kfm,,,,,,,,,,,,,2000.0f,3000.0f,4000.0f,5000.0f,8000.0f,,1,0
12072,Entity,12072.kfm,,,,,,,,,,,,,2000.0f,3000.0f,4000.0f,5000.0f,8000.0f,,1,0
12073,Entity,12073.kfm,,,,,,,,,,,,,2000.0f,3000.0f,4000.0f,5000.0f,8000.0f,,1,0
12074,Npc,12074.kfm,,,,,,,,,,,,,2000.0f,3000.0f,4000.0f,5000.0f,8000.0f,,1,0
12075,Npc,12075.kfm,,,,,,,,,,,,,2000.0f,3000.0f,4000.0f,5000.0f,8000.0f,,1,0
12076,Npc,12038.kfm|Quest_SiegeWeapon_02.bif,,,,,,,,,,,,,2000.0f,3000.0f,4000.0f,5000.0f,8000.0f,,1,0
12078,Npc,12078.kfm,,,,,,,,,,,,,2000.0f,3000.0f,4000.0f,5000.0f,8000.0f,,1,0
12079,Npc,12079.kfm,,,,,,,,,,,,,2000.0f,3000.0f,4000.0f,5000.0f,8000.0f,,1,0
12080,Npc,12003.kfm,,,,,,,,,,,,,2000.0f,3000.0f,4000.0f,5000.0f,8000.0f,12080_000,1,0
12081,Npc,12003.kfm|Quest_Wood_09.bif,,,,,,,,,,,,,2000.0f,3000.0f,4000.0f,5000.0f,8000.0f,,1,0
12082,Npc,12054.kfm|Quest_magicstone_02.bif,,,,,,,,,,,,,2000.0f,3000.0f,4000.0f,5000.0f,8000.0f,,1,0
12083,Npc,12054.kfm|Quest_magicstone_03.bif,,,,,,,,,,,,,2000.0f,3000.0f,4000.0f,5000.0f,8000.0f,,1,0
12084,Npc,12054.kfm|Quest_magicstone_04.bif,,,,,,,,,,,,,2000.0f,3000.0f,4000.0f,5000.0f,8000.0f,,1,0
12085,Npc,12033.kfm|Quest_stone_06.bif,,,,,,,,,,,,,2000.0f,3000.0f,4000.0f,5000.0f,8000.0f,,1,0
12086,Npc,12033.kfm|Quest_stone_07.bif,,,,,,,,,,,,,2000.0f,3000.0f,4000.0f,5000.0f,8000.0f,,1,0
12087,Npc,12033.kfm|Quest_stone_08.bif,,,,,,,,,,,,,2000.0f,3000.0f,4000.0f,5000.0f,8000.0f,,1,0
12088,Npc,12027.kfm|Quest_stone_09.bif,,,,,,,,,,,,,2000.0f,3000.0f,4000.0f,5000.0f,8000.0f,,1,0
12089,Npc,12027.kfm|Quest_stone_10.bif,,,,,,,,,,,,,2000.0f,3000.0f,4000.0f,5000.0f,8000.0f,,1,0
12090,Npc,12027.kfm|Quest_stone_11.bif,,,,,,,,,,,,,2000.0f,3000.0f,4000.0f,5000.0f,8000.0f,,1,0
12091,Npc,12091.kfm,,,,,,,,,,,,,2000.0f,3000.0f,4000.0f,5000.0f,8000.0f,,1,0
12092,Npc,12092.kfm,,,,,,,,,,,,,2000.0f,3000.0f,4000.0f,5000.0f,8000.0f,,1,0
12093,Npc,12093.kfm,,,,,,,,,,,,,2000.0f,3000.0f,4000.0f,5000.0f,8000.0f,,0,0
12094,Npc,12094.kfm,,,,,,,,,,,,,2000.0f,3000.0f,4000.0f,5000.0f,8000.0f,,0,0
12097,Entity,12097.kfm,,,,,Etc_TeamWar_Flag_AimHigh_a_lod.nif,,,,,,,,2000.0f,3000.0f,4000.0f,5000.0f,8000.0f,TeamWar_Flag_AimHigh,1,0
12098,Entity,12097.kfm,,,,,Etc_TeamWar_Flag_Demolition_a_lod.nif,,,,,,,,2000.0f,3000.0f,4000.0f,5000.0f,8000.0f,TeamWar_Flag_Demolition,1,0
13000,Npc,13000.kfm,,,,,t_mala_n_lows_none_none_lod.nif,,,,,,,,2000.0f,3000.0f,4000.0f,5000.0f,8000.0f,,0,1
13001,Npc,13000.kfm,,,,,t_mala_n_rare_none_none_lod.bif,,,,,,,,2000.0f,3000.0f,4000.0f,5000.0f,8000.0f,,0,1
13002,Npc,13000.kfm,,,,,t_mala_n_uniq_none_none_lod.bif,,,,,,,,2000.0f,3000.0f,4000.0f,5000.0f,8000.0f,,0,1
13003,Npc,13003.kfm,,,,,t_duck_n_lows_none_none_lod.nif,,,,,,,,2000.0f,3000.0f,4000.0f,5000.0f,8000.0f,,0,0
13004,Npc,13003.kfm,,,,,t_duck_n_rare_none_none_lod.bif,,,,,,,,2000.0f,3000.0f,4000.0f,5000.0f,8000.0f,,0,0
13005,Npc,13003.kfm,,,,,t_duck_n_uniq_none_none_lod.bif,,,,,,,,2000.0f,3000.0f,4000.0f,5000.0f,8000.0f,,0,0
13006,Npc,13006.kfm,,,,,t_calf_n_lows_none_none_lod.nif,,,,,,,,2000.0f,3000.0f,4000.0f,5000.0f,8000.0f,,0,1
13007,Npc,13006.kfm,,,,,t_calf_n_rare_none_none_lod.bif,,,,,,,,2000.0f,3000.0f,4000.0f,5000.0f,8000.0f,,0,1
13008,Npc,13006.kfm,,,,,t_calf_n_uniq_none_none_lod.bif,,,,,,,,2000.0f,3000.0f,4000.0f,5000.0f,8000.0f,,0,1
13009,Npc,13009.kfm,,,,,t_deer_a_lows_none_none_lod.nif,,,,,,,,2000.0f,3000.0f,4000.0f,5000.0f,8000.0f,,0,1
13010,Npc,13009.kfm,,,,,t_deer_a_rare_none_none_lod.bif,,,,,,,,2000.0f,3000.0f,4000.0f,5000.0f,8000.0f,,0,1
13011,Npc,13009.kfm,,,,,t_deer_a_uniq_none_none_lod.bif,,,,,,,,2000.0f,3000.0f,4000.0f,5000.0f,8000.0f,,0,1
13012,Npc,13012.kfm,,,,,t_pigs_a_lows_none_none_lod.nif,,,,,,,,2000.0f,3000.0f,4000.0f,5000.0f,8000.0f,,0,1
13013,Npc,13012.kfm,,,,,t_pigs_a_rare_none_none_lod.bif,,,,,,,,2000.0f,3000.0f,4000.0f,5000.0f,8000.0f,,0,1
13014,Npc,13012.kfm,,,,,t_pigs_a_uniq_none_none_lod.bif,,,,,,,,2000.0f,3000.0f,4000.0f,5000.0f,8000.0f,,0,1
13015,Npc,13015.kfm,,,,,t_hors_a_lows_none_none_lod.nif,,,,,,,,2000.0f,3000.0f,4000.0f,5000.0f,8000.0f,,0,1
13016,Npc,13015.kfm,,,,,t_hors_a_rare_none_none_lod.bif,,,,,,,,2000.0f,3000.0f,4000.0f,5000.0f,8000.0f,,0,1
13017,Npc,13015.kfm,,,,,t_hors_a_uniq_none_none_lod.bif,,,,,,,,2000.0f,3000.0f,4000.0f,5000.0f,8000.0f,,0,1
14001,Entity,14001.kfm,,,,,Trigger_SmallSteel_01.nif,,,,,,,,2000.0f,3000.0f,4000.0f,5000.0f,8000.0f,,0,0
14002,Entity,14002.kfm,,,,,Trigger_BigSteel_01.nif,,,,,,,,2000.0f,3000.0f,4000.0f,5000.0f,8000.0f,,0,0
14004,Entity,14004.kfm,,,,,,,,,,,,,2000.0f,3000.0f,4000.0f,5000.0f,8000.0f,,0,0
14005,Entity,14005.kfm,,,,,Trigger_TreeRotate_01.nif,,,,,,,,2000.0f,3000.0f,4000.0f,5000.0f,8000.0f,,0,0
14007,Entity,14007.kfm,,,,,Trigger_BigSteel_01.nif,,,,,,,,2000.0f,3000.0f,4000.0f,5000.0f,8000.0f,,0,0
14101,Entity,14100.kfm,,,,,Trigger_Effect_01.nif,,,,,,,,2000.0f,3000.0f,4000.0f,5000.0f,8000.0f,Trigger_Soil_01,0,0
14102,Entity,14100.kfm,,,,,Trigger_Effect_01.nif,,,,,,,,2000.0f,3000.0f,4000.0f,5000.0f,8000.0f,Trigger_SnowWall_01,0,0
14103,Entity,14100.kfm,,,,,Trigger_Effect_01.nif,,,,,,,,2000.0f,3000.0f,4000.0f,5000.0f,8000.0f,Trigger_FireWall_01,0,0
14104,Entity,14100.kfm,,,,,Trigger_Effect_01.nif,,,,,,,,2000.0f,3000.0f,4000.0f,5000.0f,8000.0f,Trigger_MagicWall_01,0,0
14106,Entity,12035.kfm,,,,,Quest_Etc_01.nif,,,,,,,,2000.0f,3000.0f,4000.0f,5000.0f,8000.0f,,0,0
14107,Entity,14107.kfm,,,,,,,,,,,,,2000.0f,3000.0f,4000.0f,5000.0f,8000.0f,Trigger_Tornado_01,0,0
14108,Entity,14107.kfm,,,,,,,,,,,,,2000.0f,3000.0f,4000.0f,5000.0f,8000.0f,Trigger_Tornado_02,0,0
14200,Entity,10009.kfm,,,,,,,,,,,,,2000.0f,3000.0f,4000.0f,5000.0f,8000.0f,14200,0,0
14201,Entity,10009.kfm,,,,,,,,,,,,,2000.0f,3000.0f,4000.0f,5000.0f,8000.0f,14201,0,0
14202,Entity,10009.kfm,,,,,,,,,,,,,2000.0f,3000.0f,4000.0f,5000.0f,8000.0f,14202,0,0
14203,Entity,10009.kfm,,,,,,,,,,,,,2000.0f,3000.0f,4000.0f,5000.0f,8000.0f,14203,0,0
14204,Entity,10009.kfm,,,,,,,,,,,,,2000.0f,3000.0f,4000.0f,5000.0f,8000.0f,14204,0,0
14205,Entity,10009.kfm,,,,,,,,,,,,,2000.0f,3000.0f,4000.0f,5000.0f,8000.0f,14205,0,0
14210,Entity,10009.kfm,,,,,,,,,,,,,2000.0f,3000.0f,4000.0f,5000.0f,8000.0f,14210,0,0
14211,Entity,10009.kfm,,,,,,,,,,,,,2000.0f,3000.0f,4000.0f,5000.0f,8000.0f,14211,0,0
14212,Entity,10009.kfm,,,,,,,,,,,,,2000.0f,3000.0f,4000.0f,5000.0f,8000.0f,14212,0,0
14213,Entity,10009.kfm,,,,,,,,,,,,,2000.0f,3000.0f,4000.0f,5000.0f,8000.0f,14213,0,0
14214,Entity,10009.kfm,,,,,,,,,,,,,2000.0f,3000.0f,4000.0f,5000.0f,8000.0f,14214,0,0
14215,Entity,10009.kfm,,,,,,,,,,,,,2000.0f,3000.0f,4000.0f,5000.0f,8000.0f,14215,0,0
20000,Npc,20000.kfm,,,,,n_Trap_01_lod.nif,,,,,,,,2000.0f,3000.0f,4000.0f,5000.0f,8000.0f,20000_int,1,0
20100,Npc,20100.kfm,,,,,n_Holy_01_lod.nif,,,,,,,,2000.0f,3000.0f,4000.0f,5000.0f,8000.0f,20100,1,0
20101,Npc,20100.kfm,,,,,n_Holy_01_lod.nif,,,,,,,,2000.0f,3000.0f,4000.0f,5000.0f,8000.0f,20101,1,0
20102,Npc,20100.kfm,,,,,n_Holy_01_lod.nif,,,,,,,,2000.0f,3000.0f,4000.0f,5000.0f,8000.0f,20102,1,0
20103,Npc,20100.kfm,,,,,n_Holy_01_lod.nif,,,,,,,,2000.0f,3000.0f,4000.0f,5000.0f,8000.0f,20103,1,0
20104,Npc,20100.kfm,,,,,n_Holy_01_lod.nif,,,,,,,,2000.0f,3000.0f,4000.0f,5000.0f,8000.0f,20104,1,0
20200,Npc,20100.kfm,,,,,n_Holy_01_lod.nif,,,,,,,,2000.0f,3000.0f,4000.0f,5000.0f,8000.0f,20200,1,0
20201,Npc,20100.kfm,,,,,n_Holy_01_lod.nif,,,,,,,,2000.0f,3000.0f,4000.0f,5000.0f,8000.0f,20201,1,0
20202,Npc,20100.kfm,,,,,n_Holy_01_lod.nif,,,,,,,,2000.0f,3000.0f,4000.0f,5000.0f,8000.0f,20202,1,0
20203,Npc,20100.kfm,,,,,n_Holy_01_lod.nif,,,,,,,,2000.0f,3000.0f,4000.0f,5000.0f,8000.0f,20203,1,0
20204,Npc,20100.kfm,,,,,n_Holy_01_lod.nif,,,,,,,,2000.0f,3000.0f,4000.0f,5000.0f,8000.0f,20204,1,0
21000,Npc,21000.kfm,,,,,r_hhor_a_lows_lod.nif,,,,,,,,2000.0f,3000.0f,4000.0f,5000.0f,8000.0f,,0,1
21001,Npc,21000.kfm,,,,,r_hhor_a_rare_lod.bif,,,,,,,,2000.0f,3000.0f,4000.0f,5000.0f,8000.0f,,0,1
21002,Npc,21000.kfm,,,,,r_hhor_a_uniq_lod.bif,,,,,,,,2000.0f,3000.0f,4000.0f,5000.0f,8000.0f,,0,1
21003,Npc,21000.kfm,,,,,r_hhor_b_lows_lod.nif,,,,,,,,2000.0f,3000.0f,4000.0f,5000.0f,8000.0f,,0,1
21004,Npc,21000.kfm,,,,,r_hhor_b_rare_lod.bif,,,,,,,,2000.0f,3000.0f,4000.0f,5000.0f,8000.0f,,0,1
21005,Npc,21000.kfm,,,,,r_hhor_b_uniq_lod.bif,,,,,,,,2000.0f,3000.0f,4000.0f,5000.0f,8000.0f,,0,1
21006,Npc,21000.kfm,,,,,r_hhor_c_lows_lod.nif,,,,,,,,2000.0f,3000.0f,4000.0f,5000.0f,8000.0f,,0,1
21007,Npc,21000.kfm,,,,,r_hhor_c_rare_lod.bif,,,,,,,,2000.0f,3000.0f,4000.0f,5000.0f,8000.0f,,0,1
21008,Npc,21000.kfm,,,,,r_hhor_c_uniq_lod.bif,,,,,,,,2000.0f,3000.0f,4000.0f,5000.0f,8000.0f,,0,1
21200,Npc,21200.kfm,,,,,r_ohor_a_lows_lod.nif,,,,,,,,2000.0f,3000.0f,4000.0f,5000.0f,8000.0f,,0,1
21201,Npc,21200.kfm,,,,,r_ohor_a_rare_lod.bif,,,,,,,,2000.0f,3000.0f,4000.0f,5000.0f,8000.0f,,0,1
21202,Npc,21200.kfm,,,,,r_ohor_a_uniq_lod.bif,,,,,,,,2000.0f,3000.0f,4000.0f,5000.0f,8000.0f,,0,1
21203,Npc,21200.kfm,,,,,r_ohor_b_lows_lod.nif,,,,,,,,2000.0f,3000.0f,4000.0f,5000.0f,8000.0f,,0,1
21204,Npc,21200.kfm,,,,,r_ohor_b_rare_lod.bif,,,,,,,,2000.0f,3000.0f,4000.0f,5000.0f,8000.0f,,0,1
21205,Npc,21200.kfm,,,,,r_ohor_b_uniq_lod.bif,,,,,,,,2000.0f,3000.0f,4000.0f,5000.0f,8000.0f,,0,1
21206,Npc,21200.kfm,,,,,r_ohor_c_lows_lod.nif,,,,,,,,2000.0f,3000.0f,4000.0f,5000.0f,8000.0f,,0,1
21207,Npc,21200.kfm,,,,,r_ohor_c_rare_lod.bif,,,,,,,,2000.0f,3000.0f,4000.0f,5000.0f,8000.0f,,0,1
21208,Npc,21200.kfm,,,,,r_ohor_c_uniq_lod.bif,,,,,,,,2000.0f,3000.0f,4000.0f,5000.0f,8000.0f,,0,1
21400,Npc,21400.kfm,,,,,r_asti_a_lows_lod.nif,,,,,,,,2000.0f,3000.0f,4000.0f,5000.0f,8000.0f,,0,1
21401,Npc,21400.kfm,,,,,r_asti_a_rare_lod.bif,,,,,,,,2000.0f,3000.0f,4000.0f,5000.0f,8000.0f,,0,1
21402,Npc,21400.kfm,,,,,r_asti_a_uniq_lod.bif,,,,,,,,2000.0f,3000.0f,4000.0f,5000.0f,8000.0f,,0,1
21403,Npc,21400.kfm,,,,,r_asti_a_fame_lod.nif,,,,,,,,2000.0f,3000.0f,4000.0f,5000.0f,8000.0f,,0,1
21600,Npc,21600.kfm,,,,,r_dsti_a_lows_lod.nif,,,,,,,,2000.0f,3000.0f,4000.0f,5000.0f,8000.0f,,0,1
21601,Npc,21600.kfm,,,,,r_dsti_a_rare_lod.bif,,,,,,,,2000.0f,3000.0f,4000.0f,5000.0f,8000.0f,,0,1
21602,Npc,21600.kfm,,,,,r_dsti_a_uniq_lod.bif,,,,,,,,2000.0f,3000.0f,4000.0f,5000.0f,8000.0f,,0,1
21603,Npc,21600.kfm,,,,,r_dsti_a_fame_lod.nif,,,,,,,,2000.0f,3000.0f,4000.0f,5000.0f,8000.0f,,0,1
22000,Npc,22000.kfm,,,,,r_arch_a_boss_lod.nif,,,,,,,,2000.0f,3000.0f,4000.0f,5000.0f,8000.0f,22000,0,1
30000,Npc,30000.kfm,n_h_m_face_0001_lod.nif,,n_h_m_hair_0001_lod.nif,,n_h_01_a_m_body_lod.nif,,n_h_01_a_m_legs_lod.nif,,,,,,2000.0f,3000.0f,4000.0f,5000.0f,8000.0f,,0,0
30001,Npc,30000.kfm,n_h_m_face_0002_lod.nif,,n_h_m_hair_0001_lod.nif,,n_h_01_a_m_body_lod.nif,,n_h_02_a_m_legs_lod.nif,,,,,,2000.0f,3000.0f,4000.0f,5000.0f,8000.0f,,0,0
30002,Npc,30000.kfm,n_h_m_face_0001_lod.nif,,n_h_m_hair_0002_lod.nif,,n_h_01_a_m_body_lod.nif,,n_h_01_a_m_legs_lod.nif,,,,,,2000.0f,3000.0f,4000.0f,5000.0f,8000.0f,,0,0
30003,Npc,30000.kfm,n_h_m_face_0002_lod.nif,,n_h_m_hair_0002_lod.nif,,n_h_01_a_m_body_lod.nif,,n_h_02_a_m_legs_lod.nif,,,,,,2000.0f,3000.0f,4000.0f,5000.0f,8000.0f,,0,0
30004,Npc,30000.kfm,n_h_m_face_0001_lod.nif,,n_h_m_hair_0001_lod.nif,,n_h_02_a_m_body_lod.nif,,n_h_01_a_m_legs_lod.nif,,,,,,2000.0f,3000.0f,4000.0f,5000.0f,8000.0f,,0,0
30010,Npc,30010.kfm,n_h_m_face_0002_lod.nif,,n_h_m_hair_0001_lod.nif,,n_h_02_a_m_body_lod.nif,,n_h_02_a_m_legs_lod.nif,,,,,,2000.0f,3000.0f,4000.0f,5000.0f,8000.0f,,0,0
30011,Npc,30010.kfm,n_h_m_face_0001_lod.nif,,n_h_m_hair_0002_lod.nif,,n_h_02_a_m_body_lod.nif,,n_h_01_a_m_legs_lod.nif,,,,,,2000.0f,3000.0f,4000.0f,5000.0f,8000.0f,,0,0
30012,Npc,30010.kfm,n_h_m_face_0002_lod.nif,,n_h_m_hair_0002_lod.nif,,n_h_02_a_m_body_lod.nif,,n_h_02_a_m_legs_lod.nif,,,,,,2000.0f,3000.0f,4000.0f,5000.0f,8000.0f,,0,0
30013,Npc,30010.kfm,n_h_m_face_0001_lod.nif,,n_h_m_hair_0001_lod.nif,,n_h_01_a_m_body_lod.nif,,n_h_01_a_m_legs_lod.nif,,,,,,2000.0f,3000.0f,4000.0f,5000.0f,8000.0f,,0,0
30014,Npc,30010.kfm,n_h_m_face_0002_lod.nif,,n_h_m_hair_0001_lod.nif,,n_h_01_a_m_body_lod.nif,,n_h_02_a_m_legs_lod.nif,,,,,,2000.0f,3000.0f,4000.0f,5000.0f,8000.0f,,0,0
30100,Npc,30100.kfm,n_h_m_face_0001_lod.nif,,n_h_m_hair_0001_lod.nif,,n_h_01_a_m_body_lod.nif,,n_h_01_a_m_legs_lod.nif,,,,,,2000.0f,3000.0f,4000.0f,5000.0f,8000.0f,,0,0
30101,Npc,30100.kfm,n_h_m_face_0002_lod.nif,,n_h_m_hair_0001_lod.nif,,n_h_01_a_m_body_lod.nif,,n_h_02_a_m_legs_lod.nif,,,,,,2000.0f,3000.0f,4000.0f,5000.0f,8000.0f,,0,0
30102,Npc,30100.kfm,n_h_m_face_0001_lod.nif,,n_h_m_hair_0002_lod.nif,,n_h_01_a_m_body_lod.nif,,n_h_01_a_m_legs_lod.nif,,,,,,2000.0f,3000.0f,4000.0f,5000.0f,8000.0f,,0,0
30103,Npc,30100.kfm,n_h_m_face_0002_lod.nif,,n_h_m_hair_0002_lod.nif,,n_h_01_a_m_body_lod.nif,,n_h_02_a_m_legs_lod.nif,,,,,,2000.0f,3000.0f,4000.0f,5000.0f,8000.0f,,0,0
30104,Npc,30100.kfm,n_h_m_face_0001_lod.nif,,n_h_m_hair_0001_lod.nif,,n_h_02_a_m_body_lod.nif,,n_h_01_a_m_legs_lod.nif,,,,,,2000.0f,3000.0f,4000.0f,5000.0f,8000.0f,,0,0
30110,Npc,30110.kfm,n_h_m_face_0002_lod.nif,,n_h_m_hair_0001_lod.nif,,n_h_02_a_m_body_lod.nif,,n_h_02_a_m_legs_lod.nif,,,0|n_e_clam_lft_a_lod.nif,0|n_e_hamm_rgt_a_lod.nif,,2000.0f,3000.0f,4000.0f,5000.0f,8000.0f,,0,0
30111,Npc,30110.kfm,n_h_m_face_0001_lod.nif,,n_h_m_hair_0002_lod.nif,,n_h_02_a_m_body_lod.nif,,n_h_01_a_m_legs_lod.nif,,,0|n_e_clam_lft_a_lod.nif,0|n_e_hamm_rgt_a_lod.nif,,2000.0f,3000.0f,4000.0f,5000.0f,8000.0f,,0,0
30112,Npc,30110.kfm,n_h_m_face_0002_lod.nif,,n_h_m_hair_0002_lod.nif,,n_h_02_a_m_body_lod.nif,,n_h_02_a_m_legs_lod.nif,,,0|n_e_clam_lft_a_lod.nif,0|n_e_hamm_rgt_a_lod.nif,,2000.0f,3000.0f,4000.0f,5000.0f,8000.0f,,0,0
30113,Npc,30110.kfm,n_h_m_face_0001_lod.nif,,n_h_m_hair_0001_lod.nif,,n_h_01_a_m_body_lod.nif,,n_h_01_a_m_legs_lod.nif,,,0|n_e_clam_lft_a_lod.nif,0|n_e_hamm_rgt_a_lod.nif,,2000.0f,3000.0f,4000.0f,5000.0f,8000.0f,,0,0
30114,Npc,30110.kfm,n_h_m_face_0002_lod.nif,,n_h_m_hair_0001_lod.nif,,n_h_01_a_m_body_lod.nif,,n_h_02_a_m_legs_lod.nif,,,0|n_e_clam_lft_a_lod.nif,0|n_e_hamm_rgt_a_lod.nif,,2000.0f,3000.0f,4000.0f,5000.0f,8000.0f,,0,0
30120,Npc,30120.kfm,n_h_m_face_0001_lod.nif,,n_h_m_hair_0001_lod.nif,,n_h_01_a_m_body_lod.nif,,n_h_01_a_m_legs_lod.nif,,,0|n_e_note_lft_a_lod.nif,0|n_e_tpen_rgt_a_lod.nif,,2000.0f,3000.0f,4000.0f,5000.0f,8000.0f,,0,0
30121,Npc,30120.kfm,n_h_m_face_0002_lod.nif,,n_h_m_hair_0001_lod.nif,,n_h_01_a_m_body_lod.nif,,n_h_02_a_m_legs_lod.nif,,,0|n_e_note_lft_a_lod.nif,0|n_e_tpen_rgt_a_lod.nif,,2000.0f,3000.0f,4000.0f,5000.0f,8000.0f,,0,0
30122,Npc,30120.kfm,n_h_m_face_0001_lod.nif,,n_h_m_hair_0002_lod.nif,,n_h_01_a_m_body_lod.nif,,n_h_01_a_m_legs_lod.nif,,,0|n_e_note_lft_a_lod.nif,0|n_e_tpen_rgt_a_lod.nif,,2000.0f,3000.0f,4000.0f,5000.0f,8000.0f,,0,0
30123,Npc,30120.kfm,n_h_m_face_0002_lod.nif,,n_h_m_hair_0002_lod.nif,,n_h_01_a_m_body_lod.nif,,n_h_02_a_m_legs_lod.nif,,,0|n_e_note_lft_a_lod.nif,0|n_e_tpen_rgt_a_lod.nif,,2000.0f,3000.0f,4000.0f,5000.0f,8000.0f,,0,0
30124,Npc,30120.kfm,n_h_m_face_0001_lod.nif,,n_h_m_hair_0001_lod.nif,,n_h_02_a_m_body_lod.nif,,n_h_01_a_m_legs_lod.nif,,,0|n_e_note_lft_a_lod.nif,0|n_e_tpen_rgt_a_lod.nif,,2000.0f,3000.0f,4000.0f,5000.0f,8000.0f,,0,0
30200,Npc,30200.kfm,n_h_m_face_0002_lod.nif,,n_h_m_hair_0001_lod.nif,,n_h_02_a_m_body_lod.nif,,n_h_02_a_m_legs_lod.nif,,,,,,2000.0f,3000.0f,4000.0f,5000.0f,8000.0f,,0,0
30201,Npc,30200.kfm,n_h_m_face_0001_lod.nif,,n_h_m_hair_0002_lod.nif,,n_h_02_a_m_body_lod.nif,,n_h_01_a_m_legs_lod.nif,,,,,,2000.0f,3000.0f,4000.0f,5000.0f,8000.0f,,0,0
30202,Npc,30200.kfm,n_h_m_face_0002_lod.nif,,n_h_m_hair_0002_lod.nif,,n_h_02_a_m_body_lod.nif,,n_h_02_a_m_legs_lod.nif,,,,,,2000.0f,3000.0f,4000.0f,5000.0f,8000.0f,,0,0
30203,Npc,30200.kfm,n_h_m_face_0001_lod.nif,,n_h_m_hair_0001_lod.nif,,n_h_01_a_m_body_lod.nif,,n_h_01_a_m_legs_lod.nif,,,,,,2000.0f,3000.0f,4000.0f,5000.0f,8000.0f,,0,0
30204,Npc,30200.kfm,n_h_m_face_0002_lod.nif,,n_h_m_hair_0001_lod.nif,,n_h_01_a_m_body_lod.nif,,n_h_02_a_m_legs_lod.nif,,,,,,2000.0f,3000.0f,4000.0f,5000.0f,8000.0f,,0,0
30210,Npc,30210.kfm,n_h_m_face_0002_lod.nif,,n_h_m_hair_0001_lod.nif,,n_h_02_a_m_body_lod.nif,,n_h_02_a_m_legs_lod.nif,,,,,,2000.0f,3000.0f,4000.0f,5000.0f,8000.0f,,0,0
30211,Npc,30210.kfm,n_h_m_face_0001_lod.nif,,n_h_m_hair_0002_lod.nif,,n_h_02_a_m_body_lod.nif,,n_h_01_a_m_legs_lod.nif,,,,,,2000.0f,3000.0f,4000.0f,5000.0f,8000.0f,,0,0
30212,Npc,30210.kfm,n_h_m_face_0002_lod.nif,,n_h_m_hair_0002_lod.nif,,n_h_02_a_m_body_lod.nif,,n_h_02_a_m_legs_lod.nif,,,,,,2000.0f,3000.0f,4000.0f,5000.0f,8000.0f,,0,0
30213,Npc,30210.kfm,n_h_m_face_0001_lod.nif,,n_h_m_hair_0001_lod.nif,,n_h_01_a_m_body_lod.nif,,n_h_01_a_m_legs_lod.nif,,,,,,2000.0f,3000.0f,4000.0f,5000.0f,8000.0f,,0,0
30214,Npc,30210.kfm,n_h_m_face_0002_lod.nif,,n_h_m_hair_0001_lod.nif,,n_h_01_a_m_body_lod.nif,,n_h_02_a_m_legs_lod.nif,,,,,,2000.0f,3000.0f,4000.0f,5000.0f,8000.0f,,0,0
30220,Npc,30220.kfm,n_h_m_face_0001_gho.bif,,n_h_m_hair_0001_gho.bif,,n_h_01_a_m_body_gho.bif,,n_h_01_a_m_legs_gho.bif,,,,,,2000.0f,3000.0f,4000.0f,5000.0f,8000.0f,30220_ghost,0,0
30500,Npc,30500.kfm,n_h_f_face_0001_lod.nif,,n_h_f_hair_0001_lod.nif,,n_h_01_a_f_body_lod.nif,,n_h_01_a_f_legs_lod.nif,,,,,,2000.0f,3000.0f,4000.0f,5000.0f,8000.0f,,0,0
30501,Npc,30500.kfm,n_h_f_face_0002_lod.nif,,n_h_f_hair_0001_lod.nif,,n_h_01_a_f_body_lod.nif,,n_h_02_a_f_legs_lod.nif,,,,,,2000.0f,3000.0f,4000.0f,5000.0f,8000.0f,,0,0
30502,Npc,30500.kfm,n_h_f_face_0003_lod.nif,,n_h_f_hair_0001_lod.nif,,n_h_01_a_f_body_lod.nif,,n_h_03_a_f_legs_lod.nif,,,,,,2000.0f,3000.0f,4000.0f,5000.0f,8000.0f,,0,0
30503,Npc,30500.kfm,n_h_f_face_0001_lod.nif,,n_h_f_hair_0002_lod.nif,,n_h_01_a_f_body_lod.nif,,n_h_01_a_f_legs_lod.nif,,,,,,2000.0f,3000.0f,4000.0f,5000.0f,8000.0f,,0,0
30504,Npc,30500.kfm,n_h_f_face_0002_lod.nif,,n_h_f_hair_0002_lod.nif,,n_h_01_a_f_body_lod.nif,,n_h_02_a_f_legs_lod.nif,,,,,,2000.0f,3000.0f,4000.0f,5000.0f,8000.0f,,0,0
30510,Npc,30510.kfm,n_h_f_face_0003_lod.nif,,n_h_f_hair_0002_lod.nif,,n_h_01_a_f_body_lod.nif,,n_h_03_a_f_legs_lod.nif,,,,,,2000.0f,3000.0f,4000.0f,5000.0f,8000.0f,,0,0
30511,Npc,30510.kfm,n_h_f_face_0001_lod.nif,,n_h_f_hair_0003_lod.nif,,n_h_01_a_f_body_lod.nif,,n_h_01_a_f_legs_lod.nif,,,,,,2000.0f,3000.0f,4000.0f,5000.0f,8000.0f,,0,0
30512,Npc,30510.kfm,n_h_f_face_0002_lod.nif,,n_h_f_hair_0003_lod.nif,,n_h_01_a_f_body_lod.nif,,n_h_02_a_f_legs_lod.nif,,,,,,2000.0f,3000.0f,4000.0f,5000.0f,8000.0f,,0,0
30513,Npc,30510.kfm,n_h_f_face_0003_lod.nif,,n_h_f_hair_0003_lod.nif,,n_h_01_a_f_body_lod.nif,,n_h_03_a_f_legs_lod.nif,,,,,,2000.0f,3000.0f,4000.0f,5000.0f,8000.0f,,0,0
30514,Npc,30510.kfm,n_h_f_face_0001_lod.nif,,n_h_f_hair_0001_lod.nif,,n_h_02_a_f_body_lod.nif,,n_h_01_a_f_legs_lod.nif,,,,,,2000.0f,3000.0f,4000.0f,5000.0f,8000.0f,,0,0
30600,Npc,30600.kfm,n_h_f_face_0002_lod.nif,,n_h_f_hair_0001_lod.nif,,n_h_02_a_f_body_lod.nif,,n_h_02_a_f_legs_lod.nif,,,,,,2000.0f,3000.0f,4000.0f,5000.0f,8000.0f,,0,0
30601,Npc,30600.kfm,n_h_f_face_0002_lod.nif,,n_h_f_hair_0001_lod.nif,,n_h_01_a_f_body_lod.nif,,n_h_02_a_f_legs_lod.nif,,,,,,2000.0f,3000.0f,4000.0f,5000.0f,8000.0f,,0,0
30602,Npc,30600.kfm,n_h_f_face_0003_lod.nif,,n_h_f_hair_0001_lod.nif,,n_h_01_a_f_body_lod.nif,,n_h_03_a_f_legs_lod.nif,,,,,,2000.0f,3000.0f,4000.0f,5000.0f,8000.0f,,0,0
30603,Npc,30600.kfm,n_h_f_face_0001_lod.nif,,n_h_f_hair_0002_lod.nif,,n_h_01_a_f_body_lod.nif,,n_h_01_a_f_legs_lod.nif,,,,,,2000.0f,3000.0f,4000.0f,5000.0f,8000.0f,,0,0
30604,Npc,30600.kfm,n_h_f_face_0002_lod.nif,,n_h_f_hair_0002_lod.nif,,n_h_01_a_f_body_lod.nif,,n_h_02_a_f_legs_lod.nif,,,,,,2000.0f,3000.0f,4000.0f,5000.0f,8000.0f,,0,0
30610,Npc,30610.kfm,n_h_f_face_0003_lod.nif,,n_h_f_hair_0001_lod.nif,,n_h_03_a_f_body_lod.nif,,n_h_03_a_f_legs_lod.nif,,,0|n_e_clam_lft_a_lod.nif,0|n_e_hamm_rgt_a_lod.nif,,2000.0f,3000.0f,4000.0f,5000.0f,8000.0f,,0,0
30611,Npc,30610.kfm,n_h_f_face_0002_lod.nif,,n_h_f_hair_0001_lod.nif,,n_h_01_a_f_body_lod.nif,,n_h_02_a_f_legs_lod.nif,,,0|n_e_clam_lft_a_lod.nif,0|n_e_hamm_rgt_a_lod.nif,,2000.0f,3000.0f,4000.0f,5000.0f,8000.0f,,0,0
30612,Npc,30610.kfm,n_h_f_face_0003_lod.nif,,n_h_f_hair_0001_lod.nif,,n_h_01_a_f_body_lod.nif,,n_h_03_a_f_legs_lod.nif,,,0|n_e_clam_lft_a_lod.nif,0|n_e_hamm_rgt_a_lod.nif,,2000.0f,3000.0f,4000.0f,5000.0f,8000.0f,,0,0
30613,Npc,30610.kfm,n_h_f_face_0001_lod.nif,,n_h_f_hair_0002_lod.nif,,n_h_01_a_f_body_lod.nif,,n_h_01_a_f_legs_lod.nif,,,0|n_e_clam_lft_a_lod.nif,0|n_e_hamm_rgt_a_lod.nif,,2000.0f,3000.0f,4000.0f,5000.0f,8000.0f,,0,0
30614,Npc,30610.kfm,n_h_f_face_0002_lod.nif,,n_h_f_hair_0002_lod.nif,,n_h_01_a_f_body_lod.nif,,n_h_02_a_f_legs_lod.nif,,,0|n_e_clam_lft_a_lod.nif,0|n_e_hamm_rgt_a_lod.nif,,2000.0f,3000.0f,4000.0f,5000.0f,8000.0f,,0,0
30620,Npc,30620.kfm,n_h_f_face_0001_lod.nif,,n_h_f_hair_0002_lod.nif,,n_h_02_a_f_body_lod.nif,,n_h_02_a_f_legs_lod.nif,,,0|n_e_note_lft_a_lod.nif,0|n_e_tpen_rgt_a_lod.nif,,2000.0f,3000.0f,4000.0f,5000.0f,8000.0f,,0,0
30621,Npc,30620.kfm,n_h_f_face_0002_lod.nif,,n_h_f_hair_0001_lod.nif,,n_h_01_a_f_body_lod.nif,,n_h_02_a_f_legs_lod.nif,,,0|n_e_note_lft_a_lod.nif,0|n_e_tpen_rgt_a_lod.nif,,2000.0f,3000.0f,4000.0f,5000.0f,8000.0f,,0,0
30622,Npc,30620.kfm,n_h_f_face_0003_lod.nif,,n_h_f_hair_0001_lod.nif,,n_h_01_a_f_body_lod.nif,,n_h_03_a_f_legs_lod.nif,,,0|n_e_note_lft_a_lod.nif,0|n_e_tpen_rgt_a_lod.nif,,2000.0f,3000.0f,4000.0f,5000.0f,8000.0f,,0,0
30623,Npc,30620.kfm,n_h_f_face_0001_lod.nif,,n_h_f_hair_0002_lod.nif,,n_h_01_a_f_body_lod.nif,,n_h_01_a_f_legs_lod.nif,,,0|n_e_note_lft_a_lod.nif,0|n_e_tpen_rgt_a_lod.nif,,2000.0f,3000.0f,4000.0f,5000.0f,8000.0f,,0,0
30624,Npc,30620.kfm,n_h_f_face_0002_lod.nif,,n_h_f_hair_0002_lod.nif,,n_h_01_a_f_body_lod.nif,,n_h_02_a_f_legs_lod.nif,,,0|n_e_note_lft_a_lod.nif,0|n_e_tpen_rgt_a_lod.nif,,2000.0f,3000.0f,4000.0f,5000.0f,8000.0f,,0,0
30700,Npc,30700.kfm,n_h_f_face_0002_lod.nif,,n_h_f_hair_0002_lod.nif,,n_h_02_a_f_body_lod.nif,,n_h_02_a_f_legs_lod.nif,,,,,,2000.0f,3000.0f,4000.0f,5000.0f,8000.0f,,0,0
30701,Npc,30700.kfm,n_h_f_face_0003_lod.nif,,n_h_f_hair_0002_lod.nif,,n_h_02_a_f_body_lod.nif,,n_h_03_a_f_legs_lod.nif,,,,,,2000.0f,3000.0f,4000.0f,5000.0f,8000.0f,,0,0
30702,Npc,30700.kfm,n_h_f_face_0001_lod.nif,,n_h_f_hair_0003_lod.nif,,n_h_02_a_f_body_lod.nif,,n_h_01_a_f_legs_lod.nif,,,,,,2000.0f,3000.0f,4000.0f,5000.0f,8000.0f,,0,0
30703,Npc,30700.kfm,n_h_f_face_0002_lod.nif,,n_h_f_hair_0003_lod.nif,,n_h_02_a_f_body_lod.nif,,n_h_02_a_f_legs_lod.nif,,,,,,2000.0f,3000.0f,4000.0f,5000.0f,8000.0f,,0,0
30704,Npc,30700.kfm,n_h_f_face_0003_lod.nif,,n_h_f_hair_0003_lod.nif,,n_h_02_a_f_body_lod.nif,,n_h_03_a_f_legs_lod.nif,,,,,,2000.0f,3000.0f,4000.0f,5000.0f,8000.0f,,0,0
30710,Npc,30710.kfm,n_h_f_face_0001_lod.nif,,n_h_f_hair_0001_lod.nif,,n_h_03_a_f_body_lod.nif,,n_h_01_a_f_legs_lod.nif,,,,,,2000.0f,3000.0f,4000.0f,5000.0f,8000.0f,,0,0
30711,Npc,30710.kfm,n_h_f_face_0002_lod.nif,,n_h_f_hair_0001_lod.nif,,n_h_03_a_f_body_lod.nif,,n_h_02_a_f_legs_lod.nif,,,,,,2000.0f,3000.0f,4000.0f,5000.0f,8000.0f,,0,0
30712,Npc,30710.kfm,n_h_f_face_0003_lod.nif,,n_h_f_hair_0001_lod.nif,,n_h_03_a_f_body_lod.nif,,n_h_03_a_f_legs_lod.nif,,,,,,2000.0f,3000.0f,4000.0f,5000.0f,8000.0f,,0,0
30713,Npc,30710.kfm,n_h_f_face_0001_lod.nif,,n_h_f_hair_0002_lod.nif,,n_h_03_a_f_body_lod.nif,,n_h_01_a_f_legs_lod.nif,,,,,,2000.0f,3000.0f,4000.0f,5000.0f,8000.0f,,0,0
30714,Npc,30710.kfm,n_h_f_face_0002_lod.nif,,n_h_f_hair_0002_lod.nif,,n_h_03_a_f_body_lod.nif,,n_h_02_a_f_legs_lod.nif,,,,,,2000.0f,3000.0f,4000.0f,5000.0f,8000.0f,,0,0
30720,Npc,30720.kfm,n_h_f_face_0001_gho.bif,,n_h_f_hair_0001_gho.bif,,n_h_01_a_f_body_gho.bif,,n_h_01_a_f_legs_gho.bif,,,,,,2000.0f,3000.0f,4000.0f,5000.0f,8000.0f,30720_ghost,0,0
32000,Npc,32000.kfm,n_d_01_a_m_face_lod.nif,,n_d_m_hair_0001_lod.nif,,n_d_01_a_m_body_lod.nif,,n_d_01_a_m_legs_lod.nif,,,,,,2000.0f,3000.0f,4000.0f,5000.0f,8000.0f,,0,0
32010,Npc,32010.kfm,n_d_02_a_m_face_lod.nif,,n_d_m_hair_0002_lod.nif,,n_d_02_a_m_body_lod.nif,,n_d_02_a_m_legs_lod.nif,,,,,,2000.0f,3000.0f,4000.0f,5000.0f,8000.0f,,0,0
32100,Npc,32100.kfm,n_d_03_a_m_face_lod.nif,,n_d_m_hair_0003_lod.nif,,n_d_03_a_m_body_lod.nif,,n_d_03_a_m_legs_lod.nif,,,,,,2000.0f,3000.0f,4000.0f,5000.0f,8000.0f,,0,0
32110,Npc,32110.kfm,n_d_01_a_m_face_lod.nif,,n_d_m_hair_0001_lod.nif,,n_d_01_a_m_body_lod.nif,,n_d_01_a_m_legs_lod.nif,,,0|n_e_clam_lft_a_lod.nif,0|n_e_hamm_rgt_a_lod.nif,,2000.0f,3000.0f,4000.0f,5000.0f,8000.0f,,0,0
32120,Npc,32120.kfm,n_d_02_a_m_face_lod.nif,,n_d_m_hair_0002_lod.nif,,n_d_02_a_m_body_lod.nif,,n_d_02_a_m_legs_lod.nif,,,0|n_e_note_lft_a_lod.nif,0|n_e_tpen_rgt_a_lod.nif,,2000.0f,3000.0f,4000.0f,5000.0f,8000.0f,,0,0
32200,Npc,32200.kfm,n_d_03_a_m_face_lod.nif,,n_d_m_hair_0003_lod.nif,,n_d_03_a_m_body_lod.nif,,n_d_03_a_m_legs_lod.nif,,,,,,2000.0f,3000.0f,4000.0f,5000.0f,8000.0f,,0,0
32210,Npc,32210.kfm,n_d_01_a_m_face_lod.nif,,n_d_m_hair_0001_lod.nif,,n_d_01_a_m_body_lod.nif,,n_d_01_a_m_legs_lod.nif,,,,,,2000.0f,3000.0f,4000.0f,5000.0f,8000.0f,,0,0
32500,Npc,32500.kfm,n_d_01_a_f_face_lod.nif,,n_d_f_hair_0001_lod.nif,,n_d_01_a_f_body_lod.nif,,n_d_01_a_f_legs_lod.nif,,,,,,2000.0f,3000.0f,4000.0f,5000.0f,8000.0f,,0,0
32510,Npc,32510.kfm,n_d_02_a_f_face_lod.nif,,n_d_f_hair_0002_lod.nif,,n_d_02_a_f_body_lod.nif,,n_d_02_a_f_legs_lod.nif,,,,,,2000.0f,3000.0f,4000.0f,5000.0f,8000.0f,,0,0
32600,Npc,32600.kfm,n_d_03_a_f_face_lod.nif,,n_d_f_hair_0003_lod.nif,,n_d_03_a_f_body_lod.nif,,n_d_03_a_f_legs_lod.nif,,,,,,2000.0f,3000.0f,4000.0f,5000.0f,8000.0f,,0,0
32610,Npc,32610.kfm,n_d_01_a_f_face_lod.nif,,n_d_f_hair_0001_lod.nif,,n_d_01_a_f_body_lod.nif,,n_d_01_a_f_legs_lod.nif,,,0|n_e_clam_lft_a_lod.nif,0|n_e_hamm_rgt_a_lod.nif,,2000.0f,3000.0f,4000.0f,5000.0f,8000.0f,,0,0
32620,Npc,32620.kfm,n_d_02_a_f_face_lod.nif,,n_d_f_hair_0002_lod.nif,,n_d_02_a_f_body_lod.nif,,n_d_02_a_f_legs_lod.nif,,,0|n_e_note_lft_a_lod.nif,0|n_e_tpen_rgt_a_lod.nif,,2000.0f,3000.0f,4000.0f,5000.0f,8000.0f,,0,0
32700,Npc,32700.kfm,n_d_03_a_f_face_lod.nif,,n_d_f_hair_0003_lod.nif,,n_d_03_a_f_body_lod.nif,,n_d_03_a_f_legs_lod.nif,,,,,,2000.0f,3000.0f,4000.0f,5000.0f,8000.0f,,0,0
32710,Npc,32710.kfm,n_d_01_a_f_face_lod.nif,,n_d_f_hair_0001_lod.nif,,n_d_01_a_f_body_lod.nif,,n_d_01_a_f_legs_lod.nif,,,,,,2000.0f,3000.0f,4000.0f,5000.0f,8000.0f,,0,0
33000,Npc,33000.kfm,n_o_m_face_0001_lod.nif,,n_o_m_hair_0001_lod.nif,,n_o_01_a_m_body_lod.nif,,n_o_01_a_m_legs_lod.nif,,,,,,2000.0f,3000.0f,4000.0f,5000.0f,8000.0f,,0,0
33001,Npc,33000.kfm,n_o_m_face_0002_lod.nif,,n_o_m_hair_0001_lod.nif,,n_o_01_a_m_body_lod.nif,,n_o_02_a_m_legs_lod.nif,,,,,,2000.0f,3000.0f,4000.0f,5000.0f,8000.0f,,0,0
33002,Npc,33000.kfm,n_o_m_face_0003_lod.nif,,n_o_m_hair_0001_lod.nif,,n_o_01_a_m_body_lod.nif,,n_o_03_a_m_legs_lod.nif,,,,,,2000.0f,3000.0f,4000.0f,5000.0f,8000.0f,,0,0
33003,Npc,33000.kfm,n_o_m_face_0001_lod.nif,,n_o_m_hair_0002_lod.nif,,n_o_01_a_m_body_lod.nif,,n_o_01_a_m_legs_lod.nif,,,,,,2000.0f,3000.0f,4000.0f,5000.0f,8000.0f,,0,0
33004,Npc,33000.kfm,n_o_m_face_0002_lod.nif,,n_o_m_hair_0002_lod.nif,,n_o_01_a_m_body_lod.nif,,n_o_02_a_m_legs_lod.nif,,,,,,2000.0f,3000.0f,4000.0f,5000.0f,8000.0f,,0,0
33010,Npc,33010.kfm,n_o_m_face_0003_lod.nif,,n_o_m_hair_0002_lod.nif,,n_o_01_a_m_body_lod.nif,,n_o_03_a_m_legs_lod.nif,,,,,,2000.0f,3000.0f,4000.0f,5000.0f,8000.0f,,0,0
33011,Npc,33010.kfm,n_o_m_face_0001_lod.nif,,n_o_m_hair_0003_lod.nif,,n_o_01_a_m_body_lod.nif,,n_o_01_a_m_legs_lod.nif,,,,,,2000.0f,3000.0f,4000.0f,5000.0f,8000.0f,,0,0
33012,Npc,33010.kfm,n_o_m_face_0002_lod.nif,,n_o_m_hair_0003_lod.nif,,n_o_01_a_m_body_lod.nif,,n_o_02_a_m_legs_lod.nif,,,,,,2000.0f,3000.0f,4000.0f,5000.0f,8000.0f,,0,0
33013,Npc,33010.kfm,n_o_m_face_0003_lod.nif,,n_o_m_hair_0003_lod.nif,,n_o_01_a_m_body_lod.nif,,n_o_03_a_m_legs_lod.nif,,,,,,2000.0f,3000.0f,4000.0f,5000.0f,8000.0f,,0,0
33014,Npc,33010.kfm,n_o_m_face_0001_lod.nif,,n_o_m_hair_0001_lod.nif,,n_o_02_a_m_body_lod.nif,,n_o_01_a_m_legs_lod.nif,,,,,,2000.0f,3000.0f,4000.0f,5000.0f,8000.0f,,0,0
33100,Npc,33100.kfm,n_o_m_face_0002_lod.nif,,n_o_m_hair_0001_lod.nif,,n_o_02_a_m_body_lod.nif,,n_o_02_a_m_legs_lod.nif,,,,,,2000.0f,3000.0f,4000.0f,5000.0f,8000.0f,,0,0
33101,Npc,33100.kfm,n_o_m_face_0001_lod.nif,,n_o_m_hair_0003_lod.nif,,n_o_01_a_m_body_lod.nif,,n_o_01_a_m_legs_lod.nif,,,,,,2000.0f,3000.0f,4000.0f,5000.0f,8000.0f,,0,0
33102,Npc,33100.kfm,n_o_m_face_0002_lod.nif,,n_o_m_hair_0003_lod.nif,,n_o_01_a_m_body_lod.nif,,n_o_02_a_m_legs_lod.nif,,,,,,2000.0f,3000.0f,4000.0f,5000.0f,8000.0f,,0,0
33103,Npc,33100.kfm,n_o_m_face_0003_lod.nif,,n_o_m_hair_0003_lod.nif,,n_o_01_a_m_body_lod.nif,,n_o_03_a_m_legs_lod.nif,,,,,,2000.0f,3000.0f,4000.0f,5000.0f,8000.0f,,0,0
33104,Npc,33100.kfm,n_o_m_face_0001_lod.nif,,n_o_m_hair_0001_lod.nif,,n_o_02_a_m_body_lod.nif,,n_o_01_a_m_legs_lod.nif,,,,,,2000.0f,3000.0f,4000.0f,5000.0f,8000.0f,,0,0
33110,Npc,33110.kfm,n_o_m_face_0002_lod.nif,,n_o_m_hair_0003_lod.nif,,n_o_03_a_m_body_lod.nif,,n_o_03_a_m_legs_lod.nif,,,0|n_e_clam_lft_a_lod.nif,0|n_e_hamm_rgt_a_lod.nif,,2000.0f,3000.0f,4000.0f,5000.0f,8000.0f,,0,0
33111,Npc,33110.kfm,n_o_m_face_0001_lod.nif,,n_o_m_hair_0003_lod.nif,,n_o_01_a_m_body_lod.nif,,n_o_01_a_m_legs_lod.nif,,,0|n_e_clam_lft_a_lod.nif,0|n_e_hamm_rgt_a_lod.nif,,2000.0f,3000.0f,4000.0f,5000.0f,8000.0f,,0,0
33112,Npc,33110.kfm,n_o_m_face_0002_lod.nif,,n_o_m_hair_0003_lod.nif,,n_o_01_a_m_body_lod.nif,,n_o_02_a_m_legs_lod.nif,,,0|n_e_clam_lft_a_lod.nif,0|n_e_hamm_rgt_a_lod.nif,,2000.0f,3000.0f,4000.0f,5000.0f,8000.0f,,0,0
33113,Npc,33110.kfm,n_o_m_face_0003_lod.nif,,n_o_m_hair_0003_lod.nif,,n_o_01_a_m_body_lod.nif,,n_o_03_a_m_legs_lod.nif,,,0|n_e_clam_lft_a_lod.nif,0|n_e_hamm_rgt_a_lod.nif,,2000.0f,3000.0f,4000.0f,5000.0f,8000.0f,,0,0
33114,Npc,33110.kfm,n_o_m_face_0001_lod.nif,,n_o_m_hair_0001_lod.nif,,n_o_02_a_m_body_lod.nif,,n_o_01_a_m_legs_lod.nif,,,0|n_e_clam_lft_a_lod.nif,0|n_e_hamm_rgt_a_lod.nif,,2000.0f,3000.0f,4000.0f,5000.0f,8000.0f,,0,0
33120,Npc,33120.kfm,n_o_m_face_0001_lod.nif,,n_o_m_hair_0002_lod.nif,,n_o_02_a_m_body_lod.nif,,n_o_02_a_m_legs_lod.nif,,,0|n_e_note_lft_a_lod.nif,0|n_e_tpen_rgt_a_lod.nif,,2000.0f,3000.0f,4000.0f,5000.0f,8000.0f,,0,0
33121,Npc,33120.kfm,n_o_m_face_0001_lod.nif,,n_o_m_hair_0003_lod.nif,,n_o_01_a_m_body_lod.nif,,n_o_01_a_m_legs_lod.nif,,,0|n_e_note_lft_a_lod.nif,0|n_e_tpen_rgt_a_lod.nif,,2000.0f,3000.0f,4000.0f,5000.0f,8000.0f,,0,0
33122,Npc,33120.kfm,n_o_m_face_0002_lod.nif,,n_o_m_hair_0003_lod.nif,,n_o_01_a_m_body_lod.nif,,n_o_02_a_m_legs_lod.nif,,,0|n_e_note_lft_a_lod.nif,0|n_e_tpen_rgt_a_lod.nif,,2000.0f,3000.0f,4000.0f,5000.0f,8000.0f,,0,0
33123,Npc,33120.kfm,n_o_m_face_0003_lod.nif,,n_o_m_hair_0003_lod.nif,,n_o_01_a_m_body_lod.nif,,n_o_03_a_m_legs_lod.nif,,,0|n_e_note_lft_a_lod.nif,0|n_e_tpen_rgt_a_lod.nif,,2000.0f,3000.0f,4000.0f,5000.0f,8000.0f,,0,0
33124,Npc,33120.kfm,n_o_m_face_0001_lod.nif,,n_o_m_hair_0001_lod.nif,,n_o_02_a_m_body_lod.nif,,n_o_01_a_m_legs_lod.nif,,,0|n_e_note_lft_a_lod.nif,0|n_e_tpen_rgt_a_lod.nif,,2000.0f,3000.0f,4000.0f,5000.0f,8000.0f,,0,0
33200,Npc,33200.kfm,n_o_m_face_0002_lod.nif,,n_o_m_hair_0002_lod.nif,,n_o_02_a_m_body_lod.nif,,n_o_02_a_m_legs_lod.nif,,,,,,2000.0f,3000.0f,4000.0f,5000.0f,8000.0f,,0,0
33201,Npc,33200.kfm,n_o_m_face_0003_lod.nif,,n_o_m_hair_0002_lod.nif,,n_o_02_a_m_body_lod.nif,,n_o_03_a_m_legs_lod.nif,,,,,,2000.0f,3000.0f,4000.0f,5000.0f,8000.0f,,0,0
33202,Npc,33200.kfm,n_o_m_face_0001_lod.nif,,n_o_m_hair_0003_lod.nif,,n_o_02_a_m_body_lod.nif,,n_o_01_a_m_legs_lod.nif,,,,,,2000.0f,3000.0f,4000.0f,5000.0f,8000.0f,,0,0
33203,Npc,33200.kfm,n_o_m_face_0002_lod.nif,,n_o_m_hair_0003_lod.nif,,n_o_02_a_m_body_lod.nif,,n_o_02_a_m_legs_lod.nif,,,,,,2000.0f,3000.0f,4000.0f,5000.0f,8000.0f,,0,0
33204,Npc,33200.kfm,n_o_m_face_0003_lod.nif,,n_o_m_hair_0003_lod.nif,,n_o_02_a_m_body_lod.nif,,n_o_03_a_m_legs_lod.nif,,,,,,2000.0f,3000.0f,4000.0f,5000.0f,8000.0f,,0,0
33210,Npc,33210.kfm,n_o_m_face_0001_lod.nif,,n_o_m_hair_0001_lod.nif,,n_o_03_a_m_body_lod.nif,,n_o_01_a_m_legs_lod.nif,,,,,,2000.0f,3000.0f,4000.0f,5000.0f,8000.0f,,0,0
33211,Npc,33210.kfm,n_o_m_face_0002_lod.nif,,n_o_m_hair_0001_lod.nif,,n_o_03_a_m_body_lod.nif,,n_o_02_a_m_legs_lod.nif,,,,,,2000.0f,3000.0f,4000.0f,5000.0f,8000.0f,,0,0
33212,Npc,33210.kfm,n_o_m_face_0003_lod.nif,,n_o_m_hair_0001_lod.nif,,n_o_03_a_m_body_lod.nif,,n_o_03_a_m_legs_lod.nif,,,,,,2000.0f,3000.0f,4000.0f,5000.0f,8000.0f,,0,0
33213,Npc,33210.kfm,n_o_m_face_0001_lod.nif,,n_o_m_hair_0002_lod.nif,,n_o_03_a_m_body_lod.nif,,n_o_01_a_m_legs_lod.nif,,,,,,2000.0f,3000.0f,4000.0f,5000.0f,8000.0f,,0,0
33214,Npc,33210.kfm,n_o_m_face_0002_lod.nif,,n_o_m_hair_0002_lod.nif,,n_o_03_a_m_body_lod.nif,,n_o_02_a_m_legs_lod.nif,,,,,,2000.0f,3000.0f,4000.0f,5000.0f,8000.0f,,0,0
33220,Npc,33220.kfm,n_o_m_face_0001_gho.bif,,n_o_m_hair_0001_gho.bif,,n_o_01_a_m_body_gho.bif,,n_o_01_a_m_legs_gho.bif,,,,,,2000.0f,3000.0f,4000.0f,5000.0f,8000.0f,33220_ghost,0,0
33500,Npc,33500.kfm,n_o_f_face_0001_lod.nif,,n_o_f_hair_0001_lod.nif,,n_o_01_a_f_body_lod.nif,,n_o_01_a_f_legs_lod.nif,,,,,,2000.0f,3000.0f,4000.0f,5000.0f,8000.0f,,0,0
33501,Npc,33500.kfm,n_o_f_face_0002_lod.nif,,n_o_f_hair_0001_lod.nif,,n_o_01_a_f_body_lod.nif,,n_o_02_a_f_legs_lod.nif,,,,,,2000.0f,3000.0f,4000.0f,5000.0f,8000.0f,,0,0
33502,Npc,33500.kfm,n_o_f_face_0001_lod.nif,,n_o_f_hair_0002_lod.nif,,n_o_01_a_f_body_lod.nif,,n_o_01_a_f_legs_lod.nif,,,,,,2000.0f,3000.0f,4000.0f,5000.0f,8000.0f,,0,0
33503,Npc,33500.kfm,n_o_f_face_0002_lod.nif,,n_o_f_hair_0002_lod.nif,,n_o_01_a_f_body_lod.nif,,n_o_02_a_f_legs_lod.nif,,,,,,2000.0f,3000.0f,4000.0f,5000.0f,8000.0f,,0,0
33504,Npc,33500.kfm,n_o_f_face_0001_lod.nif,,n_o_f_hair_0001_lod.nif,,n_o_02_a_f_body_lod.nif,,n_o_01_a_f_legs_lod.nif,,,,,,2000.0f,3000.0f,4000.0f,5000.0f,8000.0f,,0,0
33510,Npc,33510.kfm,n_o_f_face_0002_lod.nif,,n_o_f_hair_0001_lod.nif,,n_o_02_a_f_body_lod.nif,,n_o_02_a_f_legs_lod.nif,,,,,,2000.0f,3000.0f,4000.0f,5000.0f,8000.0f,,0,0
33511,Npc,33510.kfm,n_o_f_face_0001_lod.nif,,n_o_f_hair_0002_lod.nif,,n_o_02_a_f_body_lod.nif,,n_o_01_a_f_legs_lod.nif,,,,,,2000.0f,3000.0f,4000.0f,5000.0f,8000.0f,,0,0
33512,Npc,33510.kfm,n_o_f_face_0002_lod.nif,,n_o_f_hair_0002_lod.nif,,n_o_02_a_f_body_lod.nif,,n_o_02_a_f_legs_lod.nif,,,,,,2000.0f,3000.0f,4000.0f,5000.0f,8000.0f,,0,0
33513,Npc,33510.kfm,n_o_f_face_0001_lod.nif,,n_o_f_hair_0001_lod.nif,,n_o_02_a_f_body_lod.nif,,n_o_01_a_f_legs_lod.nif,,,,,,2000.0f,3000.0f,4000.0f,5000.0f,8000.0f,,0,0
33514,Npc,33510.kfm,n_o_f_face_0001_lod.nif,,n_o_f_hair_0001_lod.nif,,n_o_02_a_f_body_lod.nif,,n_o_01_a_f_legs_lod.nif,,,,,,2000.0f,3000.0f,4000.0f,5000.0f,8000.0f,,0,0
33600,Npc,33600.kfm,n_o_f_face_0001_lod.nif,,n_o_f_hair_0001_lod.nif,,n_o_02_a_f_body_lod.nif,,n_o_01_a_f_legs_lod.nif,,,,,,2000.0f,3000.0f,4000.0f,5000.0f,8000.0f,,0,0
33601,Npc,33600.kfm,n_o_f_face_0001_lod.nif,,n_o_f_hair_0002_lod.nif,,n_o_02_a_f_body_lod.nif,,n_o_01_a_f_legs_lod.nif,,,,,,2000.0f,3000.0f,4000.0f,5000.0f,8000.0f,,0,0
33602,Npc,33600.kfm,n_o_f_face_0002_lod.nif,,n_o_f_hair_0002_lod.nif,,n_o_02_a_f_body_lod.nif,,n_o_02_a_f_legs_lod.nif,,,,,,2000.0f,3000.0f,4000.0f,5000.0f,8000.0f,,0,0
33603,Npc,33600.kfm,n_o_f_face_0001_lod.nif,,n_o_f_hair_0001_lod.nif,,n_o_02_a_f_body_lod.nif,,n_o_01_a_f_legs_lod.nif,,,,,,2000.0f,3000.0f,4000.0f,5000.0f,8000.0f,,0,0
33604,Npc,33600.kfm,n_o_f_face_0001_lod.nif,,n_o_f_hair_0001_lod.nif,,n_o_02_a_f_body_lod.nif,,n_o_01_a_f_legs_lod.nif,,,,,,2000.0f,3000.0f,4000.0f,5000.0f,8000.0f,,0,0
33610,Npc,33610.kfm,n_o_f_face_0001_lod.nif,,n_o_f_hair_0002_lod.nif,,n_o_02_a_f_body_lod.nif,,n_o_02_a_f_legs_lod.nif,,,0|n_e_clam_lft_a_lod.nif,0|n_e_hamm_rgt_a_lod.nif,,2000.0f,3000.0f,4000.0f,5000.0f,8000.0f,,0,0
33611,Npc,33610.kfm,n_o_f_face_0001_lod.nif,,n_o_f_hair_0002_lod.nif,,n_o_02_a_f_body_lod.nif,,n_o_01_a_f_legs_lod.nif,,,0|n_e_clam_lft_a_lod.nif,0|n_e_hamm_rgt_a_lod.nif,,2000.0f,3000.0f,4000.0f,5000.0f,8000.0f,,0,0
33612,Npc,33610.kfm,n_o_f_face_0002_lod.nif,,n_o_f_hair_0002_lod.nif,,n_o_02_a_f_body_lod.nif,,n_o_02_a_f_legs_lod.nif,,,0|n_e_clam_lft_a_lod.nif,0|n_e_hamm_rgt_a_lod.nif,,2000.0f,3000.0f,4000.0f,5000.0f,8000.0f,,0,0
33613,Npc,33610.kfm,n_o_f_face_0001_lod.nif,,n_o_f_hair_0001_lod.nif,,n_o_02_a_f_body_lod.nif,,n_o_01_a_f_legs_lod.nif,,,0|n_e_clam_lft_a_lod.nif,0|n_e_hamm_rgt_a_lod.nif,,2000.0f,3000.0f,4000.0f,5000.0f,8000.0f,,0,0
33614,Npc,33610.kfm,n_o_f_face_0001_lod.nif,,n_o_f_hair_0001_lod.nif,,n_o_02_a_f_body_lod.nif,,n_o_01_a_f_legs_lod.nif,,,0|n_e_clam_lft_a_lod.nif,0|n_e_hamm_rgt_a_lod.nif,,2000.0f,3000.0f,4000.0f,5000.0f,8000.0f,,0,0
33620,Npc,33620.kfm,n_o_f_face_0001_lod.nif,,n_o_f_hair_0001_lod.nif,,n_o_02_a_f_body_lod.nif,,n_o_01_a_f_legs_lod.nif,,,0|n_e_note_lft_a_lod.nif,0|n_e_tpen_rgt_a_lod.nif,,2000.0f,3000.0f,4000.0f,5000.0f,8000.0f,,0,0
33621,Npc,33620.kfm,n_o_f_face_0001_lod.nif,,n_o_f_hair_0002_lod.nif,,n_o_02_a_f_body_lod.nif,,n_o_01_a_f_legs_lod.nif,,,0|n_e_note_lft_a_lod.nif,0|n_e_tpen_rgt_a_lod.nif,,2000.0f,3000.0f,4000.0f,5000.0f,8000.0f,,0,0
33622,Npc,33620.kfm,n_o_f_face_0002_lod.nif,,n_o_f_hair_0002_lod.nif,,n_o_02_a_f_body_lod.nif,,n_o_02_a_f_legs_lod.nif,,,0|n_e_note_lft_a_lod.nif,0|n_e_tpen_rgt_a_lod.nif,,2000.0f,3000.0f,4000.0f,5000.0f,8000.0f,,0,0
33623,Npc,33620.kfm,n_o_f_face_0001_lod.nif,,n_o_f_hair_0001_lod.nif,,n_o_02_a_f_body_lod.nif,,n_o_01_a_f_legs_lod.nif,,,0|n_e_note_lft_a_lod.nif,0|n_e_tpen_rgt_a_lod.nif,,2000.0f,3000.0f,4000.0f,5000.0f,8000.0f,,0,0
33624,Npc,33620.kfm,n_o_f_face_0001_lod.nif,,n_o_f_hair_0001_lod.nif,,n_o_02_a_f_body_lod.nif,,n_o_01_a_f_legs_lod.nif,,,0|n_e_note_lft_a_lod.nif,0|n_e_tpen_rgt_a_lod.nif,,2000.0f,3000.0f,4000.0f,5000.0f,8000.0f,,0,0
33700,Npc,33700.kfm,n_o_f_face_0001_lod.nif,,n_o_f_hair_0001_lod.nif,,n_o_01_a_f_body_lod.nif,,n_o_01_a_f_legs_lod.nif,,,,,,2000.0f,3000.0f,4000.0f,5000.0f,8000.0f,,0,0
33701,Npc,33700.kfm,n_o_f_face_0002_lod.nif,,n_o_f_hair_0001_lod.nif,,n_o_01_a_f_body_lod.nif,,n_o_02_a_f_legs_lod.nif,,,,,,2000.0f,3000.0f,4000.0f,5000.0f,8000.0f,,0,0
33702,Npc,33700.kfm,n_o_f_face_0001_lod.nif,,n_o_f_hair_0002_lod.nif,,n_o_01_a_f_body_lod.nif,,n_o_01_a_f_legs_lod.nif,,,,,,2000.0f,3000.0f,4000.0f,5000.0f,8000.0f,,0,0
33703,Npc,33700.kfm,n_o_f_face_0002_lod.nif,,n_o_f_hair_0002_lod.nif,,n_o_01_a_f_body_lod.nif,,n_o_02_a_f_legs_lod.nif,,,,,,2000.0f,3000.0f,4000.0f,5000.0f,8000.0f,,0,0
33704,Npc,33700.kfm,n_o_f_face_0001_lod.nif,,n_o_f_hair_0001_lod.nif,,n_o_02_a_f_body_lod.nif,,n_o_01_a_f_legs_lod.nif,,,,,,2000.0f,3000.0f,4000.0f,5000.0f,8000.0f,,0,0
33710,Npc,33710.kfm,n_o_f_face_0002_lod.nif,,n_o_f_hair_0001_lod.nif,,n_o_02_a_f_body_lod.nif,,n_o_02_a_f_legs_lod.nif,,,,,,2000.0f,3000.0f,4000.0f,5000.0f,8000.0f,,0,0
33711,Npc,33710.kfm,n_o_f_face_0001_lod.nif,,n_o_f_hair_0002_lod.nif,,n_o_02_a_f_body_lod.nif,,n_o_01_a_f_legs_lod.nif,,,,,,2000.0f,3000.0f,4000.0f,5000.0f,8000.0f,,0,0
33712,Npc,33710.kfm,n_o_f_face_0002_lod.nif,,n_o_f_hair_0002_lod.nif,,n_o_02_a_f_body_lod.nif,,n_o_02_a_f_legs_lod.nif,,,,,,2000.0f,3000.0f,4000.0f,5000.0f,8000.0f,,0,0
33713,Npc,33710.kfm,n_o_f_face_0001_lod.nif,,n_o_f_hair_0001_lod.nif,,n_o_02_a_f_body_lod.nif,,n_o_01_a_f_legs_lod.nif,,,,,,2000.0f,3000.0f,4000.0f,5000.0f,8000.0f,,0,0
33714,Npc,33710.kfm,n_o_f_face_0001_lod.nif,,n_o_f_hair_0001_lod.nif,,n_o_02_a_f_body_lod.nif,,n_o_01_a_f_legs_lod.nif,,,,,,2000.0f,3000.0f,4000.0f,5000.0f,8000.0f,,0,0
33720,Npc,33720.kfm,n_o_f_face_0001_gho.bif,,n_o_f_hair_0001_gho.bif,,n_o_01_a_f_body_gho.bif,,n_o_01_a_f_legs_gho.bif,,,,,,2000.0f,3000.0f,4000.0f,5000.0f,8000.0f,33720_ghost,0,0
40000,Npc,40000.kfm,,,,,t_stgr_a_0001_lod.nif,,,,,,,,2000.0f,3000.0f,4000.0f,5000.0f,8000.0f,40000_GM,0,1
40010,Npc,07003.kfm,,,,,m_gbst_a_lows_none_none_lod.nif,,,,,,7|n_sant_w_oblt_rgt_a_lod.nif,,2000.0f,3000.0f,4000.0f,5000.0f,8000.0f,,,
50000,Model,02000.kfm,p_h_m_face_0100_lod.nif,p_h_m_eyes_0000_lod.nif,p_h_m_hair_0000_lod.nif,p_h_01_g_m_helm_lod.nif,p_h_01_g_m_body_lod.bif,p_h_01_g_m_hand_lod.bif,,p_h_01_g_m_foot_lod.bif,,,11|p_w_tbla_03_all_lod.nif,,1000.0f,2000.0f,3000.0f,4000.0f,6000.0f,,0,0
50001,Model,02001.kfm,p_h_m_face_0101_lod.bif,p_h_m_eyes_0001_lod.bif,p_h_m_hair_0001_lod.nif,p_h_01_h_m_helm_lod.nif,p_h_01_h_m_body_lod.nif,p_h_01_h_m_hand_lod.nif,,p_h_01_h_m_foot_lod.nif,,,12|p_w_tarb_03_all_lod.nif,,1000.0f,2000.0f,3000.0f,4000.0f,6000.0f,,0,0
50002,Model,02002.kfm,p_h_m_face_0102_lod.bif,p_h_m_eyes_0002_lod.bif,p_h_m_hair_0002_lod.nif,p_h_02_h_m_helm_lod.nif,p_h_02_h_m_body_lod.nif,p_h_02_h_m_hand_lod.nif,,p_h_02_h_m_foot_lod.nif,,0|p_w_shld_03_lft_lod.nif,10|p_w_oswd_03_rgt_lod.nif,,1000.0f,2000.0f,3000.0f,4000.0f,6000.0f,,0,0
50003,Model,02003.kfm,p_h_m_face_0200_lod.nif,p_h_m_eyes_0003_lod.bif,p_h_m_hair_0003_lod.nif,p_h_02_i_m_helm_lod.nif,p_h_02_i_m_body_lod.nif,p_h_02_i_m_hand_lod.nif,,p_h_02_i_m_foot_lod.nif,,,2|p_w_tstf_03_all_lod.nif,,1000.0f,2000.0f,3000.0f,4000.0f,6000.0f,,0,0
50004,Model,02000.kfm,p_h_m_face_0201_lod.bif,p_h_m_eyes_0004_lod.bif,p_h_m_hair_0004_lod.nif,p_h_03_h_m_helm_lod.nif,p_h_03_h_m_body_lod.nif,p_h_03_h_m_hand_lod.nif,,p_h_03_h_m_foot_lod.nif,,,11|p_w_tbla_03_all_lod.nif,,1000.0f,2000.0f,3000.0f,4000.0f,6000.0f,,0,0
50005,Model,02001.kfm,p_h_m_face_0202_lod.bif,p_h_m_eyes_0005_lod.bif,p_h_m_hair_0005_lod.nif,p_h_03_i_m_helm_lod.nif,p_h_03_i_m_body_lod.nif,p_h_03_i_m_hand_lod.nif,,p_h_03_i_m_foot_lod.nif,,,12|p_w_tarb_03_all_lod.nif,,1000.0f,2000.0f,3000.0f,4000.0f,6000.0f,,0,0
50006,Model,02002.kfm,p_h_m_face_0300_lod.nif,p_h_m_eyes_0000_lod.nif,p_h_m_hair_0006_lod.nif,p_h_04_h_m_helm_lod.nif,p_h_04_h_m_body_lod.nif,p_h_04_h_m_hand_lod.nif,,p_h_04_h_m_foot_lod.nif,,0|p_w_shld_06_lft_lod.nif,10|p_w_oswd_03_rgt_lod.nif,,1000.0f,2000.0f,3000.0f,4000.0f,6000.0f,,0,0
50007,Model,02003.kfm,p_h_m_face_0301_lod.bif,p_h_m_eyes_0001_lod.bif,p_h_m_hair_0007_lod.nif,p_h_04_i_m_helm_lod.nif,p_h_04_i_m_body_lod.nif,p_h_04_i_m_hand_lod.nif,,p_h_04_i_m_foot_lod.nif,,,2|p_w_tstf_03_all_lod.nif,,1000.0f,2000.0f,3000.0f,4000.0f,6000.0f,,0,0
50008,Model,02000.kfm,p_h_m_face_0302_lod.bif,p_h_m_eyes_0002_lod.bif,p_h_m_hair_0008_lod.nif,p_h_05_h_m_helm_lod.nif,p_h_05_h_m_body_lod.nif,p_h_05_h_m_hand_lod.nif,,p_h_05_h_m_foot_lod.nif,,,11|p_w_tbla_03_all_lod.nif,,1000.0f,2000.0f,3000.0f,4000.0f,6000.0f,,0,0
50009,Model,02001.kfm,p_h_m_face_0400_lod.nif,p_h_m_eyes_0003_lod.bif,p_h_m_hair_0009_lod.nif,p_h_05_i_m_helm_lod.nif,p_h_05_i_m_body_lod.nif,p_h_05_i_m_hand_lod.nif,,p_h_05_i_m_foot_lod.nif,,,12|p_w_tarb_03_all_lod.nif,,1000.0f,2000.0f,3000.0f,4000.0f,6000.0f,,0,0
50010,Model,02002.kfm,p_h_m_face_0401_lod.bif,p_h_m_eyes_0004_lod.bif,p_h_m_hair_0004_lod.nif,p_h_06_i_m_helm_lod.nif,p_h_06_i_m_body_lod.nif,p_h_06_i_m_hand_lod.nif,,p_h_06_i_m_foot_lod.nif,,0|p_w_shld_09_lft_lod.nif,10|p_w_oswd_03_rgt_lod.nif,,1000.0f,2000.0f,3000.0f,4000.0f,6000.0f,,0,0
50011,Model,02003.kfm,p_h_m_face_0402_lod.bif,p_h_m_eyes_0005_lod.bif,p_h_m_hair_0005_lod.nif,p_h_06_i_m_helm_lod.nif,p_h_06_i_m_body_lod.nif,p_h_06_i_m_hand_lod.nif,,p_h_06_i_m_foot_lod.nif,,,2|p_w_tstf_03_all_lod.nif,,1000.0f,2000.0f,3000.0f,4000.0f,6000.0f,,0,0
50100,Model,02000.kfm,p_h_m_face_0100_lod.nif,p_h_m_eyes_0000_lod.nif,p_h_m_hair_0000_lod.nif,p_h_01_d_m_helm_lod.nif,p_h_01_d_m_body_lod.bif,p_h_01_d_m_hand_lod.bif,,p_h_01_d_m_foot_lod.bif,,,11|p_w_tbla_03_all_lod.nif,,1000.0f,2000.0f,3000.0f,4000.0f,6000.0f,,0,0
50101,Model,02001.kfm,p_h_m_face_0101_lod.bif,p_h_m_eyes_0001_lod.bif,p_h_m_hair_0001_lod.nif,p_h_01_e_m_helm_lod.nif,p_h_01_e_m_body_lod.nif,p_h_01_e_m_hand_lod.nif,,p_h_01_e_m_foot_lod.nif,,,12|p_w_tarb_03_all_lod.nif,,1000.0f,2000.0f,3000.0f,4000.0f,6000.0f,,0,0
50102,Model,02002.kfm,p_h_m_face_0102_lod.bif,p_h_m_eyes_0002_lod.bif,p_h_m_hair_0002_lod.nif,p_h_02_e_m_helm_lod.nif,p_h_02_e_m_body_lod.nif,p_h_02_e_m_hand_lod.nif,,p_h_02_e_m_foot_lod.nif,,0|p_w_shld_03_lft_lod.nif,10|p_w_oswd_03_rgt_lod.nif,,1000.0f,2000.0f,3000.0f,4000.0f,6000.0f,,0,0
50103,Model,02003.kfm,p_h_m_face_0200_lod.nif,p_h_m_eyes_0003_lod.bif,p_h_m_hair_0003_lod.nif,p_h_02_f_m_helm_lod.nif,p_h_02_f_m_body_lod.nif,p_h_02_f_m_hand_lod.nif,,p_h_02_f_m_foot_lod.nif,,,2|p_w_tstf_03_all_lod.nif,,1000.0f,2000.0f,3000.0f,4000.0f,6000.0f,,0,0
50104,Model,02000.kfm,p_h_m_face_0201_lod.bif,p_h_m_eyes_0004_lod.bif,p_h_m_hair_0004_lod.nif,p_h_03_e_m_helm_lod.nif,p_h_03_e_m_body_lod.nif,p_h_03_e_m_hand_lod.nif,,p_h_03_e_m_foot_lod.nif,,,11|p_w_tbla_03_all_lod.nif,,1000.0f,2000.0f,3000.0f,4000.0f,6000.0f,,0,0
50105,Model,02001.kfm,p_h_m_face_0202_lod.bif,p_h_m_eyes_0005_lod.bif,p_h_m_hair_0005_lod.nif,p_h_03_f_m_helm_lod.nif,p_h_03_f_m_body_lod.nif,p_h_03_f_m_hand_lod.nif,,p_h_03_f_m_foot_lod.nif,,,12|p_w_tarb_03_all_lod.nif,,1000.0f,2000.0f,3000.0f,4000.0f,6000.0f,,0,0
50106,Model,02002.kfm,p_h_m_face_0300_lod.nif,p_h_m_eyes_0000_lod.nif,p_h_m_hair_0006_lod.nif,p_h_04_e_m_helm_lod.nif,p_h_04_e_m_body_lod.nif,p_h_04_e_m_hand_lod.nif,,p_h_04_e_m_foot_lod.nif,,0|p_w_shld_06_lft_lod.nif,10|p_w_oswd_03_rgt_lod.nif,,1000.0f,2000.0f,3000.0f,4000.0f,6000.0f,,0,0
50107,Model,02003.kfm,p_h_m_face_0301_lod.bif,p_h_m_eyes_0001_lod.bif,p_h_m_hair_0007_lod.nif,p_h_04_f_m_helm_lod.nif,p_h_04_f_m_body_lod.nif,p_h_04_f_m_hand_lod.nif,,p_h_04_f_m_foot_lod.nif,,,2|p_w_tstf_03_all_lod.nif,,1000.0f,2000.0f,3000.0f,4000.0f,6000.0f,,0,0
50108,Model,02000.kfm,p_h_m_face_0302_lod.bif,p_h_m_eyes_0002_lod.bif,p_h_m_hair_0008_lod.nif,p_h_05_e_m_helm_lod.nif,p_h_05_e_m_body_lod.nif,p_h_05_e_m_hand_lod.nif,,p_h_05_e_m_foot_lod.nif,,,11|p_w_tbla_03_all_lod.nif,,1000.0f,2000.0f,3000.0f,4000.0f,6000.0f,,0,0
50109,Model,02001.kfm,p_h_m_face_0400_lod.nif,p_h_m_eyes_0003_lod.bif,p_h_m_hair_0009_lod.nif,p_h_05_f_m_helm_lod.nif,p_h_05_f_m_body_lod.nif,p_h_05_f_m_hand_lod.nif,,p_h_05_f_m_foot_lod.nif,,,12|p_w_tarb_03_all_lod.nif,,1000.0f,2000.0f,3000.0f,4000.0f,6000.0f,,0,0
50110,Model,02002.kfm,p_h_m_face_0401_lod.bif,p_h_m_eyes_0004_lod.bif,p_h_m_hair_0004_lod.nif,p_h_06_f_m_helm_lod.nif,p_h_06_f_m_body_lod.nif,p_h_06_f_m_hand_lod.nif,,p_h_06_f_m_foot_lod.nif,,0|p_w_shld_09_lft_lod.nif,10|p_w_oswd_03_rgt_lod.nif,,1000.0f,2000.0f,3000.0f,4000.0f,6000.0f,,0,0
50111,Model,02003.kfm,p_h_m_face_0402_lod.bif,p_h_m_eyes_0005_lod.bif,p_h_m_hair_0005_lod.nif,p_h_06_f_m_helm_lod.nif,p_h_06_f_m_body_lod.nif,p_h_06_f_m_hand_lod.nif,,p_h_06_f_m_foot_lod.nif,,,2|p_w_tstf_03_all_lod.nif,,1000.0f,2000.0f,3000.0f,4000.0f,6000.0f,,0,0
50200,Model,02000.kfm,p_h_m_face_0100_lod.nif,p_h_m_eyes_0000_lod.nif,p_h_m_hair_0000_lod.nif,p_h_01_a_m_helm_lod.nif,p_h_01_a_m_body_lod.nif,p_h_01_a_m_hand_lod.nif,,p_h_01_a_m_foot_lod.nif,,,11|p_w_tbla_03_all_lod.nif,,1000.0f,2000.0f,3000.0f,4000.0f,6000.0f,,0,0
50201,Model,02001.kfm,p_h_m_face_0101_lod.bif,p_h_m_eyes_0001_lod.bif,p_h_m_hair_0001_lod.nif,p_h_01_b_m_helm_lod.nif,p_h_01_b_m_body_lod.nif,p_h_01_b_m_hand_lod.nif,,p_h_01_b_m_foot_lod.nif,,,12|p_w_tarb_03_all_lod.nif,,1000.0f,2000.0f,3000.0f,4000.0f,6000.0f,,0,0
50202,Model,02002.kfm,p_h_m_face_0102_lod.bif,p_h_m_eyes_0002_lod.bif,p_h_m_hair_0002_lod.nif,p_h_02_b_m_helm_lod.nif,p_h_02_b_m_body_lod.nif,p_h_02_b_m_hand_lod.nif,,p_h_02_b_m_foot_lod.nif,,0|p_w_shld_03_lft_lod.nif,10|p_w_oswd_03_rgt_lod.nif,,1000.0f,2000.0f,3000.0f,4000.0f,6000.0f,,0,0
50203,Model,02003.kfm,p_h_m_face_0200_lod.nif,p_h_m_eyes_0003_lod.bif,p_h_m_hair_0003_lod.nif,p_h_02_c_m_helm_lod.nif,p_h_02_c_m_body_lod.nif,p_h_02_c_m_hand_lod.nif,,p_h_02_c_m_foot_lod.nif,,,2|p_w_tstf_03_all_lod.nif,,1000.0f,2000.0f,3000.0f,4000.0f,6000.0f,,0,0
50204,Model,02000.kfm,p_h_m_face_0201_lod.bif,p_h_m_eyes_0004_lod.bif,p_h_m_hair_0004_lod.nif,p_h_03_b_m_helm_lod.nif,p_h_03_b_m_body_lod.nif,p_h_03_b_m_hand_lod.nif,,p_h_03_b_m_foot_lod.nif,,,11|p_w_tbla_03_all_lod.nif,,1000.0f,2000.0f,3000.0f,4000.0f,6000.0f,,0,0
50205,Model,02001.kfm,p_h_m_face_0202_lod.bif,p_h_m_eyes_0005_lod.bif,p_h_m_hair_0005_lod.nif,p_h_03_c_m_helm_lod.nif,p_h_03_c_m_body_lod.nif,p_h_03_c_m_hand_lod.nif,,p_h_03_c_m_foot_lod.nif,,,12|p_w_tarb_03_all_lod.nif,,1000.0f,2000.0f,3000.0f,4000.0f,6000.0f,,0,0
50206,Model,02002.kfm,p_h_m_face_0300_lod.nif,p_h_m_eyes_0000_lod.nif,p_h_m_hair_0006_lod.nif,p_h_04_b_m_helm_lod.nif,p_h_04_b_m_body_lod.nif,p_h_04_b_m_hand_lod.nif,,p_h_04_b_m_foot_lod.nif,,0|p_w_shld_06_lft_lod.nif,10|p_w_oswd_03_rgt_lod.nif,,1000.0f,2000.0f,3000.0f,4000.0f,6000.0f,,0,0
50207,Model,02003.kfm,p_h_m_face_0301_lod.bif,p_h_m_eyes_0001_lod.bif,p_h_m_hair_0007_lod.nif,p_h_04_c_m_helm_lod.nif,p_h_04_c_m_body_lod.nif,p_h_04_c_m_hand_lod.nif,,p_h_04_c_m_foot_lod.nif,,,2|p_w_tstf_03_all_lod.nif,,1000.0f,2000.0f,3000.0f,4000.0f,6000.0f,,0,0
50208,Model,02000.kfm,p_h_m_face_0302_lod.bif,p_h_m_eyes_0002_lod.bif,p_h_m_hair_0008_lod.nif,p_h_05_b_m_helm_lod.nif,p_h_05_b_m_body_lod.nif,p_h_05_b_m_hand_lod.nif,,p_h_05_b_m_foot_lod.nif,,,11|p_w_tbla_03_all_lod.nif,,1000.0f,2000.0f,3000.0f,4000.0f,6000.0f,,0,0
50209,Model,02001.kfm,p_h_m_face_0400_lod.nif,p_h_m_eyes_0003_lod.bif,p_h_m_hair_0009_lod.nif,p_h_05_c_m_helm_lod.nif,p_h_05_c_m_body_lod.nif,p_h_05_c_m_hand_lod.nif,,p_h_05_c_m_foot_lod.nif,,,12|p_w_tarb_03_all_lod.nif,,1000.0f,2000.0f,3000.0f,4000.0f,6000.0f,,0,0
50210,Model,02002.kfm,p_h_m_face_0401_lod.bif,p_h_m_eyes_0004_lod.bif,p_h_m_hair_0004_lod.nif,p_h_06_c_m_helm_lod.nif,p_h_06_c_m_body_lod.nif,p_h_06_c_m_hand_lod.nif,,p_h_06_c_m_foot_lod.nif,,0|p_w_shld_09_lft_lod.nif,10|p_w_oswd_03_rgt_lod.nif,,1000.0f,2000.0f,3000.0f,4000.0f,6000.0f,,0,0
50211,Model,02003.kfm,p_h_m_face_0402_lod.bif,p_h_m_eyes_0005_lod.bif,p_h_m_hair_0005_lod.nif,p_h_06_c_m_helm_lod.nif,p_h_06_c_m_body_lod.nif,p_h_06_c_m_hand_lod.nif,,p_h_06_c_m_foot_lod.nif,,,2|p_w_tstf_03_all_lod.nif,,1000.0f,2000.0f,3000.0f,4000.0f,6000.0f,,0,0
50500,Model,02004.kfm,p_h_f_face_0100_lod.nif,p_h_f_eyes_0000_lod.nif,p_h_f_hair_0000_lod.nif,p_h_01_g_f_helm_lod.nif,p_h_01_g_f_body_lod.bif,p_h_01_g_f_hand_lod.bif,,p_h_01_g_f_foot_lod.bif,,,11|p_w_tbla_03_all_lod.nif,,1000.0f,2000.0f,3000.0f,4000.0f,6000.0f,,0,0
50501,Model,02005.kfm,p_h_f_face_0101_lod.bif,p_h_f_eyes_0001_lod.bif,p_h_f_hair_0001_lod.nif,p_h_01_h_f_helm_lod.nif,p_h_01_h_f_body_lod.nif,p_h_01_h_f_hand_lod.nif,,p_h_01_h_f_foot_lod.nif,,,12|p_w_tarb_03_all_lod.nif,,1000.0f,2000.0f,3000.0f,4000.0f,6000.0f,,0,0
50502,Model,02006.kfm,p_h_f_face_0102_lod.bif,p_h_f_eyes_0002_lod.bif,p_h_f_hair_0002_lod.nif,p_h_02_h_f_helm_lod.nif,p_h_02_h_f_body_lod.nif,p_h_02_h_f_hand_lod.nif,,p_h_02_h_f_foot_lod.nif,,0|p_w_shld_03_lft_lod.nif,10|p_w_oswd_03_rgt_lod.nif,,1000.0f,2000.0f,3000.0f,4000.0f,6000.0f,,0,0
50503,Model,02007.kfm,p_h_f_face_0200_lod.nif,p_h_f_eyes_0003_lod.bif,p_h_f_hair_0003_lod.nif,p_h_02_i_f_helm_lod.nif,p_h_02_i_f_body_lod.nif,p_h_02_i_f_hand_lod.nif,,p_h_02_i_f_foot_lod.nif,,,2|p_w_tstf_03_all_lod.nif,,1000.0f,2000.0f,3000.0f,4000.0f,6000.0f,,0,0
50504,Model,02004.kfm,p_h_f_face_0201_lod.bif,p_h_f_eyes_0004_lod.bif,p_h_f_hair_0004_lod.nif,p_h_03_h_f_helm_lod.nif,p_h_03_h_f_body_lod.nif,p_h_03_h_f_hand_lod.nif,,p_h_03_h_f_foot_lod.nif,,,11|p_w_tbla_03_all_lod.nif,,1000.0f,2000.0f,3000.0f,4000.0f,6000.0f,,0,0
50505,Model,02005.kfm,p_h_f_face_0202_lod.bif,p_h_f_eyes_0005_lod.bif,p_h_f_hair_0005_lod.nif,p_h_03_i_f_helm_lod.nif,p_h_03_i_f_body_lod.nif,p_h_03_i_f_hand_lod.nif,,p_h_03_i_f_foot_lod.nif,,,12|p_w_tarb_03_all_lod.nif,,1000.0f,2000.0f,3000.0f,4000.0f,6000.0f,,0,0
50506,Model,02006.kfm,p_h_f_face_0300_lod.nif,p_h_f_eyes_0000_lod.nif,p_h_f_hair_0006_lod.nif,p_h_04_h_f_helm_lod.nif,p_h_04_h_f_body_lod.nif,p_h_04_h_f_hand_lod.nif,,p_h_04_h_f_foot_lod.nif,,0|p_w_shld_06_lft_lod.nif,10|p_w_oswd_03_rgt_lod.nif,,1000.0f,2000.0f,3000.0f,4000.0f,6000.0f,,0,0
50507,Model,02007.kfm,p_h_f_face_0301_lod.bif,p_h_f_eyes_0001_lod.bif,p_h_f_hair_0007_lod.nif,p_h_04_i_f_helm_lod.nif,p_h_04_i_f_body_lod.nif,p_h_04_i_f_hand_lod.nif,,p_h_04_i_f_foot_lod.nif,,,2|p_w_tstf_03_all_lod.nif,,1000.0f,2000.0f,3000.0f,4000.0f,6000.0f,,0,0
50508,Model,02004.kfm,p_h_f_face_0302_lod.bif,p_h_f_eyes_0002_lod.bif,p_h_f_hair_0008_lod.nif,p_h_05_h_f_helm_lod.nif,p_h_05_h_f_body_lod.nif,p_h_05_h_f_hand_lod.nif,,p_h_05_h_f_foot_lod.nif,,,11|p_w_tbla_03_all_lod.nif,,1000.0f,2000.0f,3000.0f,4000.0f,6000.0f,,0,0
50509,Model,02005.kfm,p_h_f_face_0400_lod.nif,p_h_f_eyes_0003_lod.bif,p_h_f_hair_0009_lod.nif,p_h_05_i_f_helm_lod.nif,p_h_05_i_f_body_lod.nif,p_h_05_i_f_hand_lod.nif,,p_h_05_i_f_foot_lod.nif,,,12|p_w_tarb_03_all_lod.nif,,1000.0f,2000.0f,3000.0f,4000.0f,6000.0f,,0,0
50510,Model,02006.kfm,p_h_f_face_0401_lod.bif,p_h_f_eyes_0004_lod.bif,p_h_f_hair_0005_lod.nif,p_h_06_i_f_helm_lod.nif,p_h_06_i_f_body_lod.nif,p_h_06_i_f_hand_lod.nif,,p_h_06_i_f_foot_lod.nif,,0|p_w_shld_09_lft_lod.nif,10|p_w_oswd_03_rgt_lod.nif,,1000.0f,2000.0f,3000.0f,4000.0f,6000.0f,,0,0
50511,Model,02007.kfm,p_h_f_face_0402_lod.bif,p_h_f_eyes_0005_lod.bif,p_h_f_hair_0006_lod.nif,p_h_06_i_f_helm_lod.nif,p_h_06_i_f_body_lod.nif,p_h_06_i_f_hand_lod.nif,,p_h_06_i_f_foot_lod.nif,,,2|p_w_tstf_03_all_lod.nif,,1000.0f,2000.0f,3000.0f,4000.0f,6000.0f,,0,0
50600,Model,02004.kfm,p_h_f_face_0100_lod.nif,p_h_f_eyes_0000_lod.nif,p_h_f_hair_0000_lod.nif,p_h_01_d_f_helm_lod.nif,p_h_01_d_f_body_lod.bif,p_h_01_d_f_hand_lod.bif,,p_h_01_d_f_foot_lod.bif,,,11|p_w_tbla_03_all_lod.nif,,1000.0f,2000.0f,3000.0f,4000.0f,6000.0f,,0,0
50601,Model,02005.kfm,p_h_f_face_0101_lod.bif,p_h_f_eyes_0001_lod.bif,p_h_f_hair_0001_lod.nif,p_h_01_e_f_helm_lod.nif,p_h_01_e_f_body_lod.nif,p_h_01_e_f_hand_lod.nif,,p_h_01_e_f_foot_lod.nif,,,12|p_w_tarb_03_all_lod.nif,,1000.0f,2000.0f,3000.0f,4000.0f,6000.0f,,0,0
50602,Model,02006.kfm,p_h_f_face_0102_lod.bif,p_h_f_eyes_0002_lod.bif,p_h_f_hair_0002_lod.nif,p_h_02_e_f_helm_lod.nif,p_h_02_e_f_body_lod.nif,p_h_02_e_f_hand_lod.nif,,p_h_02_e_f_foot_lod.nif,,0|p_w_shld_03_lft_lod.nif,10|p_w_oswd_03_rgt_lod.nif,,1000.0f,2000.0f,3000.0f,4000.0f,6000.0f,,0,0
50603,Model,02007.kfm,p_h_f_face_0200_lod.nif,p_h_f_eyes_0003_lod.bif,p_h_f_hair_0003_lod.nif,p_h_02_f_f_helm_lod.nif,p_h_02_f_f_body_lod.nif,p_h_02_f_f_hand_lod.nif,,p_h_02_f_f_foot_lod.nif,,,2|p_w_tstf_03_all_lod.nif,,1000.0f,2000.0f,3000.0f,4000.0f,6000.0f,,0,0
50604,Model,02004.kfm,p_h_f_face_0201_lod.bif,p_h_f_eyes_0004_lod.bif,p_h_f_hair_0004_lod.nif,p_h_03_e_f_helm_lod.nif,p_h_03_e_f_body_lod.nif,p_h_03_e_f_hand_lod.nif,,p_h_03_e_f_foot_lod.nif,,,11|p_w_tbla_03_all_lod.nif,,1000.0f,2000.0f,3000.0f,4000.0f,6000.0f,,0,0
50605,Model,02005.kfm,p_h_f_face_0202_lod.bif,p_h_f_eyes_0005_lod.bif,p_h_f_hair_0005_lod.nif,p_h_03_f_f_helm_lod.nif,p_h_03_f_f_body_lod.nif,p_h_03_f_f_hand_lod.nif,,p_h_03_f_f_foot_lod.nif,,,12|p_w_tarb_03_all_lod.nif,,1000.0f,2000.0f,3000.0f,4000.0f,6000.0f,,0,0
50606,Model,02006.kfm,p_h_f_face_0300_lod.nif,p_h_f_eyes_0000_lod.nif,p_h_f_hair_0006_lod.nif,p_h_04_e_f_helm_lod.nif,p_h_04_e_f_body_lod.nif,p_h_04_e_f_hand_lod.nif,,p_h_04_e_f_foot_lod.nif,,0|p_w_shld_06_lft_lod.nif,10|p_w_oswd_03_rgt_lod.nif,,1000.0f,2000.0f,3000.0f,4000.0f,6000.0f,,0,0
50607,Model,02007.kfm,p_h_f_face_0301_lod.bif,p_h_f_eyes_0001_lod.bif,p_h_f_hair_0007_lod.nif,p_h_04_f_f_helm_lod.nif,p_h_04_f_f_body_lod.nif,p_h_04_f_f_hand_lod.nif,,p_h_04_f_f_foot_lod.nif,,,2|p_w_tstf_03_all_lod.nif,,1000.0f,2000.0f,3000.0f,4000.0f,6000.0f,,0,0
50608,Model,02004.kfm,p_h_f_face_0302_lod.bif,p_h_f_eyes_0002_lod.bif,p_h_f_hair_0008_lod.nif,p_h_05_e_f_helm_lod.nif,p_h_05_e_f_body_lod.nif,p_h_05_e_f_hand_lod.nif,,p_h_05_e_f_foot_lod.nif,,,11|p_w_tbla_03_all_lod.nif,,1000.0f,2000.0f,3000.0f,4000.0f,6000.0f,,0,0
50609,Model,02005.kfm,p_h_f_face_0400_lod.nif,p_h_f_eyes_0003_lod.bif,p_h_f_hair_0009_lod.nif,p_h_05_f_f_helm_lod.nif,p_h_05_f_f_body_lod.nif,p_h_05_f_f_hand_lod.nif,,p_h_05_f_f_foot_lod.nif,,,12|p_w_tarb_03_all_lod.nif,,1000.0f,2000.0f,3000.0f,4000.0f,6000.0f,,0,0
50610,Model,02006.kfm,p_h_f_face_0401_lod.bif,p_h_f_eyes_0004_lod.bif,p_h_f_hair_0005_lod.nif,p_h_06_f_f_helm_lod.nif,p_h_06_f_f_body_lod.nif,p_h_06_f_f_hand_lod.nif,,p_h_06_f_f_foot_lod.nif,,0|p_w_shld_09_lft_lod.nif,10|p_w_oswd_03_rgt_lod.nif,,1000.0f,2000.0f,3000.0f,4000.0f,6000.0f,,0,0
50611,Model,02007.kfm,p_h_f_face_0402_lod.bif,p_h_f_eyes_0005_lod.bif,p_h_f_hair_0006_lod.nif,p_h_06_f_f_helm_lod.nif,p_h_06_f_f_body_lod.nif,p_h_06_f_f_hand_lod.nif,,p_h_06_f_f_foot_lod.nif,,,2|p_w_tstf_03_all_lod.nif,,1000.0f,2000.0f,3000.0f,4000.0f,6000.0f,,0,0
50700,Model,02004.kfm,p_h_f_face_0100_lod.nif,p_h_f_eyes_0000_lod.nif,p_h_f_hair_0000_lod.nif,p_h_01_a_f_helm_lod.nif,p_h_01_a_f_body_lod.nif,p_h_01_a_f_hand_lod.nif,,p_h_01_a_f_foot_lod.nif,,,11|p_w_tbla_03_all_lod.nif,,1000.0f,2000.0f,3000.0f,4000.0f,6000.0f,,0,0
50701,Model,02005.kfm,p_h_f_face_0101_lod.bif,p_h_f_eyes_0001_lod.bif,p_h_f_hair_0001_lod.nif,p_h_01_b_f_helm_lod.nif,p_h_01_b_f_body_lod.nif,p_h_01_b_f_hand_lod.nif,,p_h_01_b_f_foot_lod.nif,,,12|p_w_tarb_03_all_lod.nif,,1000.0f,2000.0f,3000.0f,4000.0f,6000.0f,,0,0
50702,Model,02006.kfm,p_h_f_face_0102_lod.bif,p_h_f_eyes_0002_lod.bif,p_h_f_hair_0002_lod.nif,p_h_02_b_f_helm_lod.nif,p_h_02_b_f_body_lod.nif,p_h_02_b_f_hand_lod.nif,,p_h_02_b_f_foot_lod.nif,,0|p_w_shld_03_lft_lod.nif,10|p_w_oswd_03_rgt_lod.nif,,1000.0f,2000.0f,3000.0f,4000.0f,6000.0f,,0,0
50703,Model,02007.kfm,p_h_f_face_0200_lod.nif,p_h_f_eyes_0003_lod.bif,p_h_f_hair_0003_lod.nif,p_h_02_c_f_helm_lod.nif,p_h_02_c_f_body_lod.nif,p_h_02_c_f_hand_lod.nif,,p_h_02_c_f_foot_lod.nif,,,2|p_w_tstf_03_all_lod.nif,,1000.0f,2000.0f,3000.0f,4000.0f,6000.0f,,0,0
50704,Model,02004.kfm,p_h_f_face_0201_lod.bif,p_h_f_eyes_0004_lod.bif,p_h_f_hair_0004_lod.nif,p_h_03_b_f_helm_lod.nif,p_h_03_b_f_body_lod.nif,p_h_03_b_f_hand_lod.nif,,p_h_03_b_f_foot_lod.nif,,,11|p_w_tbla_03_all_lod.nif,,1000.0f,2000.0f,3000.0f,4000.0f,6000.0f,,0,0
50705,Model,02005.kfm,p_h_f_face_0202_lod.bif,p_h_f_eyes_0005_lod.bif,p_h_f_hair_0005_lod.nif,p_h_03_c_f_helm_lod.nif,p_h_03_c_f_body_lod.nif,p_h_03_c_f_hand_lod.nif,,p_h_03_c_f_foot_lod.nif,,,12|p_w_tarb_03_all_lod.nif,,1000.0f,2000.0f,3000.0f,4000.0f,6000.0f,,0,0
50706,Model,02006.kfm,p_h_f_face_0300_lod.nif,p_h_f_eyes_0000_lod.nif,p_h_f_hair_0006_lod.nif,p_h_04_b_f_helm_lod.nif,p_h_04_b_f_body_lod.nif,p_h_04_b_f_hand_lod.nif,,p_h_04_b_f_foot_lod.nif,,0|p_w_shld_06_lft_lod.nif,10|p_w_oswd_03_rgt_lod.nif,,1000.0f,2000.0f,3000.0f,4000.0f,6000.0f,,0,0
50707,Model,02007.kfm,p_h_f_face_0301_lod.bif,p_h_f_eyes_0001_lod.bif,p_h_f_hair_0007_lod.nif,p_h_04_c_f_helm_lod.nif,p_h_04_c_f_body_lod.nif,p_h_04_c_f_hand_lod.nif,,p_h_04_c_f_foot_lod.nif,,,2|p_w_tstf_03_all_lod.nif,,1000.0f,2000.0f,3000.0f,4000.0f,6000.0f,,0,0
50708,Model,02004.kfm,p_h_f_face_0302_lod.bif,p_h_f_eyes_0002_lod.bif,p_h_f_hair_0008_lod.nif,p_h_05_b_f_helm_lod.nif,p_h_05_b_f_body_lod.nif,p_h_05_b_f_hand_lod.nif,,p_h_05_b_f_foot_lod.nif,,,11|p_w_tbla_03_all_lod.nif,,1000.0f,2000.0f,3000.0f,4000.0f,6000.0f,,0,0
50709,Model,02005.kfm,p_h_f_face_0400_lod.nif,p_h_f_eyes_0003_lod.bif,p_h_f_hair_0009_lod.nif,p_h_05_c_f_helm_lod.nif,p_h_05_c_f_body_lod.nif,p_h_05_c_f_hand_lod.nif,,p_h_05_c_f_foot_lod.nif,,,12|p_w_tarb_03_all_lod.nif,,1000.0f,2000.0f,3000.0f,4000.0f,6000.0f,,0,0
50710,Model,02006.kfm,p_h_f_face_0401_lod.bif,p_h_f_eyes_0004_lod.bif,p_h_f_hair_0005_lod.nif,p_h_06_c_f_helm_lod.nif,p_h_06_c_f_body_lod.nif,p_h_06_c_f_hand_lod.nif,,p_h_06_c_f_foot_lod.nif,,0|p_w_shld_09_lft_lod.nif,10|p_w_oswd_03_rgt_lod.nif,,1000.0f,2000.0f,3000.0f,4000.0f,6000.0f,,0,0
50711,Model,02007.kfm,p_h_f_face_0402_lod.bif,p_h_f_eyes_0005_lod.bif,p_h_f_hair_0006_lod.nif,p_h_06_c_f_helm_lod.nif,p_h_06_c_f_body_lod.nif,p_h_06_c_f_hand_lod.nif,,p_h_06_c_f_foot_lod.nif,,,2|p_w_tstf_03_all_lod.nif,,1000.0f,2000.0f,3000.0f,4000.0f,6000.0f,,0,0
53000,Model,02030.kfm,p_o_m_face_0100_lod.nif,p_o_m_eyes_0000_lod.nif,p_o_m_hair_0000_lod.nif,p_o_01_g_m_helm_lod.nif,p_o_01_g_m_body_lod.bif,p_o_01_g_m_hand_lod.bif,,p_o_01_g_m_foot_lod.bif,,3|p_w_taxe_03_all_lod.nif,,,1000.0f,2000.0f,3000.0f,4000.0f,6000.0f,,0,0
53001,Model,02031.kfm,p_o_m_face_0101_lod.bif,p_o_m_eyes_0001_lod.bif,p_o_m_hair_0001_lod.nif,p_o_01_h_m_helm_lod.nif,p_o_01_h_m_body_lod.nif,p_o_01_h_m_hand_lod.nif,,p_o_01_h_m_foot_lod.nif,,4|p_w_tbow_03_all_lod.nif,,,1000.0f,2000.0f,3000.0f,4000.0f,6000.0f,,0,0
53002,Model,02032.kfm,p_o_m_face_0102_lod.bif,p_o_m_eyes_0002_lod.bif,p_o_m_hair_0002_lod.nif,p_o_02_h_m_helm_lod.nif,p_o_02_h_m_body_lod.nif,p_o_02_h_m_hand_lod.nif,,p_o_02_h_m_foot_lod.nif,,0|p_w_shle_03_lft_lod.nif,1|p_w_lanc_03_all_lod.nif,,1000.0f,2000.0f,3000.0f,4000.0f,6000.0f,,0,0
53003,Model,02033.kfm,p_o_m_face_0200_lod.nif,p_o_m_eyes_0003_lod.bif,p_o_m_hair_0003_lod.nif,p_o_02_i_m_helm_lod.nif,p_o_02_i_m_body_lod.nif,p_o_02_i_m_hand_lod.nif,,p_o_02_i_m_foot_lod.nif,,,13|p_w_twan_03_all_lod.nif,,1000.0f,2000.0f,3000.0f,4000.0f,6000.0f,,0,0
53004,Model,02030.kfm,p_o_m_face_0201_lod.bif,p_o_m_eyes_0004_lod.bif,p_o_m_hair_0004_lod.nif,p_o_03_h_m_helm_lod.nif,p_o_03_h_m_body_lod.nif,p_o_03_h_m_hand_lod.nif,,p_o_03_h_m_foot_lod.nif,,3|p_w_taxe_03_all_lod.nif,,,1000.0f,2000.0f,3000.0f,4000.0f,6000.0f,,0,0
53005,Model,02031.kfm,p_o_m_face_0202_lod.bif,p_o_m_eyes_0005_lod.bif,p_o_m_hair_0005_lod.nif,p_o_03_i_m_helm_lod.nif,p_o_03_i_m_body_lod.nif,p_o_03_i_m_hand_lod.nif,,p_o_03_i_m_foot_lod.nif,,4|p_w_tbow_03_all_lod.nif,,,1000.0f,2000.0f,3000.0f,4000.0f,6000.0f,,0,0
53006,Model,02032.kfm,p_o_m_face_0300_lod.nif,p_o_m_eyes_0000_lod.nif,p_o_m_hair_0006_lod.nif,p_o_04_h_m_helm_lod.nif,p_o_04_h_m_body_lod.nif,p_o_04_h_m_hand_lod.nif,,p_o_04_h_m_foot_lod.nif,,0|p_w_shle_03_lft_lod.nif,1|p_w_lanc_03_all_lod.nif,,1000.0f,2000.0f,3000.0f,4000.0f,6000.0f,,0,0
53007,Model,02033.kfm,p_o_m_face_0301_lod.bif,p_o_m_eyes_0001_lod.bif,p_o_m_hair_0007_lod.nif,p_o_04_i_m_helm_lod.nif,p_o_04_i_m_body_lod.nif,p_o_04_i_m_hand_lod.nif,,p_o_04_i_m_foot_lod.nif,,,13|p_w_twan_03_all_lod.nif,,1000.0f,2000.0f,3000.0f,4000.0f,6000.0f,,0,0
53008,Model,02030.kfm,p_o_m_face_0302_lod.bif,p_o_m_eyes_0002_lod.bif,p_o_m_hair_0008_lod.nif,p_o_05_h_m_helm_lod.nif,p_o_05_h_m_body_lod.nif,p_o_05_h_m_hand_lod.nif,,p_o_05_h_m_foot_lod.nif,,3|p_w_taxe_03_all_lod.nif,,,1000.0f,2000.0f,3000.0f,4000.0f,6000.0f,,0,0
53009,Model,02031.kfm,p_o_m_face_0400_lod.nif,p_o_m_eyes_0003_lod.bif,p_o_m_hair_0009_lod.nif,p_o_05_i_m_helm_lod.nif,p_o_05_i_m_body_lod.nif,p_o_05_i_m_hand_lod.nif,,p_o_05_i_m_foot_lod.nif,,4|p_w_tbow_03_all_lod.nif,,,1000.0f,2000.0f,3000.0f,4000.0f,6000.0f,,0,0
53010,Model,02032.kfm,p_o_m_face_0401_lod.bif,p_o_m_eyes_0004_lod.bif,p_o_m_hair_0008_lod.nif,p_o_06_i_m_helm_lod.nif,p_o_06_i_m_body_lod.nif,p_o_06_i_m_hand_lod.nif,,p_o_06_i_m_foot_lod.nif,,0|p_w_shle_03_lft_lod.nif,1|p_w_lanc_03_all_lod.nif,,1000.0f,2000.0f,3000.0f,4000.0f,6000.0f,,0,0
53011,Model,02033.kfm,p_o_m_face_0402_lod.bif,p_o_m_eyes_0005_lod.bif,p_o_m_hair_0009_lod.nif,p_o_06_i_m_helm_lod.nif,p_o_06_i_m_body_lod.nif,p_o_06_i_m_hand_lod.nif,,p_o_06_i_m_foot_lod.nif,,,13|p_w_twan_03_all_lod.nif,,1000.0f,2000.0f,3000.0f,4000.0f,6000.0f,,0,0
53100,Model,02030.kfm,p_o_m_face_0100_lod.nif,p_o_m_eyes_0000_lod.nif,p_o_m_hair_0000_lod.nif,p_o_01_d_m_helm_lod.nif,p_o_01_d_m_body_lod.bif,p_o_01_d_m_hand_lod.bif,,p_o_01_d_m_foot_lod.bif,,3|p_w_taxe_03_all_lod.nif,,,1000.0f,2000.0f,3000.0f,4000.0f,6000.0f,,0,0
53101,Model,02031.kfm,p_o_m_face_0101_lod.bif,p_o_m_eyes_0001_lod.bif,p_o_m_hair_0001_lod.nif,p_o_01_e_m_helm_lod.nif,p_o_01_e_m_body_lod.nif,p_o_01_e_m_hand_lod.nif,,p_o_01_e_m_foot_lod.nif,,4|p_w_tbow_03_all_lod.nif,,,1000.0f,2000.0f,3000.0f,4000.0f,6000.0f,,0,0
53102,Model,02032.kfm,p_o_m_face_0102_lod.bif,p_o_m_eyes_0002_lod.bif,p_o_m_hair_0002_lod.nif,p_o_02_e_m_helm_lod.nif,p_o_02_e_m_body_lod.nif,p_o_02_e_m_hand_lod.nif,,p_o_02_e_m_foot_lod.nif,,0|p_w_shle_03_lft_lod.nif,1|p_w_lanc_03_all_lod.nif,,1000.0f,2000.0f,3000.0f,4000.0f,6000.0f,,0,0
53103,Model,02033.kfm,p_o_m_face_0200_lod.nif,p_o_m_eyes_0003_lod.bif,p_o_m_hair_0003_lod.nif,p_o_02_f_m_helm_lod.nif,p_o_02_f_m_body_lod.nif,p_o_02_f_m_hand_lod.nif,,p_o_02_f_m_foot_lod.nif,,,13|p_w_twan_03_all_lod.nif,,1000.0f,2000.0f,3000.0f,4000.0f,6000.0f,,0,0
53104,Model,02030.kfm,p_o_m_face_0201_lod.bif,p_o_m_eyes_0004_lod.bif,p_o_m_hair_0004_lod.nif,p_o_03_e_m_helm_lod.nif,p_o_03_e_m_body_lod.nif,p_o_03_e_m_hand_lod.nif,,p_o_03_e_m_foot_lod.nif,,3|p_w_taxe_03_all_lod.nif,,,1000.0f,2000.0f,3000.0f,4000.0f,6000.0f,,0,0
53105,Model,02031.kfm,p_o_m_face_0202_lod.bif,p_o_m_eyes_0005_lod.bif,p_o_m_hair_0005_lod.nif,p_o_03_f_m_helm_lod.nif,p_o_03_f_m_body_lod.nif,p_o_03_f_m_hand_lod.nif,,p_o_03_f_m_foot_lod.nif,,4|p_w_tbow_03_all_lod.nif,,,1000.0f,2000.0f,3000.0f,4000.0f,6000.0f,,0,0
53106,Model,02032.kfm,p_o_m_face_0300_lod.nif,p_o_m_eyes_0000_lod.nif,p_o_m_hair_0006_lod.nif,p_o_04_e_m_helm_lod.nif,p_o_04_e_m_body_lod.nif,p_o_04_e_m_hand_lod.nif,,p_o_04_e_m_foot_lod.nif,,0|p_w_shle_03_lft_lod.nif,1|p_w_lanc_03_all_lod.nif,,1000.0f,2000.0f,3000.0f,4000.0f,6000.0f,,0,0
53107,Model,02033.kfm,p_o_m_face_0301_lod.bif,p_o_m_eyes_0001_lod.bif,p_o_m_hair_0007_lod.nif,p_o_04_f_m_helm_lod.nif,p_o_04_f_m_body_lod.nif,p_o_04_f_m_hand_lod.nif,,p_o_04_f_m_foot_lod.nif,,,13|p_w_twan_03_all_lod.nif,,1000.0f,2000.0f,3000.0f,4000.0f,6000.0f,,0,0
53108,Model,02030.kfm,p_o_m_face_0302_lod.bif,p_o_m_eyes_0002_lod.bif,p_o_m_hair_0008_lod.nif,p_o_05_e_m_helm_lod.nif,p_o_05_e_m_body_lod.nif,p_o_05_e_m_hand_lod.nif,,p_o_05_e_m_foot_lod.nif,,3|p_w_taxe_03_all_lod.nif,,,1000.0f,2000.0f,3000.0f,4000.0f,6000.0f,,0,0
53109,Model,02031.kfm,p_o_m_face_0400_lod.nif,p_o_m_eyes_0003_lod.bif,p_o_m_hair_0009_lod.nif,p_o_05_f_m_helm_lod.nif,p_o_05_f_m_body_lod.nif,p_o_05_f_m_hand_lod.nif,,p_o_05_f_m_foot_lod.nif,,4|p_w_tbow_03_all_lod.nif,,,1000.0f,2000.0f,3000.0f,4000.0f,6000.0f,,0,0
53110,Model,02032.kfm,p_o_m_face_0401_lod.bif,p_o_m_eyes_0004_lod.bif,p_o_m_hair_0008_lod.nif,p_o_06_f_m_helm_lod.nif,p_o_06_f_m_body_lod.nif,p_o_06_f_m_hand_lod.nif,,p_o_06_f_m_foot_lod.nif,,0|p_w_shle_03_lft_lod.nif,1|p_w_lanc_03_all_lod.nif,,1000.0f,2000.0f,3000.0f,4000.0f,6000.0f,,0,0
53111,Model,02033.kfm,p_o_m_face_0402_lod.bif,p_o_m_eyes_0005_lod.bif,p_o_m_hair_0009_lod.nif,p_o_06_f_m_helm_lod.nif,p_o_06_f_m_body_lod.nif,p_o_06_f_m_hand_lod.nif,,p_o_06_f_m_foot_lod.nif,,,13|p_w_twan_03_all_lod.nif,,1000.0f,2000.0f,3000.0f,4000.0f,6000.0f,,0,0
53200,Model,02030.kfm,p_o_m_face_0100_lod.nif,p_o_m_eyes_0000_lod.nif,p_o_m_hair_0000_lod.nif,p_o_01_a_m_helm_lod.nif,p_o_01_a_m_body_lod.nif,p_o_01_a_m_hand_lod.nif,,p_o_01_a_m_foot_lod.nif,,3|p_w_taxe_03_all_lod.nif,,,1000.0f,2000.0f,3000.0f,4000.0f,6000.0f,,0,0
53201,Model,02031.kfm,p_o_m_face_0101_lod.bif,p_o_m_eyes_0001_lod.bif,p_o_m_hair_0001_lod.nif,p_o_01_b_m_helm_lod.nif,p_o_01_b_m_body_lod.nif,p_o_01_b_m_hand_lod.nif,,p_o_01_b_m_foot_lod.nif,,4|p_w_tbow_03_all_lod.nif,,,1000.0f,2000.0f,3000.0f,4000.0f,6000.0f,,0,0
53202,Model,02032.kfm,p_o_m_face_0102_lod.bif,p_o_m_eyes_0002_lod.bif,p_o_m_hair_0002_lod.nif,p_o_02_b_m_helm_lod.nif,p_o_02_b_m_body_lod.nif,p_o_02_b_m_hand_lod.nif,,p_o_02_b_m_foot_lod.nif,,0|p_w_shle_03_lft_lod.nif,1|p_w_lanc_03_all_lod.nif,,1000.0f,2000.0f,3000.0f,4000.0f,6000.0f,,0,0
53203,Model,02033.kfm,p_o_m_face_0200_lod.nif,p_o_m_eyes_0003_lod.bif,p_o_m_hair_0003_lod.nif,p_o_02_c_m_helm_lod.nif,p_o_02_c_m_body_lod.nif,p_o_02_c_m_hand_lod.nif,,p_o_02_c_m_foot_lod.nif,,,13|p_w_twan_03_all_lod.nif,,1000.0f,2000.0f,3000.0f,4000.0f,6000.0f,,0,0
53204,Model,02030.kfm,p_o_m_face_0201_lod.bif,p_o_m_eyes_0004_lod.bif,p_o_m_hair_0004_lod.nif,p_o_03_b_m_helm_lod.nif,p_o_03_b_m_body_lod.nif,p_o_03_b_m_hand_lod.nif,,p_o_03_b_m_foot_lod.nif,,3|p_w_taxe_03_all_lod.nif,,,1000.0f,2000.0f,3000.0f,4000.0f,6000.0f,,0,0
53205,Model,02031.kfm,p_o_m_face_0202_lod.bif,p_o_m_eyes_0005_lod.bif,p_o_m_hair_0005_lod.nif,p_o_03_c_m_helm_lod.nif,p_o_03_c_m_body_lod.nif,p_o_03_c_m_hand_lod.nif,,p_o_03_c_m_foot_lod.nif,,4|p_w_tbow_03_all_lod.nif,,,1000.0f,2000.0f,3000.0f,4000.0f,6000.0f,,0,0
53206,Model,02032.kfm,p_o_m_face_0300_lod.nif,p_o_m_eyes_0000_lod.nif,p_o_m_hair_0006_lod.nif,p_o_04_b_m_helm_lod.nif,p_o_04_b_m_body_lod.nif,p_o_04_b_m_hand_lod.nif,,p_o_04_b_m_foot_lod.nif,,0|p_w_shle_03_lft_lod.nif,1|p_w_lanc_03_all_lod.nif,,1000.0f,2000.0f,3000.0f,4000.0f,6000.0f,,0,0
53207,Model,02033.kfm,p_o_m_face_0301_lod.bif,p_o_m_eyes_0001_lod.bif,p_o_m_hair_0007_lod.nif,p_o_04_c_m_helm_lod.nif,p_o_04_c_m_body_lod.nif,p_o_04_c_m_hand_lod.nif,,p_o_04_c_m_foot_lod.nif,,,13|p_w_twan_03_all_lod.nif,,1000.0f,2000.0f,3000.0f,4000.0f,6000.0f,,0,0
53208,Model,02030.kfm,p_o_m_face_0302_lod.bif,p_o_m_eyes_0002_lod.bif,p_o_m_hair_0008_lod.nif,p_o_05_b_m_helm_lod.nif,p_o_05_b_m_body_lod.nif,p_o_05_b_m_hand_lod.nif,,p_o_05_b_m_foot_lod.nif,,3|p_w_taxe_03_all_lod.nif,,,1000.0f,2000.0f,3000.0f,4000.0f,6000.0f,,0,0
53209,Model,02031.kfm,p_o_m_face_0400_lod.nif,p_o_m_eyes_0003_lod.bif,p_o_m_hair_0009_lod.nif,p_o_05_c_m_helm_lod.nif,p_o_05_c_m_body_lod.nif,p_o_05_c_m_hand_lod.nif,,p_o_05_c_m_foot_lod.nif,,4|p_w_tbow_03_all_lod.nif,,,1000.0f,2000.0f,3000.0f,4000.0f,6000.0f,,0,0
53210,Model,02032.kfm,p_o_m_face_0401_lod.bif,p_o_m_eyes_0004_lod.bif,p_o_m_hair_0008_lod.nif,p_o_06_c_m_helm_lod.nif,p_o_06_c_m_body_lod.nif,p_o_06_c_m_hand_lod.nif,,p_o_06_c_m_foot_lod.nif,,0|p_w_shle_03_lft_lod.nif,1|p_w_lanc_03_all_lod.nif,,1000.0f,2000.0f,3000.0f,4000.0f,6000.0f,,0,0
53211,Model,02033.kfm,p_o_m_face_0402_lod.bif,p_o_m_eyes_0005_lod.bif,p_o_m_hair_0009_lod.nif,p_o_06_c_m_helm_lod.nif,p_o_06_c_m_body_lod.nif,p_o_06_c_m_hand_lod.nif,,p_o_06_c_m_foot_lod.nif,,,13|p_w_twan_03_all_lod.nif,,1000.0f,2000.0f,3000.0f,4000.0f,6000.0f,,0,0
53500,Model,02034.kfm,p_o_f_face_0100_lod.nif,p_o_f_eyes_0000_lod.nif,p_o_f_hair_0000_lod.nif,p_o_01_g_f_helm_lod.nif,p_o_01_g_f_body_lod.bif,p_o_01_g_f_hand_lod.bif,,p_o_01_g_f_foot_lod.bif,,3|p_w_taxe_03_all_lod.nif,,,1000.0f,2000.0f,3000.0f,4000.0f,6000.0f,,0,0
53501,Model,02035.kfm,p_o_f_face_0101_lod.bif,p_o_f_eyes_0001_lod.bif,p_o_f_hair_0001_lod.nif,p_o_01_h_f_helm_lod.nif,p_o_01_h_f_body_lod.nif,p_o_01_h_f_hand_lod.nif,,p_o_01_h_f_foot_lod.nif,,4|p_w_tbow_03_all_lod.nif,,,1000.0f,2000.0f,3000.0f,4000.0f,6000.0f,,0,0
53502,Model,02036.kfm,p_o_f_face_0102_lod.bif,p_o_f_eyes_0002_lod.bif,p_o_f_hair_0002_lod.nif,p_o_02_h_f_helm_lod.nif,p_o_02_h_f_body_lod.nif,p_o_02_h_f_hand_lod.nif,,p_o_02_h_f_foot_lod.nif,,0|p_w_shle_03_lft_lod.nif,1|p_w_lanc_03_all_lod.nif,,1000.0f,2000.0f,3000.0f,4000.0f,6000.0f,,0,0
53503,Model,02037.kfm,p_o_f_face_0200_lod.nif,p_o_f_eyes_0003_lod.bif,p_o_f_hair_0003_lod.nif,p_o_02_i_f_helm_lod.nif,p_o_02_i_f_body_lod.nif,p_o_02_i_f_hand_lod.nif,,p_o_02_i_f_foot_lod.nif,,,13|p_w_twan_03_all_lod.nif,,1000.0f,2000.0f,3000.0f,4000.0f,6000.0f,,0,0
53504,Model,02034.kfm,p_o_f_face_0201_lod.bif,p_o_f_eyes_0004_lod.bif,p_o_f_hair_0004_lod.nif,p_o_03_h_f_helm_lod.nif,p_o_03_h_f_body_lod.nif,p_o_03_h_f_hand_lod.nif,,p_o_03_h_f_foot_lod.nif,,3|p_w_taxe_03_all_lod.nif,,,1000.0f,2000.0f,3000.0f,4000.0f,6000.0f,,0,0
53505,Model,02035.kfm,p_o_f_face_0202_lod.bif,p_o_f_eyes_0005_lod.bif,p_o_f_hair_0005_lod.nif,p_o_03_i_f_helm_lod.nif,p_o_03_i_f_body_lod.nif,p_o_03_i_f_hand_lod.nif,,p_o_03_i_f_foot_lod.nif,,4|p_w_tbow_03_all_lod.nif,,,1000.0f,2000.0f,3000.0f,4000.0f,6000.0f,,0,0
53506,Model,02036.kfm,p_o_f_face_0300_lod.nif,p_o_f_eyes_0000_lod.nif,p_o_f_hair_0006_lod.nif,p_o_04_h_f_helm_lod.nif,p_o_04_h_f_body_lod.nif,p_o_04_h_f_hand_lod.nif,,p_o_04_h_f_foot_lod.nif,,0|p_w_shle_03_lft_lod.nif,1|p_w_lanc_03_all_lod.nif,,1000.0f,2000.0f,3000.0f,4000.0f,6000.0f,,0,0
53507,Model,02037.kfm,p_o_f_face_0301_lod.bif,p_o_f_eyes_0001_lod.bif,p_o_f_hair_0007_lod.nif,p_o_04_i_f_helm_lod.nif,p_o_04_i_f_body_lod.nif,p_o_04_i_f_hand_lod.nif,,p_o_04_i_f_foot_lod.nif,,,13|p_w_twan_03_all_lod.nif,,1000.0f,2000.0f,3000.0f,4000.0f,6000.0f,,0,0
53508,Model,02034.kfm,p_o_f_face_0302_lod.bif,p_o_f_eyes_0002_lod.bif,p_o_f_hair_0008_lod.nif,p_o_05_h_f_helm_lod.nif,p_o_05_h_f_body_lod.nif,p_o_05_h_f_hand_lod.nif,,p_o_05_h_f_foot_lod.nif,,3|p_w_taxe_03_all_lod.nif,,,1000.0f,2000.0f,3000.0f,4000.0f,6000.0f,,0,0
53509,Model,02035.kfm,p_o_f_face_0400_lod.nif,p_o_f_eyes_0003_lod.bif,p_o_f_hair_0009_lod.nif,p_o_05_i_f_helm_lod.nif,p_o_05_i_f_body_lod.nif,p_o_05_i_f_hand_lod.nif,,p_o_05_i_f_foot_lod.nif,,4|p_w_tbow_03_all_lod.nif,,,1000.0f,2000.0f,3000.0f,4000.0f,6000.0f,,0,0
53510,Model,02036.kfm,p_o_f_face_0401_lod.bif,p_o_f_eyes_0004_lod.bif,p_o_f_hair_0008_lod.nif,p_o_06_i_f_helm_lod.nif,p_o_06_i_f_body_lod.nif,p_o_06_i_f_hand_lod.nif,,p_o_06_i_f_foot_lod.nif,,0|p_w_shle_03_lft_lod.nif,1|p_w_lanc_03_all_lod.nif,,1000.0f,2000.0f,3000.0f,4000.0f,6000.0f,,0,0
53511,Model,02037.kfm,p_o_f_face_0402_lod.bif,p_o_f_eyes_0005_lod.bif,p_o_f_hair_0009_lod.nif,p_o_06_i_f_helm_lod.nif,p_o_06_i_f_body_lod.nif,p_o_06_i_f_hand_lod.nif,,p_o_06_i_f_foot_lod.nif,,,13|p_w_twan_03_all_lod.nif,,1000.0f,2000.0f,3000.0f,4000.0f,6000.0f,,0,0
53600,Model,02034.kfm,p_o_f_face_0100_lod.nif,p_o_f_eyes_0000_lod.nif,p_o_f_hair_0000_lod.nif,p_o_01_d_f_helm_lod.nif,p_o_01_d_f_body_lod.bif,p_o_01_d_f_hand_lod.bif,,p_o_01_d_f_foot_lod.bif,,3|p_w_taxe_03_all_lod.nif,,,1000.0f,2000.0f,3000.0f,4000.0f,6000.0f,,0,0
53601,Model,02035.kfm,p_o_f_face_0101_lod.bif,p_o_f_eyes_0001_lod.bif,p_o_f_hair_0001_lod.nif,p_o_01_e_f_helm_lod.nif,p_o_01_e_f_body_lod.nif,p_o_01_e_f_hand_lod.nif,,p_o_01_e_f_foot_lod.nif,,4|p_w_tbow_03_all_lod.nif,,,1000.0f,2000.0f,3000.0f,4000.0f,6000.0f,,0,0
53602,Model,02036.kfm,p_o_f_face_0102_lod.bif,p_o_f_eyes_0002_lod.bif,p_o_f_hair_0002_lod.nif,p_o_02_e_f_helm_lod.nif,p_o_02_e_f_body_lod.nif,p_o_02_e_f_hand_lod.nif,,p_o_02_e_f_foot_lod.nif,,0|p_w_shle_03_lft_lod.nif,1|p_w_lanc_03_all_lod.nif,,1000.0f,2000.0f,3000.0f,4000.0f,6000.0f,,0,0
53603,Model,02037.kfm,p_o_f_face_0200_lod.nif,p_o_f_eyes_0003_lod.bif,p_o_f_hair_0003_lod.nif,p_o_02_f_f_helm_lod.nif,p_o_02_f_f_body_lod.nif,p_o_02_f_f_hand_lod.nif,,p_o_02_f_f_foot_lod.nif,,,13|p_w_twan_03_all_lod.nif,,1000.0f,2000.0f,3000.0f,4000.0f,6000.0f,,0,0
53604,Model,02034.kfm,p_o_f_face_0201_lod.bif,p_o_f_eyes_0004_lod.bif,p_o_f_hair_0004_lod.nif,p_o_03_e_f_helm_lod.nif,p_o_03_e_f_body_lod.nif,p_o_03_e_f_hand_lod.nif,,p_o_03_e_f_foot_lod.nif,,3|p_w_taxe_03_all_lod.nif,,,1000.0f,2000.0f,3000.0f,4000.0f,6000.0f,,0,0
53605,Model,02035.kfm,p_o_f_face_0202_lod.bif,p_o_f_eyes_0005_lod.bif,p_o_f_hair_0005_lod.nif,p_o_03_f_f_helm_lod.nif,p_o_03_f_f_body_lod.nif,p_o_03_f_f_hand_lod.nif,,p_o_03_f_f_foot_lod.nif,,4|p_w_tbow_03_all_lod.nif,,,1000.0f,2000.0f,3000.0f,4000.0f,6000.0f,,0,0
53606,Model,02036.kfm,p_o_f_face_0300_lod.nif,p_o_f_eyes_0000_lod.nif,p_o_f_hair_0006_lod.nif,p_o_04_e_f_helm_lod.nif,p_o_04_e_f_body_lod.nif,p_o_04_e_f_hand_lod.nif,,p_o_04_e_f_foot_lod.nif,,0|p_w_shle_03_lft_lod.nif,1|p_w_lanc_03_all_lod.nif,,1000.0f,2000.0f,3000.0f,4000.0f,6000.0f,,0,0
53607,Model,02037.kfm,p_o_f_face_0301_lod.bif,p_o_f_eyes_0001_lod.bif,p_o_f_hair_0007_lod.nif,p_o_04_f_f_helm_lod.nif,p_o_04_f_f_body_lod.nif,p_o_04_f_f_hand_lod.nif,,p_o_04_f_f_foot_lod.nif,,,13|p_w_twan_03_all_lod.nif,,1000.0f,2000.0f,3000.0f,4000.0f,6000.0f,,0,0
53608,Model,02034.kfm,p_o_f_face_0302_lod.bif,p_o_f_eyes_0002_lod.bif,p_o_f_hair_0008_lod.nif,p_o_05_e_f_helm_lod.nif,p_o_05_e_f_body_lod.nif,p_o_05_e_f_hand_lod.nif,,p_o_05_e_f_foot_lod.nif,,3|p_w_taxe_03_all_lod.nif,,,1000.0f,2000.0f,3000.0f,4000.0f,6000.0f,,0,0
53609,Model,02035.kfm,p_o_f_face_0400_lod.nif,p_o_f_eyes_0003_lod.bif,p_o_f_hair_0009_lod.nif,p_o_05_f_f_helm_lod.nif,p_o_05_f_f_body_lod.nif,p_o_05_f_f_hand_lod.nif,,p_o_05_f_f_foot_lod.nif,,4|p_w_tbow_03_all_lod.nif,,,1000.0f,2000.0f,3000.0f,4000.0f,6000.0f,,0,0
53610,Model,02036.kfm,p_o_f_face_0401_lod.bif,p_o_f_eyes_0004_lod.bif,p_o_f_hair_0008_lod.nif,p_o_06_f_f_helm_lod.nif,p_o_06_f_f_body_lod.nif,p_o_06_f_f_hand_lod.nif,,p_o_06_f_f_foot_lod.nif,,0|p_w_shle_03_lft_lod.nif,1|p_w_lanc_03_all_lod.nif,,1000.0f,2000.0f,3000.0f,4000.0f,6000.0f,,0,0
53611,Model,02037.kfm,p_o_f_face_0402_lod.bif,p_o_f_eyes_0005_lod.bif,p_o_f_hair_0009_lod.nif,p_o_06_f_f_helm_lod.nif,p_o_06_f_f_body_lod.nif,p_o_06_f_f_hand_lod.nif,,p_o_06_f_f_foot_lod.nif,,,13|p_w_twan_03_all_lod.nif,,1000.0f,2000.0f,3000.0f,4000.0f,6000.0f,,0,0
53700,Model,02034.kfm,p_o_f_face_0100_lod.nif,p_o_f_eyes_0000_lod.nif,p_o_f_hair_0000_lod.nif,p_o_01_a_f_helm_lod.nif,p_o_01_a_f_body_lod.nif,p_o_01_a_f_hand_lod.nif,,p_o_01_a_f_foot_lod.nif,,3|p_w_taxe_03_all_lod.nif,,,1000.0f,2000.0f,3000.0f,4000.0f,6000.0f,,0,0
53701,Model,02035.kfm,p_o_f_face_0101_lod.bif,p_o_f_eyes_0001_lod.bif,p_o_f_hair_0001_lod.nif,p_o_01_b_f_helm_lod.nif,p_o_01_b_f_body_lod.nif,p_o_01_b_f_hand_lod.nif,,p_o_01_b_f_foot_lod.nif,,4|p_w_tbow_03_all_lod.nif,,,1000.0f,2000.0f,3000.0f,4000.0f,6000.0f,,0,0
53702,Model,02036.kfm,p_o_f_face_0102_lod.bif,p_o_f_eyes_0002_lod.bif,p_o_f_hair_0002_lod.nif,p_o_02_b_f_helm_lod.nif,p_o_02_b_f_body_lod.nif,p_o_02_b_f_hand_lod.nif,,p_o_02_b_f_foot_lod.nif,,0|p_w_shle_03_lft_lod.nif,1|p_w_lanc_03_all_lod.nif,,1000.0f,2000.0f,3000.0f,4000.0f,6000.0f,,0,0
53703,Model,02037.kfm,p_o_f_face_0200_lod.nif,p_o_f_eyes_0003_lod.bif,p_o_f_hair_0003_lod.nif,p_o_02_c_f_helm_lod.nif,p_o_02_c_f_body_lod.nif,p_o_02_c_f_hand_lod.nif,,p_o_02_c_f_foot_lod.nif,,,13|p_w_twan_03_all_lod.nif,,1000.0f,2000.0f,3000.0f,4000.0f,6000.0f,,0,0
53704,Model,02034.kfm,p_o_f_face_0201_lod.bif,p_o_f_eyes_0004_lod.bif,p_o_f_hair_0004_lod.nif,p_o_03_b_f_helm_lod.nif,p_o_03_b_f_body_lod.nif,p_o_03_b_f_hand_lod.nif,,p_o_03_b_f_foot_lod.nif,,3|p_w_taxe_03_all_lod.nif,,,1000.0f,2000.0f,3000.0f,4000.0f,6000.0f,,0,0
53705,Model,02035.kfm,p_o_f_face_0202_lod.bif,p_o_f_eyes_0005_lod.bif,p_o_f_hair_0005_lod.nif,p_o_03_c_f_helm_lod.nif,p_o_03_c_f_body_lod.nif,p_o_03_c_f_hand_lod.nif,,p_o_03_c_f_foot_lod.nif,,4|p_w_tbow_03_all_lod.nif,,,1000.0f,2000.0f,3000.0f,4000.0f,6000.0f,,0,0
53706,Model,02036.kfm,p_o_f_face_0300_lod.nif,p_o_f_eyes_0000_lod.nif,p_o_f_hair_0006_lod.nif,p_o_04_b_f_helm_lod.nif,p_o_04_b_f_body_lod.nif,p_o_04_b_f_hand_lod.nif,,p_o_04_b_f_foot_lod.nif,,0|p_w_shle_03_lft_lod.nif,1|p_w_lanc_03_all_lod.nif,,1000.0f,2000.0f,3000.0f,4000.0f,6000.0f,,0,0
53707,Model,02037.kfm,p_o_f_face_0301_lod.bif,p_o_f_eyes_0001_lod.bif,p_o_f_hair_0007_lod.nif,p_o_04_c_f_helm_lod.nif,p_o_04_c_f_body_lod.nif,p_o_04_c_f_hand_lod.nif,,p_o_04_c_f_foot_lod.nif,,,13|p_w_twan_03_all_lod.nif,,1000.0f,2000.0f,3000.0f,4000.0f,6000.0f,,0,0
53708,Model,02034.kfm,p_o_f_face_0302_lod.bif,p_o_f_eyes_0002_lod.bif,p_o_f_hair_0008_lod.nif,p_o_05_b_f_helm_lod.nif,p_o_05_b_f_body_lod.nif,p_o_05_b_f_hand_lod.nif,,p_o_05_b_f_foot_lod.nif,,3|p_w_taxe_03_all_lod.nif,,,1000.0f,2000.0f,3000.0f,4000.0f,6000.0f,,0,0
53709,Model,02035.kfm,p_o_f_face_0400_lod.nif,p_o_f_eyes_0003_lod.bif,p_o_f_hair_0009_lod.nif,p_o_05_c_f_helm_lod.nif,p_o_05_c_f_body_lod.nif,p_o_05_c_f_hand_lod.nif,,p_o_05_c_f_foot_lod.nif,,4|p_w_tbow_03_all_lod.nif,,,1000.0f,2000.0f,3000.0f,4000.0f,6000.0f,,0,0
53710,Model,02036.kfm,p_o_f_face_0401_lod.bif,p_o_f_eyes_0004_lod.bif,p_o_f_hair_0008_lod.nif,p_o_06_c_f_helm_lod.nif,p_o_06_c_f_body_lod.nif,p_o_06_c_f_hand_lod.nif,,p_o_06_c_f_foot_lod.nif,,0|p_w_shle_03_lft_lod.nif,1|p_w_lanc_03_all_lod.nif,,1000.0f,2000.0f,3000.0f,4000.0f,6000.0f,,0,0
53711,Model,02037.kfm,p_o_f_face_0402_lod.bif,p_o_f_eyes_0005_lod.bif,p_o_f_hair_0009_lod.nif,p_o_06_c_f_helm_lod.nif,p_o_06_c_f_body_lod.nif,p_o_06_c_f_hand_lod.nif,,p_o_06_c_f_foot_lod.nif,,,13|p_w_twan_03_all_lod.nif,,1000.0f,2000.0f,3000.0f,4000.0f,6000.0f,,0,0
