TID,Type,TermsTID,Name,EngName,Price,bCreate,Icon,Model,reqPCType,reqItem1,reqItemCount1,reqItem2,reqItemCount2,reqItem3,reqItemCount3
人物卡斯特帕斯 ,卡斯特部位区分.0=SkinForm. 1=SkinColor. 2=HairForm. 3=HairColor. 4=FaceForm. 5=EyeForm,先行部位,韩语名,英文名,销售价格,援助方式,标识,模型,种族性别,所需条款,所需条款1个数,所需条款2TID,所需条款2个数,所需条款3TID,所需条款3个数
0,0,2,2,2,0,0,2,2,0,0,0,0,0,0,0
U32,U32,U32:v,CBwString,CBwString,U32,U32,string,string,U32,U32,U32,U32,U32,U32,U32
1,0,,BodyForm1,,10,1,100001,1,1,,,,,,
2,0,,BodyForm2,,10,1,100002,2,1,,,,,,
3,0,,BodyForm3,,10,1,100003,3,1,,,,,,
4,0,,BodyForm4,,10,1,100004,4,1,,,,,,
5,0,,BodyForm5,,10,1,100005,5,1,,,,,,
6,0,,BodyForm6,,10,1,100006,6,1,,,,,,
7,0,,BodyForm7,,10,1,100007,7,1,,,,,,
8,0,,BodyForm8,,10,1,100008,8,1,,,,,,
50,0,,BodyForm1,,10,1,200001,1,2,,,,,,
51,0,,BodyForm2,,10,1,200002,2,2,,,,,,
52,0,,BodyForm3,,10,1,200003,3,2,,,,,,
53,0,,BodyForm4,,10,1,200004,4,2,,,,,,
54,0,,BodyForm5,,10,1,200005,5,2,,,,,,
55,0,,BodyForm6,,10,1,200006,6,2,,,,,,
56,0,,BodyForm7,,10,1,200007,7,2,,,,,,
57,0,,BodyForm8,,10,1,200008,8,2,,,,,,
100,0,,BodyForm1,,10,1,100001,1,3,,,,,,
101,0,,BodyForm2,,10,1,100002,2,3,,,,,,
102,0,,BodyForm3,,10,1,100003,3,3,,,,,,
103,0,,BodyForm4,,10,1,100004,4,3,,,,,,
104,0,,BodyForm5,,10,1,100005,5,3,,,,,,
105,0,,BodyForm6,,10,1,100006,6,3,,,,,,
106,0,,BodyForm7,,10,1,100007,7,3,,,,,,
107,0,,BodyForm8,,10,1,100008,8,3,,,,,,
150,0,,BodyForm1,,10,1,800001,1,4,,,,,,
151,0,,BodyForm2,,10,1,800002,2,4,,,,,,
152,0,,BodyForm3,,10,1,800003,3,4,,,,,,
153,0,,BodyForm4,,10,1,800004,4,4,,,,,,
154,0,,BodyForm5,,10,1,800005,5,4,,,,,,
155,0,,BodyForm6,,10,1,800006,6,4,,,,,,
156,0,,BodyForm7,,10,1,800007,7,4,,,,,,
157,0,,BodyForm8,,10,1,800008,8,4,,,,,,
200,0,,BodyForm1,,10,1,700001,1,5,,,,,,
201,0,,BodyForm2,,10,1,700002,2,5,,,,,,
202,0,,BodyForm3,,10,1,700003,3,5,,,,,,
203,0,,BodyForm4,,10,1,700004,4,5,,,,,,
204,0,,BodyForm5,,10,1,700005,5,5,,,,,,
205,0,,BodyForm6,,10,1,700006,6,5,,,,,,
206,0,,BodyForm7,,10,1,700007,7,5,,,,,,
207,0,,BodyForm8,,10,1,700008,8,5,,,,,,
250,0,,BodyForm1,,10,1,200001,1,6,,,,,,
251,0,,BodyForm2,,10,1,200002,2,6,,,,,,
252,0,,BodyForm3,,10,1,200003,3,6,,,,,,
253,0,,BodyForm4,,10,1,200004,4,6,,,,,,
254,0,,BodyForm5,,10,1,200005,5,6,,,,,,
255,0,,BodyForm6,,10,1,200006,6,6,,,,,,
256,0,,BodyForm7,,10,1,200007,7,6,,,,,,
257,0,,BodyForm8,,10,1,200008,8,6,,,,,,
300,0,,BodyForm1,,10,1,700001,1,7,,,,,,
301,0,,BodyForm2,,10,1,700002,2,7,,,,,,
302,0,,BodyForm3,,10,1,700003,3,7,,,,,,
303,0,,BodyForm4,,10,1,700004,4,7,,,,,,
304,0,,BodyForm5,,10,1,700005,5,7,,,,,,
305,0,,BodyForm6,,10,1,700006,6,7,,,,,,
306,0,,BodyForm7,,10,1,700007,7,7,,,,,,
307,0,,BodyForm8,,10,1,700008,8,7,,,,,,
350,0,,BodyForm1,,10,1,800001,1,8,,,,,,
351,0,,BodyForm2,,10,1,800002,2,8,,,,,,
352,0,,BodyForm3,,10,1,800003,3,8,,,,,,
353,0,,BodyForm4,,10,1,800004,4,8,,,,,,
354,0,,BodyForm5,,10,1,800005,5,8,,,,,,
355,0,,BodyForm6,,10,1,800006,6,8,,,,,,
356,0,,BodyForm7,,10,1,800007,7,8,,,,,,
357,0,,BodyForm8,,10,1,800008,8,8,,,,,,
1000,2,,Skincolor1 ,,10,1,,"254,230,224",1,,,,,,
1001,2,,Skincolor2,,10,1,,"254,214,190",1,,,,,,
1002,2,,Skincolor3,,10,1,,"246,200,161",1,,,,,,
1003,2,,Skincolor4,,10,1,,"210,186,150",1,,,,,,
1004,2,,Skincolor5,,10,1,,"228,171,130",1,,,,,,
1005,2,,Skincolor6,,10,1,,"222,160,101",1,,,,,,
1006,2,,Skincolor7,,10,1,,"207,145,113",1,,,,,,
1007,2,,Skincolor8,,10,1,,"140,113,92",1,,,,,,
1008,2,,Skincolor9,,10,1,,"160,97,61",1,,,,,,
1009,2,,Skincolor10,,10,1,,"127,83,62",1,,,,,,
1050,2,,Skincolor1 ,,0,1,,"254,230,224",2,,,,,,
1051,2,,Skincolor2,,10,1,,"254,214,190",2,,,,,,
1052,2,,Skincolor3,,10,1,,"246,200,161",2,,,,,,
1053,2,,Skincolor4,,10,1,,"210,186,150",2,,,,,,
1054,2,,Skincolor5,,10,1,,"228,171,130",2,,,,,,
1055,2,,Skincolor6,,10,1,,"222,160,101",2,,,,,,
1056,2,,Skincolor7,,10,1,,"207,145,113",2,,,,,,
1057,2,,Skincolor8,,10,1,,"140,113,92",2,,,,,,
1058,2,,Skincolor9,,10,1,,"160,97,61",2,,,,,,
1059,2,,Skincolor10,,10,1,,"127,83,62",2,,,,,,
1100,2,,Skincolor1 ,,0,1,,"215,218,232",3,,,,,,
1101,2,,Skincolor2,,15,1,,"255,240,252",3,,,,,,
1102,2,,Skincolor3,,15,1,,"238,208,209",3,,,,,,
1103,2,,Skincolor4,,15,1,,"191,168,176",3,,,,,,
1104,2,,Skincolor5,,15,1,,"249,249,249",3,,,,,,
1105,2,,Skincolor6,,0,1,,"206,203,231",3,,,,,,
1106,2,,Skincolor7,,15,1,,"248,227,203",3,,,,,,
1107,2,,Skincolor8,,15,1,,"226,209,180",3,,,,,,
1108,2,,Skincolor9,,15,1,,"198,171,162",3,,,,,,
1109,2,,Skincolor10,,15,1,,"176,203,225",3,,,,,,
1150,2,,Skincolor1 ,,0,1,,"215,218,232",4,,,,,,
1151,2,,Skincolor2,,15,1,,"255,240,252",4,,,,,,
1152,2,,Skincolor3,,15,1,,"238,208,209",4,,,,,,
1153,2,,Skincolor4,,15,1,,"191,168,176",4,,,,,,
1154,2,,Skincolor5,,15,1,,"249,249,249",4,,,,,,
1155,2,,Skincolor6,,0,1,,"206,203,231",4,,,,,,
1156,2,,Skincolor7,,15,1,,"248,227,203",4,,,,,,
1157,2,,Skincolor8,,15,1,,"226,209,180",4,,,,,,
1158,2,,Skincolor9,,15,1,,"198,171,162",4,,,,,,
1159,2,,Skincolor10,,15,1,,"176,203,225",4,,,,,,
1200,2,,Skincolor1 ,,0,1,,"253,232,223",5,,,,,,
1201,2,,Skincolor2,,10,1,,"236,204,174",5,,,,,,
1202,2,,Skincolor3,,10,1,,"233,174,143",5,,,,,,
1203,2,,Skincolor4,,10,1,,"185,157,132",5,,,,,,
1204,2,,Skincolor5,,10,1,,"132,115,100",5,,,,,,
1205,2,,Skincolor6,,0,1,,"233,209,209",5,,,,,,
1206,2,,Skincolor7,,10,1,,"232,191,181",5,,,,,,
1207,2,,Skincolor8,,10,1,,"221,155,155",5,,,,,,
1208,2,,Skincolor9,,10,1,,"188,152,152",5,,,,,,
1209,2,,Skincolor10,,10,1,,"124,96,88",5,,,,,,
1250,2,,Skincolor1 ,,10,1,,"253,232,223",6,,,,,,
1251,2,,Skincolor2,,10,1,,"236,204,174",6,,,,,,
1252,2,,Skincolor3,,10,1,,"233,174,143",6,,,,,,
1253,2,,Skincolor4,,10,1,,"185,157,132",6,,,,,,
1254,2,,Skincolor5,,10,1,,"132,115,100",6,,,,,,
1255,2,,Skincolor6,,10,1,,"233,209,209",6,,,,,,
1256,2,,Skincolor7,,10,1,,"232,191,181",6,,,,,,
1257,2,,Skincolor8,,10,1,,"221,155,155",6,,,,,,
1258,2,,Skincolor9,,10,1,,"188,152,152",6,,,,,,
1259,2,,Skincolor10,,10,1,,"124,96,88",6,,,,,,
1300,2,,Skincolor1 ,,0,1,,"183,158,74",7,,,,,,
1301,2,,Skincolor2,,15,1,,"162,146,80",7,,,,,,
1302,2,,Skincolor3,,15,1,,"153,132,35",7,,,,,,
1303,2,,Skincolor4,,15,1,,"105,88,10",7,,,,,,
1304,2,,Skincolor5,,15,1,,"153,162,103",7,,,,,,
1305,2,,Skincolor6,,15,1,,"126,127,76",7,,,,,,
1306,2,,Skincolor7,,15,1,,"117,80,50",7,,,,,,
1307,2,,Skincolor8,,15,1,,"91,49,21",7,,,,,,
1308,2,,Skincolor9,,15,1,,"91,70,44",7,,,,,,
1309,2,,Skincolor10,,15,1,,"72,63,58",7,,,,,,
1350,2,,Skincolor1 ,,0,1,,"183,158,74",8,,,,,,
1351,2,,Skincolor2,,15,1,,"162,146,80",8,,,,,,
1352,2,,Skincolor3,,15,1,,"153,132,35",8,,,,,,
1353,2,,Skincolor4,,15,1,,"105,88,10",8,,,,,,
1354,2,,Skincolor5,,15,1,,"153,162,103",8,,,,,,
1355,2,,Skincolor6,,15,1,,"126,127,76",8,,,,,,
1356,2,,Skincolor7,,15,1,,"117,80,50",8,,,,,,
1357,2,,Skincolor8,,15,1,,"91,49,21",8,,,,,,
1358,2,,Skincolor9,,15,1,,"91,70,44",8,,,,,,
1359,2,,Skincolor10,,15,1,,"72,63,58",8,,,,,,
2000,3,,Hair0,,10,1,110000,p_h_m_hair_0000_lod.nif,1,,,,,,
2001,3,,Hair1,,10,1,110001,p_h_m_hair_0001_lod.nif,1,,,,,,
2002,3,,Hair2,,10,1,110002,p_h_m_hair_0002_lod.nif,1,,,,,,
2003,3,,Hair3,,10,1,110003,p_h_m_hair_0003_lod.nif,1,,,,,,
2004,3,,Hair4,,10,1,110004,p_h_m_hair_0004_lod.nif,1,,,,,,
2005,3,,Hair5,,10,1,110005,p_h_m_hair_0005_lod.nif,1,,,,,,
2006,3,,Hair6,,10,1,110006,p_h_m_hair_0006_lod.nif,1,,,,,,
2007,3,,Hair7,,10,1,110007,p_h_m_hair_0007_lod.nif,1,,,,,,
2008,3,,Hair8,,10,1,110008,p_h_m_hair_0008_lod.nif,1,,,,,,
2009,3,,Hair9,,10,1,110009,p_h_m_hair_0009_lod.nif,1,,,,,,
2010,3,,Hair10,,10,1,110010,p_h_m_hair_0010_lod.nif,1,,,,,,
2050,3,,Hair0,,10,1,210000,p_h_f_hair_0000_lod.nif,2,,,,,,
2051,3,,Hair1,,10,1,210001,p_h_f_hair_0001_lod.nif,2,,,,,,
2052,3,,Hair2,,10,1,210002,p_h_f_hair_0002_lod.nif,2,,,,,,
2053,3,,Hair3,,10,1,210003,p_h_f_hair_0003_lod.nif,2,,,,,,
2054,3,,Hair4,,10,1,210004,p_h_f_hair_0004_lod.nif,2,,,,,,
2055,3,,Hair5,,10,1,210005,p_h_f_hair_0005_lod.nif,2,,,,,,
2056,3,,Hair6,,10,1,210006,p_h_f_hair_0006_lod.nif,2,,,,,,
2057,3,,Hair7,,10,1,210007,p_h_f_hair_0007_lod.nif,2,,,,,,
2058,3,,Hair8,,10,1,210008,p_h_f_hair_0008_lod.nif,2,,,,,,
2059,3,,Hair9,,10,1,210009,p_h_f_hair_0009_lod.nif,2,,,,,,
2060,3,,Hair10,,10,1,210010,p_h_f_hair_0010_lod.nif,2,,,,,,
2100,3,,Hair0,,10,1,110000,p_m_m_hair_0000_lod.nif,3,,,,,,
2101,3,,Hair1,,10,1,110001,p_m_m_hair_0001_lod.nif,3,,,,,,
2102,3,,Hair2,,10,1,110002,p_m_m_hair_0002_lod.nif,3,,,,,,
2103,3,,Hair3,,10,1,110003,p_m_m_hair_0003_lod.nif,3,,,,,,
2104,3,,Hair4,,10,1,110004,p_m_m_hair_0004_lod.nif,3,,,,,,
2105,3,,Hair5,,10,1,110005,p_m_m_hair_0005_lod.nif,3,,,,,,
2106,3,,Hair6,,10,1,110006,p_m_m_hair_0006_lod.nif,3,,,,,,
2107,3,,Hair7,,10,1,110007,p_m_m_hair_0007_lod.nif,3,,,,,,
2108,3,,Hair8,,10,1,110008,p_m_m_hair_0008_lod.nif,3,,,,,,
2109,3,,Hair9,,10,1,110009,p_m_m_hair_0009_lod.nif,3,,,,,,
2110,3,,Hair10,,10,1,110010,p_m_m_hair_0010_lod.nif,3,,,,,,
2150,3,,Hair0,,10,1,810000,p_m_f_hair_0000_lod.nif,4,,,,,,
2151,3,,Hair1,,10,1,810001,p_m_f_hair_0001_lod.nif,4,,,,,,
2152,3,,Hair2,,10,1,810002,p_m_f_hair_0002_lod.nif,4,,,,,,
2153,3,,Hair3,,10,1,810003,p_m_f_hair_0003_lod.nif,4,,,,,,
2154,3,,Hair4,,10,1,810004,p_m_f_hair_0004_lod.nif,4,,,,,,
2155,3,,Hair5,,10,1,810005,p_m_f_hair_0005_lod.nif,4,,,,,,
2156,3,,Hair6,,10,1,810006,p_m_f_hair_0006_lod.nif,4,,,,,,
2157,3,,Hair7,,10,1,810007,p_m_f_hair_0007_lod.nif,4,,,,,,
2158,3,,Hair8,,10,1,810008,p_m_f_hair_0008_lod.nif,4,,,,,,
2159,3,,Hair9,,10,1,810009,p_m_f_hair_0009_lod.nif,4,,,,,,
2160,3,,Hair10,,10,1,810010,p_m_f_hair_0010_lod.nif,4,,,,,,
2161,3,,Hair11,,10,1,430011,p_m_f_hair_0011_lod.nif,4,,,,,,
2200,3,,Hair0,,10,1,710000,p_d_m_hair_0000_lod.nif,5,,,,,,
2201,3,,Hair1,,10,1,710001,p_d_m_hair_0001_lod.nif,5,,,,,,
2202,3,,Hair2,,10,1,710002,p_d_m_hair_0002_lod.nif,5,,,,,,
2203,3,,Hair3,,10,1,710003,p_d_m_hair_0003_lod.nif,5,,,,,,
2204,3,,Hair4,,10,1,710004,p_d_m_hair_0004_lod.nif,5,,,,,,
2205,3,,Hair5,,10,1,710005,p_d_m_hair_0005_lod.nif,5,,,,,,
2206,3,,Hair6,,10,1,710006,p_d_m_hair_0006_lod.nif,5,,,,,,
2207,3,,Hair7,,10,1,710007,p_d_m_hair_0007_lod.nif,5,,,,,,
2208,3,,Hair8,,10,1,710008,p_d_m_hair_0008_lod.nif,5,,,,,,
2209,3,,Hair9,,10,1,710009,p_d_m_hair_0009_lod.nif,5,,,,,,
2210,3,,Hair10,,10,1,710010,p_d_m_hair_0010_lod.nif,5,,,,,,
2250,3,,Hair0,,10,1,210000,p_d_f_hair_0000_lod.nif,6,,,,,,
2251,3,,Hair1,,10,1,210001,p_d_f_hair_0001_lod.nif,6,,,,,,
2252,3,,Hair2,,10,1,210002,p_d_f_hair_0002_lod.nif,6,,,,,,
2253,3,,Hair3,,10,1,210003,p_d_f_hair_0003_lod.nif,6,,,,,,
2254,3,,Hair4,,10,1,210004,p_d_f_hair_0004_lod.nif,6,,,,,,
2255,3,,Hair5,,10,1,210005,p_d_f_hair_0005_lod.nif,6,,,,,,
2256,3,,Hair6,,10,1,210006,p_d_f_hair_0006_lod.nif,6,,,,,,
2257,3,,Hair7,,10,1,210007,p_d_f_hair_0007_lod.nif,6,,,,,,
2258,3,,Hair8,,10,1,210008,p_d_f_hair_0008_lod.nif,6,,,,,,
2259,3,,Hair9,,10,1,210009,p_d_f_hair_0009_lod.nif,6,,,,,,
2260,3,,Hair10,,10,1,210010,p_d_f_hair_0010_lod.nif,6,,,,,,
2261,3,,Hair11,,10,1,630011,p_d_f_hair_0011_lod.nif,6,,,,,,
2300,3,,Hair0,,10,1,710000,p_o_m_hair_0000_lod.nif,7,,,,,,
2301,3,,Hair1,,10,1,710001,p_o_m_hair_0001_lod.nif,7,,,,,,
2302,3,,Hair2,,10,1,710002,p_o_m_hair_0002_lod.nif,7,,,,,,
2303,3,,Hair3,,10,1,710003,p_o_m_hair_0003_lod.nif,7,,,,,,
2304,3,,Hair4,,10,1,710004,p_o_m_hair_0004_lod.nif,7,,,,,,
2305,3,,Hair5,,10,1,710005,p_o_m_hair_0005_lod.nif,7,,,,,,
2306,3,,Hair6,,10,1,710006,p_o_m_hair_0006_lod.nif,7,,,,,,
2307,3,,Hair7,,10,1,710007,p_o_m_hair_0007_lod.nif,7,,,,,,
2308,3,,Hair8,,10,1,710008,p_o_m_hair_0008_lod.nif,7,,,,,,
2309,3,,Hair9,,10,1,710009,p_o_m_hair_0009_lod.nif,7,,,,,,
2310,3,,Hair10,,10,1,710010,p_o_m_hair_0010_lod.nif,7,,,,,,
2350,3,,Hair0,,10,1,810000,p_o_f_hair_0000_lod.nif,8,,,,,,
2351,3,,Hair1,,10,1,810001,p_o_f_hair_0001_lod.nif,8,,,,,,
2352,3,,Hair2,,10,1,810002,p_o_f_hair_0002_lod.nif,8,,,,,,
2353,3,,Hair3,,10,1,810003,p_o_f_hair_0003_lod.nif,8,,,,,,
2354,3,,Hair4,,10,1,810004,p_o_f_hair_0004_lod.nif,8,,,,,,
2355,3,,Hair5,,10,1,810005,p_o_f_hair_0005_lod.nif,8,,,,,,
2356,3,,Hair6,,10,1,810006,p_o_f_hair_0006_lod.nif,8,,,,,,
2357,3,,Hair7,,10,1,810007,p_o_f_hair_0007_lod.nif,8,,,,,,
2358,3,,Hair8,,10,1,810008,p_o_f_hair_0008_lod.nif,8,,,,,,
2359,3,,Hair9,,10,1,810009,p_o_f_hair_0009_lod.nif,8,,,,,,
2360,3,,Hair10,,10,1,810010,p_o_f_hair_0010_lod.nif,8,,,,,,
3000,4,,HairColor1,,0,1,,"101,33,7",1,,,,,,
3001,4,,HairColor2,,10,1,,"129,66,24",1,,,,,,
3002,4,,HairColor3,,10,1,,"90,67,48",1,,,,,,
3003,4,,HairColor4,,10,1,,"255,181,119",1,,,,,,
3004,4,,HairColor5,,10,1,,"210,140,140",1,,,,,,
3005,4,,HairColor6,,10,1,,"189,0,0",1,,,,,,
3006,4,,HairColor7,,10,1,,"62,0,0",1,,,,,,
3007,4,,HairColor8,,10,1,,"92,46,65",1,,,,,,
3008,4,,HairColor9,,10,1,,"52,33,48",1,,,,,,
3009,4,,HairColor10,,10,1,,"29,34,58",1,,,,,,
3050,4,,HairColor1,,0,1,,"101,33,7",2,,,,,,
3051,4,,HairColor2,,10,1,,"129,66,24",2,,,,,,
3052,4,,HairColor3,,10,1,,"90,67,48",2,,,,,,
3053,4,,HairColor4,,10,1,,"255,181,119",2,,,,,,
3054,4,,HairColor5,,10,1,,"210,140,140",2,,,,,,
3055,4,,HairColor6,,10,1,,"189,0,0",2,,,,,,
3056,4,,HairColor7,,10,1,,"62,0,0",2,,,,,,
3057,4,,HairColor8,,10,1,,"92,46,65",2,,,,,,
3058,4,,HairColor9,,10,1,,"52,33,48",2,,,,,,
3059,4,,HairColor10,,10,1,,"29,34,58",2,,,,,,
3100,4,,HairColor1,,0,1,,"232,239,255",3,,,,,,
3101,4,,HairColor2,,15,1,,"218,181,232",3,,,,,,
3102,4,,HairColor3,,15,1,,"119,118,175",3,,,,,,
3103,4,,HairColor4,,15,1,,"211,155,118",3,,,,,,
3104,4,,HairColor5,,15,1,,"249,225,170",3,,,,,,
3105,4,,HairColor6,,0,1,,"176,203,225",3,,,,,,
3106,4,,HairColor7,,15,1,,"210,214,225",3,,,,,,
3107,4,,HairColor8,,15,1,,"230,207,166",3,,,,,,
3108,4,,HairColor9,,15,1,,"123,202,176",3,,,,,,
3109,4,,HairColor10,,15,1,,"255,193,193",3,,,,,,
3150,4,,HairColor1,,0,1,,"232,239,255",4,,,,,,
3151,4,,HairColor2,,15,1,,"218,181,232",4,,,,,,
3152,4,,HairColor3,,15,1,,"119,118,175",4,,,,,,
3153,4,,HairColor4,,15,1,,"211,155,118",4,,,,,,
3154,4,,HairColor5,,15,1,,"249,225,170",4,,,,,,
3155,4,,HairColor6,,0,1,,"176,203,225",4,,,,,,
3156,4,,HairColor7,,15,1,,"210,214,225",4,,,,,,
3157,4,,HairColor8,,15,1,,"230,207,166",4,,,,,,
3158,4,,HairColor9,,15,1,,"123,202,176",4,,,,,,
3159,4,,HairColor10,,15,1,,"255,193,193",4,,,,,,
3200,4,,HairColor1,,0,1,,"13,27,43",5,,,,,,
3201,4,,HairColor2,,15,1,,"16,72,129",5,,,,,,
3202,4,,HairColor3,,15,1,,"101,16,86",5,,,,,,
3203,4,,HairColor4,,15,1,,"218,237,254",5,,,,,,
3204,4,,HairColor5,,15,1,,"13,5,5",5,,,,,,
3205,4,,HairColor6,,0,1,,"23,60,64",5,,,,,,
3206,4,,HairColor7,,15,1,,"39,37,78",5,,,,,,
3207,4,,HairColor8,,15,1,,"150,91,39",5,,,,,,
3208,4,,HairColor9,,15,1,,"65,160,111",5,,,,,,
3209,4,,HairColor10,,15,1,,"80,1,1",5,,,,,,
3250,4,,HairColor1,,0,1,,"13,27,43",6,,,,,,
3251,4,,HairColor2,,15,1,,"16,72,129",6,,,,,,
3252,4,,HairColor3,,15,1,,"101,16,86",6,,,,,,
3253,4,,HairColor4,,15,1,,"218,237,254",6,,,,,,
3254,4,,HairColor5,,15,1,,"13,5,5",6,,,,,,
3255,4,,HairColor6,,0,1,,"23,60,64",6,,,,,,
3256,4,,HairColor7,,15,1,,"39,37,78",6,,,,,,
3257,4,,HairColor8,,15,1,,"150,91,39",6,,,,,,
3258,4,,HairColor9,,15,1,,"65,160,111",6,,,,,,
3259,4,,HairColor10,,15,1,,"80,1,1",6,,,,,,
3300,4,,HairColor1,,0,1,,"128,64,64",7,,,,,,
3301,4,,HairColor2,,15,1,,"200,0,0",7,,,,,,
3302,4,,HairColor3,,15,1,,"102,0,0",7,,,,,,
3303,4,,HairColor4,,15,1,,"43,0,0",7,,,,,,
3304,4,,HairColor5,,15,1,,"46,55,40",7,,,,,,
3305,4,,HairColor6,,15,1,,"168,167,167",7,,,,,,
3306,4,,HairColor7,,15,1,,"56,55,55",7,,,,,,
3307,4,,HairColor8,,15,1,,"31,30,30",7,,,,,,
3308,4,,HairColor9,,15,1,,"89,108,30",7,,,,,,
3309,4,,HairColor10,,15,1,,"47,74,55",7,,,,,,
3350,4,,HairColor1,,0,1,,"128,64,64",8,,,,,,
3351,4,,HairColor2,,15,1,,"200,0,0",8,,,,,,
3352,4,,HairColor3,,15,1,,"102,0,0",8,,,,,,
3353,4,,HairColor4,,15,1,,"43,0,0",8,,,,,,
3354,4,,HairColor5,,15,1,,"46,55,40",8,,,,,,
3355,4,,HairColor6,,15,1,,"168,167,167",8,,,,,,
3356,4,,HairColor7,,15,1,,"56,55,55",8,,,,,,
3357,4,,HairColor8,,15,1,,"31,30,30",8,,,,,,
3358,4,,HairColor9,,15,1,,"89,108,30",8,,,,,,
3359,4,,HairColor10,,15,1,,"47,74,55",8,,,,,,
10000,5,0,Face0,,20,1,120000,p_h_m_face_0000_lod.nif,1,,,,,,
12000,5,0|0,Face0-0,,20,1,120000,p_h_m_face_0000_lod.nif,1,,,,,,
12001,5,0|1,Face0-1,,20,1,120010,p_h_m_face_0010_lod.nif,1,,,,,,
12002,5,0|2,Face0-2,,20,1,120020,p_h_m_face_0020_lod.nif,1,,,,,,
12003,5,0|3,Face0-3,,20,1,120030,p_h_m_face_0030_lod.nif,1,,,,,,
12004,5,0|4,Face0-4,,20,1,120040,p_h_m_face_0040_lod.nif,1,,,,,,
12005,5,0|5,Face0-5,,20,1,120050,p_h_m_face_0050_lod.nif,1,,,,,,
12006,5,0|6,Face0-6,,20,1,120060,p_h_m_face_0060_lod.nif,1,,,,,,
12007,5,0|7,Face0-7,,20,1,120070,p_h_m_face_0070_lod.nif,1,,,,,,
13000,5,0|0|0,Face0-0-0,,20,1,120000,p_h_m_face_0000_lod.nif,1,,,,,,
13001,5,0|0|1,Face0-0-1,,20,1,120001,p_h_m_face_0001_lod.bif,1,,,,,,
13002,5,0|0|2,Face0-0-2,,20,1,120002,p_h_m_face_0002_lod.bif,1,,,,,,
13003,5,0|0|3,Face0-0-3,,20,1,120003,p_h_m_face_0003_lod.bif,1,,,,,,
13004,5,0|0|4,Face0-0-4,,20,1,120004,p_h_m_face_0004_lod.bif,1,,,,,,
13005,5,0|0|5,Face0-0-5,,20,1,120005,p_h_m_face_0005_lod.bif,1,,,,,,
13006,5,0|0|6,Face0-0-6,,20,1,120006,p_h_m_face_0006_lod.bif,1,,,,,,
13007,5,0|0|7,Face0-0-7,,20,1,120007,p_h_m_face_0007_lod.bif,1,,,,,,
13010,5,0|1|0,Face0-1-0,,20,1,120010,p_h_m_face_0010_lod.nif,1,,,,,,
13011,5,0|1|1,Face0-1-1,,20,1,120011,p_h_m_face_0011_lod.bif,1,,,,,,
13012,5,0|1|2,Face0-1-2,,20,1,120012,p_h_m_face_0012_lod.bif,1,,,,,,
13013,5,0|1|3,Face0-1-3,,20,1,120013,p_h_m_face_0013_lod.bif,1,,,,,,
13014,5,0|1|4,Face0-1-4,,20,1,120014,p_h_m_face_0014_lod.bif,1,,,,,,
13015,5,0|1|5,Face0-1-5,,20,1,120015,p_h_m_face_0015_lod.bif,1,,,,,,
13016,5,0|1|6,Face0-1-6,,20,1,120016,p_h_m_face_0016_lod.bif,1,,,,,,
13017,5,0|1|7,Face0-1-7,,20,1,120017,p_h_m_face_0017_lod.bif,1,,,,,,
13020,5,0|2|0,Face0-2-0,,20,1,120020,p_h_m_face_0020_lod.nif,1,,,,,,
13021,5,0|2|1,Face0-2-1,,20,1,120021,p_h_m_face_0021_lod.bif,1,,,,,,
13022,5,0|2|2,Face0-2-2,,20,1,120022,p_h_m_face_0022_lod.bif,1,,,,,,
13023,5,0|2|3,Face0-2-3,,20,1,120023,p_h_m_face_0023_lod.bif,1,,,,,,
13024,5,0|2|4,Face0-2-4,,20,1,120024,p_h_m_face_0024_lod.bif,1,,,,,,
13025,5,0|2|5,Face0-2-5,,20,1,120025,p_h_m_face_0025_lod.bif,1,,,,,,
13026,5,0|2|6,Face0-2-6,,20,1,120026,p_h_m_face_0026_lod.bif,1,,,,,,
13027,5,0|2|7,Face0-2-7,,20,1,120027,p_h_m_face_0027_lod.bif,1,,,,,,
13030,5,0|3|0,Face0-3-0,,20,1,120030,p_h_m_face_0030_lod.nif,1,,,,,,
13031,5,0|3|1,Face0-3-1,,20,1,120031,p_h_m_face_0031_lod.bif,1,,,,,,
13032,5,0|3|2,Face0-3-2,,20,1,120032,p_h_m_face_0032_lod.bif,1,,,,,,
13033,5,0|3|3,Face0-3-3,,20,1,120033,p_h_m_face_0033_lod.bif,1,,,,,,
13034,5,0|3|4,Face0-3-4,,20,1,120034,p_h_m_face_0034_lod.bif,1,,,,,,
13035,5,0|3|5,Face0-3-5,,20,1,120035,p_h_m_face_0035_lod.bif,1,,,,,,
13036,5,0|3|6,Face0-3-6,,20,1,120036,p_h_m_face_0036_lod.bif,1,,,,,,
13037,5,0|3|7,Face0-3-7,,20,1,120037,p_h_m_face_0037_lod.bif,1,,,,,,
13040,5,0|4|0,Face0-4-0,,20,1,120040,p_h_m_face_0040_lod.nif,1,,,,,,
13041,5,0|4|1,Face0-4-1,,20,1,120041,p_h_m_face_0041_lod.bif,1,,,,,,
13042,5,0|4|2,Face0-4-2,,20,1,120042,p_h_m_face_0042_lod.bif,1,,,,,,
13043,5,0|4|3,Face0-4-3,,20,1,120043,p_h_m_face_0043_lod.bif,1,,,,,,
13044,5,0|4|4,Face0-4-4,,20,1,120044,p_h_m_face_0044_lod.bif,1,,,,,,
13045,5,0|4|5,Face0-4-5,,20,1,120045,p_h_m_face_0045_lod.bif,1,,,,,,
13046,5,0|4|6,Face0-4-6,,20,1,120046,p_h_m_face_0046_lod.bif,1,,,,,,
13047,5,0|4|7,Face0-4-7,,20,1,120047,p_h_m_face_0047_lod.bif,1,,,,,,
14000,5,0|5|0,Face0-5-0,,20,1,120050,p_h_m_face_0050_lod.nif,1,,,,,,
14001,5,0|5|1,Face0-5-1,,20,1,120051,p_h_m_face_0051_lod.bif,1,,,,,,
14002,5,0|5|2,Face0-5-2,,20,1,120052,p_h_m_face_0052_lod.bif,1,,,,,,
14003,5,0|5|3,Face0-5-3,,20,1,120053,p_h_m_face_0053_lod.bif,1,,,,,,
14004,5,0|5|4,Face0-5-4,,20,1,120054,p_h_m_face_0054_lod.bif,1,,,,,,
14005,5,0|5|5,Face0-5-5,,20,1,120055,p_h_m_face_0055_lod.bif,1,,,,,,
14006,5,0|5|6,Face0-5-6,,20,1,120056,p_h_m_face_0056_lod.bif,1,,,,,,
14007,5,0|5|7,Face0-5-7,,20,1,120057,p_h_m_face_0057_lod.bif,1,,,,,,
14010,5,0|6|0,Face0-6-0,,20,1,120060,p_h_m_face_0060_lod.nif,1,,,,,,
14011,5,0|6|1,Face0-6-1,,20,1,120061,p_h_m_face_0061_lod.bif,1,,,,,,
14012,5,0|6|2,Face0-6-2,,20,1,120062,p_h_m_face_0062_lod.bif,1,,,,,,
14013,5,0|6|3,Face0-6-3,,20,1,120063,p_h_m_face_0063_lod.bif,1,,,,,,
14014,5,0|6|4,Face0-6-4,,20,1,120064,p_h_m_face_0064_lod.bif,1,,,,,,
14015,5,0|6|5,Face0-6-5,,20,1,120065,p_h_m_face_0065_lod.bif,1,,,,,,
14016,5,0|6|6,Face0-6-6,,20,1,120066,p_h_m_face_0066_lod.bif,1,,,,,,
14017,5,0|6|7,Face0-6-7,,20,1,120067,p_h_m_face_0067_lod.bif,1,,,,,,
14020,5,0|7|0,Face0-7-0,,20,1,120070,p_h_m_face_0070_lod.nif,1,,,,,,
14021,5,0|7|1,Face0-7-1,,20,1,120071,p_h_m_face_0071_lod.bif,1,,,,,,
14022,5,0|7|2,Face0-7-2,,20,1,120072,p_h_m_face_0072_lod.bif,1,,,,,,
14023,5,0|7|3,Face0-7-3,,20,1,120073,p_h_m_face_0073_lod.bif,1,,,,,,
14024,5,0|7|4,Face0-7-4,,20,1,120074,p_h_m_face_0074_lod.bif,1,,,,,,
14025,5,0|7|5,Face0-7-5,,20,1,120075,p_h_m_face_0075_lod.bif,1,,,,,,
14026,5,0|7|6,Face0-7-6,,20,1,120076,p_h_m_face_0076_lod.bif,1,,,,,,
14027,5,0|7|7,Face0-7-7,,20,1,120077,p_h_m_face_0077_lod.bif,1,,,,,,
10001,5,1,Face1,,20,1,120100,p_h_m_face_0100_lod.nif,1,,,,,,
12010,5,1|0,Face1-0,,20,1,120100,p_h_m_face_0100_lod.nif,1,,,,,,
12011,5,1|1,Face1-1,,20,1,120110,p_h_m_face_0110_lod.nif,1,,,,,,
12012,5,1|2,Face1-2,,20,1,120120,p_h_m_face_0120_lod.nif,1,,,,,,
12013,5,1|3,Face1-3,,20,1,120130,p_h_m_face_0130_lod.nif,1,,,,,,
12014,5,1|4,Face1-4,,20,1,120140,p_h_m_face_0140_lod.nif,1,,,,,,
12015,5,1|5,Face1-5,,20,1,120150,p_h_m_face_0150_lod.nif,1,,,,,,
12016,5,1|6,Face1-6,,20,1,120160,p_h_m_face_0160_lod.nif,1,,,,,,
12017,5,1|7,Face1-7,,20,1,120170,p_h_m_face_0170_lod.nif,1,,,,,,
13050,5,1|0|0,Face1-0-0,,20,1,120100,p_h_m_face_0100_lod.nif,1,,,,,,
13051,5,1|0|1,Face1-0-1,,20,1,120101,p_h_m_face_0101_lod.bif,1,,,,,,
13052,5,1|0|2,Face1-0-2,,20,1,120102,p_h_m_face_0102_lod.bif,1,,,,,,
13053,5,1|0|3,Face1-0-3,,20,1,120103,p_h_m_face_0103_lod.bif,1,,,,,,
13054,5,1|0|4,Face1-0-4,,20,1,120104,p_h_m_face_0104_lod.bif,1,,,,,,
13055,5,1|0|5,Face1-0-5,,20,1,120105,p_h_m_face_0105_lod.bif,1,,,,,,
13056,5,1|0|6,Face1-0-6,,20,1,120106,p_h_m_face_0106_lod.bif,1,,,,,,
13057,5,1|0|7,Face1-0-7,,20,1,120107,p_h_m_face_0107_lod.bif,1,,,,,,
13060,5,1|1|0,Face1-1-0,,20,1,120110,p_h_m_face_0110_lod.nif,1,,,,,,
13061,5,1|1|1,Face1-1-1,,20,1,120111,p_h_m_face_0111_lod.bif,1,,,,,,
13062,5,1|1|2,Face1-1-2,,20,1,120112,p_h_m_face_0112_lod.bif,1,,,,,,
13063,5,1|1|3,Face1-1-3,,20,1,120113,p_h_m_face_0113_lod.bif,1,,,,,,
13064,5,1|1|4,Face1-1-4,,20,1,120114,p_h_m_face_0114_lod.bif,1,,,,,,
13065,5,1|1|5,Face1-1-5,,20,1,120115,p_h_m_face_0115_lod.bif,1,,,,,,
13066,5,1|1|6,Face1-1-6,,20,1,120116,p_h_m_face_0116_lod.bif,1,,,,,,
13067,5,1|1|7,Face1-1-7,,20,1,120117,p_h_m_face_0117_lod.bif,1,,,,,,
13070,5,1|2|0,Face1-2-0,,20,1,120120,p_h_m_face_0120_lod.nif,1,,,,,,
13071,5,1|2|1,Face1-2-1,,20,1,120121,p_h_m_face_0121_lod.bif,1,,,,,,
13072,5,1|2|2,Face1-2-2,,20,1,120122,p_h_m_face_0122_lod.bif,1,,,,,,
13073,5,1|2|3,Face1-2-3,,20,1,120123,p_h_m_face_0123_lod.bif,1,,,,,,
13074,5,1|2|4,Face1-2-4,,20,1,120124,p_h_m_face_0124_lod.bif,1,,,,,,
13075,5,1|2|5,Face1-2-5,,20,1,120125,p_h_m_face_0125_lod.bif,1,,,,,,
13076,5,1|2|6,Face1-2-6,,20,1,120126,p_h_m_face_0126_lod.bif,1,,,,,,
13077,5,1|2|7,Face1-2-7,,20,1,120127,p_h_m_face_0127_lod.bif,1,,,,,,
13080,5,1|3|0,Face1-3-0,,20,1,120130,p_h_m_face_0130_lod.nif,1,,,,,,
13081,5,1|3|1,Face1-3-1,,20,1,120131,p_h_m_face_0131_lod.bif,1,,,,,,
13082,5,1|3|2,Face1-3-2,,20,1,120132,p_h_m_face_0132_lod.bif,1,,,,,,
13083,5,1|3|3,Face1-3-3,,20,1,120133,p_h_m_face_0133_lod.bif,1,,,,,,
13084,5,1|3|4,Face1-3-4,,20,1,120134,p_h_m_face_0134_lod.bif,1,,,,,,
13085,5,1|3|5,Face1-3-5,,20,1,120135,p_h_m_face_0135_lod.bif,1,,,,,,
13086,5,1|3|6,Face1-3-6,,20,1,120136,p_h_m_face_0136_lod.bif,1,,,,,,
13087,5,1|3|7,Face1-3-7,,20,1,120137,p_h_m_face_0137_lod.bif,1,,,,,,
13090,5,1|4|0,Face1-4-0,,20,1,120140,p_h_m_face_0140_lod.nif,1,,,,,,
13091,5,1|4|1,Face1-4-1,,20,1,120141,p_h_m_face_0141_lod.bif,1,,,,,,
13092,5,1|4|2,Face1-4-2,,20,1,120142,p_h_m_face_0142_lod.bif,1,,,,,,
13093,5,1|4|3,Face1-4-3,,20,1,120143,p_h_m_face_0143_lod.bif,1,,,,,,
13094,5,1|4|4,Face1-4-4,,20,1,120144,p_h_m_face_0144_lod.bif,1,,,,,,
13095,5,1|4|5,Face1-4-5,,20,1,120145,p_h_m_face_0145_lod.bif,1,,,,,,
13096,5,1|4|6,Face1-4-6,,20,1,120146,p_h_m_face_0146_lod.bif,1,,,,,,
13097,5,1|4|7,Face1-4-7,,20,1,120147,p_h_m_face_0147_lod.bif,1,,,,,,
14030,5,1|5|0,Face1-5-0,,20,1,120150,p_h_m_face_0150_lod.nif,1,,,,,,
14031,5,1|5|1,Face1-5-1,,20,1,120151,p_h_m_face_0151_lod.bif,1,,,,,,
14032,5,1|5|2,Face1-5-2,,20,1,120152,p_h_m_face_0152_lod.bif,1,,,,,,
14033,5,1|5|3,Face1-5-3,,20,1,120153,p_h_m_face_0153_lod.bif,1,,,,,,
14034,5,1|5|4,Face1-5-4,,20,1,120154,p_h_m_face_0154_lod.bif,1,,,,,,
14035,5,1|5|5,Face1-5-5,,20,1,120155,p_h_m_face_0155_lod.bif,1,,,,,,
14036,5,1|5|6,Face1-5-6,,20,1,120156,p_h_m_face_0156_lod.bif,1,,,,,,
14037,5,1|5|7,Face1-5-7,,20,1,120157,p_h_m_face_0157_lod.bif,1,,,,,,
14040,5,1|6|0,Face1-6-0,,20,1,120160,p_h_m_face_0160_lod.nif,1,,,,,,
14041,5,1|6|1,Face1-6-1,,20,1,120161,p_h_m_face_0161_lod.bif,1,,,,,,
14042,5,1|6|2,Face1-6-2,,20,1,120162,p_h_m_face_0162_lod.bif,1,,,,,,
14043,5,1|6|3,Face1-6-3,,20,1,120163,p_h_m_face_0163_lod.bif,1,,,,,,
14044,5,1|6|4,Face1-6-4,,20,1,120164,p_h_m_face_0164_lod.bif,1,,,,,,
14045,5,1|6|5,Face1-6-5,,20,1,120165,p_h_m_face_0165_lod.bif,1,,,,,,
14046,5,1|6|6,Face1-6-6,,20,1,120166,p_h_m_face_0166_lod.bif,1,,,,,,
14047,5,1|6|7,Face1-6-7,,20,1,120167,p_h_m_face_0167_lod.bif,1,,,,,,
14050,5,1|7|0,Face1-7-0,,20,1,120170,p_h_m_face_0170_lod.nif,1,,,,,,
14051,5,1|7|1,Face1-7-1,,20,1,120171,p_h_m_face_0171_lod.bif,1,,,,,,
14052,5,1|7|2,Face1-7-2,,20,1,120172,p_h_m_face_0172_lod.bif,1,,,,,,
14053,5,1|7|3,Face1-7-3,,20,1,120173,p_h_m_face_0173_lod.bif,1,,,,,,
14054,5,1|7|4,Face1-7-4,,20,1,120174,p_h_m_face_0174_lod.bif,1,,,,,,
14055,5,1|7|5,Face1-7-5,,20,1,120175,p_h_m_face_0175_lod.bif,1,,,,,,
14056,5,1|7|6,Face1-7-6,,20,1,120176,p_h_m_face_0176_lod.bif,1,,,,,,
14057,5,1|7|7,Face1-7-7,,20,1,120177,p_h_m_face_0177_lod.bif,1,,,,,,
10002,5,2,Face2,,20,1,120200,p_h_m_face_0200_lod.nif,1,,,,,,
12020,5,2|0,Face2-0,,20,1,120200,p_h_m_face_0200_lod.nif,1,,,,,,
12021,5,2|1,Face2-1,,20,1,120210,p_h_m_face_0210_lod.nif,1,,,,,,
12022,5,2|2,Face2-2,,20,1,120220,p_h_m_face_0220_lod.nif,1,,,,,,
12023,5,2|3,Face2-3,,20,1,120230,p_h_m_face_0230_lod.nif,1,,,,,,
12024,5,2|4,Face2-4,,20,1,120240,p_h_m_face_0240_lod.nif,1,,,,,,
12025,5,2|5,Face2-5,,20,1,120250,p_h_m_face_0250_lod.nif,1,,,,,,
12026,5,2|6,Face2-6,,20,1,120260,p_h_m_face_0260_lod.nif,1,,,,,,
12027,5,2|7,Face2-7,,20,1,120270,p_h_m_face_0270_lod.nif,1,,,,,,
13100,5,2|0|0,Face2-0-0,,20,1,120200,p_h_m_face_0200_lod.nif,1,,,,,,
13101,5,2|0|1,Face2-0-1,,20,1,120201,p_h_m_face_0201_lod.bif,1,,,,,,
13102,5,2|0|2,Face2-0-2,,20,1,120202,p_h_m_face_0202_lod.bif,1,,,,,,
13103,5,2|0|3,Face2-0-3,,20,1,120203,p_h_m_face_0203_lod.bif,1,,,,,,
13104,5,2|0|4,Face2-0-4,,20,1,120204,p_h_m_face_0204_lod.bif,1,,,,,,
13105,5,2|0|5,Face2-0-5,,20,1,120205,p_h_m_face_0205_lod.bif,1,,,,,,
13106,5,2|0|6,Face2-0-6,,20,1,120206,p_h_m_face_0206_lod.bif,1,,,,,,
13107,5,2|0|7,Face2-0-7,,20,1,120207,p_h_m_face_0207_lod.bif,1,,,,,,
13110,5,2|1|0,Face2-1-0,,20,1,120210,p_h_m_face_0210_lod.nif,1,,,,,,
13111,5,2|1|1,Face2-1-1,,20,1,120211,p_h_m_face_0211_lod.bif,1,,,,,,
13112,5,2|1|2,Face2-1-2,,20,1,120212,p_h_m_face_0212_lod.bif,1,,,,,,
13113,5,2|1|3,Face2-1-3,,20,1,120213,p_h_m_face_0213_lod.bif,1,,,,,,
13114,5,2|1|4,Face2-1-4,,20,1,120214,p_h_m_face_0214_lod.bif,1,,,,,,
13115,5,2|1|5,Face2-1-5,,20,1,120215,p_h_m_face_0215_lod.bif,1,,,,,,
13116,5,2|1|6,Face2-1-6,,20,1,120216,p_h_m_face_0216_lod.bif,1,,,,,,
13117,5,2|1|7,Face2-1-7,,20,1,120217,p_h_m_face_0217_lod.bif,1,,,,,,
13120,5,2|2|0,Face2-2-0,,20,1,120220,p_h_m_face_0220_lod.nif,1,,,,,,
13121,5,2|2|1,Face2-2-1,,20,1,120221,p_h_m_face_0221_lod.bif,1,,,,,,
13122,5,2|2|2,Face2-2-2,,20,1,120222,p_h_m_face_0222_lod.bif,1,,,,,,
13123,5,2|2|3,Face2-2-3,,20,1,120223,p_h_m_face_0223_lod.bif,1,,,,,,
13124,5,2|2|4,Face2-2-4,,20,1,120224,p_h_m_face_0224_lod.bif,1,,,,,,
13125,5,2|2|5,Face2-2-5,,20,1,120225,p_h_m_face_0225_lod.bif,1,,,,,,
13126,5,2|2|6,Face2-2-6,,20,1,120226,p_h_m_face_0226_lod.bif,1,,,,,,
13127,5,2|2|7,Face2-2-7,,20,1,120227,p_h_m_face_0227_lod.bif,1,,,,,,
13130,5,2|3|0,Face2-3-0,,20,1,120230,p_h_m_face_0230_lod.nif,1,,,,,,
13131,5,2|3|1,Face2-3-1,,20,1,120231,p_h_m_face_0231_lod.bif,1,,,,,,
13132,5,2|3|2,Face2-3-2,,20,1,120232,p_h_m_face_0232_lod.bif,1,,,,,,
13133,5,2|3|3,Face2-3-3,,20,1,120233,p_h_m_face_0233_lod.bif,1,,,,,,
13134,5,2|3|4,Face2-3-4,,20,1,120234,p_h_m_face_0234_lod.bif,1,,,,,,
13135,5,2|3|5,Face2-3-5,,20,1,120235,p_h_m_face_0235_lod.bif,1,,,,,,
13136,5,2|3|6,Face2-3-6,,20,1,120236,p_h_m_face_0236_lod.bif,1,,,,,,
13137,5,2|3|7,Face2-3-7,,20,1,120237,p_h_m_face_0237_lod.bif,1,,,,,,
13140,5,2|4|0,Face2-4-0,,20,1,120240,p_h_m_face_0240_lod.nif,1,,,,,,
13141,5,2|4|1,Face2-4-1,,20,1,120241,p_h_m_face_0241_lod.bif,1,,,,,,
13142,5,2|4|2,Face2-4-2,,20,1,120242,p_h_m_face_0242_lod.bif,1,,,,,,
13143,5,2|4|3,Face2-4-3,,20,1,120243,p_h_m_face_0243_lod.bif,1,,,,,,
13144,5,2|4|4,Face2-4-4,,20,1,120244,p_h_m_face_0244_lod.bif,1,,,,,,
13145,5,2|4|5,Face2-4-5,,20,1,120245,p_h_m_face_0245_lod.bif,1,,,,,,
13146,5,2|4|6,Face2-4-6,,20,1,120246,p_h_m_face_0246_lod.bif,1,,,,,,
13147,5,2|4|7,Face2-4-7,,20,1,120247,p_h_m_face_0247_lod.bif,1,,,,,,
14060,5,2|5|0,Face2-5-0,,20,1,120250,p_h_m_face_0250_lod.nif,1,,,,,,
14061,5,2|5|1,Face2-5-1,,20,1,120251,p_h_m_face_0251_lod.bif,1,,,,,,
14062,5,2|5|2,Face2-5-2,,20,1,120252,p_h_m_face_0252_lod.bif,1,,,,,,
14063,5,2|5|3,Face2-5-3,,20,1,120253,p_h_m_face_0253_lod.bif,1,,,,,,
14064,5,2|5|4,Face2-5-4,,20,1,120254,p_h_m_face_0254_lod.bif,1,,,,,,
14065,5,2|5|5,Face2-5-5,,20,1,120255,p_h_m_face_0255_lod.bif,1,,,,,,
14066,5,2|5|6,Face2-5-6,,20,1,120256,p_h_m_face_0256_lod.bif,1,,,,,,
14067,5,2|5|7,Face2-5-7,,20,1,120257,p_h_m_face_0257_lod.bif,1,,,,,,
14070,5,2|6|0,Face2-6-0,,20,1,120260,p_h_m_face_0260_lod.nif,1,,,,,,
14071,5,2|6|1,Face2-6-1,,20,1,120261,p_h_m_face_0261_lod.bif,1,,,,,,
14072,5,2|6|2,Face2-6-2,,20,1,120262,p_h_m_face_0262_lod.bif,1,,,,,,
14073,5,2|6|3,Face2-6-3,,20,1,120263,p_h_m_face_0263_lod.bif,1,,,,,,
14074,5,2|6|4,Face2-6-4,,20,1,120264,p_h_m_face_0264_lod.bif,1,,,,,,
14075,5,2|6|5,Face2-6-5,,20,1,120265,p_h_m_face_0265_lod.bif,1,,,,,,
14076,5,2|6|6,Face2-6-6,,20,1,120266,p_h_m_face_0266_lod.bif,1,,,,,,
14077,5,2|6|7,Face2-6-7,,20,1,120267,p_h_m_face_0267_lod.bif,1,,,,,,
14080,5,2|7|0,Face2-7-0,,20,1,120270,p_h_m_face_0270_lod.nif,1,,,,,,
14081,5,2|7|1,Face2-7-1,,20,1,120271,p_h_m_face_0271_lod.bif,1,,,,,,
14082,5,2|7|2,Face2-7-2,,20,1,120272,p_h_m_face_0272_lod.bif,1,,,,,,
14083,5,2|7|3,Face2-7-3,,20,1,120273,p_h_m_face_0273_lod.bif,1,,,,,,
14084,5,2|7|4,Face2-7-4,,20,1,120274,p_h_m_face_0274_lod.bif,1,,,,,,
14085,5,2|7|5,Face2-7-5,,20,1,120275,p_h_m_face_0275_lod.bif,1,,,,,,
14086,5,2|7|6,Face2-7-6,,20,1,120276,p_h_m_face_0276_lod.bif,1,,,,,,
14087,5,2|7|7,Face2-7-7,,20,1,120277,p_h_m_face_0277_lod.bif,1,,,,,,
10003,5,3,Face3,,20,1,120300,p_h_m_face_0300_lod.nif,1,,,,,,
12030,5,3|0,Face3-0,,20,1,120300,p_h_m_face_0300_lod.nif,1,,,,,,
12031,5,3|1,Face3-1,,20,1,120310,p_h_m_face_0310_lod.nif,1,,,,,,
12032,5,3|2,Face3-2,,20,1,120320,p_h_m_face_0320_lod.nif,1,,,,,,
12033,5,3|3,Face3-3,,20,1,120330,p_h_m_face_0330_lod.nif,1,,,,,,
12034,5,3|4,Face3-4,,20,1,120340,p_h_m_face_0340_lod.nif,1,,,,,,
12035,5,3|5,Face3-5,,20,1,120350,p_h_m_face_0350_lod.nif,1,,,,,,
12036,5,3|6,Face3-6,,20,1,120360,p_h_m_face_0360_lod.nif,1,,,,,,
12037,5,3|7,Face3-7,,20,1,120370,p_h_m_face_0370_lod.nif,1,,,,,,
13150,5,3|0|0,Face3-0-0,,20,1,120300,p_h_m_face_0300_lod.nif,1,,,,,,
13151,5,3|0|1,Face3-0-1,,20,1,120301,p_h_m_face_0301_lod.bif,1,,,,,,
13152,5,3|0|2,Face3-0-2,,20,1,120302,p_h_m_face_0302_lod.bif,1,,,,,,
13153,5,3|0|3,Face3-0-3,,20,1,120303,p_h_m_face_0303_lod.bif,1,,,,,,
13154,5,3|0|4,Face3-0-4,,20,1,120304,p_h_m_face_0304_lod.bif,1,,,,,,
13155,5,3|0|5,Face3-0-5,,20,1,120305,p_h_m_face_0305_lod.bif,1,,,,,,
13156,5,3|0|6,Face3-0-6,,20,1,120306,p_h_m_face_0306_lod.bif,1,,,,,,
13157,5,3|0|7,Face3-0-7,,20,1,120307,p_h_m_face_0307_lod.bif,1,,,,,,
13160,5,3|1|0,Face3-1-0,,20,1,120310,p_h_m_face_0310_lod.nif,1,,,,,,
13161,5,3|1|1,Face3-1-1,,20,1,120311,p_h_m_face_0311_lod.bif,1,,,,,,
13162,5,3|1|2,Face3-1-2,,20,1,120312,p_h_m_face_0312_lod.bif,1,,,,,,
13163,5,3|1|3,Face3-1-3,,20,1,120313,p_h_m_face_0313_lod.bif,1,,,,,,
13164,5,3|1|4,Face3-1-4,,20,1,120314,p_h_m_face_0314_lod.bif,1,,,,,,
13165,5,3|1|5,Face3-1-5,,20,1,120315,p_h_m_face_0315_lod.bif,1,,,,,,
13166,5,3|1|6,Face3-1-6,,20,1,120316,p_h_m_face_0316_lod.bif,1,,,,,,
13167,5,3|1|7,Face3-1-7,,20,1,120317,p_h_m_face_0317_lod.bif,1,,,,,,
13170,5,3|2|0,Face3-2-0,,20,1,120320,p_h_m_face_0320_lod.nif,1,,,,,,
13171,5,3|2|1,Face3-2-1,,20,1,120321,p_h_m_face_0321_lod.bif,1,,,,,,
13172,5,3|2|2,Face3-2-2,,20,1,120322,p_h_m_face_0322_lod.bif,1,,,,,,
13173,5,3|2|3,Face3-2-3,,20,1,120323,p_h_m_face_0323_lod.bif,1,,,,,,
13174,5,3|2|4,Face3-2-4,,20,1,120324,p_h_m_face_0324_lod.bif,1,,,,,,
13175,5,3|2|5,Face3-2-5,,20,1,120325,p_h_m_face_0325_lod.bif,1,,,,,,
13176,5,3|2|6,Face3-2-6,,20,1,120326,p_h_m_face_0326_lod.bif,1,,,,,,
13177,5,3|2|7,Face3-2-7,,20,1,120327,p_h_m_face_0327_lod.bif,1,,,,,,
13180,5,3|3|0,Face3-3-0,,20,1,120330,p_h_m_face_0330_lod.nif,1,,,,,,
13181,5,3|3|1,Face3-3-1,,20,1,120331,p_h_m_face_0331_lod.bif,1,,,,,,
13182,5,3|3|2,Face3-3-2,,20,1,120332,p_h_m_face_0332_lod.bif,1,,,,,,
13183,5,3|3|3,Face3-3-3,,20,1,120333,p_h_m_face_0333_lod.bif,1,,,,,,
13184,5,3|3|4,Face3-3-4,,20,1,120334,p_h_m_face_0334_lod.bif,1,,,,,,
13185,5,3|3|5,Face3-3-5,,20,1,120335,p_h_m_face_0335_lod.bif,1,,,,,,
13186,5,3|3|6,Face3-3-6,,20,1,120336,p_h_m_face_0336_lod.bif,1,,,,,,
13187,5,3|3|7,Face3-3-7,,20,1,120337,p_h_m_face_0337_lod.bif,1,,,,,,
13190,5,3|4|0,Face3-4-0,,20,1,120340,p_h_m_face_0340_lod.nif,1,,,,,,
13191,5,3|4|1,Face3-4-1,,20,1,120341,p_h_m_face_0341_lod.bif,1,,,,,,
13192,5,3|4|2,Face3-4-2,,20,1,120342,p_h_m_face_0342_lod.bif,1,,,,,,
13193,5,3|4|3,Face3-4-3,,20,1,120343,p_h_m_face_0343_lod.bif,1,,,,,,
13194,5,3|4|4,Face3-4-4,,20,1,120344,p_h_m_face_0344_lod.bif,1,,,,,,
13195,5,3|4|5,Face3-4-5,,20,1,120345,p_h_m_face_0345_lod.bif,1,,,,,,
13196,5,3|4|6,Face3-4-6,,20,1,120346,p_h_m_face_0346_lod.bif,1,,,,,,
13197,5,3|4|7,Face3-4-7,,20,1,120347,p_h_m_face_0347_lod.bif,1,,,,,,
14090,5,3|5|0,Face3-5-0,,20,1,120350,p_h_m_face_0350_lod.nif,1,,,,,,
14091,5,3|5|1,Face3-5-1,,20,1,120351,p_h_m_face_0351_lod.bif,1,,,,,,
14092,5,3|5|2,Face3-5-2,,20,1,120352,p_h_m_face_0352_lod.bif,1,,,,,,
14093,5,3|5|3,Face3-5-3,,20,1,120353,p_h_m_face_0353_lod.bif,1,,,,,,
14094,5,3|5|4,Face3-5-4,,20,1,120354,p_h_m_face_0354_lod.bif,1,,,,,,
14095,5,3|5|5,Face3-5-5,,20,1,120355,p_h_m_face_0355_lod.bif,1,,,,,,
14096,5,3|5|6,Face3-5-6,,20,1,120356,p_h_m_face_0356_lod.bif,1,,,,,,
14097,5,3|5|7,Face3-5-7,,20,1,120357,p_h_m_face_0357_lod.bif,1,,,,,,
14100,5,3|6|0,Face3-6-0,,20,1,120360,p_h_m_face_0360_lod.nif,1,,,,,,
14101,5,3|6|1,Face3-6-1,,20,1,120361,p_h_m_face_0361_lod.bif,1,,,,,,
14102,5,3|6|2,Face3-6-2,,20,1,120362,p_h_m_face_0362_lod.bif,1,,,,,,
14103,5,3|6|3,Face3-6-3,,20,1,120363,p_h_m_face_0363_lod.bif,1,,,,,,
14104,5,3|6|4,Face3-6-4,,20,1,120364,p_h_m_face_0364_lod.bif,1,,,,,,
14105,5,3|6|5,Face3-6-5,,20,1,120365,p_h_m_face_0365_lod.bif,1,,,,,,
14106,5,3|6|6,Face3-6-6,,20,1,120366,p_h_m_face_0366_lod.bif,1,,,,,,
14107,5,3|6|7,Face3-6-7,,20,1,120367,p_h_m_face_0367_lod.bif,1,,,,,,
14110,5,3|7|0,Face3-7-0,,20,1,120370,p_h_m_face_0370_lod.nif,1,,,,,,
14111,5,3|7|1,Face3-7-1,,20,1,120371,p_h_m_face_0371_lod.bif,1,,,,,,
14112,5,3|7|2,Face3-7-2,,20,1,120372,p_h_m_face_0372_lod.bif,1,,,,,,
14113,5,3|7|3,Face3-7-3,,20,1,120373,p_h_m_face_0373_lod.bif,1,,,,,,
14114,5,3|7|4,Face3-7-4,,20,1,120374,p_h_m_face_0374_lod.bif,1,,,,,,
14115,5,3|7|5,Face3-7-5,,20,1,120375,p_h_m_face_0375_lod.bif,1,,,,,,
14116,5,3|7|6,Face3-7-6,,20,1,120376,p_h_m_face_0376_lod.bif,1,,,,,,
14117,5,3|7|7,Face3-7-7,,20,1,120377,p_h_m_face_0377_lod.bif,1,,,,,,
10004,5,4,Face4,,20,1,120400,p_h_m_face_0400_lod.nif,1,,,,,,
12040,5,4|0,Face4-0,,20,1,120400,p_h_m_face_0400_lod.nif,1,,,,,,
12041,5,4|1,Face4-1,,20,1,120410,p_h_m_face_0410_lod.nif,1,,,,,,
12042,5,4|2,Face4-2,,20,1,120420,p_h_m_face_0420_lod.nif,1,,,,,,
12043,5,4|3,Face4-3,,20,1,120430,p_h_m_face_0430_lod.nif,1,,,,,,
12044,5,4|4,Face4-4,,20,1,120440,p_h_m_face_0440_lod.nif,1,,,,,,
12045,5,4|5,Face4-5,,20,1,120450,p_h_m_face_0450_lod.nif,1,,,,,,
12046,5,4|6,Face4-6,,20,1,120460,p_h_m_face_0460_lod.nif,1,,,,,,
12047,5,4|7,Face4-7,,20,1,120470,p_h_m_face_0470_lod.nif,1,,,,,,
13200,5,4|0|0,Face4-0-0,,20,1,120400,p_h_m_face_0400_lod.nif,1,,,,,,
13201,5,4|0|1,Face4-0-1,,20,1,120401,p_h_m_face_0401_lod.bif,1,,,,,,
13202,5,4|0|2,Face4-0-2,,20,1,120402,p_h_m_face_0402_lod.bif,1,,,,,,
13203,5,4|0|3,Face4-0-3,,20,1,120403,p_h_m_face_0403_lod.bif,1,,,,,,
13204,5,4|0|4,Face4-0-4,,20,1,120404,p_h_m_face_0404_lod.bif,1,,,,,,
13205,5,4|0|5,Face4-0-5,,20,1,120405,p_h_m_face_0405_lod.bif,1,,,,,,
13206,5,4|0|6,Face4-0-6,,20,1,120406,p_h_m_face_0406_lod.bif,1,,,,,,
13207,5,4|0|7,Face4-0-7,,20,1,120407,p_h_m_face_0407_lod.bif,1,,,,,,
13210,5,4|1|0,Face4-1-0,,20,1,120410,p_h_m_face_0410_lod.nif,1,,,,,,
13211,5,4|1|1,Face4-1-1,,20,1,120411,p_h_m_face_0411_lod.bif,1,,,,,,
13212,5,4|1|2,Face4-1-2,,20,1,120412,p_h_m_face_0412_lod.bif,1,,,,,,
13213,5,4|1|3,Face4-1-3,,20,1,120413,p_h_m_face_0413_lod.bif,1,,,,,,
13214,5,4|1|4,Face4-1-4,,20,1,120414,p_h_m_face_0414_lod.bif,1,,,,,,
13215,5,4|1|5,Face4-1-5,,20,1,120415,p_h_m_face_0415_lod.bif,1,,,,,,
13216,5,4|1|6,Face4-1-6,,20,1,120416,p_h_m_face_0416_lod.bif,1,,,,,,
13217,5,4|1|7,Face4-1-7,,20,1,120417,p_h_m_face_0417_lod.bif,1,,,,,,
13220,5,4|2|0,Face4-2-0,,20,1,120420,p_h_m_face_0420_lod.nif,1,,,,,,
13221,5,4|2|1,Face4-2-1,,20,1,120421,p_h_m_face_0421_lod.bif,1,,,,,,
13222,5,4|2|2,Face4-2-2,,20,1,120422,p_h_m_face_0422_lod.bif,1,,,,,,
13223,5,4|2|3,Face4-2-3,,20,1,120423,p_h_m_face_0423_lod.bif,1,,,,,,
13224,5,4|2|4,Face4-2-4,,20,1,120424,p_h_m_face_0424_lod.bif,1,,,,,,
13225,5,4|2|5,Face4-2-5,,20,1,120425,p_h_m_face_0425_lod.bif,1,,,,,,
13226,5,4|2|6,Face4-2-6,,20,1,120426,p_h_m_face_0426_lod.bif,1,,,,,,
13227,5,4|2|7,Face4-2-7,,20,1,120427,p_h_m_face_0427_lod.bif,1,,,,,,
13230,5,4|3|0,Face4-3-0,,20,1,120430,p_h_m_face_0430_lod.nif,1,,,,,,
13231,5,4|3|1,Face4-3-1,,20,1,120431,p_h_m_face_0431_lod.bif,1,,,,,,
13232,5,4|3|2,Face4-3-2,,20,1,120432,p_h_m_face_0432_lod.bif,1,,,,,,
13233,5,4|3|3,Face4-3-3,,20,1,120433,p_h_m_face_0433_lod.bif,1,,,,,,
13234,5,4|3|4,Face4-3-4,,20,1,120434,p_h_m_face_0434_lod.bif,1,,,,,,
13235,5,4|3|5,Face4-3-5,,20,1,120435,p_h_m_face_0435_lod.bif,1,,,,,,
13236,5,4|3|6,Face4-3-6,,20,1,120436,p_h_m_face_0436_lod.bif,1,,,,,,
13237,5,4|3|7,Face4-3-7,,20,1,120437,p_h_m_face_0437_lod.bif,1,,,,,,
13240,5,4|4|0,Face4-4-0,,20,1,120440,p_h_m_face_0440_lod.nif,1,,,,,,
13241,5,4|4|1,Face4-4-1,,20,1,120441,p_h_m_face_0441_lod.bif,1,,,,,,
13242,5,4|4|2,Face4-4-2,,20,1,120442,p_h_m_face_0442_lod.bif,1,,,,,,
13243,5,4|4|3,Face4-4-3,,20,1,120443,p_h_m_face_0443_lod.bif,1,,,,,,
13244,5,4|4|4,Face4-4-4,,20,1,120444,p_h_m_face_0444_lod.bif,1,,,,,,
13245,5,4|4|5,Face4-4-5,,20,1,120445,p_h_m_face_0445_lod.bif,1,,,,,,
13246,5,4|4|6,Face4-4-6,,20,1,120446,p_h_m_face_0446_lod.bif,1,,,,,,
13247,5,4|4|7,Face4-4-7,,20,1,120447,p_h_m_face_0447_lod.bif,1,,,,,,
14120,5,4|5|0,Face4-5-0,,20,1,120450,p_h_m_face_0450_lod.nif,1,,,,,,
14121,5,4|5|1,Face4-5-1,,20,1,120451,p_h_m_face_0451_lod.bif,1,,,,,,
14122,5,4|5|2,Face4-5-2,,20,1,120452,p_h_m_face_0452_lod.bif,1,,,,,,
14123,5,4|5|3,Face4-5-3,,20,1,120453,p_h_m_face_0453_lod.bif,1,,,,,,
14124,5,4|5|4,Face4-5-4,,20,1,120454,p_h_m_face_0454_lod.bif,1,,,,,,
14125,5,4|5|5,Face4-5-5,,20,1,120455,p_h_m_face_0455_lod.bif,1,,,,,,
14126,5,4|5|6,Face4-5-6,,20,1,120456,p_h_m_face_0456_lod.bif,1,,,,,,
14127,5,4|5|7,Face4-5-7,,20,1,120457,p_h_m_face_0457_lod.bif,1,,,,,,
14130,5,4|6|0,Face4-6-0,,20,1,120460,p_h_m_face_0460_lod.nif,1,,,,,,
14131,5,4|6|1,Face4-6-1,,20,1,120461,p_h_m_face_0461_lod.bif,1,,,,,,
14132,5,4|6|2,Face4-6-2,,20,1,120462,p_h_m_face_0462_lod.bif,1,,,,,,
14133,5,4|6|3,Face4-6-3,,20,1,120463,p_h_m_face_0463_lod.bif,1,,,,,,
14134,5,4|6|4,Face4-6-4,,20,1,120464,p_h_m_face_0464_lod.bif,1,,,,,,
14135,5,4|6|5,Face4-6-5,,20,1,120465,p_h_m_face_0465_lod.bif,1,,,,,,
14136,5,4|6|6,Face4-6-6,,20,1,120466,p_h_m_face_0466_lod.bif,1,,,,,,
14137,5,4|6|7,Face4-6-7,,20,1,120467,p_h_m_face_0467_lod.bif,1,,,,,,
14140,5,4|7|0,Face4-7-0,,20,1,120470,p_h_m_face_0470_lod.nif,1,,,,,,
14141,5,4|7|1,Face4-7-1,,20,1,120471,p_h_m_face_0471_lod.bif,1,,,,,,
14142,5,4|7|2,Face4-7-2,,20,1,120472,p_h_m_face_0472_lod.bif,1,,,,,,
14143,5,4|7|3,Face4-7-3,,20,1,120473,p_h_m_face_0473_lod.bif,1,,,,,,
14144,5,4|7|4,Face4-7-4,,20,1,120474,p_h_m_face_0474_lod.bif,1,,,,,,
14145,5,4|7|5,Face4-7-5,,20,1,120475,p_h_m_face_0475_lod.bif,1,,,,,,
14146,5,4|7|6,Face4-7-6,,20,1,120476,p_h_m_face_0476_lod.bif,1,,,,,,
14147,5,4|7|7,Face4-7-7,,20,1,120477,p_h_m_face_0477_lod.bif,1,,,,,,
10100,5,0,Face0,,20,1,220000,p_h_f_face_0000_lod.nif,2,,,,,,
12050,5,0|0,Face0-0,,20,1,220000,p_h_f_face_0000_lod.nif,2,,,,,,
12051,5,0|1,Face0-1,,20,1,220010,p_h_f_face_0010_lod.nif,2,,,,,,
12052,5,0|2,Face0-2,,20,1,220020,p_h_f_face_0020_lod.nif,2,,,,,,
12053,5,0|3,Face0-3,,20,1,220030,p_h_f_face_0030_lod.nif,2,,,,,,
12054,5,0|4,Face0-4,,20,1,220040,p_h_f_face_0040_lod.nif,2,,,,,,
12055,5,0|5,Face0-5,,20,1,220050,p_h_f_face_0050_lod.nif,2,,,,,,
12056,5,0|6,Face0-6,,20,1,220060,p_h_f_face_0060_lod.nif,2,,,,,,
12057,5,0|7,Face0-7,,20,1,220070,p_h_f_face_0070_lod.nif,2,,,,,,
13250,5,0|0|0,Face0-0-0,,20,1,220000,p_h_f_face_0000_lod.nif,2,,,,,,
13251,5,0|0|1,Face0-0-1,,20,1,220001,p_h_f_face_0001_lod.bif,2,,,,,,
13252,5,0|0|2,Face0-0-2,,20,1,220002,p_h_f_face_0002_lod.bif,2,,,,,,
13253,5,0|0|3,Face0-0-3,,20,1,220003,p_h_f_face_0003_lod.bif,2,,,,,,
13254,5,0|0|4,Face0-0-4,,20,1,220004,p_h_f_face_0004_lod.bif,2,,,,,,
13255,5,0|0|5,Face0-0-5,,20,1,220005,p_h_f_face_0005_lod.bif,2,,,,,,
13256,5,0|0|6,Face0-0-6,,20,1,220006,p_h_f_face_0006_lod.bif,2,,,,,,
13257,5,0|0|7,Face0-0-7,,20,1,220007,p_h_f_face_0007_lod.bif,2,,,,,,
13260,5,0|1|0,Face0-1-0,,20,1,220010,p_h_f_face_0010_lod.nif,2,,,,,,
13261,5,0|1|1,Face0-1-1,,20,1,220011,p_h_f_face_0011_lod.bif,2,,,,,,
13262,5,0|1|2,Face0-1-2,,20,1,220012,p_h_f_face_0012_lod.bif,2,,,,,,
13263,5,0|1|3,Face0-1-3,,20,1,220013,p_h_f_face_0013_lod.bif,2,,,,,,
13264,5,0|1|4,Face0-1-4,,20,1,220014,p_h_f_face_0014_lod.bif,2,,,,,,
13265,5,0|1|5,Face0-1-5,,20,1,220015,p_h_f_face_0015_lod.bif,2,,,,,,
13266,5,0|1|6,Face0-1-6,,20,1,220016,p_h_f_face_0016_lod.bif,2,,,,,,
13267,5,0|1|7,Face0-1-7,,20,1,220017,p_h_f_face_0017_lod.bif,2,,,,,,
13270,5,0|2|0,Face0-2-0,,20,1,220020,p_h_f_face_0020_lod.nif,2,,,,,,
13271,5,0|2|1,Face0-2-1,,20,1,220021,p_h_f_face_0021_lod.bif,2,,,,,,
13272,5,0|2|2,Face0-2-2,,20,1,220022,p_h_f_face_0022_lod.bif,2,,,,,,
13273,5,0|2|3,Face0-2-3,,20,1,220023,p_h_f_face_0023_lod.bif,2,,,,,,
13274,5,0|2|4,Face0-2-4,,20,1,220024,p_h_f_face_0024_lod.bif,2,,,,,,
13275,5,0|2|5,Face0-2-5,,20,1,220025,p_h_f_face_0025_lod.bif,2,,,,,,
13276,5,0|2|6,Face0-2-6,,20,1,220026,p_h_f_face_0026_lod.bif,2,,,,,,
13277,5,0|2|7,Face0-2-7,,20,1,220027,p_h_f_face_0027_lod.bif,2,,,,,,
13280,5,0|3|0,Face0-3-0,,20,1,220030,p_h_f_face_0030_lod.nif,2,,,,,,
13281,5,0|3|1,Face0-3-1,,20,1,220031,p_h_f_face_0031_lod.bif,2,,,,,,
13282,5,0|3|2,Face0-3-2,,20,1,220032,p_h_f_face_0032_lod.bif,2,,,,,,
13283,5,0|3|3,Face0-3-3,,20,1,220033,p_h_f_face_0033_lod.bif,2,,,,,,
13284,5,0|3|4,Face0-3-4,,20,1,220034,p_h_f_face_0034_lod.bif,2,,,,,,
13285,5,0|3|5,Face0-3-5,,20,1,220035,p_h_f_face_0035_lod.bif,2,,,,,,
13286,5,0|3|6,Face0-3-6,,20,1,220036,p_h_f_face_0036_lod.bif,2,,,,,,
13287,5,0|3|7,Face0-3-7,,20,1,220037,p_h_f_face_0037_lod.bif,2,,,,,,
13290,5,0|4|0,Face0-4-0,,20,1,220040,p_h_f_face_0040_lod.nif,2,,,,,,
13291,5,0|4|1,Face0-4-1,,20,1,220041,p_h_f_face_0041_lod.bif,2,,,,,,
13292,5,0|4|2,Face0-4-2,,20,1,220042,p_h_f_face_0042_lod.bif,2,,,,,,
13293,5,0|4|3,Face0-4-3,,20,1,220043,p_h_f_face_0043_lod.bif,2,,,,,,
13294,5,0|4|4,Face0-4-4,,20,1,220044,p_h_f_face_0044_lod.bif,2,,,,,,
13295,5,0|4|5,Face0-4-5,,20,1,220045,p_h_f_face_0045_lod.bif,2,,,,,,
13296,5,0|4|6,Face0-4-6,,20,1,220046,p_h_f_face_0046_lod.bif,2,,,,,,
13297,5,0|4|7,Face0-4-7,,20,1,220047,p_h_f_face_0047_lod.bif,2,,,,,,
14150,5,0|5|0,Face0-5-0,,20,1,220050,p_h_f_face_0050_lod.nif,2,,,,,,
14151,5,0|5|1,Face0-5-1,,20,1,220051,p_h_f_face_0051_lod.bif,2,,,,,,
14152,5,0|5|2,Face0-5-2,,20,1,220052,p_h_f_face_0052_lod.bif,2,,,,,,
14153,5,0|5|3,Face0-5-3,,20,1,220053,p_h_f_face_0053_lod.bif,2,,,,,,
14154,5,0|5|4,Face0-5-4,,20,1,220054,p_h_f_face_0054_lod.bif,2,,,,,,
14155,5,0|5|5,Face0-5-5,,20,1,220055,p_h_f_face_0055_lod.bif,2,,,,,,
14156,5,0|5|6,Face0-5-6,,20,1,220056,p_h_f_face_0056_lod.bif,2,,,,,,
14157,5,0|5|7,Face0-5-7,,20,1,220057,p_h_f_face_0057_lod.bif,2,,,,,,
14160,5,0|6|0,Face0-6-0,,20,1,220060,p_h_f_face_0060_lod.nif,2,,,,,,
14161,5,0|6|1,Face0-6-1,,20,1,220061,p_h_f_face_0061_lod.bif,2,,,,,,
14162,5,0|6|2,Face0-6-2,,20,1,220062,p_h_f_face_0062_lod.bif,2,,,,,,
14163,5,0|6|3,Face0-6-3,,20,1,220063,p_h_f_face_0063_lod.bif,2,,,,,,
14164,5,0|6|4,Face0-6-4,,20,1,220064,p_h_f_face_0064_lod.bif,2,,,,,,
14165,5,0|6|5,Face0-6-5,,20,1,220065,p_h_f_face_0065_lod.bif,2,,,,,,
14166,5,0|6|6,Face0-6-6,,20,1,220066,p_h_f_face_0066_lod.bif,2,,,,,,
14167,5,0|6|7,Face0-6-7,,20,1,220067,p_h_f_face_0067_lod.bif,2,,,,,,
14170,5,0|7|0,Face0-7-0,,20,1,220070,p_h_f_face_0070_lod.nif,2,,,,,,
14171,5,0|7|1,Face0-7-1,,20,1,220071,p_h_f_face_0071_lod.bif,2,,,,,,
14172,5,0|7|2,Face0-7-2,,20,1,220072,p_h_f_face_0072_lod.bif,2,,,,,,
14173,5,0|7|3,Face0-7-3,,20,1,220073,p_h_f_face_0073_lod.bif,2,,,,,,
14174,5,0|7|4,Face0-7-4,,20,1,220074,p_h_f_face_0074_lod.bif,2,,,,,,
14175,5,0|7|5,Face0-7-5,,20,1,220075,p_h_f_face_0075_lod.bif,2,,,,,,
14176,5,0|7|6,Face0-7-6,,20,1,220076,p_h_f_face_0076_lod.bif,2,,,,,,
14177,5,0|7|7,Face0-7-7,,20,1,220077,p_h_f_face_0077_lod.bif,2,,,,,,
10101,5,1,Face1,,20,1,220100,p_h_f_face_0100_lod.nif,2,,,,,,
12060,5,1|0,Face1-0,,20,1,220100,p_h_f_face_0100_lod.nif,2,,,,,,
12061,5,1|1,Face1-1,,20,1,220110,p_h_f_face_0110_lod.nif,2,,,,,,
12062,5,1|2,Face1-2,,20,1,220120,p_h_f_face_0120_lod.nif,2,,,,,,
12063,5,1|3,Face1-3,,20,1,220130,p_h_f_face_0130_lod.nif,2,,,,,,
12064,5,1|4,Face1-4,,20,1,220140,p_h_f_face_0140_lod.nif,2,,,,,,
12065,5,1|5,Face1-5,,20,1,220150,p_h_f_face_0150_lod.nif,2,,,,,,
12066,5,1|6,Face1-6,,20,1,220160,p_h_f_face_0160_lod.nif,2,,,,,,
12067,5,1|7,Face1-7,,20,1,220170,p_h_f_face_0170_lod.nif,2,,,,,,
13300,5,1|0|0,Face1-0-0,,20,1,220100,p_h_f_face_0100_lod.nif,2,,,,,,
13301,5,1|0|1,Face1-0-1,,20,1,220101,p_h_f_face_0101_lod.bif,2,,,,,,
13302,5,1|0|2,Face1-0-2,,20,1,220102,p_h_f_face_0102_lod.bif,2,,,,,,
13303,5,1|0|3,Face1-0-3,,20,1,220103,p_h_f_face_0103_lod.bif,2,,,,,,
13304,5,1|0|4,Face1-0-4,,20,1,220104,p_h_f_face_0104_lod.bif,2,,,,,,
13305,5,1|0|5,Face1-0-5,,20,1,220105,p_h_f_face_0105_lod.bif,2,,,,,,
13306,5,1|0|6,Face1-0-6,,20,1,220106,p_h_f_face_0106_lod.bif,2,,,,,,
13307,5,1|0|7,Face1-0-7,,20,1,220107,p_h_f_face_0107_lod.bif,2,,,,,,
13310,5,1|1|0,Face1-1-0,,20,1,220110,p_h_f_face_0110_lod.nif,2,,,,,,
13311,5,1|1|1,Face1-1-1,,20,1,220111,p_h_f_face_0111_lod.bif,2,,,,,,
13312,5,1|1|2,Face1-1-2,,20,1,220112,p_h_f_face_0112_lod.bif,2,,,,,,
13313,5,1|1|3,Face1-1-3,,20,1,220113,p_h_f_face_0113_lod.bif,2,,,,,,
13314,5,1|1|4,Face1-1-4,,20,1,220114,p_h_f_face_0114_lod.bif,2,,,,,,
13315,5,1|1|5,Face1-1-5,,20,1,220115,p_h_f_face_0115_lod.bif,2,,,,,,
13316,5,1|1|6,Face1-1-6,,20,1,220116,p_h_f_face_0116_lod.bif,2,,,,,,
13317,5,1|1|7,Face1-1-7,,20,1,220117,p_h_f_face_0117_lod.bif,2,,,,,,
13320,5,1|2|0,Face1-2-0,,20,1,220120,p_h_f_face_0120_lod.nif,2,,,,,,
13321,5,1|2|1,Face1-2-1,,20,1,220121,p_h_f_face_0121_lod.bif,2,,,,,,
13322,5,1|2|2,Face1-2-2,,20,1,220122,p_h_f_face_0122_lod.bif,2,,,,,,
13323,5,1|2|3,Face1-2-3,,20,1,220123,p_h_f_face_0123_lod.bif,2,,,,,,
13324,5,1|2|4,Face1-2-4,,20,1,220124,p_h_f_face_0124_lod.bif,2,,,,,,
13325,5,1|2|5,Face1-2-5,,20,1,220125,p_h_f_face_0125_lod.bif,2,,,,,,
13326,5,1|2|6,Face1-2-6,,20,1,220126,p_h_f_face_0126_lod.bif,2,,,,,,
13327,5,1|2|7,Face1-2-7,,20,1,220127,p_h_f_face_0127_lod.bif,2,,,,,,
13330,5,1|3|0,Face1-3-0,,20,1,220130,p_h_f_face_0130_lod.nif,2,,,,,,
13331,5,1|3|1,Face1-3-1,,20,1,220131,p_h_f_face_0131_lod.bif,2,,,,,,
13332,5,1|3|2,Face1-3-2,,20,1,220132,p_h_f_face_0132_lod.bif,2,,,,,,
13333,5,1|3|3,Face1-3-3,,20,1,220133,p_h_f_face_0133_lod.bif,2,,,,,,
13334,5,1|3|4,Face1-3-4,,20,1,220134,p_h_f_face_0134_lod.bif,2,,,,,,
13335,5,1|3|5,Face1-3-5,,20,1,220135,p_h_f_face_0135_lod.bif,2,,,,,,
13336,5,1|3|6,Face1-3-6,,20,1,220136,p_h_f_face_0136_lod.bif,2,,,,,,
13337,5,1|3|7,Face1-3-7,,20,1,220137,p_h_f_face_0137_lod.bif,2,,,,,,
13340,5,1|4|0,Face1-4-0,,20,1,220140,p_h_f_face_0140_lod.nif,2,,,,,,
13341,5,1|4|1,Face1-4-1,,20,1,220141,p_h_f_face_0141_lod.bif,2,,,,,,
13342,5,1|4|2,Face1-4-2,,20,1,220142,p_h_f_face_0142_lod.bif,2,,,,,,
13343,5,1|4|3,Face1-4-3,,20,1,220143,p_h_f_face_0143_lod.bif,2,,,,,,
13344,5,1|4|4,Face1-4-4,,20,1,220144,p_h_f_face_0144_lod.bif,2,,,,,,
13345,5,1|4|5,Face1-4-5,,20,1,220145,p_h_f_face_0145_lod.bif,2,,,,,,
13346,5,1|4|6,Face1-4-6,,20,1,220146,p_h_f_face_0146_lod.bif,2,,,,,,
13347,5,1|4|7,Face1-4-7,,20,1,220147,p_h_f_face_0147_lod.bif,2,,,,,,
14180,5,1|5|0,Face1-5-0,,20,1,220150,p_h_f_face_0150_lod.nif,2,,,,,,
14181,5,1|5|1,Face1-5-1,,20,1,220151,p_h_f_face_0151_lod.bif,2,,,,,,
14182,5,1|5|2,Face1-5-2,,20,1,220152,p_h_f_face_0152_lod.bif,2,,,,,,
14183,5,1|5|3,Face1-5-3,,20,1,220153,p_h_f_face_0153_lod.bif,2,,,,,,
14184,5,1|5|4,Face1-5-4,,20,1,220154,p_h_f_face_0154_lod.bif,2,,,,,,
14185,5,1|5|5,Face1-5-5,,20,1,220155,p_h_f_face_0155_lod.bif,2,,,,,,
14186,5,1|5|6,Face1-5-6,,20,1,220156,p_h_f_face_0156_lod.bif,2,,,,,,
14187,5,1|5|7,Face1-5-7,,20,1,220157,p_h_f_face_0157_lod.bif,2,,,,,,
14190,5,1|6|0,Face1-6-0,,20,1,220160,p_h_f_face_0160_lod.nif,2,,,,,,
14191,5,1|6|1,Face1-6-1,,20,1,220161,p_h_f_face_0161_lod.bif,2,,,,,,
14192,5,1|6|2,Face1-6-2,,20,1,220162,p_h_f_face_0162_lod.bif,2,,,,,,
14193,5,1|6|3,Face1-6-3,,20,1,220163,p_h_f_face_0163_lod.bif,2,,,,,,
14194,5,1|6|4,Face1-6-4,,20,1,220164,p_h_f_face_0164_lod.bif,2,,,,,,
14195,5,1|6|5,Face1-6-5,,20,1,220165,p_h_f_face_0165_lod.bif,2,,,,,,
14196,5,1|6|6,Face1-6-6,,20,1,220166,p_h_f_face_0166_lod.bif,2,,,,,,
14197,5,1|6|7,Face1-6-7,,20,1,220167,p_h_f_face_0167_lod.bif,2,,,,,,
14200,5,1|7|0,Face1-7-0,,20,1,220170,p_h_f_face_0170_lod.nif,2,,,,,,
14201,5,1|7|1,Face1-7-1,,20,1,220171,p_h_f_face_0171_lod.bif,2,,,,,,
14202,5,1|7|2,Face1-7-2,,20,1,220172,p_h_f_face_0172_lod.bif,2,,,,,,
14203,5,1|7|3,Face1-7-3,,20,1,220173,p_h_f_face_0173_lod.bif,2,,,,,,
14204,5,1|7|4,Face1-7-4,,20,1,220174,p_h_f_face_0174_lod.bif,2,,,,,,
14205,5,1|7|5,Face1-7-5,,20,1,220175,p_h_f_face_0175_lod.bif,2,,,,,,
14206,5,1|7|6,Face1-7-6,,20,1,220176,p_h_f_face_0176_lod.bif,2,,,,,,
14207,5,1|7|7,Face1-7-7,,20,1,220177,p_h_f_face_0177_lod.bif,2,,,,,,
10102,5,2,Face2,,20,1,220200,p_h_f_face_0200_lod.nif,2,,,,,,
12070,5,2|0,Face2-0,,20,1,220200,p_h_f_face_0200_lod.nif,2,,,,,,
12071,5,2|1,Face2-1,,20,1,220210,p_h_f_face_0210_lod.nif,2,,,,,,
12072,5,2|2,Face2-2,,20,1,220220,p_h_f_face_0220_lod.nif,2,,,,,,
12073,5,2|3,Face2-3,,20,1,220230,p_h_f_face_0230_lod.nif,2,,,,,,
12074,5,2|4,Face2-4,,20,1,220240,p_h_f_face_0240_lod.nif,2,,,,,,
12075,5,2|5,Face2-5,,20,1,220250,p_h_f_face_0250_lod.nif,2,,,,,,
12076,5,2|6,Face2-6,,20,1,220260,p_h_f_face_0260_lod.nif,2,,,,,,
12077,5,2|7,Face2-7,,20,1,220270,p_h_f_face_0270_lod.nif,2,,,,,,
13350,5,2|0|0,Face2-0-0,,20,1,220200,p_h_f_face_0200_lod.nif,2,,,,,,
13351,5,2|0|1,Face2-0-1,,20,1,220201,p_h_f_face_0201_lod.bif,2,,,,,,
13352,5,2|0|2,Face2-0-2,,20,1,220202,p_h_f_face_0202_lod.bif,2,,,,,,
13353,5,2|0|3,Face2-0-3,,20,1,220203,p_h_f_face_0203_lod.bif,2,,,,,,
13354,5,2|0|4,Face2-0-4,,20,1,220204,p_h_f_face_0204_lod.bif,2,,,,,,
13355,5,2|0|5,Face2-0-5,,20,1,220205,p_h_f_face_0205_lod.bif,2,,,,,,
13356,5,2|0|6,Face2-0-6,,20,1,220206,p_h_f_face_0206_lod.bif,2,,,,,,
13357,5,2|0|7,Face2-0-7,,20,1,220207,p_h_f_face_0207_lod.bif,2,,,,,,
13360,5,2|1|0,Face2-1-0,,20,1,220210,p_h_f_face_0210_lod.nif,2,,,,,,
13361,5,2|1|1,Face2-1-1,,20,1,220211,p_h_f_face_0211_lod.bif,2,,,,,,
13362,5,2|1|2,Face2-1-2,,20,1,220212,p_h_f_face_0212_lod.bif,2,,,,,,
13363,5,2|1|3,Face2-1-3,,20,1,220213,p_h_f_face_0213_lod.bif,2,,,,,,
13364,5,2|1|4,Face2-1-4,,20,1,220214,p_h_f_face_0214_lod.bif,2,,,,,,
13365,5,2|1|5,Face2-1-5,,20,1,220215,p_h_f_face_0215_lod.bif,2,,,,,,
13366,5,2|1|6,Face2-1-6,,20,1,220216,p_h_f_face_0216_lod.bif,2,,,,,,
13367,5,2|1|7,Face2-1-7,,20,1,220217,p_h_f_face_0217_lod.bif,2,,,,,,
13370,5,2|2|0,Face2-2-0,,20,1,220220,p_h_f_face_0220_lod.nif,2,,,,,,
13371,5,2|2|1,Face2-2-1,,20,1,220221,p_h_f_face_0221_lod.bif,2,,,,,,
13372,5,2|2|2,Face2-2-2,,20,1,220222,p_h_f_face_0222_lod.bif,2,,,,,,
13373,5,2|2|3,Face2-2-3,,20,1,220223,p_h_f_face_0223_lod.bif,2,,,,,,
13374,5,2|2|4,Face2-2-4,,20,1,220224,p_h_f_face_0224_lod.bif,2,,,,,,
13375,5,2|2|5,Face2-2-5,,20,1,220225,p_h_f_face_0225_lod.bif,2,,,,,,
13376,5,2|2|6,Face2-2-6,,20,1,220226,p_h_f_face_0226_lod.bif,2,,,,,,
13377,5,2|2|7,Face2-2-7,,20,1,220227,p_h_f_face_0227_lod.bif,2,,,,,,
13380,5,2|3|0,Face2-3-0,,20,1,220230,p_h_f_face_0230_lod.nif,2,,,,,,
13381,5,2|3|1,Face2-3-1,,20,1,220231,p_h_f_face_0231_lod.bif,2,,,,,,
13382,5,2|3|2,Face2-3-2,,20,1,220232,p_h_f_face_0232_lod.bif,2,,,,,,
13383,5,2|3|3,Face2-3-3,,20,1,220233,p_h_f_face_0233_lod.bif,2,,,,,,
13384,5,2|3|4,Face2-3-4,,20,1,220234,p_h_f_face_0234_lod.bif,2,,,,,,
13385,5,2|3|5,Face2-3-5,,20,1,220235,p_h_f_face_0235_lod.bif,2,,,,,,
13386,5,2|3|6,Face2-3-6,,20,1,220236,p_h_f_face_0236_lod.bif,2,,,,,,
13387,5,2|3|7,Face2-3-7,,20,1,220237,p_h_f_face_0237_lod.bif,2,,,,,,
13390,5,2|4|0,Face2-4-0,,20,1,220240,p_h_f_face_0240_lod.nif,2,,,,,,
13391,5,2|4|1,Face2-4-1,,20,1,220241,p_h_f_face_0241_lod.bif,2,,,,,,
13392,5,2|4|2,Face2-4-2,,20,1,220242,p_h_f_face_0242_lod.bif,2,,,,,,
13393,5,2|4|3,Face2-4-3,,20,1,220243,p_h_f_face_0243_lod.bif,2,,,,,,
13394,5,2|4|4,Face2-4-4,,20,1,220244,p_h_f_face_0244_lod.bif,2,,,,,,
13395,5,2|4|5,Face2-4-5,,20,1,220245,p_h_f_face_0245_lod.bif,2,,,,,,
13396,5,2|4|6,Face2-4-6,,20,1,220246,p_h_f_face_0246_lod.bif,2,,,,,,
13397,5,2|4|7,Face2-4-7,,20,1,220247,p_h_f_face_0247_lod.bif,2,,,,,,
14210,5,2|5|0,Face2-5-0,,20,1,220250,p_h_f_face_0250_lod.nif,2,,,,,,
14211,5,2|5|1,Face2-5-1,,20,1,220251,p_h_f_face_0251_lod.bif,2,,,,,,
14212,5,2|5|2,Face2-5-2,,20,1,220252,p_h_f_face_0252_lod.bif,2,,,,,,
14213,5,2|5|3,Face2-5-3,,20,1,220253,p_h_f_face_0253_lod.bif,2,,,,,,
14214,5,2|5|4,Face2-5-4,,20,1,220254,p_h_f_face_0254_lod.bif,2,,,,,,
14215,5,2|5|5,Face2-5-5,,20,1,220255,p_h_f_face_0255_lod.bif,2,,,,,,
14216,5,2|5|6,Face2-5-6,,20,1,220256,p_h_f_face_0256_lod.bif,2,,,,,,
14217,5,2|5|7,Face2-5-7,,20,1,220257,p_h_f_face_0257_lod.bif,2,,,,,,
14220,5,2|6|0,Face2-6-0,,20,1,220260,p_h_f_face_0260_lod.nif,2,,,,,,
14221,5,2|6|1,Face2-6-1,,20,1,220261,p_h_f_face_0261_lod.bif,2,,,,,,
14222,5,2|6|2,Face2-6-2,,20,1,220262,p_h_f_face_0262_lod.bif,2,,,,,,
14223,5,2|6|3,Face2-6-3,,20,1,220263,p_h_f_face_0263_lod.bif,2,,,,,,
14224,5,2|6|4,Face2-6-4,,20,1,220264,p_h_f_face_0264_lod.bif,2,,,,,,
14225,5,2|6|5,Face2-6-5,,20,1,220265,p_h_f_face_0265_lod.bif,2,,,,,,
14226,5,2|6|6,Face2-6-6,,20,1,220266,p_h_f_face_0266_lod.bif,2,,,,,,
14227,5,2|6|7,Face2-6-7,,20,1,220267,p_h_f_face_0267_lod.bif,2,,,,,,
14230,5,2|7|0,Face2-7-0,,20,1,220270,p_h_f_face_0270_lod.nif,2,,,,,,
14231,5,2|7|1,Face2-7-1,,20,1,220271,p_h_f_face_0271_lod.bif,2,,,,,,
14232,5,2|7|2,Face2-7-2,,20,1,220272,p_h_f_face_0272_lod.bif,2,,,,,,
14233,5,2|7|3,Face2-7-3,,20,1,220273,p_h_f_face_0273_lod.bif,2,,,,,,
14234,5,2|7|4,Face2-7-4,,20,1,220274,p_h_f_face_0274_lod.bif,2,,,,,,
14235,5,2|7|5,Face2-7-5,,20,1,220275,p_h_f_face_0275_lod.bif,2,,,,,,
14236,5,2|7|6,Face2-7-6,,20,1,220276,p_h_f_face_0276_lod.bif,2,,,,,,
14237,5,2|7|7,Face2-7-7,,20,1,220277,p_h_f_face_0277_lod.bif,2,,,,,,
10103,5,3,Face3,,20,1,220300,p_h_f_face_0300_lod.nif,2,,,,,,
12080,5,3|0,Face3-0,,20,1,220300,p_h_f_face_0300_lod.nif,2,,,,,,
12081,5,3|1,Face3-1,,20,1,220310,p_h_f_face_0310_lod.nif,2,,,,,,
12082,5,3|2,Face3-2,,20,1,220320,p_h_f_face_0320_lod.nif,2,,,,,,
12083,5,3|3,Face3-3,,20,1,220330,p_h_f_face_0330_lod.nif,2,,,,,,
12084,5,3|4,Face3-4,,20,1,220340,p_h_f_face_0340_lod.nif,2,,,,,,
12085,5,3|5,Face3-5,,20,1,220350,p_h_f_face_0350_lod.nif,2,,,,,,
12086,5,3|6,Face3-6,,20,1,220360,p_h_f_face_0360_lod.nif,2,,,,,,
12087,5,3|7,Face3-7,,20,1,220370,p_h_f_face_0370_lod.nif,2,,,,,,
13400,5,3|0|0,Face3-0-0,,20,1,220300,p_h_f_face_0300_lod.nif,2,,,,,,
13401,5,3|0|1,Face3-0-1,,20,1,220301,p_h_f_face_0301_lod.bif,2,,,,,,
13402,5,3|0|2,Face3-0-2,,20,1,220302,p_h_f_face_0302_lod.bif,2,,,,,,
13403,5,3|0|3,Face3-0-3,,20,1,220303,p_h_f_face_0303_lod.bif,2,,,,,,
13404,5,3|0|4,Face3-0-4,,20,1,220304,p_h_f_face_0304_lod.bif,2,,,,,,
13405,5,3|0|5,Face3-0-5,,20,1,220305,p_h_f_face_0305_lod.bif,2,,,,,,
13406,5,3|0|6,Face3-0-6,,20,1,220306,p_h_f_face_0306_lod.bif,2,,,,,,
13407,5,3|0|7,Face3-0-7,,20,1,220307,p_h_f_face_0307_lod.bif,2,,,,,,
13410,5,3|1|0,Face3-1-0,,20,1,220310,p_h_f_face_0310_lod.nif,2,,,,,,
13411,5,3|1|1,Face3-1-1,,20,1,220311,p_h_f_face_0311_lod.bif,2,,,,,,
13412,5,3|1|2,Face3-1-2,,20,1,220312,p_h_f_face_0312_lod.bif,2,,,,,,
13413,5,3|1|3,Face3-1-3,,20,1,220313,p_h_f_face_0313_lod.bif,2,,,,,,
13414,5,3|1|4,Face3-1-4,,20,1,220314,p_h_f_face_0314_lod.bif,2,,,,,,
13415,5,3|1|5,Face3-1-5,,20,1,220315,p_h_f_face_0315_lod.bif,2,,,,,,
13416,5,3|1|6,Face3-1-6,,20,1,220316,p_h_f_face_0316_lod.bif,2,,,,,,
13417,5,3|1|7,Face3-1-7,,20,1,220317,p_h_f_face_0317_lod.bif,2,,,,,,
13420,5,3|2|0,Face3-2-0,,20,1,220320,p_h_f_face_0320_lod.nif,2,,,,,,
13421,5,3|2|1,Face3-2-1,,20,1,220321,p_h_f_face_0321_lod.bif,2,,,,,,
13422,5,3|2|2,Face3-2-2,,20,1,220322,p_h_f_face_0322_lod.bif,2,,,,,,
13423,5,3|2|3,Face3-2-3,,20,1,220323,p_h_f_face_0323_lod.bif,2,,,,,,
13424,5,3|2|4,Face3-2-4,,20,1,220324,p_h_f_face_0324_lod.bif,2,,,,,,
13425,5,3|2|5,Face3-2-5,,20,1,220325,p_h_f_face_0325_lod.bif,2,,,,,,
13426,5,3|2|6,Face3-2-6,,20,1,220326,p_h_f_face_0326_lod.bif,2,,,,,,
13427,5,3|2|7,Face3-2-7,,20,1,220327,p_h_f_face_0327_lod.bif,2,,,,,,
13430,5,3|3|0,Face3-3-0,,20,1,220330,p_h_f_face_0330_lod.nif,2,,,,,,
13431,5,3|3|1,Face3-3-1,,20,1,220331,p_h_f_face_0331_lod.bif,2,,,,,,
13432,5,3|3|2,Face3-3-2,,20,1,220332,p_h_f_face_0332_lod.bif,2,,,,,,
13433,5,3|3|3,Face3-3-3,,20,1,220333,p_h_f_face_0333_lod.bif,2,,,,,,
13434,5,3|3|4,Face3-3-4,,20,1,220334,p_h_f_face_0334_lod.bif,2,,,,,,
13435,5,3|3|5,Face3-3-5,,20,1,220335,p_h_f_face_0335_lod.bif,2,,,,,,
13436,5,3|3|6,Face3-3-6,,20,1,220336,p_h_f_face_0336_lod.bif,2,,,,,,
13437,5,3|3|7,Face3-3-7,,20,1,220337,p_h_f_face_0337_lod.bif,2,,,,,,
13440,5,3|4|0,Face3-4-0,,20,1,220340,p_h_f_face_0340_lod.nif,2,,,,,,
13441,5,3|4|1,Face3-4-1,,20,1,220341,p_h_f_face_0341_lod.bif,2,,,,,,
13442,5,3|4|2,Face3-4-2,,20,1,220342,p_h_f_face_0342_lod.bif,2,,,,,,
13443,5,3|4|3,Face3-4-3,,20,1,220343,p_h_f_face_0343_lod.bif,2,,,,,,
13444,5,3|4|4,Face3-4-4,,20,1,220344,p_h_f_face_0344_lod.bif,2,,,,,,
13445,5,3|4|5,Face3-4-5,,20,1,220345,p_h_f_face_0345_lod.bif,2,,,,,,
13446,5,3|4|6,Face3-4-6,,20,1,220346,p_h_f_face_0346_lod.bif,2,,,,,,
13447,5,3|4|7,Face3-4-7,,20,1,220347,p_h_f_face_0347_lod.bif,2,,,,,,
14240,5,3|5|0,Face3-5-0,,20,1,220350,p_h_f_face_0350_lod.nif,2,,,,,,
14241,5,3|5|1,Face3-5-1,,20,1,220351,p_h_f_face_0351_lod.bif,2,,,,,,
14242,5,3|5|2,Face3-5-2,,20,1,220352,p_h_f_face_0352_lod.bif,2,,,,,,
14243,5,3|5|3,Face3-5-3,,20,1,220353,p_h_f_face_0353_lod.bif,2,,,,,,
14244,5,3|5|4,Face3-5-4,,20,1,220354,p_h_f_face_0354_lod.bif,2,,,,,,
14245,5,3|5|5,Face3-5-5,,20,1,220355,p_h_f_face_0355_lod.bif,2,,,,,,
14246,5,3|5|6,Face3-5-6,,20,1,220356,p_h_f_face_0356_lod.bif,2,,,,,,
14247,5,3|5|7,Face3-5-7,,20,1,220357,p_h_f_face_0357_lod.bif,2,,,,,,
14250,5,3|6|0,Face3-6-0,,20,1,220360,p_h_f_face_0360_lod.nif,2,,,,,,
14251,5,3|6|1,Face3-6-1,,20,1,220361,p_h_f_face_0361_lod.bif,2,,,,,,
14252,5,3|6|2,Face3-6-2,,20,1,220362,p_h_f_face_0362_lod.bif,2,,,,,,
14253,5,3|6|3,Face3-6-3,,20,1,220363,p_h_f_face_0363_lod.bif,2,,,,,,
14254,5,3|6|4,Face3-6-4,,20,1,220364,p_h_f_face_0364_lod.bif,2,,,,,,
14255,5,3|6|5,Face3-6-5,,20,1,220365,p_h_f_face_0365_lod.bif,2,,,,,,
14256,5,3|6|6,Face3-6-6,,20,1,220366,p_h_f_face_0366_lod.bif,2,,,,,,
14257,5,3|6|7,Face3-6-7,,20,1,220367,p_h_f_face_0367_lod.bif,2,,,,,,
14260,5,3|7|0,Face3-7-0,,20,1,220370,p_h_f_face_0370_lod.nif,2,,,,,,
14261,5,3|7|1,Face3-7-1,,20,1,220371,p_h_f_face_0371_lod.bif,2,,,,,,
14262,5,3|7|2,Face3-7-2,,20,1,220372,p_h_f_face_0372_lod.bif,2,,,,,,
14263,5,3|7|3,Face3-7-3,,20,1,220373,p_h_f_face_0373_lod.bif,2,,,,,,
14264,5,3|7|4,Face3-7-4,,20,1,220374,p_h_f_face_0374_lod.bif,2,,,,,,
14265,5,3|7|5,Face3-7-5,,20,1,220375,p_h_f_face_0375_lod.bif,2,,,,,,
14266,5,3|7|6,Face3-7-6,,20,1,220376,p_h_f_face_0376_lod.bif,2,,,,,,
14267,5,3|7|7,Face3-7-7,,20,1,220377,p_h_f_face_0377_lod.bif,2,,,,,,
10104,5,4,Face4,,20,1,220400,p_h_f_face_0400_lod.nif,2,,,,,,
12090,5,4|0,Face4-0,,20,1,220400,p_h_f_face_0400_lod.nif,2,,,,,,
12091,5,4|1,Face4-1,,20,1,220410,p_h_f_face_0410_lod.nif,2,,,,,,
12092,5,4|2,Face4-2,,20,1,220420,p_h_f_face_0420_lod.nif,2,,,,,,
12093,5,4|3,Face4-3,,20,1,220430,p_h_f_face_0430_lod.nif,2,,,,,,
12094,5,4|4,Face4-4,,20,1,220440,p_h_f_face_0440_lod.nif,2,,,,,,
12095,5,4|5,Face4-5,,20,1,220450,p_h_f_face_0450_lod.nif,2,,,,,,
12096,5,4|6,Face4-6,,20,1,220460,p_h_f_face_0460_lod.nif,2,,,,,,
12097,5,4|7,Face4-7,,20,1,220470,p_h_f_face_0470_lod.nif,2,,,,,,
13450,5,4|0|0,Face4-0-0,,20,1,220400,p_h_f_face_0400_lod.nif,2,,,,,,
13451,5,4|0|1,Face4-0-1,,20,1,220401,p_h_f_face_0401_lod.bif,2,,,,,,
13452,5,4|0|2,Face4-0-2,,20,1,220402,p_h_f_face_0402_lod.bif,2,,,,,,
13453,5,4|0|3,Face4-0-3,,20,1,220403,p_h_f_face_0403_lod.bif,2,,,,,,
13454,5,4|0|4,Face4-0-4,,20,1,220404,p_h_f_face_0404_lod.bif,2,,,,,,
13455,5,4|0|5,Face4-0-5,,20,1,220405,p_h_f_face_0405_lod.bif,2,,,,,,
13456,5,4|0|6,Face4-0-6,,20,1,220406,p_h_f_face_0406_lod.bif,2,,,,,,
13457,5,4|0|7,Face4-0-7,,20,1,220407,p_h_f_face_0407_lod.bif,2,,,,,,
13460,5,4|1|0,Face4-1-0,,20,1,220410,p_h_f_face_0410_lod.nif,2,,,,,,
13461,5,4|1|1,Face4-1-1,,20,1,220411,p_h_f_face_0411_lod.bif,2,,,,,,
13462,5,4|1|2,Face4-1-2,,20,1,220412,p_h_f_face_0412_lod.bif,2,,,,,,
13463,5,4|1|3,Face4-1-3,,20,1,220413,p_h_f_face_0413_lod.bif,2,,,,,,
13464,5,4|1|4,Face4-1-4,,20,1,220414,p_h_f_face_0414_lod.bif,2,,,,,,
13465,5,4|1|5,Face4-1-5,,20,1,220415,p_h_f_face_0415_lod.bif,2,,,,,,
13466,5,4|1|6,Face4-1-6,,20,1,220416,p_h_f_face_0416_lod.bif,2,,,,,,
13467,5,4|1|7,Face4-1-7,,20,1,220417,p_h_f_face_0417_lod.bif,2,,,,,,
13470,5,4|2|0,Face4-2-0,,20,1,220420,p_h_f_face_0420_lod.nif,2,,,,,,
13471,5,4|2|1,Face4-2-1,,20,1,220421,p_h_f_face_0421_lod.bif,2,,,,,,
13472,5,4|2|2,Face4-2-2,,20,1,220422,p_h_f_face_0422_lod.bif,2,,,,,,
13473,5,4|2|3,Face4-2-3,,20,1,220423,p_h_f_face_0423_lod.bif,2,,,,,,
13474,5,4|2|4,Face4-2-4,,20,1,220424,p_h_f_face_0424_lod.bif,2,,,,,,
13475,5,4|2|5,Face4-2-5,,20,1,220425,p_h_f_face_0425_lod.bif,2,,,,,,
13476,5,4|2|6,Face4-2-6,,20,1,220426,p_h_f_face_0426_lod.bif,2,,,,,,
13477,5,4|2|7,Face4-2-7,,20,1,220427,p_h_f_face_0427_lod.bif,2,,,,,,
13480,5,4|3|0,Face4-3-0,,20,1,220430,p_h_f_face_0430_lod.nif,2,,,,,,
13481,5,4|3|1,Face4-3-1,,20,1,220431,p_h_f_face_0431_lod.bif,2,,,,,,
13482,5,4|3|2,Face4-3-2,,20,1,220432,p_h_f_face_0432_lod.bif,2,,,,,,
13483,5,4|3|3,Face4-3-3,,20,1,220433,p_h_f_face_0433_lod.bif,2,,,,,,
13484,5,4|3|4,Face4-3-4,,20,1,220434,p_h_f_face_0434_lod.bif,2,,,,,,
13485,5,4|3|5,Face4-3-5,,20,1,220435,p_h_f_face_0435_lod.bif,2,,,,,,
13486,5,4|3|6,Face4-3-6,,20,1,220436,p_h_f_face_0436_lod.bif,2,,,,,,
13487,5,4|3|7,Face4-3-7,,20,1,220437,p_h_f_face_0437_lod.bif,2,,,,,,
13490,5,4|4|0,Face4-4-0,,20,1,220440,p_h_f_face_0440_lod.nif,2,,,,,,
13491,5,4|4|1,Face4-4-1,,20,1,220441,p_h_f_face_0441_lod.bif,2,,,,,,
13492,5,4|4|2,Face4-4-2,,20,1,220442,p_h_f_face_0442_lod.bif,2,,,,,,
13493,5,4|4|3,Face4-4-3,,20,1,220443,p_h_f_face_0443_lod.bif,2,,,,,,
13494,5,4|4|4,Face4-4-4,,20,1,220444,p_h_f_face_0444_lod.bif,2,,,,,,
13495,5,4|4|5,Face4-4-5,,20,1,220445,p_h_f_face_0445_lod.bif,2,,,,,,
13496,5,4|4|6,Face4-4-6,,20,1,220446,p_h_f_face_0446_lod.bif,2,,,,,,
13497,5,4|4|7,Face4-4-7,,20,1,220447,p_h_f_face_0447_lod.bif,2,,,,,,
14270,5,4|5|0,Face4-5-0,,20,1,220450,p_h_f_face_0450_lod.nif,2,,,,,,
14271,5,4|5|1,Face4-5-1,,20,1,220451,p_h_f_face_0451_lod.bif,2,,,,,,
14272,5,4|5|2,Face4-5-2,,20,1,220452,p_h_f_face_0452_lod.bif,2,,,,,,
14273,5,4|5|3,Face4-5-3,,20,1,220453,p_h_f_face_0453_lod.bif,2,,,,,,
14274,5,4|5|4,Face4-5-4,,20,1,220454,p_h_f_face_0454_lod.bif,2,,,,,,
14275,5,4|5|5,Face4-5-5,,20,1,220455,p_h_f_face_0455_lod.bif,2,,,,,,
14276,5,4|5|6,Face4-5-6,,20,1,220456,p_h_f_face_0456_lod.bif,2,,,,,,
14277,5,4|5|7,Face4-5-7,,20,1,220457,p_h_f_face_0457_lod.bif,2,,,,,,
14280,5,4|6|0,Face4-6-0,,20,1,220460,p_h_f_face_0460_lod.nif,2,,,,,,
14281,5,4|6|1,Face4-6-1,,20,1,220461,p_h_f_face_0461_lod.bif,2,,,,,,
14282,5,4|6|2,Face4-6-2,,20,1,220462,p_h_f_face_0462_lod.bif,2,,,,,,
14283,5,4|6|3,Face4-6-3,,20,1,220463,p_h_f_face_0463_lod.bif,2,,,,,,
14284,5,4|6|4,Face4-6-4,,20,1,220464,p_h_f_face_0464_lod.bif,2,,,,,,
14285,5,4|6|5,Face4-6-5,,20,1,220465,p_h_f_face_0465_lod.bif,2,,,,,,
14286,5,4|6|6,Face4-6-6,,20,1,220466,p_h_f_face_0466_lod.bif,2,,,,,,
14287,5,4|6|7,Face4-6-7,,20,1,220467,p_h_f_face_0467_lod.bif,2,,,,,,
14290,5,4|7|0,Face4-7-0,,20,1,220470,p_h_f_face_0470_lod.nif,2,,,,,,
14291,5,4|7|1,Face4-7-1,,20,1,220471,p_h_f_face_0471_lod.bif,2,,,,,,
14292,5,4|7|2,Face4-7-2,,20,1,220472,p_h_f_face_0472_lod.bif,2,,,,,,
14293,5,4|7|3,Face4-7-3,,20,1,220473,p_h_f_face_0473_lod.bif,2,,,,,,
14294,5,4|7|4,Face4-7-4,,20,1,220474,p_h_f_face_0474_lod.bif,2,,,,,,
14295,5,4|7|5,Face4-7-5,,20,1,220475,p_h_f_face_0475_lod.bif,2,,,,,,
14296,5,4|7|6,Face4-7-6,,20,1,220476,p_h_f_face_0476_lod.bif,2,,,,,,
14297,5,4|7|7,Face4-7-7,,20,1,220477,p_h_f_face_0477_lod.bif,2,,,,,,
10200,5,0,Face0,,20,1,120000,p_m_m_face_0000_lod.nif,3,,,,,,
12200,5,0|0,Face0-0,,20,1,120000,p_m_m_face_0000_lod.nif,3,,,,,,
12201,5,0|1,Face0-1,,20,1,120010,p_m_m_face_0010_lod.nif,3,,,,,,
12202,5,0|2,Face0-2,,20,1,120020,p_m_m_face_0020_lod.nif,3,,,,,,
12203,5,0|3,Face0-3,,20,1,120030,p_m_m_face_0030_lod.nif,3,,,,,,
12204,5,0|4,Face0-4,,20,1,120040,p_m_m_face_0040_lod.nif,3,,,,,,
12205,5,0|5,Face0-5,,20,1,120050,p_m_m_face_0050_lod.nif,3,,,,,,
12206,5,0|6,Face0-6,,20,1,120060,p_m_m_face_0060_lod.nif,3,,,,,,
12207,5,0|7,Face0-7,,20,1,120070,p_m_m_face_0070_lod.nif,3,,,,,,
14600,5,0|0|0,Face0-0-0,,20,1,120000,p_m_m_face_0000_lod.nif,3,,,,,,
14601,5,0|0|1,Face0-0-1,,20,1,120001,p_m_m_face_0001_lod.bif,3,,,,,,
14602,5,0|0|2,Face0-0-2,,20,1,120002,p_m_m_face_0002_lod.bif,3,,,,,,
14603,5,0|0|3,Face0-0-3,,20,1,120003,p_m_m_face_0003_lod.bif,3,,,,,,
14604,5,0|0|4,Face0-0-4,,20,1,120004,p_m_m_face_0004_lod.bif,3,,,,,,
14605,5,0|0|5,Face0-0-5,,20,1,120005,p_m_m_face_0005_lod.bif,3,,,,,,
14606,5,0|0|6,Face0-0-6,,20,1,120006,p_m_m_face_0006_lod.bif,3,,,,,,
14607,5,0|0|7,Face0-0-7,,20,1,120007,p_m_m_face_0007_lod.bif,3,,,,,,
14610,5,0|1|0,Face0-1-0,,20,1,120010,p_m_m_face_0010_lod.nif,3,,,,,,
14611,5,0|1|1,Face0-1-1,,20,1,120011,p_m_m_face_0011_lod.bif,3,,,,,,
14612,5,0|1|2,Face0-1-2,,20,1,120012,p_m_m_face_0012_lod.bif,3,,,,,,
14613,5,0|1|3,Face0-1-3,,20,1,120013,p_m_m_face_0013_lod.bif,3,,,,,,
14614,5,0|1|4,Face0-1-4,,20,1,120014,p_m_m_face_0014_lod.bif,3,,,,,,
14615,5,0|1|5,Face0-1-5,,20,1,120015,p_m_m_face_0015_lod.bif,3,,,,,,
14616,5,0|1|6,Face0-1-6,,20,1,120016,p_m_m_face_0016_lod.bif,3,,,,,,
14617,5,0|1|7,Face0-1-7,,20,1,120017,p_m_m_face_0017_lod.bif,3,,,,,,
14620,5,0|2|0,Face0-2-0,,20,1,120020,p_m_m_face_0020_lod.nif,3,,,,,,
14621,5,0|2|1,Face0-2-1,,20,1,120021,p_m_m_face_0021_lod.bif,3,,,,,,
14622,5,0|2|2,Face0-2-2,,20,1,120022,p_m_m_face_0022_lod.bif,3,,,,,,
14623,5,0|2|3,Face0-2-3,,20,1,120023,p_m_m_face_0023_lod.bif,3,,,,,,
14624,5,0|2|4,Face0-2-4,,20,1,120024,p_m_m_face_0024_lod.bif,3,,,,,,
14625,5,0|2|5,Face0-2-5,,20,1,120025,p_m_m_face_0025_lod.bif,3,,,,,,
14626,5,0|2|6,Face0-2-6,,20,1,120026,p_m_m_face_0026_lod.bif,3,,,,,,
14627,5,0|2|7,Face0-2-7,,20,1,120027,p_m_m_face_0027_lod.bif,3,,,,,,
14630,5,0|3|0,Face0-3-0,,20,1,120030,p_m_m_face_0030_lod.nif,3,,,,,,
14631,5,0|3|1,Face0-3-1,,20,1,120031,p_m_m_face_0031_lod.bif,3,,,,,,
14632,5,0|3|2,Face0-3-2,,20,1,120032,p_m_m_face_0032_lod.bif,3,,,,,,
14633,5,0|3|3,Face0-3-3,,20,1,120033,p_m_m_face_0033_lod.bif,3,,,,,,
14634,5,0|3|4,Face0-3-4,,20,1,120034,p_m_m_face_0034_lod.bif,3,,,,,,
14635,5,0|3|5,Face0-3-5,,20,1,120035,p_m_m_face_0035_lod.bif,3,,,,,,
14636,5,0|3|6,Face0-3-6,,20,1,120036,p_m_m_face_0036_lod.bif,3,,,,,,
14637,5,0|3|7,Face0-3-7,,20,1,120037,p_m_m_face_0037_lod.bif,3,,,,,,
14640,5,0|4|0,Face0-4-0,,20,1,120040,p_m_m_face_0040_lod.nif,3,,,,,,
14641,5,0|4|1,Face0-4-1,,20,1,120041,p_m_m_face_0041_lod.bif,3,,,,,,
14642,5,0|4|2,Face0-4-2,,20,1,120042,p_m_m_face_0042_lod.bif,3,,,,,,
14643,5,0|4|3,Face0-4-3,,20,1,120043,p_m_m_face_0043_lod.bif,3,,,,,,
14644,5,0|4|4,Face0-4-4,,20,1,120044,p_m_m_face_0044_lod.bif,3,,,,,,
14645,5,0|4|5,Face0-4-5,,20,1,120045,p_m_m_face_0045_lod.bif,3,,,,,,
14646,5,0|4|6,Face0-4-6,,20,1,120046,p_m_m_face_0046_lod.bif,3,,,,,,
14647,5,0|4|7,Face0-4-7,,20,1,120047,p_m_m_face_0047_lod.bif,3,,,,,,
14650,5,0|5|0,Face0-5-0,,20,1,120050,p_m_m_face_0050_lod.nif,3,,,,,,
14651,5,0|5|1,Face0-5-1,,20,1,120051,p_m_m_face_0051_lod.bif,3,,,,,,
14652,5,0|5|2,Face0-5-2,,20,1,120052,p_m_m_face_0052_lod.bif,3,,,,,,
14653,5,0|5|3,Face0-5-3,,20,1,120053,p_m_m_face_0053_lod.bif,3,,,,,,
14654,5,0|5|4,Face0-5-4,,20,1,120054,p_m_m_face_0054_lod.bif,3,,,,,,
14655,5,0|5|5,Face0-5-5,,20,1,120055,p_m_m_face_0055_lod.bif,3,,,,,,
14656,5,0|5|6,Face0-5-6,,20,1,120056,p_m_m_face_0056_lod.bif,3,,,,,,
14657,5,0|5|7,Face0-5-7,,20,1,120057,p_m_m_face_0057_lod.bif,3,,,,,,
14660,5,0|6|0,Face0-6-0,,20,1,120060,p_m_m_face_0060_lod.nif,3,,,,,,
14661,5,0|6|1,Face0-6-1,,20,1,120061,p_m_m_face_0061_lod.bif,3,,,,,,
14662,5,0|6|2,Face0-6-2,,20,1,120062,p_m_m_face_0062_lod.bif,3,,,,,,
14663,5,0|6|3,Face0-6-3,,20,1,120063,p_m_m_face_0063_lod.bif,3,,,,,,
14664,5,0|6|4,Face0-6-4,,20,1,120064,p_m_m_face_0064_lod.bif,3,,,,,,
14665,5,0|6|5,Face0-6-5,,20,1,120065,p_m_m_face_0065_lod.bif,3,,,,,,
14666,5,0|6|6,Face0-6-6,,20,1,120066,p_m_m_face_0066_lod.bif,3,,,,,,
14670,5,0|7|0,Face0-7-0,,20,1,120070,p_m_m_face_0070_lod.nif,3,,,,,,
14671,5,0|7|1,Face0-7-1,,20,1,120071,p_m_m_face_0071_lod.bif,3,,,,,,
14672,5,0|7|2,Face0-7-2,,20,1,120072,p_m_m_face_0072_lod.bif,3,,,,,,
14673,5,0|7|3,Face0-7-3,,20,1,120073,p_m_m_face_0073_lod.bif,3,,,,,,
14674,5,0|7|4,Face0-7-4,,20,1,120074,p_m_m_face_0074_lod.bif,3,,,,,,
14675,5,0|7|5,Face0-7-5,,20,1,120075,p_m_m_face_0075_lod.bif,3,,,,,,
14676,5,0|7|6,Face0-7-6,,20,1,120076,p_m_m_face_0076_lod.bif,3,,,,,,
14677,5,0|7|7,Face0-7-7,,20,1,120077,p_m_m_face_0077_lod.bif,3,,,,,,
10201,5,1,Face1,,20,1,120100,p_m_m_face_0100_lod.nif,3,,,,,,
12210,5,1|0,Face1-0,,20,1,120100,p_m_m_face_0100_lod.nif,3,,,,,,
12211,5,1|1,Face1-1,,20,1,120110,p_m_m_face_0110_lod.nif,3,,,,,,
12212,5,1|2,Face1-2,,20,1,120120,p_m_m_face_0120_lod.nif,3,,,,,,
12213,5,1|3,Face1-3,,20,1,120130,p_m_m_face_0130_lod.nif,3,,,,,,
12214,5,1|4,Face1-4,,20,1,120140,p_m_m_face_0140_lod.nif,3,,,,,,
12215,5,1|5,Face1-5,,20,1,120150,p_m_m_face_0150_lod.nif,3,,,,,,
12216,5,1|6,Face1-6,,20,1,120160,p_m_m_face_0160_lod.nif,3,,,,,,
12217,5,1|7,Face1-7,,20,1,120170,p_m_m_face_0170_lod.nif,3,,,,,,
14680,5,1|0|0,Face1-0-0,,20,1,120100,p_m_m_face_0100_lod.nif,3,,,,,,
14681,5,1|0|1,Face1-0-1,,20,1,120101,p_m_m_face_0101_lod.bif,3,,,,,,
14682,5,1|0|2,Face1-0-2,,20,1,120102,p_m_m_face_0102_lod.bif,3,,,,,,
14683,5,1|0|3,Face1-0-3,,20,1,120103,p_m_m_face_0103_lod.bif,3,,,,,,
14684,5,1|0|4,Face1-0-4,,20,1,120104,p_m_m_face_0104_lod.bif,3,,,,,,
14685,5,1|0|5,Face1-0-5,,20,1,120105,p_m_m_face_0105_lod.bif,3,,,,,,
14686,5,1|0|6,Face1-0-6,,20,1,120106,p_m_m_face_0106_lod.bif,3,,,,,,
14687,5,1|0|7,Face1-0-7,,20,1,120107,p_m_m_face_0107_lod.bif,3,,,,,,
14690,5,1|1|0,Face1-1-0,,20,1,120110,p_m_m_face_0110_lod.nif,3,,,,,,
14691,5,1|1|1,Face1-1-1,,20,1,120111,p_m_m_face_0111_lod.bif,3,,,,,,
14692,5,1|1|2,Face1-1-2,,20,1,120112,p_m_m_face_0112_lod.bif,3,,,,,,
14693,5,1|1|3,Face1-1-3,,20,1,120113,p_m_m_face_0113_lod.bif,3,,,,,,
14694,5,1|1|4,Face1-1-4,,20,1,120114,p_m_m_face_0114_lod.bif,3,,,,,,
14695,5,1|1|5,Face1-1-5,,20,1,120115,p_m_m_face_0115_lod.bif,3,,,,,,
14696,5,1|1|6,Face1-1-6,,20,1,120116,p_m_m_face_0116_lod.bif,3,,,,,,
14697,5,1|1|7,Face1-1-7,,20,1,120117,p_m_m_face_0117_lod.bif,3,,,,,,
14700,5,1|2|0,Face1-2-0,,20,1,120120,p_m_m_face_0120_lod.nif,3,,,,,,
14701,5,1|2|1,Face1-2-1,,20,1,120121,p_m_m_face_0121_lod.bif,3,,,,,,
14702,5,1|2|2,Face1-2-2,,20,1,120122,p_m_m_face_0122_lod.bif,3,,,,,,
14703,5,1|2|3,Face1-2-3,,20,1,120123,p_m_m_face_0123_lod.bif,3,,,,,,
14704,5,1|2|4,Face1-2-4,,20,1,120124,p_m_m_face_0124_lod.bif,3,,,,,,
14705,5,1|2|5,Face1-2-5,,20,1,120125,p_m_m_face_0125_lod.bif,3,,,,,,
14706,5,1|2|6,Face1-2-6,,20,1,120126,p_m_m_face_0126_lod.bif,3,,,,,,
14707,5,1|2|7,Face1-2-7,,20,1,120127,p_m_m_face_0127_lod.bif,3,,,,,,
14710,5,1|3|0,Face1-3-0,,20,1,120130,p_m_m_face_0130_lod.nif,3,,,,,,
14711,5,1|3|1,Face1-3-1,,20,1,120131,p_m_m_face_0131_lod.bif,3,,,,,,
14712,5,1|3|2,Face1-3-2,,20,1,120132,p_m_m_face_0132_lod.bif,3,,,,,,
14713,5,1|3|3,Face1-3-3,,20,1,120133,p_m_m_face_0133_lod.bif,3,,,,,,
14714,5,1|3|4,Face1-3-4,,20,1,120134,p_m_m_face_0134_lod.bif,3,,,,,,
14715,5,1|3|5,Face1-3-5,,20,1,120135,p_m_m_face_0135_lod.bif,3,,,,,,
14716,5,1|3|6,Face1-3-6,,20,1,120136,p_m_m_face_0136_lod.bif,3,,,,,,
14717,5,1|3|7,Face1-3-7,,20,1,120137,p_m_m_face_0137_lod.bif,3,,,,,,
14720,5,1|4|0,Face1-4-0,,20,1,120140,p_m_m_face_0140_lod.nif,3,,,,,,
14721,5,1|4|1,Face1-4-1,,20,1,120141,p_m_m_face_0141_lod.bif,3,,,,,,
14722,5,1|4|2,Face1-4-2,,20,1,120142,p_m_m_face_0142_lod.bif,3,,,,,,
14723,5,1|4|3,Face1-4-3,,20,1,120143,p_m_m_face_0143_lod.bif,3,,,,,,
14724,5,1|4|4,Face1-4-4,,20,1,120144,p_m_m_face_0144_lod.bif,3,,,,,,
14725,5,1|4|5,Face1-4-5,,20,1,120145,p_m_m_face_0145_lod.bif,3,,,,,,
14726,5,1|4|6,Face1-4-6,,20,1,120146,p_m_m_face_0146_lod.bif,3,,,,,,
14727,5,1|4|7,Face1-4-7,,20,1,120147,p_m_m_face_0147_lod.bif,3,,,,,,
14730,5,1|5|0,Face1-5-0,,20,1,120150,p_m_m_face_0150_lod.nif,3,,,,,,
14731,5,1|5|1,Face1-5-1,,20,1,120151,p_m_m_face_0151_lod.bif,3,,,,,,
14732,5,1|5|2,Face1-5-2,,20,1,120152,p_m_m_face_0152_lod.bif,3,,,,,,
14733,5,1|5|3,Face1-5-3,,20,1,120153,p_m_m_face_0153_lod.bif,3,,,,,,
14734,5,1|5|4,Face1-5-4,,20,1,120154,p_m_m_face_0154_lod.bif,3,,,,,,
14735,5,1|5|5,Face1-5-5,,20,1,120155,p_m_m_face_0155_lod.bif,3,,,,,,
14736,5,1|5|6,Face1-5-6,,20,1,120156,p_m_m_face_0156_lod.bif,3,,,,,,
14737,5,1|5|7,Face1-5-7,,20,1,120157,p_m_m_face_0157_lod.bif,3,,,,,,
14740,5,1|6|0,Face1-6-0,,20,1,120160,p_m_m_face_0160_lod.nif,3,,,,,,
14741,5,1|6|1,Face1-6-1,,20,1,120161,p_m_m_face_0161_lod.bif,3,,,,,,
14742,5,1|6|2,Face1-6-2,,20,1,120162,p_m_m_face_0162_lod.bif,3,,,,,,
14743,5,1|6|3,Face1-6-3,,20,1,120163,p_m_m_face_0163_lod.bif,3,,,,,,
14744,5,1|6|4,Face1-6-4,,20,1,120164,p_m_m_face_0164_lod.bif,3,,,,,,
14745,5,1|6|5,Face1-6-5,,20,1,120165,p_m_m_face_0165_lod.bif,3,,,,,,
14746,5,1|6|6,Face1-6-6,,20,1,120166,p_m_m_face_0166_lod.bif,3,,,,,,
14747,5,1|6|7,Face1-6-7,,20,1,120167,p_m_m_face_0167_lod.bif,3,,,,,,
14750,5,1|7|0,Face1-7-0,,20,1,120170,p_m_m_face_0170_lod.nif,3,,,,,,
14751,5,1|7|1,Face1-7-1,,20,1,120171,p_m_m_face_0171_lod.bif,3,,,,,,
14752,5,1|7|2,Face1-7-2,,20,1,120172,p_m_m_face_0172_lod.bif,3,,,,,,
14753,5,1|7|3,Face1-7-3,,20,1,120173,p_m_m_face_0173_lod.bif,3,,,,,,
14754,5,1|7|4,Face1-7-4,,20,1,120174,p_m_m_face_0174_lod.bif,3,,,,,,
14755,5,1|7|5,Face1-7-5,,20,1,120175,p_m_m_face_0175_lod.bif,3,,,,,,
14756,5,1|7|6,Face1-7-6,,20,1,120176,p_m_m_face_0176_lod.bif,3,,,,,,
14757,5,1|7|7,Face1-7-7,,20,1,120177,p_m_m_face_0177_lod.bif,3,,,,,,
10202,5,2,Face2,,20,1,120200,p_m_m_face_0200_lod.nif,3,,,,,,
12220,5,2|0,Face2-0,,20,1,120200,p_m_m_face_0200_lod.nif,3,,,,,,
12221,5,2|1,Face2-1,,20,1,120210,p_m_m_face_0210_lod.nif,3,,,,,,
12222,5,2|2,Face2-2,,20,1,120220,p_m_m_face_0220_lod.nif,3,,,,,,
12223,5,2|3,Face2-3,,20,1,120230,p_m_m_face_0230_lod.nif,3,,,,,,
12224,5,2|4,Face2-4,,20,1,120240,p_m_m_face_0240_lod.nif,3,,,,,,
12225,5,2|5,Face2-5,,20,1,120250,p_m_m_face_0250_lod.nif,3,,,,,,
12226,5,2|6,Face2-6,,20,1,120260,p_m_m_face_0260_lod.nif,3,,,,,,
12227,5,2|7,Face2-7,,20,1,120270,p_m_m_face_0270_lod.nif,3,,,,,,
14760,5,2|0|0,Face2-0-0,,20,1,120200,p_m_m_face_0200_lod.nif,3,,,,,,
14761,5,2|0|1,Face2-0-1,,20,1,120201,p_m_m_face_0201_lod.bif,3,,,,,,
14762,5,2|0|2,Face2-0-2,,20,1,120202,p_m_m_face_0202_lod.bif,3,,,,,,
14763,5,2|0|3,Face2-0-3,,20,1,120203,p_m_m_face_0203_lod.bif,3,,,,,,
14764,5,2|0|4,Face2-0-4,,20,1,120204,p_m_m_face_0204_lod.bif,3,,,,,,
14765,5,2|0|5,Face2-0-5,,20,1,120205,p_m_m_face_0205_lod.bif,3,,,,,,
14766,5,2|0|6,Face2-0-6,,20,1,120206,p_m_m_face_0206_lod.bif,3,,,,,,
14767,5,2|0|7,Face2-0-7,,20,1,120207,p_m_m_face_0207_lod.bif,3,,,,,,
14770,5,2|1|0,Face2-1-0,,20,1,120210,p_m_m_face_0210_lod.nif,3,,,,,,
14771,5,2|1|1,Face2-1-1,,20,1,120211,p_m_m_face_0211_lod.bif,3,,,,,,
14772,5,2|1|2,Face2-1-2,,20,1,120212,p_m_m_face_0212_lod.bif,3,,,,,,
14773,5,2|1|3,Face2-1-3,,20,1,120213,p_m_m_face_0213_lod.bif,3,,,,,,
14774,5,2|1|4,Face2-1-4,,20,1,120214,p_m_m_face_0214_lod.bif,3,,,,,,
14775,5,2|1|5,Face2-1-5,,20,1,120215,p_m_m_face_0215_lod.bif,3,,,,,,
14776,5,2|1|6,Face2-1-6,,20,1,120216,p_m_m_face_0216_lod.bif,3,,,,,,
14777,5,2|1|7,Face2-1-7,,20,1,120217,p_m_m_face_0217_lod.bif,3,,,,,,
14780,5,2|2|0,Face2-2-0,,20,1,120220,p_m_m_face_0220_lod.nif,3,,,,,,
14781,5,2|2|1,Face2-2-1,,20,1,120221,p_m_m_face_0221_lod.bif,3,,,,,,
14782,5,2|2|2,Face2-2-2,,20,1,120222,p_m_m_face_0222_lod.bif,3,,,,,,
14783,5,2|2|3,Face2-2-3,,20,1,120223,p_m_m_face_0223_lod.bif,3,,,,,,
14784,5,2|2|4,Face2-2-4,,20,1,120224,p_m_m_face_0224_lod.bif,3,,,,,,
14785,5,2|2|5,Face2-2-5,,20,1,120225,p_m_m_face_0225_lod.bif,3,,,,,,
14786,5,2|2|6,Face2-2-6,,20,1,120226,p_m_m_face_0226_lod.bif,3,,,,,,
14787,5,2|2|7,Face2-2-7,,20,1,120227,p_m_m_face_0227_lod.bif,3,,,,,,
14790,5,2|3|0,Face2-3-0,,20,1,120230,p_m_m_face_0230_lod.nif,3,,,,,,
14791,5,2|3|1,Face2-3-1,,20,1,120231,p_m_m_face_0231_lod.bif,3,,,,,,
14792,5,2|3|2,Face2-3-2,,20,1,120232,p_m_m_face_0232_lod.bif,3,,,,,,
14793,5,2|3|3,Face2-3-3,,20,1,120233,p_m_m_face_0233_lod.bif,3,,,,,,
14794,5,2|3|4,Face2-3-4,,20,1,120234,p_m_m_face_0234_lod.bif,3,,,,,,
14795,5,2|3|5,Face2-3-5,,20,1,120235,p_m_m_face_0235_lod.bif,3,,,,,,
14796,5,2|3|6,Face2-3-6,,20,1,120236,p_m_m_face_0236_lod.bif,3,,,,,,
14797,5,2|3|7,Face2-3-7,,20,1,120237,p_m_m_face_0237_lod.bif,3,,,,,,
14800,5,2|4|0,Face2-4-0,,20,1,120240,p_m_m_face_0240_lod.nif,3,,,,,,
14801,5,2|4|1,Face2-4-1,,20,1,120241,p_m_m_face_0241_lod.bif,3,,,,,,
14802,5,2|4|2,Face2-4-2,,20,1,120242,p_m_m_face_0242_lod.bif,3,,,,,,
14803,5,2|4|3,Face2-4-3,,20,1,120243,p_m_m_face_0243_lod.bif,3,,,,,,
14804,5,2|4|4,Face2-4-4,,20,1,120244,p_m_m_face_0244_lod.bif,3,,,,,,
14805,5,2|4|5,Face2-4-5,,20,1,120245,p_m_m_face_0245_lod.bif,3,,,,,,
14806,5,2|4|6,Face2-4-6,,20,1,120246,p_m_m_face_0246_lod.bif,3,,,,,,
14807,5,2|4|7,Face2-4-7,,20,1,120247,p_m_m_face_0247_lod.bif,3,,,,,,
14810,5,2|5|0,Face2-5-0,,20,1,120250,p_m_m_face_0250_lod.nif,3,,,,,,
14811,5,2|5|1,Face2-5-1,,20,1,120251,p_m_m_face_0251_lod.bif,3,,,,,,
14812,5,2|5|2,Face2-5-2,,20,1,120252,p_m_m_face_0252_lod.bif,3,,,,,,
14813,5,2|5|3,Face2-5-3,,20,1,120253,p_m_m_face_0253_lod.bif,3,,,,,,
14814,5,2|5|4,Face2-5-4,,20,1,120254,p_m_m_face_0254_lod.bif,3,,,,,,
14815,5,2|5|5,Face2-5-5,,20,1,120255,p_m_m_face_0255_lod.bif,3,,,,,,
14816,5,2|5|6,Face2-5-6,,20,1,120256,p_m_m_face_0256_lod.bif,3,,,,,,
14817,5,2|5|7,Face2-5-7,,20,1,120257,p_m_m_face_0257_lod.bif,3,,,,,,
14820,5,2|6|0,Face2-6-0,,20,1,120260,p_m_m_face_0260_lod.nif,3,,,,,,
14821,5,2|6|1,Face2-6-1,,20,1,120261,p_m_m_face_0261_lod.bif,3,,,,,,
14822,5,2|6|2,Face2-6-2,,20,1,120262,p_m_m_face_0262_lod.bif,3,,,,,,
14823,5,2|6|3,Face2-6-3,,20,1,120263,p_m_m_face_0263_lod.bif,3,,,,,,
14824,5,2|6|4,Face2-6-4,,20,1,120264,p_m_m_face_0264_lod.bif,3,,,,,,
14825,5,2|6|5,Face2-6-5,,20,1,120265,p_m_m_face_0265_lod.bif,3,,,,,,
14826,5,2|6|6,Face2-6-6,,20,1,120266,p_m_m_face_0266_lod.bif,3,,,,,,
14827,5,2|6|7,Face2-6-7,,20,1,120267,p_m_m_face_0267_lod.bif,3,,,,,,
14830,5,2|7|0,Face2-7-0,,20,1,120270,p_m_m_face_0270_lod.nif,3,,,,,,
14831,5,2|7|1,Face2-7-1,,20,1,120271,p_m_m_face_0271_lod.bif,3,,,,,,
14832,5,2|7|2,Face2-7-2,,20,1,120272,p_m_m_face_0272_lod.bif,3,,,,,,
14833,5,2|7|3,Face2-7-3,,20,1,120273,p_m_m_face_0273_lod.bif,3,,,,,,
14834,5,2|7|4,Face2-7-4,,20,1,120274,p_m_m_face_0274_lod.bif,3,,,,,,
14835,5,2|7|5,Face2-7-5,,20,1,120275,p_m_m_face_0275_lod.bif,3,,,,,,
14836,5,2|7|6,Face2-7-6,,20,1,120276,p_m_m_face_0276_lod.bif,3,,,,,,
14837,5,2|7|7,Face2-7-7,,20,1,120277,p_m_m_face_0277_lod.bif,3,,,,,,
10203,5,3,Face3,,20,1,120300,p_m_m_face_0300_lod.nif,3,,,,,,
12230,5,3|0,Face3-0,,20,1,120300,p_m_m_face_0300_lod.nif,3,,,,,,
12231,5,3|1,Face3-1,,20,1,120310,p_m_m_face_0310_lod.nif,3,,,,,,
12232,5,3|2,Face3-2,,20,1,120320,p_m_m_face_0320_lod.nif,3,,,,,,
12233,5,3|3,Face3-3,,20,1,120330,p_m_m_face_0330_lod.nif,3,,,,,,
12234,5,3|4,Face3-4,,20,1,120340,p_m_m_face_0340_lod.nif,3,,,,,,
12235,5,3|5,Face3-5,,20,1,120350,p_m_m_face_0350_lod.nif,3,,,,,,
12236,5,3|6,Face3-6,,20,1,120360,p_m_m_face_0360_lod.nif,3,,,,,,
12237,5,3|7,Face3-7,,20,1,120370,p_m_m_face_0370_lod.nif,3,,,,,,
14840,5,3|0|0,Face3-0-0,,20,1,120300,p_m_m_face_0300_lod.nif,3,,,,,,
14841,5,3|0|1,Face3-0-1,,20,1,120301,p_m_m_face_0301_lod.bif,3,,,,,,
14842,5,3|0|2,Face3-0-2,,20,1,120302,p_m_m_face_0302_lod.bif,3,,,,,,
14843,5,3|0|3,Face3-0-3,,20,1,120303,p_m_m_face_0303_lod.bif,3,,,,,,
14844,5,3|0|4,Face3-0-4,,20,1,120304,p_m_m_face_0304_lod.bif,3,,,,,,
14845,5,3|0|5,Face3-0-5,,20,1,120305,p_m_m_face_0305_lod.bif,3,,,,,,
14846,5,3|0|6,Face3-0-6,,20,1,120306,p_m_m_face_0306_lod.bif,3,,,,,,
14847,5,3|0|7,Face3-0-7,,20,1,120307,p_m_m_face_0307_lod.bif,3,,,,,,
14850,5,3|1|0,Face3-1-0,,20,1,120310,p_m_m_face_0310_lod.nif,3,,,,,,
14851,5,3|1|1,Face3-1-1,,20,1,120311,p_m_m_face_0311_lod.bif,3,,,,,,
14852,5,3|1|2,Face3-1-2,,20,1,120312,p_m_m_face_0312_lod.bif,3,,,,,,
14853,5,3|1|3,Face3-1-3,,20,1,120313,p_m_m_face_0313_lod.bif,3,,,,,,
14854,5,3|1|4,Face3-1-4,,20,1,120314,p_m_m_face_0314_lod.bif,3,,,,,,
14855,5,3|1|5,Face3-1-5,,20,1,120315,p_m_m_face_0315_lod.bif,3,,,,,,
14856,5,3|1|6,Face3-1-6,,20,1,120316,p_m_m_face_0316_lod.bif,3,,,,,,
14857,5,3|1|7,Face3-1-7,,20,1,120317,p_m_m_face_0317_lod.bif,3,,,,,,
14860,5,3|2|0,Face3-2-0,,20,1,120320,p_m_m_face_0320_lod.nif,3,,,,,,
14861,5,3|2|1,Face3-2-1,,20,1,120321,p_m_m_face_0321_lod.bif,3,,,,,,
14862,5,3|2|2,Face3-2-2,,20,1,120322,p_m_m_face_0322_lod.bif,3,,,,,,
14863,5,3|2|3,Face3-2-3,,20,1,120323,p_m_m_face_0323_lod.bif,3,,,,,,
14864,5,3|2|4,Face3-2-4,,20,1,120324,p_m_m_face_0324_lod.bif,3,,,,,,
14865,5,3|2|5,Face3-2-5,,20,1,120325,p_m_m_face_0325_lod.bif,3,,,,,,
14866,5,3|2|6,Face3-2-6,,20,1,120326,p_m_m_face_0326_lod.bif,3,,,,,,
14867,5,3|2|7,Face3-2-7,,20,1,120327,p_m_m_face_0327_lod.bif,3,,,,,,
14870,5,3|3|0,Face3-3-0,,20,1,120330,p_m_m_face_0330_lod.nif,3,,,,,,
14871,5,3|3|1,Face3-3-1,,20,1,120331,p_m_m_face_0331_lod.bif,3,,,,,,
14872,5,3|3|2,Face3-3-2,,20,1,120332,p_m_m_face_0332_lod.bif,3,,,,,,
14873,5,3|3|3,Face3-3-3,,20,1,120333,p_m_m_face_0333_lod.bif,3,,,,,,
14874,5,3|3|4,Face3-3-4,,20,1,120334,p_m_m_face_0334_lod.bif,3,,,,,,
14875,5,3|3|5,Face3-3-5,,20,1,120335,p_m_m_face_0335_lod.bif,3,,,,,,
14876,5,3|3|6,Face3-3-6,,20,1,120336,p_m_m_face_0336_lod.bif,3,,,,,,
14877,5,3|3|7,Face3-3-7,,20,1,120337,p_m_m_face_0337_lod.bif,3,,,,,,
14880,5,3|4|0,Face3-4-0,,20,1,120340,p_m_m_face_0340_lod.nif,3,,,,,,
14881,5,3|4|1,Face3-4-1,,20,1,120341,p_m_m_face_0341_lod.bif,3,,,,,,
14882,5,3|4|2,Face3-4-2,,20,1,120342,p_m_m_face_0342_lod.bif,3,,,,,,
14883,5,3|4|3,Face3-4-3,,20,1,120343,p_m_m_face_0343_lod.bif,3,,,,,,
14884,5,3|4|4,Face3-4-4,,20,1,120344,p_m_m_face_0344_lod.bif,3,,,,,,
14885,5,3|4|5,Face3-4-5,,20,1,120345,p_m_m_face_0345_lod.bif,3,,,,,,
14886,5,3|4|6,Face3-4-6,,20,1,120346,p_m_m_face_0346_lod.bif,3,,,,,,
14887,5,3|4|7,Face3-4-7,,20,1,120347,p_m_m_face_0347_lod.bif,3,,,,,,
14890,5,3|5|0,Face3-5-0,,20,1,120350,p_m_m_face_0350_lod.nif,3,,,,,,
14891,5,3|5|1,Face3-5-1,,20,1,120351,p_m_m_face_0351_lod.bif,3,,,,,,
14892,5,3|5|2,Face3-5-2,,20,1,120352,p_m_m_face_0352_lod.bif,3,,,,,,
14893,5,3|5|3,Face3-5-3,,20,1,120353,p_m_m_face_0353_lod.bif,3,,,,,,
14894,5,3|5|4,Face3-5-4,,20,1,120354,p_m_m_face_0354_lod.bif,3,,,,,,
14895,5,3|5|5,Face3-5-5,,20,1,120355,p_m_m_face_0355_lod.bif,3,,,,,,
14896,5,3|5|6,Face3-5-6,,20,1,120356,p_m_m_face_0356_lod.bif,3,,,,,,
14897,5,3|5|7,Face3-5-7,,20,1,120357,p_m_m_face_0357_lod.bif,3,,,,,,
14900,5,3|6|0,Face3-6-0,,20,1,120360,p_m_m_face_0360_lod.nif,3,,,,,,
14901,5,3|6|1,Face3-6-1,,20,1,120361,p_m_m_face_0361_lod.bif,3,,,,,,
14902,5,3|6|2,Face3-6-2,,20,1,120362,p_m_m_face_0362_lod.bif,3,,,,,,
14903,5,3|6|3,Face3-6-3,,20,1,120363,p_m_m_face_0363_lod.bif,3,,,,,,
14904,5,3|6|4,Face3-6-4,,20,1,120364,p_m_m_face_0364_lod.bif,3,,,,,,
14905,5,3|6|5,Face3-6-5,,20,1,120365,p_m_m_face_0365_lod.bif,3,,,,,,
14906,5,3|6|6,Face3-6-6,,20,1,120366,p_m_m_face_0366_lod.bif,3,,,,,,
14907,5,3|6|7,Face3-6-7,,20,1,120367,p_m_m_face_0367_lod.bif,3,,,,,,
14910,5,3|7|0,Face3-7-0,,20,1,120370,p_m_m_face_0370_lod.nif,3,,,,,,
14911,5,3|7|1,Face3-7-1,,20,1,120371,p_m_m_face_0371_lod.bif,3,,,,,,
14912,5,3|7|2,Face3-7-2,,20,1,120372,p_m_m_face_0372_lod.bif,3,,,,,,
14913,5,3|7|3,Face3-7-3,,20,1,120373,p_m_m_face_0373_lod.bif,3,,,,,,
14914,5,3|7|4,Face3-7-4,,20,1,120374,p_m_m_face_0374_lod.bif,3,,,,,,
14915,5,3|7|5,Face3-7-5,,20,1,120375,p_m_m_face_0375_lod.bif,3,,,,,,
14916,5,3|7|6,Face3-7-6,,20,1,120376,p_m_m_face_0376_lod.bif,3,,,,,,
14917,5,3|7|7,Face3-7-7,,20,1,120377,p_m_m_face_0377_lod.bif,3,,,,,,
10204,5,4,Face4,,20,1,120400,p_m_m_face_0400_lod.nif,3,,,,,,
12240,5,4|0,Face4-0,,20,1,120400,p_m_m_face_0400_lod.nif,3,,,,,,
12241,5,4|1,Face4-1,,20,1,120410,p_m_m_face_0410_lod.nif,3,,,,,,
12242,5,4|2,Face4-2,,20,1,120420,p_m_m_face_0420_lod.nif,3,,,,,,
12243,5,4|3,Face4-3,,20,1,120430,p_m_m_face_0430_lod.nif,3,,,,,,
12244,5,4|4,Face4-4,,20,1,120440,p_m_m_face_0440_lod.nif,3,,,,,,
12245,5,4|5,Face4-5,,20,1,120450,p_m_m_face_0450_lod.nif,3,,,,,,
12246,5,4|6,Face4-6,,20,1,120460,p_m_m_face_0460_lod.nif,3,,,,,,
12247,5,4|7,Face4-7,,20,1,120470,p_m_m_face_0470_lod.nif,3,,,,,,
14920,5,4|0|0,Face4-0-0,,20,1,120400,p_m_m_face_0400_lod.nif,3,,,,,,
14921,5,4|0|1,Face4-0-1,,20,1,120401,p_m_m_face_0401_lod.bif,3,,,,,,
14922,5,4|0|2,Face4-0-2,,20,1,120402,p_m_m_face_0402_lod.bif,3,,,,,,
14923,5,4|0|3,Face4-0-3,,20,1,120403,p_m_m_face_0403_lod.bif,3,,,,,,
14924,5,4|0|4,Face4-0-4,,20,1,120404,p_m_m_face_0404_lod.bif,3,,,,,,
14925,5,4|0|5,Face4-0-5,,20,1,120405,p_m_m_face_0405_lod.bif,3,,,,,,
14926,5,4|0|6,Face4-0-6,,20,1,120406,p_m_m_face_0406_lod.bif,3,,,,,,
14927,5,4|0|7,Face4-0-7,,20,1,120407,p_m_m_face_0407_lod.bif,3,,,,,,
14930,5,4|1|0,Face4-1-0,,20,1,120410,p_m_m_face_0410_lod.nif,3,,,,,,
14931,5,4|1|1,Face4-1-1,,20,1,120411,p_m_m_face_0411_lod.bif,3,,,,,,
14932,5,4|1|2,Face4-1-2,,20,1,120412,p_m_m_face_0412_lod.bif,3,,,,,,
14933,5,4|1|3,Face4-1-3,,20,1,120413,p_m_m_face_0413_lod.bif,3,,,,,,
14934,5,4|1|4,Face4-1-4,,20,1,120414,p_m_m_face_0414_lod.bif,3,,,,,,
14935,5,4|1|5,Face4-1-5,,20,1,120415,p_m_m_face_0415_lod.bif,3,,,,,,
14936,5,4|1|6,Face4-1-6,,20,1,120416,p_m_m_face_0416_lod.bif,3,,,,,,
14937,5,4|1|7,Face4-1-7,,20,1,120417,p_m_m_face_0417_lod.bif,3,,,,,,
14940,5,4|2|0,Face4-2-0,,20,1,120420,p_m_m_face_0420_lod.nif,3,,,,,,
14941,5,4|2|1,Face4-2-1,,20,1,120421,p_m_m_face_0421_lod.bif,3,,,,,,
14942,5,4|2|2,Face4-2-2,,20,1,120422,p_m_m_face_0422_lod.bif,3,,,,,,
14943,5,4|2|3,Face4-2-3,,20,1,120423,p_m_m_face_0423_lod.bif,3,,,,,,
14944,5,4|2|4,Face4-2-4,,20,1,120424,p_m_m_face_0424_lod.bif,3,,,,,,
14945,5,4|2|5,Face4-2-5,,20,1,120425,p_m_m_face_0425_lod.bif,3,,,,,,
14946,5,4|2|6,Face4-2-6,,20,1,120426,p_m_m_face_0426_lod.bif,3,,,,,,
14947,5,4|2|7,Face4-2-7,,20,1,120427,p_m_m_face_0427_lod.bif,3,,,,,,
14950,5,4|3|0,Face4-3-0,,20,1,120430,p_m_m_face_0430_lod.nif,3,,,,,,
14951,5,4|3|1,Face4-3-1,,20,1,120431,p_m_m_face_0431_lod.bif,3,,,,,,
14952,5,4|3|2,Face4-3-2,,20,1,120432,p_m_m_face_0432_lod.bif,3,,,,,,
14953,5,4|3|3,Face4-3-3,,20,1,120433,p_m_m_face_0433_lod.bif,3,,,,,,
14954,5,4|3|4,Face4-3-4,,20,1,120434,p_m_m_face_0434_lod.bif,3,,,,,,
14955,5,4|3|5,Face4-3-5,,20,1,120435,p_m_m_face_0435_lod.bif,3,,,,,,
14956,5,4|3|6,Face4-3-6,,20,1,120436,p_m_m_face_0436_lod.bif,3,,,,,,
14957,5,4|3|7,Face4-3-7,,20,1,120437,p_m_m_face_0437_lod.bif,3,,,,,,
14960,5,4|4|0,Face4-4-0,,20,1,120440,p_m_m_face_0440_lod.nif,3,,,,,,
14961,5,4|4|1,Face4-4-1,,20,1,120441,p_m_m_face_0441_lod.bif,3,,,,,,
14962,5,4|4|2,Face4-4-2,,20,1,120442,p_m_m_face_0442_lod.bif,3,,,,,,
14963,5,4|4|3,Face4-4-3,,20,1,120443,p_m_m_face_0443_lod.bif,3,,,,,,
14964,5,4|4|4,Face4-4-4,,20,1,120444,p_m_m_face_0444_lod.bif,3,,,,,,
14965,5,4|4|5,Face4-4-5,,20,1,120445,p_m_m_face_0445_lod.bif,3,,,,,,
14966,5,4|4|6,Face4-4-6,,20,1,120446,p_m_m_face_0446_lod.bif,3,,,,,,
14967,5,4|4|7,Face4-4-7,,20,1,120447,p_m_m_face_0447_lod.bif,3,,,,,,
14970,5,4|5|0,Face4-5-0,,20,1,120450,p_m_m_face_0450_lod.nif,3,,,,,,
14971,5,4|5|1,Face4-5-1,,20,1,120451,p_m_m_face_0451_lod.bif,3,,,,,,
14972,5,4|5|2,Face4-5-2,,20,1,120452,p_m_m_face_0452_lod.bif,3,,,,,,
14973,5,4|5|3,Face4-5-3,,20,1,120453,p_m_m_face_0453_lod.bif,3,,,,,,
14974,5,4|5|4,Face4-5-4,,20,1,120454,p_m_m_face_0454_lod.bif,3,,,,,,
14975,5,4|5|5,Face4-5-5,,20,1,120455,p_m_m_face_0455_lod.bif,3,,,,,,
14976,5,4|5|6,Face4-5-6,,20,1,120456,p_m_m_face_0456_lod.bif,3,,,,,,
14977,5,4|5|7,Face4-5-7,,20,1,120457,p_m_m_face_0457_lod.bif,3,,,,,,
14980,5,4|6|0,Face4-6-0,,20,1,120460,p_m_m_face_0460_lod.nif,3,,,,,,
14981,5,4|6|1,Face4-6-1,,20,1,120461,p_m_m_face_0461_lod.bif,3,,,,,,
14982,5,4|6|2,Face4-6-2,,20,1,120462,p_m_m_face_0462_lod.bif,3,,,,,,
14983,5,4|6|3,Face4-6-3,,20,1,120463,p_m_m_face_0463_lod.bif,3,,,,,,
14984,5,4|6|4,Face4-6-4,,20,1,120464,p_m_m_face_0464_lod.bif,3,,,,,,
14985,5,4|6|5,Face4-6-5,,20,1,120465,p_m_m_face_0465_lod.bif,3,,,,,,
14986,5,4|6|6,Face4-6-6,,20,1,120466,p_m_m_face_0466_lod.bif,3,,,,,,
14987,5,4|6|7,Face4-6-7,,20,1,120467,p_m_m_face_0467_lod.bif,3,,,,,,
14990,5,4|7|0,Face4-7-0,,20,1,120470,p_m_m_face_0470_lod.nif,3,,,,,,
14991,5,4|7|1,Face4-7-1,,20,1,120471,p_m_m_face_0471_lod.bif,3,,,,,,
14992,5,4|7|2,Face4-7-2,,20,1,120472,p_m_m_face_0472_lod.bif,3,,,,,,
14993,5,4|7|3,Face4-7-3,,20,1,120473,p_m_m_face_0473_lod.bif,3,,,,,,
14994,5,4|7|4,Face4-7-4,,20,1,120474,p_m_m_face_0474_lod.bif,3,,,,,,
14995,5,4|7|5,Face4-7-5,,20,1,120475,p_m_m_face_0475_lod.bif,3,,,,,,
14996,5,4|7|6,Face4-7-6,,20,1,120476,p_m_m_face_0476_lod.bif,3,,,,,,
14997,5,4|7|7,Face4-7-7,,20,1,120477,p_m_m_face_0477_lod.bif,3,,,,,,
10300,5,0,Face0,,20,1,820000,p_m_f_face_0000_lod.nif,4,,,,,,
12250,5,0|0,Face0-0,,20,1,820000,p_m_f_face_0000_lod.nif,4,,,,,,
12251,5,0|1,Face0-1,,20,1,820010,p_m_f_face_0010_lod.nif,4,,,,,,
12252,5,0|2,Face0-2,,20,1,820020,p_m_f_face_0020_lod.nif,4,,,,,,
12253,5,0|3,Face0-3,,20,1,820030,p_m_f_face_0030_lod.nif,4,,,,,,
12254,5,0|4,Face0-4,,20,1,820040,p_m_f_face_0040_lod.nif,4,,,,,,
12255,5,0|5,Face0-5,,20,1,820050,p_m_f_face_0050_lod.nif,4,,,,,,
12256,5,0|6,Face0-6,,20,1,820060,p_m_f_face_0060_lod.nif,4,,,,,,
12257,5,0|7,Face0-7,,20,1,820070,p_m_f_face_0070_lod.nif,4,,,,,,
15000,5,0|0|0,Face0-0-0,,20,1,820000,p_m_f_face_0000_lod.nif,4,,,,,,
15001,5,0|0|1,Face0-0-1,,20,1,820001,p_m_f_face_0001_lod.bif,4,,,,,,
15002,5,0|0|2,Face0-0-2,,20,1,820002,p_m_f_face_0002_lod.bif,4,,,,,,
15003,5,0|0|3,Face0-0-3,,20,1,820003,p_m_f_face_0003_lod.bif,4,,,,,,
15004,5,0|0|4,Face0-0-4,,20,1,820004,p_m_f_face_0004_lod.bif,4,,,,,,
15005,5,0|0|5,Face0-0-5,,20,1,820005,p_m_f_face_0005_lod.bif,4,,,,,,
15006,5,0|0|6,Face0-0-6,,20,1,820006,p_m_f_face_0006_lod.bif,4,,,,,,
15007,5,0|0|7,Face0-0-7,,20,1,820007,p_m_f_face_0007_lod.bif,4,,,,,,
15010,5,0|1|0,Face0-1-0,,20,1,820010,p_m_f_face_0010_lod.nif,4,,,,,,
15011,5,0|1|1,Face0-1-1,,20,1,820011,p_m_f_face_0011_lod.bif,4,,,,,,
15012,5,0|1|2,Face0-1-2,,20,1,820012,p_m_f_face_0012_lod.bif,4,,,,,,
15013,5,0|1|3,Face0-1-3,,20,1,820013,p_m_f_face_0013_lod.bif,4,,,,,,
15014,5,0|1|4,Face0-1-4,,20,1,820014,p_m_f_face_0014_lod.bif,4,,,,,,
15015,5,0|1|5,Face0-1-5,,20,1,820015,p_m_f_face_0015_lod.bif,4,,,,,,
15016,5,0|1|6,Face0-1-6,,20,1,820016,p_m_f_face_0016_lod.bif,4,,,,,,
15017,5,0|1|7,Face0-1-7,,20,1,820017,p_m_f_face_0017_lod.bif,4,,,,,,
15020,5,0|2|0,Face0-2-0,,20,1,820020,p_m_f_face_0020_lod.nif,4,,,,,,
15021,5,0|2|1,Face0-2-1,,20,1,820021,p_m_f_face_0021_lod.bif,4,,,,,,
15022,5,0|2|2,Face0-2-2,,20,1,820022,p_m_f_face_0022_lod.bif,4,,,,,,
15023,5,0|2|3,Face0-2-3,,20,1,820023,p_m_f_face_0023_lod.bif,4,,,,,,
15024,5,0|2|4,Face0-2-4,,20,1,820024,p_m_f_face_0024_lod.bif,4,,,,,,
15025,5,0|2|5,Face0-2-5,,20,1,820025,p_m_f_face_0025_lod.bif,4,,,,,,
15026,5,0|2|6,Face0-2-6,,20,1,820026,p_m_f_face_0026_lod.bif,4,,,,,,
15027,5,0|2|7,Face0-2-7,,20,1,820027,p_m_f_face_0027_lod.bif,4,,,,,,
15030,5,0|3|0,Face0-3-0,,20,1,820030,p_m_f_face_0030_lod.nif,4,,,,,,
15031,5,0|3|1,Face0-3-1,,20,1,820031,p_m_f_face_0031_lod.bif,4,,,,,,
15032,5,0|3|2,Face0-3-2,,20,1,820032,p_m_f_face_0032_lod.bif,4,,,,,,
15033,5,0|3|3,Face0-3-3,,20,1,820033,p_m_f_face_0033_lod.bif,4,,,,,,
15034,5,0|3|4,Face0-3-4,,20,1,820034,p_m_f_face_0034_lod.bif,4,,,,,,
15035,5,0|3|5,Face0-3-5,,20,1,820035,p_m_f_face_0035_lod.bif,4,,,,,,
15036,5,0|3|6,Face0-3-6,,20,1,820036,p_m_f_face_0036_lod.bif,4,,,,,,
15037,5,0|3|7,Face0-3-7,,20,1,820037,p_m_f_face_0037_lod.bif,4,,,,,,
15040,5,0|4|0,Face0-4-0,,20,1,820040,p_m_f_face_0040_lod.nif,4,,,,,,
15041,5,0|4|1,Face0-4-1,,20,1,820041,p_m_f_face_0041_lod.bif,4,,,,,,
15042,5,0|4|2,Face0-4-2,,20,1,820042,p_m_f_face_0042_lod.bif,4,,,,,,
15043,5,0|4|3,Face0-4-3,,20,1,820043,p_m_f_face_0043_lod.bif,4,,,,,,
15044,5,0|4|4,Face0-4-4,,20,1,820044,p_m_f_face_0044_lod.bif,4,,,,,,
15045,5,0|4|5,Face0-4-5,,20,1,820045,p_m_f_face_0045_lod.bif,4,,,,,,
15046,5,0|4|6,Face0-4-6,,20,1,820046,p_m_f_face_0046_lod.bif,4,,,,,,
15047,5,0|4|7,Face0-4-7,,20,1,820047,p_m_f_face_0047_lod.bif,4,,,,,,
15050,5,0|5|0,Face0-5-0,,20,1,820050,p_m_f_face_0050_lod.nif,4,,,,,,
15051,5,0|5|1,Face0-5-1,,20,1,820051,p_m_f_face_0051_lod.bif,4,,,,,,
15052,5,0|5|2,Face0-5-2,,20,1,820052,p_m_f_face_0052_lod.bif,4,,,,,,
15053,5,0|5|3,Face0-5-3,,20,1,820053,p_m_f_face_0053_lod.bif,4,,,,,,
15054,5,0|5|4,Face0-5-4,,20,1,820054,p_m_f_face_0054_lod.bif,4,,,,,,
15055,5,0|5|5,Face0-5-5,,20,1,820055,p_m_f_face_0055_lod.bif,4,,,,,,
15056,5,0|5|6,Face0-5-6,,20,1,820056,p_m_f_face_0056_lod.bif,4,,,,,,
15057,5,0|5|7,Face0-5-7,,20,1,820057,p_m_f_face_0057_lod.bif,4,,,,,,
15060,5,0|6|0,Face0-6-0,,20,1,820060,p_m_f_face_0060_lod.nif,4,,,,,,
15061,5,0|6|1,Face0-6-1,,20,1,820061,p_m_f_face_0061_lod.bif,4,,,,,,
15062,5,0|6|2,Face0-6-2,,20,1,820062,p_m_f_face_0062_lod.bif,4,,,,,,
15063,5,0|6|3,Face0-6-3,,20,1,820063,p_m_f_face_0063_lod.bif,4,,,,,,
15064,5,0|6|4,Face0-6-4,,20,1,820064,p_m_f_face_0064_lod.bif,4,,,,,,
15065,5,0|6|5,Face0-6-5,,20,1,820065,p_m_f_face_0065_lod.bif,4,,,,,,
15066,5,0|6|6,Face0-6-6,,20,1,820066,p_m_f_face_0066_lod.bif,4,,,,,,
15067,5,0|6|7,Face0-6-7,,20,1,820067,p_m_f_face_0067_lod.bif,4,,,,,,
15070,5,0|7|0,Face0-7-0,,20,1,820070,p_m_f_face_0070_lod.nif,4,,,,,,
15071,5,0|7|1,Face0-7-1,,20,1,820071,p_m_f_face_0071_lod.bif,4,,,,,,
15072,5,0|7|2,Face0-7-2,,20,1,820072,p_m_f_face_0072_lod.bif,4,,,,,,
15073,5,0|7|3,Face0-7-3,,20,1,820073,p_m_f_face_0073_lod.bif,4,,,,,,
15074,5,0|7|4,Face0-7-4,,20,1,820074,p_m_f_face_0074_lod.bif,4,,,,,,
15075,5,0|7|5,Face0-7-5,,20,1,820075,p_m_f_face_0075_lod.bif,4,,,,,,
15076,5,0|7|6,Face0-7-6,,20,1,820076,p_m_f_face_0076_lod.bif,4,,,,,,
15077,5,0|7|7,Face0-7-7,,20,1,820077,p_m_f_face_0077_lod.bif,4,,,,,,
10301,5,1,Face1,,20,1,820100,p_m_f_face_0100_lod.nif,4,,,,,,
12260,5,1|0,Face1-0,,20,1,820100,p_m_f_face_0100_lod.nif,4,,,,,,
12261,5,1|1,Face1-1,,20,1,820110,p_m_f_face_0110_lod.nif,4,,,,,,
12262,5,1|2,Face1-2,,20,1,820120,p_m_f_face_0120_lod.nif,4,,,,,,
12263,5,1|3,Face1-3,,20,1,820130,p_m_f_face_0130_lod.nif,4,,,,,,
12264,5,1|4,Face1-4,,20,1,820140,p_m_f_face_0140_lod.nif,4,,,,,,
12265,5,1|5,Face1-5,,20,1,820150,p_m_f_face_0150_lod.nif,4,,,,,,
12266,5,1|6,Face1-6,,20,1,820160,p_m_f_face_0160_lod.nif,4,,,,,,
12267,5,1|7,Face1-7,,20,1,820170,p_m_f_face_0170_lod.nif,4,,,,,,
15080,5,1|0|0,Face1-0-0,,20,1,820100,p_m_f_face_0100_lod.nif,4,,,,,,
15081,5,1|0|1,Face1-0-1,,20,1,820101,p_m_f_face_0101_lod.bif,4,,,,,,
15082,5,1|0|2,Face1-0-2,,20,1,820102,p_m_f_face_0102_lod.bif,4,,,,,,
15083,5,1|0|3,Face1-0-3,,20,1,820103,p_m_f_face_0103_lod.bif,4,,,,,,
15084,5,1|0|4,Face1-0-4,,20,1,820104,p_m_f_face_0104_lod.bif,4,,,,,,
15085,5,1|0|5,Face1-0-5,,20,1,820105,p_m_f_face_0105_lod.bif,4,,,,,,
15086,5,1|0|6,Face1-0-6,,20,1,820106,p_m_f_face_0106_lod.bif,4,,,,,,
15087,5,1|0|7,Face1-0-7,,20,1,820107,p_m_f_face_0107_lod.bif,4,,,,,,
15090,5,1|1|0,Face1-1-0,,20,1,820110,p_m_f_face_0110_lod.nif,4,,,,,,
15091,5,1|1|1,Face1-1-1,,20,1,820111,p_m_f_face_0111_lod.bif,4,,,,,,
15092,5,1|1|2,Face1-1-2,,20,1,820112,p_m_f_face_0112_lod.bif,4,,,,,,
15093,5,1|1|3,Face1-1-3,,20,1,820113,p_m_f_face_0113_lod.bif,4,,,,,,
15094,5,1|1|4,Face1-1-4,,20,1,820114,p_m_f_face_0114_lod.bif,4,,,,,,
15095,5,1|1|5,Face1-1-5,,20,1,820115,p_m_f_face_0115_lod.bif,4,,,,,,
15096,5,1|1|6,Face1-1-6,,20,1,820116,p_m_f_face_0116_lod.bif,4,,,,,,
15097,5,1|1|7,Face1-1-7,,20,1,820117,p_m_f_face_0117_lod.bif,4,,,,,,
15100,5,1|2|0,Face1-2-0,,20,1,820120,p_m_f_face_0120_lod.nif,4,,,,,,
15101,5,1|2|1,Face1-2-1,,20,1,820121,p_m_f_face_0121_lod.bif,4,,,,,,
15102,5,1|2|2,Face1-2-2,,20,1,820122,p_m_f_face_0122_lod.bif,4,,,,,,
15103,5,1|2|3,Face1-2-3,,20,1,820123,p_m_f_face_0123_lod.bif,4,,,,,,
15104,5,1|2|4,Face1-2-4,,20,1,820124,p_m_f_face_0124_lod.bif,4,,,,,,
15105,5,1|2|5,Face1-2-5,,20,1,820125,p_m_f_face_0125_lod.bif,4,,,,,,
15106,5,1|2|6,Face1-2-6,,20,1,820126,p_m_f_face_0126_lod.bif,4,,,,,,
15107,5,1|2|7,Face1-2-7,,20,1,820127,p_m_f_face_0127_lod.bif,4,,,,,,
15110,5,1|3|0,Face1-3-0,,20,1,820130,p_m_f_face_0130_lod.nif,4,,,,,,
15111,5,1|3|1,Face1-3-1,,20,1,820131,p_m_f_face_0131_lod.bif,4,,,,,,
15112,5,1|3|2,Face1-3-2,,20,1,820132,p_m_f_face_0132_lod.bif,4,,,,,,
15113,5,1|3|3,Face1-3-3,,20,1,820133,p_m_f_face_0133_lod.bif,4,,,,,,
15114,5,1|3|4,Face1-3-4,,20,1,820134,p_m_f_face_0134_lod.bif,4,,,,,,
15115,5,1|3|5,Face1-3-5,,20,1,820135,p_m_f_face_0135_lod.bif,4,,,,,,
15116,5,1|3|6,Face1-3-6,,20,1,820136,p_m_f_face_0136_lod.bif,4,,,,,,
15117,5,1|3|7,Face1-3-7,,20,1,820137,p_m_f_face_0137_lod.bif,4,,,,,,
15120,5,1|4|0,Face1-4-0,,20,1,820140,p_m_f_face_0140_lod.nif,4,,,,,,
15121,5,1|4|1,Face1-4-1,,20,1,820141,p_m_f_face_0141_lod.bif,4,,,,,,
15122,5,1|4|2,Face1-4-2,,20,1,820142,p_m_f_face_0142_lod.bif,4,,,,,,
15123,5,1|4|3,Face1-4-3,,20,1,820143,p_m_f_face_0143_lod.bif,4,,,,,,
15124,5,1|4|4,Face1-4-4,,20,1,820144,p_m_f_face_0144_lod.bif,4,,,,,,
15125,5,1|4|5,Face1-4-5,,20,1,820145,p_m_f_face_0145_lod.bif,4,,,,,,
15126,5,1|4|6,Face1-4-6,,20,1,820146,p_m_f_face_0146_lod.bif,4,,,,,,
15127,5,1|4|7,Face1-4-7,,20,1,820147,p_m_f_face_0147_lod.bif,4,,,,,,
15130,5,1|5|0,Face1-5-0,,20,1,820150,p_m_f_face_0150_lod.nif,4,,,,,,
15131,5,1|5|1,Face1-5-1,,20,1,820151,p_m_f_face_0151_lod.bif,4,,,,,,
15132,5,1|5|2,Face1-5-2,,20,1,820152,p_m_f_face_0152_lod.bif,4,,,,,,
15133,5,1|5|3,Face1-5-3,,20,1,820153,p_m_f_face_0153_lod.bif,4,,,,,,
15134,5,1|5|4,Face1-5-4,,20,1,820154,p_m_f_face_0154_lod.bif,4,,,,,,
15135,5,1|5|5,Face1-5-5,,20,1,820155,p_m_f_face_0155_lod.bif,4,,,,,,
15136,5,1|5|6,Face1-5-6,,20,1,820156,p_m_f_face_0156_lod.bif,4,,,,,,
15137,5,1|5|7,Face1-5-7,,20,1,820157,p_m_f_face_0157_lod.bif,4,,,,,,
15140,5,1|6|0,Face1-6-0,,20,1,820160,p_m_f_face_0160_lod.nif,4,,,,,,
15141,5,1|6|1,Face1-6-1,,20,1,820161,p_m_f_face_0161_lod.bif,4,,,,,,
15142,5,1|6|2,Face1-6-2,,20,1,820162,p_m_f_face_0162_lod.bif,4,,,,,,
15143,5,1|6|3,Face1-6-3,,20,1,820163,p_m_f_face_0163_lod.bif,4,,,,,,
15144,5,1|6|4,Face1-6-4,,20,1,820164,p_m_f_face_0164_lod.bif,4,,,,,,
15145,5,1|6|5,Face1-6-5,,20,1,820165,p_m_f_face_0165_lod.bif,4,,,,,,
15146,5,1|6|6,Face1-6-6,,20,1,820166,p_m_f_face_0166_lod.bif,4,,,,,,
15147,5,1|6|7,Face1-6-7,,20,1,820167,p_m_f_face_0167_lod.bif,4,,,,,,
15150,5,1|7|0,Face1-7-0,,20,1,820170,p_m_f_face_0170_lod.nif,4,,,,,,
15151,5,1|7|1,Face1-7-1,,20,1,820171,p_m_f_face_0171_lod.bif,4,,,,,,
15152,5,1|7|2,Face1-7-2,,20,1,820172,p_m_f_face_0172_lod.bif,4,,,,,,
15153,5,1|7|3,Face1-7-3,,20,1,820173,p_m_f_face_0173_lod.bif,4,,,,,,
15154,5,1|7|4,Face1-7-4,,20,1,820174,p_m_f_face_0174_lod.bif,4,,,,,,
15155,5,1|7|5,Face1-7-5,,20,1,820175,p_m_f_face_0175_lod.bif,4,,,,,,
15156,5,1|7|6,Face1-7-6,,20,1,820176,p_m_f_face_0176_lod.bif,4,,,,,,
15157,5,1|7|7,Face1-7-7,,20,1,820177,p_m_f_face_0177_lod.bif,4,,,,,,
10302,5,2,Face2,,20,1,820200,p_m_f_face_0200_lod.nif,4,,,,,,
12270,5,2|0,Face2-0,,20,1,820200,p_m_f_face_0200_lod.nif,4,,,,,,
12271,5,2|1,Face2-1,,20,1,820210,p_m_f_face_0210_lod.nif,4,,,,,,
12272,5,2|2,Face2-2,,20,1,820220,p_m_f_face_0220_lod.nif,4,,,,,,
12273,5,2|3,Face2-3,,20,1,820230,p_m_f_face_0230_lod.nif,4,,,,,,
12274,5,2|4,Face2-4,,20,1,820240,p_m_f_face_0240_lod.nif,4,,,,,,
12275,5,2|5,Face2-5,,20,1,820250,p_m_f_face_0250_lod.nif,4,,,,,,
12276,5,2|6,Face2-6,,20,1,820260,p_m_f_face_0260_lod.nif,4,,,,,,
12277,5,2|7,Face2-7,,20,1,820270,p_m_f_face_0270_lod.nif,4,,,,,,
15160,5,2|0|0,Face2-0-0,,20,1,820200,p_m_f_face_0200_lod.nif,4,,,,,,
15161,5,2|0|1,Face2-0-1,,20,1,820201,p_m_f_face_0201_lod.bif,4,,,,,,
15162,5,2|0|2,Face2-0-2,,20,1,820202,p_m_f_face_0202_lod.bif,4,,,,,,
15163,5,2|0|3,Face2-0-3,,20,1,820203,p_m_f_face_0203_lod.bif,4,,,,,,
15164,5,2|0|4,Face2-0-4,,20,1,820204,p_m_f_face_0204_lod.bif,4,,,,,,
15165,5,2|0|5,Face2-0-5,,20,1,820205,p_m_f_face_0205_lod.bif,4,,,,,,
15166,5,2|0|6,Face2-0-6,,20,1,820206,p_m_f_face_0206_lod.bif,4,,,,,,
15167,5,2|0|7,Face2-0-7,,20,1,820207,p_m_f_face_0207_lod.bif,4,,,,,,
15170,5,2|1|0,Face2-1-0,,20,1,820210,p_m_f_face_0210_lod.nif,4,,,,,,
15171,5,2|1|1,Face2-1-1,,20,1,820211,p_m_f_face_0211_lod.bif,4,,,,,,
15172,5,2|1|2,Face2-1-2,,20,1,820212,p_m_f_face_0212_lod.bif,4,,,,,,
15173,5,2|1|3,Face2-1-3,,20,1,820213,p_m_f_face_0213_lod.bif,4,,,,,,
15174,5,2|1|4,Face2-1-4,,20,1,820214,p_m_f_face_0214_lod.bif,4,,,,,,
15175,5,2|1|5,Face2-1-5,,20,1,820215,p_m_f_face_0215_lod.bif,4,,,,,,
15176,5,2|1|6,Face2-1-6,,20,1,820216,p_m_f_face_0216_lod.bif,4,,,,,,
15177,5,2|1|7,Face2-1-7,,20,1,820217,p_m_f_face_0217_lod.bif,4,,,,,,
15180,5,2|2|0,Face2-2-0,,20,1,820220,p_m_f_face_0220_lod.nif,4,,,,,,
15181,5,2|2|1,Face2-2-1,,20,1,820221,p_m_f_face_0221_lod.bif,4,,,,,,
15182,5,2|2|2,Face2-2-2,,20,1,820222,p_m_f_face_0222_lod.bif,4,,,,,,
15183,5,2|2|3,Face2-2-3,,20,1,820223,p_m_f_face_0223_lod.bif,4,,,,,,
15184,5,2|2|4,Face2-2-4,,20,1,820224,p_m_f_face_0224_lod.bif,4,,,,,,
15185,5,2|2|5,Face2-2-5,,20,1,820225,p_m_f_face_0225_lod.bif,4,,,,,,
15186,5,2|2|6,Face2-2-6,,20,1,820226,p_m_f_face_0226_lod.bif,4,,,,,,
15187,5,2|2|7,Face2-2-7,,20,1,820227,p_m_f_face_0227_lod.bif,4,,,,,,
15190,5,2|3|0,Face2-3-0,,20,1,820230,p_m_f_face_0230_lod.nif,4,,,,,,
15191,5,2|3|1,Face2-3-1,,20,1,820231,p_m_f_face_0231_lod.bif,4,,,,,,
15192,5,2|3|2,Face2-3-2,,20,1,820232,p_m_f_face_0232_lod.bif,4,,,,,,
15193,5,2|3|3,Face2-3-3,,20,1,820233,p_m_f_face_0233_lod.bif,4,,,,,,
15194,5,2|3|4,Face2-3-4,,20,1,820234,p_m_f_face_0234_lod.bif,4,,,,,,
15195,5,2|3|5,Face2-3-5,,20,1,820235,p_m_f_face_0235_lod.bif,4,,,,,,
15196,5,2|3|6,Face2-3-6,,20,1,820236,p_m_f_face_0236_lod.bif,4,,,,,,
15197,5,2|3|7,Face2-3-7,,20,1,820237,p_m_f_face_0237_lod.bif,4,,,,,,
15200,5,2|4|0,Face2-4-0,,20,1,820240,p_m_f_face_0240_lod.nif,4,,,,,,
15201,5,2|4|1,Face2-4-1,,20,1,820241,p_m_f_face_0241_lod.bif,4,,,,,,
15202,5,2|4|2,Face2-4-2,,20,1,820242,p_m_f_face_0242_lod.bif,4,,,,,,
15203,5,2|4|3,Face2-4-3,,20,1,820243,p_m_f_face_0243_lod.bif,4,,,,,,
15204,5,2|4|4,Face2-4-4,,20,1,820244,p_m_f_face_0244_lod.bif,4,,,,,,
15205,5,2|4|5,Face2-4-5,,20,1,820245,p_m_f_face_0245_lod.bif,4,,,,,,
15206,5,2|4|6,Face2-4-6,,20,1,820246,p_m_f_face_0246_lod.bif,4,,,,,,
15207,5,2|4|7,Face2-4-7,,20,1,820247,p_m_f_face_0247_lod.bif,4,,,,,,
15210,5,2|5|0,Face2-5-0,,20,1,820250,p_m_f_face_0250_lod.nif,4,,,,,,
15211,5,2|5|1,Face2-5-1,,20,1,820251,p_m_f_face_0251_lod.bif,4,,,,,,
15212,5,2|5|2,Face2-5-2,,20,1,820252,p_m_f_face_0252_lod.bif,4,,,,,,
15213,5,2|5|3,Face2-5-3,,20,1,820253,p_m_f_face_0253_lod.bif,4,,,,,,
15214,5,2|5|4,Face2-5-4,,20,1,820254,p_m_f_face_0254_lod.bif,4,,,,,,
15215,5,2|5|5,Face2-5-5,,20,1,820255,p_m_f_face_0255_lod.bif,4,,,,,,
15216,5,2|5|6,Face2-5-6,,20,1,820256,p_m_f_face_0256_lod.bif,4,,,,,,
15217,5,2|5|7,Face2-5-7,,20,1,820257,p_m_f_face_0257_lod.bif,4,,,,,,
15220,5,2|6|0,Face2-6-0,,20,1,820260,p_m_f_face_0260_lod.nif,4,,,,,,
15221,5,2|6|1,Face2-6-1,,20,1,820261,p_m_f_face_0261_lod.bif,4,,,,,,
15222,5,2|6|2,Face2-6-2,,20,1,820262,p_m_f_face_0262_lod.bif,4,,,,,,
15223,5,2|6|3,Face2-6-3,,20,1,820263,p_m_f_face_0263_lod.bif,4,,,,,,
15224,5,2|6|4,Face2-6-4,,20,1,820264,p_m_f_face_0264_lod.bif,4,,,,,,
15225,5,2|6|5,Face2-6-5,,20,1,820265,p_m_f_face_0265_lod.bif,4,,,,,,
15226,5,2|6|6,Face2-6-6,,20,1,820266,p_m_f_face_0266_lod.bif,4,,,,,,
15227,5,2|6|7,Face2-6-7,,20,1,820267,p_m_f_face_0267_lod.bif,4,,,,,,
15230,5,2|7|0,Face2-7-0,,20,1,820270,p_m_f_face_0270_lod.nif,4,,,,,,
15231,5,2|7|1,Face2-7-1,,20,1,820271,p_m_f_face_0271_lod.bif,4,,,,,,
15232,5,2|7|2,Face2-7-2,,20,1,820272,p_m_f_face_0272_lod.bif,4,,,,,,
15233,5,2|7|3,Face2-7-3,,20,1,820273,p_m_f_face_0273_lod.bif,4,,,,,,
15234,5,2|7|4,Face2-7-4,,20,1,820274,p_m_f_face_0274_lod.bif,4,,,,,,
15235,5,2|7|5,Face2-7-5,,20,1,820275,p_m_f_face_0275_lod.bif,4,,,,,,
15236,5,2|7|6,Face2-7-6,,20,1,820276,p_m_f_face_0276_lod.bif,4,,,,,,
15237,5,2|7|7,Face2-7-7,,20,1,820277,p_m_f_face_0277_lod.bif,4,,,,,,
10303,5,3,Face3,,20,1,820300,p_m_f_face_0300_lod.nif,4,,,,,,
12280,5,3|0,Face3-0,,20,1,820300,p_m_f_face_0300_lod.nif,4,,,,,,
12281,5,3|1,Face3-1,,20,1,820310,p_m_f_face_0310_lod.nif,4,,,,,,
12282,5,3|2,Face3-2,,20,1,820320,p_m_f_face_0320_lod.nif,4,,,,,,
12283,5,3|3,Face3-3,,20,1,820330,p_m_f_face_0330_lod.nif,4,,,,,,
12284,5,3|4,Face3-4,,20,1,820340,p_m_f_face_0340_lod.nif,4,,,,,,
12285,5,3|5,Face3-5,,20,1,820350,p_m_f_face_0350_lod.nif,4,,,,,,
12286,5,3|6,Face3-6,,20,1,820360,p_m_f_face_0360_lod.nif,4,,,,,,
12287,5,3|7,Face3-7,,20,1,820370,p_m_f_face_0370_lod.nif,4,,,,,,
15240,5,3|0|0,Face3-0-0,,20,1,820300,p_m_f_face_0300_lod.nif,4,,,,,,
15241,5,3|0|1,Face3-0-1,,20,1,820301,p_m_f_face_0301_lod.bif,4,,,,,,
15242,5,3|0|2,Face3-0-2,,20,1,820302,p_m_f_face_0302_lod.bif,4,,,,,,
15243,5,3|0|3,Face3-0-3,,20,1,820303,p_m_f_face_0303_lod.bif,4,,,,,,
15244,5,3|0|4,Face3-0-4,,20,1,820304,p_m_f_face_0304_lod.bif,4,,,,,,
15245,5,3|0|5,Face3-0-5,,20,1,820305,p_m_f_face_0305_lod.bif,4,,,,,,
15246,5,3|0|6,Face3-0-6,,20,1,820306,p_m_f_face_0306_lod.bif,4,,,,,,
15247,5,3|0|7,Face3-0-7,,20,1,820307,p_m_f_face_0307_lod.bif,4,,,,,,
15250,5,3|1|0,Face3-1-0,,20,1,820310,p_m_f_face_0310_lod.nif,4,,,,,,
15251,5,3|1|1,Face3-1-1,,20,1,820311,p_m_f_face_0311_lod.bif,4,,,,,,
15252,5,3|1|2,Face3-1-2,,20,1,820312,p_m_f_face_0312_lod.bif,4,,,,,,
15253,5,3|1|3,Face3-1-3,,20,1,820313,p_m_f_face_0313_lod.bif,4,,,,,,
15254,5,3|1|4,Face3-1-4,,20,1,820314,p_m_f_face_0314_lod.bif,4,,,,,,
15255,5,3|1|5,Face3-1-5,,20,1,820315,p_m_f_face_0315_lod.bif,4,,,,,,
15256,5,3|1|6,Face3-1-6,,20,1,820316,p_m_f_face_0316_lod.bif,4,,,,,,
15257,5,3|1|7,Face3-1-7,,20,1,820317,p_m_f_face_0317_lod.bif,4,,,,,,
15260,5,3|2|0,Face3-2-0,,20,1,820320,p_m_f_face_0320_lod.nif,4,,,,,,
15261,5,3|2|1,Face3-2-1,,20,1,820321,p_m_f_face_0321_lod.bif,4,,,,,,
15262,5,3|2|2,Face3-2-2,,20,1,820322,p_m_f_face_0322_lod.bif,4,,,,,,
15263,5,3|2|3,Face3-2-3,,20,1,820323,p_m_f_face_0323_lod.bif,4,,,,,,
15264,5,3|2|4,Face3-2-4,,20,1,820324,p_m_f_face_0324_lod.bif,4,,,,,,
15265,5,3|2|5,Face3-2-5,,20,1,820325,p_m_f_face_0325_lod.bif,4,,,,,,
15266,5,3|2|6,Face3-2-6,,20,1,820326,p_m_f_face_0326_lod.bif,4,,,,,,
15267,5,3|2|7,Face3-2-7,,20,1,820327,p_m_f_face_0327_lod.bif,4,,,,,,
15270,5,3|3|0,Face3-3-0,,20,1,820330,p_m_f_face_0330_lod.nif,4,,,,,,
15271,5,3|3|1,Face3-3-1,,20,1,820331,p_m_f_face_0331_lod.bif,4,,,,,,
15272,5,3|3|2,Face3-3-2,,20,1,820332,p_m_f_face_0332_lod.bif,4,,,,,,
15273,5,3|3|3,Face3-3-3,,20,1,820333,p_m_f_face_0333_lod.bif,4,,,,,,
15274,5,3|3|4,Face3-3-4,,20,1,820334,p_m_f_face_0334_lod.bif,4,,,,,,
15275,5,3|3|5,Face3-3-5,,20,1,820335,p_m_f_face_0335_lod.bif,4,,,,,,
15276,5,3|3|6,Face3-3-6,,20,1,820336,p_m_f_face_0336_lod.bif,4,,,,,,
15277,5,3|3|7,Face3-3-7,,20,1,820337,p_m_f_face_0337_lod.bif,4,,,,,,
15280,5,3|4|0,Face3-4-0,,20,1,820340,p_m_f_face_0340_lod.nif,4,,,,,,
15281,5,3|4|1,Face3-4-1,,20,1,820341,p_m_f_face_0341_lod.bif,4,,,,,,
15282,5,3|4|2,Face3-4-2,,20,1,820342,p_m_f_face_0342_lod.bif,4,,,,,,
15283,5,3|4|3,Face3-4-3,,20,1,820343,p_m_f_face_0343_lod.bif,4,,,,,,
15284,5,3|4|4,Face3-4-4,,20,1,820344,p_m_f_face_0344_lod.bif,4,,,,,,
15285,5,3|4|5,Face3-4-5,,20,1,820345,p_m_f_face_0345_lod.bif,4,,,,,,
15286,5,3|4|6,Face3-4-6,,20,1,820346,p_m_f_face_0346_lod.bif,4,,,,,,
15287,5,3|4|7,Face3-4-7,,20,1,820347,p_m_f_face_0347_lod.bif,4,,,,,,
15290,5,3|5|0,Face3-5-0,,20,1,820350,p_m_f_face_0350_lod.nif,4,,,,,,
15291,5,3|5|1,Face3-5-1,,20,1,820351,p_m_f_face_0351_lod.bif,4,,,,,,
15292,5,3|5|2,Face3-5-2,,20,1,820352,p_m_f_face_0352_lod.bif,4,,,,,,
15293,5,3|5|3,Face3-5-3,,20,1,820353,p_m_f_face_0353_lod.bif,4,,,,,,
15294,5,3|5|4,Face3-5-4,,20,1,820354,p_m_f_face_0354_lod.bif,4,,,,,,
15295,5,3|5|5,Face3-5-5,,20,1,820355,p_m_f_face_0355_lod.bif,4,,,,,,
15296,5,3|5|6,Face3-5-6,,20,1,820356,p_m_f_face_0356_lod.bif,4,,,,,,
15297,5,3|5|7,Face3-5-7,,20,1,820357,p_m_f_face_0357_lod.bif,4,,,,,,
15300,5,3|6|0,Face3-6-0,,20,1,820360,p_m_f_face_0360_lod.nif,4,,,,,,
15301,5,3|6|1,Face3-6-1,,20,1,820361,p_m_f_face_0361_lod.bif,4,,,,,,
15302,5,3|6|2,Face3-6-2,,20,1,820362,p_m_f_face_0362_lod.bif,4,,,,,,
15303,5,3|6|3,Face3-6-3,,20,1,820363,p_m_f_face_0363_lod.bif,4,,,,,,
15304,5,3|6|4,Face3-6-4,,20,1,820364,p_m_f_face_0364_lod.bif,4,,,,,,
15305,5,3|6|5,Face3-6-5,,20,1,820365,p_m_f_face_0365_lod.bif,4,,,,,,
15306,5,3|6|6,Face3-6-6,,20,1,820366,p_m_f_face_0366_lod.bif,4,,,,,,
15307,5,3|6|7,Face3-6-7,,20,1,820367,p_m_f_face_0367_lod.bif,4,,,,,,
15310,5,3|7|0,Face3-7-0,,20,1,820370,p_m_f_face_0370_lod.nif,4,,,,,,
15311,5,3|7|1,Face3-7-1,,20,1,820371,p_m_f_face_0371_lod.bif,4,,,,,,
15312,5,3|7|2,Face3-7-2,,20,1,820372,p_m_f_face_0372_lod.bif,4,,,,,,
15313,5,3|7|3,Face3-7-3,,20,1,820373,p_m_f_face_0373_lod.bif,4,,,,,,
15314,5,3|7|4,Face3-7-4,,20,1,820374,p_m_f_face_0374_lod.bif,4,,,,,,
15315,5,3|7|5,Face3-7-5,,20,1,820375,p_m_f_face_0375_lod.bif,4,,,,,,
15316,5,3|7|6,Face3-7-6,,20,1,820376,p_m_f_face_0376_lod.bif,4,,,,,,
15317,5,3|7|7,Face3-7-7,,20,1,820377,p_m_f_face_0377_lod.bif,4,,,,,,
10304,5,4,Face4,,20,1,820400,p_m_f_face_0400_lod.nif,4,,,,,,
12290,5,4|0,Face4-0,,20,1,820400,p_m_f_face_0400_lod.nif,4,,,,,,
12291,5,4|1,Face4-1,,20,1,820410,p_m_f_face_0410_lod.nif,4,,,,,,
12292,5,4|2,Face4-2,,20,1,820420,p_m_f_face_0420_lod.nif,4,,,,,,
12293,5,4|3,Face4-3,,20,1,820430,p_m_f_face_0430_lod.nif,4,,,,,,
12294,5,4|4,Face4-4,,20,1,820440,p_m_f_face_0440_lod.nif,4,,,,,,
12295,5,4|5,Face4-5,,20,1,820450,p_m_f_face_0450_lod.nif,4,,,,,,
12296,5,4|6,Face4-6,,20,1,820460,p_m_f_face_0460_lod.nif,4,,,,,,
12297,5,4|7,Face4-7,,20,1,820470,p_m_f_face_0470_lod.nif,4,,,,,,
15320,5,4|0|0,Face4-0-0,,20,1,820400,p_m_f_face_0400_lod.nif,4,,,,,,
15321,5,4|0|1,Face4-0-1,,20,1,820401,p_m_f_face_0401_lod.bif,4,,,,,,
15322,5,4|0|2,Face4-0-2,,20,1,820402,p_m_f_face_0402_lod.bif,4,,,,,,
15323,5,4|0|3,Face4-0-3,,20,1,820403,p_m_f_face_0403_lod.bif,4,,,,,,
15324,5,4|0|4,Face4-0-4,,20,1,820404,p_m_f_face_0404_lod.bif,4,,,,,,
15325,5,4|0|5,Face4-0-5,,20,1,820405,p_m_f_face_0405_lod.bif,4,,,,,,
15326,5,4|0|6,Face4-0-6,,20,1,820406,p_m_f_face_0406_lod.bif,4,,,,,,
15327,5,4|0|7,Face4-0-7,,20,1,820407,p_m_f_face_0407_lod.bif,4,,,,,,
15330,5,4|1|0,Face4-1-0,,20,1,820410,p_m_f_face_0410_lod.nif,4,,,,,,
15331,5,4|1|1,Face4-1-1,,20,1,820411,p_m_f_face_0411_lod.bif,4,,,,,,
15332,5,4|1|2,Face4-1-2,,20,1,820412,p_m_f_face_0412_lod.bif,4,,,,,,
15333,5,4|1|3,Face4-1-3,,20,1,820413,p_m_f_face_0413_lod.bif,4,,,,,,
15334,5,4|1|4,Face4-1-4,,20,1,820414,p_m_f_face_0414_lod.bif,4,,,,,,
15335,5,4|1|5,Face4-1-5,,20,1,820415,p_m_f_face_0415_lod.bif,4,,,,,,
15336,5,4|1|6,Face4-1-6,,20,1,820416,p_m_f_face_0416_lod.bif,4,,,,,,
15337,5,4|1|7,Face4-1-7,,20,1,820417,p_m_f_face_0417_lod.bif,4,,,,,,
15340,5,4|2|0,Face4-2-0,,20,1,820420,p_m_f_face_0420_lod.nif,4,,,,,,
15341,5,4|2|1,Face4-2-1,,20,1,820421,p_m_f_face_0421_lod.bif,4,,,,,,
15342,5,4|2|2,Face4-2-2,,20,1,820422,p_m_f_face_0422_lod.bif,4,,,,,,
15343,5,4|2|3,Face4-2-3,,20,1,820423,p_m_f_face_0423_lod.bif,4,,,,,,
15344,5,4|2|4,Face4-2-4,,20,1,820424,p_m_f_face_0424_lod.bif,4,,,,,,
15345,5,4|2|5,Face4-2-5,,20,1,820425,p_m_f_face_0425_lod.bif,4,,,,,,
15346,5,4|2|6,Face4-2-6,,20,1,820426,p_m_f_face_0426_lod.bif,4,,,,,,
15347,5,4|2|7,Face4-2-7,,20,1,820427,p_m_f_face_0427_lod.bif,4,,,,,,
15350,5,4|3|0,Face4-3-0,,20,1,820430,p_m_f_face_0430_lod.nif,4,,,,,,
15351,5,4|3|1,Face4-3-1,,20,1,820431,p_m_f_face_0431_lod.bif,4,,,,,,
15352,5,4|3|2,Face4-3-2,,20,1,820432,p_m_f_face_0432_lod.bif,4,,,,,,
15353,5,4|3|3,Face4-3-3,,20,1,820433,p_m_f_face_0433_lod.bif,4,,,,,,
15354,5,4|3|4,Face4-3-4,,20,1,820434,p_m_f_face_0434_lod.bif,4,,,,,,
15355,5,4|3|5,Face4-3-5,,20,1,820435,p_m_f_face_0435_lod.bif,4,,,,,,
15356,5,4|3|6,Face4-3-6,,20,1,820436,p_m_f_face_0436_lod.bif,4,,,,,,
15357,5,4|3|7,Face4-3-7,,20,1,820437,p_m_f_face_0437_lod.bif,4,,,,,,
15360,5,4|4|0,Face4-4-0,,20,1,820440,p_m_f_face_0440_lod.nif,4,,,,,,
15361,5,4|4|1,Face4-4-1,,20,1,820441,p_m_f_face_0441_lod.bif,4,,,,,,
15362,5,4|4|2,Face4-4-2,,20,1,820442,p_m_f_face_0442_lod.bif,4,,,,,,
15363,5,4|4|3,Face4-4-3,,20,1,820443,p_m_f_face_0443_lod.bif,4,,,,,,
15364,5,4|4|4,Face4-4-4,,20,1,820444,p_m_f_face_0444_lod.bif,4,,,,,,
15365,5,4|4|5,Face4-4-5,,20,1,820445,p_m_f_face_0445_lod.bif,4,,,,,,
15366,5,4|4|6,Face4-4-6,,20,1,820446,p_m_f_face_0446_lod.bif,4,,,,,,
15367,5,4|4|7,Face4-4-7,,20,1,820447,p_m_f_face_0447_lod.bif,4,,,,,,
15370,5,4|5|0,Face4-5-0,,20,1,820450,p_m_f_face_0450_lod.nif,4,,,,,,
15371,5,4|5|1,Face4-5-1,,20,1,820451,p_m_f_face_0451_lod.bif,4,,,,,,
15372,5,4|5|2,Face4-5-2,,20,1,820452,p_m_f_face_0452_lod.bif,4,,,,,,
15373,5,4|5|3,Face4-5-3,,20,1,820453,p_m_f_face_0453_lod.bif,4,,,,,,
15374,5,4|5|4,Face4-5-4,,20,1,820454,p_m_f_face_0454_lod.bif,4,,,,,,
15375,5,4|5|5,Face4-5-5,,20,1,820455,p_m_f_face_0455_lod.bif,4,,,,,,
15376,5,4|5|6,Face4-5-6,,20,1,820456,p_m_f_face_0456_lod.bif,4,,,,,,
15377,5,4|5|7,Face4-5-7,,20,1,820457,p_m_f_face_0457_lod.bif,4,,,,,,
15380,5,4|6|0,Face4-6-0,,20,1,820460,p_m_f_face_0460_lod.nif,4,,,,,,
15381,5,4|6|1,Face4-6-1,,20,1,820461,p_m_f_face_0461_lod.bif,4,,,,,,
15382,5,4|6|2,Face4-6-2,,20,1,820462,p_m_f_face_0462_lod.bif,4,,,,,,
15383,5,4|6|3,Face4-6-3,,20,1,820463,p_m_f_face_0463_lod.bif,4,,,,,,
15384,5,4|6|4,Face4-6-4,,20,1,820464,p_m_f_face_0464_lod.bif,4,,,,,,
15385,5,4|6|5,Face4-6-5,,20,1,820465,p_m_f_face_0465_lod.bif,4,,,,,,
15386,5,4|6|6,Face4-6-6,,20,1,820466,p_m_f_face_0466_lod.bif,4,,,,,,
15387,5,4|6|7,Face4-6-7,,20,1,820467,p_m_f_face_0467_lod.bif,4,,,,,,
15390,5,4|7|0,Face4-7-0,,20,1,820470,p_m_f_face_0470_lod.nif,4,,,,,,
15391,5,4|7|1,Face4-7-1,,20,1,820471,p_m_f_face_0471_lod.bif,4,,,,,,
15392,5,4|7|2,Face4-7-2,,20,1,820472,p_m_f_face_0472_lod.bif,4,,,,,,
15393,5,4|7|3,Face4-7-3,,20,1,820473,p_m_f_face_0473_lod.bif,4,,,,,,
15394,5,4|7|4,Face4-7-4,,20,1,820474,p_m_f_face_0474_lod.bif,4,,,,,,
15395,5,4|7|5,Face4-7-5,,20,1,820475,p_m_f_face_0475_lod.bif,4,,,,,,
15396,5,4|7|6,Face4-7-6,,20,1,820476,p_m_f_face_0476_lod.bif,4,,,,,,
15397,5,4|7|7,Face4-7-7,,20,1,820477,p_m_f_face_0477_lod.bif,4,,,,,,
10400,5,0,Face0,,20,1,720000,p_d_m_face_0000_lod.nif,5,,,,,,
12300,5,0|0,Face0-0,,20,1,720000,p_d_m_face_0000_lod.nif,5,,,,,,
12301,5,0|1,Face0-1,,20,1,720010,p_d_m_face_0010_lod.nif,5,,,,,,
12302,5,0|2,Face0-2,,20,1,720020,p_d_m_face_0020_lod.nif,5,,,,,,
12303,5,0|3,Face0-3,,20,1,720030,p_d_m_face_0030_lod.nif,5,,,,,,
12304,5,0|4,Face0-4,,20,1,720040,p_d_m_face_0040_lod.nif,5,,,,,,
12305,5,0|5,Face0-5,,20,1,720050,p_d_m_face_0050_lod.nif,5,,,,,,
12306,5,0|6,Face0-6,,20,1,720060,p_d_m_face_0060_lod.nif,5,,,,,,
12307,5,0|7,Face0-7,,20,1,720070,p_d_m_face_0070_lod.nif,5,,,,,,
15400,5,0|0|0,Face0-0-0,,20,1,720000,p_d_m_face_0000_lod.nif,5,,,,,,
15401,5,0|0|1,Face0-0-1,,20,1,720001,p_d_m_face_0001_lod.bif,5,,,,,,
15402,5,0|0|2,Face0-0-2,,20,1,720002,p_d_m_face_0002_lod.bif,5,,,,,,
15403,5,0|0|3,Face0-0-3,,20,1,720003,p_d_m_face_0003_lod.bif,5,,,,,,
15404,5,0|0|4,Face0-0-4,,20,1,720004,p_d_m_face_0004_lod.bif,5,,,,,,
15405,5,0|0|5,Face0-0-5,,20,1,720005,p_d_m_face_0005_lod.bif,5,,,,,,
15406,5,0|0|6,Face0-0-6,,20,1,720006,p_d_m_face_0006_lod.bif,5,,,,,,
15407,5,0|0|7,Face0-0-7,,20,1,720007,p_d_m_face_0007_lod.bif,5,,,,,,
15410,5,0|1|0,Face0-1-0,,20,1,720010,p_d_m_face_0010_lod.nif,5,,,,,,
15411,5,0|1|1,Face0-1-1,,20,1,720011,p_d_m_face_0011_lod.bif,5,,,,,,
15412,5,0|1|2,Face0-1-2,,20,1,720012,p_d_m_face_0012_lod.bif,5,,,,,,
15413,5,0|1|3,Face0-1-3,,20,1,720013,p_d_m_face_0013_lod.bif,5,,,,,,
15414,5,0|1|4,Face0-1-4,,20,1,720014,p_d_m_face_0014_lod.bif,5,,,,,,
15415,5,0|1|5,Face0-1-5,,20,1,720015,p_d_m_face_0015_lod.bif,5,,,,,,
15416,5,0|1|6,Face0-1-6,,20,1,720016,p_d_m_face_0016_lod.bif,5,,,,,,
15417,5,0|1|7,Face0-1-7,,20,1,720017,p_d_m_face_0017_lod.bif,5,,,,,,
15420,5,0|2|0,Face0-2-0,,20,1,720020,p_d_m_face_0020_lod.nif,5,,,,,,
15421,5,0|2|1,Face0-2-1,,20,1,720021,p_d_m_face_0021_lod.bif,5,,,,,,
15422,5,0|2|2,Face0-2-2,,20,1,720022,p_d_m_face_0022_lod.bif,5,,,,,,
15423,5,0|2|3,Face0-2-3,,20,1,720023,p_d_m_face_0023_lod.bif,5,,,,,,
15424,5,0|2|4,Face0-2-4,,20,1,720024,p_d_m_face_0024_lod.bif,5,,,,,,
15425,5,0|2|5,Face0-2-5,,20,1,720025,p_d_m_face_0025_lod.bif,5,,,,,,
15426,5,0|2|6,Face0-2-6,,20,1,720026,p_d_m_face_0026_lod.bif,5,,,,,,
15427,5,0|2|7,Face0-2-7,,20,1,720027,p_d_m_face_0027_lod.bif,5,,,,,,
15430,5,0|3|0,Face0-3-0,,20,1,720030,p_d_m_face_0030_lod.nif,5,,,,,,
15431,5,0|3|1,Face0-3-1,,20,1,720031,p_d_m_face_0031_lod.bif,5,,,,,,
15432,5,0|3|2,Face0-3-2,,20,1,720032,p_d_m_face_0032_lod.bif,5,,,,,,
15433,5,0|3|3,Face0-3-3,,20,1,720033,p_d_m_face_0033_lod.bif,5,,,,,,
15434,5,0|3|4,Face0-3-4,,20,1,720034,p_d_m_face_0034_lod.bif,5,,,,,,
15435,5,0|3|5,Face0-3-5,,20,1,720035,p_d_m_face_0035_lod.bif,5,,,,,,
15436,5,0|3|6,Face0-3-6,,20,1,720036,p_d_m_face_0036_lod.bif,5,,,,,,
15437,5,0|3|7,Face0-3-7,,20,1,720037,p_d_m_face_0037_lod.bif,5,,,,,,
15440,5,0|4|0,Face0-4-0,,20,1,720040,p_d_m_face_0040_lod.nif,5,,,,,,
15441,5,0|4|1,Face0-4-1,,20,1,720041,p_d_m_face_0041_lod.bif,5,,,,,,
15442,5,0|4|2,Face0-4-2,,20,1,720042,p_d_m_face_0042_lod.bif,5,,,,,,
15443,5,0|4|3,Face0-4-3,,20,1,720043,p_d_m_face_0043_lod.bif,5,,,,,,
15444,5,0|4|4,Face0-4-4,,20,1,720044,p_d_m_face_0044_lod.bif,5,,,,,,
15445,5,0|4|5,Face0-4-5,,20,1,720045,p_d_m_face_0045_lod.bif,5,,,,,,
15446,5,0|4|6,Face0-4-6,,20,1,720046,p_d_m_face_0046_lod.bif,5,,,,,,
15447,5,0|4|7,Face0-4-7,,20,1,720047,p_d_m_face_0047_lod.bif,5,,,,,,
15450,5,0|5|0,Face0-5-0,,20,1,720050,p_d_m_face_0050_lod.nif,5,,,,,,
15451,5,0|5|1,Face0-5-1,,20,1,720051,p_d_m_face_0051_lod.bif,5,,,,,,
15452,5,0|5|2,Face0-5-2,,20,1,720052,p_d_m_face_0052_lod.bif,5,,,,,,
15453,5,0|5|3,Face0-5-3,,20,1,720053,p_d_m_face_0053_lod.bif,5,,,,,,
15454,5,0|5|4,Face0-5-4,,20,1,720054,p_d_m_face_0054_lod.bif,5,,,,,,
15455,5,0|5|5,Face0-5-5,,20,1,720055,p_d_m_face_0055_lod.bif,5,,,,,,
15456,5,0|5|6,Face0-5-6,,20,1,720056,p_d_m_face_0056_lod.bif,5,,,,,,
15457,5,0|5|7,Face0-5-7,,20,1,720057,p_d_m_face_0057_lod.bif,5,,,,,,
15460,5,0|6|0,Face0-6-0,,20,1,720060,p_d_m_face_0060_lod.nif,5,,,,,,
15461,5,0|6|1,Face0-6-1,,20,1,720061,p_d_m_face_0061_lod.bif,5,,,,,,
15462,5,0|6|2,Face0-6-2,,20,1,720062,p_d_m_face_0062_lod.bif,5,,,,,,
15463,5,0|6|3,Face0-6-3,,20,1,720063,p_d_m_face_0063_lod.bif,5,,,,,,
15464,5,0|6|4,Face0-6-4,,20,1,720064,p_d_m_face_0064_lod.bif,5,,,,,,
15465,5,0|6|5,Face0-6-5,,20,1,720065,p_d_m_face_0065_lod.bif,5,,,,,,
15466,5,0|6|6,Face0-6-6,,20,1,720066,p_d_m_face_0066_lod.bif,5,,,,,,
15467,5,0|6|7,Face0-6-7,,20,1,720067,p_d_m_face_0067_lod.bif,5,,,,,,
15470,5,0|7|0,Face0-7-0,,20,1,720070,p_d_m_face_0070_lod.nif,5,,,,,,
15471,5,0|7|1,Face0-7-1,,20,1,720071,p_d_m_face_0071_lod.bif,5,,,,,,
15472,5,0|7|2,Face0-7-2,,20,1,720072,p_d_m_face_0072_lod.bif,5,,,,,,
15473,5,0|7|3,Face0-7-3,,20,1,720073,p_d_m_face_0073_lod.bif,5,,,,,,
15474,5,0|7|4,Face0-7-4,,20,1,720074,p_d_m_face_0074_lod.bif,5,,,,,,
15475,5,0|7|5,Face0-7-5,,20,1,720075,p_d_m_face_0075_lod.bif,5,,,,,,
15476,5,0|7|6,Face0-7-6,,20,1,720076,p_d_m_face_0076_lod.bif,5,,,,,,
15477,5,0|7|7,Face0-7-7,,20,1,720077,p_d_m_face_0077_lod.bif,5,,,,,,
10401,5,1,Face1,,20,1,720100,p_d_m_face_0100_lod.nif,5,,,,,,
12310,5,1|0,Face1-0,,20,1,720100,p_d_m_face_0100_lod.nif,5,,,,,,
12311,5,1|1,Face1-1,,20,1,720110,p_d_m_face_0110_lod.nif,5,,,,,,
12312,5,1|2,Face1-2,,20,1,720120,p_d_m_face_0120_lod.nif,5,,,,,,
12313,5,1|3,Face1-3,,20,1,720130,p_d_m_face_0130_lod.nif,5,,,,,,
12314,5,1|4,Face1-4,,20,1,720140,p_d_m_face_0140_lod.nif,5,,,,,,
12315,5,1|5,Face1-5,,20,1,720150,p_d_m_face_0150_lod.nif,5,,,,,,
12316,5,1|6,Face1-6,,20,1,720160,p_d_m_face_0160_lod.nif,5,,,,,,
12317,5,1|7,Face1-7,,20,1,720170,p_d_m_face_0170_lod.nif,5,,,,,,
15480,5,1|0|0,Face1-0-0,,20,1,720100,p_d_m_face_0100_lod.nif,5,,,,,,
15481,5,1|0|1,Face1-0-1,,20,1,720101,p_d_m_face_0101_lod.bif,5,,,,,,
15482,5,1|0|2,Face1-0-2,,20,1,720102,p_d_m_face_0102_lod.bif,5,,,,,,
15483,5,1|0|3,Face1-0-3,,20,1,720103,p_d_m_face_0103_lod.bif,5,,,,,,
15484,5,1|0|4,Face1-0-4,,20,1,720104,p_d_m_face_0104_lod.bif,5,,,,,,
15485,5,1|0|5,Face1-0-5,,20,1,720105,p_d_m_face_0105_lod.bif,5,,,,,,
15486,5,1|0|6,Face1-0-6,,20,1,720106,p_d_m_face_0106_lod.bif,5,,,,,,
15487,5,1|0|7,Face1-0-7,,20,1,720107,p_d_m_face_0107_lod.bif,5,,,,,,
15490,5,1|1|0,Face1-1-0,,20,1,720110,p_d_m_face_0110_lod.nif,5,,,,,,
15491,5,1|1|1,Face1-1-1,,20,1,720111,p_d_m_face_0111_lod.bif,5,,,,,,
15492,5,1|1|2,Face1-1-2,,20,1,720112,p_d_m_face_0112_lod.bif,5,,,,,,
15493,5,1|1|3,Face1-1-3,,20,1,720113,p_d_m_face_0113_lod.bif,5,,,,,,
15494,5,1|1|4,Face1-1-4,,20,1,720114,p_d_m_face_0114_lod.bif,5,,,,,,
15495,5,1|1|5,Face1-1-5,,20,1,720115,p_d_m_face_0115_lod.bif,5,,,,,,
15496,5,1|1|6,Face1-1-6,,20,1,720116,p_d_m_face_0116_lod.bif,5,,,,,,
15497,5,1|1|7,Face1-1-7,,20,1,720117,p_d_m_face_0117_lod.bif,5,,,,,,
15500,5,1|2|0,Face1-2-0,,20,1,720120,p_d_m_face_0120_lod.nif,5,,,,,,
15501,5,1|2|1,Face1-2-1,,20,1,720121,p_d_m_face_0121_lod.bif,5,,,,,,
15502,5,1|2|2,Face1-2-2,,20,1,720122,p_d_m_face_0122_lod.bif,5,,,,,,
15503,5,1|2|3,Face1-2-3,,20,1,720123,p_d_m_face_0123_lod.bif,5,,,,,,
15504,5,1|2|4,Face1-2-4,,20,1,720124,p_d_m_face_0124_lod.bif,5,,,,,,
15505,5,1|2|5,Face1-2-5,,20,1,720125,p_d_m_face_0125_lod.bif,5,,,,,,
15506,5,1|2|6,Face1-2-6,,20,1,720126,p_d_m_face_0126_lod.bif,5,,,,,,
15507,5,1|2|7,Face1-2-7,,20,1,720127,p_d_m_face_0127_lod.bif,5,,,,,,
15510,5,1|3|0,Face1-3-0,,20,1,720130,p_d_m_face_0130_lod.nif,5,,,,,,
15511,5,1|3|1,Face1-3-1,,20,1,720131,p_d_m_face_0131_lod.bif,5,,,,,,
15512,5,1|3|2,Face1-3-2,,20,1,720132,p_d_m_face_0132_lod.bif,5,,,,,,
15513,5,1|3|3,Face1-3-3,,20,1,720133,p_d_m_face_0133_lod.bif,5,,,,,,
15514,5,1|3|4,Face1-3-4,,20,1,720134,p_d_m_face_0134_lod.bif,5,,,,,,
15515,5,1|3|5,Face1-3-5,,20,1,720135,p_d_m_face_0135_lod.bif,5,,,,,,
15516,5,1|3|6,Face1-3-6,,20,1,720136,p_d_m_face_0136_lod.bif,5,,,,,,
15517,5,1|3|7,Face1-3-7,,20,1,720137,p_d_m_face_0137_lod.bif,5,,,,,,
15520,5,1|4|0,Face1-4-0,,20,1,720140,p_d_m_face_0140_lod.nif,5,,,,,,
15521,5,1|4|1,Face1-4-1,,20,1,720141,p_d_m_face_0141_lod.bif,5,,,,,,
15522,5,1|4|2,Face1-4-2,,20,1,720142,p_d_m_face_0142_lod.bif,5,,,,,,
15523,5,1|4|3,Face1-4-3,,20,1,720143,p_d_m_face_0143_lod.bif,5,,,,,,
15524,5,1|4|4,Face1-4-4,,20,1,720144,p_d_m_face_0144_lod.bif,5,,,,,,
15525,5,1|4|5,Face1-4-5,,20,1,720145,p_d_m_face_0145_lod.bif,5,,,,,,
15526,5,1|4|6,Face1-4-6,,20,1,720146,p_d_m_face_0146_lod.bif,5,,,,,,
15527,5,1|4|7,Face1-4-7,,20,1,720147,p_d_m_face_0147_lod.bif,5,,,,,,
15530,5,1|5|0,Face1-5-0,,20,1,720150,p_d_m_face_0150_lod.nif,5,,,,,,
15531,5,1|5|1,Face1-5-1,,20,1,720151,p_d_m_face_0151_lod.bif,5,,,,,,
15532,5,1|5|2,Face1-5-2,,20,1,720152,p_d_m_face_0152_lod.bif,5,,,,,,
15533,5,1|5|3,Face1-5-3,,20,1,720153,p_d_m_face_0153_lod.bif,5,,,,,,
15534,5,1|5|4,Face1-5-4,,20,1,720154,p_d_m_face_0154_lod.bif,5,,,,,,
15535,5,1|5|5,Face1-5-5,,20,1,720155,p_d_m_face_0155_lod.bif,5,,,,,,
15536,5,1|5|6,Face1-5-6,,20,1,720156,p_d_m_face_0156_lod.bif,5,,,,,,
15537,5,1|5|7,Face1-5-7,,20,1,720157,p_d_m_face_0157_lod.bif,5,,,,,,
15540,5,1|6|0,Face1-6-0,,20,1,720160,p_d_m_face_0160_lod.nif,5,,,,,,
15541,5,1|6|1,Face1-6-1,,20,1,720161,p_d_m_face_0161_lod.bif,5,,,,,,
15542,5,1|6|2,Face1-6-2,,20,1,720162,p_d_m_face_0162_lod.bif,5,,,,,,
15543,5,1|6|3,Face1-6-3,,20,1,720163,p_d_m_face_0163_lod.bif,5,,,,,,
15544,5,1|6|4,Face1-6-4,,20,1,720164,p_d_m_face_0164_lod.bif,5,,,,,,
15545,5,1|6|5,Face1-6-5,,20,1,720165,p_d_m_face_0165_lod.bif,5,,,,,,
15546,5,1|6|6,Face1-6-6,,20,1,720166,p_d_m_face_0166_lod.bif,5,,,,,,
15547,5,1|6|7,Face1-6-7,,20,1,720167,p_d_m_face_0167_lod.bif,5,,,,,,
15550,5,1|7|0,Face1-7-0,,20,1,720170,p_d_m_face_0170_lod.nif,5,,,,,,
15551,5,1|7|1,Face1-7-1,,20,1,720171,p_d_m_face_0171_lod.bif,5,,,,,,
15552,5,1|7|2,Face1-7-2,,20,1,720172,p_d_m_face_0172_lod.bif,5,,,,,,
15553,5,1|7|3,Face1-7-3,,20,1,720173,p_d_m_face_0173_lod.bif,5,,,,,,
15554,5,1|7|4,Face1-7-4,,20,1,720174,p_d_m_face_0174_lod.bif,5,,,,,,
15555,5,1|7|5,Face1-7-5,,20,1,720175,p_d_m_face_0175_lod.bif,5,,,,,,
15556,5,1|7|6,Face1-7-6,,20,1,720176,p_d_m_face_0176_lod.bif,5,,,,,,
15557,5,1|7|7,Face1-7-7,,20,1,720177,p_d_m_face_0177_lod.bif,5,,,,,,
10402,5,2,Face2,,20,1,720200,p_d_m_face_0200_lod.nif,5,,,,,,
12320,5,2|0,Face2-0,,20,1,720200,p_d_m_face_0200_lod.nif,5,,,,,,
12321,5,2|1,Face2-1,,20,1,720210,p_d_m_face_0210_lod.nif,5,,,,,,
12322,5,2|2,Face2-2,,20,1,720220,p_d_m_face_0220_lod.nif,5,,,,,,
12323,5,2|3,Face2-3,,20,1,720230,p_d_m_face_0230_lod.nif,5,,,,,,
12324,5,2|4,Face2-4,,20,1,720240,p_d_m_face_0240_lod.nif,5,,,,,,
12325,5,2|5,Face2-5,,20,1,720250,p_d_m_face_0250_lod.nif,5,,,,,,
12326,5,2|6,Face2-6,,20,1,720260,p_d_m_face_0260_lod.nif,5,,,,,,
12327,5,2|7,Face2-7,,20,1,720270,p_d_m_face_0270_lod.nif,5,,,,,,
15560,5,2|0|0,Face2-0-0,,20,1,720200,p_d_m_face_0200_lod.nif,5,,,,,,
15561,5,2|0|1,Face2-0-1,,20,1,720201,p_d_m_face_0201_lod.bif,5,,,,,,
15562,5,2|0|2,Face2-0-2,,20,1,720202,p_d_m_face_0202_lod.bif,5,,,,,,
15563,5,2|0|3,Face2-0-3,,20,1,720203,p_d_m_face_0203_lod.bif,5,,,,,,
15564,5,2|0|4,Face2-0-4,,20,1,720204,p_d_m_face_0204_lod.bif,5,,,,,,
15565,5,2|0|5,Face2-0-5,,20,1,720205,p_d_m_face_0205_lod.bif,5,,,,,,
15566,5,2|0|6,Face2-0-6,,20,1,720206,p_d_m_face_0206_lod.bif,5,,,,,,
15567,5,2|0|7,Face2-0-7,,20,1,720207,p_d_m_face_0207_lod.bif,5,,,,,,
15570,5,2|1|0,Face2-1-0,,20,1,720210,p_d_m_face_0210_lod.nif,5,,,,,,
15571,5,2|1|1,Face2-1-1,,20,1,720211,p_d_m_face_0211_lod.bif,5,,,,,,
15572,5,2|1|2,Face2-1-2,,20,1,720212,p_d_m_face_0212_lod.bif,5,,,,,,
15573,5,2|1|3,Face2-1-3,,20,1,720213,p_d_m_face_0213_lod.bif,5,,,,,,
15574,5,2|1|4,Face2-1-4,,20,1,720214,p_d_m_face_0214_lod.bif,5,,,,,,
15575,5,2|1|5,Face2-1-5,,20,1,720215,p_d_m_face_0215_lod.bif,5,,,,,,
15576,5,2|1|6,Face2-1-6,,20,1,720216,p_d_m_face_0216_lod.bif,5,,,,,,
15577,5,2|1|7,Face2-1-7,,20,1,720217,p_d_m_face_0217_lod.bif,5,,,,,,
15580,5,2|2|0,Face2-2-0,,20,1,720220,p_d_m_face_0220_lod.nif,5,,,,,,
15581,5,2|2|1,Face2-2-1,,20,1,720221,p_d_m_face_0221_lod.bif,5,,,,,,
15582,5,2|2|2,Face2-2-2,,20,1,720222,p_d_m_face_0222_lod.bif,5,,,,,,
15583,5,2|2|3,Face2-2-3,,20,1,720223,p_d_m_face_0223_lod.bif,5,,,,,,
15584,5,2|2|4,Face2-2-4,,20,1,720224,p_d_m_face_0224_lod.bif,5,,,,,,
15585,5,2|2|5,Face2-2-5,,20,1,720225,p_d_m_face_0225_lod.bif,5,,,,,,
15586,5,2|2|6,Face2-2-6,,20,1,720226,p_d_m_face_0226_lod.bif,5,,,,,,
15587,5,2|2|7,Face2-2-7,,20,1,720227,p_d_m_face_0227_lod.bif,5,,,,,,
15590,5,2|3|0,Face2-3-0,,20,1,720230,p_d_m_face_0230_lod.nif,5,,,,,,
15591,5,2|3|1,Face2-3-1,,20,1,720231,p_d_m_face_0231_lod.bif,5,,,,,,
15592,5,2|3|2,Face2-3-2,,20,1,720232,p_d_m_face_0232_lod.bif,5,,,,,,
15593,5,2|3|3,Face2-3-3,,20,1,720233,p_d_m_face_0233_lod.bif,5,,,,,,
15594,5,2|3|4,Face2-3-4,,20,1,720234,p_d_m_face_0234_lod.bif,5,,,,,,
15595,5,2|3|5,Face2-3-5,,20,1,720235,p_d_m_face_0235_lod.bif,5,,,,,,
15596,5,2|3|6,Face2-3-6,,20,1,720236,p_d_m_face_0236_lod.bif,5,,,,,,
15597,5,2|3|7,Face2-3-7,,20,1,720237,p_d_m_face_0237_lod.bif,5,,,,,,
15600,5,2|4|0,Face2-4-0,,20,1,720240,p_d_m_face_0240_lod.nif,5,,,,,,
15601,5,2|4|1,Face2-4-1,,20,1,720241,p_d_m_face_0241_lod.bif,5,,,,,,
15602,5,2|4|2,Face2-4-2,,20,1,720242,p_d_m_face_0242_lod.bif,5,,,,,,
15603,5,2|4|3,Face2-4-3,,20,1,720243,p_d_m_face_0243_lod.bif,5,,,,,,
15604,5,2|4|4,Face2-4-4,,20,1,720244,p_d_m_face_0244_lod.bif,5,,,,,,
15605,5,2|4|5,Face2-4-5,,20,1,720245,p_d_m_face_0245_lod.bif,5,,,,,,
15606,5,2|4|6,Face2-4-6,,20,1,720246,p_d_m_face_0246_lod.bif,5,,,,,,
15607,5,2|4|7,Face2-4-7,,20,1,720247,p_d_m_face_0247_lod.bif,5,,,,,,
15610,5,2|5|0,Face2-5-0,,20,1,720250,p_d_m_face_0250_lod.nif,5,,,,,,
15611,5,2|5|1,Face2-5-1,,20,1,720251,p_d_m_face_0251_lod.bif,5,,,,,,
15612,5,2|5|2,Face2-5-2,,20,1,720252,p_d_m_face_0252_lod.bif,5,,,,,,
15613,5,2|5|3,Face2-5-3,,20,1,720253,p_d_m_face_0253_lod.bif,5,,,,,,
15614,5,2|5|4,Face2-5-4,,20,1,720254,p_d_m_face_0254_lod.bif,5,,,,,,
15615,5,2|5|5,Face2-5-5,,20,1,720255,p_d_m_face_0255_lod.bif,5,,,,,,
15616,5,2|5|6,Face2-5-6,,20,1,720256,p_d_m_face_0256_lod.bif,5,,,,,,
15617,5,2|5|7,Face2-5-7,,20,1,720257,p_d_m_face_0257_lod.bif,5,,,,,,
15620,5,2|6|0,Face2-6-0,,20,1,720260,p_d_m_face_0260_lod.nif,5,,,,,,
15621,5,2|6|1,Face2-6-1,,20,1,720261,p_d_m_face_0261_lod.bif,5,,,,,,
15622,5,2|6|2,Face2-6-2,,20,1,720262,p_d_m_face_0262_lod.bif,5,,,,,,
15623,5,2|6|3,Face2-6-3,,20,1,720263,p_d_m_face_0263_lod.bif,5,,,,,,
15624,5,2|6|4,Face2-6-4,,20,1,720264,p_d_m_face_0264_lod.bif,5,,,,,,
15625,5,2|6|5,Face2-6-5,,20,1,720265,p_d_m_face_0265_lod.bif,5,,,,,,
15626,5,2|6|6,Face2-6-6,,20,1,720266,p_d_m_face_0266_lod.bif,5,,,,,,
15627,5,2|6|7,Face2-6-7,,20,1,720267,p_d_m_face_0267_lod.bif,5,,,,,,
15630,5,2|7|0,Face2-7-0,,20,1,720270,p_d_m_face_0270_lod.nif,5,,,,,,
15631,5,2|7|1,Face2-7-1,,20,1,720271,p_d_m_face_0271_lod.bif,5,,,,,,
15632,5,2|7|2,Face2-7-2,,20,1,720272,p_d_m_face_0272_lod.bif,5,,,,,,
15633,5,2|7|3,Face2-7-3,,20,1,720273,p_d_m_face_0273_lod.bif,5,,,,,,
15634,5,2|7|4,Face2-7-4,,20,1,720274,p_d_m_face_0274_lod.bif,5,,,,,,
15635,5,2|7|5,Face2-7-5,,20,1,720275,p_d_m_face_0275_lod.bif,5,,,,,,
15636,5,2|7|6,Face2-7-6,,20,1,720276,p_d_m_face_0276_lod.bif,5,,,,,,
15637,5,2|7|7,Face2-7-7,,20,1,720277,p_d_m_face_0277_lod.bif,5,,,,,,
10403,5,3,Face3,,20,1,720300,p_d_m_face_0300_lod.nif,5,,,,,,
12330,5,3|0,Face3-0,,20,1,720300,p_d_m_face_0300_lod.nif,5,,,,,,
12331,5,3|1,Face3-1,,20,1,720310,p_d_m_face_0310_lod.nif,5,,,,,,
12332,5,3|2,Face3-2,,20,1,720320,p_d_m_face_0320_lod.nif,5,,,,,,
12333,5,3|3,Face3-3,,20,1,720330,p_d_m_face_0330_lod.nif,5,,,,,,
12334,5,3|4,Face3-4,,20,1,720340,p_d_m_face_0340_lod.nif,5,,,,,,
12335,5,3|5,Face3-5,,20,1,720350,p_d_m_face_0350_lod.nif,5,,,,,,
12336,5,3|6,Face3-6,,20,1,720360,p_d_m_face_0360_lod.nif,5,,,,,,
12337,5,3|7,Face3-7,,20,1,720370,p_d_m_face_0370_lod.nif,5,,,,,,
15640,5,3|0|0,Face3-0-0,,20,1,720300,p_d_m_face_0300_lod.nif,5,,,,,,
15641,5,3|0|1,Face3-0-1,,20,1,720301,p_d_m_face_0301_lod.bif,5,,,,,,
15642,5,3|0|2,Face3-0-2,,20,1,720302,p_d_m_face_0302_lod.bif,5,,,,,,
15643,5,3|0|3,Face3-0-3,,20,1,720303,p_d_m_face_0303_lod.bif,5,,,,,,
15644,5,3|0|4,Face3-0-4,,20,1,720304,p_d_m_face_0304_lod.bif,5,,,,,,
15645,5,3|0|5,Face3-0-5,,20,1,720305,p_d_m_face_0305_lod.bif,5,,,,,,
15646,5,3|0|6,Face3-0-6,,20,1,720306,p_d_m_face_0306_lod.bif,5,,,,,,
15647,5,3|0|7,Face3-0-7,,20,1,720307,p_d_m_face_0307_lod.bif,5,,,,,,
15650,5,3|1|0,Face3-1-0,,20,1,720310,p_d_m_face_0310_lod.nif,5,,,,,,
15651,5,3|1|1,Face3-1-1,,20,1,720311,p_d_m_face_0311_lod.bif,5,,,,,,
15652,5,3|1|2,Face3-1-2,,20,1,720312,p_d_m_face_0312_lod.bif,5,,,,,,
15653,5,3|1|3,Face3-1-3,,20,1,720313,p_d_m_face_0313_lod.bif,5,,,,,,
15654,5,3|1|4,Face3-1-4,,20,1,720314,p_d_m_face_0314_lod.bif,5,,,,,,
15655,5,3|1|5,Face3-1-5,,20,1,720315,p_d_m_face_0315_lod.bif,5,,,,,,
15656,5,3|1|6,Face3-1-6,,20,1,720316,p_d_m_face_0316_lod.bif,5,,,,,,
15657,5,3|1|7,Face3-1-7,,20,1,720317,p_d_m_face_0317_lod.bif,5,,,,,,
15660,5,3|2|0,Face3-2-0,,20,1,720320,p_d_m_face_0320_lod.nif,5,,,,,,
15661,5,3|2|1,Face3-2-1,,20,1,720321,p_d_m_face_0321_lod.bif,5,,,,,,
15662,5,3|2|2,Face3-2-2,,20,1,720322,p_d_m_face_0322_lod.bif,5,,,,,,
15663,5,3|2|3,Face3-2-3,,20,1,720323,p_d_m_face_0323_lod.bif,5,,,,,,
15664,5,3|2|4,Face3-2-4,,20,1,720324,p_d_m_face_0324_lod.bif,5,,,,,,
15665,5,3|2|5,Face3-2-5,,20,1,720325,p_d_m_face_0325_lod.bif,5,,,,,,
15666,5,3|2|6,Face3-2-6,,20,1,720326,p_d_m_face_0326_lod.bif,5,,,,,,
15667,5,3|2|7,Face3-2-7,,20,1,720327,p_d_m_face_0327_lod.bif,5,,,,,,
15670,5,3|3|0,Face3-3-0,,20,1,720330,p_d_m_face_0330_lod.nif,5,,,,,,
15671,5,3|3|1,Face3-3-1,,20,1,720331,p_d_m_face_0331_lod.bif,5,,,,,,
15672,5,3|3|2,Face3-3-2,,20,1,720332,p_d_m_face_0332_lod.bif,5,,,,,,
15673,5,3|3|3,Face3-3-3,,20,1,720333,p_d_m_face_0333_lod.bif,5,,,,,,
15674,5,3|3|4,Face3-3-4,,20,1,720334,p_d_m_face_0334_lod.bif,5,,,,,,
15675,5,3|3|5,Face3-3-5,,20,1,720335,p_d_m_face_0335_lod.bif,5,,,,,,
15676,5,3|3|6,Face3-3-6,,20,1,720336,p_d_m_face_0336_lod.bif,5,,,,,,
15677,5,3|3|7,Face3-3-7,,20,1,720337,p_d_m_face_0337_lod.bif,5,,,,,,
15680,5,3|4|0,Face3-4-0,,20,1,720340,p_d_m_face_0340_lod.nif,5,,,,,,
15681,5,3|4|1,Face3-4-1,,20,1,720341,p_d_m_face_0341_lod.bif,5,,,,,,
15682,5,3|4|2,Face3-4-2,,20,1,720342,p_d_m_face_0342_lod.bif,5,,,,,,
15683,5,3|4|3,Face3-4-3,,20,1,720343,p_d_m_face_0343_lod.bif,5,,,,,,
15684,5,3|4|4,Face3-4-4,,20,1,720344,p_d_m_face_0344_lod.bif,5,,,,,,
15685,5,3|4|5,Face3-4-5,,20,1,720345,p_d_m_face_0345_lod.bif,5,,,,,,
15686,5,3|4|6,Face3-4-6,,20,1,720346,p_d_m_face_0346_lod.bif,5,,,,,,
15687,5,3|4|7,Face3-4-7,,20,1,720347,p_d_m_face_0347_lod.bif,5,,,,,,
15690,5,3|5|0,Face3-5-0,,20,1,720350,p_d_m_face_0350_lod.nif,5,,,,,,
15691,5,3|5|1,Face3-5-1,,20,1,720351,p_d_m_face_0351_lod.bif,5,,,,,,
15692,5,3|5|2,Face3-5-2,,20,1,720352,p_d_m_face_0352_lod.bif,5,,,,,,
15693,5,3|5|3,Face3-5-3,,20,1,720353,p_d_m_face_0353_lod.bif,5,,,,,,
15694,5,3|5|4,Face3-5-4,,20,1,720354,p_d_m_face_0354_lod.bif,5,,,,,,
15695,5,3|5|5,Face3-5-5,,20,1,720355,p_d_m_face_0355_lod.bif,5,,,,,,
15696,5,3|5|6,Face3-5-6,,20,1,720356,p_d_m_face_0356_lod.bif,5,,,,,,
15697,5,3|5|7,Face3-5-7,,20,1,720357,p_d_m_face_0357_lod.bif,5,,,,,,
15700,5,3|6|0,Face3-6-0,,20,1,720360,p_d_m_face_0360_lod.nif,5,,,,,,
15701,5,3|6|1,Face3-6-1,,20,1,720361,p_d_m_face_0361_lod.bif,5,,,,,,
15702,5,3|6|2,Face3-6-2,,20,1,720362,p_d_m_face_0362_lod.bif,5,,,,,,
15703,5,3|6|3,Face3-6-3,,20,1,720363,p_d_m_face_0363_lod.bif,5,,,,,,
15704,5,3|6|4,Face3-6-4,,20,1,720364,p_d_m_face_0364_lod.bif,5,,,,,,
15705,5,3|6|5,Face3-6-5,,20,1,720365,p_d_m_face_0365_lod.bif,5,,,,,,
15706,5,3|6|6,Face3-6-6,,20,1,720366,p_d_m_face_0366_lod.bif,5,,,,,,
15707,5,3|6|7,Face3-6-7,,20,1,720367,p_d_m_face_0367_lod.bif,5,,,,,,
15710,5,3|7|0,Face3-7-0,,20,1,720370,p_d_m_face_0370_lod.nif,5,,,,,,
15711,5,3|7|1,Face3-7-1,,20,1,720371,p_d_m_face_0371_lod.bif,5,,,,,,
15712,5,3|7|2,Face3-7-2,,20,1,720372,p_d_m_face_0372_lod.bif,5,,,,,,
15713,5,3|7|3,Face3-7-3,,20,1,720373,p_d_m_face_0373_lod.bif,5,,,,,,
15714,5,3|7|4,Face3-7-4,,20,1,720374,p_d_m_face_0374_lod.bif,5,,,,,,
15715,5,3|7|5,Face3-7-5,,20,1,720375,p_d_m_face_0375_lod.bif,5,,,,,,
15716,5,3|7|6,Face3-7-6,,20,1,720376,p_d_m_face_0376_lod.bif,5,,,,,,
15717,5,3|7|7,Face3-7-7,,20,1,720377,p_d_m_face_0377_lod.bif,5,,,,,,
10404,5,4,Face4,,20,1,720400,p_d_m_face_0400_lod.nif,5,,,,,,
12340,5,4|0,Face4-0,,20,1,720400,p_d_m_face_0400_lod.nif,5,,,,,,
12341,5,4|1,Face4-1,,20,1,720410,p_d_m_face_0410_lod.nif,5,,,,,,
12342,5,4|2,Face4-2,,20,1,720420,p_d_m_face_0420_lod.nif,5,,,,,,
12343,5,4|3,Face4-3,,20,1,720430,p_d_m_face_0430_lod.nif,5,,,,,,
12344,5,4|4,Face4-4,,20,1,720440,p_d_m_face_0440_lod.nif,5,,,,,,
12345,5,4|5,Face4-5,,20,1,720450,p_d_m_face_0450_lod.nif,5,,,,,,
12346,5,4|6,Face4-6,,20,1,720460,p_d_m_face_0460_lod.nif,5,,,,,,
12347,5,4|7,Face4-7,,20,1,720470,p_d_m_face_0470_lod.nif,5,,,,,,
15720,5,4|0|0,Face4-0-0,,20,1,720400,p_d_m_face_0400_lod.nif,5,,,,,,
15721,5,4|0|1,Face4-0-1,,20,1,720401,p_d_m_face_0401_lod.bif,5,,,,,,
15722,5,4|0|2,Face4-0-2,,20,1,720402,p_d_m_face_0402_lod.bif,5,,,,,,
15723,5,4|0|3,Face4-0-3,,20,1,720403,p_d_m_face_0403_lod.bif,5,,,,,,
15724,5,4|0|4,Face4-0-4,,20,1,720404,p_d_m_face_0404_lod.bif,5,,,,,,
15725,5,4|0|5,Face4-0-5,,20,1,720405,p_d_m_face_0405_lod.bif,5,,,,,,
15726,5,4|0|6,Face4-0-6,,20,1,720406,p_d_m_face_0406_lod.bif,5,,,,,,
15727,5,4|0|7,Face4-0-7,,20,1,720407,p_d_m_face_0407_lod.bif,5,,,,,,
15730,5,4|1|0,Face4-1-0,,20,1,720410,p_d_m_face_0410_lod.nif,5,,,,,,
15731,5,4|1|1,Face4-1-1,,20,1,720411,p_d_m_face_0411_lod.bif,5,,,,,,
15732,5,4|1|2,Face4-1-2,,20,1,720412,p_d_m_face_0412_lod.bif,5,,,,,,
15733,5,4|1|3,Face4-1-3,,20,1,720413,p_d_m_face_0413_lod.bif,5,,,,,,
15734,5,4|1|4,Face4-1-4,,20,1,720414,p_d_m_face_0414_lod.bif,5,,,,,,
15735,5,4|1|5,Face4-1-5,,20,1,720415,p_d_m_face_0415_lod.bif,5,,,,,,
15736,5,4|1|6,Face4-1-6,,20,1,720416,p_d_m_face_0416_lod.bif,5,,,,,,
15737,5,4|1|7,Face4-1-7,,20,1,720417,p_d_m_face_0417_lod.bif,5,,,,,,
15740,5,4|2|0,Face4-2-0,,20,1,720420,p_d_m_face_0420_lod.nif,5,,,,,,
15741,5,4|2|1,Face4-2-1,,20,1,720421,p_d_m_face_0421_lod.bif,5,,,,,,
15742,5,4|2|2,Face4-2-2,,20,1,720422,p_d_m_face_0422_lod.bif,5,,,,,,
15743,5,4|2|3,Face4-2-3,,20,1,720423,p_d_m_face_0423_lod.bif,5,,,,,,
15744,5,4|2|4,Face4-2-4,,20,1,720424,p_d_m_face_0424_lod.bif,5,,,,,,
15745,5,4|2|5,Face4-2-5,,20,1,720425,p_d_m_face_0425_lod.bif,5,,,,,,
15746,5,4|2|6,Face4-2-6,,20,1,720426,p_d_m_face_0426_lod.bif,5,,,,,,
15747,5,4|2|7,Face4-2-7,,20,1,720427,p_d_m_face_0427_lod.bif,5,,,,,,
15750,5,4|3|0,Face4-3-0,,20,1,720430,p_d_m_face_0430_lod.nif,5,,,,,,
15751,5,4|3|1,Face4-3-1,,20,1,720431,p_d_m_face_0431_lod.bif,5,,,,,,
15752,5,4|3|2,Face4-3-2,,20,1,720432,p_d_m_face_0432_lod.bif,5,,,,,,
15753,5,4|3|3,Face4-3-3,,20,1,720433,p_d_m_face_0433_lod.bif,5,,,,,,
15754,5,4|3|4,Face4-3-4,,20,1,720434,p_d_m_face_0434_lod.bif,5,,,,,,
15755,5,4|3|5,Face4-3-5,,20,1,720435,p_d_m_face_0435_lod.bif,5,,,,,,
15756,5,4|3|6,Face4-3-6,,20,1,720436,p_d_m_face_0436_lod.bif,5,,,,,,
15757,5,4|3|7,Face4-3-7,,20,1,720437,p_d_m_face_0437_lod.bif,5,,,,,,
15760,5,4|4|0,Face4-4-0,,20,1,720440,p_d_m_face_0440_lod.nif,5,,,,,,
15761,5,4|4|1,Face4-4-1,,20,1,720441,p_d_m_face_0441_lod.bif,5,,,,,,
15762,5,4|4|2,Face4-4-2,,20,1,720442,p_d_m_face_0442_lod.bif,5,,,,,,
15763,5,4|4|3,Face4-4-3,,20,1,720443,p_d_m_face_0443_lod.bif,5,,,,,,
15764,5,4|4|4,Face4-4-4,,20,1,720444,p_d_m_face_0444_lod.bif,5,,,,,,
15765,5,4|4|5,Face4-4-5,,20,1,720445,p_d_m_face_0445_lod.bif,5,,,,,,
15766,5,4|4|6,Face4-4-6,,20,1,720446,p_d_m_face_0446_lod.bif,5,,,,,,
15767,5,4|4|7,Face4-4-7,,20,1,720447,p_d_m_face_0447_lod.bif,5,,,,,,
15770,5,4|5|0,Face4-5-0,,20,1,720450,p_d_m_face_0450_lod.nif,5,,,,,,
15771,5,4|5|1,Face4-5-1,,20,1,720451,p_d_m_face_0451_lod.bif,5,,,,,,
15772,5,4|5|2,Face4-5-2,,20,1,720452,p_d_m_face_0452_lod.bif,5,,,,,,
15773,5,4|5|3,Face4-5-3,,20,1,720453,p_d_m_face_0453_lod.bif,5,,,,,,
15774,5,4|5|4,Face4-5-4,,20,1,720454,p_d_m_face_0454_lod.bif,5,,,,,,
15775,5,4|5|5,Face4-5-5,,20,1,720455,p_d_m_face_0455_lod.bif,5,,,,,,
15776,5,4|5|6,Face4-5-6,,20,1,720456,p_d_m_face_0456_lod.bif,5,,,,,,
15777,5,4|5|7,Face4-5-7,,20,1,720457,p_d_m_face_0457_lod.bif,5,,,,,,
15780,5,4|6|0,Face4-6-0,,20,1,720460,p_d_m_face_0460_lod.nif,5,,,,,,
15781,5,4|6|1,Face4-6-1,,20,1,720461,p_d_m_face_0461_lod.bif,5,,,,,,
15782,5,4|6|2,Face4-6-2,,20,1,720462,p_d_m_face_0462_lod.bif,5,,,,,,
15783,5,4|6|3,Face4-6-3,,20,1,720463,p_d_m_face_0463_lod.bif,5,,,,,,
15784,5,4|6|4,Face4-6-4,,20,1,720464,p_d_m_face_0464_lod.bif,5,,,,,,
15785,5,4|6|5,Face4-6-5,,20,1,720465,p_d_m_face_0465_lod.bif,5,,,,,,
15786,5,4|6|6,Face4-6-6,,20,1,720466,p_d_m_face_0466_lod.bif,5,,,,,,
15787,5,4|6|7,Face4-6-7,,20,1,720467,p_d_m_face_0467_lod.bif,5,,,,,,
15790,5,4|7|0,Face4-7-0,,20,1,720470,p_d_m_face_0470_lod.nif,5,,,,,,
15791,5,4|7|1,Face4-7-1,,20,1,720471,p_d_m_face_0471_lod.bif,5,,,,,,
15792,5,4|7|2,Face4-7-2,,20,1,720472,p_d_m_face_0472_lod.bif,5,,,,,,
15793,5,4|7|3,Face4-7-3,,20,1,720473,p_d_m_face_0473_lod.bif,5,,,,,,
15794,5,4|7|4,Face4-7-4,,20,1,720474,p_d_m_face_0474_lod.bif,5,,,,,,
15795,5,4|7|5,Face4-7-5,,20,1,720475,p_d_m_face_0475_lod.bif,5,,,,,,
15796,5,4|7|6,Face4-7-6,,20,1,720476,p_d_m_face_0476_lod.bif,5,,,,,,
15797,5,4|7|7,Face4-7-7,,20,1,720477,p_d_m_face_0477_lod.bif,5,,,,,,
10500,5,0,Face0,,20,1,220000,p_d_f_face_0000_lod.nif,6,,,,,,
12350,5,0|0,Face0-0,,20,1,220000,p_d_f_face_0000_lod.nif,6,,,,,,
12351,5,0|1,Face0-1,,20,1,220010,p_d_f_face_0010_lod.nif,6,,,,,,
12352,5,0|2,Face0-2,,20,1,220020,p_d_f_face_0020_lod.nif,6,,,,,,
12353,5,0|3,Face0-3,,20,1,220030,p_d_f_face_0030_lod.nif,6,,,,,,
12354,5,0|4,Face0-4,,20,1,220040,p_d_f_face_0040_lod.nif,6,,,,,,
12355,5,0|5,Face0-5,,20,1,220050,p_d_f_face_0050_lod.nif,6,,,,,,
12356,5,0|6,Face0-6,,20,1,220060,p_d_f_face_0060_lod.nif,6,,,,,,
12357,5,0|7,Face0-7,,20,1,220070,p_d_f_face_0070_lod.nif,6,,,,,,
15800,5,0|0|0,Face0-0-0,,20,1,220000,p_d_f_face_0000_lod.nif,6,,,,,,
15801,5,0|0|1,Face0-0-1,,20,1,220001,p_d_f_face_0001_lod.bif,6,,,,,,
15802,5,0|0|2,Face0-0-2,,20,1,220002,p_d_f_face_0002_lod.bif,6,,,,,,
15803,5,0|0|3,Face0-0-3,,20,1,220003,p_d_f_face_0003_lod.bif,6,,,,,,
15804,5,0|0|4,Face0-0-4,,20,1,220004,p_d_f_face_0004_lod.bif,6,,,,,,
15805,5,0|0|5,Face0-0-5,,20,1,220005,p_d_f_face_0005_lod.bif,6,,,,,,
15806,5,0|0|6,Face0-0-6,,20,1,220006,p_d_f_face_0006_lod.bif,6,,,,,,
15807,5,0|0|7,Face0-0-7,,20,1,220007,p_d_f_face_0007_lod.bif,6,,,,,,
15810,5,0|1|0,Face0-1-0,,20,1,220010,p_d_f_face_0010_lod.nif,6,,,,,,
15811,5,0|1|1,Face0-1-1,,20,1,220011,p_d_f_face_0011_lod.bif,6,,,,,,
15812,5,0|1|2,Face0-1-2,,20,1,220012,p_d_f_face_0012_lod.bif,6,,,,,,
15813,5,0|1|3,Face0-1-3,,20,1,220013,p_d_f_face_0013_lod.bif,6,,,,,,
15814,5,0|1|4,Face0-1-4,,20,1,220014,p_d_f_face_0014_lod.bif,6,,,,,,
15815,5,0|1|5,Face0-1-5,,20,1,220015,p_d_f_face_0015_lod.bif,6,,,,,,
15816,5,0|1|6,Face0-1-6,,20,1,220016,p_d_f_face_0016_lod.bif,6,,,,,,
15817,5,0|1|7,Face0-1-7,,20,1,220017,p_d_f_face_0017_lod.bif,6,,,,,,
15820,5,0|2|0,Face0-2-0,,20,1,220020,p_d_f_face_0020_lod.nif,6,,,,,,
15821,5,0|2|1,Face0-2-1,,20,1,220021,p_d_f_face_0021_lod.bif,6,,,,,,
15822,5,0|2|2,Face0-2-2,,20,1,220022,p_d_f_face_0022_lod.bif,6,,,,,,
15823,5,0|2|3,Face0-2-3,,20,1,220023,p_d_f_face_0023_lod.bif,6,,,,,,
15824,5,0|2|4,Face0-2-4,,20,1,220024,p_d_f_face_0024_lod.bif,6,,,,,,
15825,5,0|2|5,Face0-2-5,,20,1,220025,p_d_f_face_0025_lod.bif,6,,,,,,
15826,5,0|2|6,Face0-2-6,,20,1,220026,p_d_f_face_0026_lod.bif,6,,,,,,
15827,5,0|2|7,Face0-2-7,,20,1,220027,p_d_f_face_0027_lod.bif,6,,,,,,
15830,5,0|3|0,Face0-3-0,,20,1,220030,p_d_f_face_0030_lod.nif,6,,,,,,
15831,5,0|3|1,Face0-3-1,,20,1,220031,p_d_f_face_0031_lod.bif,6,,,,,,
15832,5,0|3|2,Face0-3-2,,20,1,220032,p_d_f_face_0032_lod.bif,6,,,,,,
15833,5,0|3|3,Face0-3-3,,20,1,220033,p_d_f_face_0033_lod.bif,6,,,,,,
15834,5,0|3|4,Face0-3-4,,20,1,220034,p_d_f_face_0034_lod.bif,6,,,,,,
15835,5,0|3|5,Face0-3-5,,20,1,220035,p_d_f_face_0035_lod.bif,6,,,,,,
15836,5,0|3|6,Face0-3-6,,20,1,220036,p_d_f_face_0036_lod.bif,6,,,,,,
15837,5,0|3|7,Face0-3-7,,20,1,220037,p_d_f_face_0037_lod.bif,6,,,,,,
15840,5,0|4|0,Face0-4-0,,20,1,220040,p_d_f_face_0040_lod.nif,6,,,,,,
15841,5,0|4|1,Face0-4-1,,20,1,220041,p_d_f_face_0041_lod.bif,6,,,,,,
15842,5,0|4|2,Face0-4-2,,20,1,220042,p_d_f_face_0042_lod.bif,6,,,,,,
15843,5,0|4|3,Face0-4-3,,20,1,220043,p_d_f_face_0043_lod.bif,6,,,,,,
15844,5,0|4|4,Face0-4-4,,20,1,220044,p_d_f_face_0044_lod.bif,6,,,,,,
15845,5,0|4|5,Face0-4-5,,20,1,220045,p_d_f_face_0045_lod.bif,6,,,,,,
15846,5,0|4|6,Face0-4-6,,20,1,220046,p_d_f_face_0046_lod.bif,6,,,,,,
15847,5,0|4|7,Face0-4-7,,20,1,220047,p_d_f_face_0047_lod.bif,6,,,,,,
15850,5,0|5|0,Face0-5-0,,20,1,220050,p_d_f_face_0050_lod.nif,6,,,,,,
15851,5,0|5|1,Face0-5-1,,20,1,220051,p_d_f_face_0051_lod.bif,6,,,,,,
15852,5,0|5|2,Face0-5-2,,20,1,220052,p_d_f_face_0052_lod.bif,6,,,,,,
15853,5,0|5|3,Face0-5-3,,20,1,220053,p_d_f_face_0053_lod.bif,6,,,,,,
15854,5,0|5|4,Face0-5-4,,20,1,220054,p_d_f_face_0054_lod.bif,6,,,,,,
15855,5,0|5|5,Face0-5-5,,20,1,220055,p_d_f_face_0055_lod.bif,6,,,,,,
15856,5,0|5|6,Face0-5-6,,20,1,220056,p_d_f_face_0056_lod.bif,6,,,,,,
15857,5,0|5|7,Face0-5-7,,20,1,220057,p_d_f_face_0057_lod.bif,6,,,,,,
15860,5,0|6|0,Face0-6-0,,20,1,220060,p_d_f_face_0060_lod.nif,6,,,,,,
15861,5,0|6|1,Face0-6-1,,20,1,220061,p_d_f_face_0061_lod.bif,6,,,,,,
15862,5,0|6|2,Face0-6-2,,20,1,220062,p_d_f_face_0062_lod.bif,6,,,,,,
15863,5,0|6|3,Face0-6-3,,20,1,220063,p_d_f_face_0063_lod.bif,6,,,,,,
15864,5,0|6|4,Face0-6-4,,20,1,220064,p_d_f_face_0064_lod.bif,6,,,,,,
15865,5,0|6|5,Face0-6-5,,20,1,220065,p_d_f_face_0065_lod.bif,6,,,,,,
15866,5,0|6|6,Face0-6-6,,20,1,220066,p_d_f_face_0066_lod.bif,6,,,,,,
15867,5,0|6|7,Face0-6-7,,20,1,220067,p_d_f_face_0067_lod.bif,6,,,,,,
15870,5,0|7|0,Face0-7-0,,20,1,220070,p_d_f_face_0070_lod.nif,6,,,,,,
15871,5,0|7|1,Face0-7-1,,20,1,220071,p_d_f_face_0071_lod.bif,6,,,,,,
15872,5,0|7|2,Face0-7-2,,20,1,220072,p_d_f_face_0072_lod.bif,6,,,,,,
15873,5,0|7|3,Face0-7-3,,20,1,220073,p_d_f_face_0073_lod.bif,6,,,,,,
15874,5,0|7|4,Face0-7-4,,20,1,220074,p_d_f_face_0074_lod.bif,6,,,,,,
15875,5,0|7|5,Face0-7-5,,20,1,220075,p_d_f_face_0075_lod.bif,6,,,,,,
15876,5,0|7|6,Face0-7-6,,20,1,220076,p_d_f_face_0076_lod.bif,6,,,,,,
15877,5,0|7|7,Face0-7-7,,20,1,220077,p_d_f_face_0077_lod.bif,6,,,,,,
10501,5,1,Face1,,20,1,220100,p_d_f_face_0100_lod.nif,6,,,,,,
12360,5,1|0,Face1-0,,20,1,220100,p_d_f_face_0100_lod.nif,6,,,,,,
12361,5,1|1,Face1-1,,20,1,220110,p_d_f_face_0110_lod.nif,6,,,,,,
12362,5,1|2,Face1-2,,20,1,220120,p_d_f_face_0120_lod.nif,6,,,,,,
12363,5,1|3,Face1-3,,20,1,220130,p_d_f_face_0130_lod.nif,6,,,,,,
12364,5,1|4,Face1-4,,20,1,220140,p_d_f_face_0140_lod.nif,6,,,,,,
12365,5,1|5,Face1-5,,20,1,220150,p_d_f_face_0150_lod.nif,6,,,,,,
12366,5,1|6,Face1-6,,20,1,220160,p_d_f_face_0160_lod.nif,6,,,,,,
12367,5,1|7,Face1-7,,20,1,220170,p_d_f_face_0170_lod.nif,6,,,,,,
15880,5,1|0|0,Face1-0-0,,20,1,220100,p_d_f_face_0100_lod.nif,6,,,,,,
15881,5,1|0|1,Face1-0-1,,20,1,220101,p_d_f_face_0101_lod.bif,6,,,,,,
15882,5,1|0|2,Face1-0-2,,20,1,220102,p_d_f_face_0102_lod.bif,6,,,,,,
15883,5,1|0|3,Face1-0-3,,20,1,220103,p_d_f_face_0103_lod.bif,6,,,,,,
15884,5,1|0|4,Face1-0-4,,20,1,220104,p_d_f_face_0104_lod.bif,6,,,,,,
15885,5,1|0|5,Face1-0-5,,20,1,220105,p_d_f_face_0105_lod.bif,6,,,,,,
15886,5,1|0|6,Face1-0-6,,20,1,220106,p_d_f_face_0106_lod.bif,6,,,,,,
15887,5,1|0|7,Face1-0-7,,20,1,220107,p_d_f_face_0107_lod.bif,6,,,,,,
15890,5,1|1|0,Face1-1-0,,20,1,220110,p_d_f_face_0110_lod.nif,6,,,,,,
15891,5,1|1|1,Face1-1-1,,20,1,220111,p_d_f_face_0111_lod.bif,6,,,,,,
15892,5,1|1|2,Face1-1-2,,20,1,220112,p_d_f_face_0112_lod.bif,6,,,,,,
15893,5,1|1|3,Face1-1-3,,20,1,220113,p_d_f_face_0113_lod.bif,6,,,,,,
15894,5,1|1|4,Face1-1-4,,20,1,220114,p_d_f_face_0114_lod.bif,6,,,,,,
15895,5,1|1|5,Face1-1-5,,20,1,220115,p_d_f_face_0115_lod.bif,6,,,,,,
15896,5,1|1|6,Face1-1-6,,20,1,220116,p_d_f_face_0116_lod.bif,6,,,,,,
15897,5,1|1|7,Face1-1-7,,20,1,220117,p_d_f_face_0117_lod.bif,6,,,,,,
15900,5,1|2|0,Face1-2-0,,20,1,220120,p_d_f_face_0120_lod.nif,6,,,,,,
15901,5,1|2|1,Face1-2-1,,20,1,220121,p_d_f_face_0121_lod.bif,6,,,,,,
15902,5,1|2|2,Face1-2-2,,20,1,220122,p_d_f_face_0122_lod.bif,6,,,,,,
15903,5,1|2|3,Face1-2-3,,20,1,220123,p_d_f_face_0123_lod.bif,6,,,,,,
15904,5,1|2|4,Face1-2-4,,20,1,220124,p_d_f_face_0124_lod.bif,6,,,,,,
15905,5,1|2|5,Face1-2-5,,20,1,220125,p_d_f_face_0125_lod.bif,6,,,,,,
15906,5,1|2|6,Face1-2-6,,20,1,220126,p_d_f_face_0126_lod.bif,6,,,,,,
15907,5,1|2|7,Face1-2-7,,20,1,220127,p_d_f_face_0127_lod.bif,6,,,,,,
15910,5,1|3|0,Face1-3-0,,20,1,220130,p_d_f_face_0130_lod.nif,6,,,,,,
15911,5,1|3|1,Face1-3-1,,20,1,220131,p_d_f_face_0131_lod.bif,6,,,,,,
15912,5,1|3|2,Face1-3-2,,20,1,220132,p_d_f_face_0132_lod.bif,6,,,,,,
15913,5,1|3|3,Face1-3-3,,20,1,220133,p_d_f_face_0133_lod.bif,6,,,,,,
15914,5,1|3|4,Face1-3-4,,20,1,220134,p_d_f_face_0134_lod.bif,6,,,,,,
15915,5,1|3|5,Face1-3-5,,20,1,220135,p_d_f_face_0135_lod.bif,6,,,,,,
15916,5,1|3|6,Face1-3-6,,20,1,220136,p_d_f_face_0136_lod.bif,6,,,,,,
15917,5,1|3|7,Face1-3-7,,20,1,220137,p_d_f_face_0137_lod.bif,6,,,,,,
15920,5,1|4|0,Face1-4-0,,20,1,220140,p_d_f_face_0140_lod.nif,6,,,,,,
15921,5,1|4|1,Face1-4-1,,20,1,220141,p_d_f_face_0141_lod.bif,6,,,,,,
15922,5,1|4|2,Face1-4-2,,20,1,220142,p_d_f_face_0142_lod.bif,6,,,,,,
15923,5,1|4|3,Face1-4-3,,20,1,220143,p_d_f_face_0143_lod.bif,6,,,,,,
15924,5,1|4|4,Face1-4-4,,20,1,220144,p_d_f_face_0144_lod.bif,6,,,,,,
15925,5,1|4|5,Face1-4-5,,20,1,220145,p_d_f_face_0145_lod.bif,6,,,,,,
15926,5,1|4|6,Face1-4-6,,20,1,220146,p_d_f_face_0146_lod.bif,6,,,,,,
15927,5,1|4|7,Face1-4-7,,20,1,220147,p_d_f_face_0147_lod.bif,6,,,,,,
15930,5,1|5|0,Face1-5-0,,20,1,220150,p_d_f_face_0150_lod.nif,6,,,,,,
15931,5,1|5|1,Face1-5-1,,20,1,220151,p_d_f_face_0151_lod.bif,6,,,,,,
15932,5,1|5|2,Face1-5-2,,20,1,220152,p_d_f_face_0152_lod.bif,6,,,,,,
15933,5,1|5|3,Face1-5-3,,20,1,220153,p_d_f_face_0153_lod.bif,6,,,,,,
15934,5,1|5|4,Face1-5-4,,20,1,220154,p_d_f_face_0154_lod.bif,6,,,,,,
15935,5,1|5|5,Face1-5-5,,20,1,220155,p_d_f_face_0155_lod.bif,6,,,,,,
15936,5,1|5|6,Face1-5-6,,20,1,220156,p_d_f_face_0156_lod.bif,6,,,,,,
15937,5,1|5|7,Face1-5-7,,20,1,220157,p_d_f_face_0157_lod.bif,6,,,,,,
15940,5,1|6|0,Face1-6-0,,20,1,220160,p_d_f_face_0160_lod.nif,6,,,,,,
15941,5,1|6|1,Face1-6-1,,20,1,220161,p_d_f_face_0161_lod.bif,6,,,,,,
15942,5,1|6|2,Face1-6-2,,20,1,220162,p_d_f_face_0162_lod.bif,6,,,,,,
15943,5,1|6|3,Face1-6-3,,20,1,220163,p_d_f_face_0163_lod.bif,6,,,,,,
15944,5,1|6|4,Face1-6-4,,20,1,220164,p_d_f_face_0164_lod.bif,6,,,,,,
15945,5,1|6|5,Face1-6-5,,20,1,220165,p_d_f_face_0165_lod.bif,6,,,,,,
15946,5,1|6|6,Face1-6-6,,20,1,220166,p_d_f_face_0166_lod.bif,6,,,,,,
15947,5,1|6|7,Face1-6-7,,20,1,220167,p_d_f_face_0167_lod.bif,6,,,,,,
15950,5,1|7|0,Face1-7-0,,20,1,220170,p_d_f_face_0170_lod.nif,6,,,,,,
15951,5,1|7|1,Face1-7-1,,20,1,220171,p_d_f_face_0171_lod.bif,6,,,,,,
15952,5,1|7|2,Face1-7-2,,20,1,220172,p_d_f_face_0172_lod.bif,6,,,,,,
15953,5,1|7|3,Face1-7-3,,20,1,220173,p_d_f_face_0173_lod.bif,6,,,,,,
15954,5,1|7|4,Face1-7-4,,20,1,220174,p_d_f_face_0174_lod.bif,6,,,,,,
15955,5,1|7|5,Face1-7-5,,20,1,220175,p_d_f_face_0175_lod.bif,6,,,,,,
15956,5,1|7|6,Face1-7-6,,20,1,220176,p_d_f_face_0176_lod.bif,6,,,,,,
15957,5,1|7|7,Face1-7-7,,20,1,220177,p_d_f_face_0177_lod.bif,6,,,,,,
10502,5,2,Face2,,20,1,220200,p_d_f_face_0200_lod.nif,6,,,,,,
12370,5,2|0,Face2-0,,20,1,220200,p_d_f_face_0200_lod.nif,6,,,,,,
12371,5,2|1,Face2-1,,20,1,220210,p_d_f_face_0210_lod.nif,6,,,,,,
12372,5,2|2,Face2-2,,20,1,220220,p_d_f_face_0220_lod.nif,6,,,,,,
12373,5,2|3,Face2-3,,20,1,220230,p_d_f_face_0230_lod.nif,6,,,,,,
12374,5,2|4,Face2-4,,20,1,220240,p_d_f_face_0240_lod.nif,6,,,,,,
12375,5,2|5,Face2-5,,20,1,220250,p_d_f_face_0250_lod.nif,6,,,,,,
12376,5,2|6,Face2-6,,20,1,220260,p_d_f_face_0260_lod.nif,6,,,,,,
12377,5,2|7,Face2-7,,20,1,220270,p_d_f_face_0270_lod.nif,6,,,,,,
15960,5,2|0|0,Face2-0-0,,20,1,220200,p_d_f_face_0200_lod.nif,6,,,,,,
15961,5,2|0|1,Face2-0-1,,20,1,220201,p_d_f_face_0201_lod.bif,6,,,,,,
15962,5,2|0|2,Face2-0-2,,20,1,220202,p_d_f_face_0202_lod.bif,6,,,,,,
15963,5,2|0|3,Face2-0-3,,20,1,220203,p_d_f_face_0203_lod.bif,6,,,,,,
15964,5,2|0|4,Face2-0-4,,20,1,220204,p_d_f_face_0204_lod.bif,6,,,,,,
15965,5,2|0|5,Face2-0-5,,20,1,220205,p_d_f_face_0205_lod.bif,6,,,,,,
15966,5,2|0|6,Face2-0-6,,20,1,220206,p_d_f_face_0206_lod.bif,6,,,,,,
15967,5,2|0|7,Face2-0-7,,20,1,220207,p_d_f_face_0207_lod.bif,6,,,,,,
15970,5,2|1|0,Face2-1-0,,20,1,220210,p_d_f_face_0210_lod.nif,6,,,,,,
15971,5,2|1|1,Face2-1-1,,20,1,220211,p_d_f_face_0211_lod.bif,6,,,,,,
15972,5,2|1|2,Face2-1-2,,20,1,220212,p_d_f_face_0212_lod.bif,6,,,,,,
15973,5,2|1|3,Face2-1-3,,20,1,220213,p_d_f_face_0213_lod.bif,6,,,,,,
15974,5,2|1|4,Face2-1-4,,20,1,220214,p_d_f_face_0214_lod.bif,6,,,,,,
15975,5,2|1|5,Face2-1-5,,20,1,220215,p_d_f_face_0215_lod.bif,6,,,,,,
15976,5,2|1|6,Face2-1-6,,20,1,220216,p_d_f_face_0216_lod.bif,6,,,,,,
15977,5,2|1|7,Face2-1-7,,20,1,220217,p_d_f_face_0217_lod.bif,6,,,,,,
15980,5,2|2|0,Face2-2-0,,20,1,220220,p_d_f_face_0220_lod.nif,6,,,,,,
15981,5,2|2|1,Face2-2-1,,20,1,220221,p_d_f_face_0221_lod.bif,6,,,,,,
15982,5,2|2|2,Face2-2-2,,20,1,220222,p_d_f_face_0222_lod.bif,6,,,,,,
15983,5,2|2|3,Face2-2-3,,20,1,220223,p_d_f_face_0223_lod.bif,6,,,,,,
15984,5,2|2|4,Face2-2-4,,20,1,220224,p_d_f_face_0224_lod.bif,6,,,,,,
15985,5,2|2|5,Face2-2-5,,20,1,220225,p_d_f_face_0225_lod.bif,6,,,,,,
15986,5,2|2|6,Face2-2-6,,20,1,220226,p_d_f_face_0226_lod.bif,6,,,,,,
15987,5,2|2|7,Face2-2-7,,20,1,220227,p_d_f_face_0227_lod.bif,6,,,,,,
15990,5,2|3|0,Face2-3-0,,20,1,220230,p_d_f_face_0230_lod.nif,6,,,,,,
15991,5,2|3|1,Face2-3-1,,20,1,220231,p_d_f_face_0231_lod.bif,6,,,,,,
15992,5,2|3|2,Face2-3-2,,20,1,220232,p_d_f_face_0232_lod.bif,6,,,,,,
15993,5,2|3|3,Face2-3-3,,20,1,220233,p_d_f_face_0233_lod.bif,6,,,,,,
15994,5,2|3|4,Face2-3-4,,20,1,220234,p_d_f_face_0234_lod.bif,6,,,,,,
15995,5,2|3|5,Face2-3-5,,20,1,220235,p_d_f_face_0235_lod.bif,6,,,,,,
15996,5,2|3|6,Face2-3-6,,20,1,220236,p_d_f_face_0236_lod.bif,6,,,,,,
15997,5,2|3|7,Face2-3-7,,20,1,220237,p_d_f_face_0237_lod.bif,6,,,,,,
16000,5,2|4|0,Face2-4-0,,20,1,220240,p_d_f_face_0240_lod.nif,6,,,,,,
16001,5,2|4|1,Face2-4-1,,20,1,220241,p_d_f_face_0241_lod.bif,6,,,,,,
16002,5,2|4|2,Face2-4-2,,20,1,220242,p_d_f_face_0242_lod.bif,6,,,,,,
16003,5,2|4|3,Face2-4-3,,20,1,220243,p_d_f_face_0243_lod.bif,6,,,,,,
16004,5,2|4|4,Face2-4-4,,20,1,220244,p_d_f_face_0244_lod.bif,6,,,,,,
16005,5,2|4|5,Face2-4-5,,20,1,220245,p_d_f_face_0245_lod.bif,6,,,,,,
16006,5,2|4|6,Face2-4-6,,20,1,220246,p_d_f_face_0246_lod.bif,6,,,,,,
16007,5,2|4|7,Face2-4-7,,20,1,220247,p_d_f_face_0247_lod.bif,6,,,,,,
16010,5,2|5|0,Face2-5-0,,20,1,220250,p_d_f_face_0250_lod.nif,6,,,,,,
16011,5,2|5|1,Face2-5-1,,20,1,220251,p_d_f_face_0251_lod.bif,6,,,,,,
16012,5,2|5|2,Face2-5-2,,20,1,220252,p_d_f_face_0252_lod.bif,6,,,,,,
16013,5,2|5|3,Face2-5-3,,20,1,220253,p_d_f_face_0253_lod.bif,6,,,,,,
16014,5,2|5|4,Face2-5-4,,20,1,220254,p_d_f_face_0254_lod.bif,6,,,,,,
16015,5,2|5|5,Face2-5-5,,20,1,220255,p_d_f_face_0255_lod.bif,6,,,,,,
16016,5,2|5|6,Face2-5-6,,20,1,220256,p_d_f_face_0256_lod.bif,6,,,,,,
16017,5,2|5|7,Face2-5-7,,20,1,220257,p_d_f_face_0257_lod.bif,6,,,,,,
16020,5,2|6|0,Face2-6-0,,20,1,220260,p_d_f_face_0260_lod.nif,6,,,,,,
16021,5,2|6|1,Face2-6-1,,20,1,220261,p_d_f_face_0261_lod.bif,6,,,,,,
16022,5,2|6|2,Face2-6-2,,20,1,220262,p_d_f_face_0262_lod.bif,6,,,,,,
16023,5,2|6|3,Face2-6-3,,20,1,220263,p_d_f_face_0263_lod.bif,6,,,,,,
16024,5,2|6|4,Face2-6-4,,20,1,220264,p_d_f_face_0264_lod.bif,6,,,,,,
16025,5,2|6|5,Face2-6-5,,20,1,220265,p_d_f_face_0265_lod.bif,6,,,,,,
16026,5,2|6|6,Face2-6-6,,20,1,220266,p_d_f_face_0266_lod.bif,6,,,,,,
16027,5,2|6|7,Face2-6-7,,20,1,220267,p_d_f_face_0267_lod.bif,6,,,,,,
16030,5,2|7|0,Face2-7-0,,20,1,220270,p_d_f_face_0270_lod.nif,6,,,,,,
16031,5,2|7|1,Face2-7-1,,20,1,220271,p_d_f_face_0271_lod.bif,6,,,,,,
16032,5,2|7|2,Face2-7-2,,20,1,220272,p_d_f_face_0272_lod.bif,6,,,,,,
16033,5,2|7|3,Face2-7-3,,20,1,220273,p_d_f_face_0273_lod.bif,6,,,,,,
16034,5,2|7|4,Face2-7-4,,20,1,220274,p_d_f_face_0274_lod.bif,6,,,,,,
16035,5,2|7|5,Face2-7-5,,20,1,220275,p_d_f_face_0275_lod.bif,6,,,,,,
16036,5,2|7|6,Face2-7-6,,20,1,220276,p_d_f_face_0276_lod.bif,6,,,,,,
16037,5,2|7|7,Face2-7-7,,20,1,220277,p_d_f_face_0277_lod.bif,6,,,,,,
10503,5,3,Face3,,20,1,220300,p_d_f_face_0300_lod.nif,6,,,,,,
12380,5,3|0,Face3-0,,20,1,220300,p_d_f_face_0300_lod.nif,6,,,,,,
12381,5,3|1,Face3-1,,20,1,220310,p_d_f_face_0310_lod.nif,6,,,,,,
12382,5,3|2,Face3-2,,20,1,220320,p_d_f_face_0320_lod.nif,6,,,,,,
12383,5,3|3,Face3-3,,20,1,220330,p_d_f_face_0330_lod.nif,6,,,,,,
12384,5,3|4,Face3-4,,20,1,220340,p_d_f_face_0340_lod.nif,6,,,,,,
12385,5,3|5,Face3-5,,20,1,220350,p_d_f_face_0350_lod.nif,6,,,,,,
12386,5,3|6,Face3-6,,20,1,220360,p_d_f_face_0360_lod.nif,6,,,,,,
12387,5,3|7,Face3-7,,20,1,220370,p_d_f_face_0370_lod.nif,6,,,,,,
16040,5,3|0|0,Face3-0-0,,20,1,220300,p_d_f_face_0300_lod.nif,6,,,,,,
16041,5,3|0|1,Face3-0-1,,20,1,220301,p_d_f_face_0301_lod.bif,6,,,,,,
16042,5,3|0|2,Face3-0-2,,20,1,220302,p_d_f_face_0302_lod.bif,6,,,,,,
16043,5,3|0|3,Face3-0-3,,20,1,220303,p_d_f_face_0303_lod.bif,6,,,,,,
16044,5,3|0|4,Face3-0-4,,20,1,220304,p_d_f_face_0304_lod.bif,6,,,,,,
16045,5,3|0|5,Face3-0-5,,20,1,220305,p_d_f_face_0305_lod.bif,6,,,,,,
16046,5,3|0|6,Face3-0-6,,20,1,220306,p_d_f_face_0306_lod.bif,6,,,,,,
16047,5,3|0|7,Face3-0-7,,20,1,220307,p_d_f_face_0307_lod.bif,6,,,,,,
16050,5,3|1|0,Face3-1-0,,20,1,220310,p_d_f_face_0310_lod.nif,6,,,,,,
16051,5,3|1|1,Face3-1-1,,20,1,220311,p_d_f_face_0311_lod.bif,6,,,,,,
16052,5,3|1|2,Face3-1-2,,20,1,220312,p_d_f_face_0312_lod.bif,6,,,,,,
16053,5,3|1|3,Face3-1-3,,20,1,220313,p_d_f_face_0313_lod.bif,6,,,,,,
16054,5,3|1|4,Face3-1-4,,20,1,220314,p_d_f_face_0314_lod.bif,6,,,,,,
16055,5,3|1|5,Face3-1-5,,20,1,220315,p_d_f_face_0315_lod.bif,6,,,,,,
16056,5,3|1|6,Face3-1-6,,20,1,220316,p_d_f_face_0316_lod.bif,6,,,,,,
16057,5,3|1|7,Face3-1-7,,20,1,220317,p_d_f_face_0317_lod.bif,6,,,,,,
16060,5,3|2|0,Face3-2-0,,20,1,220320,p_d_f_face_0320_lod.nif,6,,,,,,
16061,5,3|2|1,Face3-2-1,,20,1,220321,p_d_f_face_0321_lod.bif,6,,,,,,
16062,5,3|2|2,Face3-2-2,,20,1,220322,p_d_f_face_0322_lod.bif,6,,,,,,
16063,5,3|2|3,Face3-2-3,,20,1,220323,p_d_f_face_0323_lod.bif,6,,,,,,
16064,5,3|2|4,Face3-2-4,,20,1,220324,p_d_f_face_0324_lod.bif,6,,,,,,
16065,5,3|2|5,Face3-2-5,,20,1,220325,p_d_f_face_0325_lod.bif,6,,,,,,
16066,5,3|2|6,Face3-2-6,,20,1,220326,p_d_f_face_0326_lod.bif,6,,,,,,
16067,5,3|2|7,Face3-2-7,,20,1,220327,p_d_f_face_0327_lod.bif,6,,,,,,
16070,5,3|3|0,Face3-3-0,,20,1,220330,p_d_f_face_0330_lod.nif,6,,,,,,
16071,5,3|3|1,Face3-3-1,,20,1,220331,p_d_f_face_0331_lod.bif,6,,,,,,
16072,5,3|3|2,Face3-3-2,,20,1,220332,p_d_f_face_0332_lod.bif,6,,,,,,
16073,5,3|3|3,Face3-3-3,,20,1,220333,p_d_f_face_0333_lod.bif,6,,,,,,
16074,5,3|3|4,Face3-3-4,,20,1,220334,p_d_f_face_0334_lod.bif,6,,,,,,
16075,5,3|3|5,Face3-3-5,,20,1,220335,p_d_f_face_0335_lod.bif,6,,,,,,
16076,5,3|3|6,Face3-3-6,,20,1,220336,p_d_f_face_0336_lod.bif,6,,,,,,
16077,5,3|3|7,Face3-3-7,,20,1,220337,p_d_f_face_0337_lod.bif,6,,,,,,
16080,5,3|4|0,Face3-4-0,,20,1,220340,p_d_f_face_0340_lod.nif,6,,,,,,
16081,5,3|4|1,Face3-4-1,,20,1,220341,p_d_f_face_0341_lod.bif,6,,,,,,
16082,5,3|4|2,Face3-4-2,,20,1,220342,p_d_f_face_0342_lod.bif,6,,,,,,
16083,5,3|4|3,Face3-4-3,,20,1,220343,p_d_f_face_0343_lod.bif,6,,,,,,
16084,5,3|4|4,Face3-4-4,,20,1,220344,p_d_f_face_0344_lod.bif,6,,,,,,
16085,5,3|4|5,Face3-4-5,,20,1,220345,p_d_f_face_0345_lod.bif,6,,,,,,
16086,5,3|4|6,Face3-4-6,,20,1,220346,p_d_f_face_0346_lod.bif,6,,,,,,
16087,5,3|4|7,Face3-4-7,,20,1,220347,p_d_f_face_0347_lod.bif,6,,,,,,
16090,5,3|5|0,Face3-5-0,,20,1,220350,p_d_f_face_0350_lod.nif,6,,,,,,
16091,5,3|5|1,Face3-5-1,,20,1,220351,p_d_f_face_0351_lod.bif,6,,,,,,
16092,5,3|5|2,Face3-5-2,,20,1,220352,p_d_f_face_0352_lod.bif,6,,,,,,
16093,5,3|5|3,Face3-5-3,,20,1,220353,p_d_f_face_0353_lod.bif,6,,,,,,
16094,5,3|5|4,Face3-5-4,,20,1,220354,p_d_f_face_0354_lod.bif,6,,,,,,
16095,5,3|5|5,Face3-5-5,,20,1,220355,p_d_f_face_0355_lod.bif,6,,,,,,
16096,5,3|5|6,Face3-5-6,,20,1,220356,p_d_f_face_0356_lod.bif,6,,,,,,
16097,5,3|5|7,Face3-5-7,,20,1,220357,p_d_f_face_0357_lod.bif,6,,,,,,
16100,5,3|6|0,Face3-6-0,,20,1,220360,p_d_f_face_0360_lod.nif,6,,,,,,
16101,5,3|6|1,Face3-6-1,,20,1,220361,p_d_f_face_0361_lod.bif,6,,,,,,
16102,5,3|6|2,Face3-6-2,,20,1,220362,p_d_f_face_0362_lod.bif,6,,,,,,
16103,5,3|6|3,Face3-6-3,,20,1,220363,p_d_f_face_0363_lod.bif,6,,,,,,
16104,5,3|6|4,Face3-6-4,,20,1,220364,p_d_f_face_0364_lod.bif,6,,,,,,
16105,5,3|6|5,Face3-6-5,,20,1,220365,p_d_f_face_0365_lod.bif,6,,,,,,
16106,5,3|6|6,Face3-6-6,,20,1,220366,p_d_f_face_0366_lod.bif,6,,,,,,
16107,5,3|6|7,Face3-6-7,,20,1,220367,p_d_f_face_0367_lod.bif,6,,,,,,
16110,5,3|7|0,Face3-7-0,,20,1,220370,p_d_f_face_0370_lod.nif,6,,,,,,
16111,5,3|7|1,Face3-7-1,,20,1,220371,p_d_f_face_0371_lod.bif,6,,,,,,
16112,5,3|7|2,Face3-7-2,,20,1,220372,p_d_f_face_0372_lod.bif,6,,,,,,
16113,5,3|7|3,Face3-7-3,,20,1,220373,p_d_f_face_0373_lod.bif,6,,,,,,
16114,5,3|7|4,Face3-7-4,,20,1,220374,p_d_f_face_0374_lod.bif,6,,,,,,
16115,5,3|7|5,Face3-7-5,,20,1,220375,p_d_f_face_0375_lod.bif,6,,,,,,
16116,5,3|7|6,Face3-7-6,,20,1,220376,p_d_f_face_0376_lod.bif,6,,,,,,
16117,5,3|7|7,Face3-7-7,,20,1,220377,p_d_f_face_0377_lod.bif,6,,,,,,
10504,5,4,Face4,,20,1,220400,p_d_f_face_0400_lod.nif,6,,,,,,
12390,5,4|0,Face4-0,,20,1,220400,p_d_f_face_0400_lod.nif,6,,,,,,
12391,5,4|1,Face4-1,,20,1,220410,p_d_f_face_0410_lod.nif,6,,,,,,
12392,5,4|2,Face4-2,,20,1,220420,p_d_f_face_0420_lod.nif,6,,,,,,
12393,5,4|3,Face4-3,,20,1,220430,p_d_f_face_0430_lod.nif,6,,,,,,
12394,5,4|4,Face4-4,,20,1,220440,p_d_f_face_0440_lod.nif,6,,,,,,
12395,5,4|5,Face4-5,,20,1,220450,p_d_f_face_0450_lod.nif,6,,,,,,
12396,5,4|6,Face4-6,,20,1,220460,p_d_f_face_0460_lod.nif,6,,,,,,
12397,5,4|7,Face4-7,,20,1,220470,p_d_f_face_0470_lod.nif,6,,,,,,
16120,5,4|0|0,Face4-0-0,,20,1,220400,p_d_f_face_0400_lod.nif,6,,,,,,
16121,5,4|0|1,Face4-0-1,,20,1,220401,p_d_f_face_0401_lod.bif,6,,,,,,
16122,5,4|0|2,Face4-0-2,,20,1,220402,p_d_f_face_0402_lod.bif,6,,,,,,
16123,5,4|0|3,Face4-0-3,,20,1,220403,p_d_f_face_0403_lod.bif,6,,,,,,
16124,5,4|0|4,Face4-0-4,,20,1,220404,p_d_f_face_0404_lod.bif,6,,,,,,
16125,5,4|0|5,Face4-0-5,,20,1,220405,p_d_f_face_0405_lod.bif,6,,,,,,
16126,5,4|0|6,Face4-0-6,,20,1,220406,p_d_f_face_0406_lod.bif,6,,,,,,
16127,5,4|0|7,Face4-0-7,,20,1,220407,p_d_f_face_0407_lod.bif,6,,,,,,
16130,5,4|1|0,Face4-1-0,,20,1,220410,p_d_f_face_0410_lod.nif,6,,,,,,
16131,5,4|1|1,Face4-1-1,,20,1,220411,p_d_f_face_0411_lod.bif,6,,,,,,
16132,5,4|1|2,Face4-1-2,,20,1,220412,p_d_f_face_0412_lod.bif,6,,,,,,
16133,5,4|1|3,Face4-1-3,,20,1,220413,p_d_f_face_0413_lod.bif,6,,,,,,
16134,5,4|1|4,Face4-1-4,,20,1,220414,p_d_f_face_0414_lod.bif,6,,,,,,
16135,5,4|1|5,Face4-1-5,,20,1,220415,p_d_f_face_0415_lod.bif,6,,,,,,
16136,5,4|1|6,Face4-1-6,,20,1,220416,p_d_f_face_0416_lod.bif,6,,,,,,
16137,5,4|1|7,Face4-1-7,,20,1,220417,p_d_f_face_0417_lod.bif,6,,,,,,
16140,5,4|2|0,Face4-2-0,,20,1,220420,p_d_f_face_0420_lod.nif,6,,,,,,
16141,5,4|2|1,Face4-2-1,,20,1,220421,p_d_f_face_0421_lod.bif,6,,,,,,
16142,5,4|2|2,Face4-2-2,,20,1,220422,p_d_f_face_0422_lod.bif,6,,,,,,
16143,5,4|2|3,Face4-2-3,,20,1,220423,p_d_f_face_0423_lod.bif,6,,,,,,
16144,5,4|2|4,Face4-2-4,,20,1,220424,p_d_f_face_0424_lod.bif,6,,,,,,
16145,5,4|2|5,Face4-2-5,,20,1,220425,p_d_f_face_0425_lod.bif,6,,,,,,
16146,5,4|2|6,Face4-2-6,,20,1,220426,p_d_f_face_0426_lod.bif,6,,,,,,
16147,5,4|2|7,Face4-2-7,,20,1,220427,p_d_f_face_0427_lod.bif,6,,,,,,
16150,5,4|3|0,Face4-3-0,,20,1,220430,p_d_f_face_0430_lod.nif,6,,,,,,
16151,5,4|3|1,Face4-3-1,,20,1,220431,p_d_f_face_0431_lod.bif,6,,,,,,
16152,5,4|3|2,Face4-3-2,,20,1,220432,p_d_f_face_0432_lod.bif,6,,,,,,
16153,5,4|3|3,Face4-3-3,,20,1,220433,p_d_f_face_0433_lod.bif,6,,,,,,
16154,5,4|3|4,Face4-3-4,,20,1,220434,p_d_f_face_0434_lod.bif,6,,,,,,
16155,5,4|3|5,Face4-3-5,,20,1,220435,p_d_f_face_0435_lod.bif,6,,,,,,
16156,5,4|3|6,Face4-3-6,,20,1,220436,p_d_f_face_0436_lod.bif,6,,,,,,
16157,5,4|3|7,Face4-3-7,,20,1,220437,p_d_f_face_0437_lod.bif,6,,,,,,
16160,5,4|4|0,Face4-4-0,,20,1,220440,p_d_f_face_0440_lod.nif,6,,,,,,
16161,5,4|4|1,Face4-4-1,,20,1,220441,p_d_f_face_0441_lod.bif,6,,,,,,
16162,5,4|4|2,Face4-4-2,,20,1,220442,p_d_f_face_0442_lod.bif,6,,,,,,
16163,5,4|4|3,Face4-4-3,,20,1,220443,p_d_f_face_0443_lod.bif,6,,,,,,
16164,5,4|4|4,Face4-4-4,,20,1,220444,p_d_f_face_0444_lod.bif,6,,,,,,
16165,5,4|4|5,Face4-4-5,,20,1,220445,p_d_f_face_0445_lod.bif,6,,,,,,
16166,5,4|4|6,Face4-4-6,,20,1,220446,p_d_f_face_0446_lod.bif,6,,,,,,
16167,5,4|4|7,Face4-4-7,,20,1,220447,p_d_f_face_0447_lod.bif,6,,,,,,
16170,5,4|5|0,Face4-5-0,,20,1,220450,p_d_f_face_0450_lod.nif,6,,,,,,
16171,5,4|5|1,Face4-5-1,,20,1,220451,p_d_f_face_0451_lod.bif,6,,,,,,
16172,5,4|5|2,Face4-5-2,,20,1,220452,p_d_f_face_0452_lod.bif,6,,,,,,
16173,5,4|5|3,Face4-5-3,,20,1,220453,p_d_f_face_0453_lod.bif,6,,,,,,
16174,5,4|5|4,Face4-5-4,,20,1,220454,p_d_f_face_0454_lod.bif,6,,,,,,
16175,5,4|5|5,Face4-5-5,,20,1,220455,p_d_f_face_0455_lod.bif,6,,,,,,
16176,5,4|5|6,Face4-5-6,,20,1,220456,p_d_f_face_0456_lod.bif,6,,,,,,
16177,5,4|5|7,Face4-5-7,,20,1,220457,p_d_f_face_0457_lod.bif,6,,,,,,
16180,5,4|6|0,Face4-6-0,,20,1,220460,p_d_f_face_0460_lod.nif,6,,,,,,
16181,5,4|6|1,Face4-6-1,,20,1,220461,p_d_f_face_0461_lod.bif,6,,,,,,
16182,5,4|6|2,Face4-6-2,,20,1,220462,p_d_f_face_0462_lod.bif,6,,,,,,
16183,5,4|6|3,Face4-6-3,,20,1,220463,p_d_f_face_0463_lod.bif,6,,,,,,
16184,5,4|6|4,Face4-6-4,,20,1,220464,p_d_f_face_0464_lod.bif,6,,,,,,
16185,5,4|6|5,Face4-6-5,,20,1,220465,p_d_f_face_0465_lod.bif,6,,,,,,
16186,5,4|6|6,Face4-6-6,,20,1,220466,p_d_f_face_0466_lod.bif,6,,,,,,
16187,5,4|6|7,Face4-6-7,,20,1,220467,p_d_f_face_0467_lod.bif,6,,,,,,
16190,5,4|7|0,Face4-7-0,,20,1,220470,p_d_f_face_0470_lod.nif,6,,,,,,
16191,5,4|7|1,Face4-7-1,,20,1,220471,p_d_f_face_0471_lod.bif,6,,,,,,
16192,5,4|7|2,Face4-7-2,,20,1,220472,p_d_f_face_0472_lod.bif,6,,,,,,
16193,5,4|7|3,Face4-7-3,,20,1,220473,p_d_f_face_0473_lod.bif,6,,,,,,
16194,5,4|7|4,Face4-7-4,,20,1,220474,p_d_f_face_0474_lod.bif,6,,,,,,
16195,5,4|7|5,Face4-7-5,,20,1,220475,p_d_f_face_0475_lod.bif,6,,,,,,
16196,5,4|7|6,Face4-7-6,,20,1,220476,p_d_f_face_0476_lod.bif,6,,,,,,
16197,5,4|7|7,Face4-7-7,,20,1,220477,p_d_f_face_0477_lod.bif,6,,,,,,
10600,5,0,Face0,,20,1,720000,p_o_m_face_0000_lod.nif,7,,,,,,
12100,5,0|0,Face0-0,,20,1,720000,p_o_m_face_0000_lod.nif,7,,,,,,
12101,5,0|1,Face0-1,,20,1,720010,p_o_m_face_0010_lod.nif,7,,,,,,
12102,5,0|2,Face0-2,,20,1,720020,p_o_m_face_0020_lod.nif,7,,,,,,
12103,5,0|3,Face0-3,,20,1,720030,p_o_m_face_0030_lod.nif,7,,,,,,
12104,5,0|4,Face0-4,,20,1,720040,p_o_m_face_0040_lod.nif,7,,,,,,
12105,5,0|5,Face0-5,,20,1,720050,p_o_m_face_0050_lod.nif,7,,,,,,
12106,5,0|6,Face0-6,,20,1,720060,p_o_m_face_0060_lod.nif,7,,,,,,
12107,5,0|7,Face0-7,,20,1,720070,p_o_m_face_0070_lod.nif,7,,,,,,
13500,5,0|0|0,Face0-0-0,,20,1,720000,p_o_m_face_0000_lod.nif,7,,,,,,
13501,5,0|0|1,Face0-0-1,,20,1,720001,p_o_m_face_0001_lod.bif,7,,,,,,
13502,5,0|0|2,Face0-0-2,,20,1,720002,p_o_m_face_0002_lod.bif,7,,,,,,
13503,5,0|0|3,Face0-0-3,,20,1,720003,p_o_m_face_0003_lod.bif,7,,,,,,
13504,5,0|0|4,Face0-0-4,,20,1,720004,p_o_m_face_0004_lod.bif,7,,,,,,
13505,5,0|0|5,Face0-0-5,,20,1,720005,p_o_m_face_0005_lod.bif,7,,,,,,
13506,5,0|0|6,Face0-0-6,,20,1,720006,p_o_m_face_0006_lod.bif,7,,,,,,
13507,5,0|0|7,Face0-0-7,,20,1,720007,p_o_m_face_0007_lod.bif,7,,,,,,
13510,5,0|1|0,Face0-1-0,,20,1,720010,p_o_m_face_0010_lod.nif,7,,,,,,
13511,5,0|1|1,Face0-1-1,,20,1,720011,p_o_m_face_0011_lod.bif,7,,,,,,
13512,5,0|1|2,Face0-1-2,,20,1,720012,p_o_m_face_0012_lod.bif,7,,,,,,
13513,5,0|1|3,Face0-1-3,,20,1,720013,p_o_m_face_0013_lod.bif,7,,,,,,
13514,5,0|1|4,Face0-1-4,,20,1,720014,p_o_m_face_0014_lod.bif,7,,,,,,
13515,5,0|1|5,Face0-1-5,,20,1,720015,p_o_m_face_0015_lod.bif,7,,,,,,
13516,5,0|1|6,Face0-1-6,,20,1,720016,p_o_m_face_0016_lod.bif,7,,,,,,
13517,5,0|1|7,Face0-1-7,,20,1,720017,p_o_m_face_0017_lod.bif,7,,,,,,
13520,5,0|2|0,Face0-2-0,,20,1,720020,p_o_m_face_0020_lod.nif,7,,,,,,
13521,5,0|2|1,Face0-2-1,,20,1,720021,p_o_m_face_0021_lod.bif,7,,,,,,
13522,5,0|2|2,Face0-2-2,,20,1,720022,p_o_m_face_0022_lod.bif,7,,,,,,
13523,5,0|2|3,Face0-2-3,,20,1,720023,p_o_m_face_0023_lod.bif,7,,,,,,
13524,5,0|2|4,Face0-2-4,,20,1,720024,p_o_m_face_0024_lod.bif,7,,,,,,
13525,5,0|2|5,Face0-2-5,,20,1,720025,p_o_m_face_0025_lod.bif,7,,,,,,
13526,5,0|2|6,Face0-2-6,,20,1,720026,p_o_m_face_0026_lod.bif,7,,,,,,
13527,5,0|2|7,Face0-2-7,,20,1,720027,p_o_m_face_0027_lod.bif,7,,,,,,
13530,5,0|3|0,Face0-3-0,,20,1,720030,p_o_m_face_0030_lod.nif,7,,,,,,
13531,5,0|3|1,Face0-3-1,,20,1,720031,p_o_m_face_0031_lod.bif,7,,,,,,
13532,5,0|3|2,Face0-3-2,,20,1,720032,p_o_m_face_0032_lod.bif,7,,,,,,
13533,5,0|3|3,Face0-3-3,,20,1,720033,p_o_m_face_0033_lod.bif,7,,,,,,
13534,5,0|3|4,Face0-3-4,,20,1,720034,p_o_m_face_0034_lod.bif,7,,,,,,
13535,5,0|3|5,Face0-3-5,,20,1,720035,p_o_m_face_0035_lod.bif,7,,,,,,
13536,5,0|3|6,Face0-3-6,,20,1,720036,p_o_m_face_0036_lod.bif,7,,,,,,
13537,5,0|3|7,Face0-3-7,,20,1,720037,p_o_m_face_0037_lod.bif,7,,,,,,
13540,5,0|4|0,Face0-4-0,,20,1,720040,p_o_m_face_0040_lod.nif,7,,,,,,
13541,5,0|4|1,Face0-4-1,,20,1,720041,p_o_m_face_0041_lod.bif,7,,,,,,
13542,5,0|4|2,Face0-4-2,,20,1,720042,p_o_m_face_0042_lod.bif,7,,,,,,
13543,5,0|4|3,Face0-4-3,,20,1,720043,p_o_m_face_0043_lod.bif,7,,,,,,
13544,5,0|4|4,Face0-4-4,,20,1,720044,p_o_m_face_0044_lod.bif,7,,,,,,
13545,5,0|4|5,Face0-4-5,,20,1,720045,p_o_m_face_0045_lod.bif,7,,,,,,
13546,5,0|4|6,Face0-4-6,,20,1,720046,p_o_m_face_0046_lod.bif,7,,,,,,
13547,5,0|4|7,Face0-4-7,,20,1,720047,p_o_m_face_0047_lod.bif,7,,,,,,
14300,5,0|5|0,Face0-5-0,,20,1,720050,p_o_m_face_0050_lod.nif,7,,,,,,
14301,5,0|5|1,Face0-5-1,,20,1,720051,p_o_m_face_0051_lod.bif,7,,,,,,
14302,5,0|5|2,Face0-5-2,,20,1,720052,p_o_m_face_0052_lod.bif,7,,,,,,
14303,5,0|5|3,Face0-5-3,,20,1,720053,p_o_m_face_0053_lod.bif,7,,,,,,
14304,5,0|5|4,Face0-5-4,,20,1,720054,p_o_m_face_0054_lod.bif,7,,,,,,
14305,5,0|5|5,Face0-5-5,,20,1,720055,p_o_m_face_0055_lod.bif,7,,,,,,
14306,5,0|5|6,Face0-5-6,,20,1,720056,p_o_m_face_0056_lod.bif,7,,,,,,
14307,5,0|5|7,Face0-5-7,,20,1,720057,p_o_m_face_0057_lod.bif,7,,,,,,
14310,5,0|6|0,Face0-6-0,,20,1,720060,p_o_m_face_0060_lod.nif,7,,,,,,
14311,5,0|6|1,Face0-6-1,,20,1,720061,p_o_m_face_0061_lod.bif,7,,,,,,
14312,5,0|6|2,Face0-6-2,,20,1,720062,p_o_m_face_0062_lod.bif,7,,,,,,
14313,5,0|6|3,Face0-6-3,,20,1,720063,p_o_m_face_0063_lod.bif,7,,,,,,
14314,5,0|6|4,Face0-6-4,,20,1,720064,p_o_m_face_0064_lod.bif,7,,,,,,
14315,5,0|6|5,Face0-6-5,,20,1,720065,p_o_m_face_0065_lod.bif,7,,,,,,
14316,5,0|6|6,Face0-6-6,,20,1,720066,p_o_m_face_0066_lod.bif,7,,,,,,
14317,5,0|6|7,Face0-6-7,,20,1,720067,p_o_m_face_0067_lod.bif,7,,,,,,
14320,5,0|7|0,Face0-7-0,,20,1,720070,p_o_m_face_0070_lod.nif,7,,,,,,
14321,5,0|7|1,Face0-7-1,,20,1,720071,p_o_m_face_0071_lod.bif,7,,,,,,
14322,5,0|7|2,Face0-7-2,,20,1,720072,p_o_m_face_0072_lod.bif,7,,,,,,
14323,5,0|7|3,Face0-7-3,,20,1,720073,p_o_m_face_0073_lod.bif,7,,,,,,
14324,5,0|7|4,Face0-7-4,,20,1,720074,p_o_m_face_0074_lod.bif,7,,,,,,
14325,5,0|7|5,Face0-7-5,,20,1,720075,p_o_m_face_0075_lod.bif,7,,,,,,
14326,5,0|7|6,Face0-7-6,,20,1,720076,p_o_m_face_0076_lod.bif,7,,,,,,
14327,5,0|7|7,Face0-7-7,,20,1,720077,p_o_m_face_0077_lod.bif,7,,,,,,
10601,5,1,Face1,,20,1,720100,p_o_m_face_0100_lod.nif,7,,,,,,
12110,5,1|0,Face1-0,,20,1,720100,p_o_m_face_0100_lod.nif,7,,,,,,
12111,5,1|1,Face1-1,,20,1,720110,p_o_m_face_0110_lod.nif,7,,,,,,
12112,5,1|2,Face1-2,,20,1,720120,p_o_m_face_0120_lod.nif,7,,,,,,
12113,5,1|3,Face1-3,,20,1,720130,p_o_m_face_0130_lod.nif,7,,,,,,
12114,5,1|4,Face1-4,,20,1,720140,p_o_m_face_0140_lod.nif,7,,,,,,
12115,5,1|5,Face1-5,,20,1,720150,p_o_m_face_0150_lod.nif,7,,,,,,
12116,5,1|6,Face1-6,,20,1,720160,p_o_m_face_0160_lod.nif,7,,,,,,
12117,5,1|7,Face1-7,,20,1,720170,p_o_m_face_0170_lod.nif,7,,,,,,
13550,5,1|0|0,Face1-0-0,,20,1,720100,p_o_m_face_0100_lod.nif,7,,,,,,
13551,5,1|0|1,Face1-0-1,,20,1,720101,p_o_m_face_0101_lod.bif,7,,,,,,
13552,5,1|0|2,Face1-0-2,,20,1,720102,p_o_m_face_0102_lod.bif,7,,,,,,
13553,5,1|0|3,Face1-0-3,,20,1,720103,p_o_m_face_0103_lod.bif,7,,,,,,
13554,5,1|0|4,Face1-0-4,,20,1,720104,p_o_m_face_0104_lod.bif,7,,,,,,
13555,5,1|0|5,Face1-0-5,,20,1,720105,p_o_m_face_0105_lod.bif,7,,,,,,
13556,5,1|0|6,Face1-0-6,,20,1,720106,p_o_m_face_0106_lod.bif,7,,,,,,
13557,5,1|0|7,Face1-0-7,,20,1,720107,p_o_m_face_0107_lod.bif,7,,,,,,
13560,5,1|1|0,Face1-1-0,,20,1,720110,p_o_m_face_0110_lod.nif,7,,,,,,
13561,5,1|1|1,Face1-1-1,,20,1,720111,p_o_m_face_0111_lod.bif,7,,,,,,
13562,5,1|1|2,Face1-1-2,,20,1,720112,p_o_m_face_0112_lod.bif,7,,,,,,
13563,5,1|1|3,Face1-1-3,,20,1,720113,p_o_m_face_0113_lod.bif,7,,,,,,
13564,5,1|1|4,Face1-1-4,,20,1,720114,p_o_m_face_0114_lod.bif,7,,,,,,
13565,5,1|1|5,Face1-1-5,,20,1,720115,p_o_m_face_0115_lod.bif,7,,,,,,
13566,5,1|1|6,Face1-1-6,,20,1,720116,p_o_m_face_0116_lod.bif,7,,,,,,
13567,5,1|1|7,Face1-1-7,,20,1,720117,p_o_m_face_0117_lod.bif,7,,,,,,
13570,5,1|2|0,Face1-2-0,,20,1,720120,p_o_m_face_0120_lod.nif,7,,,,,,
13571,5,1|2|1,Face1-2-1,,20,1,720121,p_o_m_face_0121_lod.bif,7,,,,,,
13572,5,1|2|2,Face1-2-2,,20,1,720122,p_o_m_face_0122_lod.bif,7,,,,,,
13573,5,1|2|3,Face1-2-3,,20,1,720123,p_o_m_face_0123_lod.bif,7,,,,,,
13574,5,1|2|4,Face1-2-4,,20,1,720124,p_o_m_face_0124_lod.bif,7,,,,,,
13575,5,1|2|5,Face1-2-5,,20,1,720125,p_o_m_face_0125_lod.bif,7,,,,,,
13576,5,1|2|6,Face1-2-6,,20,1,720126,p_o_m_face_0126_lod.bif,7,,,,,,
13577,5,1|2|7,Face1-2-7,,20,1,720127,p_o_m_face_0127_lod.bif,7,,,,,,
13580,5,1|3|0,Face1-3-0,,20,1,720130,p_o_m_face_0130_lod.nif,7,,,,,,
13581,5,1|3|1,Face1-3-1,,20,1,720131,p_o_m_face_0131_lod.bif,7,,,,,,
13582,5,1|3|2,Face1-3-2,,20,1,720132,p_o_m_face_0132_lod.bif,7,,,,,,
13583,5,1|3|3,Face1-3-3,,20,1,720133,p_o_m_face_0133_lod.bif,7,,,,,,
13584,5,1|3|4,Face1-3-4,,20,1,720134,p_o_m_face_0134_lod.bif,7,,,,,,
13585,5,1|3|5,Face1-3-5,,20,1,720135,p_o_m_face_0135_lod.bif,7,,,,,,
13586,5,1|3|6,Face1-3-6,,20,1,720136,p_o_m_face_0136_lod.bif,7,,,,,,
13587,5,1|3|7,Face1-3-7,,20,1,720137,p_o_m_face_0137_lod.bif,7,,,,,,
13590,5,1|4|0,Face1-4-0,,20,1,720140,p_o_m_face_0140_lod.nif,7,,,,,,
13591,5,1|4|1,Face1-4-1,,20,1,720141,p_o_m_face_0141_lod.bif,7,,,,,,
13592,5,1|4|2,Face1-4-2,,20,1,720142,p_o_m_face_0142_lod.bif,7,,,,,,
13593,5,1|4|3,Face1-4-3,,20,1,720143,p_o_m_face_0143_lod.bif,7,,,,,,
13594,5,1|4|4,Face1-4-4,,20,1,720144,p_o_m_face_0144_lod.bif,7,,,,,,
13595,5,1|4|5,Face1-4-5,,20,1,720145,p_o_m_face_0145_lod.bif,7,,,,,,
13596,5,1|4|6,Face1-4-6,,20,1,720146,p_o_m_face_0146_lod.bif,7,,,,,,
13597,5,1|4|7,Face1-4-7,,20,1,720147,p_o_m_face_0147_lod.bif,7,,,,,,
14330,5,1|5|0,Face1-5-0,,20,1,720150,p_o_m_face_0150_lod.nif,7,,,,,,
14331,5,1|5|1,Face1-5-1,,20,1,720151,p_o_m_face_0151_lod.bif,7,,,,,,
14332,5,1|5|2,Face1-5-2,,20,1,720152,p_o_m_face_0152_lod.bif,7,,,,,,
14333,5,1|5|3,Face1-5-3,,20,1,720153,p_o_m_face_0153_lod.bif,7,,,,,,
14334,5,1|5|4,Face1-5-4,,20,1,720154,p_o_m_face_0154_lod.bif,7,,,,,,
14335,5,1|5|5,Face1-5-5,,20,1,720155,p_o_m_face_0155_lod.bif,7,,,,,,
14336,5,1|5|6,Face1-5-6,,20,1,720156,p_o_m_face_0156_lod.bif,7,,,,,,
14337,5,1|5|7,Face1-5-7,,20,1,720157,p_o_m_face_0157_lod.bif,7,,,,,,
14340,5,1|6|0,Face1-6-0,,20,1,720160,p_o_m_face_0160_lod.nif,7,,,,,,
14341,5,1|6|1,Face1-6-1,,20,1,720161,p_o_m_face_0161_lod.bif,7,,,,,,
14342,5,1|6|2,Face1-6-2,,20,1,720162,p_o_m_face_0162_lod.bif,7,,,,,,
14343,5,1|6|3,Face1-6-3,,20,1,720163,p_o_m_face_0163_lod.bif,7,,,,,,
14344,5,1|6|4,Face1-6-4,,20,1,720164,p_o_m_face_0164_lod.bif,7,,,,,,
14345,5,1|6|5,Face1-6-5,,20,1,720165,p_o_m_face_0165_lod.bif,7,,,,,,
14346,5,1|6|6,Face1-6-6,,20,1,720166,p_o_m_face_0166_lod.bif,7,,,,,,
14347,5,1|6|7,Face1-6-7,,20,1,720167,p_o_m_face_0167_lod.bif,7,,,,,,
14350,5,1|7|0,Face1-7-0,,20,1,720170,p_o_m_face_0170_lod.nif,7,,,,,,
14351,5,1|7|1,Face1-7-1,,20,1,720171,p_o_m_face_0171_lod.bif,7,,,,,,
14352,5,1|7|2,Face1-7-2,,20,1,720172,p_o_m_face_0172_lod.bif,7,,,,,,
14353,5,1|7|3,Face1-7-3,,20,1,720173,p_o_m_face_0173_lod.bif,7,,,,,,
14354,5,1|7|4,Face1-7-4,,20,1,720174,p_o_m_face_0174_lod.bif,7,,,,,,
14355,5,1|7|5,Face1-7-5,,20,1,720175,p_o_m_face_0175_lod.bif,7,,,,,,
14356,5,1|7|6,Face1-7-6,,20,1,720176,p_o_m_face_0176_lod.bif,7,,,,,,
14357,5,1|7|7,Face1-7-7,,20,1,720177,p_o_m_face_0177_lod.bif,7,,,,,,
10602,5,2,Face2,,20,1,720200,p_o_m_face_0200_lod.nif,7,,,,,,
12120,5,2|0,Face2-0,,20,1,720200,p_o_m_face_0200_lod.nif,7,,,,,,
12121,5,2|1,Face2-1,,20,1,720210,p_o_m_face_0210_lod.nif,7,,,,,,
12122,5,2|2,Face2-2,,20,1,720220,p_o_m_face_0220_lod.nif,7,,,,,,
12123,5,2|3,Face2-3,,20,1,720230,p_o_m_face_0230_lod.nif,7,,,,,,
12124,5,2|4,Face2-4,,20,1,720240,p_o_m_face_0240_lod.nif,7,,,,,,
12125,5,2|5,Face2-5,,20,1,720250,p_o_m_face_0250_lod.nif,7,,,,,,
12126,5,2|6,Face2-6,,20,1,720260,p_o_m_face_0260_lod.nif,7,,,,,,
12127,5,2|7,Face2-7,,20,1,720270,p_o_m_face_0270_lod.nif,7,,,,,,
13600,5,2|0|0,Face2-0-0,,20,1,720200,p_o_m_face_0200_lod.nif,7,,,,,,
13601,5,2|0|1,Face2-0-1,,20,1,720201,p_o_m_face_0201_lod.bif,7,,,,,,
13602,5,2|0|2,Face2-0-2,,20,1,720202,p_o_m_face_0202_lod.bif,7,,,,,,
13603,5,2|0|3,Face2-0-3,,20,1,720203,p_o_m_face_0203_lod.bif,7,,,,,,
13604,5,2|0|4,Face2-0-4,,20,1,720204,p_o_m_face_0204_lod.bif,7,,,,,,
13605,5,2|0|5,Face2-0-5,,20,1,720205,p_o_m_face_0205_lod.bif,7,,,,,,
13606,5,2|0|6,Face2-0-6,,20,1,720206,p_o_m_face_0206_lod.bif,7,,,,,,
13607,5,2|0|7,Face2-0-7,,20,1,720207,p_o_m_face_0207_lod.bif,7,,,,,,
13610,5,2|1|0,Face2-1-0,,20,1,720210,p_o_m_face_0210_lod.nif,7,,,,,,
13611,5,2|1|1,Face2-1-1,,20,1,720211,p_o_m_face_0211_lod.bif,7,,,,,,
13612,5,2|1|2,Face2-1-2,,20,1,720212,p_o_m_face_0212_lod.bif,7,,,,,,
13613,5,2|1|3,Face2-1-3,,20,1,720213,p_o_m_face_0213_lod.bif,7,,,,,,
13614,5,2|1|4,Face2-1-4,,20,1,720214,p_o_m_face_0214_lod.bif,7,,,,,,
13615,5,2|1|5,Face2-1-5,,20,1,720215,p_o_m_face_0215_lod.bif,7,,,,,,
13616,5,2|1|6,Face2-1-6,,20,1,720216,p_o_m_face_0216_lod.bif,7,,,,,,
13617,5,2|1|7,Face2-1-7,,20,1,720217,p_o_m_face_0217_lod.bif,7,,,,,,
13620,5,2|2|0,Face2-2-0,,20,1,720220,p_o_m_face_0220_lod.nif,7,,,,,,
13621,5,2|2|1,Face2-2-1,,20,1,720221,p_o_m_face_0221_lod.bif,7,,,,,,
13622,5,2|2|2,Face2-2-2,,20,1,720222,p_o_m_face_0222_lod.bif,7,,,,,,
13623,5,2|2|3,Face2-2-3,,20,1,720223,p_o_m_face_0223_lod.bif,7,,,,,,
13624,5,2|2|4,Face2-2-4,,20,1,720224,p_o_m_face_0224_lod.bif,7,,,,,,
13625,5,2|2|5,Face2-2-5,,20,1,720225,p_o_m_face_0225_lod.bif,7,,,,,,
13626,5,2|2|6,Face2-2-6,,20,1,720226,p_o_m_face_0226_lod.bif,7,,,,,,
13627,5,2|2|7,Face2-2-7,,20,1,720227,p_o_m_face_0227_lod.bif,7,,,,,,
13630,5,2|3|0,Face2-3-0,,20,1,720230,p_o_m_face_0230_lod.nif,7,,,,,,
13631,5,2|3|1,Face2-3-1,,20,1,720231,p_o_m_face_0231_lod.bif,7,,,,,,
13632,5,2|3|2,Face2-3-2,,20,1,720232,p_o_m_face_0232_lod.bif,7,,,,,,
13633,5,2|3|3,Face2-3-3,,20,1,720233,p_o_m_face_0233_lod.bif,7,,,,,,
13634,5,2|3|4,Face2-3-4,,20,1,720234,p_o_m_face_0234_lod.bif,7,,,,,,
13635,5,2|3|5,Face2-3-5,,20,1,720235,p_o_m_face_0235_lod.bif,7,,,,,,
13636,5,2|3|6,Face2-3-6,,20,1,720236,p_o_m_face_0236_lod.bif,7,,,,,,
13637,5,2|3|7,Face2-3-7,,20,1,720237,p_o_m_face_0237_lod.bif,7,,,,,,
13640,5,2|4|0,Face2-4-0,,20,1,720240,p_o_m_face_0240_lod.nif,7,,,,,,
13641,5,2|4|1,Face2-4-1,,20,1,720241,p_o_m_face_0241_lod.bif,7,,,,,,
13642,5,2|4|2,Face2-4-2,,20,1,720242,p_o_m_face_0242_lod.bif,7,,,,,,
13643,5,2|4|3,Face2-4-3,,20,1,720243,p_o_m_face_0243_lod.bif,7,,,,,,
13644,5,2|4|4,Face2-4-4,,20,1,720244,p_o_m_face_0244_lod.bif,7,,,,,,
13645,5,2|4|5,Face2-4-5,,20,1,720245,p_o_m_face_0245_lod.bif,7,,,,,,
13646,5,2|4|6,Face2-4-6,,20,1,720246,p_o_m_face_0246_lod.bif,7,,,,,,
13647,5,2|4|7,Face2-4-7,,20,1,720247,p_o_m_face_0247_lod.bif,7,,,,,,
14360,5,2|5|0,Face2-5-0,,20,1,720250,p_o_m_face_0250_lod.nif,7,,,,,,
14361,5,2|5|1,Face2-5-1,,20,1,720251,p_o_m_face_0251_lod.bif,7,,,,,,
14362,5,2|5|2,Face2-5-2,,20,1,720252,p_o_m_face_0252_lod.bif,7,,,,,,
14363,5,2|5|3,Face2-5-3,,20,1,720253,p_o_m_face_0253_lod.bif,7,,,,,,
14364,5,2|5|4,Face2-5-4,,20,1,720254,p_o_m_face_0254_lod.bif,7,,,,,,
14365,5,2|5|5,Face2-5-5,,20,1,720255,p_o_m_face_0255_lod.bif,7,,,,,,
14366,5,2|5|6,Face2-5-6,,20,1,720256,p_o_m_face_0256_lod.bif,7,,,,,,
14367,5,2|5|7,Face2-5-7,,20,1,720257,p_o_m_face_0257_lod.bif,7,,,,,,
14370,5,2|6|0,Face2-6-0,,20,1,720260,p_o_m_face_0260_lod.nif,7,,,,,,
14371,5,2|6|1,Face2-6-1,,20,1,720261,p_o_m_face_0261_lod.bif,7,,,,,,
14372,5,2|6|2,Face2-6-2,,20,1,720262,p_o_m_face_0262_lod.bif,7,,,,,,
14373,5,2|6|3,Face2-6-3,,20,1,720263,p_o_m_face_0263_lod.bif,7,,,,,,
14374,5,2|6|4,Face2-6-4,,20,1,720264,p_o_m_face_0264_lod.bif,7,,,,,,
14375,5,2|6|5,Face2-6-5,,20,1,720265,p_o_m_face_0265_lod.bif,7,,,,,,
14376,5,2|6|6,Face2-6-6,,20,1,720266,p_o_m_face_0266_lod.bif,7,,,,,,
14377,5,2|6|7,Face2-6-7,,20,1,720267,p_o_m_face_0267_lod.bif,7,,,,,,
14380,5,2|7|0,Face2-7-0,,20,1,720270,p_o_m_face_0270_lod.nif,7,,,,,,
14381,5,2|7|1,Face2-7-1,,20,1,720271,p_o_m_face_0271_lod.bif,7,,,,,,
14382,5,2|7|2,Face2-7-2,,20,1,720272,p_o_m_face_0272_lod.bif,7,,,,,,
14383,5,2|7|3,Face2-7-3,,20,1,720273,p_o_m_face_0273_lod.bif,7,,,,,,
14384,5,2|7|4,Face2-7-4,,20,1,720274,p_o_m_face_0274_lod.bif,7,,,,,,
14385,5,2|7|5,Face2-7-5,,20,1,720275,p_o_m_face_0275_lod.bif,7,,,,,,
14386,5,2|7|6,Face2-7-6,,20,1,720276,p_o_m_face_0276_lod.bif,7,,,,,,
14387,5,2|7|7,Face2-7-7,,20,1,720277,p_o_m_face_0277_lod.bif,7,,,,,,
10603,5,3,Face3,,20,1,720300,p_o_m_face_0300_lod.nif,7,,,,,,
12130,5,3|0,Face3-0,,20,1,720300,p_o_m_face_0300_lod.nif,7,,,,,,
12131,5,3|1,Face3-1,,20,1,720310,p_o_m_face_0310_lod.nif,7,,,,,,
12132,5,3|2,Face3-2,,20,1,720320,p_o_m_face_0320_lod.nif,7,,,,,,
12133,5,3|3,Face3-3,,20,1,720330,p_o_m_face_0330_lod.nif,7,,,,,,
12134,5,3|4,Face3-4,,20,1,720340,p_o_m_face_0340_lod.nif,7,,,,,,
12135,5,3|5,Face3-5,,20,1,720350,p_o_m_face_0350_lod.nif,7,,,,,,
12136,5,3|6,Face3-6,,20,1,720360,p_o_m_face_0360_lod.nif,7,,,,,,
12137,5,3|7,Face3-7,,20,1,720370,p_o_m_face_0370_lod.nif,7,,,,,,
13650,5,3|0|0,Face3-0-0,,20,1,720300,p_o_m_face_0300_lod.nif,7,,,,,,
13651,5,3|0|1,Face3-0-1,,20,1,720301,p_o_m_face_0301_lod.bif,7,,,,,,
13652,5,3|0|2,Face3-0-2,,20,1,720302,p_o_m_face_0302_lod.bif,7,,,,,,
13653,5,3|0|3,Face3-0-3,,20,1,720303,p_o_m_face_0303_lod.bif,7,,,,,,
13654,5,3|0|4,Face3-0-4,,20,1,720304,p_o_m_face_0304_lod.bif,7,,,,,,
13655,5,3|0|5,Face3-0-5,,20,1,720305,p_o_m_face_0305_lod.bif,7,,,,,,
13656,5,3|0|6,Face3-0-6,,20,1,720306,p_o_m_face_0306_lod.bif,7,,,,,,
13657,5,3|0|7,Face3-0-7,,20,1,720307,p_o_m_face_0307_lod.bif,7,,,,,,
13660,5,3|1|0,Face3-1-0,,20,1,720310,p_o_m_face_0310_lod.nif,7,,,,,,
13661,5,3|1|1,Face3-1-1,,20,1,720311,p_o_m_face_0311_lod.bif,7,,,,,,
13662,5,3|1|2,Face3-1-2,,20,1,720312,p_o_m_face_0312_lod.bif,7,,,,,,
13663,5,3|1|3,Face3-1-3,,20,1,720313,p_o_m_face_0313_lod.bif,7,,,,,,
13664,5,3|1|4,Face3-1-4,,20,1,720314,p_o_m_face_0314_lod.bif,7,,,,,,
13665,5,3|1|5,Face3-1-5,,20,1,720315,p_o_m_face_0315_lod.bif,7,,,,,,
13666,5,3|1|6,Face3-1-6,,20,1,720316,p_o_m_face_0316_lod.bif,7,,,,,,
13667,5,3|1|7,Face3-1-7,,20,1,720317,p_o_m_face_0317_lod.bif,7,,,,,,
13670,5,3|2|0,Face3-2-0,,20,1,720320,p_o_m_face_0320_lod.nif,7,,,,,,
13671,5,3|2|1,Face3-2-1,,20,1,720321,p_o_m_face_0321_lod.bif,7,,,,,,
13672,5,3|2|2,Face3-2-2,,20,1,720322,p_o_m_face_0322_lod.bif,7,,,,,,
13673,5,3|2|3,Face3-2-3,,20,1,720323,p_o_m_face_0323_lod.bif,7,,,,,,
13674,5,3|2|4,Face3-2-4,,20,1,720324,p_o_m_face_0324_lod.bif,7,,,,,,
13675,5,3|2|5,Face3-2-5,,20,1,720325,p_o_m_face_0325_lod.bif,7,,,,,,
13676,5,3|2|6,Face3-2-6,,20,1,720326,p_o_m_face_0326_lod.bif,7,,,,,,
13677,5,3|2|7,Face3-2-7,,20,1,720327,p_o_m_face_0327_lod.bif,7,,,,,,
13680,5,3|3|0,Face3-3-0,,20,1,720330,p_o_m_face_0330_lod.nif,7,,,,,,
13681,5,3|3|1,Face3-3-1,,20,1,720331,p_o_m_face_0331_lod.bif,7,,,,,,
13682,5,3|3|2,Face3-3-2,,20,1,720332,p_o_m_face_0332_lod.bif,7,,,,,,
13683,5,3|3|3,Face3-3-3,,20,1,720333,p_o_m_face_0333_lod.bif,7,,,,,,
13684,5,3|3|4,Face3-3-4,,20,1,720334,p_o_m_face_0334_lod.bif,7,,,,,,
13685,5,3|3|5,Face3-3-5,,20,1,720335,p_o_m_face_0335_lod.bif,7,,,,,,
13686,5,3|3|6,Face3-3-6,,20,1,720336,p_o_m_face_0336_lod.bif,7,,,,,,
13687,5,3|3|7,Face3-3-7,,20,1,720337,p_o_m_face_0337_lod.bif,7,,,,,,
13690,5,3|4|0,Face3-4-0,,20,1,720340,p_o_m_face_0340_lod.nif,7,,,,,,
13691,5,3|4|1,Face3-4-1,,20,1,720341,p_o_m_face_0341_lod.bif,7,,,,,,
13692,5,3|4|2,Face3-4-2,,20,1,720342,p_o_m_face_0342_lod.bif,7,,,,,,
13693,5,3|4|3,Face3-4-3,,20,1,720343,p_o_m_face_0343_lod.bif,7,,,,,,
13694,5,3|4|4,Face3-4-4,,20,1,720344,p_o_m_face_0344_lod.bif,7,,,,,,
13695,5,3|4|5,Face3-4-5,,20,1,720345,p_o_m_face_0345_lod.bif,7,,,,,,
13696,5,3|4|6,Face3-4-6,,20,1,720346,p_o_m_face_0346_lod.bif,7,,,,,,
13697,5,3|4|7,Face3-4-7,,20,1,720347,p_o_m_face_0347_lod.bif,7,,,,,,
14390,5,3|5|0,Face3-5-0,,20,1,720350,p_o_m_face_0350_lod.nif,7,,,,,,
14391,5,3|5|1,Face3-5-1,,20,1,720351,p_o_m_face_0351_lod.bif,7,,,,,,
14392,5,3|5|2,Face3-5-2,,20,1,720352,p_o_m_face_0352_lod.bif,7,,,,,,
14393,5,3|5|3,Face3-5-3,,20,1,720353,p_o_m_face_0353_lod.bif,7,,,,,,
14394,5,3|5|4,Face3-5-4,,20,1,720354,p_o_m_face_0354_lod.bif,7,,,,,,
14395,5,3|5|5,Face3-5-5,,20,1,720355,p_o_m_face_0355_lod.bif,7,,,,,,
14396,5,3|5|6,Face3-5-6,,20,1,720356,p_o_m_face_0356_lod.bif,7,,,,,,
14397,5,3|5|7,Face3-5-7,,20,1,720357,p_o_m_face_0357_lod.bif,7,,,,,,
14400,5,3|6|0,Face3-6-0,,20,1,720360,p_o_m_face_0360_lod.nif,7,,,,,,
14401,5,3|6|1,Face3-6-1,,20,1,720361,p_o_m_face_0361_lod.bif,7,,,,,,
14402,5,3|6|2,Face3-6-2,,20,1,720362,p_o_m_face_0362_lod.bif,7,,,,,,
14403,5,3|6|3,Face3-6-3,,20,1,720363,p_o_m_face_0363_lod.bif,7,,,,,,
14404,5,3|6|4,Face3-6-4,,20,1,720364,p_o_m_face_0364_lod.bif,7,,,,,,
14405,5,3|6|5,Face3-6-5,,20,1,720365,p_o_m_face_0365_lod.bif,7,,,,,,
14406,5,3|6|6,Face3-6-6,,20,1,720366,p_o_m_face_0366_lod.bif,7,,,,,,
14407,5,3|6|7,Face3-6-7,,20,1,720367,p_o_m_face_0367_lod.bif,7,,,,,,
14410,5,3|7|0,Face3-7-0,,20,1,720370,p_o_m_face_0370_lod.nif,7,,,,,,
14411,5,3|7|1,Face3-7-1,,20,1,720371,p_o_m_face_0371_lod.bif,7,,,,,,
14412,5,3|7|2,Face3-7-2,,20,1,720372,p_o_m_face_0372_lod.bif,7,,,,,,
14413,5,3|7|3,Face3-7-3,,20,1,720373,p_o_m_face_0373_lod.bif,7,,,,,,
14414,5,3|7|4,Face3-7-4,,20,1,720374,p_o_m_face_0374_lod.bif,7,,,,,,
14415,5,3|7|5,Face3-7-5,,20,1,720375,p_o_m_face_0375_lod.bif,7,,,,,,
14416,5,3|7|6,Face3-7-6,,20,1,720376,p_o_m_face_0376_lod.bif,7,,,,,,
14417,5,3|7|7,Face3-7-7,,20,1,720377,p_o_m_face_0377_lod.bif,7,,,,,,
10604,5,4,Face4,,20,1,720400,p_o_m_face_0400_lod.nif,7,,,,,,
12140,5,4|0,Face4-0,,20,1,720400,p_o_m_face_0400_lod.nif,7,,,,,,
12141,5,4|1,Face4-1,,20,1,720410,p_o_m_face_0410_lod.nif,7,,,,,,
12142,5,4|2,Face4-2,,20,1,720420,p_o_m_face_0420_lod.nif,7,,,,,,
12143,5,4|3,Face4-3,,20,1,720430,p_o_m_face_0430_lod.nif,7,,,,,,
12144,5,4|4,Face4-4,,20,1,720440,p_o_m_face_0440_lod.nif,7,,,,,,
12145,5,4|5,Face4-5,,20,1,720450,p_o_m_face_0450_lod.nif,7,,,,,,
12146,5,4|6,Face4-6,,20,1,720460,p_o_m_face_0460_lod.nif,7,,,,,,
12147,5,4|7,Face4-7,,20,1,720470,p_o_m_face_0470_lod.nif,7,,,,,,
13700,5,4|0|0,Face4-0-0,,20,1,720400,p_o_m_face_0400_lod.nif,7,,,,,,
13701,5,4|0|1,Face4-0-1,,20,1,720401,p_o_m_face_0401_lod.bif,7,,,,,,
13702,5,4|0|2,Face4-0-2,,20,1,720402,p_o_m_face_0402_lod.bif,7,,,,,,
13703,5,4|0|3,Face4-0-3,,20,1,720403,p_o_m_face_0403_lod.bif,7,,,,,,
13704,5,4|0|4,Face4-0-4,,20,1,720404,p_o_m_face_0404_lod.bif,7,,,,,,
13705,5,4|0|5,Face4-0-5,,20,1,720405,p_o_m_face_0405_lod.bif,7,,,,,,
13706,5,4|0|6,Face4-0-6,,20,1,720406,p_o_m_face_0406_lod.bif,7,,,,,,
13707,5,4|0|7,Face4-0-7,,20,1,720407,p_o_m_face_0407_lod.bif,7,,,,,,
13710,5,4|1|0,Face4-1-0,,20,1,720410,p_o_m_face_0410_lod.nif,7,,,,,,
13711,5,4|1|1,Face4-1-1,,20,1,720411,p_o_m_face_0411_lod.bif,7,,,,,,
13712,5,4|1|2,Face4-1-2,,20,1,720412,p_o_m_face_0412_lod.bif,7,,,,,,
13713,5,4|1|3,Face4-1-3,,20,1,720413,p_o_m_face_0413_lod.bif,7,,,,,,
13714,5,4|1|4,Face4-1-4,,20,1,720414,p_o_m_face_0414_lod.bif,7,,,,,,
13715,5,4|1|5,Face4-1-5,,20,1,720415,p_o_m_face_0415_lod.bif,7,,,,,,
13716,5,4|1|6,Face4-1-6,,20,1,720416,p_o_m_face_0416_lod.bif,7,,,,,,
13717,5,4|1|7,Face4-1-7,,20,1,720417,p_o_m_face_0417_lod.bif,7,,,,,,
13720,5,4|2|0,Face4-2-0,,20,1,720420,p_o_m_face_0420_lod.nif,7,,,,,,
13721,5,4|2|1,Face4-2-1,,20,1,720421,p_o_m_face_0421_lod.bif,7,,,,,,
13722,5,4|2|2,Face4-2-2,,20,1,720422,p_o_m_face_0422_lod.bif,7,,,,,,
13723,5,4|2|3,Face4-2-3,,20,1,720423,p_o_m_face_0423_lod.bif,7,,,,,,
13724,5,4|2|4,Face4-2-4,,20,1,720424,p_o_m_face_0424_lod.bif,7,,,,,,
13725,5,4|2|5,Face4-2-5,,20,1,720425,p_o_m_face_0425_lod.bif,7,,,,,,
13726,5,4|2|6,Face4-2-6,,20,1,720426,p_o_m_face_0426_lod.bif,7,,,,,,
13727,5,4|2|7,Face4-2-7,,20,1,720427,p_o_m_face_0427_lod.bif,7,,,,,,
13730,5,4|3|0,Face4-3-0,,20,1,720430,p_o_m_face_0430_lod.nif,7,,,,,,
13731,5,4|3|1,Face4-3-1,,20,1,720431,p_o_m_face_0431_lod.bif,7,,,,,,
13732,5,4|3|2,Face4-3-2,,20,1,720432,p_o_m_face_0432_lod.bif,7,,,,,,
13733,5,4|3|3,Face4-3-3,,20,1,720433,p_o_m_face_0433_lod.bif,7,,,,,,
13734,5,4|3|4,Face4-3-4,,20,1,720434,p_o_m_face_0434_lod.bif,7,,,,,,
13735,5,4|3|5,Face4-3-5,,20,1,720435,p_o_m_face_0435_lod.bif,7,,,,,,
13736,5,4|3|6,Face4-3-6,,20,1,720436,p_o_m_face_0436_lod.bif,7,,,,,,
13737,5,4|3|7,Face4-3-7,,20,1,720437,p_o_m_face_0437_lod.bif,7,,,,,,
13740,5,4|4|0,Face4-4-0,,20,1,720440,p_o_m_face_0440_lod.nif,7,,,,,,
13741,5,4|4|1,Face4-4-1,,20,1,720441,p_o_m_face_0441_lod.bif,7,,,,,,
13742,5,4|4|2,Face4-4-2,,20,1,720442,p_o_m_face_0442_lod.bif,7,,,,,,
13743,5,4|4|3,Face4-4-3,,20,1,720443,p_o_m_face_0443_lod.bif,7,,,,,,
13744,5,4|4|4,Face4-4-4,,20,1,720444,p_o_m_face_0444_lod.bif,7,,,,,,
13745,5,4|4|5,Face4-4-5,,20,1,720445,p_o_m_face_0445_lod.bif,7,,,,,,
13746,5,4|4|6,Face4-4-6,,20,1,720446,p_o_m_face_0446_lod.bif,7,,,,,,
13747,5,4|4|7,Face4-4-7,,20,1,720447,p_o_m_face_0447_lod.bif,7,,,,,,
14420,5,4|5|0,Face4-5-0,,20,1,720450,p_o_m_face_0450_lod.nif,7,,,,,,
14421,5,4|5|1,Face4-5-1,,20,1,720451,p_o_m_face_0451_lod.bif,7,,,,,,
14422,5,4|5|2,Face4-5-2,,20,1,720452,p_o_m_face_0452_lod.bif,7,,,,,,
14423,5,4|5|3,Face4-5-3,,20,1,720453,p_o_m_face_0453_lod.bif,7,,,,,,
14424,5,4|5|4,Face4-5-4,,20,1,720454,p_o_m_face_0454_lod.bif,7,,,,,,
14425,5,4|5|5,Face4-5-5,,20,1,720455,p_o_m_face_0455_lod.bif,7,,,,,,
14426,5,4|5|6,Face4-5-6,,20,1,720456,p_o_m_face_0456_lod.bif,7,,,,,,
14427,5,4|5|7,Face4-5-7,,20,1,720457,p_o_m_face_0457_lod.bif,7,,,,,,
14430,5,4|6|0,Face4-6-0,,20,1,720460,p_o_m_face_0460_lod.nif,7,,,,,,
14431,5,4|6|1,Face4-6-1,,20,1,720461,p_o_m_face_0461_lod.bif,7,,,,,,
14432,5,4|6|2,Face4-6-2,,20,1,720462,p_o_m_face_0462_lod.bif,7,,,,,,
14433,5,4|6|3,Face4-6-3,,20,1,720463,p_o_m_face_0463_lod.bif,7,,,,,,
14434,5,4|6|4,Face4-6-4,,20,1,720464,p_o_m_face_0464_lod.bif,7,,,,,,
14435,5,4|6|5,Face4-6-5,,20,1,720465,p_o_m_face_0465_lod.bif,7,,,,,,
14436,5,4|6|6,Face4-6-6,,20,1,720466,p_o_m_face_0466_lod.bif,7,,,,,,
14437,5,4|6|7,Face4-6-7,,20,1,720467,p_o_m_face_0467_lod.bif,7,,,,,,
14440,5,4|7|0,Face4-7-0,,20,1,720470,p_o_m_face_0470_lod.nif,7,,,,,,
14441,5,4|7|1,Face4-7-1,,20,1,720471,p_o_m_face_0471_lod.bif,7,,,,,,
14442,5,4|7|2,Face4-7-2,,20,1,720472,p_o_m_face_0472_lod.bif,7,,,,,,
14443,5,4|7|3,Face4-7-3,,20,1,720473,p_o_m_face_0473_lod.bif,7,,,,,,
14444,5,4|7|4,Face4-7-4,,20,1,720474,p_o_m_face_0474_lod.bif,7,,,,,,
14445,5,4|7|5,Face4-7-5,,20,1,720475,p_o_m_face_0475_lod.bif,7,,,,,,
14446,5,4|7|6,Face4-7-6,,20,1,720476,p_o_m_face_0476_lod.bif,7,,,,,,
14447,5,4|7|7,Face4-7-7,,20,1,720477,p_o_m_face_0477_lod.bif,7,,,,,,
10700,5,0,Face0,,20,1,820000,p_o_f_face_0000_lod.nif,8,,,,,,
12150,5,0|0,Face0-0,,20,1,820000,p_o_f_face_0000_lod.nif,8,,,,,,
12151,5,0|1,Face0-1,,20,1,820010,p_o_f_face_0010_lod.nif,8,,,,,,
12152,5,0|2,Face0-2,,20,1,820020,p_o_f_face_0020_lod.nif,8,,,,,,
12153,5,0|3,Face0-3,,20,1,820030,p_o_f_face_0030_lod.nif,8,,,,,,
12154,5,0|4,Face0-4,,20,1,820040,p_o_f_face_0040_lod.nif,8,,,,,,
12155,5,0|5,Face0-5,,20,1,820050,p_o_f_face_0050_lod.nif,8,,,,,,
12156,5,0|6,Face0-6,,20,1,820060,p_o_f_face_0060_lod.nif,8,,,,,,
12157,5,0|7,Face0-7,,20,1,820070,p_o_f_face_0070_lod.nif,8,,,,,,
13750,5,0|0|0,Face0-0-0,,20,1,820000,p_o_f_face_0000_lod.nif,8,,,,,,
13751,5,0|0|1,Face0-0-1,,20,1,820001,p_o_f_face_0001_lod.bif,8,,,,,,
13752,5,0|0|2,Face0-0-2,,20,1,820002,p_o_f_face_0002_lod.bif,8,,,,,,
13753,5,0|0|3,Face0-0-3,,20,1,820003,p_o_f_face_0003_lod.bif,8,,,,,,
13754,5,0|0|4,Face0-0-4,,20,1,820004,p_o_f_face_0004_lod.bif,8,,,,,,
13755,5,0|0|5,Face0-0-5,,20,1,820005,p_o_f_face_0005_lod.bif,8,,,,,,
13756,5,0|0|6,Face0-0-6,,20,1,820006,p_o_f_face_0006_lod.bif,8,,,,,,
13757,5,0|0|7,Face0-0-7,,20,1,820007,p_o_f_face_0007_lod.bif,8,,,,,,
13760,5,0|1|0,Face0-1-0,,20,1,820010,p_o_f_face_0010_lod.nif,8,,,,,,
13761,5,0|1|1,Face0-1-1,,20,1,820011,p_o_f_face_0011_lod.bif,8,,,,,,
13762,5,0|1|2,Face0-1-2,,20,1,820012,p_o_f_face_0012_lod.bif,8,,,,,,
13763,5,0|1|3,Face0-1-3,,20,1,820013,p_o_f_face_0013_lod.bif,8,,,,,,
13764,5,0|1|4,Face0-1-4,,20,1,820014,p_o_f_face_0014_lod.bif,8,,,,,,
13765,5,0|1|5,Face0-1-5,,20,1,820015,p_o_f_face_0015_lod.bif,8,,,,,,
13766,5,0|1|6,Face0-1-6,,20,1,820016,p_o_f_face_0016_lod.bif,8,,,,,,
13767,5,0|1|7,Face0-1-7,,20,1,820017,p_o_f_face_0017_lod.bif,8,,,,,,
13770,5,0|2|0,Face0-2-0,,20,1,820020,p_o_f_face_0020_lod.nif,8,,,,,,
13771,5,0|2|1,Face0-2-1,,20,1,820021,p_o_f_face_0021_lod.bif,8,,,,,,
13772,5,0|2|2,Face0-2-2,,20,1,820022,p_o_f_face_0022_lod.bif,8,,,,,,
13773,5,0|2|3,Face0-2-3,,20,1,820023,p_o_f_face_0023_lod.bif,8,,,,,,
13774,5,0|2|4,Face0-2-4,,20,1,820024,p_o_f_face_0024_lod.bif,8,,,,,,
13775,5,0|2|5,Face0-2-5,,20,1,820025,p_o_f_face_0025_lod.bif,8,,,,,,
13776,5,0|2|6,Face0-2-6,,20,1,820026,p_o_f_face_0026_lod.bif,8,,,,,,
13777,5,0|2|7,Face0-2-7,,20,1,820027,p_o_f_face_0027_lod.bif,8,,,,,,
13780,5,0|3|0,Face0-3-0,,20,1,820030,p_o_f_face_0030_lod.nif,8,,,,,,
13781,5,0|3|1,Face0-3-1,,20,1,820031,p_o_f_face_0031_lod.bif,8,,,,,,
13782,5,0|3|2,Face0-3-2,,20,1,820032,p_o_f_face_0032_lod.bif,8,,,,,,
13783,5,0|3|3,Face0-3-3,,20,1,820033,p_o_f_face_0033_lod.bif,8,,,,,,
13784,5,0|3|4,Face0-3-4,,20,1,820034,p_o_f_face_0034_lod.bif,8,,,,,,
13785,5,0|3|5,Face0-3-5,,20,1,820035,p_o_f_face_0035_lod.bif,8,,,,,,
13786,5,0|3|6,Face0-3-6,,20,1,820036,p_o_f_face_0036_lod.bif,8,,,,,,
13787,5,0|3|7,Face0-3-7,,20,1,820037,p_o_f_face_0037_lod.bif,8,,,,,,
13790,5,0|4|0,Face0-4-0,,20,1,820040,p_o_f_face_0040_lod.nif,8,,,,,,
13791,5,0|4|1,Face0-4-1,,20,1,820041,p_o_f_face_0041_lod.bif,8,,,,,,
13792,5,0|4|2,Face0-4-2,,20,1,820042,p_o_f_face_0042_lod.bif,8,,,,,,
13793,5,0|4|3,Face0-4-3,,20,1,820043,p_o_f_face_0043_lod.bif,8,,,,,,
13794,5,0|4|4,Face0-4-4,,20,1,820044,p_o_f_face_0044_lod.bif,8,,,,,,
13795,5,0|4|5,Face0-4-5,,20,1,820045,p_o_f_face_0045_lod.bif,8,,,,,,
13796,5,0|4|6,Face0-4-6,,20,1,820046,p_o_f_face_0046_lod.bif,8,,,,,,
13797,5,0|4|7,Face0-4-7,,20,1,820047,p_o_f_face_0047_lod.bif,8,,,,,,
14450,5,0|5|0,Face0-5-0,,20,1,820050,p_o_f_face_0050_lod.nif,8,,,,,,
14451,5,0|5|1,Face0-5-1,,20,1,820051,p_o_f_face_0051_lod.bif,8,,,,,,
14452,5,0|5|2,Face0-5-2,,20,1,820052,p_o_f_face_0052_lod.bif,8,,,,,,
14453,5,0|5|3,Face0-5-3,,20,1,820053,p_o_f_face_0053_lod.bif,8,,,,,,
14454,5,0|5|4,Face0-5-4,,20,1,820054,p_o_f_face_0054_lod.bif,8,,,,,,
14455,5,0|5|5,Face0-5-5,,20,1,820055,p_o_f_face_0055_lod.bif,8,,,,,,
14456,5,0|5|6,Face0-5-6,,20,1,820056,p_o_f_face_0056_lod.bif,8,,,,,,
14457,5,0|5|7,Face0-5-7,,20,1,820057,p_o_f_face_0057_lod.bif,8,,,,,,
14460,5,0|6|0,Face0-6-0,,20,1,820060,p_o_f_face_0060_lod.nif,8,,,,,,
14461,5,0|6|1,Face0-6-1,,20,1,820061,p_o_f_face_0061_lod.bif,8,,,,,,
14462,5,0|6|2,Face0-6-2,,20,1,820062,p_o_f_face_0062_lod.bif,8,,,,,,
14463,5,0|6|3,Face0-6-3,,20,1,820063,p_o_f_face_0063_lod.bif,8,,,,,,
14464,5,0|6|4,Face0-6-4,,20,1,820064,p_o_f_face_0064_lod.bif,8,,,,,,
14465,5,0|6|5,Face0-6-5,,20,1,820065,p_o_f_face_0065_lod.bif,8,,,,,,
14466,5,0|6|6,Face0-6-6,,20,1,820066,p_o_f_face_0066_lod.bif,8,,,,,,
14467,5,0|6|7,Face0-6-7,,20,1,820067,p_o_f_face_0067_lod.bif,8,,,,,,
14470,5,0|7|0,Face0-7-0,,20,1,820070,p_o_f_face_0070_lod.nif,8,,,,,,
14471,5,0|7|1,Face0-7-1,,20,1,820071,p_o_f_face_0071_lod.bif,8,,,,,,
14472,5,0|7|2,Face0-7-2,,20,1,820072,p_o_f_face_0072_lod.bif,8,,,,,,
14473,5,0|7|3,Face0-7-3,,20,1,820073,p_o_f_face_0073_lod.bif,8,,,,,,
14474,5,0|7|4,Face0-7-4,,20,1,820074,p_o_f_face_0074_lod.bif,8,,,,,,
14475,5,0|7|5,Face0-7-5,,20,1,820075,p_o_f_face_0075_lod.bif,8,,,,,,
14476,5,0|7|6,Face0-7-6,,20,1,820076,p_o_f_face_0076_lod.bif,8,,,,,,
14477,5,0|7|7,Face0-7-7,,20,1,820077,p_o_f_face_0077_lod.bif,8,,,,,,
10701,5,1,Face1,,20,1,820100,p_o_f_face_0100_lod.nif,8,,,,,,
12160,5,1|0,Face1-0,,20,1,820100,p_o_f_face_0100_lod.nif,8,,,,,,
12161,5,1|1,Face1-1,,20,1,820110,p_o_f_face_0110_lod.nif,8,,,,,,
12162,5,1|2,Face1-2,,20,1,820120,p_o_f_face_0120_lod.nif,8,,,,,,
12163,5,1|3,Face1-3,,20,1,820130,p_o_f_face_0130_lod.nif,8,,,,,,
12164,5,1|4,Face1-4,,20,1,820140,p_o_f_face_0140_lod.nif,8,,,,,,
12165,5,1|5,Face1-5,,20,1,820150,p_o_f_face_0150_lod.nif,8,,,,,,
12166,5,1|6,Face1-6,,20,1,820160,p_o_f_face_0160_lod.nif,8,,,,,,
12167,5,1|7,Face1-7,,20,1,820170,p_o_f_face_0170_lod.nif,8,,,,,,
13800,5,1|0|0,Face1-0-0,,20,1,820100,p_o_f_face_0100_lod.nif,8,,,,,,
13801,5,1|0|1,Face1-0-1,,20,1,820101,p_o_f_face_0101_lod.bif,8,,,,,,
13802,5,1|0|2,Face1-0-2,,20,1,820102,p_o_f_face_0102_lod.bif,8,,,,,,
13803,5,1|0|3,Face1-0-3,,20,1,820103,p_o_f_face_0103_lod.bif,8,,,,,,
13804,5,1|0|4,Face1-0-4,,20,1,820104,p_o_f_face_0104_lod.bif,8,,,,,,
13805,5,1|0|5,Face1-0-5,,20,1,820105,p_o_f_face_0105_lod.bif,8,,,,,,
13806,5,1|0|6,Face1-0-6,,20,1,820106,p_o_f_face_0106_lod.bif,8,,,,,,
13807,5,1|0|7,Face1-0-7,,20,1,820107,p_o_f_face_0107_lod.bif,8,,,,,,
13810,5,1|1|0,Face1-1-0,,20,1,820110,p_o_f_face_0110_lod.nif,8,,,,,,
13811,5,1|1|1,Face1-1-1,,20,1,820111,p_o_f_face_0111_lod.bif,8,,,,,,
13812,5,1|1|2,Face1-1-2,,20,1,820112,p_o_f_face_0112_lod.bif,8,,,,,,
13813,5,1|1|3,Face1-1-3,,20,1,820113,p_o_f_face_0113_lod.bif,8,,,,,,
13814,5,1|1|4,Face1-1-4,,20,1,820114,p_o_f_face_0114_lod.bif,8,,,,,,
13815,5,1|1|5,Face1-1-5,,20,1,820115,p_o_f_face_0115_lod.bif,8,,,,,,
13816,5,1|1|6,Face1-1-6,,20,1,820116,p_o_f_face_0116_lod.bif,8,,,,,,
13817,5,1|1|7,Face1-1-7,,20,1,820117,p_o_f_face_0117_lod.bif,8,,,,,,
13820,5,1|2|0,Face1-2-0,,20,1,820120,p_o_f_face_0120_lod.nif,8,,,,,,
13821,5,1|2|1,Face1-2-1,,20,1,820121,p_o_f_face_0121_lod.bif,8,,,,,,
13822,5,1|2|2,Face1-2-2,,20,1,820122,p_o_f_face_0122_lod.bif,8,,,,,,
13823,5,1|2|3,Face1-2-3,,20,1,820123,p_o_f_face_0123_lod.bif,8,,,,,,
13824,5,1|2|4,Face1-2-4,,20,1,820124,p_o_f_face_0124_lod.bif,8,,,,,,
13825,5,1|2|5,Face1-2-5,,20,1,820125,p_o_f_face_0125_lod.bif,8,,,,,,
13826,5,1|2|6,Face1-2-6,,20,1,820126,p_o_f_face_0126_lod.bif,8,,,,,,
13827,5,1|2|7,Face1-2-7,,20,1,820127,p_o_f_face_0127_lod.bif,8,,,,,,
13830,5,1|3|0,Face1-3-0,,20,1,820130,p_o_f_face_0130_lod.nif,8,,,,,,
13831,5,1|3|1,Face1-3-1,,20,1,820131,p_o_f_face_0131_lod.bif,8,,,,,,
13832,5,1|3|2,Face1-3-2,,20,1,820132,p_o_f_face_0132_lod.bif,8,,,,,,
13833,5,1|3|3,Face1-3-3,,20,1,820133,p_o_f_face_0133_lod.bif,8,,,,,,
13834,5,1|3|4,Face1-3-4,,20,1,820134,p_o_f_face_0134_lod.bif,8,,,,,,
13835,5,1|3|5,Face1-3-5,,20,1,820135,p_o_f_face_0135_lod.bif,8,,,,,,
13836,5,1|3|6,Face1-3-6,,20,1,820136,p_o_f_face_0136_lod.bif,8,,,,,,
13837,5,1|3|7,Face1-3-7,,20,1,820137,p_o_f_face_0137_lod.bif,8,,,,,,
13840,5,1|4|0,Face1-4-0,,20,1,820140,p_o_f_face_0140_lod.nif,8,,,,,,
13841,5,1|4|1,Face1-4-1,,20,1,820141,p_o_f_face_0141_lod.bif,8,,,,,,
13842,5,1|4|2,Face1-4-2,,20,1,820142,p_o_f_face_0142_lod.bif,8,,,,,,
13843,5,1|4|3,Face1-4-3,,20,1,820143,p_o_f_face_0143_lod.bif,8,,,,,,
13844,5,1|4|4,Face1-4-4,,20,1,820144,p_o_f_face_0144_lod.bif,8,,,,,,
13845,5,1|4|5,Face1-4-5,,20,1,820145,p_o_f_face_0145_lod.bif,8,,,,,,
13846,5,1|4|6,Face1-4-6,,20,1,820146,p_o_f_face_0146_lod.bif,8,,,,,,
13847,5,1|4|7,Face1-4-7,,20,1,820147,p_o_f_face_0147_lod.bif,8,,,,,,
14480,5,1|5|0,Face1-5-0,,20,1,820150,p_o_f_face_0150_lod.nif,8,,,,,,
14481,5,1|5|1,Face1-5-1,,20,1,820151,p_o_f_face_0151_lod.bif,8,,,,,,
14482,5,1|5|2,Face1-5-2,,20,1,820152,p_o_f_face_0152_lod.bif,8,,,,,,
14483,5,1|5|3,Face1-5-3,,20,1,820153,p_o_f_face_0153_lod.bif,8,,,,,,
14484,5,1|5|4,Face1-5-4,,20,1,820154,p_o_f_face_0154_lod.bif,8,,,,,,
14485,5,1|5|5,Face1-5-5,,20,1,820155,p_o_f_face_0155_lod.bif,8,,,,,,
14486,5,1|5|6,Face1-5-6,,20,1,820156,p_o_f_face_0156_lod.bif,8,,,,,,
14487,5,1|5|7,Face1-5-7,,20,1,820157,p_o_f_face_0157_lod.bif,8,,,,,,
14490,5,1|6|0,Face1-6-0,,20,1,820160,p_o_f_face_0160_lod.nif,8,,,,,,
14491,5,1|6|1,Face1-6-1,,20,1,820161,p_o_f_face_0161_lod.bif,8,,,,,,
14492,5,1|6|2,Face1-6-2,,20,1,820162,p_o_f_face_0162_lod.bif,8,,,,,,
14493,5,1|6|3,Face1-6-3,,20,1,820163,p_o_f_face_0163_lod.bif,8,,,,,,
14494,5,1|6|4,Face1-6-4,,20,1,820164,p_o_f_face_0164_lod.bif,8,,,,,,
14495,5,1|6|5,Face1-6-5,,20,1,820165,p_o_f_face_0165_lod.bif,8,,,,,,
14496,5,1|6|6,Face1-6-6,,20,1,820166,p_o_f_face_0166_lod.bif,8,,,,,,
14497,5,1|6|7,Face1-6-7,,20,1,820167,p_o_f_face_0167_lod.bif,8,,,,,,
14500,5,1|7|0,Face1-7-0,,20,1,820170,p_o_f_face_0170_lod.nif,8,,,,,,
14501,5,1|7|1,Face1-7-1,,20,1,820171,p_o_f_face_0171_lod.bif,8,,,,,,
14502,5,1|7|2,Face1-7-2,,20,1,820172,p_o_f_face_0172_lod.bif,8,,,,,,
14503,5,1|7|3,Face1-7-3,,20,1,820173,p_o_f_face_0173_lod.bif,8,,,,,,
14504,5,1|7|4,Face1-7-4,,20,1,820174,p_o_f_face_0174_lod.bif,8,,,,,,
14505,5,1|7|5,Face1-7-5,,20,1,820175,p_o_f_face_0175_lod.bif,8,,,,,,
14506,5,1|7|6,Face1-7-6,,20,1,820176,p_o_f_face_0176_lod.bif,8,,,,,,
14507,5,1|7|7,Face1-7-7,,20,1,820177,p_o_f_face_0177_lod.bif,8,,,,,,
10702,5,2,Face2,,20,1,820200,p_o_f_face_0200_lod.nif,8,,,,,,
12170,5,2|0,Face2-0,,20,1,820200,p_o_f_face_0200_lod.nif,8,,,,,,
12171,5,2|1,Face2-1,,20,1,820210,p_o_f_face_0210_lod.nif,8,,,,,,
12172,5,2|2,Face2-2,,20,1,820220,p_o_f_face_0220_lod.nif,8,,,,,,
12173,5,2|3,Face2-3,,20,1,820230,p_o_f_face_0230_lod.nif,8,,,,,,
12174,5,2|4,Face2-4,,20,1,820240,p_o_f_face_0240_lod.nif,8,,,,,,
12175,5,2|5,Face2-5,,20,1,820250,p_o_f_face_0250_lod.nif,8,,,,,,
12176,5,2|6,Face2-6,,20,1,820260,p_o_f_face_0260_lod.nif,8,,,,,,
12177,5,2|7,Face2-7,,20,1,820270,p_o_f_face_0270_lod.nif,8,,,,,,
13850,5,2|0|0,Face2-0-0,,20,1,820200,p_o_f_face_0200_lod.nif,8,,,,,,
13851,5,2|0|1,Face2-0-1,,20,1,820201,p_o_f_face_0201_lod.bif,8,,,,,,
13852,5,2|0|2,Face2-0-2,,20,1,820202,p_o_f_face_0202_lod.bif,8,,,,,,
13853,5,2|0|3,Face2-0-3,,20,1,820203,p_o_f_face_0203_lod.bif,8,,,,,,
13854,5,2|0|4,Face2-0-4,,20,1,820204,p_o_f_face_0204_lod.bif,8,,,,,,
13855,5,2|0|5,Face2-0-5,,20,1,820205,p_o_f_face_0205_lod.bif,8,,,,,,
13856,5,2|0|6,Face2-0-6,,20,1,820206,p_o_f_face_0206_lod.bif,8,,,,,,
13857,5,2|0|7,Face2-0-7,,20,1,820207,p_o_f_face_0207_lod.bif,8,,,,,,
13860,5,2|1|0,Face2-1-0,,20,1,820210,p_o_f_face_0210_lod.nif,8,,,,,,
13861,5,2|1|1,Face2-1-1,,20,1,820211,p_o_f_face_0211_lod.bif,8,,,,,,
13862,5,2|1|2,Face2-1-2,,20,1,820212,p_o_f_face_0212_lod.bif,8,,,,,,
13863,5,2|1|3,Face2-1-3,,20,1,820213,p_o_f_face_0213_lod.bif,8,,,,,,
13864,5,2|1|4,Face2-1-4,,20,1,820214,p_o_f_face_0214_lod.bif,8,,,,,,
13865,5,2|1|5,Face2-1-5,,20,1,820215,p_o_f_face_0215_lod.bif,8,,,,,,
13866,5,2|1|6,Face2-1-6,,20,1,820216,p_o_f_face_0216_lod.bif,8,,,,,,
13867,5,2|1|7,Face2-1-7,,20,1,820217,p_o_f_face_0217_lod.bif,8,,,,,,
13870,5,2|2|0,Face2-2-0,,20,1,820220,p_o_f_face_0220_lod.nif,8,,,,,,
13871,5,2|2|1,Face2-2-1,,20,1,820221,p_o_f_face_0221_lod.bif,8,,,,,,
13872,5,2|2|2,Face2-2-2,,20,1,820222,p_o_f_face_0222_lod.bif,8,,,,,,
13873,5,2|2|3,Face2-2-3,,20,1,820223,p_o_f_face_0223_lod.bif,8,,,,,,
13874,5,2|2|4,Face2-2-4,,20,1,820224,p_o_f_face_0224_lod.bif,8,,,,,,
13875,5,2|2|5,Face2-2-5,,20,1,820225,p_o_f_face_0225_lod.bif,8,,,,,,
13876,5,2|2|6,Face2-2-6,,20,1,820226,p_o_f_face_0226_lod.bif,8,,,,,,
13877,5,2|2|7,Face2-2-7,,20,1,820227,p_o_f_face_0227_lod.bif,8,,,,,,
13880,5,2|3|0,Face2-3-0,,20,1,820230,p_o_f_face_0230_lod.nif,8,,,,,,
13881,5,2|3|1,Face2-3-1,,20,1,820231,p_o_f_face_0231_lod.bif,8,,,,,,
13882,5,2|3|2,Face2-3-2,,20,1,820232,p_o_f_face_0232_lod.bif,8,,,,,,
13883,5,2|3|3,Face2-3-3,,20,1,820233,p_o_f_face_0233_lod.bif,8,,,,,,
13884,5,2|3|4,Face2-3-4,,20,1,820234,p_o_f_face_0234_lod.bif,8,,,,,,
13885,5,2|3|5,Face2-3-5,,20,1,820235,p_o_f_face_0235_lod.bif,8,,,,,,
13886,5,2|3|6,Face2-3-6,,20,1,820236,p_o_f_face_0236_lod.bif,8,,,,,,
13887,5,2|3|7,Face2-3-7,,20,1,820237,p_o_f_face_0237_lod.bif,8,,,,,,
13890,5,2|4|0,Face2-4-0,,20,1,820240,p_o_f_face_0240_lod.nif,8,,,,,,
13891,5,2|4|1,Face2-4-1,,20,1,820241,p_o_f_face_0241_lod.bif,8,,,,,,
13892,5,2|4|2,Face2-4-2,,20,1,820242,p_o_f_face_0242_lod.bif,8,,,,,,
13893,5,2|4|3,Face2-4-3,,20,1,820243,p_o_f_face_0243_lod.bif,8,,,,,,
13894,5,2|4|4,Face2-4-4,,20,1,820244,p_o_f_face_0244_lod.bif,8,,,,,,
13895,5,2|4|5,Face2-4-5,,20,1,820245,p_o_f_face_0245_lod.bif,8,,,,,,
13896,5,2|4|6,Face2-4-6,,20,1,820246,p_o_f_face_0246_lod.bif,8,,,,,,
13897,5,2|4|7,Face2-4-7,,20,1,820247,p_o_f_face_0247_lod.bif,8,,,,,,
14510,5,2|5|0,Face2-5-0,,20,1,820250,p_o_f_face_0250_lod.nif,8,,,,,,
14511,5,2|5|1,Face2-5-1,,20,1,820251,p_o_f_face_0251_lod.bif,8,,,,,,
14512,5,2|5|2,Face2-5-2,,20,1,820252,p_o_f_face_0252_lod.bif,8,,,,,,
14513,5,2|5|3,Face2-5-3,,20,1,820253,p_o_f_face_0253_lod.bif,8,,,,,,
14514,5,2|5|4,Face2-5-4,,20,1,820254,p_o_f_face_0254_lod.bif,8,,,,,,
14515,5,2|5|5,Face2-5-5,,20,1,820255,p_o_f_face_0255_lod.bif,8,,,,,,
14516,5,2|5|6,Face2-5-6,,20,1,820256,p_o_f_face_0256_lod.bif,8,,,,,,
14517,5,2|5|7,Face2-5-7,,20,1,820257,p_o_f_face_0257_lod.bif,8,,,,,,
14520,5,2|6|0,Face2-6-0,,20,1,820260,p_o_f_face_0260_lod.nif,8,,,,,,
14521,5,2|6|1,Face2-6-1,,20,1,820261,p_o_f_face_0261_lod.bif,8,,,,,,
14522,5,2|6|2,Face2-6-2,,20,1,820262,p_o_f_face_0262_lod.bif,8,,,,,,
14523,5,2|6|3,Face2-6-3,,20,1,820263,p_o_f_face_0263_lod.bif,8,,,,,,
14524,5,2|6|4,Face2-6-4,,20,1,820264,p_o_f_face_0264_lod.bif,8,,,,,,
14525,5,2|6|5,Face2-6-5,,20,1,820265,p_o_f_face_0265_lod.bif,8,,,,,,
14526,5,2|6|6,Face2-6-6,,20,1,820266,p_o_f_face_0266_lod.bif,8,,,,,,
14527,5,2|6|7,Face2-6-7,,20,1,820267,p_o_f_face_0267_lod.bif,8,,,,,,
14530,5,2|7|0,Face2-7-0,,20,1,820270,p_o_f_face_0270_lod.nif,8,,,,,,
14531,5,2|7|1,Face2-7-1,,20,1,820271,p_o_f_face_0271_lod.bif,8,,,,,,
14532,5,2|7|2,Face2-7-2,,20,1,820272,p_o_f_face_0272_lod.bif,8,,,,,,
14533,5,2|7|3,Face2-7-3,,20,1,820273,p_o_f_face_0273_lod.bif,8,,,,,,
14534,5,2|7|4,Face2-7-4,,20,1,820274,p_o_f_face_0274_lod.bif,8,,,,,,
14535,5,2|7|5,Face2-7-5,,20,1,820275,p_o_f_face_0275_lod.bif,8,,,,,,
14536,5,2|7|6,Face2-7-6,,20,1,820276,p_o_f_face_0276_lod.bif,8,,,,,,
14537,5,2|7|7,Face2-7-7,,20,1,820277,p_o_f_face_0277_lod.bif,8,,,,,,
10703,5,3,Face3,,20,1,820300,p_o_f_face_0300_lod.nif,8,,,,,,
12180,5,3|0,Face3-0,,20,1,820300,p_o_f_face_0300_lod.nif,8,,,,,,
12181,5,3|1,Face3-1,,20,1,820310,p_o_f_face_0310_lod.nif,8,,,,,,
12182,5,3|2,Face3-2,,20,1,820320,p_o_f_face_0320_lod.nif,8,,,,,,
12183,5,3|3,Face3-3,,20,1,820330,p_o_f_face_0330_lod.nif,8,,,,,,
12184,5,3|4,Face3-4,,20,1,820340,p_o_f_face_0340_lod.nif,8,,,,,,
12185,5,3|5,Face3-5,,20,1,820350,p_o_f_face_0350_lod.nif,8,,,,,,
12186,5,3|6,Face3-6,,20,1,820360,p_o_f_face_0360_lod.nif,8,,,,,,
12187,5,3|7,Face3-7,,20,1,820370,p_o_f_face_0370_lod.nif,8,,,,,,
13900,5,3|0|0,Face3-0-0,,20,1,820300,p_o_f_face_0300_lod.nif,8,,,,,,
13901,5,3|0|1,Face3-0-1,,20,1,820301,p_o_f_face_0301_lod.bif,8,,,,,,
13902,5,3|0|2,Face3-0-2,,20,1,820302,p_o_f_face_0302_lod.bif,8,,,,,,
13903,5,3|0|3,Face3-0-3,,20,1,820303,p_o_f_face_0303_lod.bif,8,,,,,,
13904,5,3|0|4,Face3-0-4,,20,1,820304,p_o_f_face_0304_lod.bif,8,,,,,,
13905,5,3|0|5,Face3-0-5,,20,1,820305,p_o_f_face_0305_lod.bif,8,,,,,,
13906,5,3|0|6,Face3-0-6,,20,1,820306,p_o_f_face_0306_lod.bif,8,,,,,,
13907,5,3|0|7,Face3-0-7,,20,1,820307,p_o_f_face_0307_lod.bif,8,,,,,,
13910,5,3|1|0,Face3-1-0,,20,1,820310,p_o_f_face_0310_lod.nif,8,,,,,,
13911,5,3|1|1,Face3-1-1,,20,1,820311,p_o_f_face_0311_lod.bif,8,,,,,,
13912,5,3|1|2,Face3-1-2,,20,1,820312,p_o_f_face_0312_lod.bif,8,,,,,,
13913,5,3|1|3,Face3-1-3,,20,1,820313,p_o_f_face_0313_lod.bif,8,,,,,,
13914,5,3|1|4,Face3-1-4,,20,1,820314,p_o_f_face_0314_lod.bif,8,,,,,,
13915,5,3|1|5,Face3-1-5,,20,1,820315,p_o_f_face_0315_lod.bif,8,,,,,,
13916,5,3|1|6,Face3-1-6,,20,1,820316,p_o_f_face_0316_lod.bif,8,,,,,,
13917,5,3|1|7,Face3-1-7,,20,1,820317,p_o_f_face_0317_lod.bif,8,,,,,,
13920,5,3|2|0,Face3-2-0,,20,1,820320,p_o_f_face_0320_lod.nif,8,,,,,,
13921,5,3|2|1,Face3-2-1,,20,1,820321,p_o_f_face_0321_lod.bif,8,,,,,,
13922,5,3|2|2,Face3-2-2,,20,1,820322,p_o_f_face_0322_lod.bif,8,,,,,,
13923,5,3|2|3,Face3-2-3,,20,1,820323,p_o_f_face_0323_lod.bif,8,,,,,,
13924,5,3|2|4,Face3-2-4,,20,1,820324,p_o_f_face_0324_lod.bif,8,,,,,,
13925,5,3|2|5,Face3-2-5,,20,1,820325,p_o_f_face_0325_lod.bif,8,,,,,,
13926,5,3|2|6,Face3-2-6,,20,1,820326,p_o_f_face_0326_lod.bif,8,,,,,,
13927,5,3|2|7,Face3-2-7,,20,1,820327,p_o_f_face_0327_lod.bif,8,,,,,,
13930,5,3|3|0,Face3-3-0,,20,1,820330,p_o_f_face_0330_lod.nif,8,,,,,,
13931,5,3|3|1,Face3-3-1,,20,1,820331,p_o_f_face_0331_lod.bif,8,,,,,,
13932,5,3|3|2,Face3-3-2,,20,1,820332,p_o_f_face_0332_lod.bif,8,,,,,,
13933,5,3|3|3,Face3-3-3,,20,1,820333,p_o_f_face_0333_lod.bif,8,,,,,,
13934,5,3|3|4,Face3-3-4,,20,1,820334,p_o_f_face_0334_lod.bif,8,,,,,,
13935,5,3|3|5,Face3-3-5,,20,1,820335,p_o_f_face_0335_lod.bif,8,,,,,,
13936,5,3|3|6,Face3-3-6,,20,1,820336,p_o_f_face_0336_lod.bif,8,,,,,,
13937,5,3|3|7,Face3-3-7,,20,1,820337,p_o_f_face_0337_lod.bif,8,,,,,,
13940,5,3|4|0,Face3-4-0,,20,1,820340,p_o_f_face_0340_lod.nif,8,,,,,,
13941,5,3|4|1,Face3-4-1,,20,1,820341,p_o_f_face_0341_lod.bif,8,,,,,,
13942,5,3|4|2,Face3-4-2,,20,1,820342,p_o_f_face_0342_lod.bif,8,,,,,,
13943,5,3|4|3,Face3-4-3,,20,1,820343,p_o_f_face_0343_lod.bif,8,,,,,,
13944,5,3|4|4,Face3-4-4,,20,1,820344,p_o_f_face_0344_lod.bif,8,,,,,,
13945,5,3|4|5,Face3-4-5,,20,1,820345,p_o_f_face_0345_lod.bif,8,,,,,,
13946,5,3|4|6,Face3-4-6,,20,1,820346,p_o_f_face_0346_lod.bif,8,,,,,,
13947,5,3|4|7,Face3-4-7,,20,1,820347,p_o_f_face_0347_lod.bif,8,,,,,,
14540,5,3|5|0,Face3-5-0,,20,1,820350,p_o_f_face_0350_lod.nif,8,,,,,,
14541,5,3|5|1,Face3-5-1,,20,1,820351,p_o_f_face_0351_lod.bif,8,,,,,,
14542,5,3|5|2,Face3-5-2,,20,1,820352,p_o_f_face_0352_lod.bif,8,,,,,,
14543,5,3|5|3,Face3-5-3,,20,1,820353,p_o_f_face_0353_lod.bif,8,,,,,,
14544,5,3|5|4,Face3-5-4,,20,1,820354,p_o_f_face_0354_lod.bif,8,,,,,,
14545,5,3|5|5,Face3-5-5,,20,1,820355,p_o_f_face_0355_lod.bif,8,,,,,,
14546,5,3|5|6,Face3-5-6,,20,1,820356,p_o_f_face_0356_lod.bif,8,,,,,,
14547,5,3|5|7,Face3-5-7,,20,1,820357,p_o_f_face_0357_lod.bif,8,,,,,,
14550,5,3|6|0,Face3-6-0,,20,1,820360,p_o_f_face_0360_lod.nif,8,,,,,,
14551,5,3|6|1,Face3-6-1,,20,1,820361,p_o_f_face_0361_lod.bif,8,,,,,,
14552,5,3|6|2,Face3-6-2,,20,1,820362,p_o_f_face_0362_lod.bif,8,,,,,,
14553,5,3|6|3,Face3-6-3,,20,1,820363,p_o_f_face_0363_lod.bif,8,,,,,,
14554,5,3|6|4,Face3-6-4,,20,1,820364,p_o_f_face_0364_lod.bif,8,,,,,,
14555,5,3|6|5,Face3-6-5,,20,1,820365,p_o_f_face_0365_lod.bif,8,,,,,,
14556,5,3|6|6,Face3-6-6,,20,1,820366,p_o_f_face_0366_lod.bif,8,,,,,,
14557,5,3|6|7,Face3-6-7,,20,1,820367,p_o_f_face_0367_lod.bif,8,,,,,,
14560,5,3|7|0,Face3-7-0,,20,1,820370,p_o_f_face_0370_lod.nif,8,,,,,,
14561,5,3|7|1,Face3-7-1,,20,1,820371,p_o_f_face_0371_lod.bif,8,,,,,,
14562,5,3|7|2,Face3-7-2,,20,1,820372,p_o_f_face_0372_lod.bif,8,,,,,,
14563,5,3|7|3,Face3-7-3,,20,1,820373,p_o_f_face_0373_lod.bif,8,,,,,,
14564,5,3|7|4,Face3-7-4,,20,1,820374,p_o_f_face_0374_lod.bif,8,,,,,,
14565,5,3|7|5,Face3-7-5,,20,1,820375,p_o_f_face_0375_lod.bif,8,,,,,,
14566,5,3|7|6,Face3-7-6,,20,1,820376,p_o_f_face_0376_lod.bif,8,,,,,,
14567,5,3|7|7,Face3-7-7,,20,1,820377,p_o_f_face_0377_lod.bif,8,,,,,,
10704,5,4,Face4,,20,1,820400,p_o_f_face_0400_lod.nif,8,,,,,,
12190,5,4|0,Face4-0,,20,1,820400,p_o_f_face_0400_lod.nif,8,,,,,,
12191,5,4|1,Face4-1,,20,1,820410,p_o_f_face_0410_lod.nif,8,,,,,,
12192,5,4|2,Face4-2,,20,1,820420,p_o_f_face_0420_lod.nif,8,,,,,,
12193,5,4|3,Face4-3,,20,1,820430,p_o_f_face_0430_lod.nif,8,,,,,,
12194,5,4|4,Face4-4,,20,1,820440,p_o_f_face_0440_lod.nif,8,,,,,,
12195,5,4|5,Face4-5,,20,1,820450,p_o_f_face_0450_lod.nif,8,,,,,,
12196,5,4|6,Face4-6,,20,1,820460,p_o_f_face_0460_lod.nif,8,,,,,,
12197,5,4|7,Face4-7,,20,1,820470,p_o_f_face_0470_lod.nif,8,,,,,,
13950,5,4|0|0,Face4-0-0,,20,1,820400,p_o_f_face_0400_lod.nif,8,,,,,,
13951,5,4|0|1,Face4-0-1,,20,1,820401,p_o_f_face_0401_lod.bif,8,,,,,,
13952,5,4|0|2,Face4-0-2,,20,1,820402,p_o_f_face_0402_lod.bif,8,,,,,,
13953,5,4|0|3,Face4-0-3,,20,1,820403,p_o_f_face_0403_lod.bif,8,,,,,,
13954,5,4|0|4,Face4-0-4,,20,1,820404,p_o_f_face_0404_lod.bif,8,,,,,,
13955,5,4|0|5,Face4-0-5,,20,1,820405,p_o_f_face_0405_lod.bif,8,,,,,,
13956,5,4|0|6,Face4-0-6,,20,1,820406,p_o_f_face_0406_lod.bif,8,,,,,,
13957,5,4|0|7,Face4-0-7,,20,1,820407,p_o_f_face_0407_lod.bif,8,,,,,,
13960,5,4|1|0,Face4-1-0,,20,1,820410,p_o_f_face_0410_lod.nif,8,,,,,,
13961,5,4|1|1,Face4-1-1,,20,1,820411,p_o_f_face_0411_lod.bif,8,,,,,,
13962,5,4|1|2,Face4-1-2,,20,1,820412,p_o_f_face_0412_lod.bif,8,,,,,,
13963,5,4|1|3,Face4-1-3,,20,1,820413,p_o_f_face_0413_lod.bif,8,,,,,,
13964,5,4|1|4,Face4-1-4,,20,1,820414,p_o_f_face_0414_lod.bif,8,,,,,,
13965,5,4|1|5,Face4-1-5,,20,1,820415,p_o_f_face_0415_lod.bif,8,,,,,,
13966,5,4|1|6,Face4-1-6,,20,1,820416,p_o_f_face_0416_lod.bif,8,,,,,,
13967,5,4|1|7,Face4-1-7,,20,1,820417,p_o_f_face_0417_lod.bif,8,,,,,,
13970,5,4|2|0,Face4-2-0,,20,1,820420,p_o_f_face_0420_lod.nif,8,,,,,,
13971,5,4|2|1,Face4-2-1,,20,1,820421,p_o_f_face_0421_lod.bif,8,,,,,,
13972,5,4|2|2,Face4-2-2,,20,1,820422,p_o_f_face_0422_lod.bif,8,,,,,,
13973,5,4|2|3,Face4-2-3,,20,1,820423,p_o_f_face_0423_lod.bif,8,,,,,,
13974,5,4|2|4,Face4-2-4,,20,1,820424,p_o_f_face_0424_lod.bif,8,,,,,,
13975,5,4|2|5,Face4-2-5,,20,1,820425,p_o_f_face_0425_lod.bif,8,,,,,,
13976,5,4|2|6,Face4-2-6,,20,1,820426,p_o_f_face_0426_lod.bif,8,,,,,,
13977,5,4|2|7,Face4-2-7,,20,1,820427,p_o_f_face_0427_lod.bif,8,,,,,,
13980,5,4|3|0,Face4-3-0,,20,1,820430,p_o_f_face_0430_lod.nif,8,,,,,,
13981,5,4|3|1,Face4-3-1,,20,1,820431,p_o_f_face_0431_lod.bif,8,,,,,,
13982,5,4|3|2,Face4-3-2,,20,1,820432,p_o_f_face_0432_lod.bif,8,,,,,,
13983,5,4|3|3,Face4-3-3,,20,1,820433,p_o_f_face_0433_lod.bif,8,,,,,,
13984,5,4|3|4,Face4-3-4,,20,1,820434,p_o_f_face_0434_lod.bif,8,,,,,,
13985,5,4|3|5,Face4-3-5,,20,1,820435,p_o_f_face_0435_lod.bif,8,,,,,,
13986,5,4|3|6,Face4-3-6,,20,1,820436,p_o_f_face_0436_lod.bif,8,,,,,,
13987,5,4|3|7,Face4-3-7,,20,1,820437,p_o_f_face_0437_lod.bif,8,,,,,,
13990,5,4|4|0,Face4-4-0,,20,1,820440,p_o_f_face_0440_lod.nif,8,,,,,,
13991,5,4|4|1,Face4-4-1,,20,1,820441,p_o_f_face_0441_lod.bif,8,,,,,,
13992,5,4|4|2,Face4-4-2,,20,1,820442,p_o_f_face_0442_lod.bif,8,,,,,,
13993,5,4|4|3,Face4-4-3,,20,1,820443,p_o_f_face_0443_lod.bif,8,,,,,,
13994,5,4|4|4,Face4-4-4,,20,1,820444,p_o_f_face_0444_lod.bif,8,,,,,,
13995,5,4|4|5,Face4-4-5,,20,1,820445,p_o_f_face_0445_lod.bif,8,,,,,,
13996,5,4|4|6,Face4-4-6,,20,1,820446,p_o_f_face_0446_lod.bif,8,,,,,,
13997,5,4|4|7,Face4-4-7,,20,1,820447,p_o_f_face_0447_lod.bif,8,,,,,,
14570,5,4|5|0,Face4-5-0,,20,1,820450,p_o_f_face_0450_lod.nif,8,,,,,,
14571,5,4|5|1,Face4-5-1,,20,1,820451,p_o_f_face_0451_lod.bif,8,,,,,,
14572,5,4|5|2,Face4-5-2,,20,1,820452,p_o_f_face_0452_lod.bif,8,,,,,,
14573,5,4|5|3,Face4-5-3,,20,1,820453,p_o_f_face_0453_lod.bif,8,,,,,,
14574,5,4|5|4,Face4-5-4,,20,1,820454,p_o_f_face_0454_lod.bif,8,,,,,,
14575,5,4|5|5,Face4-5-5,,20,1,820455,p_o_f_face_0455_lod.bif,8,,,,,,
14576,5,4|5|6,Face4-5-6,,20,1,820456,p_o_f_face_0456_lod.bif,8,,,,,,
14577,5,4|5|7,Face4-5-7,,20,1,820457,p_o_f_face_0457_lod.bif,8,,,,,,
14580,5,4|6|0,Face4-6-0,,20,1,820460,p_o_f_face_0460_lod.nif,8,,,,,,
14581,5,4|6|1,Face4-6-1,,20,1,820461,p_o_f_face_0461_lod.bif,8,,,,,,
14582,5,4|6|2,Face4-6-2,,20,1,820462,p_o_f_face_0462_lod.bif,8,,,,,,
14583,5,4|6|3,Face4-6-3,,20,1,820463,p_o_f_face_0463_lod.bif,8,,,,,,
14584,5,4|6|4,Face4-6-4,,20,1,820464,p_o_f_face_0464_lod.bif,8,,,,,,
14585,5,4|6|5,Face4-6-5,,20,1,820465,p_o_f_face_0465_lod.bif,8,,,,,,
14586,5,4|6|6,Face4-6-6,,20,1,820466,p_o_f_face_0466_lod.bif,8,,,,,,
14587,5,4|6|7,Face4-6-7,,20,1,820467,p_o_f_face_0467_lod.bif,8,,,,,,
14590,5,4|7|0,Face4-7-0,,20,1,820470,p_o_f_face_0470_lod.nif,8,,,,,,
14591,5,4|7|1,Face4-7-1,,20,1,820471,p_o_f_face_0471_lod.bif,8,,,,,,
14592,5,4|7|2,Face4-7-2,,20,1,820472,p_o_f_face_0472_lod.bif,8,,,,,,
14593,5,4|7|3,Face4-7-3,,20,1,820473,p_o_f_face_0473_lod.bif,8,,,,,,
14594,5,4|7|4,Face4-7-4,,20,1,820474,p_o_f_face_0474_lod.bif,8,,,,,,
14595,5,4|7|5,Face4-7-5,,20,1,820475,p_o_f_face_0475_lod.bif,8,,,,,,
14596,5,4|7|6,Face4-7-6,,20,1,820476,p_o_f_face_0476_lod.bif,8,,,,,,
14597,5,4|7|7,Face4-7-7,,20,1,820477,p_o_f_face_0477_lod.bif,8,,,,,,
4000,6,,eyes1 ,,30,1,130000,p_h_m_eyes_0000_lod.nif,1,,,,,,
4001,6,,eyes2,,30,1,130001,p_h_m_eyes_0001_lod.bif,1,,,,,,
4002,6,,eyes3,,30,1,130002,p_h_m_eyes_0002_lod.bif,1,,,,,,
4003,6,,eyes4,,30,1,130003,p_h_m_eyes_0003_lod.bif,1,,,,,,
4004,6,,eyes5,,30,1,130004,p_h_m_eyes_0004_lod.bif,1,,,,,,
4005,6,,eyes6,,30,1,130005,p_h_m_eyes_0005_lod.bif,1,,,,,,
4006,6,,eyes7,,30,1,130010,p_h_m_eyes_0010_lod.bif,1,,,,,,
4007,6,,eyes8,,30,1,130011,p_h_m_eyes_0011_lod.bif,1,,,,,,
4050,6,,eyes1 ,,30,1,130000,p_h_f_eyes_0000_lod.nif,2,,,,,,
4051,6,,eyes2,,30,1,130001,p_h_f_eyes_0001_lod.bif,2,,,,,,
4052,6,,eyes3,,30,1,130002,p_h_f_eyes_0002_lod.bif,2,,,,,,
4053,6,,eyes4,,30,1,130003,p_h_f_eyes_0003_lod.bif,2,,,,,,
4054,6,,eyes5,,30,1,130004,p_h_f_eyes_0004_lod.bif,2,,,,,,
4055,6,,eyes6,,30,1,130005,p_h_f_eyes_0005_lod.bif,2,,,,,,
4056,6,,eyes7,,30,1,130010,p_h_f_eyes_0010_lod.bif,2,,,,,,
4057,6,,eyes8,,30,1,130011,p_h_f_eyes_0011_lod.bif,2,,,,,,
4100,6,,eyes1 ,,30,1,130000,p_m_m_eyes_0000_lod.nif,3,,,,,,
4101,6,,eyes2,,30,1,130001,p_m_m_eyes_0001_lod.bif,3,,,,,,
4102,6,,eyes3,,30,1,130002,p_m_m_eyes_0002_lod.bif,3,,,,,,
4103,6,,eyes4,,30,1,130003,p_m_m_eyes_0003_lod.bif,3,,,,,,
4104,6,,eyes5,,30,1,130004,p_m_m_eyes_0004_lod.bif,3,,,,,,
4105,6,,eyes6,,30,1,130005,p_m_m_eyes_0005_lod.bif,3,,,,,,
4106,6,,eyes7,,30,1,130010,p_m_m_eyes_0010_lod.bif,3,,,,,,
4107,6,,eyes8,,30,1,130011,p_m_m_eyes_0011_lod.bif,3,,,,,,
4150,6,,eyes1 ,,30,1,730000,p_m_f_eyes_0000_lod.nif,4,,,,,,
4151,6,,eyes2,,30,1,730001,p_m_f_eyes_0001_lod.bif,4,,,,,,
4152,6,,eyes3,,30,1,730002,p_m_f_eyes_0002_lod.bif,4,,,,,,
4153,6,,eyes4,,30,1,730003,p_m_f_eyes_0003_lod.bif,4,,,,,,
4154,6,,eyes5,,30,1,730004,p_m_f_eyes_0004_lod.bif,4,,,,,,
4155,6,,eyes6,,30,1,730005,p_m_f_eyes_0005_lod.bif,4,,,,,,
4156,6,,eyes7,,30,1,730010,p_m_f_eyes_0010_lod.bif,4,,,,,,
4157,6,,eyes8,,30,1,730011,p_m_f_eyes_0011_lod.bif,4,,,,,,
4200,6,,eyes1 ,,30,1,730000,p_d_m_eyes_0000_lod.nif,5,,,,,,
4201,6,,eyes2,,30,1,730001,p_d_m_eyes_0001_lod.bif,5,,,,,,
4202,6,,eyes3,,30,1,730002,p_d_m_eyes_0002_lod.bif,5,,,,,,
4203,6,,eyes4,,30,1,730003,p_d_m_eyes_0003_lod.bif,5,,,,,,
4204,6,,eyes5,,30,1,730004,p_d_m_eyes_0004_lod.bif,5,,,,,,
4205,6,,eyes6,,30,1,730005,p_d_m_eyes_0005_lod.bif,5,,,,,,
4206,6,,eyes7,,30,1,730010,p_d_m_eyes_0010_lod.bif,5,,,,,,
4207,6,,eyes8,,30,1,730011,p_d_m_eyes_0011_lod.bif,5,,,,,,
4250,6,,eyes1 ,,30,1,130000,p_d_f_eyes_0000_lod.nif,6,,,,,,
4251,6,,eyes2,,30,1,130001,p_d_f_eyes_0001_lod.bif,6,,,,,,
4252,6,,eyes3,,30,1,130002,p_d_f_eyes_0002_lod.bif,6,,,,,,
4253,6,,eyes4,,30,1,130003,p_d_f_eyes_0003_lod.bif,6,,,,,,
4254,6,,eyes5,,30,1,130004,p_d_f_eyes_0004_lod.bif,6,,,,,,
4255,6,,eyes6,,30,1,130005,p_d_f_eyes_0005_lod.bif,6,,,,,,
4256,6,,eyes7,,30,1,130010,p_d_f_eyes_0010_lod.bif,6,,,,,,
4257,6,,eyes8,,30,1,130011,p_d_f_eyes_0011_lod.bif,6,,,,,,
4300,6,,eyes1 ,,30,1,730000,p_o_m_eyes_0000_lod.nif,7,,,,,,
4301,6,,eyes2,,30,1,730001,p_o_m_eyes_0001_lod.bif,7,,,,,,
4302,6,,eyes3,,30,1,730002,p_o_m_eyes_0002_lod.bif,7,,,,,,
4303,6,,eyes4,,30,1,730003,p_o_m_eyes_0003_lod.bif,7,,,,,,
4304,6,,eyes5,,30,1,730004,p_o_m_eyes_0004_lod.bif,7,,,,,,
4305,6,,eyes6,,30,1,730005,p_o_m_eyes_0005_lod.bif,7,,,,,,
4306,6,,eyes7,,30,1,730010,p_o_m_eyes_0010_lod.bif,7,,,,,,
4307,6,,eyes8,,30,1,730011,p_o_m_eyes_0011_lod.bif,7,,,,,,
4350,6,,eyes1 ,,30,1,730000,p_o_f_eyes_0000_lod.nif,8,,,,,,
4351,6,,eyes2,,30,1,730001,p_o_f_eyes_0001_lod.bif,8,,,,,,
4352,6,,eyes3,,30,1,730002,p_o_f_eyes_0002_lod.bif,8,,,,,,
4353,6,,eyes4,,30,1,730003,p_o_f_eyes_0003_lod.bif,8,,,,,,
4354,6,,eyes5,,30,1,730004,p_o_f_eyes_0004_lod.bif,8,,,,,,
4355,6,,eyes6,,30,1,730005,p_o_f_eyes_0005_lod.bif,8,,,,,,
4356,6,,eyes7,,30,1,730010,p_o_f_eyes_0010_lod.bif,8,,,,,,
4357,6,,eyes8,,30,1,730011,p_o_f_eyes_0011_lod.bif,8,,,,,,
