TID,RewardTID,Comment,BoxColor,RewardItem01,RewardItemStack01,RewardRate01,RewardItem02,RewardItemStack02,RewardRate02,RewardItem03,RewardItemStack03,RewardRate03,RewardItem04,RewardItemStack04,RewardRate04,RewardItem05,RewardItemStack05,RewardRate05,RewardItem06,RewardItemStack06,RewardRate06,RewardItem07,RewardItemStack07,RewardRate07,RewardItem08,RewardItemStack08,RewardRate08,RewardItem09,RewardItemStack09,RewardRate09,RewardItem10,RewardItemStack10,RewardRate10
分离器,即时地图参考TID TID 号码,企划者用(可用补偿和地图名称),宝物箱子颜色,01#奖励物品,01#奖励物品重合数量,01#奖励概率,2#奖励物品,02#奖励物品重合数量,2#奖励概率,3#奖励物品,03#奖励物品重合数量,3#奖励概率,4#奖励物品,04#奖励物品重合数量,4#奖励概率,5#奖励物品,05#奖励物品重合数量,5#奖励概率,06#奖励物品,06#奖励物品重合数量,06#奖励概率,07#奖励物品,07#奖励物品重合数量,07#奖励概率,08#奖励物品,08#奖励物品重合数量,08#奖励概率,09#奖励物品,09#奖励物品重合数量,09#奖励概率,10#奖励物品,10#奖励物品重合数量,10#奖励概率
,,,,,,,,,,,,,,,,,,,,,,,,,,,,,,,,,
U16,U16,CBwString,U8,U32,U8,U16,U32,U8,U16,U32,U8,U16,U32,U8,U16,U32,U8,U16,U32,U8,U16,U32,U8,U16,U32,U8,U16,U32,U8,U16,U32,U8,U16
1010,4000,"洛坎的实验室 (人类, 普通)-SSS 奖励",5,81000,1,925,81001,1,4625,81002,1,9250,2080011,1,9288,2080012,1,9326,2080021,1,9476,2080022,1,9626,2080031,1,9814,2080032,1,10000,,,
1011,4000,"洛坎的实验室 (人类, 普通)-SS 奖励",5,81000,1,925,81001,1,5550,81002,1,9250,2080011,1,9288,2080012,1,9326,2080021,1,9514,2080022,1,9702,2080031,1,9852,2080032,1,10000,,,
1012,4000,"洛坎的实验室 (人类, 普通)-S 奖励",4,81000,1,4625,81001,1,7400,81002,1,9250,2080011,1,9438,2080012,1,9626,2080021,1,9739,2080022,1,9852,2080031,1,9927,2080032,1,10000,,,
1013,4000,"洛坎的实验室 (人类, 普通)-A 奖励",3,81000,1,2000,10004,20,4400,10104,20,6100,10005,20,8300,10105,20,10000,,,,,,,,,,,,,,,
1014,4000,"洛坎的实验室 (人类, 普通)-B 奖励",3,81000,1,500,10004,10,3100,10104,10,5300,10005,10,7800,10105,10,10000,,,,,,,,,,,,,,,
1015,4000,"洛坎的实验室 (人类, 普通)-F 奖励",2,10004,1,3000,10104,1,5000,10005,1,8000,10105,1,10000,,,,,,,,,,,,,,,,,,
1040,4000,"洛坎的实验室 (兽族,普通)-SSS 奖励",5,81100,1,925,81101,1,4625,81102,1,9250,2080011,1,9288,2080012,1,9326,2080021,1,9476,2080022,1,9626,2080031,1,9814,2080032,1,10000,,,
1041,4000,"洛坎的实验室 (兽族,普通)-SS 奖励",5,81100,1,925,81101,1,5550,81102,1,9250,2080011,1,9288,2080012,1,9326,2080021,1,9514,2080022,1,9702,2080031,1,9852,2080032,1,10000,,,
1042,4000,"洛坎的实验室 (兽族,普通)-S 奖励",4,81100,1,4625,81101,1,7400,81102,1,9250,2080011,1,9438,2080012,1,9626,2080021,1,9739,2080022,1,9852,2080031,1,9927,2080032,1,10000,,,
1043,4000,"洛坎的实验室 (兽族,普通)-A 奖励",3,81100,1,2000,10004,20,4400,10104,20,6100,10005,20,8300,10105,20,10000,,,,,,,,,,,,,,,
1044,4000,"洛坎的实验室 (兽族,普通)-B 奖励",3,81100,1,500,10004,10,3100,10104,10,5300,10005,10,7800,10105,10,10000,,,,,,,,,,,,,,,
1045,4000,"洛坎的实验室 (兽族,普通)-F 奖励",2,10004,1,3000,10104,1,5000,10005,1,8000,10105,1,10000,,,,,,,,,,,,,,,,,,
1110,4001,"洛坎的实验室 (人类, 困难)-SSS 奖励",5,81004,1,1850,81005,1,8325,2080021,1,8400,2080022,1,8475,2080031,1,8738,2080032,1,9001,115000,1,9501,115001,1,10000,,,,,,
1111,4001,"洛坎的实验室 (人类, 困难)-SS 奖励",5,81004,1,4625,81005,1,9250,2080021,1,9438,2080022,1,9626,2080031,1,9814,2080032,1,10000,,,,,,,,,,,,
1112,4001,"洛坎的实验室 (人类, 困难)-S 奖励",4,81004,1,6475,81005,1,9250,2080021,1,9513,2080022,1,9776,2080031,1,9889,2080032,1,10000,,,,,,,,,,,,
1113,4001,"洛坎的实验室 (人类, 困难)-A 奖励",3,81000,1,3000,10004,30,4800,10104,30,6500,10005,30,8300,10105,30,10000,,,,,,,,,,,,,,,
1114,4001,"洛坎的实验室 (人类, 困难)-B 奖励",3,81000,1,1000,10004,15,3300,10104,15,5500,10005,15,7800,10105,15,10000,,,,,,,,,,,,,,,
1115,4001,"洛坎的实验室 (人类, 困难)-F 奖励",2,10004,1,2500,10104,1,5000,10005,1,7500,10105,1,10000,,,,,,,,,,,,,,,,,,
1140,4001,"洛坎的实验室 (兽族, 困难)-SSS 奖励",5,81104,1,1850,81105,1,8325,2080021,1,8400,2080022,1,8475,2080031,1,8738,2080032,1,9001,115000,1,9501,115001,1,10000,,,,,,
1141,4001,"洛坎的实验室 (兽族, 困难)-SS 奖励",5,81104,1,4625,81105,1,9250,2080021,1,9438,2080022,1,9626,2080031,1,9814,2080032,1,10000,,,,,,,,,,,,
1142,4001,"洛坎的实验室 (兽族, 困难)-S 奖励",4,81104,1,6475,81105,1,9250,2080021,1,9513,2080022,1,9776,2080031,1,9889,2080032,1,10000,,,,,,,,,,,,
1143,4001,"洛坎的实验室 (兽族, 困难)-A 奖励",3,81100,1,3000,10004,30,4800,10104,30,6500,10005,30,8300,10105,30,10000,,,,,,,,,,,,,,,
1144,4001,"洛坎的实验室 (兽族, 困难)-B 奖励",3,81100,1,1000,10004,15,3300,10104,15,5500,10005,15,7800,10105,15,10000,,,,,,,,,,,,,,,
1145,4001,"洛坎的实验室 (兽族, 困难)-F 奖励",2,10004,1,2500,10104,1,5000,10005,1,7500,10105,1,10000,,,,,,,,,,,,,,,,,,
1210,4002,"洛坎的实验室 (人类, 极困难)-SSS 奖励",5,0,0,0,0,0,0,0,0,0,0,0,0,0,0,0,0,0,0,0,0,0,0,0,0,0,0,0,0,0,0
1211,4002,"洛坎的实验室 (人类, 极困难)-SS 奖励",5,0,0,0,0,0,0,0,0,0,0,0,0,0,0,0,0,0,0,0,0,0,0,0,0,0,0,0,0,0,0
1212,4002,"洛坎的实验室 (人类, 极困难)-S 奖励",4,0,0,0,0,0,0,0,0,0,0,0,0,0,0,0,0,0,0,0,0,0,0,0,0,0,0,0,0,0,0
1213,4002,"洛坎的实验室 (人类, 极困难)-A 奖励",3,0,0,0,0,0,0,0,0,0,0,0,0,0,0,0,0,0,0,0,0,0,0,0,0,0,0,0,0,0,0
1214,4002,"洛坎的实验室 (人类, 极困难)-B 奖励",3,0,0,0,0,0,0,0,0,0,0,0,0,0,0,0,0,0,0,0,0,0,0,0,0,0,0,0,0,0,0
1215,4002,"洛坎的实验室 (人类, 极困难)-F 奖励",2,0,0,0,0,0,0,0,0,0,0,0,0,0,0,0,0,0,0,0,0,0,0,0,0,0,0,0,0,0,0
1240,4002,"洛坎的实验室 (兽族, 极困难)-SSS 奖励",5,0,0,0,0,0,0,0,0,0,0,0,0,0,0,0,0,0,0,0,0,0,0,0,0,0,0,0,0,0,0
1241,4002,"洛坎的实验室 (兽族, 极困难)-SS 奖励",5,0,0,0,0,0,0,0,0,0,0,0,0,0,0,0,0,0,0,0,0,0,0,0,0,0,0,0,0,0,0
1242,4002,"洛坎的实验室 (兽族, 极困难)-S 奖励",4,0,0,0,0,0,0,0,0,0,0,0,0,0,0,0,0,0,0,0,0,0,0,0,0,0,0,0,0,0,0
1243,4002,"洛坎的实验室 (兽族, 极困难)-A 奖励",3,0,0,0,0,0,0,0,0,0,0,0,0,0,0,0,0,0,0,0,0,0,0,0,0,0,0,0,0,0,0
1244,4002,"洛坎的实验室 (兽族, 极困难)-B 奖励",3,0,0,0,0,0,0,0,0,0,0,0,0,0,0,0,0,0,0,0,0,0,0,0,0,0,0,0,0,0,0
1245,4002,"洛坎的实验室 (兽族, 极困难)-F 奖励",2,0,0,0,0,0,0,0,0,0,0,0,0,0,0,0,0,0,0,0,0,0,0,0,0,0,0,0,0,0,0
1310,4003,"洛坎的实验室 (人类, 炼狱)-SSS 奖励",5,0,0,0,0,0,0,0,0,0,0,0,0,0,0,0,0,0,0,0,0,0,0,0,0,0,0,0,0,0,0
1311,4003,"洛坎的实验室 (人类, 炼狱)-SS 奖励",5,0,0,0,0,0,0,0,0,0,0,0,0,0,0,0,0,0,0,0,0,0,0,0,0,0,0,0,0,0,0
1312,4003,"洛坎的实验室 (人类, 炼狱)-S 奖励",4,0,0,0,0,0,0,0,0,0,0,0,0,0,0,0,0,0,0,0,0,0,0,0,0,0,0,0,0,0,0
1313,4003,"洛坎的实验室 (人类, 炼狱)-A 奖励",3,0,0,0,0,0,0,0,0,0,0,0,0,0,0,0,0,0,0,0,0,0,0,0,0,0,0,0,0,0,0
1314,4003,"洛坎的实验室 (人类, 炼狱)-B 奖励",3,0,0,0,0,0,0,0,0,0,0,0,0,0,0,0,0,0,0,0,0,0,0,0,0,0,0,0,0,0,0
1315,4003,"洛坎的实验室 (人类, 炼狱)-F 奖励",2,0,0,0,0,0,0,0,0,0,0,0,0,0,0,0,0,0,0,0,0,0,0,0,0,0,0,0,0,0,0
1340,4003,"洛坎的实验室 (兽族, 炼狱)-SSS 奖励",5,0,0,0,0,0,0,0,0,0,0,0,0,0,0,0,0,0,0,0,0,0,0,0,0,0,0,0,0,0,0
1341,4003,"洛坎的实验室 (兽族, 炼狱)-SS 奖励",5,0,0,0,0,0,0,0,0,0,0,0,0,0,0,0,0,0,0,0,0,0,0,0,0,0,0,0,0,0,0
1342,4003,"洛坎的实验室 (兽族, 炼狱)-S 奖励",4,0,0,0,0,0,0,0,0,0,0,0,0,0,0,0,0,0,0,0,0,0,0,0,0,0,0,0,0,0,0
1343,4003,"洛坎的实验室 (兽族, 炼狱)-A 奖励",3,0,0,0,0,0,0,0,0,0,0,0,0,0,0,0,0,0,0,0,0,0,0,0,0,0,0,0,0,0,0
1344,4003,"洛坎的实验室 (兽族, 炼狱)-B 奖励",3,0,0,0,0,0,0,0,0,0,0,0,0,0,0,0,0,0,0,0,0,0,0,0,0,0,0,0,0,0,0
1345,4003,"洛坎的实验室 (兽族, 炼狱)-F 奖励",2,0,0,0,0,0,0,0,0,0,0,0,0,0,0,0,0,0,0,0,0,0,0,0,0,0,0,0,0,0,0
2010,4010,"深渊神殿 (人类, 普通)-SSS 奖励",5,81006,1,925,81007,1,4625,81008,1,9250,2080111,1,9288,2080112,1,9326,2080121,1,9476,2080122,1,9626,2080131,1,9814,2080132,1,10000,,,
2011,4010,"深渊神殿 (人类, 普通)-SS 奖励",5,81006,1,925,81007,1,5550,81008,1,9250,2080111,1,9326,2080112,1,9514,2080121,1,9702,2080122,1,9702,2080131,1,9852,2080132,1,10000,,,
2012,4010,"深渊神殿 (人类, 普通)-S 奖励",4,81006,1,4625,81007,1,7400,81008,1,9250,2080111,1,9626,2080112,1,9739,2080121,1,9852,2080122,1,9852,2080131,1,9927,2080132,1,10000,,,
2013,4010,"深渊神殿 (人类, 普通)-A 奖励",3,81006,1,2000,10008,20,4400,10108,20,6100,10009,20,8300,10109,20,10000,,,,,,,,,,,,,,,
2014,4010,"深渊神殿 (人类, 普通)-B 奖励",3,81006,1,500,10008,10,3100,10108,10,5300,10009,10,7800,10109,10,10000,,,,,,,,,,,,,,,
2015,4010,"深渊神殿 (人类, 普通)-F 奖励",2,10008,1,3000,10108,1,5000,10009,1,8000,10109,1,10000,,,,,,,,,,,,,,,,,,
2040,4010,"深渊神殿 (兽族, 普通)-SSS 奖励",5,81106,1,925,81107,1,4625,81108,1,9250,2080111,1,9288,2080112,1,9326,2080121,1,9476,2080122,1,9626,2080131,1,9814,2080132,1,10000,,,
2041,4010,"深渊神殿 (兽族, 普通)-SS 奖励",5,81106,1,925,81107,1,5550,81108,1,9288,2080111,1,9326,2080112,1,9514,2080121,1,9702,2080122,1,9702,2080131,1,9852,2080132,1,10000,,,
2042,4010,"深渊神殿 (兽族, 普通)-S 奖励",4,81106,1,4625,81107,1,7400,81108,1,9438,2080111,1,9626,2080112,1,9739,2080121,1,9852,2080122,1,9852,2080131,1,9927,2080132,1,10000,,,
2043,4010,"深渊神殿 (兽族, 普通)-A 奖励",3,81106,1,2000,10008,20,4400,10108,20,6100,10009,20,8300,10109,20,10000,,,,,,,,,,,,,,,
2044,4010,"深渊神殿 (兽族, 普通)-B 奖励",3,81106,1,500,10008,10,3100,10108,10,5300,10009,10,7800,10109,10,10000,,,,,,,,,,,,,,,
2045,4010,"深渊神殿 (兽族, 普通)-F 奖励",2,10008,1,3000,10108,1,5000,10009,1,8000,10109,1,10000,,,,,,,,,,,,,,,,,,
2110,4011,"深渊神殿 (人类, 困难)-SSS 奖励",5,81007,1,1850,81008,1,8325,2080121,1,8400,2080122,1,8475,2080131,1,8738,2080132,1,9001,115100,1,9501,115101,1,10000,,,,,,
2111,4011,"深渊神殿 (人类, 困难)-SS 奖励",5,81007,1,4625,81008,1,9250,2080121,1,9438,2080122,1,9626,2080131,1,9814,2080132,1,10000,,,,,,,,,,,,
2112,4011,"深渊神殿 (人类, 困难)-S 奖励",4,81007,1,6475,81008,1,9250,2080121,1,9513,2080122,1,9776,2080131,1,9889,2080132,1,10000,,,,,,,,,,,,
2113,4011,"深渊神殿 (人类, 困难)-A 奖励",3,81006,1,3000,10008,30,4800,10108,30,6500,10009,30,8300,10109,30,10000,,,,,,,,,,,,,,,
2114,4011,"深渊神殿 (人类, 困难)-B 奖励",3,81006,1,1000,10008,15,3300,10108,15,5500,10009,15,7800,10109,15,10000,,,,,,,,,,,,,,,
2115,4011,"深渊神殿 (人类, 困难)-F 奖励",2,10008,1,2500,10108,1,5000,10009,1,7500,10109,1,10000,,,,,,,,,,,,,,,,,,
2140,4011,"深渊神殿 (兽族, 困难)-SSS 奖励",5,81107,1,1850,81108,1,8325,2080121,1,8400,2080122,1,8475,2080131,1,8738,2080132,1,9001,115100,1,9501,115101,1,10000,,,,,,
2141,4011,"深渊神殿 (兽族, 困难)-SS 奖励",5,81107,1,4625,81108,1,9250,2080121,1,9438,2080122,1,9626,2080131,1,9814,2080132,1,10000,,,,,,,,,,,,
2142,4011,"深渊神殿 (兽族, 困难)-S 奖励",4,81107,1,6475,81108,1,9250,2080121,1,9513,2080122,1,9776,2080131,1,9889,2080132,1,10000,,,,,,,,,,,,
2143,4011,"深渊神殿 (兽族, 困难)-A 奖励",3,81106,1,3000,10008,30,4800,10108,30,6500,10009,30,8300,10109,30,10000,,,,,,,,,,,,,,,
2144,4011,"深渊神殿 (兽族, 困难)-B 奖励",3,81106,1,1000,10008,15,3300,10108,15,5500,10009,15,7800,10109,15,10000,,,,,,,,,,,,,,,
2145,4011,"深渊神殿 (兽族, 困难)-F 奖励",2,10008,1,2500,10108,1,5000,10009,1,7500,10109,1,10000,,,,,,,,,,,,,,,,,,
2210,4012,"深渊神殿 (人类, 极困难)-SSS 奖励",5,0,0,0,0,0,0,0,0,0,0,0,0,0,0,0,0,0,0,0,0,0,0,0,0,0,0,0,0,0,0
2211,4012,"深渊神殿 (人类, 极困难)-SS 奖励",5,0,0,0,0,0,0,0,0,0,0,0,0,0,0,0,0,0,0,0,0,0,0,0,0,0,0,0,0,0,0
2212,4012,"深渊神殿 (人类, 极困难)-S 奖励",4,0,0,0,0,0,0,0,0,0,0,0,0,0,0,0,0,0,0,0,0,0,0,0,0,0,0,0,0,0,0
2213,4012,"深渊神殿 (人类, 极困难)-A 奖励",3,0,0,0,0,0,0,0,0,0,0,0,0,0,0,0,0,0,0,0,0,0,0,0,0,0,0,0,0,0,0
2214,4012,"深渊神殿 (人类, 极困难)-B 奖励",3,0,0,0,0,0,0,0,0,0,0,0,0,0,0,0,0,0,0,0,0,0,0,0,0,0,0,0,0,0,0
2215,4012,"深渊神殿 (人类, 极困难)-F 奖励",2,0,0,0,0,0,0,0,0,0,0,0,0,0,0,0,0,0,0,0,0,0,0,0,0,0,0,0,0,0,0
2240,4012,"深渊神殿 (兽族, 极困难)-SSS 奖励",5,0,0,0,0,0,0,0,0,0,0,0,0,0,0,0,0,0,0,0,0,0,0,0,0,0,0,0,0,0,0
2241,4012,"深渊神殿 (兽族, 极困难)-SS 奖励",5,0,0,0,0,0,0,0,0,0,0,0,0,0,0,0,0,0,0,0,0,0,0,0,0,0,0,0,0,0,0
2242,4012,"深渊神殿 (兽族, 极困难)-S 奖励",4,0,0,0,0,0,0,0,0,0,0,0,0,0,0,0,0,0,0,0,0,0,0,0,0,0,0,0,0,0,0
2243,4012,"深渊神殿 (兽族, 极困难)-A 奖励",3,0,0,0,0,0,0,0,0,0,0,0,0,0,0,0,0,0,0,0,0,0,0,0,0,0,0,0,0,0,0
2244,4012,"深渊神殿 (兽族, 极困难)-B 奖励",3,0,0,0,0,0,0,0,0,0,0,0,0,0,0,0,0,0,0,0,0,0,0,0,0,0,0,0,0,0,0
2245,4012,"深渊神殿 (兽族, 极困难)-F 奖励",2,0,0,0,0,0,0,0,0,0,0,0,0,0,0,0,0,0,0,0,0,0,0,0,0,0,0,0,0,0,0
2310,4013,"深渊神殿 (人类, 炼狱)-SSS 奖励",5,0,0,0,0,0,0,0,0,0,0,0,0,0,0,0,0,0,0,0,0,0,0,0,0,0,0,0,0,0,0
2311,4013,"深渊神殿 (人类, 炼狱)-SS 奖励",5,0,0,0,0,0,0,0,0,0,0,0,0,0,0,0,0,0,0,0,0,0,0,0,0,0,0,0,0,0,0
2312,4013,"深渊神殿 (人类, 炼狱)-S 奖励",4,0,0,0,0,0,0,0,0,0,0,0,0,0,0,0,0,0,0,0,0,0,0,0,0,0,0,0,0,0,0
2313,4013,"深渊神殿 (人类, 炼狱)-A 奖励",3,0,0,0,0,0,0,0,0,0,0,0,0,0,0,0,0,0,0,0,0,0,0,0,0,0,0,0,0,0,0
2314,4013,"深渊神殿 (人类, 炼狱)-B 奖励",3,0,0,0,0,0,0,0,0,0,0,0,0,0,0,0,0,0,0,0,0,0,0,0,0,0,0,0,0,0,0
2315,4013,"深渊神殿 (人类, 炼狱)-F 奖励",2,0,0,0,0,0,0,0,0,0,0,0,0,0,0,0,0,0,0,0,0,0,0,0,0,0,0,0,0,0,0
2340,4013,"深渊神殿 (兽族, 炼狱)-SSS 奖励",5,0,0,0,0,0,0,0,0,0,0,0,0,0,0,0,0,0,0,0,0,0,0,0,0,0,0,0,0,0,0
2341,4013,"深渊神殿 (兽族, 炼狱)-SS 奖励",5,0,0,0,0,0,0,0,0,0,0,0,0,0,0,0,0,0,0,0,0,0,0,0,0,0,0,0,0,0,0
2342,4013,"深渊神殿 (兽族, 炼狱)-S 奖励",4,0,0,0,0,0,0,0,0,0,0,0,0,0,0,0,0,0,0,0,0,0,0,0,0,0,0,0,0,0,0
2343,4013,"深渊神殿 (兽族, 炼狱)-A 奖励",3,0,0,0,0,0,0,0,0,0,0,0,0,0,0,0,0,0,0,0,0,0,0,0,0,0,0,0,0,0,0
2344,4013,"深渊神殿 (兽族, 炼狱)-B 奖励",3,0,0,0,0,0,0,0,0,0,0,0,0,0,0,0,0,0,0,0,0,0,0,0,0,0,0,0,0,0,0
2345,4013,"深渊神殿 (兽族, 炼狱)-F 奖励",2,0,0,0,0,0,0,0,0,0,0,0,0,0,0,0,0,0,0,0,0,0,0,0,0,0,0,0,0,0,0
3010,4020,"奎里奥德矿山 (人类, 普通)-SSS 奖励",5,81009,1,925,81010,1,4625,81011,1,9250,2080211,1,9288,2080212,1,9326,2080221,1,9476,2080222,1,9626,2080231,1,9814,2080232,1,10000,,,
3011,4020,"奎里奥德矿山 (人类, 普通)-SS 奖励",5,81009,1,925,81010,1,5550,81011,1,9250,2080211,1,9326,2080212,1,9514,2080221,1,9702,2080222,1,9702,2080231,1,9852,2080232,1,10000,,,
3012,4020,"奎里奥德矿山 (人类, 普通)-S 奖励",4,81009,1,4625,81010,1,7400,81011,1,9250,2080211,1,9626,2080212,1,9739,2080221,1,9852,2080222,1,9852,2080231,1,9927,2080232,1,10000,,,
3013,4020,"奎里奥德矿山 (人类, 普通)-A 奖励",3,81009,1,2000,10008,20,4400,10108,20,6100,10009,20,8300,10109,20,10000,,,,,,,,,,,,,,,
3014,4020,"奎里奥德矿山 (人类, 普通)-B 奖励",3,81009,1,500,10008,10,3100,10108,10,5300,10009,10,7800,10109,10,10000,,,,,,,,,,,,,,,
3015,4020,"奎里奥德矿山 (人类, 普通)-F 奖励",2,10008,1,3000,10108,1,5000,10009,1,8000,10109,1,10000,,,,,,,,,,,,,,,,,,
3040,4020,"奎里奥德矿山 (兽族, 普通)-SSS 奖励",5,81109,1,925,81110,1,4625,81111,1,9250,2080211,1,9288,2080212,1,9326,2080221,1,9476,2080222,1,9626,2080231,1,9814,2080232,1,10000,,,
3041,4020,"奎里奥德矿山 (兽族, 普通)-SS 奖励",5,81109,1,925,81110,1,5550,81111,1,9288,2080211,1,9326,2080212,1,9514,2080221,1,9702,2080222,1,9702,2080231,1,9852,2080232,1,10000,,,
3042,4020,"奎里奥德矿山 (兽族, 普通)-S 奖励",4,81109,1,4625,81110,1,7400,81111,1,9438,2080211,1,9626,2080212,1,9739,2080221,1,9852,2080222,1,9852,2080231,1,9927,2080232,1,10000,,,
3043,4020,"奎里奥德矿山 (兽族, 普通)-A 奖励",3,81109,1,2000,10008,20,4400,10108,20,6100,10009,20,8300,10109,20,10000,,,,,,,,,,,,,,,
3044,4020,"奎里奥德矿山 (兽族, 普通)-B 奖励",3,81109,1,500,10008,10,3100,10108,10,5300,10009,10,7800,10109,10,10000,,,,,,,,,,,,,,,
3045,4020,"奎里奥德矿山 (兽族, 普通)-F 奖励",2,10008,1,3000,10108,1,5000,10009,1,8000,10109,1,10000,,,,,,,,,,,,,,,,,,
3110,4021,"奎里奥德矿山 (人类, 困难)-SSS 奖励",5,81010,1,1850,81011,1,8325,2080221,1,8400,2080222,1,8475,2080231,1,8738,2080232,1,9001,115200,1,9501,115201,1,10000,,,,,,
3111,4021,"奎里奥德矿山 (人类, 困难)-SS 奖励",5,81010,1,4625,81011,1,9250,2080221,1,9438,2080222,1,9626,2080231,1,9814,2080232,1,10000,,,,,,,,,,,,
3112,4021,"奎里奥德矿山 (人类, 困难)-S 奖励",4,81010,1,6475,81011,1,9250,2080221,1,9513,2080222,1,9776,2080231,1,9889,2080232,1,10000,,,,,,,,,,,,
3113,4021,"奎里奥德矿山 (人类, 困难)-A 奖励",3,81009,1,3000,10008,30,4800,10108,30,6500,10009,30,8300,10109,30,10000,,,,,,,,,,,,,,,
3114,4021,"奎里奥德矿山 (人类, 困难)-B 奖励",3,81009,1,1000,10008,15,3300,10108,15,5500,10009,15,7800,10109,15,10000,,,,,,,,,,,,,,,
3115,4021,"奎里奥德矿山 (人类, 困难)-F 奖励",2,10008,1,2500,10108,1,5000,10009,1,7500,10109,1,10000,,,,,,,,,,,,,,,,,,
3140,4021,"奎里奥德矿山 (兽族, 困难)-SSS 奖励",5,81110,1,1850,81111,1,8325,2080221,1,8400,2080222,1,8475,2080231,1,8738,2080232,1,9001,115200,1,9501,115201,1,10000,,,,,,
3141,4021,"奎里奥德矿山 (兽族, 困难)-SS 奖励",5,81110,1,4625,81111,1,9250,2080221,1,9438,2080222,1,9626,2080231,1,9814,2080232,1,10000,,,,,,,,,,,,
3142,4021,"奎里奥德矿山 (兽族, 困难)-S 奖励",4,81110,1,6475,81111,1,9250,2080221,1,9513,2080222,1,9776,2080231,1,9889,2080232,1,10000,,,,,,,,,,,,
3143,4021,"奎里奥德矿山 (兽族, 困难)-A 奖励",3,81109,1,3000,10008,30,4800,10108,30,6500,10009,30,8300,10109,30,10000,,,,,,,,,,,,,,,
3144,4021,"奎里奥德矿山 (兽族, 困难)-B 奖励",3,81109,1,1000,10008,15,3300,10108,15,5500,10009,15,7800,10109,15,10000,,,,,,,,,,,,,,,
3145,4021,"奎里奥德矿山 (兽族, 困难)-F 奖励",2,10008,1,2500,10108,1,5000,10009,1,7500,10109,1,10000,,,,,,,,,,,,,,,,,,
3210,4022,"奎里奥德矿山 (人类, 极困难)-SSS 奖励",5,0,0,0,0,0,0,0,0,0,0,0,0,0,0,0,0,0,0,0,0,0,0,0,0,0,0,0,0,0,0
3211,4022,"奎里奥德矿山 (人类, 极困难)-SS 奖励",5,0,0,0,0,0,0,0,0,0,0,0,0,0,0,0,0,0,0,0,0,0,0,0,0,0,0,0,0,0,0
3212,4022,"奎里奥德矿山 (人类, 极困难)-S 奖励",4,0,0,0,0,0,0,0,0,0,0,0,0,0,0,0,0,0,0,0,0,0,0,0,0,0,0,0,0,0,0
3213,4022,"奎里奥德矿山 (人类, 极困难)-A 奖励",3,0,0,0,0,0,0,0,0,0,0,0,0,0,0,0,0,0,0,0,0,0,0,0,0,0,0,0,0,0,0
3214,4022,"奎里奥德矿山 (人类, 极困难)-B 奖励",3,0,0,0,0,0,0,0,0,0,0,0,0,0,0,0,0,0,0,0,0,0,0,0,0,0,0,0,0,0,0
3215,4022,"奎里奥德矿山 (人类, 极困难)-F 奖励",2,0,0,0,0,0,0,0,0,0,0,0,0,0,0,0,0,0,0,0,0,0,0,0,0,0,0,0,0,0,0
3240,4022,"奎里奥德矿山 (兽族, 极困难)-SSS 奖励",5,0,0,0,0,0,0,0,0,0,0,0,0,0,0,0,0,0,0,0,0,0,0,0,0,0,0,0,0,0,0
3241,4022,"奎里奥德矿山 (兽族, 极困难)-SS 奖励",5,0,0,0,0,0,0,0,0,0,0,0,0,0,0,0,0,0,0,0,0,0,0,0,0,0,0,0,0,0,0
3242,4022,"奎里奥德矿山 (兽族, 极困难)-S 奖励",4,0,0,0,0,0,0,0,0,0,0,0,0,0,0,0,0,0,0,0,0,0,0,0,0,0,0,0,0,0,0
3243,4022,"奎里奥德矿山 (兽族, 极困难)-A 奖励",3,0,0,0,0,0,0,0,0,0,0,0,0,0,0,0,0,0,0,0,0,0,0,0,0,0,0,0,0,0,0
3244,4022,"奎里奥德矿山 (兽族, 极困难)-B 奖励",3,0,0,0,0,0,0,0,0,0,0,0,0,0,0,0,0,0,0,0,0,0,0,0,0,0,0,0,0,0,0
3245,4022,"奎里奥德矿山 (兽族, 极困难)-F 奖励",2,0,0,0,0,0,0,0,0,0,0,0,0,0,0,0,0,0,0,0,0,0,0,0,0,0,0,0,0,0,0
3310,4023,"奎里奥德矿山 (人类, 炼狱)-SSS 奖励",5,0,0,0,0,0,0,0,0,0,0,0,0,0,0,0,0,0,0,0,0,0,0,0,0,0,0,0,0,0,0
3311,4023,"奎里奥德矿山 (人类, 炼狱)-SS 奖励",5,0,0,0,0,0,0,0,0,0,0,0,0,0,0,0,0,0,0,0,0,0,0,0,0,0,0,0,0,0,0
3312,4023,"奎里奥德矿山 (人类, 炼狱)-S 奖励",4,0,0,0,0,0,0,0,0,0,0,0,0,0,0,0,0,0,0,0,0,0,0,0,0,0,0,0,0,0,0
3313,4023,"奎里奥德矿山 (人类, 炼狱)-A 奖励",3,0,0,0,0,0,0,0,0,0,0,0,0,0,0,0,0,0,0,0,0,0,0,0,0,0,0,0,0,0,0
3314,4023,"奎里奥德矿山 (人类, 炼狱)-B 奖励",3,0,0,0,0,0,0,0,0,0,0,0,0,0,0,0,0,0,0,0,0,0,0,0,0,0,0,0,0,0,0
3315,4023,"奎里奥德矿山 (人类, 炼狱)-F 奖励",2,0,0,0,0,0,0,0,0,0,0,0,0,0,0,0,0,0,0,0,0,0,0,0,0,0,0,0,0,0,0
3340,4023,"奎里奥德矿山 (兽族, 炼狱)-SSS 奖励",5,0,0,0,0,0,0,0,0,0,0,0,0,0,0,0,0,0,0,0,0,0,0,0,0,0,0,0,0,0,0
3341,4023,"奎里奥德矿山 (兽族, 炼狱)-SS 奖励",5,0,0,0,0,0,0,0,0,0,0,0,0,0,0,0,0,0,0,0,0,0,0,0,0,0,0,0,0,0,0
3342,4023,"奎里奥德矿山 (兽族, 炼狱)-S 奖励",4,0,0,0,0,0,0,0,0,0,0,0,0,0,0,0,0,0,0,0,0,0,0,0,0,0,0,0,0,0,0
3343,4023,"奎里奥德矿山 (兽族, 炼狱)-A 奖励",3,0,0,0,0,0,0,0,0,0,0,0,0,0,0,0,0,0,0,0,0,0,0,0,0,0,0,0,0,0,0
3344,4023,"奎里奥德矿山 (兽族, 炼狱)-B 奖励",3,0,0,0,0,0,0,0,0,0,0,0,0,0,0,0,0,0,0,0,0,0,0,0,0,0,0,0,0,0,0
3345,4023,"奎里奥德矿山 (兽族, 炼狱)-F 奖励",2,0,0,0,0,0,0,0,0,0,0,0,0,0,0,0,0,0,0,0,0,0,0,0,0,0,0,0,0,0,0
4010,4030,"火焰祭坛 (人类, 普通)-SSS 奖励",5,81012,1,925,81013,1,4625,81014,1,9250,2080311,1,9288,2080312,1,9326,2080321,1,9476,2080322,1,9626,2080331,1,9814,2080332,1,10000,,,
4011,4030,"火焰祭坛 (人类, 普通)-SS 奖励",5,81012,1,925,81013,1,5550,81014,1,9250,2080311,1,9288,2080312,1,9326,2080321,1,9514,2080322,1,9702,2080331,1,9852,2080332,1,10000,,,
4012,4030,"火焰祭坛 (人类, 普通)-S 奖励",4,81012,1,4625,81013,1,7400,81014,1,9250,2080311,1,9438,2080312,1,9626,2080321,1,9739,2080322,1,9852,2080331,1,9927,2080332,1,10000,,,
4013,4030,"火焰祭坛 (人类, 普通)-A 奖励",3,81012,1,2000,10012,20,4400,10112,20,6100,10013,20,8300,10113,20,10000,,,,,,,,,,,,,,,
4014,4030,"火焰祭坛 (人类, 普通)-B 奖励",3,81012,1,500,10012,10,3100,10112,10,5300,10013,10,7800,10113,10,10000,,,,,,,,,,,,,,,
4015,4030,"火焰祭坛 (人类, 普通)-F 奖励",2,10012,1,3000,10112,1,5000,10013,1,8000,10113,1,10000,,,,,,,,,,,,,,,,,,
4040,4030,"火焰祭坛 (兽族, 普通)-SSS 奖励",5,81112,1,925,81113,1,4625,81114,1,9250,2080311,1,9288,2080312,1,9326,2080321,1,9476,2080322,1,9626,2080331,1,9814,2080332,1,10000,,,
4041,4030,"火焰祭坛 (兽族, 普通)-SS 奖励",5,81112,1,925,81113,1,5550,81114,1,9250,2080311,1,9288,2080312,1,9326,2080321,1,9514,2080322,1,9702,2080331,1,9852,2080332,1,10000,,,
4042,4030,"火焰祭坛 (兽族, 普通)-S 奖励",4,81112,1,4625,81113,1,7400,81114,1,9250,2080311,1,9438,2080312,1,9626,2080321,1,9739,2080322,1,9852,2080331,1,9927,2080332,1,10000,,,
4043,4030,"火焰祭坛 (兽族, 普通)-A 奖励",3,81112,1,2000,10012,20,4400,10112,20,6100,10013,20,8300,10113,20,10000,,,,,,,,,,,,,,,
4044,4030,"火焰祭坛 (兽族, 普通)-B 奖励",3,81112,1,500,10012,10,3100,10112,10,5300,10013,10,7800,10113,10,10000,,,,,,,,,,,,,,,
4045,4030,"火焰祭坛 (兽族, 普通)-F 奖励",2,10012,1,3000,10112,1,5000,10013,1,8000,10113,1,10000,,,,,,,,,,,,,,,,,,
4110,4031,"火焰祭坛 (人类, 困难)-SSS 奖励",5,81013,1,1850,81014,1,6475,2080321,1,6550,2080322,1,6625,2080331,1,6813,2080332,1,7001,83001,1,9001,115300,1,9501,115301,1,10000,,,
4111,4031,"火焰祭坛 (人类, 困难)-SS 奖励",5,81013,1,4625,81014,1,8325,2080321,1,8513,2080322,1,8701,2080331,1,8851,2080332,1,9001,83001,1,10000,,,,,,,,,
4112,4031,"火焰祭坛 (人类, 困难)-S 奖励",4,81013,1,6475,81014,1,8788,2080321,1,9051,2080322,1,9314,2080331,1,9408,2080332,1,9502,83001,1,10000,,,,,,,,,
4113,4031,"火焰祭坛 (人类, 困难)-A 奖励",3,81012,1,3000,10012,30,4800,10112,30,6500,10013,30,8300,10109,30,10000,,,,,,,,,,,,,,,
4114,4031,"火焰祭坛 (人类, 困难)-B 奖励",3,81012,1,1000,10012,15,3300,10112,15,5500,10013,15,7800,10109,15,10000,,,,,,,,,,,,,,,
4115,4031,"火焰祭坛 (人类, 困难)-F 奖励",2,10012,1,2500,10112,1,5000,10013,1,7500,10113,1,10000,,,,,,,,,,,,,,,,,,
4140,4031,"火焰祭坛 (兽族, 困难)-SSS 奖励",5,81113,1,1850,81114,1,6475,2080321,1,6550,2080322,1,6625,2080331,1,6813,2080332,1,7001,83101,1,9001,115300,1,9501,115301,1,10000,,,
4141,4031,"火焰祭坛 (兽族, 困难)-SS 奖励",5,81113,1,4625,81114,1,8325,2080321,1,8513,2080322,1,8701,2080331,1,8851,2080332,1,9001,83101,1,10000,,,,,,,,,
4142,4031,"火焰祭坛 (兽族, 困难)-S 奖励",4,81113,1,6475,81114,1,8788,2080321,1,9051,2080322,1,9314,2080331,1,9408,2080332,1,9502,83101,1,10000,,,,,,,,,
4143,4031,"火焰祭坛 (兽族, 困难)-A 奖励",3,81112,1,3000,10012,30,4800,10112,30,6500,10013,30,8300,10109,30,10000,,,,,,,,,,,,,,,
4144,4031,"火焰祭坛 (兽族, 困难)-B 奖励",3,81112,1,1000,10012,15,3300,10112,15,5500,10013,15,7800,10109,15,10000,,,,,,,,,,,,,,,
4145,4031,"火焰祭坛 (兽族, 困难)-F 奖励",2,10012,1,2500,10112,1,5000,10013,1,7500,10113,1,10000,,,,,,,,,,,,,,,,,,
4210,4032,"火焰祭坛 (人类,人类, 极困难)-SSS 奖励",5,0,0,0,0,0,0,0,0,0,0,0,0,0,0,0,0,0,0,0,0,0,0,0,0,0,0,0,0,0,0
4211,4032,"火焰祭坛 (人类,人类, 极困难)-SS 奖励",5,0,0,0,0,0,0,0,0,0,0,0,0,0,0,0,0,0,0,0,0,0,0,0,0,0,0,0,0,0,0
4212,4032,"火焰祭坛 (人类,人类, 极困难)-S 奖励",4,0,0,0,0,0,0,0,0,0,0,0,0,0,0,0,0,0,0,0,0,0,0,0,0,0,0,0,0,0,0
4213,4032,"火焰祭坛 (人类,人类, 极困难)-A 奖励",3,0,0,0,0,0,0,0,0,0,0,0,0,0,0,0,0,0,0,0,0,0,0,0,0,0,0,0,0,0,0
4214,4032,"火焰祭坛 (人类,人类, 极困难)-B 奖励",3,0,0,0,0,0,0,0,0,0,0,0,0,0,0,0,0,0,0,0,0,0,0,0,0,0,0,0,0,0,0
4215,4032,"火焰祭坛 (人类,人类, 极困难)-F 奖励",2,0,0,0,0,0,0,0,0,0,0,0,0,0,0,0,0,0,0,0,0,0,0,0,0,0,0,0,0,0,0
4240,4032,"火焰祭坛 (兽族, 极困难)-SSS 奖励",5,0,0,0,0,0,0,0,0,0,0,0,0,0,0,0,0,0,0,0,0,0,0,0,0,0,0,0,0,0,0
4241,4032,"火焰祭坛 (兽族, 极困难)-SS 奖励",5,0,0,0,0,0,0,0,0,0,0,0,0,0,0,0,0,0,0,0,0,0,0,0,0,0,0,0,0,0,0
4242,4032,"火焰祭坛 (兽族, 极困难)-S 奖励",4,0,0,0,0,0,0,0,0,0,0,0,0,0,0,0,0,0,0,0,0,0,0,0,0,0,0,0,0,0,0
4243,4032,"火焰祭坛 (兽族, 极困难)-A 奖励",3,0,0,0,0,0,0,0,0,0,0,0,0,0,0,0,0,0,0,0,0,0,0,0,0,0,0,0,0,0,0
4244,4032,"火焰祭坛 (兽族, 极困难)-B 奖励",3,0,0,0,0,0,0,0,0,0,0,0,0,0,0,0,0,0,0,0,0,0,0,0,0,0,0,0,0,0,0
4245,4032,"火焰祭坛 (兽族, 极困难)-F 奖励",2,0,0,0,0,0,0,0,0,0,0,0,0,0,0,0,0,0,0,0,0,0,0,0,0,0,0,0,0,0,0
4310,4033,"火焰祭坛 (人类, 炼狱)-SSS 奖励",5,0,0,0,0,0,0,0,0,0,0,0,0,0,0,0,0,0,0,0,0,0,0,0,0,0,0,0,0,0,0
4311,4033,"火焰祭坛 (人类, 炼狱)-SS 奖励",5,0,0,0,0,0,0,0,0,0,0,0,0,0,0,0,0,0,0,0,0,0,0,0,0,0,0,0,0,0,0
4312,4033,"火焰祭坛 (人类, 炼狱)-S 奖励",4,0,0,0,0,0,0,0,0,0,0,0,0,0,0,0,0,0,0,0,0,0,0,0,0,0,0,0,0,0,0
4313,4033,"火焰祭坛 (人类, 炼狱)-A 奖励",3,0,0,0,0,0,0,0,0,0,0,0,0,0,0,0,0,0,0,0,0,0,0,0,0,0,0,0,0,0,0
4314,4033,"火焰祭坛 (人类, 炼狱)-B 奖励",3,0,0,0,0,0,0,0,0,0,0,0,0,0,0,0,0,0,0,0,0,0,0,0,0,0,0,0,0,0,0
4315,4033,"火焰祭坛 (人类, 炼狱)-F 奖励",2,0,0,0,0,0,0,0,0,0,0,0,0,0,0,0,0,0,0,0,0,0,0,0,0,0,0,0,0,0,0
4340,4033,"火焰祭坛 (兽族, 炼狱)-SSS 奖励",5,0,0,0,0,0,0,0,0,0,0,0,0,0,0,0,0,0,0,0,0,0,0,0,0,0,0,0,0,0,0
4341,4033,"火焰祭坛 (兽族, 炼狱)-SS 奖励",5,0,0,0,0,0,0,0,0,0,0,0,0,0,0,0,0,0,0,0,0,0,0,0,0,0,0,0,0,0,0
4342,4033,"火焰祭坛 (兽族, 炼狱)-S 奖励",4,0,0,0,0,0,0,0,0,0,0,0,0,0,0,0,0,0,0,0,0,0,0,0,0,0,0,0,0,0,0
4343,4033,"火焰祭坛 (兽族, 炼狱)-A 奖励",3,0,0,0,0,0,0,0,0,0,0,0,0,0,0,0,0,0,0,0,0,0,0,0,0,0,0,0,0,0,0
4344,4033,"火焰祭坛 (兽族, 炼狱)-B 奖励",3,0,0,0,0,0,0,0,0,0,0,0,0,0,0,0,0,0,0,0,0,0,0,0,0,0,0,0,0,0,0
4345,4033,"火焰祭坛 (兽族, 炼狱)-F 奖励",2,0,0,0,0,0,0,0,0,0,0,0,0,0,0,0,0,0,0,0,0,0,0,0,0,0,0,0,0,0,0
5010,4400,"普利德米尔饲养场 (人类, 普通)-SSS 奖励",5,81000,1,925,81001,1,4625,81002,1,9250,2070011,1,9288,2070012,1,9326,2070021,1,9476,2070022,1,9626,2070031,1,9814,2070032,1,10000,,,
5011,4400,"普利德米尔饲养场 (人类, 普通)-SS 奖励",5,81000,1,925,81001,1,5550,81002,1,9250,2070011,1,9288,2070012,1,9326,2070021,1,9514,2070022,1,9702,2070031,1,9852,2070032,1,10000,,,
5012,4400,"普利德米尔饲养场 (人类, 普通)-S 奖励",4,81000,1,4625,81001,1,7400,81002,1,9250,2070011,1,9438,2070012,1,9626,2070021,1,9739,2070022,1,9852,2070031,1,9927,2070032,1,10000,,,
5013,4400,"普利德米尔饲养场 (人类, 普通)-A 奖励",3,81000,1,2000,10004,20,4400,10104,20,6100,10005,20,8300,10105,20,10000,,,,,,,,,,,,,,,
5014,4400,"普利德米尔饲养场 (人类, 普通)-B 奖励",3,81000,1,500,10004,10,3100,10104,10,5300,10005,10,7800,10105,10,10000,,,,,,,,,,,,,,,
5015,4400,"普利德米尔饲养场 (人类, 普通)-F 奖励",2,10004,1,3000,10104,1,5000,10005,1,8000,10105,1,10000,,,,,,,,,,,,,,,,,,
5040,4400,"普利德米尔饲养场 (兽族, 普通)-SSS 奖励",5,81100,1,925,81101,1,4625,81102,1,9250,2070011,1,9288,2070012,1,9326,2070021,1,9476,2070022,1,9626,2070031,1,9814,2070032,1,10000,,,
5041,4400,"普利德米尔饲养场 (兽族, 普通)-SS 奖励",5,81100,1,925,81101,1,5550,81102,1,9250,2070011,1,9288,2070012,1,9326,2070021,1,9514,2070022,1,9702,2070031,1,9852,2070032,1,10000,,,
5042,4400,"普利德米尔饲养场 (兽族, 普通)-S 奖励",4,81100,1,4625,81101,1,7400,81102,1,9250,2070011,1,9438,2070012,1,9626,2070021,1,9739,2070022,1,9852,2070031,1,9927,2070032,1,10000,,,
5043,4400,"普利德米尔饲养场 (兽族, 普通)-A 奖励",3,81100,1,2000,10004,20,4400,10104,20,6100,10005,20,8300,10105,20,10000,,,,,,,,,,,,,,,
5044,4400,"普利德米尔饲养场 (兽族, 普通)-B 奖励",3,81100,1,500,10004,10,3100,10104,10,5300,10005,10,7800,10105,10,10000,,,,,,,,,,,,,,,
5045,4400,"普利德米尔饲养场 (兽族, 普通)-F 奖励",2,10004,1,3000,10104,1,5000,10005,1,8000,10105,1,10000,,,,,,,,,,,,,,,,,,
5110,4401,"普利德米尔饲养场 (人类, 困难)-SSS 奖励",5,81004,1,1850,81005,1,8325,2070021,1,8400,2070022,1,8475,2070031,1,8738,2070032,1,9001,110000,1,9501,110001,1,10000,,,,,,
5111,4401,"普利德米尔饲养场 (人类, 困难)-SS 奖励",5,81004,1,4625,81005,1,9250,2070021,1,9438,2070022,1,9626,2070031,1,9814,2070032,1,10000,,,,,,,,,,,,
5112,4401,"普利德米尔饲养场 (人类, 困难)-S 奖励",4,81004,1,6475,81005,1,9250,2070021,1,9513,2070022,1,9776,2070031,1,9889,2070032,1,10000,,,,,,,,,,,,
5113,4401,"普利德米尔饲养场 (人类, 困难)-A 奖励",3,81000,1,3000,10004,30,4800,10104,30,6500,10005,30,8300,10105,30,10000,,,,,,,,,,,,,,,
5114,4401,"普利德米尔饲养场 (人类, 困难)-B 奖励",3,81000,1,1000,10004,15,3300,10104,15,5500,10005,15,7800,10105,15,10000,,,,,,,,,,,,,,,
5115,4401,"普利德米尔饲养场 (人类, 困难)-F 奖励",2,10004,1,2500,10104,1,5000,10005,1,7500,10105,1,10000,,,,,,,,,,,,,,,,,,
5140,4401,"普利德米尔饲养场 (兽族, 困难)-SSS 奖励",5,81104,1,1850,81105,1,8325,2070021,1,8400,2070022,1,8475,2070031,1,8738,2070032,1,9001,110000,1,9501,110001,1,10000,,,,,,
5141,4401,"普利德米尔饲养场 (兽族, 困难)-SS 奖励",5,81104,1,4625,81105,1,9250,2070021,1,9438,2070022,1,9626,2070031,1,9814,2070032,1,10000,,,,,,,,,,,,
5142,4401,"普利德米尔饲养场 (兽族, 困难)-S 奖励",4,81104,1,6475,81105,1,9250,2070021,1,9513,2070022,1,9776,2070031,1,9889,2070032,1,10000,,,,,,,,,,,,
5143,4401,"普利德米尔饲养场 (兽族, 困难)-A 奖励",3,81100,1,3000,10004,30,4800,10104,30,6500,10005,30,8300,10105,30,10000,,,,,,,,,,,,,,,
5144,4401,"普利德米尔饲养场 (兽族, 困难)-B 奖励",3,81100,1,1000,10004,15,3300,10104,15,5500,10005,15,7800,10105,15,10000,,,,,,,,,,,,,,,
5145,4401,"普利德米尔饲养场 (兽族, 困难)-F 奖励",2,10004,1,2500,10104,1,5000,10005,1,7500,10105,1,10000,,,,,,,,,,,,,,,,,,
5210,4402,"普利德米尔饲养场 (人类, 极困难)-SSS 奖励",5,0,0,0,0,0,0,0,0,0,0,0,0,0,0,0,0,0,0,0,0,0,0,0,0,0,0,0,0,0,0
5211,4402,"普利德米尔饲养场 (人类, 极困难)-SS 奖励",5,0,0,0,0,0,0,0,0,0,0,0,0,0,0,0,0,0,0,0,0,0,0,0,0,0,0,0,0,0,0
5212,4402,"普利德米尔饲养场 (人类, 极困难)-S 奖励",4,0,0,0,0,0,0,0,0,0,0,0,0,0,0,0,0,0,0,0,0,0,0,0,0,0,0,0,0,0,0
5213,4402,"普利德米尔饲养场 (人类, 极困难)-A 奖励",3,0,0,0,0,0,0,0,0,0,0,0,0,0,0,0,0,0,0,0,0,0,0,0,0,0,0,0,0,0,0
5214,4402,"普利德米尔饲养场 (人类, 极困难)-B 奖励",3,0,0,0,0,0,0,0,0,0,0,0,0,0,0,0,0,0,0,0,0,0,0,0,0,0,0,0,0,0,0
5215,4402,"普利德米尔饲养场 (人类, 极困难)-F 奖励",2,0,0,0,0,0,0,0,0,0,0,0,0,0,0,0,0,0,0,0,0,0,0,0,0,0,0,0,0,0,0
5240,4402,"普利德米尔饲养场 (兽族, 极困难)-SSS 奖励",5,0,0,0,0,0,0,0,0,0,0,0,0,0,0,0,0,0,0,0,0,0,0,0,0,0,0,0,0,0,0
5241,4402,"普利德米尔饲养场 (兽族, 极困难)-SS 奖励",5,0,0,0,0,0,0,0,0,0,0,0,0,0,0,0,0,0,0,0,0,0,0,0,0,0,0,0,0,0,0
5242,4402,"普利德米尔饲养场 (兽族, 极困难)-S 奖励",4,0,0,0,0,0,0,0,0,0,0,0,0,0,0,0,0,0,0,0,0,0,0,0,0,0,0,0,0,0,0
5243,4402,"普利德米尔饲养场 (兽族, 极困难)-A 奖励",3,0,0,0,0,0,0,0,0,0,0,0,0,0,0,0,0,0,0,0,0,0,0,0,0,0,0,0,0,0,0
5244,4402,"普利德米尔饲养场 (兽族, 极困难)-B 奖励",3,0,0,0,0,0,0,0,0,0,0,0,0,0,0,0,0,0,0,0,0,0,0,0,0,0,0,0,0,0,0
5245,4402,"普利德米尔饲养场 (兽族, 极困难)-F 奖励",2,0,0,0,0,0,0,0,0,0,0,0,0,0,0,0,0,0,0,0,0,0,0,0,0,0,0,0,0,0,0
5310,4403,"普利德米尔饲养场 (人类, 炼狱)-SSS 奖励",5,0,0,0,0,0,0,0,0,0,0,0,0,0,0,0,0,0,0,0,0,0,0,0,0,0,0,0,0,0,0
5311,4403,"普利德米尔饲养场 (人类, 炼狱)-SS 奖励",5,0,0,0,0,0,0,0,0,0,0,0,0,0,0,0,0,0,0,0,0,0,0,0,0,0,0,0,0,0,0
5312,4403,"普利德米尔饲养场 (人类, 炼狱)-S 奖励",4,0,0,0,0,0,0,0,0,0,0,0,0,0,0,0,0,0,0,0,0,0,0,0,0,0,0,0,0,0,0
5313,4403,"普利德米尔饲养场 (人类, 炼狱)-A 奖励",3,0,0,0,0,0,0,0,0,0,0,0,0,0,0,0,0,0,0,0,0,0,0,0,0,0,0,0,0,0,0
5314,4403,"普利德米尔饲养场 (人类, 炼狱)-B 奖励",3,0,0,0,0,0,0,0,0,0,0,0,0,0,0,0,0,0,0,0,0,0,0,0,0,0,0,0,0,0,0
5315,4403,"普利德米尔饲养场 (人类, 炼狱)-F 奖励",2,0,0,0,0,0,0,0,0,0,0,0,0,0,0,0,0,0,0,0,0,0,0,0,0,0,0,0,0,0,0
5340,4403,"普利德米尔饲养场 (兽族, 炼狱)-SSS 奖励",5,0,0,0,0,0,0,0,0,0,0,0,0,0,0,0,0,0,0,0,0,0,0,0,0,0,0,0,0,0,0
5341,4403,"普利德米尔饲养场 (兽族, 炼狱)-SS 奖励",5,0,0,0,0,0,0,0,0,0,0,0,0,0,0,0,0,0,0,0,0,0,0,0,0,0,0,0,0,0,0
5342,4403,"普利德米尔饲养场 (兽族, 炼狱)-S 奖励",4,0,0,0,0,0,0,0,0,0,0,0,0,0,0,0,0,0,0,0,0,0,0,0,0,0,0,0,0,0,0
5343,4403,"普利德米尔饲养场 (兽族, 炼狱)-A 奖励",3,0,0,0,0,0,0,0,0,0,0,0,0,0,0,0,0,0,0,0,0,0,0,0,0,0,0,0,0,0,0
5344,4403,"普利德米尔饲养场 (兽族, 炼狱)-B 奖励",3,0,0,0,0,0,0,0,0,0,0,0,0,0,0,0,0,0,0,0,0,0,0,0,0,0,0,0,0,0,0
5345,4403,"普利德米尔饲养场 (兽族, 炼狱)-F 奖励",2,0,0,0,0,0,0,0,0,0,0,0,0,0,0,0,0,0,0,0,0,0,0,0,0,0,0,0,0,0,0
6010,4410,"恩蒂温的圣所 (人类, 普通)-SSS 奖励",5,81006,1,925,81007,1,4625,81008,1,9250,2070111,1,9288,2070112,1,9326,2070121,1,9476,2070122,1,9626,2070131,1,9814,2070132,1,10000,,,
6011,4410,"恩蒂温的圣所 (人类, 普通)-SS 奖励",5,81006,1,925,81007,1,5550,81008,1,9250,2070111,1,9326,2070112,1,9514,2070121,1,9702,2070122,1,9702,2070131,1,9852,2070132,1,10000,,,
6012,4410,"恩蒂温的圣所 (人类, 普通)-S 奖励",4,81006,1,4625,81007,1,7400,81008,1,9250,2070111,1,9626,2070112,1,9739,2070121,1,9852,2070122,1,9852,2070131,1,9927,2070132,1,10000,,,
6013,4410,"恩蒂温的圣所 (人类, 普通)-A 奖励",3,81006,1,2000,10008,20,4400,10108,20,6100,10009,20,8300,10109,20,10000,,,,,,,,,,,,,,,
6014,4410,"恩蒂温的圣所 (人类, 普通)-B 奖励",3,81006,1,500,10008,10,3100,10108,10,5300,10009,10,7800,10109,10,10000,,,,,,,,,,,,,,,
6015,4410,"恩蒂温的圣所 (人类, 普通)-F 奖励",2,10008,1,3000,10108,1,5000,10009,1,8000,10109,1,10000,,,,,,,,,,,,,,,,,,
6040,4410,"恩蒂温的圣所 (兽族, 普通)-SSS 奖励",5,81106,1,925,81107,1,4625,81108,1,9250,2070111,1,9288,2070112,1,9326,2070121,1,9476,2070122,1,9626,2070131,1,9814,2070132,1,10000,,,
6041,4410,"恩蒂温的圣所 (兽族, 普通)-SS 奖励",5,81106,1,925,81107,1,5550,81108,1,9288,2070111,1,9326,2070112,1,9514,2070121,1,9702,2070122,1,9702,2070131,1,9852,2070132,1,10000,,,
6042,4410,"恩蒂温的圣所 (兽族, 普通)-S 奖励",4,81106,1,4625,81107,1,7400,81108,1,9438,2070111,1,9626,2070112,1,9739,2070121,1,9852,2070122,1,9852,2070131,1,9927,2070132,1,10000,,,
6043,4410,"恩蒂温的圣所 (兽族, 普通)-A 奖励",3,81106,1,2000,10008,20,4400,10108,20,6100,10009,20,8300,10109,20,10000,,,,,,,,,,,,,,,
6044,4410,"恩蒂温的圣所 (兽族, 普通)-B 奖励",3,81106,1,500,10008,10,3100,10108,10,5300,10009,10,7800,10109,10,10000,,,,,,,,,,,,,,,
6045,4410,"恩蒂温的圣所 (兽族, 普通)-F 奖励",2,10008,1,3000,10108,1,5000,10009,1,8000,10109,1,10000,,,,,,,,,,,,,,,,,,
6110,4411,"恩蒂温的圣所 (人类, 困难)-SSS 奖励",5,81007,1,1850,81008,1,8325,2070121,1,8400,2070122,1,8475,2070131,1,8738,2070132,1,9001,110100,1,9501,110101,1,10000,,,,,,
6111,4411,"恩蒂温的圣所 (人类, 困难)-SS 奖励",5,81007,1,4625,81008,1,9250,2070121,1,9438,2070122,1,9626,2070131,1,9814,2070132,1,10000,,,,,,,,,,,,
6112,4411,"恩蒂温的圣所 (人类, 困难)-S 奖励",4,81007,1,6475,81008,1,9250,2070121,1,9513,2070122,1,9776,2070131,1,9889,2070132,1,10000,,,,,,,,,,,,
6113,4411,"恩蒂温的圣所 (人类, 困难)-A 奖励",3,81006,1,3000,10008,30,4800,10108,30,6500,10009,30,8300,10109,30,10000,,,,,,,,,,,,,,,
6114,4411,"恩蒂温的圣所 (人类, 困难)-B 奖励",3,81006,1,1000,10008,15,3300,10108,15,5500,10009,15,7800,10109,15,10000,,,,,,,,,,,,,,,
6115,4411,"恩蒂温的圣所 (人类, 困难)-F 奖励",2,10008,1,2500,10108,1,5000,10009,1,7500,10109,1,10000,,,,,,,,,,,,,,,,,,
6140,4411,"恩蒂温的圣所 (兽族, 困难)-SSS 奖励",5,81107,1,1850,81108,1,8325,2070121,1,8400,2070122,1,8475,2070131,1,8738,2070132,1,9001,110100,1,9501,110101,1,10000,,,,,,
6141,4411,"恩蒂温的圣所 (兽族, 困难)-SS 奖励",5,81107,1,4625,81108,1,9250,2070121,1,9438,2070122,1,9626,2070131,1,9814,2070132,1,10000,,,,,,,,,,,,
6142,4411,"恩蒂温的圣所 (兽族, 困难)-S 奖励",4,81107,1,6475,81108,1,9250,2070121,1,9513,2070122,1,9776,2070131,1,9889,2070132,1,10000,,,,,,,,,,,,
6143,4411,"恩蒂温的圣所 (兽族, 困难)-A 奖励",3,81106,1,3000,10008,30,4800,10108,30,6500,10009,30,8300,10109,30,10000,,,,,,,,,,,,,,,
6144,4411,"恩蒂温的圣所 (兽族, 困难)-B 奖励",3,81106,1,1000,10008,15,3300,10108,15,5500,10009,15,7800,10109,15,10000,,,,,,,,,,,,,,,
6145,4411,"恩蒂温的圣所 (兽族, 困难)-F 奖励",2,10008,1,2500,10108,1,5000,10009,1,7500,10109,1,10000,,,,,,,,,,,,,,,,,,
6210,4412,"恩蒂温的圣所 (人类, 极困难)-SSS 奖励",5,0,0,0,0,0,0,0,0,0,0,0,0,0,0,0,0,0,0,0,0,0,0,0,0,0,0,0,0,0,0
6211,4412,"恩蒂温的圣所 (人类, 极困难)-SS 奖励",5,0,0,0,0,0,0,0,0,0,0,0,0,0,0,0,0,0,0,0,0,0,0,0,0,0,0,0,0,0,0
6212,4412,"恩蒂温的圣所 (人类, 极困难)-S 奖励",4,0,0,0,0,0,0,0,0,0,0,0,0,0,0,0,0,0,0,0,0,0,0,0,0,0,0,0,0,0,0
6213,4412,"恩蒂温的圣所 (人类, 极困难)-A 奖励",3,0,0,0,0,0,0,0,0,0,0,0,0,0,0,0,0,0,0,0,0,0,0,0,0,0,0,0,0,0,0
6214,4412,"恩蒂温的圣所 (人类, 极困难)-B 奖励",3,0,0,0,0,0,0,0,0,0,0,0,0,0,0,0,0,0,0,0,0,0,0,0,0,0,0,0,0,0,0
6215,4412,"恩蒂温的圣所 (人类, 极困难)-F 奖励",2,0,0,0,0,0,0,0,0,0,0,0,0,0,0,0,0,0,0,0,0,0,0,0,0,0,0,0,0,0,0
6240,4412,"恩蒂温的圣所 (兽族, 极困难)-SSS 奖励",5,0,0,0,0,0,0,0,0,0,0,0,0,0,0,0,0,0,0,0,0,0,0,0,0,0,0,0,0,0,0
6241,4412,"恩蒂温的圣所 (兽族, 极困难)-SS 奖励",5,0,0,0,0,0,0,0,0,0,0,0,0,0,0,0,0,0,0,0,0,0,0,0,0,0,0,0,0,0,0
6242,4412,"恩蒂温的圣所 (兽族, 极困难)-S 奖励",4,0,0,0,0,0,0,0,0,0,0,0,0,0,0,0,0,0,0,0,0,0,0,0,0,0,0,0,0,0,0
6243,4412,"恩蒂温的圣所 (兽族, 极困难)-A 奖励",3,0,0,0,0,0,0,0,0,0,0,0,0,0,0,0,0,0,0,0,0,0,0,0,0,0,0,0,0,0,0
6244,4412,"恩蒂温的圣所 (兽族, 极困难)-B 奖励",3,0,0,0,0,0,0,0,0,0,0,0,0,0,0,0,0,0,0,0,0,0,0,0,0,0,0,0,0,0,0
6245,4412,"恩蒂温的圣所 (兽族, 极困难)-F 奖励",2,0,0,0,0,0,0,0,0,0,0,0,0,0,0,0,0,0,0,0,0,0,0,0,0,0,0,0,0,0,0
6310,4413,"恩蒂温的圣所 (人类, 炼狱)-SSS 奖励",5,0,0,0,0,0,0,0,0,0,0,0,0,0,0,0,0,0,0,0,0,0,0,0,0,0,0,0,0,0,0
6311,4413,"恩蒂温的圣所 (人类, 炼狱)-SS 奖励",5,0,0,0,0,0,0,0,0,0,0,0,0,0,0,0,0,0,0,0,0,0,0,0,0,0,0,0,0,0,0
6312,4413,"恩蒂温的圣所 (人类, 炼狱)-S 奖励",4,0,0,0,0,0,0,0,0,0,0,0,0,0,0,0,0,0,0,0,0,0,0,0,0,0,0,0,0,0,0
6313,4413,"恩蒂温的圣所 (人类, 炼狱)-A 奖励",3,0,0,0,0,0,0,0,0,0,0,0,0,0,0,0,0,0,0,0,0,0,0,0,0,0,0,0,0,0,0
6314,4413,"恩蒂温的圣所 (人类, 炼狱)-B 奖励",3,0,0,0,0,0,0,0,0,0,0,0,0,0,0,0,0,0,0,0,0,0,0,0,0,0,0,0,0,0,0
6315,4413,"恩蒂温的圣所 (人类, 炼狱)-F 奖励",2,0,0,0,0,0,0,0,0,0,0,0,0,0,0,0,0,0,0,0,0,0,0,0,0,0,0,0,0,0,0
6340,4413,"恩蒂温的圣所 (兽族, 炼狱)-SSS 奖励",5,0,0,0,0,0,0,0,0,0,0,0,0,0,0,0,0,0,0,0,0,0,0,0,0,0,0,0,0,0,0
6341,4413,"恩蒂温的圣所 (兽族, 炼狱)-SS 奖励",5,0,0,0,0,0,0,0,0,0,0,0,0,0,0,0,0,0,0,0,0,0,0,0,0,0,0,0,0,0,0
6342,4413,"恩蒂温的圣所 (兽族, 炼狱)-S 奖励",4,0,0,0,0,0,0,0,0,0,0,0,0,0,0,0,0,0,0,0,0,0,0,0,0,0,0,0,0,0,0
6343,4413,"恩蒂温的圣所 (兽族, 炼狱)-A 奖励",3,0,0,0,0,0,0,0,0,0,0,0,0,0,0,0,0,0,0,0,0,0,0,0,0,0,0,0,0,0,0
6344,4413,"恩蒂温的圣所 (兽族, 炼狱)-B 奖励",3,0,0,0,0,0,0,0,0,0,0,0,0,0,0,0,0,0,0,0,0,0,0,0,0,0,0,0,0,0,0
6345,4413,"恩蒂温的圣所 (兽族, 炼狱)-F 奖励",2,0,0,0,0,0,0,0,0,0,0,0,0,0,0,0,0,0,0,0,0,0,0,0,0,0,0,0,0,0,0
7010,4420,"冰冷的洞穴 (人类, 普通)-SSS 奖励",5,81009,1,925,81010,1,4625,81011,1,9250,2070211,1,9288,2070212,1,9326,2070221,1,9476,2070222,1,9626,2070231,1,9814,2070232,1,10000,,,
7011,4420,"冰冷的洞穴 (人类, 普通)-SS 奖励",5,81009,1,925,81010,1,5550,81011,1,9250,2070211,1,9326,2070212,1,9514,2070221,1,9702,2070222,1,9702,2070231,1,9852,2070232,1,10000,,,
7012,4420,"冰冷的洞穴 (人类, 普通)-S 奖励",4,81009,1,4625,81010,1,7400,81011,1,9250,2070211,1,9626,2070212,1,9739,2070221,1,9852,2070222,1,9852,2070231,1,9927,2070232,1,10000,,,
7013,4420,"冰冷的洞穴 (人类, 普通)-A 奖励",3,81009,1,2000,10008,20,4400,10108,20,6100,10009,20,8300,10109,20,10000,,,,,,,,,,,,,,,
7014,4420,"冰冷的洞穴 (人类, 普通)-B 奖励",3,81009,1,500,10008,10,3100,10108,10,5300,10009,10,7800,10109,10,10000,,,,,,,,,,,,,,,
7015,4420,"冰冷的洞穴 (人类, 普通)-F 奖励",2,10008,1,3000,10108,1,5000,10009,1,8000,10109,1,10000,,,,,,,,,,,,,,,,,,
7040,4420,"冰冷的洞穴 (兽族, 普通)-SSS 奖励",5,81109,1,925,81110,1,4625,81111,1,9250,2070211,1,9288,2070212,1,9326,2070221,1,9476,2070222,1,9626,2070231,1,9814,2070232,1,10000,,,
7041,4420,"冰冷的洞穴 (兽族, 普通)-SS 奖励",5,81109,1,925,81110,1,5550,81111,1,9288,2070211,1,9326,2070212,1,9514,2070221,1,9702,2070222,1,9702,2070231,1,9852,2070232,1,10000,,,
7042,4420,"冰冷的洞穴 (兽族, 普通)-S 奖励",4,81109,1,4625,81110,1,7400,81111,1,9438,2070211,1,9626,2070212,1,9739,2070221,1,9852,2070222,1,9852,2070231,1,9927,2070232,1,10000,,,
7043,4420,"冰冷的洞穴 (兽族, 普通)-A 奖励",3,81109,1,2000,10008,20,4400,10108,20,6100,10009,20,8300,10109,20,10000,,,,,,,,,,,,,,,
7044,4420,"冰冷的洞穴 (兽族, 普通)-B 奖励",3,81109,1,500,10008,10,3100,10108,10,5300,10009,10,7800,10109,10,10000,,,,,,,,,,,,,,,
7045,4420,"冰冷的洞穴 (兽族, 普通)-F 奖励",2,10008,1,3000,10108,1,5000,10009,1,8000,10109,1,10000,,,,,,,,,,,,,,,,,,
7110,4421,"冰冷的洞穴 (人类, 困难)-SSS 奖励",5,81010,1,1850,81011,1,8325,2070221,1,8400,2070222,1,8475,2070231,1,8738,2070232,1,9001,110200,1,9501,110201,1,10000,,,,,,
7111,4421,"冰冷的洞穴 (人类, 困难)-SS 奖励",5,81010,1,4625,81011,1,9250,2070221,1,9438,2070222,1,9626,2070231,1,9814,2070232,1,10000,,,,,,,,,,,,
7112,4421,"冰冷的洞穴 (人类, 困难)-S 奖励",4,81010,1,6475,81011,1,9250,2070221,1,9513,2070222,1,9776,2070231,1,9889,2070232,1,10000,,,,,,,,,,,,
7113,4421,"冰冷的洞穴 (人类, 困难)-A 奖励",3,81009,1,3000,10008,30,4800,10108,30,6500,10009,30,8300,10109,30,10000,,,,,,,,,,,,,,,
7114,4421,"冰冷的洞穴 (人类, 困难)-B 奖励",3,81009,1,1000,10008,15,3300,10108,15,5500,10009,15,7800,10109,15,10000,,,,,,,,,,,,,,,
7115,4421,"冰冷的洞穴 (人类, 困难)-F 奖励",2,10008,1,2500,10108,1,5000,10009,1,7500,10109,1,10000,,,,,,,,,,,,,,,,,,
7140,4421,"冰冷的洞穴 (兽族, 困难)-SSS 奖励",5,81110,1,1850,81111,1,8325,2070221,1,8400,2070222,1,8475,2070231,1,8738,2070232,1,9001,110200,1,9501,110201,1,10000,,,,,,
7141,4421,"冰冷的洞穴 (兽族, 困难)-SS 奖励",5,81110,1,4625,81111,1,9250,2070221,1,9438,2070222,1,9626,2070231,1,9814,2070232,1,10000,,,,,,,,,,,,
7142,4421,"冰冷的洞穴 (兽族, 困难)-S 奖励",4,81110,1,6475,81111,1,9250,2070221,1,9513,2070222,1,9776,2070231,1,9889,2070232,1,10000,,,,,,,,,,,,
7143,4421,"冰冷的洞穴 (兽族, 困难)-A 奖励",3,81109,1,3000,10008,30,4800,10108,30,6500,10009,30,8300,10109,30,10000,,,,,,,,,,,,,,,
7144,4421,"冰冷的洞穴 (兽族, 困难)-B 奖励",3,81109,1,1000,10008,15,3300,10108,15,5500,10009,15,7800,10109,15,10000,,,,,,,,,,,,,,,
7145,4421,"冰冷的洞穴 (兽族, 困难)-F 奖励",2,10008,1,2500,10108,1,5000,10009,1,7500,10109,1,10000,,,,,,,,,,,,,,,,,,
7210,4422,"冰冷的洞穴 (人类, 极困难)-SSS 奖励",5,0,0,0,0,0,0,0,0,0,0,0,0,0,0,0,0,0,0,0,0,0,0,0,0,0,0,0,0,0,0
7211,4422,"冰冷的洞穴 (人类, 极困难)-SS 奖励",5,0,0,0,0,0,0,0,0,0,0,0,0,0,0,0,0,0,0,0,0,0,0,0,0,0,0,0,0,0,0
7212,4422,"冰冷的洞穴 (人类, 极困难)-S 奖励",4,0,0,0,0,0,0,0,0,0,0,0,0,0,0,0,0,0,0,0,0,0,0,0,0,0,0,0,0,0,0
7213,4422,"冰冷的洞穴 (人类, 极困难)-A 奖励",3,0,0,0,0,0,0,0,0,0,0,0,0,0,0,0,0,0,0,0,0,0,0,0,0,0,0,0,0,0,0
7214,4422,"冰冷的洞穴 (人类, 极困难)-B 奖励",3,0,0,0,0,0,0,0,0,0,0,0,0,0,0,0,0,0,0,0,0,0,0,0,0,0,0,0,0,0,0
7215,4422,"冰冷的洞穴 (人类, 极困难)-F 奖励",2,0,0,0,0,0,0,0,0,0,0,0,0,0,0,0,0,0,0,0,0,0,0,0,0,0,0,0,0,0,0
7240,4422,"冰冷的洞穴 (兽族, 极困难)-SSS 奖励",5,0,0,0,0,0,0,0,0,0,0,0,0,0,0,0,0,0,0,0,0,0,0,0,0,0,0,0,0,0,0
7241,4422,"冰冷的洞穴 (兽族, 极困难)-SS 奖励",5,0,0,0,0,0,0,0,0,0,0,0,0,0,0,0,0,0,0,0,0,0,0,0,0,0,0,0,0,0,0
7242,4422,"冰冷的洞穴 (兽族, 极困难)-S 奖励",4,0,0,0,0,0,0,0,0,0,0,0,0,0,0,0,0,0,0,0,0,0,0,0,0,0,0,0,0,0,0
7243,4422,"冰冷的洞穴 (兽族, 极困难)-A 奖励",3,0,0,0,0,0,0,0,0,0,0,0,0,0,0,0,0,0,0,0,0,0,0,0,0,0,0,0,0,0,0
7244,4422,"冰冷的洞穴 (兽族, 极困难)-B 奖励",3,0,0,0,0,0,0,0,0,0,0,0,0,0,0,0,0,0,0,0,0,0,0,0,0,0,0,0,0,0,0
7245,4422,"冰冷的洞穴 (兽族, 极困难)-F 奖励",2,0,0,0,0,0,0,0,0,0,0,0,0,0,0,0,0,0,0,0,0,0,0,0,0,0,0,0,0,0,0
7310,4423,"冰冷的洞穴 (人类, 炼狱)-SSS 奖励",5,0,0,0,0,0,0,0,0,0,0,0,0,0,0,0,0,0,0,0,0,0,0,0,0,0,0,0,0,0,0
7311,4423,"冰冷的洞穴 (人类, 炼狱)-SS 奖励",5,0,0,0,0,0,0,0,0,0,0,0,0,0,0,0,0,0,0,0,0,0,0,0,0,0,0,0,0,0,0
7312,4423,"冰冷的洞穴 (人类, 炼狱)-S 奖励",4,0,0,0,0,0,0,0,0,0,0,0,0,0,0,0,0,0,0,0,0,0,0,0,0,0,0,0,0,0,0
7313,4423,"冰冷的洞穴 (人类, 炼狱)-A 奖励",3,0,0,0,0,0,0,0,0,0,0,0,0,0,0,0,0,0,0,0,0,0,0,0,0,0,0,0,0,0,0
7314,4423,"冰冷的洞穴 (人类, 炼狱)-B 奖励",3,0,0,0,0,0,0,0,0,0,0,0,0,0,0,0,0,0,0,0,0,0,0,0,0,0,0,0,0,0,0
7315,4423,"冰冷的洞穴 (人类, 炼狱)-F 奖励",2,0,0,0,0,0,0,0,0,0,0,0,0,0,0,0,0,0,0,0,0,0,0,0,0,0,0,0,0,0,0
7340,4423,"冰冷的洞穴 (兽族, 炼狱)-SSS 奖励",5,0,0,0,0,0,0,0,0,0,0,0,0,0,0,0,0,0,0,0,0,0,0,0,0,0,0,0,0,0,0
7341,4423,"冰冷的洞穴 (兽族, 炼狱)-SS 奖励",5,0,0,0,0,0,0,0,0,0,0,0,0,0,0,0,0,0,0,0,0,0,0,0,0,0,0,0,0,0,0
7342,4423,"冰冷的洞穴 (兽族, 炼狱)-S 奖励",4,0,0,0,0,0,0,0,0,0,0,0,0,0,0,0,0,0,0,0,0,0,0,0,0,0,0,0,0,0,0
7343,4423,"冰冷的洞穴 (兽族, 炼狱)-A 奖励",3,0,0,0,0,0,0,0,0,0,0,0,0,0,0,0,0,0,0,0,0,0,0,0,0,0,0,0,0,0,0
7344,4423,"冰冷的洞穴 (兽族, 炼狱)-B 奖励",3,0,0,0,0,0,0,0,0,0,0,0,0,0,0,0,0,0,0,0,0,0,0,0,0,0,0,0,0,0,0
7345,4423,"冰冷的洞穴 (兽族, 炼狱)-F 奖励",2,0,0,0,0,0,0,0,0,0,0,0,0,0,0,0,0,0,0,0,0,0,0,0,0,0,0,0,0,0,0
8010,4430,"冰封的狼城(人类, 普通)-SSS 奖励",5,81012,1,925,81013,1,4625,81014,1,9250,2070311,1,9288,2070312,1,9326,2070321,1,9476,2070322,1,9626,2070331,1,9814,2070332,1,10000,,,
8011,4430,"冰封的狼城(人类, 普通)-SS 奖励",5,81012,1,925,81013,1,5550,81014,1,9250,2070311,1,9288,2070312,1,9326,2070321,1,9514,2070322,1,9702,2070331,1,9852,2070332,1,10000,,,
8012,4430,"冰封的狼城(人类, 普通)-S 奖励",4,81012,1,4625,81013,1,7400,81014,1,9250,2070311,1,9438,2070312,1,9626,2070321,1,9739,2070322,1,9852,2070331,1,9927,2070332,1,10000,,,
8013,4430,"冰封的狼城(人类, 普通)-A 奖励",3,81012,1,2000,10012,20,4400,10112,20,6100,10013,20,8300,10113,20,10000,,,,,,,,,,,,,,,
8014,4430,"冰封的狼城(人类, 普通)-B 奖励",3,81012,1,500,10012,10,3100,10112,10,5300,10013,10,7800,10113,10,10000,,,,,,,,,,,,,,,
8015,4430,"冰封的狼城(人类, 普通)-F 奖励",2,10012,1,3000,10112,1,5000,10013,1,8000,10113,1,10000,,,,,,,,,,,,,,,,,,
8040,4430,"冰封的狼城(兽族, 普通)-SSS 奖励",5,81112,1,925,81113,1,4625,81114,1,9250,2070311,1,9288,2070312,1,9326,2070321,1,9476,2070322,1,9626,2070331,1,9814,2070332,1,10000,,,
8041,4430,"冰封的狼城(兽族, 普通)-SS 奖励",5,81112,1,925,81113,1,5550,81114,1,9250,2070311,1,9288,2070312,1,9326,2070321,1,9514,2070322,1,9702,2070331,1,9852,2070332,1,10000,,,
8042,4430,"冰封的狼城(兽族, 普通)-S 奖励",4,81112,1,4625,81113,1,7400,81114,1,9250,2070311,1,9438,2070312,1,9626,2070321,1,9739,2070322,1,9852,2070331,1,9927,2070332,1,10000,,,
8043,4430,"冰封的狼城(兽族, 普通)-A 奖励",3,81112,1,2000,10012,20,4400,10112,20,6100,10013,20,8300,10113,20,10000,,,,,,,,,,,,,,,
8044,4430,"冰封的狼城(兽族, 普通)-B 奖励",3,81112,1,500,10012,10,3100,10112,10,5300,10013,10,7800,10113,10,10000,,,,,,,,,,,,,,,
8045,4430,"冰封的狼城(兽族, 普通)-F 奖励",2,10012,1,3000,10112,1,5000,10013,1,8000,10113,1,10000,,,,,,,,,,,,,,,,,,
8110,4431,"冰封的狼城(人类, 困难)-SSS 奖励",5,81013,1,1850,81014,1,6475,2070321,1,6550,2070322,1,6625,2070331,1,6813,2070332,1,7001,83001,1,9001,110300,1,9501,110301,1,10000,,,
8111,4431,"冰封的狼城(人类, 困难)-SS 奖励",5,81013,1,4625,81014,1,8325,2070321,1,8513,2070322,1,8701,2070331,1,8851,2070332,1,9001,83001,1,10000,,,,,,,,,
8112,4431,"冰封的狼城(人类, 困难)-S 奖励",4,81013,1,6475,81014,1,8788,2070321,1,9051,2070322,1,9314,2070331,1,9408,2070332,1,9502,83001,1,10000,,,,,,,,,
8113,4431,"冰封的狼城(人类, 困难)-A 奖励",3,81012,1,3000,10012,30,4800,10112,30,6500,10013,30,8300,10109,30,10000,,,,,,,,,,,,,,,
8114,4431,"冰封的狼城(人类, 困难)-B 奖励",3,81012,1,1000,10012,15,3300,10112,15,5500,10013,15,7800,10109,15,10000,,,,,,,,,,,,,,,
8115,4431,"冰封的狼城(人类, 困难)-F 奖励",2,10012,1,2500,10112,1,5000,10013,1,7500,10113,1,10000,,,,,,,,,,,,,,,,,,
8140,4431,"冰封的狼城(兽族, 困难)-SSS 奖励",5,81113,1,1850,81114,1,6475,2070321,1,6550,2070322,1,6625,2070331,1,6813,2070332,1,7001,83101,1,9001,110300,1,9501,110301,1,10000,,,
8141,4431,"冰封的狼城(兽族, 困难)-SS 奖励",5,81113,1,4625,81114,1,8325,2070321,1,8513,2070322,1,8701,2070331,1,8851,2070332,1,9001,83101,1,10000,,,,,,,,,
8142,4431,"冰封的狼城(兽族, 困难)-S 奖励",4,81113,1,6475,81114,1,8788,2070321,1,9051,2070322,1,9314,2070331,1,9408,2070332,1,9502,83101,1,10000,,,,,,,,,
8143,4431,"冰封的狼城(兽族, 困难)-A 奖励",3,81112,1,3000,10012,30,4800,10112,30,6500,10013,30,8300,10113,30,10000,,,,,,,,,,,,,,,
8144,4431,"冰封的狼城(兽族, 困难)-B 奖励",3,81112,1,1000,10012,15,3300,10112,15,5500,10013,15,7800,10113,15,10000,,,,,,,,,,,,,,,
8145,4431,"冰封的狼城(兽族, 困难)-F 奖励",2,10012,1,2500,10112,1,5000,10013,1,7500,10113,1,10000,,,,,,,,,,,,,,,,,,
8210,4432,"冰封的狼城(人类, 极困难)-SSS 奖励",5,0,0,0,0,0,0,0,0,0,0,0,0,0,0,0,0,0,0,0,0,0,0,0,0,0,0,0,0,0,0
8211,4432,"冰封的狼城(人类, 极困难)-SS 奖励",5,0,0,0,0,0,0,0,0,0,0,0,0,0,0,0,0,0,0,0,0,0,0,0,0,0,0,0,0,0,0
8212,4432,"冰封的狼城(人类, 极困难)-S 奖励",4,0,0,0,0,0,0,0,0,0,0,0,0,0,0,0,0,0,0,0,0,0,0,0,0,0,0,0,0,0,0
8213,4432,"冰封的狼城(人类, 极困难)-A 奖励",3,0,0,0,0,0,0,0,0,0,0,0,0,0,0,0,0,0,0,0,0,0,0,0,0,0,0,0,0,0,0
8214,4432,"冰封的狼城(人类, 极困难)-B 奖励",3,0,0,0,0,0,0,0,0,0,0,0,0,0,0,0,0,0,0,0,0,0,0,0,0,0,0,0,0,0,0
8215,4432,"冰封的狼城(人类, 极困难)-F 奖励",2,0,0,0,0,0,0,0,0,0,0,0,0,0,0,0,0,0,0,0,0,0,0,0,0,0,0,0,0,0,0
8240,4432,"冰封的狼城(兽族, 极困难)-SSS 奖励",5,0,0,0,0,0,0,0,0,0,0,0,0,0,0,0,0,0,0,0,0,0,0,0,0,0,0,0,0,0,0
8241,4432,"冰封的狼城(兽族, 极困难)-SS 奖励",5,0,0,0,0,0,0,0,0,0,0,0,0,0,0,0,0,0,0,0,0,0,0,0,0,0,0,0,0,0,0
8242,4432,"冰封的狼城(兽族, 极困难)-S 奖励",4,0,0,0,0,0,0,0,0,0,0,0,0,0,0,0,0,0,0,0,0,0,0,0,0,0,0,0,0,0,0
8243,4432,"冰封的狼城(兽族, 极困难)-A 奖励",3,0,0,0,0,0,0,0,0,0,0,0,0,0,0,0,0,0,0,0,0,0,0,0,0,0,0,0,0,0,0
8244,4432,"冰封的狼城(兽族, 极困难)-B 奖励",3,0,0,0,0,0,0,0,0,0,0,0,0,0,0,0,0,0,0,0,0,0,0,0,0,0,0,0,0,0,0
8245,4432,"冰封的狼城(兽族, 极困难)-F 奖励",2,0,0,0,0,0,0,0,0,0,0,0,0,0,0,0,0,0,0,0,0,0,0,0,0,0,0,0,0,0,0
8310,4433,"冰封的狼城(人类, 炼狱)-SSS 奖励",5,0,0,0,0,0,0,0,0,0,0,0,0,0,0,0,0,0,0,0,0,0,0,0,0,0,0,0,0,0,0
8311,4433,"冰封的狼城(人类, 炼狱)-SS 奖励",5,0,0,0,0,0,0,0,0,0,0,0,0,0,0,0,0,0,0,0,0,0,0,0,0,0,0,0,0,0,0
8312,4433,"冰封的狼城(人类, 炼狱)-S 奖励",4,0,0,0,0,0,0,0,0,0,0,0,0,0,0,0,0,0,0,0,0,0,0,0,0,0,0,0,0,0,0
8313,4433,"冰封的狼城(人类, 炼狱)-A 奖励",3,0,0,0,0,0,0,0,0,0,0,0,0,0,0,0,0,0,0,0,0,0,0,0,0,0,0,0,0,0,0
8314,4433,"冰封的狼城(人类, 炼狱)-B 奖励",3,0,0,0,0,0,0,0,0,0,0,0,0,0,0,0,0,0,0,0,0,0,0,0,0,0,0,0,0,0,0
8315,4433,"冰封的狼城(人类, 炼狱)-F 奖励",2,0,0,0,0,0,0,0,0,0,0,0,0,0,0,0,0,0,0,0,0,0,0,0,0,0,0,0,0,0,0
8340,4433,"冰封的狼城(兽族, 炼狱)-SSS 奖励",5,0,0,0,0,0,0,0,0,0,0,0,0,0,0,0,0,0,0,0,0,0,0,0,0,0,0,0,0,0,0
8341,4433,"冰封的狼城(兽族, 炼狱)-SS 奖励",5,0,0,0,0,0,0,0,0,0,0,0,0,0,0,0,0,0,0,0,0,0,0,0,0,0,0,0,0,0,0
8342,4433,"冰封的狼城(兽族, 炼狱)-S 奖励",4,0,0,0,0,0,0,0,0,0,0,0,0,0,0,0,0,0,0,0,0,0,0,0,0,0,0,0,0,0,0
8343,4433,"冰封的狼城(兽族, 炼狱)-A 奖励",3,0,0,0,0,0,0,0,0,0,0,0,0,0,0,0,0,0,0,0,0,0,0,0,0,0,0,0,0,0,0
8344,4433,"冰封的狼城(兽族, 炼狱)-B 奖励",3,0,0,0,0,0,0,0,0,0,0,0,0,0,0,0,0,0,0,0,0,0,0,0,0,0,0,0,0,0,0
8345,4433,"冰封的狼城(兽族, 炼狱)-F 奖励",2,0,0,0,0,0,0,0,0,0,0,0,0,0,0,0,0,0,0,0,0,0,0,0,0,0,0,0,0,0,0
9010,4040,"死亡寺院 (人类, 普通)-SSS 奖励",5,81015,1,925,81016,1,4625,81017,1,9250,2080411,1,9288,2080412,1,9326,2080421,1,9476,2080422,1,9626,2080431,1,9814,2080432,1,10000,,,
9011,4040,"死亡寺院 (人类, 普通)-SS 奖励",5,81015,1,925,81016,1,5550,81017,1,9250,2080411,1,9288,2080412,1,9326,2080421,1,9514,2080422,1,9702,2080431,1,9852,2080432,1,10000,,,
9012,4040,"死亡寺院 (人类, 普通)-S 奖励",4,81015,1,4625,81016,1,7400,81017,1,9250,2080411,1,9438,2080412,1,9626,2080421,1,9739,2080422,1,9852,2080431,1,9927,2080432,1,10000,,,
9013,4040,"死亡寺院 (人类, 普通)-A 奖励",3,81015,1,2000,10012,20,4400,10112,20,6100,10013,20,8300,10113,20,10000,,,,,,,,,,,,,,,
9014,4040,"死亡寺院 (人类, 普通)-B 奖励",3,81015,1,500,10012,10,3100,10112,10,5300,10013,10,7800,10113,10,10000,,,,,,,,,,,,,,,
9015,4040,"死亡寺院 (人类, 普通)-F 奖励",2,10012,1,3000,10112,1,5000,10013,1,8000,10113,1,10000,,,,,,,,,,,,,,,,,,
9040,4040,"死亡寺院 (兽族, 普通)-SSS 奖励",5,81115,1,925,81116,1,4625,81117,1,9250,2080411,1,9288,2080412,1,9326,2080421,1,9476,2080422,1,9626,2080431,1,9814,2080432,1,10000,,,
9041,4040,"死亡寺院 (兽族, 普通)-SS 奖励",5,81115,1,925,81116,1,5550,81117,1,9250,2080411,1,9288,2080412,1,9326,2080421,1,9514,2080422,1,9702,2080431,1,9852,2080432,1,10000,,,
9042,4040,"死亡寺院 (兽族, 普通)-S 奖励",4,81115,1,4625,81116,1,7400,81117,1,9250,2080411,1,9438,2080412,1,9626,2080421,1,9739,2080422,1,9852,2080431,1,9927,2080432,1,10000,,,
9043,4040,"死亡寺院 (兽族, 普通)-A 奖励",3,81115,1,2000,10012,20,4400,10112,20,6100,10013,20,8300,10113,20,10000,,,,,,,,,,,,,,,
9044,4040,"死亡寺院 (兽族, 普通)-B 奖励",3,81115,1,500,10012,10,3100,10112,10,5300,10013,10,7800,10113,10,10000,,,,,,,,,,,,,,,
9045,4040,"死亡寺院 (兽族, 普通)-F 奖励",2,10012,1,3000,10112,1,5000,10013,1,8000,10113,1,10000,,,,,,,,,,,,,,,,,,
9110,4041,"死亡寺院 (人类, 困难)-SSS 奖励",5,81016,1,1850,81017,1,6475,2080421,1,6550,2080422,1,6625,2080431,1,6813,2080432,1,7001,83003,1,9001,115400,1,9501,115401,1,10000,,,
9111,4041,"死亡寺院 (人类, 困难)-SS 奖励",5,81016,1,4625,81017,1,8325,2080421,1,8513,2080422,1,8701,2080431,1,8851,2080432,1,9001,83003,1,10000,,,,,,,,,
9112,4041,"死亡寺院 (人类, 困难)-S 奖励",4,81016,1,6475,81017,1,8788,2080421,1,9051,2080422,1,9314,2080431,1,9408,2080432,1,9502,83003,1,10000,,,,,,,,,
9113,4041,"死亡寺院 (人类, 困难)-A 奖励",3,81015,1,3000,10012,30,4800,10112,30,6500,10013,30,8300,10113,30,10000,,,,,,,,,,,,,,,
9114,4041,"死亡寺院 (人类, 困难)-B 奖励",3,81015,1,1000,10012,15,3300,10112,15,5500,10013,15,7800,10113,15,10000,,,,,,,,,,,,,,,
9115,4041,"死亡寺院 (人类, 困难)-F 奖励",2,10012,1,2500,10112,1,5000,10013,1,7500,10113,1,10000,,,,,,,,,,,,,,,,,,
9140,4041,"死亡寺院 (兽族, 困难)-SSS 奖励",5,81116,1,1850,81117,1,6475,2080421,1,6550,2080422,1,6625,2080431,1,6813,2080432,1,7001,83103,1,9001,115400,1,9501,115401,1,10000,,,
9141,4041,"死亡寺院 (兽族, 困难)-SS 奖励",5,81116,1,4625,81117,1,8325,2080421,1,8513,2080422,1,8701,2080431,1,8851,2080432,1,9001,83103,1,10000,,,,,,,,,
9142,4041,"死亡寺院 (兽族, 困难)-S 奖励",4,81116,1,6475,81117,1,8788,2080421,1,9051,2080422,1,9314,2080431,1,9408,2080432,1,9502,83103,1,10000,,,,,,,,,
9143,4041,"死亡寺院 (兽族, 困难)-A 奖励",3,81115,1,3000,10012,30,4800,10112,30,6500,10013,30,8300,10113,30,10000,,,,,,,,,,,,,,,
9144,4041,"死亡寺院 (兽族, 困难)-B 奖励",3,81115,1,1000,10012,15,3300,10112,15,5500,10013,15,7800,10113,15,10000,,,,,,,,,,,,,,,
9145,4041,"死亡寺院 (兽族, 困难)-F 奖励",2,10012,1,2500,10112,1,5000,10013,1,7500,10113,1,10000,,,,,,,,,,,,,,,,,,
9210,4042,"死亡寺院 (人类, 极困难)-SSS 奖励",5,0,0,0,0,0,0,0,0,0,0,0,0,0,0,0,0,0,0,0,0,0,0,0,0,0,0,0,0,0,0
9211,4042,"死亡寺院 (人类, 极困难)-SS 奖励",5,0,0,0,0,0,0,0,0,0,0,0,0,0,0,0,0,0,0,0,0,0,0,0,0,0,0,0,0,0,0
9212,4042,"死亡寺院 (人类, 极困难)-S 奖励",4,0,0,0,0,0,0,0,0,0,0,0,0,0,0,0,0,0,0,0,0,0,0,0,0,0,0,0,0,0,0
9213,4042,"死亡寺院 (人类, 极困难)-A 奖励",3,0,0,0,0,0,0,0,0,0,0,0,0,0,0,0,0,0,0,0,0,0,0,0,0,0,0,0,0,0,0
9214,4042,"死亡寺院 (人类, 极困难)-B 奖励",3,0,0,0,0,0,0,0,0,0,0,0,0,0,0,0,0,0,0,0,0,0,0,0,0,0,0,0,0,0,0
9215,4042,"死亡寺院 (人类, 极困难)-F 奖励",2,0,0,0,0,0,0,0,0,0,0,0,0,0,0,0,0,0,0,0,0,0,0,0,0,0,0,0,0,0,0
9240,4042,"死亡寺院 (兽族, 极困难)-SSS 奖励",5,0,0,0,0,0,0,0,0,0,0,0,0,0,0,0,0,0,0,0,0,0,0,0,0,0,0,0,0,0,0
9241,4042,"死亡寺院 (兽族, 极困难)-SS 奖励",5,0,0,0,0,0,0,0,0,0,0,0,0,0,0,0,0,0,0,0,0,0,0,0,0,0,0,0,0,0,0
9242,4042,"死亡寺院 (兽族, 极困难)-S 奖励",4,0,0,0,0,0,0,0,0,0,0,0,0,0,0,0,0,0,0,0,0,0,0,0,0,0,0,0,0,0,0
9243,4042,"死亡寺院 (兽族, 极困难)-A 奖励",3,0,0,0,0,0,0,0,0,0,0,0,0,0,0,0,0,0,0,0,0,0,0,0,0,0,0,0,0,0,0
9244,4042,"死亡寺院 (兽族, 极困难)-B 奖励",3,0,0,0,0,0,0,0,0,0,0,0,0,0,0,0,0,0,0,0,0,0,0,0,0,0,0,0,0,0,0
9245,4042,"死亡寺院 (兽族, 极困难)-F 奖励",2,0,0,0,0,0,0,0,0,0,0,0,0,0,0,0,0,0,0,0,0,0,0,0,0,0,0,0,0,0,0
9310,4043,"死亡寺院 (人类, 炼狱)-SSS 奖励",5,0,0,0,0,0,0,0,0,0,0,0,0,0,0,0,0,0,0,0,0,0,0,0,0,0,0,0,0,0,0
9311,4043,"死亡寺院 (人类, 炼狱)-SS 奖励",5,0,0,0,0,0,0,0,0,0,0,0,0,0,0,0,0,0,0,0,0,0,0,0,0,0,0,0,0,0,0
9312,4043,"死亡寺院 (人类, 炼狱)-S 奖励",4,0,0,0,0,0,0,0,0,0,0,0,0,0,0,0,0,0,0,0,0,0,0,0,0,0,0,0,0,0,0
9313,4043,"死亡寺院 (人类, 炼狱)-A 奖励",3,0,0,0,0,0,0,0,0,0,0,0,0,0,0,0,0,0,0,0,0,0,0,0,0,0,0,0,0,0,0
9314,4043,"死亡寺院 (人类, 炼狱)-B 奖励",3,0,0,0,0,0,0,0,0,0,0,0,0,0,0,0,0,0,0,0,0,0,0,0,0,0,0,0,0,0,0
9315,4043,"死亡寺院 (人类, 炼狱)-F 奖励",2,0,0,0,0,0,0,0,0,0,0,0,0,0,0,0,0,0,0,0,0,0,0,0,0,0,0,0,0,0,0
9340,4043,"死亡寺院 (兽族, 炼狱)-SSS 奖励",5,0,0,0,0,0,0,0,0,0,0,0,0,0,0,0,0,0,0,0,0,0,0,0,0,0,0,0,0,0,0
9341,4043,"死亡寺院 (兽族, 炼狱)-SS 奖励",5,0,0,0,0,0,0,0,0,0,0,0,0,0,0,0,0,0,0,0,0,0,0,0,0,0,0,0,0,0,0
9342,4043,"死亡寺院 (兽族, 炼狱)-S 奖励",4,0,0,0,0,0,0,0,0,0,0,0,0,0,0,0,0,0,0,0,0,0,0,0,0,0,0,0,0,0,0
9343,4043,"死亡寺院 (兽族, 炼狱)-A 奖励",3,0,0,0,0,0,0,0,0,0,0,0,0,0,0,0,0,0,0,0,0,0,0,0,0,0,0,0,0,0,0
9344,4043,"死亡寺院 (兽族, 炼狱)-B 奖励",3,0,0,0,0,0,0,0,0,0,0,0,0,0,0,0,0,0,0,0,0,0,0,0,0,0,0,0,0,0,0
9345,4043,"死亡寺院 (兽族, 炼狱)-F 奖励",2,0,0,0,0,0,0,0,0,0,0,0,0,0,0,0,0,0,0,0,0,0,0,0,0,0,0,0,0,0,0
10010,4050,"阿罗汉浮游城(人类, 普通)-SSS 奖励",5,81018,1,925,81019,1,4625,81020,1,9250,2080511,1,9288,2080512,1,9326,2080521,1,9476,2080522,1,9626,2080531,1,9814,2080532,1,10000,,,
10011,4050,"阿罗汉浮游城(人类, 普通)-SS 奖励",5,81018,1,925,81019,1,5550,81020,1,9250,2080511,1,9288,2080512,1,9326,2080521,1,9514,2080522,1,9702,2080531,1,9852,2080532,1,10000,,,
10012,4050,"阿罗汉浮游城(人类, 普通)-S 奖励",4,81018,1,4625,81019,1,7400,81020,1,9250,2080511,1,9438,2080512,1,9626,2080521,1,9739,2080522,1,9852,2080531,1,9927,2080532,1,10000,,,
10013,4050,"阿罗汉浮游城(人类, 普通)-A 奖励",3,81018,1,2000,10016,20,4400,10116,20,6100,10017,20,8300,10117,20,10000,,,,,,,,,,,,,,,
10014,4050,"阿罗汉浮游城(人类, 普通)-B 奖励",3,81018,1,500,10016,10,3100,10116,10,5300,10017,10,7800,10117,10,10000,,,,,,,,,,,,,,,
10015,4050,"阿罗汉浮游城(人类, 普通)-F 奖励",2,10016,1,3000,10116,1,5000,10017,1,8000,10117,1,10000,,,,,,,,,,,,,,,,,,
10040,4050,"阿罗汉浮游城(兽族, 普通)-SSS 奖励",5,81118,1,925,81119,1,4625,81120,1,9250,2080511,1,9288,2080512,1,9326,2080521,1,9476,2080522,1,9626,2080531,1,9814,2080532,1,10000,,,
10041,4050,"阿罗汉浮游城(兽族, 普通)-SS 奖励",5,81118,1,925,81119,1,5550,81120,1,9250,2080511,1,9288,2080512,1,9326,2080521,1,9514,2080522,1,9702,2080531,1,9852,2080532,1,10000,,,
10042,4050,"阿罗汉浮游城(兽族, 普通)-S 奖励",4,81118,1,4625,81119,1,7400,81120,1,9250,2080511,1,9438,2080512,1,9626,2080521,1,9739,2080522,1,9852,2080531,1,9927,2080532,1,10000,,,
10043,4050,"阿罗汉浮游城(兽族, 普通)-A 奖励",3,81118,1,2000,10016,20,4400,10116,20,6100,10017,20,8300,10117,20,10000,,,,,,,,,,,,,,,
10044,4050,"阿罗汉浮游城(兽族, 普通)-B 奖励",3,81118,1,500,10016,10,3100,10116,10,5300,10017,10,7800,10117,10,10000,,,,,,,,,,,,,,,
10045,4050,"阿罗汉浮游城(兽族, 普通)-F 奖励",2,10016,1,3000,10116,1,5000,10017,1,8000,10117,1,10000,,,,,,,,,,,,,,,,,,
10110,4051,"阿罗汉浮游城(人类, 困难)-SSS 奖励",5,81019,1,1850,81020,1,8695,2080521,1,8770,2080522,1,8845,2080531,1,9123,2080532,1,9401,83005,1,9501,82003,1,10000,,,,,,
10111,4051,"阿罗汉浮游城(人类, 困难)-SS 奖励",5,81019,1,4625,81020,1,8926,2080521,1,9114,2080522,1,9302,2080531,1,9476,2080532,1,9650,83005,1,9700,82003,1,10000,,,,,,
10112,4051,"阿罗汉浮游城(人类, 困难)-S 奖励",4,81019,1,6475,81020,1,9148,2080521,1,9411,2080522,1,9674,2080531,1,9782,2080532,1,9890,83005,1,9900,82003,1,10000,,,,,,
10113,4051,"阿罗汉浮游城(人类, 困难)-A 奖励",3,81018,1,3000,10016,30,4800,10116,30,6500,10017,30,8300,10117,30,10000,,,,,,,,,,,,,,,
10114,4051,"阿罗汉浮游城(人类, 困难)-B 奖励",3,81018,1,1000,10016,15,3300,10116,15,5500,10017,15,7800,10117,15,10000,,,,,,,,,,,,,,,
10115,4051,"阿罗汉浮游城(人类, 困难)-F 奖励",2,10016,1,2500,10116,1,5000,10017,1,7500,10117,1,10000,,,,,,,,,,,,,,,,,,
10140,4051,"阿罗汉浮游城(兽族, 困难)-SSS 奖励",5,81119,1,1850,81120,1,8695,2080521,1,8770,2080522,1,8845,2080531,1,9123,2080532,1,9401,83105,1,9501,82003,1,10000,,,,,,
10141,4051,"阿罗汉浮游城(兽族, 困难)-SS 奖励",5,81119,1,4625,81120,1,8926,2080521,1,9114,2080522,1,9302,2080531,1,9476,2080532,1,9650,83105,1,9700,82003,1,10000,,,,,,
10142,4051,"阿罗汉浮游城(兽族, 困难)-S 奖励",4,81119,1,6475,81120,1,9148,2080521,1,9411,2080522,1,9674,2080531,1,9782,2080532,1,9890,83105,1,9900,82003,1,10000,,,,,,
10143,4051,"阿罗汉浮游城(兽族, 困难)-A 奖励",3,81118,1,3000,10016,30,4800,10116,30,6500,10017,30,8300,10117,30,10000,,,,,,,,,,,,,,,
10144,4051,"阿罗汉浮游城(兽族, 困难)-B 奖励",3,81118,1,1000,10016,15,3300,10116,15,5500,10017,15,7800,10117,15,10000,,,,,,,,,,,,,,,
10145,4051,"阿罗汉浮游城(兽族, 困难)-F 奖励",2,10016,1,2500,10116,1,5000,10017,1,7500,10117,1,10000,,,,,,,,,,,,,,,,,,
10210,4052,"阿罗汉浮游城(人类, 极困难)-SSS 奖励",5,81020,1,6938,2080531,1,7219,2080532,1,7500,115500,1,7750,115501,1,8000,83005,1,8500,82003,1,10000,,,,,,,,,
10211,4052,"阿罗汉浮游城(人类, 极困难)-SS 奖励",5,81019,1,1758,81020,1,7771,2080521,1,7842,2080522,1,7913,2080531,1,8157,2080532,1,8401,115500,1,8551,115501,1,8701,83005,1,9001,82003,1,10000
10212,4052,"阿罗汉浮游城(人类, 极困难)-S 奖励",4,81019,1,3515,81020,1,8603,2080521,1,8746,2080522,1,8889,2080531,1,9095,2080532,1,9301,115500,1,9351,115501,1,9401,83005,1,9501,82003,1,10000
10213,4052,"阿罗汉浮游城(人类, 极困难)-A 奖励",3,81018,1,4000,10016,40,5500,10116,40,7000,10017,40,8500,10117,40,10000,,,,,,,,,,,,,,,
10214,4052,"阿罗汉浮游城(人类, 极困难)-B 奖励",3,81018,1,1500,10016,20,3625,10116,20,5750,10017,20,7875,10117,20,10000,,,,,,,,,,,,,,,
10215,4052,"阿罗汉浮游城(人类, 极困难)-F 奖励",2,10016,1,2500,10116,1,5000,10017,1,7500,10117,1,10000,,,,,,,,,,,,,,,,,,
10240,4052,"阿罗汉浮游城(兽族, 极困难)-SSS 奖励",5,81120,1,6938,2080531,1,7219,2080532,1,7500,115500,1,7750,115501,1,8000,83105,1,8500,82003,1,10000,,,,,,,,,
10241,4052,"阿罗汉浮游城(兽族, 极困难)-SS 奖励",5,81119,1,1758,81120,1,7771,2080521,1,7842,2080522,1,7913,2080531,1,8157,2080532,1,8401,115500,1,8551,115501,1,8701,83105,1,9001,82003,1,10000
10242,4052,"阿罗汉浮游城(兽族, 极困难)-S 奖励",4,81119,1,3515,81120,1,8603,2080521,1,8746,2080522,1,8889,2080531,1,9095,2080532,1,9301,115500,1,9351,115501,1,9401,83105,1,9501,82003,1,10000
10243,4052,"阿罗汉浮游城(兽族, 极困难)-A 奖励",3,81118,1,4000,10016,40,5500,10116,40,7000,10017,40,8500,10117,40,10000,,,,,,,,,,,,,,,
10244,4052,"阿罗汉浮游城(兽族, 极困难)-B 奖励",3,81118,1,1500,10016,20,3625,10116,20,5750,10017,20,7875,10117,20,10000,,,,,,,,,,,,,,,
10245,4052,"阿罗汉浮游城(兽族, 极困难)-F 奖励",2,10016,1,2500,10116,1,5000,10017,1,7500,10117,1,10000,,,,,,,,,,,,,,,,,,
10310,4053,"阿罗汉浮游城(人类, 炼狱)-SSS 奖励",5,0,0,0,0,0,0,0,0,0,0,0,0,0,0,0,0,0,0,0,0,0,0,0,0,0,0,0,0,0,0
10311,4053,"阿罗汉浮游城(人类, 炼狱)-SS 奖励",5,0,0,0,0,0,0,0,0,0,0,0,0,0,0,0,0,0,0,0,0,0,0,0,0,0,0,0,0,0,0
10312,4053,"阿罗汉浮游城(人类, 炼狱)-S 奖励",4,0,0,0,0,0,0,0,0,0,0,0,0,0,0,0,0,0,0,0,0,0,0,0,0,0,0,0,0,0,0
10313,4053,"阿罗汉浮游城(人类, 炼狱)-A 奖励",3,0,0,0,0,0,0,0,0,0,0,0,0,0,0,0,0,0,0,0,0,0,0,0,0,0,0,0,0,0,0
10314,4053,"阿罗汉浮游城(人类, 炼狱)-B 奖励",3,0,0,0,0,0,0,0,0,0,0,0,0,0,0,0,0,0,0,0,0,0,0,0,0,0,0,0,0,0,0
10315,4053,"阿罗汉浮游城(人类, 炼狱)-F 奖励",2,0,0,0,0,0,0,0,0,0,0,0,0,0,0,0,0,0,0,0,0,0,0,0,0,0,0,0,0,0,0
10340,4053,"阿罗汉浮游城(兽族, 炼狱)-SSS 奖励",5,0,0,0,0,0,0,0,0,0,0,0,0,0,0,0,0,0,0,0,0,0,0,0,0,0,0,0,0,0,0
10341,4053,"阿罗汉浮游城(兽族, 炼狱)-SS 奖励",5,0,0,0,0,0,0,0,0,0,0,0,0,0,0,0,0,0,0,0,0,0,0,0,0,0,0,0,0,0,0
10342,4053,"阿罗汉浮游城(兽族, 炼狱)-S 奖励",4,0,0,0,0,0,0,0,0,0,0,0,0,0,0,0,0,0,0,0,0,0,0,0,0,0,0,0,0,0,0
10343,4053,"阿罗汉浮游城(兽族, 炼狱)-A 奖励",3,0,0,0,0,0,0,0,0,0,0,0,0,0,0,0,0,0,0,0,0,0,0,0,0,0,0,0,0,0,0
10344,4053,"阿罗汉浮游城(兽族, 炼狱)-B 奖励",3,0,0,0,0,0,0,0,0,0,0,0,0,0,0,0,0,0,0,0,0,0,0,0,0,0,0,0,0,0,0
10345,4053,"阿罗汉浮游城(兽族, 炼狱)-F 奖励",2,0,0,0,0,0,0,0,0,0,0,0,0,0,0,0,0,0,0,0,0,0,0,0,0,0,0,0,0,0,0
11010,4440,"哈比人的乐园 (人类, 普通)-SSS 奖励",5,81015,1,925,81016,1,4625,81017,1,9250,2070411,1,9288,2070412,1,9326,2070421,1,9476,2070422,1,9626,2070431,1,9814,2070432,1,10000,,,
11011,4440,"哈比人的乐园 (人类, 普通)-SS 奖励",5,81015,1,925,81016,1,5550,81017,1,9250,2070411,1,9288,2070412,1,9326,2070421,1,9514,2070422,1,9702,2070431,1,9852,2070432,1,10000,,,
11012,4440,"哈比人的乐园 (人类, 普通)-S 奖励",4,81015,1,4625,81016,1,7400,81017,1,9250,2070411,1,9438,2070412,1,9626,2070421,1,9739,2070422,1,9852,2070431,1,9927,2070432,1,10000,,,
11013,4440,"哈比人的乐园 (人类, 普通)-A 奖励",3,81015,1,2000,10012,20,4400,10112,20,6100,10013,20,8300,10113,20,10000,,,,,,,,,,,,,,,
11014,4440,"哈比人的乐园 (人类, 普通)-B 奖励",3,81015,1,500,10012,10,3100,10112,10,5300,10013,10,7800,10113,10,10000,,,,,,,,,,,,,,,
11015,4440,"哈比人的乐园 (人类, 普通)-F 奖励",2,10012,1,3000,10112,1,5000,10013,1,8000,10113,1,10000,,,,,,,,,,,,,,,,,,
11040,4440,"哈比人的乐园 (兽族, 普通)-SSS 奖励",5,81115,1,925,81116,1,4625,81117,1,9250,2070411,1,9288,2070412,1,9326,2070421,1,9476,2070422,1,9626,2070431,1,9814,2070432,1,10000,,,
11041,4440,"哈比人的乐园 (兽族, 普通)-SS 奖励",5,81115,1,925,81116,1,5550,81117,1,9250,2070411,1,9288,2070412,1,9326,2070421,1,9514,2070422,1,9702,2070431,1,9852,2070432,1,10000,,,
11042,4440,"哈比人的乐园 (兽族, 普通)-S 奖励",4,81115,1,4625,81116,1,7400,81117,1,9250,2070411,1,9438,2070412,1,9626,2070421,1,9739,2070422,1,9852,2070431,1,9927,2070432,1,10000,,,
11043,4440,"哈比人的乐园 (兽族, 普通)-A 奖励",3,81115,1,2000,10012,20,4400,10112,20,6100,10013,20,8300,10113,20,10000,,,,,,,,,,,,,,,
11044,4440,"哈比人的乐园 (兽族, 普通)-B 奖励",3,81115,1,500,10012,10,3100,10112,10,5300,10013,10,7800,10113,10,10000,,,,,,,,,,,,,,,
11045,4440,"哈比人的乐园 (兽族, 普通)-F 奖励",2,10012,1,3000,10112,1,5000,10013,1,8000,10113,1,10000,,,,,,,,,,,,,,,,,,
11110,4441,"哈比人的乐园 (人类, 困难)-SSS 奖励",5,81016,1,1850,81017,1,6475,2070421,1,6550,2070422,1,6625,2070431,1,6813,2070432,1,7001,83003,1,9001,110400,1,9501,110401,1,10000,,,
11111,4441,"哈比人的乐园 (人类, 困难)-SS 奖励",5,81016,1,4625,81017,1,8325,2070421,1,8513,2070422,1,8701,2070431,1,8851,2070432,1,9001,83003,1,10000,,,,,,,,,
11112,4441,"哈比人的乐园 (人类, 困难)-S 奖励",4,81016,1,6475,81017,1,8788,2070421,1,9051,2070422,1,9314,2070431,1,9408,2070432,1,9502,83003,1,10000,,,,,,,,,
11113,4441,"哈比人的乐园 (人类, 困难)-A 奖励",3,81015,1,3000,10012,30,4800,10112,30,6500,10013,30,8300,10113,30,10000,,,,,,,,,,,,,,,
11114,4441,"哈比人的乐园 (人类, 困难)-B 奖励",3,81015,1,1000,10012,15,3300,10112,15,5500,10013,15,7800,10113,15,10000,,,,,,,,,,,,,,,
11115,4441,"哈比人的乐园 (人类, 困难)-F 奖励",2,10012,1,2500,10112,1,5000,10013,1,7500,10113,1,10000,,,,,,,,,,,,,,,,,,
11140,4441,"哈比人的乐园 (兽族, 困难)-SSS 奖励",5,81116,1,1850,81117,1,6475,2070421,1,6550,2070422,1,6625,2070431,1,6813,2070432,1,7001,83103,1,9001,110400,1,9501,110401,1,10000,,,
11141,4441,"哈比人的乐园 (兽族, 困难)-SS 奖励",5,81116,1,4625,81117,1,8325,2070421,1,8513,2070422,1,8701,2070431,1,8851,2070432,1,9001,83103,1,10000,,,,,,,,,
11142,4441,"哈比人的乐园 (兽族, 困难)-S 奖励",4,81116,1,6475,81117,1,8788,2070421,1,9051,2070422,1,9314,2070431,1,9408,2070432,1,9502,83103,1,10000,,,,,,,,,
11143,4441,"哈比人的乐园 (兽族, 困难)-A 奖励",3,81115,1,3000,10012,30,4800,10112,30,6500,10013,30,8300,10113,30,10000,,,,,,,,,,,,,,,
11144,4441,"哈比人的乐园 (兽族, 困难)-B 奖励",3,81115,1,1000,10012,15,3300,10112,15,5500,10013,15,7800,10113,15,10000,,,,,,,,,,,,,,,
11145,4441,"哈比人的乐园 (兽族, 困难)-F 奖励",2,10012,1,2500,10112,1,5000,10013,1,7500,10113,1,10000,,,,,,,,,,,,,,,,,,
11210,4442,"哈比人的乐园 (人类, 极困难)-SSS 奖励",5,0,0,0,0,0,0,0,0,0,0,0,0,0,0,0,0,0,0,0,0,0,0,0,0,0,0,0,0,0,0
11211,4442,"哈比人的乐园 (人类, 极困难)-SS 奖励",5,0,0,0,0,0,0,0,0,0,0,0,0,0,0,0,0,0,0,0,0,0,0,0,0,0,0,0,0,0,0
11212,4442,"哈比人的乐园 (人类, 极困难)-S 奖励",4,0,0,0,0,0,0,0,0,0,0,0,0,0,0,0,0,0,0,0,0,0,0,0,0,0,0,0,0,0,0
11213,4442,"哈比人的乐园 (人类, 极困难)-A 奖励",3,0,0,0,0,0,0,0,0,0,0,0,0,0,0,0,0,0,0,0,0,0,0,0,0,0,0,0,0,0,0
11214,4442,"哈比人的乐园 (人类, 极困难)-B 奖励",3,0,0,0,0,0,0,0,0,0,0,0,0,0,0,0,0,0,0,0,0,0,0,0,0,0,0,0,0,0,0
11215,4442,"哈比人的乐园 (人类, 极困难)-F 奖励",2,0,0,0,0,0,0,0,0,0,0,0,0,0,0,0,0,0,0,0,0,0,0,0,0,0,0,0,0,0,0
11240,4442,"哈比人的乐园 (兽族, 极困难)-SSS 奖励",5,0,0,0,0,0,0,0,0,0,0,0,0,0,0,0,0,0,0,0,0,0,0,0,0,0,0,0,0,0,0
11241,4442,"哈比人的乐园 (兽族, 极困难)-SS 奖励",5,0,0,0,0,0,0,0,0,0,0,0,0,0,0,0,0,0,0,0,0,0,0,0,0,0,0,0,0,0,0
11242,4442,"哈比人的乐园 (兽族, 极困难)-S 奖励",4,0,0,0,0,0,0,0,0,0,0,0,0,0,0,0,0,0,0,0,0,0,0,0,0,0,0,0,0,0,0
11243,4442,"哈比人的乐园 (兽族, 极困难)-A 奖励",3,0,0,0,0,0,0,0,0,0,0,0,0,0,0,0,0,0,0,0,0,0,0,0,0,0,0,0,0,0,0
11244,4442,"哈比人的乐园 (兽族, 极困难)-B 奖励",3,0,0,0,0,0,0,0,0,0,0,0,0,0,0,0,0,0,0,0,0,0,0,0,0,0,0,0,0,0,0
11245,4442,"哈比人的乐园 (兽族, 极困难)-F 奖励",2,0,0,0,0,0,0,0,0,0,0,0,0,0,0,0,0,0,0,0,0,0,0,0,0,0,0,0,0,0,0
11310,4443,"哈比人的乐园 (人类, 炼狱)-SSS 奖励",5,0,0,0,0,0,0,0,0,0,0,0,0,0,0,0,0,0,0,0,0,0,0,0,0,0,0,0,0,0,0
11311,4443,"哈比人的乐园 (人类, 炼狱)-SS 奖励",5,0,0,0,0,0,0,0,0,0,0,0,0,0,0,0,0,0,0,0,0,0,0,0,0,0,0,0,0,0,0
11312,4443,"哈比人的乐园 (人类, 炼狱)-S 奖励",4,0,0,0,0,0,0,0,0,0,0,0,0,0,0,0,0,0,0,0,0,0,0,0,0,0,0,0,0,0,0
11313,4443,"哈比人的乐园 (人类, 炼狱)-A 奖励",3,0,0,0,0,0,0,0,0,0,0,0,0,0,0,0,0,0,0,0,0,0,0,0,0,0,0,0,0,0,0
11314,4443,"哈比人的乐园 (人类, 炼狱)-B 奖励",3,0,0,0,0,0,0,0,0,0,0,0,0,0,0,0,0,0,0,0,0,0,0,0,0,0,0,0,0,0,0
11315,4443,"哈比人的乐园 (人类, 炼狱)-F 奖励",2,0,0,0,0,0,0,0,0,0,0,0,0,0,0,0,0,0,0,0,0,0,0,0,0,0,0,0,0,0,0
11340,4443,"哈比人的乐园 (兽族, 炼狱)-SSS 奖励",5,0,0,0,0,0,0,0,0,0,0,0,0,0,0,0,0,0,0,0,0,0,0,0,0,0,0,0,0,0,0
11341,4443,"哈比人的乐园 (兽族, 炼狱)-SS 奖励",5,0,0,0,0,0,0,0,0,0,0,0,0,0,0,0,0,0,0,0,0,0,0,0,0,0,0,0,0,0,0
11342,4443,"哈比人的乐园 (兽族, 炼狱)-S 奖励",4,0,0,0,0,0,0,0,0,0,0,0,0,0,0,0,0,0,0,0,0,0,0,0,0,0,0,0,0,0,0
11343,4443,"哈比人的乐园 (兽族, 炼狱)-A 奖励",3,0,0,0,0,0,0,0,0,0,0,0,0,0,0,0,0,0,0,0,0,0,0,0,0,0,0,0,0,0,0
11344,4443,"哈比人的乐园 (兽族, 炼狱)-B 奖励",3,0,0,0,0,0,0,0,0,0,0,0,0,0,0,0,0,0,0,0,0,0,0,0,0,0,0,0,0,0,0
11345,4443,"哈比人的乐园 (兽族, 炼狱)-F 奖励",2,0,0,0,0,0,0,0,0,0,0,0,0,0,0,0,0,0,0,0,0,0,0,0,0,0,0,0,0,0,0
12010,4450,"暴风古城(人类, 普通)-SSS 奖励",5,81018,1,925,81019,1,4625,81020,1,9250,2070411,1,9288,2070412,1,9326,2070421,1,9476,2070422,1,9626,2070431,1,9814,2070432,1,10000,,,
12011,4450,"暴风古城(人类, 普通)-SS 奖励",5,81018,1,925,81019,1,5550,81020,1,9250,2070411,1,9288,2070412,1,9326,2070421,1,9514,2070422,1,9702,2070431,1,9852,2070432,1,10000,,,
12012,4450,"暴风古城(人类, 普通)-S 奖励",4,81018,1,4625,81019,1,7400,81020,1,9250,2070411,1,9438,2070412,1,9626,2070421,1,9739,2070422,1,9852,2070431,1,9927,2070432,1,10000,,,
12013,4450,"暴风古城(人类, 普通)-A 奖励",3,81018,1,2000,10016,20,4400,10116,20,6100,10017,20,8300,10117,20,10000,,,,,,,,,,,,,,,
12014,4450,"暴风古城(人类, 普通)-B 奖励",3,81018,1,500,10016,10,3100,10116,10,5300,10017,10,7800,10117,10,10000,,,,,,,,,,,,,,,
12015,4450,"暴风古城(人类, 普通)-F 奖励",2,10016,1,3000,10116,1,5000,10017,1,8000,10117,1,10000,,,,,,,,,,,,,,,,,,
12040,4450,"暴风古城(兽族, 普通)-SSS 奖励",5,81118,1,925,81119,1,4625,81120,1,9250,2070411,1,9288,2070412,1,9326,2070421,1,9476,2070422,1,9626,2070431,1,9814,2070432,1,10000,,,
12041,4450,"暴风古城(兽族, 普通)-SS 奖励",5,81118,1,925,81119,1,5550,81120,1,9250,2070411,1,9288,2070412,1,9326,2070421,1,9514,2070422,1,9702,2070431,1,9852,2070432,1,10000,,,
12042,4450,"暴风古城(兽族, 普通)-S 奖励",4,81118,1,4625,81119,1,7400,81120,1,9250,2070411,1,9438,2070412,1,9626,2070421,1,9739,2070422,1,9852,2070431,1,9927,2070432,1,10000,,,
12043,4450,"暴风古城(兽族, 普通)-A 奖励",3,81118,1,2000,10016,20,4400,10116,20,6100,10017,20,8300,10117,20,10000,,,,,,,,,,,,,,,
12044,4450,"暴风古城(兽族, 普通)-B 奖励",3,81118,1,500,10016,10,3100,10116,10,5300,10017,10,7800,10117,10,10000,,,,,,,,,,,,,,,
12045,4450,"暴风古城(兽族, 普通)-F 奖励",2,10016,1,3000,10116,1,5000,10017,1,8000,10117,1,10000,,,,,,,,,,,,,,,,,,
12110,4451,"暴风古城(人类, 困难)-SSS 奖励",5,81019,1,1850,81020,1,8695,2070521,1,8770,2070422,1,8845,2070431,1,9123,2070432,1,9401,83005,1,9501,82003,1,10000,,,,,,
12111,4451,"暴风古城(人类, 困难)-SS 奖励",5,81019,1,4625,81020,1,8926,2070521,1,9114,2070422,1,9302,2070431,1,9476,2070432,1,9650,83005,1,9700,82003,1,10000,,,,,,
12112,4451,"暴风古城(人类, 困难)-S 奖励",4,81019,1,6475,81020,1,9148,2070521,1,9411,2070422,1,9674,2070431,1,9782,2070432,1,9890,83005,1,9900,82003,1,10000,,,,,,
12113,4451,"暴风古城(人类, 困难)-A 奖励",3,81018,1,3000,10016,30,4800,10116,30,6500,10017,30,8300,10117,30,10000,,,,,,,,,,,,,,,
12114,4451,"暴风古城(人类, 困难)-B 奖励",3,81018,1,1000,10016,15,3300,10116,15,5500,10017,15,7800,10117,15,10000,,,,,,,,,,,,,,,
12115,4451,"暴风古城(人类, 困难)-F 奖励",2,10016,1,2500,10116,1,5000,10017,1,7500,10117,1,10000,,,,,,,,,,,,,,,,,,
12140,4451,"暴风古城(兽族, 困难)-SSS 奖励",5,81119,1,1850,81120,1,8695,2070521,1,8770,2070422,1,8845,2070431,1,9123,2070432,1,9401,83105,1,9501,82003,1,10000,,,,,,
12141,4451,"暴风古城(兽族, 困难)-SS 奖励",5,81119,1,4625,81120,1,8926,2070521,1,9114,2070422,1,9302,2070431,1,9476,2070432,1,9650,83105,1,9700,82003,1,10000,,,,,,
12142,4451,"暴风古城(兽族, 困难)-S 奖励",4,81119,1,6475,81120,1,9148,2070521,1,9411,2070422,1,9674,2070431,1,9782,2070432,1,9890,83105,1,9900,82003,1,10000,,,,,,
12143,4451,"暴风古城(兽族, 困难)-A 奖励",3,81118,1,3000,10016,30,4800,10116,30,6500,10017,30,8300,10117,30,10000,,,,,,,,,,,,,,,
12144,4451,"暴风古城(兽族, 困难)-B 奖励",3,81118,1,1000,10016,15,3300,10116,15,5500,10017,15,7800,10117,15,10000,,,,,,,,,,,,,,,
12145,4451,"暴风古城(兽族, 困难)-F 奖励",2,10016,1,2500,10116,1,5000,10017,1,7500,10117,1,10000,,,,,,,,,,,,,,,,,,
12210,4452,"暴风古城(人类, 极困难)-SSS 奖励",5,81020,1,6938,2070531,1,7219,2070532,1,7500,110500,1,7750,110501,1,8000,83005,1,8500,82003,1,10000,,,,,,,,,
12211,4452,"暴风古城(人类, 极困难)-SS 奖励",5,81019,1,1758,81020,1,7771,2070521,1,7842,2070422,1,7913,2070431,1,8157,2070432,1,8401,110500,1,8551,110501,1,8701,83005,1,9001,82003,1,10000
12212,4452,"暴风古城(人类, 极困难)-S 奖励",4,81019,1,3515,81020,1,8603,2070521,1,8746,2070422,1,8889,2070431,1,9095,2070432,1,9301,110500,1,9351,110501,1,9401,83005,1,9501,82003,1,10000
12213,4452,"暴风古城(人类, 极困难)-A 奖励",3,81018,1,4000,10016,40,5500,10116,40,7000,10017,40,8500,10117,40,10000,,,,,,,,,,,,,,,
12214,4452,"暴风古城(人类, 极困难)-B 奖励",3,81018,1,1500,10016,20,3625,10116,20,5750,10017,20,7875,10117,20,10000,,,,,,,,,,,,,,,
12215,4452,"暴风古城(人类, 极困难)-F 奖励",2,10016,1,2500,10116,1,5000,10017,1,7500,10117,1,10000,,,,,,,,,,,,,,,,,,
12240,4452,"暴风古城(兽族, 极困难)-SSS 奖励",5,81120,1,6938,2070531,1,7219,2070532,1,7500,110500,1,7750,110501,1,8000,83105,1,8500,82003,1,10000,,,,,,,,,
12241,4452,"暴风古城(兽族, 极困难)-SS 奖励",5,81119,1,1758,81120,1,7771,2070521,1,7842,2070422,1,7913,2070431,1,8157,2070432,1,8401,110500,1,8551,110501,1,8701,83105,1,9001,82003,1,10000
12242,4452,"暴风古城(兽族, 极困难)-S 奖励",4,81119,1,3515,81120,1,8603,2070521,1,8746,2070422,1,8889,2070431,1,9095,2070432,1,9301,110500,1,9351,110501,1,9401,83105,1,9501,82003,1,10000
12243,4452,"暴风古城(兽族, 极困难)-A 奖励",3,81118,1,4000,10016,40,5500,10116,40,7000,10017,40,8500,10117,40,10000,,,,,,,,,,,,,,,
12244,4452,"暴风古城(兽族, 极困难)-B 奖励",3,81118,1,1500,10016,20,3625,10116,20,5750,10017,20,7875,10117,20,10000,,,,,,,,,,,,,,,
12245,4452,"暴风古城(兽族, 极困难)-F 奖励",2,10016,1,2500,10116,1,5000,10017,1,7500,10117,1,10000,,,,,,,,,,,,,,,,,,
12310,4453,"暴风古城(人类, 炼狱)-SSS 奖励",5,0,0,0,0,0,0,0,0,0,0,0,0,0,0,0,0,0,0,0,0,0,0,0,0,0,0,0,0,0,0
12311,4453,"暴风古城(人类, 炼狱)-SS 奖励",5,0,0,0,0,0,0,0,0,0,0,0,0,0,0,0,0,0,0,0,0,0,0,0,0,0,0,0,0,0,0
12312,4453,"暴风古城(人类, 炼狱)-S 奖励",4,0,0,0,0,0,0,0,0,0,0,0,0,0,0,0,0,0,0,0,0,0,0,0,0,0,0,0,0,0,0
12313,4453,"暴风古城(人类, 炼狱)-A 奖励",3,0,0,0,0,0,0,0,0,0,0,0,0,0,0,0,0,0,0,0,0,0,0,0,0,0,0,0,0,0,0
12314,4453,"暴风古城(人类, 炼狱)-B 奖励",3,0,0,0,0,0,0,0,0,0,0,0,0,0,0,0,0,0,0,0,0,0,0,0,0,0,0,0,0,0,0
12315,4453,"暴风古城(人类, 炼狱)-F 奖励",2,0,0,0,0,0,0,0,0,0,0,0,0,0,0,0,0,0,0,0,0,0,0,0,0,0,0,0,0,0,0
12340,4453,"暴风古城(兽族, 炼狱)-SSS 奖励",5,0,0,0,0,0,0,0,0,0,0,0,0,0,0,0,0,0,0,0,0,0,0,0,0,0,0,0,0,0,0
12341,4453,"暴风古城(兽族, 炼狱)-SS 奖励",5,0,0,0,0,0,0,0,0,0,0,0,0,0,0,0,0,0,0,0,0,0,0,0,0,0,0,0,0,0,0
12342,4453,"暴风古城(兽族, 炼狱)-S 奖励",4,0,0,0,0,0,0,0,0,0,0,0,0,0,0,0,0,0,0,0,0,0,0,0,0,0,0,0,0,0,0
12343,4453,"暴风古城(兽族, 炼狱)-A 奖励",3,0,0,0,0,0,0,0,0,0,0,0,0,0,0,0,0,0,0,0,0,0,0,0,0,0,0,0,0,0,0
12344,4453,"暴风古城(兽族, 炼狱)-B 奖励",3,0,0,0,0,0,0,0,0,0,0,0,0,0,0,0,0,0,0,0,0,0,0,0,0,0,0,0,0,0,0
12345,4453,"暴风古城(兽族, 炼狱)-F 奖励",2,0,0,0,0,0,0,0,0,0,0,0,0,0,0,0,0,0,0,0,0,0,0,0,0,0,0,0,0,0,0
13010,4060,"克拉伍德活体实验室 (人类, 普通)-SSS 奖励",5,81021,1,925,81022,1,4625,81023,1,9250,2080511,1,9288,2080512,1,9326,2080521,1,9476,2080522,1,9626,2080531,1,9814,2080532,1,10000,,,
13011,4060,"克拉伍德活体实验室 (人类, 普通)-SS 奖励",5,81021,1,925,81022,1,5550,81023,1,9250,2080511,1,9288,2080512,1,9326,2080521,1,9514,2080522,1,9702,2080531,1,9852,2080532,1,10000,,,
13012,4060,"克拉伍德活体实验室 (人类, 普通)-S 奖励",4,81021,1,4625,81022,1,7400,81023,1,9250,2080511,1,9438,2080512,1,9626,2080521,1,9739,2080522,1,9852,2080531,1,9927,2080532,1,10000,,,
13013,4060,"克拉伍德活体实验室 (人类, 普通)-A 奖励",3,81021,1,2000,10016,20,4400,10116,20,6100,10017,20,8300,10117,20,10000,,,,,,,,,,,,,,,
13014,4060,"克拉伍德活体实验室 (人类, 普通)-B 奖励",3,81021,1,500,10016,10,3100,10116,10,5300,10017,10,7800,10117,10,10000,,,,,,,,,,,,,,,
13015,4060,"克拉伍德活体实验室 (人类, 普通)-F 奖励",2,10016,1,3000,10116,1,5000,10017,1,8000,10117,1,10000,0,0,0,,,,,,,,,,,,,,,
13040,4060,"克拉伍德活体实验室 (兽族,普通)-SSS 奖励",5,81121,1,925,81122,1,4625,81123,1,9250,2080511,1,9288,2080512,1,9326,2080521,1,9476,2080522,1,9626,2080531,1,9814,2080532,1,10000,,,
13041,4060,"克拉伍德活体实验室 (兽族,普通)-SS 奖励",5,81121,1,925,81122,1,5550,81123,1,9250,2080511,1,9288,2080512,1,9326,2080521,1,9514,2080522,1,9702,2080531,1,9852,2080532,1,10000,,,
13042,4060,"克拉伍德活体实验室 (兽族,普通)-S 奖励",4,81121,1,4625,81122,1,7400,81123,1,9250,2080511,1,9438,2080512,1,9626,2080521,1,9739,2080522,1,9852,2080531,1,9927,2080532,1,10000,,,
13043,4060,"克拉伍德活体实验室 (兽族,普通)-A 奖励",3,81121,1,2000,10016,20,4400,10116,20,6100,10017,20,8300,10117,20,10000,,,,,,,,,,,,,,,
13044,4060,"克拉伍德活体实验室 (兽族,普通)-B 奖励",3,81121,1,500,10016,10,3100,10116,10,5300,10017,10,7800,10117,10,10000,,,,,,,,,,,,,,,
13045,4060,"克拉伍德活体实验室 (兽族,普通)-F 奖励",2,10016,1,3000,10116,1,5000,10017,1,8000,10117,1,10000,0,0,0,,,,,,,,,,,,,,,
13110,4061,"克拉伍德活体实验室 (人类, 困难)-SSS 奖励",5,81022,1,1850,81023,1,8695,2080521,1,8770,2080522,1,8845,2080531,1,9123,2080532,1,9401,83007,1,9501,82016,1,10000,,,,,,
13111,4061,"克拉伍德活体实验室 (人类, 困难)-SS 奖励",5,81022,1,4625,81023,1,8926,2080521,1,9114,2080522,1,9302,2080531,1,9476,2080532,1,9650,83007,1,9700,82016,1,10000,,,,,,
13112,4061,"克拉伍德活体实验室 (人类, 困难)-S 奖励",4,81022,1,6475,81023,1,9148,2080521,1,9411,2080522,1,9674,2080531,1,9782,2080532,1,9890,83007,1,9900,82016,1,10000,,,,,,
13113,4061,"克拉伍德活体实验室 (人类, 困难)-A 奖励",3,81021,1,3000,10016,30,4800,10116,30,6500,10017,30,8300,10117,30,10000,,,,,,,,,,,,,,,
13114,4061,"克拉伍德活体实验室 (人类, 困难)-B 奖励",3,81021,1,1000,10016,15,3300,10116,15,5500,10017,15,7800,10117,15,10000,,,,,,,,,,,,,,,
13115,4061,"克拉伍德活体实验室 (人类, 困难)-F 奖励",2,10016,1,2500,10116,1,5000,10017,1,7500,10117,1,10000,0,0,0,,,,,,,,,,,,,,,
13140,4061,"克拉伍德活体实验室 (兽族, 困难)-SSS 奖励",5,81122,1,1850,81123,1,8695,2080521,1,8770,2080522,1,8845,2080531,1,9123,2080532,1,9401,83107,1,9501,82016,1,10000,,,,,,
13141,4061,"克拉伍德活体实验室 (兽族, 困难)-SS 奖励",5,81122,1,4625,81123,1,8926,2080521,1,9114,2080522,1,9302,2080531,1,9476,2080532,1,9650,83107,1,9700,82016,1,10000,,,,,,
13142,4061,"克拉伍德活体实验室 (兽族, 困难)-S 奖励",4,81122,1,6475,81123,1,9148,2080521,1,9411,2080522,1,9674,2080531,1,9782,2080532,1,9890,83107,1,9900,82016,1,10000,,,,,,
13143,4061,"克拉伍德活体实验室 (兽族, 困难)-A 奖励",3,81121,1,3000,10016,30,4800,10116,30,6500,10017,30,8300,10117,30,10000,,,,,,,,,,,,,,,
13144,4061,"克拉伍德活体实验室 (兽族, 困难)-B 奖励",3,81121,1,1000,10016,15,3300,10116,15,5500,10017,15,7800,10117,15,10000,,,,,,,,,,,,,,,
13145,4061,"克拉伍德活体实验室 (兽族, 困难)-F 奖励",2,10016,1,2500,10116,1,5000,10017,1,7500,10117,1,10000,0,0,0,,,,,,,,,,,,,,,
13210,4062,"克拉伍德活体实验室 (人类, 极困难)-SSS 奖励",5,81023,1,6938,2080531,1,7219,2080532,1,7500,115600,1,7750,115601,1,8000,83007,1,8500,82016,1,10000,,,,,,,,,
13211,4062,"克拉伍德活体实验室 (人类, 极困难)-SS 奖励",5,81022,1,1758,81023,1,7771,2080521,1,7842,2080522,1,7913,2080531,1,8157,2080532,1,8401,115600,1,8551,115601,1,8701,83007,1,9001,82016,1,10000
13212,4062,"克拉伍德活体实验室 (人类, 极困难)-S 奖励",4,81022,1,3515,81023,1,8603,2080521,1,8746,2080522,1,8889,2080531,1,9095,2080532,1,9301,115600,1,9351,115601,1,9401,83007,1,9501,82016,1,10000
13213,4062,"克拉伍德活体实验室 (人类, 极困难)-A 奖励",3,81021,1,4000,10016,40,5500,10116,40,7000,10017,40,8500,10117,40,10000,,,,,,,,,,,,,,,
13214,4062,"克拉伍德活体实验室 (人类, 极困难)-B 奖励",3,81021,1,1500,10016,20,3625,10116,20,5750,10017,20,7875,10117,20,10000,,,,,,,,,,,,,,,
13215,4062,"克拉伍德活体实验室 (人类, 极困难)-F 奖励",2,10016,1,2500,10116,1,5000,10017,1,7500,10117,1,10000,,,,,,,,,,,,,,,,,,
13240,4062,"克拉伍德活体实验室 (兽族, 极困难)-SSS 奖励",5,81123,1,6938,2080531,1,7219,2080532,1,7500,115600,1,7750,115601,1,8000,83107,1,8500,82016,1,10000,,,,,,,,,
13241,4062,"克拉伍德活体实验室 (兽族, 极困难)-SS 奖励",5,81122,1,1758,81123,1,7771,2080521,1,7842,2080522,1,7913,2080531,1,8157,2080532,1,8401,115600,1,8551,115601,1,8701,83107,1,9001,82016,1,10000
13242,4062,"克拉伍德活体实验室 (兽族, 极困难)-S 奖励",4,81122,1,3515,81123,1,8603,2080521,1,8746,2080522,1,8889,2080531,1,9095,2080532,1,9301,115600,1,9351,115601,1,9401,83107,1,9501,82016,1,10000
13243,4062,"克拉伍德活体实验室 (兽族, 极困难)-A 奖励",3,81121,1,4000,10016,40,5500,10116,40,7000,10017,40,8500,10117,40,10000,,,,,,,,,,,,,,,
13244,4062,"克拉伍德活体实验室 (兽族, 极困难)-B 奖励",3,81121,1,1500,10016,20,3625,10116,20,5750,10017,20,7875,10117,20,10000,,,,,,,,,,,,,,,
13245,4062,"克拉伍德活体实验室 (兽族, 极困难)-F 奖励",2,10016,1,2500,10116,1,5000,10017,1,7500,10117,1,10000,,,,,,,,,,,,,,,,,,
13310,4063,"克拉伍德活体实验室 (人类, 炼狱)-SSS 奖励",5,0,0,0,0,0,0,0,0,0,0,0,0,0,0,0,0,0,0,0,0,0,0,0,0,0,0,0,0,0,0
13311,4063,"克拉伍德活体实验室 (人类, 炼狱)-SS 奖励",5,0,0,0,0,0,0,0,0,0,0,0,0,0,0,0,0,0,0,0,0,0,0,0,0,0,0,0,0,0,0
13312,4063,"克拉伍德活体实验室 (人类, 炼狱)-S 奖励",4,0,0,0,0,0,0,0,0,0,0,0,0,0,0,0,0,0,0,0,0,0,0,0,0,0,0,0,0,0,0
13313,4063,"克拉伍德活体实验室 (人类, 炼狱)-A 奖励",3,0,0,0,0,0,0,0,0,0,0,0,0,0,0,0,0,0,0,0,0,0,0,0,0,0,0,0,0,0,0
13314,4063,"克拉伍德活体实验室 (人类, 炼狱)-B 奖励",3,0,0,0,0,0,0,0,0,0,0,0,0,0,0,0,0,0,0,0,0,0,0,0,0,0,0,0,0,0,0
13315,4063,"克拉伍德活体实验室 (人类, 炼狱)-F 奖励",2,0,0,0,0,0,0,0,0,0,0,0,0,0,0,0,0,0,0,0,0,0,0,0,0,0,0,0,0,0,0
13340,4063,"克拉伍德活体实验室 (兽族, 炼狱)-SSS 奖励",5,0,0,0,0,0,0,0,0,0,0,0,0,0,0,0,0,0,0,0,0,0,0,0,0,0,0,0,0,0,0
13341,4063,"克拉伍德活体实验室 (兽族, 炼狱)-SS 奖励",5,0,0,0,0,0,0,0,0,0,0,0,0,0,0,0,0,0,0,0,0,0,0,0,0,0,0,0,0,0,0
13342,4063,"克拉伍德活体实验室 (兽族, 炼狱)-S 奖励",4,0,0,0,0,0,0,0,0,0,0,0,0,0,0,0,0,0,0,0,0,0,0,0,0,0,0,0,0,0,0
13343,4063,"克拉伍德活体实验室 (兽族, 炼狱)-A 奖励",3,0,0,0,0,0,0,0,0,0,0,0,0,0,0,0,0,0,0,0,0,0,0,0,0,0,0,0,0,0,0
13344,4063,"克拉伍德活体实验室 (兽族, 炼狱)-B 奖励",3,0,0,0,0,0,0,0,0,0,0,0,0,0,0,0,0,0,0,0,0,0,0,0,0,0,0,0,0,0,0
13345,4063,"克拉伍德活体实验室 (兽族, 炼狱)-F 奖励",2,0,0,0,0,0,0,0,0,0,0,0,0,0,0,0,0,0,0,0,0,0,0,0,0,0,0,0,0,0,0
14010,4070,"火龙巢穴 (人类, 普通)-SSS 奖励",5,81024,1,925,81025,1,4625,81026,1,9250,2080611,1,9288,2080612,1,9326,2080621,1,9476,2080622,1,9626,2080631,1,9814,2080632,1,10000,,,
14011,4070,"火龙巢穴 (人类, 普通)-SS 奖励",5,81024,1,925,81025,1,5550,81026,1,9250,2080611,1,9288,2080612,1,9326,2080621,1,9514,2080622,1,9702,2080631,1,9852,2080632,1,10000,,,
14012,4070,"火龙巢穴 (人类, 普通)-S 奖励",4,81024,1,4625,81025,1,7400,81026,1,9250,2080611,1,9438,2080612,1,9626,2080621,1,9739,2080622,1,9852,2080631,1,9927,2080632,1,10000,,,
14013,4070,"火龙巢穴 (人类, 普通)-A 奖励",3,81024,1,2000,10016,20,4400,10116,20,6100,10017,20,8300,10117,20,10000,,,,,,,,,,,,,,,
14014,4070,"火龙巢穴 (人类, 普通)-B 奖励",3,81024,1,500,10016,10,3100,10116,10,5300,10017,10,7800,10117,10,10000,,,,,,,,,,,,,,,
14015,4070,"火龙巢穴 (人类, 普通)-F 奖励",2,10016,1,3000,10116,1,5000,10017,1,8000,10117,1,10000,,,,,,,,,,,,,,,,,,
14040,4070,"火龙巢穴 (兽族,普通)-SSS 奖励",5,81124,1,925,81125,1,4625,81126,1,9250,2080611,1,9288,2080612,1,9326,2080621,1,9476,2080622,1,9626,2080631,1,9814,2080632,1,10000,,,
14041,4070,"火龙巢穴 (兽族,普通)-SS 奖励",5,81124,1,925,81125,1,5550,81126,1,9250,2080611,1,9288,2080612,1,9326,2080621,1,9514,2080622,1,9702,2080631,1,9852,2080632,1,10000,,,
14042,4070,"火龙巢穴 (兽族,普通)-S 奖励",4,81124,1,4625,81125,1,7400,81126,1,9250,2080611,1,9438,2080612,1,9626,2080621,1,9739,2080622,1,9852,2080631,1,9927,2080632,1,10000,,,
14043,4070,"火龙巢穴 (兽族,普通)-A 奖励",3,81124,1,2000,10016,20,4400,10116,20,6100,10017,20,8300,10117,20,10000,,,,,,,,,,,,,,,
14044,4070,"火龙巢穴 (兽族,普通)-B 奖励",3,81124,1,500,10016,10,3100,10116,10,5300,10017,10,7800,10117,10,10000,,,,,,,,,,,,,,,
14045,4070,"火龙巢穴 (兽族,普通)-F 奖励",2,10016,1,3000,10116,1,5000,10017,1,8000,10117,1,10000,,,,,,,,,,,,,,,,,,
14110,4071,"火龙巢穴 (人类, 困难)-SSS 奖励",5,81025,1,1850,81026,1,8695,2080621,1,8770,2080622,1,8845,2080631,1,9123,2080632,1,9401,83009,1,9501,82016,1,10000,,,,,,
14111,4071,"火龙巢穴 (人类, 困难)-SS 奖励",5,81025,1,4625,81026,1,8926,2080621,1,9114,2080622,1,9302,2080631,1,9476,2080632,1,9650,83009,1,9700,82016,1,10000,,,,,,
14112,4071,"火龙巢穴 (人类, 困难)-S 奖励",4,81025,1,6475,81026,1,9148,2080621,1,9411,2080622,1,9674,2080631,1,9782,2080632,1,9890,83009,1,9900,82016,1,10000,,,,,,
14113,4071,"火龙巢穴 (人类, 困难)-A 奖励",3,81024,1,3000,10016,30,4800,10116,30,6500,10017,30,8300,10117,30,10000,,,,,,,,,,,,,,,
14114,4071,"火龙巢穴 (人类, 困难)-B 奖励",3,81024,1,1000,10016,15,3300,10116,15,5500,10017,15,7800,10117,15,10000,,,,,,,,,,,,,,,
14115,4071,"火龙巢穴 (人类, 困难)-F 奖励",2,10016,1,2500,10116,1,5000,10017,1,7500,10117,1,10000,,,,,,,,,,,,,,,,,,
14140,4071,"火龙巢穴 (兽族, 困难)-SSS 奖励",5,81125,1,1850,81126,1,8695,2080621,1,8770,2080622,1,8845,2080631,1,9123,2080632,1,9401,83109,1,9501,82016,1,10000,,,,,,
14141,4071,"火龙巢穴 (兽族, 困难)-SS 奖励",5,81125,1,4625,81126,1,8926,2080621,1,9114,2080622,1,9302,2080631,1,9476,2080632,1,9650,83109,1,9700,82016,1,10000,,,,,,
14142,4071,"火龙巢穴 (兽族, 困难)-S 奖励",4,81125,1,6475,81126,1,9148,2080621,1,9411,2080622,1,9674,2080631,1,9782,2080632,1,9890,83109,1,9900,82016,1,10000,,,,,,
14143,4071,"火龙巢穴 (兽族, 困难)-A 奖励",3,81124,1,3000,10016,30,4800,10116,30,6500,10017,30,8300,10117,30,10000,,,,,,,,,,,,,,,
14144,4071,"火龙巢穴 (兽族, 困难)-B 奖励",3,81124,1,1000,10016,15,3300,10116,15,5500,10017,15,7800,10117,15,10000,,,,,,,,,,,,,,,
14145,4071,"火龙巢穴 (兽族, 困难)-F 奖励",2,10016,1,2500,10116,1,5000,10017,1,7500,10117,1,10000,,,,,,,,,,,,,,,,,,
14210,4072,"火龙巢穴 (人类, 极困难)-SSS 奖励",5,81026,1,6938,2080631,1,7219,2080632,1,7500,115700,1,7750,115701,1,8000,83009,1,8500,82016,1,10000,,,,,,,,,
14211,4072,"火龙巢穴 (人类, 极困难)-SS 奖励",5,81025,1,1758,81026,1,7771,2080621,1,7842,2080622,1,7913,2080631,1,8157,2080632,1,8401,115700,1,8551,115701,1,8701,83009,1,9001,82016,1,10000
14212,4072,"火龙巢穴 (人类, 极困难)-S 奖励",4,81025,1,3515,81026,1,8603,2080621,1,8746,2080622,1,8889,2080631,1,9095,2080632,1,9301,115700,1,9351,115701,1,9401,83009,1,9501,82016,1,10000
14213,4072,"火龙巢穴 (人类, 极困难)-A 奖励",3,81024,1,4000,10016,40,5500,10116,40,7000,10017,40,8500,10117,40,10000,,,,,,,,,,,,,,,
14214,4072,"火龙巢穴 (人类, 极困难)-B 奖励",3,81024,1,1500,10016,20,3625,10116,20,5750,10017,20,7875,10117,20,10000,,,,,,,,,,,,,,,
14215,4072,"火龙巢穴 (人类, 极困难)-F 奖励",2,10016,1,2500,10116,1,5000,10017,1,7500,10117,1,10000,,,,,,,,,,,,,,,,,,
14240,4072,"火龙巢穴 (兽族, 极困难)-SSS 奖励",5,81126,1,6938,2080631,1,7219,2080632,1,7500,115700,1,7750,115701,1,8000,83109,1,8500,82016,1,10000,,,,,,,,,
14241,4072,"火龙巢穴 (兽族, 极困难)-SS 奖励",5,81125,1,1758,81126,1,7771,2080621,1,7842,2080622,1,7913,2080631,1,8157,2080632,1,8401,115700,1,8551,115701,1,8701,83109,1,9001,82016,1,10000
14242,4072,"火龙巢穴 (兽族, 极困难)-S 奖励",4,81125,1,3515,81126,1,8603,2080621,1,8746,2080622,1,8889,2080631,1,9095,2080632,1,9301,115700,1,9351,115701,1,9401,83109,1,9501,82016,1,10000
14243,4072,"火龙巢穴 (兽族, 极困难)-A 奖励",3,81124,1,4000,10016,40,5500,10116,40,7000,10017,40,8500,10117,40,10000,,,,,,,,,,,,,,,
14244,4072,"火龙巢穴 (兽族, 极困难)-B 奖励",3,81124,1,1500,10016,20,3625,10116,20,5750,10017,20,7875,10117,20,10000,,,,,,,,,,,,,,,
14245,4072,"火龙巢穴 (兽族, 极困难)-F 奖励",2,10016,1,2500,10116,1,5000,10017,1,7500,10117,1,10000,,,,,,,,,,,,,,,,,,
14310,4073,"火龙巢穴 (人类, 炼狱)-SSS 奖励",5,0,0,0,0,0,0,0,0,0,0,0,0,0,0,0,0,0,0,0,0,0,0,0,0,0,0,0,0,0,0
14311,4073,"火龙巢穴 (人类, 炼狱)-SS 奖励",5,0,0,0,0,0,0,0,0,0,0,0,0,0,0,0,0,0,0,0,0,0,0,0,0,0,0,0,0,0,0
14312,4073,"火龙巢穴 (人类, 炼狱)-S 奖励",4,0,0,0,0,0,0,0,0,0,0,0,0,0,0,0,0,0,0,0,0,0,0,0,0,0,0,0,0,0,0
14313,4073,"火龙巢穴 (人类, 炼狱)-A 奖励",3,0,0,0,0,0,0,0,0,0,0,0,0,0,0,0,0,0,0,0,0,0,0,0,0,0,0,0,0,0,0
14314,4073,"火龙巢穴 (人类, 炼狱)-B 奖励",3,0,0,0,0,0,0,0,0,0,0,0,0,0,0,0,0,0,0,0,0,0,0,0,0,0,0,0,0,0,0
14315,4073,"火龙巢穴 (人类, 炼狱)-F 奖励",2,0,0,0,0,0,0,0,0,0,0,0,0,0,0,0,0,0,0,0,0,0,0,0,0,0,0,0,0,0,0
14340,4073,"火龙巢穴 (兽族, 炼狱)-SSS 奖励",5,0,0,0,0,0,0,0,0,0,0,0,0,0,0,0,0,0,0,0,0,0,0,0,0,0,0,0,0,0,0
14341,4073,"火龙巢穴 (兽族, 炼狱)-SS 奖励",5,0,0,0,0,0,0,0,0,0,0,0,0,0,0,0,0,0,0,0,0,0,0,0,0,0,0,0,0,0,0
14342,4073,"火龙巢穴 (兽族, 炼狱)-S 奖励",4,0,0,0,0,0,0,0,0,0,0,0,0,0,0,0,0,0,0,0,0,0,0,0,0,0,0,0,0,0,0
14343,4073,"火龙巢穴 (兽族, 炼狱)-A 奖励",3,0,0,0,0,0,0,0,0,0,0,0,0,0,0,0,0,0,0,0,0,0,0,0,0,0,0,0,0,0,0
14344,4073,"火龙巢穴 (兽族, 炼狱)-B 奖励",3,0,0,0,0,0,0,0,0,0,0,0,0,0,0,0,0,0,0,0,0,0,0,0,0,0,0,0,0,0,0
14345,4073,"火龙巢穴 (兽族, 炼狱)-F 奖励",2,0,0,0,0,0,0,0,0,0,0,0,0,0,0,0,0,0,0,0,0,0,0,0,0,0,0,0,0,0,0
15010,4080,"恶鬼峡谷 (人类, 普通)-SSS 奖励",5,9070,1,4400,2151231,1,5332,2151232,1,6264,2154231,1,7195,2154232,1,8127,2157231,1,9058,2157232,1,9990,83010,1,10000,0,0,0,0,0,0
15011,4080,"恶鬼峡谷 (人类, 普通)-SS 奖励",5,9070,1,5900,2151231,1,6583,2151232,1,7265,2154231,1,7948,2154232,1,8630,2157231,1,9313,2157232,1,9995,82016,2,10000,0,0,0,0,0,0
15012,4080,"恶鬼峡谷 (人类, 普通)-S 奖励",4,9070,1,7400,2151231,1,7834,2151232,1,8267,2154231,1,8700,2154232,1,9133,2157231,1,9566,2157232,1,9999,82016,1,10000,0,0,0,0,0,0
15013,4080,"恶鬼峡谷 (人类, 普通)-A 奖励",3,9070,1,8900,2151221,1,9084,2151222,1,9267,2154221,1,9450,2154222,1,9634,2157221,1,9817,2157222,1,10000,0,0,0,0,0,0,0,0,0
15014,4080,"恶鬼峡谷 (人类, 普通)-B 奖励",3,9070,1,9200,2151221,1,9334,2151222,1,9467,2154221,1,9600,2154222,1,9734,2157221,1,9867,2157222,1,10000,0,0,0,0,0,0,0,0,0
15015,4080,"恶鬼峡谷 (人类, 普通)-F 奖励",2,9070,1,9500,10016,1,9625,10116,1,9750,10017,1,9875,10117,1,10000,0,0,0,0,0,0,0,0,0,0,0,0,0,0,0
15040,4080,"恶鬼峡谷 (兽族,普通)-SSS 奖励",5,9070,1,4400,2451231,1,5332,2451232,1,6264,2454231,1,7195,2454232,1,8127,2457231,1,9058,2457232,1,9990,83110,1,10000,0,0,0,0,0,0
15041,4080,"恶鬼峡谷 (兽族,普通)-SS 奖励",5,9070,1,5900,2451231,1,6583,2451232,1,7265,2454231,1,7948,2454232,1,8630,2457231,1,9313,2457232,1,9995,82016,2,10000,0,0,0,0,0,0
15042,4080,"恶鬼峡谷 (兽族,普通)-S 奖励",4,9070,1,7400,2451231,1,7834,2451232,1,8267,2454231,1,8700,2454232,1,9133,2457231,1,9566,2457232,1,9999,82016,1,10000,0,0,0,0,0,0
15043,4080,"恶鬼峡谷 (兽族,普通)-A 奖励",3,9070,1,8900,2451221,1,9084,2451222,1,9267,2454221,1,9450,2454222,1,9634,2457221,1,9817,2457222,1,10000,0,0,0,0,0,0,0,0,0
15044,4080,"恶鬼峡谷 (兽族,普通)-B 奖励",3,9070,1,9200,2451221,1,9334,2451222,1,9467,2454221,1,9600,2454222,1,9734,2457221,1,9867,2457222,1,10000,0,0,0,0,0,0,0,0,0
15045,4080,"恶鬼峡谷 (兽族,普通)-F 奖励",2,9070,1,9500,10016,1,9625,10116,1,9750,10017,1,9875,10117,1,10000,0,0,0,0,0,0,0,0,0,0,0,0,0,0,0
15110,4081,"恶鬼峡谷 (人类, 困难)-SSS 奖励",5,9070,1,3500,2111231,1,4310,2111232,1,5120,2114231,1,5930,2114232,1,6740,2117231,1,7550,2117232,1,8360,2080731,1,9170,2080732,1,9980,83010,1,10000
15111,4081,"恶鬼峡谷 (人类, 困难)-SS 奖励",5,9070,1,5500,2111231,1,6062,2111232,1,6623,2114231,1,7184,2114232,1,7745,2117231,1,8307,2117232,1,8868,2080731,1,9429,2080732,1,9990,82016,2,10000
15112,4081,"恶鬼峡谷 (人类, 困难)-S 奖励",4,9070,1,7000,2111231,1,7375,2111232,1,7750,2114231,1,8124,2114232,1,8499,2117231,1,8874,2117232,1,9248,2080731,1,9623,2080732,1,9998,82016,1,10000
15113,4081,"恶鬼峡谷 (人类, 困难)-A 奖励",3,9070,1,8500,2111221,1,8688,2111222,1,8875,2114221,1,9063,2114222,1,9250,2117221,1,9438,2117222,1,9625,2080721,1,9813,2080722,1,10000,0,0,0
15114,4081,"恶鬼峡谷 (人类, 困难)-B 奖励",3,9070,1,9000,2111221,1,9125,2111222,1,9250,2114221,1,9375,2114222,1,9500,2117221,1,9625,2117222,1,9750,2080721,1,9875,2080722,1,10000,0,0,0
15115,4081,"恶鬼峡谷 (人类, 困难)-F 奖励",2,9070,1,9500,10016,1,9625,10116,1,9750,10017,1,9875,10117,1,10000,0,0,0,0,0,0,0,0,0,0,0,0,0,0,0
15140,4081,"恶鬼峡谷 (兽族, 困难)-SSS 奖励",5,9070,1,3500,2411231,1,4310,2411232,1,5120,2414231,1,5930,2414232,1,6740,2417231,1,7550,2417232,1,8360,2080731,1,9170,2080732,1,9980,83110,1,10000
15141,4081,"恶鬼峡谷 (兽族, 困难)-SS 奖励",5,9070,1,5500,2411231,1,6062,2411232,1,6623,2414231,1,7184,2414232,1,7745,2417231,1,8307,2417232,1,8868,2080731,1,9429,2080732,1,9990,82016,2,10000
15142,4081,"恶鬼峡谷 (兽族, 困难)-S 奖励",4,9070,1,7000,2411231,1,7375,2411232,1,7750,2414231,1,8124,2414232,1,8499,2417231,1,8874,2417232,1,9248,2080731,1,9623,2080732,1,9998,82016,1,10000
15143,4081,"恶鬼峡谷 (兽族, 困难)-A 奖励",3,9070,1,8500,2411221,1,8688,2411222,1,8875,2414221,1,9063,2414222,1,9250,2417221,1,9438,2417222,1,9625,2080721,1,9813,2080722,1,10000,0,0,0
15144,4081,"恶鬼峡谷 (兽族, 困难)-B 奖励",3,9070,1,9000,2411221,1,9125,2411222,1,9250,2414221,1,9375,2414222,1,9500,2417221,1,9625,2417222,1,9750,2080721,1,9875,2080722,1,10000,0,0,0
15145,4081,"恶鬼峡谷 (兽族, 困难)-F 奖励",2,9070,1,9500,10016,1,9625,10116,1,9750,10017,1,9875,10117,1,10000,0,0,0,0,0,0,0,0,0,0,0,0,0,0,0
15210,4082,"恶鬼峡谷 (人类, 极困难)-SSS 奖励",5,40301,1,2500,1021931,1,3543,1031931,1,4586,1111931,1,5629,1121931,1,6671,1131931,1,7714,2161231,1,8757,2161232,1,9800,83011,1,10000,0,0,0
15211,4082,"恶鬼峡谷 (人类, 极困难)-SS 奖励",5,9070,1,4500,1021931,1,5272,1031931,1,6043,1111931,1,6815,1121931,1,7586,1131931,1,8357,2161231,1,9129,2161232,1,9900,82016,2,10000,0,0,0
15212,4082,"恶鬼峡谷 (人类, 极困难)-S 奖励",4,9070,1,6500,1021931,1,7000,1031931,1,7499,1111931,1,7999,1121931,1,8498,1131931,1,8998,2161231,1,9497,2161232,1,9997,82016,1,10000,0,0,0
15213,4082,"恶鬼峡谷 (人类, 极困难)-A 奖励",3,9070,1,8500,1021921,1,8715,1031921,1,8929,1111921,1,9143,1121921,1,9358,1131921,1,9572,2161221,1,9786,2161222,1,10000,0,0,0,0,0,0
15214,4082,"恶鬼峡谷 (人类, 极困难)-B 奖励",3,9070,1,9000,1021921,1,9143,1031921,1,9286,1111921,1,9429,1121921,1,9572,1131921,1,9715,2161221,1,9858,2161222,1,10000,0,0,0,0,0,0
15215,4082,"恶鬼峡谷 (人类, 极困难)-F 奖励",2,9070,1,9500,10016,1,9625,10116,1,9750,10017,1,9875,10117,1,10000,0,0,0,0,0,0,0,0,0,0,0,0,0,0,0
15240,4082,"恶鬼峡谷 (兽族, 极困难)-SSS 奖励",5,40301,1,2500,1026931,1,3543,1011931,1,4586,1041931,1,5629,1051931,1,6671,1141931,1,7714,2461231,1,8757,2461232,1,9800,83111,1,10000,0,0,0
15241,4082,"恶鬼峡谷 (兽族, 极困难)-SS 奖励",5,9070,1,4500,1026931,1,5272,1011931,1,6043,1041931,1,6815,1051931,1,7586,1141931,1,8357,2461231,1,9129,2461232,1,9900,82016,2,10000,0,0,0
15242,4082,"恶鬼峡谷 (兽族, 极困难)-S 奖励",4,9070,1,6500,1026931,1,7000,1011931,1,7499,1041931,1,7999,1051931,1,8498,1141931,1,8998,2461231,1,9497,2461232,1,9997,82016,1,10000,0,0,0
15243,4082,"恶鬼峡谷 (兽族, 极困难)-A 奖励",3,9070,1,8500,1026921,1,8715,1011921,1,8929,1041921,1,9143,1051921,1,9358,1141921,1,9572,2461221,1,9786,2461222,1,10000,0,0,0,0,0,0
15244,4082,"恶鬼峡谷 (兽族, 极困难)-B 奖励",3,9070,1,9000,1026921,1,9143,1011921,1,9286,1041921,1,9429,1051921,1,9572,1141921,1,9715,2461221,1,9858,2461222,1,10000,0,0,0,0,0,0
15245,4082,"恶鬼峡谷 (兽族, 极困难)-F 奖励",2,9070,1,9500,10016,1,9625,10116,1,9750,10017,1,9875,10117,1,10000,0,0,0,0,0,0,0,0,0,0,0,0,0,0,0
15310,4083,"恶鬼峡谷 (人类, 炼狱)-SSS 奖励",5,0,0,0,0,0,0,0,0,0,0,0,0,0,0,0,0,0,0,0,0,0,0,0,0,0,0,0,0,0,0
15311,4083,"恶鬼峡谷 (人类, 炼狱)-SS 奖励",5,0,0,0,0,0,0,0,0,0,0,0,0,0,0,0,0,0,0,0,0,0,0,0,0,0,0,0,0,0,0
15312,4083,"恶鬼峡谷 (人类, 炼狱)-S 奖励",4,0,0,0,0,0,0,0,0,0,0,0,0,0,0,0,0,0,0,0,0,0,0,0,0,0,0,0,0,0,0
15313,4083,"恶鬼峡谷 (人类, 炼狱)-A 奖励",3,0,0,0,0,0,0,0,0,0,0,0,0,0,0,0,0,0,0,0,0,0,0,0,0,0,0,0,0,0,0
15314,4083,"恶鬼峡谷 (人类, 炼狱)-B 奖励",3,0,0,0,0,0,0,0,0,0,0,0,0,0,0,0,0,0,0,0,0,0,0,0,0,0,0,0,0,0,0
15315,4083,"恶鬼峡谷 (人类, 炼狱)-F 奖励",2,0,0,0,0,0,0,0,0,0,0,0,0,0,0,0,0,0,0,0,0,0,0,0,0,0,0,0,0,0,0
15340,4083,"恶鬼峡谷 (兽族, 炼狱)-SSS 奖励",5,0,0,0,0,0,0,0,0,0,0,0,0,0,0,0,0,0,0,0,0,0,0,0,0,0,0,0,0,0,0
15341,4083,"恶鬼峡谷 (兽族, 炼狱)-SS 奖励",5,0,0,0,0,0,0,0,0,0,0,0,0,0,0,0,0,0,0,0,0,0,0,0,0,0,0,0,0,0,0
15342,4083,"恶鬼峡谷 (兽族, 炼狱)-S 奖励",4,0,0,0,0,0,0,0,0,0,0,0,0,0,0,0,0,0,0,0,0,0,0,0,0,0,0,0,0,0,0
15343,4083,"恶鬼峡谷 (兽族, 炼狱)-A 奖励",3,0,0,0,0,0,0,0,0,0,0,0,0,0,0,0,0,0,0,0,0,0,0,0,0,0,0,0,0,0,0
15344,4083,"恶鬼峡谷 (兽族, 炼狱)-B 奖励",3,0,0,0,0,0,0,0,0,0,0,0,0,0,0,0,0,0,0,0,0,0,0,0,0,0,0,0,0,0,0
15345,4083,"恶鬼峡谷 (兽族, 炼狱)-F 奖励",2,0,0,0,0,0,0,0,0,0,0,0,0,0,0,0,0,0,0,0,0,0,0,0,0,0,0,0,0,0,0
16010,4090,"黑暗要塞 (人类, 普通)-SSS 奖励",5,9070,1,4400,2151331,1,5332,2151332,1,6264,2154331,1,7195,2154332,1,8127,2157331,1,9058,2157332,1,9990,83012,1,10000,0,0,0,0,0,0
16011,4090,"黑暗要塞 (人类, 普通)-SS 奖励",5,9070,1,5900,2151331,1,6583,2151332,1,7265,2154331,1,7948,2154332,1,8630,2157331,1,9313,2157332,1,9995,82016,2,10000,0,0,0,0,0,0
16012,4090,"黑暗要塞 (人类, 普通)-S 奖励",4,9070,1,7400,2151331,1,7834,2151332,1,8267,2154331,1,8700,2154332,1,9133,2157331,1,9566,2157332,1,9999,82016,1,10000,0,0,0,0,0,0
16013,4090,"黑暗要塞 (人类, 普通)-A 奖励",3,9070,1,8900,2151321,1,9084,2151322,1,9267,2154321,1,9450,2154322,1,9634,2157321,1,9817,2157322,1,10000,0,0,0,0,0,0,0,0,0
16014,4090,"黑暗要塞 (人类, 普通)-B 奖励",3,9070,1,9200,2151321,1,9334,2151322,1,9467,2154321,1,9600,2154322,1,9734,2157321,1,9867,2157322,1,10000,0,0,0,0,0,0,0,0,0
16015,4090,"黑暗要塞 (人类, 普通)-F 奖励",2,9070,1,9500,10020,1,9625,10120,1,9750,10021,1,9875,10121,1,10000,0,0,0,0,0,0,0,0,0,0,0,0,0,0,0
16040,4090,"黑暗要塞 (兽族,普通)-SSS 奖励",5,9070,1,4400,2451331,1,5332,2451332,1,6264,2454331,1,7195,2454332,1,8127,2457331,1,9058,2457332,1,9990,83112,1,10000,0,0,0,0,0,0
16041,4090,"黑暗要塞 (兽族,普通)-SS 奖励",5,9070,1,5900,2451331,1,6583,2451332,1,7265,2454331,1,7948,2454332,1,8630,2457331,1,9313,2457332,1,9995,82016,2,10000,0,0,0,0,0,0
16042,4090,"黑暗要塞 (兽族,普通)-S 奖励",4,9070,1,7400,2451331,1,7834,2451332,1,8267,2454331,1,8700,2454332,1,9133,2457331,1,9566,2457332,1,9999,82016,1,10000,0,0,0,0,0,0
16043,4090,"黑暗要塞 (兽族,普通)-A 奖励",3,9070,1,8900,2451321,1,9084,2451322,1,9267,2454321,1,9450,2454322,1,9634,2457321,1,9817,2457322,1,10000,0,0,0,0,0,0,0,0,0
16044,4090,"黑暗要塞 (兽族,普通)-B 奖励",3,9070,1,9200,2451321,1,9334,2451322,1,9467,2454321,1,9600,2454322,1,9734,2457321,1,9867,2457322,1,10000,0,0,0,0,0,0,0,0,0
16045,4090,"黑暗要塞 (兽族,普通)-F 奖励",2,9070,1,9500,10020,1,9625,10120,1,9750,10021,1,9875,10121,1,10000,0,0,0,0,0,0,0,0,0,0,0,0,0,0,0
16110,4091,"黑暗要塞 (人类, 困难)-SSS 奖励",5,9070,1,3500,2111331,1,4426,2111332,1,5352,2114331,1,6277,2114332,1,7203,2117331,1,8129,2117332,1,9054,83012,1,9980,83013,1,10000,0,0,0
16111,4091,"黑暗要塞 (人类, 困难)-SS 奖励",5,9070,1,5500,2111331,1,6249,2111332,1,6997,2114331,1,7745,2114332,1,8494,2117331,1,9242,2117332,1,9990,82016,2,10000,0,0,0,0,0,0
16112,4091,"黑暗要塞 (人类, 困难)-S 奖励",4,9070,1,7000,2111331,1,7500,2111332,1,8000,2114331,1,8499,2114332,1,8999,2117331,1,9498,2117332,1,9998,82016,1,10000,0,0,0,0,0,0
16113,4091,"黑暗要塞 (人类, 困难)-A 奖励",3,9070,1,8500,2111321,1,8750,2111322,1,9000,2114321,1,9250,2114322,1,9500,2117321,1,9750,2117322,1,10000,0,0,0,0,0,0,0,0,0
16114,4091,"黑暗要塞 (人类, 困难)-B 奖励",3,9070,1,9000,2111321,1,9167,2111322,1,9334,2114321,1,9500,2114322,1,9667,2117321,1,9834,2117322,1,10000,0,0,0,0,0,0,0,0,0
16115,4091,"黑暗要塞 (人类, 困难)-F 奖励",2,9070,1,9500,10020,1,9625,10120,1,9750,10021,1,9875,10121,1,10000,0,0,0,0,0,0,0,0,0,0,0,0,0,0,0
16140,4091,"黑暗要塞 (兽族, 困难)-SSS 奖励",5,9070,1,3500,2411331,1,4426,2411332,1,5352,2414331,1,6277,2414332,1,7203,2417331,1,8129,2417332,1,9054,83112,1,9980,83113,1,10000,0,0,0
16141,4091,"黑暗要塞 (兽族, 困难)-SS 奖励",5,9070,1,5500,2411331,1,6249,2411332,1,6997,2414331,1,7745,2414332,1,8494,2417331,1,9242,2417332,1,9990,82016,2,10000,0,0,0,0,0,0
16142,4091,"黑暗要塞 (兽族, 困难)-S 奖励",4,9070,1,7000,2411331,1,7500,2411332,1,8000,2414331,1,8499,2414332,1,8999,2417331,1,9498,2417332,1,9998,82016,1,10000,0,0,0,0,0,0
16143,4091,"黑暗要塞 (兽族, 困难)-A 奖励",3,9070,1,8500,2411321,1,8750,2411322,1,9000,2414321,1,9250,2414322,1,9500,2417321,1,9750,2417322,1,10000,0,0,0,0,0,0,0,0,0
16144,4091,"黑暗要塞 (兽族, 困难)-B 奖励",3,9070,1,9000,2411321,1,9167,2411322,1,9334,2414321,1,9500,2414322,1,9667,2417321,1,9834,2417322,1,10000,0,0,0,0,0,0,0,0,0
16145,4091,"黑暗要塞 (兽族, 困难)-F 奖励",2,9070,1,9500,10020,1,9625,10120,1,9750,10021,1,9875,10121,1,10000,0,0,0,0,0,0,0,0,0,0,0,0,0,0,0
16210,4092,"黑暗要塞 (人类, 极困难)-SSS 奖励",5,40301,1,2500,1022031,1,3543,1032031,1,4586,1112031,1,5629,1122031,1,6671,1132031,1,7714,2161331,1,8757,2161332,1,9800,83013,1,10000,0,0,0
16211,4092,"黑暗要塞 (人类, 极困难)-SS 奖励",5,9070,1,4500,1022031,1,5272,1032031,1,6043,1112031,1,6815,1122031,1,7586,1132031,1,8357,2161331,1,9129,2161332,1,9900,82016,2,10000,0,0,0
16212,4092,"黑暗要塞 (人类, 极困难)-S 奖励",4,9070,1,6500,1022031,1,7000,1032031,1,7499,1112031,1,7999,1122031,1,8498,1132031,1,8998,2161331,1,9497,2161332,1,9997,82016,1,10000,0,0,0
16213,4092,"黑暗要塞 (人类, 极困难)-A 奖励",3,9070,1,8500,1022021,1,8715,1032021,1,8929,1112021,1,9143,1122021,1,9358,1132021,1,9572,2161321,1,9786,2161322,1,10000,0,0,0,0,0,0
16214,4092,"黑暗要塞 (人类, 极困难)-B 奖励",3,9070,1,9000,1022021,1,9143,1032021,1,9286,1112021,1,9429,1122021,1,9572,1132021,1,9715,2161321,1,9858,2161322,1,10000,0,0,0,0,0,0
16215,4092,"黑暗要塞 (人类, 极困难)-F 奖励",2,9070,1,9500,10020,1,9625,10120,1,9750,10021,1,9875,10121,1,10000,0,0,0,0,0,0,0,0,0,0,0,0,0,0,0
16240,4092,"黑暗要塞 (兽族, 极困难)-SSS 奖励",5,40301,1,2500,1027031,1,3543,1012031,1,4586,1042031,1,5629,1052031,1,6671,1142031,1,7714,2461331,1,8757,2461332,1,9800,83113,1,10000,0,0,0
16241,4092,"黑暗要塞 (兽族, 极困难)-SS 奖励",5,9070,1,4500,1027031,1,5272,1012031,1,6043,1042031,1,6815,1052031,1,7586,1142031,1,8357,2461331,1,9129,2461332,1,9900,82016,2,10000,0,0,0
16242,4092,"黑暗要塞 (兽族, 极困难)-S 奖励",4,9070,1,6500,1027031,1,7000,1012031,1,7499,1042031,1,7999,1052031,1,8498,1142031,1,8998,2461331,1,9497,2461332,1,9997,82016,1,10000,0,0,0
16243,4092,"黑暗要塞 (兽族, 极困难)-A 奖励",3,9070,1,8500,1027021,1,8715,1012021,1,8929,1042021,1,9143,1052021,1,9358,1142021,1,9572,2461321,1,9786,2461322,1,10000,0,0,0,0,0,0
16244,4092,"黑暗要塞 (兽族, 极困难)-B 奖励",3,9070,1,9000,1027021,1,9143,1012021,1,9286,1042021,1,9429,1052021,1,9572,1142021,1,9715,2461321,1,9858,2461322,1,10000,0,0,0,0,0,0
16245,4092,"黑暗要塞 (兽族, 极困难)-F 奖励",2,9070,1,9500,10020,1,9625,10120,1,9750,10021,1,9875,10121,1,10000,0,0,0,0,0,0,0,0,0,0,0,0,0,0,0
16310,4093,"黑暗要塞 (人类, 炼狱)-SSS 奖励",5,0,0,0,0,0,0,0,0,0,0,0,0,0,0,0,0,0,0,0,0,0,0,0,0,0,0,0,0,0,0
16311,4093,"黑暗要塞 (人类, 炼狱)-SS 奖励",5,0,0,0,0,0,0,0,0,0,0,0,0,0,0,0,0,0,0,0,0,0,0,0,0,0,0,0,0,0,0
16312,4093,"黑暗要塞 (人类, 炼狱)-S 奖励",4,0,0,0,0,0,0,0,0,0,0,0,0,0,0,0,0,0,0,0,0,0,0,0,0,0,0,0,0,0,0
16313,4093,"黑暗要塞 (人类, 炼狱)-A 奖励",3,0,0,0,0,0,0,0,0,0,0,0,0,0,0,0,0,0,0,0,0,0,0,0,0,0,0,0,0,0,0
16314,4093,"黑暗要塞 (人类, 炼狱)-B 奖励",3,0,0,0,0,0,0,0,0,0,0,0,0,0,0,0,0,0,0,0,0,0,0,0,0,0,0,0,0,0,0
16315,4093,"黑暗要塞 (人类, 炼狱)-F 奖励",2,0,0,0,0,0,0,0,0,0,0,0,0,0,0,0,0,0,0,0,0,0,0,0,0,0,0,0,0,0,0
16340,4093,"黑暗要塞 (兽族, 炼狱)-SSS 奖励",5,0,0,0,0,0,0,0,0,0,0,0,0,0,0,0,0,0,0,0,0,0,0,0,0,0,0,0,0,0,0
16341,4093,"黑暗要塞 (兽族, 炼狱)-SS 奖励",5,0,0,0,0,0,0,0,0,0,0,0,0,0,0,0,0,0,0,0,0,0,0,0,0,0,0,0,0,0,0
16342,4093,"黑暗要塞 (兽族, 炼狱)-S 奖励",4,0,0,0,0,0,0,0,0,0,0,0,0,0,0,0,0,0,0,0,0,0,0,0,0,0,0,0,0,0,0
16343,4093,"黑暗要塞 (兽族, 炼狱)-A 奖励",3,0,0,0,0,0,0,0,0,0,0,0,0,0,0,0,0,0,0,0,0,0,0,0,0,0,0,0,0,0,0
16344,4093,"黑暗要塞 (兽族, 炼狱)-B 奖励",3,0,0,0,0,0,0,0,0,0,0,0,0,0,0,0,0,0,0,0,0,0,0,0,0,0,0,0,0,0,0
16345,4093,"黑暗要塞 (兽族, 炼狱)-F 奖励",2,0,0,0,0,0,0,0,0,0,0,0,0,0,0,0,0,0,0,0,0,0,0,0,0,0,0,0,0,0,0
17010,4460,"战士们的圣地 (人类, 普通)-SSS 奖励",5,81021,1,925,81022,1,4625,81023,1,9250,2070511,1,9288,2070512,1,9326,2070521,1,9476,2070522,1,9626,2070531,1,9814,2070532,1,10000,,,
17011,4460,"战士们的圣地 (人类, 普通)-SS 奖励",5,81021,1,925,81022,1,5550,81023,1,9250,2070511,1,9288,2070512,1,9326,2070521,1,9514,2070522,1,9702,2070531,1,9852,2070532,1,10000,,,
17012,4460,"战士们的圣地 (人类, 普通)-S 奖励",4,81021,1,4625,81022,1,7400,81023,1,9250,2070511,1,9438,2070512,1,9626,2070521,1,9739,2070522,1,9852,2070531,1,9927,2070532,1,10000,,,
17013,4460,"战士们的圣地 (人类, 普通)-A 奖励",3,81021,1,2000,10016,20,4400,10116,20,6100,10017,20,8300,10117,20,10000,,,,,,,,,,,,,,,
17014,4460,"战士们的圣地 (人类, 普通)-B 奖励",3,81021,1,500,10016,10,3100,10116,10,5300,10017,10,7800,10117,10,10000,,,,,,,,,,,,,,,
17015,4460,"战士们的圣地 (人类, 普通)-F 奖励",2,10016,1,3000,10116,1,5000,10017,1,8000,10117,1,10000,,,,,,,,,,,,,,,,,,
17040,4460,"战士们的圣地 (兽族,普通)-SSS 奖励",5,81121,1,925,81122,1,4625,81123,1,9250,2070511,1,9288,2070512,1,9326,2070521,1,9476,2070522,1,9626,2070531,1,9814,2070532,1,10000,,,
17041,4460,"战士们的圣地 (兽族,普通)-SS 奖励",5,81121,1,925,81122,1,5550,81123,1,9250,2070511,1,9288,2070512,1,9326,2070521,1,9514,2070522,1,9702,2070531,1,9852,2070532,1,10000,,,
17042,4460,"战士们的圣地 (兽族,普通)-S 奖励",4,81121,1,4625,81122,1,7400,81123,1,9250,2070511,1,9438,2070512,1,9626,2070521,1,9739,2070522,1,9852,2070531,1,9927,2070532,1,10000,,,
17043,4460,"战士们的圣地 (兽族,普通)-A 奖励",3,81121,1,2000,10016,20,4400,10116,20,6100,10017,20,8300,10117,20,10000,,,,,,,,,,,,,,,
17044,4460,"战士们的圣地 (兽族,普通)-B 奖励",3,81121,1,500,10016,10,3100,10116,10,5300,10017,10,7800,10117,10,10000,,,,,,,,,,,,,,,
17045,4460,"战士们的圣地 (兽族,普通)-F 奖励",2,10016,1,3000,10116,1,5000,10017,1,8000,10117,1,10000,,,,,,,,,,,,,,,,,,
17110,4461,"战士们的圣地 (人类, 困难)-SSS 奖励",5,81022,1,1850,81023,1,8695,2070521,1,8770,2070522,1,8845,2070531,1,9123,2070532,1,9401,83007,1,9501,82016,1,10000,,,,,,
17111,4461,"战士们的圣地 (人类, 困难)-SS 奖励",5,81022,1,4625,81023,1,8926,2070521,1,9114,2070522,1,9302,2070531,1,9476,2070532,1,9650,83007,1,9700,82016,1,10000,,,,,,
17112,4461,"战士们的圣地 (人类, 困难)-S 奖励",4,81022,1,6475,81023,1,9148,2070521,1,9411,2070522,1,9674,2070531,1,9782,2070532,1,9890,83007,1,9900,82016,1,10000,,,,,,
17113,4461,"战士们的圣地 (人类, 困难)-A 奖励",3,81021,1,3000,10016,30,4800,10116,30,6500,10017,30,8300,10117,30,10000,,,,,,,,,,,,,,,
17114,4461,"战士们的圣地 (人类, 困难)-B 奖励",3,81021,1,1000,10016,15,3300,10116,15,5500,10017,15,7800,10117,15,10000,,,,,,,,,,,,,,,
17115,4461,"战士们的圣地 (人类, 困难)-F 奖励",2,10016,1,2500,10116,1,5000,10017,1,7500,10117,1,10000,,,,,,,,,,,,,,,,,,
17140,4461,"战士们的圣地 (兽族, 困难)-SSS 奖励",5,81122,1,1850,81123,1,8695,2070521,1,8770,2070522,1,8845,2070531,1,9123,2070532,1,9401,83107,1,9501,82016,1,10000,,,,,,
17141,4461,"战士们的圣地 (兽族, 困难)-SS 奖励",5,81122,1,4625,81123,1,8926,2070521,1,9114,2070522,1,9302,2070531,1,9476,2070532,1,9650,83107,1,9700,82016,1,10000,,,,,,
17142,4461,"战士们的圣地 (兽族, 困难)-S 奖励",4,81122,1,6475,81123,1,9148,2070521,1,9411,2070522,1,9674,2070531,1,9782,2070532,1,9890,83107,1,9900,82016,1,10000,,,,,,
17143,4461,"战士们的圣地 (兽族, 困难)-A 奖励",3,81121,1,3000,10016,30,4800,10116,30,6500,10017,30,8300,10117,30,10000,,,,,,,,,,,,,,,
17144,4461,"战士们的圣地 (兽族, 困难)-B 奖励",3,81121,1,1000,10016,15,3300,10116,15,5500,10017,15,7800,10117,15,10000,,,,,,,,,,,,,,,
17145,4461,"战士们的圣地 (兽族, 困难)-F 奖励",2,10016,1,2500,10116,1,5000,10017,1,7500,10117,1,10000,,,,,,,,,,,,,,,,,,
17210,4462,"战士们的圣地 (人类, 极困难)-SSS 奖励",5,81023,1,6938,2070531,1,7219,2070532,1,7500,110600,1,7750,110601,1,8000,83007,1,8500,82016,1,10000,,,,,,,,,
17211,4462,"战士们的圣地 (人类, 极困难)-SS 奖励",5,81022,1,1758,81023,1,7771,2070521,1,7842,2070522,1,7913,2070531,1,8157,2070532,1,8401,110600,1,8551,110601,1,8701,83007,1,9001,82016,1,10000
17212,4462,"战士们的圣地 (人类, 极困难)-S 奖励",4,81022,1,3515,81023,1,8603,2070521,1,8746,2070522,1,8889,2070531,1,9095,2070532,1,9301,110600,1,9351,110601,1,9401,83007,1,9501,82016,1,10000
17213,4462,"战士们的圣地 (人类, 极困难)-A 奖励",3,81021,1,4000,10016,40,5500,10116,40,7000,10017,40,8500,10117,40,10000,,,,,,,,,,,,,,,
17214,4462,"战士们的圣地 (人类, 极困难)-B 奖励",3,81021,1,1500,10016,20,3625,10116,20,5750,10017,20,7875,10117,20,10000,,,,,,,,,,,,,,,
17215,4462,"战士们的圣地 (人类, 极困难)-F 奖励",2,10016,1,2500,10116,1,5000,10017,1,7500,10117,1,10000,,,,,,,,,,,,,,,,,,
17240,4462,"战士们的圣地 (兽族, 极困难)-SSS 奖励",5,81123,1,6938,2070531,1,7219,2070532,1,7500,110600,1,7750,110601,1,8000,83107,1,8500,82016,1,10000,,,,,,,,,
17241,4462,"战士们的圣地 (兽族, 极困难)-SS 奖励",5,81122,1,1758,81123,1,7771,2070521,1,7842,2070522,1,7913,2070531,1,8157,2070532,1,8401,110600,1,8551,110601,1,8701,83107,1,9001,82016,1,10000
17242,4462,"战士们的圣地 (兽族, 极困难)-S 奖励",4,81122,1,3515,81123,1,8603,2070521,1,8746,2070522,1,8889,2070531,1,9095,2070532,1,9301,110600,1,9351,110601,1,9401,83107,1,9501,82016,1,10000
17243,4462,"战士们的圣地 (兽族, 极困难)-A 奖励",3,81121,1,4000,10016,40,5500,10116,40,7000,10017,40,8500,10117,40,10000,,,,,,,,,,,,,,,
17244,4462,"战士们的圣地 (兽族, 极困难)-B 奖励",3,81121,1,1500,10016,20,3625,10116,20,5750,10017,20,7875,10117,20,10000,,,,,,,,,,,,,,,
17245,4462,"战士们的圣地 (兽族, 极困难)-F 奖励",2,10016,1,2500,10116,1,5000,10017,1,7500,10117,1,10000,,,,,,,,,,,,,,,,,,
17310,4463,"战士们的圣地 (人类, 炼狱)-SSS 奖励",5,0,0,0,0,0,0,0,0,0,0,0,0,0,0,0,0,0,0,0,0,0,0,0,0,0,0,0,0,0,0
17311,4463,"战士们的圣地 (人类, 炼狱)-SS 奖励",5,0,0,0,0,0,0,0,0,0,0,0,0,0,0,0,0,0,0,0,0,0,0,0,0,0,0,0,0,0,0
17312,4463,"战士们的圣地 (人类, 炼狱)-S 奖励",4,0,0,0,0,0,0,0,0,0,0,0,0,0,0,0,0,0,0,0,0,0,0,0,0,0,0,0,0,0,0
17313,4463,"战士们的圣地 (人类, 炼狱)-A 奖励",3,0,0,0,0,0,0,0,0,0,0,0,0,0,0,0,0,0,0,0,0,0,0,0,0,0,0,0,0,0,0
17314,4463,"战士们的圣地 (人类, 炼狱)-B 奖励",3,0,0,0,0,0,0,0,0,0,0,0,0,0,0,0,0,0,0,0,0,0,0,0,0,0,0,0,0,0,0
17315,4463,"战士们的圣地 (人类, 炼狱)-F 奖励",2,0,0,0,0,0,0,0,0,0,0,0,0,0,0,0,0,0,0,0,0,0,0,0,0,0,0,0,0,0,0
17340,4463,"战士们的圣地 (兽族, 炼狱)-SSS 奖励",5,0,0,0,0,0,0,0,0,0,0,0,0,0,0,0,0,0,0,0,0,0,0,0,0,0,0,0,0,0,0
17341,4463,"战士们的圣地 (兽族, 炼狱)-SS 奖励",5,0,0,0,0,0,0,0,0,0,0,0,0,0,0,0,0,0,0,0,0,0,0,0,0,0,0,0,0,0,0
17342,4463,"战士们的圣地 (兽族, 炼狱)-S 奖励",4,0,0,0,0,0,0,0,0,0,0,0,0,0,0,0,0,0,0,0,0,0,0,0,0,0,0,0,0,0,0
17343,4463,"战士们的圣地 (兽族, 炼狱)-A 奖励",3,0,0,0,0,0,0,0,0,0,0,0,0,0,0,0,0,0,0,0,0,0,0,0,0,0,0,0,0,0,0
17344,4463,"战士们的圣地 (兽族, 炼狱)-B 奖励",3,0,0,0,0,0,0,0,0,0,0,0,0,0,0,0,0,0,0,0,0,0,0,0,0,0,0,0,0,0,0
17345,4463,"战士们的圣地 (兽族, 炼狱)-F 奖励",2,0,0,0,0,0,0,0,0,0,0,0,0,0,0,0,0,0,0,0,0,0,0,0,0,0,0,0,0,0,0
18010,4470,"红顶火山洞穴 (人类, 普通)-SSS 奖励",5,81024,1,925,81025,1,4625,81026,1,9250,2070511,1,9288,2070512,1,9326,2070521,1,9476,2070522,1,9626,2070531,1,9814,2070532,1,10000,,,
18011,4470,"红顶火山洞穴 (人类, 普通)-SS 奖励",5,81024,1,925,81025,1,5550,81026,1,9250,2070511,1,9288,2070512,1,9326,2070521,1,9514,2070522,1,9702,2070531,1,9852,2070532,1,10000,,,
18012,4470,"红顶火山洞穴 (人类, 普通)-S 奖励",4,81024,1,4625,81025,1,7400,81026,1,9250,2070511,1,9438,2070512,1,9626,2070521,1,9739,2070522,1,9852,2070531,1,9927,2070532,1,10000,,,
18013,4470,"红顶火山洞穴 (人类, 普通)-A 奖励",3,81024,1,2000,10016,20,4400,10116,20,6100,10017,20,8300,10117,20,10000,,,,,,,,,,,,,,,
18014,4470,"红顶火山洞穴 (人类, 普通)-B 奖励",3,81024,1,500,10016,10,3100,10116,10,5300,10017,10,7800,10117,10,10000,,,,,,,,,,,,,,,
18015,4470,"红顶火山洞穴 (人类, 普通)-F 奖励",2,10016,1,3000,10116,1,5000,10017,1,8000,10117,1,10000,,,,,,,,,,,,,,,,,,
18040,4470,"红顶火山洞穴 (兽族,普通)-SSS 奖励",5,81124,1,925,81125,1,4625,81126,1,9250,2070511,1,9288,2070512,1,9326,2070521,1,9476,2070522,1,9626,2070531,1,9814,2070532,1,10000,,,
18041,4470,"红顶火山洞穴 (兽族,普通)-SS 奖励",5,81124,1,925,81125,1,5550,81126,1,9250,2070511,1,9288,2070512,1,9326,2070521,1,9514,2070522,1,9702,2070531,1,9852,2070532,1,10000,,,
18042,4470,"红顶火山洞穴 (兽族,普通)-S 奖励",4,81124,1,4625,81125,1,7400,81126,1,9250,2070511,1,9438,2070512,1,9626,2070521,1,9739,2070522,1,9852,2070531,1,9927,2070532,1,10000,,,
18043,4470,"红顶火山洞穴 (兽族,普通)-A 奖励",3,81124,1,2000,10016,20,4400,10116,20,6100,10017,20,8300,10117,20,10000,,,,,,,,,,,,,,,
18044,4470,"红顶火山洞穴 (兽族,普通)-B 奖励",3,81124,1,500,10016,10,3100,10116,10,5300,10017,10,7800,10117,10,10000,,,,,,,,,,,,,,,
18045,4470,"红顶火山洞穴 (兽族,普通)-F 奖励",2,10016,1,3000,10116,1,5000,10017,1,8000,10117,1,10000,,,,,,,,,,,,,,,,,,
18110,4471,"红顶火山洞穴 (人类, 困难)-SSS 奖励",5,81025,1,1850,81026,1,8695,2070521,1,8770,2070522,1,8845,2070531,1,9123,2070532,1,9401,83009,1,9501,82016,1,10000,,,,,,
18111,4471,"红顶火山洞穴 (人类, 困难)-SS 奖励",5,81025,1,4625,81026,1,8926,2070521,1,9114,2070522,1,9302,2070531,1,9476,2070532,1,9650,83009,1,9700,82016,1,10000,,,,,,
18112,4471,"红顶火山洞穴 (人类, 困难)-S 奖励",4,81025,1,6475,81026,1,9148,2070521,1,9411,2070522,1,9674,2070531,1,9782,2070532,1,9890,83009,1,9900,82016,1,10000,,,,,,
18113,4471,"红顶火山洞穴 (人类, 困难)-A 奖励",3,81024,1,3000,10016,30,4800,10116,30,6500,10017,30,8300,10117,30,10000,,,,,,,,,,,,,,,
18114,4471,"红顶火山洞穴 (人类, 困难)-B 奖励",3,81024,1,1000,10016,15,3300,10116,15,5500,10017,15,7800,10117,15,10000,,,,,,,,,,,,,,,
18115,4471,"红顶火山洞穴 (人类, 困难)-F 奖励",2,10016,1,2500,10116,1,5000,10017,1,7500,10117,1,10000,,,,,,,,,,,,,,,,,,
18140,4471,"红顶火山洞穴 (兽族, 困难)-SSS 奖励",5,81125,1,1850,81126,1,8695,2070521,1,8770,2070522,1,8845,2070531,1,9123,2070532,1,9401,83109,1,9501,82016,1,10000,,,,,,
18141,4471,"红顶火山洞穴 (兽族, 困难)-SS 奖励",5,81125,1,4625,81126,1,8926,2070521,1,9114,2070522,1,9302,2070531,1,9476,2070532,1,9650,83109,1,9700,82016,1,10000,,,,,,
18142,4471,"红顶火山洞穴 (兽族, 困难)-S 奖励",4,81125,1,6475,81126,1,9148,2070521,1,9411,2070522,1,9674,2070531,1,9782,2070532,1,9890,83109,1,9900,82016,1,10000,,,,,,
18143,4471,"红顶火山洞穴 (兽族, 困难)-A 奖励",3,81124,1,3000,10016,30,4800,10116,30,6500,10017,30,8300,10117,30,10000,,,,,,,,,,,,,,,
18144,4471,"红顶火山洞穴 (兽族, 困难)-B 奖励",3,81124,1,1000,10016,15,3300,10116,15,5500,10017,15,7800,10117,15,10000,,,,,,,,,,,,,,,
18145,4471,"红顶火山洞穴 (兽族, 困难)-F 奖励",2,10016,1,2500,10116,1,5000,10017,1,7500,10117,1,10000,,,,,,,,,,,,,,,,,,
18210,4472,"红顶火山洞穴 (人类, 极困难)-SSS 奖励",5,81026,1,6938,2070531,1,7219,2070532,1,7500,110700,1,7750,110701,1,8000,83009,1,8500,82016,1,10000,,,,,,,,,
18211,4472,"红顶火山洞穴 (人类, 极困难)-SS 奖励",5,81025,1,1758,81026,1,7771,2070521,1,7842,2070522,1,7913,2070531,1,8157,2070532,1,8401,110700,1,8551,110701,1,8701,83009,1,9001,82016,1,10000
18212,4472,"红顶火山洞穴 (人类, 极困难)-S 奖励",4,81025,1,3515,81026,1,8603,2070521,1,8746,2070522,1,8889,2070531,1,9095,2070532,1,9301,110700,1,9351,110701,1,9401,83009,1,9501,82016,1,10000
18213,4472,"红顶火山洞穴 (人类, 极困难)-A 奖励",3,81024,1,4000,10016,40,5500,10116,40,7000,10017,40,8500,10117,40,10000,,,,,,,,,,,,,,,
18214,4472,"红顶火山洞穴 (人类, 极困难)-B 奖励",3,81024,1,1500,10016,20,3625,10116,20,5750,10017,20,7875,10117,20,10000,,,,,,,,,,,,,,,
18215,4472,"红顶火山洞穴 (人类, 极困难)-F 奖励",2,10016,1,2500,10116,1,5000,10017,1,7500,10117,1,10000,,,,,,,,,,,,,,,,,,
18240,4472,"红顶火山洞穴 (兽族, 极困难)-SSS 奖励",5,81126,1,6938,2070531,1,7219,2070532,1,7500,110700,1,7750,110701,1,8000,83109,1,8500,82016,1,10000,,,,,,,,,
18241,4472,"红顶火山洞穴 (兽族, 极困难)-SS 奖励",5,81125,1,1758,81126,1,7771,2070521,1,7842,2070522,1,7913,2070531,1,8157,2070532,1,8401,110700,1,8551,110701,1,8701,83109,1,9001,82016,1,10000
18242,4472,"红顶火山洞穴 (兽族, 极困难)-S 奖励",4,81125,1,3515,81126,1,8603,2070521,1,8746,2070522,1,8889,2070531,1,9095,2070532,1,9301,110700,1,9351,110701,1,9401,83109,1,9501,82016,1,10000
18243,4472,"红顶火山洞穴 (兽族, 极困难)-A 奖励",3,81124,1,4000,10016,40,5500,10116,40,7000,10017,40,8500,10117,40,10000,,,,,,,,,,,,,,,
18244,4472,"红顶火山洞穴 (兽族, 极困难)-B 奖励",3,81124,1,1500,10016,20,3625,10116,20,5750,10017,20,7875,10117,20,10000,,,,,,,,,,,,,,,
18245,4472,"红顶火山洞穴 (兽族, 极困难)-F 奖励",2,10016,1,2500,10116,1,5000,10017,1,7500,10117,1,10000,,,,,,,,,,,,,,,,,,
18310,4473,"红顶火山洞穴 (人类, 炼狱)-SSS 奖励",5,0,0,0,0,0,0,0,0,0,0,0,0,0,0,0,0,0,0,0,0,0,0,0,0,0,0,0,0,0,0
18311,4473,"红顶火山洞穴 (人类, 炼狱)-SS 奖励",5,0,0,0,0,0,0,0,0,0,0,0,0,0,0,0,0,0,0,0,0,0,0,0,0,0,0,0,0,0,0
18312,4473,"红顶火山洞穴 (人类, 炼狱)-S 奖励",4,0,0,0,0,0,0,0,0,0,0,0,0,0,0,0,0,0,0,0,0,0,0,0,0,0,0,0,0,0,0
18313,4473,"红顶火山洞穴 (人类, 炼狱)-A 奖励",3,0,0,0,0,0,0,0,0,0,0,0,0,0,0,0,0,0,0,0,0,0,0,0,0,0,0,0,0,0,0
18314,4473,"红顶火山洞穴 (人类, 炼狱)-B 奖励",3,0,0,0,0,0,0,0,0,0,0,0,0,0,0,0,0,0,0,0,0,0,0,0,0,0,0,0,0,0,0
18315,4473,"红顶火山洞穴 (人类, 炼狱)-F 奖励",2,0,0,0,0,0,0,0,0,0,0,0,0,0,0,0,0,0,0,0,0,0,0,0,0,0,0,0,0,0,0
18340,4473,"红顶火山洞穴 (兽族, 炼狱)-SSS 奖励",5,0,0,0,0,0,0,0,0,0,0,0,0,0,0,0,0,0,0,0,0,0,0,0,0,0,0,0,0,0,0
18341,4473,"红顶火山洞穴 (兽族, 炼狱)-SS 奖励",5,0,0,0,0,0,0,0,0,0,0,0,0,0,0,0,0,0,0,0,0,0,0,0,0,0,0,0,0,0,0
18342,4473,"红顶火山洞穴 (兽族, 炼狱)-S 奖励",4,0,0,0,0,0,0,0,0,0,0,0,0,0,0,0,0,0,0,0,0,0,0,0,0,0,0,0,0,0,0
18343,4473,"红顶火山洞穴 (兽族, 炼狱)-A 奖励",3,0,0,0,0,0,0,0,0,0,0,0,0,0,0,0,0,0,0,0,0,0,0,0,0,0,0,0,0,0,0
18344,4473,"红顶火山洞穴 (兽族, 炼狱)-B 奖励",3,0,0,0,0,0,0,0,0,0,0,0,0,0,0,0,0,0,0,0,0,0,0,0,0,0,0,0,0,0,0
18345,4473,"红顶火山洞穴 (兽族, 炼狱)-F 奖励",2,0,0,0,0,0,0,0,0,0,0,0,0,0,0,0,0,0,0,0,0,0,0,0,0,0,0,0,0,0,0
19010,4480,"灰色半兽人村庄 (人类, 普通)-SSS 奖励",5,9070,1,4400,2131231,1,5332,2131232,1,6264,2134231,1,7195,2134232,1,8127,2137231,1,9058,2137232,1,9990,83010,1,10000,0,0,0,0,0,0
19011,4480,"灰色半兽人村庄 (人类, 普通)-SS 奖励",5,9070,1,5900,2131231,1,6583,2131232,1,7265,2134231,1,7948,2134232,1,8630,2137231,1,9313,2137232,1,9995,82016,2,10000,0,0,0,0,0,0
19012,4480,"灰色半兽人村庄 (人类, 普通)-S 奖励",4,9070,1,7400,2131231,1,7834,2131232,1,8267,2134231,1,8700,2134232,1,9133,2137231,1,9566,2137232,1,9999,82016,1,10000,0,0,0,0,0,0
19013,4480,"灰色半兽人村庄 (人类, 普通)-A 奖励",3,9070,1,8900,2131221,1,9084,2131222,1,9267,2134221,1,9450,2134222,1,9634,2137221,1,9817,2137222,1,10000,0,0,0,0,0,0,0,0,0
19014,4480,"灰色半兽人村庄 (人类, 普通)-B 奖励",3,9070,1,9200,2131221,1,9334,2131222,1,9467,2134221,1,9600,2134222,1,9734,2137221,1,9867,2137222,1,10000,0,0,0,0,0,0,0,0,0
19015,4480,"灰色半兽人村庄 (人类, 普通)-F 奖励",2,9070,1,9500,10016,1,9625,10116,1,9750,10017,1,9875,10117,1,10000,0,0,0,0,0,0,0,0,0,0,0,0,0,0,0
19040,4480,"灰色半兽人村庄 (兽族,普通)-SSS 奖励",5,9070,1,4400,2431231,1,5332,2431232,1,6264,2434231,1,7195,2434232,1,8127,2437231,1,9058,2437232,1,9990,83110,1,10000,0,0,0,0,0,0
19041,4480,"灰色半兽人村庄 (兽族,普通)-SS 奖励",5,9070,1,5900,2431231,1,6583,2431232,1,7265,2434231,1,7948,2434232,1,8630,2437231,1,9313,2437232,1,9995,82016,2,10000,0,0,0,0,0,0
19042,4480,"灰色半兽人村庄 (兽族,普通)-S 奖励",4,9070,1,7400,2431231,1,7834,2431232,1,8267,2434231,1,8700,2434232,1,9133,2437231,1,9566,2437232,1,9999,82016,1,10000,0,0,0,0,0,0
19043,4480,"灰色半兽人村庄 (兽族,普通)-A 奖励",3,9070,1,8900,2431221,1,9084,2431222,1,9267,2434221,1,9450,2434222,1,9634,2437221,1,9817,2437222,1,10000,0,0,0,0,0,0,0,0,0
19044,4480,"灰色半兽人村庄 (兽族,普通)-B 奖励",3,9070,1,9200,2431221,1,9334,2431222,1,9467,2434221,1,9600,2434222,1,9734,2437221,1,9867,2437222,1,10000,0,0,0,0,0,0,0,0,0
19045,4480,"灰色半兽人村庄 (兽族,普通)-F 奖励",2,9070,1,9500,10016,1,9625,10116,1,9750,10017,1,9875,10117,1,10000,0,0,0,0,0,0,0,0,0,0,0,0,0,0,0
19110,4481,"灰色半兽人村庄 (人类, 困难)-SSS 奖励",5,9070,1,3500,2141231,1,4426,2141232,1,5352,2144231,1,6277,2144232,1,7203,2147231,1,8129,2147232,1,9054,83010,1,9980,83011,1,10000,0,0,0
19111,4481,"灰色半兽人村庄 (人类, 困难)-SS 奖励",5,9070,1,5500,2141231,1,6249,2141232,1,6997,2144231,1,7745,2144232,1,8494,2147231,1,9242,2147232,1,9990,82016,2,10000,0,0,0,0,0,0
19112,4481,"灰色半兽人村庄 (人类, 困难)-S 奖励",4,9070,1,7000,2141231,1,7500,2141232,1,8000,2144231,1,8499,2144232,1,8999,2147231,1,9498,2147232,1,9998,82016,1,10000,0,0,0,0,0,0
19113,4481,"灰色半兽人村庄 (人类, 困难)-A 奖励",3,9070,1,8500,2141221,1,8750,2141222,1,9000,2144221,1,9250,2144222,1,9500,2147221,1,9750,2147222,1,10000,0,0,0,0,0,0,0,0,0
19114,4481,"灰色半兽人村庄 (人类, 困难)-B 奖励",3,9070,1,9000,2141221,1,9167,2141222,1,9334,2144221,1,9500,2144222,1,9667,2147221,1,9834,2147222,1,10000,0,0,0,0,0,0,0,0,0
19115,4481,"灰色半兽人村庄 (人类, 困难)-F 奖励",2,9070,1,9500,10016,1,9625,10116,1,9750,10017,1,9875,10117,1,10000,0,0,0,0,0,0,0,0,0,0,0,0,0,0,0
19140,4481,"灰色半兽人村庄 (兽族, 困难)-SSS 奖励",5,9070,1,3500,2441231,1,4426,2441232,1,5352,2444231,1,6277,2444232,1,7203,2447231,1,8129,2447232,1,9054,83110,1,9980,83111,1,10000,0,0,0
19141,4481,"灰色半兽人村庄 (兽族, 困难)-SS 奖励",5,9070,1,5500,2441231,1,6249,2441232,1,6997,2444231,1,7745,2444232,1,8494,2447231,1,9242,2447232,1,9990,82016,2,10000,0,0,0,0,0,0
19142,4481,"灰色半兽人村庄 (兽族, 困难)-S 奖励",4,9070,1,7000,2441231,1,7500,2441232,1,8000,2444231,1,8499,2444232,1,8999,2447231,1,9498,2447232,1,9998,82016,1,10000,0,0,0,0,0,0
19143,4481,"灰色半兽人村庄 (兽族, 困难)-A 奖励",3,9070,1,8500,2441221,1,8750,2441222,1,9000,2444221,1,9250,2444222,1,9500,2447221,1,9750,2447222,1,10000,0,0,0,0,0,0,0,0,0
19144,4481,"灰色半兽人村庄 (兽族, 困难)-B 奖励",3,9070,1,9000,2441221,1,9167,2441222,1,9334,2444221,1,9500,2444222,1,9667,2447221,1,9834,2447222,1,10000,0,0,0,0,0,0,0,0,0
19145,4481,"灰色半兽人村庄 (兽族, 困难)-F 奖励",2,9070,1,9500,10016,1,9625,10116,1,9750,10017,1,9875,10117,1,10000,0,0,0,0,0,0,0,0,0,0,0,0,0,0,0
19210,4482,"灰色半兽人村庄 (人类, 极困难)-SSS 奖励",5,40301,1,2500,2121231,1,3717,2121232,1,4934,2124231,1,6150,2124232,1,7367,2127231,1,8583,2127232,1,9800,83011,1,10000,0,0,0,0,0,0
19211,4482,"灰色半兽人村庄 (人类, 极困难)-SS 奖励",5,9070,1,4500,2121231,1,5400,2121232,1,6300,2124231,1,7200,2124232,1,8100,2127231,1,9000,2127232,1,9900,82016,2,10000,0,0,0,0,0,0
19212,4482,"灰色半兽人村庄 (人类, 极困难)-S 奖励",4,9070,1,6500,2121231,1,7083,2121232,1,7666,2124231,1,8249,2124232,1,8831,2127231,1,9414,2127232,1,9997,82016,1,10000,0,0,0,0,0,0
19213,4482,"灰色半兽人村庄 (人类, 极困难)-A 奖励",3,9070,1,8500,2121221,1,8750,2121222,1,9000,2124221,1,9250,2124222,1,9500,2127221,1,9750,2127222,1,10000,0,0,0,0,0,0,0,0,0
19214,4482,"灰色半兽人村庄 (人类, 极困难)-B 奖励",3,9070,1,9000,2121221,1,9167,2121222,1,9334,2124221,1,9500,2124222,1,9667,2127221,1,9834,2127222,1,10000,0,0,0,0,0,0,0,0,0
19215,4482,"灰色半兽人村庄 (人类, 极困难)-F 奖励",2,9070,1,9500,10016,1,9625,10116,1,9750,10017,1,9875,10117,1,10000,0,0,0,0,0,0,0,0,0,0,0,0,0,0,0
19240,4482,"灰色半兽人村庄 (兽族, 极困难)-SSS 奖励",5,40301,1,2500,2421231,1,3717,2421232,1,4934,2424231,1,6150,2424232,1,7367,2427231,1,8583,2427232,1,9800,83111,1,10000,0,0,0,0,0,0
19241,4482,"灰色半兽人村庄 (兽族, 极困难)-SS 奖励",5,9070,1,4500,2421231,1,5400,2421232,1,6300,2424231,1,7200,2424232,1,8100,2427231,1,9000,2427232,1,9900,82016,2,10000,0,0,0,0,0,0
19242,4482,"灰色半兽人村庄 (兽族, 极困难)-S 奖励",4,9070,1,6500,2421231,1,7083,2421232,1,7666,2424231,1,8249,2424232,1,8831,2427231,1,9414,2427232,1,9997,82016,1,10000,0,0,0,0,0,0
19243,4482,"灰色半兽人村庄 (兽族, 极困难)-A 奖励",3,9070,1,8500,2421221,1,8750,2421222,1,9000,2424221,1,9250,2424222,1,9500,2427221,1,9750,2427222,1,10000,0,0,0,0,0,0,0,0,0
19244,4482,"灰色半兽人村庄 (兽族, 极困难)-B 奖励",3,9070,1,9000,2421221,1,9167,2421222,1,9334,2424221,1,9500,2424222,1,9667,2427221,1,9834,2427222,1,10000,0,0,0,0,0,0,0,0,0
19245,4482,"灰色半兽人村庄 (兽族, 极困难)-F 奖励",2,9070,1,9500,10016,1,9625,10116,1,9750,10017,1,9875,10117,1,10000,0,0,0,0,0,0,0,0,0,0,0,0,0,0,0
19310,4483,"灰色半兽人村庄 (人类, 炼狱)-SSS 奖励",5,0,0,0,0,0,0,0,0,0,0,0,0,0,0,0,0,0,0,0,0,0,0,0,0,0,0,0,0,0,0
19311,4483,"灰色半兽人村庄 (人类, 炼狱)-SS 奖励",5,0,0,0,0,0,0,0,0,0,0,0,0,0,0,0,0,0,0,0,0,0,0,0,0,0,0,0,0,0,0
19312,4483,"灰色半兽人村庄 (人类, 炼狱)-S 奖励",4,0,0,0,0,0,0,0,0,0,0,0,0,0,0,0,0,0,0,0,0,0,0,0,0,0,0,0,0,0,0
19313,4483,"灰色半兽人村庄 (人类, 炼狱)-A 奖励",3,0,0,0,0,0,0,0,0,0,0,0,0,0,0,0,0,0,0,0,0,0,0,0,0,0,0,0,0,0,0
19314,4483,"灰色半兽人村庄 (人类, 炼狱)-B 奖励",3,0,0,0,0,0,0,0,0,0,0,0,0,0,0,0,0,0,0,0,0,0,0,0,0,0,0,0,0,0,0
19315,4483,"灰色半兽人村庄 (人类, 炼狱)-F 奖励",2,0,0,0,0,0,0,0,0,0,0,0,0,0,0,0,0,0,0,0,0,0,0,0,0,0,0,0,0,0,0
19340,4483,"灰色半兽人村庄 (兽族, 炼狱)-SSS 奖励",5,0,0,0,0,0,0,0,0,0,0,0,0,0,0,0,0,0,0,0,0,0,0,0,0,0,0,0,0,0,0
19341,4483,"灰色半兽人村庄 (兽族, 炼狱)-SS 奖励",5,0,0,0,0,0,0,0,0,0,0,0,0,0,0,0,0,0,0,0,0,0,0,0,0,0,0,0,0,0,0
19342,4483,"灰色半兽人村庄 (兽族, 炼狱)-S 奖励",4,0,0,0,0,0,0,0,0,0,0,0,0,0,0,0,0,0,0,0,0,0,0,0,0,0,0,0,0,0,0
19343,4483,"灰色半兽人村庄 (兽族, 炼狱)-A 奖励",3,0,0,0,0,0,0,0,0,0,0,0,0,0,0,0,0,0,0,0,0,0,0,0,0,0,0,0,0,0,0
19344,4483,"灰色半兽人村庄 (兽族, 炼狱)-B 奖励",3,0,0,0,0,0,0,0,0,0,0,0,0,0,0,0,0,0,0,0,0,0,0,0,0,0,0,0,0,0,0
19345,4483,"灰色半兽人村庄 (兽族, 炼狱)-F 奖励",2,0,0,0,0,0,0,0,0,0,0,0,0,0,0,0,0,0,0,0,0,0,0,0,0,0,0,0,0,0,0
20010,4490,"光之地下庭院 (人类, 普通)-SSS 奖励",5,9070,1,4400,2131331,1,5332,2131332,1,6264,2134331,1,7195,2134332,1,8127,2137331,1,9058,2137332,1,9990,83012,1,10000,0,0,0,0,0,0
20011,4490,"光之地下庭院 (人类, 普通)-SS 奖励",5,9070,1,5900,2131331,1,6583,2131332,1,7265,2134331,1,7948,2134332,1,8630,2137331,1,9313,2137332,1,9995,82016,2,10000,0,0,0,0,0,0
20012,4490,"光之地下庭院 (人类, 普通)-S 奖励",4,9070,1,7400,2131331,1,7834,2131332,1,8267,2134331,1,8700,2134332,1,9133,2137331,1,9566,2137332,1,9999,82016,1,10000,0,0,0,0,0,0
20013,4490,"光之地下庭院 (人类, 普通)-A 奖励",3,9070,1,8900,2131321,1,9084,2131322,1,9267,2134321,1,9450,2134322,1,9634,2137321,1,9817,2137322,1,10000,0,0,0,0,0,0,0,0,0
20014,4490,"光之地下庭院 (人类, 普通)-B 奖励",3,9070,1,9200,2131321,1,9334,2131322,1,9467,2134321,1,9600,2134322,1,9734,2137321,1,9867,2137322,1,10000,0,0,0,0,0,0,0,0,0
20015,4490,"光之地下庭院 (人类, 普通)-F 奖励",2,9070,1,9500,10020,1,9625,10120,1,9750,10021,1,9875,10121,1,10000,0,0,0,0,0,0,0,0,0,0,0,0,0,0,0
20040,4490,"光之地下庭院 (兽族,普通)-SSS 奖励",5,9070,1,4400,2431331,1,5332,2431332,1,6264,2434331,1,7195,2434332,1,8127,2437331,1,9058,2437332,1,9990,83112,1,10000,0,0,0,0,0,0
20041,4490,"光之地下庭院 (兽族,普通)-SS 奖励",5,9070,1,5900,2431331,1,6583,2431332,1,7265,2434331,1,7948,2434332,1,8630,2437331,1,9313,2437332,1,9995,82016,2,10000,0,0,0,0,0,0
20042,4490,"光之地下庭院 (兽族,普通)-S 奖励",4,9070,1,7400,2431331,1,7834,2431332,1,8267,2434331,1,8700,2434332,1,9133,2437331,1,9566,2437332,1,9999,82016,1,10000,0,0,0,0,0,0
20043,4490,"光之地下庭院 (兽族,普通)-A 奖励",3,9070,1,8900,2431321,1,9084,2431322,1,9267,2434321,1,9450,2434322,1,9634,2437321,1,9817,2437322,1,10000,0,0,0,0,0,0,0,0,0
20044,4490,"光之地下庭院 (兽族,普通)-B 奖励",3,9070,1,9200,2431321,1,9334,2431322,1,9467,2434321,1,9600,2434322,1,9734,2437321,1,9867,2437322,1,10000,0,0,0,0,0,0,0,0,0
20045,4490,"光之地下庭院 (兽族,普通)-F 奖励",2,9070,1,9500,10020,1,9625,10120,1,9750,10021,1,9875,10121,1,10000,0,0,0,0,0,0,0,0,0,0,0,0,0,0,0
20110,4491,"光之地下庭院 (人类, 困难)-SSS 奖励",5,9070,1,3500,2141331,1,4310,2141332,1,5120,2144331,1,5930,2144332,1,6740,2147331,1,7550,2147332,1,8360,2070631,1,9170,2070632,1,9980,83012,1,10000
20111,4491,"光之地下庭院 (人类, 困难)-SS 奖励",5,9070,1,5500,2141331,1,6062,2141332,1,6623,2144331,1,7184,2144332,1,7745,2147331,1,8307,2147332,1,8868,2070631,1,9429,2070632,1,9990,82016,2,10000
20112,4491,"光之地下庭院 (人类, 困难)-S 奖励",4,9070,1,7000,2141331,1,7375,2141332,1,7750,2144331,1,8124,2144332,1,8499,2147331,1,8874,2147332,1,9248,2070631,1,9623,2070632,1,9998,82016,1,10000
20113,4491,"光之地下庭院 (人类, 困难)-A 奖励",3,9070,1,8500,2141321,1,8688,2141322,1,8875,2144321,1,9063,2144322,1,9250,2147321,1,9438,2147322,1,9625,2070621,1,9813,2070622,1,10000,0,0,0
20114,4491,"光之地下庭院 (人类, 困难)-B 奖励",3,9070,1,9000,2141321,1,9125,2141322,1,9250,2144321,1,9375,2144322,1,9500,2147321,1,9625,2147322,1,9750,2070621,1,9875,2070622,1,10000,0,0,0
20115,4491,"光之地下庭院 (人类, 困难)-F 奖励",2,9070,1,9500,10020,1,9625,10120,1,9750,10021,1,9875,10121,1,10000,0,0,0,0,0,0,0,0,0,0,0,0,0,0,0
20140,4491,"光之地下庭院 (兽族, 困难)-SSS 奖励",5,9070,1,3500,2441331,1,4310,2441332,1,5120,2444331,1,5930,2444332,1,6740,2447331,1,7550,2447332,1,8360,2070631,1,9170,2070632,1,9980,83112,1,10000
20141,4491,"光之地下庭院 (兽族, 困难)-SS 奖励",5,9070,1,5500,2441331,1,6062,2441332,1,6623,2444331,1,7184,2444332,1,7745,2447331,1,8307,2447332,1,8868,2070631,1,9429,2070632,1,9990,82016,2,10000
20142,4491,"光之地下庭院 (兽族, 困难)-S 奖励",4,9070,1,7000,2441331,1,7375,2441332,1,7750,2444331,1,8124,2444332,1,8499,2447331,1,8874,2447332,1,9248,2070631,1,9623,2070632,1,9998,82016,1,10000
20143,4491,"光之地下庭院 (兽族, 困难)-A 奖励",3,9070,1,8500,2441321,1,8688,2441322,1,8875,2444321,1,9063,2444322,1,9250,2447321,1,9438,2447322,1,9625,2070621,1,9813,2070622,1,10000,0,0,0
20144,4491,"光之地下庭院 (兽族, 困难)-B 奖励",3,9070,1,9000,2441321,1,9125,2441322,1,9250,2444321,1,9375,2444322,1,9500,2447321,1,9625,2447322,1,9750,2070621,1,9875,2070622,1,10000,0,0,0
20145,4491,"光之地下庭院 (兽族, 困难)-F 奖励",2,9070,1,9500,10020,1,9625,10120,1,9750,10021,1,9875,10121,1,10000,0,0,0,0,0,0,0,0,0,0,0,0,0,0,0
20210,4492,"光之地下庭院 (人类, 极困难)-SSS 奖励",5,40301,1,2500,2121331,1,3717,2121332,1,4934,2124331,1,6150,2124332,1,7367,2127331,1,8583,2127332,1,9800,83013,1,10000,0,0,0,0,0,0
20211,4492,"光之地下庭院 (人类, 极困难)-SS 奖励",5,9070,1,4500,2121331,1,5400,2121332,1,6300,2124331,1,7200,2124332,1,8100,2127331,1,9000,2127332,1,9900,82016,2,10000,0,0,0,0,0,0
20212,4492,"光之地下庭院 (人类, 极困难)-S 奖励",4,9070,1,6500,2121331,1,7083,2121332,1,7666,2124331,1,8249,2124332,1,8831,2127331,1,9414,2127332,1,9997,82016,1,10000,0,0,0,0,0,0
20213,4492,"光之地下庭院 (人类, 极困难)-A 奖励",3,9070,1,8500,2121321,1,8750,2121322,1,9000,2124321,1,9250,2124322,1,9500,2127321,1,9750,2127322,1,10000,0,0,0,0,0,0,0,0,0
20214,4492,"光之地下庭院 (人类, 极困难)-B 奖励",3,9070,1,9000,2121321,1,9167,2121322,1,9334,2124321,1,9500,2124322,1,9667,2127321,1,9834,2127322,1,10000,0,0,0,0,0,0,0,0,0
20215,4492,"光之地下庭院 (人类, 极困难)-F 奖励",2,9070,1,9500,10020,1,9625,10120,1,9750,10021,1,9875,10121,1,10000,0,0,0,0,0,0,0,0,0,0,0,0,0,0,0
20240,4492,"光之地下庭院 (兽族, 极困难)-SSS 奖励",5,40301,1,2500,2421331,1,3717,2421332,1,4934,2424331,1,6150,2424332,1,7367,2427331,1,8583,2427332,1,9800,83113,1,10000,0,0,0,0,0,0
20241,4492,"光之地下庭院 (兽族, 极困难)-SS 奖励",5,9070,1,4500,2421331,1,5400,2421332,1,6300,2424331,1,7200,2424332,1,8100,2427331,1,9000,2427332,1,9900,82016,2,10000,0,0,0,0,0,0
20242,4492,"光之地下庭院 (兽族, 极困难)-S 奖励",4,9070,1,6500,2421331,1,7083,2421332,1,7666,2424331,1,8249,2424332,1,8831,2427331,1,9414,2427332,1,9997,82016,1,10000,0,0,0,0,0,0
20243,4492,"光之地下庭院 (兽族, 极困难)-A 奖励",3,9070,1,8500,2421321,1,8750,2421322,1,9000,2424321,1,9250,2424322,1,9500,2427321,1,9750,2427322,1,10000,0,0,0,0,0,0,0,0,0
20244,4492,"光之地下庭院 (兽族, 极困难)-B 奖励",3,9070,1,9000,2421321,1,9167,2421322,1,9334,2424321,1,9500,2424322,1,9667,2427321,1,9834,2427322,1,10000,0,0,0,0,0,0,0,0,0
20245,4492,"光之地下庭院 (兽族, 极困难)-F 奖励",2,9070,1,9500,10020,1,9625,10120,1,9750,10021,1,9875,10121,1,10000,0,0,0,0,0,0,0,0,0,0,0,0,0,0,0
20310,4493,"光之地下庭院 (人类, 炼狱)-SSS 奖励",5,0,0,0,0,0,0,0,0,0,0,0,0,0,0,0,0,0,0,0,0,0,0,0,0,0,0,0,0,0,0
20311,4493,"光之地下庭院 (人类, 炼狱)-SS 奖励",5,0,0,0,0,0,0,0,0,0,0,0,0,0,0,0,0,0,0,0,0,0,0,0,0,0,0,0,0,0,0
20312,4493,"光之地下庭院 (人类, 炼狱)-S 奖励",4,0,0,0,0,0,0,0,0,0,0,0,0,0,0,0,0,0,0,0,0,0,0,0,0,0,0,0,0,0,0
20313,4493,"光之地下庭院 (人类, 炼狱)-A 奖励",3,0,0,0,0,0,0,0,0,0,0,0,0,0,0,0,0,0,0,0,0,0,0,0,0,0,0,0,0,0,0
20314,4493,"光之地下庭院 (人类, 炼狱)-B 奖励",3,0,0,0,0,0,0,0,0,0,0,0,0,0,0,0,0,0,0,0,0,0,0,0,0,0,0,0,0,0,0
20315,4493,"光之地下庭院 (人类, 炼狱)-F 奖励",2,0,0,0,0,0,0,0,0,0,0,0,0,0,0,0,0,0,0,0,0,0,0,0,0,0,0,0,0,0,0
20340,4493,"光之地下庭院 (兽族, 炼狱)-SSS 奖励",5,0,0,0,0,0,0,0,0,0,0,0,0,0,0,0,0,0,0,0,0,0,0,0,0,0,0,0,0,0,0
20341,4493,"光之地下庭院 (兽族, 炼狱)-SS 奖励",5,0,0,0,0,0,0,0,0,0,0,0,0,0,0,0,0,0,0,0,0,0,0,0,0,0,0,0,0,0,0
20342,4493,"光之地下庭院 (兽族, 炼狱)-S 奖励",4,0,0,0,0,0,0,0,0,0,0,0,0,0,0,0,0,0,0,0,0,0,0,0,0,0,0,0,0,0,0
20343,4493,"光之地下庭院 (兽族, 炼狱)-A 奖励",3,0,0,0,0,0,0,0,0,0,0,0,0,0,0,0,0,0,0,0,0,0,0,0,0,0,0,0,0,0,0
20344,4493,"光之地下庭院 (兽族, 炼狱)-B 奖励",3,0,0,0,0,0,0,0,0,0,0,0,0,0,0,0,0,0,0,0,0,0,0,0,0,0,0,0,0,0,0
20345,4493,"光之地下庭院 (兽族, 炼狱)-F 奖励",2,0,0,0,0,0,0,0,0,0,0,0,0,0,0,0,0,0,0,0,0,0,0,0,0,0,0,0,0,0,0
