TID,Type,Value,Count,IsSelect
인덱스,타입명칭 1:아이템 2:겔드 3:경험치 4:스탯포인트 5:레벨 6:무기경험치 7:무기스킬포인트 8:무기레벨 9:호칭,,,선택여부 0:기본 1:선택
,,,,
U32,U8,U32,U32,U8
100001,3,0,4200,0
100003,3,0,2700,0
100004,3,0,2322,0
100005,3,0,7125,0
100006,3,0,4796,0
100007,3,0,5152,0
100008,3,0,9960,0
100009,3,0,9960,0
100010,3,0,7585,0
100012,3,0,19946,0
100014,3,0,44075,0
100015,3,0,50804,0
100016,3,0,148264,0
100017,3,0,53223,0
100018,3,0,92610,0
100019,3,0,112545,0
100020,3,0,112545,0
100021,3,0,73440,0
100022,3,0,97920,0
100023,3,0,145800,0
100024,3,0,213840,0
100025,3,0,46239,0
100026,3,0,184954,0
100063,3,0,230400,0
100064,3,0,144000,0
100065,3,0,43200,0
100066,3,0,124800,0
100067,3,0,30996,0
100070,3,0,115200,0
100101,3,0,20664,0
100102,3,0,20664,0
100103,3,0,30996,0
100111,3,0,20664,0
100112,3,0,30996,0
100121,3,0,36960,0
100122,3,0,395472,0
100123,3,0,83160,0
100131,3,0,43719,0
100132,3,0,43719,0
100134,3,0,65578,0
100141,3,0,68170,0
100151,3,0,35100,0
100152,3,0,189540,0
100154,3,0,35100,0
100156,3,0,207090,0
100157,3,0,35100,0
100158,3,0,23400,0
100159,3,0,58500,0
100171,3,0,326515,0
100172,3,0,459539,0
100173,3,0,211630,0
100174,3,0,40311,0
100181,3,0,648870,0
100191,3,0,54845,0
100192,3,0,1042052,0
100193,3,0,307131,0
100194,3,0,353749,0
100195,3,0,54845,0
100201,3,0,353749,0
100211,3,0,188244,0
100212,3,0,83664,0
100213,3,0,1773677,0
100214,3,0,125496,0
100215,3,0,899389,0
100216,3,0,83664,0
100301,3,0,72540,0
100302,3,0,48360,0
100303,3,0,48360,0
100304,3,0,72540,0
100311,3,0,72540,0
100312,3,0,696384,0
100321,3,0,1992346,0
100333,3,0,98010,0
100341,3,0,513983,0
100351,3,0,88618,0
100352,3,0,199390,0
100361,3,0,159327,0
100362,3,0,1005531,0
100363,3,0,573578,0
100371,3,0,8754048,0
100372,3,0,1699316,0
100381,3,0,1466666,0
100391,3,0,4799996,0
100392,3,0,1199999,0
100393,3,0,6399994,0
100401,3,0,5075007,0
100402,3,0,422918,0
100403,3,0,1127780,0
100411,3,0,5802452,0
100412,3,0,8703678,0
100421,3,0,4351839,0
100422,3,0,1208844,0
100423,3,0,2175920,0
100431,3,0,4691520,0
100441,3,0,234576,0
100451,3,0,1290168,0
100501,3,0,1404257,0
100502,3,0,374107,0
100511,3,0,1637396,0
100512,3,0,203320,0
100521,3,0,1637396,0
100522,3,0,336155,0
100531,3,0,52215,0
100541,3,0,117483,0
100542,3,0,195805,0
100551,3,0,52215,0
100552,3,0,323730,0
100561,3,0,591852,0
100562,3,0,143190,0
100571,3,0,214785,0
100572,3,0,143190,0
100581,3,0,143190,0
100582,3,0,143190,0
100591,3,0,133690,0
100592,3,0,133690,0
100601,3,0,133690,0
100602,3,0,133690,0
100611,3,0,132030,0
100612,3,0,88020,0
100613,3,0,88020,0
100621,3,0,198045,0
100622,3,0,1760400,0
100623,3,0,88020,0
100631,3,0,198045,0
100632,3,0,563328,0
100633,3,0,220050,0
100701,3,0,42607,0
100702,3,0,42607,0
100711,3,0,42607,0
100715,3,0,937346,0
100721,3,0,1423062,0
100725,3,0,741356,0
100731,3,0,42607,0
100741,3,0,988474,0
100742,3,0,42607,0
100743,3,0,42607,0
100751,3,0,44873,0
100755,3,0,1041056,0
100761,3,0,1615432,0
100762,3,0,780792,0
100771,3,0,565401,0
100775,3,0,52446,0
100781,3,0,1148558,0
100785,3,0,1148558,0
100791,3,0,660814,0
100795,3,0,1258694,0
100801,3,0,52446,0
100805,3,0,961173,0
100811,3,0,965562,0
100815,3,0,961173,0
100821,3,0,965562,0
100831,3,0,1215730,0
100832,3,0,1215730,0
100833,3,0,1470287,0
100841,3,0,43889,0
100842,3,0,197501,0
100851,3,0,49767,0
100852,3,0,1592529,0
100853,3,0,1492996,0
100854,3,0,49767,0
100855,3,0,49767,0
100856,3,0,49767,0
100901,3,0,4499211,0
100911,3,0,2786608,0
100912,3,0,1277196,0
100921,3,0,4499211,0
100926,3,0,1683576,0
100931,3,0,2063506,0
100936,3,0,7914816,0
100941,3,0,1639498,0
100946,3,0,1488240,0
100951,3,0,206700,0
100956,3,0,310050,0
100961,3,0,465075,0
100966,3,0,1798290,0
101111,3,0,9180,0
101115,3,0,12852,0
101121,3,0,3240,0
101122,3,0,4860,0
101123,3,0,11664,0
101131,3,0,2160,0
101132,3,0,7776,0
101141,3,0,8820,0
101145,3,0,22464,0
101151,3,0,15725,0
101152,3,0,29952,0
101155,3,0,16071,0
101156,3,0,18663,0
101171,3,0,5400,0
110001,3,0,1000,0
110002,3,0,4200,0
110003,3,0,5400,0
110006,3,0,1000,0
110007,3,0,1000,0
110012,3,0,6720,0
110013,3,0,6720,0
110014,3,0,4050,0
110021,3,0,6480,0
110023,3,0,9720,0
110024,3,0,1200,0
110025,3,0,1200,0
110026,3,0,14256,0
110027,3,0,2700,0
110028,3,0,6480,0
110051,3,0,1500,0
110052,3,0,15840,0
110053,3,0,2250,0
110054,3,0,2250,0
110061,3,0,1500,0
110062,3,0,7200,0
110063,3,0,1000,0
110071,3,0,2400,0
110072,3,0,6720,0
110073,3,0,2400,0
110074,3,0,17280,0
110075,3,0,17280,0
110076,3,0,12096,0
110077,3,0,12096,0
110078,3,0,12096,0
110079,3,0,3780,0
110080,3,0,13860,0
110085,3,0,3200,0
110086,3,0,3200,0
110091,3,0,3200,0
110092,3,0,25280,0
110093,3,0,23040,0
110094,3,0,4800,0
110095,3,0,2160,0
110096,3,0,2160,0
110101,3,0,18144,0
110102,3,0,63160,0
110103,3,0,13824,0
110111,3,0,16848,0
110112,3,0,16848,0
110113,3,0,4860,0
110128,3,0,3000,0
110131,3,0,25800,0
110132,3,0,34320,0
110133,3,0,6750,0
110134,3,0,44760,0
110135,3,0,13800,0
110141,3,0,4620,0
110142,3,0,21252,0
110143,3,0,4620,0
110145,3,0,17100,0
110146,3,0,26334,0
110148,3,0,36036,0
110149,3,0,95542,0
110151,3,0,5880,0
110153,3,0,121599,0
110154,3,0,50568,0
110155,3,0,49392,0
110157,3,0,5880,0
110158,3,0,27048,0
110159,3,0,5880,0
110161,3,0,9360,0
110162,3,0,9360,0
110165,3,0,87048,0
110171,3,0,21060,0
110173,3,0,95472,0
110174,3,0,54756,0
110175,3,0,9240,0
110176,3,0,9240,0
110177,3,0,13860,0
110179,3,0,348718,0
110180,3,0,79002,0
110181,3,0,20790,0
110185,3,0,13860,0
110191,3,0,12000,0
110192,3,0,12000,0
110193,3,0,27000,0
110194,3,0,18000,0
110195,3,0,293040,0
110196,3,0,70200,0
110197,3,0,18000,0
110205,3,0,16640,0
110206,3,0,79872,0
110207,3,0,24960,0
110281,3,0,16640,0
110283,3,0,16640,0
110286,3,0,406349,0
110287,3,0,141773,0
110302,3,0,10200,0
110303,3,0,132600,0
110304,3,0,291720,0
110305,3,0,61200,0
110306,3,0,112200,0
110341,3,0,10200,0
110343,3,0,10200,0
110344,3,0,291720,0
110345,3,0,10200,0
110346,3,0,78030,0
110347,3,0,16200,0
110312,3,0,36450,0
110313,3,0,178200,0
110315,3,0,178200,0
110317,3,0,463320,0
110319,3,0,210600,0
110321,3,0,16200,0
110323,3,0,26600,0
110324,3,0,345800,0
110325,3,0,760760,0
110326,3,0,319200,0
110327,3,0,59850,0
110334,3,0,39900,0
110351,3,0,492800,0
110352,3,0,96000,0
110353,3,0,492800,0
110354,3,0,24000,0
110355,3,0,16000,0
110356,3,0,192000,0
111001,3,0,260022,0
111002,3,0,17220,0
111003,3,0,260022,0
111004,3,0,25830,0
111005,3,0,38745,0
111006,3,0,25830,0
111007,3,0,222138,0
111008,3,0,156014,0
111010,3,0,232987,0
111021,3,0,222138,0
111022,3,0,152914,0
111023,3,0,38745,0
111024,3,0,25830,0
111025,3,0,572049,0
111026,3,0,222138,0
111027,3,0,30800,0
111031,3,0,397320,0
111032,3,0,273504,0
111033,3,0,160160,0
111034,3,0,46200,0
111035,3,0,1023176,0
111036,3,0,69300,0
111041,3,0,69300,0
111042,3,0,189420,0
111043,3,0,397320,0
111044,3,0,46200,0
111051,3,0,1311552,0
111052,3,0,474720,0
111053,3,0,82800,0
111054,3,0,55200,0
111055,3,0,36800,0
111056,3,0,36800,0
111057,3,0,82800,0
111058,3,0,596160,0
111059,3,0,462944,0
111060,3,0,326784,0
111071,3,0,1368576,0
111072,3,0,86400,0
111073,3,0,199680,0
111074,3,0,622080,0
111075,3,0,236160,0
111076,3,0,495360,0
111077,3,0,622080,0
111078,3,0,57600,0
111079,3,0,236160,0
111080,3,0,86400,0
111082,3,0,199680,0
111091,3,0,746460,0
111092,3,0,746460,0
111093,3,0,321750,0
111094,3,0,176670,0
111095,3,0,176670,0
111096,3,0,122850,0
111097,3,0,122850,0
111098,3,0,43875,0
111099,3,0,29250,0
111101,3,0,34840,0
111102,3,0,648024,0
111103,3,0,522600,0
111104,3,0,648024,0
111105,3,0,78390,0
111107,3,0,78390,0
111108,3,0,52260,0
111110,3,0,315651,0
111121,3,0,1425653,0
111122,3,0,78390,0
111123,3,0,78390,0
111124,3,0,78390,0
111125,3,0,522600,0
111126,3,0,315651,0
111127,3,0,1078920,0
111128,3,0,299700,0
111129,3,0,199800,0
111130,3,0,449550,0
111131,3,0,3236760,0
111132,3,0,299700,0
111135,3,0,299700,0
111141,3,0,199800,0
111142,3,0,449550,0
111143,3,0,199800,0
111144,3,0,1947792,0
111145,3,0,47600,0
111146,3,0,107100,0
111147,3,0,448392,0
111148,3,0,428400,0
111149,3,0,71400,0
111150,3,0,107100,0
111151,3,0,71400,0
111152,3,0,771120,0
111153,3,0,885360,0
111154,3,0,885360,0
111155,3,0,299880,0
111156,3,0,71400,0
111157,3,0,107100,0
111158,3,0,771120,0
111161,3,0,104400,0
111162,3,0,802720,0
111163,3,0,453792,0
111164,3,0,46400,0
111171,3,0,2164096,0
111172,3,0,104400,0
111181,3,0,2164096,0
111182,3,0,69600,0
111183,3,0,299280,0
111184,3,0,428736,0
111185,3,0,46400,0
111191,3,0,104580,0
111192,3,0,1478064,0
111193,3,0,644213,0
111194,3,0,156870,0
111195,3,0,104580,0
111196,3,0,1206156,0
111197,3,0,69720,0
112001,3,0,1015560,0
112002,3,0,537602,0
112011,3,0,259935,0
112021,3,0,90675,0
112022,3,0,60450,0
112031,3,0,906750,0
112032,3,0,906750,0
112041,3,0,1418560,0
112042,3,0,644800,0
112043,3,0,259935,0
112051,3,0,906750,0
112061,3,0,906750,0
112062,3,0,60450,0
112071,3,0,114240,0
112072,3,0,171360,0
112081,3,0,1808039,0
112082,3,0,171360,0
112091,3,0,1218560,0
112092,3,0,76160,0
112101,3,0,76160,0
112111,3,0,491232,0
112112,3,0,171360,0
112121,3,0,4143104,0
112131,3,0,171360,0
112142,3,0,491232,0
112143,3,0,76160,0
112151,3,0,76160,0
112152,3,0,114240,0
112161,3,0,122513,0
112162,3,0,925650,0
112163,3,0,925650,0
112171,3,0,54450,0
112181,3,0,1192455,0
112182,3,0,122513,0
112183,3,0,2303235,0
112191,3,0,359370,0
112201,3,0,1306800,0
112202,3,0,1306800,0
112212,3,0,81675,0
112213,3,0,1306800,0
112214,3,0,122513,0
112221,3,0,925650,0
112222,3,0,359370,0
112225,3,0,925650,0
112226,3,0,359370,0
112231,3,0,1306800,0
112233,3,0,81675,0
112241,3,0,73848,0
112251,3,0,872884,0
112252,3,0,166158,0
112253,3,0,2761916,0
112254,3,0,110772,0
112261,3,0,1772352,0
112262,3,0,73848,0
112263,3,0,73848,0
112264,3,0,1657151,0
112265,3,0,487397,0
112271,3,0,1772352,0
112272,3,0,73848,0
112278,3,0,73848,0
112273,3,0,1255416,0
112274,3,0,686787,0
112275,3,0,2761916,0
112281,3,0,1772352,0
112282,3,0,166158,0
112283,3,0,110772,0
112291,3,0,1843473,0
112292,3,0,88515,0
112293,3,0,389466,0
112301,3,0,837942,0
112302,3,0,132773,0
112311,3,0,132773,0
112321,3,0,59010,0
112322,3,0,837942,0
112331,3,0,59010,0
112332,3,0,59010,0
112341,3,0,132773,0
112351,3,0,132773,0
112361,3,0,59010,0
112362,3,0,88515,0
112363,3,0,88515,0
112371,3,0,837942,0
112381,3,0,59010,0
112391,3,0,2849004,0
112392,3,0,389466,0
112401,3,0,1327725,0
112402,3,0,321840,0
112403,3,0,214560,0
112404,3,0,214560,0
112405,3,0,214560,0
112411,3,0,321840,0
112412,3,0,321840,0
112421,3,0,214560,0
112423,3,0,482760,0
112422,3,0,214560,0
112431,3,0,3647520,0
112432,3,0,1416096,0
112433,3,0,214560,0
112441,3,0,5449824,0
112442,3,0,482760,0
112443,3,0,321840,0
112445,3,0,868968,0
112447,3,0,214560,0
112451,3,0,222222,0
112455,3,0,214560,0
112461,3,0,2666664,0
112471,3,0,148148,0
112472,3,0,148148,0
112473,3,0,2666664,0
112481,3,0,3999996,0
112482,3,0,888888,0
112491,3,0,333333,0
112501,3,0,3999996,0
112502,3,0,222222,0
112511,3,0,999999,0
112512,3,0,148148,0
112513,3,0,333333,0
112514,3,0,222222,0
112521,3,0,156636,0
112531,3,0,6202786,0
112532,3,0,1057293,0
112541,3,0,4652090,0
112542,3,0,4652090,0
112551,3,0,352431,0
112552,3,0,939816,0
112553,3,0,234954,0
112571,3,0,6202786,0
112572,3,0,1057293,0
112582,3,0,4229172,0
112584,3,0,234954,0
112591,3,0,376085,0
112601,3,0,3989186,0
112602,3,0,302211,0
112611,3,0,1007370,0
112612,3,0,1007370,0
112613,3,0,1410318,0
112614,3,0,906633,0
112621,3,0,5318914,0
112622,3,0,1994593,0
112623,3,0,3626532,0
112631,3,0,302211,0
112632,3,0,302211,0
112633,3,0,302211,0
112641,3,0,4300560,0
112642,3,0,130320,0
112643,3,0,130320,0
112651,3,0,2932200,0
112652,3,0,195480,0
112661,3,0,195480,0
112662,3,0,4300560,0
112663,3,0,879660,0
112671,3,0,195480,0
112672,3,0,293220,0
112673,3,0,2932200,0
112681,3,0,2932200,0
112682,3,0,2932200,0
113001,3,0,126510,0
113002,3,0,1364497,0
113003,3,0,101660,0
113004,3,0,280129,0
113005,3,0,311756,0
113006,3,0,858458,0
113007,3,0,1364497,0
113008,3,0,45182,0
113009,3,0,280129,0
113010,3,0,45182,0
113011,3,0,45182,0
113051,3,0,45182,0
113052,3,0,1364497,0
113053,3,0,858458,0
113054,3,0,45182,0
113055,3,0,280129,0
113056,3,0,311756,0
113057,3,0,858458,0
113058,3,0,101660,0
113059,3,0,45182,0
113060,3,0,45182,0
113062,3,0,45182,0
113063,3,0,45182,0
113101,3,0,858458,0
113102,3,0,101660,0
113103,3,0,1364497,0
113104,3,0,45182,0
113105,3,0,1364497,0
113106,3,0,1364497,0
113107,3,0,45182,0
113108,3,0,101660,0
113109,3,0,311756,0
113110,3,0,45182,0
113111,3,0,45182,0
113113,3,0,858458,0
113151,3,0,43512,0
113152,3,0,1818802,0
113153,3,0,97902,0
113154,3,0,43512,0
113155,3,0,1314063,0
113156,3,0,97902,0
113157,3,0,300233,0
113158,3,0,269775,0
113159,3,0,43512,0
113201,3,0,97902,0
113202,3,0,826728,0
113203,3,0,43512,0
113204,3,0,826728,0
113205,3,0,43512,0
113206,3,0,826728,0
113207,3,0,339394,0
113208,3,0,65268,0
113209,3,0,300233,0
113210,3,0,43512,0
113211,3,0,43512,0
113251,3,0,97902,0
113252,3,0,1818802,0
113253,3,0,300233,0
113254,3,0,43512,0
113255,3,0,65268,0
113256,3,0,300233,0
113257,3,0,1314063,0
113258,3,0,97902,0
113259,3,0,826728,0
113260,3,0,43512,0
113261,3,0,43512,0
113262,3,0,1314063,0
113263,3,0,826728,0
113264,3,0,300233,0
113265,3,0,43512,0
113301,3,0,79550,0
113302,3,0,1511450,0
113303,3,0,2402410,0
113304,3,0,79550,0
113305,3,0,119325,0
113306,3,0,493210,0
113307,3,0,1511450,0
113308,3,0,548895,0
113309,3,0,79550,0
113351,3,0,178988,0
113352,3,0,1511450,0
113353,3,0,1511450,0
113354,3,0,79550,0
113355,3,0,79550,0
113356,3,0,692085,0
113357,3,0,3325190,0
113358,3,0,178988,0
113359,3,0,493210,0
113360,3,0,548895,0
113361,3,0,548895,0
113362,3,0,79550,0
113363,3,0,79550,0
113401,3,0,3325190,0
113402,3,0,2617195,0
113403,3,0,548895,0
113404,3,0,493210,0
113405,3,0,79550,0
113406,3,0,2617195,0
113407,3,0,79550,0
113408,3,0,79550,0
113409,3,0,178988,0
113410,3,0,79550,0
113411,3,0,79550,0
113451,3,0,79550,0
113452,3,0,79550,0
113453,3,0,2243015,0
113454,3,0,3104570,0
113455,3,0,133690,0
113456,3,0,512477,0
113457,3,0,1411168,0
113458,3,0,167112,0
113459,3,0,2243015,0
113460,3,0,579322,0
113461,3,0,1411168,0
113462,3,0,512477,0
113463,3,0,74272,0
113464,3,0,74272,0
113465,3,0,74272,0
113501,3,0,74272,0
113502,3,0,1411168,0
113503,3,0,167112,0
113504,3,0,2243015,0
113505,3,0,460487,0
113506,3,0,74272,0
113507,3,0,579322,0
113508,3,0,3104570,0
113509,3,0,2243015,0
113510,3,0,111408,0
113511,3,0,1411168,0
113512,3,0,167112,0
113513,3,0,167112,0
113514,3,0,512477,0
113515,3,0,74272,0
113516,3,0,74272,0
113551,3,0,74272,0
113552,3,0,74272,0
113553,3,0,167112,0
113554,3,0,3104570,0
113555,3,0,2243015,0
113556,3,0,167112,0
113557,3,0,74272,0
113558,3,0,517118,0
113559,3,0,2339865,0
113560,3,0,469440,0
113561,3,0,73350,0
113562,3,0,73350,0
113563,3,0,3227400,0
113564,3,0,2339865,0
113565,3,0,73350,0
113566,3,0,73350,0
113567,3,0,517118,0
113568,3,0,469440,0
113569,3,0,110025,0
113570,3,0,73350,0
113601,3,0,1467000,0
113602,3,0,594135,0
113603,3,0,1467000,0
113604,3,0,110025,0
113605,3,0,517118,0
113606,3,0,73350,0
113607,3,0,1467000,0
113608,3,0,1467000,0
113609,3,0,517118,0
113610,3,0,73350,0
113651,3,0,1467000,0
113652,3,0,73350,0
113653,3,0,73350,0
113654,3,0,110025,0
113655,3,0,165038,0
113656,3,0,3227400,0
113657,3,0,594135,0
113658,3,0,2339865,0
113659,3,0,73350,0
113660,3,0,73350,0
114001,3,0,1718469,0
114002,3,0,159775,0
114003,3,0,159775,0
114004,3,0,546785,0
114011,3,0,781122,0
114012,3,0,617797,0
114013,3,0,159775,0
114014,3,0,568089,0
114015,3,0,568089,0
114021,3,0,1718469,0
114022,3,0,809526,0
114023,3,0,781122,0
114031,3,0,781122,0
114032,3,0,351505,0
114033,3,0,781122,0
114034,3,0,781122,0
114041,3,0,617797,0
114042,3,0,159775,0
114043,3,0,35506,0
114051,3,0,781122,0
114052,3,0,35506,0
114053,3,0,781122,0
114061,3,0,781122,0
114062,3,0,35506,0
114063,3,0,781122,0
114064,3,0,781122,0
114065,3,0,781122,0
114071,3,0,35506,0
114072,3,0,617797,0
114073,3,0,568089,0
114074,3,0,159775,0
114081,3,0,1718469,0
114082,3,0,781122,0
114083,3,0,781122,0
114084,3,0,159775,0
114091,3,0,411864,0
114092,3,0,411864,0
114101,3,0,71011,0
114111,3,0,1153220,0
114112,3,0,411864,0
114113,3,0,159775,0
114121,3,0,35506,0
114131,3,0,71011,0
114141,3,0,37394,0
114151,3,0,1480813,0
114152,3,0,673097,0
114153,3,0,168274,0
114161,3,0,650660,0
114162,3,0,37394,0
114163,3,0,239323,0
114171,3,0,673097,0
114172,3,0,673097,0
114173,3,0,673097,0
114181,3,0,673097,0
114182,3,0,557922,0
114183,3,0,168274,0
114191,3,0,2288529,0
114192,3,0,575872,0
114193,3,0,673097,0
114194,3,0,168274,0
114201,3,0,650660,0
114202,3,0,635703,0
114203,3,0,673097,0
114211,3,0,557922,0
114221,3,0,37394,0
114231,3,0,1480813,0
114232,3,0,673097,0
114233,3,0,673097,0
114241,3,0,852589,0
114251,3,0,673097,0
114252,3,0,650660,0
114253,3,0,2288529,0
114254,3,0,168274,0
114255,3,0,673097,0
114261,3,0,168274,0
114262,3,0,168274,0
114271,3,0,37394,0
114281,3,0,37394,0
114282,3,0,1480813,0
114283,3,0,673097,0
114291,3,0,673097,0
114292,3,0,650660,0
114293,3,0,168274,0
114294,3,0,168274,0
114301,3,0,196671,0
114302,3,0,196671,0
114303,3,0,87409,0
114304,3,0,2307605,0
114311,3,0,43705,0
114312,3,0,196671,0
114313,3,0,1048911,0
114314,3,0,506974,0
114315,3,0,1048911,0
114316,3,0,1048911,0
114321,3,0,43705,0
114322,3,0,43705,0
114331,3,0,1048911,0
114332,3,0,196671,0
114333,3,0,2307605,0
114334,3,0,1048911,0
114341,3,0,1048911,0
114351,3,0,87409,0
114361,3,0,43705,0
114362,3,0,43705,0
114371,3,0,1048911,0
114372,3,0,196671,0
114373,3,0,196671,0
114374,3,0,2307605,0
114375,3,0,1048911,0
114381,3,0,2019154,0
114382,3,0,1048911,0
114391,3,0,87409,0
114392,3,0,87409,0
114401,3,0,43705,0
114411,3,0,2307605,0
114412,3,0,1048911,0
114421,3,0,760461,0
114422,3,0,506974,0
114423,3,0,1048911,0
114431,3,0,43705,0
114441,3,0,1048911,0
114442,3,0,196671,0
114451,3,0,196671,0
114461,3,0,43705,0
114471,3,0,1002136,0
114472,3,0,164584,0
114473,3,0,36574,0
114481,3,0,164584,0
114482,3,0,636393,0
114491,3,0,73149,0
114501,3,0,1770196,0
114502,3,0,164584,0
114503,3,0,164584,0
114511,3,0,804635,0
114512,3,0,1770196,0
114513,3,0,164584,0
114514,3,0,164584,0
114515,3,0,636393,0
114516,3,0,164584,0
114521,3,0,424262,0
114522,3,0,1770196,0
114523,3,0,1145507,0
114524,3,0,73149,0
114531,3,0,36574,0
114532,3,0,164584,0
114533,3,0,164584,0
114541,3,0,2735758,0
114542,3,0,804635,0
114543,3,0,36574,0
114544,3,0,1145507,0
114551,3,0,1002136,0
114552,3,0,804635,0
114553,3,0,164584,0
114554,3,0,164584,0
114555,3,0,2735758,0
114556,3,0,804635,0
114557,3,0,804635,0
114558,3,0,1002136,0
114561,3,0,1400064,0
114562,3,0,1400064,0
114563,3,0,164584,0
114564,3,0,424262,0
114571,3,0,41472,0
114581,3,0,2007251,0
114582,3,0,912387,0
114583,3,0,41472,0
114584,3,0,41472,0
114585,3,0,912387,0
114586,3,0,186625,0
114591,3,0,663554,0
114592,3,0,912387,0
114593,3,0,41472,0
114594,3,0,721615,0
114595,3,0,186625,0
114596,3,0,481077,0
114601,3,0,1,0
114611,3,0,82944,0
114612,3,0,41472,0
114621,3,0,663554,0
114622,3,0,912387,0
114623,3,0,663554,0
114624,3,0,663554,0
114625,3,0,3102114,0
114626,3,0,186625,0
114627,3,0,912387,0
114631,3,0,945564,0
114632,3,0,945564,0
114633,3,0,945564,0
114634,3,0,945564,0
114635,3,0,2007251,0
114638,3,0,186625,0
114639,3,0,186625,0
114641,3,0,746498,0
114642,3,0,2007251,0
114643,3,0,1058368,0
114644,3,0,721615,0
114645,3,0,186625,0
114651,3,0,3102114,0
114652,3,0,912387,0
114653,3,0,912387,0
114661,3,0,945564,0
114662,3,0,945564,0
114663,3,0,945564,0
114664,3,0,41472,0
114665,3,0,186625,0
114671,3,0,721615,0
114672,3,0,1058368,0
114681,3,0,82944,0
114691,3,0,41472,0
115001,3,0,362840,0
115002,3,0,362840,0
115011,3,0,7450305,0
115012,3,0,6724626,0
115013,3,0,241893,0
115014,3,0,161262,0
115015,3,0,362840,0
115016,3,0,6289218,0
115021,3,0,1161087,0
115022,3,0,1064330,0
115023,3,0,161262,0
115024,3,0,362840,0
115025,3,0,161262,0
115031,3,0,161262,0
115032,3,0,161262,0
115041,3,0,161262,0
115042,3,0,241893,0
115051,3,0,7450305,0
115052,3,0,362840,0
115053,3,0,1161087,0
115061,3,0,1596495,0
115071,3,0,3821910,0
115072,3,0,241893,0
115081,3,0,161262,0
115082,3,0,241893,0
115091,3,0,7450305,0
115092,3,0,6724626,0
115093,3,0,362840,0
115101,3,0,1161087,0
115102,3,0,362840,0
115103,3,0,3821910,0
115104,3,0,3821910,0
115105,3,0,362840,0
115106,3,0,362840,0
115111,3,0,241893,0
115112,3,0,241893,0
115121,3,0,157040,0
115131,3,0,3297840,0
115132,3,0,1036464,0
115133,3,0,3721848,0
115134,3,0,3297840,0
115135,3,0,353340,0
115141,3,0,2487514,0
115142,3,0,157040,0
115143,3,0,235560,0
115144,3,0,353340,0
115151,3,0,7255248,0
115152,3,0,1554696,0
115161,3,0,157040,0
115171,3,0,157040,0
115172,3,0,235560,0
115181,3,0,3297840,0
115182,3,0,157040,0
115183,3,0,353340,0
115184,3,0,6124560,0
115191,3,0,2487514,0
115192,3,0,3297840,0
115201,3,0,157040,0
115211,3,0,3297840,0
115212,3,0,235560,0
115213,3,0,353340,0
115214,3,0,235560,0
115215,3,0,353340,0
115221,3,0,3721848,0
115222,3,0,6124560,0
115223,3,0,353340,0
115224,3,0,1554696,0
115231,3,0,157040,0
115241,3,0,11212656,0
115242,3,0,235560,0
115243,3,0,1130688,0
115244,3,0,6548568,0
115251,3,0,4082325,0
115252,3,0,387563,0
115253,3,0,387563,0
115254,3,0,3617250,0
115255,3,0,7957950,0
115261,3,0,7957950,0
115262,3,0,258375,0
115263,3,0,387563,0
115264,3,0,6717750,0
115265,3,0,1240200,0
115271,3,0,172250,0
115281,3,0,258375,0
115291,3,0,172250,0
115301,3,0,3617250,0
115302,3,0,3617250,0
115303,3,0,1705275,0
115304,3,0,258375,0
115305,3,0,387563,0
115311,3,0,1240200,0
115312,3,0,387563,0
115313,3,0,6717750,0
115314,3,0,1622595,0
115321,3,0,7957950,0
115322,3,0,1240200,0
115323,3,0,387563,0
115324,3,0,1705275,0
115325,3,0,7647900,0
115331,3,0,172250,0
115341,3,0,1240200,0
115342,3,0,3617250,0
115343,3,0,4082325,0
115344,3,0,387563,0
115345,3,0,387563,0
115351,3,0,3617250,0
115352,3,0,387563,0
115353,3,0,258375,0
115361,3,0,387563,0
115362,3,0,1705275,0
115363,3,0,1240200,0
115364,3,0,1240200,0
116011,3,0,4200,0
116012,3,0,4200,0
116015,3,0,3150,0
116016,3,0,3150,0
116021,3,0,19008,0
116022,3,0,4050,0
116023,3,0,9720,0
116024,3,0,4050,0
116031,3,0,13536,0
116032,3,0,2700,0
116033,3,0,6480,0
116034,3,0,2700,0
116035,3,0,2700,0
116041,3,0,5800,0
116042,3,0,5100,0
116043,3,0,2250,0
116044,3,0,4400,0
116045,3,0,1500,0
116046,3,0,5100,0
116051,3,0,15600,0
116052,3,0,5400,0
116053,3,0,5400,0
116054,3,0,5400,0
116055,3,0,5400,0
116056,3,0,5400,0
116057,3,0,5400,0
116058,3,0,5400,0
116061,3,0,2520,0
116062,3,0,3780,0
116063,3,0,3780,0
116064,3,0,20261,0
116065,3,0,3780,0
116066,3,0,3780,0
116067,3,0,9324,0
116071,3,0,45760,0
116072,3,0,23040,0
116073,3,0,7200,0
116074,3,0,17760,0
116075,3,0,7200,0
116076,3,0,7200,0
116081,3,0,15120,0
116082,3,0,4860,0
116083,3,0,2160,0
116084,3,0,11664,0
116085,3,0,4860,0
140001,3,0,18600,0
140002,3,0,17100,0
140003,3,0,18600,0
140004,3,0,56760,0
140005,3,0,17100,0
140006,3,0,6750,0
140007,3,0,20520,0
140011,3,0,224000,0
140012,3,0,36000,0
140013,3,0,80000,0
140014,3,0,492800,0
140015,3,0,96000,0
140016,3,0,224000,0
140017,3,0,158400,0
140018,3,0,36000,0
140031,3,0,746460,0
140032,3,0,270270,0
140033,3,0,122850,0
140034,3,0,204750,0
140035,3,0,157950,0
140036,3,0,147420,0
140037,3,0,43875,0
140051,3,0,1478064,0
140052,3,0,449694,0
140053,3,0,390432,0
140054,3,0,1478064,0
140055,3,0,989327,0
140056,3,0,156870,0
140057,3,0,539633,0
140101,3,0,600133,0
140102,3,0,389466,0
140103,3,0,342258,0
140104,3,0,2849004,0
140105,3,0,132773,0
140106,3,0,342258,0
140107,3,0,132773,0
140108,3,0,1402080,0
140109,3,0,342258,0
140201,3,0,4300560,0
140202,3,0,1935252,0
140203,3,0,293220,0
140204,3,0,4300560,0
140205,3,0,1935252,0
140206,3,0,1759320,0
140207,3,0,4300560,0
140208,3,0,1935252,0
140209,3,0,1055592,0
140301,3,0,1052991,0
140302,3,0,417716,0
140303,3,0,97902,0
140304,3,0,1052991,0
140305,3,0,97902,0
140306,3,0,300233,0
140307,3,0,760591,0
140308,3,0,660513,0
140309,3,0,360280,0
140401,3,0,1855755,0
140402,3,0,715163,0
140403,3,0,165038,0
140404,3,0,517118,0
140405,3,0,517118,0
140406,3,0,718830,0
140407,3,0,165038,0
140408,3,0,1464066,0
140409,3,0,620541,0
140501,3,0,912387,0
140502,3,0,912387,0
140503,3,0,186625,0
140511,3,0,721615,0
140512,3,0,721615,0
140513,3,0,245199,0
140521,3,0,721615,0
140522,3,0,721615,0
140523,3,0,588478,0
140601,3,0,945000,0
140602,3,0,1188000,0
140603,3,0,324000,0
140611,3,0,1576800,0
140612,3,0,1576800,0
140613,3,0,1009800,0
140621,3,0,1188000,0
140622,3,0,1188000,0
140623,3,0,1684800,0
140624,3,0,550800,0
146001,3,0,7040,0
146002,3,0,3200,0
146003,3,0,3200,0
146005,3,0,16200,0
146011,3,0,4600,0
146012,3,0,1000,0
146013,3,0,1000,0
147001,3,0,4500,0
147002,3,0,4500,0
147003,3,0,4500,0
147004,3,0,24000,0
147005,3,0,24000,0
147006,3,0,24000,0
147007,3,0,29250,0
147008,3,0,29250,0
147009,3,0,29250,0
147010,3,0,104580,0
147011,3,0,104580,0
147012,3,0,104580,0
147101,3,0,53865,0
147102,3,0,53865,0
147103,3,0,53865,0
147111,3,0,114720,0
147112,3,0,114720,0
147113,3,0,114720,0
148001,3,0,2175920,0
148002,3,0,8000,0
148003,3,0,2175920,0
148004,3,0,8000,0
148005,3,0,2175920,0
148007,3,0,2175920,0
148009,3,0,2175920,0
148011,3,0,2175920,0
148013,3,0,2175920,0
148991,3,0,1,0
148992,3,0,1,0
149001,3,0,5280,0
149002,3,0,6120,0
149003,3,0,3300,0
149004,3,0,3300,0
149005,3,0,1,0
149006,3,0,1,0
149011,3,0,246240,0
149012,3,0,95040,0
149013,3,0,116640,0
149014,3,0,1,0
149015,3,0,1,0
149016,3,0,19305,0
149017,3,0,19305,0
149021,3,0,547560,0
149022,3,0,210600,0
149023,3,0,200070,0
149024,3,0,1,0
149025,3,0,1,0
149026,3,0,94770,0
149027,3,0,80190,0
149031,3,0,1,0
149032,3,0,1,0
149033,3,0,900492,0
149034,3,0,900492,0
149035,3,0,900492,0
149036,3,0,468000,0
149037,3,0,214263,0
149041,3,0,1,0
149042,3,0,1,0
149043,3,0,461768,0
149044,3,0,342714,0
149045,3,0,30990,0
149050,3,0,35280,0
149051,3,0,1738599,0
149052,3,0,169344,0
149053,3,0,2610720,0
149054,3,0,155232,0
149061,3,0,1738599,0
149062,3,0,169344,0
149063,3,0,2610720,0
149064,3,0,155232,0
149071,3,0,1738599,0
149072,3,0,169344,0
149073,3,0,2610720,0
149074,3,0,155232,0
149081,3,0,1738599,0
149082,3,0,169344,0
149083,3,0,2610720,0
149084,3,0,155232,0
149091,3,0,1738599,0
149092,3,0,169344,0
149093,3,0,2610720,0
149094,3,0,155232,0
130000,3,0,275105,0
130001,3,0,875105,0
130002,3,0,875105,0
130003,3,0,875105,0
130011,3,0,899168,0
130012,3,0,899168,0
130013,3,0,899168,0
130021,3,0,924215,0
130022,3,0,924215,0
130023,3,0,924215,0
130031,3,0,950257,0
130032,3,0,950257,0
130033,3,0,950257,0
130041,3,0,977323,0
130042,3,0,977323,0
130043,3,0,977323,0
130051,3,0,1005422,0
130052,3,0,1005422,0
130053,3,0,1005422,0
130061,3,0,1034578,0
130062,3,0,1034578,0
130063,3,0,1034578,0
130071,3,0,1064811,0
130072,3,0,1064811,0
130073,3,0,1064811,0
130081,3,0,1096134,0
130082,3,0,1096134,0
130083,3,0,1096134,0
130091,3,0,628573,0
130092,3,0,628573,0
130093,3,0,628573,0
130101,3,0,213678,0
130102,3,0,213678,0
130103,3,0,213678,0
130111,3,0,219621,0
130112,3,0,219621,0
130113,3,0,219621,0
130121,3,0,241749,0
130122,3,0,241749,0
130123,3,0,241749,0
130131,3,0,254065,0
130132,3,0,254065,0
130133,3,0,254065,0
130141,3,0,260601,0
130142,3,0,260601,0
130143,3,0,260601,0
130151,3,0,479136,0
130152,3,0,239568,0
130153,3,0,479136,0
130154,3,0,239568,0
130161,3,0,419606,0
130162,3,0,419606,0
130163,3,0,419606,0
130164,3,0,209803,0
130171,3,0,536751,0
130172,3,0,268376,0
130173,3,0,536751,0
130174,3,0,268376,0
130181,3,0,352518,0
130182,3,0,352518,0
130183,3,0,528777,0
130184,3,0,528777,0
130186,3,0,622646,0
130187,3,0,622646,0
130191,3,0,541750,0
130192,3,0,541750,0
130193,3,0,812625,0
130194,3,0,270875,0
133001,3,0,545608,0
133002,3,0,545608,0
133003,3,0,545608,0
133011,3,0,580608,0
133012,3,0,580608,0
133013,3,0,580608,0
133021,3,0,617040,0
133022,3,0,617040,0
133023,3,0,617040,0
133031,3,0,654920,0
133032,3,0,654920,0
133033,3,0,654920,0
133041,3,0,694288,0
133042,3,0,694288,0
133043,3,0,694288,0
133051,3,0,735160,0
133052,3,0,735160,0
133053,3,0,735160,0
133061,3,0,777568,0
133062,3,0,777568,0
133063,3,0,777568,0
133071,3,0,821544,0
133072,3,0,821544,0
133073,3,0,821544,0
133081,3,0,867104,0
133082,3,0,867104,0
133083,3,0,867104,0
133091,3,0,914288,0
133092,3,0,914288,0
133093,3,0,914288,0
133101,3,0,725209,0
133102,3,0,725209,0
133103,3,0,725209,0
133111,3,0,745380,0
133112,3,0,745380,0
133113,3,0,745380,0
133121,3,0,820479,0
133122,3,0,820479,0
133123,3,0,820479,0
133131,3,0,862280,0
133132,3,0,862280,0
133133,3,0,862280,0
133141,3,0,884464,0
133142,3,0,884464,0
133143,3,0,884464,0
133151,3,0,368566,0
133152,3,0,368566,0
133153,3,0,368566,0
133161,3,0,376570,0
133162,3,0,376570,0
133163,3,0,376570,0
133171,3,0,412886,0
133172,3,0,412886,0
133173,3,0,412886,0
133181,3,0,451946,0
133182,3,0,451946,0
133183,3,0,451946,0
133191,3,0,555641,0
133192,3,0,555641,0
133193,3,0,555641,0
136001,3,0,545608,0
136002,3,0,613809,0
136003,3,0,682010,0
136005,3,0,580608,0
136006,3,0,653184,0
136007,3,0,725760,0
136011,3,0,617040,0
136012,3,0,694170,0
136013,3,0,771300,0
136015,3,0,654920,0
136016,3,0,736785,0
136017,3,0,818650,0
136021,3,0,694288,0
136022,3,0,781074,0
136023,3,0,867860,0
136025,3,0,735160,0
136026,3,0,827055,0
136027,3,0,918950,0
136031,3,0,777568,0
136032,3,0,874764,0
136033,3,0,971960,0
136035,3,0,821544,0
136036,3,0,924237,0
136037,3,0,1026930,0
136041,3,0,867104,0
136042,3,0,975492,0
136043,3,0,1083880,0
136045,3,0,914288,0
136046,3,0,1028574,0
136047,3,0,1142860,0
136051,3,0,414405,0
136052,3,0,815860,0
136053,3,0,1165514,0
136055,3,0,425932,0
136056,3,0,838553,0
136057,3,0,1197932,0
136061,3,0,468845,0
136062,3,0,923039,0
136063,3,0,1318626,0
136065,3,0,492732,0
136066,3,0,970065,0
136067,3,0,1385807,0
136071,3,0,505408,0
136072,3,0,995022,0
136073,3,0,1421460,0
136075,3,0,294853,0
136076,3,0,294853,0
136077,3,0,294853,0
136081,3,0,301256,0
136082,3,0,301256,0
136083,3,0,301256,0
136085,3,0,330308,0
136086,3,0,330308,0
136087,3,0,330308,0
136091,3,0,361557,0
136092,3,0,361557,0
136093,3,0,361557,0
136095,3,0,444513,0
136096,3,0,444513,0
136097,3,0,444513,0
136101,3,0,545608,0
136102,3,0,613809,0
136103,3,0,682010,0
136105,3,0,580608,0
136106,3,0,653184,0
136107,3,0,725760,0
136111,3,0,617040,0
136112,3,0,694170,0
136113,3,0,771300,0
136115,3,0,654920,0
136116,3,0,736785,0
136117,3,0,818650,0
136121,3,0,694288,0
136122,3,0,781074,0
136123,3,0,867860,0
136125,3,0,735160,0
136126,3,0,827055,0
136127,3,0,918950,0
136131,3,0,777568,0
136132,3,0,874764,0
136133,3,0,971960,0
136135,3,0,821544,0
136136,3,0,924237,0
136137,3,0,1026930,0
136141,3,0,867104,0
136142,3,0,975492,0
136143,3,0,1083880,0
136145,3,0,914288,0
136146,3,0,1028574,0
136147,3,0,1142860,0
136151,3,0,963112,0
136152,3,0,1083501,0
136153,3,0,1203890,0
136155,3,0,425932,0
136156,3,0,838553,0
136157,3,0,1197932,0
136161,3,0,468845,0
136162,3,0,923039,0
136163,3,0,1318626,0
136165,3,0,492732,0
136166,3,0,970065,0
136167,3,0,1385807,0
136171,3,0,505408,0
136172,3,0,995022,0
136173,3,0,1421460,0
136175,3,0,294853,0
136176,3,0,294853,0
136177,3,0,294853,0
136181,3,0,301256,0
136182,3,0,301256,0
136183,3,0,301256,0
136185,3,0,330308,0
136186,3,0,330308,0
136187,3,0,330308,0
136191,3,0,361557,0
136192,3,0,361557,0
136193,3,0,361557,0
136195,3,0,444513,0
136196,3,0,444513,0
136197,3,0,444513,0
300001,2,0,40,0
300003,2,0,40,0
300004,2,0,80,0
300005,2,0,110,0
300006,2,0,40,0
300007,2,0,130,0
300008,2,0,190,0
300009,2,0,190,0
300010,2,0,30,0
300012,2,0,250,0
300014,2,0,750,0
300015,2,0,660,0
300016,2,0,1840,0
300017,2,0,660,0
300018,2,0,880,0
300019,2,0,1590,0
300020,2,0,1590,0
300021,2,0,1220,0
300022,2,0,2450,0
300023,2,0,320,0
300024,2,0,2590,0
300025,2,0,170,0
300026,2,0,2960,0
300063,2,0,2400,0
300064,2,0,2100,0
300065,2,0,2400,0
300066,2,0,2580,0
300067,2,0,60,0
300101,2,0,60,0
300102,2,0,60,0
300103,2,0,60,0
300111,2,0,60,0
300112,2,0,60,0
300121,2,0,130,0
300122,2,0,4120,0
300123,2,0,2160,0
300131,2,0,140,0
300132,2,0,140,0
300134,2,0,70,0
300141,2,0,70,0
300151,2,0,150,0
300152,2,0,2960,0
300154,2,0,2960,0
300156,2,0,1890,0
300157,2,0,80,0
300158,2,0,80,0
300159,2,0,200,0
300171,2,0,2960,0
300172,2,0,4210,0
300173,2,0,2620,0
300174,2,0,310,0
300181,2,0,7560,0
300191,2,0,170,0
300192,2,0,17060,0
300193,2,0,3370,0
300194,2,0,5990,0
300195,2,0,170,0
300201,2,0,5990,0
300211,2,0,8550,0
300212,2,0,180,0
300213,2,0,15390,0
300214,2,0,180,0
300215,2,0,8890,0
300216,2,0,180,0
300301,2,0,1,0
300302,2,0,1,0
300303,2,0,1,0
300304,2,0,1,0
300311,2,0,1,0
300312,2,0,1,0
300321,2,0,1,0
300333,2,0,1,0
300341,2,0,1,0
300351,2,0,1,0
300352,2,0,1,0
300361,2,0,1,0
300362,2,0,1,0
300363,2,0,1,0
300371,2,0,1,0
300372,2,0,1,0
300381,2,0,1,0
300391,2,0,1,0
300392,2,0,1,0
300393,2,0,1,0
300401,2,0,1,0
300402,2,0,1,0
300403,2,0,1,0
300411,2,0,1,0
300412,2,0,1,0
300421,2,0,1,0
300422,2,0,1,0
300423,2,0,1,0
300431,2,0,1,0
300441,2,0,1,0
300451,2,0,1,0
310001,2,0,10,0
310002,2,0,50,0
310003,2,0,40,0
310006,2,0,10,0
310007,2,0,10,0
310012,2,0,20,0
310013,2,0,20,0
310014,2,0,30,0
310021,2,0,20,0
310023,2,0,40,0
310024,2,0,10,0
310025,2,0,10,0
310026,2,0,160,0
310027,2,0,30,0
310028,2,0,40,0
310051,2,0,10,0
310052,2,0,120,0
310053,2,0,60,0
310054,2,0,60,0
310061,2,0,10,0
310062,2,0,50,0
310063,2,0,10,0
310071,2,0,10,0
310072,2,0,20,0
310073,2,0,10,0
310074,2,0,210,0
310075,2,0,140,0
310076,2,0,120,0
310077,2,0,120,0
310078,2,0,80,0
310079,2,0,80,0
310080,2,0,160,0
310085,2,0,10,0
310086,2,0,100,0
310091,2,0,10,0
310092,2,0,520,0
310093,2,0,310,0
310094,2,0,20,0
310095,2,0,10,0
310096,2,0,10,0
310101,2,0,220,0
310102,2,0,500,0
310103,2,0,120,0
310111,2,0,160,0
310112,2,0,160,0
310113,2,0,160,0
310128,2,0,10,0
310131,2,0,170,0
310132,2,0,210,0
310133,2,0,80,0
310134,2,0,330,0
310135,2,0,80,0
310141,2,0,20,0
310142,2,0,170,0
310143,2,0,70,0
310145,2,0,330,0
310146,2,0,330,0
310148,2,0,310,0
310149,2,0,1540,0
310151,2,0,20,0
310153,2,0,1680,0
310154,2,0,500,0
310155,2,0,780,0
310157,2,0,20,0
310158,2,0,270,0
310159,2,0,70,0
310161,2,0,570,0
310162,2,0,260,0
310165,2,0,590,0
310171,2,0,590,0
310173,2,0,880,0
310174,2,0,460,0
310175,2,0,30,0
310176,2,0,30,0
310177,2,0,110,0
310179,2,0,3790,0
310180,2,0,1260,0
310181,2,0,840,0
310185,2,0,110,0
310191,2,0,30,0
310192,2,0,90,0
310193,2,0,680,0
310194,2,0,120,0
310195,2,0,2250,0
310196,2,0,470,0
310197,2,0,30,0
310205,2,0,620,0
310206,2,0,30,0
310207,2,0,100,0
310281,2,0,30,0
310283,2,0,30,0
310286,2,0,5100,0
310287,2,0,1690,0
310302,2,0,70,0
310303,2,0,1630,0
310304,2,0,4080,0
310305,2,0,820,0
310306,2,0,820,0
310341,2,0,70,0
310343,2,0,70,0
310344,2,0,4080,0
310345,2,0,70,0
310346,2,0,1630,0
310347,2,0,40,0
310312,2,0,1730,0
310313,2,0,1730,0
310315,2,0,1730,0
310317,2,0,6480,0
310319,2,0,2590,0
310321,2,0,70,0
310323,2,0,40,0
310324,2,0,3950,0
310325,2,0,9880,0
310326,2,0,3040,0
310327,2,0,1520,0
310334,2,0,110,0
310351,2,0,6400,0
310352,2,0,1280,0
310353,2,0,6400,0
310354,2,0,120,0
310355,2,0,80,0
310356,2,0,1600,0
311001,2,0,2320,0
311002,2,0,40,0
311003,2,0,2320,0
311004,2,0,40,0
311005,2,0,1430,0
311006,2,0,40,0
311007,2,0,1430,0
311008,2,0,3520,0
311010,2,0,2800,0
311021,2,0,1430,0
311022,2,0,1720,0
311023,2,0,1430,0
311024,2,0,40,0
311025,2,0,5800,0
311026,2,0,1430,0
311027,2,0,90,0
311031,2,0,2990,0
311032,2,0,3290,0
311033,2,0,1440,0
311034,2,0,40,0
311035,2,0,11220,0
311036,2,0,2990,0
311041,2,0,2990,0
311042,2,0,2160,0
311043,2,0,2990,0
311044,2,0,40,0
311051,2,0,15460,0
311052,2,0,4420,0
311053,2,0,4420,0
311054,2,0,50,0
311055,2,0,90,0
311056,2,0,180,0
311057,2,0,4420,0
311058,2,0,6180,0
311059,2,0,5850,0
311060,2,0,4010,0
311071,2,0,14980,0
311072,2,0,1970,0
311073,2,0,1970,0
311074,2,0,5990,0
311075,2,0,2560,0
311076,2,0,4610,0
311077,2,0,5990,0
311078,2,0,50,0
311079,2,0,2560,0
311080,2,0,4610,0
311082,2,0,1970,0
311091,2,0,11480,0
311092,2,0,11480,0
311093,2,0,7650,0
311094,2,0,2890,0
311095,2,0,2890,0
311096,2,0,1890,0
311097,2,0,1890,0
311098,2,0,3060,0
311099,2,0,50,0
311101,2,0,50,0
311102,2,0,6360,0
311103,2,0,3180,0
311104,2,0,6360,0
311105,2,0,3180,0
311107,2,0,1310,0
311108,2,0,50,0
311110,2,0,3980,0
311121,2,0,15910,0
311122,2,0,3180,0
311123,2,0,1310,0
311124,2,0,1310,0
311125,2,0,3180,0
311126,2,0,3980,0
311127,2,0,4670,0
311128,2,0,110,0
311129,2,0,110,0
311130,2,0,11350,0
311131,2,0,11350,0
311132,2,0,110,0
311135,2,0,110,0
311141,2,0,110,0
311142,2,0,11350,0
311143,2,0,320,0
311144,2,0,21420,0
311145,2,0,110,0
311146,2,0,5710,0
311147,2,0,8430,0
311148,2,0,7060,0
311149,2,0,110,0
311150,2,0,5710,0
311151,2,0,110,0
311152,2,0,5710,0
311153,2,0,8570,0
311154,2,0,8570,0
311155,2,0,3530,0
311156,2,0,110,0
311157,2,0,5710,0
311158,2,0,5710,0
311161,2,0,5640,0
311162,2,0,5640,0
311163,2,0,9660,0
311164,2,0,120,0
311171,2,0,25060,0
311172,2,0,5640,0
311181,2,0,25060,0
311182,2,0,60,0
311183,2,0,3990,0
311184,2,0,6040,0
311185,2,0,230,0
311191,2,0,120,0
311192,2,0,11660,0
311193,2,0,7090,0
311194,2,0,6480,0
311195,2,0,120,0
311196,2,0,6480,0
311197,2,0,120,0
312001,2,0,1,0
312002,2,0,1,0
312011,2,0,1,0
312021,2,0,1,0
312022,2,0,1,0
312031,2,0,1,0
312032,2,0,1,0
312041,2,0,1,0
312042,2,0,1,0
312043,2,0,1,0
312051,2,0,1,0
312061,2,0,1,0
312062,2,0,1,0
312071,2,0,1,0
312072,2,0,1,0
312081,2,0,1,0
312082,2,0,1,0
312091,2,0,1,0
312092,2,0,1,0
312101,2,0,1,0
312111,2,0,1,0
312112,2,0,1,0
312121,2,0,1,0
312131,2,0,1,0
312142,2,0,1,0
312143,2,0,1,0
312151,2,0,1,0
312152,2,0,1,0
312161,2,0,1,0
312162,2,0,1,0
312163,2,0,1,0
312171,2,0,1,0
312181,2,0,1,0
312182,2,0,1,0
312183,2,0,1,0
312191,2,0,1,0
312201,2,0,1,0
312202,2,0,1,0
312212,2,0,1,0
312213,2,0,1,0
312214,2,0,1,0
312221,2,0,1,0
312222,2,0,1,0
312225,2,0,1,0
312226,2,0,1,0
312231,2,0,1,0
312233,2,0,1,0
312241,2,0,1,0
312251,2,0,1,0
312252,2,0,1,0
312253,2,0,1,0
312254,2,0,1,0
312261,2,0,1,0
312262,2,0,1,0
312263,2,0,1,0
312264,2,0,1,0
312265,2,0,1,0
312271,2,0,1,0
312272,2,0,1,0
312278,2,0,1,0
312273,2,0,1,0
312274,2,0,1,0
312275,2,0,1,0
312281,2,0,1,0
312282,2,0,1,0
312283,2,0,1,0
312291,2,0,1,0
312292,2,0,1,0
312293,2,0,1,0
312301,2,0,1,0
312302,2,0,1,0
312311,2,0,1,0
312321,2,0,1,0
312322,2,0,1,0
312331,2,0,1,0
312332,2,0,1,0
312341,2,0,1,0
312351,2,0,1,0
312361,2,0,1,0
312362,2,0,1,0
312363,2,0,1,0
312371,2,0,1,0
312381,2,0,1,0
312391,2,0,1,0
312392,2,0,1,0
312401,2,0,1,0
312402,2,0,1,0
312403,2,0,1,0
312404,2,0,1,0
312405,2,0,1,0
312411,2,0,1,0
312412,2,0,1,0
312421,2,0,1,0
312423,2,0,1,0
312422,2,0,1,0
312431,2,0,1,0
312432,2,0,1,0
312433,2,0,1,0
312441,2,0,1,0
312442,2,0,1,0
312443,2,0,1,0
312445,2,0,1,0
312447,2,0,1,0
312451,2,0,1,0
312455,2,0,1,0
312461,2,0,1,0
312471,2,0,1,0
312472,2,0,1,0
312473,2,0,1,0
312481,2,0,1,0
312482,2,0,1,0
312491,2,0,1,0
312501,2,0,1,0
312502,2,0,1,0
312511,2,0,1,0
312512,2,0,1,0
312513,2,0,1,0
312514,2,0,1,0
312521,2,0,1,0
312531,2,0,1,0
312532,2,0,1,0
312541,2,0,1,0
312542,2,0,1,0
312551,2,0,1,0
312552,2,0,1,0
312553,2,0,1,0
312571,2,0,1,0
312572,2,0,1,0
312582,2,0,1,0
312584,2,0,1,0
312591,2,0,1,0
312601,2,0,1,0
312602,2,0,1,0
312611,2,0,1,0
312612,2,0,1,0
312613,2,0,1,0
312614,2,0,1,0
312621,2,0,1,0
312622,2,0,1,0
312623,2,0,1,0
312631,2,0,1,0
312632,2,0,1,0
312633,2,0,1,0
312641,2,0,1,0
312642,2,0,1,0
312643,2,0,1,0
312651,2,0,1,0
312652,2,0,1,0
312661,2,0,1,0
312662,2,0,1,0
312663,2,0,1,0
312671,2,0,1,0
312672,2,0,1,0
312673,2,0,1,0
312681,2,0,1,0
312682,2,0,1,0
340001,2,0,140,0
340002,2,0,90,0
340003,2,0,140,0
340004,2,0,420,0
340005,2,0,90,0
340006,2,0,80,0
340007,2,0,140,0
340011,2,0,2560,0
340012,2,0,1600,0
340013,2,0,800,0
340014,2,0,6400,0
340015,2,0,1280,0
340016,2,0,2560,0
340017,2,0,3120,0
340018,2,0,1600,0
340031,2,0,11480,0
340032,2,0,4730,0
340033,2,0,1890,0
340034,2,0,7650,0
340035,2,0,3150,0
340036,2,0,2840,0
340037,2,0,3060,0
340051,2,0,11660,0
340052,2,0,4640,0
340053,2,0,2580,0
340054,2,0,11660,0
340055,2,0,11610,0
340056,2,0,6480,0
340057,2,0,6970,0
340101,2,0,1,0
340102,2,0,1,0
340103,2,0,1,0
340104,2,0,1,0
340105,2,0,1,0
340106,2,0,1,0
340107,2,0,1,0
340108,2,0,1,0
340109,2,0,1,0
340201,2,0,1,0
340202,2,0,1,0
340203,2,0,1,0
340204,2,0,1,0
340205,2,0,1,0
340206,2,0,1,0
340207,2,0,1,0
340208,2,0,1,0
340209,2,0,1,0
346001,2,0,10,0
346002,2,0,10,0
346003,2,0,10,0
347001,2,0,10,0
347002,2,0,10,0
347003,2,0,10,0
347004,2,0,10,0
347005,2,0,10,0
347006,2,0,10,0
347007,2,0,50,0
347008,2,0,50,0
347009,2,0,50,0
347010,2,0,120,0
347011,2,0,120,0
347012,2,0,120,0
347101,2,0,1,0
347102,2,0,1,0
347103,2,0,1,0
347111,2,0,1,0
347112,2,0,1,0
347113,2,0,1,0
348001,2,0,10,0
348002,2,0,10,0
348003,2,0,10,0
348004,2,0,10,0
349001,2,0,210,0
349002,2,0,70,0
349005,2,0,0,0
349006,2,0,0,0
349011,2,0,4050,0
349012,2,0,1350,0
349013,2,0,1630,0
349014,2,0,0,0
349015,2,0,0,0
349021,2,0,20660,0
349022,2,0,6890,0
349023,2,0,6080,0
349024,2,0,0,0
349025,2,0,0,0
349026,2,0,80000,0
400001,1,2120001,1,0
400002,1,2123001,1,0
400003,1,2126001,1,0
400004,1,2110001,1,0
400005,1,2113001,1,0
400006,1,2116001,1,0
400007,1,2130001,1,0
400008,1,2133001,1,0
400009,1,2136001,1,0
400010,1,9100,1,0
400011,1,2150001,1,0
400012,1,2153001,1,0
400014,1,9101,1,0
400015,1,2140111,1,1
400016,1,2143111,1,1
400017,1,2146111,1,1
400018,1,2110111,1,1
400019,1,2113111,1,1
400020,1,2116111,1,1
400021,1,2070011,1,0
400022,1,2130111,1,1
400023,1,2133111,1,1
400024,1,2136111,1,1
400025,1,11020,2,1
400026,1,11030,2,1
400027,1,2150111,1,1
400028,1,2153111,1,1
400029,1,2156111,1,1
400030,1,9102,1,0
400031,1,2140211,1,1
400032,1,2143211,1,1
400033,1,2146211,1,1
400034,1,2110211,1,1
400035,1,2113211,1,1
400036,1,2116211,1,1
400037,1,2130211,1,1
400038,1,2133211,1,1
400039,1,2136211,1,1
400040,1,2150211,1,1
400041,1,2153211,1,1
400042,1,2156211,1,1
400043,1,9103,1,0
400044,1,2140311,1,1
400045,1,2143311,1,1
400046,1,2146311,1,1
400047,1,2110311,1,1
400048,1,2113311,1,1
400049,1,2116311,1,1
400050,1,2080211,1,0
400051,1,2080211,1,0
400052,1,2150311,1,1
400053,1,2153311,1,1
400054,1,2156311,1,1
400055,1,9104,1,0
400056,1,2120411,1,1
400057,1,2123411,1,1
400058,1,2126411,1,1
400059,1,2140011,1,0
400060,1,2143011,1,0
400061,1,2146011,1,0
400062,1,10001,20,1
400063,1,10101,18,1
400064,1,11000,2,1
400065,1,11010,2,1
400066,1,2120111,1,0
400067,1,2123111,1,0
400068,1,2126111,1,0
400069,1,10000,20,1
400070,1,10100,18,1
400071,1,2080011,1,0
400072,1,2080011,1,0
400073,1,510012,1,0
400074,1,10000,20,1
400075,1,10100,18,1
400076,1,2120211,1,0
400077,1,2123211,1,0
400078,1,2126211,1,0
400079,1,2080111,1,0
400080,1,2080111,1,0
400081,1,10005,20,1
400082,1,10105,18,1
400083,1,11001,2,1
400084,1,11011,2,1
400085,1,2070111,1,0
400086,1,2120311,1,1
400087,1,2123311,1,1
400088,1,2126311,1,1
400089,1,10004,20,1
400090,1,10104,18,1
400091,1,11021,2,1
400092,1,11031,2,1
400093,1,2110311,1,1
400094,1,2113311,1,1
400095,1,2116311,1,1
400096,1,2130311,1,1
400097,1,2133311,1,1
400098,1,2136311,1,1
400099,1,10004,20,1
400100,1,10104,18,1
400101,1,11002,2,1
400102,1,11012,2,1
400181,1,9150,1,0
400182,1,9151,1,0
400183,1,9152,1,0
400184,1,9153,1,0
400185,1,9154,1,0
400186,1,9155,1,0
400187,1,9156,1,0
400188,1,9157,1,0
400189,1,9158,1,0
400190,1,9159,1,0
400191,1,9160,1,0
400192,1,9161,1,0
400193,1,9162,1,0
400194,1,9163,1,0
400195,1,9164,1,0
400196,1,9165,1,0
400197,1,9166,1,0
400198,1,9167,1,0
400199,1,9168,1,0
400200,1,9169,1,0
400201,1,13000,1,0
400202,1,13100,1,0
400203,1,13200,1,0
400204,1,13300,1,0
400205,1,13001,1,0
400206,1,13101,1,0
400207,1,13201,1,0
400208,1,13301,1,0
400209,1,13002,1,0
400210,1,13102,1,0
400211,1,13202,1,0
400212,1,13302,1,0
400213,1,13003,1,0
400214,1,13103,1,0
400215,1,13203,1,0
400216,1,13303,1,0
400217,1,13004,1,0
400218,1,13104,1,0
400219,1,13204,1,0
400220,1,13304,1,0
400221,1,13005,1,0
400222,1,13105,1,0
400223,1,13205,1,0
400224,1,13305,1,0
400225,1,13006,1,0
400226,1,13106,1,0
400227,1,13206,1,0
400228,1,13306,1,0
400229,1,13007,1,0
400230,1,13107,1,0
400231,1,13207,1,0
400232,1,13307,1,0
400233,1,13008,1,0
400234,1,13108,1,0
400235,1,13208,1,0
400236,1,13308,1,0
400237,1,13009,1,0
400238,1,13109,1,0
400239,1,13209,1,0
400240,1,13309,1,0
400241,1,13010,1,1
400242,1,13110,1,1
400243,1,13210,1,1
400244,1,13310,1,1
400245,1,13011,1,1
400246,1,13111,1,1
400247,1,13211,1,1
400248,1,13311,1,1
400249,1,13012,1,1
400250,1,13112,1,1
400251,1,13212,1,1
400252,1,13312,1,1
400253,1,13013,1,1
400254,1,13113,1,1
400255,1,13213,1,1
400256,1,13313,1,1
400257,1,13014,1,1
400258,1,13114,1,1
400259,1,13214,1,1
400260,1,13314,1,1
400261,1,13015,1,1
400262,1,13115,1,1
400263,1,13215,1,1
400264,1,13315,1,1
400265,1,13016,1,1
400266,1,13116,1,1
400267,1,13216,1,1
400268,1,13316,1,1
400269,1,13017,1,1
400270,1,13117,1,1
400271,1,13217,1,1
400272,1,13317,1,1
400273,1,13018,1,1
400274,1,13118,1,1
400275,1,13218,1,1
400276,1,13318,1,1
400277,1,13019,1,1
400278,1,13119,1,1
400279,1,13219,1,1
400280,1,13319,1,1
400281,1,13020,1,1
400282,1,13120,1,1
400283,1,13220,1,1
400284,1,13320,1,1
400285,1,13021,1,1
400286,1,13121,1,1
400287,1,13221,1,1
400288,1,13321,1,1
400289,1,13022,1,1
400290,1,13122,1,1
400291,1,13222,1,1
400292,1,13322,1,1
400293,1,13023,1,1
400294,1,13123,1,1
400295,1,13223,1,1
400296,1,13323,1,1
400297,1,13024,1,1
400298,1,13124,1,1
400299,1,13224,1,1
400300,1,13324,1,1
400301,1,13025,1,1
400302,1,13125,1,1
400303,1,13225,1,1
400304,1,13325,1,1
400305,1,13026,1,1
400306,1,13126,1,1
400307,1,13226,1,1
400308,1,13326,1,1
400309,1,13027,1,1
400310,1,13127,1,1
400311,1,13227,1,1
400312,1,13327,1,1
400313,1,13028,1,1
400314,1,13128,1,1
400315,1,13228,1,1
400316,1,13328,1,1
400317,1,13029,1,1
400318,1,13129,1,1
400319,1,13229,1,1
400320,1,13329,1,1
400321,1,13030,1,1
400322,1,13130,1,1
400323,1,13230,1,1
400324,1,13330,1,1
400325,1,13031,1,1
400326,1,13131,1,1
400327,1,13231,1,1
400328,1,13331,1,1
400329,1,13032,1,1
400330,1,13132,1,1
400331,1,13232,1,1
400332,1,13332,1,1
400333,1,13033,1,1
400334,1,13133,1,1
400335,1,13233,1,1
400336,1,13333,1,1
400337,1,13034,1,1
400338,1,13134,1,1
400339,1,13234,1,1
400340,1,13334,1,1
400341,1,13035,1,1
400342,1,13135,1,1
400343,1,13235,1,1
400344,1,13335,1,1
400345,1,13036,1,1
400346,1,13136,1,1
400347,1,13236,1,1
400348,1,13336,1,1
400349,1,13037,1,1
400350,1,13137,1,1
400351,1,13237,1,1
400352,1,13337,1,1
400353,1,13038,1,1
400354,1,13138,1,1
400355,1,13238,1,1
400356,1,13338,1,1
400357,1,13039,1,1
400358,1,13139,1,1
400359,1,13239,1,1
400360,1,13339,1,1
400361,1,13040,1,1
400362,1,13140,1,1
400363,1,13240,1,1
400364,1,13340,1,1
400365,1,13041,1,1
400366,1,13141,1,1
400367,1,13241,1,1
400368,1,13341,1,1
400369,1,13042,1,1
400370,1,13142,1,1
400371,1,13242,1,1
400372,1,13342,1,1
400373,1,13043,1,1
400374,1,13143,1,1
400375,1,13243,1,1
400376,1,13343,1,1
400377,1,13044,1,1
400378,1,13144,1,1
400379,1,13244,1,1
400380,1,13344,1,1
400381,1,13045,1,1
400382,1,13145,1,1
400383,1,13245,1,1
400384,1,13345,1,1
400385,1,13046,1,1
400386,1,13146,1,1
400387,1,13246,1,1
400388,1,13346,1,1
400389,1,13047,1,1
400390,1,13147,1,1
400391,1,13247,1,1
400392,1,13347,1,1
400393,1,13048,1,1
400394,1,13148,1,1
400395,1,13248,1,1
400396,1,13348,1,1
400397,1,13049,1,1
400398,1,13149,1,1
400399,1,13249,1,1
400400,1,13349,1,1
400401,1,13400,1,0
400402,1,13401,1,0
400403,1,13402,1,0
400404,1,13403,1,0
400405,1,13404,1,0
400406,1,13405,1,0
400407,1,13406,1,0
400408,1,13407,1,0
400409,1,13408,1,0
400410,1,13409,1,0
400411,1,13410,1,1
400412,1,13411,1,1
400413,1,13412,1,1
400414,1,13413,1,1
400415,1,13414,1,1
400416,1,13415,1,1
400417,1,13416,1,1
400418,1,13417,1,1
400419,1,13418,1,1
400420,1,13419,1,1
400421,1,13420,1,1
400422,1,13421,1,1
400423,1,13422,1,1
400424,1,13423,1,1
400425,1,13424,1,1
400426,1,13425,1,1
400427,1,13426,1,1
400428,1,13427,1,1
400429,1,13428,1,1
400430,1,13429,1,1
400431,1,13430,1,1
400432,1,13431,1,1
400433,1,13432,1,1
400434,1,13433,1,1
400435,1,13434,1,1
400436,1,13435,1,1
400437,1,13436,1,1
400438,1,13437,1,1
400439,1,13438,1,1
400440,1,13439,1,1
400441,1,13440,1,1
400442,1,13441,1,1
400443,1,13442,1,1
400444,1,13443,1,1
400445,1,13444,1,1
400446,1,13445,1,1
400447,1,13446,1,1
400448,1,13447,1,1
400449,1,13448,1,1
400450,1,13449,1,1
401001,1,2140411,1,1
401002,1,2143411,1,1
401003,1,2146411,1,1
401004,1,2070211,1,0
401005,1,2110411,1,1
401006,1,2113411,1,1
401007,1,2116411,1,1
401008,1,2130411,1,1
401009,1,2133411,1,1
401010,1,2136411,1,1
401011,1,2150411,1,1
401012,1,2153411,1,1
401013,1,2156411,1,1
401014,1,9105,1,0
401015,1,2120511,1,1
401016,1,2123511,1,1
401017,1,2126511,1,1
401018,1,2110511,1,1
401019,1,2113511,1,1
401020,1,2116511,1,1
401021,1,2140511,1,1
401022,1,2143511,1,1
401023,1,2146511,1,1
401024,1,2070311,1,0
401025,1,2150511,1,1
401026,1,2153511,1,1
401027,1,2156511,1,1
401028,1,2120611,1,1
401029,1,2123611,1,1
401030,1,2126611,1,1
401031,1,2080411,1,0
401032,1,2080411,1,0
401033,1,10009,20,1
401034,1,10109,18,1
401035,1,2080311,1,0
401036,1,2080311,1,0
401037,1,10008,20,1
401038,1,10108,18,1
401039,1,11022,2,1
401040,1,11032,2,1
401041,1,10008,20,1
401042,1,10108,18,1
401043,1,2130511,1,1
401044,1,2133511,1,1
401045,1,2136511,1,1
401046,1,11003,2,1
401047,1,11013,2,1
401048,1,10013,20,1
401049,1,10113,18,1
401050,1,9070,1,0
401051,1,510013,1,0
401052,1,82001,1,0
401053,1,82001,2,0
401054,1,82001,3,0
401055,1,82002,1,0
401056,1,82002,2,0
401057,1,82002,3,0
401058,1,82008,1,0
401059,1,82009,1,0
401060,1,82007,1,0
401061,1,82011,1,0
401062,1,82012,1,0
401063,1,82010,1,0
401064,1,11023,2,1
401065,1,11033,2,1
401066,1,11004,2,1
401067,1,11014,2,1
401068,1,11024,2,1
401069,1,11034,2,1
401070,1,10012,20,1
401071,1,10112,18,1
401072,1,82014,1,0
401073,1,82015,1,0
401074,1,82013,1,0
401075,1,0,0,0
401076,1,0,0,0
401077,1,0,0,0
401078,1,0,0,0
401079,1,0,0,0
401080,1,0,0,0
401081,1,9071,1,0
401082,1,500000,1,0
401083,1,10017,20,1
401084,1,10117,18,1
401085,1,11026,2,1
401086,1,11036,2,1
401087,1,10016,20,1
401088,1,10116,18,1
401089,1,11006,2,1
401090,1,11016,2,1
401091,1,500000,1,1
401092,1,500001,1,1
401093,1,500002,1,1
401094,1,400500,1,0
401095,1,1110411,1,1
401096,1,1120411,1,1
401097,1,1130411,1,1
401098,1,1030411,1,1
401099,1,2110211,1,1
401100,1,2113211,1,1
401101,1,2116211,1,1
401102,1,2120211,1,1
401103,1,2123211,1,1
401104,1,2126211,1,1
401105,1,2130211,1,1
401106,1,2133211,1,1
401107,1,2136211,1,1
401108,1,2140211,1,1
401109,1,2143211,1,1
401110,1,2146211,1,1
401111,1,2150211,1,1
401112,1,2153211,1,1
401113,1,2156211,1,1
401114,1,1030811,1,1
401115,1,1110811,1,1
401116,1,1120811,1,1
401117,1,1130811,1,1
401118,1,2110411,1,1
401119,1,2116411,1,1
401120,1,2113412,1,1
401121,1,2120411,1,1
401122,1,2126411,1,1
401123,1,2123412,1,1
401124,1,2130411,1,1
401125,1,2136411,1,1
401126,1,2133412,1,1
401127,1,2140411,1,1
401128,1,2146411,1,1
401129,1,2143412,1,1
401130,1,2150411,1,1
401131,1,2156411,1,1
401132,1,2153412,1,1
401133,1,1031011,1,1
401134,1,1111011,1,1
401135,1,1121011,1,1
401136,1,1131011,1,1
401137,1,2160511,1,1
401138,1,2160512,1,1
401139,1,2110511,1,1
401140,1,2113512,1,1
401141,1,2116512,1,1
401142,1,2120511,1,1
401143,1,2123512,1,1
401144,1,2126512,1,1
401145,1,2130511,1,1
401146,1,2133512,1,1
401147,1,2136512,1,1
401148,1,2140511,1,1
401149,1,2143512,1,1
401150,1,2146512,1,1
401151,1,2150511,1,1
401152,1,2153512,1,1
401153,1,2156512,1,1
401154,1,1031211,1,1
401155,1,1111211,1,1
401156,1,1121211,1,1
401157,1,1131211,1,1
401158,1,2160611,1,1
401159,1,2160612,1,1
401160,1,2110611,1,1
401161,1,2113611,1,1
401162,1,2116611,1,1
401163,1,2120611,1,1
401164,1,2123611,1,1
401165,1,2126611,1,1
401166,1,2130611,1,1
401167,1,2133611,1,1
401168,1,2136611,1,1
401169,1,2140611,1,1
401170,1,2143611,1,1
401171,1,2146611,1,1
401172,1,2150611,1,1
401173,1,2153611,1,1
401174,1,2156611,1,1
401175,1,510049,1,0
401176,1,9076,1,0
401177,1,2070021,1,1
401178,1,2070022,1,1
401179,1,2080021,1,1
401180,1,2080022,1,1
401181,1,2070121,1,1
401182,1,2070122,1,1
401183,1,2080221,1,1
401184,1,2080222,1,1
401185,1,2070221,1,1
401186,1,2070222,1,1
401187,1,2080321,1,1
401188,1,2080322,1,1
401189,1,2070321,1,1
401190,1,2070322,1,1
401191,1,2080421,1,1
401192,1,2080422,1,1
401193,1,510050,1,0
401194,1,1100411,1,1
401195,1,1100811,1,1
401196,1,1101011,1,1
401197,1,1101211,1,1
401205,1,510074,1,0
401206,1,510075,1,1
401207,1,510076,1,1
401208,1,510077,1,1
401209,1,511201,1,1
401210,1,511202,1,1
401211,1,511203,1,1
401212,1,511204,1,1
401213,1,511205,1,1
401301,1,2310211,1,1
401302,1,2313211,1,1
401303,1,2316211,1,1
401304,1,2320211,1,1
401305,1,2323211,1,1
401306,1,2326211,1,1
401307,1,2330211,1,1
401308,1,2333211,1,1
401309,1,2336211,1,1
401310,1,2340211,1,1
401311,1,2343211,1,1
401312,1,2346211,1,1
401313,1,2350211,1,1
401314,1,2353211,1,1
401315,1,2356211,1,1
401316,1,2310411,1,1
401317,1,2313412,1,1
401318,1,2316411,1,1
401319,1,2320411,1,1
401320,1,2323412,1,1
401321,1,2326411,1,1
401322,1,2330411,1,1
401323,1,2333412,1,1
401324,1,2336411,1,1
401325,1,2340411,1,1
401326,1,2343412,1,1
401327,1,2346411,1,1
401328,1,2350411,1,1
401329,1,2353412,1,1
401330,1,2356411,1,1
401331,1,2310511,1,1
401332,1,2313512,1,1
401333,1,2316512,1,1
401334,1,2320511,1,1
401335,1,2323512,1,1
401336,1,2326512,1,1
401337,1,2330511,1,1
401338,1,2333512,1,1
401339,1,2336512,1,1
401340,1,2340511,1,1
401341,1,2343512,1,1
401342,1,2346512,1,1
401343,1,2350511,1,1
401344,1,2353512,1,1
401345,1,2356512,1,1
401346,1,2360511,1,1
401347,1,2360512,1,1
401348,1,2310611,1,1
401349,1,2313611,1,1
401350,1,2316611,1,1
401351,1,2320611,1,1
401352,1,2323611,1,1
401353,1,2326611,1,1
401354,1,2330611,1,1
401355,1,2333611,1,1
401356,1,2336611,1,1
401357,1,2340611,1,1
401358,1,2343611,1,1
401359,1,2346611,1,1
401360,1,2350611,1,1
401361,1,2353611,1,1
401362,1,2356611,1,1
401363,1,2360611,1,1
401364,1,2360612,1,1
150001,3,0,4032,0
150002,3,0,2160,0
150003,3,0,1440,0
150004,3,0,5184,0
150005,3,0,6048,0
150006,3,0,3996,0
150007,3,0,15552,0
150008,3,0,2160,0
150009,3,0,52416,0
150010,3,0,52416,0
150011,3,0,102960,0
150012,3,0,65520,0
150013,3,0,34272,0
150014,3,0,287885,0
150015,3,0,77112,0
150016,3,0,51408,0
150017,3,0,11700,0
150018,3,0,211508,0
150019,3,0,127680,0
150020,3,0,153216,0
150021,3,0,3360,0
150022,3,0,3360,0
150023,3,0,2700,0
150024,3,0,1200,0
150025,3,0,4995,0
150026,3,0,1,0
150027,3,0,3840,0
150028,3,0,3840,0
150029,3,0,10656,0
150030,3,0,1,0
150031,3,0,3960,0
150032,3,0,3960,0
150033,3,0,10560,0
150034,3,0,10560,0
150035,3,0,9504,0
150036,3,0,1,0
150037,3,0,11700,0
150038,3,0,11700,0
150039,3,0,4050,0
150040,3,0,7920,0
150041,3,0,12960,0
150042,3,0,12960,0
150043,3,0,3780,0
150044,3,0,27216,0
150045,3,0,5670,0
150046,3,0,20979,0
150047,3,0,3780,0
150048,3,0,27216,0
150049,3,0,32292,0
150050,3,0,9315,0
150051,3,0,32292,0
150052,3,0,23598,0
150053,3,0,4140,0
150054,3,0,9315,0
150055,3,0,4140,0
150056,3,0,12600,0
150057,3,0,8400,0
150058,3,0,43680,0
150059,3,0,31920,0
150060,3,0,43680,0
150061,3,0,43680,0
150062,3,0,5600,0
150063,3,0,12600,0
150064,3,0,25760,0
150065,3,0,8400,0
150066,3,0,11000,0
150067,3,0,85800,0
150068,3,0,24750,0
150069,3,0,11000,0
150070,3,0,85800,0
150071,3,0,11000,0
150072,3,0,14625,0
150073,3,0,54600,0
150074,3,0,9750,0
150075,3,0,54600,0
150076,3,0,14625,0
150077,3,0,9750,0
150078,3,0,38025,0
150079,3,0,6500,0
150080,3,0,54600,0
150081,3,0,9750,0
150082,3,0,54600,0
150083,3,0,54600,0
150084,3,0,54600,0
150085,3,0,14625,0
150086,3,0,14625,0
150087,3,0,31200,0
150088,3,0,14625,0
150089,3,0,14625,0
150090,3,0,54600,0
150091,3,0,6500,0
150092,3,0,6500,0
150093,3,0,9750,0
150094,3,0,31200,0
150095,3,0,14625,0
150096,3,0,6500,0
150097,3,0,42840,0
150098,3,0,64260,0
150099,3,0,21938,0
150100,3,0,14625,0
150101,3,0,57038,0
150102,3,0,90675,0
150103,3,0,21938,0
150104,3,0,9750,0
150105,3,0,1,0
150106,3,0,1,0
150107,3,0,1,0
150108,3,0,90675,0
150109,3,0,9750,0
150110,3,0,21938,0
150111,3,0,14625,0
150112,3,0,101088,0
150113,3,0,17280,0
150114,3,0,160704,0
150115,3,0,38880,0
150116,3,0,38880,0
150117,3,0,25920,0
150118,3,0,101088,0
150119,3,0,176256,0
150120,3,0,38880,0
150121,3,0,43605,0
150122,3,0,29070,0
150123,3,0,29070,0
150124,3,0,47880,0
150125,3,0,234080,0
150126,3,0,21280,0
150127,3,0,127680,0
150128,3,0,106400,0
150129,3,0,31920,0
150130,3,0,1,0
150131,3,0,21280,0
150132,3,0,47880,0
150133,3,0,21280,0
150134,3,0,170240,0
150135,3,0,234080,0
150136,3,0,47880,0
150137,3,0,234080,0
150138,3,0,29070,0
150139,3,0,290700,0
150140,3,0,65408,0
150141,3,0,29070,0
150142,3,0,174420,0
150143,3,0,319770,0
150144,3,0,65408,0
150145,3,0,31920,0
150146,3,0,21280,0
150147,3,0,100800,0
150148,3,0,100800,0
150149,3,0,31920,0
150150,3,0,65408,0
150151,3,0,100800,0
150152,3,0,1,0
150153,3,0,1,0
150154,3,0,12600,0
150155,3,0,43680,0
150156,3,0,31920,0
150157,3,0,105750,0
150158,3,0,282000,0
150159,3,0,338400,0
150160,3,0,8400,0
150161,3,0,8400,0
150162,3,0,8400,0
150163,3,0,70500,0
150164,3,0,70500,0
150165,3,0,70500,0
150166,3,0,5600,0
150167,3,0,5600,0
150168,3,0,70500,0
150169,3,0,800,0
150170,3,0,151200,0
150171,3,0,31920,0
150172,3,0,31920,0
150173,3,0,7800,0
150174,3,0,120960,0
150175,3,0,90675,0
150176,3,0,90675,0
150177,3,0,1008000,0
150178,3,0,25668,0
150179,3,0,4608,0
150180,3,0,4608,0
150181,3,0,1440,0
150182,3,0,6912,0
150183,3,0,5994,0
150184,3,0,2664,0
150185,3,0,3840,0
150186,3,0,1200,0
150187,3,0,4320,0
150188,3,0,4320,0
150189,3,0,2700,0
150190,3,0,5760,0
150191,3,0,5760,0
150192,3,0,5760,0
150193,3,0,2500,0
150194,3,0,23232,0
150195,3,0,11616,0
150196,3,0,10560,0
150197,3,0,3960,0
150198,3,0,11616,0
150199,3,0,4860,0
150200,3,0,2160,0
150201,3,0,52416,0
150202,3,0,12960,0
150203,3,0,12960,0
150204,3,0,12960,0
150205,3,0,12960,0
150206,3,0,4050,0
150207,3,0,4050,0
150208,3,0,3780,0
150209,3,0,8505,0
150210,3,0,5670,0
150211,3,0,27216,0
150212,3,0,20979,0
150213,3,0,9315,0
150214,3,0,32292,0
150215,3,0,32292,0
150216,3,0,23598,0
150217,3,0,4140,0
150218,3,0,9315,0
150219,3,0,4140,0
150220,3,0,800,0
150221,3,0,32292,0
150222,3,0,12320,0
150223,3,0,5600,0
150224,3,0,8400,0
150225,3,0,1200,0
151001,3,0,100926,0
151002,3,0,100926,0
151003,3,0,233252,0
151004,3,0,100926,0
151005,3,0,44856,0
151006,3,0,44352,0
151007,3,0,99792,0
151008,3,0,99792,0
151009,3,0,44352,0
151010,3,0,109350,0
151011,3,0,72900,0
151012,3,0,432432,0
151013,3,0,102960,0
151014,3,0,68640,0
151015,3,0,702173,0
151016,3,0,316332,0
151017,3,0,970085,0
151018,3,0,2066703,0
151019,3,0,2066703,0
151020,3,0,906819,0
151021,3,0,517000,0
151022,3,0,105750,0
151023,3,0,70500,0
151024,3,0,105750,0
151025,3,0,105750,0
151026,3,0,517000,0
151027,3,0,105750,0
151028,3,0,37380,0
151029,3,0,84105,0
151030,3,0,37380,0
151031,3,0,37380,0
151032,3,0,37380,0
151033,3,0,84105,0
151034,3,0,441084,0
151035,3,0,84105,0
151036,3,0,37380,0
151037,3,0,202950,0
151038,3,0,135300,0
151039,3,0,90200,0
151040,3,0,202950,0
151041,3,0,1064360,0
151042,3,0,90200,0
151043,3,0,1064360,0
151044,3,0,202950,0
151045,3,0,452640,0
151046,3,0,868480,0
151047,3,0,868480,0
151048,3,0,227304,0
151049,3,0,165600,0
151050,3,0,868480,0
151051,3,0,165600,0
151052,3,0,165600,0
151053,3,0,73600,0
151054,3,0,436128,0
151055,3,0,436128,0
151056,3,0,55440,0
151057,3,0,227304,0
151058,3,0,83160,0
151059,3,0,436128,0
151060,3,0,36960,0
151061,3,0,192192,0
151062,3,0,36960,0
151063,3,0,83160,0
151064,3,0,83160,0
151065,3,0,36960,0
151066,3,0,83160,0
151067,3,0,36960,0
151068,3,0,436128,0
151069,3,0,436128,0
151070,3,0,558900,0
151071,3,0,40500,0
151072,3,0,436128,0
151073,3,0,192192,0
151074,3,0,510300,0
151075,3,0,218700,0
151076,3,0,40500,0
151077,3,0,510300,0
151078,3,0,91125,0
151079,3,0,267300,0
151080,3,0,510300,0
151081,3,0,91125,0
151082,3,0,60750,0
151083,3,0,218700,0
151084,3,0,91125,0
151085,3,0,558900,0
151086,3,0,40500,0
151087,3,0,57200,0
151088,3,0,57200,0
151089,3,0,128700,0
151090,3,0,57200,0
151091,3,0,514800,0
151092,3,0,720720,0
151093,3,0,858000,0
151094,3,0,85800,0
151095,3,0,720720,0
151096,3,0,292572,0
151097,3,0,46440,0
151098,3,0,858000,0
151099,3,0,85800,0
151100,3,0,696600,0
151101,3,0,104490,0
151102,3,0,104490,0
151103,3,0,46440,0
151104,3,0,696600,0
151105,3,0,104490,0
151106,3,0,69660,0
151107,3,0,250776,0
151108,3,0,69660,0
151109,3,0,69660,0
151110,3,0,46440,0
151111,3,0,46440,0
151112,3,0,46440,0
151113,3,0,640872,0
151114,3,0,640872,0
151115,3,0,104490,0
151116,3,0,104490,0
151117,3,0,104490,0
151118,3,0,69660,0
151119,3,0,69660,0
151120,3,0,292572,0
151121,3,0,46440,0
151122,3,0,315000,0
151123,3,0,315000,0
151124,3,0,315000,0
151125,3,0,69660,0
151126,3,0,640872,0
151127,3,0,104490,0
151128,3,0,210000,0
151129,3,0,2100000,0
151130,3,0,210000,0
151131,3,0,315000,0
151132,3,0,2100000,0
151133,3,0,210000,0
151134,3,0,315000,0
151135,3,0,210000,0
151136,3,0,882000,0
151137,3,0,140000,0
151138,3,0,315000,0
151139,3,0,2100000,0
151140,3,0,69660,0
151141,3,0,69660,0
151142,3,0,210000,0
151143,3,0,315000,0
151144,3,0,140000,0
151145,3,0,315000,0
151146,3,0,1722252,0
151147,3,0,1932000,0
151148,3,0,1932000,0
151149,3,0,315000,0
151150,3,0,175740,0
151151,3,0,755682,0
151152,3,0,47000,0
151153,3,0,60750,0
151154,3,0,60750,0
151155,3,0,60750,0
151156,3,0,360000,0
151157,3,0,360000,0
151158,3,0,360000,0
151159,3,0,91125,0
151160,3,0,255150,0
151161,3,0,255150,0
151162,3,0,2280000,0
151163,3,0,1548000,0
151164,3,0,1857600,0
151165,3,0,210000,0
151166,3,0,55728,0
151167,3,0,282000,0
151168,3,0,441084,0
151169,3,0,229887,0
151170,3,0,441084,0
151171,3,0,360360,0
151172,3,0,640872,0
151173,3,0,292572,0
151174,3,0,360000,0
153001,3,0,48807,0
153002,3,0,780903,0
153003,3,0,314802,0
153004,3,0,780903,0
153005,3,0,91311,0
153006,3,0,205449,0
153007,3,0,2191450,0
153008,3,0,205449,0
153009,3,0,205449,0
153010,3,0,75180,0
153011,3,0,1278060,0
153012,3,0,169155,0
153013,3,0,75180,0
153014,3,0,3462135,0
153015,3,0,3462135,0
153016,3,0,1298301,0
153017,3,0,1140092,0
153018,3,0,1640574,0
153019,3,0,5577952,0
153020,3,0,1952424,0
153021,3,0,289248,0
153022,3,0,91512,0
153023,3,0,650752,0
153024,3,0,915120,0
153025,3,0,262335,0
153026,3,0,91512,0
153027,3,0,915120,0
153028,3,0,61008,0
153029,3,0,40672,0
153030,3,0,915120,0
153031,3,0,915120,0
153032,3,0,91512,0
153033,3,0,40672,0
153034,3,0,61008,0
153035,3,0,91512,0
153036,3,0,4389088,0
153037,3,0,695568,0
153038,3,0,107840,0
153039,3,0,915120,0
153040,3,0,650752,0
153041,3,0,91512,0
153042,3,0,40672,0
153043,3,0,40672,0
153044,3,0,40672,0
153045,3,0,91512,0
153046,3,0,40672,0
153047,3,0,242640,0
153048,3,0,695568,0
153049,3,0,76692,0
153050,3,0,4529280,0
153051,3,0,695568,0
153052,3,0,172557,0
153053,3,0,2162715,0
153054,3,0,115038,0
153055,3,0,506168,0
153056,3,0,1518502,0
153057,3,0,172557,0
153058,3,0,115038,0
153059,3,0,76092,0
153060,3,0,2162715,0
153061,3,0,2162715,0
153062,3,0,506168,0
153063,3,0,2162715,0
153064,3,0,172557,0
153065,3,0,2162715,0
153066,3,0,171207,0
153067,3,0,1826208,0
153068,3,0,171207,0
153069,3,0,171207,0
153070,3,0,114138,0
153071,3,0,1293564,0
153072,3,0,502208,0
153073,3,0,62650,0
153074,3,0,1293564,0
153075,3,0,1826208,0
153076,3,0,1826208,0
153077,3,0,114138,0
153078,3,0,1826208,0
153079,3,0,1293564,0
153080,3,0,1826208,0
153081,3,0,171207,0
153082,3,0,114138,0
153083,3,0,140963,0
153084,3,0,1065050,0
153085,3,0,451080,0
153086,3,0,62650,0
153087,3,0,140963,0
153088,3,0,140963,0
153089,3,0,1503600,0
153090,3,0,93975,0
153091,3,0,1503600,0
153092,3,0,165672,0
153093,3,0,140963,0
153094,3,0,93975,0
153095,3,0,140963,0
153096,3,0,62650,0
153097,3,0,62650,0
153098,3,0,93975,0
153099,3,0,62650,0
153100,3,0,1503600,0
153101,3,0,140963,0
153102,3,0,413490,0
153103,3,0,413490,0
153104,3,0,413490,0
153105,3,0,451080,0
153106,3,0,413490,0
153107,3,0,1065050,0
153108,3,0,413490,0
153109,3,0,140963,0
153110,3,0,1503600,0
153111,3,0,93975,0
153112,3,0,1503600,0
153113,3,0,1065050,0
153114,3,0,413490,0
153115,3,0,93975,0
153116,3,0,1503600,0
153117,3,0,165672,0
153118,3,0,6063596,0
153119,3,0,248508,0
153120,3,0,5135832,0
153121,3,0,372762,0
153122,3,0,5135832,0
153123,3,0,1093436,0
153124,3,0,160284,0
153125,3,0,372762,0
153126,3,0,6063596,0
153127,3,0,248508,0
153128,3,0,360639,0
153129,3,0,360639,0
153130,3,0,240426,0
153131,3,0,4327668,0
153132,3,0,240426,0
153133,3,0,2885112,0
153134,3,0,240426,0
153135,3,0,2885112,0
153136,3,0,4327668,0
153137,3,0,1202130,0
153138,3,0,1081917,0
153139,3,0,3800304,0
153140,3,0,3800304,0
153141,3,0,140752,0
153142,3,0,211128,0
153143,3,0,2533536,0
153144,3,0,3800304,0
153145,3,0,844512,0
153146,3,0,140752,0
153147,3,0,3800304,0
153148,3,0,950076,0
153149,3,0,3800304,0
153150,3,0,316692,0
153151,3,0,140752,0
153152,3,0,4327668,0
153153,3,0,2533536,0
153154,3,0,316692,0
153155,3,0,211128,0
153156,3,0,3828006,0
153157,3,0,410144,0
153158,3,0,273429,0
153159,3,0,1230431,0
153160,3,0,410144,0
153161,3,0,5742009,0
153162,3,0,410144,0
153163,3,0,5742009,0
153164,3,0,410144,0
153165,3,0,5742009,0
153166,3,0,410144,0
153167,3,0,241040,0
153168,3,0,5742009,0
153169,3,0,273429,0
153170,3,0,182286,0
153171,3,0,3828006,0
153172,3,0,1230431,0
153173,3,0,140752,0
153174,3,0,140752,0
153175,3,0,316692,0
153176,3,0,211128,0
153177,3,0,2955792,0
153178,3,0,140752,0
153179,3,0,316692,0
153180,3,0,2955792,0
153181,3,0,950076,0
153182,3,0,241040,0
153183,3,0,1627020,0
153184,3,0,1627020,0
153185,3,0,1627020,0
153186,3,0,1446240,0
153187,3,0,1627020,0
153188,3,0,1807800,0
153189,3,0,361560,0
153190,3,0,6146520,0
153191,3,0,1627020,0
153192,3,0,9400560,0
153193,3,0,6146520,0
153194,3,0,361560,0
153195,3,0,9400560,0
153196,3,0,361560,0
153197,3,0,241040,0
153198,3,0,361560,0
153199,3,0,241040,0
153200,3,0,1807800,0
153201,3,0,361560,0
153202,3,0,248508,0
153203,3,0,248508,0
153204,3,0,248508,0
153205,3,0,361560,0
153206,3,0,361560,0
153207,3,0,361560,0
154000,3,0,65223,0
154001,3,0,1404257,0
154002,3,0,792120,0
154003,3,0,34020,0
154004,3,0,793800,0
154005,3,0,838553,0
154006,3,0,156492,0
154007,3,0,52632,0
154008,3,0,35088,0
154009,3,0,137333,0
154010,3,0,3503513,0
154011,3,0,62532,0
154012,3,0,62532,0
154013,3,0,2873123,0
154014,3,0,114444,0
154015,3,0,62532,0
154016,3,0,2873123,0
154017,3,0,93798,0
154018,3,0,140697,0
154019,3,0,599265,0
154020,3,0,93798,0
154021,3,0,660100,0
154022,3,0,1404257,0
154023,3,0,660100,0
154024,3,0,130134,0
154025,3,0,45182,0
154026,3,0,660100,0
154027,3,0,45182,0
154028,3,0,660100,0
154029,3,0,130134,0
154030,3,0,1082564,0
154031,3,0,660100,0
154032,3,0,1082564,0
154033,3,0,45182,0
154034,3,0,45182,0
154035,3,0,1404257,0
154036,3,0,45182,0
154037,3,0,1082564,0
154038,3,0,1082564,0
154039,3,0,45182,0
154040,3,0,45182,0
154041,3,0,660100,0
154042,3,0,1082564,0
154043,3,0,45182,0
154044,3,0,130134,0
154045,3,0,45182,0
154046,3,0,45182,0
154047,3,0,45182,0
154048,3,0,18860,0
154049,3,0,1082564,0
154050,3,0,660100,0
154051,3,0,660100,0
154052,3,0,1082564,0
154053,3,0,45182,0
154054,3,0,130134,0
154055,3,0,1082564,0
154056,3,0,42435,0
154057,3,0,28350,0
154058,3,0,18900,0
154059,3,0,1082564,0
154060,3,0,660100,0
154061,3,0,661500,0
154062,3,0,42525,0
154063,3,0,661500,0
154064,3,0,661500,0
154065,3,0,661500,0
154066,3,0,28350,0
154067,3,0,130410,0
154068,3,0,661500,0
154069,3,0,838553,0
154070,3,0,42525,0
154071,3,0,130410,0
154072,3,0,18900,0
154073,3,0,661500,0
154074,3,0,661500,0
154075,3,0,838553,0
154076,3,0,28350,0
154077,3,0,838553,0
154078,3,0,661500,0
154079,3,0,28350,0
154080,3,0,28350,0
154081,3,0,661500,0
154082,3,0,838553,0
154083,3,0,661500,0
154084,3,0,28350,0
154085,3,0,130410,0
154086,3,0,130410,0
154087,3,0,130410,0
154088,3,0,130410,0
154089,3,0,207900,0
154090,3,0,130410,0
154091,3,0,42525,0
154092,3,0,130410,0
154093,3,0,838553,0
154094,3,0,42525,0
154095,3,0,28350,0
154096,3,0,661500,0
154097,3,0,18900,0
154098,3,0,28350,0
154099,3,0,838553,0
154100,3,0,42525,0
154101,3,0,661500,0
154102,3,0,42525,0
154103,3,0,661500,0
154104,3,0,661500,0
154105,3,0,130410,0
154106,3,0,838553,0
154107,3,0,42525,0
154108,3,0,130410,0
154109,3,0,1257320,0
154110,3,0,65790,0
154111,3,0,43860,0
154112,3,0,201756,0
154113,3,0,29240,0
154114,3,0,1257320,0
154115,3,0,42525,0
154116,3,0,18900,0
154117,3,0,1257320,0
154118,3,0,1678376,0
154119,3,0,43860,0
154120,3,0,65790,0
154121,3,0,230833,0
154122,3,0,65790,0
154123,3,0,1678376,0
154124,3,0,29240,0
154125,3,0,1023400,0
154126,3,0,1257320,0
154127,3,0,65790,0
154128,3,0,1678376,0
154129,3,0,43860,0
154130,3,0,1257320,0
154131,3,0,201756,0
154132,3,0,1678376,0
154133,3,0,65790,0
154134,3,0,43860,0
154135,3,0,43860,0
154136,3,0,43860,0
154137,3,0,29240,0
154138,3,0,43860,0
154139,3,0,1678376,0
154140,3,0,903258,0
154141,3,0,65790,0
154142,3,0,114444,0
154143,3,0,2187152,0
154144,3,0,114444,0
154145,3,0,1678376,0
154146,3,0,1678376,0
154147,3,0,201756,0
154148,3,0,903258,0
154149,3,0,2187152,0
154150,3,0,65790,0
154151,3,0,1257320,0
154152,3,0,201756,0
154153,3,0,65790,0
154154,3,0,789480,0
154155,3,0,1678376,0
154156,3,0,65790,0
154157,3,0,114444,0
154158,3,0,1678376,0
154159,3,0,1678376,0
154160,3,0,114444,0
154161,3,0,1678376,0
154162,3,0,114444,0
154163,3,0,114444,0
154164,3,0,2187152,0
154165,3,0,2187152,0
154166,3,0,492732,0
154167,3,0,1678376,0
154168,3,0,2187152,0
154169,3,0,492732,0
154170,3,0,1678376,0
154171,3,0,2187152,0
154172,3,0,114444,0
154173,3,0,114444,0
154174,3,0,2187152,0
154175,3,0,97902,0
154176,3,0,78165,0
154177,3,0,114444,0
154178,3,0,1678376,0
154179,3,0,114444,0
154180,3,0,117248,0
154181,3,0,78165,0
154182,3,0,2371005,0
154183,3,0,2371005,0
154184,3,0,599265,0
154185,3,0,599265,0
154186,3,0,3168288,0
154187,3,0,3168288,0
154188,3,0,114444,0
154189,3,0,2371005,0
154190,3,0,367376,0
154191,3,0,2371005,0
154192,3,0,3168288,0
154193,3,0,117248,0
154194,3,0,2371005,0
154195,3,0,599265,0
154196,3,0,117248,0
154197,3,0,3168288,0
154198,3,0,117248,0
154199,3,0,114444,0
154200,3,0,3168288,0
154201,3,0,367376,0
154202,3,0,117248,0
154203,3,0,367376,0
154204,3,0,117248,0
154205,3,0,599265,0
154206,3,0,28350,0
154207,3,0,28350,0
154208,3,0,28350,0
154209,3,0,78165,0
154210,3,0,78165,0
154211,3,0,78165,0
155000,3,0,87366,0
155001,3,0,953082,0
155002,3,0,953082,0
155003,3,0,47654,0
155004,3,0,552788,0
155005,3,0,61511,0
155006,3,0,1107195,0
155007,3,0,276799,0
155008,3,0,61511,0
155009,3,0,276799,0
155010,3,0,1107195,0
155011,3,0,67281,0
155012,3,0,1345616,0
155013,3,0,67281,0
155014,3,0,1345616,0
155015,3,0,1345616,0
155016,3,0,63603,0
155017,3,0,1272053,0
155018,3,0,63603,0
155019,3,0,381616,0
155020,3,0,63603,0
155021,3,0,286212,0
155022,3,0,63961,0
155023,3,0,741948,0
155024,3,0,63961,0
155025,3,0,741948,0
155026,3,0,1112923,0
155027,3,0,794235,0
155028,3,0,690984,0
155029,3,0,794235,0
155030,3,0,794235,0
155031,3,0,794235,0
155032,3,0,178703,0
155033,3,0,794235,0
155034,3,0,794235,0
155035,3,0,690984,0
155036,3,0,794235,0
155037,3,0,794235,0
155038,3,0,39712,0
155039,3,0,992794,0
155040,3,0,690984,0
155041,3,0,39712,0
155042,3,0,794235,0
155043,3,0,178703,0
155044,3,0,79424,0
155045,3,0,794235,0
155046,3,0,178703,0
155047,3,0,794235,0
155048,3,0,79424,0
155049,3,0,794235,0
155050,3,0,794235,0
155051,3,0,794235,0
155052,3,0,690984,0
155053,3,0,794235,0
155054,3,0,794235,0
155055,3,0,178703,0
155056,3,0,460656,0
155057,3,0,794235,0
155058,3,0,794235,0
155059,3,0,794235,0
155060,3,0,794235,0
155061,3,0,794235,0
155062,3,0,794235,0
155063,3,0,794235,0
155064,3,0,178703,0
155065,3,0,39712,0
155066,3,0,39712,0
155067,3,0,690984,0
155068,3,0,794235,0
155069,3,0,178703,0
155070,3,0,794235,0
155071,3,0,102518,0
155072,3,0,922662,0
155073,3,0,891907,0
155074,3,0,230666,0
155075,3,0,230666,0
155076,3,0,922662,0
155077,3,0,922662,0
155078,3,0,922662,0
155079,3,0,922662,0
155080,3,0,922662,0
155081,3,0,922662,0
155082,3,0,922662,0
155083,3,0,891907,0
155084,3,0,230666,0
155085,3,0,922662,0
155086,3,0,51259,0
155087,3,0,51259,0
155088,3,0,922662,0
155089,3,0,51259,0
155090,3,0,922662,0
155091,3,0,307554,0
155092,3,0,922662,0
155093,3,0,891907,0
155094,3,0,922662,0
155095,3,0,51259,0
155096,3,0,922662,0
155097,3,0,922662,0
155098,3,0,922662,0
155099,3,0,922662,0
155100,3,0,594605,0
155101,3,0,922662,0
155102,3,0,230666,0
155103,3,0,764785,0
155104,3,0,51259,0
155105,3,0,922662,0
155106,3,0,328058,0
155107,3,0,230666,0
155108,3,0,922662,0
155109,3,0,922662,0
155110,3,0,922662,0
155111,3,0,1121347,0
155112,3,0,252303,0
155113,3,0,358831,0
155114,3,0,1121347,0
155115,3,0,252303,0
155116,3,0,1121347,0
155117,3,0,358831,0
155118,3,0,1121347,0
155119,3,0,56067,0
155120,3,0,1121347,0
155121,3,0,975571,0
155122,3,0,56067,0
155123,3,0,252303,0
155124,3,0,56067,0
155125,3,0,1121347,0
155126,3,0,1121347,0
155127,3,0,1121347,0
155128,3,0,56067,0
155129,3,0,1121347,0
155130,3,0,1121347,0
155131,3,0,1121347,0
155132,3,0,975571,0
155133,3,0,1121347,0
155134,3,0,56067,0
155135,3,0,1121347,0
155136,3,0,252303,0
155137,3,0,1121347,0
155138,3,0,56067,0
155139,3,0,1121347,0
155140,3,0,252303,0
155141,3,0,1121347,0
155142,3,0,1121347,0
155143,3,0,975571,0
155144,3,0,252303,0
155145,3,0,1121347,0
155146,3,0,56067,0
155147,3,0,1121347,0
155148,3,0,1121347,0
155149,3,0,56067,0
155150,3,0,238510,0
155151,3,0,1060044,0
155152,3,0,53002,0
155153,3,0,922239,0
155154,3,0,1060044,0
155155,3,0,1060044,0
155156,3,0,1060044,0
155157,3,0,1060044,0
155158,3,0,1060044,0
155159,3,0,1060044,0
155160,3,0,238510,0
155161,3,0,53002,0
155162,3,0,53002,0
155163,3,0,1060044,0
155164,3,0,1060044,0
155165,3,0,614826,0
155166,3,0,238510,0
155167,3,0,238510,0
155168,3,0,1060044,0
155169,3,0,53002,0
155170,3,0,922239,0
155171,3,0,1060044,0
155172,3,0,1060044,0
155173,3,0,53002,0
155174,3,0,238510,0
155175,3,0,238510,0
155176,3,0,1060044,0
155177,3,0,53002,0
155178,3,0,1060044,0
155179,3,0,1060044,0
155180,3,0,1060044,0
155181,3,0,53002,0
155182,3,0,922239,0
155183,3,0,1060044,0
155184,3,0,1060044,0
155185,3,0,614826,0
155186,3,0,53002,0
155187,3,0,1060044,0
155188,3,0,1060044,0
155189,3,0,922239,0
155190,3,0,1060044,0
155191,3,0,1060044,0
155192,3,0,614826,0
155193,3,0,1060044,0
155194,3,0,238510,0
155195,3,0,53002,0
155196,3,0,1060044,0
155197,3,0,959416,0
155198,3,0,959416,0
155199,3,0,927436,0
155200,3,0,959416,0
155201,3,0,959416,0
155202,3,0,959416,0
155203,3,0,959416,0
155204,3,0,239854,0
155205,3,0,959416,0
155206,3,0,959416,0
155207,3,0,239854,0
155208,3,0,53301,0
155209,3,0,959416,0
155210,3,0,959416,0
155211,3,0,341126,0
155212,3,0,959416,0
155213,3,0,959416,0
155214,3,0,959416,0
155215,3,0,959416,0
155216,3,0,959416,0
155217,3,0,53301,0
155218,3,0,959416,0
155219,3,0,239854,0
155220,3,0,959416,0
155221,3,0,959416,0
155222,3,0,959416,0
155223,3,0,53301,0
155224,3,0,927436,0
155225,3,0,959416,0
155226,3,0,959416,0
155227,3,0,959416,0
155228,3,0,53301,0
155229,3,0,618290,0
155230,3,0,239854,0
155231,3,0,959416,0
155232,3,0,239854,0
155233,3,0,959416,0
155234,3,0,239854,0
155235,3,0,53301,0
155236,3,0,959416,0
155237,3,0,959416,0
155238,3,0,53301,0
155239,3,0,53301,0
155240,3,0,959416,0
155241,3,0,959416,0
155242,3,0,959416,0
155243,3,0,959416,0
155244,3,0,959416,0
155245,3,0,959416,0
155246,3,0,959416,0
155247,3,0,927436,0
155248,3,0,927436,0
155249,3,0,618290,0
155250,3,0,927436,0
155251,3,0,927436,0
155252,3,0,2283072,0
155253,3,0,203040,0
155254,3,0,3528384,0
155255,3,0,636192,0
155256,3,0,446688,0
155257,3,0,203040,0
155258,3,0,636192,0
155259,3,0,1092000,0
155260,3,0,1092000,0
155261,3,0,204750,0
155262,3,0,655200,0
155263,3,0,204750,0
155264,3,0,655200,0
155265,3,0,655200,0
155266,3,0,94080,0
155267,3,0,135360,0
155268,3,0,135360,0
155269,3,0,135360,0
155270,3,0,136500,0
155271,3,0,136500,0
155272,3,0,136500,0
161001,3,0,1,0
161002,3,0,11000,0
161003,3,0,12750,0
161004,3,0,11000,0
161005,3,0,1,0
161006,3,0,1,0
161007,3,0,64350,0
161008,3,0,64350,0
161009,3,0,57038,0
161010,3,0,1,0
161011,3,0,1,0
161012,3,0,315900,0
161013,3,0,218700,0
161014,3,0,267300,0
161015,3,0,1,0
161016,3,0,1,0
161017,3,0,1560000,0
161018,3,0,714210,0
161019,3,0,140963,0
161020,3,0,1,0
161021,3,0,1,0
161022,3,0,461768,0
161023,3,0,342714,0
161024,3,0,30990,0
161025,3,0,1,0
161030,3,0,564480,0
161031,3,0,564480,0
161032,3,0,176400,0
161033,3,0,564480,0
161034,3,0,1241856,0
161035,3,0,564480,0
161036,3,0,176400,0
161037,3,0,564480,0
161038,3,0,176400,0
161039,3,0,564480,0
161040,3,0,564480,0
161041,3,0,564480,0
161042,3,0,1241856,0
161043,3,0,564480,0
161044,3,0,176400,0
161045,3,0,564480,0
161046,3,0,564480,0
161047,3,0,564480,0
161048,3,0,564480,0
161049,3,0,176400,0
161050,3,0,1245293,0
161051,3,0,622646,0
161055,3,0,3300,0
161056,3,0,3300,0
161057,3,0,19305,0
161058,3,0,19305,0
161059,3,0,94770,0
161060,3,0,80190,0
161061,3,0,468000,0
161062,3,0,214263,0
161063,3,0,461768,0
161064,3,0,342714,0
161065,3,0,30990,0
161066,3,0,1,0
161067,3,0,1,0
161068,3,0,658560,0
161069,3,0,658560,0
161070,3,0,658560,0
161071,3,0,658560,0
161072,3,0,658560,0
161073,3,0,658560,0
170001,3,0,8000,0
170002,3,0,2175920,0
170003,3,0,8000,0
170004,3,0,2175920,0
170012,3,0,2175920,0
170014,3,0,2175920,0
170016,3,0,2175920,0
170018,3,0,2175920,0
170020,3,0,2175920,0
191001,3,0,275105,0
193001,3,0,875105,0
193002,3,0,875105,0
193003,3,0,875105,0
193004,3,0,545608,0
193005,3,0,613809,0
193006,3,0,682010,0
193007,3,0,545608,0
193008,3,0,613809,0
193009,3,0,682010,0
193010,3,0,545608,0
193011,3,0,545608,0
193012,3,0,545608,0
193013,3,0,899168,0
193014,3,0,899168,0
193015,3,0,899168,0
193016,3,0,580608,0
193017,3,0,653184,0
193018,3,0,725760,0
193019,3,0,580608,0
193020,3,0,653184,0
193021,3,0,725760,0
193022,3,0,580608,0
193023,3,0,580608,0
193024,3,0,580608,0
193025,3,0,924215,0
193026,3,0,924215,0
193027,3,0,924215,0
193028,3,0,617040,0
193029,3,0,694170,0
193030,3,0,771300,0
193031,3,0,617040,0
193032,3,0,694170,0
193033,3,0,771300,0
193034,3,0,617040,0
193035,3,0,617040,0
193036,3,0,617040,0
193037,3,0,950257,0
193038,3,0,950257,0
193039,3,0,950257,0
193040,3,0,654920,0
193041,3,0,736785,0
193042,3,0,818650,0
193043,3,0,654920,0
193044,3,0,736785,0
193045,3,0,818650,0
193046,3,0,654920,0
193047,3,0,654920,0
193048,3,0,654920,0
193049,3,0,977323,0
193050,3,0,977323,0
193051,3,0,977323,0
193052,3,0,694288,0
193053,3,0,781074,0
193054,3,0,867860,0
193055,3,0,694288,0
193056,3,0,781074,0
193057,3,0,867860,0
193058,3,0,694288,0
193059,3,0,694288,0
193060,3,0,694288,0
193061,3,0,1005422,0
193062,3,0,1005422,0
193063,3,0,1005422,0
193064,3,0,735160,0
193065,3,0,827055,0
193066,3,0,918950,0
193067,3,0,735160,0
193068,3,0,827055,0
193069,3,0,918950,0
193070,3,0,735160,0
193071,3,0,735160,0
193072,3,0,735160,0
193073,3,0,1034578,0
193074,3,0,1034578,0
193075,3,0,1034578,0
193076,3,0,777568,0
193077,3,0,874764,0
193078,3,0,971960,0
193079,3,0,777568,0
193080,3,0,874764,0
193081,3,0,971960,0
193082,3,0,777568,0
193083,3,0,777568,0
193084,3,0,777568,0
193085,3,0,1064811,0
193086,3,0,1064811,0
193087,3,0,1064811,0
193088,3,0,821544,0
193089,3,0,924237,0
193090,3,0,1026930,0
193091,3,0,821544,0
193092,3,0,924237,0
193093,3,0,1026930,0
193094,3,0,821544,0
193095,3,0,821544,0
193096,3,0,821544,0
193097,3,0,1096134,0
193098,3,0,1096134,0
193099,3,0,1096134,0
193100,3,0,867104,0
193101,3,0,975492,0
193102,3,0,1083880,0
193103,3,0,867104,0
193104,3,0,975492,0
193105,3,0,1083880,0
193106,3,0,867104,0
193107,3,0,867104,0
193108,3,0,867104,0
193109,3,0,628573,0
193110,3,0,628573,0
193111,3,0,628573,0
193112,3,0,914288,0
193113,3,0,1028574,0
193114,3,0,1142860,0
193115,3,0,914288,0
193116,3,0,1028574,0
193117,3,0,1142860,0
193118,3,0,914288,0
193119,3,0,914288,0
193120,3,0,914288,0
194001,3,0,213678,0
194002,3,0,213678,0
194003,3,0,213678,0
194004,3,0,414405,0
194005,3,0,815860,0
194006,3,0,1165514,0
194007,3,0,414405,0
194008,3,0,815860,0
194009,3,0,1165514,0
194010,3,0,725209,0
194011,3,0,725209,0
194012,3,0,725209,0
194013,3,0,219621,0
194014,3,0,219621,0
194015,3,0,219621,0
194016,3,0,425932,0
194017,3,0,838553,0
194018,3,0,1197932,0
194019,3,0,425932,0
194020,3,0,838553,0
194021,3,0,1197932,0
194022,3,0,745380,0
194023,3,0,745380,0
194024,3,0,745380,0
194025,3,0,241749,0
194026,3,0,241749,0
194027,3,0,241749,0
194028,3,0,468845,0
194029,3,0,923039,0
194030,3,0,1318626,0
194031,3,0,468845,0
194032,3,0,923039,0
194033,3,0,1318626,0
194034,3,0,820479,0
194035,3,0,820479,0
194036,3,0,820479,0
194037,3,0,254065,0
194038,3,0,254065,0
194039,3,0,254065,0
194040,3,0,492732,0
194041,3,0,970065,0
194042,3,0,1385807,0
194043,3,0,492732,0
194044,3,0,970065,0
194045,3,0,1385807,0
194046,3,0,862280,0
194047,3,0,862280,0
194048,3,0,862280,0
194049,3,0,260601,0
194050,3,0,260601,0
194051,3,0,260601,0
194052,3,0,505408,0
194053,3,0,995022,0
194054,3,0,1421460,0
194055,3,0,505408,0
194056,3,0,995022,0
194057,3,0,1421460,0
194058,3,0,884464,0
194059,3,0,884464,0
194060,3,0,884464,0
195001,3,0,479136,0
195002,3,0,479136,0
195003,3,0,479136,0
195004,3,0,294853,0
195005,3,0,294853,0
195006,3,0,294853,0
195007,3,0,294853,0
195008,3,0,294853,0
195009,3,0,294853,0
195010,3,0,368566,0
195011,3,0,368566,0
195012,3,0,368566,0
195013,3,0,489541,0
195014,3,0,489541,0
195015,3,0,489541,0
195016,3,0,301256,0
195017,3,0,301256,0
195018,3,0,301256,0
195019,3,0,301256,0
195020,3,0,301256,0
195021,3,0,301256,0
195022,3,0,376570,0
195023,3,0,376570,0
195024,3,0,376570,0
195025,3,0,536751,0
195026,3,0,536751,0
195027,3,0,536751,0
195028,3,0,330308,0
195029,3,0,330308,0
195030,3,0,330308,0
195031,3,0,330308,0
195032,3,0,330308,0
195033,3,0,330308,0
195034,3,0,412886,0
195035,3,0,412886,0
195036,3,0,412886,0
195037,3,0,587530,0
195038,3,0,587530,0
195039,3,0,587530,0
195040,3,0,361557,0
195041,3,0,361557,0
195042,3,0,361557,0
195043,3,0,361557,0
195044,3,0,361557,0
195045,3,0,361557,0
195046,3,0,451946,0
195047,3,0,451946,0
195048,3,0,451946,0
195049,3,0,722334,0
195050,3,0,722334,0
195051,3,0,722334,0
195052,3,0,444513,0
195053,3,0,444513,0
195054,3,0,444513,0
195055,3,0,444513,0
195056,3,0,444513,0
195057,3,0,444513,0
195058,3,0,555641,0
195059,3,0,555641,0
195060,3,0,555641,0
350001,2,0,20,0
350002,2,0,20,0
350003,2,0,10,0
350004,2,0,60,0
350005,2,0,100,0
350006,2,0,10,0
350007,2,0,210,0
350008,2,0,10,0
350009,2,0,420,0
350010,2,0,210,0
350011,2,0,1250,0
350012,2,0,580,0
350013,2,0,40,0
350014,2,0,940,0
350015,2,0,940,0
350016,2,0,80,0
350017,2,0,40,0
350018,2,0,5010,0
350019,2,0,1810,0
350020,2,0,2720,0
350021,2,0,20,0
350022,2,0,10,0
350023,2,0,60,0
350024,2,0,40,0
350025,2,0,60,0
350026,2,0,10,0
350027,2,0,20,0
350028,2,0,30,0
350029,2,0,100,0
350030,2,0,10,0
350031,2,0,90,0
350032,2,0,90,0
350033,2,0,90,0
350034,2,0,290,0
350035,2,0,70,0
350036,2,0,10,0
350037,2,0,210,0
350038,2,0,210,0
350039,2,0,240,0
350040,2,0,150,0
350041,2,0,140,0
350042,2,0,140,0
350043,2,0,10,0
350044,2,0,410,0
350045,2,0,10,0
350046,2,0,290,0
350047,2,0,10,0
350048,2,0,410,0
350049,2,0,250,0
350050,2,0,250,0
350051,2,0,500,0
350052,2,0,270,0
350053,2,0,10,0
350054,2,0,250,0
350055,2,0,210,0
350056,2,0,140,0
350057,2,0,20,0
350058,2,0,280,0
350059,2,0,150,0
350060,2,0,140,0
350061,2,0,140,0
350062,2,0,20,0
350063,2,0,140,0
350064,2,0,80,0
350065,2,0,130,0
350066,2,0,20,0
350067,2,0,770,0
350068,2,0,770,0
350069,2,0,50,0
350070,2,0,3760,0
350071,2,0,50,0
350072,2,0,970,0
350073,2,0,200,0
350074,2,0,80,0
350075,2,0,390,0
350076,2,0,390,0
350077,2,0,80,0
350078,2,0,600,0
350079,2,0,30,0
350080,2,0,390,0
350081,2,0,80,0
350082,2,0,390,0
350083,2,0,1160,0
350084,2,0,2910,0
350085,2,0,630,0
350086,2,0,630,0
350087,2,0,330,0
350088,2,0,630,0
350089,2,0,630,0
350090,2,0,630,0
350091,2,0,60,0
350092,2,0,30,0
350093,2,0,30,0
350094,2,0,2680,0
350095,2,0,670,0
350096,2,0,30,0
350097,2,0,60,0
350098,2,0,630,0
350099,2,0,670,0
350100,2,0,30,0
350101,2,0,1050,0
350102,2,0,670,0
350103,2,0,670,0
350104,2,0,60,0
350105,2,0,60,0
350106,2,0,30,0
350107,2,0,60,0
350108,2,0,670,0
350109,2,0,30,0
350110,2,0,670,0
350111,2,0,30,0
350112,2,0,1610,0
350113,2,0,60,0
350114,2,0,3100,0
350115,2,0,1670,0
350116,2,0,1670,0
350117,2,0,100,0
350118,2,0,1610,0
350119,2,0,1670,0
350120,2,0,2700,0
350121,2,0,340,0
350122,2,0,30,0
350123,2,0,30,0
350124,2,0,1350,0
350125,2,0,2700,0
350126,2,0,40,0
350127,2,0,3010,0
350128,2,0,1430,0
350129,2,0,40,0
350130,2,0,70,0
350131,2,0,40,0
350132,2,0,3020,0
350133,2,0,910,0
350134,2,0,3630,0
350135,2,0,2860,0
350136,2,0,2720,0
350137,2,0,2420,0
350138,2,0,40,0
350139,2,0,4010,0
350140,2,0,2420,0
350141,2,0,80,0
350142,2,0,1810,0
350143,2,0,2860,0
350144,2,0,2420,0
350145,2,0,80,0
350146,2,0,80,0
350147,2,0,40,0
350148,2,0,40,0
350149,2,0,40,0
350150,2,0,2860,0
350151,2,0,80,0
350152,2,0,10,0
350153,2,0,10,0
350154,2,0,270,0
350155,2,0,500,0
350156,2,0,150,0
350157,2,0,1910,0
350158,2,0,2700,0
350159,2,0,2230,0
350160,2,0,10,0
350161,2,0,10,0
350162,2,0,10,0
350163,2,0,40,0
350164,2,0,40,0
350165,2,0,40,0
350166,2,0,10,0
350167,2,0,10,0
350168,2,0,40,0
350169,2,0,10,0
350170,2,0,110,0
350171,2,0,110,0
350172,2,0,110,0
350173,2,0,40,0
350174,2,0,50,0
350175,2,0,50,0
350176,2,0,50,0
350177,2,0,50,0
351001,2,0,15970,0
351002,2,0,7700,0
351003,2,0,7700,0
351004,2,0,15970,0
351005,2,0,130,0
351006,2,0,1250,0
351007,2,0,7810,0
351008,2,0,6580,0
351009,2,0,270,0
351010,2,0,6870,0
351011,2,0,720,0
351012,2,0,780,0
351013,2,0,160,0
351014,2,0,160,0
351015,2,0,15820,0
351016,2,0,15880,0
351017,2,0,11930,0
351018,2,0,18680,0
351019,2,0,18680,0
351020,2,0,7440,0
351021,2,0,2540,0
351022,2,0,2540,0
351023,2,0,120,0
351024,2,0,2540,0
351025,2,0,2540,0
351026,2,0,2540,0
351027,2,0,2540,0
351028,2,0,90,0
351029,2,0,5200,0
351030,2,0,170,0
351031,2,0,90,0
351032,2,0,90,0
351033,2,0,10650,0
351034,2,0,26610,0
351035,2,0,10650,0
351036,2,0,80,0
351037,2,0,4390,0
351038,2,0,460,0
351039,2,0,90,0
351040,2,0,5200,0
351041,2,0,5200,0
351042,2,0,170,0
351043,2,0,8920,0
351044,2,0,4390,0
351045,2,0,2810,0
351046,2,0,6580,0
351047,2,0,4390,0
351048,2,0,3130,0
351049,2,0,4390,0
351050,2,0,4390,0
351051,2,0,4390,0
351052,2,0,4390,0
351053,2,0,100,0
351054,2,0,7330,0
351055,2,0,4580,0
351056,2,0,480,0
351057,2,0,3130,0
351058,2,0,4580,0
351059,2,0,7330,0
351060,2,0,100,0
351061,2,0,1960,0
351062,2,0,480,0
351063,2,0,4580,0
351064,2,0,5070,0
351065,2,0,100,0
351066,2,0,5070,0
351067,2,0,200,0
351068,2,0,6080,0
351069,2,0,2090,0
351070,2,0,5070,0
351071,2,0,200,0
351072,2,0,6080,0
351073,2,0,2090,0
351074,2,0,6080,0
351075,2,0,2090,0
351076,2,0,100,0
351077,2,0,6080,0
351078,2,0,5070,0
351079,2,0,3940,0
351080,2,0,10540,0
351081,2,0,5270,0
351082,2,0,520,0
351083,2,0,2170,0
351084,2,0,5270,0
351085,2,0,5270,0
351086,2,0,110,0
351087,2,0,100,0
351088,2,0,100,0
351089,2,0,2170,0
351090,2,0,620,0
351091,2,0,9300,0
351092,2,0,10540,0
351093,2,0,5270,0
351094,2,0,540,0
351095,2,0,6020,0
351096,2,0,2480,0
351097,2,0,110,0
351098,2,0,3830,0
351099,2,0,540,0
351100,2,0,3830,0
351101,2,0,3830,0
351102,2,0,3830,0
351103,2,0,210,0
351104,2,0,3830,0
351105,2,0,3830,0
351106,2,0,540,0
351107,2,0,1580,0
351108,2,0,210,0
351109,2,0,3830,0
351110,2,0,110,0
351111,2,0,110,0
351112,2,0,110,0
351113,2,0,6020,0
351114,2,0,6020,0
351115,2,0,3830,0
351116,2,0,3830,0
351117,2,0,3830,0
351118,2,0,540,0
351119,2,0,540,0
351120,2,0,2480,0
351121,2,0,220,0
351122,2,0,2340,0
351123,2,0,5680,0
351124,2,0,5680,0
351125,2,0,670,0
351126,2,0,9080,0
351127,2,0,5680,0
351128,2,0,670,0
351129,2,0,5680,0
351130,2,0,670,0
351131,2,0,2340,0
351132,2,0,5680,0
351133,2,0,670,0
351134,2,0,2340,0
351135,2,0,1670,0
351136,2,0,3740,0
351137,2,0,110,0
351138,2,0,5680,0
351139,2,0,5680,0
351140,2,0,690,0
351141,2,0,16570,0
351142,2,0,15640,0
351143,2,0,10310,0
351144,2,0,120,0
351145,2,0,10310,0
351146,2,0,14170,0
351147,2,0,14170,0
351148,2,0,14170,0
351149,2,0,10310,0
351150,2,0,720,0
351151,2,0,5640,0
351152,2,0,10,0
351153,2,0,100,0
351154,2,0,100,0
351155,2,0,100,0
351156,2,0,120,0
351157,2,0,120,0
351158,2,0,10,0
351159,2,0,3280,0
351160,2,0,10020,0
351161,2,0,2500,0
351162,2,0,12460,0
351163,2,0,5640,0
351164,2,0,14100,0
351165,2,0,670,0
351166,2,0,670,0
351167,2,0,670,0
351168,2,0,670,0
351169,2,0,670,0
351170,2,0,670,0
351171,2,0,670,0
351172,2,0,670,0
351173,2,0,670,0
353001,2,0,670,0
353002,2,0,670,0
353003,2,0,670,0
353004,2,0,670,0
353005,2,0,670,0
353006,2,0,670,0
353007,2,0,670,0
353008,2,0,670,0
353009,2,0,670,0
353010,2,0,670,0
353011,2,0,670,0
353012,2,0,670,0
353013,2,0,670,0
353014,2,0,670,0
353015,2,0,670,0
353016,2,0,670,0
353017,2,0,670,0
353018,2,0,670,0
353019,2,0,670,0
353020,2,0,670,0
353021,2,0,670,0
353022,2,0,670,0
353023,2,0,670,0
353024,2,0,670,0
353025,2,0,670,0
353026,2,0,670,0
353027,2,0,670,0
353028,2,0,670,0
353029,2,0,670,0
353030,2,0,670,0
353031,2,0,670,0
353032,2,0,670,0
353033,2,0,670,0
353034,2,0,670,0
353035,2,0,670,0
353036,2,0,670,0
353037,2,0,670,0
353038,2,0,670,0
353039,2,0,670,0
353040,2,0,670,0
353041,2,0,670,0
353042,2,0,670,0
353043,2,0,670,0
353044,2,0,670,0
353045,2,0,670,0
353046,2,0,670,0
353047,2,0,670,0
353048,2,0,670,0
353049,2,0,670,0
353050,2,0,670,0
353051,2,0,670,0
353052,2,0,670,0
353053,2,0,670,0
353054,2,0,670,0
353055,2,0,670,0
353056,2,0,670,0
353057,2,0,670,0
353058,2,0,670,0
353059,2,0,670,0
353060,2,0,670,0
353061,2,0,670,0
353062,2,0,670,0
353063,2,0,670,0
353064,2,0,670,0
353065,2,0,670,0
353066,2,0,670,0
353067,2,0,670,0
353068,2,0,670,0
353069,2,0,670,0
353070,2,0,670,0
353071,2,0,670,0
353072,2,0,670,0
353073,2,0,670,0
353074,2,0,670,0
353075,2,0,670,0
353076,2,0,670,0
353077,2,0,670,0
353078,2,0,670,0
353079,2,0,670,0
353080,2,0,670,0
353081,2,0,670,0
353082,2,0,670,0
353083,2,0,670,0
353084,2,0,670,0
353085,2,0,670,0
353086,2,0,670,0
353087,2,0,670,0
353088,2,0,670,0
353089,2,0,670,0
353090,2,0,670,0
353091,2,0,670,0
353092,2,0,670,0
353093,2,0,670,0
353094,2,0,670,0
353095,2,0,670,0
353096,2,0,670,0
353097,2,0,670,0
353098,2,0,670,0
353099,2,0,670,0
353100,2,0,670,0
353101,2,0,670,0
353102,2,0,670,0
353103,2,0,670,0
353104,2,0,670,0
353105,2,0,670,0
353106,2,0,670,0
353107,2,0,670,0
353108,2,0,670,0
353109,2,0,670,0
353110,2,0,670,0
353111,2,0,670,0
353112,2,0,670,0
353113,2,0,670,0
353114,2,0,670,0
353115,2,0,670,0
353116,2,0,670,0
353117,2,0,670,0
353118,2,0,670,0
353119,2,0,670,0
353120,2,0,670,0
353121,2,0,670,0
353122,2,0,670,0
353123,2,0,670,0
353124,2,0,670,0
353125,2,0,670,0
353126,2,0,670,0
353127,2,0,670,0
353128,2,0,670,0
353129,2,0,670,0
353130,2,0,670,0
353131,2,0,670,0
353132,2,0,670,0
353133,2,0,670,0
353134,2,0,670,0
353135,2,0,670,0
353136,2,0,670,0
353137,2,0,670,0
353138,2,0,670,0
353139,2,0,670,0
353140,2,0,670,0
353141,2,0,670,0
353142,2,0,670,0
353143,2,0,670,0
353144,2,0,670,0
353145,2,0,670,0
353146,2,0,670,0
353147,2,0,670,0
353148,2,0,670,0
353149,2,0,670,0
353150,2,0,670,0
353151,2,0,670,0
353152,2,0,670,0
353153,2,0,670,0
353154,2,0,670,0
353155,2,0,670,0
353156,2,0,670,0
353157,2,0,670,0
353158,2,0,670,0
353159,2,0,670,0
353160,2,0,670,0
353161,2,0,670,0
353162,2,0,670,0
353163,2,0,670,0
353164,2,0,670,0
353165,2,0,670,0
353166,2,0,670,0
353167,2,0,670,0
353168,2,0,670,0
353169,2,0,670,0
353170,2,0,670,0
353171,2,0,670,0
353172,2,0,670,0
353173,2,0,670,0
353174,2,0,670,0
353175,2,0,670,0
353176,2,0,670,0
353177,2,0,670,0
353178,2,0,670,0
353179,2,0,670,0
353180,2,0,670,0
353181,2,0,670,0
353182,2,0,670,0
353183,2,0,670,0
353184,2,0,670,0
353185,2,0,670,0
353186,2,0,670,0
353187,2,0,670,0
353188,2,0,670,0
353189,2,0,670,0
353190,2,0,670,0
353191,2,0,670,0
353192,2,0,670,0
353193,2,0,670,0
353194,2,0,670,0
353195,2,0,670,0
353196,2,0,670,0
353197,2,0,670,0
353198,2,0,670,0
353199,2,0,670,0
353200,2,0,670,0
353201,2,0,670,0
353202,2,0,670,0
353203,2,0,670,0
353204,2,0,670,0
353205,2,0,670,0
353206,2,0,670,0
353207,2,0,670,0
361001,2,0,0,0
361002,2,0,120,0
361003,2,0,120,0
361004,2,0,120,0
361005,2,0,0,0
361006,2,0,0,0
361007,2,0,670,0
361008,2,0,2010,0
361009,2,0,1050,0
361010,2,0,0,0
361011,2,0,0,0
361012,2,0,15210,0
361013,2,0,2090,0
361014,2,0,6080,0
361015,2,0,0,0
370001,2,0,10,0
370002,2,0,10,0
370003,2,0,10,0
370004,2,0,10,0
450001,1,2420001,1,0
450002,1,2423001,1,0
450003,1,2426001,1,0
450004,1,2410001,1,0
450005,1,2413001,1,0
450006,1,2416001,1,0
450007,1,9110,1,0
450008,1,2080001,1,0
450009,1,9112,1,0
450010,1,2420211,1,0
450011,1,2423211,1,0
450012,1,2426211,1,0
450013,1,2430211,1,1
450014,1,2433211,1,1
450015,1,2436211,1,1
450016,1,2070111,1,0
450017,1,2450211,1,1
450018,1,2453211,1,1
450019,1,2456211,1,1
450020,1,2410311,1,1
450021,1,2413311,1,1
450022,1,2416311,1,1
450023,1,2450311,1,1
450024,1,2453311,1,1
450025,1,2456311,1,1
450026,1,2410411,1,1
450027,1,2413411,1,1
450028,1,2416411,1,1
450029,1,10000,20,1
450030,1,10100,18,1
450031,1,2440001,1,0
450032,1,2443001,1,0
450033,1,2446001,1,0
450034,1,2430001,1,0
450035,1,2433001,1,0
450036,1,2436001,1,0
450037,1,2450001,1,0
450038,1,2453001,1,0
450039,1,2456001,1,0
450040,1,11000,2,1
450041,1,11010,2,1
450042,1,9111,1,0
450043,1,2420111,1,0
450044,1,2423111,1,0
450045,1,2426111,1,0
450046,1,2080011,1,0
450047,1,10000,20,1
450048,1,10100,18,1
450049,1,510012,1,0
450050,1,2070011,1,0
450051,1,2440111,1,1
450052,1,2443111,1,1
450053,1,2446111,1,1
450054,1,2430111,1,1
450055,1,2433111,1,1
450056,1,2436111,1,1
450057,1,2410111,1,1
450058,1,2413111,1,1
450059,1,2416111,1,1
450060,1,11020,2,1
450061,1,11030,2,1
450062,1,2450111,1,1
450063,1,2453111,1,1
450064,1,2456111,1,1
450065,1,10000,20,1
450066,1,10100,18,1
450067,1,510013,1,0
450068,1,2440211,1,1
450069,1,2443211,1,1
450070,1,2446211,1,1
450071,1,11001,2,1
450072,1,11011,2,1
450073,1,2410211,1,1
450074,1,2413211,1,1
450075,1,2416211,1,1
450076,1,10005,20,1
450077,1,10105,18,1
450078,1,2080111,1,0
450079,1,2080111,1,0
450080,1,9113,1,0
450081,1,2420311,1,1
450082,1,2423311,1,1
450083,1,2426311,1,1
450084,1,10004,20,1
450085,1,10104,18,1
450086,1,2440311,1,1
450087,1,2443311,1,1
450088,1,2446311,1,1
450089,1,11021,2,1
450090,1,11031,2,1
450091,1,2430311,1,1
450092,1,2433311,1,1
450093,1,2436311,1,1
450094,1,2080211,1,0
450095,1,10004,20,1
450096,1,10104,18,1
450097,1,2080211,1,0
450098,1,9070,1,0
450099,1,9070,1,0
450100,1,9070,1,0
450101,1,9070,1,0
450102,1,9070,1,0
450103,1,9070,1,0
450104,1,82001,1,0
450105,1,82001,2,0
450106,1,82001,3,0
450107,1,82002,1,0
450108,1,82002,2,0
450109,1,82002,3,0
450110,1,82008,1,0
450111,1,82009,1,0
450112,1,82007,1,0
450113,1,82002,1,0
450114,1,82002,2,0
450115,1,82002,3,0
450116,1,82011,1,0
450117,1,82012,1,0
450118,1,82010,1,0
450121,1,0,0,0
450122,1,0,0,0
450123,1,0,0,0
450124,1,0,0,0
450125,1,9170,1,0
450126,1,9171,1,0
450127,1,9172,1,0
450128,1,9173,1,0
450129,1,9174,1,0
450130,1,9175,1,0
450131,1,9176,1,0
450132,1,9177,1,0
450133,1,9178,1,0
450134,1,9179,1,0
450135,1,9180,1,0
450136,1,9181,1,0
450137,1,9182,1,0
450138,1,9183,1,0
450139,1,9184,1,0
450140,1,9185,1,0
450141,1,9186,1,0
450142,1,9187,1,0
450143,1,9188,1,0
450144,1,9189,1,0
450201,1,14000,1,0
450202,1,14100,1,0
450203,1,14200,1,0
450204,1,14300,1,0
450205,1,14001,1,0
450206,1,14101,1,0
450207,1,14201,1,0
450208,1,14301,1,0
450209,1,14002,1,0
450210,1,14102,1,0
450211,1,14202,1,0
450212,1,14302,1,0
450213,1,14003,1,0
450214,1,14103,1,0
450215,1,14203,1,0
450216,1,14303,1,0
450217,1,14004,1,0
450218,1,14104,1,0
450219,1,14204,1,0
450220,1,14304,1,0
450221,1,14005,1,0
450222,1,14105,1,0
450223,1,14205,1,0
450224,1,14305,1,0
450225,1,14006,1,0
450226,1,14106,1,0
450227,1,14206,1,0
450228,1,14306,1,0
450229,1,14007,1,0
450230,1,14107,1,0
450231,1,14207,1,0
450232,1,14307,1,0
450233,1,14008,1,0
450234,1,14108,1,0
450235,1,14208,1,0
450236,1,14308,1,0
450237,1,14009,1,0
450238,1,14109,1,0
450239,1,14209,1,0
450240,1,14309,1,0
450241,1,14010,1,1
450242,1,14110,1,1
450243,1,14210,1,1
450244,1,14310,1,1
450245,1,14011,1,1
450246,1,14111,1,1
450247,1,14211,1,1
450248,1,14311,1,1
450249,1,14012,1,1
450250,1,14112,1,1
450251,1,14212,1,1
450252,1,14312,1,1
450253,1,14013,1,1
450254,1,14113,1,1
450255,1,14213,1,1
450256,1,14313,1,1
450257,1,14014,1,1
450258,1,14114,1,1
450259,1,14214,1,1
450260,1,14314,1,1
450261,1,14015,1,1
450262,1,14115,1,1
450263,1,14215,1,1
450264,1,14315,1,1
450265,1,14016,1,1
450266,1,14116,1,1
450267,1,14216,1,1
450268,1,14316,1,1
450269,1,14017,1,1
450270,1,14117,1,1
450271,1,14217,1,1
450272,1,14317,1,1
450273,1,14018,1,1
450274,1,14118,1,1
450275,1,14218,1,1
450276,1,14318,1,1
450277,1,14019,1,1
450278,1,14119,1,1
450279,1,14219,1,1
450280,1,14319,1,1
450281,1,14020,1,1
450282,1,14120,1,1
450283,1,14220,1,1
450284,1,14320,1,1
450285,1,14021,1,1
450286,1,14121,1,1
450287,1,14221,1,1
450288,1,14321,1,1
450289,1,14022,1,1
450290,1,14122,1,1
450291,1,14222,1,1
450292,1,14322,1,1
450293,1,14023,1,1
450294,1,14123,1,1
450295,1,14223,1,1
450296,1,14323,1,1
450297,1,14024,1,1
450298,1,14124,1,1
450299,1,14224,1,1
450300,1,14324,1,1
450301,1,14025,1,1
450302,1,14125,1,1
450303,1,14225,1,1
450304,1,14325,1,1
450305,1,14026,1,1
450306,1,14126,1,1
450307,1,14226,1,1
450308,1,14326,1,1
450309,1,14027,1,1
450310,1,14127,1,1
450311,1,14227,1,1
450312,1,14327,1,1
450313,1,14028,1,1
450314,1,14128,1,1
450315,1,14228,1,1
450316,1,14328,1,1
450317,1,14029,1,1
450318,1,14129,1,1
450319,1,14229,1,1
450320,1,14329,1,1
450321,1,14030,1,1
450322,1,14130,1,1
450323,1,14230,1,1
450324,1,14330,1,1
450325,1,14031,1,1
450326,1,14131,1,1
450327,1,14231,1,1
450328,1,14331,1,1
450329,1,14032,1,1
450330,1,14132,1,1
450331,1,14232,1,1
450332,1,14332,1,1
450333,1,14033,1,1
450334,1,14133,1,1
450335,1,14233,1,1
450336,1,14333,1,1
450337,1,14034,1,1
450338,1,14134,1,1
450339,1,14234,1,1
450340,1,14334,1,1
450341,1,14035,1,1
450342,1,14135,1,1
450343,1,14235,1,1
450344,1,14335,1,1
450345,1,14036,1,1
450346,1,14136,1,1
450347,1,14236,1,1
450348,1,14336,1,1
450349,1,14037,1,1
450350,1,14137,1,1
450351,1,14237,1,1
450352,1,14337,1,1
450353,1,14038,1,1
450354,1,14138,1,1
450355,1,14238,1,1
450356,1,14338,1,1
450357,1,14039,1,1
450358,1,14139,1,1
450359,1,14239,1,1
450360,1,14339,1,1
450361,1,14040,1,1
450362,1,14140,1,1
450363,1,14240,1,1
450364,1,14340,1,1
450365,1,14041,1,1
450366,1,14141,1,1
450367,1,14241,1,1
450368,1,14341,1,1
450369,1,14042,1,1
450370,1,14142,1,1
450371,1,14242,1,1
450372,1,14342,1,1
450373,1,14043,1,1
450374,1,14143,1,1
450375,1,14243,1,1
450376,1,14343,1,1
450377,1,14044,1,1
450378,1,14144,1,1
450379,1,14244,1,1
450380,1,14344,1,1
450381,1,14045,1,1
450382,1,14145,1,1
450383,1,14245,1,1
450384,1,14345,1,1
450385,1,14046,1,1
450386,1,14146,1,1
450387,1,14246,1,1
450388,1,14346,1,1
450389,1,14047,1,1
450390,1,14147,1,1
450391,1,14247,1,1
450392,1,14347,1,1
450393,1,14048,1,1
450394,1,14148,1,1
450395,1,14248,1,1
450396,1,14348,1,1
450397,1,14049,1,1
450398,1,14149,1,1
450399,1,14249,1,1
450400,1,14349,1,1
450401,1,14400,1,0
450402,1,14401,1,0
450403,1,14402,1,0
450404,1,14403,1,0
450405,1,14404,1,0
450406,1,14405,1,0
450407,1,14406,1,0
450408,1,14407,1,0
450409,1,14408,1,0
450410,1,14409,1,0
450411,1,14410,1,1
450412,1,14411,1,1
450413,1,14412,1,1
450414,1,14413,1,1
450415,1,14414,1,1
450416,1,14415,1,1
450417,1,14416,1,1
450418,1,14417,1,1
450419,1,14418,1,1
450420,1,14419,1,1
450421,1,14420,1,1
450422,1,14421,1,1
450423,1,14422,1,1
450424,1,14423,1,1
450425,1,14424,1,1
450426,1,14425,1,1
450427,1,14426,1,1
450428,1,14427,1,1
450429,1,14428,1,1
450430,1,14429,1,1
450431,1,14430,1,1
450432,1,14431,1,1
450433,1,14432,1,1
450434,1,14433,1,1
450435,1,14434,1,1
450436,1,14435,1,1
450437,1,14436,1,1
450438,1,14437,1,1
450439,1,14438,1,1
450440,1,14439,1,1
450441,1,14440,1,1
450442,1,14441,1,1
450443,1,14442,1,1
450444,1,14443,1,1
450445,1,14444,1,1
450446,1,14445,1,1
450447,1,14446,1,1
450448,1,14447,1,1
450449,1,14448,1,1
450450,1,14449,1,1
451001,1,9114,1,0
451002,1,2410411,1,1
451003,1,2413411,1,1
451004,1,2416411,1,1
451005,1,2430411,1,1
451006,1,2433411,1,1
451007,1,2436411,1,1
451008,1,2450411,1,1
451009,1,2453411,1,1
451010,1,2456411,1,1
451011,1,2080311,1,0
451012,1,2420511,1,1
451013,1,2423511,1,1
451014,1,2426511,1,1
451015,1,2440511,1,1
451016,1,2443511,1,1
451017,1,2446511,1,1
451018,1,2410511,1,1
451019,1,2413511,1,1
451020,1,2416511,1,1
451021,1,2430511,1,1
451022,1,2433511,1,1
451023,1,2436511,1,1
451024,1,2070311,1,0
451025,1,2450511,1,1
451026,1,2453511,1,1
451027,1,2456511,1,1
451028,1,2420411,1,1
451029,1,2423411,1,1
451030,1,2426411,1,1
451031,1,2440411,1,1
451032,1,2443411,1,1
451033,1,2446411,1,1
451034,1,11002,2,1
451035,1,11012,2,1
451036,1,2070211,1,0
451037,1,10009,20,1
451038,1,10109,18,1
451039,1,10008,20,1
451040,1,10108,18,1
451041,1,2080311,1,0
451042,1,9115,1,0
451043,1,11022,2,1
451044,1,11032,2,1
451045,1,10008,20,1
451046,1,10108,18,1
451047,1,11062,2,1
451048,1,11052,2,1
451049,1,2420611,1,1
451050,1,2423611,1,1
451051,1,2426611,1,1
451052,1,2080411,1,0
451053,1,2080411,1,0
451054,1,10008,20,1
451055,1,10108,18,1
451056,1,0,0,0
451057,1,0,0,0
451058,1,0,0,0
451059,1,0,0,0
451060,1,0,0,0
451061,1,0,0,0
451062,1,0,0,0
451065,1,0,0,0
451066,1,0,0,0
451067,1,0,0,0
451068,1,0,0,0
451069,1,0,0,0
451070,1,0,0,0
451071,1,0,0,0
451072,1,0,0,0
451073,1,0,0,0
451074,1,0,0,0
451075,1,0,0,0
451076,1,0,0,0
451077,1,0,0,0
451078,1,0,0,0
451079,1,0,0,0
451080,1,0,0,0
451081,1,0,0,0
451082,1,0,0,0
451083,1,0,0,0
451084,1,0,0,0
451085,1,0,0,0
451086,1,9071,1,0
451087,1,500500,1,1
451088,1,500501,1,1
451089,1,500502,1,1
451098,1,25893,1,0
451099,1,400001,1,1
451100,1,9071,1,1
451101,1,21285,1,0
451102,1,400001,1,0
451103,1,1010411,1,1
451104,1,1040411,1,1
451105,1,1050411,1,1
451106,1,1140411,1,1
451107,1,2410211,1,1
451108,1,2413211,1,1
451109,1,2416211,1,1
451110,1,2420211,1,1
451111,1,2423211,1,1
451112,1,2426211,1,1
451113,1,2430211,1,1
451114,1,2433211,1,1
451115,1,2436211,1,1
451119,1,2440211,1,1
451120,1,2443211,1,1
451121,1,2446211,1,1
451122,1,2450211,1,1
451123,1,2453211,1,1
451124,1,2456211,1,1
451125,1,1010811,1,1
451126,1,1040811,1,1
451127,1,1050811,1,1
451128,1,1140811,1,1
451129,1,2410411,1,1
451130,1,2416411,1,1
451131,1,2413412,1,1
451132,1,2420411,1,1
451133,1,2426411,1,1
451134,1,2423412,1,1
451135,1,2430411,1,1
451136,1,2436411,1,1
451137,1,2433412,1,1
451138,1,2440411,1,1
451139,1,2446411,1,1
451140,1,2443412,1,1
451141,1,2450411,1,1
451142,1,2456411,1,1
451143,1,2453412,1,1
451144,1,1011011,1,1
451145,1,1041011,1,1
451146,1,1051011,1,1
451147,1,1141011,1,1
451148,1,2460511,1,1
451149,1,2460512,1,1
451150,1,2410511,1,1
451151,1,2413512,1,1
451152,1,2416512,1,1
451153,1,2420511,1,1
451154,1,2423512,1,1
451155,1,2426512,1,1
451156,1,2430511,1,1
451157,1,2433512,1,1
451158,1,2436512,1,1
451159,1,2440511,1,1
451160,1,2443512,1,1
451161,1,2446512,1,1
451162,1,2450511,1,1
451163,1,2453512,1,1
451164,1,2456512,1,1
451165,1,1011211,1,1
451166,1,1041211,1,1
451167,1,1051211,1,1
451168,1,1141211,1,1
451169,1,2460611,1,1
451170,1,2460612,1,1
451171,1,2410611,1,1
451172,1,2413611,1,1
451173,1,2416611,1,1
451174,1,2420611,1,1
451175,1,2423611,1,1
451176,1,2426611,1,1
451177,1,2430611,1,1
451178,1,2433611,1,1
451179,1,2436611,1,1
451180,1,2440611,1,1
451181,1,2443611,1,1
451182,1,2446611,1,1
451183,1,2450611,1,1
451184,1,2453611,1,1
451185,1,2456611,1,1
451186,1,510051,1,0
451187,1,9076,1,0
451188,1,510052,1,0
451189,1,40302,1,0
451190,1,510060,1,0
451191,1,510061,1,0
451192,1,510062,1,0
451193,1,1090411,1,1
451194,1,1090811,1,1
451195,1,1091011,1,1
451196,1,1091211,1,1
451198,1,510078,1,1
451199,1,510079,1,1
451200,1,510080,1,1
451301,1,2210211,1,1
451302,1,2213211,1,1
451303,1,2216211,1,1
451304,1,2220211,1,1
451305,1,2223211,1,1
451306,1,2226211,1,1
451307,1,2230211,1,1
451308,1,2233211,1,1
451309,1,2236211,1,1
451310,1,2240211,1,1
451311,1,2243211,1,1
451312,1,2246211,1,1
451313,1,2250211,1,1
451314,1,2253211,1,1
451315,1,2256211,1,1
451316,1,2210411,1,1
451317,1,2213412,1,1
451318,1,2216411,1,1
451319,1,2220411,1,1
451320,1,2223412,1,1
451321,1,2226411,1,1
451322,1,2230411,1,1
451323,1,2233412,1,1
451324,1,2236411,1,1
451325,1,2240411,1,1
451326,1,2243412,1,1
451327,1,2246411,1,1
451328,1,2250411,1,1
451329,1,2253412,1,1
451330,1,2256411,1,1
451331,1,2210511,1,1
451332,1,2213512,1,1
451333,1,2216512,1,1
451334,1,2220511,1,1
451335,1,2223512,1,1
451336,1,2226512,1,1
451337,1,2230511,1,1
451338,1,2233512,1,1
451339,1,2236512,1,1
451340,1,2240511,1,1
451341,1,2243512,1,1
451342,1,2246512,1,1
451343,1,2250511,1,1
451344,1,2253512,1,1
451345,1,2256512,1,1
451346,1,2260511,1,1
451347,1,2260512,1,1
451348,1,2210611,1,1
451349,1,2213611,1,1
451350,1,2216611,1,1
451351,1,2220611,1,1
451352,1,2223611,1,1
451353,1,2226611,1,1
451354,1,2230611,1,1
451355,1,2233611,1,1
451356,1,2236611,1,1
451357,1,2240611,1,1
451358,1,2243611,1,1
451359,1,2246611,1,1
451360,1,2250611,1,1
451361,1,2253611,1,1
451362,1,2256611,1,1
451363,1,2260611,1,1
451364,1,2260612,1,1
