TID,Type,Kind,WeatherUse,WorldTID,GroupNum,D_X,D_Y,D_Z,Radius,AimRebirthPos,DemolRebirthPos,Comment,EngName,EngSubName,LocalName,LocalSubName,BgmName,BgmLoop,Weather0,Weather1,Weather2,Weather3
,,,,,,,,,,,,,,,,,,,,,,
,,,,,,,,,,,,,,,,,,,,,,
U32,U32,U32,U32,U32,U16,F32,F32,F32,F32,F32:v,F32:v,CBwString,CBwString,CBwString,CBwString,CBwString,CBwString:v,U16,CBwString,CBwString,CBwString,CBwString
1,1,0,1,10001,0,0,0,0,32,,,,ART_Name_000001,ART_Subname_000001,角色工具,,,0,3013|4045|,3013|4045|,3013|4045|,3013|4045|
2,1,0,1,1,0,128,128,0,128,,,,ART_Name_000002,ART_Subname_000002,角色生成,高精准,Sound/BGM/BGM_02.ogg,1,3029|4034|,3029|4034|,3029|4034|,3029|4034|
3,1,0,1,2,0,128,128,0,128,,,,ART_Name_000003,ART_Subname_000003,角色生成,破坏,Sound/BGM/BGM_04.ogg,1,3026|4034|,3026|4034|,3026|4034|,3026|4034|
4,1,0,1,3,0,128,128,0,128,,,,ART_Name_000004,ART_Subname_000004,角色选择,高精准,Sound/BGM/BGM_02.ogg,1,3012|4044|,3012|4044|,3012|4044|,3012|4044|
5,1,0,1,4,0,128,128,0,128,,,,ART_Name_000005,ART_Subname_000005,角色选择,破坏,Sound/BGM/BGM_04.ogg,1,3019|4043|,3019|4043|,3019|4043|,3019|4043|
6,1,0,1,2500,0,255.97,256,165.3,256,256.55|206.63|162.68,,,ART_Name_000006,ART_Subname_000006,斯蒂尔普瑞斯:,高精准 大都市,Sound/BGM/BGM_02.ogg|Sound/BGM/BGM_03.ogg,1,3043|4025|,3043|4025|,3043|4025|,3043|4025|
7,1,0,1,2501,0,256,256,198.47,256,,259.24|175.50|152.77,,ART_Name_000007,ART_Subname_000007,班迪路娜:,破坏 大都市,Sound/BGM/BGM_04.ogg|Sound/BGM/BGM_27.ogg,1,3044|4018|2000|,3044|4018|2001|,3044|4018|2002|,3044|4018|2003|
11,1,0,1,2000,0,6912,7936,62.6,256,,,,ART_Name_000008,ART_Subname_000008,绿色海洋森林：,肥沃的大地,Sound/BGM/BGM_24.ogg|Sound/BGM/BGM_25.ogg,1,,,,
12,1,0,1,2000,0,6911.77,8448.11,177.98,256,,,,ART_Name_000009,ART_Subname_000009,绿色海洋森林：,藤蔓丛,Sound/BGM/BGM_24.ogg|Sound/BGM/BGM_25.ogg,1,,,,
13,1,0,1,2000,0,7424,8448,208.85,256,,,,ART_Name_000010,ART_Subname_000010,绿色海洋森林：,悲伤沼泽,Sound/BGM/BGM_24.ogg|Sound/BGM/BGM_25.ogg,1,3020|,3021|,3022|,3023|
14,1,0,1,2000,0,7424.01,7936,115,256,,,,ART_Name_000011,ART_Subname_000011,绿色海洋森林：,深渊的湖水,Sound/BGM/BGM_08.ogg|Sound/BGM/BGM_09.ogg,1,3020|,3021|,3022|,3023|
15,1,0,1,2000,0,7424.27,7332.56,78.21,256,,,,ART_Name_000012,ART_Subname_000012,绿色海洋森林：,神圣的盆地,Sound/BGM/BGM_08.ogg|Sound/BGM/BGM_09.ogg,1,4017|1010|3034|,4010|3039|,4018|3010|,4021|3011|
16,1,0,1,2000,0,6399.91,7423.89,119.13,256,,,,ART_Name_000013,ART_Subname_000013,冰冻的乐园:,冰冻的江,Sound/BGM/BGM_15.ogg|Sound/BGM/BGM_21.ogg,1,3015|4017|2004|,3016|4016|,3017|4014|,3018|4015|
17,1,0,1,2000,0,6912,7424,132.32,256,,,,ART_Name_000014,ART_Subname_000014,冰冻的乐园:,刀锋平原,Sound/BGM/BGM_15.ogg|Sound/BGM/BGM_21.ogg,1,3015|4017|2004|,4016|3016|,4014|3017|,3018|4015|
18,1,0,1,2000,0,6912,6912,103.12,256,,,,ART_Name_000015,ART_Subname_000015,冰冻的乐园:,寒霜之湖,Sound/BGM/BGM_15.ogg|Sound/BGM/BGM_21.ogg,1,3015|4017|2005|,3016|4016|,4014|3017|,3018|4015|2004|
19,1,0,1,2000,0,7424,6912,133.4,256,,,,ART_Name_000016,ART_Subname_000016,冰冻的乐园:,冰封峡谷,Sound/BGM/BGM_15.ogg|Sound/BGM/BGM_21.ogg,1,3015|4017|2005|,2004|3016|4016|,3017|4014|,3018|2004|4015|
20,1,0,1,2000,0,7424,6400,208.01,256,,,,ART_Name_000017,ART_Subname_000017,冰冻的乐园:,严寒之城,Sound/BGM/BGM_15.ogg|Sound/BGM/BGM_21.ogg,1,3015|2005|4015|,3016|4015|2004|,3017|4015|,3018|4015|2004|
21,1,0,1,2000,0,5887.84,7423.8,89.67,256,,,,ART_Name_000018,ART_Subname_000018,没落的月光平原:,摧毁的城市,Sound/BGM/BGM_13.ogg|Sound/BGM/BGM_14.ogg,1,3034|4017|,3039|4010|1010|,3028|4019|,3011|4020|
22,1,0,1,2000,0,5888,6912,90.63,256,,,,ART_Name_000019,ART_Subname_000019,没落的月光平原:,恶臭的江,Sound/BGM/BGM_13.ogg|Sound/BGM/BGM_14.ogg,1,3034|4017|,3039|4010|1010|,3028|4019|,3011|4020|
23,1,0,1,2000,0,6400,6912,75.82,256,,,,ART_Name_000020,ART_Subname_000020,没落的月光平原:,腐败的农场,Sound/BGM/BGM_13.ogg|Sound/BGM/BGM_14.ogg,1,3034|4017|,3039|4010|1010|,3028|4019|,3011|4020|
24,1,0,1,2000,0,6400,6400,78,256,,,,ART_Name_000021,ART_Subname_000021,没落的月光平原:,影子坟墓,Sound/BGM/BGM_25.ogg|Sound/BGM/BGM_21.ogg,1,3034|4017|,3039|4010|1010|,3028|4019|,3011|4020|
25,1,0,1,2000,0,5888,6400,82.24,256,,,,ART_Name_000022,ART_Subname_000022,没落的月光平原:,暴风古城,Sound/BGM/BGM_25.ogg|Sound/BGM/BGM_21.ogg,1,3034|4013|,3039|4022|2004|,3010|4024|2005|,3011|4012|2004|
51,1,0,1,2000,0,1792,4864,86.69,256,,,,ART_Name_000023,ART_Subname_000023,圆滚滚的丘陵地地:,绿色草原,Sound/BGM/BGM_24.ogg|Sound/BGM/BGM_28.ogg,1,,,,
52,1,0,1,2000,0,1818.75,5380.54,69.43,300,,,,ART_Name_000024,ART_Subname_000024,圆滚滚的丘陵地地:,和风谷,Sound/BGM/BGM_24.ogg|Sound/BGM/BGM_28.ogg,1,,,,
53,1,0,1,2000,0,1280,5376,70.65,256,,,,ART_Name_000025,ART_Subname_000025,圆滚滚的丘陵地地:,棕色峡谷,Sound/BGM/BGM_24.ogg|Sound/BGM/BGM_28.ogg,1,,,,
54,1,0,1,2000,0,1280,4863.91,56.94,256,,,,ART_Name_000026,ART_Subname_000026,圆滚滚的丘陵地地:,污浊之地,Sound/BGM/BGM_06.ogg|Sound/BGM/BGM_07.ogg,1,4017|1010|3034|,4001|3039|,4019|3010|,4020|3011|
55,1,0,1,2000,0,1280,4352,75.33,256,,,,ART_Name_000027,ART_Subname_000027,圆滚滚的丘陵地地:,被被遗忘的大地,Sound/BGM/BGM_06.ogg|Sound/BGM/BGM_07.ogg,1,4017|1010|3034|,4010|3039|,4018|1010|3010|,3011|4021|
56,1,0,1,2000,0,1792,4352,105.55,256,,,,ART_Name_000028,ART_Subname_000028,红岩荒芜地:,贫瘠的荒原,Sound/BGM/BGM_14.ogg|Sound/BGM/BGM_08.ogg,1,3030|4026|,3031|4027|,3032|4028|,3033|4029|
57,1,0,1,2000,0,1792,3840,102.06,256,,,,ART_Name_000029,ART_Subname_000029,红岩荒芜地:,红风之溪谷,Sound/BGM/BGM_14.ogg|Sound/BGM/BGM_08.ogg,1,4026|3030|,3031|4027|,3032|4028|,3033|4029|
58,1,0,1,2000,0,1280,3840,100.42,256,,,,ART_Name_000030,ART_Subname_000030,红岩荒芜地:,旋风盆地,Sound/BGM/BGM_14.ogg|Sound/BGM/BGM_08.ogg,1,3030|4026|,4027|3031|,4028|3032|2003|,3033|4029|
59,1,0,1,2000,0,1792,3328,144.65,256,,,,ART_Name_000031,ART_Subname_000031,红岩荒芜地:,烈士峡谷,Sound/BGM/BGM_14.ogg|Sound/BGM/BGM_08.ogg,1,3034|4017|,4010|3039|,3010|4018|,3011|4021|
60,1,0,1,2000,0,2304,4352,149.39,256,,,,ART_Name_000032,ART_Subname_000032,被遗忘的大地:,富饶之原,Sound/BGM/BGM_11.ogg|Sound/BGM/BGM_12.ogg,1,3020|4000|,3021|4001|,3022|4002|,3023|4003|
61,1,0,1,2000,0,2304,3840,65.95,256,,,,ART_Name_000033,ART_Subname_000033,被遗忘的大地:,伯尔尼哈特高原,Sound/BGM/BGM_11.ogg|Sound/BGM/BGM_12.ogg,1,3020|,3021|,3022|,3023|
62,1,0,1,2000,0,2303.99,3328.01,38.26,256,,,,ART_Name_000034,ART_Subname_000034,被遗忘的大地:,古老的丛林,Sound/BGM/BGM_11.ogg|Sound/BGM/BGM_12.ogg,1,3020|4017|1011|,3021|4010|1010|,3022|,3023|1010|4020|
63,1,0,1,2000,0,2816,3840,2.72,256,,,,ART_Name_000035,ART_Subname_000035,被遗忘的大地:,葛莱特高原,Sound/BGM/BGM_25.ogg|Sound/BGM/BGM_21.ogg,1,3034|4017|1010|,3039|4010|,3028|4019|,3011|4020|
64,1,0,1,2000,0,2816,3328,59.34,256,,,,ART_Name_000036,ART_Subname_000036,被遗忘的大地:,隐退者峡谷,Sound/BGM/BGM_25.ogg|Sound/BGM/BGM_21.ogg,1,3034|4030|,3039|4031|,3028|4032|,3011|4033|1010|
101,1,0,1,2001,0,256,256,0,256,134.22|345.30|-1.54,374.94|194.75|-1.43,,ART_Name_000037,ART_Subname_000037,舞风峡谷:,决战地,Sound/BGM/BGM_26.ogg|Sound/BGM/BGM_18.ogg,1,4019|3027|,4019|3027|,3027|4019|,3027|4019|
102,1,0,1,2002,0,256,256,-9.63,256,250.85|108.43|32.96,263.96|407.56|34.93,,ART_Name_000038,ART_Subname_000038,光芒普照的盆地:,决战地,Sound/BGM/BGM_26.ogg|Sound/BGM/BGM_19.ogg,1,3027|4032|,3027|4032|,3027|4032|,3027|4032|
103,1,0,1,2003,0,256,256,0,256,134.22|345.30|-1.54,374.94|194.75|-1.43,,ART_Name_000039,ART_Subname_000039,满是伤痕的大地:,决战地,Sound/BGM/BGM_26.ogg|Sound/BGM/BGM_20.ogg,1,4019|3027|,4019|3027|,3027|4019|,3027|4019|
1001,1,0,0,2000,0,1762.8,4780.46,68.47,55,1767.00|4767.00|68.00,,,ART_Name_000040,ART_Subname_000040,圆滚滚的丘陵地:,尖塔村庄,,1,,,,
1002,0,0,0,2000,0,1889.98,4687.12,66.69,70,,,,ART_Name_000041,ART_Subname_000041,圆滚滚的丘陵地:,哥布林山地营地,,1,,,,
1003,0,0,0,2000,0,1598.46,4650.19,70.58,80,,,,ART_Name_000042,ART_Subname_000042,圆滚滚的丘陵地:,哥布林池塘营地,,1,,,,
1004,0,0,0,2000,0,1891.45,4992.63,106.49,140,,,,ART_Name_000043,ART_Subname_000043,圆滚滚的丘陵地:,贝斯帕德丛林,,1,,,,
1005,1,0,0,2000,0,1599.22,5060.74,70.15,60,,,,ART_Name_000044,ART_Subname_000044,圆滚滚的丘陵地:,哥布林江边营地,,1,,,,
1006,0,0,1,2000,0,1898.25,4600.19,83.28,90,,,,ART_Name_000045,ART_Subname_000045,圆滚滚的丘陵地:,绿色草原,,1,,,,
1007,0,0,1,2000,0,1927.03,5530.03,78.61,120,,,,ART_Name_000046,ART_Subname_000046,和风谷:,刀刃占领地,Sound/BGM/BGM_25.ogg|Sound/BGM/BGM_21.ogg,1,3034|,3039|,3028|,3011|
1008,0,0,1,2000,0,1716.42,5432.79,67.38,80,,,,ART_Name_000047,ART_Subname_000047,和风谷:,盗贼团聚集地,Sound/BGM/BGM_25.ogg|Sound/BGM/BGM_21.ogg,1,3034|,3039|,3010|,3011|
1009,0,0,0,2000,0,1600.42,5271.36,63.24,50,,,,ART_Name_000048,ART_Subname_000048,和风谷:,灰肤部落,Sound/BGM/BGM_25.ogg|Sound/BGM/BGM_21.ogg,1,,,,
1010,0,0,0,2000,0,1758.49,5299.18,72.03,40,1755.00|5306.00|72.00,,,ART_Name_000049,ART_Subname_000049,和风谷:,难民营,,1,,,,
1011,1,0,0,2000,0,1715.43,5585.11,72.01,30,,,,ART_Name_000050,ART_Subname_000050,和风谷:,第一侦察队野营地,,1,,,,
1012,0,0,1,2000,0,1386.4,5639.98,63.19,200,,,,ART_Name_000051,ART_Subname_000051,棕色峡谷:,盗贼团要塞,Sound/BGM/BGM_25.ogg|Sound/BGM/BGM_21.ogg,1,3034|,3039|,3028|,3011|
1013,0,0,0,2000,0,1163.27,5473.22,60.75,100,1200.00|5516.00|68.00,,,ART_Name_000052,ART_Subname_000052,棕色峡谷:,瀑布村,,1,,,,
1014,0,0,0,2000,0,1302.58,5207.52,67.31,20,,,,ART_Name_000053,ART_Subname_000053,棕色峡谷:,第二侦察队野营地,,1,,,,
1015,0,0,1,2000,0,1444.1,5233.07,53.14,150,,,,ART_Name_000054,ART_Subname_000054,棕色峡谷:,绿荫森林,,1,3034|,3039|,3010|,3011|
1016,0,0,1,2000,0,1144.47,5262.86,61.03,100,,,,ART_Name_000055,ART_Subname_000055,棕色峡谷:,砂轮王国,Sound/BGM/BGM_25.ogg|Sound/BGM/BGM_21.ogg,1,3034|,3039|,3010|,3011|
1017,1,0,0,2000,0,1167.39,5070.5,56.39,15,,,,ART_Name_000056,ART_Subname_000056,污浊之地:,第三侦察队野营地,,1,,,,
1018,1,0,0,2000,0,1417.24,5033.88,97.13,70,,,,ART_Name_000057,ART_Subname_000057,污浊之地:,雾之丘,,1,,,,
1019,1,0,0,2000,0,1109.38,4936.25,72.46,60,1151.00|4917.00|73.00,,,ART_Name_000058,ART_Subname_000058,污浊之地:,柱子之村,,1,,,,
1020,0,0,0,2000,0,1386.54,4851.52,29.78,100,,,,ART_Name_000059,ART_Subname_000059,污浊之地:,尸穴,,1,,,,
1021,0,0,0,2000,0,1191.83,4712.52,36.73,120,,,,ART_Name_000060,ART_Subname_000060,污浊之地:,蜘蛛巢穴,,1,,,,
1022,0,0,0,2000,0,1387.73,4690.29,57.39,20,,,,ART_Name_000061,ART_Subname_000061,污浊之地:,第四侦察队野营地,,1,,,,
1023,0,0,0,2000,0,1440.67,4375.83,76,70,1408.00|4367.00|75.00,,,ART_Name_000062,ART_Subname_000062,被遗忘之地:,草绿军驻扎地,,1,,,,
1024,1,0,0,2000,0,1162.77,4257.55,92.34,120,,,,ART_Name_000063,ART_Subname_000063,被遗忘之地:,古代门,,1,,,,
1025,1,0,0,2000,0,1460.14,4527.9,53.55,80,,,,ART_Name_000064,ART_Subname_000064,被遗忘之地:,贝斯帕德洼地,,1,,,,
1026,1,0,0,2000,0,1385.02,4175.16,72.66,80,,,,ART_Name_000065,ART_Subname_000065,被遗忘之地:,被遗忘者墓地,Sound/BGM/BGM_25.ogg|Sound/BGM/BGM_21.ogg,1,,,,
1027,1,0,0,2000,0,1172.04,4486.65,56.4,100,,,,ART_Name_000066,ART_Subname_000066,被遗忘之地:,莱索特墓地,Sound/BGM/BGM_25.ogg|Sound/BGM/BGM_21.ogg,1,,,,
1028,0,0,0,2000,0,1947.53,4440.51,86.5,70,,,,ART_Name_000067,ART_Subname_000067,红岩平原:,雷兰特冶炼厂,,1,,,,
1029,0,0,0,2000,0,1589.99,4490.97,94.54,50,,,,ART_Name_000068,ART_Subname_000068,红岩平原:,内特采石场,,1,,,,
1030,0,0,0,2000,0,1610.84,4149.75,107.35,70,,,,ART_Name_000069,ART_Subname_000069,红岩平原:,布朗汉挖掘场,,1,,,,
1031,0,0,0,2000,0,1813.2,4148.45,116.93,20,1814.00|4147.00|116.00,,,ART_Name_000070,ART_Subname_000070,红岩平原:,第二侦察队,,1,,,,
1032,0,0,0,2000,0,1787.72,4380.5,106.3,20,,,,ART_Name_000071,ART_Subname_000071,红岩平原:,第一侦察队,,1,,,,
1033,0,0,0,2000,0,1907.11,4240.16,108.83,100,,,,ART_Name_000072,ART_Subname_000072,红岩平原:,卢安克巢穴,,1,,,,
1034,0,0,0,2000,0,1608.07,3910.03,147.26,90,1606.00|3923.00|146.00,,,ART_Name_000073,ART_Subname_000073,红岩平原:,克里特矿山村,,1,,,,
1035,0,0,0,2000,0,1965.73,3942.07,152.67,90,,,,ART_Name_000074,ART_Subname_000074,红岩平原:,红蝎子盗贼团藏身处,,1,,,,
1036,0,0,0,2000,0,1718.92,4025.1,141.94,80,,,,ART_Name_000075,ART_Subname_000075,红岩平原:,克里特山丘,,1,,,,
1037,1,0,0,2000,0,1714.66,3712.94,124.85,150,,,,ART_Name_000076,ART_Subname_000076,红岩平原:,凯伦荒芜地,,1,,,,
1038,0,0,0,2000,0,1558.31,3692.81,139.31,20,,,,ART_Name_000077,ART_Subname_000077,红岩平原:,勘探队,,1,,,,
1039,1,0,0,2000,0,1413.57,3758.26,130.47,150,,,,ART_Name_000078,ART_Subname_000078,红岩平原:,凯伦荒芜地,,1,,,,
1040,1,0,0,2000,0,1194.89,3706.08,137.28,90,,,,ART_Name_000079,ART_Subname_000079,红岩平原:,加仑废矿,,1,,,,
1041,0,0,0,2000,0,1074.86,3893.19,132.13,80,1080.00|3898.00|132.00,,,ART_Name_000080,ART_Subname_000080,红岩平原:,红岩军团临时要塞,,1,,,,
1042,0,0,0,2000,0,1190.42,4025.87,134.59,100,,,,ART_Name_000081,ART_Subname_000081,红岩荒芜地:,红蝎子盗贼团要塞,,1,,,,
1043,0,0,0,2000,0,1402.73,3942.59,129.88,40,,,,ART_Name_000082,ART_Subname_000082,红岩荒芜地:,内勒克洞穴,,1,,,,
1044,0,0,0,2000,0,1306.43,3648.43,136.53,30,,,,ART_Name_000083,ART_Subname_000083,红岩荒芜地:,无名废矿,,1,,,,
1045,0,0,0,2000,0,1746.23,3608.92,136.28,20,,,,ART_Name_000084,ART_Subname_000084,红岩荒芜地:,孵化场,,1,,,,
1046,0,0,0,2000,0,1854.29,3388.62,153.15,75,1832.00|3394.00|153.00,,,ART_Name_000085,ART_Subname_000085,红岩遗迹:,红岩军队要塞,,1,,,,
1047,0,0,0,2000,0,1918.06,3150.81,151.27,140,,,,ART_Name_000086,ART_Subname_000086,红岩遗迹:,前哨战洞穴,,1,,,,
1048,0,0,1,2000,0,1959.81,3591.96,133.28,130,,,,ART_Name_000087,ART_Subname_000087,红岩遗迹:,怪兽之丘,,1,3034|4017|,3039|4010|,3010|4018|,3011|4021|
1049,1,0,0,2000,0,1636.01,3481.5,153.04,100,,,,ART_Name_000088,ART_Subname_000088,红岩遗迹:,布朗汉废墟,,1,,,,
1050,0,0,0,2000,0,1660.24,3244.34,132.07,130,,,,ART_Name_000089,ART_Subname_000089,红岩遗迹:,火焰封印,,1,,,,
1051,0,0,0,2000,0,2017.15,3131.02,145.39,60,,,,ART_Name_000090,ART_Subname_000090,红岩遗迹:,前哨战的遗迹,,1,,,,
2001,1,0,0,2000,0,7033.76,7830.99,88.31,80,,7008.00|7843.00|82.00,,ART_Name_000091,ART_Subname_000091,绿色海洋森林：,树林村庄,,1,,,,
2002,0,0,0,2000,0,7006.77,8001.28,94.84,70,,,,ART_Name_000092,ART_Subname_000092,绿色海洋森林：,老树哥布林野营地,,1,,,,
2003,1,0,0,2000,0,6892.26,8156.86,135.87,50,,,,ART_Name_000093,ART_Subname_000093,绿色海洋森林：,树种子孵坊,,1,,,,
2004,0,0,1,2000,0,6833.72,8463.45,106.48,100,,,,ART_Name_000094,ART_Subname_000094,藤蔓丛：,沉默的森林,,1,3020|,3021|,3022|,3023|
2005,0,0,0,2000,0,6931.84,8313.54,129.16,15,,,,ART_Name_000095,ART_Subname_000095,藤蔓丛：,警备哨所,,1,,,,
2006,0,0,1,2000,0,7036.35,8403.9,130.52,40,,,,ART_Name_000096,ART_Subname_000096,藤蔓丛：,四岁大的栖息地,,1,3034|,3039|,3010|,3011|
2007,1,0,0,2000,0,6965.89,8528.14,111.2,30,,6971.00|8531.00|111.00,,ART_Name_000097,ART_Subname_000097,藤蔓丛：,藤蔓研究所,,1,,,,
2008,0,0,0,2000,0,7177.63,8568.46,138.77,50,,,,ART_Name_000098,ART_Subname_000098,藤蔓丛：,普利德米尔饲养场,,1,,,,
2009,0,0,1,2000,0,7561.67,8616.67,230.96,120,,,,ART_Name_000099,ART_Subname_000099,悲伤沼泽：,雾崖,Sound/BGM/BGM_25.ogg|Sound/BGM/BGM_21.ogg,1,3034|,3039|,3010|,3011|
2010,0,0,0,2000,0,7332.15,8612.83,163.59,100,,,,ART_Name_000100,ART_Subname_000100,悲伤沼泽：,有去无回的溪谷,Sound/BGM/BGM_25.ogg|Sound/BGM/BGM_21.ogg,1,,,,
2011,0,0,0,2000,0,7221.39,8389.63,155.7,40,,7222.00|8385.00|155.00,,ART_Name_000101,ART_Subname_000101,悲伤沼泽：,沼泽野营地,,1,,,,
2012,1,0,0,2000,0,7257.56,8272.27,138.9,80,,,,ART_Name_000102,ART_Subname_000102,悲伤沼泽：,出血草原,,1,,,,
2013,1,0,0,2000,0,7530.24,8298.31,139.51,100,,,,ART_Name_000103,ART_Subname_000103,悲伤沼泽：,被唤醒的森林,,1,,,,
2014,0,0,0,2000,0,7298.32,8034.96,99.01,40,,7299.00|8032.00|98.00,,ART_Name_000104,ART_Subname_000104,深渊的湖水：,天浪基地,,1,,,,
2015,0,0,1,2000,0,7404.61,8082.72,109.25,80,,,,ART_Name_000105,ART_Subname_000105,深渊的湖水：,蜘蛛网巢穴,Sound/BGM/BGM_25.ogg|Sound/BGM/BGM_21.ogg,1,3034|,3039|,3010|,3011|
2016,0,0,1,2000,0,7531.64,7878.28,119.96,100,,,,ART_Name_000106,ART_Subname_000106,深渊的湖水：,诅咒的沼泽,Sound/BGM/BGM_25.ogg|Sound/BGM/BGM_21.ogg,1,3034|,3039|,3010|,3011|
2017,1,0,0,2000,0,7606.17,7636.42,94.19,60,,,,ART_Name_000107,ART_Subname_000107,深渊的湖水：,守护者山谷,,1,,,,
2018,0,0,0,2000,0,7343.59,7842.4,95.07,30,,,,ART_Name_000108,ART_Subname_000108,深渊的湖水：,湖畔联络所,,1,,,,
2019,1,0,0,2000,0,7245.72,7509.21,69.15,30,,7245.00|7506.00|69.00,,ART_Name_000109,ART_Subname_000109,神圣的盆地：,勘探队驻地,,1,,,,
2020,0,0,0,2000,0,7415.5,7407.06,78.49,80,,,,ART_Name_000110,ART_Subname_000110,神圣的盆地：,血色迷雾之丘,,1,,,,
2021,0,0,0,2000,0,7558.07,7384.31,104.91,45,,,,ART_Name_000111,ART_Subname_000111,神圣的盆地：,你又低。,Sound/BGM/BGM_25.ogg|Sound/BGM/BGM_21.ogg,1,,,,
2022,1,0,0,2000,0,7524.28,7208.98,110.93,60,,,,ART_Name_000112,ART_Subname_000112,神圣的盆地：,迷雾森林,Sound/BGM/BGM_25.ogg|Sound/BGM/BGM_21.ogg,1,,,,
2023,0,0,0,2000,0,7462.07,7306.29,81.81,20,,,,ART_Name_000113,ART_Subname_000113,神圣的盆地：,盆地侦察所,,1,,,,
2024,0,0,0,2000,0,7251.9,7251.37,108.52,80,,7245.00|7506.00|69.00,,ART_Name_000114,ART_Subname_000114,神圣的盆地：,毒蛇之穴,Sound/BGM/BGM_25.ogg|Sound/BGM/BGM_21.ogg,1,,,,
2025,0,0,0,2000,0,6503.76,7526.51,118.22,50,,,,ART_Name_000115,ART_Subname_000115,冰冻的江：,满是伤痕的大地,,1,,,,
2026,0,0,0,2000,0,6194.83,7413.75,116.77,30,,,,ART_Name_000116,ART_Subname_000116,冰冻的江：,冰冻研究所,,1,,,,
2027,0,0,0,2000,0,6496.93,7346.92,105.74,80,,,,ART_Name_000117,ART_Subname_000117,冰冻的江：,天空丘陵地,,1,,,,
2028,0,0,0,2000,0,6574.61,7439.73,125.36,30,,,,ART_Name_000118,ART_Subname_000118,冰冻的江：,马鬃野营地,,1,,,,
2029,0,0,0,2000,0,6509.65,7219.55,99.69,50,,,,ART_Name_000119,ART_Subname_000119,冰冻的江：,蓝钻平原,,1,,,,
2030,0,0,0,2000,0,6235.95,7250.59,103,40,,6253.00|7254.00|102.00,,ART_Name_000120,ART_Subname_000120,冰冻的江：,奥金尼村庄,,1,,,,
2031,0,0,0,2000,0,6811.17,7609.75,142.29,40,,6810.00|7607.00|142.00,,ART_Name_000121,ART_Subname_000121,寒风平原：,寒风村庄,,1,,,,
2032,0,0,0,2000,0,6774.44,7471.19,132,80,,,,ART_Name_000122,ART_Subname_000122,寒风平原：,冰部队占领地,,1,,,,
2033,0,0,0,2000,0,6921.54,7442.85,133.24,20,,,,ART_Name_000123,ART_Subname_000123,寒风平原：,冰珠野营地,,1,,,,
2034,1,0,0,2000,0,7050.53,7526.29,151.46,80,,,,ART_Name_000124,ART_Subname_000124,寒风平原：,大峡谷,,1,,,,
2035,1,0,0,2000,0,7046.58,7298.88,135.6,100,,,,ART_Name_000125,ART_Subname_000125,寒风平原：,雪花平原,,1,,,,
2036,0,0,0,2000,0,6881.2,7228.04,127.58,25,,,,ART_Name_000126,ART_Subname_000126,寒风平原：,刀锋哨所,,1,,,,
2037,0,0,0,2000,0,6754.35,7287.31,117.56,100,,,,ART_Name_000127,ART_Subname_000127,寒风平原：,冰河之路平原,,1,,,,
2038,0,0,0,2000,0,6807.55,7035.55,102.49,50,,6829.00|7053.00|102.00,,ART_Name_000128,ART_Subname_000128,寒霜之湖:,冷镜子村庄,,1,,,,
2039,0,0,0,2000,0,6996.67,7071.46,96.88,60,,,,ART_Name_000129,ART_Subname_000129,寒霜之湖:,寒风之地,,1,,,,
2040,0,0,0,2000,0,7120.69,6954.73,100,60,,,,ART_Name_000130,ART_Subname_000130,寒霜之湖:,钉耙山谷,,1,,,,
2041,0,0,0,2000,0,7102.83,6876.11,98.56,20,,,,ART_Name_000131,ART_Subname_000131,寒霜之湖:,钉耙野营地,,1,,,,
2042,0,0,0,2000,0,6907.4,6909.3,96.64,25,,,,ART_Name_000132,ART_Subname_000132,寒霜之湖:,嫌隙哨所,,1,,,,
2043,0,0,0,2000,0,6736.73,6853.51,97.72,60,,,,ART_Name_000133,ART_Subname_000133,寒霜之湖:,蓝麟大地,,1,,,,
2044,0,0,0,2000,0,6720.89,6725.09,111.55,60,,,,ART_Name_000134,ART_Subname_000134,寒霜之湖:,天空坠落山谷,,1,,,,
2045,0,0,0,2000,0,7474.39,6790.27,107.92,95,,,,ART_Name_000135,ART_Subname_000135,冰封峡谷:,锥之谷,,1,,,,
2046,0,0,0,2000,0,7594,6695.79,108.17,80,,,,ART_Name_000136,ART_Subname_000136,冰封峡谷:,冰爪峡谷,,1,,,,
2047,0,0,0,2000,0,7643.29,6901.7,106.99,30,,,,ART_Name_000137,ART_Subname_000137,冰封峡谷:,雷电之眼野营地,,1,,,,
2048,0,0,0,2000,0,7552.67,6982.01,108.21,60,,,,ART_Name_000138,ART_Subname_000138,冰封峡谷:,冷刃峡谷,,1,,,,
2049,0,0,0,2000,0,7378.01,7085.1,110.1,65,,,,ART_Name_000139,ART_Subname_000139,冰封峡谷:,冰部队哨所,,1,,,,
2050,0,0,0,2000,0,7411.32,6990.38,107.57,15,,,,ART_Name_000140,ART_Subname_000140,冰封峡谷:,海洋之光哨所,,1,,,,
2051,0,0,0,2000,0,7276.78,6731.1,108.37,30,,7275.00|6734.00|108.00,,ART_Name_000141,ART_Subname_000141,冰封峡谷:,冰谷之村,,1,,,,
2052,0,0,0,2000,0,7275.32,6852.35,108.68,60,,,,ART_Name_000142,ART_Subname_000142,冰封峡谷:,客迈拉巢穴,,1,,,,
3001,1,0,1,1004,0,256,256,214.62,256,,,,ART_Name_000143,ART_Subname_000143,阿克罗德竞技场 :,绝对者之塔,Sound/BGM/BGM_01.ogg|Sound/BGM/BGM_17.ogg,1,3064|4047|,3064|4047|,3064|4047|,3064|4047|
3002,1,0,1,1005,0,255.97,256,165.3,256,,,,ART_Name_000144,ART_Subname_000144,城市进攻 :,斯蒂尔普瑞斯,Sound/BGM/BGM_01.ogg|Sound/BGM/BGM_03.ogg,1,3043|4025|,3043|4025|,3043|4025|,3043|4025|
3003,1,0,1,1006,0,256,256,198.47,256,,,,ART_Name_000145,ART_Subname_000145,城市进攻 :,班迪路娜,Sound/BGM/BGM_01.ogg|Sound/BGM/BGM_05.ogg,1,3044|4018|,3044|4018|,3044|4018|,3044|4018|
3004,1,0,1,1007,0,255.04,256.21,14.71,256,,,,ART_Name_000146,ART_Subname_000146,英雄战:,勇猛的雪原,Sound/BGM/BGM_01.ogg|Sound/BGM/BGM_20.ogg,1,3045|4036|,3045|4036|,3045|4036|,3045|4036|
3005,1,0,1,1008,0,256,256,0.38,256,,,,ART_Name_000147,ART_Subname_000147,圣物占领战 :,奄奄一息的大地,Sound/BGM/BGM_01.ogg|Sound/BGM/BGM_19.ogg,1,4037|3046|,4037|3046|,3046|4037|,4037|3046|
3006,1,0,1,1009,0,256,256,41.95,256,,,,ART_Name_000148,ART_Subname_000148,古暗杀战 :,古代城市萨基塔,Sound/BGM/BGM_01.ogg|Sound/BGM/BGM_22.ogg,1,4035|3051|,4035|3051|,3051|4035|,4035|3051|
3007,1,0,1,1010,0,256,256,-2.48,256,,,,ART_Name_000149,ART_Subname_000149,圣物破坏战:,逆境的森林,Sound/BGM/BGM_01.ogg|Sound/BGM/BGM_25.ogg,1,3050|4027|,3050|4027|,3050|4027|,3050|4027|
3008,1,0,1,1011,0,256,256,-11.47,256,,,,ART_Name_000150,ART_Subname_000150,全面战:,阿勒代城市遗址,Sound/BGM/BGM_01.ogg|Sound/BGM/BGM_26.ogg,1,4038|3049|,4038|3049|,4038|3049|,4038|3049|
3151,0,0,0,1009,0,227.41,360.16,51.86,80,,,,ART_Name_000151,ART_Subname_000151,高级:,日出的祭坛,,0,,,,
3152,0,0,0,1009,0,403.6,392.72,47.01,45,,,,ART_Name_000152,ART_Subname_000152,高级:,传送之屋,,0,,,,
3153,0,0,0,1009,0,58.2,403.64,65.81,50,,,,ART_Name_000153,ART_Subname_000153,高级:,指挥部,,0,,,,
3154,0,0,0,1009,0,282.16,156.34,51.86,80,,,,ART_Name_000154,ART_Subname_000154,破坏:,凌晨的祭坛,,0,,,,
3155,0,0,0,1009,0,112.27,122.4,47.01,45,,,,ART_Name_000155,ART_Subname_000155,破坏:,历史之屋,,0,,,,
3156,0,0,0,1009,0,454.78,110.19,65.95,50,,,,ART_Name_000156,ART_Subname_000156,破坏:,指挥部,,0,,,,
3501,1,0,1,1100,0,256,256,9.06,256,,,,ART_Name_000157,ART_Subname_000157,黑暗马鬃高地 :,Lv. 30 ~ 40,Sound/BGM/BGM_19.ogg|Sound/BGM/BGM_20.ogg,1,3041|4024|,3041|4024|,3041|4024|,3041|4024|
3502,1,0,1,1101,0,256,256,9.06,256,,,,ART_Name_000158,ART_Subname_000158,黑暗马鬃高地 :,Lv. 41 ~ 46,Sound/BGM/BGM_19.ogg|Sound/BGM/BGM_20.ogg,1,3041|4024|,3041|4024|,3041|4024|,3041|4024|
3503,1,0,1,1102,0,256,256,9.06,256,,,,ART_Name_000159,ART_Subname_000159,黑暗马鬃高地 :,Lv. 46 ~ 50,Sound/BGM/BGM_19.ogg|Sound/BGM/BGM_20.ogg,1,3041|4024|,3041|4024|,3041|4024|,3041|4024|
3504,1,0,1,1103,0,256,256,9.06,256,,,,ART_Name_000160,ART_Subname_000160,黑暗马鬃高地 :,Lv. 51 ~ 55,Sound/BGM/BGM_19.ogg|Sound/BGM/BGM_20.ogg,1,3041|4024|,3041|4024|,3041|4024|,3041|4024|
3505,1,0,1,1104,0,256,256,9.06,256,,,,ART_Name_000161,ART_Subname_000161,黑暗马鬃高地 :,Lv. 45 ~ 50,Sound/BGM/BGM_19.ogg|Sound/BGM/BGM_20.ogg,1,3041|4024|,3041|4024|,3041|4024|,3041|4024|
3506,1,0,1,1105,0,256,256,9.06,256,,,,ART_Name_000162,ART_Subname_000162,黑暗马鬃高地 :,Lv. 51 ~ 55,Sound/BGM/BGM_19.ogg|Sound/BGM/BGM_20.ogg,1,3041|4024|,3041|4024|,3041|4024|,3041|4024|
3507,1,0,1,1110,0,256,256,34.95,256,,,,ART_Name_000163,ART_Subname_000163,泪光火石般的大地 :,Lv. 30 ~ 40,Sound/BGM/BGM_17.ogg|Sound/BGM/BGM_18.ogg,1,4034|3048|,4034|3048|,4034|3048|,4034|3048|
3508,1,0,1,1111,0,256,256,34.95,256,,,,ART_Name_000164,ART_Subname_000164,泪光火石般的大地 :,Lv. 41 ~ 46,Sound/BGM/BGM_17.ogg|Sound/BGM/BGM_18.ogg,1,4034|3048|,4034|3048|,4034|3048|,4034|3048|
3509,1,0,1,1112,0,256,256,34.95,256,,,,ART_Name_000165,ART_Subname_000165,泪光火石般的大地 :,Lv. 46 ~ 50,Sound/BGM/BGM_17.ogg|Sound/BGM/BGM_18.ogg,1,4034|3048|,4034|3048|,4034|3048|,4034|3048|
3510,1,0,1,1113,0,256,256,34.95,256,,,,ART_Name_000166,ART_Subname_000166,泪光火石般的大地 :,Lv. 51 ~ 55,Sound/BGM/BGM_17.ogg|Sound/BGM/BGM_18.ogg,1,4034|3048|,4034|3048|,4034|3048|,4034|3048|
3513,1,0,1,1120,0,256,256,18.92,256,,,,ART_Name_000167,ART_Subname_000167,叹息的山谷:,Lv. 30 ~ 40,Sound/BGM/BGM_25.ogg|Sound/BGM/BGM_22.ogg,1,3024|4022|,4022|3024|,4022|3024|,4022|3024|
3514,1,0,1,1121,0,256,256,18.92,256,,,,ART_Name_000168,ART_Subname_000168,叹息的山谷:,Lv. 41 ~ 46,Sound/BGM/BGM_25.ogg|Sound/BGM/BGM_22.ogg,1,3024|4022|,4022|3024|,4022|3024|,4022|3024|
3515,1,0,1,1122,0,256,256,18.92,256,,,,ART_Name_000169,ART_Subname_000169,叹息的山谷:,Lv. 46 ~ 50,Sound/BGM/BGM_25.ogg|Sound/BGM/BGM_22.ogg,1,3024|4022|,4022|3024|,4022|3024|,4022|3024|
3516,1,0,1,1123,0,256,256,18.92,256,,,,ART_Name_000170,ART_Subname_000170,叹息的山谷:,Lv. 51 ~ 55,Sound/BGM/BGM_25.ogg|Sound/BGM/BGM_22.ogg,1,3024|4022|,4022|3024|,4022|3024|,4022|3024|
3519,1,0,1,1130,0,256,256,-4.52,256,,,,ART_Name_000171,ART_Subname_000171,阿修罗剑道场:,Lv. 30 ~ 40,Sound/BGM/BGM_26.ogg|Sound/BGM/BGM_17.ogg,1,3046|4037|,3046|4037|,4037|3046|,3046|4037|
3520,1,0,1,1131,0,256,256,-4.52,256,,,,ART_Name_000172,ART_Subname_000172,阿修罗剑道场:,Lv. 41 ~ 46,Sound/BGM/BGM_26.ogg|Sound/BGM/BGM_17.ogg,1,3046|4037|,3046|4037|,4037|3046|,3046|4037|
3521,1,0,1,1132,0,256,256,-4.52,256,,,,ART_Name_000173,ART_Subname_000173,阿修罗剑道场:,Lv. 46 ~ 50,Sound/BGM/BGM_26.ogg|Sound/BGM/BGM_17.ogg,1,3046|4037|,3046|4037|,4037|3046|,3046|4037|
3522,1,0,1,1133,0,256,256,-4.52,256,,,,ART_Name_000174,ART_Subname_000174,阿修罗剑道场:,Lv. 51 ~ 55,Sound/BGM/BGM_26.ogg|Sound/BGM/BGM_17.ogg,1,3046|4037|,3046|4037|,4037|3046|,3046|4037|
5001,1,0,1,4000,0,256,256,15.01,256,,,洛坎的实验室:普通,ART_Name_000175,ART_Subname_000175,洛坎的实验室,普通,Sound/BGM/BGM_17.ogg|Sound/BGM/BGM_18.ogg,1,3038|4035|,3038|4035|,3038|4035|,3038|4035|
5002,1,0,1,4001,0,256,256,15.01,256,,,洛坎的实验室:困难,ART_Name_000176,ART_Subname_000176,洛坎的实验室,困难,Sound/BGM/BGM_17.ogg|Sound/BGM/BGM_18.ogg,1,3038|4035|,3038|4035|,3038|4035|,3038|4035|
5003,1,0,1,4002,0,256,256,15.01,256,,,洛坎的实验室:极困难,ART_Name_000177,ART_Subname_000177,洛坎的实验室,极困难,Sound/BGM/BGM_17.ogg|Sound/BGM/BGM_18.ogg,1,3038|4035|,3038|4035|,3038|4035|,3038|4035|
5004,1,0,1,4003,0,256,256,15.01,256,,,洛坎的实验室:炼狱,ART_Name_000178,ART_Subname_000178,洛坎的实验室,炼狱,Sound/BGM/BGM_17.ogg|Sound/BGM/BGM_18.ogg,1,3038|4035|,3038|4035|,3038|4035|,3038|4035|
5005,1,0,1,4010,0,256,256,164.38,256,,,深渊神殿:普通,ART_Name_000179,ART_Subname_000179,深渊神殿,普通,Sound/BGM/BGM_22.ogg|Sound/BGM/BGM_26.ogg,1,3027|4032|,3027|4032|,3027|4032|,4032|3027|
5006,1,0,1,4011,0,256,256,164.38,256,,,深渊神殿:困难,ART_Name_000180,ART_Subname_000180,深渊神殿,困难,Sound/BGM/BGM_22.ogg|Sound/BGM/BGM_26.ogg,1,4032|3027|,4032|3027|,4032|3027|,4032|3027|
5007,1,0,1,4012,0,256,256,164.38,256,,,深渊神殿:极困难,ART_Name_000181,ART_Subname_000181,深渊神殿,极困难,Sound/BGM/BGM_22.ogg|Sound/BGM/BGM_26.ogg,1,3027|4032|,3027|4032|,3027|4032|,3027|4032|
5008,1,0,1,4013,0,256,256,164.38,256,,,深渊神殿:炼狱,ART_Name_000182,ART_Subname_000182,深渊神殿,炼狱,Sound/BGM/BGM_22.ogg|Sound/BGM/BGM_26.ogg,1,3027|4032|,3027|4032|,3027|4032|,3027|4032|
5009,1,0,1,4020,0,256,256,44.18,256,,,奎里奥德矿山:普通,ART_Name_000183,ART_Subname_000183,奎里奥德矿山,普通,Sound/BGM/BGM_17.ogg|Sound/BGM/BGM_18.ogg,1,3037|4037|,3037|4037|,3037|4037|,3037|4037|
5010,1,0,1,4021,0,256,256,44.18,256,,,奎里奥德矿山:困难,ART_Name_000184,ART_Subname_000184,奎里奥德矿山,困难,Sound/BGM/BGM_17.ogg|Sound/BGM/BGM_18.ogg,1,3037|4037|,3037|4037|,3037|4037|,3037|4037|
5011,1,0,1,4022,0,256,256,44.18,256,,,奎里奥德矿山:极困难,ART_Name_000185,ART_Subname_000185,奎里奥德矿山,极困难,Sound/BGM/BGM_17.ogg|Sound/BGM/BGM_18.ogg,1,3037|4037|,3037|4037|,3037|4037|,3037|4037|
5012,1,0,1,4023,0,256,256,44.18,256,,,奎里奥德矿山:炼狱,ART_Name_000186,ART_Subname_000186,奎里奥德矿山,炼狱,Sound/BGM/BGM_17.ogg|Sound/BGM/BGM_18.ogg,1,3037|4037|,3037|4037|,3037|4037|,3037|4037|
5013,1,0,1,4030,0,256,256,6.14,256,,,火焰祭坛:普通,ART_Name_000187,ART_Subname_000187,火焰祭坛,普通,Sound/BGM/BGM_22.ogg|Sound/BGM/BGM_26.ogg,1,4033|3036|,4033|3036|,4033|3036|,4033|3036|
5014,1,0,1,4031,0,256,256,6.14,256,,,火焰祭坛:困难,ART_Name_000188,ART_Subname_000188,火焰祭坛,困难,Sound/BGM/BGM_22.ogg|Sound/BGM/BGM_26.ogg,1,3036|4033|,3036|4033|,3036|4033|,3036|4033|
5015,1,0,1,4032,0,256,256,6.14,256,,,火焰祭坛:极困难,ART_Name_000189,ART_Subname_000189,火焰祭坛,极困难,Sound/BGM/BGM_22.ogg|Sound/BGM/BGM_26.ogg,1,4033|3036|,4033|3036|,4033|3036|,4033|3036|
5016,1,0,1,4033,0,256,256,6.14,256,,,火焰祭坛:炼狱,ART_Name_000190,ART_Subname_000190,火焰祭坛,炼狱,Sound/BGM/BGM_22.ogg|Sound/BGM/BGM_26.ogg,1,3036|4033|,3036|4033|,3036|4033|,3036|4033|
5017,1,0,1,4040,0,256,256,50.83,256,,,死亡寺院:普通,ART_Name_000191,ART_Subname_000191,死亡寺院,普通,Sound/BGM/BGM_17.ogg|Sound/BGM/BGM_18.ogg,1,3038|4035|,3038|4035|,3038|4035|,3038|4035|
5018,1,0,1,4041,0,256,256,6.14,256,,,死亡寺院:困难,ART_Name_000192,ART_Subname_000192,死亡寺院,困难,Sound/BGM/BGM_17.ogg|Sound/BGM/BGM_18.ogg,1,3038|4035|,3038|4035|,3038|4035|,3038|4035|
5019,1,0,1,4042,0,256,256,6.14,256,,,死亡寺院:极困难,ART_Name_000193,ART_Subname_000193,死亡寺院,极困难,Sound/BGM/BGM_17.ogg|Sound/BGM/BGM_18.ogg,1,3038|4035|,3038|4035|,3038|4035|,3038|4035|
5020,1,0,1,4043,0,256,256,6.14,256,,,死亡寺院:炼狱,ART_Name_000194,ART_Subname_000194,死亡寺院,炼狱,Sound/BGM/BGM_17.ogg|Sound/BGM/BGM_18.ogg,1,3038|4035|,3038|4035|,3038|4035|,3038|4035|
5021,1,0,1,4050,0,256,256,58.62,256,,,阿罗汉浮游城:普通,ART_Name_000195,ART_Subname_000195,阿罗汉浮游城,普通,Sound/BGM/BGM_22.ogg|Sound/BGM/BGM_26.ogg,1,3041|4010|,3041|4010|,3041|4010|,3041|4010|
5022,1,0,1,4051,0,256,256,58.62,256,,,阿罗汉浮游城:困难,ART_Name_000196,ART_Subname_000196,阿罗汉浮游城,困难,Sound/BGM/BGM_22.ogg|Sound/BGM/BGM_26.ogg,1,3041|4010|,3041|4010|,3041|4010|,3041|4010|
5023,1,0,1,4052,0,256,256,58.62,256,,,阿罗汉浮游城:极困难,ART_Name_000197,ART_Subname_000197,阿罗汉浮游城,极困难,Sound/BGM/BGM_22.ogg|Sound/BGM/BGM_26.ogg,1,3041|4010|,3041|4010|,3041|4010|,3041|4010|
5024,1,0,1,4053,0,256,256,58.62,256,,,阿罗汉浮游城:炼狱,ART_Name_000198,ART_Subname_000198,阿罗汉浮游城,炼狱,Sound/BGM/BGM_22.ogg|Sound/BGM/BGM_26.ogg,1,3041|4010|,3041|4010|,3041|4010|,3041|4010|
5025,1,0,1,4060,0,256,256,18.4,256,,,克拉伍德活体实验室:普通,ART_Name_000199,ART_Subname_000199,克拉伍德活体实验室,普通,Sound/BGM/BGM_17.ogg|Sound/BGM/BGM_18.ogg,0,3052|4010|,3052|4010|,3052|4010|,3052|4010|
5026,1,0,1,4061,0,256,256,18.4,256,,,克拉伍德活体实验室:困难,ART_Name_000200,ART_Subname_000200,克拉伍德活体实验室,困难,Sound/BGM/BGM_17.ogg|Sound/BGM/BGM_18.ogg,0,3052|4010|,4010|3052|,3052|4010|,3052|4010|
5027,1,0,1,4062,0,256,256,18.4,256,,,克拉伍德活体实验室:极困难,ART_Name_000201,ART_Subname_000201,克拉伍德活体实验室,极困难,Sound/BGM/BGM_17.ogg|Sound/BGM/BGM_18.ogg,0,3052|4010|,3052|4010|,3052|4010|,3052|4010|
5028,1,0,1,4063,0,256,256,18.4,256,,,克拉伍德活体实验室:炼狱,ART_Name_000202,ART_Subname_000202,克拉伍德活体实验室,炼狱,Sound/BGM/BGM_17.ogg|Sound/BGM/BGM_18.ogg,0,3052|4010|,3052|4010|,3052|4010|,3052|4010|
5029,1,0,1,4070,0,256,256,-63.89,256,,,火龙巢穴:普通,ART_Name_000203,ART_Subname_000203,火龙巢穴,普通,Sound/BGM/BGM_22.ogg|Sound/BGM/BGM_26.ogg,0,3048|4033|,3048|4033|,3048|4033|,3048|4033|
5030,1,0,1,4071,0,256,256,-63.89,256,,,火龙巢穴:困难,ART_Name_000204,ART_Subname_000204,火龙巢穴,困难,Sound/BGM/BGM_22.ogg|Sound/BGM/BGM_26.ogg,0,3048|4033|,3048|4033|,3048|4033|,3048|4033|
5031,1,0,1,4072,0,256,256,-63.89,256,,,火龙巢穴:极困难,ART_Name_000205,ART_Subname_000205,火龙巢穴,极困难,Sound/BGM/BGM_22.ogg|Sound/BGM/BGM_26.ogg,0,3048|4033|,3048|4033|,3048|4033|,3048|4033|
5032,1,0,1,4073,0,256,256,-63.89,256,,,火龙巢穴:炼狱,ART_Name_000206,ART_Subname_000206,火龙巢穴,炼狱,Sound/BGM/BGM_22.ogg|Sound/BGM/BGM_26.ogg,0,3048|4033|,3048|4033|,3048|4033|,3048|4033|
5033,1,0,1,4080,0,256,256,-2.06,256,,,恶鬼峡谷:普通,ART_Name_000207,ART_Subname_000207,恶鬼峡谷,普通,Sound/BGM/BGM_17.ogg|Sound/BGM/BGM_18.ogg,0,3053|4012|,3053|4012|1012|,3053|4012|,3053|4012|
5034,1,0,1,4081,0,256,256,-2.06,256,,,恶鬼峡谷:困难,ART_Name_000208,ART_Subname_000208,恶鬼峡谷,困难,Sound/BGM/BGM_17.ogg|Sound/BGM/BGM_18.ogg,0,3053|4012|,3053|4012|,3053|4012|,3053|4012|
5035,1,0,1,4082,0,256,256,-2.06,256,,,恶鬼峡谷:极困难,ART_Name_000209,ART_Subname_000209,恶鬼峡谷,极困难,Sound/BGM/BGM_17.ogg|Sound/BGM/BGM_18.ogg,0,3053|4012|,3053|4012|,3053|4012|,3053|4012|
5036,1,0,1,4083,0,256,256,-2.06,256,,,恶鬼峡谷:炼狱,ART_Name_000210,ART_Subname_000210,恶鬼峡谷,炼狱,Sound/BGM/BGM_17.ogg|Sound/BGM/BGM_18.ogg,0,3053|4012|,3053|4012|,3053|4012|,3053|4012|
5037,1,0,1,4090,0,256,256,3.19,256,,,黑暗要塞:普通,ART_Name_000211,ART_Subname_000211,黑暗要塞,普通,Sound/BGM/BGM_22.ogg|Sound/BGM/BGM_26.ogg,0,3054|4030|,3054|4030|1012|,3054|4030|,3054|4030|
5038,1,0,1,4091,0,256,256,22.07,256,,,黑暗要塞:困难,ART_Name_000212,ART_Subname_000212,黑暗要塞,困难,Sound/BGM/BGM_22.ogg|Sound/BGM/BGM_26.ogg,0,3054|4030|,3054|4030|,3054|4030|,3054|4030|
5039,1,0,1,4092,0,256,256,22.07,256,,,黑暗要塞:极困难,ART_Name_000213,ART_Subname_000213,黑暗要塞,极困难,Sound/BGM/BGM_22.ogg|Sound/BGM/BGM_26.ogg,0,3054|4030|,3054|4030|,3054|4030|,3054|4030|
5040,1,0,1,4093,0,256,256,22.07,256,,,黑暗要塞:炼狱,ART_Name_000214,ART_Subname_000214,黑暗要塞,炼狱,Sound/BGM/BGM_22.ogg|Sound/BGM/BGM_26.ogg,0,3054|4030|,3054|4030|,3054|4030|,3054|4030|
5501,0,0,0,4000,0,163.01,92.94,12.54,70,,,洛坎的实验室(普通):沉默的村庄,ART_Name_000215,ART_Subname_000215,洛坎的实验室,魔鬼训练营,,0,,,,
5502,0,0,0,4000,0,93.37,394.81,5.88,80,,,洛坎的实验室(普通):沉默的村庄,ART_Name_000216,ART_Subname_000216,洛坎的实验室:,沉默的村庄,,0,,,,
5503,0,0,0,4000,0,69.37,163.81,-1.97,30,,,洛坎的实验室(普通):第1 魔鬼训练营,ART_Name_000217,ART_Subname_000217,洛坎的实验室:,第1 魔鬼训练营,,0,,,,
5504,0,0,0,4000,0,264.8,80.1,0.52,30,,,洛坎的实验室(普通):第2 魔鬼训练营,ART_Name_000218,ART_Subname_000218,洛坎的实验室:,第2 魔鬼训练营,,0,,,,
5505,0,0,0,4000,0,409.27,349.02,-13.51,130,,,洛坎的实验室(普通):尸穴,ART_Name_000219,ART_Subname_000219,洛坎的实验室:,尸穴,,0,,,,
5506,0,0,0,4000,0,426.21,112.66,1.37,70,,,洛坎的实验室(普通):改造实验室,ART_Name_000220,ART_Subname_000220,洛坎的实验室:,改造实验室,,0,,,,
5507,0,0,0,4001,0,163.01,92.94,12.54,70,,,洛坎的实验室(困难):沉默的村庄,ART_Name_000221,ART_Subname_000221,洛坎的实验室,魔鬼训练营,,0,,,,
5508,0,0,0,4001,0,93.37,394.81,5.88,80,,,洛坎的实验室(困难):沉默的村庄,ART_Name_000222,ART_Subname_000222,洛坎的实验室:,沉默的村庄,,0,,,,
5509,0,0,0,4001,0,69.37,163.81,-1.97,30,,,洛坎的实验室(困难):第1 魔鬼训练营,ART_Name_000223,ART_Subname_000223,洛坎的实验室:,第1 魔鬼训练营,,0,,,,
5510,0,0,0,4001,0,264.8,80.1,0.52,30,,,洛坎的实验室(困难):第2 魔鬼训练营,ART_Name_000224,ART_Subname_000224,洛坎的实验室:,第2 魔鬼训练营,,0,,,,
5511,0,0,0,4001,0,400.12,341.52,-7.64,130,,,洛坎的实验室(困难):尸穴,ART_Name_000225,ART_Subname_000225,洛坎的实验室:,尸穴,,0,,,,
5512,0,0,0,4001,0,426.21,112.66,1.37,70,,,洛坎的实验室(困难):改造实验室,ART_Name_000226,ART_Subname_000226,洛坎的实验室:,改造实验室,,0,,,,
5513,0,0,0,4002,0,163.01,92.94,12.54,70,,,洛坎的实验室(极困难):沉默的村庄,ART_Name_000227,ART_Subname_000227,洛坎的实验室,魔鬼训练营,,0,,,,
5514,0,0,0,4002,0,93.37,394.81,5.88,80,,,洛坎的实验室(极困难):沉默的村庄,ART_Name_000228,ART_Subname_000228,洛坎的实验室:,沉默的村庄,,0,,,,
5515,0,0,0,4002,0,69.37,163.81,-1.97,30,,,洛坎的实验室(极困难):第1 魔鬼训练营,ART_Name_000229,ART_Subname_000229,洛坎的实验室:,第1 魔鬼训练营,,0,,,,
5516,0,0,0,4002,0,264.8,80.1,0.52,30,,,洛坎的实验室(极困难):第2 魔鬼训练营,ART_Name_000230,ART_Subname_000230,洛坎的实验室:,第2 魔鬼训练营,,0,,,,
5517,0,0,0,4002,0,400.12,341.52,-7.64,130,,,洛坎的实验室(极困难):尸穴,ART_Name_000231,ART_Subname_000231,洛坎的实验室:,尸穴,,0,,,,
5518,0,0,0,4002,0,426.21,112.66,1.37,70,,,洛坎的实验室(极困难):改造实验室,ART_Name_000232,ART_Subname_000232,洛坎的实验室:,改造实验室,,0,,,,
5519,0,0,0,4003,0,163.01,92.94,12.54,70,,,洛坎的实验室(炼狱):魔鬼训练营,ART_Name_000233,ART_Subname_000233,洛坎的实验室,魔鬼训练营,,0,,,,
5520,0,0,0,4003,0,93.37,394.81,5.88,80,,,洛坎的实验室(炼狱):沉默的村庄,ART_Name_000234,ART_Subname_000234,洛坎的实验室:,沉默的村庄,,0,,,,
5521,0,0,0,4003,0,69.37,163.81,-1.97,30,,,洛坎的实验室(炼狱):第1 魔鬼训练营,ART_Name_000235,ART_Subname_000235,洛坎的实验室:,第1 魔鬼训练营,,0,,,,
5522,0,0,0,4003,0,264.8,80.1,0.52,30,,,洛坎的实验室(炼狱):第2 魔鬼训练营,ART_Name_000236,ART_Subname_000236,洛坎的实验室:,第2 魔鬼训练营,,0,,,,
5523,0,0,0,4003,0,400.12,341.52,-7.64,130,,,洛坎的实验室(炼狱):尸穴,ART_Name_000237,ART_Subname_000237,洛坎的实验室:,尸穴,,0,,,,
5524,0,0,0,4003,0,426.21,112.66,1.37,70,,,洛坎的实验室(炼狱):改造实验室,ART_Name_000238,ART_Subname_000238,洛坎的实验室:,改造实验室,,0,,,,
5525,1,0,0,4010,0,408.09,165.22,167.42,120,,,深渊神殿(普通):守护者神殿,ART_Name_000239,ART_Subname_000239,深渊神殿:,守护者神殿,,0,,,,
5526,0,0,0,4010,0,75.45,397.78,74.03,100,,,深渊神殿(普通):深渊的平原,ART_Name_000240,ART_Subname_000240,深渊神殿:,深渊的平原,,0,,,,
5527,0,0,0,4010,0,61.28,86.38,105.27,80,,,深渊神殿(普通):龟裂的大地,ART_Name_000241,ART_Subname_000241,深渊神殿:,龟裂的大地,,0,,,,
5528,0,0,0,4010,0,214.63,249.23,104.29,80,,,深渊神殿(普通):深渊山谷,ART_Name_000242,ART_Subname_000242,深渊神殿:,深渊山谷,,0,,,,
5529,1,0,0,4011,0,408.09,165.22,167.42,120,,,深渊神殿(困难):守护者神殿,ART_Name_000243,ART_Subname_000243,深渊神殿:,守护者神殿,,0,,,,
5530,0,0,0,4011,0,75.45,397.78,74.03,100,,,深渊神殿(困难):深渊的平原,ART_Name_000244,ART_Subname_000244,深渊神殿:,深渊的平原,,0,,,,
5531,0,0,0,4011,0,61.28,86.38,105.27,80,,,深渊神殿(困难):龟裂的大地,ART_Name_000245,ART_Subname_000245,深渊神殿:,龟裂的大地,,0,,,,
5532,0,0,0,4011,0,214.63,249.23,104.29,80,,,深渊神殿(困难):深渊山谷,ART_Name_000246,ART_Subname_000246,深渊神殿:,深渊山谷,,0,,,,
5533,1,0,0,4012,0,408.09,165.22,167.42,120,,,深渊神殿(极困难):守护者神殿,ART_Name_000247,ART_Subname_000247,深渊神殿:,守护者神殿,,0,,,,
5534,0,0,0,4012,0,75.45,397.78,74.03,100,,,深渊神殿(极困难):深渊的平原,ART_Name_000248,ART_Subname_000248,深渊神殿:,深渊的平原,,0,,,,
5535,0,0,0,4012,0,61.28,86.38,105.27,80,,,深渊神殿(极困难):龟裂的大地,ART_Name_000249,ART_Subname_000249,深渊神殿:,龟裂的大地,,0,,,,
5536,0,0,0,4012,0,214.63,249.23,104.29,80,,,深渊神殿(极困难):深渊山谷,ART_Name_000250,ART_Subname_000250,深渊神殿:,深渊山谷,,0,,,,
5537,1,0,0,4013,0,408.09,165.22,167.42,120,,,深渊神殿(炼狱):守护者神殿,ART_Name_000251,ART_Subname_000251,深渊神殿:,守护者神殿,,0,,,,
5538,0,0,0,4013,0,75.45,397.78,74.03,100,,,深渊神殿(炼狱):深渊的平原,ART_Name_000252,ART_Subname_000252,深渊神殿:,深渊的平原,,0,,,,
5539,0,0,0,4013,0,61.28,86.38,105.27,80,,,深渊神殿(炼狱):龟裂的大地,ART_Name_000253,ART_Subname_000253,深渊神殿:,龟裂的大地,,0,,,,
5540,0,0,0,4013,0,214.63,249.23,104.29,80,,,深渊神殿(炼狱):深渊山谷,ART_Name_000254,ART_Subname_000254,深渊神殿:,深渊山谷,,0,,,,
5541,0,0,0,4020,0,261.69,312.97,-34.67,100,,,奎里奥德矿山(普通):熔岩湖,ART_Name_000255,ART_Subname_000255,奎里奥德矿山:,熔岩湖,,0,,,,
5542,0,0,0,4020,0,286.05,472.47,54.95,60,,,奎里奥德矿山(普通):魔法石开采地域,ART_Name_000256,ART_Subname_000256,奎里奥德矿山:,魔法石开采地域,,0,,,,
5543,0,0,0,4020,0,167.62,88.59,16.68,70,,,奎里奥德矿山(普通):奎里奥德工坊,ART_Name_000257,ART_Subname_000257,奎里奥德矿山:,奎里奥德工坊,,0,,,,
5544,0,0,0,4020,0,420.11,169.48,0.93,50,,,奎里奥德矿山(普通):艾林河营帐,ART_Name_000258,ART_Subname_000258,奎里奥德矿山:,艾林河营帐,,0,,,,
5545,0,0,0,4021,0,261.69,312.97,-34.67,100,,,奎里奥德矿山(困难):熔岩湖,ART_Name_000259,ART_Subname_000259,奎里奥德矿山:,熔岩湖,,0,,,,
5546,0,0,0,4021,0,286.05,472.47,54.95,60,,,奎里奥德矿山(困难):魔法石开采地域,ART_Name_000260,ART_Subname_000260,奎里奥德矿山:,魔法石开采地域,,0,,,,
5547,0,0,0,4021,0,167.62,88.59,16.68,70,,,奎里奥德矿山(困难):奎里奥德工坊,ART_Name_000261,ART_Subname_000261,奎里奥德矿山:,奎里奥德工坊,,0,,,,
5548,0,0,0,4021,0,420.11,169.48,0.93,50,,,奎里奥德矿山(困难):艾林河营帐,ART_Name_000262,ART_Subname_000262,奎里奥德矿山:,艾林河营帐,,0,,,,
5549,0,0,0,4022,0,261.69,312.97,-34.67,100,,,奎里奥德矿山(极困难):熔岩湖,ART_Name_000263,ART_Subname_000263,奎里奥德矿山:,熔岩湖,,0,,,,
5550,0,0,0,4022,0,286.05,472.47,54.95,60,,,奎里奥德矿山(极困难):魔法石开采地域,ART_Name_000264,ART_Subname_000264,奎里奥德矿山:,魔法石开采地域,,0,,,,
5551,0,0,0,4022,0,167.62,88.59,16.68,70,,,奎里奥德矿山(极困难):奎里奥德工坊,ART_Name_000265,ART_Subname_000265,奎里奥德矿山:,奎里奥德工坊,,0,,,,
5552,0,0,0,4022,0,420.11,169.48,0.93,50,,,奎里奥德矿山(极困难):艾林河营帐,ART_Name_000266,ART_Subname_000266,奎里奥德矿山:,艾林河营帐,,0,,,,
5553,0,0,0,4022,0,420.11,169.48,0.93,50,,,奎里奥德矿山(炼狱):艾林河营帐,ART_Name_000267,ART_Subname_000267,奎里奥德矿山:,艾林河营帐,,0,,,,
5554,0,0,0,4022,0,420.11,169.48,0.93,50,,,奎里奥德矿山(炼狱):艾林河营帐,ART_Name_000268,ART_Subname_000268,奎里奥德矿山:,艾林河营帐,,0,,,,
5555,0,0,0,4022,0,420.11,169.48,0.93,50,,,奎里奥德矿山(炼狱):艾林河营帐,ART_Name_000269,ART_Subname_000269,奎里奥德矿山:,艾林河营帐,,0,,,,
5556,0,0,0,4022,0,420.11,169.48,0.93,50,,,奎里奥德矿山(炼狱):艾林河营帐,ART_Name_000270,ART_Subname_000270,奎里奥德矿山:,艾林河营帐,,0,,,,
5557,0,0,0,4030,0,255.72,232.33,6.13,50,,,火焰祭坛(普通):光之圣所,ART_Name_000271,ART_Subname_000271,火焰祭坛:,光之圣所,,0,,,,
5558,0,0,0,4030,0,254.94,113.74,0,45,,,火焰祭坛(普通):光之圣物占领,ART_Name_000272,ART_Subname_000272,火焰祭坛:,光之圣物占领,,0,,,,
5559,1,0,0,4030,0,361.58,341.02,49.27,100,,,火焰祭坛(普通):第1 封印之地,ART_Name_000273,ART_Subname_000273,火焰祭坛:,第1 封印之地,,0,,,,
5560,1,0,0,4030,0,160.82,376.99,6.14,120,,,火焰祭坛(普通):第2 封印之地,ART_Name_000274,ART_Subname_000274,火焰祭坛:,第2 封印之地,,0,,,,
5561,1,0,0,4030,0,65.79,142.98,104.95,100,,,火焰祭坛(普通):火焰池,ART_Name_000275,ART_Subname_000275,火焰祭坛:,火焰池,,0,,,,
5562,0,0,0,4031,0,255.74,232.33,6.13,50,,,火焰祭坛(困难):光之圣所,ART_Name_000276,ART_Subname_000276,火焰祭坛:,光之圣所,,0,,,,
5563,0,0,0,4031,0,254.94,113.74,0,45,,,火焰祭坛(困难):光之圣物占领,ART_Name_000277,ART_Subname_000277,火焰祭坛:,光之圣物占领,,0,,,,
5564,1,0,0,4031,0,361.58,341.02,49.27,100,,,火焰祭坛(困难):第1 封印之地,ART_Name_000278,ART_Subname_000278,火焰祭坛:,第1 封印之地,,0,,,,
5565,1,0,0,4031,0,160.82,376.99,6.14,120,,,火焰祭坛(困难):第2 封印之地,ART_Name_000279,ART_Subname_000279,火焰祭坛:,第2 封印之地,,0,,,,
5566,1,0,0,4031,0,65.79,142.98,104.95,100,,,火焰祭坛(困难):火焰池,ART_Name_000280,ART_Subname_000280,火焰祭坛:,火焰池,,0,,,,
5567,0,0,0,4032,0,255.74,232.33,6.13,50,,,火焰祭坛(极困难):光之圣所,ART_Name_000281,ART_Subname_000281,火焰祭坛:,光之圣所,,0,,,,
5568,0,0,0,4032,0,254.94,113.74,0,45,,,火焰祭坛(极困难):光之圣物占领,ART_Name_000282,ART_Subname_000282,火焰祭坛:,光之圣物占领,,0,,,,
5569,1,0,0,4032,0,361.58,341.02,49.27,100,,,火焰祭坛(极困难):第1 封印之地,ART_Name_000283,ART_Subname_000283,火焰祭坛:,第1 封印之地,,0,,,,
5570,1,0,0,4032,0,160.82,376.99,6.14,120,,,火焰祭坛(极困难):第2 封印之地,ART_Name_000284,ART_Subname_000284,火焰祭坛:,第2 封印之地,,0,,,,
5571,1,0,0,4032,0,65.79,142.98,104.95,100,,,火焰祭坛(极困难):火焰池,ART_Name_000285,ART_Subname_000285,火焰祭坛:,火焰池,,0,,,,
5572,0,0,0,4033,0,255.74,232.33,6.13,50,,,火焰祭坛(炼狱):光之圣所,ART_Name_000286,ART_Subname_000286,火焰祭坛:,光之圣所,,0,,,,
5573,0,0,0,4033,0,254.94,113.74,0,45,,,火焰祭坛(炼狱):光之圣物占领,ART_Name_000287,ART_Subname_000287,火焰祭坛:,光之圣物占领,,0,,,,
5574,1,0,0,4033,0,361.58,341.02,49.27,100,,,火焰祭坛(炼狱):第1 封印之地,ART_Name_000288,ART_Subname_000288,火焰祭坛:,第1 封印之地,,0,,,,
5575,1,0,0,4033,0,160.82,376.99,6.14,120,,,火焰祭坛(炼狱):第2 封印之地,ART_Name_000289,ART_Subname_000289,火焰祭坛:,第2 封印之地,,0,,,,
5576,1,0,0,4033,0,65.79,142.98,104.95,100,,,火焰祭坛(炼狱):火焰池,ART_Name_000290,ART_Subname_000290,火焰祭坛:,火焰池,,0,,,,
6001,1,0,1,4400,0,256,256,85.04,256,,,普利德米尔饲养场:普通,ART_Name_000291,ART_Subname_000291,普利德米尔饲养场,普通,Sound/BGM/BGM_22.ogg|Sound/BGM/BGM_26.ogg,1,3024|4031|,3024|4031|,3024|4031|,3024|4031|
6002,1,0,1,4401,0,256,256,85.04,256,,,普利德米尔饲养场:困难,ART_Name_000292,ART_Subname_000292,普利德米尔饲养场,困难,Sound/BGM/BGM_22.ogg|Sound/BGM/BGM_26.ogg,1,4031|3024|,4031|3024|,4031|3024|,4031|3024|
6003,1,0,1,4402,0,256,256,85.04,256,,,普利德米尔饲养场:极困难,ART_Name_000293,ART_Subname_000293,普利德米尔饲养场,极困难,Sound/BGM/BGM_22.ogg|Sound/BGM/BGM_26.ogg,1,3024|4031|,3024|4031|1010|,3024|4031|,3024|4031|1010|
6004,1,0,1,4403,0,256,256,85.04,256,,,普利德米尔饲养场:炼狱,ART_Name_000294,ART_Subname_000294,普利德米尔饲养场,炼狱,Sound/BGM/BGM_22.ogg|Sound/BGM/BGM_26.ogg,1,3024|4031|,3024|4031|,3024|4031|,3024|4031|
6005,1,0,1,4410,0,256,256,4.77,256,,,恩蒂温圣所:普通,ART_Name_000295,ART_Subname_000295,恩蒂温圣所,普通,Sound/BGM/BGM_17.ogg|Sound/BGM/BGM_18.ogg,1,4032|3027|,4032|3027|,4032|3027|,4032|3027|
6006,1,0,1,4411,0,256,256,4.77,256,,,恩蒂温圣所:困难,ART_Name_000296,ART_Subname_000296,恩蒂温圣所,困难,Sound/BGM/BGM_17.ogg|Sound/BGM/BGM_18.ogg,1,3027|4032|,3027|4032|,3027|4032|,3027|4032|
6007,1,0,1,4412,0,256,256,4.77,256,,,恩蒂温圣所:极困难,ART_Name_000297,ART_Subname_000297,恩蒂温圣所,极困难,Sound/BGM/BGM_17.ogg|Sound/BGM/BGM_18.ogg,1,3027|4032|,3027|4032|1010|,3027|4032|,3027|4032|1010|
6008,1,0,1,4413,0,256,256,4.77,256,,,恩蒂温圣所:炼狱,ART_Name_000298,ART_Subname_000298,恩蒂温圣所,炼狱,Sound/BGM/BGM_17.ogg|Sound/BGM/BGM_18.ogg,1,3027|4032|1010|,3027|4032|1010|,3027|4032|1011|,3027|4032|1003|
6009,1,0,1,4420,0,256,256,-6.32,256,,,冰冷的洞窟:普通,ART_Name_000299,ART_Subname_000299,冰冷的洞窟,普通,Sound/BGM/BGM_22.ogg|Sound/BGM/BGM_26.ogg,1,4034|3047|,4034|3047|,4034|3047|,4034|3047|
6010,1,0,1,4421,0,256,256,-6.32,256,,,冰冷的洞窟:困难,ART_Name_000300,ART_Subname_000300,冰冷的洞窟,困难,Sound/BGM/BGM_22.ogg|Sound/BGM/BGM_26.ogg,1,4034|3047|,4034|3047|,4034|3047|,4034|3047|
6011,1,0,1,4422,0,256,256,-6.32,256,,,冰冷的洞窟:极困难,ART_Name_000301,ART_Subname_000301,冰冷的洞窟,极困难,Sound/BGM/BGM_22.ogg|Sound/BGM/BGM_26.ogg,1,4034|3047|,4034|3047|,4034|3047|,4034|3047|
6012,1,0,1,4423,0,256,256,-6.32,256,,,冰冷的洞窟:炼狱,ART_Name_000302,ART_Subname_000302,冰冷的洞窟,炼狱,Sound/BGM/BGM_22.ogg|Sound/BGM/BGM_26.ogg,1,4034|3047|,4034|3047|,4034|3047|,4034|3047|
6013,1,0,1,4430,0,256,256,151.13,256,,,冰封的狼城:普通,ART_Name_000303,ART_Subname_000303,冰封的狼城,普通,Sound/BGM/BGM_17.ogg|Sound/BGM/BGM_18.ogg,1,3035|4034|,3035|4034|,3035|4034|,3035|4034|
6014,1,0,1,4431,0,256,256,151.14,256,,,冰封的狼城:困难,ART_Name_000304,ART_Subname_000304,冰封的狼城,困难,Sound/BGM/BGM_17.ogg|Sound/BGM/BGM_18.ogg,1,3035|4034|,3035|4034|,3035|4034|,3035|4034|
6015,1,0,1,4432,0,256,256,151.14,256,,,冰封的狼城:极困难,ART_Name_000305,ART_Subname_000305,冰封的狼城,极困难,Sound/BGM/BGM_17.ogg|Sound/BGM/BGM_18.ogg,1,3035|4034|,3035|4034|,3035|4034|,3035|4034|
6016,1,0,1,4433,0,256,256,151.14,256,,,冰封的狼城:炼狱,ART_Name_000306,ART_Subname_000306,冰封的狼城,炼狱,Sound/BGM/BGM_17.ogg|Sound/BGM/BGM_18.ogg,1,3035|4034|,3035|4034|,3035|4034|,3035|4034|
6017,1,0,1,4440,0,256,256,179.02,256,,,哈比人的乐园:普通,ART_Name_000307,ART_Subname_000307,哈比人的乐园,普通,Sound/BGM/BGM_22.ogg|Sound/BGM/BGM_26.ogg,1,3040|4026|,3040|4026|,3040|4026|,3040|4026|
6018,1,0,1,4441,0,256,256,179.02,256,,,哈比人的乐园:困难,ART_Name_000308,ART_Subname_000308,哈比人的乐园,困难,Sound/BGM/BGM_22.ogg|Sound/BGM/BGM_26.ogg,1,3040|4026|,3040|4026|,3040|4026|,3040|4026|
6019,1,0,1,4442,0,256,256,179.02,256,,,哈比人的乐园:极困难,ART_Name_000309,ART_Subname_000309,哈比人的乐园,极困难,Sound/BGM/BGM_22.ogg|Sound/BGM/BGM_26.ogg,1,3040|4026|,3040|4026|,3040|4026|,3040|4026|
6020,1,0,1,4443,0,256,256,179.02,256,,,哈比人的乐园:炼狱,ART_Name_000310,ART_Subname_000310,哈比人的乐园,炼狱,Sound/BGM/BGM_22.ogg|Sound/BGM/BGM_26.ogg,1,3040|4026|,3040|4026|,3040|4026|,3040|4026|
6021,1,0,1,4450,0,256.01,256,22.36,256,,,暴风古城:普通,ART_Name_000311,ART_Subname_000311,暴风古城,普通,Sound/BGM/BGM_17.ogg|Sound/BGM/BGM_18.ogg,1,3042|4034|,4034|3042|,4034|3042|,4034|3042|
6022,1,0,1,4451,0,256,256,22.36,256,,,暴风古城:困难,ART_Name_000312,ART_Subname_000312,暴风古城,困难,Sound/BGM/BGM_17.ogg|Sound/BGM/BGM_18.ogg,1,3042|4034|,3042|4034|,3042|4034|,3042|4034|
6023,1,0,1,4452,0,256,256,22.36,256,,,暴风古城:极困难,ART_Name_000313,ART_Subname_000313,暴风古城,极困难,Sound/BGM/BGM_17.ogg|Sound/BGM/BGM_18.ogg,1,3042|4034|,3042|4034|,3042|4034|,3042|4034|
6024,1,0,1,4453,0,256,256,22.36,256,,,暴风古城:炼狱,ART_Name_000314,ART_Subname_000314,暴风古城,炼狱,Sound/BGM/BGM_17.ogg|Sound/BGM/BGM_18.ogg,1,3042|4034|,3042|4034|,3042|4034|,3042|4034|
6025,1,0,1,4460,0,256,256,51.01,256,,,战士们的圣地:普通,ART_Name_000315,ART_Subname_000315,战士们的圣地,普通,Sound/BGM/BGM_22.ogg|Sound/BGM/BGM_26.ogg,0,3055|4032|1010|,3055|4032|1010|,3055|4032|1010|,3055|4032|1010|
6026,1,0,1,4461,0,256,256,51.01,256,,,战士们的圣地:困难,ART_Name_000316,ART_Subname_000316,战士们的圣地,困难,Sound/BGM/BGM_22.ogg|Sound/BGM/BGM_26.ogg,0,3055|4032|1010|,3055|4032|1010|,3055|4032|1010|,3055|4032|1010|
6027,1,0,1,4462,0,256,256,51.01,256,,,战士们的圣地:极困难,ART_Name_000317,ART_Subname_000317,战士们的圣地,极困难,Sound/BGM/BGM_22.ogg|Sound/BGM/BGM_26.ogg,0,3055|4032|1010|,3055|4032|1010|,3055|4032|1010|,3055|4032|1010|
6028,1,0,1,4463,0,256,256,51.01,256,,,战士们的圣地:炼狱,ART_Name_000318,ART_Subname_000318,战士们的圣地,炼狱,Sound/BGM/BGM_22.ogg|Sound/BGM/BGM_26.ogg,0,3055|4032|1010|,3055|4032|1010|,3055|4032|1010|,3055|4032|1010|
6029,1,0,1,4470,0,256,256,30.15,256,,,红顶火山洞穴:普通,ART_Name_000319,ART_Subname_000319,红顶火山洞穴,普通,Sound/BGM/BGM_17.ogg|Sound/BGM/BGM_18.ogg,0,4034|3056|,4034|3056|,4034|3056|,4034|3056|
6030,1,0,1,4471,0,256,256,30.15,256,,,红顶火山洞穴:困难,ART_Name_000320,ART_Subname_000320,红顶火山洞穴,困难,Sound/BGM/BGM_17.ogg|Sound/BGM/BGM_18.ogg,0,4034|3056|,4034|3056|,4034|3056|,4034|3056|
6031,1,0,1,4472,0,256,256,30.15,256,,,红顶火山洞穴:极困难,ART_Name_000321,ART_Subname_000321,红顶火山洞穴,极困难,Sound/BGM/BGM_17.ogg|Sound/BGM/BGM_18.ogg,0,4034|3056|,4034|3056|,4034|3056|,4034|3056|
6032,1,0,1,4473,0,256,256,30.15,256,,,红顶火山洞穴:炼狱,ART_Name_000322,ART_Subname_000322,红顶火山洞穴,炼狱,Sound/BGM/BGM_17.ogg|Sound/BGM/BGM_18.ogg,0,4034|3056|,4034|3056|,4034|3056|,4034|3056|
6033,1,0,1,4480,0,256,256,-0.91,256,,,灰色半兽人村庄:普通,ART_Name_000323,ART_Subname_000323,灰色半兽人村庄,普通,Sound/BGM/BGM_22.ogg|Sound/BGM/BGM_26.ogg,0,3057|4023|,3057|4023|,3057|4023|,3057|4023|
6034,1,0,1,4481,0,256,256,-0.91,256,,,灰色半兽人村庄:困难,ART_Name_000324,ART_Subname_000324,灰色半兽人村庄,困难,Sound/BGM/BGM_22.ogg|Sound/BGM/BGM_26.ogg,0,3057|4023|,3057|4023|,3057|4023|,3057|4023|
6035,1,0,1,4482,0,256,256,-0.91,256,,,灰色半兽人村庄:极困难,ART_Name_000325,ART_Subname_000325,灰色半兽人村庄,极困难,Sound/BGM/BGM_22.ogg|Sound/BGM/BGM_26.ogg,0,3057|4023|,3057|4023|,4023|3057|,3057|4023|
6036,1,0,1,4483,0,256,256,-0.91,256,,,灰色半兽人村庄:炼狱,ART_Name_000326,ART_Subname_000326,灰色半兽人村庄,炼狱,Sound/BGM/BGM_22.ogg|Sound/BGM/BGM_26.ogg,0,3057|4023|,3057|4023|,3057|4023|,3057|4023|
6037,1,0,1,4490,0,256,256,-7.11,256,,,光之地下庭院:普通,ART_Name_000327,ART_Subname_000327,光之地下庭院,普通,Sound/BGM/BGM_17.ogg|Sound/BGM/BGM_18.ogg,0,4032|3058|,4032|3058|,3058|4032|,4032|3058|
6038,1,0,1,4491,0,256,256,-7.11,256,,,光之地下庭院:困难,ART_Name_000328,ART_Subname_000328,光之地下庭院,困难,Sound/BGM/BGM_17.ogg|Sound/BGM/BGM_18.ogg,0,4032|3058|,4032|3058|,4032|3058|,4032|3058|
6039,1,0,1,4492,0,256,256,-7.11,256,,,光之地下庭院:极困难,ART_Name_000329,ART_Subname_000329,光之地下庭院,极困难,Sound/BGM/BGM_17.ogg|Sound/BGM/BGM_18.ogg,0,4032|3058|,4032|3058|,4032|3058|,4032|3058|
6040,1,0,1,4493,0,256,256,-7.11,256,,,光之地下庭院:炼狱,ART_Name_000330,ART_Subname_000330,光之地下庭院,炼狱,Sound/BGM/BGM_17.ogg|Sound/BGM/BGM_18.ogg,0,4032|3058|,4032|3058|,4032|3058|,4032|3058|
6501,0,0,0,4400,0,207.86,115.42,95.45,65,,,普利德米尔饲养场(普通):三叶花农园,ART_Name_000331,ART_Subname_000331,普利德米尔饲养场:,三叶花农园,,0,,,,
6502,0,0,0,4400,0,412.57,216.4,80.37,70,,,普利德米尔饲养场(普通):粗糙特里皮特饲养场,ART_Name_000332,ART_Subname_000332,普利德米尔饲养场:,粗糙特里皮特饲养场,,0,,,,
6503,0,0,0,4400,0,223.84,244.78,84.66,60,,,普利德米尔饲养场(普通):出血花农园,ART_Name_000333,ART_Subname_000333,普利德米尔饲养场:,出血花农园,,0,,,,
6504,0,0,0,4400,0,148.26,372.97,101.53,50,,,普利德米尔饲养场(普通):宽广的普利德米尔饲养场,ART_Name_000334,ART_Subname_000334,普利德米尔饲养场:,宽广的普利德米尔饲养场,,0,,,,
6505,0,0,0,4400,0,347.67,379.13,109.8,60,,,普利德米尔饲养场(普通):老树哥布林驻扎地,ART_Name_000335,ART_Subname_000335,普利德米尔饲养场:,老树哥布林驻扎地,,0,,,,
6506,0,0,0,4401,0,207.86,115.42,95.45,65,,,普利德米尔饲养场(困难):三叶花农园,ART_Name_000336,ART_Subname_000336,普利德米尔饲养场:,三叶花农园,,0,,,,
6507,0,0,0,4401,0,412.57,216.4,80.37,70,,,普利德米尔饲养场(困难):粗糙特里皮特饲养场,ART_Name_000337,ART_Subname_000337,普利德米尔饲养场:,粗糙特里皮特饲养场,,0,,,,
6508,0,0,0,4401,0,223.84,244.78,84.66,60,,,普利德米尔饲养场(困难):出血花农园,ART_Name_000338,ART_Subname_000338,普利德米尔饲养场:,出血花农园,,0,,,,
6509,0,0,0,4401,0,148.26,372.97,101.53,50,,,普利德米尔饲养场(困难):宽广的普利德米尔饲养场,ART_Name_000339,ART_Subname_000339,普利德米尔饲养场:,宽广的普利德米尔饲养场,,0,,,,
6510,0,0,0,4401,0,347.67,379.13,109.8,60,,,普利德米尔饲养场(困难):老树哥布林驻扎地,ART_Name_000340,ART_Subname_000340,普利德米尔饲养场:,老树哥布林驻扎地,,0,,,,
6511,0,0,0,4402,0,207.86,115.42,95.45,65,,,普利德米尔饲养场(极困难):三叶花农园,ART_Name_000341,ART_Subname_000341,普利德米尔饲养场:,三叶花农园,,0,,,,
6512,0,0,0,4402,0,412.57,216.4,80.37,70,,,普利德米尔饲养场(极困难):粗糙特里皮特饲养场,ART_Name_000342,ART_Subname_000342,普利德米尔饲养场:,粗糙特里皮特饲养场,,0,,,,
6513,0,0,0,4402,0,223.84,244.78,84.66,60,,,普利德米尔饲养场(极困难):出血花农园,ART_Name_000343,ART_Subname_000343,普利德米尔饲养场:,出血花农园,,0,,,,
6514,0,0,0,4402,0,148.26,372.97,101.53,50,,,普利德米尔饲养场(极困难):宽广的普利德米尔饲养场,ART_Name_000344,ART_Subname_000344,普利德米尔饲养场:,宽广的普利德米尔饲养场,,0,,,,
6515,0,0,0,4402,0,347.67,379.13,109.8,60,,,普利德米尔饲养场(极困难):老树哥布林驻扎地,ART_Name_000345,ART_Subname_000345,普利德米尔饲养场:,老树哥布林驻扎地,,0,,,,
6516,0,0,0,4403,0,207.86,115.42,95.45,65,,,普利德米尔饲养场(炼狱):三叶花农园,ART_Name_000346,ART_Subname_000346,普利德米尔饲养场:,三叶花农园,,0,,,,
6517,0,0,0,4403,0,412.57,216.4,80.37,70,,,普利德米尔饲养场(炼狱):粗糙特里皮特饲养场,ART_Name_000347,ART_Subname_000347,普利德米尔饲养场:,粗糙特里皮特饲养场,,0,,,,
6518,0,0,0,4403,0,223.84,244.78,84.66,60,,,普利德米尔饲养场(炼狱):出血花农园,ART_Name_000348,ART_Subname_000348,普利德米尔饲养场:,出血花农园,,0,,,,
6519,0,0,0,4403,0,148.26,372.97,101.53,50,,,普利德米尔饲养场(炼狱):宽广的普利德米尔饲养场,ART_Name_000349,ART_Subname_000349,普利德米尔饲养场:,宽广的普利德米尔饲养场,,0,,,,
6520,0,0,0,4403,0,347.67,379.13,109.8,60,,,普利德米尔饲养场(炼狱):老树哥布林驻扎地,ART_Name_000350,ART_Subname_000350,普利德米尔饲养场:,老树哥布林驻扎地,,0,,,,
6521,0,0,0,4410,0,200.5,452.32,31.97,60,,,恩蒂温圣所(普通):黄金苹果圣所,ART_Name_000351,ART_Subname_000351,恩蒂温圣所:,黄金苹果圣所,,0,,,,
6522,0,0,0,4410,0,369.6,406.1,-0.29,100,,,恩蒂温圣所(普通):喜悦的圣所,ART_Name_000352,ART_Subname_000352,恩蒂温圣所:,喜悦的圣所,,0,,,,
6523,0,0,0,4410,0,160.87,274.29,-2.67,80,,,恩蒂温圣所(普通):恩特罗斯巢穴,ART_Name_000353,ART_Subname_000353,恩蒂温圣所:,恩特罗斯巢穴,,0,,,,
6524,0,0,0,4410,0,325.04,218.01,2.23,70,,,恩蒂温圣所(普通):宪兵的巢穴,ART_Name_000354,ART_Subname_000354,恩蒂温圣所:,宪兵的巢穴,,0,,,,
6525,0,0,0,4410,0,389.46,84.13,1.87,80,,,恩蒂温圣所(普通):毒云圣所,ART_Name_000355,ART_Subname_000355,恩蒂温圣所:,毒云圣所,,0,,,,
6526,0,0,0,4410,0,130.3,103.78,2.43,60,,,恩蒂温圣所(普通):梗茎的殿堂,ART_Name_000356,ART_Subname_000356,恩蒂温圣所:,梗茎的殿堂,,0,,,,
6527,0,0,0,4411,0,200.5,452.32,31.97,60,,,恩蒂温圣所(困难):黄金苹果圣所,ART_Name_000357,ART_Subname_000357,恩蒂温圣所:,黄金苹果圣所,,0,,,,
6528,0,0,0,4411,0,369.6,406.1,-0.29,100,,,恩蒂温圣所(困难):喜悦的圣所,ART_Name_000358,ART_Subname_000358,恩蒂温圣所:,喜悦的圣所,,0,,,,
6529,0,0,0,4411,0,160.87,274.29,-2.67,80,,,恩蒂温圣所(困难):恩特罗斯巢穴,ART_Name_000359,ART_Subname_000359,恩蒂温圣所:,恩特罗斯巢穴,,0,,,,
6530,0,0,0,4411,0,325.04,218.01,2.23,70,,,恩蒂温圣所(困难):宪兵的巢穴,ART_Name_000360,ART_Subname_000360,恩蒂温圣所:,宪兵的巢穴,,0,,,,
6531,0,0,0,4411,0,389.46,84.13,1.87,80,,,恩蒂温圣所(困难):毒云圣所,ART_Name_000361,ART_Subname_000361,恩蒂温圣所:,毒云圣所,,0,,,,
6532,0,0,0,4411,0,130.3,103.78,2.43,60,,,恩蒂温圣所(困难):梗茎的殿堂,ART_Name_000362,ART_Subname_000362,恩蒂温圣所:,梗茎的殿堂,,0,,,,
6533,0,0,0,4412,0,200.5,452.32,31.97,60,,,恩蒂温圣所(极困难):黄金苹果圣所,ART_Name_000363,ART_Subname_000363,恩蒂温圣所:,黄金苹果圣所,,0,,,,
6534,0,0,0,4412,0,369.6,406.1,-0.29,100,,,恩蒂温圣所(极困难):喜悦的圣所,ART_Name_000364,ART_Subname_000364,恩蒂温圣所:,喜悦的圣所,,0,,,,
6535,0,0,0,4412,0,160.87,274.29,-2.67,80,,,恩蒂温圣所(极困难):恩特罗斯巢穴,ART_Name_000365,ART_Subname_000365,恩蒂温圣所:,恩特罗斯巢穴,,0,,,,
6536,0,0,0,4412,0,325.04,218.01,2.23,70,,,恩蒂温圣所(极困难):宪兵的巢穴,ART_Name_000366,ART_Subname_000366,恩蒂温圣所:,宪兵的巢穴,,0,,,,
6537,0,0,0,4412,0,389.46,84.13,1.87,80,,,恩蒂温圣所(极困难):毒云圣所,ART_Name_000367,ART_Subname_000367,恩蒂温圣所:,毒云圣所,,0,,,,
6538,0,0,0,4412,0,130.3,103.78,2.43,60,,,恩蒂温圣所(极困难):梗茎的殿堂,ART_Name_000368,ART_Subname_000368,恩蒂温圣所:,梗茎的殿堂,,0,,,,
6539,0,0,0,4413,0,200.5,452.32,31.97,60,,,恩蒂温圣所(炼狱):黄金苹果圣所,ART_Name_000369,ART_Subname_000369,恩蒂温圣所:,黄金苹果圣所,,0,,,,
6540,0,0,0,4413,0,369.6,406.1,-0.29,100,,,恩蒂温圣所(炼狱):喜悦的圣所,ART_Name_000370,ART_Subname_000370,恩蒂温圣所:,喜悦的圣所,,0,,,,
6541,0,0,0,4413,0,160.87,274.29,-2.67,80,,,恩蒂温圣所(炼狱):恩特罗斯巢穴,ART_Name_000371,ART_Subname_000371,恩蒂温圣所:,恩特罗斯巢穴,,0,,,,
6542,0,0,0,4413,0,325.04,218.01,2.23,70,,,恩蒂温圣所(炼狱):宪兵的巢穴,ART_Name_000372,ART_Subname_000372,恩蒂温圣所:,宪兵的巢穴,,0,,,,
6543,0,0,0,4413,0,389.46,84.13,1.87,80,,,恩蒂温圣所(炼狱):毒云圣所,ART_Name_000373,ART_Subname_000373,恩蒂温圣所:,毒云圣所,,0,,,,
6544,0,0,0,4413,0,130.3,103.78,2.43,60,,,恩蒂温圣所(炼狱):梗茎的殿堂,ART_Name_000374,ART_Subname_000374,恩蒂温圣所:,梗茎的殿堂,,0,,,,
6545,0,0,0,4420,0,103.04,77.78,-22.46,60,,,冰冷的洞窟(普通):希尔朋德王座,ART_Name_000375,ART_Subname_000375,冰冷的洞窟:,希尔朋德王座,,0,,,,
6546,0,0,0,4420,0,180.85,191.36,-24.64,60,,,冰冷的洞窟(普通):血液储藏库,ART_Name_000376,ART_Subname_000376,冰冷的洞窟:,血液储藏库,,0,,,,
6547,0,0,0,4420,0,242.66,430.56,-58.51,60,,,冰冷的洞窟(普通):东面场,ART_Name_000377,ART_Subname_000377,冰冷的洞窟:,东面场,,0,,,,
6548,0,0,0,4420,0,415.48,259.98,2.64,60,,,冰冷的洞窟(普通):希尔朋德哨所,ART_Name_000378,ART_Subname_000378,冰冷的洞窟:,希尔朋德哨所,,0,,,,
6549,0,0,0,4420,0,419.43,425.36,-20.19,50,,,冰冷的洞窟(普通):监狱,ART_Name_000379,ART_Subname_000379,冰冷的洞窟:,监狱,,0,,,,
6550,0,0,0,4420,0,423.96,55.96,-21.07,50,,,冰冷的洞窟(普通):食物储藏库,ART_Name_000380,ART_Subname_000380,冰冷的洞窟:,食物储藏库,,0,,,,
6551,0,0,0,4421,0,103.04,77.78,-22.46,60,,,冰冷的洞窟(困难):希尔朋德王座,ART_Name_000381,ART_Subname_000381,冰冷的洞窟:,希尔朋德王座,,0,,,,
6552,0,0,0,4421,0,180.85,191.36,-24.64,60,,,冰冷的洞窟(困难):血液储藏库,ART_Name_000382,ART_Subname_000382,冰冷的洞窟:,血液储藏库,,0,,,,
6553,0,0,0,4421,0,242.66,430.56,-58.51,60,,,冰冷的洞窟(困难):东面场,ART_Name_000383,ART_Subname_000383,冰冷的洞窟:,东面场,,0,,,,
6554,0,0,0,4421,0,415.48,259.98,2.64,60,,,冰冷的洞窟(困难):希尔朋德哨所,ART_Name_000384,ART_Subname_000384,冰冷的洞窟:,希尔朋德哨所,,0,,,,
6555,0,0,0,4421,0,419.43,425.36,-20.19,50,,,冰冷的洞窟(困难):监狱,ART_Name_000385,ART_Subname_000385,冰冷的洞窟:,监狱,,0,,,,
6556,0,0,0,4421,0,423.96,55.96,-21.07,50,,,冰冷的洞窟(困难):食物储藏库,ART_Name_000386,ART_Subname_000386,冰冷的洞窟:,食物储藏库,,0,,,,
6557,0,0,0,4422,0,103.04,77.78,-22.46,60,,,冰冷的洞窟(极困难):希尔朋德王座,ART_Name_000387,ART_Subname_000387,冰冷的洞窟:,希尔朋德王座,,0,,,,
6558,0,0,0,4422,0,180.85,191.36,-24.64,60,,,冰冷的洞窟(极困难):血液储藏库,ART_Name_000388,ART_Subname_000388,冰冷的洞窟:,血液储藏库,,0,,,,
6559,0,0,0,4422,0,242.66,430.56,-58.51,60,,,冰冷的洞窟(极困难):东面场,ART_Name_000389,ART_Subname_000389,冰冷的洞窟:,东面场,,0,,,,
6560,0,0,0,4422,0,415.48,259.98,2.64,60,,,冰冷的洞窟(极困难):希尔朋德哨所,ART_Name_000390,ART_Subname_000390,冰冷的洞窟:,希尔朋德哨所,,0,,,,
6561,0,0,0,4422,0,419.43,425.36,-20.19,50,,,冰冷的洞窟(极困难):监狱,ART_Name_000391,ART_Subname_000391,冰冷的洞窟:,监狱,,0,,,,
6562,0,0,0,4422,0,423.96,55.96,-21.07,50,,,冰冷的洞窟(极困难):食物储藏库,ART_Name_000392,ART_Subname_000392,冰冷的洞窟:,食物储藏库,,0,,,,
6563,0,0,0,4423,0,103.04,77.78,-22.46,60,,,冰冷的洞窟(炼狱):希尔朋德王座,ART_Name_000393,ART_Subname_000393,冰冷的洞窟:,希尔朋德王座,,0,,,,
6564,0,0,0,4423,0,180.85,191.36,-24.64,60,,,冰冷的洞窟(炼狱):血液储藏库,ART_Name_000394,ART_Subname_000394,冰冷的洞窟:,血液储藏库,,0,,,,
6565,0,0,0,4423,0,242.66,430.56,-58.51,60,,,冰冷的洞窟(炼狱):东面场,ART_Name_000395,ART_Subname_000395,冰冷的洞窟:,东面场,,0,,,,
6566,0,0,0,4423,0,415.48,259.98,2.64,60,,,冰冷的洞窟(炼狱):希尔朋德哨所,ART_Name_000396,ART_Subname_000396,冰冷的洞窟:,希尔朋德哨所,,0,,,,
6567,0,0,0,4423,0,419.43,425.36,-20.19,50,,,冰冷的洞窟(炼狱):监狱,ART_Name_000397,ART_Subname_000397,冰冷的洞窟:,监狱,,0,,,,
6568,0,0,0,4423,0,423.96,55.96,-21.07,50,,,冰冷的洞窟(炼狱):食物储藏库,ART_Name_000398,ART_Subname_000398,冰冷的洞窟:,食物储藏库,,0,,,,
6569,0,0,0,4430,0,98.64,50.03,137.04,80,,,冰封的狼城(普通):工厂兵器制造厂,ART_Name_000399,ART_Subname_000399,冰封的狼城:,工厂兵器制造厂,,0,,,,
6570,0,0,0,4430,0,287.64,55.65,148.42,70,,,冰封的狼城(普通):宴会厅,ART_Name_000400,ART_Subname_000400,冰封的狼城:,宴会厅,,0,,,,
6571,0,0,0,4430,0,464.42,221.32,167.81,90,,,冰封的狼城(普通):拷问室,ART_Name_000401,ART_Subname_000401,冰封的狼城:,拷问室,,0,,,,
6572,0,0,0,4430,0,397.69,437.94,167.91,90,,,冰封的狼城(普通):近卫队休息室,ART_Name_000402,ART_Subname_000402,冰封的狼城:,近卫队休息室,,0,,,,
6573,0,0,0,4430,0,110.35,299.55,169.87,65,,,冰封的狼城(普通):咒术研究所,ART_Name_000403,ART_Subname_000403,冰封的狼城:,咒术研究所,,0,,,,
6574,0,0,0,4430,0,171.98,443.98,202.62,90,,,冰封的狼城(普通):狼王王座,ART_Name_000404,ART_Subname_000404,冰封的狼城:,狼王王座,,0,,,,
6575,0,0,0,4431,0,98.64,50.03,137.04,80,,,冰封的狼城(困难):工厂兵器制造厂,ART_Name_000405,ART_Subname_000405,冰封的狼城:,工厂兵器制造厂,,0,,,,
6576,0,0,0,4431,0,287.64,55.65,148.42,70,,,冰封的狼城(困难):宴会厅,ART_Name_000406,ART_Subname_000406,冰封的狼城:,宴会厅,,0,,,,
6577,0,0,0,4431,0,464.42,221.32,167.81,90,,,冰封的狼城(困难):拷问室,ART_Name_000407,ART_Subname_000407,冰封的狼城:,拷问室,,0,,,,
6578,0,0,0,4431,0,397.69,437.94,167.91,90,,,冰封的狼城(困难):近卫队休息室,ART_Name_000408,ART_Subname_000408,冰封的狼城:,近卫队休息室,,0,,,,
6579,0,0,0,4431,0,110.35,299.55,169.87,65,,,冰封的狼城(困难):咒术研究所,ART_Name_000409,ART_Subname_000409,冰封的狼城:,咒术研究所,,0,,,,
6580,0,0,0,4431,0,171.98,443.98,202.62,90,,,冰封的狼城(困难):狼王王座,ART_Name_000410,ART_Subname_000410,冰封的狼城:,狼王王座,,0,,,,
6581,0,0,0,4432,0,98.64,50.03,137.04,80,,,冰封的狼城(极困难):工厂兵器制造厂,ART_Name_000411,ART_Subname_000411,冰封的狼城:,工厂兵器制造厂,,0,,,,
6582,0,0,0,4432,0,287.64,55.65,148.42,70,,,冰封的狼城(极困难):宴会厅,ART_Name_000412,ART_Subname_000412,冰封的狼城:,宴会厅,,0,,,,
6583,0,0,0,4432,0,464.42,221.32,167.81,90,,,冰封的狼城(极困难):拷问室,ART_Name_000413,ART_Subname_000413,冰封的狼城:,拷问室,,0,,,,
6584,0,0,0,4432,0,397.69,437.94,167.91,90,,,冰封的狼城(极困难):近卫队休息室,ART_Name_000414,ART_Subname_000414,冰封的狼城:,近卫队休息室,,0,,,,
6585,0,0,0,4432,0,110.35,299.55,169.87,65,,,冰封的狼城(极困难):咒术研究所,ART_Name_000415,ART_Subname_000415,冰封的狼城:,咒术研究所,,0,,,,
6586,0,0,0,4432,0,171.98,443.98,202.62,90,,,冰封的狼城(极困难):狼王王座,ART_Name_000416,ART_Subname_000416,冰封的狼城:,狼王王座,,0,,,,
6587,0,0,0,4433,0,98.64,50.03,137.04,80,,,冰封的狼城(炼狱):工厂兵器制造厂,ART_Name_000417,ART_Subname_000417,冰封的狼城:,工厂兵器制造厂,,0,,,,
6588,0,0,0,4433,0,287.64,55.65,148.42,70,,,冰封的狼城(炼狱):宴会厅,ART_Name_000418,ART_Subname_000418,冰封的狼城:,宴会厅,,0,,,,
6589,0,0,0,4433,0,464.42,221.32,167.81,90,,,冰封的狼城(炼狱):拷问室,ART_Name_000419,ART_Subname_000419,冰封的狼城:,拷问室,,0,,,,
6590,0,0,0,4433,0,397.69,437.94,167.91,90,,,冰封的狼城(炼狱):近卫队休息室,ART_Name_000420,ART_Subname_000420,冰封的狼城:,近卫队休息室,,0,,,,
6591,0,0,0,4433,0,110.35,299.55,169.87,65,,,冰封的狼城(炼狱):咒术研究所,ART_Name_000421,ART_Subname_000421,冰封的狼城:,咒术研究所,,0,,,,
6592,0,0,0,4433,0,171.98,443.98,202.62,90,,,冰封的狼城(炼狱):狼王王座,ART_Name_000422,ART_Subname_000422,冰封的狼城:,狼王王座,,0,,,,
7001,1,0,1,4800,0,256,256,91.68,256,,,,ART_Name_000423,ART_Subname_000423,Lv.5[组队]扭曲的时间洞窟(遗迹),,,1,4013|3034|,4013|3034|,4013|3034|,4013|3034|
7002,1,0,1,4801,0,256,256,91.68,256,,,,ART_Name_000424,ART_Subname_000424,Lv.5[组队]扭曲的时间洞窟(普通),,,1,4013|3034|,4013|3034|,4013|3034|,4013|3034|
7003,1,0,1,4802,0,256,256,91.68,256,,,,ART_Name_000425,ART_Subname_000425,Lv.5[组队]扭曲的时间洞窟(困难),,,1,4013|3034|,4013|3034|,4013|3034|,4013|3034|
7004,1,0,1,4803,0,256,256,91.68,256,,,,ART_Name_000426,ART_Subname_000426,Lv.5[组队]扭曲的时间洞窟(炼狱),,,1,4013|3034|,4013|3034|,4013|3034|,4013|3034|
7005,1,0,1,4810,0,256,256,-0.32,256,,,,ART_Name_000427,ART_Subname_000427,Lv.10[组队]扭曲的时间花园 (遗迹),,,1,4030|3034|1010|,4031|3010|1010|,4032|3010|,4033|3011|
7006,1,0,1,4811,0,256,256,-0.32,256,,,,ART_Name_000428,ART_Subname_000428,Lv.10[组队]扭曲的时间花园 (普通),,,1,4030|3034|1010|,4031|3010|1010|,4032|3010|,4033|3011|
7007,1,0,1,4812,0,256,256,-0.32,256,,,,ART_Name_000429,ART_Subname_000429,Lv.10[组队]扭曲的时间花园 (困难),,,1,4030|3034|1010|,4031|3010|1010|,4032|3010|,4033|3011|
7008,1,0,1,4813,0,256,256,-0.32,256,,,,ART_Name_000430,ART_Subname_000430,Lv.10[组队]扭曲的时间花园 (炼狱),,,1,4030|3034|1010|,4031|3010|1010|,4032|3010|,4033|3011|
7009,1,0,1,4820,0,256,256,91.68,256,,,,ART_Name_000431,ART_Subname_000431,Lv.15[组队]扭曲的时间洞窟(遗迹),,,1,4013|3034|,4013|3034|,4013|3034|,4013|3034|
7010,1,0,1,4821,0,256,256,91.68,256,,,,ART_Name_000432,ART_Subname_000432,Lv.15[组队]扭曲的时间洞窟(普通),,,1,4013|3034|,4013|3034|,4013|3034|,4013|3034|
7011,1,0,1,4822,0,256,256,91.68,256,,,,ART_Name_000433,ART_Subname_000433,Lv.15[组队]扭曲的时间洞窟(困难),,,1,4013|3034|,4013|3034|,4013|3034|,4013|3034|
7012,1,0,1,4823,0,256,256,91.68,256,,,,ART_Name_000434,ART_Subname_000434,Lv.15[组队]扭曲的时间洞窟(炼狱),,,1,4013|3034|,4013|3034|,4013|3034|,4013|3034|
7013,1,0,1,4830,0,256,256,-0.32,256,,,,ART_Name_000435,ART_Subname_000435,Lv.20[组队]扭曲的时间花园 (遗迹),,,1,4030|3034|1010|,4031|3010|1010|,4032|3010|,4033|3011|
7014,1,0,1,4831,0,256,256,-0.32,256,,,,ART_Name_000436,ART_Subname_000436,Lv.20[组队]扭曲的时间花园 (普通),,,1,4030|3034|1010|,4031|3010|1010|,4032|3010|,4033|3011|
7015,1,0,1,4832,0,256,256,-0.32,256,,,,ART_Name_000437,ART_Subname_000437,Lv.20[组队]扭曲的时间花园 (困难),,,1,4030|3034|1010|,4031|3010|1010|,4032|3010|,4033|3011|
7016,1,0,1,4833,0,256,256,-0.32,256,,,,ART_Name_000438,ART_Subname_000438,Lv.20[组队]扭曲的时间花园 (炼狱),,,1,4030|3034|1010|,4031|3010|1010|,4032|3010|,4033|3011|
7017,1,0,1,4840,0,256,256,91.68,256,,,,ART_Name_000439,ART_Subname_000439,Lv.25[组队]扭曲的时间洞窟(遗迹),,,1,4013|3034|,4013|3034|,4013|3034|,4013|3034|
7018,1,0,1,4841,0,256,256,91.68,256,,,,ART_Name_000440,ART_Subname_000440,Lv.25[组队]扭曲的时间洞窟(普通),,,1,4013|3034|,4013|3034|,4013|3034|,4013|3034|
7019,1,0,1,4842,0,256,256,91.68,256,,,,ART_Name_000441,ART_Subname_000441,Lv.25[组队]扭曲的时间洞窟(困难),,,1,4013|3034|,4013|3034|,4013|3034|,4013|3034|
7020,1,0,1,4843,0,256,256,91.68,256,,,,ART_Name_000442,ART_Subname_000442,Lv.25[组队]扭曲的时间洞窟(炼狱),,,1,4013|3034|,4013|3034|,4013|3034|,4013|3034|
7021,1,0,1,4850,0,256,256,-0.32,256,,,,ART_Name_000443,ART_Subname_000443,Lv.30[组队]扭曲的时间花园 (遗迹),,,1,4030|3034|1010|,4031|3010|1010|,4032|3010|,4033|3011|
7022,1,0,1,4851,0,256,256,-0.32,256,,,,ART_Name_000444,ART_Subname_000444,Lv.30[组队]扭曲的时间花园 (普通),,,1,4030|3034|1010|,4031|3010|1010|,4032|3010|,4033|3011|
7023,1,0,1,4852,0,256,256,-0.32,256,,,,ART_Name_000445,ART_Subname_000445,Lv.30[组队]扭曲的时间花园 (困难),,,1,4030|3034|1010|,4031|3010|1010|,4032|3010|,4033|3011|
7024,1,0,1,4853,0,256,256,-0.32,256,,,,ART_Name_000446,ART_Subname_000446,Lv.30[组队]扭曲的时间花园 (炼狱),,,1,4030|3034|1010|,4031|3010|1010|,4032|3010|,4033|3011|
10001,0,1,0,2000,1,1624.68,4743.62,63.91,7,,,,ART_Name_000447,ART_Subname_000447,圆滚滚的丘陵地：池塘魔鬼训练营（前面的空地）艾丽莎的粉末（艾丽莎的实验）,,,0,,,,
10002,0,1,0,2000,1,1624.68,4743.62,63.91,7,,,,ART_Name_000448,ART_Subname_000448,圆滚滚的丘陵地：池塘魔鬼训练营（前面的空地）-改良的艾丽莎的魔法粉末（一连串的实验）,,,0,,,,
10003,0,1,0,2000,1,1289.81,5511.76,82.69,7,,,,ART_Name_000449,ART_Subname_000449,圆滚滚的丘陵地：布莱斯莱斯盗窃团要塞-光之玉（麦凯乐的能力）,,,0,,,,
10004,0,1,0,2000,1,1176.91,4865.4,67.16,7,,,,ART_Name_000450,ART_Subname_000450,圆滚滚的丘陵地：柱子之村（前面的空地）-真实的水晶（真实之眼）,,,0,,,,
10005,0,1,0,2000,1,1330.91,4392.98,61.13,7,,,,ART_Name_000451,ART_Subname_000451,圆滚滚的丘陵地：绿色军团驻地（旁边的空地）-真实的水晶（严格惩罚）,,,0,,,,
10006,0,1,0,2000,1,1349.17,4184.64,67.44,7,,,,ART_Name_000452,ART_Subname_000452,圆滚滚的丘陵地：被遗忘者的墓地-罗尼亚的圣水（净化墓地）,,,0,,,,
10007,0,1,0,2000,1,1179.54,4240.27,92.54,7,,,,ART_Name_000453,ART_Subname_000453,圆滚滚的丘陵地：古代之门-古代之书（堕落的守门将）,,,0,,,,
10008,0,1,0,2000,1,1179.36,4168.49,105.46,7,,,,ART_Name_000454,ART_Subname_000454,圆滚滚的丘陵地：古代之门-封印的滚动（封印！古代之门）,,,0,,,,
10009,0,1,0,2000,1,1796.88,4694.68,62.02,7,,,,ART_Name_000455,ART_Subname_000455,圆滚滚的丘陵地：尖塔村庄（下柱遗址）-浦世大的正的香囊（新黄用法）,,,0,,,,
10010,0,1,0,2000,1,1954.88,5043.91,137.86,7,,,,ART_Name_000456,ART_Subname_000456,圆滚滚的丘陵地：斯蒂尔普瑞斯临时哨所-木栅栏安装工具（木栅栏设置）,,,0,,,,
10011,0,1,0,2000,1,1624.44,5104.8,69.96,7,,,,ART_Name_000457,ART_Subname_000457,圆滚滚的丘陵地：江边哥布林营地-艾林河信号弹（搜索侦察兵）,,,0,,,,
10012,0,1,0,2000,1,1808.99,5259.5,67.4,7,,,,ART_Name_000458,ART_Subname_000458,圆滚滚的丘陵地：难民营（前）-木栅栏安装工具（无奈的选择）,,,0,,,,
10013,0,1,0,2000,1,1972.99,5537.99,83.74,7,,,,ART_Name_000459,ART_Subname_000459,圆滚滚的丘陵地：刃牙一族占领地-训练兵滚动进攻（强力攻击）,,,0,,,,
10014,0,1,0,2000,1,1408.02,5222.58,51.49,7,,,,ART_Name_000460,ART_Subname_000460,圆滚滚的丘陵地：绿阴丛-有毒的鱼（丛林蜘蛛的美食）,,,0,,,,
10015,0,1,0,2000,1,1186.56,5195.16,49.63,7,,,,ART_Name_000461,ART_Subname_000461,圆滚滚的丘陵地：砂轮王国（前）-丛林蜘蛛的封印石（新同事）,,,0,,,,
10016,0,1,0,2000,1,1325.18,5262.8,57.75,7,,,,ART_Name_000462,ART_Subname_000462,圆滚滚的丘陵地：砂轮王国（前）-试验用 魔法滚动（魔法滚动试验）,,,0,,,,
10017,0,1,0,2000,1,1381.97,5094.84,97.13,7,,,,ART_Name_000463,ART_Subname_000463,圆滚滚的丘陵地：雾之坡-埃尔德兰的药水（埃尔德兰的实验）,,,0,,,,
10018,0,1,0,2000,1,1231.35,4860.08,65.11,7,,,,ART_Name_000464,ART_Subname_000464,圆滚滚的丘陵地：死人坑（附近的空地）-危险的礼物（危险的礼物）,,,0,,,,
10019,0,1,0,2000,1,1290.15,4860.19,50.32,7,,,,ART_Name_000465,ART_Subname_000465,圆滚滚的丘陵地：死人坑-皮安娜的精华石（皮安娜的方法）,,,0,,,,
10020,0,1,0,2000,1,1151.53,4565.67,53.78,7,,,,ART_Name_000466,ART_Subname_000466,圆滚滚的丘陵地：地盐的墓地-士伊拉的精华石（安静的祈祷）,,,0,,,,
10021,0,1,0,2000,1,1303.46,4310.52,66.98,7,,,,ART_Name_000467,ART_Subname_000467,圆滚滚的丘陵地：草绿军团派遣队-木栅栏安装工具（派遣部队防御）,,,0,,,,
10022,0,1,0,2000,1,1180.42,4314.14,86.94,7,,,,ART_Name_000468,ART_Subname_000468,圆滚滚的丘陵地：古代之门（寺院入口）-信息收集用滚动（不足的侦察兵）,,,0,,,,
10023,0,1,0,2000,1,1951.92,5221.59,63.68,7,,,,ART_Name_000469,ART_Subname_000469,圆滚滚的丘陵地：刃牙一族占领地（后面小屋）-光之玉（罗尼亚的委托）,,,0,,,,
10024,0,1,0,2000,1,1785.6,4632.16,62.16,7,,,,ART_Name_000470,ART_Subname_000470,圆滚滚的丘陵地：新手村附近-改良的雷诺阿粉末（？？？）,,,0,,,,
10101,0,1,0,2000,1,2290.83,4846.26,165.3,7,,,,ART_Name_000471,ART_Subname_000471,斯蒂尔普瑞斯/中央广场/艾丽西亚红衣主教面前,,,0,,,,
10102,0,1,0,2000,1,1663.69,4536.27,84.59,7,,,,ART_Name_000472,ART_Subname_000472,红岩平原/内特的采石场/红焰大地,,,0,,,,
10103,0,1,0,2000,1,1860.56,4228.11,107.07,7,,,,ART_Name_000473,ART_Subname_000473,红岩平原/卢安克巢穴/红焰大地,,,0,,,,
10104,0,1,0,2000,1,1958.61,4070.61,128.92,7,,,,ART_Name_000474,ART_Subname_000474,岩石坡红/红蝎子盗贼团藏身处/红焰大地,,,0,,,,
10105,0,1,0,2000,1,1617.48,3878.47,148.34,7,,,,ART_Name_000475,ART_Subname_000475,红岩石的山坡地上/克里特村庄/格林森将军前,,,0,,,,
10106,0,1,0,2500,1,50.85,235.9,175.26,7,,,,ART_Name_000476,ART_Subname_000476,斯蒂尔普瑞斯/西门/守门将普里莫前,,,0,,,,
10107,0,1,0,2500,1,257.04,414.54,209.96,7,,,,ART_Name_000477,ART_Subname_000477,斯蒂尔普瑞斯/最上层/总参谋长爱德华前,,,0,,,,
10108,0,1,0,2000,1,2305.67,5031.93,210.13,7,,,,ART_Name_000478,ART_Subname_000478,斯蒂尔普瑞斯/最上层/总参谋长爱德华前,,,0,,,,
10109,0,1,0,2000,1,1257,3992.31,125.1,7,,,,ART_Name_000479,ART_Subname_000479,红岩荒芜地/红蝎子盗贼团要塞/红焰大地,,,0,,,,
10110,0,1,0,2000,1,1995.97,3250.63,144.88,7,,,,ART_Name_000480,ART_Subname_000480,红岩遗迹/ 圣帝尼遗迹/红色的祭坛,,,0,,,,
10111,0,1,0,2000,1,1938.2,4475.51,86.5,7,,,,ART_Name_000481,ART_Subname_000481,红岩平原/是/卫士前内特的采石场。,,,0,,,,
10112,0,1,0,2000,1,1873.51,4463.65,83.49,7,,,,ART_Name_000482,ART_Subname_000482,红岩平原/雷兰特冶炼厂/冶炼厂门口,,,0,,,,
10113,0,1,0,2000,1,1890.36,4380.56,99.73,7,,,,ART_Name_000483,ART_Subname_000483,红岩平原/雷兰特冶炼厂/冶炼厂门口,,,0,,,,
10114,0,1,0,2000,1,1603.17,4489.43,94.93,7,,,,ART_Name_000484,ART_Subname_000484,红岩平原/内特的采石场/冶炼厂门口,,,0,,,,
10115,0,1,0,2000,1,1597.29,4470.15,94.46,7,,,,ART_Name_000485,ART_Subname_000485,红岩平原/内特的采石场/冶炼厂门口,,,0,,,,
10116,0,1,0,2000,1,1759.74,4183.98,117.06,7,,,,ART_Name_000486,ART_Subname_000486,红岩平原/红岩军团第二侦察队/侦察队入口,,,0,,,,
10117,0,1,0,2000,1,1863.33,4144.43,116.98,7,,,,ART_Name_000487,ART_Subname_000487,红岩平原/红岩军团第二侦察队/侦察队入口,,,0,,,,
10118,0,1,0,2000,1,1830.33,4159.45,117.11,7,,,,ART_Name_000488,ART_Subname_000488,红岩平原/红岩军团第二侦察队/侦察队入口,,,0,,,,
10119,0,1,0,2000,1,1884.85,4116.42,122.93,7,,,,ART_Name_000489,ART_Subname_000489,红岩平原/卢安克巢穴/北边空地,,,0,,,,
10120,0,1,0,2000,1,1918.26,4280.56,104.88,7,,,,ART_Name_000490,ART_Subname_000490,红岩平原/卢安克巢穴/北边空地,,,0,,,,
10121,0,1,0,2000,1,1942.86,3857.14,148.07,7,,,,ART_Name_000491,ART_Subname_000491,红岩山坡/红蝎子盗贼团藏身处/雷姆储藏所,,,0,,,,
10122,0,1,0,2000,1,1772.01,4068.51,136.8,7,,,,ART_Name_000492,ART_Subname_000492,红岩山坡/克里特山丘/空地,,,0,,,,
10123,0,1,0,2000,1,1406.27,3936.37,129.87,7,,,,ART_Name_000493,ART_Subname_000493,红岩荒芜地/内勒克山丘/空地,,,0,,,,
10124,0,1,0,2000,1,1547.99,4008.3,136.77,7,,,,ART_Name_000494,ART_Subname_000494,红岩山坡/克里特村庄/村庄入口,,,0,,,,
10126,0,1,0,2000,1,1155.69,3943.51,133.26,7,,,,ART_Name_000495,ART_Subname_000495,红岩荒芜地/盗贼团要塞/要塞前的空地,,,0,,,,
10127,0,1,0,2000,1,1126.84,3994.21,136.8,7,,,,ART_Name_000496,ART_Subname_000496,红岩荒芜地/盗贼团要塞/给养仓库,,,0,,,,
10128,0,1,0,2000,1,1269.82,4040.32,141.72,7,,,,ART_Name_000497,ART_Subname_000497,红岩荒芜地/盗贼团要塞/头目贝兰面前来,,,0,,,,
10129,0,1,0,2000,1,1101.13,3858.26,132.84,7,,,,ART_Name_000498,ART_Subname_000498,红岩荒芜地/红岩军团临时要塞/要塞前的空地,,,0,,,,
10130,0,1,0,2000,1,1101.09,3858.42,132.84,7,,,,ART_Name_000499,ART_Subname_000499,红岩荒芜地/红岩军团临时要塞/要塞前的空地,,,0,,,,
10131,0,1,0,2000,1,1208.37,3688.3,138.17,7,,,,ART_Name_000500,ART_Subname_000500,红岩荒芜地/加仑废矿/外围空地,,,0,,,,
10132,0,1,0,2000,1,1140.25,3745.02,135.31,7,,,,ART_Name_000501,ART_Subname_000501,红岩荒芜地/加仑废矿/外围空地,,,0,,,,
10133,0,1,0,2000,1,1526.86,3694.17,136.62,7,,,,ART_Name_000502,ART_Subname_000502,红岩荒芜地/凯伦荒芜地/东北空地,,,0,,,,
10134,0,1,0,2000,1,1572.1,3705.24,136.19,7,,,,ART_Name_000503,ART_Subname_000503,红岩荒芜地/红岩军团勘探队/勘探队前面的空地,,,0,,,,
10135,0,1,0,2000,1,1571.89,3705.25,136.17,7,,,,ART_Name_000504,ART_Subname_000504,红岩荒芜地/红岩军团勘探队/勘探队前面的空地,,,0,,,,
10136,0,1,0,2000,1,1841.94,3213.92,158.09,7,,,,ART_Name_000505,ART_Subname_000505,红岩荒芜地/凯伦荒芜地/硫雾山坡,,,0,,,,
10137,0,1,0,2000,1,1585.44,3403.96,150.95,7,,,,ART_Name_000506,ART_Subname_000506,红岩遗迹/布朗汉废墟/尸堆前,,,0,,,,
10138,0,1,0,2000,1,1869.24,3595.6,147.67,7,,,,ART_Name_000507,ART_Subname_000507,红岩遗迹/怪兽之穴/西边空地,,,0,,,,
10140,0,1,0,2000,1,1676,3729.23,137.42,7,,,,ART_Name_000508,ART_Subname_000508,红岩遗迹/前哨战洞穴/洞穴入口,,,0,,,,
10141,0,1,0,2000,1,1850.63,3118.71,156.39,7,,,,ART_Name_000509,ART_Subname_000509,红岩遗迹/前哨战洞穴/司令麦克面前,,,0,,,,
10142,0,1,0,2000,1,1837.94,3337.88,153.14,7,,,,ART_Name_000510,ART_Subname_000510,红岩遗迹/红岩军团要塞/要塞正门,,,0,,,,
10143,0,1,0,2000,1,1278.94,4888.49,55.79,7,,,,ART_Name_000511,ART_Subname_000511,红岩遗迹/使用灵魂的碎片,,,0,,,,
10201,0,1,0,2000,1,2420.84,4383.46,158,7,,,,ART_Name_000512,ART_Subname_000512,被遗忘的大地/恶魔的香气,,,0,,,,
10202,0,1,0,2000,1,2226.44,4462.99,147.01,7,,,,ART_Name_000513,ART_Subname_000513,被遗忘的大地/难以置信的能力,,,0,,,,
10203,0,1,0,2000,1,2364.84,4279.43,138.41,7,,,,ART_Name_000514,ART_Subname_000514,被遗忘的大地/集结的力量,,,0,,,,
10204,0,1,0,2000,1,2174.76,4248.09,127.31,7,,,,ART_Name_000515,ART_Subname_000515,被遗忘的大地/强行侦察,,,0,,,,
10205,0,1,0,2000,1,2518.25,3977.83,77.22,7,,,,ART_Name_000516,ART_Subname_000516,被遗忘的大地/莫斯罗姆的天敌,,,0,,,,
10206,0,1,0,2000,1,2387.37,3970.89,82.96,7,,,,ART_Name_000517,ART_Subname_000517,被遗忘的大地/莫斯罗姆清除,,,0,,,,
10207,0,1,0,2000,1,2419.38,3860.19,67.3,7,,,,ART_Name_000518,ART_Subname_000518,被遗忘的大地/贝罗德和加仑的差异,,,0,,,,
10208,0,1,0,2000,1,2419.38,3860.19,67.3,7,,,,ART_Name_000519,ART_Subname_000519,被遗忘的大地/万用的结果。,,,0,,,,
10209,0,1,0,2000,1,2144.03,3934.93,69.59,7,,,,ART_Name_000520,ART_Subname_000520,被遗忘的大地/瘟疫的净化,,,0,,,,
10210,0,1,0,2000,1,2170.22,3970.99,70.93,7,,,,ART_Name_000521,ART_Subname_000521,被遗忘的大地/绝望的祭坛调查,,,0,,,,
10211,0,1,0,2000,1,2123.17,3724.26,71.36,7,,,,ART_Name_000522,ART_Subname_000522,被遗忘的大地/露西艾拉的预测,,,0,,,,
10212,0,1,0,2000,1,2316.37,3657.21,64.38,7,,,,ART_Name_000523,ART_Subname_000523,被遗忘的大地/被遗忘者的自尊心,,,0,,,,
10213,0,1,0,2000,1,2151,3488.24,41.82,7,,,,ART_Name_000524,ART_Subname_000524,被遗忘的大地/拉帕艾拉的叹息,,,0,,,,
10214,0,1,0,2000,1,2189.6,3194.93,56.34,7,,,,ART_Name_000525,ART_Subname_000525,被遗忘的大地/准确的掌握情况,,,0,,,,
10216,0,1,0,2000,1,2360.84,3341.72,48.98,7,,,,ART_Name_000526,ART_Subname_000526,被遗忘的大地/污染的净化,,,0,,,,
10217,0,1,0,2000,1,2706.46,3725.54,17.01,7,,,,ART_Name_000527,ART_Subname_000527,被遗忘的大地/绞台破坏,,,0,,,,
10218,0,1,0,2000,1,2699.48,3691.21,17.09,7,,,,ART_Name_000528,ART_Subname_000528,被遗忘的大地/最后的机会,,,0,,,,
10219,0,1,0,2000,1,2927.29,3850.94,20.78,7,,,,ART_Name_000529,ART_Subname_000529,被遗忘的大地/不祥的预感,,,0,,,,
10220,0,1,0,2000,1,2927.29,3850.94,20.78,7,,,,ART_Name_000530,ART_Subname_000530,被遗忘的大地/格洛丽亚上端的能力,,,0,,,,
10221,0,1,0,2000,1,2795.93,3185.03,58.51,7,,,,ART_Name_000531,ART_Subname_000531,被遗忘的大地/隐遁的旗帜下,,,0,,,,
10222,0,1,0,2000,1,2794.87,3211.66,58.11,7,,,,ART_Name_000532,ART_Subname_000532,被遗忘的大地/小寒的防御设施,,,0,,,,
10223,0,1,0,2000,1,2779.06,3195.32,58.54,7,,,,ART_Name_000533,ART_Subname_000533,被遗忘的大地/能做的一切,,,0,,,,
10224,0,1,0,2000,1,2304.5,4352.4,149.34,7,,,,ART_Name_000534,ART_Subname_000534,被遗忘的大地/被遗忘者的意识,,,0,,,,
10225,0,1,0,2000,1,2207.88,4344.49,138.48,7,,,,ART_Name_000535,ART_Subname_000535,被遗忘的大地/守护者的考试,,,0,,,,
10226,0,1,0,2000,1,2169.27,4263.53,130.71,7,,,,ART_Name_000536,ART_Subname_000536,被遗忘的大地/被遗忘者的意志,,,0,,,,
10229,0,1,0,2000,1,2419.38,3860.19,67.3,7,,,,ART_Name_000537,ART_Subname_000537,被遗忘的大地/古雷姆的主人,,,0,,,,
10230,0,1,0,2000,1,2168.64,3336.03,49.08,7,,,,ART_Name_000538,ART_Subname_000538,被遗忘的大地/掌握事态,,,0,,,,
10231,0,1,0,2000,1,2670.52,3994.75,90.22,7,,,,ART_Name_000539,ART_Subname_000539,被遗忘的大地/精灵的祭坛,,,0,,,,
10232,0,1,0,2000,1,2800.07,3192.26,58.52,7,,,,ART_Name_000540,ART_Subname_000540,被遗忘的大地/调查确认,,,0,,,,
10233,0,1,0,2000,1,2941.01,3243.12,61.3,7,,,,ART_Name_000541,ART_Subname_000541,被遗忘的大地/杀死死者的主人,,,0,,,,
10234,0,1,0,2000,1,2723.84,3491.32,27.49,7,,,,ART_Name_000542,ART_Subname_000542,被遗忘的大地/导致敌人的混乱,,,0,,,,
10235,0,1,0,2000,1,2200.31,3448.78,42.97,7,,,,ART_Name_000543,ART_Subname_000543,被遗忘的大地/确认报告书,,,0,,,,
10301,0,1,0,2000,1,2790.68,4973.73,175.71,7,,,,ART_Name_000544,ART_Subname_000544,愤怒的山脉/梅琳果实诱饵,,,0,,,,
10302,0,1,0,2000,1,2639.03,4145.25,149.48,7,,,,ART_Name_000545,ART_Subname_000545,愤怒的山脉/粗劣的爆破筒,,,0,,,,
10303,0,1,0,2000,1,2785.57,4271.85,163.98,7,,,,ART_Name_000546,ART_Subname_000546,愤怒的山脉/许多汁多鲜美的肉,,,0,,,,
10304,0,1,0,2000,1,2874.45,4201.23,151.64,7,,,,ART_Name_000547,ART_Subname_000547,愤怒的山脉/采矿用爆炸物,,,0,,,,
10305,0,1,0,2000,1,2992.27,4742.28,188.24,7,,,,ART_Name_000548,ART_Subname_000548,愤怒的山脉/救援信号弹,,,0,,,,
10306,0,1,0,2000,1,2930.24,4728.41,188.05,7,,,,ART_Name_000549,ART_Subname_000549,愤怒的山脉/神圣的魔力石,,,0,,,,
10307,0,1,0,2000,1,2877.23,4947,185.66,7,,,,ART_Name_000550,ART_Subname_000550,愤怒的山脉/修理好的地质勘探器,,,0,,,,
10308,0,1,0,2000,1,2870.47,4872.18,188.83,7,,,,ART_Name_000551,ART_Subname_000551,愤怒的山脉/变成药片的魔力石,,,0,,,,
10309,0,1,0,2000,1,3361.7,5049.58,234.73,7,,,,ART_Name_000552,ART_Subname_000552,愤怒的山脉/炽热的火焰结晶,,,0,,,,
10310,0,1,0,2000,1,3178.94,5036.01,217.06,7,,,,ART_Name_000553,ART_Subname_000553,愤怒的山脉/精制的土壤,,,0,,,,
10311,0,1,0,2000,1,3219.14,4735.2,235.76,7,,,,ART_Name_000554,ART_Subname_000554,愤怒的山脉/意识水晶,,,0,,,,
10312,0,1,0,2000,1,3196.51,4669.42,233.74,7,,,,ART_Name_000555,ART_Subname_000555,愤怒的山脉/强化的意识水晶,,,0,,,,
10313,0,1,0,2000,1,3402.05,4662.53,259.03,7,,,,ART_Name_000556,ART_Subname_000556,愤怒的山脉/未完成的水晶,,,0,,,,
10314,0,1,0,2000,1,3485.27,4982.4,251.8,7,,,,ART_Name_000557,ART_Subname_000557,愤怒的山脉/地质勘探器,,,0,,,,
10315,0,1,0,2000,1,3627.47,4959.42,269.86,7,,,,ART_Name_000558,ART_Subname_000558,愤怒的山脉/精密的地质勘器,,,0,,,,
10316,0,1,0,2000,1,3687.75,4789.25,279.95,7,,,,ART_Name_000559,ART_Subname_000559,愤怒的山脉/大地水晶,,,0,,,,
10317,0,1,0,2000,1,3623.28,4790.67,279.74,7,,,,ART_Name_000560,ART_Subname_000560,愤怒的山脉/血光圣水,,,0,,,,
10318,0,1,0,2000,1,3880.39,4668.85,289.99,7,,,,ART_Name_000561,ART_Subname_000561,愤怒的火焰/焰火魔力石,,,0,,,,
10319,0,1,0,2000,1,4016.71,4970.36,323.26,7,,,,ART_Name_000562,ART_Subname_000562,愤怒的山脉/赶制的火焰瓶,,,0,,,,
10401,0,1,0,2000,1,3891.71,4142.44,255.67,7,,,,ART_Name_000563,ART_Subname_000563,拜德大地/了解情况,,,0,,,,
10402,0,1,0,2000,1,3768.56,4440.6,226.37,7,,,,ART_Name_000564,ART_Subname_000564,拜德大地/污染的农场1,,,0,,,,
10403,0,1,0,2000,1,3681.63,4498.68,244.67,7,,,,ART_Name_000565,ART_Subname_000565,拜德大地/瘟疫的进展情况,,,0,,,,
10404,0,1,0,2000,1,3781.57,4549.43,248.16,7,,,,ART_Name_000566,ART_Subname_000566,拜德大地/撤销研究资料,,,0,,,,
10405,0,1,0,2000,1,3880.74,4180.1,255.67,7,,,,ART_Name_000567,ART_Subname_000567,拜德大地/大地振动的消亡,,,0,,,,
10406,0,1,0,2000,1,3471.31,4504.77,184.27,7,,,,ART_Name_000568,ART_Subname_000568,拜德大地/灵魂的安息,,,0,,,,
10407,0,1,0,2000,1,3444.83,4529.6,181.55,7,,,,ART_Name_000569,ART_Subname_000569,拜德大地/曼德拉草的使用方法,,,0,,,,
10408,0,1,0,2000,1,3431.46,4309.77,175.82,7,,,,ART_Name_000570,ART_Subname_000570,拜德大地/被遗忘的指挥者,,,0,,,,
10409,0,1,0,2000,1,3432.08,4111.14,190.56,7,,,,ART_Name_000571,ART_Subname_000571,拜德大地/寺院的方法,,,0,,,,
10410,0,1,0,2000,1,3440.06,4092.88,190.55,7,,,,ART_Name_000572,ART_Subname_000572,拜德大地/黑暗的影子,,,0,,,,
10411,0,1,0,2000,1,3502.74,4224.99,178.31,7,,,,ART_Name_000573,ART_Subname_000573,拜德大地/上司的执着,,,0,,,,
10412,0,1,0,2000,1,3206.51,4390.24,173.88,7,,,,ART_Name_000574,ART_Subname_000574,拜德大地/黑暗的合同者,,,0,,,,
10413,0,1,0,2000,1,3271.57,4298.58,163.18,7,,,,ART_Name_000575,ART_Subname_000575,拜德大地/没有放弃!,,,0,,,,
10414,0,1,0,2000,1,3191.68,4222.26,169.01,7,,,,ART_Name_000576,ART_Subname_000576,拜德大地/冤魂的抑制,,,0,,,,
10415,0,1,0,2000,1,3229.78,3818.01,171.1,7,,,,ART_Name_000577,ART_Subname_000577,拜德大地/毒雾坑,,,0,,,,
10416,0,1,0,2000,1,3425.17,3800.45,182.05,7,,,,ART_Name_000578,ART_Subname_000578,拜德大地/变化的生物终点,,,0,,,,
10417,0,1,0,2000,1,3616.16,3929.55,212.59,7,,,,ART_Name_000579,ART_Subname_000579,拜德大地/被毁的灵魂精华,,,0,,,,
10418,0,1,0,2000,1,3609.8,3944.88,213.88,7,,,,ART_Name_000580,ART_Subname_000580,拜德大地/多米尼加的请求,,,0,,,,
10419,0,1,0,2000,1,3700.36,3925.1,227.99,7,,,,ART_Name_000581,ART_Subname_000581,拜德大地/强行侦察,,,0,,,,
10420,0,1,0,2000,1,3834.68,3645.11,255.73,7,,,,ART_Name_000582,ART_Subname_000582,拜德大地/可疑的村庄,,,0,,,,
10421,0,1,0,2000,1,3818.7,3652.71,255.73,7,,,,ART_Name_000583,ART_Subname_000583,拜德大地/黑暗的大地控制,,,0,,,,
10422,0,1,0,2000,1,3731.07,3687.36,263.04,7,,,,ART_Name_000584,ART_Subname_000584,拜德大地/克拉里奥斯城的封印。,,,0,,,,
10423,0,1,0,2000,1,111.62,427.27,192.71,7,,,,ART_Name_000585,ART_Subname_000585,拜德大地/为了希望之光,,,0,,,,
10424,0,1,0,2000,1,256.07,285.16,186.59,7,,,,ART_Name_000586,ART_Subname_000586,拜德大地/驱除黑暗的光,,,0,,,,
10425,0,1,0,2000,1,3682.55,3347.59,238.11,7,,,,ART_Name_000587,ART_Subname_000587,拜德大地/最近的加固1,,,0,,,,
10426,0,1,0,2000,1,3683.35,3336.24,239.59,7,,,,ART_Name_000588,ART_Subname_000588,拜德大地/最近的加固2,,,0,,,,
10427,0,1,0,2000,1,3677.16,3331.15,240.12,7,,,,ART_Name_000589,ART_Subname_000589,拜德大地/最近添加的加固,,,0,,,,
10428,0,1,0,2000,1,3876.13,3346.38,231.51,7,,,,ART_Name_000590,ART_Subname_000590,拜德大地/救援的方法是？,,,0,,,,
10429,0,1,0,2000,1,2289.03,5512.97,10.97,7,,,,,,平静之岛/最后的信号弹,,,0,,,,
10430,0,1,0,2000,1,2157.53,5945.63,12.11,7,,,,,,平静之岛/大地的龟裂复原,,,0,,,,
20001,0,1,0,2000,1,7350.82,7834.34,95.06,7,,,,ART_Name_000591,ART_Subname_000591,绿色海洋森林：深渊的湖水-灵魂魔杖（心灵对话）,,,0,,,,
20002,0,1,0,2000,1,6819,8494.76,93.6,7,,,,ART_Name_000592,ART_Subname_000592,绿色海洋森林：藤蔓丛-普利德米尔香囊（用味道制造混乱吧）,,,0,,,,
20003,0,1,0,2000,1,7471.46,8540.77,186.36,7,,,,ART_Name_000593,ART_Subname_000593,绿色海洋森林：悲伤沼泽-骷髅防腐剂（骷髅虫讨厌的药）,,,0,,,,
20004,0,1,0,2000,1,7526.63,8323.21,159.17,7,,,,ART_Name_000594,ART_Subname_000594,绿色海洋森林：悲伤沼泽-唠叨滚动（强制灵魂说话的滚动）,,,0,,,,
20005,0,1,0,2000,1,7541,8407,171,7,,,,ART_Name_000595,ART_Subname_000595,绿色海洋森林：悲伤沼泽-强化炸弹（杜绝后患的烟花）,,,0,,,,
20006,0,1,0,2000,1,7381.17,8242,126.91,7,,,,ART_Name_000596,ART_Subname_000596,绿色海洋森林：悲伤沼泽-转换跟踪水晶（转换的结果）,,,0,,,,
20007,0,1,0,2000,1,7508.45,7606.01,71.11,7,,,,ART_Name_000597,ART_Subname_000597,绿色海洋森林：深渊的湖水-湿度测量仪（湿度调查）,,,0,,,,
20008,0,1,0,2000,1,7536.13,7948.57,118.89,7,,,,ART_Name_000598,ART_Subname_000598,绿色海洋森林：深渊的湖水-抑制吸收（抑制水吸收）,,,0,,,,
20009,0,1,0,2000,1,7633.98,7640.09,92.15,7,,,,ART_Name_000599,ART_Subname_000599,绿色海洋森林：深渊的湖水-水的魔杖（武力化）,,,0,,,,
20010,0,1,0,2000,1,7423.45,7430.16,77.94,7,,,,ART_Name_000600,ART_Subname_000600,绿色海洋森林：血色迷雾之丘-树泥（没有痛苦的树）,,,0,,,,
20011,0,1,0,2000,1,7357.05,7520.01,71.89,7,,,,ART_Name_000601,ART_Subname_000601,绿色海洋森林：血色迷雾之丘-人工种植树根（人工种植）,,,0,,,,
20012,0,1,0,2000,1,7595.71,8601.02,231.06,7,,,,ART_Name_000602,ART_Subname_000602,绿色海洋森林：血色迷雾之丘-骷髅虫（诱惑灵药）,,,0,,,,
20101,0,1,0,2000,1,6196.23,7508.56,121.13,7,,,,ART_Name_000603,ART_Subname_000603,冰封的大地：冰冻的江-不硬邦邦的药（没冻结的药）,,,0,,,,
20102,0,1,0,2000,1,6511.33,7477.35,113.9,8,,,,ART_Name_000604,ART_Subname_000604,冰封的大地：冰冻的江流-气温水流测量仪（气温水流测量）,,,0,,,,
20103,0,1,0,2000,1,7112.9,7540.83,144,7,,,,ART_Name_000605,ART_Subname_000605,冰封的大地：寒风平原-引诱棒（点燃木棒）,,,0,,,,
20104,0,1,0,2000,1,6816.17,7094.86,98.42,7,,,,ART_Name_000606,ART_Subname_000606,冰封的大地：寒霜之湖-风之杖（冷气的方法）,,,0,,,,
20105,0,1,0,2000,1,6882.24,6739.55,108.43,7,,,,ART_Name_000607,ART_Subname_000607,冰封的大地：寒霜之湖-吗啡的标记（吗啡的标记）,,,0,,,,
20106,0,1,0,2000,1,6956.03,6865.22,97.94,7,,,,ART_Name_000608,ART_Subname_000608,冰封的大地：寒霜之湖-探测棒（拿起探测棒）,,,0,,,,
20107,0,1,0,2000,1,7160.22,7087.85,110.39,7,,,,ART_Name_000609,ART_Subname_000609,冰封的大地：寒霜之湖-灵魂毒药（耶提的致命之毒）,,,0,,,,
20108,0,1,0,2000,1,7255.57,6855.35,108.05,7,,,,ART_Name_000610,ART_Subname_000610,冰封的大地：冰封峡谷-麻辣药（让客迈拉镇定下来）,,,0,,,,
20109,0,1,0,2000,1,7286.87,6861.39,107.59,7,,,,ART_Name_000611,ART_Subname_000611,冰封的大地：冰封峡谷-神圣的魔杖（安慰灵魂吧）,,,0,,,,
20110,0,1,0,2000,1,7423.58,7079.32,110.77,7,,,,ART_Name_000612,ART_Subname_000612,冰封的大地：冰封峡谷-疲倦药（卢德比尔伦的肉）,,,0,,,,
20111,0,1,0,2000,1,7351.7,7110.49,108.48,7,,,,ART_Name_000613,ART_Subname_000613,冰封的大地：冰封峡谷-腐蚀粉末（让武器生锈）,,,0,,,,
20112,0,1,0,2000,1,7396.99,7105.79,109.7,7,,,,ART_Name_000614,ART_Subname_000614,冰封的大地：冰封峡谷-装着头发口袋（离间计（2））,,,0,,,,
20113,0,1,0,2000,1,7601.32,7034.59,111.35,7,,,,ART_Name_000615,ART_Subname_000615,冰封的大地：冰封峡谷-装着手的口袋（离间计（5））,,,0,,,,
20114,0,1,0,2000,1,7467.17,7018,108.16,7,,,,ART_Name_000616,ART_Subname_000616,冰封的大地：冰封峡谷-冰部队开战之鼓（离间计（7））,,,0,,,,
20115,0,1,0,2000,1,7364.25,7019.38,108.32,7,,,,ART_Name_000617,ART_Subname_000617,冰封的大地：冰封峡谷-狼族的号角（离间计（7））,,,0,,,,
20117,0,1,0,2000,1,7549.36,6988.31,111.31,7,,,,ART_Name_000618,ART_Subname_000618,冰封的大地：冰封峡谷-砒石弱化的手杖（破坏砒石）,,,0,,,,
20118,0,1,0,2000,1,7629.66,6799.9,107.41,7,,,,ART_Name_000619,ART_Subname_000619,冰封的大地：冰封峡谷-充满哭声的别馆（用哭声来引诱吧）,,,0,,,,
20119,0,1,0,2000,1,6839.93,6798.37,110.6,7,,,,ART_Name_000620,ART_Subname_000620,冰封的大地：寒霜之湖-冰尾短剑（背叛者为谁而哭）,,,0,,,,
20120,0,1,0,2000,1,6908.39,6901.49,96.73,7,,,,ART_Name_000621,ART_Subname_000621,冰封的大地：寒霜之湖-闪电之杖（揭开短剑的秘密了吧5）,,,0,,,,
20201,0,1,0,2000,1,6038.49,7037.23,71.78,7,,,,ART_Name_000622,ART_Subname_000622,没落的月光平原（在妖精的池塘使用净化剂）,,,0,,,,
20202,0,1,0,2000,1,5794.98,6791.85,96.78,7,,,,ART_Name_000623,ART_Subname_000623,没落的月光平原（在被污染的生命瀑布使用净化剂）,,,0,,,,
20203,0,1,0,2000,1,6426.81,6864.96,86.41,7,,,,ART_Name_000624,ART_Subname_000624,没落的月光平原（在丰饶之树使用净化剂）,,,0,,,,
20204,0,1,0,2000,1,6029.58,7498.72,102.93,7,,,,ART_Name_000625,ART_Subname_000625,摧毁的城市（设置特别战略）,,,0,,,,
20205,0,1,0,2000,1,5933.45,7614.76,87.88,7,,,,ART_Name_000626,ART_Subname_000626,摧毁的城市（使用可疑的药）,,,0,,,,
20206,0,1,0,2000,1,6008.7,7081.12,66.64,7,,,,ART_Name_000627,ART_Subname_000627,没落的月光平原（使用桶装消除剂）,,,0,,,,
20207,0,1,0,2000,1,5728.68,7074.64,84.06,7,,,,ART_Name_000628,ART_Subname_000628,没落的月光平原（使用火焰弹）,,,0,,,,
20208,0,1,0,2000,1,5881.85,6937.42,89.74,7,,,,ART_Name_000629,ART_Subname_000629,没落的月光平原（使用有毒饲料）,,,0,,,,
20209,0,1,0,2000,1,5817.53,6737.9,103.46,7,,,,ART_Name_000630,ART_Subname_000630,没落的月光平原（使用瘟神号装置）,,,0,,,,
20210,0,1,0,2000,1,6046.64,7008.46,72.48,7,,,,ART_Name_000631,ART_Subname_000631,没落的月光平原（使用诱人的香草）,,,0,,,,
20211,0,1,0,2000,1,6266.88,7019.8,74.59,7,,,,ART_Name_000632,ART_Subname_000632,没落的月光平原（使用土质增强剂）,,,0,,,,
20212,0,1,0,2000,1,6563.86,6962.65,75.45,7,,,,ART_Name_000633,ART_Subname_000633,没落的月光平原（使用金属还原剂）,,,0,,,,
20213,0,1,0,2000,1,6467.2,6971.89,72.06,7,,,,ART_Name_000634,ART_Subname_000634,没落的月光平原（使用吸水装置）,,,0,,,,
20214,0,1,0,2000,1,6480.46,7002.39,73.92,7,,,,ART_Name_000635,ART_Subname_000635,没落的月光平原（使用智慧门消除药）,,,0,,,,
20215,0,1,0,2000,1,6370.16,6887.09,80.83,7,,,,ART_Name_000636,ART_Subname_000636,没落的月光平原（使用方向修正）,,,0,,,,
20216,0,1,0,2000,1,6348.98,6694.54,80.8,7,,,,ART_Name_000637,ART_Subname_000637,没落的月光平原（使用过去的蜡烛）,,,0,,,,
20217,0,1,0,2000,1,6391.19,6639.63,73.7,7,,,,ART_Name_000638,ART_Subname_000638,没落的月光平原（使用惊人的手镯）,,,0,,,,
20218,0,1,0,2000,1,6545.57,6754.81,77.01,7,,,,ART_Name_000639,ART_Subname_000639,没落的月光平原（使用撕碎的名单）,,,0,,,,
20219,0,1,0,2000,1,6559.92,6451.79,71.4,7,,,,ART_Name_000640,ART_Subname_000640,没落的月光平原（使用炸弹修正）,,,0,,,,
20220,0,1,0,2000,1,6377.1,6401.33,77.47,7,,,,ART_Name_000641,ART_Subname_000641,没落的月光平原（使用彼此的灵魂石）,,,0,,,,
20221,0,1,0,2000,1,6530.89,6249.85,77.07,7,,,,ART_Name_000642,ART_Subname_000642,没落的月光平原（使用1号魔法咣当）,,,0,,,,
20222,0,1,0,2000,1,6272.11,6262.64,79.4,7,,,,ART_Name_000643,ART_Subname_000643,没落的月光平原（使用2号魔法咣当）,,,0,,,,
20223,0,1,0,2000,1,6277.43,6266.51,79.38,7,,,,ART_Name_000644,ART_Subname_000644,没落的月光平原（使用黄昏之药）,,,0,,,,
20224,0,1,0,2000,1,5954.08,6506.92,72.06,7,,,,ART_Name_000645,ART_Subname_000645,没落的月光平原（使用热陷阱）,,,0,,,,
20225,0,1,0,2000,1,6309.23,6371.89,72.01,7,,,,ART_Name_000646,ART_Subname_000646,没落的月光平原（使用艾林的符咒）,,,0,,,,
20226,0,1,0,2000,1,5743.39,6395.5,111.8,7,,,,ART_Name_000647,ART_Subname_000647,没落的月光平原（使用声音共鸣箱）,,,0,,,,
20227,0,1,0,2000,1,5796.09,6391.08,92.26,7,,,,ART_Name_000648,ART_Subname_000648,没落的月光平原（使用地下通道破坏装置）,,,0,,,,
20228,0,1,0,2000,1,5720.33,6478.23,111.8,7,,,,ART_Name_000649,ART_Subname_000649,没落的月光平原（使用秘密钥匙）,,,0,,,,
20229,0,1,0,2000,1,5857.79,6290.84,72.06,7,,,,ART_Name_000650,ART_Subname_000650,没落的月光平原（使用殷红的装备）,,,0,,,,
20230,0,1,0,2000,1,5882.18,6402.13,82.24,7,,,,ART_Name_000651,ART_Subname_000651,没落的月光平原（使用腐败清除药）,,,0,,,,
20231,0,1,0,2000,1,6388.92,6847.2,86.46,7,,,,ART_Name_000652,ART_Subname_000652,没落的月光平原（使用黑蜡烛）,,,0,,,,
20232,0,1,0,2000,1,6563.24,6428.97,70.4,7,,,,ART_Name_000653,ART_Subname_000653,没落的月光平原（使用喧闹的钟）,,,0,,,,
20233,0,1,0,2000,1,6123.96,6417.39,72.07,7,,,,ART_Name_000654,ART_Subname_000654,没落的月光平原（使用遮蔽膜祛除剂）,,,0,,,,
20301,0,1,0,2000,1,4861.32,8612.5,129.49,7,,,,ART_Name_000655,ART_Subname_000655,战士们的土地（使用万德石的符咒）,,,0,,,,
20302,0,1,0,2000,1,5273.03,8487.05,159.68,7,,,,ART_Name_000656,ART_Subname_000656,战士们的土地（假设计图）,,,0,,,,
20303,0,1,0,2000,1,5369.9,8573.23,209.86,7,,,,ART_Name_000657,ART_Subname_000657,战士们的土地（西莫诺的红水晶）,,,0,,,,
20304,0,1,0,2000,1,5945.85,7845.16,107.57,7,,,,ART_Name_000658,ART_Subname_000658,战士们的土地（召唤蜘蛛的药）,,,0,,,,
20305,0,1,0,2000,1,6031.75,7897.41,124.42,7,,,,ART_Name_000659,ART_Subname_000659,战士们的土地（痛不欲生的药）,,,0,,,,
20306,0,1,0,2000,1,5762.17,7955.83,128.89,7,,,,ART_Name_000660,ART_Subname_000660,战士们的土地（透视粉）,,,0,,,,
20307,0,1,0,2000,1,5690.2,7985.33,130.52,7,,,,ART_Name_000661,ART_Subname_000661,战士们的土地（瞬间干燥剂）,,,0,,,,
20308,0,1,0,2000,1,5706.67,7996.93,130.13,7,,,,ART_Name_000662,ART_Subname_000662,战士们的土地（地热测量仪）,,,0,,,,
20309,0,1,0,2000,1,5718.83,8036.71,131.04,7,,,,ART_Name_000663,ART_Subname_000663,战士们的土地（看穿药）,,,0,,,,
20310,0,1,0,2000,1,5404.75,7780.74,138.65,7,,,,ART_Name_000664,ART_Subname_000664,战士们的土地（检测光的药）,,,0,,,,
20311,0,1,0,2000,1,5569.93,7835.26,132.42,7,,,,ART_Name_000665,ART_Subname_000665,战士们的土地（防御咒术攻击）,,,0,,,,
20312,0,1,0,2000,1,5433.14,8114.17,131.88,7,,,,ART_Name_000666,ART_Subname_000666,战士们的土地（粘腻的陷阱）,,,0,,,,
20313,0,1,0,2000,1,5577.62,8033.46,128.97,7,,,,ART_Name_000667,ART_Subname_000667,战士们的土地（浓度测定仪）,,,0,,,,
20314,0,1,0,2000,1,5292.39,7995.06,131.12,7,,,,ART_Name_000668,ART_Subname_000668,战士们的土地（幻觉中和剂）,,,0,,,,
20315,0,1,0,2000,1,4752.58,8288.85,136.08,7,,,,ART_Name_000669,ART_Subname_000669,战士们的土地（科恩的魔法咔哒）,,,0,,,,
20317,0,1,0,2000,1,4956.21,8310.08,136.01,7,,,,ART_Name_000670,ART_Subname_000670,战士们的土地（共鸣的珠子）,,,0,,,,
20318,0,1,0,2000,1,5040.34,8591.36,147.65,7,,,,ART_Name_000671,ART_Subname_000671,战士们的土地（艾卡德的魔法咔哒）,,,0,,,,
20319,0,1,0,2000,1,4836.13,8529.87,127.67,7,,,,ART_Name_000672,ART_Subname_000672,战士们的土地（闪光弹）,,,0,,,,
20320,0,1,0,2000,1,5169.85,8419.5,169.31,7,,,,ART_Name_000673,ART_Subname_000673,战士们的土地（冷空气的攻击）,,,0,,,,
20321,0,1,0,2000,1,5232.96,8326.93,191.02,7,,,,ART_Name_000674,ART_Subname_000674,战士们的土地（特级网）,,,0,,,,
20322,0,1,0,2000,1,5222.67,8458.99,159,7,,,,ART_Name_000675,ART_Subname_000675,战士们的土地（疑问的召唤任务）,,,0,,,,
20323,0,1,0,2000,1,5427.78,8619.53,204.6,7,,,,ART_Name_000676,ART_Subname_000676,战士们的土地（暴雪风任务）,,,0,,,,
20324,0,1,0,2000,1,5266.17,8570.66,183.96,7,,,,ART_Name_000677,ART_Subname_000677,战士们的土地（信号弹）,,,0,,,,
20325,0,1,0,2000,1,5337.47,8553.19,210.98,7,,,,ART_Name_000678,ART_Subname_000678,战士们的土地（热阻力的药）,,,0,,,,
20328,0,1,0,2000,1,5280.15,7822.04,132.16,7,,,,ART_Name_000679,ART_Subname_000679,战士们的土地（声音记录装置）,,,0,,,,
20329,0,1,0,2000,1,5774.16,7903.94,125.01,7,,,,ART_Name_000680,ART_Subname_000680,战士们的土地（绿色引诱剂）,,,0,,,,
20330,0,1,0,2000,1,5460.26,7898.33,144.77,7,,,,ART_Name_000681,ART_Subname_000681,战士们的土地（不吉利的血）,,,0,,,,
20331,0,1,0,2000,1,5069,8346,128.84,7,,,,ART_Name_000682,ART_Subname_000682,战士们的土地（约束陷阱）,,,0,,,,
20332,0,1,0,2000,1,4875.78,8506.39,124.19,7,,,,ART_Name_000683,ART_Subname_000683,战士们的土地（混乱的烟幕）,,,0,,,,
20333,0,1,0,2000,1,4936.41,8011.95,143.62,7,,,,ART_Name_000684,ART_Subname_000684,银光庭院：花园之路-果然是荣耀吗？（新鲜药）,,,0,,,,
20334,0,1,0,2000,1,4726.42,8048.96,135.37,7,,,,ART_Name_000685,ART_Subname_000685,银光庭院：花园之路-法雷尔莱德致命的声音（叮当钟）,,,0,,,,
20335,0,1,0,2000,1,4751.09,7917.78,113.58,7,,,,ART_Name_000686,ART_Subname_000686,银光庭院：花园之路-莫斯罗姆清除（艾普洒水）,,,0,,,,
20336,0,1,0,2000,1,4905.09,7724.18,129.28,7,,,,ART_Name_000687,ART_Subname_000687,银光庭院：花园之路-温度上升（摩尼测温器）,,,0,,,,
20337,0,1,0,2000,1,4822.57,7776.75,111.57,7,,,,ART_Name_000688,ART_Subname_000688,银光庭院：花园之路-种树（银光小树）,,,0,,,,
20338,0,1,0,2000,1,4999.93,7597.48,126.65,7,,,,ART_Name_000689,ART_Subname_000689,银光庭院：树林之路-水田荣耀之路（破坏荣耀之路栏杆）,,,0,,,,
20339,0,1,0,2000,1,4722.65,7345.38,101.14,7,,,,ART_Name_000690,ART_Subname_000690,银光庭院：树林之路-特里皮特驻地（特里皮特驻地栏杆）,,,0,,,,
20340,0,1,0,2000,1,4832.77,7391.05,110.3,7,,,,ART_Name_000691,ART_Subname_000691,银光庭院：树林之路-使之变干燥吧（干燥剂）,,,0,,,,
20341,0,1,0,2000,1,5091.09,7509.44,104.78,7,,,,ART_Name_000692,ART_Subname_000692,银光庭院：树林之路-流动的水晶（流动的水晶）,,,0,,,,
20342,0,1,0,2000,1,4899.76,7384.52,98.95,7,,,,ART_Name_000693,ART_Subname_000693,银光庭院：树林之路-诱引阿贝卡勒（雷香药）,,,0,,,,
20343,0,1,0,2000,1,4817.81,7301.82,96.83,7,,,,ART_Name_000694,ART_Subname_000694,银光庭院：树林之路-镜子药（镜子药）,,,0,,,,
20344,0,1,0,2000,1,5237.82,7559.96,103.24,7,,,,ART_Name_000695,ART_Subname_000695,银光庭院：石塔之路-魔法气温分析（五色分析器）,,,0,,,,
20345,0,1,0,2000,1,5233.78,7553.87,102.32,7,,,,ART_Name_000696,ART_Subname_000696,银光庭院：石塔之路-破坏布尔兰特之蛋（德伊雷振动器）,,,0,,,,
20346,0,1,0,2000,1,5296.81,7381.35,99.38,7,,,,ART_Name_000697,ART_Subname_000697,银光庭院：石塔之路-引诱普尔格拉（光碟花团）,,,0,,,,
20347,0,1,0,2000,1,5192.35,7476.96,106.53,7,,,,ART_Name_000698,ART_Subname_000698,银光庭院：石塔之路-建立临时方案吧（临时方案）,,,0,,,,
20348,0,1,0,2000,1,5521.41,7578.75,111.42,7,,,,ART_Name_000699,ART_Subname_000699,银光庭院：石塔之路-魔法生物致命的药（肯塔伍露丝祖传秘药）,,,0,,,,
20349,0,1,0,2000,1,5547.43,7544.77,110.76,7,,,,ART_Name_000700,ART_Subname_000700,银光庭院：石塔之路-斩断钢铁吧（旋涡制造器）,,,0,,,,
20350,0,1,0,2000,1,5462.39,7475.97,99.19,7,,,,ART_Name_000701,ART_Subname_000701,银光庭院：石塔之路-种下种子吧（肯塔伍露丝种子）,,,0,,,,
20351,0,1,0,2000,1,5455.51,7585.53,107.96,7,,,,ART_Name_000702,ART_Subname_000702,银光庭院：石塔之路-救活土地吧（漆土粉末）,,,0,,,,
20352,0,1,0,2000,1,5468.34,7199.6,135.14,7,,,,ART_Name_000703,ART_Subname_000703,银光庭院：石塔之路-埋下符咒吧（肯塔伍露丝符咒）,,,0,,,,
20353,0,1,0,2000,1,5473.69,7046.33,95.68,7,,,,ART_Name_000704,ART_Subname_000704,银光庭院：喷泉之路-消灭痛苦吧（紧张之杖）,,,0,,,,
20354,0,1,0,2000,1,5202.54,7070.99,91.06,7,,,,ART_Name_000705,ART_Subname_000705,银光庭院：喷泉之路-杰德的武器（杰德之棍）,,,0,,,,
20355,0,1,0,2000,1,5311.45,6959.53,65.63,50,,,,ART_Name_000706,ART_Subname_000706,银光庭院：喷泉之路-（烟火弹）,,,0,,,,
20356,0,1,0,2000,1,5324.39,6932.92,66.07,7,,,,ART_Name_000707,ART_Subname_000707,银光庭院：喷泉之路-阻止变化吧（灿烂的水晶）,,,0,,,,
20357,0,1,0,2000,1,5499.15,6888.41,84.69,7,,,,ART_Name_000708,ART_Subname_000708,银光庭院：喷泉之路-尸体调查（B.S.I调查设备）,,,0,,,,
20358,0,1,0,2000,1,5508.43,6901.76,84.17,7,,,,ART_Name_000709,ART_Subname_000709,银光庭院：喷泉之路-人工骷髅虫（人工骷髅虫制作设备）,,,0,,,,
20359,0,1,0,2000,1,5426.7,6908.61,85.41,7,,,,ART_Name_000710,ART_Subname_000710,银光庭院：喷泉之路-品尝（黑火）,,,0,,,,
20360,0,1,0,2000,1,5383.06,6816.07,75.47,7,,,,ART_Name_000711,ART_Subname_000711,银光庭院：喷泉之路-拍哥布林天空之城（奎恩的魔法咔哒）,,,0,,,,
20361,0,1,0,2000,1,5327.07,6828.12,77.46,7,,,,ART_Name_000712,ART_Subname_000712,银光庭院：喷泉之路-净化自然喷泉吧（孤独净化剂）,,,0,,,,
20362,0,1,0,2000,1,5430.58,6847.92,80.46,7,,,,ART_Name_000713,ART_Subname_000713,银光庭院：喷泉之路-临时捷径（活力剂）,,,0,,,,
20363,0,1,0,2000,1,5001.06,6871.03,110.39,7,,,,ART_Name_000714,ART_Subname_000714,银光庭院：殿堂之路-抑制扩散（还俗药）,,,0,,,,
20364,0,1,0,2000,1,4905.6,6991.69,113.06,7,,,,ART_Name_000715,ART_Subname_000715,银光庭院：殿堂之路-变化的植物（贝克魔法探测器）,,,0,,,,
20365,0,1,0,2000,1,5008.21,6952.71,106.93,7,,,,ART_Name_000716,ART_Subname_000716,银光庭院：殿堂之路-田做的东西（保护结界装置）,,,0,,,,
20366,0,1,0,2000,1,4987.49,7043.19,100.35,7,,,,ART_Name_000717,ART_Subname_000717,银光庭院：殿堂之路-抓住负责人的方法（塔尔雷恩斯地尔魔法咔哒）,,,0,,,,
20367,0,1,0,2000,1,4921.79,7106.08,106.83,7,,,,ART_Name_000718,ART_Subname_000718,银光庭院：殿堂之路-大锤水田的灵魂石（水田工学大锤捆绑）,,,0,,,,
20368,0,1,0,2000,1,4916.65,7070.36,107,7,,,,ART_Name_000719,ART_Subname_000719,银光庭院：殿堂之路-释放活力吧（温气剂）,,,0,,,,
20369,0,1,0,2000,1,4918.08,7085.36,105.7,7,,,,ART_Name_000720,ART_Subname_000720,银光庭院：殿堂之路-放开那食物（凯尔贝鲁斯食物）,,,0,,,,
20370,0,1,0,2000,1,4773.85,7028.69,119.78,7,,,,ART_Name_000721,ART_Subname_000721,银光庭院：殿堂之路-不祥的魔法装置的功能（古丽阿萨魔法咔哒）,,,0,,,,
20371,0,1,0,2000,1,4772.52,6980.29,119.31,7,,,,ART_Name_000722,ART_Subname_000722,银光庭院：殿堂之路-减弱翅膀的力量吧（翅膀药）,,,0,,,,
20372,0,1,0,2000,1,4700.68,6785.03,120,7,,,,ART_Name_000723,ART_Subname_000723,银光庭院：殿堂之路-滑雪工会,阻止飞龙吧（可靠的计策）,,0,0,,,
20373,0,1,0,2000,1,4850.5,6797.21,126.04,7,,,,ART_Name_000724,ART_Subname_000724,银光庭院：殿堂之路-弱化魔法的装置（苍空装置）,,,0,,,,
20374,0,1,0,2000,1,4867.09,6753.76,126.03,7,,,,ART_Name_000725,ART_Subname_000725,银光庭院：殿堂之路-破坏智慧门不祥的装置（勘察队炸弹）,,,0,,,,
20375,0,1,0,2000,1,4861.95,6770.42,126.03,7,,,,ART_Name_000726,ART_Subname_000726,银光庭院：殿堂之路-安装炸弹（旋转弹）,,,0,,,,
20376,0,1,0,2000,1,6515.22,8802.11,111.79,7,,,,,,月光森林：银河村庄-中和物质吧（普利德米尔中和剂）,,,0,,,,
30000,0,1,0,2500,1,255.59,192.16,162.68,0,,,,ART_Name_000727,ART_Subname_000727,测试用（斯蒂尔普瑞斯地域）,,,0,,,,
30001,0,1,0,2500,1,2271.19,4840.58,162.68,0,,,,ART_Name_000728,ART_Subname_000728,艾林河码头（斯蒂尔普瑞斯）,,,0,,,,
30002,0,1,0,2000,1,1747.68,4745.5,68.45,0,,,,ART_Name_000729,ART_Subname_000729,艾林河码头（尖塔村庄）,,,0,,,,
30003,0,1,0,2000,1,1753.78,5281.65,68.89,0,,,,ART_Name_000730,ART_Subname_000730,艾林河码头（难民营）,,,0,,,,
30004,0,1,0,2000,1,1227.57,5465.34,70.54,0,,,,ART_Name_000731,ART_Subname_000731,艾林河码头（瀑布村）,,,0,,,,
30005,0,1,0,2000,1,1150.21,4972.86,72.46,0,,,,ART_Name_000732,ART_Subname_000732,艾林河码头（柱子之村）,,,0,,,,
30006,0,1,0,2000,1,1576.06,3946.03,148.44,0,,,,ART_Name_000733,ART_Subname_000733,艾林河码头（绿草绿军团驻扎地）,,,0,,,,
30007,0,1,0,2000,1,1785.61,4380.54,105.55,0,,,,ART_Name_000734,ART_Subname_000734,艾林河码头（红岩军团驻扎地）,,,0,,,,
30008,0,1,0,2000,1,1120.43,4968.67,72.46,0,,,,ART_Name_000735,ART_Subname_000735,艾林河码头（柱子之村）,,,0,,,,
30009,0,1,0,2000,1,1571.13,3947.46,148.47,0,,,,ART_Name_000736,ART_Subname_000736,艾林河码头（紧急转移任务）,,,0,,,,
30010,0,1,0,2000,1,1073.18,3912.97,133.52,0,,,,ART_Name_000737,ART_Subname_000737,艾林河码头（古代移动任务）,,,0,,,,
30011,0,1,0,2000,1,1854.16,3415.31,153.85,0,,,,ART_Name_000738,ART_Subname_000738,艾林河码头（克拉德的移动任务）,,,0,,,,
30101,0,1,0,2001,1,176.05,328.62,7.92,0,,,,ART_Name_000739,ART_Subname_000739,艾林河（向舞风峡谷移动）,,,0,,,,
30102,0,1,0,2000,1,1965.15,5031.05,139.6,0,,,,ART_Name_000740,ART_Subname_000740,艾林河（皮尔德鲁在舞风峡谷移动）,,,0,,,,
30103,0,1,0,2002,1,252.57,111.74,32.62,0,,,,ART_Name_000741,ART_Subname_000741,艾林河（向光芒普照的盆地移动）,,,0,,,,
30104,0,1,0,2000,1,1164.71,5071.42,56.59,0,,,,ART_Name_000742,ART_Subname_000742,艾林河（皮尔德在光芒普照的盆地移动）,,,0,,,,
30105,0,1,0,2003,1,176.05,328.62,7.92,0,,,,ART_Name_000743,ART_Subname_000743,艾林河（向满是伤痕的大地移动）,,,0,,,,
30106,0,1,0,2000,1,1560,3959,146,0,,,,ART_Name_000744,ART_Subname_000744,艾林河（皮尔德在满是伤痕的大地移动）,,,0,,,,
30107,0,1,0,2500,1,241.11,236.03,165.3,0,,,,ART_Name_000745,ART_Subname_000745,艾林河（斯蒂尔勒贝里斯卡码头项目）,,,0,,,,
30108,0,1,0,2500,1,374.17,434.93,192.52,0,,,,ART_Name_000746,ART_Subname_000746,艾林河（格林森瞬间移动 滚动）,,,0,,,,
30109,0,1,0,2000,1,1974.8,5030.06,140.28,0,,,,ART_Name_000747,ART_Subname_000747,艾林河（紧急移动 滚动）,,,0,,,,
30110,0,1,0,2500,1,237.32,236.82,165.3,0,,,,ART_Name_000748,ART_Subname_000748,艾林河（克拉仙移动任务）,,,0,,,,
30111,0,1,0,2000,1,2402.74,4351.09,155.03,0,,,,ART_Name_000749,ART_Subname_000749,艾林河（普里莫移动任务）,,,0,,,,
30112,0,1,0,2000,1,2147.86,3229.27,61.12,0,,,,ART_Name_000750,ART_Subname_000750,艾林河（紧急移动任务）,,,0,,,,
30113,0,1,0,2000,1,2184.98,3543.98,45.51,0,,,,ART_Name_000751,ART_Subname_000751,艾林河（诺艾伦移动任务）,,,0,,,,
30114,0,1,0,2000,1,2184.98,3543.98,45.51,0,,,,ART_Name_000752,ART_Subname_000752,艾林河（布里特纳移动）,,,0,,,,
30115,0,1,0,2000,1,2568.15,3704.94,59.98,0,,,,ART_Name_000753,ART_Subname_000753,艾林河（布里特纳移动）,,,0,,,,
30116,0,1,0,2000,1,2827.72,3405.68,12.26,0,,,,ART_Name_000754,ART_Subname_000754,艾林河（紧急移动任务）,,,0,,,,
30117,0,1,0,2500,1,239.22,236.23,165.3,0,,,,ART_Name_000755,ART_Subname_000755,艾林河（在愤怒的山脉斯蒂尔普瑞斯的移动任务）,,,0,,,,
30118,0,1,0,2000,1,3900.27,4160.83,255.67,0,,,,ART_Name_000756,ART_Subname_000756,艾林河（艾丽西亚的水晶珠）,,,0,,,,
30119,0,1,0,2000,1,3945.03,4415.38,249.83,0,,,,ART_Name_000757,ART_Subname_000757,艾林河（诺亚的移动任务）,,,0,,,,
30120,0,1,0,2000,1,3900.27,4160.83,255.67,0,,,,ART_Name_000758,ART_Subname_000758,艾林河（阿内斯的移动任务）,,,0,,,,
30121,0,1,0,2000,1,3501.39,4537.31,188.83,0,,,,ART_Name_000759,ART_Subname_000759,艾林河（警备兵移动任务）,,,0,,,,
30122,0,1,0,2000,1,3412.63,3669.46,70.46,0,,,,ART_Name_000760,ART_Subname_000760,艾林河（瘟疫之雾移动任务）,,,0,,,,
30123,0,1,0,2000,1,3345.79,3822.13,178.53,0,,,,ART_Name_000761,ART_Subname_000761,艾林河（洛萨的移动任务）,,,0,,,,
30124,0,1,0,2000,1,3296.19,3703.04,74.27,0,,,,ART_Name_000762,ART_Subname_000762,艾林河（死亡之谷移动任务）,,,0,,,,
30125,0,1,0,2000,1,3360.02,3822.04,178.53,0,,,,ART_Name_000763,ART_Subname_000763,艾林河（黎安的移动任务）,,,0,,,,
30126,0,1,0,2000,1,3618.05,3935.8,213.86,0,,,,ART_Name_000764,ART_Subname_000764,艾林河（特蕾莎的水晶珠）,,,0,,,,
30127,0,1,0,2500,1,236.84,235.65,165.3,0,,,,ART_Name_000765,ART_Subname_000765,艾林河（雷伊的移动任务）,,,0,,,,
30128,0,1,0,2000,1,3689.07,3300.15,240.95,0,,,,ART_Name_000766,ART_Subname_000766,艾林河（埃丁的移动任务）,,,0,,,,
30129,0,1,0,2000,1,3849.77,3420.46,216.53,0,,,,ART_Name_000767,ART_Subname_000767,艾林河（紧急移动任务）,,,0,,,,
30130,0,1,0,2000,1,3689.07,3300.15,240.95,0,,,,ART_Name_000768,ART_Subname_000768,艾林河（坤的移动任务）,,,0,,,,
30131,0,1,0,2000,1,2728.99,4859.75,174.9,0,,,,ART_Name_000769,ART_Subname_000769,艾林河（斯蒂尔普瑞斯的移动任务）,,,0,,,,
30132,0,1,0,2004,1,62.29,107.2,-8.38,0,,,,ART_Name_000770,ART_Subname_000770,艾林河（战场移动滚动）,,,0,,,,
30133,0,1,0,2000,1,2223.41,3544.98,43.77,0,,,,ART_Name_000771,ART_Subname_000771,艾林河（字段恢复滚动）,,,0,,,,
30134,0,1,0,2005,1,474.27,55.47,-21.35,0,,,,ART_Name_000772,ART_Subname_000772,艾林河（战场移动滚动）,,,0,,,,
30135,0,1,0,2000,1,3014.59,4185.35,156.35,0,,,,ART_Name_000773,ART_Subname_000773,艾林河（字段恢复滚动）,,,0,,,,
30136,0,1,0,2000,1,1969.72,5021.77,140.21,0,,,,ART_Name_000774,ART_Subname_000774,艾林河（克罗乌尔的移动任务）,,,0,,,,
30137,0,1,0,2000,1,1759.73,5309.07,72.02,0,,,,ART_Name_000775,ART_Subname_000775,艾林河（布莱特的移动任务）,,,0,,,,
30138,0,1,0,2500,1,239.29,236.81,165.31,0,,,,ART_Name_000776,ART_Subname_000776,艾林河（紧急转移任务）,,,0,,,,
30139,0,1,0,2006,1,157.95,286.51,5.64,0,,,,ART_Name_000777,ART_Subname_000777,艾林河（雷纳的移动任务）,,,0,,,,
30140,0,1,0,2000,1,3837.36,5096.72,291.88,0,,,,ART_Name_000778,ART_Subname_000778,艾林河（艾林河移动任务）,,,0,,,,
30141,0,1,0,2000,1,2525.24,5406.12,20.97,0,,,,,,艾林河（利特拉的移动任务）,,,0,,,,
30142,0,1,0,2000,1,2279.24,5706.03,12.13,0,,,,,,艾林河（雷拉的移动任务）,,,0,,,,
30143,0,1,0,2000,1,1719.21,5569.82,72.01,0,,,,,,艾林河（安代乐的移动任务）,,,0,,,,
30144,0,1,0,2000,1,2315.85,6045.47,26.25,0,,,,,,艾林河（布莱德的移动任务）,,,0,,,,
30145,0,1,0,2001,1,184.67,329.27,8.21,0,,,,,,艾林河（舞风峡谷移动任务）,,,0,,,,
30146,0,1,0,2000,1,2283.48,5702.26,12.13,0,,,,,,艾林河（皮尔德返回任务）,,,0,,,,
30500,0,1,0,2501,1,260.64,108.17,142.78,0,,,,ART_Name_000779,ART_Subname_000779,测试用（班迪路娜地域）,,,0,,,,
30501,0,1,0,2501,1,6413.17,7861.07,152.77,0,,,,ART_Name_000780,ART_Subname_000780,戴穆里申码头（班迪路娜）,,,0,,,,
30502,0,1,0,2000,1,7042.59,7849.97,94.28,0,,,,ART_Name_000781,ART_Subname_000781,戴穆里申码头（草丛村庄）,,,0,,,,
30503,0,1,0,2000,1,6962.23,8538.73,111.2,0,,,,ART_Name_000782,ART_Subname_000782,戴穆里申码头（藤蔓研究所）,,,0,,,,
30504,0,1,0,2000,1,7226.48,8375.47,155.65,0,,,,ART_Name_000783,ART_Subname_000783,戴穆里申码头（沼泽野营地）,,,0,,,,
30505,0,1,0,2000,1,7316.39,8028.38,98.69,0,,,,ART_Name_000784,ART_Subname_000784,戴穆里申码头（天浪基地）,,,0,,,,
30506,0,1,0,2000,1,7254.89,7501.27,69.15,0,,,,ART_Name_000785,ART_Subname_000785,戴穆里申码头（监察驻地）,,,0,,,,
30507,0,1,0,2000,1,7355.33,7833.88,95.06,0,,,,ART_Name_000786,ART_Subname_000786,戴穆里申码头（湖畔联络所）,,,0,,,,
30508,0,1,0,2000,1,7476.83,7300.01,91.98,0,,,,ART_Name_000787,ART_Subname_000787,戴穆里申码头（盆地侦察所）,,,0,,,,
30509,0,1,0,2000,1,7089.57,6875.53,98.2,0,,,,ART_Name_000788,ART_Subname_000788,戴穆里申码头（钉耙野营地）,,,0,,,,
30510,0,1,0,2000,1,6404.61,7537.72,125.99,0,,,,ART_Name_000789,ART_Subname_000789,戴穆里申码头（冰封的大地）,,,0,,,,
30511,0,1,0,2000,1,6466.39,8551.14,100.31,0,,,,,,戴穆里申码头（银河野营地）,,,0,,,,
30601,0,1,0,2001,1,381.52,187.94,0,0,,,,ART_Name_000790,ART_Subname_000790,戴穆里申（向舞风峡谷移动）,,,0,,,,
30602,0,1,0,2000,1,6933.72,8303.22,128.59,0,,,,ART_Name_000791,ART_Subname_000791,戴穆里申（皮尔德鲁在舞风峡谷移动）,,,0,,,,
30603,0,1,0,2002,1,272.76,409.22,35.07,0,,,,ART_Name_000792,ART_Subname_000792,戴穆里申（向光芒普照的盆地移动）,,,0,,,,
30604,0,1,0,2000,1,7351.7,7838.94,95.06,0,,,,ART_Name_000793,ART_Subname_000793,戴穆里申（皮尔德鲁在光芒普照的盆地移动）,,,0,,,,
30605,0,1,0,2003,1,381.52,187.94,0,0,,,,ART_Name_000794,ART_Subname_000794,戴穆里申（向满是伤痕的大地移动）,,,0,,,,
30606,0,1,0,2000,1,6889.99,7223.54,127.51,0,,,,ART_Name_000795,ART_Subname_000795,戴穆里申（皮尔德在满是伤痕的大地移动）,,,0,,,,
30607,0,1,0,2000,1,7409.81,6979.63,107.45,0,,,,ART_Name_000796,ART_Subname_000796,戴穆里申（海洋之光哨所移动任务 移动数据）,,,0,,,,
30608,0,1,0,2000,1,5779.29,7586.58,78.06,0,,,,ART_Name_000797,ART_Subname_000797,戴穆里申（摧毁的城市移动任务）,,,0,,,,
30609,0,1,0,2000,1,6555.9,6959.64,74.08,0,,,,ART_Name_000798,ART_Subname_000798,戴穆里申（木洞避难处移动任务）,,,0,,,,
30610,0,1,0,2000,1,6375.61,6400.76,77.4,0,,,,ART_Name_000799,ART_Subname_000799,戴穆里申（派遣部队指挥部移动任务）,,,0,,,,
30612,0,1,0,2000,1,4868.1,8309.25,149.63,0,,,,ART_Name_000800,ART_Subname_000800,戴穆里申（硫磺村庄移动任务）,,,0,,,,
30613,0,1,0,2000,1,4752.88,6770.95,126.41,0,,,,ART_Name_000801,ART_Subname_000801,戴穆里申（古丽阿萨总队移动任务）,,,0,,,,
30614,0,1,0,2000,1,6036.75,7513.41,101.44,0,,,,ART_Name_000802,ART_Subname_000802,戴穆里申（没落的月光平原移动任务）,,,0,,,,
30615,0,1,0,2000,1,6182.61,7014.26,98.03,0,,,,ART_Name_000803,ART_Subname_000803,戴穆里申（腐败的农场移动任务）,,,0,,,,
30616,0,1,0,2004,1,448.86,410.98,46.23,0,,,,ART_Name_000804,ART_Subname_000804,戴穆里申（圆滚滚的丘陵地移动任务）,,,0,,,,
30617,0,1,0,2000,1,5381.5,7800.17,138.65,0,,,,ART_Name_000805,ART_Subname_000805,戴穆里申（灵魂瀑布移动任务）,,,0,,,,
30618,0,1,0,2005,1,42.34,467.69,-21.39,0,,,,ART_Name_000806,ART_Subname_000806,戴穆里申（凌晨的露水沙漠移动任务）,,,0,,,,
30619,0,1,0,2000,1,6025.89,7895.33,124.42,0,,,,ART_Name_000807,ART_Subname_000807,戴穆里申（星星细语田野移动任务）,,,0,,,,
30620,0,1,0,2000,1,4895.79,8551.83,129.23,0,,,,ART_Name_000808,ART_Subname_000808,戴穆里申（戴穆里申移动任务）,,,0,,,,
50000,1,2,0,1007,0,109.19,406.44,44.77,10,,,,ART_Name_000809,ART_Subname_000809,,,,0,,,,
50001,1,2,0,1007,0,276.39,58.99,41.92,10,,,,ART_Name_000810,ART_Subname_000810,,,,0,,,,
50002,1,2,0,2000,0,2062.17,4844.15,181.86,5,,,,ART_Name_000811,ART_Subname_000811,,,,0,,,,
50003,1,2,0,2500,0,37.54,236.04,177.65,3,,,,ART_Name_000812,ART_Subname_000812,,,,0,,,,
50004,1,2,0,2500,0,27.92,236.32,177.58,5,,,,ART_Name_000813,ART_Subname_000813,,,,0,,,,
50005,1,2,0,2000,0,2053.8,4844.67,180.01,3,,,,ART_Name_000814,ART_Subname_000814,,,,0,,,,
50006,1,2,0,2000,0,2304.06,4628.95,177.93,5,,,,ART_Name_000815,ART_Subname_000815,,,,0,,,,
50007,1,2,0,2500,0,256.19,41.9,178.25,3,,,,ART_Name_000816,ART_Subname_000816,,,,0,,,,
50008,1,2,0,2500,0,256.79,35.17,181.33,5,,,,ART_Name_000817,ART_Subname_000817,,,,0,,,,
50009,1,2,0,2000,0,2303.75,4618.15,180.51,3,,,,ART_Name_000818,ART_Subname_000818,,,,0,,,,
50010,1,2,0,2000,0,6644.15,7941.22,133.06,5,,,,ART_Name_000819,ART_Subname_000819,,,,0,,,,
50011,1,2,0,2501,0,451.62,257.35,141.39,3,,,,ART_Name_000820,ART_Subname_000820,,,,0,,,,
50012,1,2,0,2501,0,464.81,259.95,133.08,5,,,,ART_Name_000821,ART_Subname_000821,,,,0,,,,
50013,1,2,0,2000,0,6653.23,7940.48,133.66,3,,,,ART_Name_000822,ART_Subname_000822,,,,0,,,,
50014,1,2,0,2000,0,6403.08,7696.79,131.61,5,,,,ART_Name_000823,ART_Subname_000823,,,,0,,,,
50015,1,2,0,2501,0,258.57,62.19,132.72,3,,,,ART_Name_000824,ART_Subname_000824,,,,0,,,,
50016,1,2,0,2501,0,258.25,52.7,132.72,5,,,,ART_Name_000825,ART_Subname_000825,,,,0,,,,
50017,1,2,0,2000,0,6402.71,7686.66,133.35,3,,,,ART_Name_000826,ART_Subname_000826,,,,0,,,,
50020,1,2,0,1010,0,266.75,345.4,4.08,5,,,,ART_Name_000827,ART_Subname_000827,,,,0,,,,
50021,1,2,0,1010,0,229.39,479.7,48.73,10,,,,ART_Name_000828,ART_Subname_000828,,,,0,,,,
50022,1,2,0,1010,0,245.89,345.38,5.86,5,,,,ART_Name_000829,ART_Subname_000829,,,,0,,,,
50023,1,2,0,1010,0,285.7,479.42,48.73,10,,,,ART_Name_000830,ART_Subname_000830,,,,0,,,,
50024,1,2,0,1010,0,255.27,385.81,43.12,5,,,,ART_Name_000831,ART_Subname_000831,,,,0,,,,
50025,1,2,0,1010,0,255.25,285.95,-3.25,10,,,,ART_Name_000832,ART_Subname_000832,,,,0,,,,
50026,1,2,0,1008,0,133.76,255.64,-9.98,5,,,,ART_Name_000833,ART_Subname_000833,,,,0,,,,
50027,1,2,0,1008,0,182.49,255.49,-1.31,5,,,,ART_Name_000834,ART_Subname_000834,,,,0,,,,
50028,1,2,0,1011,0,154.07,276.98,7.12,5,,,,ART_Name_000835,ART_Subname_000835,,,,0,,,,
50029,1,2,0,1011,0,452.47,204.07,5.28,10,,,,ART_Name_000836,ART_Subname_000836,,,,0,,,,
50030,1,2,0,1011,0,356.49,233.82,6.96,5,,,,ART_Name_000837,ART_Subname_000837,,,,0,,,,
50031,1,2,0,1011,0,68.73,301.17,7.01,10,,,,ART_Name_000838,ART_Subname_000838,,,,0,,,,
50040,0,0,1,2000,0,1666.83,4538.03,84.43,18,,,,ART_Name_000839,ART_Subname_000839,红岩平原,可疑的坑,,0,3034|,3039|,3010|,3011|
50041,0,0,1,2000,0,1858.47,4226.53,107.1,18,,,,ART_Name_000840,ART_Subname_000840,红岩平原,可疑的坑,,0,3034|,3039|,3010|,3011|
50042,0,0,1,2000,0,1960.79,4071.03,129.02,15,,,,ART_Name_000841,ART_Subname_000841,红岩山坡,可疑的坑,,0,3034|,3039|,3010|,3011|
50043,0,0,1,2000,0,1257.47,3992.62,125.24,18,,,,ART_Name_000842,ART_Subname_000842,红岩荒芜地,可疑的坑,,0,3034|,3039|,3010|,3011|
50044,0,2,0,1005,0,256.01,221.86,165.33,10,,,,ART_Name_000843,ART_Subname_000843,,,,0,,,,
50045,0,2,0,1005,0,256.57,360.76,205.87,10,,,,ART_Name_000844,ART_Subname_000844,,,,0,,,,
50047,0,2,0,1006,0,425.63,91.17,135.15,10,,,,ART_Name_000845,ART_Subname_000845,,,,0,,,,
50048,0,2,0,1006,0,407.49,412.23,171.73,10,,,,ART_Name_000846,ART_Subname_000846,,,,0,,,,
50050,1,2,0,1009,0,121.25,499.85,58.12,5,,,,ART_Name_000847,ART_Subname_000847,,,,0,,,,
50051,1,2,0,1009,0,11.64,128.92,52.14,6,,,,ART_Name_000848,ART_Subname_000848,,,,0,,,,
50052,1,2,0,1009,0,11.94,162.64,57.93,5,,,,ART_Name_000849,ART_Subname_000849,,,,0,,,,
50053,1,2,0,1009,0,128.32,477.88,52.14,6,,,,ART_Name_000850,ART_Subname_000850,,,,0,,,,
50054,1,2,0,1009,0,386.66,12.88,57.96,5,,,,ART_Name_000851,ART_Subname_000851,,,,0,,,,
50055,1,0,0,1009,0,499.61,381.68,52.14,6,,,,ART_Name_000852,ART_Subname_000852,暗杀战 已到达2点钟方向,,,0,,,,
50056,1,2,0,1009,0,500.52,347.48,57.91,5,,,,ART_Name_000853,ART_Subname_000853,,,,0,,,,
50057,1,2,0,1009,0,380.3,35.05,52.14,6,,,,ART_Name_000854,ART_Subname_000854,,,,0,,,,
50058,1,2,0,4030,0,138.87,339.44,90.75,4,,,,ART_Name_000855,ART_Subname_000855,,,,0,,,,
50059,1,2,0,4030,0,88.06,314.39,90.87,5,,,,ART_Name_000856,ART_Subname_000856,,,,0,,,,
50060,1,2,0,4031,0,138.87,339.44,90.75,4,,,,ART_Name_000857,ART_Subname_000857,,,,0,,,,
50061,1,2,0,4031,0,88.06,314.39,90.87,5,,,,ART_Name_000858,ART_Subname_000858,,,,0,,,,
50062,1,2,0,4032,0,138.87,339.44,90.75,4,,,,ART_Name_000859,ART_Subname_000859,,,,0,,,,
50063,1,2,0,4032,0,88.06,314.39,90.87,5,,,,ART_Name_000860,ART_Subname_000860,,,,0,,,,
50064,1,2,0,4033,0,138.87,339.44,90.75,4,,,,ART_Name_000861,ART_Subname_000861,,,,0,,,,
50065,1,2,0,4033,0,88.06,314.39,90.87,5,,,,ART_Name_000862,ART_Subname_000862,,,,0,,,,
50066,1,2,0,4030,0,101.93,314.4,90.56,4,,,,ART_Name_000863,ART_Subname_000863,,,,0,,,,
50067,1,2,0,4030,0,110.12,314.46,90.25,3.5,,,,ART_Name_000864,ART_Subname_000864,,,,0,,,,
50068,1,2,0,4031,0,101.93,314.4,90.56,4,,,,ART_Name_000865,ART_Subname_000865,,,,0,,,,
50069,1,2,0,4031,0,110.12,314.46,90.25,3.5,,,,ART_Name_000866,ART_Subname_000866,,,,0,,,,
50070,1,2,0,4032,0,101.93,314.4,90.56,4,,,,ART_Name_000867,ART_Subname_000867,,,,0,,,,
50071,1,2,0,4032,0,110.12,314.46,90.25,3.5,,,,ART_Name_000868,ART_Subname_000868,,,,0,,,,
50072,1,2,0,4033,0,101.93,314.4,90.56,4,,,,ART_Name_000869,ART_Subname_000869,,,,0,,,,
50073,1,2,0,4033,0,110.12,314.46,90.25,3.5,,,,ART_Name_000870,ART_Subname_000870,,,,0,,,,
50074,1,2,0,2000,0,3343.18,3867.42,178.55,3,,,,ART_Name_000871,ART_Subname_000871,,,,0,,,,
50075,1,2,0,2000,0,3295.84,3703.78,74.67,5,,,,ART_Name_000872,ART_Subname_000872,,,,0,,,,
50076,1,2,0,2000,0,3308.98,3703.26,74.67,4,,,,ART_Name_000873,ART_Subname_000873,,,,0,,,,
50077,1,2,0,2000,0,3342.74,3857.69,178.53,5,,,,ART_Name_000874,ART_Subname_000874,,,,0,,,,
50078,1,2,0,2000,0,3372.94,3867.17,178.53,3,,,,ART_Name_000875,ART_Subname_000875,,,,0,,,,
50079,1,2,0,2000,0,3415.56,3661.91,70.51,4,,,,ART_Name_000876,ART_Subname_000876,,,,0,,,,
50080,1,2,0,2000,0,3407.41,3661.76,70.42,3,,,,ART_Name_000877,ART_Subname_000877,,,,0,,,,
50081,1,2,0,2000,0,3372.82,3857.1,178.53,5,,,,ART_Name_000878,ART_Subname_000878,,,,0,,,,
50082,1,0,1,2000,0,2815.97,4864,193.94,256,,,风之溪谷交易所,ART_Name_000879,ART_Subname_000879,愤怒的山脉：,风之溪谷,Sound/BGM/BGM_15.ogg|Sound/BGM/BGM_17.ogg,0,3020|4017|1010|,3021|4010|1011|,3022|4036|1010|,3023|
50083,1,0,1,2000,0,2816,4352,206.81,256,,,山脉商人营地,ART_Name_000880,ART_Subname_000880,愤怒的山脉：,灰色山脊,Sound/BGM/BGM_15.ogg|Sound/BGM/BGM_17.ogg,0,3020|4017|1010|,3021|4010|1011|,3022|1010|4036|,3023|
50084,1,0,1,2000,0,3328,4864,227.73,256,,,术士软禁村,ART_Name_000881,ART_Subname_000881,愤怒的山脉：,烧焦盆地,Sound/BGM/BGM_15.ogg|Sound/BGM/BGM_17.ogg,0,3059|4039|,3060|4040|,3061|4041|,3062|4042|
50085,1,0,1,2000,0,3840,4864,391.29,256,,,山脉勘探队禁地,ART_Name_000882,ART_Subname_000882,愤怒的山脉：,火焰发源地,Sound/BGM/BGM_15.ogg|Sound/BGM/BGM_26.ogg,0,3059|4039|2006|,3060|4040|2006|,3061|4041|2006|,3062|4042|2006|
50086,1,0,1,2000,0,3840,4352,234.19,256,,,3914.69|4238.65|261.73,ART_Name_000883,ART_Subname_000883,拜德大地：,莱奥恩哈特营地,Sound/BGM/BGM_21.ogg|Sound/BGM/BGM_27.ogg,0,3034|4030|2004|,3039|4031|2004|,3010|4032|2004|,3011|4033|2004|
50087,1,0,1,2000,0,3328,4352,179.41,256,,,3503.84|4538.94|188.96,ART_Name_000884,ART_Subname_000884,拜德大地：,绝望的平原,Sound/BGM/BGM_21.ogg|Sound/BGM/BGM_27.ogg,0,3034|4030|2004|,3039|4031|2004|,3010|4032|2004|,3011|4033|2004|
50088,1,0,1,2000,0,3328,3840,173.11,256,,,3294.46|3846.43|173.11,ART_Name_000885,ART_Subname_000885,拜德大地：,污浊的溪谷,Sound/BGM/BGM_21.ogg|Sound/BGM/BGM_27.ogg,0,3034|4030|2004|,3039|4031|2004|,3010|4032|2004|,3011|4033|2004|
50089,1,0,1,2000,0,3840,3840,261.1,256,,,4032.24|3840.66|236.91,ART_Name_000886,ART_Subname_000886,拜德大地：,克莱利斯营地,Sound/BGM/BGM_21.ogg|Sound/BGM/BGM_27.ogg,0,3034|4030|2004|,3039|4031|2004|,3010|4032|2004|,3011|4033|2004|
50090,1,0,1,2000,0,3840,3328,231.2,256,,,3679.63|3255.23|240.95,ART_Name_000887,ART_Subname_000887,拜德大地：,戴穆里申占领地,Sound/BGM/BGM_21.ogg|Sound/BGM/BGM_27.ogg,0,3034|4030|2004|,3039|4031|2004|,3010|4032|2004|,3011|4033|2004|
50091,1,0,1,2000,0,5890.42,7936.63,111.73,256,,,,ART_Name_000888,ART_Subname_000888,战士们的土地：,星星细语田野,Sound/BGM/BGM_23.ogg|Sound/BGM/BGM_24.ogg,0,3020|4048|,3021|1010|,3022|,3023|
50092,1,0,1,2000,0,5376,7936,121.79,256,,,,ART_Name_000889,ART_Subname_000889,战士们的土地：,灵魂瀑布,Sound/BGM/BGM_23.ogg|Sound/BGM/BGM_24.ogg,0,3020|4048|,3021|1010|,3022|,3023|
50093,1,0,1,2000,0,4864,8448,127.3,256,,,,ART_Name_000890,ART_Subname_000890,战士们的土地：,休憩的溪谷,Sound/BGM/BGM_23.ogg|Sound/BGM/BGM_24.ogg,0,3059|4039|,3060|4040|,3061|4041|,3062|4042|
50094,1,0,1,2000,0,5376,8448,243.62,256,,,,ART_Name_000891,ART_Subname_000891,战士们的土地：,红顶火山,Sound/BGM/BGM_23.ogg|Sound/BGM/BGM_26.ogg,0,3059|4039|2006|,3060|4040|2006|,3061|4041|2006|,3062|4042|2006|
50095,1,0,1,2000,0,4864,7936,119.99,256,,,4937.68|7992.45|143.90,ART_Name_000892,ART_Subname_000892,光之地下庭院：,花园之路,Sound/BGM/BGM_27.ogg|Sound/BGM/BGM_21.ogg,0,3020|4048|2007|,3021|4049|2007|,3022|4050|2007|,3023|4051|2007|
50096,1,0,1,2000,0,4864,7424,112.73,256,,,4844.48|7565.98|118.36,ART_Name_000893,ART_Subname_000893,光之地下庭院：,树林之路,Sound/BGM/BGM_27.ogg|Sound/BGM/BGM_21.ogg,0,3020|4048|2007|,3021|4049|2007|,3022|4050|2007|,3023|4051|2007|
50097,1,0,1,2000,0,5376,7424,97.89,256,,,5402.73|7386.43|94.55,ART_Name_000894,ART_Subname_000894,光之地下庭院：,石塔之路,Sound/BGM/BGM_27.ogg|Sound/BGM/BGM_21.ogg,0,3020|4048|2007|,3021|2007|4049|,3022|4050|2007|,3023|2007|4051|
50098,1,0,1,2000,0,5376,6912,81.85,256,,,5438.09|6906.38|83.29,ART_Name_000895,ART_Subname_000895,光之地下庭院：,喷泉之路,Sound/BGM/BGM_27.ogg|Sound/BGM/BGM_21.ogg,0,3020|4048|2007|,3021|4049|2007|,3022|4050|2007|,3023|4051|2007|
50099,1,0,1,2000,0,4864,6912,126.43,256,,,4760.24|6782.46|126.41,ART_Name_000896,ART_Subname_000896,光之地下庭院：,殿堂之路,Sound/BGM/BGM_27.ogg|Sound/BGM/BGM_21.ogg,0,3034|4030|1012|2008|,3039|4031|1010|,3010|4032|1010|,3011|4033|1012|2008|
50100,0,2,0,4000,0,340.13,309.65,-23.02,18,,,,ART_Name_000897,ART_Subname_000897,,,,0,,,,
50101,0,2,0,4001,0,340.13,309.65,-23.02,18,,,,ART_Name_000898,ART_Subname_000898,,,,0,,,,
50102,0,2,0,4002,0,340.13,309.65,-23.02,18,,,,ART_Name_000899,ART_Subname_000899,,,,0,,,,
50103,0,2,0,4003,0,340.13,309.65,-23.02,18,,,,ART_Name_000900,ART_Subname_000900,,,,0,,,,
50106,1,2,0,4460,0,479.92,432.1,103.4,8,,,,ART_Name_000901,ART_Subname_000901,,,,0,,,,
50107,1,2,0,4460,0,435.77,324.81,21.66,4,,,,ART_Name_000902,ART_Subname_000902,,,,0,,,,
50108,1,2,0,4460,0,427.35,324.72,21.87,4,,,,ART_Name_000903,ART_Subname_000903,,,,0,,,,
50109,1,2,0,4460,0,466.93,432.1,103.06,4,,,,ART_Name_000904,ART_Subname_000904,,,,0,,,,
50110,1,2,0,4461,0,479.92,432.1,103.4,8,,,,ART_Name_000905,ART_Subname_000905,,,,0,,,,
50111,1,2,0,4461,0,435.77,324.81,21.66,4,,,,ART_Name_000906,ART_Subname_000906,,,,0,,,,
50112,1,2,0,4461,0,427.35,324.72,21.87,4,,,,ART_Name_000907,ART_Subname_000907,,,,0,,,,
50113,1,2,0,4461,0,466.93,432.1,103.06,4,,,,ART_Name_000908,ART_Subname_000908,,,,0,,,,
50114,1,2,0,4462,0,479.92,432.1,103.4,8,,,,ART_Name_000909,ART_Subname_000909,,,,0,,,,
50115,1,2,0,4462,0,435.77,324.81,21.66,4,,,,ART_Name_000910,ART_Subname_000910,,,,0,,,,
50116,1,2,0,4462,0,427.35,324.72,21.87,4,,,,ART_Name_000911,ART_Subname_000911,,,,0,,,,
50117,1,2,0,4462,0,466.93,432.1,103.06,4,,,,ART_Name_000912,ART_Subname_000912,,,,0,,,,
50122,0,2,0,4070,0,310.94,332.18,6.06,5,,,,ART_Name_000913,ART_Subname_000913,,,,0,,,,
50123,0,2,0,4070,0,35.52,293.67,44.59,4,,,,ART_Name_000914,ART_Subname_000914,,,,0,,,,
50124,0,2,0,4070,0,28.42,301.52,41.59,7,,,,ART_Name_000915,ART_Subname_000915,,,,0,,,,
50125,0,2,0,4070,0,315.04,337.85,5.78,4,,,,ART_Name_000916,ART_Subname_000916,,,,0,,,,
50126,0,2,0,4071,0,310.94,332.18,6.06,5,,,,ART_Name_000917,ART_Subname_000917,,,,0,,,,
50127,0,2,0,4071,0,35.52,293.67,44.59,4,,,,ART_Name_000918,ART_Subname_000918,,,,0,,,,
50128,0,2,0,4071,0,28.42,301.52,41.59,7,,,,ART_Name_000919,ART_Subname_000919,,,,0,,,,
50129,0,2,0,4071,0,315.04,337.85,5.78,4,,,,ART_Name_000920,ART_Subname_000920,,,,0,,,,
50130,0,2,0,4072,0,310.94,332.18,6.06,5,,,,ART_Name_000921,ART_Subname_000921,,,,0,,,,
50131,0,2,0,4072,0,35.52,293.67,44.59,4,,,,ART_Name_000922,ART_Subname_000922,,,,0,,,,
50132,0,2,0,4072,0,28.42,301.52,41.59,7,,,,ART_Name_000923,ART_Subname_000923,,,,0,,,,
50133,0,2,0,4072,0,315.04,337.85,5.78,4,,,,ART_Name_000924,ART_Subname_000924,,,,0,,,,
50138,0,2,0,4070,0,275.98,149.39,13.92,5,,,,ART_Name_000925,ART_Subname_000925,,,,0,,,,
50139,0,2,0,4070,0,220.12,202.55,-48.02,3.5,,,,ART_Name_000926,ART_Subname_000926,,,,0,,,,
50140,1,2,0,4070,0,227.81,202.69,-47.71,5,,,,ART_Name_000927,ART_Subname_000927,,,,0,,,,
50141,0,2,0,4070,0,279.29,141.99,13.08,4,,,,ART_Name_000928,ART_Subname_000928,,,,0,,,,
50142,0,2,0,4071,0,277.55,147.82,13.92,5,,,,ART_Name_000929,ART_Subname_000929,,,,0,,,,
50143,0,2,0,4071,0,220.12,202.55,-48.02,3.5,,,,ART_Name_000930,ART_Subname_000930,,,,0,,,,
50144,1,2,0,4071,0,227.81,202.69,-47.71,5,,,,ART_Name_000931,ART_Subname_000931,,,,0,,,,
50145,0,2,0,4071,0,279.47,141.48,13.08,4,,,,ART_Name_000932,ART_Subname_000932,,,,0,,,,
50146,0,2,0,4072,0,277.44,147.87,13.92,5,,,,ART_Name_000933,ART_Subname_000933,,,,0,,,,
50147,0,2,0,4072,0,220.12,202.55,-48.02,3.5,,,,ART_Name_000934,ART_Subname_000934,,,,0,,,,
50148,1,2,0,4072,0,227.81,202.69,-47.71,5,,,,ART_Name_000935,ART_Subname_000935,,,,0,,,,
50149,0,2,0,4072,0,279.29,141.99,13.08,4,,,,ART_Name_000936,ART_Subname_000936,,,,0,,,,
50158,0,2,0,4470,0,93.72,385.46,3.04,5,,,,ART_Name_000937,ART_Subname_000937,,,,0,,,,
50159,0,2,0,4470,0,481.75,62.94,9.66,5,,,,ART_Name_000938,ART_Subname_000938,,,,0,,,,
50160,0,2,0,4470,0,448.12,63.21,8.55,5,,,,ART_Name_000939,ART_Subname_000939,,,,0,,,,
50161,1,2,0,4470,0,94.66,398.55,3.09,6,,,,ART_Name_000940,ART_Subname_000940,,,,0,,,,
50162,0,2,0,4471,0,93.72,385.46,3.04,5,,,,ART_Name_000941,ART_Subname_000941,,,,0,,,,
50163,0,2,0,4471,0,481.75,62.94,9.66,5,,,,ART_Name_000942,ART_Subname_000942,,,,0,,,,
50164,0,2,0,4471,0,448.12,63.21,8.55,5,,,,ART_Name_000943,ART_Subname_000943,,,,0,,,,
50165,1,2,0,4471,0,94.66,398.55,3.09,6,,,,ART_Name_000944,ART_Subname_000944,,,,0,,,,
50166,0,2,0,4472,0,93.72,385.46,3.04,5,,,,ART_Name_000945,ART_Subname_000945,,,,0,,,,
50167,0,2,0,4472,0,481.75,62.94,9.66,5,,,,ART_Name_000946,ART_Subname_000946,,,,0,,,,
50168,0,2,0,4472,0,448.12,63.21,8.55,5,,,,ART_Name_000947,ART_Subname_000947,,,,0,,,,
50169,1,2,0,4472,0,94.66,398.55,3.09,6,,,,ART_Name_000948,ART_Subname_000948,,,,0,,,,
50174,1,0,1,2000,0,2062.76,4847.48,162.51,64,,,,ART_Name_000949,ART_Subname_000949,斯蒂尔普瑞斯,西门,,0,3000|,3001|,3002|,3003|
50175,1,0,1,2000,0,2303.26,4650.12,162.51,64,,,,ART_Name_000950,ART_Subname_000950,斯蒂尔普瑞斯,南门,,0,3020|,3021|,3022|,3023|
50176,1,0,1,2000,0,2815.97,4864,193.94,256,,,,ART_Name_000951,ART_Subname_000951,斯蒂尔普瑞斯,东门,,0,4039|3059|,4040|3060|,4041|3061|,4042|3062|
50177,1,0,1,2000,0,6145.5,7939.87,121.95,64,,,,ART_Name_000952,ART_Subname_000952,班迪路娜,西门,,0,3020|,3021|1010|,3022|,3023|
50178,1,0,1,2000,0,6405.08,7679.37,120.57,64,,,,ART_Name_000953,ART_Subname_000953,班迪路娜,南门,,0,3015|4017|2004|,3016|4016|,3017|4014|,3018|4015|
50179,1,0,1,2000,0,6664.89,7939.84,117.62,64,,,,ART_Name_000954,ART_Subname_000954,班迪路娜,东门,,0,3000|,3001|,3002|,3003|
50180,0,2,0,4480,0,108.38,302.72,97.06,5,,,,ART_Name_000955,ART_Subname_000955,,,,0,,,,
50181,1,2,0,4480,0,77.72,467.83,146.62,7,,,,ART_Name_000956,ART_Subname_000956,,,,0,,,,
50182,1,2,0,4480,0,59.75,467.52,146.63,7,,,,ART_Name_000957,ART_Subname_000957,,,,0,,,,
50183,0,2,0,4480,0,112.44,342.2,97.17,5,,,,ART_Name_000958,ART_Subname_000958,,,,0,,,,
50184,0,2,0,4481,0,125.39,339.1,97.37,5,,,,ART_Name_000959,ART_Subname_000959,,,,0,,,,
50185,0,2,0,4481,0,53.71,449.75,146.95,3,,,,ART_Name_000960,ART_Subname_000960,,,,0,,,,
50186,0,2,0,4481,0,46.58,441.74,147.16,3,,,,ART_Name_000961,ART_Subname_000961,,,,0,,,,
50187,0,2,0,4481,0,108.68,342.64,97.16,5,,,,ART_Name_000962,ART_Subname_000962,,,,0,,,,
50188,0,2,0,4482,0,108.3,342.61,97.18,5,,,,ART_Name_000963,ART_Subname_000963,,,,0,,,,
50189,0,2,0,4482,0,53.24,448.39,146.99,5,,,,ART_Name_000964,ART_Subname_000964,,,,0,,,,
50190,0,2,0,4482,0,46.04,440.23,147.21,3,,,,ART_Name_000965,ART_Subname_000965,,,,0,,,,
50191,0,2,0,4482,0,120.21,338.92,97.27,5,,,,ART_Name_000966,ART_Subname_000966,,,,0,,,,
50196,0,2,0,4490,0,139.81,54.48,14.43,4,,,,ART_Name_000967,ART_Subname_000967,,,,0,,,,
50197,1,2,0,4490,0,83.74,317.7,-0.45,5,,,,ART_Name_000968,ART_Subname_000968,,,,0,,,,
50198,0,2,0,4490,0,83.16,307.27,-0.45,4,,,,ART_Name_000969,ART_Subname_000969,,,,0,,,,
50199,1,2,0,4490,0,127.67,56.7,14.13,5,,,,ART_Name_000970,ART_Subname_000970,,,,0,,,,
50200,0,2,0,4491,0,139.81,54.48,14.43,4,,,,ART_Name_000971,ART_Subname_000971,,,,0,,,,
50201,1,2,0,4491,0,83.74,317.7,-0.45,5,,,,ART_Name_000972,ART_Subname_000972,,,,0,,,,
50202,0,2,0,4491,0,83.16,307.27,-0.45,4,,,,ART_Name_000973,ART_Subname_000973,,,,0,,,,
50203,1,2,0,4491,0,127.67,56.7,14.13,5,,,,ART_Name_000974,ART_Subname_000974,,,,0,,,,
50204,0,2,0,4492,0,139.81,54.48,14.43,4,,,,ART_Name_000975,ART_Subname_000975,,,,0,,,,
50205,1,2,0,4492,0,83.74,317.7,-0.45,5,,,,ART_Name_000976,ART_Subname_000976,,,,0,,,,
50206,0,2,0,4492,0,83.16,307.27,-0.45,4,,,,ART_Name_000977,ART_Subname_000977,,,,0,,,,
50207,1,2,0,4492,0,127.67,56.7,14.13,5,,,,ART_Name_000978,ART_Subname_000978,,,,0,,,,
50218,1,0,0,2000,0,5721.95,7470.78,103.58,70,,,,ART_Name_000979,ART_Subname_000979,摧毁的城市,倒塌的广场,,0,,,,
50219,0,0,0,2000,0,5878.44,7494.51,64.26,80,,,,ART_Name_000980,ART_Subname_000980,摧毁的城市,死者的村庄,,0,,,,
50220,0,0,0,2000,0,5926.47,7619.8,85.58,50,,,,ART_Name_000981,ART_Subname_000981,摧毁的城市,冰冷的街道,,0,,,,
50221,0,0,0,2000,0,6032.99,7542.94,98.8,50,,6034.61|7537.14|98.88,,ART_Name_000982,ART_Subname_000982,摧毁的城市,月光村庄,,0,,,,
50222,1,0,0,2000,0,6051.34,7426.33,117.19,60,,,,ART_Name_000983,ART_Subname_000983,摧毁的城市,被发掘的村庄墓地,,0,,,,
50223,0,0,0,2000,0,5938.78,7388.36,68.27,40,,,,ART_Name_000984,ART_Subname_000984,摧毁的城市,士兵的坟墓,,0,,,,
50224,0,0,0,2000,0,5789.47,7228.22,90.55,35,,,,ART_Name_000985,ART_Subname_000985,摧毁的城市,灰狼领域,,0,,,,
50225,0,0,0,2000,0,5781.4,6780.7,102.05,100,,,,ART_Name_000986,ART_Subname_000986,恶臭的江,污浊的生命瀑布,,0,,,,
50226,0,0,0,2000,0,5954.94,6886.58,80.16,50,,,,ART_Name_000987,ART_Subname_000987,恶臭的江,临江村庄,,0,,,,
50227,0,0,0,2000,0,5879.44,6915.89,91.26,30,,,,ART_Name_000988,ART_Subname_000988,恶臭的江,野兽栖息地,,0,,,,
50228,0,0,0,2000,0,6034.69,6996.36,72.84,40,,,,ART_Name_000989,ART_Subname_000989,恶臭的江,被破坏的妖精游乐场,,0,,,,
50229,0,0,0,2000,0,6000.04,7094.41,68.62,50,,,,ART_Name_000990,ART_Subname_000990,恶臭的江,弄脏的妖精的池塘,,0,,,,
50230,0,0,0,2000,0,5894.31,7078.16,81.25,30,,5894.09|7077.71|91.30,,ART_Name_000991,ART_Subname_000991,恶臭的江,派遣军临时营地,,0,,,,
50231,0,0,0,2000,0,5739.34,7089.15,83.97,50,,,,ART_Name_000992,ART_Subname_000992,恶臭的江,豹之穴,,0,,,,
50232,0,0,0,2000,0,6414.13,6839.74,86.45,90,,,,ART_Name_000993,ART_Subname_000993,腐败的农场,丰饶之年的树,,0,,,,
50233,0,0,0,2000,0,6344.02,6707.3,80.9,50,,,,ART_Name_000994,ART_Subname_000994,腐败的农场,黑猎人们,,0,,,,
50234,0,0,0,2000,0,6500.72,6679.04,72.07,20,,,,ART_Name_000995,ART_Subname_000995,腐败的农场,幸存者搜索队,,0,,,,
50235,0,0,0,2000,0,6562.2,6739.44,77.36,30,,,,ART_Name_000996,ART_Subname_000996,腐败的农场,黑暗的森林,,0,,,,
50236,0,0,0,2000,0,6566.03,7064.11,74.45,80,,,,ART_Name_000997,ART_Subname_000997,腐败的农场,旋风悬崖,,0,,,,
50237,1,0,0,2000,0,6360.94,7024.59,83.28,70,,,,ART_Name_000998,ART_Subname_000998,腐败的农场,被抢夺的农场,,0,,,,
50238,1,0,0,2000,0,6218.79,7016.88,93.13,60,,6220.26|7033.81|92.65,,ART_Name_000999,ART_Subname_000999,腐败的农场,农场村庄,,0,,,,
50239,0,0,0,2000,0,6270.51,6255.65,79.4,80,,,,ART_Name_001000,ART_Subname_001000,英雄安身之处,无名英雄之墓,,0,,,,
50240,0,0,0,2000,0,6536.06,6248.39,77.45,80,,,,ART_Name_001001,ART_Subname_001001,英雄安身之处,勇猛英雄之墓,,0,,,,
50241,0,0,0,2000,0,6520.73,6538.6,79.12,80,,,,ART_Name_001002,ART_Subname_001002,英雄安身之处,骄傲英雄之墓,,0,,,,
50242,0,0,0,2000,0,6371.46,6389.45,77.47,25,,6369.63|6387.67|77.54,,ART_Name_001003,ART_Subname_001003,英雄安身之处,派遣部队临时基地,,0,,,,
50243,0,0,0,2000,0,6438.46,6367,72.15,30,,,,ART_Name_001004,ART_Subname_001004,英雄安身之处,黑森林,,0,,,,
50244,0,0,0,2000,0,6309.09,6416.67,72.26,40,,,,ART_Name_001005,ART_Subname_001005,英雄安身之处,寄生素的温床,,0,,,,
50245,0,0,0,2000,0,6177.98,6478.56,79.95,40,,6178.45|6478.63|79.95,,ART_Name_001006,ART_Subname_001006,英雄安身之处,派遣部队指挥部,,0,,,,
50246,1,0,0,2000,0,5913.81,6531.63,72.06,80,,,,ART_Name_001007,ART_Subname_001007,暴风古城,戴奥斯沃夫阵营,,0,,,,
50247,1,0,0,2000,0,5909.18,6276.95,72.06,80,,,,ART_Name_001008,ART_Subname_001008,暴风古城,布莱斯莱斯阵营,,0,,,,
50248,1,0,0,2000,0,5872.57,6397.14,82.24,40,,,,ART_Name_001009,ART_Subname_001009,暴风古城,派遣部队大本营,,0,,,,
50249,0,0,0,2000,0,5784.79,6536.44,92.25,50,,,,ART_Name_001010,ART_Subname_001010,暴风古城,被破坏的居住区,,0,,,,
50250,0,0,0,2000,0,5786.59,6266.9,92.25,50,,,,ART_Name_001011,ART_Subname_001011,暴风古城,不吉利的废墟,,0,,,,
50251,1,0,0,2000,0,5701.42,6397.18,111.8,80,,,,ART_Name_001012,ART_Subname_001012,暴风古城,杀戮者广场,,0,,,,
50252,1,2,0,4090,0,410.38,288.2,2.25,5,,,,ART_Name_001013,ART_Subname_001013,,,,0,,,,
50253,1,2,0,4090,0,410.03,366.94,2.28,8,,,,ART_Name_001014,ART_Subname_001014,,,,0,,,,
50254,1,2,0,4090,0,410.76,352.67,2.47,5,,,,ART_Name_001015,ART_Subname_001015,,,,0,,,,
50255,1,2,0,4090,0,410.79,272.01,1.49,8,,,,ART_Name_001016,ART_Subname_001016,,,,0,,,,
50256,1,2,0,4091,0,410.38,288.2,2.25,5,,,,ART_Name_001017,ART_Subname_001017,,,,0,,,,
50257,1,2,0,4091,0,410.03,366.94,2.28,8,,,,ART_Name_001018,ART_Subname_001018,,,,0,,,,
50258,1,2,0,4091,0,410.76,352.67,2.47,5,,,,ART_Name_001019,ART_Subname_001019,,,,0,,,,
50259,1,2,0,4091,0,410.79,272.01,1.49,8,,,,ART_Name_001020,ART_Subname_001020,,,,0,,,,
50260,1,2,0,4092,0,410.38,288.2,2.25,5,,,,ART_Name_001021,ART_Subname_001021,,,,0,,,,
50261,1,2,0,4092,0,410.03,366.94,2.28,8,,,,ART_Name_001022,ART_Subname_001022,,,,0,,,,
50262,1,2,0,4092,0,410.76,352.67,2.47,5,,,,ART_Name_001023,ART_Subname_001023,,,,0,,,,
50263,1,2,0,4092,0,410.79,272.01,1.49,8,,,,ART_Name_001024,ART_Subname_001024,,,,0,,,,
50268,0,0,0,2000,0,2303.78,4459.68,152.16,100,,,,ART_Name_001025,ART_Subname_001025,富饶之原,被遗忘者的猎场,,0,,,,
50269,0,0,0,2000,0,2397.41,4343.26,154.65,70,2408.00|4343.87|154.71,,,ART_Name_001026,ART_Subname_001026,富饶之原,被遗忘者的村庄,,0,,,,
50270,0,0,0,2000,0,2298.13,4194.07,117.1,100,,,,ART_Name_001027,ART_Subname_001027,富饶之原,凯伦占领地,,0,,,,
50271,0,0,1,2000,0,2145.46,4274.11,133.39,70,,,,ART_Name_001028,ART_Subname_001028,富饶之原,黑魔法祭坛,,0,3034|4039|,3039|4040|,3010|4041|,3011|4042|
50272,0,0,1,2000,0,2151.46,3956.58,69.94,100,,,,ART_Name_001029,ART_Subname_001029,伯尔尼哈特高原,内特伦废墟,,0,3034|4039|,3039|4040|,3010|4041|,3011|4042|
50273,1,0,1,2000,0,2410.87,3971.99,101.38,130,,,,ART_Name_001030,ART_Subname_001030,伯尔尼哈特高原,莫斯罗姆之丘,,0,3034|,3039|,3010|,3011|
50274,0,0,0,2000,0,2427.69,3908.67,78.97,25,2429.00|3906.89|79.04,,,ART_Name_001031,ART_Subname_001031,伯尔尼哈特高原,莫斯罗姆野营地,,0,,,,
50275,0,0,1,2000,0,2399.98,3778.38,70.73,120,,,,ART_Name_001032,ART_Subname_001032,伯尔尼哈特高原,伯尔尼哈特,,0,3059|4039|,3060|4040|,3061|4041|,3062|4042|
50276,0,0,0,2000,0,2317.75,3628.56,63.63,60,,,,ART_Name_001033,ART_Subname_001033,伯尔尼哈特高原,伯尔尼村庄,,0,,,,
50277,0,0,0,2000,0,2220.2,3791.55,68.42,20,,,,ART_Name_001034,ART_Subname_001034,伯尔尼哈特高原,伯尔尼野营地,,0,,,,
50278,1,0,1,2000,0,2156.72,3674.9,71.68,100,,,,ART_Name_001035,ART_Subname_001035,伯尔尼哈特高原,恩特里斯遗迹,,0,3034|4039|,3039|4040|,3010|4041|,3011|4042|
50279,0,0,0,2000,0,2449.92,3452.94,34.86,100,,,,ART_Name_001036,ART_Subname_001036,古老的丛林,恩特里斯丛林,,0,,,,
50280,1,0,1,2000,0,2467.09,3219.96,63.92,110,,,,ART_Name_001037,ART_Subname_001037,隐退者之谷,浮游城入口,,0,3034|4030|,3039|4031|,3010|4032|,3011|4033|1010|
50281,0,0,1,2000,0,2172.13,3234.7,56.23,130,,,,ART_Name_001038,ART_Subname_001038,古老的丛林,被诅咒的森林,,0,3034|4039|1010|,3039|4040|,3010|4041|,3011|4042|1010|
50282,0,0,0,2000,0,2200.3,3537.79,44.48,50,2200.73|3534.99|44.23,,,ART_Name_001039,ART_Subname_001039,古老的丛林,霍乱村庄,,0,,,,
50283,0,0,1,2000,0,2246.77,3380.93,33.21,50,,,,ART_Name_001040,ART_Subname_001040,古老的丛林,死亡寺院入口,,0,3034|,3039|,3010|,3011|
50284,0,0,0,2000,0,2564.06,3690.73,59.36,50,2568.13|3686.53|57.56,,,ART_Name_001041,ART_Subname_001041,克里特高原,伦蒂亚野营地,,0,,,,
50285,0,0,0,2000,0,2709,3763.35,18.13,100,,,,ART_Name_001042,ART_Subname_001042,克里特高原,暗月屠场,,0,,,,
50286,0,0,0,2000,0,2831.83,3767.07,6.75,20,,,,ART_Name_001043,ART_Subname_001043,克里特高原,格兰特野营地,,0,,,,
50287,0,0,0,2000,0,2955.92,3732.52,4.14,100,,,,ART_Name_001044,ART_Subname_001044,克里特高原,暗月废墟,,0,,,,
50288,0,0,0,2000,0,2884,3951.29,22.25,130,,,,ART_Name_001045,ART_Subname_001045,克里特高原,克里特丛林,,0,,,,
50289,0,0,1,2000,0,2662.6,3978.86,88.87,80,,,,ART_Name_001046,ART_Subname_001046,克里特高原,精灵祭坛,,0,3059|4039|,3060|4040|,3061|4041|,3062|4042|
50290,0,0,0,2000,0,2962.53,3471.95,59.34,110,,,,ART_Name_001047,ART_Subname_001047,隐退者之谷,汤姆森的农场,,0,,,,
50291,0,0,0,2000,0,2812.41,3404.6,12.7,50,2814.54|3427.24|13.66,,,ART_Name_001048,ART_Subname_001048,隐退者之谷,隐退者村庄,,0,,,,
50292,1,0,0,2000,0,2653.54,3498.48,28.8,90,,,,ART_Name_001049,ART_Subname_001049,隐退者之谷,血斧部队驻扎地,,0,,,,
50293,0,0,0,2000,0,2783.38,3249.09,58.4,100,,,,ART_Name_001050,ART_Subname_001050,隐退者之谷,死亡高原,,0,,,,
50294,0,0,0,2000,0,2928.77,3239.27,62.46,50,,,,ART_Name_001051,ART_Subname_001051,隐退者之谷,佩纳安营地,,0,,,,
50295,0,0,0,4040,0,298.74,250.73,43.19,100,,,,ART_Name_001052,ART_Subname_001052,死亡寺院,死亡神殿,,0,,,,
50296,0,0,0,4040,0,133.99,422.95,4.14,80,,,,ART_Name_001053,ART_Subname_001053,死亡寺院,死者之坡,,0,,,,
50297,0,0,0,4040,0,309.3,430.6,-11.18,80,,,,ART_Name_001054,ART_Subname_001054,死亡寺院,沉默的安息处,,0,,,,
50298,1,0,0,4040,0,101.99,240.65,-4.62,70,,,,ART_Name_001055,ART_Subname_001055,死亡寺院,亡人之村,,0,,,,
50299,0,0,0,4040,0,113.36,75.07,-7.43,60,,,,ART_Name_001056,ART_Subname_001056,死亡寺院,龟裂的大地及通道,,0,,,,
50300,1,0,0,4060,0,378.84,414.18,24.92,120,,,,ART_Name_001057,ART_Subname_001057,克拉伍德活体实验室,黑暗观察团巡逻地,,0,,,,
50301,0,0,0,4060,0,345.05,235.67,0.32,60,,,,ART_Name_001058,ART_Subname_001058,克拉伍德活体实验室,战俘收容所,,0,,,,
50302,0,0,0,4060,0,233.19,151.95,27.58,80,,,,ART_Name_001059,ART_Subname_001059,克拉伍德活体实验室,诺斯夸储藏室,,0,,,,
50303,0,0,0,4060,0,52.28,97.21,39.19,80,,,,ART_Name_001060,ART_Subname_001060,克拉伍德活体实验室,实验体孵化场,,0,,,,
50304,0,0,0,4060,0,124.86,425.63,42.68,50,,,,ART_Name_001061,ART_Subname_001061,克拉伍德活体实验室,战斗实验室,,0,,,,
50305,1,0,0,4080,0,372.46,122.09,5.91,120,,,,ART_Name_001062,ART_Subname_001062,恶鬼峡谷,无名者的墓地,,0,,,,
50306,0,0,0,4080,0,125.52,203.3,3.71,120,,,,ART_Name_001063,ART_Subname_001063,恶鬼峡谷,雾之峡谷,,0,,,,
50307,1,0,0,4080,0,316.44,319.42,4.64,70,,,,ART_Name_001064,ART_Subname_001064,恶鬼峡谷,受诅咒的刑场,,0,,,,
50308,1,0,0,4080,0,471.17,335.78,22.55,80,,,,ART_Name_001065,ART_Subname_001065,恶鬼峡谷,黑暗的洞窟,,0,,,,
50309,0,0,0,4080,0,146.47,427.03,20.79,80,,,,ART_Name_001066,ART_Subname_001066,恶鬼峡谷,黑暗要塞正门,,0,,,,
50310,0,0,0,4090,0,435.59,92.68,-22.42,100,,,,ART_Name_001067,ART_Subname_001067,黑暗要塞,龟裂的大地,,0,,,,
50311,0,0,0,4090,0,350.85,438.37,14.58,50,,,,ART_Name_001068,ART_Subname_001068,黑暗要塞,作战指挥室,,0,,,,
50312,1,0,0,4090,0,119.07,441.42,27.23,70,,,,ART_Name_001069,ART_Subname_001069,黑暗要塞,沦落的殿堂,,0,,,,
50313,1,0,0,4090,0,61.78,86.71,33.7,100,,,,ART_Name_001070,ART_Subname_001070,黑暗要塞,混沌的殿堂,,0,,,,
50314,1,0,0,4090,0,245.94,16.12,22.07,80,,,,ART_Name_001071,ART_Subname_001071,黑暗要塞,大地之门,,0,,,,
50315,0,0,0,4440,0,327.46,142.87,155.74,60,,,,ART_Name_001072,ART_Subname_001072,哈比人的乐园,女王的卧室,,0,,,,
50316,0,0,0,4440,0,304.69,312.18,155.63,50,,,,ART_Name_001073,ART_Subname_001073,哈比人的乐园,巨大的洗脑物种,,0,,,,
50317,0,0,0,4440,0,192.9,102.39,127.34,80,,,,ART_Name_001074,ART_Subname_001074,哈比人的乐园,战利品仓库,,0,,,,
50318,0,0,0,4440,0,461.51,167.84,121.88,80,,,,ART_Name_001075,ART_Subname_001075,哈比人的乐园,乐园的阶梯,,0,,,,
50319,1,0,0,4440,0,145.48,296.83,131,100,,,,ART_Name_001076,ART_Subname_001076,哈比人的乐园,染黑的回声,,0,,,,
50320,1,0,0,4450,0,151.78,480.49,4.72,100,,,,ART_Name_001077,ART_Subname_001077,暴风古城,灵魂回廊,,0,,,,
50321,1,0,0,4450,0,56.84,228.41,13.86,90,,,,ART_Name_001078,ART_Subname_001078,暴风古城,尸体实验室,,0,,,,
50322,1,0,0,4450,0,223.62,269.03,22.52,50,,,,ART_Name_001079,ART_Subname_001079,暴风古城,深渊之洞,,0,,,,
50323,1,0,0,4450,0,251.93,116.62,18.34,100,,,,ART_Name_001080,ART_Subname_001080,暴风古城,灾难之穴,,0,,,,
50324,0,0,0,4460,0,398.29,90.47,43.38,50,,,,ART_Name_001081,ART_Subname_001081,战士们的圣地,铁的攻防战,,0,,,,
50325,0,0,0,4460,0,449.81,273.56,13.46,80,,,,ART_Name_001082,ART_Subname_001082,战士们的圣地,战士泉水,,0,,,,
50326,1,0,0,4460,0,423.52,462.9,102.83,80,,,,ART_Name_001083,ART_Subname_001083,战士们的圣地,往下流淌的岩石回廊,,0,,,,
50327,0,0,0,4460,0,92.97,438.95,75.49,80,,,,ART_Name_001084,ART_Subname_001084,战士们的圣地,友利岩石,,0,,,,
50328,0,0,0,4460,0,175.39,111.65,52.91,150,,,,ART_Name_001085,ART_Subname_001085,战士们的圣地,十字路口广场,,0,,,,
50329,0,0,0,4470,0,470.16,127.2,9.32,80,,,,ART_Name_001086,ART_Subname_001086,红顶火山洞穴,红顶火山洞穴最深部,,0,,,,
50330,0,0,0,4470,0,84.04,97.05,-11.53,80,,,,ART_Name_001087,ART_Subname_001087,红顶火山洞穴,愤怒之地,,0,,,,
50331,0,0,0,4470,0,91.64,423.49,3.04,80,,,,ART_Name_001088,ART_Subname_001088,红顶火山洞穴,火花之地,,0,,,,
50332,0,0,0,4470,0,253.78,379.19,29.81,50,,,,ART_Name_001089,ART_Subname_001089,红顶火山洞穴,中央广场,,0,,,,
50333,0,0,0,4470,0,384.94,256.98,19.59,40,,,,ART_Name_001090,ART_Subname_001090,红顶火山洞穴,灼热之地,,0,,,,
50334,0,0,0,4470,0,241.78,245.82,29.85,70,,,,ART_Name_001091,ART_Subname_001091,红顶火山洞穴,熔岩石开采地,,0,,,,
50335,1,0,0,4480,0,155.92,488.76,146.73,80,,,,ART_Name_001092,ART_Subname_001092,灰色半兽人村庄,灰色祭坛,,0,,,,
50336,0,0,0,4480,0,133.05,322.79,97.06,70,,,,ART_Name_001093,ART_Subname_001093,灰色半兽人村庄,鲜红核心地,,0,,,,
50337,0,0,0,4480,0,367.06,437.89,104.62,100,,,,ART_Name_001094,ART_Subname_001094,灰色半兽人村庄,智慧门临时驻扎地,,0,,,,
50338,0,0,0,4480,0,392.12,94.13,66.46,100,,,,ART_Name_001095,ART_Subname_001095,灰色半兽人村庄,常住地,,0,,,,
50339,0,0,0,4480,0,215.64,93.74,67.13,70,,,,ART_Name_001096,ART_Subname_001096,灰色半兽人村庄,休息地,,0,,,,
50340,0,0,0,4490,0,352.95,431.82,-0.48,100,,,,ART_Name_001097,ART_Subname_001097,光之地下庭院内,泉水沿线,,0,,,,
50341,0,0,0,4490,0,412.38,189.62,13.16,100,,,,ART_Name_001098,ART_Subname_001098,光之地下庭院内,粉碎的碎片公园,,0,,,,
50342,0,0,1,4490,0,227.12,135.3,9.04,70,,,,ART_Name_001099,ART_Subname_001099,光之地下庭院内,漩涡广场,,0,3038|4032|,3038|4032|,3038|4032|,3038|4032|
50343,0,0,0,4490,0,132.56,212.31,3.44,50,,,,ART_Name_001100,ART_Subname_001100,光之地下庭院内,贫瘠的花园,,0,,,,
50344,0,0,0,4490,0,123.93,62.29,14.15,40,,,,ART_Name_001101,ART_Subname_001101,光之地下庭院内,天堂之路,,0,,,,
50345,0,0,0,4490,0,81.38,422.56,0,80,,,,ART_Name_001102,ART_Subname_001102,光之地下庭院内,龙的栖息地,,0,,,,
50346,1,0,1,4900,0,256,256,-4.83,256,,,,ART_Name_001103,ART_Subname_001103,克罗西亚竞技场,,,0,3063|4038|,3063|4038|,3063|4038|,3063|4038|
50347,1,2,0,4090,0,245,102.79,26.3,17,,,,ART_Name_001104,ART_Subname_001104,,,,0,,,,
50348,1,2,0,4091,0,245,102.79,26.3,17,,,,ART_Name_001105,ART_Subname_001105,,,,0,,,,
50349,1,2,0,4092,0,245,102.79,26.3,17,,,,ART_Name_001106,ART_Subname_001106,,,,0,,,,
50351,1,2,0,4490,0,83.41,383.86,-5.33,10,,,,ART_Name_001107,ART_Subname_001107,,,,0,,,,
50352,1,2,0,4491,0,83.41,383.86,-5.33,10,,,,ART_Name_001108,ART_Subname_001108,,,,0,,,,
50353,1,2,0,4492,0,83.41,383.86,-5.33,10,,,,ART_Name_001109,ART_Subname_001109,,,,0,,,,
50355,0,0,0,2000,0,2705.85,4844.95,174.83,50,,,,ART_Name_001110,ART_Subname_001110,风之溪谷,斯蒂尔普瑞斯东门外,,0,,,,
50356,0,0,0,2000,0,2819.08,5040.19,175.12,30,,,,ART_Name_001111,ART_Subname_001111,风之溪谷,山脉地质研究所,,0,,,,
50357,0,0,0,2000,0,2839.03,4664.1,163.06,40,2839.03|4664.10|163.08,,风之溪谷交易所,ART_Name_001112,ART_Subname_001112,风之溪谷,风之溪谷交易所,,0,,,,
50358,0,0,1,2000,0,2881.83,4885.13,189.3,50,,,,ART_Name_001113,ART_Subname_001113,风之溪谷,倒塌的大地之塔,,0,3059|4039|,3060|4040|,3061|4041|,3062|4042|
50359,0,0,1,2000,0,2954.2,5048.06,185.98,70,2945.51|5007.17|186.19,,山腰入口勘探队,ART_Name_001114,ART_Subname_001114,风之溪谷,山腰入口勘探队,,0,3059|4039|,3060|4040|,3061|4041|,3062|4042|
50360,0,0,1,2000,0,2939.76,4865.55,181.73,80,,,,ART_Name_001115,ART_Subname_001115,风之溪谷,蒸汽地带,,0,4039|3059|,4040|3060|,4041|3061|,4042|3062|
50361,1,0,1,2000,0,2975.9,4693.16,186.88,100,2984.81|4482.22|175.71,,补充兵简易棚(异常处理),ART_Name_001116,ART_Subname_001116,风之溪谷,俘虏人体实验区,,0,3034|1010|4017|,3039|1011|4010|,3010|1010|4019|,3011|
50362,0,0,0,2000,0,2785.96,4544.14,157.95,30,,,,ART_Name_001117,ART_Subname_001117,灰色山脊,博尔特工坊,,0,,,,
50363,0,0,0,2000,0,2672.8,4440.21,157.92,30,,,,ART_Name_001118,ART_Subname_001118,灰色山脊,风之溪谷制品处,,0,,,,
50364,0,0,1,2000,0,2671.65,4189.1,151.36,120,,,,ART_Name_001119,ART_Subname_001119,灰色山脊,山脉蚂蚁栖息地,,0,3034|4017|1010|,3039|4010|1011|,3010|1010|4019|,3011|
50365,0,0,0,2000,0,2720.08,4187.3,153.93,20,,,,ART_Name_001120,ART_Subname_001120,灰色山脊,商人物资运输团,,0,,,,
50366,0,0,1,2000,0,2778.4,4294.19,164.12,80,,,,ART_Name_001121,ART_Subname_001121,灰色山脊,山脉峡谷道路,,0,3034|1010|4017|,3039|1011|4010|,3010|1010|4019|,3011|
50367,0,0,1,2000,0,2869.68,4171.69,150.68,100,,,,ART_Name_001122,ART_Subname_001122,灰色山脊,火焰结晶采石场,,0,3034|1010|4017|,3039|1011|4010|,3010|1010|4019|,3011|
50368,0,0,0,2000,0,3009.19,4174.65,156.41,50,2997.77|4177.22|156.22,,山脉商人营地,ART_Name_001123,ART_Subname_001123,灰色山脊,山脉商人营地,,0,,,,
50369,1,0,1,2000,0,2969.7,4343.06,168.05,110,,,,ART_Name_001124,ART_Subname_001124,灰色山脊,山脉飞龙巢穴,,0,3034|4017|1010|,3039|4010|1011|,3010|1010|4019|,3011|
50370,0,0,1,2000,0,2977.47,4477.9,175.7,25,2984.81|4482.22|175.71,,补充兵简易棚,ART_Name_001125,ART_Subname_001125,灰色山脊,补充兵简易棚,,0,3034|4017|1010|,3039|4010|1011|,3010|4019|1010|,3011|
50371,1,0,1,2000,0,2968.58,4540.32,176.51,100,,,,ART_Name_001126,ART_Subname_001126,灰色山脊,活体实验室入口,,0,4017|3034|1010|,4010|3039|1011|,3010|1010|4019|,3011|
50372,0,0,1,2000,0,3072.27,4987.62,199.97,70,,,,ART_Name_001127,ART_Subname_001127,烧焦盆地,山脉魔鬼地带,,0,4039|3059|,4040|3060|,4041|3061|,4042|3062|
50373,0,0,0,2000,0,3170.27,5090.87,217.25,30,,,,ART_Name_001128,ART_Subname_001128,烧焦盆地,纪山特住处,,0,,,,
50374,0,0,0,2000,0,3211.92,4978.06,223.59,80,,,,ART_Name_001129,ART_Subname_001129,烧焦盆地,烧焦的森林,,0,,,,
50375,0,0,0,2000,0,3367.07,5030.49,234.96,80,,,,ART_Name_001130,ART_Subname_001130,烧焦盆地,眼泪森林山脉,,0,,,,
50376,0,0,0,2000,0,3156.59,4700.49,233.62,100,,,,ART_Name_001131,ART_Subname_001131,烧焦盆地,被夺走的哈比栖息地,,0,,,,
50377,0,0,0,2000,0,3296.38,4726.02,239.63,40,3295.63|4729.11|239.63,,术士软禁村,ART_Name_001132,ART_Subname_001132,烧焦盆地,炼金术士村,,0,,,,
50378,0,0,0,2000,0,3351.31,4845.52,244.04,90,,,,ART_Name_001133,ART_Subname_001133,烧焦盆地,红翅栖息地,,0,,,,
50379,0,0,0,2000,0,3416.94,4654.66,240.15,60,,,,ART_Name_001134,ART_Subname_001134,烧焦盆地,大地之塔,,0,,,,
50380,0,0,0,2000,0,3538.02,4662.93,253.67,50,,,,ART_Name_001135,ART_Subname_001135,烧焦盆地,其他的精灵森林,,0,,,,
50381,0,0,0,2000,0,3532.06,4832.35,258.6,50,3534.46|4837.74|258.66,,半山搜查队,ART_Name_001136,ART_Subname_001136,烧焦盆地,山腰山脉的调查。,,0,,,,
50382,0,0,0,2000,0,3556.52,5016.26,264.01,100,,,,ART_Name_001137,ART_Subname_001137,烧焦盆地,红泪瀑布,,0,,,,
50383,0,0,0,2000,0,3908.35,4826.59,395.56,100,,,,ART_Name_001138,ART_Subname_001138,火焰发源地,龙巢穴败火药,,0,,,,
50384,0,0,0,2000,0,3732.55,5074.22,291.23,80,,,,ART_Name_001139,ART_Subname_001139,火焰发源地,山脉正常研究所,,0,,,,
50385,0,0,0,2000,0,3729.17,4874.15,279.2,70,3751.73|4857.06|279.20,,山体勘察队禁地,ART_Name_001140,ART_Subname_001140,火焰发源地,山脉勘探队阵地,,0,,,,
50386,0,0,0,2000,0,3637.22,4778.22,279.74,60,,,,ART_Name_001141,ART_Subname_001141,火焰发源地,熔岩山脉用族栖息地,,0,,,,
50387,0,0,0,2000,0,3744.58,4731.39,293.37,50,,,,ART_Name_001142,ART_Subname_001142,火焰发源地,火焰火焰栖息地,,0,,,,
50388,0,0,0,2000,0,3873.9,4662.41,288.72,80,,,,ART_Name_001143,ART_Subname_001143,火焰发源地,熔岩温泉地带,,0,,,,
50389,0,0,0,2000,0,4031.49,4689.08,290.39,80,,,,ART_Name_001144,ART_Subname_001144,火焰发源地,熔岩山脉巨大栖息地,,0,,,,
50390,0,0,0,2000,0,4029.83,4966.4,323.31,50,,,,ART_Name_001145,ART_Subname_001145,火焰发源地,监视塔,,0,,,,
50391,0,0,0,2000,0,3951.37,5037.79,315.2,70,,,,ART_Name_001146,ART_Subname_001146,火焰发源地,戴穆里申侦察队,,0,,,,
50396,1,0,1,2005,0,256,256,10.87,256,468.03|55.97|-21.57,43.31|466.65|-21.44,,ART_Name_001147,ART_Subname_001147,凌晨的露水沙漠,决战地,Sound/BGM/BGM_26.ogg|Sound/BGM/BGM_22.ogg,0,3046|4037|,3046|4037|,3046|4037|,3046|4037|
50397,0,0,0,2000,0,6033.36,7914.61,124.94,60,,,,ART_Name_001148,ART_Subname_001148,星星细语田野,临时基地,,0,,,,
50398,0,0,0,2000,0,5952.83,8036.2,118.9,50,,,,ART_Name_001149,ART_Subname_001149,星星细语田野,布鲁伍森先遣部队,,0,,,,
50399,0,0,0,2000,0,5936.9,7925.02,118.59,30,,,,ART_Name_001150,ART_Subname_001150,星星细语田野,春之光果蔬园,,0,,,,
50400,0,0,0,2000,0,5790.16,7892.03,125.35,50,,,,ART_Name_001151,ART_Subname_001151,星星细语田野,拉蓬提普活动地,,0,,,,
50401,0,0,0,2000,0,5760.4,7963.41,128.91,30,,,,ART_Name_001152,ART_Subname_001152,星星细语田野,布鲁伍森出击队,,0,,,,
50402,0,0,0,2000,0,5719.56,8067.91,133.26,50,,,,ART_Name_001153,ART_Subname_001153,星星细语田野,和风谷丛林,,0,,,,
50403,0,0,0,2000,0,5682.47,7842.47,132.63,50,,5690.16|7854.17|131.80,,ART_Name_001154,ART_Subname_001154,星星细语田野,首相村庄,,0,,,,
50404,0,0,0,2000,0,5698.87,7977.75,131,50,,,,ART_Name_001155,ART_Subname_001155,星星细语田野,和风谷丛林,,0,,,,
50405,0,0,1,2000,0,5460.01,7896.02,144.82,30,,,,ART_Name_001156,ART_Subname_001156,灵魂瀑布,斯库拉祭坛,,0,3034|,3039|1010|,3010|,3011|
50406,0,0,0,2000,0,5428.07,7905.37,121.85,100,,,,ART_Name_001157,ART_Subname_001157,灵魂瀑布,古老的灵魂瀑布,,0,,,,
50407,0,0,0,2000,0,5556.69,7808.75,131.43,60,,,,ART_Name_001158,ART_Subname_001158,灵魂瀑布,古老的灵魂瀑布入口,,0,,,,
50408,0,0,0,2000,0,5384.26,7784.33,138.65,30,,5380.29|7789.79|138.61,,ART_Name_001159,ART_Subname_001159,灵魂瀑布,灵魂的祭坛,,0,,,,
50409,0,0,0,2000,0,5228.81,7842.4,138.2,90,,,,ART_Name_001160,ART_Subname_001160,灵魂瀑布,伯尔尼哈特阵营,,0,,,,
50410,0,0,0,2000,0,5296.19,7992.51,130.79,60,,,,ART_Name_001161,ART_Subname_001161,灵魂瀑布,砂轮阵营,,0,,,,
50411,0,0,0,2000,0,5437.81,8032.45,130.58,30,,,,ART_Name_001162,ART_Subname_001162,灵魂瀑布,布鲁伍森避难所,,0,,,,
50412,0,0,0,2000,0,5395.7,8119.96,131.88,50,,,,ART_Name_001163,ART_Subname_001163,灵魂瀑布,布鲁伍森敌方阵营,,0,,,,
50413,0,0,0,2000,0,5267.83,8146.08,131.69,40,,,,ART_Name_001164,ART_Subname_001164,灵魂瀑布,布鲁伍森避难所,,0,,,,
50414,0,0,0,2000,0,5561.46,8002.9,129.79,80,,,,ART_Name_001165,ART_Subname_001165,灵魂瀑布,飞龙栖息地,,0,,,,
50415,0,0,1,2000,0,5175.27,8192.88,128.88,100,,,,ART_Name_001166,ART_Subname_001166,休憩的溪谷,休憩的峡谷入口,,0,3020|,3021|,3022|,3023|
50416,0,0,1,2000,0,5021.81,8279.14,128.82,150,,,,ART_Name_001167,ART_Subname_001167,休憩的溪谷,内克洛斯栖息地,,0,3020|,3021|,3022|,3023|
50417,1,0,1,2000,0,4856.38,8289.48,148.79,50,,4859.22|8289.72|148.66,,ART_Name_001168,ART_Subname_001168,休憩的溪谷,硫磺村庄,,0,3020|,3021|,3022|,3023|
50418,1,0,1,2000,0,4725.68,8292.1,133.06,100,,,,ART_Name_001169,ART_Subname_001169,休憩的溪谷,硫磺溪谷,,0,3020|,3021|,3022|,3023|
50419,0,0,0,2000,0,4815.73,8515.52,105.51,100,,,,ART_Name_001170,ART_Subname_001170,休憩的溪谷,间歇泉地区,,0,,,,
50420,0,0,0,2000,0,4857.14,8618.13,129.49,40,,,,ART_Name_001171,ART_Subname_001171,休憩的溪谷,火山管理所,,0,,,,
50421,0,0,0,2000,0,5067.6,8552.4,148.02,100,,,,ART_Name_001172,ART_Subname_001172,休憩的溪谷,红顶火山进山路,,0,,,,
50422,0,0,0,2000,0,5286.19,8315.45,192.58,50,,,,ART_Name_001173,ART_Subname_001173,红顶火山,火山村庄,,0,,,,
50423,0,0,0,2000,0,5199.32,8415.44,171.71,80,,,,ART_Name_001174,ART_Subname_001174,红顶火山,蒸汽高原,,0,,,,
50424,0,0,0,2000,0,5290.28,8488.73,180.73,60,,,,ART_Name_001175,ART_Subname_001175,红顶火山,炭黑溪谷入口,,0,,,,
50425,0,0,0,2000,0,5348.62,8558.44,210.23,30,,5350.33|8564.73|210.02,,ART_Name_001176,ART_Subname_001176,红顶火山,戴穆里申讨伐队据点,,0,,,,
50426,0,0,0,2000,0,5283.66,8648.46,202.44,80,,,,ART_Name_001177,ART_Subname_001177,红顶火山,炭黑溪谷,,0,,,,
50427,0,0,0,2000,0,5505.24,8624.07,208.33,100,,,,ART_Name_001178,ART_Subname_001178,红顶火山,古老的熔岩之路,,0,,,,
50428,0,0,0,2000,0,5476.07,8466.88,230.25,40,,,,ART_Name_001179,ART_Subname_001179,红顶火山,熔岩瀑布入口,,0,,,,
50429,0,0,0,2000,0,5481.09,8369.62,262.64,60,,,,ART_Name_001180,ART_Subname_001180,红顶火山,红顶火山,,0,,,,
50430,1,0,1,1012,0,256,256,44.35,256,,,,ART_Name_001181,ART_Subname_001181,暗杀战,古代城市萨基塔,Sound/BGM/BGM_26.ogg|Sound/BGM/BGM_22.ogg,0,3051|4046|,3051|4046|,3051|4046|,3051|4046|
50431,1,0,1,2004,0,256,256,21.4,256,63.83|107.15|-8.00,442.89|405.82|45.73,,ART_Name_001182,ART_Subname_001182,圆滚滚的丘陵地：,决战地,Sound/BGM/BGM_26.ogg|Sound/BGM/BGM_22.ogg,0,3050|4048|,3050|4048|,3050|4048|,3050|4048|
50432,0,0,0,1007,0,248.94,266,14.71,50,,,,ART_Name_001183,ART_Subname_001183,英雄战：,虚无的裂纹,,0,,,,
50433,0,0,0,1007,0,247.05,381.48,37.6,70,,,,ART_Name_001184,ART_Subname_001184,英雄战：,火之关,,0,,,,
50434,0,0,0,1007,0,255.49,142.19,39.96,70,,,,ART_Name_001185,ART_Subname_001185,英雄战：,大地之关,,0,,,,
50435,0,0,0,1007,0,369.79,251.59,32.88,70,,,,ART_Name_001186,ART_Subname_001186,英雄战：,痛苦之谷,,0,,,,
50436,0,0,0,1007,0,135.3,270.31,33.53,70,,,,ART_Name_001187,ART_Subname_001187,英雄战：,勇气之谷,,0,,,,
50437,0,0,0,1008,0,253.41,257.84,-0.01,70,,,,ART_Name_001188,ART_Subname_001188,圣物占领战:,萌芽的大地,,0,,,,
50438,0,0,0,1008,0,404.16,257.02,21.26,80,,,,ART_Name_001189,ART_Subname_001189,圣物占领战:,奔跑的山坡,,0,,,,
50439,0,0,0,1008,0,104.78,261.56,-9.42,80,,,,ART_Name_001190,ART_Subname_001190,圣物占领战:,开放的洞穴,,0,,,,
50440,0,0,0,1008,0,252.71,392.18,11.17,70,,,,ART_Name_001191,ART_Subname_001191,圣物占领战:,烧焦的巢穴,,0,,,,
50441,0,0,0,1008,0,252.22,116.76,10.42,70,,,,ART_Name_001192,ART_Subname_001192,圣物占领战:,流动的巢穴,,0,,,,
50442,0,0,0,1010,0,256.51,359.04,-19.33,60,,,,ART_Name_001193,ART_Subname_001193,圣物破坏战:,天之关,,0,,,,
50443,0,0,0,1010,0,150.65,335.38,1.44,50,,,,ART_Name_001194,ART_Subname_001194,圣物破坏战:,天空碎片,,0,,,,
50444,0,0,0,1010,0,362.61,341.45,1.57,50,,,,ART_Name_001195,ART_Subname_001195,圣物破坏战:,流星碎片,,0,,,,
50445,0,0,0,1010,0,256.76,188.04,-8.63,80,,,,ART_Name_001196,ART_Subname_001196,圣物破坏战:,一日碎片,,0,,,,
50446,0,0,0,1010,0,114.38,88.93,-21.28,70,,,,ART_Name_001197,ART_Subname_001197,圣物破坏战:,冬之碎片,,0,,,,
50447,0,0,0,1010,0,390.96,86.25,-21.71,70,,,,ART_Name_001198,ART_Subname_001198,圣物破坏战:,夏之碎片,,0,,,,
50448,0,0,0,1011,0,93.44,109.57,15.49,90,,,,ART_Name_001199,ART_Subname_001199,全面战:,痛哭之谷,,0,,,,
50449,1,0,0,1011,0,403.36,92.07,4.04,65,,,,ART_Name_001200,ART_Subname_001200,全面战:,坍塌的阿尔代亚驻地,,0,,,,
50450,0,0,0,1011,0,387.19,229.02,8.59,10,,,,ART_Name_001201,ART_Subname_001201,全面战:,坍塌的阿尔代亚行政区,,0,,,,
50451,0,0,0,1011,0,255.22,260.87,-11.5,90,,,,ART_Name_001202,ART_Subname_001202,全面战:,坍塌的阿尔代亚广场,,0,,,,
50452,1,0,0,1011,0,101.02,425.24,7.03,65,,,,ART_Name_001203,ART_Subname_001203,全面战:,坍塌的阿尔代亚驻地,,0,,,,
50453,0,0,0,1011,0,406.14,228.59,6.96,70,,,,ART_Name_001204,ART_Subname_001204,全面战:,坍塌的阿尔代亚行政区,,0,,,,
50454,0,0,0,1011,0,414.27,423.17,14.84,80,,,,ART_Name_001205,ART_Subname_001205,全面战:,约束之谷,,0,,,,
50455,0,0,0,1011,0,102.15,271.29,7.07,70,,,,ART_Name_001206,ART_Subname_001206,全面战:,坍塌的商业地区,,0,,,,
50456,1,0,0,1012,0,256,255.75,44.33,40,,,,ART_Name_001207,ART_Subname_001207,暗杀战:,十字路口,,0,,,,
50457,0,0,0,1012,0,255.57,48.28,72.9,80,,,,ART_Name_001208,ART_Subname_001208,暗杀战:,阿达玛斯的第二结界,,0,,,,
50458,0,0,0,1012,0,75.3,113.91,45.56,55,,,,ART_Name_001209,ART_Subname_001209,暗杀战:,要塞左侧军事待机室,,0,,,,
50459,0,0,0,1012,0,436.14,116.42,45.56,55,,,,ART_Name_001210,ART_Subname_001210,暗杀战:,要塞右侧军事待机室,,0,,,,
50460,1,0,0,1012,0,162.78,185.18,30.93,60,,,,ART_Name_001211,ART_Subname_001211,暗杀战:,被破坏的第五结界房,,0,,,,
50461,1,0,0,1012,0,348.14,186.99,30.84,60,,,,ART_Name_001212,ART_Subname_001212,暗杀战:,被破坏的第六结界房,,0,,,,
50462,1,0,0,1012,0,163.69,338.95,31.32,60,,,,ART_Name_001213,ART_Subname_001213,暗杀战:,阿达玛斯的第三结界房,,0,,,,
50463,1,0,0,1012,0,348,341.62,30.84,55,,,,ART_Name_001214,ART_Subname_001214,暗杀战:,阿达玛斯的第四结界房,,0,,,,
50464,0,0,0,1012,0,74.84,410.48,45.66,60,,,,ART_Name_001215,ART_Subname_001215,暗杀战:,作战会议室,,0,,,,
50465,0,0,0,1012,0,436.91,413.01,45.66,60,,,,ART_Name_001216,ART_Subname_001216,暗杀战:,接见室,,0,,,,
50466,1,0,0,1012,0,255.8,476.81,68.97,70,,,,ART_Name_001217,ART_Subname_001217,暗杀战:,阿达玛斯的第二结界,,0,,,,
50467,1,0,0,2500,0,86.45,402.28,188.05,60,,,,ART_Name_001218,ART_Subname_001218,斯蒂尔普瑞斯:,军事驻地,,0,,,,
50468,1,0,0,2500,0,113.36,117.42,180.58,80,,,,ART_Name_001219,ART_Subname_001219,斯蒂尔普瑞斯:,德莱根西温居住区,,0,,,,
50469,1,0,0,2500,0,386.93,116.83,175.59,70,,,,ART_Name_001220,ART_Subname_001220,斯蒂尔普瑞斯:,人类居住区,,0,,,,
50470,1,0,0,2500,0,413.72,407.81,186.27,60,,,,ART_Name_001221,ART_Subname_001221,斯蒂尔普瑞斯:,浮游居住区,,0,,,,
50471,0,0,0,2500,0,257.02,236.24,162.51,70,,,,ART_Name_001222,ART_Subname_001222,斯蒂尔普瑞斯:,中央广场,,0,,,,
50472,0,0,0,2500,0,257.7,385.26,205.16,80,,,,ART_Name_001223,ART_Subname_001223,斯蒂尔普瑞斯:,光之寺,,0,,,,
50473,0,0,0,2501,0,415.14,106.31,132.72,70,,,,ART_Name_001224,ART_Subname_001224,班迪路娜:,勇士殿堂,,0,,,,
50474,0,0,0,2501,0,262.07,269.38,166.13,85,,,,ART_Name_001225,ART_Subname_001225,班迪路娜:,银月广场,,0,,,,
50475,0,0,0,2501,0,90.79,129.41,139.9,80,,,,ART_Name_001226,ART_Subname_001226,班迪路娜:,门艾尔普大街,,0,,,,
50476,0,0,0,2501,0,405.97,419.82,169.11,98,,,,ART_Name_001227,ART_Subname_001227,班迪路娜:,水之寺,,0,,,,
50477,1,0,0,2501,0,109.32,409.47,142.8,85,,,,ART_Name_001228,ART_Subname_001228,班迪路娜:,军事训练所,,0,,,,
50478,0,0,0,1005,0,256.11,231.99,162.51,60,,,,ART_Name_001229,ART_Subname_001229,城市进攻:,中央广场,,0,,,,
50479,1,0,0,1005,0,93.06,380.43,186.27,70,,,,ART_Name_001230,ART_Subname_001230,城市进攻:,军事驻地,,0,,,,
50480,1,0,0,1005,0,425.59,400.61,186.27,70,,,,ART_Name_001231,ART_Subname_001231,城市进攻:,浮游居住区,,0,,,,
50481,1,0,0,1005,0,255.09,374.61,205.16,70,,,,ART_Name_001232,ART_Subname_001232,城市进攻:,光之寺,,0,,,,
50482,0,0,0,1006,0,262.5,269.89,165.11,100,,,,ART_Name_001233,ART_Subname_001233,城市进攻:,银月广场,,0,,,,
50483,1,0,0,1006,0,115.82,410.96,142.8,80,,,,ART_Name_001234,ART_Subname_001234,城市进攻:,军事训练所,,0,,,,
50484,1,0,0,1006,0,408.02,412.68,169.11,70,,,,ART_Name_001235,ART_Subname_001235,城市进攻:,水之寺,,0,,,,
50485,0,0,0,1006,0,406.08,112.77,132.72,70,,,,ART_Name_001236,ART_Subname_001236,城市进攻:,勇士的殿堂,,0,,,,
50490,0,2,0,4500,0,190.24,126.73,13.49,7,,,,ART_Name_001237,ART_Subname_001237,,,,0,,,,
50491,0,2,0,4500,0,151.16,155.94,-2.19,4,,,,ART_Name_001238,ART_Subname_001238,,,,0,,,,
50492,0,2,0,4500,0,177.31,21.74,2.16,7,,,,ART_Name_001239,ART_Subname_001239,,,,0,,,,
50493,1,2,0,4500,0,240.55,181.06,6.92,6,,,,ART_Name_001240,ART_Subname_001240,,,,0,,,,
50494,0,2,0,4500,0,291.92,125.05,0.53,7,,,,ART_Name_001241,ART_Subname_001241,,,,0,,,,
50495,0,2,0,4500,0,346.44,139.46,-2.11,4,,,,ART_Name_001242,ART_Subname_001242,,,,0,,,,
50496,0,2,0,4500,0,293.19,36.96,2.85,7,,,,ART_Name_001243,ART_Subname_001243,,,,0,,,,
50497,1,2,0,4500,0,240.96,167.01,7.27,6,,,,ART_Name_001244,ART_Subname_001244,,,,0,,,,
50498,0,2,0,4501,0,190.24,126.73,13.49,7,,,,ART_Name_001245,ART_Subname_001245,,,,0,,,,
50499,0,2,0,4501,0,151.16,155.94,-2.19,4,,,,ART_Name_001246,ART_Subname_001246,,,,0,,,,
50500,0,2,0,4501,0,177.31,21.74,2.16,7,,,,ART_Name_001247,ART_Subname_001247,,,,0,,,,
50501,1,2,0,4501,0,240.55,181.06,6.92,6,,,,ART_Name_001248,ART_Subname_001248,,,,0,,,,
50502,0,2,0,4501,0,291.92,125.05,0.53,7,,,,ART_Name_001249,ART_Subname_001249,,,,0,,,,
50503,0,2,0,4501,0,346.44,139.46,-2.11,4,,,,ART_Name_001250,ART_Subname_001250,,,,0,,,,
50504,0,2,0,4501,0,293.19,36.96,2.85,7,,,,ART_Name_001251,ART_Subname_001251,,,,0,,,,
50505,1,2,0,4501,0,240.96,167.01,7.27,6,,,,ART_Name_001252,ART_Subname_001252,,,,0,,,,
50506,0,2,0,4502,0,190.24,126.73,13.49,7,,,,ART_Name_001253,ART_Subname_001253,,,,0,,,,
50507,0,2,0,4502,0,151.16,155.94,-2.19,4,,,,ART_Name_001254,ART_Subname_001254,,,,0,,,,
50508,0,2,0,4502,0,177.31,21.74,2.16,7,,,,ART_Name_001255,ART_Subname_001255,,,,0,,,,
50509,1,2,0,4502,0,240.55,181.06,6.92,6,,,,ART_Name_001256,ART_Subname_001256,,,,0,,,,
50510,0,2,0,4502,0,291.92,125.05,0.53,7,,,,ART_Name_001257,ART_Subname_001257,,,,0,,,,
50511,0,2,0,4502,0,346.44,139.46,-2.11,4,,,,ART_Name_001258,ART_Subname_001258,,,,0,,,,
50512,0,2,0,4502,0,293.19,36.96,2.85,7,,,,ART_Name_001259,ART_Subname_001259,,,,0,,,,
50513,1,2,0,4502,0,240.96,167.01,7.27,6,,,,ART_Name_001260,ART_Subname_001260,,,,0,,,,
50522,0,0,1,2000,0,1647.13,5362.1,84.08,50,,,,ART_Name_001261,ART_Subname_001261,微风平原:,盗贼团聚集地,,0,,3039|,3010|,3011|
50523,0,2,0,4700,0,884.81,434.9,35.94,5,,,,ART_Name_001262,ART_Subname_001262,,,,0,,,,
50524,0,2,0,4700,0,572.8,416.59,23.23,10,,,,ART_Name_001263,ART_Subname_001263,,,,0,,,,
50525,0,2,0,4700,0,943.72,466.86,35.95,4,,,,ART_Name_001264,ART_Subname_001264,,,,0,,,,
50526,0,2,0,4700,0,399.15,414.35,13.64,8,,,,ART_Name_001265,ART_Subname_001265,,,,0,,,,
50527,0,2,0,4700,0,343.08,317.24,13.64,5,,,,ART_Name_001266,ART_Subname_001266,,,,0,,,,
50528,0,2,0,4700,0,323.8,273.23,36.35,6,,,,ART_Name_001267,ART_Subname_001267,,,,0,,,,
50529,0,2,0,4700,0,78.64,132.78,60.02,5,,,,ART_Name_001268,ART_Subname_001268,,,,0,,,,
50530,0,2,0,4700,0,162.53,208.72,5.58,8,,,,ART_Name_001269,ART_Subname_001269,,,,0,,,,
50531,0,2,0,4700,0,171.67,218.76,5.58,4,,,,ART_Name_001270,ART_Subname_001270,,,,0,,,,
50532,0,2,0,4700,0,78.56,145.08,60.02,7,,,,ART_Name_001271,ART_Subname_001271,,,,0,,,,
50533,0,2,0,4700,0,796.21,394.62,5.28,7,,,,ART_Name_001272,ART_Subname_001272,,,,0,,,,
50534,0,2,0,4700,0,913.82,434.97,30.67,8,,,,ART_Name_001273,ART_Subname_001273,,,,0,,,,
50535,0,2,0,4700,0,396.08,434.08,13.64,10,,,,ART_Name_001274,ART_Subname_001274,,,,0,,,,
50536,0,2,0,4700,0,943.51,443.43,30.66,8,,,,ART_Name_001275,ART_Subname_001275,,,,0,,,,
50537,0,2,0,4700,0,329.99,286.45,36.35,7,,,,ART_Name_001276,ART_Subname_001276,,,,0,,,,
50538,0,2,0,4700,0,346.2,329.67,13.44,7,,,,ART_Name_001277,ART_Subname_001277,,,,0,,,,
50539,1,2,0,4403,0,271.65,82.38,25.55,7,,,,ART_Name_001278,ART_Subname_001278,,,,0,,,,
50540,1,2,0,4403,0,417.89,84.81,3.09,5,,,,ART_Name_001279,ART_Subname_001279,,,,0,,,,
50541,1,2,0,4403,0,417.9,70.91,3.09,7,,,,ART_Name_001280,ART_Subname_001280,,,,0,,,,
50542,1,2,0,4403,0,258.03,82.18,25.55,5,,,,ART_Name_001281,ART_Subname_001281,,,,0,,,,
50543,0,2,0,4700,0,672.35,343.5,26.03,8,,,,ART_Name_001282,ART_Subname_001282,,,,0,,,,
50544,1,2,0,2500,0,484.94,236.47,175.59,7,,,,ART_Name_001283,ART_Subname_001283,,,,0,,,,
50545,1,2,0,2500,0,464.39,236.42,177.25,6,,,,ART_Name_001284,ART_Subname_001284,,,,0,,,,
50546,1,2,0,2000,0,2538.38,4844.11,179.34,7,,,,ART_Name_001285,ART_Subname_001285,,,,0,,,,
50547,1,2,0,2000,0,2553.03,4843.82,177.53,6,,,,ART_Name_001286,ART_Subname_001286,,,,0,,,,
50548,1,2,0,2501,0,53.37,261.18,132.95,8,,,,ART_Name_001287,ART_Subname_001287,,,,0,,,,
50549,1,2,0,2501,0,90.47,260.95,142.8,7,,,,ART_Name_001288,ART_Subname_001288,,,,0,,,,
50550,1,2,0,2000,0,6168.7,7942.87,128.34,7,,,,ART_Name_001289,ART_Subname_001289,,,,0,,,,
50551,1,2,0,2000,0,6152.99,7941.51,130.15,6,,,,ART_Name_001290,ART_Subname_001290,,,,0,,,,
50552,1,2,0,4413,0,83.1,486.54,84.71,5,,,,ART_Name_001291,ART_Subname_001291,,,,0,,,,
50553,0,2,0,4413,0,361.09,462.61,158.33,4,,,,ART_Name_001292,ART_Subname_001292,,,,0,,,,
50555,1,2,0,2500,0,94.43,99.43,175.19,5,,,,ART_Name_001294,ART_Subname_001294,,,,0,,,,
50559,1,0,0,2000,0,2984,4482,175,15,2984.81|4482.22|175.71,,,ART_Name_001297,ART_Subname_001297,愤怒的山脉：,补充兵简易棚,,0,,,,
50560,1,0,0,2000,0,2945,5007,186,15,2945.51|5007.17|186.18,,,ART_Name_001298,ART_Subname_001298,愤怒的山脉：,山腰入口勘探队,,0,,,,
50561,1,0,0,2000,0,3534,4837,258,15,3534.46|4837.74|258.66,,,ART_Name_001299,ART_Subname_001299,愤怒的山脉：,半山搜查队,,0,,,,
50562,0,0,1,2000,0,3005.93,4923.67,187.62,180,,,,ART_Name_001300,ART_Subname_001300,,,,0,3059|4039|,3060|4040|,3061|4041|,3062|4042|
50563,1,2,0,4423,0,457.66,168.03,5.09,6,,,,ART_Name_001301,ART_Subname_001301,,,,0,,,,
50564,1,2,0,4423,0,212.83,200.23,35.91,6,,,,ART_Name_001302,ART_Subname_001302,,,,0,,,,
50565,1,2,0,4423,0,198.6,199.99,35.86,7,,,,ART_Name_001303,ART_Subname_001303,,,,0,,,,
50566,1,2,0,4423,0,442.28,168.92,3.45,8,,,,ART_Name_001304,ART_Subname_001304,,,,0,,,,
50567,1,2,0,4433,0,422.28,134.57,8.88,7,,,,ART_Name_001305,ART_Subname_001305,,,,0,,,,
50568,1,2,0,4433,0,197.18,283.97,63.38,8,,,,ART_Name_001306,ART_Subname_001306,,,,0,,,,
50569,1,2,0,4433,0,195.92,259.93,63.38,8,,,,ART_Name_001307,ART_Subname_001307,,,,0,,,,
50570,1,2,0,4433,0,423.23,154.24,8.74,10,,,,ART_Name_001308,ART_Subname_001308,,,,0,,,,
50571,0,2,0,2000,0,3887.94,5912.92,355.1,5,,,,ART_Name_001309,ART_Subname_001309,,,,0,,,,
50572,1,2,0,2000,0,3933.18,5953.38,223.86,10,,,,ART_Name_001310,ART_Subname_001310,,,,0,,,,
50573,1,2,0,2000,0,3913.19,5954.36,224.45,5,,,,ART_Name_001311,ART_Subname_001311,,,,0,,,,
50574,0,2,0,2000,0,3879.54,5926.14,355.21,5,,,,ART_Name_001312,ART_Subname_001312,,,,0,,,,
50575,0,2,0,2000,0,3854.09,5947.41,355.1,5,,,,ART_Name_001313,ART_Subname_001313,,,,0,,,,
50576,0,2,0,2000,0,3807.28,5929.98,226.29,8,,,,ART_Name_001314,ART_Subname_001314,,,,0,,,,
50577,1,2,0,2000,0,3823.9,5933.79,229.02,5,,,,ART_Name_001315,ART_Subname_001315,,,,0,,,,
50578,0,2,0,2000,0,3861.06,5933.1,355.21,5,,,,ART_Name_001316,ART_Subname_001316,,,,0,,,,
50579,1,0,0,2000,0,2829,5048,175,15,2829.17|5048.91|175.12,,,ART_Name_001317,ART_Subname_001317,愤怒的山脉:,山脉地质研究所,,0,,,,
50580,1,0,0,2000,0,2670,4438,157,15,2670.76|4438.42|157.91,,,ART_Name_001318,ART_Subname_001318,愤怒的山脉:,风之溪谷制品处,,0,,,,
50581,0,2,0,2000,0,3943.96,3656.79,236.1,5,,,,ART_Name_001319,ART_Subname_001319,,,,0,,,,
50582,0,2,0,2006,0,171.36,293.5,6.9,10,,,,ART_Name_001320,ART_Subname_001320,,,,0,,,,
50583,0,0,0,2000,0,4004.45,4552.79,267.23,50,,,,ART_Name_001321,ART_Subname_001321,莱恩哈特营地,戴伊安之关,,0,,,,
50584,0,0,0,2000,0,3819.58,4419.6,230.59,100,,,,ART_Name_001322,ART_Subname_001322,莱恩哈特营地,纳尔逊农场,,0,,,,
50585,0,0,0,2000,0,3691.7,4528.37,246.16,100,,,,ART_Name_001323,ART_Subname_001323,莱恩哈特营地,洛克村庄废墟,,0,,,,
50586,0,0,0,2000,0,3935.59,4213.48,266.98,120,,,,ART_Name_001324,ART_Subname_001324,莱恩哈特营地,莱恩哈特要塞,,0,,,,
50587,0,0,0,2000,0,3688.8,4182.28,235.5,100,,,,ART_Name_001325,ART_Subname_001325,莱恩哈特营地,卢卡斯之关,,0,,,,
50588,0,0,0,2000,0,3203.92,4414.8,178.11,120,,,,ART_Name_001326,ART_Subname_001326,绝望的平原：,贝勒内尔墓地,,0,,,,
50589,0,0,0,2000,0,3189.8,4179.39,168.98,100,,,,ART_Name_001327,ART_Subname_001327,绝望的平原：,恩帕斯野营地,,0,,,,
50590,0,0,0,2000,0,3441.64,4327.57,176.55,120,,,,ART_Name_001328,ART_Subname_001328,绝望的平原：,棕色沙漠,,0,,,,
50591,0,0,0,2000,0,3457.56,4115.65,190.59,100,,,,ART_Name_001329,ART_Subname_001329,绝望的平原：,凯尔迪亚墓地,,0,,,,
50592,0,0,0,2000,0,3519.5,4529.65,192.05,50,,,,ART_Name_001330,ART_Subname_001330,绝望的平原：,纳斯汀野营地,,0,,,,
50593,0,0,0,2000,0,3346.58,3849.97,178.53,100,,,,ART_Name_001331,ART_Subname_001331,污浊之谷：,真实之光寺院,,0,,,,
50594,0,0,0,2000,0,3181.6,3960.77,135.78,100,,,,ART_Name_001332,ART_Subname_001332,污浊之谷：,毁灭之路,,0,,,,
50595,0,0,0,2000,0,3536.82,3866.86,194.63,80,,,,ART_Name_001333,ART_Subname_001333,污浊之谷：,毁灭之路,,0,,,,
50596,0,0,0,2000,0,3468.25,3662.81,72.15,100,,,,ART_Name_001334,ART_Subname_001334,污浊之谷：,瘟疫之雾峡谷,,0,,,,
50597,0,0,0,2000,0,3237.05,3692.64,71.3,100,,,,ART_Name_001335,ART_Subname_001335,污浊之谷：,被遗忘的神殿,,0,,,,
50598,0,0,0,2000,0,3965.92,3990.82,247.46,100,,,,ART_Name_001336,ART_Subname_001336,克拉里奥斯营地：,艾伦村庄废墟,,0,,,,
50599,0,0,0,2000,0,3693.03,3924.58,228.04,80,,,,ART_Name_001337,ART_Subname_001337,克拉里奥斯营地：,克拉德农场,,0,,,,
50600,0,0,0,2000,0,4039.42,3830.53,236.91,50,,,,ART_Name_001338,ART_Subname_001338,克拉里奥斯营地：,莱纳野营地,,0,,,,
50601,0,0,0,2000,0,3819.43,3710.77,261.26,140,,,,ART_Name_001339,ART_Subname_001339,克拉里奥斯营地：,克莱利斯城,,0,,,,
50602,1,0,0,2000,0,3909.41,3233.73,230.9,160,,,,ART_Name_001340,ART_Subname_001340,淘汰者收容所：,月影要塞,,0,,,,
50603,0,0,0,2000,0,3954.78,3462.68,213.15,50,,,,ART_Name_001341,ART_Subname_001341,淘汰者收容所：,红月部队野营地,,0,,,,
50604,0,0,0,2000,0,3790.71,3463.96,219.62,50,,,,ART_Name_001342,ART_Subname_001342,淘汰者收容所：,黑月部队占领地,,0,,,,
50605,1,0,0,2000,0,3632.3,3233.68,240.95,110,,,,ART_Name_001343,ART_Subname_001343,淘汰者收容所：,希望之光要塞,,0,,,,
50606,0,0,0,2000,0,4955.84,7963.37,143.82,80,,,,ART_Name_001344,ART_Subname_001344,花园之路：,风之野营地,,0,,,,
50607,0,0,0,2000,0,4683.89,7873.17,118.59,20,,,,ART_Name_001345,ART_Subname_001345,花园之路：,绿和团莫斯罗姆研究所,,0,,,,
50608,0,0,0,2000,0,4729.8,7745.12,111.97,40,,,,ART_Name_001346,ART_Subname_001346,花园之路：,哥布林空中部落,,0,,,,
50609,0,0,0,2000,0,4741.08,7931.72,113.12,30,,,,ART_Name_001347,ART_Subname_001347,花园之路：,莫斯罗姆部落,,0,,,,
50610,0,0,0,2000,0,4845.93,7562.15,118.36,30,,,,ART_Name_001348,ART_Subname_001348,树林之路：,札屋野营地,,0,,,,
50611,0,0,0,2000,0,5000.01,7616.45,126.85,80,,,,ART_Name_001349,ART_Subname_001349,树林之路：,雪矿山,,0,,,,
50612,0,0,0,2000,0,4742.48,7305.77,101.27,30,,,,ART_Name_001350,ART_Subname_001350,树林之路：,艾麦瑞德绝杀木材研究所,,0,,,,
50613,0,0,0,2000,0,5400.04,7394.87,94.65,50,,,,ART_Name_001351,ART_Subname_001351,石塔之路：,肯塔伍露丝村庄,,0,,,,
50614,0,0,0,2000,0,5210.9,7470.14,107.65,20,,,,ART_Name_001352,ART_Subname_001352,石塔之路：,古丽阿萨临时野营地,,0,,,,
50615,0,0,0,2000,0,5291.57,7377.51,99.45,50,,,,ART_Name_001353,ART_Subname_001353,石塔之路：,岩石砂轮部落,,0,,,,
50616,0,0,0,2000,0,5524.79,7577.3,111.42,50,,,,ART_Name_001354,ART_Subname_001354,石塔之路：,德利尔洛克阵营,,0,,,,
50617,0,0,0,2000,0,5477.79,7220.48,133.62,100,,,,ART_Name_001355,ART_Subname_001355,石塔之路：,灰光肯塔伍露丝村庄,,0,,,,
50618,0,0,0,2000,0,5434.2,6909.16,83.73,30,,,,ART_Name_001356,ART_Subname_001356,喷泉之路：,绿和团喷泉研究所,,0,,,,
50619,0,0,0,2000,0,5542.53,7038.28,98.99,80,,,,ART_Name_001357,ART_Subname_001357,喷泉之路：,赞特龙洞穴,,0,,,,
50620,0,0,0,2000,0,5205.88,7078.87,91.06,30,,,,ART_Name_001358,ART_Subname_001358,喷泉之路：,尼穆野营地,,0,,,,
50621,0,0,0,2000,0,5308.49,6943.63,65.49,60,,,,ART_Name_001359,ART_Subname_001359,喷泉之路：,伊内斯特洞穴,,0,,,,
50622,0,0,0,2000,0,5016.2,6931.29,106.91,20,,,,ART_Name_001360,ART_Subname_001360,殿堂之路：,艾迈兰德绝杀德雷克研究所,,0,,,,
50623,0,0,0,2000,0,5014.54,7061.7,101.22,50,,,,ART_Name_001361,ART_Subname_001361,殿堂之路：,水田部落,,0,,,,
50624,0,0,0,2000,0,4743.09,7027.17,121.91,80,,,,ART_Name_001362,ART_Subname_001362,殿堂之路：,滑雪工会阵营,,0,,,,
50625,0,0,0,2000,0,4755.35,6786.56,126.41,50,,,,ART_Name_001363,ART_Subname_001363,殿堂之路：,古丽阿萨野营地,,0,,,,
50626,0,0,0,2000,0,4905.35,6749.42,126.03,100,,,,ART_Name_001364,ART_Subname_001364,殿堂之路：,神的殿堂,,0,,,,
50627,0,0,0,2006,0,137.09,316.81,5.63,5,,,,ART_Name_001365,ART_Subname_001365,,,,0,,,,
50628,0,0,0,2006,0,173.33,254.62,7.28,3,,,,ART_Name_001366,ART_Subname_001366,,,,0,,,,
50629,0,0,0,2006,0,408.25,126.49,16.35,5,,,,ART_Name_001367,ART_Subname_001367,,,,0,,,,
50630,0,0,0,2006,0,377.46,131.45,17.92,3,,,,ART_Name_001368,ART_Subname_001368,,,,0,,,,
50631,0,0,0,2000,0,5110.56,6964.47,91.13,5,,,,ART_Name_001369,ART_Subname_001369,,,,0,,,,
50632,0,0,0,2006,0,866.08,169.14,6.78,5,,,,ART_Name_001370,ART_Subname_001370,,,,0,,,,
50633,0,0,0,2006,0,897.16,161.8,6.97,7,,,,ART_Name_001371,ART_Subname_001371,,,,0,,,,
50634,0,0,0,2006,0,852.12,237.53,6.93,3,,,,ART_Name_001372,ART_Subname_001372,,,,0,,,,
50635,0,0,0,2006,0,599.69,376.31,16.56,5,,,,ART_Name_001373,ART_Subname_001373,,,,0,,,,
50636,0,0,0,2006,0,645.18,377.27,18.98,3,,,,ART_Name_001374,ART_Subname_001374,,,,0,,,,
50637,0,0,0,2000,0,3961.64,3648.42,234.89,5,,,,ART_Name_001375,ART_Subname_001375,,,,0,,,,
50638,0,0,0,2000,0,5110.87,6950.9,89.92,5,,,,ART_Name_001376,ART_Subname_001376,,,,0,,,,
50640,0,0,1,2006,0,512,256,41.11,512,,,171.36|293.50|6.90_866.08|169.14|6.78,ART_Name_001378,ART_Subname_001378,星屑大地：,决战地,,0,3016|4025|2004|,3016|4025|2004|,3016|4025|2004|,3016|4025|2004|
50641,1,0,1,2000,0,2468.86,5369.28,26.32,65,2509.80|5405.44|21.23,,,ART_Name_001379,ART_Subname_001379,平静的岛屿：,平静的村庄,Sound/BGM/BGM_08.ogg|Sound/BGM/BGM_28.ogg,0,3021|,3021|,3022|,3023|
50643,1,0,1,4500,0,256,256,7.42,256,,,,ART_Name_001381,ART_Subname_001381,倒塌的梦之缝隙：,普通,,0,3069|4015|,3069|4015|,3069|4015|,3069|4015|
50644,1,0,1,4501,0,256,256,7.42,256,,,,ART_Name_001382,ART_Subname_001382,倒塌的梦之缝隙：,困难,,0,3069|4015|,3069|4015|,3069|4015|,3069|4015|
50645,1,0,1,4502,0,256,256,7.42,256,,,,ART_Name_001383,ART_Subname_001383,倒塌的梦之缝隙：,极困难,,0,3069|4015|,3069|4015|,3069|4015|,3069|4015|
50646,1,0,1,4503,0,256,256,35.92,256,,,,ART_Name_001384,ART_Subname_001384,倒塌的梦之缝隙：,炼狱,,0,3069|4015|,3069|4015|,3069|4015|,3069|4015|
50647,1,0,1,4510,0,256,256,38.18,256,,,,ART_Name_001385,ART_Subname_001385,紫光洞穴：,普通,,0,3070|4034|,3070|4034|,3070|4034|,3070|4034|
50648,1,0,1,4511,0,256,256,38.18,256,,,,ART_Name_001386,ART_Subname_001386,紫光洞穴：,困难,,0,3070|4034|,3070|4034|,3070|4034|,3070|4034|
50649,1,0,1,4512,0,256,256,38.18,256,,,,ART_Name_001387,ART_Subname_001387,紫光洞穴：,极困难,,0,3070|4034|,3070|4034|,3070|4034|,3070|4034|
50650,1,0,1,4513,0,256,256,7.18,256,,,,ART_Name_001388,ART_Subname_001388,紫光洞穴：,炼狱,,0,3070|4034|,3070|4034|,3070|4034|,3070|4034|
50651,1,0,1,4700,0,512,256,0,512,,,,ART_Name_001389,ART_Subname_001389,恶魔祭坛：,突击,,0,3071|4052|,3071|4052|,4052|3071|,3071|4052|
50652,1,0,1,2000,0,4864,6400,139.78,256,,,,ART_Name_001390,ART_Subname_001390,彩虹平原：,红峰平原,,0,3065|,3066|,3067|,3068|
50653,1,0,1,2000,0,4352,6400,141.97,256,,,,ART_Name_001391,ART_Subname_001391,彩虹平原：,黄水晶峡谷,,0,3065|,3066|,3067|,3068|
50654,1,0,1,2000,0,4352,5888,227.45,256,,,,ART_Name_001392,ART_Subname_001392,彩虹平原：,黄花平原,,0,3065|,3066|,3067|,3068|
50655,1,0,1,2000,0,3840,5888,237.46,256,,,,ART_Name_001393,ART_Subname_001393,彩虹平原：,绿树丘陵地,,0,3065|,3066|,3067|,3068|
50656,1,0,1,2000,0,4352,5376,229.81,256,,,,ART_Name_001394,ART_Subname_001394,彩虹平原：,蓝天湖,,0,3065|,3066|,3067|,3068|
50657,1,0,1,2000,0,3840,5376,252.35,256,,,,ART_Name_001395,ART_Subname_001395,彩虹平原：,蓝色藤蔓丛,,0,3065|,3066|,3067|,3068|
50660,1,0,1,2000,0,2304,5376,2.91,256,,,,,,平静的湖：,平静之岛,Sound/BGM/BGM_08.ogg|Sound/BGM/BGM_28.ogg,0,3020|4000|,3021|4001|,3022|,3023|
50661,1,0,1,2000,0,2304,5888,9.96,256,,,,,,平静的湖：,平静之岛,Sound/BGM/BGM_08.ogg|Sound/BGM/BGM_28.ogg,0,3020|,3021|,3022|,3023|
50662,0,0,0,2000,0,2267.81,5259.19,13.76,60,,,,,,平静的岛屿：,沉默的海岸,,0,,,,
50663,0,0,1,2000,0,2457.85,5560.03,40.95,80,,,,,,平静的岛屿：,寂静的森林,,0,3065|,3066|,3067|,3068|
50664,1,0,1,2000,0,2282.28,5553.82,11.23,80,,,,,,平静的岛屿：,平静的码头,,0,3034|4017|,3039|,3010|4019|,3011|4020|
50665,1,0,1,2000,0,2434.3,5188.75,24.95,120,,,,,,平静的岛屿：,沉默的森林,,0,3065|,3066|,3067|,3068|
50666,0,0,0,2000,0,2262.98,5707.56,14.59,80,2280.47|5704.28|12.13,,,,,平静的岛屿：,沉默的村庄,Sound/BGM/BGM_08.ogg|Sound/BGM/BGM_28.ogg,0,,,,
50667,0,0,0,2000,0,2432.9,5703.33,13.22,70,,,,,,平静的岛屿：,理查德曼栖息地,,0,,,,
50668,0,0,0,2000,0,2286.96,5902.24,10.27,90,,,,,,平静的岛屿：,布拉考海岸,,0,,,,
50669,0,0,1,2000,0,2460.06,6040.33,32.57,120,,,,,,平静的岛屿：,拜朗的丛林,,0,3065|,3066|,3067|,3068|
50670,0,0,1,2000,0,2156.06,6058.41,15.64,130,,,,,,平静的岛屿：,坍塌的空间,Sound/BGM/BGM_22.ogg,0,3034|4017|,3039|4010|1010|,3010|4018|,3011|4021|
50671,0,0,0,2000,0,2309.1,6037.16,26.67,20,,,,,,平静的岛屿：,布莱特野营地,,0,,,,
50672,1,0,1,2000,0,6400,8448,128.65,256,,,,,,月光森林：,光之洞,Sound/BGM/BGM_23.ogg|Sound/BGM/BGM_24.ogg,0,3020|,3021|,3022|,3023|
50673,1,0,1,2000,0,6400,8960,109.36,256,,,,,,月光森林：,星砂江,Sound/BGM/BGM_23.ogg|Sound/BGM/BGM_24.ogg,0,3065|,3066|,3067|,3068|
50674,0,0,0,2000,0,6289.97,8319.81,122.7,120,,6303.50|8350.27|122.70,,,,光之洞：,塔莱村庄,Sound/BGM/BGM_23.ogg|Sound/BGM/BGM_24.ogg,0,,,,
50675,0,0,0,2000,0,6467.22,8565.45,100.42,30,,,,,,光之洞：,银河野营地,,0,,,,
50676,0,0,0,2000,0,6294.4,8596,94.39,80,,,,,,光之洞：,砂轮部落,,0,,,,
50677,0,0,1,2000,0,6519.71,8323.8,137.94,80,,,,,,光之洞：,斯帕特斯卡禁地,,0,3065|,3066|,3067|,3068|
50678,0,0,1,2000,0,6590.06,8432.79,106.37,70,,,,,,光之洞：,特里皮特禁地,,0,3065|,3066|,3067|,3068|
50679,0,0,0,2000,0,6308.23,8814.04,114.26,30,,,,,,星砂江：,半月野营地,,0,,,,
50680,0,0,0,2000,0,6544.86,8892.43,112.06,45,,6532|8890|112.06,,,,星砂江：,银河村庄,Sound/BGM/BGM_23.ogg|Sound/BGM/BGM_24.ogg,0,,,,
50681,0,0,1,2000,0,6491.28,8786.59,118.81,80,,,,,,星砂江：,布里德米尔,,0,3065|,3066|,3067|,3068|
50682,0,0,0,2000,0,6542.49,9008.23,121.94,60,,,,,,星砂江：,哥布林农场,Sound/BGM/BGM_22.ogg,0,,,,
50683,0,0,1,2000,0,6370.9,8945.94,110.02,80,,,,,,星砂江：,莫斯罗姆洞穴,,0,3065|,3066|,3067|,3068|
