TID,GroupTID,Step,Comment,SuccessRate,KeepRate,DownRate,ResetRate,CostGhelld,SourceItem01,Item01Value,SourceItem02,Item02Value,STR,CON,WIS,MEN,AGI,HPFixed,HPR,HPRBuff,MPFixed,MPR,MPRBuff,POPMin,POPMax,MOPMin,MOPMax,PD,MD,FD,WD,AD,LD,AP,DP,BP,CP,IGN_AT,PvP_AT,PvP_DF,AS,RS,CS
区分,团队 ID,强化阶段,企划者用,成功概率,维持概率,掉率,初始化概率,手续费,1号材料物品TID,1号物品个数,2号材料物品 TID,2号物品个数,气力,体力,智慧,精神力,敏捷,最大HP,HP回复量,HP 追加回复量,最大MP,MP回复量,MP 追加回复量,最小物理攻击强度,最大物理攻击强度,最小魔法攻击强度,最大魔法攻击强度, 物理防御,魔法防御,火属性抵抗,水属性抵抗,攻击属性抵抗,土属性抵抗,命中率,闪避度,拦截度,致命一击,防御武器度,PvP攻击力,PvP防御力,攻击速度,移动速度,施法速度
,,,,,,,,,,,,,,,,,,,,,,,,,,,,,,,,,,,,,,,,,,,
U16,U16,U8,CBwString,U16,U16,U16,U16,U32,U32,U8,U32,U8,U8,U8,U8,U8,U8,S32,S32,S32,S32,S32,S32,U32,U32,U32,U32,U32,U32,U32,U32,U32,U32,U8,U8,U8,U8,U16,F32,F32,U16,U16,U16
81,80,1,强化单手剑(奎斯特-人类)-1阶段,10000,0,0,0,0,9075,1,,,0,0,0,0,0,0,0,0,0,0,0,4,4,0,0,0,0,0,0,0,0,0,0,0,0,0,0,0,0,0,0
82,80,2,强化单手剑(奎斯特-人类)-2阶段,10000,0,0,0,0,9075,1,,,0,0,0,0,0,0,0,0,0,0,0,8,8,0,0,0,0,0,0,0,0,0,0,0,0,0,0,0,0,0,0
91,90,1,强化矛(奎斯特-兽人)-1阶段,10000,0,0,0,0,9075,1,,,0,0,0,0,0,0,0,0,0,0,0,4,4,0,0,0,0,0,0,0,0,0,0,0,0,0,0,0,0,0,0
92,90,2,强化矛(奎斯特-兽人)-2阶段,10000,0,0,0,0,9075,1,,,0,0,0,0,0,0,0,0,0,0,0,8,8,0,0,0,0,0,0,0,0,0,0,0,0,0,0,0,0,0,0
101,100,1,盾_1~10,10000,0,0,0,100,40000,1,,,0,0,0,0,0,0,0,0,0,0,0,0,0,0,0,7,7,0,0,0,0,0,0,0,0,0,0,0,0,0,0
102,100,2,盾_1~10,9000,9500,10000,0,200,40000,1,,,0,0,0,0,0,0,0,0,0,0,0,0,0,0,0,14,14,0,0,0,0,0,0,1,0,0,0,0,0,0,0
103,100,3,盾_1~10,7500,8500,10000,0,300,40000,1,,,0,0,0,0,0,0,0,0,0,0,0,0,0,0,0,21,21,0,0,0,0,0,0,2,0,0,0,0,0,0,0
104,100,4,盾_1~10,6000,7500,10000,0,400,40000,1,,,0,0,0,0,0,0,0,0,0,0,0,0,0,0,0,36,36,0,0,0,0,0,0,3,0,0,0,0,0,0,0
105,100,5,盾_1~10,4500,6500,10000,0,500,40000,1,,,0,0,0,0,0,0,0,0,0,0,0,0,0,0,0,51,51,0,0,0,0,0,0,4,0,0,0,0,0,0,0
106,100,6,盾_1~10,3500,5500,10000,0,600,40000,1,,,0,0,0,0,0,0,0,0,0,0,0,0,0,0,0,66,66,0,0,0,0,0,0,5,0,0,0,0,0,0,0
107,100,7,盾_1~10,2500,4500,10000,0,700,40000,1,,,0,0,0,0,0,0,0,0,0,0,0,0,0,0,0,89,89,0,0,0,0,0,0,6,0,0,0,0,0,0,0
108,100,8,盾_1~10,1500,3500,0,10000,800,40000,1,,,0,0,0,0,0,0,0,0,0,0,0,0,0,0,0,112,112,0,0,0,0,0,0,8,0,0,0,0,3,0,0
109,100,9,盾_1~10,1000,2500,0,10000,900,40000,1,,,0,0,0,0,0,0,0,0,0,0,0,0,0,0,0,135,135,0,0,0,0,0,0,10,0,0,0,0,5,0,0
110,100,10,盾_1~10,900,1500,0,9000,1000,40000,1,,,0,0,0,0,0,0,0,0,0,0,0,0,0,0,0,167,167,0,0,0,0,0,0,12,0,0,0,0,7,0,0
111,100,11,盾_1~10,800,0,0,0,1100,40000,1,,,0,0,0,0,0,0,0,0,0,0,0,0,0,0,0,199,199,0,0,0,0,0,0,14,0,0,0,0,9,0,0
112,100,12,盾_1~10,700,0,0,0,1200,40000,1,,,0,0,0,0,0,0,0,0,0,0,0,0,0,0,0,231,231,0,0,0,0,0,0,17,0,0,0,0,11,0,0
113,100,13,盾_1~10,600,0,0,0,1300,40000,1,,,0,0,0,0,0,0,0,0,0,0,0,0,0,0,0,273,273,0,0,0,0,0,0,20,0,0,0,0,13,0,0
114,100,14,盾_1~10,500,0,0,0,1400,40000,1,,,0,0,0,0,0,0,0,0,0,0,0,0,0,0,0,315,315,0,0,0,0,0,0,24,0,0,0,0,15,0,0
115,100,15,盾_1~10,400,0,0,0,1500,40000,1,,,0,0,0,0,0,0,0,0,0,0,0,0,0,0,0,357,357,0,0,0,0,0,0,28,0,0,0,0,17,0,0
151,150,1,盾_11~20,10000,0,0,0,1340,40001,1,,,0,0,0,0,0,0,0,0,0,0,0,0,0,0,0,14,14,0,0,0,0,0,0,0,0,0,0,0,0,0,0
152,150,2,盾_11~20,9000,9500,10000,0,2690,40001,1,,,0,0,0,0,0,0,0,0,0,0,0,0,0,0,0,28,28,0,0,0,0,0,0,1,0,0,0,0,0,0,0
153,150,3,盾_11~20,7500,8500,10000,0,4030,40001,1,,,0,0,0,0,0,0,0,0,0,0,0,0,0,0,0,42,42,0,0,0,0,0,0,3,0,0,0,0,0,0,0
154,150,4,盾_11~20,6000,7500,10000,0,5370,40001,1,,,0,0,0,0,0,0,0,0,0,0,0,0,0,0,0,71,71,0,0,0,0,0,0,5,0,0,0,0,0,0,0
155,150,5,盾_11~20,4500,6500,10000,0,6710,40001,1,,,0,0,0,0,0,0,0,0,0,0,0,0,0,0,0,100,100,0,0,0,0,0,0,8,0,0,0,0,0,0,0
156,150,6,盾_11~20,3500,5500,10000,0,8060,40001,1,,,0,0,0,0,0,0,0,0,0,0,0,0,0,0,0,129,129,0,0,0,0,0,0,11,0,0,0,0,0,0,0
157,150,7,盾_11~20,2500,4500,10000,0,9400,40001,1,,,0,0,0,0,0,0,0,0,0,0,0,0,0,0,0,175,175,0,0,0,0,0,0,14,0,0,0,0,0,0,0
158,150,8,盾_11~20,1500,3500,0,10000,10740,40001,1,,,0,0,0,0,0,0,0,0,0,0,0,0,0,0,0,221,221,0,0,0,0,0,0,18,0,0,0,0,3,0,0
159,150,9,盾_11~20,1000,2500,0,10000,12090,40001,1,,,0,0,0,0,0,0,0,0,0,0,0,0,0,0,0,267,267,0,0,0,0,0,0,23,0,0,0,0,5,0,0
160,150,10,盾_11~20,900,1500,0,9000,13430,40001,1,,,0,0,0,0,0,0,0,0,0,0,0,0,0,0,0,331,331,0,0,0,0,0,0,28,0,0,0,0,7,0,0
161,150,11,盾_11~20,800,0,0,0,14770,40001,1,,,0,0,0,0,0,0,0,0,0,0,0,0,0,0,0,395,395,0,0,0,0,0,0,34,0,0,0,0,9,0,0
162,150,12,盾_11~20,700,0,0,0,16110,40001,1,,,0,0,0,0,0,0,0,0,0,0,0,0,0,0,0,459,459,0,0,0,0,0,0,41,0,0,0,0,11,0,0
163,150,13,盾_11~20,600,0,0,0,17460,40001,1,,,0,0,0,0,0,0,0,0,0,0,0,0,0,0,0,543,543,0,0,0,0,0,0,49,0,0,0,0,13,0,0
164,150,14,盾_11~20,500,0,0,0,18800,40001,1,,,0,0,0,0,0,0,0,0,0,0,0,0,0,0,0,627,627,0,0,0,0,0,0,58,0,0,0,0,15,0,0
165,150,15,盾_11~20,400,0,0,0,20140,40001,1,,,0,0,0,0,0,0,0,0,0,0,0,0,0,0,0,711,711,0,0,0,0,0,0,69,0,0,0,0,17,0,0
201,200,1,盾_21~30,10000,0,0,0,6350,40002,1,,,0,0,0,0,0,0,0,0,0,0,0,0,0,0,0,21,21,0,0,0,0,0,0,0,0,0,0,0,0,0,0
202,200,2,盾_21~30,9000,9500,10000,0,12710,40002,1,,,0,0,0,0,0,0,0,0,0,0,0,0,0,0,0,42,42,0,0,0,0,0,0,1,0,0,0,0,0,0,0
203,200,3,盾_21~30,7500,8500,10000,0,19060,40002,1,,,0,0,0,0,0,0,0,0,0,0,0,0,0,0,0,63,63,0,0,0,0,0,0,4,0,0,0,0,0,0,0
204,200,4,盾_21~30,6000,7500,10000,0,25420,40002,1,,,0,0,0,0,0,0,0,0,0,0,0,0,0,0,0,107,107,0,0,0,0,0,0,8,0,0,0,0,0,0,0
205,200,5,盾_21~30,4500,6500,10000,0,31770,40002,1,,,0,0,0,0,0,0,0,0,0,0,0,0,0,0,0,151,151,0,0,0,0,0,0,12,0,0,0,0,0,0,0
206,200,6,盾_21~30,3500,5500,10000,0,38120,40002,1,,,0,0,0,0,0,0,0,0,0,0,0,0,0,0,0,195,195,0,0,0,0,0,0,17,0,0,0,0,0,0,0
207,200,7,盾_21~30,2500,4500,10000,0,44480,40002,1,,,0,0,0,0,0,0,0,0,0,0,0,0,0,0,0,264,264,0,0,0,0,0,0,23,0,0,0,0,0,0,0
208,200,8,盾_21~30,1500,3500,0,10000,50830,40002,1,,,0,0,0,0,0,0,0,0,0,0,0,0,0,0,0,333,333,0,0,0,0,0,0,29,0,0,0,0,3,0,0
209,200,9,盾_21~30,1000,2500,0,10000,57190,40002,1,,,0,0,0,0,0,0,0,0,0,0,0,0,0,0,0,402,402,0,0,0,0,0,0,36,0,0,0,0,5,0,0
210,200,10,盾_21~30,900,1500,0,9000,63540,40002,1,,,0,0,0,0,0,0,0,0,0,0,0,0,0,0,0,498,498,0,0,0,0,0,0,44,0,0,0,0,7,0,0
211,200,11,盾_21~30,800,0,0,0,69890,40002,1,,,0,0,0,0,0,0,0,0,0,0,0,0,0,0,0,594,594,0,0,0,0,0,0,54,0,0,0,0,9,0,0
212,200,12,盾_21~30,700,0,0,0,76250,40002,1,,,0,0,0,0,0,0,0,0,0,0,0,0,0,0,0,690,690,0,0,0,0,0,0,65,0,0,0,0,11,0,0
213,200,13,盾_21~30,600,0,0,0,82600,40002,1,,,0,0,0,0,0,0,0,0,0,0,0,0,0,0,0,817,817,0,0,0,0,0,0,78,0,0,0,0,13,0,0
214,200,14,盾_21~30,500,0,0,0,88960,40002,1,,,0,0,0,0,0,0,0,0,0,0,0,0,0,0,0,944,944,0,0,0,0,0,0,93,0,0,0,0,15,0,0
215,200,15,盾_21~30,400,0,0,0,95310,40002,1,,,0,0,0,0,0,0,0,0,0,0,0,0,0,0,0,1071,1071,0,0,0,0,0,0,110,0,0,0,0,17,0,0
251,250,1,盾_31~40,10000,0,0,0,18600,40003,1,,,0,0,0,0,0,0,0,0,0,0,0,0,0,0,0,28,28,0,0,0,0,0,0,0,0,0,0,0,0,0,0
252,250,2,盾_31~40,9000,9500,10000,0,37190,40003,1,,,0,0,0,0,0,0,0,0,0,0,0,0,0,0,0,56,56,0,0,0,0,0,0,1,0,0,0,0,0,0,0
253,250,3,盾_31~40,7500,8500,10000,0,55790,40003,1,,,0,0,0,0,0,0,0,0,0,0,0,0,0,0,0,84,84,0,0,0,0,0,0,5,0,0,0,0,0,0,0
254,250,4,盾_31~40,6000,7500,10000,0,74390,40003,1,,,0,0,0,0,0,0,0,0,0,0,0,0,0,0,0,143,143,0,0,0,0,0,0,10,0,0,0,0,0,0,0
255,250,5,盾_31~40,4500,6500,10000,0,92980,40003,1,,,0,0,0,0,0,0,0,0,0,0,0,0,0,0,0,202,202,0,0,0,0,0,0,16,0,0,0,0,0,0,0
256,250,6,盾_31~40,3500,5500,10000,0,111580,40003,1,,,0,0,0,0,0,0,0,0,0,0,0,0,0,0,0,261,261,0,0,0,0,0,0,23,0,0,0,0,0,0,0
257,250,7,盾_31~40,2500,4500,10000,0,130180,40003,1,,,0,0,0,0,0,0,0,0,0,0,0,0,0,0,0,353,353,0,0,0,0,0,0,31,0,0,0,0,0,0,0
258,250,8,盾_31~40,1500,3500,0,10000,148770,40003,1,,,0,0,0,0,0,0,0,0,0,0,0,0,0,0,0,445,445,0,0,0,0,0,0,40,0,0,0,0,3,0,0
259,250,9,盾_31~40,1000,2500,0,10000,167370,40003,1,,,0,0,0,0,0,0,0,0,0,0,0,0,0,0,0,537,537,0,0,0,0,0,0,50,0,0,0,0,5,0,0
260,250,10,盾_31~40,900,1500,0,9000,185970,40003,1,,,0,0,0,0,0,0,0,0,0,0,0,0,0,0,0,665,665,0,0,0,0,0,0,62,0,0,0,0,7,0,0
261,250,11,盾_31~40,800,0,0,0,204560,40003,1,,,0,0,0,0,0,0,0,0,0,0,0,0,0,0,0,793,793,0,0,0,0,0,0,75,0,0,0,0,9,0,0
262,250,12,盾_31~40,700,0,0,0,223160,40003,1,,,0,0,0,0,0,0,0,0,0,0,0,0,0,0,0,921,921,0,0,0,0,0,0,90,0,0,0,0,11,0,0
263,250,13,盾_31~40,600,0,0,0,241760,40003,1,,,0,0,0,0,0,0,0,0,0,0,0,0,0,0,0,1090,1090,0,0,0,0,0,0,108,0,0,0,0,13,0,0
264,250,14,盾_31~40,500,0,0,0,260350,40003,1,,,0,0,0,0,0,0,0,0,0,0,0,0,0,0,0,1259,1259,0,0,0,0,0,0,128,0,0,0,0,15,0,0
265,250,15,盾_31~40,400,0,0,0,278950,40003,1,,,0,0,0,0,0,0,0,0,0,0,0,0,0,0,0,1428,1428,0,0,0,0,0,0,151,0,0,0,0,17,0,0
301,300,1,盾_41~50,10000,0,0,0,21870,40004,1,,,0,0,0,0,0,0,0,0,0,0,0,0,0,0,0,35,35,0,0,0,0,0,0,0,0,0,0,0,0,0,0
302,300,2,盾_41~50,9000,9500,10000,0,43740,40004,1,,,0,0,0,0,0,0,0,0,0,0,0,0,0,0,0,70,70,0,0,0,0,0,0,1,0,0,0,0,0,0,0
303,300,3,盾_41~50,7500,8500,10000,0,65610,40004,1,,,0,0,0,0,0,0,0,0,0,0,0,0,0,0,0,105,105,0,0,0,0,0,0,6,0,0,0,0,0,0,0
304,300,4,盾_41~50,6000,7500,10000,0,87470,40004,1,,,0,0,0,0,0,0,0,0,0,0,0,0,0,0,0,179,179,0,0,0,0,0,0,12,0,0,0,0,0,0,0
305,300,5,盾_41~50,4500,6500,10000,0,109340,40004,1,,,0,0,0,0,0,0,0,0,0,0,0,0,0,0,0,253,253,0,0,0,0,0,0,19,0,0,0,0,0,0,0
306,300,6,盾_41~50,3500,5500,10000,0,131210,40004,1,,,0,0,0,0,0,0,0,0,0,0,0,0,0,0,0,327,327,0,0,0,0,0,0,27,0,0,0,0,0,0,0
307,300,7,盾_41~50,2500,4500,10000,0,153080,40004,1,,,0,0,0,0,0,0,0,0,0,0,0,0,0,0,0,442,442,0,0,0,0,0,0,36,0,0,0,0,0,0,0
308,300,8,盾_41~50,1500,3500,0,10000,174950,40004,1,,,0,0,0,0,0,0,0,0,0,0,0,0,0,0,0,557,557,0,0,0,0,0,0,47,0,0,0,0,3,0,0
309,300,9,盾_41~50,1000,2500,0,10000,196820,40004,1,,,0,0,0,0,0,0,0,0,0,0,0,0,0,0,0,672,672,0,0,0,0,0,0,59,0,0,0,0,5,0,0
310,300,10,盾_41~50,900,1500,0,9000,218680,40004,1,,,0,0,0,0,0,0,0,0,0,0,0,0,0,0,0,833,833,0,0,0,0,0,0,73,0,0,0,0,7,0,0
311,300,11,盾_41~50,800,0,0,0,240550,40004,1,,,0,0,0,0,0,0,0,0,0,0,0,0,0,0,0,994,994,0,0,0,0,0,0,89,0,0,0,0,9,0,0
312,300,12,盾_41~50,700,0,0,0,262420,40004,1,,,0,0,0,0,0,0,0,0,0,0,0,0,0,0,0,1155,1155,0,0,0,0,0,0,108,0,0,0,0,11,0,0
313,300,13,盾_41~50,600,0,0,0,284290,40004,1,,,0,0,0,0,0,0,0,0,0,0,0,0,0,0,0,1366,1366,0,0,0,0,0,0,129,0,0,0,0,13,0,0
314,300,14,盾_41~50,500,0,0,0,306160,40004,1,,,0,0,0,0,0,0,0,0,0,0,0,0,0,0,0,1577,1577,0,0,0,0,0,0,154,0,0,0,0,15,0,0
315,300,15,盾_41~50,400,0,0,0,328030,40004,1,,,0,0,0,0,0,0,0,0,0,0,0,0,0,0,0,1788,1788,0,0,0,0,0,0,182,0,0,0,0,17,0,0
351,350,1,盾_51~60,10000,0,0,0,21870,40004,1,,,0,0,0,0,0,0,0,0,0,0,0,0,0,0,0,42,42,0,0,0,0,0,0,0,0,0,0,0,0,0,0
352,350,2,盾_51~60,9000,9500,10000,0,43740,40004,1,,,0,0,0,0,0,0,0,0,0,0,0,0,0,0,0,84,84,0,0,0,0,0,0,1,0,0,0,0,0,0,0
353,350,3,盾_51~60,7500,8500,10000,0,65610,40004,1,,,0,0,0,0,0,0,0,0,0,0,0,0,0,0,0,126,126,0,0,0,0,0,0,8,0,0,0,0,0,0,0
354,350,4,盾_51~60,6000,7500,10000,0,87470,40004,1,,,0,0,0,0,0,0,0,0,0,0,0,0,0,0,0,214,214,0,0,0,0,0,0,16,0,0,0,0,0,0,0
355,350,5,盾_51~60,4500,6500,10000,0,109340,40004,1,,,0,0,0,0,0,0,0,0,0,0,0,0,0,0,0,302,302,0,0,0,0,0,0,25,0,0,0,0,0,0,0
356,350,6,盾_51~60,3500,5500,10000,0,131210,40004,1,,,0,0,0,0,0,0,0,0,0,0,0,0,0,0,0,390,390,0,0,0,0,0,0,35,0,0,0,0,0,0,0
357,350,7,盾_51~60,2500,4500,10000,0,153080,40004,1,,,0,0,0,0,0,0,0,0,0,0,0,0,0,0,0,528,528,0,0,0,0,0,0,47,0,0,0,0,0,0,0
358,350,8,盾_51~60,1500,3500,0,10000,174950,40004,1,,,0,0,0,0,0,0,0,0,0,0,0,0,0,0,0,666,666,0,0,0,0,0,0,60,0,0,0,0,3,0,0
359,350,9,盾_51~60,1000,2500,0,10000,196820,40004,1,,,0,0,0,0,0,0,0,0,0,0,0,0,0,0,0,804,804,0,0,0,0,0,0,75,0,0,0,0,5,0,0
360,350,10,盾_51~60,900,1500,0,9000,218680,40004,1,,,0,0,0,0,0,0,0,0,0,0,0,0,0,0,0,997,997,0,0,0,0,0,0,93,0,0,0,0,7,0,0
361,350,11,盾_51~60,800,0,0,0,240550,40004,1,,,0,0,0,0,0,0,0,0,0,0,0,0,0,0,0,1190,1190,0,0,0,0,0,0,113,0,0,0,0,9,0,0
362,350,12,盾_51~60,700,0,0,0,262420,40004,1,,,0,0,0,0,0,0,0,0,0,0,0,0,0,0,0,1383,1383,0,0,0,0,0,0,136,0,0,0,0,11,0,0
363,350,13,盾_51~60,600,0,0,0,284290,40004,1,,,0,0,0,0,0,0,0,0,0,0,0,0,0,0,0,1636,1636,0,0,0,0,0,0,163,0,0,0,0,13,0,0
364,350,14,盾_51~60,500,0,0,0,306160,40004,1,,,0,0,0,0,0,0,0,0,0,0,0,0,0,0,0,1889,1889,0,0,0,0,0,0,194,0,0,0,0,15,0,0
365,350,15,盾_51~60,400,0,0,0,328030,40004,1,,,0,0,0,0,0,0,0,0,0,0,0,0,0,0,0,2142,2142,0,0,0,0,0,0,230,0,0,0,0,17,0,0
401,400,1,盾_61~70,10000,0,0,0,21870,40004,1,,,0,0,0,0,0,0,0,0,0,0,0,0,0,0,0,0,0,0,0,0,0,0,0,0,0,0,0,0,0,0,0
402,400,2,盾_61~70,9000,9500,10000,0,43740,40004,1,,,0,0,0,0,0,0,0,0,0,0,0,0,0,0,0,0,0,0,0,0,0,0,0,1,0,0,0,0,0,0,0
403,400,3,盾_61~70,7500,8500,10000,0,65610,40004,1,,,0,0,0,0,0,0,0,0,0,0,0,0,0,0,0,0,0,0,0,0,0,0,0,8,0,0,0,0,0,0,0
404,400,4,盾_61~70,6000,7500,10000,0,87470,40004,1,,,0,0,0,0,0,0,0,0,0,0,0,0,0,0,0,0,0,0,0,0,0,0,0,16,0,0,0,0,0,0,0
405,400,5,盾_61~70,4500,6500,10000,0,109340,40004,1,,,0,0,0,0,0,0,0,0,0,0,0,0,0,0,0,0,0,0,0,0,0,0,0,25,0,0,0,0,0,0,0
406,400,6,盾_61~70,3500,5500,10000,0,131210,40004,1,,,0,0,0,0,0,0,0,0,0,0,0,0,0,0,0,0,0,0,0,0,0,0,0,35,0,0,0,0,0,0,0
407,400,7,盾_61~70,2500,4500,10000,0,153080,40004,1,,,0,0,0,0,0,0,0,0,0,0,0,0,0,0,0,0,0,0,0,0,0,0,0,47,0,0,0,0,0,0,0
408,400,8,盾_61~70,1500,3500,0,10000,174950,40004,1,,,0,0,0,0,0,0,0,0,0,0,0,0,0,0,0,0,0,0,0,0,0,0,0,60,0,0,0,0,3,0,0
409,400,9,盾_61~70,1000,2500,0,10000,196820,40004,1,,,0,0,0,0,0,0,0,0,0,0,0,0,0,0,0,0,0,0,0,0,0,0,0,75,0,0,0,0,5,0,0
410,400,10,盾_61~70,900,1500,0,9000,218680,40004,1,,,0,0,0,0,0,0,0,0,0,0,0,0,0,0,0,0,0,0,0,0,0,0,0,93,0,0,0,0,7,0,0
411,400,11,盾_61~70,800,0,0,0,240550,40004,1,,,0,0,0,0,0,0,0,0,0,0,0,0,0,0,0,0,0,0,0,0,0,0,0,113,0,0,0,0,9,0,0
412,400,12,盾_61~70,700,0,0,0,262420,40004,1,,,0,0,0,0,0,0,0,0,0,0,0,0,0,0,0,0,0,0,0,0,0,0,0,136,0,0,0,0,11,0,0
413,400,13,盾_61~70,600,0,0,0,284290,40004,1,,,0,0,0,0,0,0,0,0,0,0,0,0,0,0,0,0,0,0,0,0,0,0,0,163,0,0,0,0,13,0,0
414,400,14,盾_61~70,500,0,0,0,306160,40004,1,,,0,0,0,0,0,0,0,0,0,0,0,0,0,0,0,0,0,0,0,0,0,0,0,194,0,0,0,0,15,0,0
415,400,15,盾_61~70,400,0,0,0,328030,40004,1,,,0,0,0,0,0,0,0,0,0,0,0,0,0,0,0,0,0,0,0,0,0,0,0,230,0,0,0,0,17,0,0
1001,1000,1,矛_1~10,10000,0,0,0,100,40000,1,,,0,0,0,0,0,0,0,0,0,0,0,4,4,0,0,0,0,0,0,0,0,0,0,0,0,0,0,0,0,0,0
1002,1000,2,矛_1~10,9000,9500,10000,0,200,40000,1,,,0,0,0,0,0,0,0,0,0,0,0,8,8,0,0,0,0,0,0,0,0,0,0,0,0,0,0,0,0,0,0
1003,1000,3,矛_1~10,7500,8500,10000,0,300,40000,1,,,0,0,0,0,0,0,0,0,0,0,0,12,12,0,0,0,0,0,0,0,0,0,0,0,0,0,0,0,0,0,0
1004,1000,4,矛_1~10,6000,7500,10000,0,400,40000,1,,,0,0,0,0,0,0,0,0,0,0,0,21,21,0,0,0,0,0,0,0,0,0,0,0,0,0,0,0,0,0,0
1005,1000,5,矛_1~10,4500,6500,10000,0,500,40000,1,,,0,0,0,0,0,0,0,0,0,0,0,30,30,0,0,0,0,0,0,0,0,0,0,0,0,0,0,0,0,0,0
1006,1000,6,矛_1~10,3500,5500,10000,0,600,40000,1,,,0,0,0,0,0,0,0,0,0,0,0,39,39,0,0,0,0,0,0,0,0,0,0,0,0,0,0,0,0,0,0
1007,1000,7,矛_1~10,2500,4500,10000,0,700,40000,1,,,0,0,0,0,0,0,0,0,0,0,0,53,53,0,0,0,0,0,0,0,0,0,0,0,0,0,0,0,0,0,0
1008,1000,8,矛_1~10,1500,3500,0,10000,800,40000,1,,,0,0,0,0,0,0,0,0,0,0,0,67,67,0,0,0,0,0,0,0,0,5,0,0,0,0,0,0,3,0,0
1009,1000,9,矛_1~10,1000,2500,0,10000,900,40000,1,,,0,0,0,0,0,0,0,0,0,0,0,81,81,0,0,0,0,0,0,0,0,10,0,0,0,0,0,0,5,0,0
1010,1000,10,矛_1~10,900,1500,0,9000,1000,40000,1,,,0,0,0,0,0,0,0,0,0,0,0,100,100,0,0,0,0,0,0,0,0,15,0,0,0,0,0,0,7,0,0
1011,1000,11,矛_1~10,800,0,0,0,1100,40000,1,,,0,0,0,0,0,0,0,0,0,0,0,119,119,0,0,0,0,0,0,0,0,20,0,0,0,0,0,0,9,0,0
1012,1000,12,矛_1~10,700,0,0,0,1200,40000,1,,,0,0,0,0,0,0,0,0,0,0,0,138,138,0,0,0,0,0,0,0,0,25,0,0,0,0,0,0,11,0,0
1013,1000,13,矛_1~10,600,0,0,0,1300,40000,1,,,0,0,0,0,0,0,0,0,0,0,0,163,163,0,0,0,0,0,0,0,0,30,0,0,0,0,0,0,13,0,0
1014,1000,14,矛_1~10,500,0,0,0,1400,40000,1,,,0,0,0,0,0,0,0,0,0,0,0,188,188,0,0,0,0,0,0,0,0,35,0,0,0,0,0,0,15,0,0
1015,1000,15,矛_1~10,400,0,0,0,1500,40000,1,,,0,0,0,0,0,0,0,0,0,0,0,213,213,0,0,0,0,0,0,0,0,40,0,0,0,0,0,0,17,0,0
1051,1050,1,矛_11~20,10000,0,0,0,1340,40001,1,,,0,0,0,0,0,0,0,0,0,0,0,8,8,0,0,0,0,0,0,0,0,0,0,0,0,0,0,0,0,0,0
1052,1050,2,矛_11~20,9000,9500,10000,0,2690,40001,1,,,0,0,0,0,0,0,0,0,0,0,0,16,16,0,0,0,0,0,0,0,0,0,0,0,0,0,0,0,0,0,0
1053,1050,3,矛_11~20,7500,8500,10000,0,4030,40001,1,,,0,0,0,0,0,0,0,0,0,0,0,24,24,0,0,0,0,0,0,0,0,0,0,0,0,0,0,0,0,0,0
1054,1050,4,矛_11~20,6000,7500,10000,0,5370,40001,1,,,0,0,0,0,0,0,0,0,0,0,0,42,42,0,0,0,0,0,0,0,0,0,0,0,0,0,0,0,0,0,0
1055,1050,5,矛_11~20,4500,6500,10000,0,6710,40001,1,,,0,0,0,0,0,0,0,0,0,0,0,60,60,0,0,0,0,0,0,0,0,0,0,0,0,0,0,0,0,0,0
1056,1050,6,矛_11~20,3500,5500,10000,0,8060,40001,1,,,0,0,0,0,0,0,0,0,0,0,0,78,78,0,0,0,0,0,0,0,0,0,0,0,0,0,0,0,0,0,0
1057,1050,7,矛_11~20,2500,4500,10000,0,9400,40001,1,,,0,0,0,0,0,0,0,0,0,0,0,106,106,0,0,0,0,0,0,0,0,0,0,0,0,0,0,0,0,0,0
1058,1050,8,矛_11~20,1500,3500,0,10000,10740,40001,1,,,0,0,0,0,0,0,0,0,0,0,0,134,134,0,0,0,0,0,0,0,0,6,0,0,0,0,0,0,3,0,0
1059,1050,9,矛_11~20,1000,2500,0,10000,12090,40001,1,,,0,0,0,0,0,0,0,0,0,0,0,162,162,0,0,0,0,0,0,0,0,12,0,0,0,0,0,0,5,0,0
1060,1050,10,矛_11~20,900,1500,0,9000,13430,40001,1,,,0,0,0,0,0,0,0,0,0,0,0,201,201,0,0,0,0,0,0,0,0,18,0,0,0,0,0,0,7,0,0
1061,1050,11,矛_11~20,800,0,0,0,14770,40001,1,,,0,0,0,0,0,0,0,0,0,0,0,240,240,0,0,0,0,0,0,0,0,24,0,0,0,0,0,0,9,0,0
1062,1050,12,矛_11~20,700,0,0,0,16110,40001,1,,,0,0,0,0,0,0,0,0,0,0,0,279,279,0,0,0,0,0,0,0,0,30,0,0,0,0,0,0,11,0,0
1063,1050,13,矛_11~20,600,0,0,0,17460,40001,1,,,0,0,0,0,0,0,0,0,0,0,0,330,330,0,0,0,0,0,0,0,0,36,0,0,0,0,0,0,13,0,0
1064,1050,14,矛_11~20,500,0,0,0,18800,40001,1,,,0,0,0,0,0,0,0,0,0,0,0,381,381,0,0,0,0,0,0,0,0,42,0,0,0,0,0,0,15,0,0
1065,1050,15,矛_11~20,400,0,0,0,20140,40001,1,,,0,0,0,0,0,0,0,0,0,0,0,432,432,0,0,0,0,0,0,0,0,48,0,0,0,0,0,0,17,0,0
1101,1100,1,矛_21~30,10000,0,0,0,6350,40002,1,,,0,0,0,0,0,0,0,0,0,0,0,13,13,0,0,0,0,0,0,0,0,0,0,0,0,0,0,0,0,0,0
1102,1100,2,矛_21~30,9000,9500,10000,0,12710,40002,1,,,0,0,0,0,0,0,0,0,0,0,0,26,26,0,0,0,0,0,0,0,0,0,0,0,0,0,0,0,0,0,0
1103,1100,3,矛_21~30,7500,8500,10000,0,19060,40002,1,,,0,0,0,0,0,0,0,0,0,0,0,39,39,0,0,0,0,0,0,0,0,0,0,0,0,0,0,0,0,0,0
1104,1100,4,矛_21~30,6000,7500,10000,0,25420,40002,1,,,0,0,0,0,0,0,0,0,0,0,0,65,65,0,0,0,0,0,0,0,0,0,0,0,0,0,0,0,0,0,0
1105,1100,5,矛_21~30,4500,6500,10000,0,31770,40002,1,,,0,0,0,0,0,0,0,0,0,0,0,91,91,0,0,0,0,0,0,0,0,0,0,0,0,0,0,0,0,0,0
1106,1100,6,矛_21~30,3500,5500,10000,0,38120,40002,1,,,0,0,0,0,0,0,0,0,0,0,0,117,117,0,0,0,0,0,0,0,0,0,0,0,0,0,0,0,0,0,0
1107,1100,7,矛_21~30,2500,4500,10000,0,44480,40002,1,,,0,0,0,0,0,0,0,0,0,0,0,158,158,0,0,0,0,0,0,0,0,0,0,0,0,0,0,0,0,0,0
1108,1100,8,矛_21~30,1500,3500,0,10000,50830,40002,1,,,0,0,0,0,0,0,0,0,0,0,0,199,199,0,0,0,0,0,0,0,0,7,0,0,0,0,0,0,3,0,0
1109,1100,9,矛_21~30,1000,2500,0,10000,57190,40002,1,,,0,0,0,0,0,0,0,0,0,0,0,240,240,0,0,0,0,0,0,0,0,14,0,0,0,0,0,0,5,0,0
1110,1100,10,矛_21~30,900,1500,0,9000,63540,40002,1,,,0,0,0,0,0,0,0,0,0,0,0,298,298,0,0,0,0,0,0,0,0,22,0,0,0,0,0,0,7,0,0
1111,1100,11,矛_21~30,800,0,0,0,69890,40002,1,,,0,0,0,0,0,0,0,0,0,0,0,356,356,0,0,0,0,0,0,0,0,29,0,0,0,0,0,0,9,0,0
1112,1100,12,矛_21~30,700,0,0,0,76250,40002,1,,,0,0,0,0,0,0,0,0,0,0,0,414,414,0,0,0,0,0,0,0,0,36,0,0,0,0,0,0,11,0,0
1113,1100,13,矛_21~30,600,0,0,0,82600,40002,1,,,0,0,0,0,0,0,0,0,0,0,0,490,490,0,0,0,0,0,0,0,0,43,0,0,0,0,0,0,13,0,0
1114,1100,14,矛_21~30,500,0,0,0,88960,40002,1,,,0,0,0,0,0,0,0,0,0,0,0,566,566,0,0,0,0,0,0,0,0,50,0,0,0,0,0,0,15,0,0
1115,1100,15,矛_21~30,400,0,0,0,95310,40002,1,,,0,0,0,0,0,0,0,0,0,0,0,642,642,0,0,0,0,0,0,0,0,58,0,0,0,0,0,0,17,0,0
1151,1150,1,矛_31~40,10000,0,0,0,18600,40003,1,,,0,0,0,0,0,0,0,0,0,0,0,17,17,0,0,0,0,0,0,0,0,0,0,0,0,0,0,0,0,0,0
1152,1150,2,矛_31~40,9000,9500,10000,0,37190,40003,1,,,0,0,0,0,0,0,0,0,0,0,0,34,34,0,0,0,0,0,0,0,0,0,0,0,0,0,0,0,0,0,0
1153,1150,3,矛_31~40,7500,8500,10000,0,55790,40003,1,,,0,0,0,0,0,0,0,0,0,0,0,51,51,0,0,0,0,0,0,0,0,0,0,0,0,0,0,0,0,0,0
1154,1150,4,矛_31~40,6000,7500,10000,0,74390,40003,1,,,0,0,0,0,0,0,0,0,0,0,0,86,86,0,0,0,0,0,0,0,0,0,0,0,0,0,0,0,0,0,0
1155,1150,5,矛_31~40,4500,6500,10000,0,92980,40003,1,,,0,0,0,0,0,0,0,0,0,0,0,121,121,0,0,0,0,0,0,0,0,0,0,0,0,0,0,0,0,0,0
1156,1150,6,矛_31~40,3500,5500,10000,0,111580,40003,1,,,0,0,0,0,0,0,0,0,0,0,0,156,156,0,0,0,0,0,0,0,0,0,0,0,0,0,0,0,0,0,0
1157,1150,7,矛_31~40,2500,4500,10000,0,130180,40003,1,,,0,0,0,0,0,0,0,0,0,0,0,211,211,0,0,0,0,0,0,0,0,0,0,0,0,0,0,0,0,0,0
1158,1150,8,矛_31~40,1500,3500,0,10000,148770,40003,1,,,0,0,0,0,0,0,0,0,0,0,0,266,266,0,0,0,0,0,0,0,0,8,0,0,0,0,0,0,3,0,0
1159,1150,9,矛_31~40,1000,2500,0,10000,167370,40003,1,,,0,0,0,0,0,0,0,0,0,0,0,321,321,0,0,0,0,0,0,0,0,17,0,0,0,0,0,0,5,0,0
1160,1150,10,矛_31~40,900,1500,0,9000,185970,40003,1,,,0,0,0,0,0,0,0,0,0,0,0,398,398,0,0,0,0,0,0,0,0,26,0,0,0,0,0,0,7,0,0
1161,1150,11,矛_31~40,800,0,0,0,204560,40003,1,,,0,0,0,0,0,0,0,0,0,0,0,475,475,0,0,0,0,0,0,0,0,35,0,0,0,0,0,0,9,0,0
1162,1150,12,矛_31~40,700,0,0,0,223160,40003,1,,,0,0,0,0,0,0,0,0,0,0,0,552,552,0,0,0,0,0,0,0,0,43,0,0,0,0,0,0,11,0,0
1163,1150,13,矛_31~40,600,0,0,0,241760,40003,1,,,0,0,0,0,0,0,0,0,0,0,0,653,653,0,0,0,0,0,0,0,0,52,0,0,0,0,0,0,13,0,0
1164,1150,14,矛_31~40,500,0,0,0,260350,40003,1,,,0,0,0,0,0,0,0,0,0,0,0,754,754,0,0,0,0,0,0,0,0,60,0,0,0,0,0,0,15,0,0
1165,1150,15,矛_31~40,400,0,0,0,278950,40003,1,,,0,0,0,0,0,0,0,0,0,0,0,855,855,0,0,0,0,0,0,0,0,70,0,0,0,0,0,0,17,0,0
1201,1200,1,矛_41~50,10000,0,0,0,21870,40004,1,,,0,0,0,0,0,0,0,0,0,0,0,21,21,0,0,0,0,0,0,0,0,0,0,0,0,0,0,0,0,0,0
1202,1200,2,矛_41~50,9000,9500,10000,0,43740,40004,1,,,0,0,0,0,0,0,0,0,0,0,0,42,42,0,0,0,0,0,0,0,0,0,0,0,0,0,0,0,0,0,0
1203,1200,3,矛_41~50,7500,8500,10000,0,65610,40004,1,,,0,0,0,0,0,0,0,0,0,0,0,63,63,0,0,0,0,0,0,0,0,0,0,0,0,0,0,0,0,0,0
1204,1200,4,矛_41~50,6000,7500,10000,0,87470,40004,1,,,0,0,0,0,0,0,0,0,0,0,0,107,107,0,0,0,0,0,0,0,0,0,0,0,0,0,0,0,0,0,0
1205,1200,5,矛_41~50,4500,6500,10000,0,109340,40004,1,,,0,0,0,0,0,0,0,0,0,0,0,151,151,0,0,0,0,0,0,0,0,0,0,0,0,0,0,0,0,0,0
1206,1200,6,矛_41~50,3500,5500,10000,0,131210,40004,1,,,0,0,0,0,0,0,0,0,0,0,0,195,195,0,0,0,0,0,0,0,0,0,0,0,0,0,0,0,0,0,0
1207,1200,7,矛_41~50,2500,4500,10000,0,153080,40004,1,,,0,0,0,0,0,0,0,0,0,0,0,264,264,0,0,0,0,0,0,0,0,0,0,0,0,0,0,0,0,0,0
1208,1200,8,矛_41~50,1500,3500,0,10000,174950,40004,1,,,0,0,0,0,0,0,0,0,0,0,0,333,333,0,0,0,0,0,0,0,0,10,0,0,0,0,0,0,3,0,0
1209,1200,9,矛_41~50,1000,2500,0,10000,196820,40004,1,,,0,0,0,0,0,0,0,0,0,0,0,402,402,0,0,0,0,0,0,0,0,20,0,0,0,0,0,0,5,0,0
1210,1200,10,矛_41~50,900,1500,0,9000,218680,40004,1,,,0,0,0,0,0,0,0,0,0,0,0,498,498,0,0,0,0,0,0,0,0,31,0,0,0,0,0,0,7,0,0
1211,1200,11,矛_41~50,800,0,0,0,240550,40004,1,,,0,0,0,0,0,0,0,0,0,0,0,594,594,0,0,0,0,0,0,0,0,42,0,0,0,0,0,0,9,0,0
1212,1200,12,矛_41~50,700,0,0,0,262420,40004,1,,,0,0,0,0,0,0,0,0,0,0,0,690,690,0,0,0,0,0,0,0,0,52,0,0,0,0,0,0,11,0,0
1213,1200,13,矛_41~50,600,0,0,0,284290,40004,1,,,0,0,0,0,0,0,0,0,0,0,0,817,817,0,0,0,0,0,0,0,0,62,0,0,0,0,0,0,13,0,0
1214,1200,14,矛_41~50,500,0,0,0,306160,40004,1,,,0,0,0,0,0,0,0,0,0,0,0,944,944,0,0,0,0,0,0,0,0,72,0,0,0,0,0,0,15,0,0
1215,1200,15,矛_41~50,400,0,0,0,328030,40004,1,,,0,0,0,0,0,0,0,0,0,0,0,1071,1071,0,0,0,0,0,0,0,0,84,0,0,0,0,0,0,17,0,0
1251,1250,1,矛_51~60,10000,0,0,0,21870,40004,1,,,0,0,0,0,0,0,0,0,0,0,0,25,25,0,0,0,0,0,0,0,0,0,0,0,0,0,0,0,0,0,0
1252,1250,2,矛_51~60,9000,9500,10000,0,43740,40004,1,,,0,0,0,0,0,0,0,0,0,0,0,50,50,0,0,0,0,0,0,0,0,0,0,0,0,0,0,0,0,0,0
1253,1250,3,矛_51~60,7500,8500,10000,0,65610,40004,1,,,0,0,0,0,0,0,0,0,0,0,0,75,75,0,0,0,0,0,0,0,0,0,0,0,0,0,0,0,0,0,0
1254,1250,4,矛_51~60,6000,7500,10000,0,87470,40004,1,,,0,0,0,0,0,0,0,0,0,0,0,128,128,0,0,0,0,0,0,0,0,0,0,0,0,0,0,0,0,0,0
1255,1250,5,矛_51~60,4500,6500,10000,0,109340,40004,1,,,0,0,0,0,0,0,0,0,0,0,0,181,181,0,0,0,0,0,0,0,0,0,0,0,0,0,0,0,0,0,0
1256,1250,6,矛_51~60,3500,5500,10000,0,131210,40004,1,,,0,0,0,0,0,0,0,0,0,0,0,234,234,0,0,0,0,0,0,0,0,0,0,0,0,0,0,0,0,0,0
1257,1250,7,矛_51~60,2500,4500,10000,0,153080,40004,1,,,0,0,0,0,0,0,0,0,0,0,0,317,317,0,0,0,0,0,0,0,0,0,0,0,0,0,0,0,0,0,0
1258,1250,8,矛_51~60,1500,3500,0,10000,174950,40004,1,,,0,0,0,0,0,0,0,0,0,0,0,400,400,0,0,0,0,0,0,0,0,12,0,0,0,0,0,0,3,0,0
1259,1250,9,矛_51~60,1000,2500,0,10000,196820,40004,1,,,0,0,0,0,0,0,0,0,0,0,0,483,483,0,0,0,0,0,0,0,0,24,0,0,0,0,0,0,5,0,0
1260,1250,10,矛_51~60,900,1500,0,9000,218680,40004,1,,,0,0,0,0,0,0,0,0,0,0,0,599,599,0,0,0,0,0,0,0,0,37,0,0,0,0,0,0,7,0,0
1261,1250,11,矛_51~60,800,0,0,0,240550,40004,1,,,0,0,0,0,0,0,0,0,0,0,0,715,715,0,0,0,0,0,0,0,0,50,0,0,0,0,0,0,9,0,0
1262,1250,12,矛_51~60,700,0,0,0,262420,40004,1,,,0,0,0,0,0,0,0,0,0,0,0,831,831,0,0,0,0,0,0,0,0,62,0,0,0,0,0,0,11,0,0
1263,1250,13,矛_51~60,600,0,0,0,284290,40004,1,,,0,0,0,0,0,0,0,0,0,0,0,983,983,0,0,0,0,0,0,0,0,74,0,0,0,0,0,0,13,0,0
1264,1250,14,矛_51~60,500,0,0,0,306160,40004,1,,,0,0,0,0,0,0,0,0,0,0,0,1135,1135,0,0,0,0,0,0,0,0,86,0,0,0,0,0,0,15,0,0
1265,1250,15,矛_51~60,400,0,0,0,328030,40004,1,,,0,0,0,0,0,0,0,0,0,0,0,1287,1287,0,0,0,0,0,0,0,0,101,0,0,0,0,0,0,17,0,0
1301,1300,1,矛_61~70,10000,0,0,0,21870,40004,1,,,0,0,0,0,0,0,0,0,0,0,0,0,0,0,0,0,0,0,0,0,0,0,0,0,0,0,0,0,0,0,0
1302,1300,2,矛_61~70,9000,9500,10000,0,43740,40004,1,,,0,0,0,0,0,0,0,0,0,0,0,0,0,0,0,0,0,0,0,0,0,0,0,0,0,0,0,0,0,0,0
1303,1300,3,矛_61~70,7500,8500,10000,0,65610,40004,1,,,0,0,0,0,0,0,0,0,0,0,0,0,0,0,0,0,0,0,0,0,0,0,0,0,0,0,0,0,0,0,0
1304,1300,4,矛_61~70,6000,7500,10000,0,87470,40004,1,,,0,0,0,0,0,0,0,0,0,0,0,0,0,0,0,0,0,0,0,0,0,0,0,0,0,0,0,0,0,0,0
1305,1300,5,矛_61~70,4500,6500,10000,0,109340,40004,1,,,0,0,0,0,0,0,0,0,0,0,0,0,0,0,0,0,0,0,0,0,0,0,0,0,0,0,0,0,0,0,0
1306,1300,6,矛_61~70,3500,5500,10000,0,131210,40004,1,,,0,0,0,0,0,0,0,0,0,0,0,0,0,0,0,0,0,0,0,0,0,0,0,0,0,0,0,0,0,0,0
1307,1300,7,矛_61~70,2500,4500,10000,0,153080,40004,1,,,0,0,0,0,0,0,0,0,0,0,0,0,0,0,0,0,0,0,0,0,0,0,0,0,0,0,0,0,0,0,0
1308,1300,8,矛_61~70,1500,3500,0,10000,174950,40004,1,,,0,0,0,0,0,0,0,0,0,0,0,0,0,0,0,0,0,0,0,0,0,14,0,0,0,0,0,0,3,0,0
1309,1300,9,矛_61~70,1000,2500,0,10000,196820,40004,1,,,0,0,0,0,0,0,0,0,0,0,0,0,0,0,0,0,0,0,0,0,0,29,0,0,0,0,0,0,5,0,0
1310,1300,10,矛_61~70,900,1500,0,9000,218680,40004,1,,,0,0,0,0,0,0,0,0,0,0,0,0,0,0,0,0,0,0,0,0,0,44,0,0,0,0,0,0,7,0,0
1311,1300,11,矛_61~70,800,0,0,0,240550,40004,1,,,0,0,0,0,0,0,0,0,0,0,0,0,0,0,0,0,0,0,0,0,0,60,0,0,0,0,0,0,9,0,0
1312,1300,12,矛_61~70,700,0,0,0,262420,40004,1,,,0,0,0,0,0,0,0,0,0,0,0,0,0,0,0,0,0,0,0,0,0,74,0,0,0,0,0,0,11,0,0
1313,1300,13,矛_61~70,600,0,0,0,284290,40004,1,,,0,0,0,0,0,0,0,0,0,0,0,0,0,0,0,0,0,0,0,0,0,89,0,0,0,0,0,0,13,0,0
1314,1300,14,矛_61~70,500,0,0,0,306160,40004,1,,,0,0,0,0,0,0,0,0,0,0,0,0,0,0,0,0,0,0,0,0,0,103,0,0,0,0,0,0,15,0,0
1315,1300,15,矛_61~70,400,0,0,0,328030,40004,1,,,0,0,0,0,0,0,0,0,0,0,0,0,0,0,0,0,0,0,0,0,0,121,0,0,0,0,0,0,17,0,0
1901,1900,1,权杖_1~10,10000,0,0,0,100,40000,1,,,0,0,0,0,0,0,0,0,0,0,0,0,0,4,4,0,0,0,0,0,0,0,0,0,0,0,0,0,0,0,0
1902,1900,2,权杖_1~10,9000,9500,10000,0,200,40000,1,,,0,0,0,0,0,0,0,0,0,0,0,0,0,8,8,0,0,0,0,0,0,0,0,0,0,0,0,0,0,0,0
1903,1900,3,权杖_1~10,7500,8500,10000,0,300,40000,1,,,0,0,0,0,0,0,0,0,0,0,0,0,0,12,12,0,0,0,0,0,0,0,0,0,0,0,0,0,0,0,0
1904,1900,4,权杖_1~10,6000,7500,10000,0,400,40000,1,,,0,0,0,0,0,0,0,0,0,0,0,0,0,19,19,0,0,0,0,0,0,0,0,0,0,0,0,0,0,0,0
1905,1900,5,权杖_1~10,4500,6500,10000,0,500,40000,1,,,0,0,0,0,0,0,0,0,0,0,0,0,0,26,26,0,0,0,0,0,0,0,0,0,0,0,0,0,0,0,0
1906,1900,6,权杖_1~10,3500,5500,10000,0,600,40000,1,,,0,0,0,0,0,0,0,0,0,0,0,0,0,33,33,0,0,0,0,0,0,0,0,0,0,0,0,0,0,0,0
1907,1900,7,权杖_1~10,2500,4500,10000,0,700,40000,1,,,0,0,0,0,0,0,0,0,0,0,0,0,0,45,45,0,0,0,0,0,0,0,0,0,0,0,0,0,0,0,0
1908,1900,8,权杖_1~10,1500,3500,0,10000,800,40000,1,,,0,0,0,0,0,0,0,0,0,0,0,0,0,57,57,0,0,0,0,0,0,5,0,0,0,0,0,0,3,0,0
1909,1900,9,权杖_1~10,1000,2500,0,10000,900,40000,1,,,0,0,0,0,0,0,0,0,0,0,0,0,0,69,69,0,0,0,0,0,0,10,0,0,0,0,0,0,5,0,0
1910,1900,10,权杖_1~10,900,1500,0,9000,1000,40000,1,,,0,0,0,0,0,0,0,0,0,0,0,0,0,85,85,0,0,0,0,0,0,15,0,0,0,0,0,0,7,0,0
1911,1900,11,权杖_1~10,800,0,0,0,1100,40000,1,,,0,0,0,0,0,0,0,0,0,0,0,0,0,101,101,0,0,0,0,0,0,20,0,0,0,0,0,0,9,0,0
1912,1900,12,权杖_1~10,700,0,0,0,1200,40000,1,,,0,0,0,0,0,0,0,0,0,0,0,0,0,117,117,0,0,0,0,0,0,25,0,0,0,0,0,0,11,0,0
1913,1900,13,权杖_1~10,600,0,0,0,1300,40000,1,,,0,0,0,0,0,0,0,0,0,0,0,0,0,138,138,0,0,0,0,0,0,30,0,0,0,0,0,0,13,0,0
1914,1900,14,权杖_1~10,500,0,0,0,1400,40000,1,,,0,0,0,0,0,0,0,0,0,0,0,0,0,159,159,0,0,0,0,0,0,35,0,0,0,0,0,0,15,0,0
1915,1900,15,权杖_1~10,400,0,0,0,1500,40000,1,,,0,0,0,0,0,0,0,0,0,0,0,0,0,180,180,0,0,0,0,0,0,40,0,0,0,0,0,0,17,0,0
1951,1950,1,权杖_11~20,10000,0,0,0,1340,40001,1,,,0,0,0,0,0,0,0,0,0,0,0,0,0,7,7,0,0,0,0,0,0,0,0,0,0,0,0,0,0,0,0
1952,1950,2,权杖_11~20,9000,9500,10000,0,2690,40001,1,,,0,0,0,0,0,0,0,0,0,0,0,0,0,14,14,0,0,0,0,0,0,0,0,0,0,0,0,0,0,0,0
1953,1950,3,权杖_11~20,7500,8500,10000,0,4030,40001,1,,,0,0,0,0,0,0,0,0,0,0,0,0,0,21,21,0,0,0,0,0,0,0,0,0,0,0,0,0,0,0,0
1954,1950,4,权杖_11~20,6000,7500,10000,0,5370,40001,1,,,0,0,0,0,0,0,0,0,0,0,0,0,0,36,36,0,0,0,0,0,0,0,0,0,0,0,0,0,0,0,0
1955,1950,5,权杖_11~20,4500,6500,10000,0,6710,40001,1,,,0,0,0,0,0,0,0,0,0,0,0,0,0,51,51,0,0,0,0,0,0,0,0,0,0,0,0,0,0,0,0
1956,1950,6,权杖_11~20,3500,5500,10000,0,8060,40001,1,,,0,0,0,0,0,0,0,0,0,0,0,0,0,66,66,0,0,0,0,0,0,0,0,0,0,0,0,0,0,0,0
1957,1950,7,权杖_11~20,2500,4500,10000,0,9400,40001,1,,,0,0,0,0,0,0,0,0,0,0,0,0,0,89,89,0,0,0,0,0,0,0,0,0,0,0,0,0,0,0,0
1958,1950,8,权杖_11~20,1500,3500,0,10000,10740,40001,1,,,0,0,0,0,0,0,0,0,0,0,0,0,0,112,112,0,0,0,0,0,0,6,0,0,0,0,0,0,3,0,0
1959,1950,9,权杖_11~20,1000,2500,0,10000,12090,40001,1,,,0,0,0,0,0,0,0,0,0,0,0,0,0,135,135,0,0,0,0,0,0,12,0,0,0,0,0,0,5,0,0
1960,1950,10,权杖_11~20,900,1500,0,9000,13430,40001,1,,,0,0,0,0,0,0,0,0,0,0,0,0,0,167,167,0,0,0,0,0,0,18,0,0,0,0,0,0,7,0,0
1961,1950,11,权杖_11~20,800,0,0,0,14770,40001,1,,,0,0,0,0,0,0,0,0,0,0,0,0,0,199,199,0,0,0,0,0,0,24,0,0,0,0,0,0,9,0,0
1962,1950,12,权杖_11~20,700,0,0,0,16110,40001,1,,,0,0,0,0,0,0,0,0,0,0,0,0,0,231,231,0,0,0,0,0,0,30,0,0,0,0,0,0,11,0,0
1963,1950,13,权杖_11~20,600,0,0,0,17460,40001,1,,,0,0,0,0,0,0,0,0,0,0,0,0,0,273,273,0,0,0,0,0,0,36,0,0,0,0,0,0,13,0,0
1964,1950,14,权杖_11~20,500,0,0,0,18800,40001,1,,,0,0,0,0,0,0,0,0,0,0,0,0,0,315,315,0,0,0,0,0,0,42,0,0,0,0,0,0,15,0,0
1965,1950,15,权杖_11~20,400,0,0,0,20140,40001,1,,,0,0,0,0,0,0,0,0,0,0,0,0,0,357,357,0,0,0,0,0,0,48,0,0,0,0,0,0,17,0,0
2001,2000,1,权杖_21~30,10000,0,0,0,6350,40002,1,,,0,0,0,0,0,0,0,0,0,0,0,0,0,11,11,0,0,0,0,0,0,0,0,0,0,0,0,0,0,0,0
2002,2000,2,权杖_21~30,9000,9500,10000,0,12710,40002,1,,,0,0,0,0,0,0,0,0,0,0,0,0,0,22,22,0,0,0,0,0,0,0,0,0,0,0,0,0,0,0,0
2003,2000,3,权杖_21~30,7500,8500,10000,0,19060,40002,1,,,0,0,0,0,0,0,0,0,0,0,0,0,0,33,33,0,0,0,0,0,0,0,0,0,0,0,0,0,0,0,0
2004,2000,4,权杖_21~30,6000,7500,10000,0,25420,40002,1,,,0,0,0,0,0,0,0,0,0,0,0,0,0,55,55,0,0,0,0,0,0,0,0,0,0,0,0,0,0,0,0
2005,2000,5,权杖_21~30,4500,6500,10000,0,31770,40002,1,,,0,0,0,0,0,0,0,0,0,0,0,0,0,77,77,0,0,0,0,0,0,0,0,0,0,0,0,0,0,0,0
2006,2000,6,权杖_21~30,3500,5500,10000,0,38120,40002,1,,,0,0,0,0,0,0,0,0,0,0,0,0,0,99,99,0,0,0,0,0,0,0,0,0,0,0,0,0,0,0,0
2007,2000,7,权杖_21~30,2500,4500,10000,0,44480,40002,1,,,0,0,0,0,0,0,0,0,0,0,0,0,0,134,134,0,0,0,0,0,0,0,0,0,0,0,0,0,0,0,0
2008,2000,8,权杖_21~30,1500,3500,0,10000,50830,40002,1,,,0,0,0,0,0,0,0,0,0,0,0,0,0,169,169,0,0,0,0,0,0,7,0,0,0,0,0,0,3,0,0
2009,2000,9,权杖_21~30,1000,2500,0,10000,57190,40002,1,,,0,0,0,0,0,0,0,0,0,0,0,0,0,204,204,0,0,0,0,0,0,14,0,0,0,0,0,0,5,0,0
2010,2000,10,权杖_21~30,900,1500,0,9000,63540,40002,1,,,0,0,0,0,0,0,0,0,0,0,0,0,0,252,252,0,0,0,0,0,0,22,0,0,0,0,0,0,7,0,0
2011,2000,11,权杖_21~30,800,0,0,0,69890,40002,1,,,0,0,0,0,0,0,0,0,0,0,0,0,0,300,300,0,0,0,0,0,0,29,0,0,0,0,0,0,9,0,0
2012,2000,12,权杖_21~30,700,0,0,0,76250,40002,1,,,0,0,0,0,0,0,0,0,0,0,0,0,0,348,348,0,0,0,0,0,0,36,0,0,0,0,0,0,11,0,0
2013,2000,13,权杖_21~30,600,0,0,0,82600,40002,1,,,0,0,0,0,0,0,0,0,0,0,0,0,0,411,411,0,0,0,0,0,0,43,0,0,0,0,0,0,13,0,0
2014,2000,14,权杖_21~30,500,0,0,0,88960,40002,1,,,0,0,0,0,0,0,0,0,0,0,0,0,0,474,474,0,0,0,0,0,0,50,0,0,0,0,0,0,15,0,0
2015,2000,15,权杖_21~30,400,0,0,0,95310,40002,1,,,0,0,0,0,0,0,0,0,0,0,0,0,0,537,537,0,0,0,0,0,0,58,0,0,0,0,0,0,17,0,0
2051,2050,1,权杖_31~40,10000,0,0,0,18600,40003,1,,,0,0,0,0,0,0,0,0,0,0,0,0,0,14,14,0,0,0,0,0,0,0,0,0,0,0,0,0,0,0,0
2052,2050,2,权杖_31~40,9000,9500,10000,0,37190,40003,1,,,0,0,0,0,0,0,0,0,0,0,0,0,0,28,28,0,0,0,0,0,0,0,0,0,0,0,0,0,0,0,0
2053,2050,3,权杖_31~40,7500,8500,10000,0,55790,40003,1,,,0,0,0,0,0,0,0,0,0,0,0,0,0,42,42,0,0,0,0,0,0,0,0,0,0,0,0,0,0,0,0
2054,2050,4,权杖_31~40,6000,7500,10000,0,74390,40003,1,,,0,0,0,0,0,0,0,0,0,0,0,0,0,71,71,0,0,0,0,0,0,0,0,0,0,0,0,0,0,0,0
2055,2050,5,权杖_31~40,4500,6500,10000,0,92980,40003,1,,,0,0,0,0,0,0,0,0,0,0,0,0,0,100,100,0,0,0,0,0,0,0,0,0,0,0,0,0,0,0,0
2056,2050,6,权杖_31~40,3500,5500,10000,0,111580,40003,1,,,0,0,0,0,0,0,0,0,0,0,0,0,0,129,129,0,0,0,0,0,0,0,0,0,0,0,0,0,0,0,0
2057,2050,7,权杖_31~40,2500,4500,10000,0,130180,40003,1,,,0,0,0,0,0,0,0,0,0,0,0,0,0,175,175,0,0,0,0,0,0,0,0,0,0,0,0,0,0,0,0
2058,2050,8,权杖_31~40,1500,3500,0,10000,148770,40003,1,,,0,0,0,0,0,0,0,0,0,0,0,0,0,221,221,0,0,0,0,0,0,8,0,0,0,0,0,0,3,0,0
2059,2050,9,权杖_31~40,1000,2500,0,10000,167370,40003,1,,,0,0,0,0,0,0,0,0,0,0,0,0,0,267,267,0,0,0,0,0,0,17,0,0,0,0,0,0,5,0,0
2060,2050,10,权杖_31~40,900,1500,0,9000,185970,40003,1,,,0,0,0,0,0,0,0,0,0,0,0,0,0,331,331,0,0,0,0,0,0,26,0,0,0,0,0,0,7,0,0
2061,2050,11,权杖_31~40,800,0,0,0,204560,40003,1,,,0,0,0,0,0,0,0,0,0,0,0,0,0,395,395,0,0,0,0,0,0,35,0,0,0,0,0,0,9,0,0
2062,2050,12,权杖_31~40,700,0,0,0,223160,40003,1,,,0,0,0,0,0,0,0,0,0,0,0,0,0,459,459,0,0,0,0,0,0,43,0,0,0,0,0,0,11,0,0
2063,2050,13,权杖_31~40,600,0,0,0,241760,40003,1,,,0,0,0,0,0,0,0,0,0,0,0,0,0,543,543,0,0,0,0,0,0,52,0,0,0,0,0,0,13,0,0
2064,2050,14,权杖_31~40,500,0,0,0,260350,40003,1,,,0,0,0,0,0,0,0,0,0,0,0,0,0,627,627,0,0,0,0,0,0,60,0,0,0,0,0,0,15,0,0
2065,2050,15,权杖_31~40,400,0,0,0,278950,40003,1,,,0,0,0,0,0,0,0,0,0,0,0,0,0,711,711,0,0,0,0,0,0,70,0,0,0,0,0,0,17,0,0
2101,2100,1,权杖_41~50,10000,0,0,0,21870,40004,1,,,0,0,0,0,0,0,0,0,0,0,0,0,0,18,18,0,0,0,0,0,0,0,0,0,0,0,0,0,0,0,0
2102,2100,2,权杖_41~50,9000,9500,10000,0,43740,40004,1,,,0,0,0,0,0,0,0,0,0,0,0,0,0,36,36,0,0,0,0,0,0,0,0,0,0,0,0,0,0,0,0
2103,2100,3,权杖_41~50,7500,8500,10000,0,65610,40004,1,,,0,0,0,0,0,0,0,0,0,0,0,0,0,54,54,0,0,0,0,0,0,0,0,0,0,0,0,0,0,0,0
2104,2100,4,权杖_41~50,6000,7500,10000,0,87470,40004,1,,,0,0,0,0,0,0,0,0,0,0,0,0,0,91,91,0,0,0,0,0,0,0,0,0,0,0,0,0,0,0,0
2105,2100,5,权杖_41~50,4500,6500,10000,0,109340,40004,1,,,0,0,0,0,0,0,0,0,0,0,0,0,0,128,128,0,0,0,0,0,0,0,0,0,0,0,0,0,0,0,0
2106,2100,6,权杖_41~50,3500,5500,10000,0,131210,40004,1,,,0,0,0,0,0,0,0,0,0,0,0,0,0,165,165,0,0,0,0,0,0,0,0,0,0,0,0,0,0,0,0
2107,2100,7,权杖_41~50,2500,4500,10000,0,153080,40004,1,,,0,0,0,0,0,0,0,0,0,0,0,0,0,223,223,0,0,0,0,0,0,0,0,0,0,0,0,0,0,0,0
2108,2100,8,权杖_41~50,1500,3500,0,10000,174950,40004,1,,,0,0,0,0,0,0,0,0,0,0,0,0,0,281,281,0,0,0,0,0,0,10,0,0,0,0,0,0,3,0,0
2109,2100,9,权杖_41~50,1000,2500,0,10000,196820,40004,1,,,0,0,0,0,0,0,0,0,0,0,0,0,0,339,339,0,0,0,0,0,0,20,0,0,0,0,0,0,5,0,0
2110,2100,10,权杖_41~50,900,1500,0,9000,218680,40004,1,,,0,0,0,0,0,0,0,0,0,0,0,0,0,419,419,0,0,0,0,0,0,31,0,0,0,0,0,0,7,0,0
2111,2100,11,权杖_41~50,800,0,0,0,240550,40004,1,,,0,0,0,0,0,0,0,0,0,0,0,0,0,499,499,0,0,0,0,0,0,42,0,0,0,0,0,0,9,0,0
2112,2100,12,权杖_41~50,700,0,0,0,262420,40004,1,,,0,0,0,0,0,0,0,0,0,0,0,0,0,579,579,0,0,0,0,0,0,52,0,0,0,0,0,0,11,0,0
2113,2100,13,权杖_41~50,600,0,0,0,284290,40004,1,,,0,0,0,0,0,0,0,0,0,0,0,0,0,685,685,0,0,0,0,0,0,62,0,0,0,0,0,0,13,0,0
2114,2100,14,权杖_41~50,500,0,0,0,306160,40004,1,,,0,0,0,0,0,0,0,0,0,0,0,0,0,791,791,0,0,0,0,0,0,72,0,0,0,0,0,0,15,0,0
2115,2100,15,权杖_41~50,400,0,0,0,328030,40004,1,,,0,0,0,0,0,0,0,0,0,0,0,0,0,897,897,0,0,0,0,0,0,84,0,0,0,0,0,0,17,0,0
2151,2150,1,权杖_51~60,10000,0,0,0,21870,40004,1,,,0,0,0,0,0,0,0,0,0,0,0,0,0,21,21,0,0,0,0,0,0,0,0,0,0,0,0,0,0,0,0
2152,2150,2,权杖_51~60,9000,9500,10000,0,43740,40004,1,,,0,0,0,0,0,0,0,0,0,0,0,0,0,42,42,0,0,0,0,0,0,0,0,0,0,0,0,0,0,0,0
2153,2150,3,权杖_51~60,7500,8500,10000,0,65610,40004,1,,,0,0,0,0,0,0,0,0,0,0,0,0,0,63,63,0,0,0,0,0,0,0,0,0,0,0,0,0,0,0,0
2154,2150,4,权杖_51~60,6000,7500,10000,0,87470,40004,1,,,0,0,0,0,0,0,0,0,0,0,0,0,0,107,107,0,0,0,0,0,0,0,0,0,0,0,0,0,0,0,0
2155,2150,5,权杖_51~60,4500,6500,10000,0,109340,40004,1,,,0,0,0,0,0,0,0,0,0,0,0,0,0,151,151,0,0,0,0,0,0,0,0,0,0,0,0,0,0,0,0
2156,2150,6,权杖_51~60,3500,5500,10000,0,131210,40004,1,,,0,0,0,0,0,0,0,0,0,0,0,0,0,195,195,0,0,0,0,0,0,0,0,0,0,0,0,0,0,0,0
2157,2150,7,权杖_51~60,2500,4500,10000,0,153080,40004,1,,,0,0,0,0,0,0,0,0,0,0,0,0,0,264,264,0,0,0,0,0,0,0,0,0,0,0,0,0,0,0,0
2158,2150,8,权杖_51~60,1500,3500,0,10000,174950,40004,1,,,0,0,0,0,0,0,0,0,0,0,0,0,0,333,333,0,0,0,0,0,0,12,0,0,0,0,0,0,3,0,0
2159,2150,9,权杖_51~60,1000,2500,0,10000,196820,40004,1,,,0,0,0,0,0,0,0,0,0,0,0,0,0,402,402,0,0,0,0,0,0,24,0,0,0,0,0,0,5,0,0
2160,2150,10,权杖_51~60,900,1500,0,9000,218680,40004,1,,,0,0,0,0,0,0,0,0,0,0,0,0,0,498,498,0,0,0,0,0,0,37,0,0,0,0,0,0,7,0,0
2161,2150,11,权杖_51~60,800,0,0,0,240550,40004,1,,,0,0,0,0,0,0,0,0,0,0,0,0,0,594,594,0,0,0,0,0,0,50,0,0,0,0,0,0,9,0,0
2162,2150,12,权杖_51~60,700,0,0,0,262420,40004,1,,,0,0,0,0,0,0,0,0,0,0,0,0,0,690,690,0,0,0,0,0,0,62,0,0,0,0,0,0,11,0,0
2163,2150,13,权杖_51~60,600,0,0,0,284290,40004,1,,,0,0,0,0,0,0,0,0,0,0,0,0,0,817,817,0,0,0,0,0,0,74,0,0,0,0,0,0,13,0,0
2164,2150,14,权杖_51~60,500,0,0,0,306160,40004,1,,,0,0,0,0,0,0,0,0,0,0,0,0,0,944,944,0,0,0,0,0,0,86,0,0,0,0,0,0,15,0,0
2165,2150,15,权杖_51~60,400,0,0,0,328030,40004,1,,,0,0,0,0,0,0,0,0,0,0,0,0,0,1071,1071,0,0,0,0,0,0,101,0,0,0,0,0,0,17,0,0
2201,2200,1,权杖_61~70,10000,0,0,0,21870,40004,1,,,0,0,0,0,0,0,0,0,0,0,0,0,0,0,0,0,0,0,0,0,0,0,0,0,0,0,0,0,0,0,0
2202,2200,2,权杖_61~70,9000,9500,10000,0,43740,40004,1,,,0,0,0,0,0,0,0,0,0,0,0,0,0,0,0,0,0,0,0,0,0,0,0,0,0,0,0,0,0,0,0
2203,2200,3,权杖_61~70,7500,8500,10000,0,65610,40004,1,,,0,0,0,0,0,0,0,0,0,0,0,0,0,0,0,0,0,0,0,0,0,0,0,0,0,0,0,0,0,0,0
2204,2200,4,权杖_61~70,6000,7500,10000,0,87470,40004,1,,,0,0,0,0,0,0,0,0,0,0,0,0,0,0,0,0,0,0,0,0,0,0,0,0,0,0,0,0,0,0,0
2205,2200,5,权杖_61~70,4500,6500,10000,0,109340,40004,1,,,0,0,0,0,0,0,0,0,0,0,0,0,0,0,0,0,0,0,0,0,0,0,0,0,0,0,0,0,0,0,0
2206,2200,6,权杖_61~70,3500,5500,10000,0,131210,40004,1,,,0,0,0,0,0,0,0,0,0,0,0,0,0,0,0,0,0,0,0,0,0,0,0,0,0,0,0,0,0,0,0
2207,2200,7,权杖_61~70,2500,4500,10000,0,153080,40004,1,,,0,0,0,0,0,0,0,0,0,0,0,0,0,0,0,0,0,0,0,0,0,0,0,0,0,0,0,0,0,0,0
2208,2200,8,权杖_61~70,1500,3500,0,10000,174950,40004,1,,,0,0,0,0,0,0,0,0,0,0,0,0,0,0,0,0,0,0,0,0,0,14,0,0,0,0,0,0,3,0,0
2209,2200,9,权杖_61~70,1000,2500,0,10000,196820,40004,1,,,0,0,0,0,0,0,0,0,0,0,0,0,0,0,0,0,0,0,0,0,0,29,0,0,0,0,0,0,5,0,0
2210,2200,10,权杖_61~70,900,1500,0,9000,218680,40004,1,,,0,0,0,0,0,0,0,0,0,0,0,0,0,0,0,0,0,0,0,0,0,44,0,0,0,0,0,0,7,0,0
2211,2200,11,权杖_61~70,800,0,0,0,240550,40004,1,,,0,0,0,0,0,0,0,0,0,0,0,0,0,0,0,0,0,0,0,0,0,60,0,0,0,0,0,0,9,0,0
2212,2200,12,权杖_61~70,700,0,0,0,262420,40004,1,,,0,0,0,0,0,0,0,0,0,0,0,0,0,0,0,0,0,0,0,0,0,74,0,0,0,0,0,0,11,0,0
2213,2200,13,权杖_61~70,600,0,0,0,284290,40004,1,,,0,0,0,0,0,0,0,0,0,0,0,0,0,0,0,0,0,0,0,0,0,89,0,0,0,0,0,0,13,0,0
2214,2200,14,权杖_61~70,500,0,0,0,306160,40004,1,,,0,0,0,0,0,0,0,0,0,0,0,0,0,0,0,0,0,0,0,0,0,103,0,0,0,0,0,0,15,0,0
2215,2200,15,权杖_61~70,400,0,0,0,328030,40004,1,,,0,0,0,0,0,0,0,0,0,0,0,0,0,0,0,0,0,0,0,0,0,121,0,0,0,0,0,0,17,0,0
2801,2800,1,斧子_1~10,10000,0,0,0,100,40000,1,,,0,0,0,0,0,0,0,0,0,0,0,3,3,0,0,0,0,0,0,0,0,0,0,0,0,0,0,0,0,0,0
2802,2800,2,斧子_1~10,9000,9500,10000,0,200,40000,1,,,0,0,0,0,0,0,0,0,0,0,0,6,6,0,0,0,0,0,0,0,0,0,0,0,0,0,0,0,0,0,0
2803,2800,3,斧子_1~10,7500,8500,10000,0,300,40000,1,,,0,0,0,0,0,0,0,0,0,0,0,9,9,0,0,0,0,0,0,0,0,0,0,0,0,0,0,0,0,0,0
2804,2800,4,斧子_1~10,6000,7500,10000,0,400,40000,1,,,0,0,0,0,0,0,0,0,0,0,0,16,16,0,0,0,0,0,0,0,0,0,0,0,0,0,0,0,0,0,0
2805,2800,5,斧子_1~10,4500,6500,10000,0,500,40000,1,,,0,0,0,0,0,0,0,0,0,0,0,23,23,0,0,0,0,0,0,0,0,0,0,0,0,0,0,0,0,0,0
2806,2800,6,斧子_1~10,3500,5500,10000,0,600,40000,1,,,0,0,0,0,0,0,0,0,0,0,0,30,30,0,0,0,0,0,0,0,0,0,0,0,0,0,0,0,0,0,0
2807,2800,7,斧子_1~10,2500,4500,10000,0,700,40000,1,,,0,0,0,0,0,0,0,0,0,0,0,40,40,0,0,0,0,0,0,0,0,0,0,0,0,0,0,0,0,0,0
2808,2800,8,斧子_1~10,1500,3500,0,10000,800,40000,1,,,0,0,0,0,0,0,0,0,0,0,0,50,50,0,0,0,0,0,0,0,0,5,0,0,0,0,0,0,3,0,0
2809,2800,9,斧子_1~10,1000,2500,0,10000,900,40000,1,,,0,0,0,0,0,0,0,0,0,0,0,60,60,0,0,0,0,0,0,0,0,10,0,0,0,0,0,0,5,0,0
2810,2800,10,斧子_1~10,900,1500,0,9000,1000,40000,1,,,0,0,0,0,0,0,0,0,0,0,0,74,74,0,0,0,0,0,0,0,0,15,0,0,0,0,0,0,7,0,0
2811,2800,11,斧子_1~10,800,0,0,0,1100,40000,1,,,0,0,0,0,0,0,0,0,0,0,0,88,88,0,0,0,0,0,0,0,0,20,0,0,0,0,0,0,9,0,0
2812,2800,12,斧子_1~10,700,0,0,0,1200,40000,1,,,0,0,0,0,0,0,0,0,0,0,0,102,102,0,0,0,0,0,0,0,0,25,0,0,0,0,0,0,11,0,0
2813,2800,13,斧子_1~10,600,0,0,0,1300,40000,1,,,0,0,0,0,0,0,0,0,0,0,0,121,121,0,0,0,0,0,0,0,0,30,0,0,0,0,0,0,13,0,0
2814,2800,14,斧子_1~10,500,0,0,0,1400,40000,1,,,0,0,0,0,0,0,0,0,0,0,0,140,140,0,0,0,0,0,0,0,0,25,0,0,0,0,0,0,15,0,0
2815,2800,15,斧子_1~10,400,0,0,0,1500,40000,1,,,0,0,0,0,0,0,0,0,0,0,0,159,159,0,0,0,0,0,0,0,0,30,0,0,0,0,0,0,17,0,0
2851,2850,1,斧子_11~20,10000,0,0,0,1340,40001,1,,,0,0,0,0,0,0,0,0,0,0,0,6,6,0,0,0,0,0,0,0,0,0,0,0,0,0,0,0,0,0,0
2852,2850,2,斧子_11~20,9000,9500,10000,0,2690,40001,1,,,0,0,0,0,0,0,0,0,0,0,0,12,12,0,0,0,0,0,0,0,0,0,0,0,0,0,0,0,0,0,0
2853,2850,3,斧子_11~20,7500,8500,10000,0,4030,40001,1,,,0,0,0,0,0,0,0,0,0,0,0,18,18,0,0,0,0,0,0,0,0,0,0,0,0,0,0,0,0,0,0
2854,2850,4,斧子_11~20,6000,7500,10000,0,5370,40001,1,,,0,0,0,0,0,0,0,0,0,0,0,31,31,0,0,0,0,0,0,0,0,0,0,0,0,0,0,0,0,0,0
2855,2850,5,斧子_11~20,4500,6500,10000,0,6710,40001,1,,,0,0,0,0,0,0,0,0,0,0,0,44,44,0,0,0,0,0,0,0,0,0,0,0,0,0,0,0,0,0,0
2856,2850,6,斧子_11~20,3500,5500,10000,0,8060,40001,1,,,0,0,0,0,0,0,0,0,0,0,0,57,57,0,0,0,0,0,0,0,0,0,0,0,0,0,0,0,0,0,0
2857,2850,7,斧子_11~20,2500,4500,10000,0,9400,40001,1,,,0,0,0,0,0,0,0,0,0,0,0,78,78,0,0,0,0,0,0,0,0,0,0,0,0,0,0,0,0,0,0
2858,2850,8,斧子_11~20,1500,3500,0,10000,10740,40001,1,,,0,0,0,0,0,0,0,0,0,0,0,99,99,0,0,0,0,0,0,0,0,6,0,0,0,0,0,0,3,0,0
2859,2850,9,斧子_11~20,1000,2500,0,10000,12090,40001,1,,,0,0,0,0,0,0,0,0,0,0,0,120,120,0,0,0,0,0,0,0,0,12,0,0,0,0,0,0,5,0,0
2860,2850,10,斧子_11~20,900,1500,0,9000,13430,40001,1,,,0,0,0,0,0,0,0,0,0,0,0,149,149,0,0,0,0,0,0,0,0,18,0,0,0,0,0,0,7,0,0
2861,2850,11,斧子_11~20,800,0,0,0,14770,40001,1,,,0,0,0,0,0,0,0,0,0,0,0,178,178,0,0,0,0,0,0,0,0,24,0,0,0,0,0,0,9,0,0
2862,2850,12,斧子_11~20,700,0,0,0,16110,40001,1,,,0,0,0,0,0,0,0,0,0,0,0,207,207,0,0,0,0,0,0,0,0,30,0,0,0,0,0,0,11,0,0
2863,2850,13,斧子_11~20,600,0,0,0,17460,40001,1,,,0,0,0,0,0,0,0,0,0,0,0,245,245,0,0,0,0,0,0,0,0,36,0,0,0,0,0,0,13,0,0
2864,2850,14,斧子_11~20,500,0,0,0,18800,40001,1,,,0,0,0,0,0,0,0,0,0,0,0,283,283,0,0,0,0,0,0,0,0,30,0,0,0,0,0,0,15,0,0
2865,2850,15,斧子_11~20,400,0,0,0,20140,40001,1,,,0,0,0,0,0,0,0,0,0,0,0,321,321,0,0,0,0,0,0,0,0,36,0,0,0,0,0,0,17,0,0
2901,2900,1,斧子_21~30,10000,0,0,0,6350,40002,1,,,0,0,0,0,0,0,0,0,0,0,0,9,9,0,0,0,0,0,0,0,0,0,0,0,0,0,0,0,0,0,0
2902,2900,2,斧子_21~30,9000,9500,10000,0,12710,40002,1,,,0,0,0,0,0,0,0,0,0,0,0,18,18,0,0,0,0,0,0,0,0,0,0,0,0,0,0,0,0,0,0
2903,2900,3,斧子_21~30,7500,8500,10000,0,19060,40002,1,,,0,0,0,0,0,0,0,0,0,0,0,27,27,0,0,0,0,0,0,0,0,0,0,0,0,0,0,0,0,0,0
2904,2900,4,斧子_21~30,6000,7500,10000,0,25420,40002,1,,,0,0,0,0,0,0,0,0,0,0,0,47,47,0,0,0,0,0,0,0,0,0,0,0,0,0,0,0,0,0,0
2905,2900,5,斧子_21~30,4500,6500,10000,0,31770,40002,1,,,0,0,0,0,0,0,0,0,0,0,0,67,67,0,0,0,0,0,0,0,0,0,0,0,0,0,0,0,0,0,0
2906,2900,6,斧子_21~30,3500,5500,10000,0,38120,40002,1,,,0,0,0,0,0,0,0,0,0,0,0,87,87,0,0,0,0,0,0,0,0,0,0,0,0,0,0,0,0,0,0
2907,2900,7,斧子_21~30,2500,4500,10000,0,44480,40002,1,,,0,0,0,0,0,0,0,0,0,0,0,118,118,0,0,0,0,0,0,0,0,0,0,0,0,0,0,0,0,0,0
2908,2900,8,斧子_21~30,1500,3500,0,10000,50830,40002,1,,,0,0,0,0,0,0,0,0,0,0,0,149,149,0,0,0,0,0,0,0,0,7,0,0,0,0,0,0,3,0,0
2909,2900,9,斧子_21~30,1000,2500,0,10000,57190,40002,1,,,0,0,0,0,0,0,0,0,0,0,0,180,180,0,0,0,0,0,0,0,0,14,0,0,0,0,0,0,5,0,0
2910,2900,10,斧子_21~30,900,1500,0,9000,63540,40002,1,,,0,0,0,0,0,0,0,0,0,0,0,223,223,0,0,0,0,0,0,0,0,22,0,0,0,0,0,0,7,0,0
2911,2900,11,斧子_21~30,800,0,0,0,69890,40002,1,,,0,0,0,0,0,0,0,0,0,0,0,266,266,0,0,0,0,0,0,0,0,29,0,0,0,0,0,0,9,0,0
2912,2900,12,斧子_21~30,700,0,0,0,76250,40002,1,,,0,0,0,0,0,0,0,0,0,0,0,309,309,0,0,0,0,0,0,0,0,36,0,0,0,0,0,0,11,0,0
2913,2900,13,斧子_21~30,600,0,0,0,82600,40002,1,,,0,0,0,0,0,0,0,0,0,0,0,366,366,0,0,0,0,0,0,0,0,43,0,0,0,0,0,0,13,0,0
2914,2900,14,斧子_21~30,500,0,0,0,88960,40002,1,,,0,0,0,0,0,0,0,0,0,0,0,423,423,0,0,0,0,0,0,0,0,36,0,0,0,0,0,0,15,0,0
2915,2900,15,斧子_21~30,400,0,0,0,95310,40002,1,,,0,0,0,0,0,0,0,0,0,0,0,480,480,0,0,0,0,0,0,0,0,43,0,0,0,0,0,0,17,0,0
2951,2950,1,斧子_31~40,10000,0,0,0,18600,40003,1,,,0,0,0,0,0,0,0,0,0,0,0,13,13,0,0,0,0,0,0,0,0,0,0,0,0,0,0,0,0,0,0
2952,2950,2,斧子_31~40,9000,9500,10000,0,37190,40003,1,,,0,0,0,0,0,0,0,0,0,0,0,26,26,0,0,0,0,0,0,0,0,0,0,0,0,0,0,0,0,0,0
2953,2950,3,斧子_31~40,7500,8500,10000,0,55790,40003,1,,,0,0,0,0,0,0,0,0,0,0,0,39,39,0,0,0,0,0,0,0,0,0,0,0,0,0,0,0,0,0,0
2954,2950,4,斧子_31~40,6000,7500,10000,0,74390,40003,1,,,0,0,0,0,0,0,0,0,0,0,0,65,65,0,0,0,0,0,0,0,0,0,0,0,0,0,0,0,0,0,0
2955,2950,5,斧子_31~40,4500,6500,10000,0,92980,40003,1,,,0,0,0,0,0,0,0,0,0,0,0,91,91,0,0,0,0,0,0,0,0,0,0,0,0,0,0,0,0,0,0
2956,2950,6,斧子_31~40,3500,5500,10000,0,111580,40003,1,,,0,0,0,0,0,0,0,0,0,0,0,117,117,0,0,0,0,0,0,0,0,0,0,0,0,0,0,0,0,0,0
2957,2950,7,斧子_31~40,2500,4500,10000,0,130180,40003,1,,,0,0,0,0,0,0,0,0,0,0,0,158,158,0,0,0,0,0,0,0,0,0,0,0,0,0,0,0,0,0,0
2958,2950,8,斧子_31~40,1500,3500,0,10000,148770,40003,1,,,0,0,0,0,0,0,0,0,0,0,0,199,199,0,0,0,0,0,0,0,0,8,0,0,0,0,0,0,3,0,0
2959,2950,9,斧子_31~40,1000,2500,0,10000,167370,40003,1,,,0,0,0,0,0,0,0,0,0,0,0,240,240,0,0,0,0,0,0,0,0,17,0,0,0,0,0,0,5,0,0
2960,2950,10,斧子_31~40,900,1500,0,9000,185970,40003,1,,,0,0,0,0,0,0,0,0,0,0,0,298,298,0,0,0,0,0,0,0,0,26,0,0,0,0,0,0,7,0,0
2961,2950,11,斧子_31~40,800,0,0,0,204560,40003,1,,,0,0,0,0,0,0,0,0,0,0,0,356,356,0,0,0,0,0,0,0,0,35,0,0,0,0,0,0,9,0,0
2962,2950,12,斧子_31~40,700,0,0,0,223160,40003,1,,,0,0,0,0,0,0,0,0,0,0,0,414,414,0,0,0,0,0,0,0,0,43,0,0,0,0,0,0,11,0,0
2963,2950,13,斧子_31~40,600,0,0,0,241760,40003,1,,,0,0,0,0,0,0,0,0,0,0,0,490,490,0,0,0,0,0,0,0,0,52,0,0,0,0,0,0,13,0,0
2964,2950,14,斧子_31~40,500,0,0,0,260350,40003,1,,,0,0,0,0,0,0,0,0,0,0,0,566,566,0,0,0,0,0,0,0,0,43,0,0,0,0,0,0,15,0,0
2965,2950,15,斧子_31~40,400,0,0,0,278950,40003,1,,,0,0,0,0,0,0,0,0,0,0,0,642,642,0,0,0,0,0,0,0,0,52,0,0,0,0,0,0,17,0,0
3001,3000,1,斧子_41~50,10000,0,0,0,21870,40004,1,,,0,0,0,0,0,0,0,0,0,0,0,16,16,0,0,0,0,0,0,0,0,0,0,0,0,0,0,0,0,0,0
3002,3000,2,斧子_41~50,9000,9500,10000,0,43740,40004,1,,,0,0,0,0,0,0,0,0,0,0,0,32,32,0,0,0,0,0,0,0,0,0,0,0,0,0,0,0,0,0,0
3003,3000,3,斧子_41~50,7500,8500,10000,0,65610,40004,1,,,0,0,0,0,0,0,0,0,0,0,0,48,48,0,0,0,0,0,0,0,0,0,0,0,0,0,0,0,0,0,0
3004,3000,4,斧子_41~50,6000,7500,10000,0,87470,40004,1,,,0,0,0,0,0,0,0,0,0,0,0,81,81,0,0,0,0,0,0,0,0,0,0,0,0,0,0,0,0,0,0
3005,3000,5,斧子_41~50,4500,6500,10000,0,109340,40004,1,,,0,0,0,0,0,0,0,0,0,0,0,114,114,0,0,0,0,0,0,0,0,0,0,0,0,0,0,0,0,0,0
3006,3000,6,斧子_41~50,3500,5500,10000,0,131210,40004,1,,,0,0,0,0,0,0,0,0,0,0,0,147,147,0,0,0,0,0,0,0,0,0,0,0,0,0,0,0,0,0,0
3007,3000,7,斧子_41~50,2500,4500,10000,0,153080,40004,1,,,0,0,0,0,0,0,0,0,0,0,0,199,199,0,0,0,0,0,0,0,0,0,0,0,0,0,0,0,0,0,0
3008,3000,8,斧子_41~50,1500,3500,0,10000,174950,40004,1,,,0,0,0,0,0,0,0,0,0,0,0,251,251,0,0,0,0,0,0,0,0,10,0,0,0,0,0,0,3,0,0
3009,3000,9,斧子_41~50,1000,2500,0,10000,196820,40004,1,,,0,0,0,0,0,0,0,0,0,0,0,303,303,0,0,0,0,0,0,0,0,20,0,0,0,0,0,0,5,0,0
3010,3000,10,斧子_41~50,900,1500,0,9000,218680,40004,1,,,0,0,0,0,0,0,0,0,0,0,0,375,375,0,0,0,0,0,0,0,0,31,0,0,0,0,0,0,7,0,0
3011,3000,11,斧子_41~50,800,0,0,0,240550,40004,1,,,0,0,0,0,0,0,0,0,0,0,0,447,447,0,0,0,0,0,0,0,0,42,0,0,0,0,0,0,9,0,0
3012,3000,12,斧子_41~50,700,0,0,0,262420,40004,1,,,0,0,0,0,0,0,0,0,0,0,0,519,519,0,0,0,0,0,0,0,0,52,0,0,0,0,0,0,11,0,0
3013,3000,13,斧子_41~50,600,0,0,0,284290,40004,1,,,0,0,0,0,0,0,0,0,0,0,0,614,614,0,0,0,0,0,0,0,0,62,0,0,0,0,0,0,13,0,0
3014,3000,14,斧子_41~50,500,0,0,0,306160,40004,1,,,0,0,0,0,0,0,0,0,0,0,0,709,709,0,0,0,0,0,0,0,0,52,0,0,0,0,0,0,15,0,0
3015,3000,15,斧子_41~50,400,0,0,0,328030,40004,1,,,0,0,0,0,0,0,0,0,0,0,0,804,804,0,0,0,0,0,0,0,0,62,0,0,0,0,0,0,17,0,0
3051,3050,1,斧子_51~60,10000,0,0,0,21870,40004,1,,,0,0,0,0,0,0,0,0,0,0,0,19,19,0,0,0,0,0,0,0,0,0,0,0,0,0,0,0,0,0,0
3052,3050,2,斧子_51~60,9000,9500,10000,0,43740,40004,1,,,0,0,0,0,0,0,0,0,0,0,0,38,38,0,0,0,0,0,0,0,0,0,0,0,0,0,0,0,0,0,0
3053,3050,3,斧子_51~60,7500,8500,10000,0,65610,40004,1,,,0,0,0,0,0,0,0,0,0,0,0,57,57,0,0,0,0,0,0,0,0,0,0,0,0,0,0,0,0,0,0
3054,3050,4,斧子_51~60,6000,7500,10000,0,87470,40004,1,,,0,0,0,0,0,0,0,0,0,0,0,97,97,0,0,0,0,0,0,0,0,0,0,0,0,0,0,0,0,0,0
3055,3050,5,斧子_51~60,4500,6500,10000,0,109340,40004,1,,,0,0,0,0,0,0,0,0,0,0,0,137,137,0,0,0,0,0,0,0,0,0,0,0,0,0,0,0,0,0,0
3056,3050,6,斧子_51~60,3500,5500,10000,0,131210,40004,1,,,0,0,0,0,0,0,0,0,0,0,0,177,177,0,0,0,0,0,0,0,0,0,0,0,0,0,0,0,0,0,0
3057,3050,7,斧子_51~60,2500,4500,10000,0,153080,40004,1,,,0,0,0,0,0,0,0,0,0,0,0,239,239,0,0,0,0,0,0,0,0,0,0,0,0,0,0,0,0,0,0
3058,3050,8,斧子_51~60,1500,3500,0,10000,174950,40004,1,,,0,0,0,0,0,0,0,0,0,0,0,301,301,0,0,0,0,0,0,0,0,12,0,0,0,0,0,0,3,0,0
3059,3050,9,斧子_51~60,1000,2500,0,10000,196820,40004,1,,,0,0,0,0,0,0,0,0,0,0,0,363,363,0,0,0,0,0,0,0,0,24,0,0,0,0,0,0,5,0,0
3060,3050,10,斧子_51~60,900,1500,0,9000,218680,40004,1,,,0,0,0,0,0,0,0,0,0,0,0,450,450,0,0,0,0,0,0,0,0,37,0,0,0,0,0,0,7,0,0
3061,3050,11,斧子_51~60,800,0,0,0,240550,40004,1,,,0,0,0,0,0,0,0,0,0,0,0,537,537,0,0,0,0,0,0,0,0,50,0,0,0,0,0,0,9,0,0
3062,3050,12,斧子_51~60,700,0,0,0,262420,40004,1,,,0,0,0,0,0,0,0,0,0,0,0,624,624,0,0,0,0,0,0,0,0,62,0,0,0,0,0,0,11,0,0
3063,3050,13,斧子_51~60,600,0,0,0,284290,40004,1,,,0,0,0,0,0,0,0,0,0,0,0,738,738,0,0,0,0,0,0,0,0,74,0,0,0,0,0,0,13,0,0
3064,3050,14,斧子_51~60,500,0,0,0,306160,40004,1,,,0,0,0,0,0,0,0,0,0,0,0,852,852,0,0,0,0,0,0,0,0,62,0,0,0,0,0,0,15,0,0
3065,3050,15,斧子_51~60,400,0,0,0,328030,40004,1,,,0,0,0,0,0,0,0,0,0,0,0,966,966,0,0,0,0,0,0,0,0,74,0,0,0,0,0,0,17,0,0
3101,3100,1,斧子_61~70,10000,0,0,0,21870,40004,1,,,0,0,0,0,0,0,0,0,0,0,0,0,0,0,0,0,0,0,0,0,0,0,0,0,0,0,0,0,0,0,0
3102,3100,2,斧子_61~70,9000,9500,10000,0,43740,40004,1,,,0,0,0,0,0,0,0,0,0,0,0,0,0,0,0,0,0,0,0,0,0,0,0,0,0,0,0,0,0,0,0
3103,3100,3,斧子_61~70,7500,8500,10000,0,65610,40004,1,,,0,0,0,0,0,0,0,0,0,0,0,0,0,0,0,0,0,0,0,0,0,0,0,0,0,0,0,0,0,0,0
3104,3100,4,斧子_61~70,6000,7500,10000,0,87470,40004,1,,,0,0,0,0,0,0,0,0,0,0,0,0,0,0,0,0,0,0,0,0,0,0,0,0,0,0,0,0,0,0,0
3105,3100,5,斧子_61~70,4500,6500,10000,0,109340,40004,1,,,0,0,0,0,0,0,0,0,0,0,0,0,0,0,0,0,0,0,0,0,0,0,0,0,0,0,0,0,0,0,0
3106,3100,6,斧子_61~70,3500,5500,10000,0,131210,40004,1,,,0,0,0,0,0,0,0,0,0,0,0,0,0,0,0,0,0,0,0,0,0,0,0,0,0,0,0,0,0,0,0
3107,3100,7,斧子_61~70,2500,4500,10000,0,153080,40004,1,,,0,0,0,0,0,0,0,0,0,0,0,0,0,0,0,0,0,0,0,0,0,0,0,0,0,0,0,0,0,0,0
3108,3100,8,斧子_61~70,1500,3500,0,10000,174950,40004,1,,,0,0,0,0,0,0,0,0,0,0,0,0,0,0,0,0,0,0,0,0,0,14,0,0,0,0,0,0,3,0,0
3109,3100,9,斧子_61~70,1000,2500,0,10000,196820,40004,1,,,0,0,0,0,0,0,0,0,0,0,0,0,0,0,0,0,0,0,0,0,0,29,0,0,0,0,0,0,5,0,0
3110,3100,10,斧子_61~70,900,1500,0,9000,218680,40004,1,,,0,0,0,0,0,0,0,0,0,0,0,0,0,0,0,0,0,0,0,0,0,44,0,0,0,0,0,0,7,0,0
3111,3100,11,斧子_61~70,800,0,0,0,240550,40004,1,,,0,0,0,0,0,0,0,0,0,0,0,0,0,0,0,0,0,0,0,0,0,60,0,0,0,0,0,0,9,0,0
3112,3100,12,斧子_61~70,700,0,0,0,262420,40004,1,,,0,0,0,0,0,0,0,0,0,0,0,0,0,0,0,0,0,0,0,0,0,74,0,0,0,0,0,0,11,0,0
3113,3100,13,斧子_61~70,600,0,0,0,284290,40004,1,,,0,0,0,0,0,0,0,0,0,0,0,0,0,0,0,0,0,0,0,0,0,89,0,0,0,0,0,0,13,0,0
3114,3100,14,斧子_61~70,500,0,0,0,306160,40004,1,,,0,0,0,0,0,0,0,0,0,0,0,0,0,0,0,0,0,0,0,0,0,74,0,0,0,0,0,0,15,0,0
3115,3100,15,斧子_61~70,400,0,0,0,328030,40004,1,,,0,0,0,0,0,0,0,0,0,0,0,0,0,0,0,0,0,0,0,0,0,89,0,0,0,0,0,0,17,0,0
3701,3700,1,弓_1~10,10000,0,0,0,100,40000,1,,,0,0,0,0,0,0,0,0,0,0,0,4,4,0,0,0,0,0,0,0,0,0,0,0,0,0,0,0,0,0,0
3702,3700,2,弓_1~10,9000,9500,10000,0,200,40000,1,,,0,0,0,0,0,0,0,0,0,0,0,8,8,0,0,0,0,0,0,0,0,0,0,0,0,0,0,0,0,0,0
3703,3700,3,弓_1~10,7500,8500,10000,0,300,40000,1,,,0,0,0,0,0,0,0,0,0,0,0,12,12,0,0,0,0,0,0,0,0,0,0,0,0,0,0,0,0,0,0
3704,3700,4,弓_1~10,6000,7500,10000,0,400,40000,1,,,0,0,0,0,0,0,0,0,0,0,0,19,19,0,0,0,0,0,0,0,0,0,0,0,0,0,0,0,0,0,0
3705,3700,5,弓_1~10,4500,6500,10000,0,500,40000,1,,,0,0,0,0,0,0,0,0,0,0,0,26,26,0,0,0,0,0,0,0,0,0,0,0,0,0,0,0,0,0,0
3706,3700,6,弓_1~10,3500,5500,10000,0,600,40000,1,,,0,0,0,0,0,0,0,0,0,0,0,33,33,0,0,0,0,0,0,0,0,0,0,0,0,0,0,0,0,0,0
3707,3700,7,弓_1~10,2500,4500,10000,0,700,40000,1,,,0,0,0,0,0,0,0,0,0,0,0,45,45,0,0,0,0,0,0,0,0,0,0,0,0,0,0,0,0,0,0
3708,3700,8,弓_1~10,1500,3500,0,10000,800,40000,1,,,0,0,0,0,0,0,0,0,0,0,0,57,57,0,0,0,0,0,0,0,0,5,0,0,0,0,0,0,3,0,0
3709,3700,9,弓_1~10,1000,2500,0,10000,900,40000,1,,,0,0,0,0,0,0,0,0,0,0,0,69,69,0,0,0,0,0,0,0,0,10,0,0,0,0,0,0,5,0,0
3710,3700,10,弓_1~10,900,1500,0,9000,1000,40000,1,,,0,0,0,0,0,0,0,0,0,0,0,85,85,0,0,0,0,0,0,0,0,15,0,0,0,0,0,0,7,0,0
3711,3700,11,弓_1~10,800,0,0,0,1100,40000,1,,,0,0,0,0,0,0,0,0,0,0,0,101,101,0,0,0,0,0,0,0,0,20,0,0,0,0,0,0,9,0,0
3712,3700,12,弓_1~10,700,0,0,0,1200,40000,1,,,0,0,0,0,0,0,0,0,0,0,0,117,117,0,0,0,0,0,0,0,0,25,0,0,0,0,0,0,11,0,0
3713,3700,13,弓_1~10,600,0,0,0,1300,40000,1,,,0,0,0,0,0,0,0,0,0,0,0,138,138,0,0,0,0,0,0,0,0,30,0,0,0,0,0,0,13,0,0
3714,3700,14,弓_1~10,500,0,0,0,1400,40000,1,,,0,0,0,0,0,0,0,0,0,0,0,159,159,0,0,0,0,0,0,0,0,35,0,0,0,0,0,0,15,0,0
3715,3700,15,弓_1~10,400,0,0,0,1500,40000,1,,,0,0,0,0,0,0,0,0,0,0,0,180,180,0,0,0,0,0,0,0,0,40,0,0,0,0,0,0,17,0,0
3751,3750,1,弓_11~20,10000,0,0,0,1340,40001,1,,,0,0,0,0,0,0,0,0,0,0,0,7,7,0,0,0,0,0,0,0,0,0,0,0,0,0,0,0,0,0,0
3752,3750,2,弓_11~20,9000,9500,10000,0,2690,40001,1,,,0,0,0,0,0,0,0,0,0,0,0,14,14,0,0,0,0,0,0,0,0,0,0,0,0,0,0,0,0,0,0
3753,3750,3,弓_11~20,7500,8500,10000,0,4030,40001,1,,,0,0,0,0,0,0,0,0,0,0,0,21,21,0,0,0,0,0,0,0,0,0,0,0,0,0,0,0,0,0,0
3754,3750,4,弓_11~20,6000,7500,10000,0,5370,40001,1,,,0,0,0,0,0,0,0,0,0,0,0,36,36,0,0,0,0,0,0,0,0,0,0,0,0,0,0,0,0,0,0
3755,3750,5,弓_11~20,4500,6500,10000,0,6710,40001,1,,,0,0,0,0,0,0,0,0,0,0,0,51,51,0,0,0,0,0,0,0,0,0,0,0,0,0,0,0,0,0,0
3756,3750,6,弓_11~20,3500,5500,10000,0,8060,40001,1,,,0,0,0,0,0,0,0,0,0,0,0,66,66,0,0,0,0,0,0,0,0,0,0,0,0,0,0,0,0,0,0
3757,3750,7,弓_11~20,2500,4500,10000,0,9400,40001,1,,,0,0,0,0,0,0,0,0,0,0,0,89,89,0,0,0,0,0,0,0,0,0,0,0,0,0,0,0,0,0,0
3758,3750,8,弓_11~20,1500,3500,0,10000,10740,40001,1,,,0,0,0,0,0,0,0,0,0,0,0,112,112,0,0,0,0,0,0,0,0,6,0,0,0,0,0,0,3,0,0
3759,3750,9,弓_11~20,1000,2500,0,10000,12090,40001,1,,,0,0,0,0,0,0,0,0,0,0,0,135,135,0,0,0,0,0,0,0,0,12,0,0,0,0,0,0,5,0,0
3760,3750,10,弓_11~20,900,1500,0,9000,13430,40001,1,,,0,0,0,0,0,0,0,0,0,0,0,167,167,0,0,0,0,0,0,0,0,18,0,0,0,0,0,0,7,0,0
3761,3750,11,弓_11~20,800,0,0,0,14770,40001,1,,,0,0,0,0,0,0,0,0,0,0,0,199,199,0,0,0,0,0,0,0,0,24,0,0,0,0,0,0,9,0,0
3762,3750,12,弓_11~20,700,0,0,0,16110,40001,1,,,0,0,0,0,0,0,0,0,0,0,0,231,231,0,0,0,0,0,0,0,0,30,0,0,0,0,0,0,11,0,0
3763,3750,13,弓_11~20,600,0,0,0,17460,40001,1,,,0,0,0,0,0,0,0,0,0,0,0,273,273,0,0,0,0,0,0,0,0,36,0,0,0,0,0,0,13,0,0
3764,3750,14,弓_11~20,500,0,0,0,18800,40001,1,,,0,0,0,0,0,0,0,0,0,0,0,315,315,0,0,0,0,0,0,0,0,42,0,0,0,0,0,0,15,0,0
3765,3750,15,弓_11~20,400,0,0,0,20140,40001,1,,,0,0,0,0,0,0,0,0,0,0,0,357,357,0,0,0,0,0,0,0,0,48,0,0,0,0,0,0,17,0,0
3801,3800,1,弓_21~30,10000,0,0,0,6350,40002,1,,,0,0,0,0,0,0,0,0,0,0,0,11,11,0,0,0,0,0,0,0,0,0,0,0,0,0,0,0,0,0,0
3802,3800,2,弓_21~30,9000,9500,10000,0,12710,40002,1,,,0,0,0,0,0,0,0,0,0,0,0,22,22,0,0,0,0,0,0,0,0,0,0,0,0,0,0,0,0,0,0
3803,3800,3,弓_21~30,7500,8500,10000,0,19060,40002,1,,,0,0,0,0,0,0,0,0,0,0,0,33,33,0,0,0,0,0,0,0,0,0,0,0,0,0,0,0,0,0,0
3804,3800,4,弓_21~30,6000,7500,10000,0,25420,40002,1,,,0,0,0,0,0,0,0,0,0,0,0,55,55,0,0,0,0,0,0,0,0,0,0,0,0,0,0,0,0,0,0
3805,3800,5,弓_21~30,4500,6500,10000,0,31770,40002,1,,,0,0,0,0,0,0,0,0,0,0,0,77,77,0,0,0,0,0,0,0,0,0,0,0,0,0,0,0,0,0,0
3806,3800,6,弓_21~30,3500,5500,10000,0,38120,40002,1,,,0,0,0,0,0,0,0,0,0,0,0,99,99,0,0,0,0,0,0,0,0,0,0,0,0,0,0,0,0,0,0
3807,3800,7,弓_21~30,2500,4500,10000,0,44480,40002,1,,,0,0,0,0,0,0,0,0,0,0,0,134,134,0,0,0,0,0,0,0,0,0,0,0,0,0,0,0,0,0,0
3808,3800,8,弓_21~30,1500,3500,0,10000,50830,40002,1,,,0,0,0,0,0,0,0,0,0,0,0,169,169,0,0,0,0,0,0,0,0,7,0,0,0,0,0,0,3,0,0
3809,3800,9,弓_21~30,1000,2500,0,10000,57190,40002,1,,,0,0,0,0,0,0,0,0,0,0,0,204,204,0,0,0,0,0,0,0,0,14,0,0,0,0,0,0,5,0,0
3810,3800,10,弓_21~30,900,1500,0,9000,63540,40002,1,,,0,0,0,0,0,0,0,0,0,0,0,252,252,0,0,0,0,0,0,0,0,22,0,0,0,0,0,0,7,0,0
3811,3800,11,弓_21~30,800,0,0,0,69890,40002,1,,,0,0,0,0,0,0,0,0,0,0,0,300,300,0,0,0,0,0,0,0,0,29,0,0,0,0,0,0,9,0,0
3812,3800,12,弓_21~30,700,0,0,0,76250,40002,1,,,0,0,0,0,0,0,0,0,0,0,0,348,348,0,0,0,0,0,0,0,0,36,0,0,0,0,0,0,11,0,0
3813,3800,13,弓_21~30,600,0,0,0,82600,40002,1,,,0,0,0,0,0,0,0,0,0,0,0,411,411,0,0,0,0,0,0,0,0,43,0,0,0,0,0,0,13,0,0
3814,3800,14,弓_21~30,500,0,0,0,88960,40002,1,,,0,0,0,0,0,0,0,0,0,0,0,474,474,0,0,0,0,0,0,0,0,50,0,0,0,0,0,0,15,0,0
3815,3800,15,弓_21~30,400,0,0,0,95310,40002,1,,,0,0,0,0,0,0,0,0,0,0,0,537,537,0,0,0,0,0,0,0,0,58,0,0,0,0,0,0,17,0,0
3851,3850,1,弓_31~40,10000,0,0,0,18600,40003,1,,,0,0,0,0,0,0,0,0,0,0,0,14,14,0,0,0,0,0,0,0,0,0,0,0,0,0,0,0,0,0,0
3852,3850,2,弓_31~40,9000,9500,10000,0,37190,40003,1,,,0,0,0,0,0,0,0,0,0,0,0,28,28,0,0,0,0,0,0,0,0,0,0,0,0,0,0,0,0,0,0
3853,3850,3,弓_31~40,7500,8500,10000,0,55790,40003,1,,,0,0,0,0,0,0,0,0,0,0,0,42,42,0,0,0,0,0,0,0,0,0,0,0,0,0,0,0,0,0,0
3854,3850,4,弓_31~40,6000,7500,10000,0,74390,40003,1,,,0,0,0,0,0,0,0,0,0,0,0,71,71,0,0,0,0,0,0,0,0,0,0,0,0,0,0,0,0,0,0
3855,3850,5,弓_31~40,4500,6500,10000,0,92980,40003,1,,,0,0,0,0,0,0,0,0,0,0,0,100,100,0,0,0,0,0,0,0,0,0,0,0,0,0,0,0,0,0,0
3856,3850,6,弓_31~40,3500,5500,10000,0,111580,40003,1,,,0,0,0,0,0,0,0,0,0,0,0,129,129,0,0,0,0,0,0,0,0,0,0,0,0,0,0,0,0,0,0
3857,3850,7,弓_31~40,2500,4500,10000,0,130180,40003,1,,,0,0,0,0,0,0,0,0,0,0,0,175,175,0,0,0,0,0,0,0,0,0,0,0,0,0,0,0,0,0,0
3858,3850,8,弓_31~40,1500,3500,0,10000,148770,40003,1,,,0,0,0,0,0,0,0,0,0,0,0,221,221,0,0,0,0,0,0,0,0,8,0,0,0,0,0,0,3,0,0
3859,3850,9,弓_31~40,1000,2500,0,10000,167370,40003,1,,,0,0,0,0,0,0,0,0,0,0,0,267,267,0,0,0,0,0,0,0,0,17,0,0,0,0,0,0,5,0,0
3860,3850,10,弓_31~40,900,1500,0,9000,185970,40003,1,,,0,0,0,0,0,0,0,0,0,0,0,331,331,0,0,0,0,0,0,0,0,26,0,0,0,0,0,0,7,0,0
3861,3850,11,弓_31~40,800,0,0,0,204560,40003,1,,,0,0,0,0,0,0,0,0,0,0,0,395,395,0,0,0,0,0,0,0,0,35,0,0,0,0,0,0,9,0,0
3862,3850,12,弓_31~40,700,0,0,0,223160,40003,1,,,0,0,0,0,0,0,0,0,0,0,0,459,459,0,0,0,0,0,0,0,0,43,0,0,0,0,0,0,11,0,0
3863,3850,13,弓_31~40,600,0,0,0,241760,40003,1,,,0,0,0,0,0,0,0,0,0,0,0,543,543,0,0,0,0,0,0,0,0,52,0,0,0,0,0,0,13,0,0
3864,3850,14,弓_31~40,500,0,0,0,260350,40003,1,,,0,0,0,0,0,0,0,0,0,0,0,627,627,0,0,0,0,0,0,0,0,60,0,0,0,0,0,0,15,0,0
3865,3850,15,弓_31~40,400,0,0,0,278950,40003,1,,,0,0,0,0,0,0,0,0,0,0,0,711,711,0,0,0,0,0,0,0,0,70,0,0,0,0,0,0,17,0,0
3901,3900,1,弓_41~50,10000,0,0,0,21870,40004,1,,,0,0,0,0,0,0,0,0,0,0,0,18,18,0,0,0,0,0,0,0,0,0,0,0,0,0,0,0,0,0,0
3902,3900,2,弓_41~50,9000,9500,10000,0,43740,40004,1,,,0,0,0,0,0,0,0,0,0,0,0,36,36,0,0,0,0,0,0,0,0,0,0,0,0,0,0,0,0,0,0
3903,3900,3,弓_41~50,7500,8500,10000,0,65610,40004,1,,,0,0,0,0,0,0,0,0,0,0,0,54,54,0,0,0,0,0,0,0,0,0,0,0,0,0,0,0,0,0,0
3904,3900,4,弓_41~50,6000,7500,10000,0,87470,40004,1,,,0,0,0,0,0,0,0,0,0,0,0,91,91,0,0,0,0,0,0,0,0,0,0,0,0,0,0,0,0,0,0
3905,3900,5,弓_41~50,4500,6500,10000,0,109340,40004,1,,,0,0,0,0,0,0,0,0,0,0,0,128,128,0,0,0,0,0,0,0,0,0,0,0,0,0,0,0,0,0,0
3906,3900,6,弓_41~50,3500,5500,10000,0,131210,40004,1,,,0,0,0,0,0,0,0,0,0,0,0,165,165,0,0,0,0,0,0,0,0,0,0,0,0,0,0,0,0,0,0
3907,3900,7,弓_41~50,2500,4500,10000,0,153080,40004,1,,,0,0,0,0,0,0,0,0,0,0,0,223,223,0,0,0,0,0,0,0,0,0,0,0,0,0,0,0,0,0,0
3908,3900,8,弓_41~50,1500,3500,0,10000,174950,40004,1,,,0,0,0,0,0,0,0,0,0,0,0,281,281,0,0,0,0,0,0,0,0,10,0,0,0,0,0,0,3,0,0
3909,3900,9,弓_41~50,1000,2500,0,10000,196820,40004,1,,,0,0,0,0,0,0,0,0,0,0,0,339,339,0,0,0,0,0,0,0,0,20,0,0,0,0,0,0,5,0,0
3910,3900,10,弓_41~50,900,1500,0,9000,218680,40004,1,,,0,0,0,0,0,0,0,0,0,0,0,419,419,0,0,0,0,0,0,0,0,31,0,0,0,0,0,0,7,0,0
3911,3900,11,弓_41~50,800,0,0,0,240550,40004,1,,,0,0,0,0,0,0,0,0,0,0,0,499,499,0,0,0,0,0,0,0,0,42,0,0,0,0,0,0,9,0,0
3912,3900,12,弓_41~50,700,0,0,0,262420,40004,1,,,0,0,0,0,0,0,0,0,0,0,0,579,579,0,0,0,0,0,0,0,0,52,0,0,0,0,0,0,11,0,0
3913,3900,13,弓_41~50,600,0,0,0,284290,40004,1,,,0,0,0,0,0,0,0,0,0,0,0,685,685,0,0,0,0,0,0,0,0,62,0,0,0,0,0,0,13,0,0
3914,3900,14,弓_41~50,500,0,0,0,306160,40004,1,,,0,0,0,0,0,0,0,0,0,0,0,791,791,0,0,0,0,0,0,0,0,72,0,0,0,0,0,0,15,0,0
3915,3900,15,弓_41~50,400,0,0,0,328030,40004,1,,,0,0,0,0,0,0,0,0,0,0,0,897,897,0,0,0,0,0,0,0,0,84,0,0,0,0,0,0,17,0,0
3951,3950,1,弓_51~60,10000,0,0,0,21870,40004,1,,,0,0,0,0,0,0,0,0,0,0,0,21,21,0,0,0,0,0,0,0,0,0,0,0,0,0,0,0,0,0,0
3952,3950,2,弓_51~60,9000,9500,10000,0,43740,40004,1,,,0,0,0,0,0,0,0,0,0,0,0,42,42,0,0,0,0,0,0,0,0,0,0,0,0,0,0,0,0,0,0
3953,3950,3,弓_51~60,7500,8500,10000,0,65610,40004,1,,,0,0,0,0,0,0,0,0,0,0,0,63,63,0,0,0,0,0,0,0,0,0,0,0,0,0,0,0,0,0,0
3954,3950,4,弓_51~60,6000,7500,10000,0,87470,40004,1,,,0,0,0,0,0,0,0,0,0,0,0,107,107,0,0,0,0,0,0,0,0,0,0,0,0,0,0,0,0,0,0
3955,3950,5,弓_51~60,4500,6500,10000,0,109340,40004,1,,,0,0,0,0,0,0,0,0,0,0,0,151,151,0,0,0,0,0,0,0,0,0,0,0,0,0,0,0,0,0,0
3956,3950,6,弓_51~60,3500,5500,10000,0,131210,40004,1,,,0,0,0,0,0,0,0,0,0,0,0,195,195,0,0,0,0,0,0,0,0,0,0,0,0,0,0,0,0,0,0
3957,3950,7,弓_51~60,2500,4500,10000,0,153080,40004,1,,,0,0,0,0,0,0,0,0,0,0,0,264,264,0,0,0,0,0,0,0,0,0,0,0,0,0,0,0,0,0,0
3958,3950,8,弓_51~60,1500,3500,0,10000,174950,40004,1,,,0,0,0,0,0,0,0,0,0,0,0,333,333,0,0,0,0,0,0,0,0,12,0,0,0,0,0,0,3,0,0
3959,3950,9,弓_51~60,1000,2500,0,10000,196820,40004,1,,,0,0,0,0,0,0,0,0,0,0,0,402,402,0,0,0,0,0,0,0,0,24,0,0,0,0,0,0,5,0,0
3960,3950,10,弓_51~60,900,1500,0,9000,218680,40004,1,,,0,0,0,0,0,0,0,0,0,0,0,498,498,0,0,0,0,0,0,0,0,37,0,0,0,0,0,0,7,0,0
3961,3950,11,弓_51~60,800,0,0,0,240550,40004,1,,,0,0,0,0,0,0,0,0,0,0,0,594,594,0,0,0,0,0,0,0,0,50,0,0,0,0,0,0,9,0,0
3962,3950,12,弓_51~60,700,0,0,0,262420,40004,1,,,0,0,0,0,0,0,0,0,0,0,0,690,690,0,0,0,0,0,0,0,0,62,0,0,0,0,0,0,11,0,0
3963,3950,13,弓_51~60,600,0,0,0,284290,40004,1,,,0,0,0,0,0,0,0,0,0,0,0,817,817,0,0,0,0,0,0,0,0,74,0,0,0,0,0,0,13,0,0
3964,3950,14,弓_51~60,500,0,0,0,306160,40004,1,,,0,0,0,0,0,0,0,0,0,0,0,944,944,0,0,0,0,0,0,0,0,86,0,0,0,0,0,0,15,0,0
3965,3950,15,弓_51~60,400,0,0,0,328030,40004,1,,,0,0,0,0,0,0,0,0,0,0,0,1071,1071,0,0,0,0,0,0,0,0,101,0,0,0,0,0,0,17,0,0
4001,4000,1,弓_61~70,10000,0,0,0,21870,40004,1,,,0,0,0,0,0,0,0,0,0,0,0,0,0,0,0,0,0,0,0,0,0,0,0,0,0,0,0,0,0,0,0
4002,4000,2,弓_61~70,9000,9500,10000,0,43740,40004,1,,,0,0,0,0,0,0,0,0,0,0,0,0,0,0,0,0,0,0,0,0,0,0,0,0,0,0,0,0,0,0,0
4003,4000,3,弓_61~70,7500,8500,10000,0,65610,40004,1,,,0,0,0,0,0,0,0,0,0,0,0,0,0,0,0,0,0,0,0,0,0,0,0,0,0,0,0,0,0,0,0
4004,4000,4,弓_61~70,6000,7500,10000,0,87470,40004,1,,,0,0,0,0,0,0,0,0,0,0,0,0,0,0,0,0,0,0,0,0,0,0,0,0,0,0,0,0,0,0,0
4005,4000,5,弓_61~70,4500,6500,10000,0,109340,40004,1,,,0,0,0,0,0,0,0,0,0,0,0,0,0,0,0,0,0,0,0,0,0,0,0,0,0,0,0,0,0,0,0
4006,4000,6,弓_61~70,3500,5500,10000,0,131210,40004,1,,,0,0,0,0,0,0,0,0,0,0,0,0,0,0,0,0,0,0,0,0,0,0,0,0,0,0,0,0,0,0,0
4007,4000,7,弓_61~70,2500,4500,10000,0,153080,40004,1,,,0,0,0,0,0,0,0,0,0,0,0,0,0,0,0,0,0,0,0,0,0,0,0,0,0,0,0,0,0,0,0
4008,4000,8,弓_61~70,1500,3500,0,10000,174950,40004,1,,,0,0,0,0,0,0,0,0,0,0,0,0,0,0,0,0,0,0,0,0,0,14,0,0,0,0,0,0,3,0,0
4009,4000,9,弓_61~70,1000,2500,0,10000,196820,40004,1,,,0,0,0,0,0,0,0,0,0,0,0,0,0,0,0,0,0,0,0,0,0,29,0,0,0,0,0,0,5,0,0
4010,4000,10,弓_61~70,900,1500,0,9000,218680,40004,1,,,0,0,0,0,0,0,0,0,0,0,0,0,0,0,0,0,0,0,0,0,0,44,0,0,0,0,0,0,7,0,0
4011,4000,11,弓_61~70,800,0,0,0,240550,40004,1,,,0,0,0,0,0,0,0,0,0,0,0,0,0,0,0,0,0,0,0,0,0,60,0,0,0,0,0,0,9,0,0
4012,4000,12,弓_61~70,700,0,0,0,262420,40004,1,,,0,0,0,0,0,0,0,0,0,0,0,0,0,0,0,0,0,0,0,0,0,74,0,0,0,0,0,0,11,0,0
4013,4000,13,弓_61~70,600,0,0,0,284290,40004,1,,,0,0,0,0,0,0,0,0,0,0,0,0,0,0,0,0,0,0,0,0,0,89,0,0,0,0,0,0,13,0,0
4014,4000,14,弓_61~70,500,0,0,0,306160,40004,1,,,0,0,0,0,0,0,0,0,0,0,0,0,0,0,0,0,0,0,0,0,0,103,0,0,0,0,0,0,15,0,0
4015,4000,15,弓_61~70,400,0,0,0,328030,40004,1,,,0,0,0,0,0,0,0,0,0,0,0,0,0,0,0,0,0,0,0,0,0,121,0,0,0,0,0,0,17,0,0
4601,4600,1,能量_1~10,10000,0,0,0,100,40000,1,,,0,0,0,0,0,0,0,0,0,0,0,4,4,0,0,0,0,0,0,0,0,0,0,0,0,0,0,0,0,0,0
4602,4600,2,能量_1~10,9000,9500,10000,0,200,40000,1,,,0,0,0,0,0,0,0,0,0,0,0,8,8,0,0,0,0,0,0,0,0,0,0,0,0,0,0,0,0,0,0
4603,4600,3,能量_1~10,7500,8500,10000,0,300,40000,1,,,0,0,0,0,0,0,0,0,0,0,0,12,12,0,0,0,0,0,0,0,0,0,0,0,0,0,0,0,0,0,0
4604,4600,4,能量_1~10,6000,7500,10000,0,400,40000,1,,,0,0,0,0,0,0,0,0,0,0,0,19,19,0,0,0,0,0,0,0,0,0,0,0,0,0,0,0,0,0,0
4605,4600,5,能量_1~10,4500,6500,10000,0,500,40000,1,,,0,0,0,0,0,0,0,0,0,0,0,26,26,0,0,0,0,0,0,0,0,0,0,0,0,0,0,0,0,0,0
4606,4600,6,能量_1~10,3500,5500,10000,0,600,40000,1,,,0,0,0,0,0,0,0,0,0,0,0,33,33,0,0,0,0,0,0,0,0,0,0,0,0,0,0,0,0,0,0
4607,4600,7,能量_1~10,2500,4500,10000,0,700,40000,1,,,0,0,0,0,0,0,0,0,0,0,0,45,45,0,0,0,0,0,0,0,0,0,0,0,0,0,0,0,0,0,0
4608,4600,8,能量_1~10,1500,3500,0,10000,800,40000,1,,,0,0,0,0,0,0,0,0,0,0,0,57,57,0,0,0,0,0,0,0,0,5,0,0,0,0,0,0,3,0,0
4609,4600,9,能量_1~10,1000,2500,0,10000,900,40000,1,,,0,0,0,0,0,0,0,0,0,0,0,69,69,0,0,0,0,0,0,0,0,10,0,0,0,0,0,0,5,0,0
4610,4600,10,能量_1~10,900,1500,0,9000,1000,40000,1,,,0,0,0,0,0,0,0,0,0,0,0,85,85,0,0,0,0,0,0,0,0,15,0,0,0,0,0,0,7,0,0
4611,4600,11,能量_1~10,800,0,0,0,1100,40000,1,,,0,0,0,0,0,0,0,0,0,0,0,101,101,0,0,0,0,0,0,0,0,20,0,0,0,0,0,0,9,0,0
4612,4600,12,能量_1~10,700,0,0,0,1200,40000,1,,,0,0,0,0,0,0,0,0,0,0,0,117,117,0,0,0,0,0,0,0,0,25,0,0,0,0,0,0,11,0,0
4613,4600,13,能量_1~10,600,0,0,0,1300,40000,1,,,0,0,0,0,0,0,0,0,0,0,0,138,138,0,0,0,0,0,0,0,0,30,0,0,0,0,0,0,13,0,0
4614,4600,14,能量_1~10,500,0,0,0,1400,40000,1,,,0,0,0,0,0,0,0,0,0,0,0,159,159,0,0,0,0,0,0,0,0,35,0,0,0,0,0,0,15,0,0
4615,4600,15,能量_1~10,400,0,0,0,1500,40000,1,,,0,0,0,0,0,0,0,0,0,0,0,180,180,0,0,0,0,0,0,0,0,40,0,0,0,0,0,0,17,0,0
4651,4650,1,能量_11~20,10000,0,0,0,1340,40001,1,,,0,0,0,0,0,0,0,0,0,0,0,7,7,0,0,0,0,0,0,0,0,0,0,0,0,0,0,0,0,0,0
4652,4650,2,能量_11~20,9000,9500,10000,0,2690,40001,1,,,0,0,0,0,0,0,0,0,0,0,0,14,14,0,0,0,0,0,0,0,0,0,0,0,0,0,0,0,0,0,0
4653,4650,3,能量_11~20,7500,8500,10000,0,4030,40001,1,,,0,0,0,0,0,0,0,0,0,0,0,21,21,0,0,0,0,0,0,0,0,0,0,0,0,0,0,0,0,0,0
4654,4650,4,能量_11~20,6000,7500,10000,0,5370,40001,1,,,0,0,0,0,0,0,0,0,0,0,0,36,36,0,0,0,0,0,0,0,0,0,0,0,0,0,0,0,0,0,0
4655,4650,5,能量_11~20,4500,6500,10000,0,6710,40001,1,,,0,0,0,0,0,0,0,0,0,0,0,51,51,0,0,0,0,0,0,0,0,0,0,0,0,0,0,0,0,0,0
4656,4650,6,能量_11~20,3500,5500,10000,0,8060,40001,1,,,0,0,0,0,0,0,0,0,0,0,0,66,66,0,0,0,0,0,0,0,0,0,0,0,0,0,0,0,0,0,0
4657,4650,7,能量_11~20,2500,4500,10000,0,9400,40001,1,,,0,0,0,0,0,0,0,0,0,0,0,89,89,0,0,0,0,0,0,0,0,0,0,0,0,0,0,0,0,0,0
4658,4650,8,能量_11~20,1500,3500,0,10000,10740,40001,1,,,0,0,0,0,0,0,0,0,0,0,0,112,112,0,0,0,0,0,0,0,0,6,0,0,0,0,0,0,3,0,0
4659,4650,9,能量_11~20,1000,2500,0,10000,12090,40001,1,,,0,0,0,0,0,0,0,0,0,0,0,135,135,0,0,0,0,0,0,0,0,12,0,0,0,0,0,0,5,0,0
4660,4650,10,能量_11~20,900,1500,0,9000,13430,40001,1,,,0,0,0,0,0,0,0,0,0,0,0,167,167,0,0,0,0,0,0,0,0,18,0,0,0,0,0,0,7,0,0
4661,4650,11,能量_11~20,800,0,0,0,14770,40001,1,,,0,0,0,0,0,0,0,0,0,0,0,199,199,0,0,0,0,0,0,0,0,24,0,0,0,0,0,0,9,0,0
4662,4650,12,能量_11~20,700,0,0,0,16110,40001,1,,,0,0,0,0,0,0,0,0,0,0,0,231,231,0,0,0,0,0,0,0,0,30,0,0,0,0,0,0,11,0,0
4663,4650,13,能量_11~20,600,0,0,0,17460,40001,1,,,0,0,0,0,0,0,0,0,0,0,0,273,273,0,0,0,0,0,0,0,0,36,0,0,0,0,0,0,13,0,0
4664,4650,14,能量_11~20,500,0,0,0,18800,40001,1,,,0,0,0,0,0,0,0,0,0,0,0,315,315,0,0,0,0,0,0,0,0,42,0,0,0,0,0,0,15,0,0
4665,4650,15,能量_11~20,400,0,0,0,20140,40001,1,,,0,0,0,0,0,0,0,0,0,0,0,357,357,0,0,0,0,0,0,0,0,48,0,0,0,0,0,0,17,0,0
4701,4700,1,能量_21~30,10000,0,0,0,6350,40002,1,,,0,0,0,0,0,0,0,0,0,0,0,11,11,0,0,0,0,0,0,0,0,0,0,0,0,0,0,0,0,0,0
4702,4700,2,能量_21~30,9000,9500,10000,0,12710,40002,1,,,0,0,0,0,0,0,0,0,0,0,0,22,22,0,0,0,0,0,0,0,0,0,0,0,0,0,0,0,0,0,0
4703,4700,3,能量_21~30,7500,8500,10000,0,19060,40002,1,,,0,0,0,0,0,0,0,0,0,0,0,33,33,0,0,0,0,0,0,0,0,0,0,0,0,0,0,0,0,0,0
4704,4700,4,能量_21~30,6000,7500,10000,0,25420,40002,1,,,0,0,0,0,0,0,0,0,0,0,0,55,55,0,0,0,0,0,0,0,0,0,0,0,0,0,0,0,0,0,0
4705,4700,5,能量_21~30,4500,6500,10000,0,31770,40002,1,,,0,0,0,0,0,0,0,0,0,0,0,77,77,0,0,0,0,0,0,0,0,0,0,0,0,0,0,0,0,0,0
4706,4700,6,能量_21~30,3500,5500,10000,0,38120,40002,1,,,0,0,0,0,0,0,0,0,0,0,0,99,99,0,0,0,0,0,0,0,0,0,0,0,0,0,0,0,0,0,0
4707,4700,7,能量_21~30,2500,4500,10000,0,44480,40002,1,,,0,0,0,0,0,0,0,0,0,0,0,134,134,0,0,0,0,0,0,0,0,0,0,0,0,0,0,0,0,0,0
4708,4700,8,能量_21~30,1500,3500,0,10000,50830,40002,1,,,0,0,0,0,0,0,0,0,0,0,0,169,169,0,0,0,0,0,0,0,0,7,0,0,0,0,0,0,3,0,0
4709,4700,9,能量_21~30,1000,2500,0,10000,57190,40002,1,,,0,0,0,0,0,0,0,0,0,0,0,204,204,0,0,0,0,0,0,0,0,14,0,0,0,0,0,0,5,0,0
4710,4700,10,能量_21~30,900,1500,0,9000,63540,40002,1,,,0,0,0,0,0,0,0,0,0,0,0,252,252,0,0,0,0,0,0,0,0,22,0,0,0,0,0,0,7,0,0
4711,4700,11,能量_21~30,800,0,0,0,69890,40002,1,,,0,0,0,0,0,0,0,0,0,0,0,300,300,0,0,0,0,0,0,0,0,29,0,0,0,0,0,0,9,0,0
4712,4700,12,能量_21~30,700,0,0,0,76250,40002,1,,,0,0,0,0,0,0,0,0,0,0,0,348,348,0,0,0,0,0,0,0,0,36,0,0,0,0,0,0,11,0,0
4713,4700,13,能量_21~30,600,0,0,0,82600,40002,1,,,0,0,0,0,0,0,0,0,0,0,0,411,411,0,0,0,0,0,0,0,0,43,0,0,0,0,0,0,13,0,0
4714,4700,14,能量_21~30,500,0,0,0,88960,40002,1,,,0,0,0,0,0,0,0,0,0,0,0,474,474,0,0,0,0,0,0,0,0,50,0,0,0,0,0,0,15,0,0
4715,4700,15,能量_21~30,400,0,0,0,95310,40002,1,,,0,0,0,0,0,0,0,0,0,0,0,537,537,0,0,0,0,0,0,0,0,58,0,0,0,0,0,0,17,0,0
4751,4750,1,能量_31~40,10000,0,0,0,18600,40003,1,,,0,0,0,0,0,0,0,0,0,0,0,14,14,0,0,0,0,0,0,0,0,0,0,0,0,0,0,0,0,0,0
4752,4750,2,能量_31~40,9000,9500,10000,0,37190,40003,1,,,0,0,0,0,0,0,0,0,0,0,0,28,28,0,0,0,0,0,0,0,0,0,0,0,0,0,0,0,0,0,0
4753,4750,3,能量_31~40,7500,8500,10000,0,55790,40003,1,,,0,0,0,0,0,0,0,0,0,0,0,42,42,0,0,0,0,0,0,0,0,0,0,0,0,0,0,0,0,0,0
4754,4750,4,能量_31~40,6000,7500,10000,0,74390,40003,1,,,0,0,0,0,0,0,0,0,0,0,0,71,71,0,0,0,0,0,0,0,0,0,0,0,0,0,0,0,0,0,0
4755,4750,5,能量_31~40,4500,6500,10000,0,92980,40003,1,,,0,0,0,0,0,0,0,0,0,0,0,100,100,0,0,0,0,0,0,0,0,0,0,0,0,0,0,0,0,0,0
4756,4750,6,能量_31~40,3500,5500,10000,0,111580,40003,1,,,0,0,0,0,0,0,0,0,0,0,0,129,129,0,0,0,0,0,0,0,0,0,0,0,0,0,0,0,0,0,0
4757,4750,7,能量_31~40,2500,4500,10000,0,130180,40003,1,,,0,0,0,0,0,0,0,0,0,0,0,175,175,0,0,0,0,0,0,0,0,0,0,0,0,0,0,0,0,0,0
4758,4750,8,能量_31~40,1500,3500,0,10000,148770,40003,1,,,0,0,0,0,0,0,0,0,0,0,0,221,221,0,0,0,0,0,0,0,0,8,0,0,0,0,0,0,3,0,0
4759,4750,9,能量_31~40,1000,2500,0,10000,167370,40003,1,,,0,0,0,0,0,0,0,0,0,0,0,267,267,0,0,0,0,0,0,0,0,17,0,0,0,0,0,0,5,0,0
4760,4750,10,能量_31~40,900,1500,0,9000,185970,40003,1,,,0,0,0,0,0,0,0,0,0,0,0,331,331,0,0,0,0,0,0,0,0,26,0,0,0,0,0,0,7,0,0
4761,4750,11,能量_31~40,800,0,0,0,204560,40003,1,,,0,0,0,0,0,0,0,0,0,0,0,395,395,0,0,0,0,0,0,0,0,35,0,0,0,0,0,0,9,0,0
4762,4750,12,能量_31~40,700,0,0,0,223160,40003,1,,,0,0,0,0,0,0,0,0,0,0,0,459,459,0,0,0,0,0,0,0,0,43,0,0,0,0,0,0,11,0,0
4763,4750,13,能量_31~40,600,0,0,0,241760,40003,1,,,0,0,0,0,0,0,0,0,0,0,0,543,543,0,0,0,0,0,0,0,0,52,0,0,0,0,0,0,13,0,0
4764,4750,14,能量_31~40,500,0,0,0,260350,40003,1,,,0,0,0,0,0,0,0,0,0,0,0,627,627,0,0,0,0,0,0,0,0,60,0,0,0,0,0,0,15,0,0
4765,4750,15,能量_31~40,400,0,0,0,278950,40003,1,,,0,0,0,0,0,0,0,0,0,0,0,711,711,0,0,0,0,0,0,0,0,70,0,0,0,0,0,0,17,0,0
4801,4800,1,能量_41~50,10000,0,0,0,21870,40004,1,,,0,0,0,0,0,0,0,0,0,0,0,18,18,0,0,0,0,0,0,0,0,0,0,0,0,0,0,0,0,0,0
4802,4800,2,能量_41~50,9000,9500,10000,0,43740,40004,1,,,0,0,0,0,0,0,0,0,0,0,0,36,36,0,0,0,0,0,0,0,0,0,0,0,0,0,0,0,0,0,0
4803,4800,3,能量_41~50,7500,8500,10000,0,65610,40004,1,,,0,0,0,0,0,0,0,0,0,0,0,54,54,0,0,0,0,0,0,0,0,0,0,0,0,0,0,0,0,0,0
4804,4800,4,能量_41~50,6000,7500,10000,0,87470,40004,1,,,0,0,0,0,0,0,0,0,0,0,0,91,91,0,0,0,0,0,0,0,0,0,0,0,0,0,0,0,0,0,0
4805,4800,5,能量_41~50,4500,6500,10000,0,109340,40004,1,,,0,0,0,0,0,0,0,0,0,0,0,128,128,0,0,0,0,0,0,0,0,0,0,0,0,0,0,0,0,0,0
4806,4800,6,能量_41~50,3500,5500,10000,0,131210,40004,1,,,0,0,0,0,0,0,0,0,0,0,0,165,165,0,0,0,0,0,0,0,0,0,0,0,0,0,0,0,0,0,0
4807,4800,7,能量_41~50,2500,4500,10000,0,153080,40004,1,,,0,0,0,0,0,0,0,0,0,0,0,223,223,0,0,0,0,0,0,0,0,0,0,0,0,0,0,0,0,0,0
4808,4800,8,能量_41~50,1500,3500,0,10000,174950,40004,1,,,0,0,0,0,0,0,0,0,0,0,0,281,281,0,0,0,0,0,0,0,0,10,0,0,0,0,0,0,3,0,0
4809,4800,9,能量_41~50,1000,2500,0,10000,196820,40004,1,,,0,0,0,0,0,0,0,0,0,0,0,339,339,0,0,0,0,0,0,0,0,20,0,0,0,0,0,0,5,0,0
4810,4800,10,能量_41~50,900,1500,0,9000,218680,40004,1,,,0,0,0,0,0,0,0,0,0,0,0,419,419,0,0,0,0,0,0,0,0,31,0,0,0,0,0,0,7,0,0
4811,4800,11,能量_41~50,800,0,0,0,240550,40004,1,,,0,0,0,0,0,0,0,0,0,0,0,499,499,0,0,0,0,0,0,0,0,42,0,0,0,0,0,0,9,0,0
4812,4800,12,能量_41~50,700,0,0,0,262420,40004,1,,,0,0,0,0,0,0,0,0,0,0,0,579,579,0,0,0,0,0,0,0,0,52,0,0,0,0,0,0,11,0,0
4813,4800,13,能量_41~50,600,0,0,0,284290,40004,1,,,0,0,0,0,0,0,0,0,0,0,0,685,685,0,0,0,0,0,0,0,0,62,0,0,0,0,0,0,13,0,0
4814,4800,14,能量_41~50,500,0,0,0,306160,40004,1,,,0,0,0,0,0,0,0,0,0,0,0,791,791,0,0,0,0,0,0,0,0,72,0,0,0,0,0,0,15,0,0
4815,4800,15,能量_41~50,400,0,0,0,328030,40004,1,,,0,0,0,0,0,0,0,0,0,0,0,897,897,0,0,0,0,0,0,0,0,84,0,0,0,0,0,0,17,0,0
4851,4850,1,能量_51~60,10000,0,0,0,21870,40004,1,,,0,0,0,0,0,0,0,0,0,0,0,21,21,0,0,0,0,0,0,0,0,0,0,0,0,0,0,0,0,0,0
4852,4850,2,能量_51~60,9000,9500,10000,0,43740,40004,1,,,0,0,0,0,0,0,0,0,0,0,0,42,42,0,0,0,0,0,0,0,0,0,0,0,0,0,0,0,0,0,0
4853,4850,3,能量_51~60,7500,8500,10000,0,65610,40004,1,,,0,0,0,0,0,0,0,0,0,0,0,63,63,0,0,0,0,0,0,0,0,0,0,0,0,0,0,0,0,0,0
4854,4850,4,能量_51~60,6000,7500,10000,0,87470,40004,1,,,0,0,0,0,0,0,0,0,0,0,0,107,107,0,0,0,0,0,0,0,0,0,0,0,0,0,0,0,0,0,0
4855,4850,5,能量_51~60,4500,6500,10000,0,109340,40004,1,,,0,0,0,0,0,0,0,0,0,0,0,151,151,0,0,0,0,0,0,0,0,0,0,0,0,0,0,0,0,0,0
4856,4850,6,能量_51~60,3500,5500,10000,0,131210,40004,1,,,0,0,0,0,0,0,0,0,0,0,0,195,195,0,0,0,0,0,0,0,0,0,0,0,0,0,0,0,0,0,0
4857,4850,7,能量_51~60,2500,4500,10000,0,153080,40004,1,,,0,0,0,0,0,0,0,0,0,0,0,264,264,0,0,0,0,0,0,0,0,0,0,0,0,0,0,0,0,0,0
4858,4850,8,能量_51~60,1500,3500,0,10000,174950,40004,1,,,0,0,0,0,0,0,0,0,0,0,0,333,333,0,0,0,0,0,0,0,0,12,0,0,0,0,0,0,3,0,0
4859,4850,9,能量_51~60,1000,2500,0,10000,196820,40004,1,,,0,0,0,0,0,0,0,0,0,0,0,402,402,0,0,0,0,0,0,0,0,24,0,0,0,0,0,0,5,0,0
4860,4850,10,能量_51~60,900,1500,0,9000,218680,40004,1,,,0,0,0,0,0,0,0,0,0,0,0,498,498,0,0,0,0,0,0,0,0,37,0,0,0,0,0,0,7,0,0
4861,4850,11,能量_51~60,800,0,0,0,240550,40004,1,,,0,0,0,0,0,0,0,0,0,0,0,594,594,0,0,0,0,0,0,0,0,50,0,0,0,0,0,0,9,0,0
4862,4850,12,能量_51~60,700,0,0,0,262420,40004,1,,,0,0,0,0,0,0,0,0,0,0,0,690,690,0,0,0,0,0,0,0,0,62,0,0,0,0,0,0,11,0,0
4863,4850,13,能量_51~60,600,0,0,0,284290,40004,1,,,0,0,0,0,0,0,0,0,0,0,0,817,817,0,0,0,0,0,0,0,0,74,0,0,0,0,0,0,13,0,0
4864,4850,14,能量_51~60,500,0,0,0,306160,40004,1,,,0,0,0,0,0,0,0,0,0,0,0,944,944,0,0,0,0,0,0,0,0,86,0,0,0,0,0,0,15,0,0
4865,4850,15,能量_51~60,400,0,0,0,328030,40004,1,,,0,0,0,0,0,0,0,0,0,0,0,1071,1071,0,0,0,0,0,0,0,0,101,0,0,0,0,0,0,17,0,0
4901,4900,1,能量_61~70,10000,0,0,0,21870,40004,1,,,0,0,0,0,0,0,0,0,0,0,0,0,0,0,0,0,0,0,0,0,0,0,0,0,0,0,0,0,0,0,0
4902,4900,2,能量_61~70,9000,9500,10000,0,43740,40004,1,,,0,0,0,0,0,0,0,0,0,0,0,0,0,0,0,0,0,0,0,0,0,0,0,0,0,0,0,0,0,0,0
4903,4900,3,能量_61~70,7500,8500,10000,0,65610,40004,1,,,0,0,0,0,0,0,0,0,0,0,0,0,0,0,0,0,0,0,0,0,0,0,0,0,0,0,0,0,0,0,0
4904,4900,4,能量_61~70,6000,7500,10000,0,87470,40004,1,,,0,0,0,0,0,0,0,0,0,0,0,0,0,0,0,0,0,0,0,0,0,0,0,0,0,0,0,0,0,0,0
4905,4900,5,能量_61~70,4500,6500,10000,0,109340,40004,1,,,0,0,0,0,0,0,0,0,0,0,0,0,0,0,0,0,0,0,0,0,0,0,0,0,0,0,0,0,0,0,0
4906,4900,6,能量_61~70,3500,5500,10000,0,131210,40004,1,,,0,0,0,0,0,0,0,0,0,0,0,0,0,0,0,0,0,0,0,0,0,0,0,0,0,0,0,0,0,0,0
4907,4900,7,能量_61~70,2500,4500,10000,0,153080,40004,1,,,0,0,0,0,0,0,0,0,0,0,0,0,0,0,0,0,0,0,0,0,0,0,0,0,0,0,0,0,0,0,0
4908,4900,8,能量_61~70,1500,3500,0,10000,174950,40004,1,,,0,0,0,0,0,0,0,0,0,0,0,0,0,0,0,0,0,0,0,0,0,14,0,0,0,0,0,0,3,0,0
4909,4900,9,能量_61~70,1000,2500,0,10000,196820,40004,1,,,0,0,0,0,0,0,0,0,0,0,0,0,0,0,0,0,0,0,0,0,0,29,0,0,0,0,0,0,5,0,0
4910,4900,10,能量_61~70,900,1500,0,9000,218680,40004,1,,,0,0,0,0,0,0,0,0,0,0,0,0,0,0,0,0,0,0,0,0,0,44,0,0,0,0,0,0,7,0,0
4911,4900,11,能量_61~70,800,0,0,0,240550,40004,1,,,0,0,0,0,0,0,0,0,0,0,0,0,0,0,0,0,0,0,0,0,0,60,0,0,0,0,0,0,9,0,0
4912,4900,12,能量_61~70,700,0,0,0,262420,40004,1,,,0,0,0,0,0,0,0,0,0,0,0,0,0,0,0,0,0,0,0,0,0,74,0,0,0,0,0,0,11,0,0
4913,4900,13,能量_61~70,600,0,0,0,284290,40004,1,,,0,0,0,0,0,0,0,0,0,0,0,0,0,0,0,0,0,0,0,0,0,89,0,0,0,0,0,0,13,0,0
4914,4900,14,能量_61~70,500,0,0,0,306160,40004,1,,,0,0,0,0,0,0,0,0,0,0,0,0,0,0,0,0,0,0,0,0,0,103,0,0,0,0,0,0,15,0,0
4915,4900,15,能量_61~70,400,0,0,0,328030,40004,1,,,0,0,0,0,0,0,0,0,0,0,0,0,0,0,0,0,0,0,0,0,0,121,0,0,0,0,0,0,17,0,0
5501,5500,1,加农炮_1~10,10000,0,0,0,100,40000,1,,,0,0,0,0,0,0,0,0,0,0,0,0,0,0,0,0,0,0,0,0,0,0,0,0,0,0,0,0,0,0,0
5502,5500,2,加农炮_1~10,9000,9500,10000,0,200,40000,1,,,0,0,0,0,0,0,0,0,0,0,0,0,0,0,0,0,0,0,0,0,0,0,0,0,0,0,0,0,0,0,0
5503,5500,3,加农炮_1~10,7500,8500,10000,0,300,40000,1,,,0,0,0,0,0,0,0,0,0,0,0,0,0,0,0,0,0,0,0,0,0,0,0,0,0,0,0,0,0,0,0
5504,5500,4,加农炮_1~10,6000,7500,10000,0,400,40000,1,,,0,0,0,0,0,0,0,0,0,0,0,0,0,0,0,0,0,0,0,0,0,0,0,0,0,0,0,0,0,0,0
5505,5500,5,加农炮_1~10,4500,6500,10000,0,500,40000,1,,,0,0,0,0,0,0,0,0,0,0,0,0,0,0,0,0,0,0,0,0,0,0,0,0,0,0,0,0,0,0,0
5506,5500,6,加农炮_1~10,3500,5500,10000,0,600,40000,1,,,0,0,0,0,0,0,0,0,0,0,0,0,0,0,0,0,0,0,0,0,0,0,0,0,0,0,0,0,0,0,0
5507,5500,7,加农炮_1~10,2500,4500,10000,0,700,40000,1,,,0,0,0,0,0,0,0,0,0,0,0,0,0,0,0,0,0,0,0,0,0,0,0,0,0,0,0,0,0,0,0
5508,5500,8,加农炮_1~10,1500,3500,0,10000,800,40000,1,,,0,0,0,0,0,0,0,0,0,0,0,0,0,0,0,0,0,0,0,0,0,5,0,0,0,0,0,0,3,0,0
5509,5500,9,加农炮_1~10,1000,2500,0,10000,900,40000,1,,,0,0,0,0,0,0,0,0,0,0,0,0,0,0,0,0,0,0,0,0,0,10,0,0,0,0,0,0,5,0,0
5510,5500,10,加农炮_1~10,900,1500,0,9000,1000,40000,1,,,0,0,0,0,0,0,0,0,0,0,0,0,0,0,0,0,0,0,0,0,0,15,0,0,0,0,0,0,7,0,0
5511,5500,11,加农炮_1~10,800,0,0,0,1100,40000,1,,,0,0,0,0,0,0,0,0,0,0,0,0,0,0,0,0,0,0,0,0,0,20,0,0,0,0,0,0,9,0,0
5512,5500,12,加农炮_1~10,700,0,0,0,1200,40000,1,,,0,0,0,0,0,0,0,0,0,0,0,0,0,0,0,0,0,0,0,0,0,25,0,0,0,0,0,0,11,0,0
5513,5500,13,加农炮_1~10,600,0,0,0,1300,40000,1,,,0,0,0,0,0,0,0,0,0,0,0,0,0,0,0,0,0,0,0,0,0,30,0,0,0,0,0,0,13,0,0
5514,5500,14,加农炮_1~10,500,0,0,0,1400,40000,1,,,0,0,0,0,0,0,0,0,0,0,0,0,0,0,0,0,0,0,0,0,0,35,0,0,0,0,0,0,15,0,0
5515,5500,15,加农炮_1~10,400,0,0,0,1500,40000,1,,,0,0,0,0,0,0,0,0,0,0,0,0,0,0,0,0,0,0,0,0,0,40,0,0,0,0,0,0,17,0,0
5551,5550,1,加农炮_11~20,10000,0,0,0,1340,40001,1,,,0,0,0,0,0,0,0,0,0,0,0,0,0,0,0,0,0,0,0,0,0,0,0,0,0,0,0,0,0,0,0
5552,5550,2,加农炮_11~20,9000,9500,10000,0,2690,40001,1,,,0,0,0,0,0,0,0,0,0,0,0,0,0,0,0,0,0,0,0,0,0,0,0,0,0,0,0,0,0,0,0
5553,5550,3,加农炮_11~20,7500,8500,10000,0,4030,40001,1,,,0,0,0,0,0,0,0,0,0,0,0,0,0,0,0,0,0,0,0,0,0,0,0,0,0,0,0,0,0,0,0
5554,5550,4,加农炮_11~20,6000,7500,10000,0,5370,40001,1,,,0,0,0,0,0,0,0,0,0,0,0,0,0,0,0,0,0,0,0,0,0,0,0,0,0,0,0,0,0,0,0
5555,5550,5,加农炮_11~20,4500,6500,10000,0,6710,40001,1,,,0,0,0,0,0,0,0,0,0,0,0,0,0,0,0,0,0,0,0,0,0,0,0,0,0,0,0,0,0,0,0
5556,5550,6,加农炮_11~20,3500,5500,10000,0,8060,40001,1,,,0,0,0,0,0,0,0,0,0,0,0,0,0,0,0,0,0,0,0,0,0,0,0,0,0,0,0,0,0,0,0
5557,5550,7,加农炮_11~20,2500,4500,10000,0,9400,40001,1,,,0,0,0,0,0,0,0,0,0,0,0,0,0,0,0,0,0,0,0,0,0,0,0,0,0,0,0,0,0,0,0
5558,5550,8,加农炮_11~20,1500,3500,0,10000,10740,40001,1,,,0,0,0,0,0,0,0,0,0,0,0,0,0,0,0,0,0,0,0,0,0,6,0,0,0,0,0,0,3,0,0
5559,5550,9,加农炮_11~20,1000,2500,0,10000,12090,40001,1,,,0,0,0,0,0,0,0,0,0,0,0,0,0,0,0,0,0,0,0,0,0,12,0,0,0,0,0,0,5,0,0
5560,5550,10,加农炮_11~20,900,1500,0,9000,13430,40001,1,,,0,0,0,0,0,0,0,0,0,0,0,0,0,0,0,0,0,0,0,0,0,18,0,0,0,0,0,0,7,0,0
5561,5550,11,加农炮_11~20,800,0,0,0,14770,40001,1,,,0,0,0,0,0,0,0,0,0,0,0,0,0,0,0,0,0,0,0,0,0,24,0,0,0,0,0,0,9,0,0
5562,5550,12,加农炮_11~20,700,0,0,0,16110,40001,1,,,0,0,0,0,0,0,0,0,0,0,0,0,0,0,0,0,0,0,0,0,0,30,0,0,0,0,0,0,11,0,0
5563,5550,13,加农炮_11~20,600,0,0,0,17460,40001,1,,,0,0,0,0,0,0,0,0,0,0,0,0,0,0,0,0,0,0,0,0,0,36,0,0,0,0,0,0,13,0,0
5564,5550,14,加农炮_11~20,500,0,0,0,18800,40001,1,,,0,0,0,0,0,0,0,0,0,0,0,0,0,0,0,0,0,0,0,0,0,42,0,0,0,0,0,0,15,0,0
5565,5550,15,加农炮_11~20,400,0,0,0,20140,40001,1,,,0,0,0,0,0,0,0,0,0,0,0,0,0,0,0,0,0,0,0,0,0,48,0,0,0,0,0,0,17,0,0
5601,5600,1,加农炮_21~30,10000,0,0,0,6350,40002,1,,,0,0,0,0,0,0,0,0,0,0,0,0,0,0,0,0,0,0,0,0,0,0,0,0,0,0,0,0,0,0,0
5602,5600,2,加农炮_21~30,9000,9500,10000,0,12710,40002,1,,,0,0,0,0,0,0,0,0,0,0,0,0,0,0,0,0,0,0,0,0,0,0,0,0,0,0,0,0,0,0,0
5603,5600,3,加农炮_21~30,7500,8500,10000,0,19060,40002,1,,,0,0,0,0,0,0,0,0,0,0,0,0,0,0,0,0,0,0,0,0,0,0,0,0,0,0,0,0,0,0,0
5604,5600,4,加农炮_21~30,6000,7500,10000,0,25420,40002,1,,,0,0,0,0,0,0,0,0,0,0,0,0,0,0,0,0,0,0,0,0,0,0,0,0,0,0,0,0,0,0,0
5605,5600,5,加农炮_21~30,4500,6500,10000,0,31770,40002,1,,,0,0,0,0,0,0,0,0,0,0,0,0,0,0,0,0,0,0,0,0,0,0,0,0,0,0,0,0,0,0,0
5606,5600,6,加农炮_21~30,3500,5500,10000,0,38120,40002,1,,,0,0,0,0,0,0,0,0,0,0,0,0,0,0,0,0,0,0,0,0,0,0,0,0,0,0,0,0,0,0,0
5607,5600,7,加农炮_21~30,2500,4500,10000,0,44480,40002,1,,,0,0,0,0,0,0,0,0,0,0,0,0,0,0,0,0,0,0,0,0,0,0,0,0,0,0,0,0,0,0,0
5608,5600,8,加农炮_21~30,1500,3500,0,10000,50830,40002,1,,,0,0,0,0,0,0,0,0,0,0,0,0,0,0,0,0,0,0,0,0,0,7,0,0,0,0,0,0,3,0,0
5609,5600,9,加农炮_21~30,1000,2500,0,10000,57190,40002,1,,,0,0,0,0,0,0,0,0,0,0,0,0,0,0,0,0,0,0,0,0,0,14,0,0,0,0,0,0,5,0,0
5610,5600,10,加农炮_21~30,900,1500,0,9000,63540,40002,1,,,0,0,0,0,0,0,0,0,0,0,0,0,0,0,0,0,0,0,0,0,0,22,0,0,0,0,0,0,7,0,0
5611,5600,11,加农炮_21~30,800,0,0,0,69890,40002,1,,,0,0,0,0,0,0,0,0,0,0,0,0,0,0,0,0,0,0,0,0,0,29,0,0,0,0,0,0,9,0,0
5612,5600,12,加农炮_21~30,700,0,0,0,76250,40002,1,,,0,0,0,0,0,0,0,0,0,0,0,0,0,0,0,0,0,0,0,0,0,36,0,0,0,0,0,0,11,0,0
5613,5600,13,加农炮_21~30,600,0,0,0,82600,40002,1,,,0,0,0,0,0,0,0,0,0,0,0,0,0,0,0,0,0,0,0,0,0,43,0,0,0,0,0,0,13,0,0
5614,5600,14,加农炮_21~30,500,0,0,0,88960,40002,1,,,0,0,0,0,0,0,0,0,0,0,0,0,0,0,0,0,0,0,0,0,0,50,0,0,0,0,0,0,15,0,0
5615,5600,15,加农炮_21~30,400,0,0,0,95310,40002,1,,,0,0,0,0,0,0,0,0,0,0,0,0,0,0,0,0,0,0,0,0,0,58,0,0,0,0,0,0,17,0,0
5651,5650,1,加农炮_31~40,10000,0,0,0,18600,40003,1,,,0,0,0,0,0,0,0,0,0,0,0,0,0,0,0,0,0,0,0,0,0,0,0,0,0,0,0,0,0,0,0
5652,5650,2,加农炮_31~40,9000,9500,10000,0,37190,40003,1,,,0,0,0,0,0,0,0,0,0,0,0,0,0,0,0,0,0,0,0,0,0,0,0,0,0,0,0,0,0,0,0
5653,5650,3,加农炮_31~40,7500,8500,10000,0,55790,40003,1,,,0,0,0,0,0,0,0,0,0,0,0,0,0,0,0,0,0,0,0,0,0,0,0,0,0,0,0,0,0,0,0
5654,5650,4,加农炮_31~40,6000,7500,10000,0,74390,40003,1,,,0,0,0,0,0,0,0,0,0,0,0,0,0,0,0,0,0,0,0,0,0,0,0,0,0,0,0,0,0,0,0
5655,5650,5,加农炮_31~40,4500,6500,10000,0,92980,40003,1,,,0,0,0,0,0,0,0,0,0,0,0,0,0,0,0,0,0,0,0,0,0,0,0,0,0,0,0,0,0,0,0
5656,5650,6,加农炮_31~40,3500,5500,10000,0,111580,40003,1,,,0,0,0,0,0,0,0,0,0,0,0,0,0,0,0,0,0,0,0,0,0,0,0,0,0,0,0,0,0,0,0
5657,5650,7,加农炮_31~40,2500,4500,10000,0,130180,40003,1,,,0,0,0,0,0,0,0,0,0,0,0,0,0,0,0,0,0,0,0,0,0,0,0,0,0,0,0,0,0,0,0
5658,5650,8,加农炮_31~40,1500,3500,0,10000,148770,40003,1,,,0,0,0,0,0,0,0,0,0,0,0,0,0,0,0,0,0,0,0,0,0,8,0,0,0,0,0,0,3,0,0
5659,5650,9,加农炮_31~40,1000,2500,0,10000,167370,40003,1,,,0,0,0,0,0,0,0,0,0,0,0,0,0,0,0,0,0,0,0,0,0,17,0,0,0,0,0,0,5,0,0
5660,5650,10,加农炮_31~40,900,1500,0,9000,185970,40003,1,,,0,0,0,0,0,0,0,0,0,0,0,0,0,0,0,0,0,0,0,0,0,26,0,0,0,0,0,0,7,0,0
5661,5650,11,加农炮_31~40,800,0,0,0,204560,40003,1,,,0,0,0,0,0,0,0,0,0,0,0,0,0,0,0,0,0,0,0,0,0,35,0,0,0,0,0,0,9,0,0
5662,5650,12,加农炮_31~40,700,0,0,0,223160,40003,1,,,0,0,0,0,0,0,0,0,0,0,0,0,0,0,0,0,0,0,0,0,0,43,0,0,0,0,0,0,11,0,0
5663,5650,13,加农炮_31~40,600,0,0,0,241760,40003,1,,,0,0,0,0,0,0,0,0,0,0,0,0,0,0,0,0,0,0,0,0,0,52,0,0,0,0,0,0,13,0,0
5664,5650,14,加农炮_31~40,500,0,0,0,260350,40003,1,,,0,0,0,0,0,0,0,0,0,0,0,0,0,0,0,0,0,0,0,0,0,60,0,0,0,0,0,0,15,0,0
5665,5650,15,加农炮_31~40,400,0,0,0,278950,40003,1,,,0,0,0,0,0,0,0,0,0,0,0,0,0,0,0,0,0,0,0,0,0,70,0,0,0,0,0,0,17,0,0
5701,5700,1,加农炮_41~50,10000,0,0,0,21870,40004,1,,,0,0,0,0,0,0,0,0,0,0,0,0,0,0,0,0,0,0,0,0,0,0,0,0,0,0,0,0,0,0,0
5702,5700,2,加农炮_41~50,9000,9500,10000,0,43740,40004,1,,,0,0,0,0,0,0,0,0,0,0,0,0,0,0,0,0,0,0,0,0,0,0,0,0,0,0,0,0,0,0,0
5703,5700,3,加农炮_41~50,7500,8500,10000,0,65610,40004,1,,,0,0,0,0,0,0,0,0,0,0,0,0,0,0,0,0,0,0,0,0,0,0,0,0,0,0,0,0,0,0,0
5704,5700,4,加农炮_41~50,6000,7500,10000,0,87470,40004,1,,,0,0,0,0,0,0,0,0,0,0,0,0,0,0,0,0,0,0,0,0,0,0,0,0,0,0,0,0,0,0,0
5705,5700,5,加农炮_41~50,4500,6500,10000,0,109340,40004,1,,,0,0,0,0,0,0,0,0,0,0,0,0,0,0,0,0,0,0,0,0,0,0,0,0,0,0,0,0,0,0,0
5706,5700,6,加农炮_41~50,3500,5500,10000,0,131210,40004,1,,,0,0,0,0,0,0,0,0,0,0,0,0,0,0,0,0,0,0,0,0,0,0,0,0,0,0,0,0,0,0,0
5707,5700,7,加农炮_41~50,2500,4500,10000,0,153080,40004,1,,,0,0,0,0,0,0,0,0,0,0,0,0,0,0,0,0,0,0,0,0,0,0,0,0,0,0,0,0,0,0,0
5708,5700,8,加农炮_41~50,1500,3500,0,10000,174950,40004,1,,,0,0,0,0,0,0,0,0,0,0,0,0,0,0,0,0,0,0,0,0,0,10,0,0,0,0,0,0,3,0,0
5709,5700,9,加农炮_41~50,1000,2500,0,10000,196820,40004,1,,,0,0,0,0,0,0,0,0,0,0,0,0,0,0,0,0,0,0,0,0,0,20,0,0,0,0,0,0,5,0,0
5710,5700,10,加农炮_41~50,900,1500,0,9000,218680,40004,1,,,0,0,0,0,0,0,0,0,0,0,0,0,0,0,0,0,0,0,0,0,0,31,0,0,0,0,0,0,7,0,0
5711,5700,11,加农炮_41~50,800,0,0,0,240550,40004,1,,,0,0,0,0,0,0,0,0,0,0,0,0,0,0,0,0,0,0,0,0,0,42,0,0,0,0,0,0,9,0,0
5712,5700,12,加农炮_41~50,700,0,0,0,262420,40004,1,,,0,0,0,0,0,0,0,0,0,0,0,0,0,0,0,0,0,0,0,0,0,52,0,0,0,0,0,0,11,0,0
5713,5700,13,加农炮_41~50,600,0,0,0,284290,40004,1,,,0,0,0,0,0,0,0,0,0,0,0,0,0,0,0,0,0,0,0,0,0,62,0,0,0,0,0,0,13,0,0
5714,5700,14,加农炮_41~50,500,0,0,0,306160,40004,1,,,0,0,0,0,0,0,0,0,0,0,0,0,0,0,0,0,0,0,0,0,0,72,0,0,0,0,0,0,15,0,0
5715,5700,15,加农炮_41~50,400,0,0,0,328030,40004,1,,,0,0,0,0,0,0,0,0,0,0,0,0,0,0,0,0,0,0,0,0,0,84,0,0,0,0,0,0,17,0,0
5751,5750,1,加农炮_51~60,10000,0,0,0,21870,40004,1,,,0,0,0,0,0,0,0,0,0,0,0,0,0,0,0,0,0,0,0,0,0,0,0,0,0,0,0,0,0,0,0
5752,5750,2,加农炮_51~60,9000,9500,10000,0,43740,40004,1,,,0,0,0,0,0,0,0,0,0,0,0,0,0,0,0,0,0,0,0,0,0,0,0,0,0,0,0,0,0,0,0
5753,5750,3,加农炮_51~60,7500,8500,10000,0,65610,40004,1,,,0,0,0,0,0,0,0,0,0,0,0,0,0,0,0,0,0,0,0,0,0,0,0,0,0,0,0,0,0,0,0
5754,5750,4,加农炮_51~60,6000,7500,10000,0,87470,40004,1,,,0,0,0,0,0,0,0,0,0,0,0,0,0,0,0,0,0,0,0,0,0,0,0,0,0,0,0,0,0,0,0
5755,5750,5,加农炮_51~60,4500,6500,10000,0,109340,40004,1,,,0,0,0,0,0,0,0,0,0,0,0,0,0,0,0,0,0,0,0,0,0,0,0,0,0,0,0,0,0,0,0
5756,5750,6,加农炮_51~60,3500,5500,10000,0,131210,40004,1,,,0,0,0,0,0,0,0,0,0,0,0,0,0,0,0,0,0,0,0,0,0,0,0,0,0,0,0,0,0,0,0
5757,5750,7,加农炮_51~60,2500,4500,10000,0,153080,40004,1,,,0,0,0,0,0,0,0,0,0,0,0,0,0,0,0,0,0,0,0,0,0,0,0,0,0,0,0,0,0,0,0
5758,5750,8,加农炮_51~60,1500,3500,0,10000,174950,40004,1,,,0,0,0,0,0,0,0,0,0,0,0,0,0,0,0,0,0,0,0,0,0,12,0,0,0,0,0,0,3,0,0
5759,5750,9,加农炮_51~60,1000,2500,0,10000,196820,40004,1,,,0,0,0,0,0,0,0,0,0,0,0,0,0,0,0,0,0,0,0,0,0,24,0,0,0,0,0,0,5,0,0
5760,5750,10,加农炮_51~60,900,1500,0,9000,218680,40004,1,,,0,0,0,0,0,0,0,0,0,0,0,0,0,0,0,0,0,0,0,0,0,37,0,0,0,0,0,0,7,0,0
5761,5750,11,加农炮_51~60,800,0,0,0,240550,40004,1,,,0,0,0,0,0,0,0,0,0,0,0,0,0,0,0,0,0,0,0,0,0,50,0,0,0,0,0,0,9,0,0
5762,5750,12,加农炮_51~60,700,0,0,0,262420,40004,1,,,0,0,0,0,0,0,0,0,0,0,0,0,0,0,0,0,0,0,0,0,0,62,0,0,0,0,0,0,11,0,0
5763,5750,13,加农炮_51~60,600,0,0,0,284290,40004,1,,,0,0,0,0,0,0,0,0,0,0,0,0,0,0,0,0,0,0,0,0,0,74,0,0,0,0,0,0,13,0,0
5764,5750,14,加农炮_51~60,500,0,0,0,306160,40004,1,,,0,0,0,0,0,0,0,0,0,0,0,0,0,0,0,0,0,0,0,0,0,86,0,0,0,0,0,0,15,0,0
5765,5750,15,加农炮_51~60,400,0,0,0,328030,40004,1,,,0,0,0,0,0,0,0,0,0,0,0,0,0,0,0,0,0,0,0,0,0,101,0,0,0,0,0,0,17,0,0
5801,5800,1,加农炮_61~70,10000,0,0,0,21870,40004,1,,,0,0,0,0,0,0,0,0,0,0,0,0,0,0,0,0,0,0,0,0,0,0,0,0,0,0,0,0,0,0,0
5802,5800,2,加农炮_61~70,9000,9500,10000,0,43740,40004,1,,,0,0,0,0,0,0,0,0,0,0,0,0,0,0,0,0,0,0,0,0,0,0,0,0,0,0,0,0,0,0,0
5803,5800,3,加农炮_61~70,7500,8500,10000,0,65610,40004,1,,,0,0,0,0,0,0,0,0,0,0,0,0,0,0,0,0,0,0,0,0,0,0,0,0,0,0,0,0,0,0,0
5804,5800,4,加农炮_61~70,6000,7500,10000,0,87470,40004,1,,,0,0,0,0,0,0,0,0,0,0,0,0,0,0,0,0,0,0,0,0,0,0,0,0,0,0,0,0,0,0,0
5805,5800,5,加农炮_61~70,4500,6500,10000,0,109340,40004,1,,,0,0,0,0,0,0,0,0,0,0,0,0,0,0,0,0,0,0,0,0,0,0,0,0,0,0,0,0,0,0,0
5806,5800,6,加农炮_61~70,3500,5500,10000,0,131210,40004,1,,,0,0,0,0,0,0,0,0,0,0,0,0,0,0,0,0,0,0,0,0,0,0,0,0,0,0,0,0,0,0,0
5807,5800,7,加农炮_61~70,2500,4500,10000,0,153080,40004,1,,,0,0,0,0,0,0,0,0,0,0,0,0,0,0,0,0,0,0,0,0,0,0,0,0,0,0,0,0,0,0,0
5808,5800,8,加农炮_61~70,1500,3500,0,10000,174950,40004,1,,,0,0,0,0,0,0,0,0,0,0,0,0,0,0,0,0,0,0,0,0,0,14,0,0,0,0,0,0,3,0,0
5809,5800,9,加农炮_61~70,1000,2500,0,10000,196820,40004,1,,,0,0,0,0,0,0,0,0,0,0,0,0,0,0,0,0,0,0,0,0,0,29,0,0,0,0,0,0,5,0,0
5810,5800,10,加农炮_61~70,900,1500,0,9000,218680,40004,1,,,0,0,0,0,0,0,0,0,0,0,0,0,0,0,0,0,0,0,0,0,0,44,0,0,0,0,0,0,7,0,0
5811,5800,11,加农炮_61~70,800,0,0,0,240550,40004,1,,,0,0,0,0,0,0,0,0,0,0,0,0,0,0,0,0,0,0,0,0,0,60,0,0,0,0,0,0,9,0,0
5812,5800,12,加农炮_61~70,700,0,0,0,262420,40004,1,,,0,0,0,0,0,0,0,0,0,0,0,0,0,0,0,0,0,0,0,0,0,74,0,0,0,0,0,0,11,0,0
5813,5800,13,加农炮_61~70,600,0,0,0,284290,40004,1,,,0,0,0,0,0,0,0,0,0,0,0,0,0,0,0,0,0,0,0,0,0,89,0,0,0,0,0,0,13,0,0
5814,5800,14,加农炮_61~70,500,0,0,0,306160,40004,1,,,0,0,0,0,0,0,0,0,0,0,0,0,0,0,0,0,0,0,0,0,0,103,0,0,0,0,0,0,15,0,0
5815,5800,15,加农炮_61~70,400,0,0,0,328030,40004,1,,,0,0,0,0,0,0,0,0,0,0,0,0,0,0,0,0,0,0,0,0,0,121,0,0,0,0,0,0,17,0,0
6401,6400,1,弹弓_1~10,10000,0,0,0,100,40000,1,,,0,0,0,0,0,0,0,0,0,0,0,4,4,0,0,0,0,0,0,0,0,0,0,0,0,0,0,0,0,0,0
6402,6400,2,弹弓_1~10,9000,9500,10000,0,200,40000,1,,,0,0,0,0,0,0,0,0,0,0,0,8,8,0,0,0,0,0,0,0,0,0,0,0,0,0,0,0,0,0,0
6403,6400,3,弹弓_1~10,7500,8500,10000,0,300,40000,1,,,0,0,0,0,0,0,0,0,0,0,0,12,12,0,0,0,0,0,0,0,0,0,0,0,0,0,0,0,0,0,0
6404,6400,4,弹弓_1~10,6000,7500,10000,0,400,40000,1,,,0,0,0,0,0,0,0,0,0,0,0,19,19,0,0,0,0,0,0,0,0,0,0,0,0,0,0,0,0,0,0
6405,6400,5,弹弓_1~10,4500,6500,10000,0,500,40000,1,,,0,0,0,0,0,0,0,0,0,0,0,26,26,0,0,0,0,0,0,0,0,0,0,0,0,0,0,0,0,0,0
6406,6400,6,弹弓_1~10,3500,5500,10000,0,600,40000,1,,,0,0,0,0,0,0,0,0,0,0,0,33,33,0,0,0,0,0,0,0,0,0,0,0,0,0,0,0,0,0,0
6407,6400,7,弹弓_1~10,2500,4500,10000,0,700,40000,1,,,0,0,0,0,0,0,0,0,0,0,0,45,45,0,0,0,0,0,0,0,0,0,0,0,0,0,0,0,0,0,0
6408,6400,8,弹弓_1~10,1500,3500,0,10000,800,40000,1,,,0,0,0,0,0,0,0,0,0,0,0,57,57,0,0,0,0,0,0,0,0,5,0,0,0,0,0,0,3,0,0
6409,6400,9,弹弓_1~10,1000,2500,0,10000,900,40000,1,,,0,0,0,0,0,0,0,0,0,0,0,69,69,0,0,0,0,0,0,0,0,10,0,0,0,0,0,0,5,0,0
6410,6400,10,弹弓_1~10,900,1500,0,9000,1000,40000,1,,,0,0,0,0,0,0,0,0,0,0,0,85,85,0,0,0,0,0,0,0,0,15,0,0,0,0,0,0,7,0,0
6411,6400,11,弹弓_1~10,800,0,0,0,1100,40000,1,,,0,0,0,0,0,0,0,0,0,0,0,101,101,0,0,0,0,0,0,0,0,20,0,0,0,0,0,0,9,0,0
6412,6400,12,弹弓_1~10,700,0,0,0,1200,40000,1,,,0,0,0,0,0,0,0,0,0,0,0,117,117,0,0,0,0,0,0,0,0,25,0,0,0,0,0,0,11,0,0
6413,6400,13,弹弓_1~10,600,0,0,0,1300,40000,1,,,0,0,0,0,0,0,0,0,0,0,0,138,138,0,0,0,0,0,0,0,0,30,0,0,0,0,0,0,13,0,0
6414,6400,14,弹弓_1~10,500,0,0,0,1400,40000,1,,,0,0,0,0,0,0,0,0,0,0,0,159,159,0,0,0,0,0,0,0,0,35,0,0,0,0,0,0,15,0,0
6415,6400,15,弹弓_1~10,400,0,0,0,1500,40000,1,,,0,0,0,0,0,0,0,0,0,0,0,180,180,0,0,0,0,0,0,0,0,40,0,0,0,0,0,0,17,0,0
6451,6450,1,弹弓_11~20,10000,0,0,0,1340,40001,1,,,0,0,0,0,0,0,0,0,0,0,0,7,7,0,0,0,0,0,0,0,0,0,0,0,0,0,0,0,0,0,0
6452,6450,2,弹弓_11~20,9000,9500,10000,0,2690,40001,1,,,0,0,0,0,0,0,0,0,0,0,0,14,14,0,0,0,0,0,0,0,0,0,0,0,0,0,0,0,0,0,0
6453,6450,3,弹弓_11~20,7500,8500,10000,0,4030,40001,1,,,0,0,0,0,0,0,0,0,0,0,0,21,21,0,0,0,0,0,0,0,0,0,0,0,0,0,0,0,0,0,0
6454,6450,4,弹弓_11~20,6000,7500,10000,0,5370,40001,1,,,0,0,0,0,0,0,0,0,0,0,0,36,36,0,0,0,0,0,0,0,0,0,0,0,0,0,0,0,0,0,0
6455,6450,5,弹弓_11~20,4500,6500,10000,0,6710,40001,1,,,0,0,0,0,0,0,0,0,0,0,0,51,51,0,0,0,0,0,0,0,0,0,0,0,0,0,0,0,0,0,0
6456,6450,6,弹弓_11~20,3500,5500,10000,0,8060,40001,1,,,0,0,0,0,0,0,0,0,0,0,0,66,66,0,0,0,0,0,0,0,0,0,0,0,0,0,0,0,0,0,0
6457,6450,7,弹弓_11~20,2500,4500,10000,0,9400,40001,1,,,0,0,0,0,0,0,0,0,0,0,0,89,89,0,0,0,0,0,0,0,0,0,0,0,0,0,0,0,0,0,0
6458,6450,8,弹弓_11~20,1500,3500,0,10000,10740,40001,1,,,0,0,0,0,0,0,0,0,0,0,0,112,112,0,0,0,0,0,0,0,0,6,0,0,0,0,0,0,3,0,0
6459,6450,9,弹弓_11~20,1000,2500,0,10000,12090,40001,1,,,0,0,0,0,0,0,0,0,0,0,0,135,135,0,0,0,0,0,0,0,0,12,0,0,0,0,0,0,5,0,0
6460,6450,10,弹弓_11~20,900,1500,0,9000,13430,40001,1,,,0,0,0,0,0,0,0,0,0,0,0,167,167,0,0,0,0,0,0,0,0,18,0,0,0,0,0,0,7,0,0
6461,6450,11,弹弓_11~20,800,0,0,0,14770,40001,1,,,0,0,0,0,0,0,0,0,0,0,0,199,199,0,0,0,0,0,0,0,0,24,0,0,0,0,0,0,9,0,0
6462,6450,12,弹弓_11~20,700,0,0,0,16110,40001,1,,,0,0,0,0,0,0,0,0,0,0,0,231,231,0,0,0,0,0,0,0,0,30,0,0,0,0,0,0,11,0,0
6463,6450,13,弹弓_11~20,600,0,0,0,17460,40001,1,,,0,0,0,0,0,0,0,0,0,0,0,273,273,0,0,0,0,0,0,0,0,36,0,0,0,0,0,0,13,0,0
6464,6450,14,弹弓_11~20,500,0,0,0,18800,40001,1,,,0,0,0,0,0,0,0,0,0,0,0,315,315,0,0,0,0,0,0,0,0,42,0,0,0,0,0,0,15,0,0
6465,6450,15,弹弓_11~20,400,0,0,0,20140,40001,1,,,0,0,0,0,0,0,0,0,0,0,0,357,357,0,0,0,0,0,0,0,0,48,0,0,0,0,0,0,17,0,0
6501,6500,1,弹弓_21~30,10000,0,0,0,6350,40002,1,,,0,0,0,0,0,0,0,0,0,0,0,11,11,0,0,0,0,0,0,0,0,0,0,0,0,0,0,0,0,0,0
6502,6500,2,弹弓_21~30,9000,9500,10000,0,12710,40002,1,,,0,0,0,0,0,0,0,0,0,0,0,22,22,0,0,0,0,0,0,0,0,0,0,0,0,0,0,0,0,0,0
6503,6500,3,弹弓_21~30,7500,8500,10000,0,19060,40002,1,,,0,0,0,0,0,0,0,0,0,0,0,33,33,0,0,0,0,0,0,0,0,0,0,0,0,0,0,0,0,0,0
6504,6500,4,弹弓_21~30,6000,7500,10000,0,25420,40002,1,,,0,0,0,0,0,0,0,0,0,0,0,55,55,0,0,0,0,0,0,0,0,0,0,0,0,0,0,0,0,0,0
6505,6500,5,弹弓_21~30,4500,6500,10000,0,31770,40002,1,,,0,0,0,0,0,0,0,0,0,0,0,77,77,0,0,0,0,0,0,0,0,0,0,0,0,0,0,0,0,0,0
6506,6500,6,弹弓_21~30,3500,5500,10000,0,38120,40002,1,,,0,0,0,0,0,0,0,0,0,0,0,99,99,0,0,0,0,0,0,0,0,0,0,0,0,0,0,0,0,0,0
6507,6500,7,弹弓_21~30,2500,4500,10000,0,44480,40002,1,,,0,0,0,0,0,0,0,0,0,0,0,134,134,0,0,0,0,0,0,0,0,0,0,0,0,0,0,0,0,0,0
6508,6500,8,弹弓_21~30,1500,3500,0,10000,50830,40002,1,,,0,0,0,0,0,0,0,0,0,0,0,169,169,0,0,0,0,0,0,0,0,7,0,0,0,0,0,0,3,0,0
6509,6500,9,弹弓_21~30,1000,2500,0,10000,57190,40002,1,,,0,0,0,0,0,0,0,0,0,0,0,204,204,0,0,0,0,0,0,0,0,14,0,0,0,0,0,0,5,0,0
6510,6500,10,弹弓_21~30,900,1500,0,9000,63540,40002,1,,,0,0,0,0,0,0,0,0,0,0,0,252,252,0,0,0,0,0,0,0,0,22,0,0,0,0,0,0,7,0,0
6511,6500,11,弹弓_21~30,800,0,0,0,69890,40002,1,,,0,0,0,0,0,0,0,0,0,0,0,300,300,0,0,0,0,0,0,0,0,29,0,0,0,0,0,0,9,0,0
6512,6500,12,弹弓_21~30,700,0,0,0,76250,40002,1,,,0,0,0,0,0,0,0,0,0,0,0,348,348,0,0,0,0,0,0,0,0,36,0,0,0,0,0,0,11,0,0
6513,6500,13,弹弓_21~30,600,0,0,0,82600,40002,1,,,0,0,0,0,0,0,0,0,0,0,0,411,411,0,0,0,0,0,0,0,0,43,0,0,0,0,0,0,13,0,0
6514,6500,14,弹弓_21~30,500,0,0,0,88960,40002,1,,,0,0,0,0,0,0,0,0,0,0,0,474,474,0,0,0,0,0,0,0,0,50,0,0,0,0,0,0,15,0,0
6515,6500,15,弹弓_21~30,400,0,0,0,95310,40002,1,,,0,0,0,0,0,0,0,0,0,0,0,537,537,0,0,0,0,0,0,0,0,58,0,0,0,0,0,0,17,0,0
6551,6550,1,弹弓_31~40,10000,0,0,0,18600,40003,1,,,0,0,0,0,0,0,0,0,0,0,0,14,14,0,0,0,0,0,0,0,0,0,0,0,0,0,0,0,0,0,0
6552,6550,2,弹弓_31~40,9000,9500,10000,0,37190,40003,1,,,0,0,0,0,0,0,0,0,0,0,0,28,28,0,0,0,0,0,0,0,0,0,0,0,0,0,0,0,0,0,0
6553,6550,3,弹弓_31~40,7500,8500,10000,0,55790,40003,1,,,0,0,0,0,0,0,0,0,0,0,0,42,42,0,0,0,0,0,0,0,0,0,0,0,0,0,0,0,0,0,0
6554,6550,4,弹弓_31~40,6000,7500,10000,0,74390,40003,1,,,0,0,0,0,0,0,0,0,0,0,0,71,71,0,0,0,0,0,0,0,0,0,0,0,0,0,0,0,0,0,0
6555,6550,5,弹弓_31~40,4500,6500,10000,0,92980,40003,1,,,0,0,0,0,0,0,0,0,0,0,0,100,100,0,0,0,0,0,0,0,0,0,0,0,0,0,0,0,0,0,0
6556,6550,6,弹弓_31~40,3500,5500,10000,0,111580,40003,1,,,0,0,0,0,0,0,0,0,0,0,0,129,129,0,0,0,0,0,0,0,0,0,0,0,0,0,0,0,0,0,0
6557,6550,7,弹弓_31~40,2500,4500,10000,0,130180,40003,1,,,0,0,0,0,0,0,0,0,0,0,0,175,175,0,0,0,0,0,0,0,0,0,0,0,0,0,0,0,0,0,0
6558,6550,8,弹弓_31~40,1500,3500,0,10000,148770,40003,1,,,0,0,0,0,0,0,0,0,0,0,0,221,221,0,0,0,0,0,0,0,0,8,0,0,0,0,0,0,3,0,0
6559,6550,9,弹弓_31~40,1000,2500,0,10000,167370,40003,1,,,0,0,0,0,0,0,0,0,0,0,0,267,267,0,0,0,0,0,0,0,0,17,0,0,0,0,0,0,5,0,0
6560,6550,10,弹弓_31~40,900,1500,0,9000,185970,40003,1,,,0,0,0,0,0,0,0,0,0,0,0,331,331,0,0,0,0,0,0,0,0,26,0,0,0,0,0,0,7,0,0
6561,6550,11,弹弓_31~40,800,0,0,0,204560,40003,1,,,0,0,0,0,0,0,0,0,0,0,0,395,395,0,0,0,0,0,0,0,0,35,0,0,0,0,0,0,9,0,0
6562,6550,12,弹弓_31~40,700,0,0,0,223160,40003,1,,,0,0,0,0,0,0,0,0,0,0,0,459,459,0,0,0,0,0,0,0,0,43,0,0,0,0,0,0,11,0,0
6563,6550,13,弹弓_31~40,600,0,0,0,241760,40003,1,,,0,0,0,0,0,0,0,0,0,0,0,543,543,0,0,0,0,0,0,0,0,52,0,0,0,0,0,0,13,0,0
6564,6550,14,弹弓_31~40,500,0,0,0,260350,40003,1,,,0,0,0,0,0,0,0,0,0,0,0,627,627,0,0,0,0,0,0,0,0,60,0,0,0,0,0,0,15,0,0
6565,6550,15,弹弓_31~40,400,0,0,0,278950,40003,1,,,0,0,0,0,0,0,0,0,0,0,0,711,711,0,0,0,0,0,0,0,0,70,0,0,0,0,0,0,17,0,0
6601,6600,1,弹弓_41~50,10000,0,0,0,21870,40004,1,,,0,0,0,0,0,0,0,0,0,0,0,18,18,0,0,0,0,0,0,0,0,0,0,0,0,0,0,0,0,0,0
6602,6600,2,弹弓_41~50,9000,9500,10000,0,43740,40004,1,,,0,0,0,0,0,0,0,0,0,0,0,36,36,0,0,0,0,0,0,0,0,0,0,0,0,0,0,0,0,0,0
6603,6600,3,弹弓_41~50,7500,8500,10000,0,65610,40004,1,,,0,0,0,0,0,0,0,0,0,0,0,54,54,0,0,0,0,0,0,0,0,0,0,0,0,0,0,0,0,0,0
6604,6600,4,弹弓_41~50,6000,7500,10000,0,87470,40004,1,,,0,0,0,0,0,0,0,0,0,0,0,91,91,0,0,0,0,0,0,0,0,0,0,0,0,0,0,0,0,0,0
6605,6600,5,弹弓_41~50,4500,6500,10000,0,109340,40004,1,,,0,0,0,0,0,0,0,0,0,0,0,128,128,0,0,0,0,0,0,0,0,0,0,0,0,0,0,0,0,0,0
6606,6600,6,弹弓_41~50,3500,5500,10000,0,131210,40004,1,,,0,0,0,0,0,0,0,0,0,0,0,165,165,0,0,0,0,0,0,0,0,0,0,0,0,0,0,0,0,0,0
6607,6600,7,弹弓_41~50,2500,4500,10000,0,153080,40004,1,,,0,0,0,0,0,0,0,0,0,0,0,223,223,0,0,0,0,0,0,0,0,0,0,0,0,0,0,0,0,0,0
6608,6600,8,弹弓_41~50,1500,3500,0,10000,174950,40004,1,,,0,0,0,0,0,0,0,0,0,0,0,281,281,0,0,0,0,0,0,0,0,10,0,0,0,0,0,0,3,0,0
6609,6600,9,弹弓_41~50,1000,2500,0,10000,196820,40004,1,,,0,0,0,0,0,0,0,0,0,0,0,339,339,0,0,0,0,0,0,0,0,20,0,0,0,0,0,0,5,0,0
6610,6600,10,弹弓_41~50,900,1500,0,9000,218680,40004,1,,,0,0,0,0,0,0,0,0,0,0,0,419,419,0,0,0,0,0,0,0,0,31,0,0,0,0,0,0,7,0,0
6611,6600,11,弹弓_41~50,800,0,0,0,240550,40004,1,,,0,0,0,0,0,0,0,0,0,0,0,499,499,0,0,0,0,0,0,0,0,42,0,0,0,0,0,0,9,0,0
6612,6600,12,弹弓_41~50,700,0,0,0,262420,40004,1,,,0,0,0,0,0,0,0,0,0,0,0,579,579,0,0,0,0,0,0,0,0,52,0,0,0,0,0,0,11,0,0
6613,6600,13,弹弓_41~50,600,0,0,0,284290,40004,1,,,0,0,0,0,0,0,0,0,0,0,0,685,685,0,0,0,0,0,0,0,0,62,0,0,0,0,0,0,13,0,0
6614,6600,14,弹弓_41~50,500,0,0,0,306160,40004,1,,,0,0,0,0,0,0,0,0,0,0,0,791,791,0,0,0,0,0,0,0,0,72,0,0,0,0,0,0,15,0,0
6615,6600,15,弹弓_41~50,400,0,0,0,328030,40004,1,,,0,0,0,0,0,0,0,0,0,0,0,897,897,0,0,0,0,0,0,0,0,84,0,0,0,0,0,0,17,0,0
6651,6650,1,弹弓_51~60,10000,0,0,0,21870,40004,1,,,0,0,0,0,0,0,0,0,0,0,0,21,21,0,0,0,0,0,0,0,0,0,0,0,0,0,0,0,0,0,0
6652,6650,2,弹弓_51~60,9000,9500,10000,0,43740,40004,1,,,0,0,0,0,0,0,0,0,0,0,0,42,42,0,0,0,0,0,0,0,0,0,0,0,0,0,0,0,0,0,0
6653,6650,3,弹弓_51~60,7500,8500,10000,0,65610,40004,1,,,0,0,0,0,0,0,0,0,0,0,0,63,63,0,0,0,0,0,0,0,0,0,0,0,0,0,0,0,0,0,0
6654,6650,4,弹弓_51~60,6000,7500,10000,0,87470,40004,1,,,0,0,0,0,0,0,0,0,0,0,0,107,107,0,0,0,0,0,0,0,0,0,0,0,0,0,0,0,0,0,0
6655,6650,5,弹弓_51~60,4500,6500,10000,0,109340,40004,1,,,0,0,0,0,0,0,0,0,0,0,0,151,151,0,0,0,0,0,0,0,0,0,0,0,0,0,0,0,0,0,0
6656,6650,6,弹弓_51~60,3500,5500,10000,0,131210,40004,1,,,0,0,0,0,0,0,0,0,0,0,0,195,195,0,0,0,0,0,0,0,0,0,0,0,0,0,0,0,0,0,0
6657,6650,7,弹弓_51~60,2500,4500,10000,0,153080,40004,1,,,0,0,0,0,0,0,0,0,0,0,0,264,264,0,0,0,0,0,0,0,0,0,0,0,0,0,0,0,0,0,0
6658,6650,8,弹弓_51~60,1500,3500,0,10000,174950,40004,1,,,0,0,0,0,0,0,0,0,0,0,0,333,333,0,0,0,0,0,0,0,0,12,0,0,0,0,0,0,3,0,0
6659,6650,9,弹弓_51~60,1000,2500,0,10000,196820,40004,1,,,0,0,0,0,0,0,0,0,0,0,0,402,402,0,0,0,0,0,0,0,0,24,0,0,0,0,0,0,5,0,0
6660,6650,10,弹弓_51~60,900,1500,0,9000,218680,40004,1,,,0,0,0,0,0,0,0,0,0,0,0,498,498,0,0,0,0,0,0,0,0,37,0,0,0,0,0,0,7,0,0
6661,6650,11,弹弓_51~60,800,0,0,0,240550,40004,1,,,0,0,0,0,0,0,0,0,0,0,0,594,594,0,0,0,0,0,0,0,0,50,0,0,0,0,0,0,9,0,0
6662,6650,12,弹弓_51~60,700,0,0,0,262420,40004,1,,,0,0,0,0,0,0,0,0,0,0,0,690,690,0,0,0,0,0,0,0,0,62,0,0,0,0,0,0,11,0,0
6663,6650,13,弹弓_51~60,600,0,0,0,284290,40004,1,,,0,0,0,0,0,0,0,0,0,0,0,817,817,0,0,0,0,0,0,0,0,74,0,0,0,0,0,0,13,0,0
6664,6650,14,弹弓_51~60,500,0,0,0,306160,40004,1,,,0,0,0,0,0,0,0,0,0,0,0,944,944,0,0,0,0,0,0,0,0,86,0,0,0,0,0,0,15,0,0
6665,6650,15,弹弓_51~60,400,0,0,0,328030,40004,1,,,0,0,0,0,0,0,0,0,0,0,0,1071,1071,0,0,0,0,0,0,0,0,101,0,0,0,0,0,0,17,0,0
6701,6700,1,弹弓_61~70,10000,0,0,0,21870,40004,1,,,0,0,0,0,0,0,0,0,0,0,0,0,0,0,0,0,0,0,0,0,0,0,0,0,0,0,0,0,0,0,0
6702,6700,2,弹弓_61~70,9000,9500,10000,0,43740,40004,1,,,0,0,0,0,0,0,0,0,0,0,0,0,0,0,0,0,0,0,0,0,0,0,0,0,0,0,0,0,0,0,0
6703,6700,3,弹弓_61~70,7500,8500,10000,0,65610,40004,1,,,0,0,0,0,0,0,0,0,0,0,0,0,0,0,0,0,0,0,0,0,0,0,0,0,0,0,0,0,0,0,0
6704,6700,4,弹弓_61~70,6000,7500,10000,0,87470,40004,1,,,0,0,0,0,0,0,0,0,0,0,0,0,0,0,0,0,0,0,0,0,0,0,0,0,0,0,0,0,0,0,0
6705,6700,5,弹弓_61~70,4500,6500,10000,0,109340,40004,1,,,0,0,0,0,0,0,0,0,0,0,0,0,0,0,0,0,0,0,0,0,0,0,0,0,0,0,0,0,0,0,0
6706,6700,6,弹弓_61~70,3500,5500,10000,0,131210,40004,1,,,0,0,0,0,0,0,0,0,0,0,0,0,0,0,0,0,0,0,0,0,0,0,0,0,0,0,0,0,0,0,0
6707,6700,7,弹弓_61~70,2500,4500,10000,0,153080,40004,1,,,0,0,0,0,0,0,0,0,0,0,0,0,0,0,0,0,0,0,0,0,0,0,0,0,0,0,0,0,0,0,0
6708,6700,8,弹弓_61~70,1500,3500,0,10000,174950,40004,1,,,0,0,0,0,0,0,0,0,0,0,0,0,0,0,0,0,0,0,0,0,0,14,0,0,0,0,0,0,3,0,0
6709,6700,9,弹弓_61~70,1000,2500,0,10000,196820,40004,1,,,0,0,0,0,0,0,0,0,0,0,0,0,0,0,0,0,0,0,0,0,0,29,0,0,0,0,0,0,5,0,0
6710,6700,10,弹弓_61~70,900,1500,0,9000,218680,40004,1,,,0,0,0,0,0,0,0,0,0,0,0,0,0,0,0,0,0,0,0,0,0,44,0,0,0,0,0,0,7,0,0
6711,6700,11,弹弓_61~70,800,0,0,0,240550,40004,1,,,0,0,0,0,0,0,0,0,0,0,0,0,0,0,0,0,0,0,0,0,0,60,0,0,0,0,0,0,9,0,0
6712,6700,12,弹弓_61~70,700,0,0,0,262420,40004,1,,,0,0,0,0,0,0,0,0,0,0,0,0,0,0,0,0,0,0,0,0,0,74,0,0,0,0,0,0,11,0,0
6713,6700,13,弹弓_61~70,600,0,0,0,284290,40004,1,,,0,0,0,0,0,0,0,0,0,0,0,0,0,0,0,0,0,0,0,0,0,89,0,0,0,0,0,0,13,0,0
6714,6700,14,弹弓_61~70,500,0,0,0,306160,40004,1,,,0,0,0,0,0,0,0,0,0,0,0,0,0,0,0,0,0,0,0,0,0,103,0,0,0,0,0,0,15,0,0
6715,6700,15,弹弓_61~70,400,0,0,0,328030,40004,1,,,0,0,0,0,0,0,0,0,0,0,0,0,0,0,0,0,0,0,0,0,0,121,0,0,0,0,0,0,17,0,0
7301,7300,1,天体_1~10,10000,0,0,0,100,40000,1,,,0,0,0,0,0,0,0,0,0,0,0,0,0,4,4,0,0,0,0,0,0,0,0,0,0,0,0,0,0,0,0
7302,7300,2,天体_1~10,9000,9500,10000,0,200,40000,1,,,0,0,0,0,0,0,0,0,0,0,0,0,0,8,8,0,0,0,0,0,0,0,0,0,0,0,0,0,0,0,0
7303,7300,3,天体_1~10,7500,8500,10000,0,300,40000,1,,,0,0,0,0,0,0,0,0,0,0,0,0,0,12,12,0,0,0,0,0,0,0,0,0,0,0,0,0,0,0,0
7304,7300,4,天体_1~10,6000,7500,10000,0,400,40000,1,,,0,0,0,0,0,0,0,0,0,0,0,0,0,19,19,0,0,0,0,0,0,0,0,0,0,0,0,0,0,0,0
7305,7300,5,天体_1~10,4500,6500,10000,0,500,40000,1,,,0,0,0,0,0,0,0,0,0,0,0,0,0,26,26,0,0,0,0,0,0,0,0,0,0,0,0,0,0,0,0
7306,7300,6,天体_1~10,3500,5500,10000,0,600,40000,1,,,0,0,0,0,0,0,0,0,0,0,0,0,0,33,33,0,0,0,0,0,0,0,0,0,0,0,0,0,0,0,0
7307,7300,7,天体_1~10,2500,4500,10000,0,700,40000,1,,,0,0,0,0,0,0,0,0,0,0,0,0,0,45,45,0,0,0,0,0,0,0,0,0,0,0,0,0,0,0,0
7308,7300,8,天体_1~10,1500,3500,0,10000,800,40000,1,,,0,0,0,0,0,0,0,0,0,0,0,0,0,57,57,0,0,0,0,0,0,5,0,0,0,0,0,0,3,0,0
7309,7300,9,天体_1~10,1000,2500,0,10000,900,40000,1,,,0,0,0,0,0,0,0,0,0,0,0,0,0,69,69,0,0,0,0,0,0,10,0,0,0,0,0,0,5,0,0
7310,7300,10,天体_1~10,900,1500,0,9000,1000,40000,1,,,0,0,0,0,0,0,0,0,0,0,0,0,0,85,85,0,0,0,0,0,0,15,0,0,0,0,0,0,7,0,0
7311,7300,11,天体_1~10,800,0,0,0,1100,40000,1,,,0,0,0,0,0,0,0,0,0,0,0,0,0,101,101,0,0,0,0,0,0,20,0,0,0,0,0,0,9,0,0
7312,7300,12,天体_1~10,700,0,0,0,1200,40000,1,,,0,0,0,0,0,0,0,0,0,0,0,0,0,117,117,0,0,0,0,0,0,25,0,0,0,0,0,0,11,0,0
7313,7300,13,天体_1~10,600,0,0,0,1300,40000,1,,,0,0,0,0,0,0,0,0,0,0,0,0,0,138,138,0,0,0,0,0,0,30,0,0,0,0,0,0,13,0,0
7314,7300,14,天体_1~10,500,0,0,0,1400,40000,1,,,0,0,0,0,0,0,0,0,0,0,0,0,0,159,159,0,0,0,0,0,0,35,0,0,0,0,0,0,15,0,0
7315,7300,15,天体_1~10,400,0,0,0,1500,40000,1,,,0,0,0,0,0,0,0,0,0,0,0,0,0,180,180,0,0,0,0,0,0,40,0,0,0,0,0,0,17,0,0
7351,7350,1,天体_11~20,10000,0,0,0,1340,40001,1,,,0,0,0,0,0,0,0,0,0,0,0,0,0,7,7,0,0,0,0,0,0,0,0,0,0,0,0,0,0,0,0
7352,7350,2,天体_11~20,9000,9500,10000,0,2690,40001,1,,,0,0,0,0,0,0,0,0,0,0,0,0,0,14,14,0,0,0,0,0,0,0,0,0,0,0,0,0,0,0,0
7353,7350,3,天体_11~20,7500,8500,10000,0,4030,40001,1,,,0,0,0,0,0,0,0,0,0,0,0,0,0,21,21,0,0,0,0,0,0,0,0,0,0,0,0,0,0,0,0
7354,7350,4,天体_11~20,6000,7500,10000,0,5370,40001,1,,,0,0,0,0,0,0,0,0,0,0,0,0,0,36,36,0,0,0,0,0,0,0,0,0,0,0,0,0,0,0,0
7355,7350,5,天体_11~20,4500,6500,10000,0,6710,40001,1,,,0,0,0,0,0,0,0,0,0,0,0,0,0,51,51,0,0,0,0,0,0,0,0,0,0,0,0,0,0,0,0
7356,7350,6,天体_11~20,3500,5500,10000,0,8060,40001,1,,,0,0,0,0,0,0,0,0,0,0,0,0,0,66,66,0,0,0,0,0,0,0,0,0,0,0,0,0,0,0,0
7357,7350,7,天体_11~20,2500,4500,10000,0,9400,40001,1,,,0,0,0,0,0,0,0,0,0,0,0,0,0,89,89,0,0,0,0,0,0,0,0,0,0,0,0,0,0,0,0
7358,7350,8,天体_11~20,1500,3500,0,10000,10740,40001,1,,,0,0,0,0,0,0,0,0,0,0,0,0,0,112,112,0,0,0,0,0,0,6,0,0,0,0,0,0,3,0,0
7359,7350,9,天体_11~20,1000,2500,0,10000,12090,40001,1,,,0,0,0,0,0,0,0,0,0,0,0,0,0,135,135,0,0,0,0,0,0,12,0,0,0,0,0,0,5,0,0
7360,7350,10,天体_11~20,900,1500,0,9000,13430,40001,1,,,0,0,0,0,0,0,0,0,0,0,0,0,0,167,167,0,0,0,0,0,0,18,0,0,0,0,0,0,7,0,0
7361,7350,11,天体_11~20,800,0,0,0,14770,40001,1,,,0,0,0,0,0,0,0,0,0,0,0,0,0,199,199,0,0,0,0,0,0,24,0,0,0,0,0,0,9,0,0
7362,7350,12,天体_11~20,700,0,0,0,16110,40001,1,,,0,0,0,0,0,0,0,0,0,0,0,0,0,231,231,0,0,0,0,0,0,30,0,0,0,0,0,0,11,0,0
7363,7350,13,天体_11~20,600,0,0,0,17460,40001,1,,,0,0,0,0,0,0,0,0,0,0,0,0,0,273,273,0,0,0,0,0,0,36,0,0,0,0,0,0,13,0,0
7364,7350,14,天体_11~20,500,0,0,0,18800,40001,1,,,0,0,0,0,0,0,0,0,0,0,0,0,0,315,315,0,0,0,0,0,0,42,0,0,0,0,0,0,15,0,0
7365,7350,15,天体_11~20,400,0,0,0,20140,40001,1,,,0,0,0,0,0,0,0,0,0,0,0,0,0,357,357,0,0,0,0,0,0,48,0,0,0,0,0,0,17,0,0
7401,7400,1,天体_21~30,10000,0,0,0,6350,40002,1,,,0,0,0,0,0,0,0,0,0,0,0,0,0,11,11,0,0,0,0,0,0,0,0,0,0,0,0,0,0,0,0
7402,7400,2,天体_21~30,9000,9500,10000,0,12710,40002,1,,,0,0,0,0,0,0,0,0,0,0,0,0,0,22,22,0,0,0,0,0,0,0,0,0,0,0,0,0,0,0,0
7403,7400,3,天体_21~30,7500,8500,10000,0,19060,40002,1,,,0,0,0,0,0,0,0,0,0,0,0,0,0,33,33,0,0,0,0,0,0,0,0,0,0,0,0,0,0,0,0
7404,7400,4,天体_21~30,6000,7500,10000,0,25420,40002,1,,,0,0,0,0,0,0,0,0,0,0,0,0,0,55,55,0,0,0,0,0,0,0,0,0,0,0,0,0,0,0,0
7405,7400,5,天体_21~30,4500,6500,10000,0,31770,40002,1,,,0,0,0,0,0,0,0,0,0,0,0,0,0,77,77,0,0,0,0,0,0,0,0,0,0,0,0,0,0,0,0
7406,7400,6,天体_21~30,3500,5500,10000,0,38120,40002,1,,,0,0,0,0,0,0,0,0,0,0,0,0,0,99,99,0,0,0,0,0,0,0,0,0,0,0,0,0,0,0,0
7407,7400,7,天体_21~30,2500,4500,10000,0,44480,40002,1,,,0,0,0,0,0,0,0,0,0,0,0,0,0,134,134,0,0,0,0,0,0,0,0,0,0,0,0,0,0,0,0
7408,7400,8,天体_21~30,1500,3500,0,10000,50830,40002,1,,,0,0,0,0,0,0,0,0,0,0,0,0,0,169,169,0,0,0,0,0,0,7,0,0,0,0,0,0,3,0,0
7409,7400,9,天体_21~30,1000,2500,0,10000,57190,40002,1,,,0,0,0,0,0,0,0,0,0,0,0,0,0,204,204,0,0,0,0,0,0,14,0,0,0,0,0,0,5,0,0
7410,7400,10,天体_21~30,900,1500,0,9000,63540,40002,1,,,0,0,0,0,0,0,0,0,0,0,0,0,0,252,252,0,0,0,0,0,0,22,0,0,0,0,0,0,7,0,0
7411,7400,11,天体_21~30,800,0,0,0,69890,40002,1,,,0,0,0,0,0,0,0,0,0,0,0,0,0,300,300,0,0,0,0,0,0,29,0,0,0,0,0,0,9,0,0
7412,7400,12,天体_21~30,700,0,0,0,76250,40002,1,,,0,0,0,0,0,0,0,0,0,0,0,0,0,348,348,0,0,0,0,0,0,36,0,0,0,0,0,0,11,0,0
7413,7400,13,天体_21~30,600,0,0,0,82600,40002,1,,,0,0,0,0,0,0,0,0,0,0,0,0,0,411,411,0,0,0,0,0,0,43,0,0,0,0,0,0,13,0,0
7414,7400,14,天体_21~30,500,0,0,0,88960,40002,1,,,0,0,0,0,0,0,0,0,0,0,0,0,0,474,474,0,0,0,0,0,0,50,0,0,0,0,0,0,15,0,0
7415,7400,15,天体_21~30,400,0,0,0,95310,40002,1,,,0,0,0,0,0,0,0,0,0,0,0,0,0,537,537,0,0,0,0,0,0,58,0,0,0,0,0,0,17,0,0
7451,7450,1,天体_31~40,10000,0,0,0,18600,40003,1,,,0,0,0,0,0,0,0,0,0,0,0,0,0,14,14,0,0,0,0,0,0,0,0,0,0,0,0,0,0,0,0
7452,7450,2,天体_31~40,9000,9500,10000,0,37190,40003,1,,,0,0,0,0,0,0,0,0,0,0,0,0,0,28,28,0,0,0,0,0,0,0,0,0,0,0,0,0,0,0,0
7453,7450,3,天体_31~40,7500,8500,10000,0,55790,40003,1,,,0,0,0,0,0,0,0,0,0,0,0,0,0,42,42,0,0,0,0,0,0,0,0,0,0,0,0,0,0,0,0
7454,7450,4,天体_31~40,6000,7500,10000,0,74390,40003,1,,,0,0,0,0,0,0,0,0,0,0,0,0,0,71,71,0,0,0,0,0,0,0,0,0,0,0,0,0,0,0,0
7455,7450,5,天体_31~40,4500,6500,10000,0,92980,40003,1,,,0,0,0,0,0,0,0,0,0,0,0,0,0,100,100,0,0,0,0,0,0,0,0,0,0,0,0,0,0,0,0
7456,7450,6,天体_31~40,3500,5500,10000,0,111580,40003,1,,,0,0,0,0,0,0,0,0,0,0,0,0,0,129,129,0,0,0,0,0,0,0,0,0,0,0,0,0,0,0,0
7457,7450,7,天体_31~40,2500,4500,10000,0,130180,40003,1,,,0,0,0,0,0,0,0,0,0,0,0,0,0,175,175,0,0,0,0,0,0,0,0,0,0,0,0,0,0,0,0
7458,7450,8,天体_31~40,1500,3500,0,10000,148770,40003,1,,,0,0,0,0,0,0,0,0,0,0,0,0,0,221,221,0,0,0,0,0,0,8,0,0,0,0,0,0,3,0,0
7459,7450,9,天体_31~40,1000,2500,0,10000,167370,40003,1,,,0,0,0,0,0,0,0,0,0,0,0,0,0,267,267,0,0,0,0,0,0,17,0,0,0,0,0,0,5,0,0
7460,7450,10,天体_31~40,900,1500,0,9000,185970,40003,1,,,0,0,0,0,0,0,0,0,0,0,0,0,0,331,331,0,0,0,0,0,0,26,0,0,0,0,0,0,7,0,0
7461,7450,11,天体_31~40,800,0,0,0,204560,40003,1,,,0,0,0,0,0,0,0,0,0,0,0,0,0,395,395,0,0,0,0,0,0,35,0,0,0,0,0,0,9,0,0
7462,7450,12,天体_31~40,700,0,0,0,223160,40003,1,,,0,0,0,0,0,0,0,0,0,0,0,0,0,459,459,0,0,0,0,0,0,43,0,0,0,0,0,0,11,0,0
7463,7450,13,天体_31~40,600,0,0,0,241760,40003,1,,,0,0,0,0,0,0,0,0,0,0,0,0,0,543,543,0,0,0,0,0,0,52,0,0,0,0,0,0,13,0,0
7464,7450,14,天体_31~40,500,0,0,0,260350,40003,1,,,0,0,0,0,0,0,0,0,0,0,0,0,0,627,627,0,0,0,0,0,0,60,0,0,0,0,0,0,15,0,0
7465,7450,15,天体_31~40,400,0,0,0,278950,40003,1,,,0,0,0,0,0,0,0,0,0,0,0,0,0,711,711,0,0,0,0,0,0,70,0,0,0,0,0,0,17,0,0
7501,7500,1,天体_41~50,10000,0,0,0,21870,40004,1,,,0,0,0,0,0,0,0,0,0,0,0,0,0,18,18,0,0,0,0,0,0,0,0,0,0,0,0,0,0,0,0
7502,7500,2,天体_41~50,9000,9500,10000,0,43740,40004,1,,,0,0,0,0,0,0,0,0,0,0,0,0,0,36,36,0,0,0,0,0,0,0,0,0,0,0,0,0,0,0,0
7503,7500,3,天体_41~50,7500,8500,10000,0,65610,40004,1,,,0,0,0,0,0,0,0,0,0,0,0,0,0,54,54,0,0,0,0,0,0,0,0,0,0,0,0,0,0,0,0
7504,7500,4,天体_41~50,6000,7500,10000,0,87470,40004,1,,,0,0,0,0,0,0,0,0,0,0,0,0,0,91,91,0,0,0,0,0,0,0,0,0,0,0,0,0,0,0,0
7505,7500,5,天体_41~50,4500,6500,10000,0,109340,40004,1,,,0,0,0,0,0,0,0,0,0,0,0,0,0,128,128,0,0,0,0,0,0,0,0,0,0,0,0,0,0,0,0
7506,7500,6,天体_41~50,3500,5500,10000,0,131210,40004,1,,,0,0,0,0,0,0,0,0,0,0,0,0,0,165,165,0,0,0,0,0,0,0,0,0,0,0,0,0,0,0,0
7507,7500,7,天体_41~50,2500,4500,10000,0,153080,40004,1,,,0,0,0,0,0,0,0,0,0,0,0,0,0,223,223,0,0,0,0,0,0,0,0,0,0,0,0,0,0,0,0
7508,7500,8,天体_41~50,1500,3500,0,10000,174950,40004,1,,,0,0,0,0,0,0,0,0,0,0,0,0,0,281,281,0,0,0,0,0,0,10,0,0,0,0,0,0,3,0,0
7509,7500,9,天体_41~50,1000,2500,0,10000,196820,40004,1,,,0,0,0,0,0,0,0,0,0,0,0,0,0,339,339,0,0,0,0,0,0,20,0,0,0,0,0,0,5,0,0
7510,7500,10,天体_41~50,900,1500,0,9000,218680,40004,1,,,0,0,0,0,0,0,0,0,0,0,0,0,0,419,419,0,0,0,0,0,0,31,0,0,0,0,0,0,7,0,0
7511,7500,11,天体_41~50,800,0,0,0,240550,40004,1,,,0,0,0,0,0,0,0,0,0,0,0,0,0,499,499,0,0,0,0,0,0,42,0,0,0,0,0,0,9,0,0
7512,7500,12,天体_41~50,700,0,0,0,262420,40004,1,,,0,0,0,0,0,0,0,0,0,0,0,0,0,579,579,0,0,0,0,0,0,52,0,0,0,0,0,0,11,0,0
7513,7500,13,天体_41~50,600,0,0,0,284290,40004,1,,,0,0,0,0,0,0,0,0,0,0,0,0,0,685,685,0,0,0,0,0,0,62,0,0,0,0,0,0,13,0,0
7514,7500,14,天体_41~50,500,0,0,0,306160,40004,1,,,0,0,0,0,0,0,0,0,0,0,0,0,0,791,791,0,0,0,0,0,0,72,0,0,0,0,0,0,15,0,0
7515,7500,15,天体_41~50,400,0,0,0,328030,40004,1,,,0,0,0,0,0,0,0,0,0,0,0,0,0,897,897,0,0,0,0,0,0,84,0,0,0,0,0,0,17,0,0
7551,7550,1,天体_51~60,10000,0,0,0,21870,40004,1,,,0,0,0,0,0,0,0,0,0,0,0,0,0,21,21,0,0,0,0,0,0,0,0,0,0,0,0,0,0,0,0
7552,7550,2,天体_51~60,9000,9500,10000,0,43740,40004,1,,,0,0,0,0,0,0,0,0,0,0,0,0,0,42,42,0,0,0,0,0,0,0,0,0,0,0,0,0,0,0,0
7553,7550,3,天体_51~60,7500,8500,10000,0,65610,40004,1,,,0,0,0,0,0,0,0,0,0,0,0,0,0,63,63,0,0,0,0,0,0,0,0,0,0,0,0,0,0,0,0
7554,7550,4,天体_51~60,6000,7500,10000,0,87470,40004,1,,,0,0,0,0,0,0,0,0,0,0,0,0,0,107,107,0,0,0,0,0,0,0,0,0,0,0,0,0,0,0,0
7555,7550,5,天体_51~60,4500,6500,10000,0,109340,40004,1,,,0,0,0,0,0,0,0,0,0,0,0,0,0,151,151,0,0,0,0,0,0,0,0,0,0,0,0,0,0,0,0
7556,7550,6,天体_51~60,3500,5500,10000,0,131210,40004,1,,,0,0,0,0,0,0,0,0,0,0,0,0,0,195,195,0,0,0,0,0,0,0,0,0,0,0,0,0,0,0,0
7557,7550,7,天体_51~60,2500,4500,10000,0,153080,40004,1,,,0,0,0,0,0,0,0,0,0,0,0,0,0,264,264,0,0,0,0,0,0,0,0,0,0,0,0,0,0,0,0
7558,7550,8,天体_51~60,1500,3500,0,10000,174950,40004,1,,,0,0,0,0,0,0,0,0,0,0,0,0,0,333,333,0,0,0,0,0,0,12,0,0,0,0,0,0,3,0,0
7559,7550,9,天体_51~60,1000,2500,0,10000,196820,40004,1,,,0,0,0,0,0,0,0,0,0,0,0,0,0,402,402,0,0,0,0,0,0,24,0,0,0,0,0,0,5,0,0
7560,7550,10,天体_51~60,900,1500,0,9000,218680,40004,1,,,0,0,0,0,0,0,0,0,0,0,0,0,0,498,498,0,0,0,0,0,0,37,0,0,0,0,0,0,7,0,0
7561,7550,11,天体_51~60,800,0,0,0,240550,40004,1,,,0,0,0,0,0,0,0,0,0,0,0,0,0,594,594,0,0,0,0,0,0,50,0,0,0,0,0,0,9,0,0
7562,7550,12,天体_51~60,700,0,0,0,262420,40004,1,,,0,0,0,0,0,0,0,0,0,0,0,0,0,690,690,0,0,0,0,0,0,62,0,0,0,0,0,0,11,0,0
7563,7550,13,天体_51~60,600,0,0,0,284290,40004,1,,,0,0,0,0,0,0,0,0,0,0,0,0,0,817,817,0,0,0,0,0,0,74,0,0,0,0,0,0,13,0,0
7564,7550,14,天体_51~60,500,0,0,0,306160,40004,1,,,0,0,0,0,0,0,0,0,0,0,0,0,0,944,944,0,0,0,0,0,0,86,0,0,0,0,0,0,15,0,0
7565,7550,15,天体_51~60,400,0,0,0,328030,40004,1,,,0,0,0,0,0,0,0,0,0,0,0,0,0,1071,1071,0,0,0,0,0,0,101,0,0,0,0,0,0,17,0,0
7601,7600,1,天体_61~70,10000,0,0,0,21870,40004,1,,,0,0,0,0,0,0,0,0,0,0,0,0,0,0,0,0,0,0,0,0,0,0,0,0,0,0,0,0,0,0,0
7602,7600,2,天体_61~70,9000,9500,10000,0,43740,40004,1,,,0,0,0,0,0,0,0,0,0,0,0,0,0,0,0,0,0,0,0,0,0,0,0,0,0,0,0,0,0,0,0
7603,7600,3,天体_61~70,7500,8500,10000,0,65610,40004,1,,,0,0,0,0,0,0,0,0,0,0,0,0,0,0,0,0,0,0,0,0,0,0,0,0,0,0,0,0,0,0,0
7604,7600,4,天体_61~70,6000,7500,10000,0,87470,40004,1,,,0,0,0,0,0,0,0,0,0,0,0,0,0,0,0,0,0,0,0,0,0,0,0,0,0,0,0,0,0,0,0
7605,7600,5,天体_61~70,4500,6500,10000,0,109340,40004,1,,,0,0,0,0,0,0,0,0,0,0,0,0,0,0,0,0,0,0,0,0,0,0,0,0,0,0,0,0,0,0,0
7606,7600,6,天体_61~70,3500,5500,10000,0,131210,40004,1,,,0,0,0,0,0,0,0,0,0,0,0,0,0,0,0,0,0,0,0,0,0,0,0,0,0,0,0,0,0,0,0
7607,7600,7,天体_61~70,2500,4500,10000,0,153080,40004,1,,,0,0,0,0,0,0,0,0,0,0,0,0,0,0,0,0,0,0,0,0,0,0,0,0,0,0,0,0,0,0,0
7608,7600,8,天体_61~70,1500,3500,0,10000,174950,40004,1,,,0,0,0,0,0,0,0,0,0,0,0,0,0,0,0,0,0,0,0,0,0,14,0,0,0,0,0,0,3,0,0
7609,7600,9,天体_61~70,1000,2500,0,10000,196820,40004,1,,,0,0,0,0,0,0,0,0,0,0,0,0,0,0,0,0,0,0,0,0,0,29,0,0,0,0,0,0,5,0,0
7610,7600,10,天体_61~70,900,1500,0,9000,218680,40004,1,,,0,0,0,0,0,0,0,0,0,0,0,0,0,0,0,0,0,0,0,0,0,44,0,0,0,0,0,0,7,0,0
7611,7600,11,天体_61~70,800,0,0,0,240550,40004,1,,,0,0,0,0,0,0,0,0,0,0,0,0,0,0,0,0,0,0,0,0,0,60,0,0,0,0,0,0,9,0,0
7612,7600,12,天体_61~70,700,0,0,0,262420,40004,1,,,0,0,0,0,0,0,0,0,0,0,0,0,0,0,0,0,0,0,0,0,0,74,0,0,0,0,0,0,11,0,0
7613,7600,13,天体_61~70,600,0,0,0,284290,40004,1,,,0,0,0,0,0,0,0,0,0,0,0,0,0,0,0,0,0,0,0,0,0,89,0,0,0,0,0,0,13,0,0
7614,7600,14,天体_61~70,500,0,0,0,306160,40004,1,,,0,0,0,0,0,0,0,0,0,0,0,0,0,0,0,0,0,0,0,0,0,103,0,0,0,0,0,0,15,0,0
7615,7600,15,天体_61~70,400,0,0,0,328030,40004,1,,,0,0,0,0,0,0,0,0,0,0,0,0,0,0,0,0,0,0,0,0,0,121,0,0,0,0,0,0,17,0,0
8201,8200,1,马坦枪_1~10,10000,0,0,0,100,40000,1,,,0,0,0,0,0,0,0,0,0,0,0,0,0,4,4,0,0,0,0,0,0,0,0,0,0,0,0,0,0,0,0
8202,8200,2,马坦枪_1~10,9000,9500,10000,0,200,40000,1,,,0,0,0,0,0,0,0,0,0,0,0,0,0,8,8,0,0,0,0,0,0,0,0,0,0,0,0,0,0,0,0
8203,8200,3,马坦枪_1~10,7500,8500,10000,0,300,40000,1,,,0,0,0,0,0,0,0,0,0,0,0,0,0,12,12,0,0,0,0,0,0,0,0,0,0,0,0,0,0,0,0
8204,8200,4,马坦枪_1~10,6000,7500,10000,0,400,40000,1,,,0,0,0,0,0,0,0,0,0,0,0,0,0,19,19,0,0,0,0,0,0,0,0,0,0,0,0,0,0,0,0
8205,8200,5,马坦枪_1~10,4500,6500,10000,0,500,40000,1,,,0,0,0,0,0,0,0,0,0,0,0,0,0,26,26,0,0,0,0,0,0,0,0,0,0,0,0,0,0,0,0
8206,8200,6,马坦枪_1~10,3500,5500,10000,0,600,40000,1,,,0,0,0,0,0,0,0,0,0,0,0,0,0,33,33,0,0,0,0,0,0,0,0,0,0,0,0,0,0,0,0
8207,8200,7,马坦枪_1~10,2500,4500,10000,0,700,40000,1,,,0,0,0,0,0,0,0,0,0,0,0,0,0,45,45,0,0,0,0,0,0,0,0,0,0,0,0,0,0,0,0
8208,8200,8,马坦枪_1~10,1500,3500,0,10000,800,40000,1,,,0,0,0,0,0,0,0,0,0,0,0,0,0,57,57,0,0,0,0,0,0,5,0,0,0,0,0,0,3,0,0
8209,8200,9,马坦枪_1~10,1000,2500,0,10000,900,40000,1,,,0,0,0,0,0,0,0,0,0,0,0,0,0,69,69,0,0,0,0,0,0,10,0,0,0,0,0,0,5,0,0
8210,8200,10,马坦枪_1~10,900,1500,0,9000,1000,40000,1,,,0,0,0,0,0,0,0,0,0,0,0,0,0,85,85,0,0,0,0,0,0,15,0,0,0,0,0,0,7,0,0
8211,8200,11,马坦枪_1~10,800,0,0,0,1100,40000,1,,,0,0,0,0,0,0,0,0,0,0,0,0,0,101,101,0,0,0,0,0,0,20,0,0,0,0,0,0,9,0,0
8212,8200,12,马坦枪_1~10,700,0,0,0,1200,40000,1,,,0,0,0,0,0,0,0,0,0,0,0,0,0,117,117,0,0,0,0,0,0,25,0,0,0,0,0,0,11,0,0
8213,8200,13,马坦枪_1~10,600,0,0,0,1300,40000,1,,,0,0,0,0,0,0,0,0,0,0,0,0,0,138,138,0,0,0,0,0,0,30,0,0,0,0,0,0,13,0,0
8214,8200,14,马坦枪_1~10,500,0,0,0,1400,40000,1,,,0,0,0,0,0,0,0,0,0,0,0,0,0,159,159,0,0,0,0,0,0,35,0,0,0,0,0,0,15,0,0
8215,8200,15,马坦枪_1~10,400,0,0,0,1500,40000,1,,,0,0,0,0,0,0,0,0,0,0,0,0,0,180,180,0,0,0,0,0,0,40,0,0,0,0,0,0,17,0,0
8251,8250,1,马坦枪_11~20,10000,0,0,0,1340,40001,1,,,0,0,0,0,0,0,0,0,0,0,0,0,0,7,7,0,0,0,0,0,0,0,0,0,0,0,0,0,0,0,0
8252,8250,2,马坦枪_11~20,9000,9500,10000,0,2690,40001,1,,,0,0,0,0,0,0,0,0,0,0,0,0,0,14,14,0,0,0,0,0,0,0,0,0,0,0,0,0,0,0,0
8253,8250,3,马坦枪_11~20,7500,8500,10000,0,4030,40001,1,,,0,0,0,0,0,0,0,0,0,0,0,0,0,21,21,0,0,0,0,0,0,0,0,0,0,0,0,0,0,0,0
8254,8250,4,马坦枪_11~20,6000,7500,10000,0,5370,40001,1,,,0,0,0,0,0,0,0,0,0,0,0,0,0,36,36,0,0,0,0,0,0,0,0,0,0,0,0,0,0,0,0
8255,8250,5,马坦枪_11~20,4500,6500,10000,0,6710,40001,1,,,0,0,0,0,0,0,0,0,0,0,0,0,0,51,51,0,0,0,0,0,0,0,0,0,0,0,0,0,0,0,0
8256,8250,6,马坦枪_11~20,3500,5500,10000,0,8060,40001,1,,,0,0,0,0,0,0,0,0,0,0,0,0,0,66,66,0,0,0,0,0,0,0,0,0,0,0,0,0,0,0,0
8257,8250,7,马坦枪_11~20,2500,4500,10000,0,9400,40001,1,,,0,0,0,0,0,0,0,0,0,0,0,0,0,89,89,0,0,0,0,0,0,0,0,0,0,0,0,0,0,0,0
8258,8250,8,马坦枪_11~20,1500,3500,0,10000,10740,40001,1,,,0,0,0,0,0,0,0,0,0,0,0,0,0,112,112,0,0,0,0,0,0,6,0,0,0,0,0,0,3,0,0
8259,8250,9,马坦枪_11~20,1000,2500,0,10000,12090,40001,1,,,0,0,0,0,0,0,0,0,0,0,0,0,0,135,135,0,0,0,0,0,0,12,0,0,0,0,0,0,5,0,0
8260,8250,10,马坦枪_11~20,900,1500,0,9000,13430,40001,1,,,0,0,0,0,0,0,0,0,0,0,0,0,0,167,167,0,0,0,0,0,0,18,0,0,0,0,0,0,7,0,0
8261,8250,11,马坦枪_11~20,800,0,0,0,14770,40001,1,,,0,0,0,0,0,0,0,0,0,0,0,0,0,199,199,0,0,0,0,0,0,24,0,0,0,0,0,0,9,0,0
8262,8250,12,马坦枪_11~20,700,0,0,0,16110,40001,1,,,0,0,0,0,0,0,0,0,0,0,0,0,0,231,231,0,0,0,0,0,0,30,0,0,0,0,0,0,11,0,0
8263,8250,13,马坦枪_11~20,600,0,0,0,17460,40001,1,,,0,0,0,0,0,0,0,0,0,0,0,0,0,273,273,0,0,0,0,0,0,36,0,0,0,0,0,0,13,0,0
8264,8250,14,马坦枪_11~20,500,0,0,0,18800,40001,1,,,0,0,0,0,0,0,0,0,0,0,0,0,0,315,315,0,0,0,0,0,0,42,0,0,0,0,0,0,15,0,0
8265,8250,15,马坦枪_11~20,400,0,0,0,20140,40001,1,,,0,0,0,0,0,0,0,0,0,0,0,0,0,357,357,0,0,0,0,0,0,48,0,0,0,0,0,0,17,0,0
8301,8300,1,马坦枪_21~30,10000,0,0,0,6350,40002,1,,,0,0,0,0,0,0,0,0,0,0,0,0,0,11,11,0,0,0,0,0,0,0,0,0,0,0,0,0,0,0,0
8302,8300,2,马坦枪_21~30,9000,9500,10000,0,12710,40002,1,,,0,0,0,0,0,0,0,0,0,0,0,0,0,22,22,0,0,0,0,0,0,0,0,0,0,0,0,0,0,0,0
8303,8300,3,马坦枪_21~30,7500,8500,10000,0,19060,40002,1,,,0,0,0,0,0,0,0,0,0,0,0,0,0,33,33,0,0,0,0,0,0,0,0,0,0,0,0,0,0,0,0
8304,8300,4,马坦枪_21~30,6000,7500,10000,0,25420,40002,1,,,0,0,0,0,0,0,0,0,0,0,0,0,0,55,55,0,0,0,0,0,0,0,0,0,0,0,0,0,0,0,0
8305,8300,5,马坦枪_21~30,4500,6500,10000,0,31770,40002,1,,,0,0,0,0,0,0,0,0,0,0,0,0,0,77,77,0,0,0,0,0,0,0,0,0,0,0,0,0,0,0,0
8306,8300,6,马坦枪_21~30,3500,5500,10000,0,38120,40002,1,,,0,0,0,0,0,0,0,0,0,0,0,0,0,99,99,0,0,0,0,0,0,0,0,0,0,0,0,0,0,0,0
8307,8300,7,马坦枪_21~30,2500,4500,10000,0,44480,40002,1,,,0,0,0,0,0,0,0,0,0,0,0,0,0,134,134,0,0,0,0,0,0,0,0,0,0,0,0,0,0,0,0
8308,8300,8,马坦枪_21~30,1500,3500,0,10000,50830,40002,1,,,0,0,0,0,0,0,0,0,0,0,0,0,0,169,169,0,0,0,0,0,0,7,0,0,0,0,0,0,3,0,0
8309,8300,9,马坦枪_21~30,1000,2500,0,10000,57190,40002,1,,,0,0,0,0,0,0,0,0,0,0,0,0,0,204,204,0,0,0,0,0,0,14,0,0,0,0,0,0,5,0,0
8310,8300,10,马坦枪_21~30,900,1500,0,9000,63540,40002,1,,,0,0,0,0,0,0,0,0,0,0,0,0,0,252,252,0,0,0,0,0,0,22,0,0,0,0,0,0,7,0,0
8311,8300,11,马坦枪_21~30,800,0,0,0,69890,40002,1,,,0,0,0,0,0,0,0,0,0,0,0,0,0,300,300,0,0,0,0,0,0,29,0,0,0,0,0,0,9,0,0
8312,8300,12,马坦枪_21~30,700,0,0,0,76250,40002,1,,,0,0,0,0,0,0,0,0,0,0,0,0,0,348,348,0,0,0,0,0,0,36,0,0,0,0,0,0,11,0,0
8313,8300,13,马坦枪_21~30,600,0,0,0,82600,40002,1,,,0,0,0,0,0,0,0,0,0,0,0,0,0,411,411,0,0,0,0,0,0,43,0,0,0,0,0,0,13,0,0
8314,8300,14,马坦枪_21~30,500,0,0,0,88960,40002,1,,,0,0,0,0,0,0,0,0,0,0,0,0,0,474,474,0,0,0,0,0,0,50,0,0,0,0,0,0,15,0,0
8315,8300,15,马坦枪_21~30,400,0,0,0,95310,40002,1,,,0,0,0,0,0,0,0,0,0,0,0,0,0,537,537,0,0,0,0,0,0,58,0,0,0,0,0,0,17,0,0
8351,8350,1,马坦枪_31~40,10000,0,0,0,18600,40003,1,,,0,0,0,0,0,0,0,0,0,0,0,0,0,14,14,0,0,0,0,0,0,0,0,0,0,0,0,0,0,0,0
8352,8350,2,马坦枪_31~40,9000,9500,10000,0,37190,40003,1,,,0,0,0,0,0,0,0,0,0,0,0,0,0,28,28,0,0,0,0,0,0,0,0,0,0,0,0,0,0,0,0
8353,8350,3,马坦枪_31~40,7500,8500,10000,0,55790,40003,1,,,0,0,0,0,0,0,0,0,0,0,0,0,0,42,42,0,0,0,0,0,0,0,0,0,0,0,0,0,0,0,0
8354,8350,4,马坦枪_31~40,6000,7500,10000,0,74390,40003,1,,,0,0,0,0,0,0,0,0,0,0,0,0,0,71,71,0,0,0,0,0,0,0,0,0,0,0,0,0,0,0,0
8355,8350,5,马坦枪_31~40,4500,6500,10000,0,92980,40003,1,,,0,0,0,0,0,0,0,0,0,0,0,0,0,100,100,0,0,0,0,0,0,0,0,0,0,0,0,0,0,0,0
8356,8350,6,马坦枪_31~40,3500,5500,10000,0,111580,40003,1,,,0,0,0,0,0,0,0,0,0,0,0,0,0,129,129,0,0,0,0,0,0,0,0,0,0,0,0,0,0,0,0
8357,8350,7,马坦枪_31~40,2500,4500,10000,0,130180,40003,1,,,0,0,0,0,0,0,0,0,0,0,0,0,0,175,175,0,0,0,0,0,0,0,0,0,0,0,0,0,0,0,0
8358,8350,8,马坦枪_31~40,1500,3500,0,10000,148770,40003,1,,,0,0,0,0,0,0,0,0,0,0,0,0,0,221,221,0,0,0,0,0,0,8,0,0,0,0,0,0,3,0,0
8359,8350,9,马坦枪_31~40,1000,2500,0,10000,167370,40003,1,,,0,0,0,0,0,0,0,0,0,0,0,0,0,267,267,0,0,0,0,0,0,17,0,0,0,0,0,0,5,0,0
8360,8350,10,马坦枪_31~40,900,1500,0,9000,185970,40003,1,,,0,0,0,0,0,0,0,0,0,0,0,0,0,331,331,0,0,0,0,0,0,26,0,0,0,0,0,0,7,0,0
8361,8350,11,马坦枪_31~40,800,0,0,0,204560,40003,1,,,0,0,0,0,0,0,0,0,0,0,0,0,0,395,395,0,0,0,0,0,0,35,0,0,0,0,0,0,9,0,0
8362,8350,12,马坦枪_31~40,700,0,0,0,223160,40003,1,,,0,0,0,0,0,0,0,0,0,0,0,0,0,459,459,0,0,0,0,0,0,43,0,0,0,0,0,0,11,0,0
8363,8350,13,马坦枪_31~40,600,0,0,0,241760,40003,1,,,0,0,0,0,0,0,0,0,0,0,0,0,0,543,543,0,0,0,0,0,0,52,0,0,0,0,0,0,13,0,0
8364,8350,14,马坦枪_31~40,500,0,0,0,260350,40003,1,,,0,0,0,0,0,0,0,0,0,0,0,0,0,627,627,0,0,0,0,0,0,60,0,0,0,0,0,0,15,0,0
8365,8350,15,马坦枪_31~40,400,0,0,0,278950,40003,1,,,0,0,0,0,0,0,0,0,0,0,0,0,0,711,711,0,0,0,0,0,0,70,0,0,0,0,0,0,17,0,0
8401,8400,1,马坦枪_41~50,10000,0,0,0,21870,40004,1,,,0,0,0,0,0,0,0,0,0,0,0,0,0,18,18,0,0,0,0,0,0,0,0,0,0,0,0,0,0,0,0
8402,8400,2,马坦枪_41~50,9000,9500,10000,0,43740,40004,1,,,0,0,0,0,0,0,0,0,0,0,0,0,0,36,36,0,0,0,0,0,0,0,0,0,0,0,0,0,0,0,0
8403,8400,3,马坦枪_41~50,7500,8500,10000,0,65610,40004,1,,,0,0,0,0,0,0,0,0,0,0,0,0,0,54,54,0,0,0,0,0,0,0,0,0,0,0,0,0,0,0,0
8404,8400,4,马坦枪_41~50,6000,7500,10000,0,87470,40004,1,,,0,0,0,0,0,0,0,0,0,0,0,0,0,91,91,0,0,0,0,0,0,0,0,0,0,0,0,0,0,0,0
8405,8400,5,马坦枪_41~50,4500,6500,10000,0,109340,40004,1,,,0,0,0,0,0,0,0,0,0,0,0,0,0,128,128,0,0,0,0,0,0,0,0,0,0,0,0,0,0,0,0
8406,8400,6,马坦枪_41~50,3500,5500,10000,0,131210,40004,1,,,0,0,0,0,0,0,0,0,0,0,0,0,0,165,165,0,0,0,0,0,0,0,0,0,0,0,0,0,0,0,0
8407,8400,7,马坦枪_41~50,2500,4500,10000,0,153080,40004,1,,,0,0,0,0,0,0,0,0,0,0,0,0,0,223,223,0,0,0,0,0,0,0,0,0,0,0,0,0,0,0,0
8408,8400,8,马坦枪_41~50,1500,3500,0,10000,174950,40004,1,,,0,0,0,0,0,0,0,0,0,0,0,0,0,281,281,0,0,0,0,0,0,10,0,0,0,0,0,0,3,0,0
8409,8400,9,马坦枪_41~50,1000,2500,0,10000,196820,40004,1,,,0,0,0,0,0,0,0,0,0,0,0,0,0,339,339,0,0,0,0,0,0,20,0,0,0,0,0,0,5,0,0
8410,8400,10,马坦枪_41~50,900,1500,0,9000,218680,40004,1,,,0,0,0,0,0,0,0,0,0,0,0,0,0,419,419,0,0,0,0,0,0,31,0,0,0,0,0,0,7,0,0
8411,8400,11,马坦枪_41~50,800,0,0,0,240550,40004,1,,,0,0,0,0,0,0,0,0,0,0,0,0,0,499,499,0,0,0,0,0,0,42,0,0,0,0,0,0,9,0,0
8412,8400,12,马坦枪_41~50,700,0,0,0,262420,40004,1,,,0,0,0,0,0,0,0,0,0,0,0,0,0,579,579,0,0,0,0,0,0,52,0,0,0,0,0,0,11,0,0
8413,8400,13,马坦枪_41~50,600,0,0,0,284290,40004,1,,,0,0,0,0,0,0,0,0,0,0,0,0,0,685,685,0,0,0,0,0,0,62,0,0,0,0,0,0,13,0,0
8414,8400,14,马坦枪_41~50,500,0,0,0,306160,40004,1,,,0,0,0,0,0,0,0,0,0,0,0,0,0,791,791,0,0,0,0,0,0,72,0,0,0,0,0,0,15,0,0
8415,8400,15,马坦枪_41~50,400,0,0,0,328030,40004,1,,,0,0,0,0,0,0,0,0,0,0,0,0,0,897,897,0,0,0,0,0,0,84,0,0,0,0,0,0,17,0,0
8451,8450,1,马坦枪_51~60,10000,0,0,0,21870,40004,1,,,0,0,0,0,0,0,0,0,0,0,0,0,0,21,21,0,0,0,0,0,0,0,0,0,0,0,0,0,0,0,0
8452,8450,2,马坦枪_51~60,9000,9500,10000,0,43740,40004,1,,,0,0,0,0,0,0,0,0,0,0,0,0,0,42,42,0,0,0,0,0,0,0,0,0,0,0,0,0,0,0,0
8453,8450,3,马坦枪_51~60,7500,8500,10000,0,65610,40004,1,,,0,0,0,0,0,0,0,0,0,0,0,0,0,63,63,0,0,0,0,0,0,0,0,0,0,0,0,0,0,0,0
8454,8450,4,马坦枪_51~60,6000,7500,10000,0,87470,40004,1,,,0,0,0,0,0,0,0,0,0,0,0,0,0,107,107,0,0,0,0,0,0,0,0,0,0,0,0,0,0,0,0
8455,8450,5,马坦枪_51~60,4500,6500,10000,0,109340,40004,1,,,0,0,0,0,0,0,0,0,0,0,0,0,0,151,151,0,0,0,0,0,0,0,0,0,0,0,0,0,0,0,0
8456,8450,6,马坦枪_51~60,3500,5500,10000,0,131210,40004,1,,,0,0,0,0,0,0,0,0,0,0,0,0,0,195,195,0,0,0,0,0,0,0,0,0,0,0,0,0,0,0,0
8457,8450,7,马坦枪_51~60,2500,4500,10000,0,153080,40004,1,,,0,0,0,0,0,0,0,0,0,0,0,0,0,264,264,0,0,0,0,0,0,0,0,0,0,0,0,0,0,0,0
8458,8450,8,马坦枪_51~60,1500,3500,0,10000,174950,40004,1,,,0,0,0,0,0,0,0,0,0,0,0,0,0,333,333,0,0,0,0,0,0,12,0,0,0,0,0,0,3,0,0
8459,8450,9,马坦枪_51~60,1000,2500,0,10000,196820,40004,1,,,0,0,0,0,0,0,0,0,0,0,0,0,0,402,402,0,0,0,0,0,0,24,0,0,0,0,0,0,5,0,0
8460,8450,10,马坦枪_51~60,900,1500,0,9000,218680,40004,1,,,0,0,0,0,0,0,0,0,0,0,0,0,0,498,498,0,0,0,0,0,0,37,0,0,0,0,0,0,7,0,0
8461,8450,11,马坦枪_51~60,800,0,0,0,240550,40004,1,,,0,0,0,0,0,0,0,0,0,0,0,0,0,594,594,0,0,0,0,0,0,50,0,0,0,0,0,0,9,0,0
8462,8450,12,马坦枪_51~60,700,0,0,0,262420,40004,1,,,0,0,0,0,0,0,0,0,0,0,0,0,0,690,690,0,0,0,0,0,0,62,0,0,0,0,0,0,11,0,0
8463,8450,13,马坦枪_51~60,600,0,0,0,284290,40004,1,,,0,0,0,0,0,0,0,0,0,0,0,0,0,817,817,0,0,0,0,0,0,74,0,0,0,0,0,0,13,0,0
8464,8450,14,马坦枪_51~60,500,0,0,0,306160,40004,1,,,0,0,0,0,0,0,0,0,0,0,0,0,0,944,944,0,0,0,0,0,0,86,0,0,0,0,0,0,15,0,0
8465,8450,15,马坦枪_51~60,400,0,0,0,328030,40004,1,,,0,0,0,0,0,0,0,0,0,0,0,0,0,1071,1071,0,0,0,0,0,0,101,0,0,0,0,0,0,17,0,0
8501,8500,1,马坦枪_61~70,10000,0,0,0,21870,40004,1,,,0,0,0,0,0,0,0,0,0,0,0,0,0,0,0,0,0,0,0,0,0,0,0,0,0,0,0,0,0,0,0
8502,8500,2,马坦枪_61~70,9000,9500,10000,0,43740,40004,1,,,0,0,0,0,0,0,0,0,0,0,0,0,0,0,0,0,0,0,0,0,0,0,0,0,0,0,0,0,0,0,0
8503,8500,3,马坦枪_61~70,7500,8500,10000,0,65610,40004,1,,,0,0,0,0,0,0,0,0,0,0,0,0,0,0,0,0,0,0,0,0,0,0,0,0,0,0,0,0,0,0,0
8504,8500,4,马坦枪_61~70,6000,7500,10000,0,87470,40004,1,,,0,0,0,0,0,0,0,0,0,0,0,0,0,0,0,0,0,0,0,0,0,0,0,0,0,0,0,0,0,0,0
8505,8500,5,马坦枪_61~70,4500,6500,10000,0,109340,40004,1,,,0,0,0,0,0,0,0,0,0,0,0,0,0,0,0,0,0,0,0,0,0,0,0,0,0,0,0,0,0,0,0
8506,8500,6,马坦枪_61~70,3500,5500,10000,0,131210,40004,1,,,0,0,0,0,0,0,0,0,0,0,0,0,0,0,0,0,0,0,0,0,0,0,0,0,0,0,0,0,0,0,0
8507,8500,7,马坦枪_61~70,2500,4500,10000,0,153080,40004,1,,,0,0,0,0,0,0,0,0,0,0,0,0,0,0,0,0,0,0,0,0,0,0,0,0,0,0,0,0,0,0,0
8508,8500,8,马坦枪_61~70,1500,3500,0,10000,174950,40004,1,,,0,0,0,0,0,0,0,0,0,0,0,0,0,0,0,0,0,0,0,0,0,14,0,0,0,0,0,0,3,0,0
8509,8500,9,马坦枪_61~70,1000,2500,0,10000,196820,40004,1,,,0,0,0,0,0,0,0,0,0,0,0,0,0,0,0,0,0,0,0,0,0,29,0,0,0,0,0,0,5,0,0
8510,8500,10,马坦枪_61~70,900,1500,0,9000,218680,40004,1,,,0,0,0,0,0,0,0,0,0,0,0,0,0,0,0,0,0,0,0,0,0,44,0,0,0,0,0,0,7,0,0
8511,8500,11,马坦枪_61~70,800,0,0,0,240550,40004,1,,,0,0,0,0,0,0,0,0,0,0,0,0,0,0,0,0,0,0,0,0,0,60,0,0,0,0,0,0,9,0,0
8512,8500,12,马坦枪_61~70,700,0,0,0,262420,40004,1,,,0,0,0,0,0,0,0,0,0,0,0,0,0,0,0,0,0,0,0,0,0,74,0,0,0,0,0,0,11,0,0
8513,8500,13,马坦枪_61~70,600,0,0,0,284290,40004,1,,,0,0,0,0,0,0,0,0,0,0,0,0,0,0,0,0,0,0,0,0,0,89,0,0,0,0,0,0,13,0,0
8514,8500,14,马坦枪_61~70,500,0,0,0,306160,40004,1,,,0,0,0,0,0,0,0,0,0,0,0,0,0,0,0,0,0,0,0,0,0,103,0,0,0,0,0,0,15,0,0
8515,8500,15,马坦枪_61~70,400,0,0,0,328030,40004,1,,,0,0,0,0,0,0,0,0,0,0,0,0,0,0,0,0,0,0,0,0,0,121,0,0,0,0,0,0,17,0,0
9101,9100,1,单手剑_1~10,10000,0,0,0,100,40000,1,,,0,0,0,0,0,0,0,0,0,0,0,4,4,0,0,0,0,0,0,0,0,0,0,0,0,0,0,0,0,0,0
9102,9100,2,单手剑_1~10,9000,9500,10000,0,200,40000,1,,,0,0,0,0,0,0,0,0,0,0,0,8,8,0,0,0,0,0,0,0,0,0,0,0,0,0,0,0,0,0,0
9103,9100,3,单手剑_1~10,7500,8500,10000,0,300,40000,1,,,0,0,0,0,0,0,0,0,0,0,0,12,12,0,0,0,0,0,0,0,0,0,0,0,0,0,0,0,0,0,0
9104,9100,4,单手剑_1~10,6000,7500,10000,0,400,40000,1,,,0,0,0,0,0,0,0,0,0,0,0,21,21,0,0,0,0,0,0,0,0,0,0,0,0,0,0,0,0,0,0
9105,9100,5,单手剑_1~10,4500,6500,10000,0,500,40000,1,,,0,0,0,0,0,0,0,0,0,0,0,30,30,0,0,0,0,0,0,0,0,0,0,0,0,0,0,0,0,0,0
9106,9100,6,单手剑_1~10,3500,5500,10000,0,600,40000,1,,,0,0,0,0,0,0,0,0,0,0,0,39,39,0,0,0,0,0,0,0,0,0,0,0,0,0,0,0,0,0,0
9107,9100,7,单手剑_1~10,2500,4500,10000,0,700,40000,1,,,0,0,0,0,0,0,0,0,0,0,0,53,53,0,0,0,0,0,0,0,0,0,0,0,0,0,0,0,0,0,0
9108,9100,8,单手剑_1~10,1500,3500,0,10000,800,40000,1,,,0,0,0,0,0,0,0,0,0,0,0,67,67,0,0,0,0,0,0,0,0,5,0,0,0,0,0,0,3,0,0
9109,9100,9,单手剑_1~10,1000,2500,0,10000,900,40000,1,,,0,0,0,0,0,0,0,0,0,0,0,81,81,0,0,0,0,0,0,0,0,10,0,0,0,0,0,0,5,0,0
9110,9100,10,单手剑_1~10,900,1500,0,9000,1000,40000,1,,,0,0,0,0,0,0,0,0,0,0,0,100,100,0,0,0,0,0,0,0,0,15,0,0,0,0,0,0,7,0,0
9111,9100,11,单手剑_1~10,800,0,0,0,1100,40000,1,,,0,0,0,0,0,0,0,0,0,0,0,119,119,0,0,0,0,0,0,0,0,20,0,0,0,0,0,0,9,0,0
9112,9100,12,单手剑_1~10,700,0,0,0,1200,40000,1,,,0,0,0,0,0,0,0,0,0,0,0,138,138,0,0,0,0,0,0,0,0,25,0,0,0,0,0,0,11,0,0
9113,9100,13,单手剑_1~10,600,0,0,0,1300,40000,1,,,0,0,0,0,0,0,0,0,0,0,0,163,163,0,0,0,0,0,0,0,0,30,0,0,0,0,0,0,13,0,0
9114,9100,14,单手剑_1~10,500,0,0,0,1400,40000,1,,,0,0,0,0,0,0,0,0,0,0,0,188,188,0,0,0,0,0,0,0,0,35,0,0,0,0,0,0,15,0,0
9115,9100,15,单手剑_1~10,400,0,0,0,1500,40000,1,,,0,0,0,0,0,0,0,0,0,0,0,213,213,0,0,0,0,0,0,0,0,40,0,0,0,0,0,0,17,0,0
9151,9150,1,单手剑_11~20,10000,0,0,0,1340,40001,1,,,0,0,0,0,0,0,0,0,0,0,0,8,8,0,0,0,0,0,0,0,0,0,0,0,0,0,0,0,0,0,0
9152,9150,2,单手剑_11~20,9000,9500,10000,0,2690,40001,1,,,0,0,0,0,0,0,0,0,0,0,0,16,16,0,0,0,0,0,0,0,0,0,0,0,0,0,0,0,0,0,0
9153,9150,3,单手剑_11~20,7500,8500,10000,0,4030,40001,1,,,0,0,0,0,0,0,0,0,0,0,0,24,24,0,0,0,0,0,0,0,0,0,0,0,0,0,0,0,0,0,0
9154,9150,4,单手剑_11~20,6000,7500,10000,0,5370,40001,1,,,0,0,0,0,0,0,0,0,0,0,0,42,42,0,0,0,0,0,0,0,0,0,0,0,0,0,0,0,0,0,0
9155,9150,5,单手剑_11~20,4500,6500,10000,0,6710,40001,1,,,0,0,0,0,0,0,0,0,0,0,0,60,60,0,0,0,0,0,0,0,0,0,0,0,0,0,0,0,0,0,0
9156,9150,6,单手剑_11~20,3500,5500,10000,0,8060,40001,1,,,0,0,0,0,0,0,0,0,0,0,0,78,78,0,0,0,0,0,0,0,0,0,0,0,0,0,0,0,0,0,0
9157,9150,7,单手剑_11~20,2500,4500,10000,0,9400,40001,1,,,0,0,0,0,0,0,0,0,0,0,0,106,106,0,0,0,0,0,0,0,0,0,0,0,0,0,0,0,0,0,0
9158,9150,8,单手剑_11~20,1500,3500,0,10000,10740,40001,1,,,0,0,0,0,0,0,0,0,0,0,0,134,134,0,0,0,0,0,0,0,0,6,0,0,0,0,0,0,3,0,0
9159,9150,9,单手剑_11~20,1000,2500,0,10000,12090,40001,1,,,0,0,0,0,0,0,0,0,0,0,0,162,162,0,0,0,0,0,0,0,0,12,0,0,0,0,0,0,5,0,0
9160,9150,10,单手剑_11~20,900,1500,0,9000,13430,40001,1,,,0,0,0,0,0,0,0,0,0,0,0,201,201,0,0,0,0,0,0,0,0,18,0,0,0,0,0,0,7,0,0
9161,9150,11,单手剑_11~20,800,0,0,0,14770,40001,1,,,0,0,0,0,0,0,0,0,0,0,0,240,240,0,0,0,0,0,0,0,0,24,0,0,0,0,0,0,9,0,0
9162,9150,12,单手剑_11~20,700,0,0,0,16110,40001,1,,,0,0,0,0,0,0,0,0,0,0,0,279,279,0,0,0,0,0,0,0,0,30,0,0,0,0,0,0,11,0,0
9163,9150,13,单手剑_11~20,600,0,0,0,17460,40001,1,,,0,0,0,0,0,0,0,0,0,0,0,330,330,0,0,0,0,0,0,0,0,36,0,0,0,0,0,0,13,0,0
9164,9150,14,单手剑_11~20,500,0,0,0,18800,40001,1,,,0,0,0,0,0,0,0,0,0,0,0,381,381,0,0,0,0,0,0,0,0,42,0,0,0,0,0,0,15,0,0
9165,9150,15,单手剑_11~20,400,0,0,0,20140,40001,1,,,0,0,0,0,0,0,0,0,0,0,0,432,432,0,0,0,0,0,0,0,0,48,0,0,0,0,0,0,17,0,0
9201,9200,1,单手剑_21~30,10000,0,0,0,6350,40002,1,,,0,0,0,0,0,0,0,0,0,0,0,13,13,0,0,0,0,0,0,0,0,0,0,0,0,0,0,0,0,0,0
9202,9200,2,单手剑_21~30,9000,9500,10000,0,12710,40002,1,,,0,0,0,0,0,0,0,0,0,0,0,26,26,0,0,0,0,0,0,0,0,0,0,0,0,0,0,0,0,0,0
9203,9200,3,单手剑_21~30,7500,8500,10000,0,19060,40002,1,,,0,0,0,0,0,0,0,0,0,0,0,39,39,0,0,0,0,0,0,0,0,0,0,0,0,0,0,0,0,0,0
9204,9200,4,单手剑_21~30,6000,7500,10000,0,25420,40002,1,,,0,0,0,0,0,0,0,0,0,0,0,65,65,0,0,0,0,0,0,0,0,0,0,0,0,0,0,0,0,0,0
9205,9200,5,单手剑_21~30,4500,6500,10000,0,31770,40002,1,,,0,0,0,0,0,0,0,0,0,0,0,91,91,0,0,0,0,0,0,0,0,0,0,0,0,0,0,0,0,0,0
9206,9200,6,单手剑_21~30,3500,5500,10000,0,38120,40002,1,,,0,0,0,0,0,0,0,0,0,0,0,117,117,0,0,0,0,0,0,0,0,0,0,0,0,0,0,0,0,0,0
9207,9200,7,单手剑_21~30,2500,4500,10000,0,44480,40002,1,,,0,0,0,0,0,0,0,0,0,0,0,158,158,0,0,0,0,0,0,0,0,0,0,0,0,0,0,0,0,0,0
9208,9200,8,单手剑_21~30,1500,3500,0,10000,50830,40002,1,,,0,0,0,0,0,0,0,0,0,0,0,199,199,0,0,0,0,0,0,0,0,7,0,0,0,0,0,0,3,0,0
9209,9200,9,单手剑_21~30,1000,2500,0,10000,57190,40002,1,,,0,0,0,0,0,0,0,0,0,0,0,240,240,0,0,0,0,0,0,0,0,14,0,0,0,0,0,0,5,0,0
9210,9200,10,单手剑_21~30,900,1500,0,9000,63540,40002,1,,,0,0,0,0,0,0,0,0,0,0,0,298,298,0,0,0,0,0,0,0,0,22,0,0,0,0,0,0,7,0,0
9211,9200,11,单手剑_21~30,800,0,0,0,69890,40002,1,,,0,0,0,0,0,0,0,0,0,0,0,356,356,0,0,0,0,0,0,0,0,29,0,0,0,0,0,0,9,0,0
9212,9200,12,单手剑_21~30,700,0,0,0,76250,40002,1,,,0,0,0,0,0,0,0,0,0,0,0,414,414,0,0,0,0,0,0,0,0,36,0,0,0,0,0,0,11,0,0
9213,9200,13,单手剑_21~30,600,0,0,0,82600,40002,1,,,0,0,0,0,0,0,0,0,0,0,0,490,490,0,0,0,0,0,0,0,0,43,0,0,0,0,0,0,13,0,0
9214,9200,14,单手剑_21~30,500,0,0,0,88960,40002,1,,,0,0,0,0,0,0,0,0,0,0,0,566,566,0,0,0,0,0,0,0,0,50,0,0,0,0,0,0,15,0,0
9215,9200,15,单手剑_21~30,400,0,0,0,95310,40002,1,,,0,0,0,0,0,0,0,0,0,0,0,642,642,0,0,0,0,0,0,0,0,58,0,0,0,0,0,0,17,0,0
9251,9250,1,单手剑_31~40,10000,0,0,0,18600,40003,1,,,0,0,0,0,0,0,0,0,0,0,0,17,17,0,0,0,0,0,0,0,0,0,0,0,0,0,0,0,0,0,0
9252,9250,2,单手剑_31~40,9000,9500,10000,0,37190,40003,1,,,0,0,0,0,0,0,0,0,0,0,0,34,34,0,0,0,0,0,0,0,0,0,0,0,0,0,0,0,0,0,0
9253,9250,3,单手剑_31~40,7500,8500,10000,0,55790,40003,1,,,0,0,0,0,0,0,0,0,0,0,0,51,51,0,0,0,0,0,0,0,0,0,0,0,0,0,0,0,0,0,0
9254,9250,4,单手剑_31~40,6000,7500,10000,0,74390,40003,1,,,0,0,0,0,0,0,0,0,0,0,0,86,86,0,0,0,0,0,0,0,0,0,0,0,0,0,0,0,0,0,0
9255,9250,5,单手剑_31~40,4500,6500,10000,0,92980,40003,1,,,0,0,0,0,0,0,0,0,0,0,0,121,121,0,0,0,0,0,0,0,0,0,0,0,0,0,0,0,0,0,0
9256,9250,6,单手剑_31~40,3500,5500,10000,0,111580,40003,1,,,0,0,0,0,0,0,0,0,0,0,0,156,156,0,0,0,0,0,0,0,0,0,0,0,0,0,0,0,0,0,0
9257,9250,7,单手剑_31~40,2500,4500,10000,0,130180,40003,1,,,0,0,0,0,0,0,0,0,0,0,0,211,211,0,0,0,0,0,0,0,0,0,0,0,0,0,0,0,0,0,0
9258,9250,8,单手剑_31~40,1500,3500,0,10000,148770,40003,1,,,0,0,0,0,0,0,0,0,0,0,0,266,266,0,0,0,0,0,0,0,0,8,0,0,0,0,0,0,3,0,0
9259,9250,9,单手剑_31~40,1000,2500,0,10000,167370,40003,1,,,0,0,0,0,0,0,0,0,0,0,0,321,321,0,0,0,0,0,0,0,0,17,0,0,0,0,0,0,5,0,0
9260,9250,10,单手剑_31~40,900,1500,0,9000,185970,40003,1,,,0,0,0,0,0,0,0,0,0,0,0,398,398,0,0,0,0,0,0,0,0,26,0,0,0,0,0,0,7,0,0
9261,9250,11,单手剑_31~40,800,0,0,0,204560,40003,1,,,0,0,0,0,0,0,0,0,0,0,0,475,475,0,0,0,0,0,0,0,0,35,0,0,0,0,0,0,9,0,0
9262,9250,12,单手剑_31~40,700,0,0,0,223160,40003,1,,,0,0,0,0,0,0,0,0,0,0,0,552,552,0,0,0,0,0,0,0,0,43,0,0,0,0,0,0,11,0,0
9263,9250,13,单手剑_31~40,600,0,0,0,241760,40003,1,,,0,0,0,0,0,0,0,0,0,0,0,653,653,0,0,0,0,0,0,0,0,52,0,0,0,0,0,0,13,0,0
9264,9250,14,单手剑_31~40,500,0,0,0,260350,40003,1,,,0,0,0,0,0,0,0,0,0,0,0,754,754,0,0,0,0,0,0,0,0,60,0,0,0,0,0,0,15,0,0
9265,9250,15,单手剑_31~40,400,0,0,0,278950,40003,1,,,0,0,0,0,0,0,0,0,0,0,0,855,855,0,0,0,0,0,0,0,0,70,0,0,0,0,0,0,17,0,0
9301,9300,1,单手剑_41~50,10000,0,0,0,21870,40004,1,,,0,0,0,0,0,0,0,0,0,0,0,21,21,0,0,0,0,0,0,0,0,0,0,0,0,0,0,0,0,0,0
9302,9300,2,单手剑_41~50,9000,9500,10000,0,43740,40004,1,,,0,0,0,0,0,0,0,0,0,0,0,42,42,0,0,0,0,0,0,0,0,0,0,0,0,0,0,0,0,0,0
9303,9300,3,单手剑_41~50,7500,8500,10000,0,65610,40004,1,,,0,0,0,0,0,0,0,0,0,0,0,63,63,0,0,0,0,0,0,0,0,0,0,0,0,0,0,0,0,0,0
9304,9300,4,单手剑_41~50,6000,7500,10000,0,87470,40004,1,,,0,0,0,0,0,0,0,0,0,0,0,107,107,0,0,0,0,0,0,0,0,0,0,0,0,0,0,0,0,0,0
9305,9300,5,单手剑_41~50,4500,6500,10000,0,109340,40004,1,,,0,0,0,0,0,0,0,0,0,0,0,151,151,0,0,0,0,0,0,0,0,0,0,0,0,0,0,0,0,0,0
9306,9300,6,单手剑_41~50,3500,5500,10000,0,131210,40004,1,,,0,0,0,0,0,0,0,0,0,0,0,195,195,0,0,0,0,0,0,0,0,0,0,0,0,0,0,0,0,0,0
9307,9300,7,单手剑_41~50,2500,4500,10000,0,153080,40004,1,,,0,0,0,0,0,0,0,0,0,0,0,264,264,0,0,0,0,0,0,0,0,0,0,0,0,0,0,0,0,0,0
9308,9300,8,单手剑_41~50,1500,3500,0,10000,174950,40004,1,,,0,0,0,0,0,0,0,0,0,0,0,333,333,0,0,0,0,0,0,0,0,10,0,0,0,0,0,0,3,0,0
9309,9300,9,单手剑_41~50,1000,2500,0,10000,196820,40004,1,,,0,0,0,0,0,0,0,0,0,0,0,402,402,0,0,0,0,0,0,0,0,20,0,0,0,0,0,0,5,0,0
9310,9300,10,单手剑_41~50,900,1500,0,9000,218680,40004,1,,,0,0,0,0,0,0,0,0,0,0,0,498,498,0,0,0,0,0,0,0,0,31,0,0,0,0,0,0,7,0,0
9311,9300,11,单手剑_41~50,800,0,0,0,240550,40004,1,,,0,0,0,0,0,0,0,0,0,0,0,594,594,0,0,0,0,0,0,0,0,42,0,0,0,0,0,0,9,0,0
9312,9300,12,单手剑_41~50,700,0,0,0,262420,40004,1,,,0,0,0,0,0,0,0,0,0,0,0,690,690,0,0,0,0,0,0,0,0,52,0,0,0,0,0,0,11,0,0
9313,9300,13,单手剑_41~50,600,0,0,0,284290,40004,1,,,0,0,0,0,0,0,0,0,0,0,0,817,817,0,0,0,0,0,0,0,0,62,0,0,0,0,0,0,13,0,0
9314,9300,14,单手剑_41~50,500,0,0,0,306160,40004,1,,,0,0,0,0,0,0,0,0,0,0,0,944,944,0,0,0,0,0,0,0,0,72,0,0,0,0,0,0,15,0,0
9315,9300,15,单手剑_41~50,400,0,0,0,328030,40004,1,,,0,0,0,0,0,0,0,0,0,0,0,1071,1071,0,0,0,0,0,0,0,0,84,0,0,0,0,0,0,17,0,0
9351,9350,1,单手剑_51~60,10000,0,0,0,21870,40004,1,,,0,0,0,0,0,0,0,0,0,0,0,25,25,0,0,0,0,0,0,0,0,0,0,0,0,0,0,0,0,0,0
9352,9350,2,单手剑_51~60,9000,9500,10000,0,43740,40004,1,,,0,0,0,0,0,0,0,0,0,0,0,50,50,0,0,0,0,0,0,0,0,0,0,0,0,0,0,0,0,0,0
9353,9350,3,单手剑_51~60,7500,8500,10000,0,65610,40004,1,,,0,0,0,0,0,0,0,0,0,0,0,75,75,0,0,0,0,0,0,0,0,0,0,0,0,0,0,0,0,0,0
9354,9350,4,单手剑_51~60,6000,7500,10000,0,87470,40004,1,,,0,0,0,0,0,0,0,0,0,0,0,128,128,0,0,0,0,0,0,0,0,0,0,0,0,0,0,0,0,0,0
9355,9350,5,单手剑_51~60,4500,6500,10000,0,109340,40004,1,,,0,0,0,0,0,0,0,0,0,0,0,181,181,0,0,0,0,0,0,0,0,0,0,0,0,0,0,0,0,0,0
9356,9350,6,单手剑_51~60,3500,5500,10000,0,131210,40004,1,,,0,0,0,0,0,0,0,0,0,0,0,234,234,0,0,0,0,0,0,0,0,0,0,0,0,0,0,0,0,0,0
9357,9350,7,单手剑_51~60,2500,4500,10000,0,153080,40004,1,,,0,0,0,0,0,0,0,0,0,0,0,317,317,0,0,0,0,0,0,0,0,0,0,0,0,0,0,0,0,0,0
9358,9350,8,单手剑_51~60,1500,3500,0,10000,174950,40004,1,,,0,0,0,0,0,0,0,0,0,0,0,400,400,0,0,0,0,0,0,0,0,12,0,0,0,0,0,0,3,0,0
9359,9350,9,单手剑_51~60,1000,2500,0,10000,196820,40004,1,,,0,0,0,0,0,0,0,0,0,0,0,483,483,0,0,0,0,0,0,0,0,24,0,0,0,0,0,0,5,0,0
9360,9350,10,单手剑_51~60,900,1500,0,9000,218680,40004,1,,,0,0,0,0,0,0,0,0,0,0,0,599,599,0,0,0,0,0,0,0,0,37,0,0,0,0,0,0,7,0,0
9361,9350,11,单手剑_51~60,800,0,0,0,240550,40004,1,,,0,0,0,0,0,0,0,0,0,0,0,715,715,0,0,0,0,0,0,0,0,50,0,0,0,0,0,0,9,0,0
9362,9350,12,单手剑_51~60,700,0,0,0,262420,40004,1,,,0,0,0,0,0,0,0,0,0,0,0,831,831,0,0,0,0,0,0,0,0,62,0,0,0,0,0,0,11,0,0
9363,9350,13,单手剑_51~60,600,0,0,0,284290,40004,1,,,0,0,0,0,0,0,0,0,0,0,0,983,983,0,0,0,0,0,0,0,0,74,0,0,0,0,0,0,13,0,0
9364,9350,14,单手剑_51~60,500,0,0,0,306160,40004,1,,,0,0,0,0,0,0,0,0,0,0,0,1135,1135,0,0,0,0,0,0,0,0,86,0,0,0,0,0,0,15,0,0
9365,9350,15,单手剑_51~60,400,0,0,0,328030,40004,1,,,0,0,0,0,0,0,0,0,0,0,0,1287,1287,0,0,0,0,0,0,0,0,101,0,0,0,0,0,0,17,0,0
9401,9400,1,单手剑_61~70,10000,0,0,0,21870,40004,1,,,0,0,0,0,0,0,0,0,0,0,0,0,0,0,0,0,0,0,0,0,0,0,0,0,0,0,0,0,0,0,0
9402,9400,2,单手剑_61~70,9000,9500,10000,0,43740,40004,1,,,0,0,0,0,0,0,0,0,0,0,0,0,0,0,0,0,0,0,0,0,0,0,0,0,0,0,0,0,0,0,0
9403,9400,3,单手剑_61~70,7500,8500,10000,0,65610,40004,1,,,0,0,0,0,0,0,0,0,0,0,0,0,0,0,0,0,0,0,0,0,0,0,0,0,0,0,0,0,0,0,0
9404,9400,4,单手剑_61~70,6000,7500,10000,0,87470,40004,1,,,0,0,0,0,0,0,0,0,0,0,0,0,0,0,0,0,0,0,0,0,0,0,0,0,0,0,0,0,0,0,0
9405,9400,5,单手剑_61~70,4500,6500,10000,0,109340,40004,1,,,0,0,0,0,0,0,0,0,0,0,0,0,0,0,0,0,0,0,0,0,0,0,0,0,0,0,0,0,0,0,0
9406,9400,6,单手剑_61~70,3500,5500,10000,0,131210,40004,1,,,0,0,0,0,0,0,0,0,0,0,0,0,0,0,0,0,0,0,0,0,0,0,0,0,0,0,0,0,0,0,0
9407,9400,7,单手剑_61~70,2500,4500,10000,0,153080,40004,1,,,0,0,0,0,0,0,0,0,0,0,0,0,0,0,0,0,0,0,0,0,0,0,0,0,0,0,0,0,0,0,0
9408,9400,8,单手剑_61~70,1500,3500,0,10000,174950,40004,1,,,0,0,0,0,0,0,0,0,0,0,0,0,0,0,0,0,0,0,0,0,0,14,0,0,0,0,0,0,3,0,0
9409,9400,9,单手剑_61~70,1000,2500,0,10000,196820,40004,1,,,0,0,0,0,0,0,0,0,0,0,0,0,0,0,0,0,0,0,0,0,0,29,0,0,0,0,0,0,5,0,0
9410,9400,10,单手剑_61~70,900,1500,0,9000,218680,40004,1,,,0,0,0,0,0,0,0,0,0,0,0,0,0,0,0,0,0,0,0,0,0,44,0,0,0,0,0,0,7,0,0
9411,9400,11,单手剑_61~70,800,0,0,0,240550,40004,1,,,0,0,0,0,0,0,0,0,0,0,0,0,0,0,0,0,0,0,0,0,0,60,0,0,0,0,0,0,9,0,0
9412,9400,12,单手剑_61~70,700,0,0,0,262420,40004,1,,,0,0,0,0,0,0,0,0,0,0,0,0,0,0,0,0,0,0,0,0,0,74,0,0,0,0,0,0,11,0,0
9413,9400,13,单手剑_61~70,600,0,0,0,284290,40004,1,,,0,0,0,0,0,0,0,0,0,0,0,0,0,0,0,0,0,0,0,0,0,89,0,0,0,0,0,0,13,0,0
9414,9400,14,单手剑_61~70,500,0,0,0,306160,40004,1,,,0,0,0,0,0,0,0,0,0,0,0,0,0,0,0,0,0,0,0,0,0,103,0,0,0,0,0,0,15,0,0
9415,9400,15,单手剑_61~70,400,0,0,0,328030,40004,1,,,0,0,0,0,0,0,0,0,0,0,0,0,0,0,0,0,0,0,0,0,0,121,0,0,0,0,0,0,17,0,0
10001,10000,1,双手剑_1~10,10000,0,0,0,100,40000,1,,,0,0,0,0,0,0,0,0,0,0,0,3,3,0,0,0,0,0,0,0,0,0,0,0,0,0,0,0,0,0,0
10002,10000,2,双手剑_1~10,9000,9500,10000,0,200,40000,1,,,0,0,0,0,0,0,0,0,0,0,0,6,6,0,0,0,0,0,0,0,0,0,0,0,0,0,0,0,0,0,0
10003,10000,3,双手剑_1~10,7500,8500,10000,0,300,40000,1,,,0,0,0,0,0,0,0,0,0,0,0,9,9,0,0,0,0,0,0,0,0,0,0,0,0,0,0,0,0,0,0
10004,10000,4,双手剑_1~10,6000,7500,10000,0,400,40000,1,,,0,0,0,0,0,0,0,0,0,0,0,16,16,0,0,0,0,0,0,0,0,0,0,0,0,0,0,0,0,0,0
10005,10000,5,双手剑_1~10,4500,6500,10000,0,500,40000,1,,,0,0,0,0,0,0,0,0,0,0,0,23,23,0,0,0,0,0,0,0,0,0,0,0,0,0,0,0,0,0,0
10006,10000,6,双手剑_1~10,3500,5500,10000,0,600,40000,1,,,0,0,0,0,0,0,0,0,0,0,0,30,30,0,0,0,0,0,0,0,0,0,0,0,0,0,0,0,0,0,0
10007,10000,7,双手剑_1~10,2500,4500,10000,0,700,40000,1,,,0,0,0,0,0,0,0,0,0,0,0,40,40,0,0,0,0,0,0,0,0,0,0,0,0,0,0,0,0,0,0
10008,10000,8,双手剑_1~10,1500,3500,0,10000,800,40000,1,,,0,0,0,0,0,0,0,0,0,0,0,50,50,0,0,0,0,0,0,0,0,5,0,0,0,0,0,0,3,0,0
10009,10000,9,双手剑_1~10,1000,2500,0,10000,900,40000,1,,,0,0,0,0,0,0,0,0,0,0,0,60,60,0,0,0,0,0,0,0,0,10,0,0,0,0,0,0,5,0,0
10010,10000,10,双手剑_1~10,900,1500,0,9000,1000,40000,1,,,0,0,0,0,0,0,0,0,0,0,0,74,74,0,0,0,0,0,0,0,0,15,0,0,0,0,0,0,7,0,0
10011,10000,11,双手剑_1~10,800,0,0,0,1100,40000,1,,,0,0,0,0,0,0,0,0,0,0,0,88,88,0,0,0,0,0,0,0,0,20,0,0,0,0,0,0,9,0,0
10012,10000,12,双手剑_1~10,700,0,0,0,1200,40000,1,,,0,0,0,0,0,0,0,0,0,0,0,102,102,0,0,0,0,0,0,0,0,25,0,0,0,0,0,0,11,0,0
10013,10000,13,双手剑_1~10,600,0,0,0,1300,40000,1,,,0,0,0,0,0,0,0,0,0,0,0,121,121,0,0,0,0,0,0,0,0,30,0,0,0,0,0,0,13,0,0
10014,10000,14,双手剑_1~10,500,0,0,0,1400,40000,1,,,0,0,0,0,0,0,0,0,0,0,0,140,140,0,0,0,0,0,0,0,0,35,0,0,0,0,0,0,15,0,0
10015,10000,15,双手剑_1~10,400,0,0,0,1500,40000,1,,,0,0,0,0,0,0,0,0,0,0,0,159,159,0,0,0,0,0,0,0,0,40,0,0,0,0,0,0,17,0,0
10051,10050,1,双手剑_11~20,10000,0,0,0,1340,40001,1,,,0,0,0,0,0,0,0,0,0,0,0,6,6,0,0,0,0,0,0,0,0,0,0,0,0,0,0,0,0,0,0
10052,10050,2,双手剑_11~20,9000,9500,10000,0,2690,40001,1,,,0,0,0,0,0,0,0,0,0,0,0,12,12,0,0,0,0,0,0,0,0,0,0,0,0,0,0,0,0,0,0
10053,10050,3,双手剑_11~20,7500,8500,10000,0,4030,40001,1,,,0,0,0,0,0,0,0,0,0,0,0,18,18,0,0,0,0,0,0,0,0,0,0,0,0,0,0,0,0,0,0
10054,10050,4,双手剑_11~20,6000,7500,10000,0,5370,40001,1,,,0,0,0,0,0,0,0,0,0,0,0,31,31,0,0,0,0,0,0,0,0,0,0,0,0,0,0,0,0,0,0
10055,10050,5,双手剑_11~20,4500,6500,10000,0,6710,40001,1,,,0,0,0,0,0,0,0,0,0,0,0,44,44,0,0,0,0,0,0,0,0,0,0,0,0,0,0,0,0,0,0
10056,10050,6,双手剑_11~20,3500,5500,10000,0,8060,40001,1,,,0,0,0,0,0,0,0,0,0,0,0,57,57,0,0,0,0,0,0,0,0,0,0,0,0,0,0,0,0,0,0
10057,10050,7,双手剑_11~20,2500,4500,10000,0,9400,40001,1,,,0,0,0,0,0,0,0,0,0,0,0,78,78,0,0,0,0,0,0,0,0,0,0,0,0,0,0,0,0,0,0
10058,10050,8,双手剑_11~20,1500,3500,0,10000,10740,40001,1,,,0,0,0,0,0,0,0,0,0,0,0,99,99,0,0,0,0,0,0,0,0,6,0,0,0,0,0,0,3,0,0
10059,10050,9,双手剑_11~20,1000,2500,0,10000,12090,40001,1,,,0,0,0,0,0,0,0,0,0,0,0,120,120,0,0,0,0,0,0,0,0,12,0,0,0,0,0,0,5,0,0
10060,10050,10,双手剑_11~20,900,1500,0,9000,13430,40001,1,,,0,0,0,0,0,0,0,0,0,0,0,149,149,0,0,0,0,0,0,0,0,18,0,0,0,0,0,0,7,0,0
10061,10050,11,双手剑_11~20,800,0,0,0,14770,40001,1,,,0,0,0,0,0,0,0,0,0,0,0,178,178,0,0,0,0,0,0,0,0,24,0,0,0,0,0,0,9,0,0
10062,10050,12,双手剑_11~20,700,0,0,0,16110,40001,1,,,0,0,0,0,0,0,0,0,0,0,0,207,207,0,0,0,0,0,0,0,0,30,0,0,0,0,0,0,11,0,0
10063,10050,13,双手剑_11~20,600,0,0,0,17460,40001,1,,,0,0,0,0,0,0,0,0,0,0,0,245,245,0,0,0,0,0,0,0,0,36,0,0,0,0,0,0,13,0,0
10064,10050,14,双手剑_11~20,500,0,0,0,18800,40001,1,,,0,0,0,0,0,0,0,0,0,0,0,283,283,0,0,0,0,0,0,0,0,42,0,0,0,0,0,0,15,0,0
10065,10050,15,双手剑_11~20,400,0,0,0,20140,40001,1,,,0,0,0,0,0,0,0,0,0,0,0,321,321,0,0,0,0,0,0,0,0,48,0,0,0,0,0,0,17,0,0
10101,10100,1,双手剑_21~30,10000,0,0,0,6350,40002,1,,,0,0,0,0,0,0,0,0,0,0,0,9,9,0,0,0,0,0,0,0,0,0,0,0,0,0,0,0,0,0,0
10102,10100,2,双手剑_21~30,9000,9500,10000,0,12710,40002,1,,,0,0,0,0,0,0,0,0,0,0,0,18,18,0,0,0,0,0,0,0,0,0,0,0,0,0,0,0,0,0,0
10103,10100,3,双手剑_21~30,7500,8500,10000,0,19060,40002,1,,,0,0,0,0,0,0,0,0,0,0,0,27,27,0,0,0,0,0,0,0,0,0,0,0,0,0,0,0,0,0,0
10104,10100,4,双手剑_21~30,6000,7500,10000,0,25420,40002,1,,,0,0,0,0,0,0,0,0,0,0,0,47,47,0,0,0,0,0,0,0,0,0,0,0,0,0,0,0,0,0,0
10105,10100,5,双手剑_21~30,4500,6500,10000,0,31770,40002,1,,,0,0,0,0,0,0,0,0,0,0,0,67,67,0,0,0,0,0,0,0,0,0,0,0,0,0,0,0,0,0,0
10106,10100,6,双手剑_21~30,3500,5500,10000,0,38120,40002,1,,,0,0,0,0,0,0,0,0,0,0,0,87,87,0,0,0,0,0,0,0,0,0,0,0,0,0,0,0,0,0,0
10107,10100,7,双手剑_21~30,2500,4500,10000,0,44480,40002,1,,,0,0,0,0,0,0,0,0,0,0,0,118,118,0,0,0,0,0,0,0,0,0,0,0,0,0,0,0,0,0,0
10108,10100,8,双手剑_21~30,1500,3500,0,10000,50830,40002,1,,,0,0,0,0,0,0,0,0,0,0,0,149,149,0,0,0,0,0,0,0,0,7,0,0,0,0,0,0,3,0,0
10109,10100,9,双手剑_21~30,1000,2500,0,10000,57190,40002,1,,,0,0,0,0,0,0,0,0,0,0,0,180,180,0,0,0,0,0,0,0,0,14,0,0,0,0,0,0,5,0,0
10110,10100,10,双手剑_21~30,900,1500,0,9000,63540,40002,1,,,0,0,0,0,0,0,0,0,0,0,0,223,223,0,0,0,0,0,0,0,0,22,0,0,0,0,0,0,7,0,0
10111,10100,11,双手剑_21~30,800,0,0,0,69890,40002,1,,,0,0,0,0,0,0,0,0,0,0,0,266,266,0,0,0,0,0,0,0,0,29,0,0,0,0,0,0,9,0,0
10112,10100,12,双手剑_21~30,700,0,0,0,76250,40002,1,,,0,0,0,0,0,0,0,0,0,0,0,309,309,0,0,0,0,0,0,0,0,36,0,0,0,0,0,0,11,0,0
10113,10100,13,双手剑_21~30,600,0,0,0,82600,40002,1,,,0,0,0,0,0,0,0,0,0,0,0,366,366,0,0,0,0,0,0,0,0,43,0,0,0,0,0,0,13,0,0
10114,10100,14,双手剑_21~30,500,0,0,0,88960,40002,1,,,0,0,0,0,0,0,0,0,0,0,0,423,423,0,0,0,0,0,0,0,0,50,0,0,0,0,0,0,15,0,0
10115,10100,15,双手剑_21~30,400,0,0,0,95310,40002,1,,,0,0,0,0,0,0,0,0,0,0,0,480,480,0,0,0,0,0,0,0,0,58,0,0,0,0,0,0,17,0,0
10151,10150,1,双手剑_31~40,10000,0,0,0,18600,40003,1,,,0,0,0,0,0,0,0,0,0,0,0,13,13,0,0,0,0,0,0,0,0,0,0,0,0,0,0,0,0,0,0
10152,10150,2,双手剑_31~40,9000,9500,10000,0,37190,40003,1,,,0,0,0,0,0,0,0,0,0,0,0,26,26,0,0,0,0,0,0,0,0,0,0,0,0,0,0,0,0,0,0
10153,10150,3,双手剑_31~40,7500,8500,10000,0,55790,40003,1,,,0,0,0,0,0,0,0,0,0,0,0,39,39,0,0,0,0,0,0,0,0,0,0,0,0,0,0,0,0,0,0
10154,10150,4,双手剑_31~40,6000,7500,10000,0,74390,40003,1,,,0,0,0,0,0,0,0,0,0,0,0,65,65,0,0,0,0,0,0,0,0,0,0,0,0,0,0,0,0,0,0
10155,10150,5,双手剑_31~40,4500,6500,10000,0,92980,40003,1,,,0,0,0,0,0,0,0,0,0,0,0,91,91,0,0,0,0,0,0,0,0,0,0,0,0,0,0,0,0,0,0
10156,10150,6,双手剑_31~40,3500,5500,10000,0,111580,40003,1,,,0,0,0,0,0,0,0,0,0,0,0,117,117,0,0,0,0,0,0,0,0,0,0,0,0,0,0,0,0,0,0
10157,10150,7,双手剑_31~40,2500,4500,10000,0,130180,40003,1,,,0,0,0,0,0,0,0,0,0,0,0,158,158,0,0,0,0,0,0,0,0,0,0,0,0,0,0,0,0,0,0
10158,10150,8,双手剑_31~40,1500,3500,0,10000,148770,40003,1,,,0,0,0,0,0,0,0,0,0,0,0,199,199,0,0,0,0,0,0,0,0,8,0,0,0,0,0,0,3,0,0
10159,10150,9,双手剑_31~40,1000,2500,0,10000,167370,40003,1,,,0,0,0,0,0,0,0,0,0,0,0,240,240,0,0,0,0,0,0,0,0,17,0,0,0,0,0,0,5,0,0
10160,10150,10,双手剑_31~40,900,1500,0,9000,185970,40003,1,,,0,0,0,0,0,0,0,0,0,0,0,298,298,0,0,0,0,0,0,0,0,26,0,0,0,0,0,0,7,0,0
10161,10150,11,双手剑_31~40,800,0,0,0,204560,40003,1,,,0,0,0,0,0,0,0,0,0,0,0,356,356,0,0,0,0,0,0,0,0,35,0,0,0,0,0,0,9,0,0
10162,10150,12,双手剑_31~40,700,0,0,0,223160,40003,1,,,0,0,0,0,0,0,0,0,0,0,0,414,414,0,0,0,0,0,0,0,0,43,0,0,0,0,0,0,11,0,0
10163,10150,13,双手剑_31~40,600,0,0,0,241760,40003,1,,,0,0,0,0,0,0,0,0,0,0,0,490,490,0,0,0,0,0,0,0,0,52,0,0,0,0,0,0,13,0,0
10164,10150,14,双手剑_31~40,500,0,0,0,260350,40003,1,,,0,0,0,0,0,0,0,0,0,0,0,566,566,0,0,0,0,0,0,0,0,60,0,0,0,0,0,0,15,0,0
10165,10150,15,双手剑_31~40,400,0,0,0,278950,40003,1,,,0,0,0,0,0,0,0,0,0,0,0,642,642,0,0,0,0,0,0,0,0,70,0,0,0,0,0,0,17,0,0
10201,10200,1,双手剑_41~50,10000,0,0,0,21870,40004,1,,,0,0,0,0,0,0,0,0,0,0,0,16,16,0,0,0,0,0,0,0,0,0,0,0,0,0,0,0,0,0,0
10202,10200,2,双手剑_41~50,9000,9500,10000,0,43740,40004,1,,,0,0,0,0,0,0,0,0,0,0,0,32,32,0,0,0,0,0,0,0,0,0,0,0,0,0,0,0,0,0,0
10203,10200,3,双手剑_41~50,7500,8500,10000,0,65610,40004,1,,,0,0,0,0,0,0,0,0,0,0,0,48,48,0,0,0,0,0,0,0,0,0,0,0,0,0,0,0,0,0,0
10204,10200,4,双手剑_41~50,6000,7500,10000,0,87470,40004,1,,,0,0,0,0,0,0,0,0,0,0,0,81,81,0,0,0,0,0,0,0,0,0,0,0,0,0,0,0,0,0,0
10205,10200,5,双手剑_41~50,4500,6500,10000,0,109340,40004,1,,,0,0,0,0,0,0,0,0,0,0,0,114,114,0,0,0,0,0,0,0,0,0,0,0,0,0,0,0,0,0,0
10206,10200,6,双手剑_41~50,3500,5500,10000,0,131210,40004,1,,,0,0,0,0,0,0,0,0,0,0,0,147,147,0,0,0,0,0,0,0,0,0,0,0,0,0,0,0,0,0,0
10207,10200,7,双手剑_41~50,2500,4500,10000,0,153080,40004,1,,,0,0,0,0,0,0,0,0,0,0,0,199,199,0,0,0,0,0,0,0,0,0,0,0,0,0,0,0,0,0,0
10208,10200,8,双手剑_41~50,1500,3500,0,10000,174950,40004,1,,,0,0,0,0,0,0,0,0,0,0,0,251,251,0,0,0,0,0,0,0,0,10,0,0,0,0,0,0,3,0,0
10209,10200,9,双手剑_41~50,1000,2500,0,10000,196820,40004,1,,,0,0,0,0,0,0,0,0,0,0,0,303,303,0,0,0,0,0,0,0,0,20,0,0,0,0,0,0,5,0,0
10210,10200,10,双手剑_41~50,900,1500,0,9000,218680,40004,1,,,0,0,0,0,0,0,0,0,0,0,0,375,375,0,0,0,0,0,0,0,0,31,0,0,0,0,0,0,7,0,0
10211,10200,11,双手剑_41~50,800,0,0,0,240550,40004,1,,,0,0,0,0,0,0,0,0,0,0,0,447,447,0,0,0,0,0,0,0,0,42,0,0,0,0,0,0,9,0,0
10212,10200,12,双手剑_41~50,700,0,0,0,262420,40004,1,,,0,0,0,0,0,0,0,0,0,0,0,519,519,0,0,0,0,0,0,0,0,52,0,0,0,0,0,0,11,0,0
10213,10200,13,双手剑_41~50,600,0,0,0,284290,40004,1,,,0,0,0,0,0,0,0,0,0,0,0,614,614,0,0,0,0,0,0,0,0,62,0,0,0,0,0,0,13,0,0
10214,10200,14,双手剑_41~50,500,0,0,0,306160,40004,1,,,0,0,0,0,0,0,0,0,0,0,0,709,709,0,0,0,0,0,0,0,0,72,0,0,0,0,0,0,15,0,0
10215,10200,15,双手剑_41~50,400,0,0,0,328030,40004,1,,,0,0,0,0,0,0,0,0,0,0,0,804,804,0,0,0,0,0,0,0,0,84,0,0,0,0,0,0,17,0,0
10251,10250,1,双手剑_51~60,10000,0,0,0,21870,40004,1,,,0,0,0,0,0,0,0,0,0,0,0,19,19,0,0,0,0,0,0,0,0,0,0,0,0,0,0,0,0,0,0
10252,10250,2,双手剑_51~60,9000,9500,10000,0,43740,40004,1,,,0,0,0,0,0,0,0,0,0,0,0,38,38,0,0,0,0,0,0,0,0,0,0,0,0,0,0,0,0,0,0
10253,10250,3,双手剑_51~60,7500,8500,10000,0,65610,40004,1,,,0,0,0,0,0,0,0,0,0,0,0,57,57,0,0,0,0,0,0,0,0,0,0,0,0,0,0,0,0,0,0
10254,10250,4,双手剑_51~60,6000,7500,10000,0,87470,40004,1,,,0,0,0,0,0,0,0,0,0,0,0,97,97,0,0,0,0,0,0,0,0,0,0,0,0,0,0,0,0,0,0
10255,10250,5,双手剑_51~60,4500,6500,10000,0,109340,40004,1,,,0,0,0,0,0,0,0,0,0,0,0,137,137,0,0,0,0,0,0,0,0,0,0,0,0,0,0,0,0,0,0
10256,10250,6,双手剑_51~60,3500,5500,10000,0,131210,40004,1,,,0,0,0,0,0,0,0,0,0,0,0,177,177,0,0,0,0,0,0,0,0,0,0,0,0,0,0,0,0,0,0
10257,10250,7,双手剑_51~60,2500,4500,10000,0,153080,40004,1,,,0,0,0,0,0,0,0,0,0,0,0,239,239,0,0,0,0,0,0,0,0,0,0,0,0,0,0,0,0,0,0
10258,10250,8,双手剑_51~60,1500,3500,0,10000,174950,40004,1,,,0,0,0,0,0,0,0,0,0,0,0,301,301,0,0,0,0,0,0,0,0,12,0,0,0,0,0,0,3,0,0
10259,10250,9,双手剑_51~60,1000,2500,0,10000,196820,40004,1,,,0,0,0,0,0,0,0,0,0,0,0,363,363,0,0,0,0,0,0,0,0,24,0,0,0,0,0,0,5,0,0
10260,10250,10,双手剑_51~60,900,1500,0,9000,218680,40004,1,,,0,0,0,0,0,0,0,0,0,0,0,450,450,0,0,0,0,0,0,0,0,37,0,0,0,0,0,0,7,0,0
10261,10250,11,双手剑_51~60,800,0,0,0,240550,40004,1,,,0,0,0,0,0,0,0,0,0,0,0,537,537,0,0,0,0,0,0,0,0,50,0,0,0,0,0,0,9,0,0
10262,10250,12,双手剑_51~60,700,0,0,0,262420,40004,1,,,0,0,0,0,0,0,0,0,0,0,0,624,624,0,0,0,0,0,0,0,0,62,0,0,0,0,0,0,11,0,0
10263,10250,13,双手剑_51~60,600,0,0,0,284290,40004,1,,,0,0,0,0,0,0,0,0,0,0,0,738,738,0,0,0,0,0,0,0,0,74,0,0,0,0,0,0,13,0,0
10264,10250,14,双手剑_51~60,500,0,0,0,306160,40004,1,,,0,0,0,0,0,0,0,0,0,0,0,852,852,0,0,0,0,0,0,0,0,86,0,0,0,0,0,0,15,0,0
10265,10250,15,双手剑_51~60,400,0,0,0,328030,40004,1,,,0,0,0,0,0,0,0,0,0,0,0,966,966,0,0,0,0,0,0,0,0,101,0,0,0,0,0,0,17,0,0
10301,10300,1,双手剑_61~70,10000,0,0,0,21870,40004,1,,,0,0,0,0,0,0,0,0,0,0,0,0,0,0,0,0,0,0,0,0,0,0,0,0,0,0,0,0,0,0,0
10302,10300,2,双手剑_61~70,9000,9500,10000,0,43740,40004,1,,,0,0,0,0,0,0,0,0,0,0,0,0,0,0,0,0,0,0,0,0,0,0,0,0,0,0,0,0,0,0,0
10303,10300,3,双手剑_61~70,7500,8500,10000,0,65610,40004,1,,,0,0,0,0,0,0,0,0,0,0,0,0,0,0,0,0,0,0,0,0,0,0,0,0,0,0,0,0,0,0,0
10304,10300,4,双手剑_61~70,6000,7500,10000,0,87470,40004,1,,,0,0,0,0,0,0,0,0,0,0,0,0,0,0,0,0,0,0,0,0,0,0,0,0,0,0,0,0,0,0,0
10305,10300,5,双手剑_61~70,4500,6500,10000,0,109340,40004,1,,,0,0,0,0,0,0,0,0,0,0,0,0,0,0,0,0,0,0,0,0,0,0,0,0,0,0,0,0,0,0,0
10306,10300,6,双手剑_61~70,3500,5500,10000,0,131210,40004,1,,,0,0,0,0,0,0,0,0,0,0,0,0,0,0,0,0,0,0,0,0,0,0,0,0,0,0,0,0,0,0,0
10307,10300,7,双手剑_61~70,2500,4500,10000,0,153080,40004,1,,,0,0,0,0,0,0,0,0,0,0,0,0,0,0,0,0,0,0,0,0,0,0,0,0,0,0,0,0,0,0,0
10308,10300,8,双手剑_61~70,1500,3500,0,10000,174950,40004,1,,,0,0,0,0,0,0,0,0,0,0,0,0,0,0,0,0,0,0,0,0,0,14,0,0,0,0,0,0,3,0,0
10309,10300,9,双手剑_61~70,1000,2500,0,10000,196820,40004,1,,,0,0,0,0,0,0,0,0,0,0,0,0,0,0,0,0,0,0,0,0,0,29,0,0,0,0,0,0,5,0,0
10310,10300,10,双手剑_61~70,900,1500,0,9000,218680,40004,1,,,0,0,0,0,0,0,0,0,0,0,0,0,0,0,0,0,0,0,0,0,0,44,0,0,0,0,0,0,7,0,0
10311,10300,11,双手剑_61~70,800,0,0,0,240550,40004,1,,,0,0,0,0,0,0,0,0,0,0,0,0,0,0,0,0,0,0,0,0,0,60,0,0,0,0,0,0,9,0,0
10312,10300,12,双手剑_61~70,700,0,0,0,262420,40004,1,,,0,0,0,0,0,0,0,0,0,0,0,0,0,0,0,0,0,0,0,0,0,74,0,0,0,0,0,0,11,0,0
10313,10300,13,双手剑_61~70,600,0,0,0,284290,40004,1,,,0,0,0,0,0,0,0,0,0,0,0,0,0,0,0,0,0,0,0,0,0,89,0,0,0,0,0,0,13,0,0
10314,10300,14,双手剑_61~70,500,0,0,0,306160,40004,1,,,0,0,0,0,0,0,0,0,0,0,0,0,0,0,0,0,0,0,0,0,0,103,0,0,0,0,0,0,15,0,0
10315,10300,15,双手剑_61~70,400,0,0,0,328030,40004,1,,,0,0,0,0,0,0,0,0,0,0,0,0,0,0,0,0,0,0,0,0,0,121,0,0,0,0,0,0,17,0,0
10901,10900,1,石弓_1~10,10000,0,0,0,100,40000,1,,,0,0,0,0,0,0,0,0,0,0,0,4,4,0,0,0,0,0,0,0,0,0,0,0,0,0,0,0,0,0,0
10902,10900,2,石弓_1~10,9000,9500,10000,0,200,40000,1,,,0,0,0,0,0,0,0,0,0,0,0,8,8,0,0,0,0,0,0,0,0,0,0,0,0,0,0,0,0,0,0
10903,10900,3,石弓_1~10,7500,8500,10000,0,300,40000,1,,,0,0,0,0,0,0,0,0,0,0,0,12,12,0,0,0,0,0,0,0,0,0,0,0,0,0,0,0,0,0,0
10904,10900,4,石弓_1~10,6000,7500,10000,0,400,40000,1,,,0,0,0,0,0,0,0,0,0,0,0,19,19,0,0,0,0,0,0,0,0,0,0,0,0,0,0,0,0,0,0
10905,10900,5,石弓_1~10,4500,6500,10000,0,500,40000,1,,,0,0,0,0,0,0,0,0,0,0,0,26,26,0,0,0,0,0,0,0,0,0,0,0,0,0,0,0,0,0,0
10906,10900,6,石弓_1~10,3500,5500,10000,0,600,40000,1,,,0,0,0,0,0,0,0,0,0,0,0,33,33,0,0,0,0,0,0,0,0,0,0,0,0,0,0,0,0,0,0
10907,10900,7,石弓_1~10,2500,4500,10000,0,700,40000,1,,,0,0,0,0,0,0,0,0,0,0,0,45,45,0,0,0,0,0,0,0,0,0,0,0,0,0,0,0,0,0,0
10908,10900,8,石弓_1~10,1500,3500,0,10000,800,40000,1,,,0,0,0,0,0,0,0,0,0,0,0,57,57,0,0,0,0,0,0,0,0,5,0,0,0,0,0,0,3,0,0
10909,10900,9,石弓_1~10,1000,2500,0,10000,900,40000,1,,,0,0,0,0,0,0,0,0,0,0,0,69,69,0,0,0,0,0,0,0,0,10,0,0,0,0,0,0,5,0,0
10910,10900,10,石弓_1~10,900,1500,0,9000,1000,40000,1,,,0,0,0,0,0,0,0,0,0,0,0,85,85,0,0,0,0,0,0,0,0,15,0,0,0,0,0,0,7,0,0
10911,10900,11,石弓_1~10,800,0,0,0,1100,40000,1,,,0,0,0,0,0,0,0,0,0,0,0,101,101,0,0,0,0,0,0,0,0,20,0,0,0,0,0,0,9,0,0
10912,10900,12,石弓_1~10,700,0,0,0,1200,40000,1,,,0,0,0,0,0,0,0,0,0,0,0,117,117,0,0,0,0,0,0,0,0,25,0,0,0,0,0,0,11,0,0
10913,10900,13,石弓_1~10,600,0,0,0,1300,40000,1,,,0,0,0,0,0,0,0,0,0,0,0,138,138,0,0,0,0,0,0,0,0,30,0,0,0,0,0,0,13,0,0
10914,10900,14,石弓_1~10,500,0,0,0,1400,40000,1,,,0,0,0,0,0,0,0,0,0,0,0,159,159,0,0,0,0,0,0,0,0,35,0,0,0,0,0,0,15,0,0
10915,10900,15,石弓_1~10,400,0,0,0,1500,40000,1,,,0,0,0,0,0,0,0,0,0,0,0,180,180,0,0,0,0,0,0,0,0,40,0,0,0,0,0,0,17,0,0
10951,10950,1,石弓_11~20,10000,0,0,0,1340,40001,1,,,0,0,0,0,0,0,0,0,0,0,0,7,7,0,0,0,0,0,0,0,0,0,0,0,0,0,0,0,0,0,0
10952,10950,2,石弓_11~20,9000,9500,10000,0,2690,40001,1,,,0,0,0,0,0,0,0,0,0,0,0,14,14,0,0,0,0,0,0,0,0,0,0,0,0,0,0,0,0,0,0
10953,10950,3,石弓_11~20,7500,8500,10000,0,4030,40001,1,,,0,0,0,0,0,0,0,0,0,0,0,21,21,0,0,0,0,0,0,0,0,0,0,0,0,0,0,0,0,0,0
10954,10950,4,石弓_11~20,6000,7500,10000,0,5370,40001,1,,,0,0,0,0,0,0,0,0,0,0,0,36,36,0,0,0,0,0,0,0,0,0,0,0,0,0,0,0,0,0,0
10955,10950,5,石弓_11~20,4500,6500,10000,0,6710,40001,1,,,0,0,0,0,0,0,0,0,0,0,0,51,51,0,0,0,0,0,0,0,0,0,0,0,0,0,0,0,0,0,0
10956,10950,6,石弓_11~20,3500,5500,10000,0,8060,40001,1,,,0,0,0,0,0,0,0,0,0,0,0,66,66,0,0,0,0,0,0,0,0,0,0,0,0,0,0,0,0,0,0
10957,10950,7,石弓_11~20,2500,4500,10000,0,9400,40001,1,,,0,0,0,0,0,0,0,0,0,0,0,89,89,0,0,0,0,0,0,0,0,0,0,0,0,0,0,0,0,0,0
10958,10950,8,石弓_11~20,1500,3500,0,10000,10740,40001,1,,,0,0,0,0,0,0,0,0,0,0,0,112,112,0,0,0,0,0,0,0,0,6,0,0,0,0,0,0,3,0,0
10959,10950,9,石弓_11~20,1000,2500,0,10000,12090,40001,1,,,0,0,0,0,0,0,0,0,0,0,0,135,135,0,0,0,0,0,0,0,0,12,0,0,0,0,0,0,5,0,0
10960,10950,10,石弓_11~20,900,1500,0,9000,13430,40001,1,,,0,0,0,0,0,0,0,0,0,0,0,167,167,0,0,0,0,0,0,0,0,18,0,0,0,0,0,0,7,0,0
10961,10950,11,石弓_11~20,800,0,0,0,14770,40001,1,,,0,0,0,0,0,0,0,0,0,0,0,199,199,0,0,0,0,0,0,0,0,24,0,0,0,0,0,0,9,0,0
10962,10950,12,石弓_11~20,700,0,0,0,16110,40001,1,,,0,0,0,0,0,0,0,0,0,0,0,231,231,0,0,0,0,0,0,0,0,30,0,0,0,0,0,0,11,0,0
10963,10950,13,石弓_11~20,600,0,0,0,17460,40001,1,,,0,0,0,0,0,0,0,0,0,0,0,273,273,0,0,0,0,0,0,0,0,36,0,0,0,0,0,0,13,0,0
10964,10950,14,石弓_11~20,500,0,0,0,18800,40001,1,,,0,0,0,0,0,0,0,0,0,0,0,315,315,0,0,0,0,0,0,0,0,42,0,0,0,0,0,0,15,0,0
10965,10950,15,石弓_11~20,400,0,0,0,20140,40001,1,,,0,0,0,0,0,0,0,0,0,0,0,357,357,0,0,0,0,0,0,0,0,48,0,0,0,0,0,0,17,0,0
11001,11000,1,石弓_21~30,10000,0,0,0,6350,40002,1,,,0,0,0,0,0,0,0,0,0,0,0,11,11,0,0,0,0,0,0,0,0,0,0,0,0,0,0,0,0,0,0
11002,11000,2,石弓_21~30,9000,9500,10000,0,12710,40002,1,,,0,0,0,0,0,0,0,0,0,0,0,22,22,0,0,0,0,0,0,0,0,0,0,0,0,0,0,0,0,0,0
11003,11000,3,石弓_21~30,7500,8500,10000,0,19060,40002,1,,,0,0,0,0,0,0,0,0,0,0,0,33,33,0,0,0,0,0,0,0,0,0,0,0,0,0,0,0,0,0,0
11004,11000,4,石弓_21~30,6000,7500,10000,0,25420,40002,1,,,0,0,0,0,0,0,0,0,0,0,0,55,55,0,0,0,0,0,0,0,0,0,0,0,0,0,0,0,0,0,0
11005,11000,5,石弓_21~30,4500,6500,10000,0,31770,40002,1,,,0,0,0,0,0,0,0,0,0,0,0,77,77,0,0,0,0,0,0,0,0,0,0,0,0,0,0,0,0,0,0
11006,11000,6,石弓_21~30,3500,5500,10000,0,38120,40002,1,,,0,0,0,0,0,0,0,0,0,0,0,99,99,0,0,0,0,0,0,0,0,0,0,0,0,0,0,0,0,0,0
11007,11000,7,石弓_21~30,2500,4500,10000,0,44480,40002,1,,,0,0,0,0,0,0,0,0,0,0,0,134,134,0,0,0,0,0,0,0,0,0,0,0,0,0,0,0,0,0,0
11008,11000,8,石弓_21~30,1500,3500,0,10000,50830,40002,1,,,0,0,0,0,0,0,0,0,0,0,0,169,169,0,0,0,0,0,0,0,0,7,0,0,0,0,0,0,3,0,0
11009,11000,9,石弓_21~30,1000,2500,0,10000,57190,40002,1,,,0,0,0,0,0,0,0,0,0,0,0,204,204,0,0,0,0,0,0,0,0,14,0,0,0,0,0,0,5,0,0
11010,11000,10,石弓_21~30,900,1500,0,9000,63540,40002,1,,,0,0,0,0,0,0,0,0,0,0,0,252,252,0,0,0,0,0,0,0,0,22,0,0,0,0,0,0,7,0,0
11011,11000,11,石弓_21~30,800,0,0,0,69890,40002,1,,,0,0,0,0,0,0,0,0,0,0,0,300,300,0,0,0,0,0,0,0,0,29,0,0,0,0,0,0,9,0,0
11012,11000,12,石弓_21~30,700,0,0,0,76250,40002,1,,,0,0,0,0,0,0,0,0,0,0,0,348,348,0,0,0,0,0,0,0,0,36,0,0,0,0,0,0,11,0,0
11013,11000,13,石弓_21~30,600,0,0,0,82600,40002,1,,,0,0,0,0,0,0,0,0,0,0,0,411,411,0,0,0,0,0,0,0,0,43,0,0,0,0,0,0,13,0,0
11014,11000,14,石弓_21~30,500,0,0,0,88960,40002,1,,,0,0,0,0,0,0,0,0,0,0,0,474,474,0,0,0,0,0,0,0,0,50,0,0,0,0,0,0,15,0,0
11015,11000,15,石弓_21~30,400,0,0,0,95310,40002,1,,,0,0,0,0,0,0,0,0,0,0,0,537,537,0,0,0,0,0,0,0,0,58,0,0,0,0,0,0,17,0,0
11051,11050,1,石弓_31~40,10000,0,0,0,18600,40003,1,,,0,0,0,0,0,0,0,0,0,0,0,14,14,0,0,0,0,0,0,0,0,0,0,0,0,0,0,0,0,0,0
11052,11050,2,石弓_31~40,9000,9500,10000,0,37190,40003,1,,,0,0,0,0,0,0,0,0,0,0,0,28,28,0,0,0,0,0,0,0,0,0,0,0,0,0,0,0,0,0,0
11053,11050,3,石弓_31~40,7500,8500,10000,0,55790,40003,1,,,0,0,0,0,0,0,0,0,0,0,0,42,42,0,0,0,0,0,0,0,0,0,0,0,0,0,0,0,0,0,0
11054,11050,4,石弓_31~40,6000,7500,10000,0,74390,40003,1,,,0,0,0,0,0,0,0,0,0,0,0,71,71,0,0,0,0,0,0,0,0,0,0,0,0,0,0,0,0,0,0
11055,11050,5,石弓_31~40,4500,6500,10000,0,92980,40003,1,,,0,0,0,0,0,0,0,0,0,0,0,100,100,0,0,0,0,0,0,0,0,0,0,0,0,0,0,0,0,0,0
11056,11050,6,石弓_31~40,3500,5500,10000,0,111580,40003,1,,,0,0,0,0,0,0,0,0,0,0,0,129,129,0,0,0,0,0,0,0,0,0,0,0,0,0,0,0,0,0,0
11057,11050,7,石弓_31~40,2500,4500,10000,0,130180,40003,1,,,0,0,0,0,0,0,0,0,0,0,0,175,175,0,0,0,0,0,0,0,0,0,0,0,0,0,0,0,0,0,0
11058,11050,8,石弓_31~40,1500,3500,0,10000,148770,40003,1,,,0,0,0,0,0,0,0,0,0,0,0,221,221,0,0,0,0,0,0,0,0,8,0,0,0,0,0,0,3,0,0
11059,11050,9,石弓_31~40,1000,2500,0,10000,167370,40003,1,,,0,0,0,0,0,0,0,0,0,0,0,267,267,0,0,0,0,0,0,0,0,17,0,0,0,0,0,0,5,0,0
11060,11050,10,石弓_31~40,900,1500,0,9000,185970,40003,1,,,0,0,0,0,0,0,0,0,0,0,0,331,331,0,0,0,0,0,0,0,0,26,0,0,0,0,0,0,7,0,0
11061,11050,11,石弓_31~40,800,0,0,0,204560,40003,1,,,0,0,0,0,0,0,0,0,0,0,0,395,395,0,0,0,0,0,0,0,0,35,0,0,0,0,0,0,9,0,0
11062,11050,12,石弓_31~40,700,0,0,0,223160,40003,1,,,0,0,0,0,0,0,0,0,0,0,0,459,459,0,0,0,0,0,0,0,0,43,0,0,0,0,0,0,11,0,0
11063,11050,13,石弓_31~40,600,0,0,0,241760,40003,1,,,0,0,0,0,0,0,0,0,0,0,0,543,543,0,0,0,0,0,0,0,0,52,0,0,0,0,0,0,13,0,0
11064,11050,14,石弓_31~40,500,0,0,0,260350,40003,1,,,0,0,0,0,0,0,0,0,0,0,0,627,627,0,0,0,0,0,0,0,0,60,0,0,0,0,0,0,15,0,0
11065,11050,15,石弓_31~40,400,0,0,0,278950,40003,1,,,0,0,0,0,0,0,0,0,0,0,0,711,711,0,0,0,0,0,0,0,0,70,0,0,0,0,0,0,17,0,0
11101,11100,1,石弓_41~50,10000,0,0,0,21870,40004,1,,,0,0,0,0,0,0,0,0,0,0,0,18,18,0,0,0,0,0,0,0,0,0,0,0,0,0,0,0,0,0,0
11102,11100,2,石弓_41~50,9000,9500,10000,0,43740,40004,1,,,0,0,0,0,0,0,0,0,0,0,0,36,36,0,0,0,0,0,0,0,0,0,0,0,0,0,0,0,0,0,0
11103,11100,3,石弓_41~50,7500,8500,10000,0,65610,40004,1,,,0,0,0,0,0,0,0,0,0,0,0,54,54,0,0,0,0,0,0,0,0,0,0,0,0,0,0,0,0,0,0
11104,11100,4,石弓_41~50,6000,7500,10000,0,87470,40004,1,,,0,0,0,0,0,0,0,0,0,0,0,91,91,0,0,0,0,0,0,0,0,0,0,0,0,0,0,0,0,0,0
11105,11100,5,石弓_41~50,4500,6500,10000,0,109340,40004,1,,,0,0,0,0,0,0,0,0,0,0,0,128,128,0,0,0,0,0,0,0,0,0,0,0,0,0,0,0,0,0,0
11106,11100,6,石弓_41~50,3500,5500,10000,0,131210,40004,1,,,0,0,0,0,0,0,0,0,0,0,0,165,165,0,0,0,0,0,0,0,0,0,0,0,0,0,0,0,0,0,0
11107,11100,7,石弓_41~50,2500,4500,10000,0,153080,40004,1,,,0,0,0,0,0,0,0,0,0,0,0,223,223,0,0,0,0,0,0,0,0,0,0,0,0,0,0,0,0,0,0
11108,11100,8,石弓_41~50,1500,3500,0,10000,174950,40004,1,,,0,0,0,0,0,0,0,0,0,0,0,281,281,0,0,0,0,0,0,0,0,10,0,0,0,0,0,0,3,0,0
11109,11100,9,石弓_41~50,1000,2500,0,10000,196820,40004,1,,,0,0,0,0,0,0,0,0,0,0,0,339,339,0,0,0,0,0,0,0,0,20,0,0,0,0,0,0,5,0,0
11110,11100,10,石弓_41~50,900,1500,0,9000,218680,40004,1,,,0,0,0,0,0,0,0,0,0,0,0,419,419,0,0,0,0,0,0,0,0,31,0,0,0,0,0,0,7,0,0
11111,11100,11,石弓_41~50,800,0,0,0,240550,40004,1,,,0,0,0,0,0,0,0,0,0,0,0,499,499,0,0,0,0,0,0,0,0,42,0,0,0,0,0,0,9,0,0
11112,11100,12,石弓_41~50,700,0,0,0,262420,40004,1,,,0,0,0,0,0,0,0,0,0,0,0,579,579,0,0,0,0,0,0,0,0,52,0,0,0,0,0,0,11,0,0
11113,11100,13,石弓_41~50,600,0,0,0,284290,40004,1,,,0,0,0,0,0,0,0,0,0,0,0,685,685,0,0,0,0,0,0,0,0,62,0,0,0,0,0,0,13,0,0
11114,11100,14,石弓_41~50,500,0,0,0,306160,40004,1,,,0,0,0,0,0,0,0,0,0,0,0,791,791,0,0,0,0,0,0,0,0,72,0,0,0,0,0,0,15,0,0
11115,11100,15,石弓_41~50,400,0,0,0,328030,40004,1,,,0,0,0,0,0,0,0,0,0,0,0,897,897,0,0,0,0,0,0,0,0,84,0,0,0,0,0,0,17,0,0
11151,11150,1,石弓_51~60,10000,0,0,0,21870,40004,1,,,0,0,0,0,0,0,0,0,0,0,0,21,21,0,0,0,0,0,0,0,0,0,0,0,0,0,0,0,0,0,0
11152,11150,2,石弓_51~60,9000,9500,10000,0,43740,40004,1,,,0,0,0,0,0,0,0,0,0,0,0,42,42,0,0,0,0,0,0,0,0,0,0,0,0,0,0,0,0,0,0
11153,11150,3,石弓_51~60,7500,8500,10000,0,65610,40004,1,,,0,0,0,0,0,0,0,0,0,0,0,63,63,0,0,0,0,0,0,0,0,0,0,0,0,0,0,0,0,0,0
11154,11150,4,石弓_51~60,6000,7500,10000,0,87470,40004,1,,,0,0,0,0,0,0,0,0,0,0,0,107,107,0,0,0,0,0,0,0,0,0,0,0,0,0,0,0,0,0,0
11155,11150,5,石弓_51~60,4500,6500,10000,0,109340,40004,1,,,0,0,0,0,0,0,0,0,0,0,0,151,151,0,0,0,0,0,0,0,0,0,0,0,0,0,0,0,0,0,0
11156,11150,6,石弓_51~60,3500,5500,10000,0,131210,40004,1,,,0,0,0,0,0,0,0,0,0,0,0,195,195,0,0,0,0,0,0,0,0,0,0,0,0,0,0,0,0,0,0
11157,11150,7,石弓_51~60,2500,4500,10000,0,153080,40004,1,,,0,0,0,0,0,0,0,0,0,0,0,264,264,0,0,0,0,0,0,0,0,0,0,0,0,0,0,0,0,0,0
11158,11150,8,石弓_51~60,1500,3500,0,10000,174950,40004,1,,,0,0,0,0,0,0,0,0,0,0,0,333,333,0,0,0,0,0,0,0,0,12,0,0,0,0,0,0,3,0,0
11159,11150,9,石弓_51~60,1000,2500,0,10000,196820,40004,1,,,0,0,0,0,0,0,0,0,0,0,0,402,402,0,0,0,0,0,0,0,0,24,0,0,0,0,0,0,5,0,0
11160,11150,10,石弓_51~60,900,1500,0,9000,218680,40004,1,,,0,0,0,0,0,0,0,0,0,0,0,498,498,0,0,0,0,0,0,0,0,37,0,0,0,0,0,0,7,0,0
11161,11150,11,石弓_51~60,800,0,0,0,240550,40004,1,,,0,0,0,0,0,0,0,0,0,0,0,594,594,0,0,0,0,0,0,0,0,50,0,0,0,0,0,0,9,0,0
11162,11150,12,石弓_51~60,700,0,0,0,262420,40004,1,,,0,0,0,0,0,0,0,0,0,0,0,690,690,0,0,0,0,0,0,0,0,62,0,0,0,0,0,0,11,0,0
11163,11150,13,石弓_51~60,600,0,0,0,284290,40004,1,,,0,0,0,0,0,0,0,0,0,0,0,817,817,0,0,0,0,0,0,0,0,74,0,0,0,0,0,0,13,0,0
11164,11150,14,石弓_51~60,500,0,0,0,306160,40004,1,,,0,0,0,0,0,0,0,0,0,0,0,944,944,0,0,0,0,0,0,0,0,86,0,0,0,0,0,0,15,0,0
11165,11150,15,石弓_51~60,400,0,0,0,328030,40004,1,,,0,0,0,0,0,0,0,0,0,0,0,1071,1071,0,0,0,0,0,0,0,0,101,0,0,0,0,0,0,17,0,0
11201,11200,1,石弓_61~70,10000,0,0,0,21870,40004,1,,,0,0,0,0,0,0,0,0,0,0,0,0,0,0,0,0,0,0,0,0,0,0,0,0,0,0,0,0,0,0,0
11202,11200,2,石弓_61~70,9000,9500,10000,0,43740,40004,1,,,0,0,0,0,0,0,0,0,0,0,0,0,0,0,0,0,0,0,0,0,0,0,0,0,0,0,0,0,0,0,0
11203,11200,3,石弓_61~70,7500,8500,10000,0,65610,40004,1,,,0,0,0,0,0,0,0,0,0,0,0,0,0,0,0,0,0,0,0,0,0,0,0,0,0,0,0,0,0,0,0
11204,11200,4,石弓_61~70,6000,7500,10000,0,87470,40004,1,,,0,0,0,0,0,0,0,0,0,0,0,0,0,0,0,0,0,0,0,0,0,0,0,0,0,0,0,0,0,0,0
11205,11200,5,石弓_61~70,4500,6500,10000,0,109340,40004,1,,,0,0,0,0,0,0,0,0,0,0,0,0,0,0,0,0,0,0,0,0,0,0,0,0,0,0,0,0,0,0,0
11206,11200,6,石弓_61~70,3500,5500,10000,0,131210,40004,1,,,0,0,0,0,0,0,0,0,0,0,0,0,0,0,0,0,0,0,0,0,0,0,0,0,0,0,0,0,0,0,0
11207,11200,7,石弓_61~70,2500,4500,10000,0,153080,40004,1,,,0,0,0,0,0,0,0,0,0,0,0,0,0,0,0,0,0,0,0,0,0,0,0,0,0,0,0,0,0,0,0
11208,11200,8,石弓_61~70,1500,3500,0,10000,174950,40004,1,,,0,0,0,0,0,0,0,0,0,0,0,0,0,0,0,0,0,0,0,0,0,14,0,0,0,0,0,0,3,0,0
11209,11200,9,石弓_61~70,1000,2500,0,10000,196820,40004,1,,,0,0,0,0,0,0,0,0,0,0,0,0,0,0,0,0,0,0,0,0,0,29,0,0,0,0,0,0,5,0,0
11210,11200,10,石弓_61~70,900,1500,0,9000,218680,40004,1,,,0,0,0,0,0,0,0,0,0,0,0,0,0,0,0,0,0,0,0,0,0,44,0,0,0,0,0,0,7,0,0
11211,11200,11,石弓_61~70,800,0,0,0,240550,40004,1,,,0,0,0,0,0,0,0,0,0,0,0,0,0,0,0,0,0,0,0,0,0,60,0,0,0,0,0,0,9,0,0
11212,11200,12,石弓_61~70,700,0,0,0,262420,40004,1,,,0,0,0,0,0,0,0,0,0,0,0,0,0,0,0,0,0,0,0,0,0,74,0,0,0,0,0,0,11,0,0
11213,11200,13,石弓_61~70,600,0,0,0,284290,40004,1,,,0,0,0,0,0,0,0,0,0,0,0,0,0,0,0,0,0,0,0,0,0,89,0,0,0,0,0,0,13,0,0
11214,11200,14,石弓_61~70,500,0,0,0,306160,40004,1,,,0,0,0,0,0,0,0,0,0,0,0,0,0,0,0,0,0,0,0,0,0,103,0,0,0,0,0,0,15,0,0
11215,11200,15,石弓_61~70,400,0,0,0,328030,40004,1,,,0,0,0,0,0,0,0,0,0,0,0,0,0,0,0,0,0,0,0,0,0,121,0,0,0,0,0,0,17,0,0
11801,11800,1,木剑_1~10,10000,0,0,0,100,40000,1,,,0,0,0,0,0,0,0,0,0,0,0,0,0,4,4,0,0,0,0,0,0,0,0,0,0,0,0,0,0,0,0
11802,11800,2,木剑_1~10,9000,9500,10000,0,200,40000,1,,,0,0,0,0,0,0,0,0,0,0,0,0,0,8,8,0,0,0,0,0,0,0,0,0,0,0,0,0,0,0,0
11803,11800,3,木剑_1~10,7500,8500,10000,0,300,40000,1,,,0,0,0,0,0,0,0,0,0,0,0,0,0,12,12,0,0,0,0,0,0,0,0,0,0,0,0,0,0,0,0
11804,11800,4,木剑_1~10,6000,7500,10000,0,400,40000,1,,,0,0,0,0,0,0,0,0,0,0,0,0,0,19,19,0,0,0,0,0,0,0,0,0,0,0,0,0,0,0,0
11805,11800,5,木剑_1~10,4500,6500,10000,0,500,40000,1,,,0,0,0,0,0,0,0,0,0,0,0,0,0,26,26,0,0,0,0,0,0,0,0,0,0,0,0,0,0,0,0
11806,11800,6,木剑_1~10,3500,5500,10000,0,600,40000,1,,,0,0,0,0,0,0,0,0,0,0,0,0,0,33,33,0,0,0,0,0,0,0,0,0,0,0,0,0,0,0,0
11807,11800,7,木剑_1~10,2500,4500,10000,0,700,40000,1,,,0,0,0,0,0,0,0,0,0,0,0,0,0,45,45,0,0,0,0,0,0,0,0,0,0,0,0,0,0,0,0
11808,11800,8,木剑_1~10,1500,3500,0,10000,800,40000,1,,,0,0,0,0,0,0,0,0,0,0,0,0,0,57,57,0,0,0,0,0,0,5,0,0,0,0,0,0,3,0,0
11809,11800,9,木剑_1~10,1000,2500,0,10000,900,40000,1,,,0,0,0,0,0,0,0,0,0,0,0,0,0,69,69,0,0,0,0,0,0,10,0,0,0,0,0,0,5,0,0
11810,11800,10,木剑_1~10,900,1500,0,9000,1000,40000,1,,,0,0,0,0,0,0,0,0,0,0,0,0,0,85,85,0,0,0,0,0,0,15,0,0,0,0,0,0,7,0,0
11811,11800,11,木剑_1~10,800,0,0,0,1100,40000,1,,,0,0,0,0,0,0,0,0,0,0,0,0,0,101,101,0,0,0,0,0,0,20,0,0,0,0,0,0,9,0,0
11812,11800,12,木剑_1~10,700,0,0,0,1200,40000,1,,,0,0,0,0,0,0,0,0,0,0,0,0,0,117,117,0,0,0,0,0,0,25,0,0,0,0,0,0,11,0,0
11813,11800,13,木剑_1~10,600,0,0,0,1300,40000,1,,,0,0,0,0,0,0,0,0,0,0,0,0,0,138,138,0,0,0,0,0,0,30,0,0,0,0,0,0,13,0,0
11814,11800,14,木剑_1~10,500,0,0,0,1400,40000,1,,,0,0,0,0,0,0,0,0,0,0,0,0,0,159,159,0,0,0,0,0,0,35,0,0,0,0,0,0,15,0,0
11815,11800,15,木剑_1~10,400,0,0,0,1500,40000,1,,,0,0,0,0,0,0,0,0,0,0,0,0,0,180,180,0,0,0,0,0,0,40,0,0,0,0,0,0,17,0,0
11851,11850,1,木剑_11~20,10000,0,0,0,1340,40001,1,,,0,0,0,0,0,0,0,0,0,0,0,0,0,7,7,0,0,0,0,0,0,0,0,0,0,0,0,0,0,0,0
11852,11850,2,木剑_11~20,9000,9500,10000,0,2690,40001,1,,,0,0,0,0,0,0,0,0,0,0,0,0,0,14,14,0,0,0,0,0,0,0,0,0,0,0,0,0,0,0,0
11853,11850,3,木剑_11~20,7500,8500,10000,0,4030,40001,1,,,0,0,0,0,0,0,0,0,0,0,0,0,0,21,21,0,0,0,0,0,0,0,0,0,0,0,0,0,0,0,0
11854,11850,4,木剑_11~20,6000,7500,10000,0,5370,40001,1,,,0,0,0,0,0,0,0,0,0,0,0,0,0,36,36,0,0,0,0,0,0,0,0,0,0,0,0,0,0,0,0
11855,11850,5,木剑_11~20,4500,6500,10000,0,6710,40001,1,,,0,0,0,0,0,0,0,0,0,0,0,0,0,51,51,0,0,0,0,0,0,0,0,0,0,0,0,0,0,0,0
11856,11850,6,木剑_11~20,3500,5500,10000,0,8060,40001,1,,,0,0,0,0,0,0,0,0,0,0,0,0,0,66,66,0,0,0,0,0,0,0,0,0,0,0,0,0,0,0,0
11857,11850,7,木剑_11~20,2500,4500,10000,0,9400,40001,1,,,0,0,0,0,0,0,0,0,0,0,0,0,0,89,89,0,0,0,0,0,0,0,0,0,0,0,0,0,0,0,0
11858,11850,8,木剑_11~20,1500,3500,0,10000,10740,40001,1,,,0,0,0,0,0,0,0,0,0,0,0,0,0,112,112,0,0,0,0,0,0,6,0,0,0,0,0,0,3,0,0
11859,11850,9,木剑_11~20,1000,2500,0,10000,12090,40001,1,,,0,0,0,0,0,0,0,0,0,0,0,0,0,135,135,0,0,0,0,0,0,12,0,0,0,0,0,0,5,0,0
11860,11850,10,木剑_11~20,900,1500,0,9000,13430,40001,1,,,0,0,0,0,0,0,0,0,0,0,0,0,0,167,167,0,0,0,0,0,0,18,0,0,0,0,0,0,7,0,0
11861,11850,11,木剑_11~20,800,0,0,0,14770,40001,1,,,0,0,0,0,0,0,0,0,0,0,0,0,0,199,199,0,0,0,0,0,0,24,0,0,0,0,0,0,9,0,0
11862,11850,12,木剑_11~20,700,0,0,0,16110,40001,1,,,0,0,0,0,0,0,0,0,0,0,0,0,0,231,231,0,0,0,0,0,0,30,0,0,0,0,0,0,11,0,0
11863,11850,13,木剑_11~20,600,0,0,0,17460,40001,1,,,0,0,0,0,0,0,0,0,0,0,0,0,0,273,273,0,0,0,0,0,0,36,0,0,0,0,0,0,13,0,0
11864,11850,14,木剑_11~20,500,0,0,0,18800,40001,1,,,0,0,0,0,0,0,0,0,0,0,0,0,0,315,315,0,0,0,0,0,0,42,0,0,0,0,0,0,15,0,0
11865,11850,15,木剑_11~20,400,0,0,0,20140,40001,1,,,0,0,0,0,0,0,0,0,0,0,0,0,0,357,357,0,0,0,0,0,0,48,0,0,0,0,0,0,17,0,0
11901,11900,1,木剑_21~30,10000,0,0,0,6350,40002,1,,,0,0,0,0,0,0,0,0,0,0,0,0,0,11,11,0,0,0,0,0,0,0,0,0,0,0,0,0,0,0,0
11902,11900,2,木剑_21~30,9000,9500,10000,0,12710,40002,1,,,0,0,0,0,0,0,0,0,0,0,0,0,0,22,22,0,0,0,0,0,0,0,0,0,0,0,0,0,0,0,0
11903,11900,3,木剑_21~30,7500,8500,10000,0,19060,40002,1,,,0,0,0,0,0,0,0,0,0,0,0,0,0,33,33,0,0,0,0,0,0,0,0,0,0,0,0,0,0,0,0
11904,11900,4,木剑_21~30,6000,7500,10000,0,25420,40002,1,,,0,0,0,0,0,0,0,0,0,0,0,0,0,55,55,0,0,0,0,0,0,0,0,0,0,0,0,0,0,0,0
11905,11900,5,木剑_21~30,4500,6500,10000,0,31770,40002,1,,,0,0,0,0,0,0,0,0,0,0,0,0,0,77,77,0,0,0,0,0,0,0,0,0,0,0,0,0,0,0,0
11906,11900,6,木剑_21~30,3500,5500,10000,0,38120,40002,1,,,0,0,0,0,0,0,0,0,0,0,0,0,0,99,99,0,0,0,0,0,0,0,0,0,0,0,0,0,0,0,0
11907,11900,7,木剑_21~30,2500,4500,10000,0,44480,40002,1,,,0,0,0,0,0,0,0,0,0,0,0,0,0,134,134,0,0,0,0,0,0,0,0,0,0,0,0,0,0,0,0
11908,11900,8,木剑_21~30,1500,3500,0,10000,50830,40002,1,,,0,0,0,0,0,0,0,0,0,0,0,0,0,169,169,0,0,0,0,0,0,7,0,0,0,0,0,0,3,0,0
11909,11900,9,木剑_21~30,1000,2500,0,10000,57190,40002,1,,,0,0,0,0,0,0,0,0,0,0,0,0,0,204,204,0,0,0,0,0,0,14,0,0,0,0,0,0,5,0,0
11910,11900,10,木剑_21~30,900,1500,0,9000,63540,40002,1,,,0,0,0,0,0,0,0,0,0,0,0,0,0,252,252,0,0,0,0,0,0,22,0,0,0,0,0,0,7,0,0
11911,11900,11,木剑_21~30,800,0,0,0,69890,40002,1,,,0,0,0,0,0,0,0,0,0,0,0,0,0,300,300,0,0,0,0,0,0,29,0,0,0,0,0,0,9,0,0
11912,11900,12,木剑_21~30,700,0,0,0,76250,40002,1,,,0,0,0,0,0,0,0,0,0,0,0,0,0,348,348,0,0,0,0,0,0,36,0,0,0,0,0,0,11,0,0
11913,11900,13,木剑_21~30,600,0,0,0,82600,40002,1,,,0,0,0,0,0,0,0,0,0,0,0,0,0,411,411,0,0,0,0,0,0,43,0,0,0,0,0,0,13,0,0
11914,11900,14,木剑_21~30,500,0,0,0,88960,40002,1,,,0,0,0,0,0,0,0,0,0,0,0,0,0,474,474,0,0,0,0,0,0,50,0,0,0,0,0,0,15,0,0
11915,11900,15,木剑_21~30,400,0,0,0,95310,40002,1,,,0,0,0,0,0,0,0,0,0,0,0,0,0,537,537,0,0,0,0,0,0,58,0,0,0,0,0,0,17,0,0
11951,11950,1,木剑_31~40,10000,0,0,0,18600,40003,1,,,0,0,0,0,0,0,0,0,0,0,0,0,0,14,14,0,0,0,0,0,0,0,0,0,0,0,0,0,0,0,0
11952,11950,2,木剑_31~40,9000,9500,10000,0,37190,40003,1,,,0,0,0,0,0,0,0,0,0,0,0,0,0,28,28,0,0,0,0,0,0,0,0,0,0,0,0,0,0,0,0
11953,11950,3,木剑_31~40,7500,8500,10000,0,55790,40003,1,,,0,0,0,0,0,0,0,0,0,0,0,0,0,42,42,0,0,0,0,0,0,0,0,0,0,0,0,0,0,0,0
11954,11950,4,木剑_31~40,6000,7500,10000,0,74390,40003,1,,,0,0,0,0,0,0,0,0,0,0,0,0,0,71,71,0,0,0,0,0,0,0,0,0,0,0,0,0,0,0,0
11955,11950,5,木剑_31~40,4500,6500,10000,0,92980,40003,1,,,0,0,0,0,0,0,0,0,0,0,0,0,0,100,100,0,0,0,0,0,0,0,0,0,0,0,0,0,0,0,0
11956,11950,6,木剑_31~40,3500,5500,10000,0,111580,40003,1,,,0,0,0,0,0,0,0,0,0,0,0,0,0,129,129,0,0,0,0,0,0,0,0,0,0,0,0,0,0,0,0
11957,11950,7,木剑_31~40,2500,4500,10000,0,130180,40003,1,,,0,0,0,0,0,0,0,0,0,0,0,0,0,175,175,0,0,0,0,0,0,0,0,0,0,0,0,0,0,0,0
11958,11950,8,木剑_31~40,1500,3500,0,10000,148770,40003,1,,,0,0,0,0,0,0,0,0,0,0,0,0,0,221,221,0,0,0,0,0,0,8,0,0,0,0,0,0,3,0,0
11959,11950,9,木剑_31~40,1000,2500,0,10000,167370,40003,1,,,0,0,0,0,0,0,0,0,0,0,0,0,0,267,267,0,0,0,0,0,0,17,0,0,0,0,0,0,5,0,0
11960,11950,10,木剑_31~40,900,1500,0,9000,185970,40003,1,,,0,0,0,0,0,0,0,0,0,0,0,0,0,331,331,0,0,0,0,0,0,26,0,0,0,0,0,0,7,0,0
11961,11950,11,木剑_31~40,800,0,0,0,204560,40003,1,,,0,0,0,0,0,0,0,0,0,0,0,0,0,395,395,0,0,0,0,0,0,35,0,0,0,0,0,0,9,0,0
11962,11950,12,木剑_31~40,700,0,0,0,223160,40003,1,,,0,0,0,0,0,0,0,0,0,0,0,0,0,459,459,0,0,0,0,0,0,43,0,0,0,0,0,0,11,0,0
11963,11950,13,木剑_31~40,600,0,0,0,241760,40003,1,,,0,0,0,0,0,0,0,0,0,0,0,0,0,543,543,0,0,0,0,0,0,52,0,0,0,0,0,0,13,0,0
11964,11950,14,木剑_31~40,500,0,0,0,260350,40003,1,,,0,0,0,0,0,0,0,0,0,0,0,0,0,627,627,0,0,0,0,0,0,60,0,0,0,0,0,0,15,0,0
11965,11950,15,木剑_31~40,400,0,0,0,278950,40003,1,,,0,0,0,0,0,0,0,0,0,0,0,0,0,711,711,0,0,0,0,0,0,70,0,0,0,0,0,0,17,0,0
12001,12000,1,木剑_41~50,10000,0,0,0,21870,40004,1,,,0,0,0,0,0,0,0,0,0,0,0,0,0,18,18,0,0,0,0,0,0,0,0,0,0,0,0,0,0,0,0
12002,12000,2,木剑_41~50,9000,9500,10000,0,43740,40004,1,,,0,0,0,0,0,0,0,0,0,0,0,0,0,36,36,0,0,0,0,0,0,0,0,0,0,0,0,0,0,0,0
12003,12000,3,木剑_41~50,7500,8500,10000,0,65610,40004,1,,,0,0,0,0,0,0,0,0,0,0,0,0,0,54,54,0,0,0,0,0,0,0,0,0,0,0,0,0,0,0,0
12004,12000,4,木剑_41~50,6000,7500,10000,0,87470,40004,1,,,0,0,0,0,0,0,0,0,0,0,0,0,0,91,91,0,0,0,0,0,0,0,0,0,0,0,0,0,0,0,0
12005,12000,5,木剑_41~50,4500,6500,10000,0,109340,40004,1,,,0,0,0,0,0,0,0,0,0,0,0,0,0,128,128,0,0,0,0,0,0,0,0,0,0,0,0,0,0,0,0
12006,12000,6,木剑_41~50,3500,5500,10000,0,131210,40004,1,,,0,0,0,0,0,0,0,0,0,0,0,0,0,165,165,0,0,0,0,0,0,0,0,0,0,0,0,0,0,0,0
12007,12000,7,木剑_41~50,2500,4500,10000,0,153080,40004,1,,,0,0,0,0,0,0,0,0,0,0,0,0,0,223,223,0,0,0,0,0,0,0,0,0,0,0,0,0,0,0,0
12008,12000,8,木剑_41~50,1500,3500,0,10000,174950,40004,1,,,0,0,0,0,0,0,0,0,0,0,0,0,0,281,281,0,0,0,0,0,0,10,0,0,0,0,0,0,3,0,0
12009,12000,9,木剑_41~50,1000,2500,0,10000,196820,40004,1,,,0,0,0,0,0,0,0,0,0,0,0,0,0,339,339,0,0,0,0,0,0,20,0,0,0,0,0,0,5,0,0
12010,12000,10,木剑_41~50,900,1500,0,9000,218680,40004,1,,,0,0,0,0,0,0,0,0,0,0,0,0,0,419,419,0,0,0,0,0,0,31,0,0,0,0,0,0,7,0,0
12011,12000,11,木剑_41~50,800,0,0,0,240550,40004,1,,,0,0,0,0,0,0,0,0,0,0,0,0,0,499,499,0,0,0,0,0,0,42,0,0,0,0,0,0,9,0,0
12012,12000,12,木剑_41~50,700,0,0,0,262420,40004,1,,,0,0,0,0,0,0,0,0,0,0,0,0,0,579,579,0,0,0,0,0,0,52,0,0,0,0,0,0,11,0,0
12013,12000,13,木剑_41~50,600,0,0,0,284290,40004,1,,,0,0,0,0,0,0,0,0,0,0,0,0,0,685,685,0,0,0,0,0,0,62,0,0,0,0,0,0,13,0,0
12014,12000,14,木剑_41~50,500,0,0,0,306160,40004,1,,,0,0,0,0,0,0,0,0,0,0,0,0,0,791,791,0,0,0,0,0,0,72,0,0,0,0,0,0,15,0,0
12015,12000,15,木剑_41~50,400,0,0,0,328030,40004,1,,,0,0,0,0,0,0,0,0,0,0,0,0,0,897,897,0,0,0,0,0,0,84,0,0,0,0,0,0,17,0,0
12051,12050,1,木剑_51~60,10000,0,0,0,21870,40004,1,,,0,0,0,0,0,0,0,0,0,0,0,0,0,21,21,0,0,0,0,0,0,0,0,0,0,0,0,0,0,0,0
12052,12050,2,木剑_51~60,9000,9500,10000,0,43740,40004,1,,,0,0,0,0,0,0,0,0,0,0,0,0,0,42,42,0,0,0,0,0,0,0,0,0,0,0,0,0,0,0,0
12053,12050,3,木剑_51~60,7500,8500,10000,0,65610,40004,1,,,0,0,0,0,0,0,0,0,0,0,0,0,0,63,63,0,0,0,0,0,0,0,0,0,0,0,0,0,0,0,0
12054,12050,4,木剑_51~60,6000,7500,10000,0,87470,40004,1,,,0,0,0,0,0,0,0,0,0,0,0,0,0,107,107,0,0,0,0,0,0,0,0,0,0,0,0,0,0,0,0
12055,12050,5,木剑_51~60,4500,6500,10000,0,109340,40004,1,,,0,0,0,0,0,0,0,0,0,0,0,0,0,151,151,0,0,0,0,0,0,0,0,0,0,0,0,0,0,0,0
12056,12050,6,木剑_51~60,3500,5500,10000,0,131210,40004,1,,,0,0,0,0,0,0,0,0,0,0,0,0,0,195,195,0,0,0,0,0,0,0,0,0,0,0,0,0,0,0,0
12057,12050,7,木剑_51~60,2500,4500,10000,0,153080,40004,1,,,0,0,0,0,0,0,0,0,0,0,0,0,0,264,264,0,0,0,0,0,0,0,0,0,0,0,0,0,0,0,0
12058,12050,8,木剑_51~60,1500,3500,0,10000,174950,40004,1,,,0,0,0,0,0,0,0,0,0,0,0,0,0,333,333,0,0,0,0,0,0,12,0,0,0,0,0,0,3,0,0
12059,12050,9,木剑_51~60,1000,2500,0,10000,196820,40004,1,,,0,0,0,0,0,0,0,0,0,0,0,0,0,402,402,0,0,0,0,0,0,24,0,0,0,0,0,0,5,0,0
12060,12050,10,木剑_51~60,900,1500,0,9000,218680,40004,1,,,0,0,0,0,0,0,0,0,0,0,0,0,0,498,498,0,0,0,0,0,0,37,0,0,0,0,0,0,7,0,0
12061,12050,11,木剑_51~60,800,0,0,0,240550,40004,1,,,0,0,0,0,0,0,0,0,0,0,0,0,0,594,594,0,0,0,0,0,0,50,0,0,0,0,0,0,9,0,0
12062,12050,12,木剑_51~60,700,0,0,0,262420,40004,1,,,0,0,0,0,0,0,0,0,0,0,0,0,0,690,690,0,0,0,0,0,0,62,0,0,0,0,0,0,11,0,0
12063,12050,13,木剑_51~60,600,0,0,0,284290,40004,1,,,0,0,0,0,0,0,0,0,0,0,0,0,0,817,817,0,0,0,0,0,0,74,0,0,0,0,0,0,13,0,0
12064,12050,14,木剑_51~60,500,0,0,0,306160,40004,1,,,0,0,0,0,0,0,0,0,0,0,0,0,0,944,944,0,0,0,0,0,0,86,0,0,0,0,0,0,15,0,0
12065,12050,15,木剑_51~60,400,0,0,0,328030,40004,1,,,0,0,0,0,0,0,0,0,0,0,0,0,0,1071,1071,0,0,0,0,0,0,101,0,0,0,0,0,0,17,0,0
12101,12100,1,木剑_61~70,10000,0,0,0,21870,40004,1,,,0,0,0,0,0,0,0,0,0,0,0,0,0,0,0,0,0,0,0,0,0,0,0,0,0,0,0,0,0,0,0
12102,12100,2,木剑_61~70,9000,9500,10000,0,43740,40004,1,,,0,0,0,0,0,0,0,0,0,0,0,0,0,0,0,0,0,0,0,0,0,0,0,0,0,0,0,0,0,0,0
12103,12100,3,木剑_61~70,7500,8500,10000,0,65610,40004,1,,,0,0,0,0,0,0,0,0,0,0,0,0,0,0,0,0,0,0,0,0,0,0,0,0,0,0,0,0,0,0,0
12104,12100,4,木剑_61~70,6000,7500,10000,0,87470,40004,1,,,0,0,0,0,0,0,0,0,0,0,0,0,0,0,0,0,0,0,0,0,0,0,0,0,0,0,0,0,0,0,0
12105,12100,5,木剑_61~70,4500,6500,10000,0,109340,40004,1,,,0,0,0,0,0,0,0,0,0,0,0,0,0,0,0,0,0,0,0,0,0,0,0,0,0,0,0,0,0,0,0
12106,12100,6,木剑_61~70,3500,5500,10000,0,131210,40004,1,,,0,0,0,0,0,0,0,0,0,0,0,0,0,0,0,0,0,0,0,0,0,0,0,0,0,0,0,0,0,0,0
12107,12100,7,木剑_61~70,2500,4500,10000,0,153080,40004,1,,,0,0,0,0,0,0,0,0,0,0,0,0,0,0,0,0,0,0,0,0,0,0,0,0,0,0,0,0,0,0,0
12108,12100,8,木剑_61~70,1500,3500,0,10000,174950,40004,1,,,0,0,0,0,0,0,0,0,0,0,0,0,0,0,0,0,0,0,0,0,0,14,0,0,0,0,0,0,3,0,0
12109,12100,9,木剑_61~70,1000,2500,0,10000,196820,40004,1,,,0,0,0,0,0,0,0,0,0,0,0,0,0,0,0,0,0,0,0,0,0,29,0,0,0,0,0,0,5,0,0
12110,12100,10,木剑_61~70,900,1500,0,9000,218680,40004,1,,,0,0,0,0,0,0,0,0,0,0,0,0,0,0,0,0,0,0,0,0,0,44,0,0,0,0,0,0,7,0,0
12111,12100,11,木剑_61~70,800,0,0,0,240550,40004,1,,,0,0,0,0,0,0,0,0,0,0,0,0,0,0,0,0,0,0,0,0,0,60,0,0,0,0,0,0,9,0,0
12112,12100,12,木剑_61~70,700,0,0,0,262420,40004,1,,,0,0,0,0,0,0,0,0,0,0,0,0,0,0,0,0,0,0,0,0,0,74,0,0,0,0,0,0,11,0,0
12113,12100,13,木剑_61~70,600,0,0,0,284290,40004,1,,,0,0,0,0,0,0,0,0,0,0,0,0,0,0,0,0,0,0,0,0,0,89,0,0,0,0,0,0,13,0,0
12114,12100,14,木剑_61~70,500,0,0,0,306160,40004,1,,,0,0,0,0,0,0,0,0,0,0,0,0,0,0,0,0,0,0,0,0,0,103,0,0,0,0,0,0,15,0,0
12115,12100,15,木剑_61~70,400,0,0,0,328030,40004,1,,,0,0,0,0,0,0,0,0,0,0,0,0,0,0,0,0,0,0,0,0,0,121,0,0,0,0,0,0,17,0,0
12701,12700,1,洛夫头盔_1~10,10000,0,0,0,70,40100,1,,,0,0,0,0,0,0,0,0,0,0,0,0,0,0,0,13,13,0,0,0,0,0,0,0,0,0,0,0,0,0,0
12702,12700,2,洛夫头盔_1~10,9000,9500,10000,0,150,40100,1,,,0,0,0,0,0,0,0,0,0,0,0,0,0,0,0,26,26,0,0,0,0,0,0,0,0,0,0,0,0,0,0
12703,12700,3,洛夫头盔_1~10,7500,8500,10000,0,220,40100,1,,,0,0,0,0,0,0,0,0,0,0,0,0,0,0,0,39,39,0,0,0,0,0,0,0,0,0,0,0,0,0,0
12704,12700,4,洛夫头盔_1~10,6000,7500,10000,0,300,40100,1,,,0,0,0,0,0,0,0,0,0,0,0,0,0,0,0,65,65,0,0,0,0,0,0,0,0,0,0,0,0,0,0
12705,12700,5,洛夫头盔_1~10,4500,6500,10000,0,370,40100,1,,,0,0,0,0,0,0,0,0,0,0,0,0,0,0,0,91,91,0,0,0,0,0,0,0,0,0,0,0,0,0,0
12706,12700,6,洛夫头盔_1~10,3500,5500,10000,0,450,40100,1,,,0,0,0,0,0,0,0,0,0,0,0,0,0,0,0,117,117,0,0,0,0,0,0,0,0,0,0,0,0,0,0
12707,12700,7,洛夫头盔_1~10,2500,4500,10000,0,520,40100,1,,,0,0,0,0,0,0,0,0,0,0,0,0,0,0,0,158,158,0,0,0,0,0,0,0,0,0,0,0,0,0,0
12708,12700,8,洛夫头盔_1~10,1500,3500,0,10000,600,40100,1,,,0,0,0,0,0,0,0,0,0,0,0,0,0,0,0,199,199,0,0,0,0,0,0,0,3,0,0,0,3,0,0
12709,12700,9,洛夫头盔_1~10,1000,2500,0,10000,670,40100,1,,,0,0,0,0,0,0,0,0,0,0,0,0,0,0,0,240,240,0,0,0,0,0,0,0,8,0,0,0,5,0,0
12710,12700,10,洛夫头盔_1~10,900,1500,0,9000,750,40100,1,,,0,0,0,0,0,0,0,0,0,0,0,0,0,0,0,298,298,0,0,0,0,0,0,0,13,0,0,0,7,0,0
12711,12700,11,洛夫头盔_1~10,800,0,0,0,820,40100,1,,,0,0,0,0,0,0,0,0,0,0,0,0,0,0,0,356,356,0,0,0,0,0,0,0,18,0,0,0,9,0,0
12712,12700,12,洛夫头盔_1~10,700,0,0,0,900,40100,1,,,0,0,0,0,0,0,0,0,0,0,0,0,0,0,0,414,414,0,0,0,0,0,0,0,23,0,0,0,11,0,0
12713,12700,13,洛夫头盔_1~10,600,0,0,0,970,40100,1,,,0,0,0,0,0,0,0,0,0,0,0,0,0,0,0,490,490,0,0,0,0,0,0,0,28,0,0,0,13,0,0
12714,12700,14,洛夫头盔_1~10,500,0,0,0,1050,40100,1,,,0,0,0,0,0,0,0,0,0,0,0,0,0,0,0,566,566,0,0,0,0,0,0,0,33,0,0,0,15,0,0
12715,12700,15,洛夫头盔_1~10,400,0,0,0,1120,40100,1,,,0,0,0,0,0,0,0,0,0,0,0,0,0,0,0,642,642,0,0,0,0,0,0,0,38,0,0,0,17,0,0
12751,12750,1,洛夫头盔_11~20,10000,0,0,0,980,40101,1,,,0,0,0,0,0,0,0,0,0,0,0,0,0,0,0,25,25,0,0,0,0,0,0,0,0,0,0,0,0,0,0
12752,12750,2,洛夫头盔_11~20,9000,9500,10000,0,1950,40101,1,,,0,0,0,0,0,0,0,0,0,0,0,0,0,0,0,50,50,0,0,0,0,0,0,0,0,0,0,0,0,0,0
12753,12750,3,洛夫头盔_11~20,7500,8500,10000,0,2930,40101,1,,,0,0,0,0,0,0,0,0,0,0,0,0,0,0,0,75,75,0,0,0,0,0,0,0,0,0,0,0,0,0,0
12754,12750,4,洛夫头盔_11~20,6000,7500,10000,0,3910,40101,1,,,0,0,0,0,0,0,0,0,0,0,0,0,0,0,0,128,128,0,0,0,0,0,0,0,0,0,0,0,0,0,0
12755,12750,5,洛夫头盔_11~20,4500,6500,10000,0,4880,40101,1,,,0,0,0,0,0,0,0,0,0,0,0,0,0,0,0,181,181,0,0,0,0,0,0,0,0,0,0,0,0,0,0
12756,12750,6,洛夫头盔_11~20,3500,5500,10000,0,5860,40101,1,,,0,0,0,0,0,0,0,0,0,0,0,0,0,0,0,234,234,0,0,0,0,0,0,0,0,0,0,0,0,0,0
12757,12750,7,洛夫头盔_11~20,2500,4500,10000,0,6840,40101,1,,,0,0,0,0,0,0,0,0,0,0,0,0,0,0,0,317,317,0,0,0,0,0,0,0,0,0,0,0,0,0,0
12758,12750,8,洛夫头盔_11~20,1500,3500,0,10000,7810,40101,1,,,0,0,0,0,0,0,0,0,0,0,0,0,0,0,0,400,400,0,0,0,0,0,0,0,4,0,0,0,3,0,0
12759,12750,9,洛夫头盔_11~20,1000,2500,0,10000,8790,40101,1,,,0,0,0,0,0,0,0,0,0,0,0,0,0,0,0,483,483,0,0,0,0,0,0,0,10,0,0,0,5,0,0
12760,12750,10,洛夫头盔_11~20,900,1500,0,9000,9770,40101,1,,,0,0,0,0,0,0,0,0,0,0,0,0,0,0,0,599,599,0,0,0,0,0,0,0,16,0,0,0,7,0,0
12761,12750,11,洛夫头盔_11~20,800,0,0,0,10740,40101,1,,,0,0,0,0,0,0,0,0,0,0,0,0,0,0,0,715,715,0,0,0,0,0,0,0,22,0,0,0,9,0,0
12762,12750,12,洛夫头盔_11~20,700,0,0,0,11720,40101,1,,,0,0,0,0,0,0,0,0,0,0,0,0,0,0,0,831,831,0,0,0,0,0,0,0,28,0,0,0,11,0,0
12763,12750,13,洛夫头盔_11~20,600,0,0,0,12700,40101,1,,,0,0,0,0,0,0,0,0,0,0,0,0,0,0,0,983,983,0,0,0,0,0,0,0,34,0,0,0,13,0,0
12764,12750,14,洛夫头盔_11~20,500,0,0,0,13670,40101,1,,,0,0,0,0,0,0,0,0,0,0,0,0,0,0,0,1135,1135,0,0,0,0,0,0,0,40,0,0,0,15,0,0
12765,12750,15,洛夫头盔_11~20,400,0,0,0,14650,40101,1,,,0,0,0,0,0,0,0,0,0,0,0,0,0,0,0,1287,1287,0,0,0,0,0,0,0,46,0,0,0,17,0,0
12801,12800,1,洛夫头盔_21~30,10000,0,0,0,4450,40102,1,,,0,0,0,0,0,0,0,0,0,0,0,0,0,0,0,38,38,0,0,0,0,0,0,0,0,0,0,0,0,0,0
12802,12800,2,洛夫头盔_21~30,9000,9500,10000,0,8900,40102,1,,,0,0,0,0,0,0,0,0,0,0,0,0,0,0,0,76,76,0,0,0,0,0,0,0,0,0,0,0,0,0,0
12803,12800,3,洛夫头盔_21~30,7500,8500,10000,0,13340,40102,1,,,0,0,0,0,0,0,0,0,0,0,0,0,0,0,0,114,114,0,0,0,0,0,0,0,0,0,0,0,0,0,0
12804,12800,4,洛夫头盔_21~30,6000,7500,10000,0,17790,40102,1,,,0,0,0,0,0,0,0,0,0,0,0,0,0,0,0,193,193,0,0,0,0,0,0,0,0,0,0,0,0,0,0
12805,12800,5,洛夫头盔_21~30,4500,6500,10000,0,22240,40102,1,,,0,0,0,0,0,0,0,0,0,0,0,0,0,0,0,272,272,0,0,0,0,0,0,0,0,0,0,0,0,0,0
12806,12800,6,洛夫头盔_21~30,3500,5500,10000,0,26690,40102,1,,,0,0,0,0,0,0,0,0,0,0,0,0,0,0,0,351,351,0,0,0,0,0,0,0,0,0,0,0,0,0,0
12807,12800,7,洛夫头盔_21~30,2500,4500,10000,0,31130,40102,1,,,0,0,0,0,0,0,0,0,0,0,0,0,0,0,0,475,475,0,0,0,0,0,0,0,0,0,0,0,0,0,0
12808,12800,8,洛夫头盔_21~30,1500,3500,0,10000,35580,40102,1,,,0,0,0,0,0,0,0,0,0,0,0,0,0,0,0,599,599,0,0,0,0,0,0,0,5,0,0,0,3,0,0
12809,12800,9,洛夫头盔_21~30,1000,2500,0,10000,40030,40102,1,,,0,0,0,0,0,0,0,0,0,0,0,0,0,0,0,723,723,0,0,0,0,0,0,0,12,0,0,0,5,0,0
12810,12800,10,洛夫头盔_21~30,900,1500,0,9000,44480,40102,1,,,0,0,0,0,0,0,0,0,0,0,0,0,0,0,0,896,896,0,0,0,0,0,0,0,19,0,0,0,7,0,0
12811,12800,11,洛夫头盔_21~30,800,0,0,0,48930,40102,1,,,0,0,0,0,0,0,0,0,0,0,0,0,0,0,0,1069,1069,0,0,0,0,0,0,0,26,0,0,0,9,0,0
12812,12800,12,洛夫头盔_21~30,700,0,0,0,53370,40102,1,,,0,0,0,0,0,0,0,0,0,0,0,0,0,0,0,1242,1242,0,0,0,0,0,0,0,34,0,0,0,11,0,0
12813,12800,13,洛夫头盔_21~30,600,0,0,0,57820,40102,1,,,0,0,0,0,0,0,0,0,0,0,0,0,0,0,0,1470,1470,0,0,0,0,0,0,0,41,0,0,0,13,0,0
12814,12800,14,洛夫头盔_21~30,500,0,0,0,62270,40102,1,,,0,0,0,0,0,0,0,0,0,0,0,0,0,0,0,1698,1698,0,0,0,0,0,0,0,48,0,0,0,15,0,0
12815,12800,15,洛夫头盔_21~30,400,0,0,0,66720,40102,1,,,0,0,0,0,0,0,0,0,0,0,0,0,0,0,0,1926,1926,0,0,0,0,0,0,0,55,0,0,0,17,0,0
12851,12850,1,洛夫头盔_31~40,10000,0,0,0,12400,40103,1,,,0,0,0,0,0,0,0,0,0,0,0,0,0,0,0,50,50,0,0,0,0,0,0,0,0,0,0,0,0,0,0
12852,12850,2,洛夫头盔_31~40,9000,9500,10000,0,24800,40103,1,,,0,0,0,0,0,0,0,0,0,0,0,0,0,0,0,100,100,0,0,0,0,0,0,0,0,0,0,0,0,0,0
12853,12850,3,洛夫头盔_31~40,7500,8500,10000,0,37190,40103,1,,,0,0,0,0,0,0,0,0,0,0,0,0,0,0,0,150,150,0,0,0,0,0,0,0,0,0,0,0,0,0,0
12854,12850,4,洛夫头盔_31~40,6000,7500,10000,0,49590,40103,1,,,0,0,0,0,0,0,0,0,0,0,0,0,0,0,0,256,256,0,0,0,0,0,0,0,0,0,0,0,0,0,0
12855,12850,5,洛夫头盔_31~40,4500,6500,10000,0,61990,40103,1,,,0,0,0,0,0,0,0,0,0,0,0,0,0,0,0,362,362,0,0,0,0,0,0,0,0,0,0,0,0,0,0
12856,12850,6,洛夫头盔_31~40,3500,5500,10000,0,74390,40103,1,,,0,0,0,0,0,0,0,0,0,0,0,0,0,0,0,468,468,0,0,0,0,0,0,0,0,0,0,0,0,0,0
12857,12850,7,洛夫头盔_31~40,2500,4500,10000,0,86780,40103,1,,,0,0,0,0,0,0,0,0,0,0,0,0,0,0,0,634,634,0,0,0,0,0,0,0,0,0,0,0,0,0,0
12858,12850,8,洛夫头盔_31~40,1500,3500,0,10000,99180,40103,1,,,0,0,0,0,0,0,0,0,0,0,0,0,0,0,0,800,800,0,0,0,0,0,0,0,6,0,0,0,3,0,0
12859,12850,9,洛夫头盔_31~40,1000,2500,0,10000,111580,40103,1,,,0,0,0,0,0,0,0,0,0,0,0,0,0,0,0,966,966,0,0,0,0,0,0,0,14,0,0,0,5,0,0
12860,12850,10,洛夫头盔_31~40,900,1500,0,9000,123980,40103,1,,,0,0,0,0,0,0,0,0,0,0,0,0,0,0,0,1197,1197,0,0,0,0,0,0,0,23,0,0,0,7,0,0
12861,12850,11,洛夫头盔_31~40,800,0,0,0,136380,40103,1,,,0,0,0,0,0,0,0,0,0,0,0,0,0,0,0,1428,1428,0,0,0,0,0,0,0,31,0,0,0,9,0,0
12862,12850,12,洛夫头盔_31~40,700,0,0,0,148770,40103,1,,,0,0,0,0,0,0,0,0,0,0,0,0,0,0,0,1659,1659,0,0,0,0,0,0,0,41,0,0,0,11,0,0
12863,12850,13,洛夫头盔_31~40,600,0,0,0,161170,40103,1,,,0,0,0,0,0,0,0,0,0,0,0,0,0,0,0,1963,1963,0,0,0,0,0,0,0,49,0,0,0,13,0,0
12864,12850,14,洛夫头盔_31~40,500,0,0,0,173570,40103,1,,,0,0,0,0,0,0,0,0,0,0,0,0,0,0,0,2267,2267,0,0,0,0,0,0,0,58,0,0,0,15,0,0
12865,12850,15,洛夫头盔_31~40,400,0,0,0,185970,40103,1,,,0,0,0,0,0,0,0,0,0,0,0,0,0,0,0,2571,2571,0,0,0,0,0,0,0,66,0,0,0,17,0,0
12901,12900,1,洛夫头盔_41~50,10000,0,0,0,16820,40104,1,,,0,0,0,0,0,0,0,0,0,0,0,0,0,0,0,63,63,0,0,0,0,0,0,0,0,0,0,0,0,0,0
12902,12900,2,洛夫头盔_41~50,9000,9500,10000,0,33640,40104,1,,,0,0,0,0,0,0,0,0,0,0,0,0,0,0,0,126,126,0,0,0,0,0,0,0,0,0,0,0,0,0,0
12903,12900,3,洛夫头盔_41~50,7500,8500,10000,0,50470,40104,1,,,0,0,0,0,0,0,0,0,0,0,0,0,0,0,0,189,189,0,0,0,0,0,0,0,0,0,0,0,0,0,0
12904,12900,4,洛夫头盔_41~50,6000,7500,10000,0,67290,40104,1,,,0,0,0,0,0,0,0,0,0,0,0,0,0,0,0,321,321,0,0,0,0,0,0,0,0,0,0,0,0,0,0
12905,12900,5,洛夫头盔_41~50,4500,6500,10000,0,84110,40104,1,,,0,0,0,0,0,0,0,0,0,0,0,0,0,0,0,453,453,0,0,0,0,0,0,0,0,0,0,0,0,0,0
12906,12900,6,洛夫头盔_41~50,3500,5500,10000,0,100930,40104,1,,,0,0,0,0,0,0,0,0,0,0,0,0,0,0,0,585,585,0,0,0,0,0,0,0,0,0,0,0,0,0,0
12907,12900,7,洛夫头盔_41~50,2500,4500,10000,0,117750,40104,1,,,0,0,0,0,0,0,0,0,0,0,0,0,0,0,0,792,792,0,0,0,0,0,0,0,0,0,0,0,0,0,0
12908,12900,8,洛夫头盔_41~50,1500,3500,0,10000,134570,40104,1,,,0,0,0,0,0,0,0,0,0,0,0,0,0,0,0,999,999,0,0,0,0,0,0,0,7,0,0,0,3,0,0
12909,12900,9,洛夫头盔_41~50,1000,2500,0,10000,151400,40104,1,,,0,0,0,0,0,0,0,0,0,0,0,0,0,0,0,1206,1206,0,0,0,0,0,0,0,17,0,0,0,5,0,0
12910,12900,10,洛夫头盔_41~50,900,1500,0,9000,168220,40104,1,,,0,0,0,0,0,0,0,0,0,0,0,0,0,0,0,1495,1495,0,0,0,0,0,0,0,28,0,0,0,7,0,0
12911,12900,11,洛夫头盔_41~50,800,0,0,0,185040,40104,1,,,0,0,0,0,0,0,0,0,0,0,0,0,0,0,0,1784,1784,0,0,0,0,0,0,0,37,0,0,0,9,0,0
12912,12900,12,洛夫头盔_41~50,700,0,0,0,201860,40104,1,,,0,0,0,0,0,0,0,0,0,0,0,0,0,0,0,2073,2073,0,0,0,0,0,0,0,49,0,0,0,11,0,0
12913,12900,13,洛夫头盔_41~50,600,0,0,0,218680,40104,1,,,0,0,0,0,0,0,0,0,0,0,0,0,0,0,0,2453,2453,0,0,0,0,0,0,0,59,0,0,0,13,0,0
12914,12900,14,洛夫头盔_41~50,500,0,0,0,235510,40104,1,,,0,0,0,0,0,0,0,0,0,0,0,0,0,0,0,2833,2833,0,0,0,0,0,0,0,70,0,0,0,15,0,0
12915,12900,15,洛夫头盔_41~50,400,0,0,0,252330,40104,1,,,0,0,0,0,0,0,0,0,0,0,0,0,0,0,0,3213,3213,0,0,0,0,0,0,0,79,0,0,0,17,0,0
12951,12950,1,洛夫头盔_51~60,10000,0,0,0,16820,40104,1,,,0,0,0,0,0,0,0,0,0,0,0,0,0,0,0,76,76,0,0,0,0,0,0,0,0,0,0,0,0,0,0
12952,12950,2,洛夫头盔_51~60,9000,9500,10000,0,33640,40104,1,,,0,0,0,0,0,0,0,0,0,0,0,0,0,0,0,152,152,0,0,0,0,0,0,0,0,0,0,0,0,0,0
12953,12950,3,洛夫头盔_51~60,7500,8500,10000,0,50470,40104,1,,,0,0,0,0,0,0,0,0,0,0,0,0,0,0,0,228,228,0,0,0,0,0,0,0,0,0,0,0,0,0,0
12954,12950,4,洛夫头盔_51~60,6000,7500,10000,0,67290,40104,1,,,0,0,0,0,0,0,0,0,0,0,0,0,0,0,0,387,387,0,0,0,0,0,0,0,0,0,0,0,0,0,0
12955,12950,5,洛夫头盔_51~60,4500,6500,10000,0,84110,40104,1,,,0,0,0,0,0,0,0,0,0,0,0,0,0,0,0,546,546,0,0,0,0,0,0,0,0,0,0,0,0,0,0
12956,12950,6,洛夫头盔_51~60,3500,5500,10000,0,100930,40104,1,,,0,0,0,0,0,0,0,0,0,0,0,0,0,0,0,705,705,0,0,0,0,0,0,0,0,0,0,0,0,0,0
12957,12950,7,洛夫头盔_51~60,2500,4500,10000,0,117750,40104,1,,,0,0,0,0,0,0,0,0,0,0,0,0,0,0,0,953,953,0,0,0,0,0,0,0,0,0,0,0,0,0,0
12958,12950,8,洛夫头盔_51~60,1500,3500,0,10000,134570,40104,1,,,0,0,0,0,0,0,0,0,0,0,0,0,0,0,0,1201,1201,0,0,0,0,0,0,0,8,0,0,0,3,0,0
12959,12950,9,洛夫头盔_51~60,1000,2500,0,10000,151400,40104,1,,,0,0,0,0,0,0,0,0,0,0,0,0,0,0,0,1449,1449,0,0,0,0,0,0,0,20,0,0,0,5,0,0
12960,12950,10,洛夫头盔_51~60,900,1500,0,9000,168220,40104,1,,,0,0,0,0,0,0,0,0,0,0,0,0,0,0,0,1796,1796,0,0,0,0,0,0,0,34,0,0,0,7,0,0
12961,12950,11,洛夫头盔_51~60,800,0,0,0,185040,40104,1,,,0,0,0,0,0,0,0,0,0,0,0,0,0,0,0,2143,2143,0,0,0,0,0,0,0,44,0,0,0,9,0,0
12962,12950,12,洛夫头盔_51~60,700,0,0,0,201860,40104,1,,,0,0,0,0,0,0,0,0,0,0,0,0,0,0,0,2490,2490,0,0,0,0,0,0,0,59,0,0,0,11,0,0
12963,12950,13,洛夫头盔_51~60,600,0,0,0,218680,40104,1,,,0,0,0,0,0,0,0,0,0,0,0,0,0,0,0,2946,2946,0,0,0,0,0,0,0,71,0,0,0,13,0,0
12964,12950,14,洛夫头盔_51~60,500,0,0,0,235510,40104,1,,,0,0,0,0,0,0,0,0,0,0,0,0,0,0,0,3402,3402,0,0,0,0,0,0,0,84,0,0,0,15,0,0
12965,12950,15,洛夫头盔_51~60,400,0,0,0,252330,40104,1,,,0,0,0,0,0,0,0,0,0,0,0,0,0,0,0,3858,3858,0,0,0,0,0,0,0,95,0,0,0,17,0,0
13001,13000,1,洛夫头盔_61~70,10000,0,0,0,16820,40104,1,,,0,0,0,0,0,0,0,0,0,0,0,0,0,0,0,0,0,0,0,0,0,0,0,0,0,0,0,0,0,0,0
13002,13000,2,洛夫头盔_61~70,9000,9500,10000,0,33640,40104,1,,,0,0,0,0,0,0,0,0,0,0,0,0,0,0,0,0,0,0,0,0,0,0,0,0,0,0,0,0,0,0,0
13003,13000,3,洛夫头盔_61~70,7500,8500,10000,0,50470,40104,1,,,0,0,0,0,0,0,0,0,0,0,0,0,0,0,0,0,0,0,0,0,0,0,0,0,0,0,0,0,0,0,0
13004,13000,4,洛夫头盔_61~70,6000,7500,10000,0,67290,40104,1,,,0,0,0,0,0,0,0,0,0,0,0,0,0,0,0,0,0,0,0,0,0,0,0,0,0,0,0,0,0,0,0
13005,13000,5,洛夫头盔_61~70,4500,6500,10000,0,84110,40104,1,,,0,0,0,0,0,0,0,0,0,0,0,0,0,0,0,0,0,0,0,0,0,0,0,0,0,0,0,0,0,0,0
13006,13000,6,洛夫头盔_61~70,3500,5500,10000,0,100930,40104,1,,,0,0,0,0,0,0,0,0,0,0,0,0,0,0,0,0,0,0,0,0,0,0,0,0,0,0,0,0,0,0,0
13007,13000,7,洛夫头盔_61~70,2500,4500,10000,0,117750,40104,1,,,0,0,0,0,0,0,0,0,0,0,0,0,0,0,0,0,0,0,0,0,0,0,0,0,0,0,0,0,0,0,0
13008,13000,8,洛夫头盔_61~70,1500,3500,0,10000,134570,40104,1,,,0,0,0,0,0,0,0,0,0,0,0,0,0,0,0,0,0,0,0,0,0,0,0,0,10,0,0,0,3,0,0
13009,13000,9,洛夫头盔_61~70,1000,2500,0,10000,151400,40104,1,,,0,0,0,0,0,0,0,0,0,0,0,0,0,0,0,0,0,0,0,0,0,0,0,0,24,0,0,0,5,0,0
13010,13000,10,洛夫头盔_61~70,900,1500,0,9000,168220,40104,1,,,0,0,0,0,0,0,0,0,0,0,0,0,0,0,0,0,0,0,0,0,0,0,0,0,41,0,0,0,7,0,0
13011,13000,11,洛夫头盔_61~70,800,0,0,0,185040,40104,1,,,0,0,0,0,0,0,0,0,0,0,0,0,0,0,0,0,0,0,0,0,0,0,0,0,53,0,0,0,9,0,0
13012,13000,12,洛夫头盔_61~70,700,0,0,0,201860,40104,1,,,0,0,0,0,0,0,0,0,0,0,0,0,0,0,0,0,0,0,0,0,0,0,0,0,71,0,0,0,11,0,0
13013,13000,13,洛夫头盔_61~70,600,0,0,0,218680,40104,1,,,0,0,0,0,0,0,0,0,0,0,0,0,0,0,0,0,0,0,0,0,0,0,0,0,85,0,0,0,13,0,0
13014,13000,14,洛夫头盔_61~70,500,0,0,0,235510,40104,1,,,0,0,0,0,0,0,0,0,0,0,0,0,0,0,0,0,0,0,0,0,0,0,0,0,101,0,0,0,15,0,0
13015,13000,15,洛夫头盔_61~70,400,0,0,0,252330,40104,1,,,0,0,0,0,0,0,0,0,0,0,0,0,0,0,0,0,0,0,0,0,0,0,0,0,114,0,0,0,17,0,0
13601,13600,1,颈甲头盔_1~10,10000,0,0,0,70,40100,1,,,0,0,0,0,0,0,0,0,0,0,0,0,0,0,0,13,13,0,0,0,0,0,0,0,0,0,0,0,0,0,0
13602,13600,2,颈甲头盔_1~10,9000,9500,10000,0,150,40100,1,,,0,0,0,0,0,0,0,0,0,0,0,0,0,0,0,26,26,0,0,0,0,0,0,0,0,0,0,0,0,0,0
13603,13600,3,颈甲头盔_1~10,7500,8500,10000,0,220,40100,1,,,0,0,0,0,0,0,0,0,0,0,0,0,0,0,0,39,39,0,0,0,0,0,0,0,0,0,0,0,0,0,0
13604,13600,4,颈甲头盔_1~10,6000,7500,10000,0,300,40100,1,,,0,0,0,0,0,0,0,0,0,0,0,0,0,0,0,65,65,0,0,0,0,0,0,0,0,0,0,0,0,0,0
13605,13600,5,颈甲头盔_1~10,4500,6500,10000,0,370,40100,1,,,0,0,0,0,0,0,0,0,0,0,0,0,0,0,0,91,91,0,0,0,0,0,0,0,0,0,0,0,0,0,0
13606,13600,6,颈甲头盔_1~10,3500,5500,10000,0,450,40100,1,,,0,0,0,0,0,0,0,0,0,0,0,0,0,0,0,117,117,0,0,0,0,0,0,0,0,0,0,0,0,0,0
13607,13600,7,颈甲头盔_1~10,2500,4500,10000,0,520,40100,1,,,0,0,0,0,0,0,0,0,0,0,0,0,0,0,0,158,158,0,0,0,0,0,0,0,0,0,0,0,0,0,0
13608,13600,8,颈甲头盔_1~10,1500,3500,0,10000,600,40100,1,,,0,0,0,0,0,30,0,0,0,0,0,0,0,0,0,199,199,0,0,0,0,0,0,0,0,0,0,0,3,0,0
13609,13600,9,颈甲头盔_1~10,1000,2500,0,10000,670,40100,1,,,0,0,0,0,0,35,0,0,0,0,0,0,0,0,0,240,240,0,0,0,0,0,0,0,0,0,0,0,5,0,0
13610,13600,10,颈甲头盔_1~10,900,1500,0,9000,750,40100,1,,,0,0,0,0,0,40,0,0,0,0,0,0,0,0,0,298,298,0,0,0,0,0,0,0,0,0,0,0,7,0,0
13611,13600,11,颈甲头盔_1~10,800,0,0,0,820,40100,1,,,0,0,0,0,0,45,0,0,0,0,0,0,0,0,0,356,356,0,0,0,0,0,0,0,0,0,0,0,9,0,0
13612,13600,12,颈甲头盔_1~10,700,0,0,0,900,40100,1,,,0,0,0,0,0,50,0,0,0,0,0,0,0,0,0,414,414,0,0,0,0,0,0,0,0,0,0,0,11,0,0
13613,13600,13,颈甲头盔_1~10,600,0,0,0,970,40100,1,,,0,0,0,0,0,55,0,0,0,0,0,0,0,0,0,490,490,0,0,0,0,0,0,0,0,0,0,0,13,0,0
13614,13600,14,颈甲头盔_1~10,500,0,0,0,1050,40100,1,,,0,0,0,0,0,60,0,0,0,0,0,0,0,0,0,566,566,0,0,0,0,0,0,0,0,0,0,0,15,0,0
13615,13600,15,颈甲头盔_1~10,400,0,0,0,1120,40100,1,,,0,0,0,0,0,65,0,0,0,0,0,0,0,0,0,642,642,0,0,0,0,0,0,0,0,0,0,0,17,0,0
13651,13650,1,颈甲头盔_11~20,10000,0,0,0,980,40101,1,,,0,0,0,0,0,0,0,0,0,0,0,0,0,0,0,25,25,0,0,0,0,0,0,0,0,0,0,0,0,0,0
13652,13650,2,颈甲头盔_11~20,9000,9500,10000,0,1950,40101,1,,,0,0,0,0,0,0,0,0,0,0,0,0,0,0,0,50,50,0,0,0,0,0,0,0,0,0,0,0,0,0,0
13653,13650,3,颈甲头盔_11~20,7500,8500,10000,0,2930,40101,1,,,0,0,0,0,0,0,0,0,0,0,0,0,0,0,0,75,75,0,0,0,0,0,0,0,0,0,0,0,0,0,0
13654,13650,4,颈甲头盔_11~20,6000,7500,10000,0,3910,40101,1,,,0,0,0,0,0,0,0,0,0,0,0,0,0,0,0,128,128,0,0,0,0,0,0,0,0,0,0,0,0,0,0
13655,13650,5,颈甲头盔_11~20,4500,6500,10000,0,4880,40101,1,,,0,0,0,0,0,0,0,0,0,0,0,0,0,0,0,181,181,0,0,0,0,0,0,0,0,0,0,0,0,0,0
13656,13650,6,颈甲头盔_11~20,3500,5500,10000,0,5860,40101,1,,,0,0,0,0,0,0,0,0,0,0,0,0,0,0,0,234,234,0,0,0,0,0,0,0,0,0,0,0,0,0,0
13657,13650,7,颈甲头盔_11~20,2500,4500,10000,0,6840,40101,1,,,0,0,0,0,0,0,0,0,0,0,0,0,0,0,0,317,317,0,0,0,0,0,0,0,0,0,0,0,0,0,0
13658,13650,8,颈甲头盔_11~20,1500,3500,0,10000,7810,40101,1,,,0,0,0,0,0,36,0,0,0,0,0,0,0,0,0,400,400,0,0,0,0,0,0,0,0,0,0,0,3,0,0
13659,13650,9,颈甲头盔_11~20,1000,2500,0,10000,8790,40101,1,,,0,0,0,0,0,42,0,0,0,0,0,0,0,0,0,483,483,0,0,0,0,0,0,0,0,0,0,0,5,0,0
13660,13650,10,颈甲头盔_11~20,900,1500,0,9000,9770,40101,1,,,0,0,0,0,0,48,0,0,0,0,0,0,0,0,0,599,599,0,0,0,0,0,0,0,0,0,0,0,7,0,0
13661,13650,11,颈甲头盔_11~20,800,0,0,0,10740,40101,1,,,0,0,0,0,0,54,0,0,0,0,0,0,0,0,0,715,715,0,0,0,0,0,0,0,0,0,0,0,9,0,0
13662,13650,12,颈甲头盔_11~20,700,0,0,0,11720,40101,1,,,0,0,0,0,0,60,0,0,0,0,0,0,0,0,0,831,831,0,0,0,0,0,0,0,0,0,0,0,11,0,0
13663,13650,13,颈甲头盔_11~20,600,0,0,0,12700,40101,1,,,0,0,0,0,0,66,0,0,0,0,0,0,0,0,0,983,983,0,0,0,0,0,0,0,0,0,0,0,13,0,0
13664,13650,14,颈甲头盔_11~20,500,0,0,0,13670,40101,1,,,0,0,0,0,0,72,0,0,0,0,0,0,0,0,0,1135,1135,0,0,0,0,0,0,0,0,0,0,0,15,0,0
13665,13650,15,颈甲头盔_11~20,400,0,0,0,14650,40101,1,,,0,0,0,0,0,78,0,0,0,0,0,0,0,0,0,1287,1287,0,0,0,0,0,0,0,0,0,0,0,17,0,0
13701,13700,1,颈甲头盔_21~30,10000,0,0,0,4450,40102,1,,,0,0,0,0,0,0,0,0,0,0,0,0,0,0,0,38,38,0,0,0,0,0,0,0,0,0,0,0,0,0,0
13702,13700,2,颈甲头盔_21~30,9000,9500,10000,0,8900,40102,1,,,0,0,0,0,0,0,0,0,0,0,0,0,0,0,0,76,76,0,0,0,0,0,0,0,0,0,0,0,0,0,0
13703,13700,3,颈甲头盔_21~30,7500,8500,10000,0,13340,40102,1,,,0,0,0,0,0,0,0,0,0,0,0,0,0,0,0,114,114,0,0,0,0,0,0,0,0,0,0,0,0,0,0
13704,13700,4,颈甲头盔_21~30,6000,7500,10000,0,17790,40102,1,,,0,0,0,0,0,0,0,0,0,0,0,0,0,0,0,193,193,0,0,0,0,0,0,0,0,0,0,0,0,0,0
13705,13700,5,颈甲头盔_21~30,4500,6500,10000,0,22240,40102,1,,,0,0,0,0,0,0,0,0,0,0,0,0,0,0,0,272,272,0,0,0,0,0,0,0,0,0,0,0,0,0,0
13706,13700,6,颈甲头盔_21~30,3500,5500,10000,0,26690,40102,1,,,0,0,0,0,0,0,0,0,0,0,0,0,0,0,0,351,351,0,0,0,0,0,0,0,0,0,0,0,0,0,0
13707,13700,7,颈甲头盔_21~30,2500,4500,10000,0,31130,40102,1,,,0,0,0,0,0,0,0,0,0,0,0,0,0,0,0,475,475,0,0,0,0,0,0,0,0,0,0,0,0,0,0
13708,13700,8,颈甲头盔_21~30,1500,3500,0,10000,35580,40102,1,,,0,0,0,0,0,43,0,0,0,0,0,0,0,0,0,599,599,0,0,0,0,0,0,0,0,0,0,0,3,0,0
13709,13700,9,颈甲头盔_21~30,1000,2500,0,10000,40030,40102,1,,,0,0,0,0,0,50,0,0,0,0,0,0,0,0,0,723,723,0,0,0,0,0,0,0,0,0,0,0,5,0,0
13710,13700,10,颈甲头盔_21~30,900,1500,0,9000,44480,40102,1,,,0,0,0,0,0,58,0,0,0,0,0,0,0,0,0,896,896,0,0,0,0,0,0,0,0,0,0,0,7,0,0
13711,13700,11,颈甲头盔_21~30,800,0,0,0,48930,40102,1,,,0,0,0,0,0,65,0,0,0,0,0,0,0,0,0,1069,1069,0,0,0,0,0,0,0,0,0,0,0,9,0,0
13712,13700,12,颈甲头盔_21~30,700,0,0,0,53370,40102,1,,,0,0,0,0,0,72,0,0,0,0,0,0,0,0,0,1242,1242,0,0,0,0,0,0,0,0,0,0,0,11,0,0
13713,13700,13,颈甲头盔_21~30,600,0,0,0,57820,40102,1,,,0,0,0,0,0,79,0,0,0,0,0,0,0,0,0,1470,1470,0,0,0,0,0,0,0,0,0,0,0,13,0,0
13714,13700,14,颈甲头盔_21~30,500,0,0,0,62270,40102,1,,,0,0,0,0,0,86,0,0,0,0,0,0,0,0,0,1698,1698,0,0,0,0,0,0,0,0,0,0,0,15,0,0
13715,13700,15,颈甲头盔_21~30,400,0,0,0,66720,40102,1,,,0,0,0,0,0,94,0,0,0,0,0,0,0,0,0,1926,1926,0,0,0,0,0,0,0,0,0,0,0,17,0,0
13751,13750,1,颈甲头盔_31~40,10000,0,0,0,12400,40103,1,,,0,0,0,0,0,0,0,0,0,0,0,0,0,0,0,50,50,0,0,0,0,0,0,0,0,0,0,0,0,0,0
13752,13750,2,颈甲头盔_31~40,9000,9500,10000,0,24800,40103,1,,,0,0,0,0,0,0,0,0,0,0,0,0,0,0,0,100,100,0,0,0,0,0,0,0,0,0,0,0,0,0,0
13753,13750,3,颈甲头盔_31~40,7500,8500,10000,0,37190,40103,1,,,0,0,0,0,0,0,0,0,0,0,0,0,0,0,0,150,150,0,0,0,0,0,0,0,0,0,0,0,0,0,0
13754,13750,4,颈甲头盔_31~40,6000,7500,10000,0,49590,40103,1,,,0,0,0,0,0,0,0,0,0,0,0,0,0,0,0,256,256,0,0,0,0,0,0,0,0,0,0,0,0,0,0
13755,13750,5,颈甲头盔_31~40,4500,6500,10000,0,61990,40103,1,,,0,0,0,0,0,0,0,0,0,0,0,0,0,0,0,362,362,0,0,0,0,0,0,0,0,0,0,0,0,0,0
13756,13750,6,颈甲头盔_31~40,3500,5500,10000,0,74390,40103,1,,,0,0,0,0,0,0,0,0,0,0,0,0,0,0,0,468,468,0,0,0,0,0,0,0,0,0,0,0,0,0,0
13757,13750,7,颈甲头盔_31~40,2500,4500,10000,0,86780,40103,1,,,0,0,0,0,0,0,0,0,0,0,0,0,0,0,0,634,634,0,0,0,0,0,0,0,0,0,0,0,0,0,0
13758,13750,8,颈甲头盔_31~40,1500,3500,0,10000,99180,40103,1,,,0,0,0,0,0,52,0,0,0,0,0,0,0,0,0,800,800,0,0,0,0,0,0,0,0,0,0,0,3,0,0
13759,13750,9,颈甲头盔_31~40,1000,2500,0,10000,111580,40103,1,,,0,0,0,0,0,60,0,0,0,0,0,0,0,0,0,966,966,0,0,0,0,0,0,0,0,0,0,0,5,0,0
13760,13750,10,颈甲头盔_31~40,900,1500,0,9000,123980,40103,1,,,0,0,0,0,0,70,0,0,0,0,0,0,0,0,0,1197,1197,0,0,0,0,0,0,0,0,0,0,0,7,0,0
13761,13750,11,颈甲头盔_31~40,800,0,0,0,136380,40103,1,,,0,0,0,0,0,78,0,0,0,0,0,0,0,0,0,1428,1428,0,0,0,0,0,0,0,0,0,0,0,9,0,0
13762,13750,12,颈甲头盔_31~40,700,0,0,0,148770,40103,1,,,0,0,0,0,0,86,0,0,0,0,0,0,0,0,0,1659,1659,0,0,0,0,0,0,0,0,0,0,0,11,0,0
13763,13750,13,颈甲头盔_31~40,600,0,0,0,161170,40103,1,,,0,0,0,0,0,95,0,0,0,0,0,0,0,0,0,1963,1963,0,0,0,0,0,0,0,0,0,0,0,13,0,0
13764,13750,14,颈甲头盔_31~40,500,0,0,0,173570,40103,1,,,0,0,0,0,0,103,0,0,0,0,0,0,0,0,0,2267,2267,0,0,0,0,0,0,0,0,0,0,0,15,0,0
13765,13750,15,颈甲头盔_31~40,400,0,0,0,185970,40103,1,,,0,0,0,0,0,113,0,0,0,0,0,0,0,0,0,2571,2571,0,0,0,0,0,0,0,0,0,0,0,17,0,0
13801,13800,1,颈甲头盔_41~50,10000,0,0,0,16820,40104,1,,,0,0,0,0,0,0,0,0,0,0,0,0,0,0,0,63,63,0,0,0,0,0,0,0,0,0,0,0,0,0,0
13802,13800,2,颈甲头盔_41~50,9000,9500,10000,0,33640,40104,1,,,0,0,0,0,0,0,0,0,0,0,0,0,0,0,0,126,126,0,0,0,0,0,0,0,0,0,0,0,0,0,0
13803,13800,3,颈甲头盔_41~50,7500,8500,10000,0,50470,40104,1,,,0,0,0,0,0,0,0,0,0,0,0,0,0,0,0,189,189,0,0,0,0,0,0,0,0,0,0,0,0,0,0
13804,13800,4,颈甲头盔_41~50,6000,7500,10000,0,67290,40104,1,,,0,0,0,0,0,0,0,0,0,0,0,0,0,0,0,321,321,0,0,0,0,0,0,0,0,0,0,0,0,0,0
13805,13800,5,颈甲头盔_41~50,4500,6500,10000,0,84110,40104,1,,,0,0,0,0,0,0,0,0,0,0,0,0,0,0,0,453,453,0,0,0,0,0,0,0,0,0,0,0,0,0,0
13806,13800,6,颈甲头盔_41~50,3500,5500,10000,0,100930,40104,1,,,0,0,0,0,0,0,0,0,0,0,0,0,0,0,0,585,585,0,0,0,0,0,0,0,0,0,0,0,0,0,0
13807,13800,7,颈甲头盔_41~50,2500,4500,10000,0,117750,40104,1,,,0,0,0,0,0,0,0,0,0,0,0,0,0,0,0,792,792,0,0,0,0,0,0,0,0,0,0,0,0,0,0
13808,13800,8,颈甲头盔_41~50,1500,3500,0,10000,134570,40104,1,,,0,0,0,0,0,62,0,0,0,0,0,0,0,0,0,999,999,0,0,0,0,0,0,0,0,0,0,0,3,0,0
13809,13800,9,颈甲头盔_41~50,1000,2500,0,10000,151400,40104,1,,,0,0,0,0,0,72,0,0,0,0,0,0,0,0,0,1206,1206,0,0,0,0,0,0,0,0,0,0,0,5,0,0
13810,13800,10,颈甲头盔_41~50,900,1500,0,9000,168220,40104,1,,,0,0,0,0,0,84,0,0,0,0,0,0,0,0,0,1495,1495,0,0,0,0,0,0,0,0,0,0,0,7,0,0
13811,13800,11,颈甲头盔_41~50,800,0,0,0,185040,40104,1,,,0,0,0,0,0,94,0,0,0,0,0,0,0,0,0,1784,1784,0,0,0,0,0,0,0,0,0,0,0,9,0,0
13812,13800,12,颈甲头盔_41~50,700,0,0,0,201860,40104,1,,,0,0,0,0,0,103,0,0,0,0,0,0,0,0,0,2073,2073,0,0,0,0,0,0,0,0,0,0,0,11,0,0
13813,13800,13,颈甲头盔_41~50,600,0,0,0,218680,40104,1,,,0,0,0,0,0,114,0,0,0,0,0,0,0,0,0,2453,2453,0,0,0,0,0,0,0,0,0,0,0,13,0,0
13814,13800,14,颈甲头盔_41~50,500,0,0,0,235510,40104,1,,,0,0,0,0,0,124,0,0,0,0,0,0,0,0,0,2833,2833,0,0,0,0,0,0,0,0,0,0,0,15,0,0
13815,13800,15,颈甲头盔_41~50,400,0,0,0,252330,40104,1,,,0,0,0,0,0,136,0,0,0,0,0,0,0,0,0,3213,3213,0,0,0,0,0,0,0,0,0,0,0,17,0,0
13851,13850,1,颈甲头盔_51~60,10000,0,0,0,16820,40104,1,,,0,0,0,0,0,0,0,0,0,0,0,0,0,0,0,76,76,0,0,0,0,0,0,0,0,0,0,0,0,0,0
13852,13850,2,颈甲头盔_51~60,9000,9500,10000,0,33640,40104,1,,,0,0,0,0,0,0,0,0,0,0,0,0,0,0,0,152,152,0,0,0,0,0,0,0,0,0,0,0,0,0,0
13853,13850,3,颈甲头盔_51~60,7500,8500,10000,0,50470,40104,1,,,0,0,0,0,0,0,0,0,0,0,0,0,0,0,0,228,228,0,0,0,0,0,0,0,0,0,0,0,0,0,0
13854,13850,4,颈甲头盔_51~60,6000,7500,10000,0,67290,40104,1,,,0,0,0,0,0,0,0,0,0,0,0,0,0,0,0,387,387,0,0,0,0,0,0,0,0,0,0,0,0,0,0
13855,13850,5,颈甲头盔_51~60,4500,6500,10000,0,84110,40104,1,,,0,0,0,0,0,0,0,0,0,0,0,0,0,0,0,546,546,0,0,0,0,0,0,0,0,0,0,0,0,0,0
13856,13850,6,颈甲头盔_51~60,3500,5500,10000,0,100930,40104,1,,,0,0,0,0,0,0,0,0,0,0,0,0,0,0,0,705,705,0,0,0,0,0,0,0,0,0,0,0,0,0,0
13857,13850,7,颈甲头盔_51~60,2500,4500,10000,0,117750,40104,1,,,0,0,0,0,0,0,0,0,0,0,0,0,0,0,0,953,953,0,0,0,0,0,0,0,0,0,0,0,0,0,0
13858,13850,8,颈甲头盔_51~60,1500,3500,0,10000,134570,40104,1,,,0,0,0,0,0,74,0,0,0,0,0,0,0,0,0,1201,1201,0,0,0,0,0,0,0,0,0,0,0,3,0,0
13859,13850,9,颈甲头盔_51~60,1000,2500,0,10000,151400,40104,1,,,0,0,0,0,0,86,0,0,0,0,0,0,0,0,0,1449,1449,0,0,0,0,0,0,0,0,0,0,0,5,0,0
13860,13850,10,颈甲头盔_51~60,900,1500,0,9000,168220,40104,1,,,0,0,0,0,0,101,0,0,0,0,0,0,0,0,0,1796,1796,0,0,0,0,0,0,0,0,0,0,0,7,0,0
13861,13850,11,颈甲头盔_51~60,800,0,0,0,185040,40104,1,,,0,0,0,0,0,113,0,0,0,0,0,0,0,0,0,2143,2143,0,0,0,0,0,0,0,0,0,0,0,9,0,0
13862,13850,12,颈甲头盔_51~60,700,0,0,0,201860,40104,1,,,0,0,0,0,0,124,0,0,0,0,0,0,0,0,0,2490,2490,0,0,0,0,0,0,0,0,0,0,0,11,0,0
13863,13850,13,颈甲头盔_51~60,600,0,0,0,218680,40104,1,,,0,0,0,0,0,137,0,0,0,0,0,0,0,0,0,2946,2946,0,0,0,0,0,0,0,0,0,0,0,13,0,0
13864,13850,14,颈甲头盔_51~60,500,0,0,0,235510,40104,1,,,0,0,0,0,0,149,0,0,0,0,0,0,0,0,0,3402,3402,0,0,0,0,0,0,0,0,0,0,0,15,0,0
13865,13850,15,颈甲头盔_51~60,400,0,0,0,252330,40104,1,,,0,0,0,0,0,163,0,0,0,0,0,0,0,0,0,3858,3858,0,0,0,0,0,0,0,0,0,0,0,17,0,0
13901,13900,1,颈甲头盔_61~70,10000,0,0,0,16820,40104,1,,,0,0,0,0,0,0,0,0,0,0,0,0,0,0,0,0,0,0,0,0,0,0,0,0,0,0,0,0,0,0,0
13902,13900,2,颈甲头盔_61~70,9000,9500,10000,0,33640,40104,1,,,0,0,0,0,0,0,0,0,0,0,0,0,0,0,0,0,0,0,0,0,0,0,0,0,0,0,0,0,0,0,0
13903,13900,3,颈甲头盔_61~70,7500,8500,10000,0,50470,40104,1,,,0,0,0,0,0,0,0,0,0,0,0,0,0,0,0,0,0,0,0,0,0,0,0,0,0,0,0,0,0,0,0
13904,13900,4,颈甲头盔_61~70,6000,7500,10000,0,67290,40104,1,,,0,0,0,0,0,0,0,0,0,0,0,0,0,0,0,0,0,0,0,0,0,0,0,0,0,0,0,0,0,0,0
13905,13900,5,颈甲头盔_61~70,4500,6500,10000,0,84110,40104,1,,,0,0,0,0,0,0,0,0,0,0,0,0,0,0,0,0,0,0,0,0,0,0,0,0,0,0,0,0,0,0,0
13906,13900,6,颈甲头盔_61~70,3500,5500,10000,0,100930,40104,1,,,0,0,0,0,0,0,0,0,0,0,0,0,0,0,0,0,0,0,0,0,0,0,0,0,0,0,0,0,0,0,0
13907,13900,7,颈甲头盔_61~70,2500,4500,10000,0,117750,40104,1,,,0,0,0,0,0,0,0,0,0,0,0,0,0,0,0,0,0,0,0,0,0,0,0,0,0,0,0,0,0,0,0
13908,13900,8,颈甲头盔_61~70,1500,3500,0,10000,134570,40104,1,,,0,0,0,0,0,89,0,0,0,0,0,0,0,0,0,0,0,0,0,0,0,0,0,0,0,0,0,0,3,0,0
13909,13900,9,颈甲头盔_61~70,1000,2500,0,10000,151400,40104,1,,,0,0,0,0,0,103,0,0,0,0,0,0,0,0,0,0,0,0,0,0,0,0,0,0,0,0,0,0,5,0,0
13910,13900,10,颈甲头盔_61~70,900,1500,0,9000,168220,40104,1,,,0,0,0,0,0,121,0,0,0,0,0,0,0,0,0,0,0,0,0,0,0,0,0,0,0,0,0,0,7,0,0
13911,13900,11,颈甲头盔_61~70,800,0,0,0,185040,40104,1,,,0,0,0,0,0,136,0,0,0,0,0,0,0,0,0,0,0,0,0,0,0,0,0,0,0,0,0,0,9,0,0
13912,13900,12,颈甲头盔_61~70,700,0,0,0,201860,40104,1,,,0,0,0,0,0,149,0,0,0,0,0,0,0,0,0,0,0,0,0,0,0,0,0,0,0,0,0,0,11,0,0
13913,13900,13,颈甲头盔_61~70,600,0,0,0,218680,40104,1,,,0,0,0,0,0,164,0,0,0,0,0,0,0,0,0,0,0,0,0,0,0,0,0,0,0,0,0,0,13,0,0
13914,13900,14,颈甲头盔_61~70,500,0,0,0,235510,40104,1,,,0,0,0,0,0,179,0,0,0,0,0,0,0,0,0,0,0,0,0,0,0,0,0,0,0,0,0,0,15,0,0
13915,13900,15,颈甲头盔_61~70,400,0,0,0,252330,40104,1,,,0,0,0,0,0,196,0,0,0,0,0,0,0,0,0,0,0,0,0,0,0,0,0,0,0,0,0,0,17,0,0
14501,14500,1,装甲头盔_1~10,10000,0,0,0,70,40100,1,,,0,0,0,0,0,0,0,0,0,0,0,0,0,0,0,13,13,0,0,0,0,0,0,0,0,0,0,0,0,0,0
14502,14500,2,装甲头盔_1~10,9000,9500,10000,0,150,40100,1,,,0,0,0,0,0,0,0,0,0,0,0,0,0,0,0,26,26,0,0,0,0,0,0,0,0,0,0,0,0,0,0
14503,14500,3,装甲头盔_1~10,7500,8500,10000,0,220,40100,1,,,0,0,0,0,0,0,0,0,0,0,0,0,0,0,0,39,39,0,0,0,0,0,0,0,0,0,0,0,0,0,0
14504,14500,4,装甲头盔_1~10,6000,7500,10000,0,300,40100,1,,,0,0,0,0,0,0,0,0,0,0,0,0,0,0,0,65,65,0,0,0,0,0,0,0,0,0,0,0,0,0,0
14505,14500,5,装甲头盔_1~10,4500,6500,10000,0,370,40100,1,,,0,0,0,0,0,0,0,0,0,0,0,0,0,0,0,91,91,0,0,0,0,0,0,0,0,0,0,0,0,0,0
14506,14500,6,装甲头盔_1~10,3500,5500,10000,0,450,40100,1,,,0,0,0,0,0,0,0,0,0,0,0,0,0,0,0,117,117,0,0,0,0,0,0,0,0,0,0,0,0,0,0
14507,14500,7,装甲头盔_1~10,2500,4500,10000,0,520,40100,1,,,0,0,0,0,0,0,0,0,0,0,0,0,0,0,0,158,158,0,0,0,0,0,0,0,0,0,0,0,0,0,0
14508,14500,8,装甲头盔_1~10,1500,3500,0,10000,600,40100,1,,,0,0,0,0,0,30,0,0,0,0,0,0,0,0,0,199,199,0,0,0,0,0,0,0,0,0,0,0,3,0,0
14509,14500,9,装甲头盔_1~10,1000,2500,0,10000,670,40100,1,,,0,0,0,0,0,35,0,0,0,0,0,0,0,0,0,240,240,0,0,0,0,0,0,0,0,0,0,0,5,0,0
14510,14500,10,装甲头盔_1~10,900,1500,0,9000,750,40100,1,,,0,0,0,0,0,40,0,0,0,0,0,0,0,0,0,298,298,0,0,0,0,0,0,0,0,0,0,0,7,0,0
14511,14500,11,装甲头盔_1~10,800,0,0,0,820,40100,1,,,0,0,0,0,0,45,0,0,0,0,0,0,0,0,0,356,356,0,0,0,0,0,0,0,0,0,0,0,9,0,0
14512,14500,12,装甲头盔_1~10,700,0,0,0,900,40100,1,,,0,0,0,0,0,50,0,0,0,0,0,0,0,0,0,414,414,0,0,0,0,0,0,0,0,0,0,0,11,0,0
14513,14500,13,装甲头盔_1~10,600,0,0,0,970,40100,1,,,0,0,0,0,0,55,0,0,0,0,0,0,0,0,0,490,490,0,0,0,0,0,0,0,0,0,0,0,13,0,0
14514,14500,14,装甲头盔_1~10,500,0,0,0,1050,40100,1,,,0,0,0,0,0,60,0,0,0,0,0,0,0,0,0,566,566,0,0,0,0,0,0,0,0,0,0,0,15,0,0
14515,14500,15,装甲头盔_1~10,400,0,0,0,1120,40100,1,,,0,0,0,0,0,65,0,0,0,0,0,0,0,0,0,642,642,0,0,0,0,0,0,0,0,0,0,0,17,0,0
14551,14550,1,装甲头盔_11~20,10000,0,0,0,980,40101,1,,,0,0,0,0,0,0,0,0,0,0,0,0,0,0,0,25,25,0,0,0,0,0,0,0,0,0,0,0,0,0,0
14552,14550,2,装甲头盔_11~20,9000,9500,10000,0,1950,40101,1,,,0,0,0,0,0,0,0,0,0,0,0,0,0,0,0,50,50,0,0,0,0,0,0,0,0,0,0,0,0,0,0
14553,14550,3,装甲头盔_11~20,7500,8500,10000,0,2930,40101,1,,,0,0,0,0,0,0,0,0,0,0,0,0,0,0,0,75,75,0,0,0,0,0,0,0,0,0,0,0,0,0,0
14554,14550,4,装甲头盔_11~20,6000,7500,10000,0,3910,40101,1,,,0,0,0,0,0,0,0,0,0,0,0,0,0,0,0,128,128,0,0,0,0,0,0,0,0,0,0,0,0,0,0
14555,14550,5,装甲头盔_11~20,4500,6500,10000,0,4880,40101,1,,,0,0,0,0,0,0,0,0,0,0,0,0,0,0,0,181,181,0,0,0,0,0,0,0,0,0,0,0,0,0,0
14556,14550,6,装甲头盔_11~20,3500,5500,10000,0,5860,40101,1,,,0,0,0,0,0,0,0,0,0,0,0,0,0,0,0,234,234,0,0,0,0,0,0,0,0,0,0,0,0,0,0
14557,14550,7,装甲头盔_11~20,2500,4500,10000,0,6840,40101,1,,,0,0,0,0,0,0,0,0,0,0,0,0,0,0,0,317,317,0,0,0,0,0,0,0,0,0,0,0,0,0,0
14558,14550,8,装甲头盔_11~20,1500,3500,0,10000,7810,40101,1,,,0,0,0,0,0,36,0,0,0,0,0,0,0,0,0,400,400,0,0,0,0,0,0,0,0,0,0,0,3,0,0
14559,14550,9,装甲头盔_11~20,1000,2500,0,10000,8790,40101,1,,,0,0,0,0,0,42,0,0,0,0,0,0,0,0,0,483,483,0,0,0,0,0,0,0,0,0,0,0,5,0,0
14560,14550,10,装甲头盔_11~20,900,1500,0,9000,9770,40101,1,,,0,0,0,0,0,48,0,0,0,0,0,0,0,0,0,599,599,0,0,0,0,0,0,0,0,0,0,0,7,0,0
14561,14550,11,装甲头盔_11~20,800,0,0,0,10740,40101,1,,,0,0,0,0,0,54,0,0,0,0,0,0,0,0,0,715,715,0,0,0,0,0,0,0,0,0,0,0,9,0,0
14562,14550,12,装甲头盔_11~20,700,0,0,0,11720,40101,1,,,0,0,0,0,0,60,0,0,0,0,0,0,0,0,0,831,831,0,0,0,0,0,0,0,0,0,0,0,11,0,0
14563,14550,13,装甲头盔_11~20,600,0,0,0,12700,40101,1,,,0,0,0,0,0,66,0,0,0,0,0,0,0,0,0,983,983,0,0,0,0,0,0,0,0,0,0,0,13,0,0
14564,14550,14,装甲头盔_11~20,500,0,0,0,13670,40101,1,,,0,0,0,0,0,72,0,0,0,0,0,0,0,0,0,1135,1135,0,0,0,0,0,0,0,0,0,0,0,15,0,0
14565,14550,15,装甲头盔_11~20,400,0,0,0,14650,40101,1,,,0,0,0,0,0,78,0,0,0,0,0,0,0,0,0,1287,1287,0,0,0,0,0,0,0,0,0,0,0,17,0,0
14601,14600,1,装甲头盔_21~30,10000,0,0,0,4450,40102,1,,,0,0,0,0,0,0,0,0,0,0,0,0,0,0,0,38,38,0,0,0,0,0,0,0,0,0,0,0,0,0,0
14602,14600,2,装甲头盔_21~30,9000,9500,10000,0,8900,40102,1,,,0,0,0,0,0,0,0,0,0,0,0,0,0,0,0,76,76,0,0,0,0,0,0,0,0,0,0,0,0,0,0
14603,14600,3,装甲头盔_21~30,7500,8500,10000,0,13340,40102,1,,,0,0,0,0,0,0,0,0,0,0,0,0,0,0,0,114,114,0,0,0,0,0,0,0,0,0,0,0,0,0,0
14604,14600,4,装甲头盔_21~30,6000,7500,10000,0,17790,40102,1,,,0,0,0,0,0,0,0,0,0,0,0,0,0,0,0,193,193,0,0,0,0,0,0,0,0,0,0,0,0,0,0
14605,14600,5,装甲头盔_21~30,4500,6500,10000,0,22240,40102,1,,,0,0,0,0,0,0,0,0,0,0,0,0,0,0,0,272,272,0,0,0,0,0,0,0,0,0,0,0,0,0,0
14606,14600,6,装甲头盔_21~30,3500,5500,10000,0,26690,40102,1,,,0,0,0,0,0,0,0,0,0,0,0,0,0,0,0,351,351,0,0,0,0,0,0,0,0,0,0,0,0,0,0
14607,14600,7,装甲头盔_21~30,2500,4500,10000,0,31130,40102,1,,,0,0,0,0,0,0,0,0,0,0,0,0,0,0,0,475,475,0,0,0,0,0,0,0,0,0,0,0,0,0,0
14608,14600,8,装甲头盔_21~30,1500,3500,0,10000,35580,40102,1,,,0,0,0,0,0,43,0,0,0,0,0,0,0,0,0,599,599,0,0,0,0,0,0,0,0,0,0,0,3,0,0
14609,14600,9,装甲头盔_21~30,1000,2500,0,10000,40030,40102,1,,,0,0,0,0,0,50,0,0,0,0,0,0,0,0,0,723,723,0,0,0,0,0,0,0,0,0,0,0,5,0,0
14610,14600,10,装甲头盔_21~30,900,1500,0,9000,44480,40102,1,,,0,0,0,0,0,58,0,0,0,0,0,0,0,0,0,896,896,0,0,0,0,0,0,0,0,0,0,0,7,0,0
14611,14600,11,装甲头盔_21~30,800,0,0,0,48930,40102,1,,,0,0,0,0,0,65,0,0,0,0,0,0,0,0,0,1069,1069,0,0,0,0,0,0,0,0,0,0,0,9,0,0
14612,14600,12,装甲头盔_21~30,700,0,0,0,53370,40102,1,,,0,0,0,0,0,72,0,0,0,0,0,0,0,0,0,1242,1242,0,0,0,0,0,0,0,0,0,0,0,11,0,0
14613,14600,13,装甲头盔_21~30,600,0,0,0,57820,40102,1,,,0,0,0,0,0,79,0,0,0,0,0,0,0,0,0,1470,1470,0,0,0,0,0,0,0,0,0,0,0,13,0,0
14614,14600,14,装甲头盔_21~30,500,0,0,0,62270,40102,1,,,0,0,0,0,0,86,0,0,0,0,0,0,0,0,0,1698,1698,0,0,0,0,0,0,0,0,0,0,0,15,0,0
14615,14600,15,装甲头盔_21~30,400,0,0,0,66720,40102,1,,,0,0,0,0,0,94,0,0,0,0,0,0,0,0,0,1926,1926,0,0,0,0,0,0,0,0,0,0,0,17,0,0
14651,14650,1,装甲头盔_31~40,10000,0,0,0,12400,40103,1,,,0,0,0,0,0,0,0,0,0,0,0,0,0,0,0,50,50,0,0,0,0,0,0,0,0,0,0,0,0,0,0
14652,14650,2,装甲头盔_31~40,9000,9500,10000,0,24800,40103,1,,,0,0,0,0,0,0,0,0,0,0,0,0,0,0,0,100,100,0,0,0,0,0,0,0,0,0,0,0,0,0,0
14653,14650,3,装甲头盔_31~40,7500,8500,10000,0,37190,40103,1,,,0,0,0,0,0,0,0,0,0,0,0,0,0,0,0,150,150,0,0,0,0,0,0,0,0,0,0,0,0,0,0
14654,14650,4,装甲头盔_31~40,6000,7500,10000,0,49590,40103,1,,,0,0,0,0,0,0,0,0,0,0,0,0,0,0,0,256,256,0,0,0,0,0,0,0,0,0,0,0,0,0,0
14655,14650,5,装甲头盔_31~40,4500,6500,10000,0,61990,40103,1,,,0,0,0,0,0,0,0,0,0,0,0,0,0,0,0,362,362,0,0,0,0,0,0,0,0,0,0,0,0,0,0
14656,14650,6,装甲头盔_31~40,3500,5500,10000,0,74390,40103,1,,,0,0,0,0,0,0,0,0,0,0,0,0,0,0,0,468,468,0,0,0,0,0,0,0,0,0,0,0,0,0,0
14657,14650,7,装甲头盔_31~40,2500,4500,10000,0,86780,40103,1,,,0,0,0,0,0,0,0,0,0,0,0,0,0,0,0,634,634,0,0,0,0,0,0,0,0,0,0,0,0,0,0
14658,14650,8,装甲头盔_31~40,1500,3500,0,10000,99180,40103,1,,,0,0,0,0,0,52,0,0,0,0,0,0,0,0,0,800,800,0,0,0,0,0,0,0,0,0,0,0,3,0,0
14659,14650,9,装甲头盔_31~40,1000,2500,0,10000,111580,40103,1,,,0,0,0,0,0,60,0,0,0,0,0,0,0,0,0,966,966,0,0,0,0,0,0,0,0,0,0,0,5,0,0
14660,14650,10,装甲头盔_31~40,900,1500,0,9000,123980,40103,1,,,0,0,0,0,0,70,0,0,0,0,0,0,0,0,0,1197,1197,0,0,0,0,0,0,0,0,0,0,0,7,0,0
14661,14650,11,装甲头盔_31~40,800,0,0,0,136380,40103,1,,,0,0,0,0,0,78,0,0,0,0,0,0,0,0,0,1428,1428,0,0,0,0,0,0,0,0,0,0,0,9,0,0
14662,14650,12,装甲头盔_31~40,700,0,0,0,148770,40103,1,,,0,0,0,0,0,86,0,0,0,0,0,0,0,0,0,1659,1659,0,0,0,0,0,0,0,0,0,0,0,11,0,0
14663,14650,13,装甲头盔_31~40,600,0,0,0,161170,40103,1,,,0,0,0,0,0,95,0,0,0,0,0,0,0,0,0,1963,1963,0,0,0,0,0,0,0,0,0,0,0,13,0,0
14664,14650,14,装甲头盔_31~40,500,0,0,0,173570,40103,1,,,0,0,0,0,0,103,0,0,0,0,0,0,0,0,0,2267,2267,0,0,0,0,0,0,0,0,0,0,0,15,0,0
14665,14650,15,装甲头盔_31~40,400,0,0,0,185970,40103,1,,,0,0,0,0,0,113,0,0,0,0,0,0,0,0,0,2571,2571,0,0,0,0,0,0,0,0,0,0,0,17,0,0
14701,14700,1,装甲头盔_41~50,10000,0,0,0,16820,40104,1,,,0,0,0,0,0,0,0,0,0,0,0,0,0,0,0,63,63,0,0,0,0,0,0,0,0,0,0,0,0,0,0
14702,14700,2,装甲头盔_41~50,9000,9500,10000,0,33640,40104,1,,,0,0,0,0,0,0,0,0,0,0,0,0,0,0,0,126,126,0,0,0,0,0,0,0,0,0,0,0,0,0,0
14703,14700,3,装甲头盔_41~50,7500,8500,10000,0,50470,40104,1,,,0,0,0,0,0,0,0,0,0,0,0,0,0,0,0,189,189,0,0,0,0,0,0,0,0,0,0,0,0,0,0
14704,14700,4,装甲头盔_41~50,6000,7500,10000,0,67290,40104,1,,,0,0,0,0,0,0,0,0,0,0,0,0,0,0,0,321,321,0,0,0,0,0,0,0,0,0,0,0,0,0,0
14705,14700,5,装甲头盔_41~50,4500,6500,10000,0,84110,40104,1,,,0,0,0,0,0,0,0,0,0,0,0,0,0,0,0,453,453,0,0,0,0,0,0,0,0,0,0,0,0,0,0
14706,14700,6,装甲头盔_41~50,3500,5500,10000,0,100930,40104,1,,,0,0,0,0,0,0,0,0,0,0,0,0,0,0,0,585,585,0,0,0,0,0,0,0,0,0,0,0,0,0,0
14707,14700,7,装甲头盔_41~50,2500,4500,10000,0,117750,40104,1,,,0,0,0,0,0,0,0,0,0,0,0,0,0,0,0,792,792,0,0,0,0,0,0,0,0,0,0,0,0,0,0
14708,14700,8,装甲头盔_41~50,1500,3500,0,10000,134570,40104,1,,,0,0,0,0,0,62,0,0,0,0,0,0,0,0,0,999,999,0,0,0,0,0,0,0,0,0,0,0,3,0,0
14709,14700,9,装甲头盔_41~50,1000,2500,0,10000,151400,40104,1,,,0,0,0,0,0,72,0,0,0,0,0,0,0,0,0,1206,1206,0,0,0,0,0,0,0,0,0,0,0,5,0,0
14710,14700,10,装甲头盔_41~50,900,1500,0,9000,168220,40104,1,,,0,0,0,0,0,84,0,0,0,0,0,0,0,0,0,1495,1495,0,0,0,0,0,0,0,0,0,0,0,7,0,0
14711,14700,11,装甲头盔_41~50,800,0,0,0,185040,40104,1,,,0,0,0,0,0,94,0,0,0,0,0,0,0,0,0,1784,1784,0,0,0,0,0,0,0,0,0,0,0,9,0,0
14712,14700,12,装甲头盔_41~50,700,0,0,0,201860,40104,1,,,0,0,0,0,0,103,0,0,0,0,0,0,0,0,0,2073,2073,0,0,0,0,0,0,0,0,0,0,0,11,0,0
14713,14700,13,装甲头盔_41~50,600,0,0,0,218680,40104,1,,,0,0,0,0,0,114,0,0,0,0,0,0,0,0,0,2453,2453,0,0,0,0,0,0,0,0,0,0,0,13,0,0
14714,14700,14,装甲头盔_41~50,500,0,0,0,235510,40104,1,,,0,0,0,0,0,124,0,0,0,0,0,0,0,0,0,2833,2833,0,0,0,0,0,0,0,0,0,0,0,15,0,0
14715,14700,15,装甲头盔_41~50,400,0,0,0,252330,40104,1,,,0,0,0,0,0,136,0,0,0,0,0,0,0,0,0,3213,3213,0,0,0,0,0,0,0,0,0,0,0,17,0,0
14751,14750,1,装甲头盔_51~60,10000,0,0,0,16820,40104,1,,,0,0,0,0,0,0,0,0,0,0,0,0,0,0,0,76,76,0,0,0,0,0,0,0,0,0,0,0,0,0,0
14752,14750,2,装甲头盔_51~60,9000,9500,10000,0,33640,40104,1,,,0,0,0,0,0,0,0,0,0,0,0,0,0,0,0,152,152,0,0,0,0,0,0,0,0,0,0,0,0,0,0
14753,14750,3,装甲头盔_51~60,7500,8500,10000,0,50470,40104,1,,,0,0,0,0,0,0,0,0,0,0,0,0,0,0,0,228,228,0,0,0,0,0,0,0,0,0,0,0,0,0,0
14754,14750,4,装甲头盔_51~60,6000,7500,10000,0,67290,40104,1,,,0,0,0,0,0,0,0,0,0,0,0,0,0,0,0,387,387,0,0,0,0,0,0,0,0,0,0,0,0,0,0
14755,14750,5,装甲头盔_51~60,4500,6500,10000,0,84110,40104,1,,,0,0,0,0,0,0,0,0,0,0,0,0,0,0,0,546,546,0,0,0,0,0,0,0,0,0,0,0,0,0,0
14756,14750,6,装甲头盔_51~60,3500,5500,10000,0,100930,40104,1,,,0,0,0,0,0,0,0,0,0,0,0,0,0,0,0,705,705,0,0,0,0,0,0,0,0,0,0,0,0,0,0
14757,14750,7,装甲头盔_51~60,2500,4500,10000,0,117750,40104,1,,,0,0,0,0,0,0,0,0,0,0,0,0,0,0,0,953,953,0,0,0,0,0,0,0,0,0,0,0,0,0,0
14758,14750,8,装甲头盔_51~60,1500,3500,0,10000,134570,40104,1,,,0,0,0,0,0,74,0,0,0,0,0,0,0,0,0,1201,1201,0,0,0,0,0,0,0,0,0,0,0,3,0,0
14759,14750,9,装甲头盔_51~60,1000,2500,0,10000,151400,40104,1,,,0,0,0,0,0,86,0,0,0,0,0,0,0,0,0,1449,1449,0,0,0,0,0,0,0,0,0,0,0,5,0,0
14760,14750,10,装甲头盔_51~60,900,1500,0,9000,168220,40104,1,,,0,0,0,0,0,101,0,0,0,0,0,0,0,0,0,1796,1796,0,0,0,0,0,0,0,0,0,0,0,7,0,0
14761,14750,11,装甲头盔_51~60,800,0,0,0,185040,40104,1,,,0,0,0,0,0,113,0,0,0,0,0,0,0,0,0,2143,2143,0,0,0,0,0,0,0,0,0,0,0,9,0,0
14762,14750,12,装甲头盔_51~60,700,0,0,0,201860,40104,1,,,0,0,0,0,0,124,0,0,0,0,0,0,0,0,0,2490,2490,0,0,0,0,0,0,0,0,0,0,0,11,0,0
14763,14750,13,装甲头盔_51~60,600,0,0,0,218680,40104,1,,,0,0,0,0,0,137,0,0,0,0,0,0,0,0,0,2946,2946,0,0,0,0,0,0,0,0,0,0,0,13,0,0
14764,14750,14,装甲头盔_51~60,500,0,0,0,235510,40104,1,,,0,0,0,0,0,149,0,0,0,0,0,0,0,0,0,3402,3402,0,0,0,0,0,0,0,0,0,0,0,15,0,0
14765,14750,15,装甲头盔_51~60,400,0,0,0,252330,40104,1,,,0,0,0,0,0,163,0,0,0,0,0,0,0,0,0,3858,3858,0,0,0,0,0,0,0,0,0,0,0,17,0,0
14801,14800,1,装甲头盔_61~70,10000,0,0,0,16820,40104,1,,,0,0,0,0,0,0,0,0,0,0,0,0,0,0,0,0,0,0,0,0,0,0,0,0,0,0,0,0,0,0,0
14802,14800,2,装甲头盔_61~70,9000,9500,10000,0,33640,40104,1,,,0,0,0,0,0,0,0,0,0,0,0,0,0,0,0,0,0,0,0,0,0,0,0,0,0,0,0,0,0,0,0
14803,14800,3,装甲头盔_61~70,7500,8500,10000,0,50470,40104,1,,,0,0,0,0,0,0,0,0,0,0,0,0,0,0,0,0,0,0,0,0,0,0,0,0,0,0,0,0,0,0,0
14804,14800,4,装甲头盔_61~70,6000,7500,10000,0,67290,40104,1,,,0,0,0,0,0,0,0,0,0,0,0,0,0,0,0,0,0,0,0,0,0,0,0,0,0,0,0,0,0,0,0
14805,14800,5,装甲头盔_61~70,4500,6500,10000,0,84110,40104,1,,,0,0,0,0,0,0,0,0,0,0,0,0,0,0,0,0,0,0,0,0,0,0,0,0,0,0,0,0,0,0,0
14806,14800,6,装甲头盔_61~70,3500,5500,10000,0,100930,40104,1,,,0,0,0,0,0,0,0,0,0,0,0,0,0,0,0,0,0,0,0,0,0,0,0,0,0,0,0,0,0,0,0
14807,14800,7,装甲头盔_61~70,2500,4500,10000,0,117750,40104,1,,,0,0,0,0,0,0,0,0,0,0,0,0,0,0,0,0,0,0,0,0,0,0,0,0,0,0,0,0,0,0,0
14808,14800,8,装甲头盔_61~70,1500,3500,0,10000,134570,40104,1,,,0,0,0,0,0,89,0,0,0,0,0,0,0,0,0,0,0,0,0,0,0,0,0,0,0,0,0,0,3,0,0
14809,14800,9,装甲头盔_61~70,1000,2500,0,10000,151400,40104,1,,,0,0,0,0,0,103,0,0,0,0,0,0,0,0,0,0,0,0,0,0,0,0,0,0,0,0,0,0,5,0,0
14810,14800,10,装甲头盔_61~70,900,1500,0,9000,168220,40104,1,,,0,0,0,0,0,121,0,0,0,0,0,0,0,0,0,0,0,0,0,0,0,0,0,0,0,0,0,0,7,0,0
14811,14800,11,装甲头盔_61~70,800,0,0,0,185040,40104,1,,,0,0,0,0,0,136,0,0,0,0,0,0,0,0,0,0,0,0,0,0,0,0,0,0,0,0,0,0,9,0,0
14812,14800,12,装甲头盔_61~70,700,0,0,0,201860,40104,1,,,0,0,0,0,0,149,0,0,0,0,0,0,0,0,0,0,0,0,0,0,0,0,0,0,0,0,0,0,11,0,0
14813,14800,13,装甲头盔_61~70,600,0,0,0,218680,40104,1,,,0,0,0,0,0,164,0,0,0,0,0,0,0,0,0,0,0,0,0,0,0,0,0,0,0,0,0,0,13,0,0
14814,14800,14,装甲头盔_61~70,500,0,0,0,235510,40104,1,,,0,0,0,0,0,179,0,0,0,0,0,0,0,0,0,0,0,0,0,0,0,0,0,0,0,0,0,0,15,0,0
14815,14800,15,装甲头盔_61~70,400,0,0,0,252330,40104,1,,,0,0,0,0,0,196,0,0,0,0,0,0,0,0,0,0,0,0,0,0,0,0,0,0,0,0,0,0,17,0,0
15401,15400,1,洛夫上衣_1~10,10000,0,0,0,70,40100,1,,,0,0,0,0,0,0,0,0,0,0,0,0,0,0,0,13,13,0,0,0,0,0,0,0,0,0,0,0,0,0,0
15402,15400,2,洛夫上衣_1~10,9000,9500,10000,0,150,40100,1,,,0,0,0,0,0,0,0,0,0,0,0,0,0,0,0,26,26,0,0,0,0,0,0,0,0,0,0,0,0,0,0
15403,15400,3,洛夫上衣_1~10,7500,8500,10000,0,220,40100,1,,,0,0,0,0,0,0,0,0,0,0,0,0,0,0,0,39,39,0,0,0,0,0,0,0,0,0,0,0,0,0,0
15404,15400,4,洛夫上衣_1~10,6000,7500,10000,0,300,40100,1,,,0,0,0,0,0,0,0,0,0,0,0,0,0,0,0,65,65,0,0,0,0,0,0,0,0,0,0,0,0,0,0
15405,15400,5,洛夫上衣_1~10,4500,6500,10000,0,370,40100,1,,,0,0,0,0,0,0,0,0,0,0,0,0,0,0,0,91,91,0,0,0,0,0,0,0,0,0,0,0,0,0,0
15406,15400,6,洛夫上衣_1~10,3500,5500,10000,0,450,40100,1,,,0,0,0,0,0,0,0,0,0,0,0,0,0,0,0,117,117,0,0,0,0,0,0,0,0,0,0,0,0,0,0
15407,15400,7,洛夫上衣_1~10,2500,4500,10000,0,520,40100,1,,,0,0,0,0,0,0,0,0,0,0,0,0,0,0,0,158,158,0,0,0,0,0,0,0,0,0,0,0,0,0,0
15408,15400,8,洛夫上衣_1~10,1500,3500,0,10000,600,40100,1,,,0,0,0,0,0,0,0,0,0,0,0,0,0,0,0,199,199,0,0,0,0,0,0,0,3,0,0,0,3,0,0
15409,15400,9,洛夫上衣_1~10,1000,2500,0,10000,670,40100,1,,,0,0,0,0,0,0,0,0,0,0,0,0,0,0,0,240,240,0,0,0,0,0,0,0,8,0,0,0,5,0,0
15410,15400,10,洛夫上衣_1~10,900,1500,0,9000,750,40100,1,,,0,0,0,0,0,0,0,0,0,0,0,0,0,0,0,298,298,0,0,0,0,0,0,0,13,0,0,0,7,0,0
15411,15400,11,洛夫上衣_1~10,800,0,0,0,820,40100,1,,,0,0,0,0,0,0,0,0,0,0,0,0,0,0,0,356,356,0,0,0,0,0,0,0,18,0,0,0,9,0,0
15412,15400,12,洛夫上衣_1~10,700,0,0,0,900,40100,1,,,0,0,0,0,0,0,0,0,0,0,0,0,0,0,0,414,414,0,0,0,0,0,0,0,23,0,0,0,11,0,0
15413,15400,13,洛夫上衣_1~10,600,0,0,0,970,40100,1,,,0,0,0,0,0,0,0,0,0,0,0,0,0,0,0,490,490,0,0,0,0,0,0,0,28,0,0,0,13,0,0
15414,15400,14,洛夫上衣_1~10,500,0,0,0,1050,40100,1,,,0,0,0,0,0,0,0,0,0,0,0,0,0,0,0,566,566,0,0,0,0,0,0,0,33,0,0,0,15,0,0
15415,15400,15,洛夫上衣_1~10,400,0,0,0,1120,40100,1,,,0,0,0,0,0,0,0,0,0,0,0,0,0,0,0,642,642,0,0,0,0,0,0,0,38,0,0,0,17,0,0
15451,15450,1,洛夫上衣_11~20,10000,0,0,0,980,40101,1,,,0,0,0,0,0,0,0,0,0,0,0,0,0,0,0,25,25,0,0,0,0,0,0,0,0,0,0,0,0,0,0
15452,15450,2,洛夫上衣_11~20,9000,9500,10000,0,1950,40101,1,,,0,0,0,0,0,0,0,0,0,0,0,0,0,0,0,50,50,0,0,0,0,0,0,0,0,0,0,0,0,0,0
15453,15450,3,洛夫上衣_11~20,7500,8500,10000,0,2930,40101,1,,,0,0,0,0,0,0,0,0,0,0,0,0,0,0,0,75,75,0,0,0,0,0,0,0,0,0,0,0,0,0,0
15454,15450,4,洛夫上衣_11~20,6000,7500,10000,0,3910,40101,1,,,0,0,0,0,0,0,0,0,0,0,0,0,0,0,0,128,128,0,0,0,0,0,0,0,0,0,0,0,0,0,0
15455,15450,5,洛夫上衣_11~20,4500,6500,10000,0,4880,40101,1,,,0,0,0,0,0,0,0,0,0,0,0,0,0,0,0,181,181,0,0,0,0,0,0,0,0,0,0,0,0,0,0
15456,15450,6,洛夫上衣_11~20,3500,5500,10000,0,5860,40101,1,,,0,0,0,0,0,0,0,0,0,0,0,0,0,0,0,234,234,0,0,0,0,0,0,0,0,0,0,0,0,0,0
15457,15450,7,洛夫上衣_11~20,2500,4500,10000,0,6840,40101,1,,,0,0,0,0,0,0,0,0,0,0,0,0,0,0,0,317,317,0,0,0,0,0,0,0,0,0,0,0,0,0,0
15458,15450,8,洛夫上衣_11~20,1500,3500,0,10000,7810,40101,1,,,0,0,0,0,0,0,0,0,0,0,0,0,0,0,0,400,400,0,0,0,0,0,0,0,4,0,0,0,3,0,0
15459,15450,9,洛夫上衣_11~20,1000,2500,0,10000,8790,40101,1,,,0,0,0,0,0,0,0,0,0,0,0,0,0,0,0,483,483,0,0,0,0,0,0,0,10,0,0,0,5,0,0
15460,15450,10,洛夫上衣_11~20,900,1500,0,9000,9770,40101,1,,,0,0,0,0,0,0,0,0,0,0,0,0,0,0,0,599,599,0,0,0,0,0,0,0,16,0,0,0,7,0,0
15461,15450,11,洛夫上衣_11~20,800,0,0,0,10740,40101,1,,,0,0,0,0,0,0,0,0,0,0,0,0,0,0,0,715,715,0,0,0,0,0,0,0,22,0,0,0,9,0,0
15462,15450,12,洛夫上衣_11~20,700,0,0,0,11720,40101,1,,,0,0,0,0,0,0,0,0,0,0,0,0,0,0,0,831,831,0,0,0,0,0,0,0,28,0,0,0,11,0,0
15463,15450,13,洛夫上衣_11~20,600,0,0,0,12700,40101,1,,,0,0,0,0,0,0,0,0,0,0,0,0,0,0,0,983,983,0,0,0,0,0,0,0,34,0,0,0,13,0,0
15464,15450,14,洛夫上衣_11~20,500,0,0,0,13670,40101,1,,,0,0,0,0,0,0,0,0,0,0,0,0,0,0,0,1135,1135,0,0,0,0,0,0,0,40,0,0,0,15,0,0
15465,15450,15,洛夫上衣_11~20,400,0,0,0,14650,40101,1,,,0,0,0,0,0,0,0,0,0,0,0,0,0,0,0,1287,1287,0,0,0,0,0,0,0,46,0,0,0,17,0,0
15501,15500,1,洛夫上衣_21~30,10000,0,0,0,4450,40102,1,,,0,0,0,0,0,0,0,0,0,0,0,0,0,0,0,38,38,0,0,0,0,0,0,0,0,0,0,0,0,0,0
15502,15500,2,洛夫上衣_21~30,9000,9500,10000,0,8900,40102,1,,,0,0,0,0,0,0,0,0,0,0,0,0,0,0,0,76,76,0,0,0,0,0,0,0,0,0,0,0,0,0,0
15503,15500,3,洛夫上衣_21~30,7500,8500,10000,0,13340,40102,1,,,0,0,0,0,0,0,0,0,0,0,0,0,0,0,0,114,114,0,0,0,0,0,0,0,0,0,0,0,0,0,0
15504,15500,4,洛夫上衣_21~30,6000,7500,10000,0,17790,40102,1,,,0,0,0,0,0,0,0,0,0,0,0,0,0,0,0,193,193,0,0,0,0,0,0,0,0,0,0,0,0,0,0
15505,15500,5,洛夫上衣_21~30,4500,6500,10000,0,22240,40102,1,,,0,0,0,0,0,0,0,0,0,0,0,0,0,0,0,272,272,0,0,0,0,0,0,0,0,0,0,0,0,0,0
15506,15500,6,洛夫上衣_21~30,3500,5500,10000,0,26690,40102,1,,,0,0,0,0,0,0,0,0,0,0,0,0,0,0,0,351,351,0,0,0,0,0,0,0,0,0,0,0,0,0,0
15507,15500,7,洛夫上衣_21~30,2500,4500,10000,0,31130,40102,1,,,0,0,0,0,0,0,0,0,0,0,0,0,0,0,0,475,475,0,0,0,0,0,0,0,0,0,0,0,0,0,0
15508,15500,8,洛夫上衣_21~30,1500,3500,0,10000,35580,40102,1,,,0,0,0,0,0,0,0,0,0,0,0,0,0,0,0,599,599,0,0,0,0,0,0,0,5,0,0,0,3,0,0
15509,15500,9,洛夫上衣_21~30,1000,2500,0,10000,40030,40102,1,,,0,0,0,0,0,0,0,0,0,0,0,0,0,0,0,723,723,0,0,0,0,0,0,0,12,0,0,0,5,0,0
15510,15500,10,洛夫上衣_21~30,900,1500,0,9000,44480,40102,1,,,0,0,0,0,0,0,0,0,0,0,0,0,0,0,0,896,896,0,0,0,0,0,0,0,19,0,0,0,7,0,0
15511,15500,11,洛夫上衣_21~30,800,0,0,0,48930,40102,1,,,0,0,0,0,0,0,0,0,0,0,0,0,0,0,0,1069,1069,0,0,0,0,0,0,0,26,0,0,0,9,0,0
15512,15500,12,洛夫上衣_21~30,700,0,0,0,53370,40102,1,,,0,0,0,0,0,0,0,0,0,0,0,0,0,0,0,1242,1242,0,0,0,0,0,0,0,34,0,0,0,11,0,0
15513,15500,13,洛夫上衣_21~30,600,0,0,0,57820,40102,1,,,0,0,0,0,0,0,0,0,0,0,0,0,0,0,0,1470,1470,0,0,0,0,0,0,0,41,0,0,0,13,0,0
15514,15500,14,洛夫上衣_21~30,500,0,0,0,62270,40102,1,,,0,0,0,0,0,0,0,0,0,0,0,0,0,0,0,1698,1698,0,0,0,0,0,0,0,48,0,0,0,15,0,0
15515,15500,15,洛夫上衣_21~30,400,0,0,0,66720,40102,1,,,0,0,0,0,0,0,0,0,0,0,0,0,0,0,0,1926,1926,0,0,0,0,0,0,0,55,0,0,0,17,0,0
15551,15550,1,洛夫上衣_31~40,10000,0,0,0,12400,40103,1,,,0,0,0,0,0,0,0,0,0,0,0,0,0,0,0,50,50,0,0,0,0,0,0,0,0,0,0,0,0,0,0
15552,15550,2,洛夫上衣_31~40,9000,9500,10000,0,24800,40103,1,,,0,0,0,0,0,0,0,0,0,0,0,0,0,0,0,100,100,0,0,0,0,0,0,0,0,0,0,0,0,0,0
15553,15550,3,洛夫上衣_31~40,7500,8500,10000,0,37190,40103,1,,,0,0,0,0,0,0,0,0,0,0,0,0,0,0,0,150,150,0,0,0,0,0,0,0,0,0,0,0,0,0,0
15554,15550,4,洛夫上衣_31~40,6000,7500,10000,0,49590,40103,1,,,0,0,0,0,0,0,0,0,0,0,0,0,0,0,0,256,256,0,0,0,0,0,0,0,0,0,0,0,0,0,0
15555,15550,5,洛夫上衣_31~40,4500,6500,10000,0,61990,40103,1,,,0,0,0,0,0,0,0,0,0,0,0,0,0,0,0,362,362,0,0,0,0,0,0,0,0,0,0,0,0,0,0
15556,15550,6,洛夫上衣_31~40,3500,5500,10000,0,74390,40103,1,,,0,0,0,0,0,0,0,0,0,0,0,0,0,0,0,468,468,0,0,0,0,0,0,0,0,0,0,0,0,0,0
15557,15550,7,洛夫上衣_31~40,2500,4500,10000,0,86780,40103,1,,,0,0,0,0,0,0,0,0,0,0,0,0,0,0,0,634,634,0,0,0,0,0,0,0,0,0,0,0,0,0,0
15558,15550,8,洛夫上衣_31~40,1500,3500,0,10000,99180,40103,1,,,0,0,0,0,0,0,0,0,0,0,0,0,0,0,0,800,800,0,0,0,0,0,0,0,6,0,0,0,3,0,0
15559,15550,9,洛夫上衣_31~40,1000,2500,0,10000,111580,40103,1,,,0,0,0,0,0,0,0,0,0,0,0,0,0,0,0,966,966,0,0,0,0,0,0,0,14,0,0,0,5,0,0
15560,15550,10,洛夫上衣_31~40,900,1500,0,9000,123980,40103,1,,,0,0,0,0,0,0,0,0,0,0,0,0,0,0,0,1197,1197,0,0,0,0,0,0,0,23,0,0,0,7,0,0
15561,15550,11,洛夫上衣_31~40,800,0,0,0,136380,40103,1,,,0,0,0,0,0,0,0,0,0,0,0,0,0,0,0,1428,1428,0,0,0,0,0,0,0,31,0,0,0,9,0,0
15562,15550,12,洛夫上衣_31~40,700,0,0,0,148770,40103,1,,,0,0,0,0,0,0,0,0,0,0,0,0,0,0,0,1659,1659,0,0,0,0,0,0,0,41,0,0,0,11,0,0
15563,15550,13,洛夫上衣_31~40,600,0,0,0,161170,40103,1,,,0,0,0,0,0,0,0,0,0,0,0,0,0,0,0,1963,1963,0,0,0,0,0,0,0,49,0,0,0,13,0,0
15564,15550,14,洛夫上衣_31~40,500,0,0,0,173570,40103,1,,,0,0,0,0,0,0,0,0,0,0,0,0,0,0,0,2267,2267,0,0,0,0,0,0,0,58,0,0,0,15,0,0
15565,15550,15,洛夫上衣_31~40,400,0,0,0,185970,40103,1,,,0,0,0,0,0,0,0,0,0,0,0,0,0,0,0,2571,2571,0,0,0,0,0,0,0,66,0,0,0,17,0,0
15601,15600,1,洛夫上衣_41~50,10000,0,0,0,16820,40104,1,,,0,0,0,0,0,0,0,0,0,0,0,0,0,0,0,63,63,0,0,0,0,0,0,0,0,0,0,0,0,0,0
15602,15600,2,洛夫上衣_41~50,9000,9500,10000,0,33640,40104,1,,,0,0,0,0,0,0,0,0,0,0,0,0,0,0,0,126,126,0,0,0,0,0,0,0,0,0,0,0,0,0,0
15603,15600,3,洛夫上衣_41~50,7500,8500,10000,0,50470,40104,1,,,0,0,0,0,0,0,0,0,0,0,0,0,0,0,0,189,189,0,0,0,0,0,0,0,0,0,0,0,0,0,0
15604,15600,4,洛夫上衣_41~50,6000,7500,10000,0,67290,40104,1,,,0,0,0,0,0,0,0,0,0,0,0,0,0,0,0,321,321,0,0,0,0,0,0,0,0,0,0,0,0,0,0
15605,15600,5,洛夫上衣_41~50,4500,6500,10000,0,84110,40104,1,,,0,0,0,0,0,0,0,0,0,0,0,0,0,0,0,453,453,0,0,0,0,0,0,0,0,0,0,0,0,0,0
15606,15600,6,洛夫上衣_41~50,3500,5500,10000,0,100930,40104,1,,,0,0,0,0,0,0,0,0,0,0,0,0,0,0,0,585,585,0,0,0,0,0,0,0,0,0,0,0,0,0,0
15607,15600,7,洛夫上衣_41~50,2500,4500,10000,0,117750,40104,1,,,0,0,0,0,0,0,0,0,0,0,0,0,0,0,0,792,792,0,0,0,0,0,0,0,0,0,0,0,0,0,0
15608,15600,8,洛夫上衣_41~50,1500,3500,0,10000,134570,40104,1,,,0,0,0,0,0,0,0,0,0,0,0,0,0,0,0,999,999,0,0,0,0,0,0,0,7,0,0,0,3,0,0
15609,15600,9,洛夫上衣_41~50,1000,2500,0,10000,151400,40104,1,,,0,0,0,0,0,0,0,0,0,0,0,0,0,0,0,1206,1206,0,0,0,0,0,0,0,17,0,0,0,5,0,0
15610,15600,10,洛夫上衣_41~50,900,1500,0,9000,168220,40104,1,,,0,0,0,0,0,0,0,0,0,0,0,0,0,0,0,1495,1495,0,0,0,0,0,0,0,28,0,0,0,7,0,0
15611,15600,11,洛夫上衣_41~50,800,0,0,0,185040,40104,1,,,0,0,0,0,0,0,0,0,0,0,0,0,0,0,0,1784,1784,0,0,0,0,0,0,0,37,0,0,0,9,0,0
15612,15600,12,洛夫上衣_41~50,700,0,0,0,201860,40104,1,,,0,0,0,0,0,0,0,0,0,0,0,0,0,0,0,2073,2073,0,0,0,0,0,0,0,49,0,0,0,11,0,0
15613,15600,13,洛夫上衣_41~50,600,0,0,0,218680,40104,1,,,0,0,0,0,0,0,0,0,0,0,0,0,0,0,0,2453,2453,0,0,0,0,0,0,0,59,0,0,0,13,0,0
15614,15600,14,洛夫上衣_41~50,500,0,0,0,235510,40104,1,,,0,0,0,0,0,0,0,0,0,0,0,0,0,0,0,2833,2833,0,0,0,0,0,0,0,70,0,0,0,15,0,0
15615,15600,15,洛夫上衣_41~50,400,0,0,0,252330,40104,1,,,0,0,0,0,0,0,0,0,0,0,0,0,0,0,0,3213,3213,0,0,0,0,0,0,0,79,0,0,0,17,0,0
15651,15650,1,洛夫上衣_51~60,10000,0,0,0,16820,40104,1,,,0,0,0,0,0,0,0,0,0,0,0,0,0,0,0,76,76,0,0,0,0,0,0,0,0,0,0,0,0,0,0
15652,15650,2,洛夫上衣_51~60,9000,9500,10000,0,33640,40104,1,,,0,0,0,0,0,0,0,0,0,0,0,0,0,0,0,152,152,0,0,0,0,0,0,0,0,0,0,0,0,0,0
15653,15650,3,洛夫上衣_51~60,7500,8500,10000,0,50470,40104,1,,,0,0,0,0,0,0,0,0,0,0,0,0,0,0,0,228,228,0,0,0,0,0,0,0,0,0,0,0,0,0,0
15654,15650,4,洛夫上衣_51~60,6000,7500,10000,0,67290,40104,1,,,0,0,0,0,0,0,0,0,0,0,0,0,0,0,0,387,387,0,0,0,0,0,0,0,0,0,0,0,0,0,0
15655,15650,5,洛夫上衣_51~60,4500,6500,10000,0,84110,40104,1,,,0,0,0,0,0,0,0,0,0,0,0,0,0,0,0,546,546,0,0,0,0,0,0,0,0,0,0,0,0,0,0
15656,15650,6,洛夫上衣_51~60,3500,5500,10000,0,100930,40104,1,,,0,0,0,0,0,0,0,0,0,0,0,0,0,0,0,705,705,0,0,0,0,0,0,0,0,0,0,0,0,0,0
15657,15650,7,洛夫上衣_51~60,2500,4500,10000,0,117750,40104,1,,,0,0,0,0,0,0,0,0,0,0,0,0,0,0,0,953,953,0,0,0,0,0,0,0,0,0,0,0,0,0,0
15658,15650,8,洛夫上衣_51~60,1500,3500,0,10000,134570,40104,1,,,0,0,0,0,0,0,0,0,0,0,0,0,0,0,0,1201,1201,0,0,0,0,0,0,0,8,0,0,0,3,0,0
15659,15650,9,洛夫上衣_51~60,1000,2500,0,10000,151400,40104,1,,,0,0,0,0,0,0,0,0,0,0,0,0,0,0,0,1449,1449,0,0,0,0,0,0,0,20,0,0,0,5,0,0
15660,15650,10,洛夫上衣_51~60,900,1500,0,9000,168220,40104,1,,,0,0,0,0,0,0,0,0,0,0,0,0,0,0,0,1796,1796,0,0,0,0,0,0,0,34,0,0,0,7,0,0
15661,15650,11,洛夫上衣_51~60,800,0,0,0,185040,40104,1,,,0,0,0,0,0,0,0,0,0,0,0,0,0,0,0,2143,2143,0,0,0,0,0,0,0,44,0,0,0,9,0,0
15662,15650,12,洛夫上衣_51~60,700,0,0,0,201860,40104,1,,,0,0,0,0,0,0,0,0,0,0,0,0,0,0,0,2490,2490,0,0,0,0,0,0,0,59,0,0,0,11,0,0
15663,15650,13,洛夫上衣_51~60,600,0,0,0,218680,40104,1,,,0,0,0,0,0,0,0,0,0,0,0,0,0,0,0,2946,2946,0,0,0,0,0,0,0,71,0,0,0,13,0,0
15664,15650,14,洛夫上衣_51~60,500,0,0,0,235510,40104,1,,,0,0,0,0,0,0,0,0,0,0,0,0,0,0,0,3402,3402,0,0,0,0,0,0,0,84,0,0,0,15,0,0
15665,15650,15,洛夫上衣_51~60,400,0,0,0,252330,40104,1,,,0,0,0,0,0,0,0,0,0,0,0,0,0,0,0,3858,3858,0,0,0,0,0,0,0,95,0,0,0,17,0,0
15701,15700,1,洛夫上衣_61~70,10000,0,0,0,16820,40104,1,,,0,0,0,0,0,0,0,0,0,0,0,0,0,0,0,0,0,0,0,0,0,0,0,0,0,0,0,0,0,0,0
15702,15700,2,洛夫上衣_61~70,9000,9500,10000,0,33640,40104,1,,,0,0,0,0,0,0,0,0,0,0,0,0,0,0,0,0,0,0,0,0,0,0,0,0,0,0,0,0,0,0,0
15703,15700,3,洛夫上衣_61~70,7500,8500,10000,0,50470,40104,1,,,0,0,0,0,0,0,0,0,0,0,0,0,0,0,0,0,0,0,0,0,0,0,0,0,0,0,0,0,0,0,0
15704,15700,4,洛夫上衣_61~70,6000,7500,10000,0,67290,40104,1,,,0,0,0,0,0,0,0,0,0,0,0,0,0,0,0,0,0,0,0,0,0,0,0,0,0,0,0,0,0,0,0
15705,15700,5,洛夫上衣_61~70,4500,6500,10000,0,84110,40104,1,,,0,0,0,0,0,0,0,0,0,0,0,0,0,0,0,0,0,0,0,0,0,0,0,0,0,0,0,0,0,0,0
15706,15700,6,洛夫上衣_61~70,3500,5500,10000,0,100930,40104,1,,,0,0,0,0,0,0,0,0,0,0,0,0,0,0,0,0,0,0,0,0,0,0,0,0,0,0,0,0,0,0,0
15707,15700,7,洛夫上衣_61~70,2500,4500,10000,0,117750,40104,1,,,0,0,0,0,0,0,0,0,0,0,0,0,0,0,0,0,0,0,0,0,0,0,0,0,0,0,0,0,0,0,0
15708,15700,8,洛夫上衣_61~70,1500,3500,0,10000,134570,40104,1,,,0,0,0,0,0,0,0,0,0,0,0,0,0,0,0,0,0,0,0,0,0,0,0,0,10,0,0,0,3,0,0
15709,15700,9,洛夫上衣_61~70,1000,2500,0,10000,151400,40104,1,,,0,0,0,0,0,0,0,0,0,0,0,0,0,0,0,0,0,0,0,0,0,0,0,0,24,0,0,0,5,0,0
15710,15700,10,洛夫上衣_61~70,900,1500,0,9000,168220,40104,1,,,0,0,0,0,0,0,0,0,0,0,0,0,0,0,0,0,0,0,0,0,0,0,0,0,41,0,0,0,7,0,0
15711,15700,11,洛夫上衣_61~70,800,0,0,0,185040,40104,1,,,0,0,0,0,0,0,0,0,0,0,0,0,0,0,0,0,0,0,0,0,0,0,0,0,53,0,0,0,9,0,0
15712,15700,12,洛夫上衣_61~70,700,0,0,0,201860,40104,1,,,0,0,0,0,0,0,0,0,0,0,0,0,0,0,0,0,0,0,0,0,0,0,0,0,71,0,0,0,11,0,0
15713,15700,13,洛夫上衣_61~70,600,0,0,0,218680,40104,1,,,0,0,0,0,0,0,0,0,0,0,0,0,0,0,0,0,0,0,0,0,0,0,0,0,85,0,0,0,13,0,0
15714,15700,14,洛夫上衣_61~70,500,0,0,0,235510,40104,1,,,0,0,0,0,0,0,0,0,0,0,0,0,0,0,0,0,0,0,0,0,0,0,0,0,101,0,0,0,15,0,0
15715,15700,15,洛夫上衣_61~70,400,0,0,0,252330,40104,1,,,0,0,0,0,0,0,0,0,0,0,0,0,0,0,0,0,0,0,0,0,0,0,0,0,114,0,0,0,17,0,0
16301,16300,1, ,10000,0,0,0,70,40100,1,,,0,0,0,0,0,0,0,0,0,0,0,0,0,0,0,13,13,0,0,0,0,0,0,0,0,0,0,0,0,0,0
16302,16300,2,装甲上衣_1~10,9000,9500,10000,0,150,40100,1,,,0,0,0,0,0,0,0,0,0,0,0,0,0,0,0,26,26,0,0,0,0,0,0,0,0,0,0,0,0,0,0
16303,16300,3,装甲上衣_1~10,7500,8500,10000,0,220,40100,1,,,0,0,0,0,0,0,0,0,0,0,0,0,0,0,0,39,39,0,0,0,0,0,0,0,0,0,0,0,0,0,0
16304,16300,4,装甲上衣_1~10,6000,7500,10000,0,300,40100,1,,,0,0,0,0,0,0,0,0,0,0,0,0,0,0,0,65,65,0,0,0,0,0,0,0,0,0,0,0,0,0,0
16305,16300,5,装甲上衣_1~10,4500,6500,10000,0,370,40100,1,,,0,0,0,0,0,0,0,0,0,0,0,0,0,0,0,91,91,0,0,0,0,0,0,0,0,0,0,0,0,0,0
16306,16300,6,装甲上衣_1~10,3500,5500,10000,0,450,40100,1,,,0,0,0,0,0,0,0,0,0,0,0,0,0,0,0,117,117,0,0,0,0,0,0,0,0,0,0,0,0,0,0
16307,16300,7,装甲上衣_1~10,2500,4500,10000,0,520,40100,1,,,0,0,0,0,0,0,0,0,0,0,0,0,0,0,0,158,158,0,0,0,0,0,0,0,0,0,0,0,0,0,0
16308,16300,8,装甲上衣_1~10,1500,3500,0,10000,600,40100,1,,,0,0,0,0,0,30,0,0,0,0,0,0,0,0,0,199,199,0,0,0,0,0,0,0,0,0,0,0,3,0,0
16309,16300,9,装甲上衣_1~10,1000,2500,0,10000,670,40100,1,,,0,0,0,0,0,35,0,0,0,0,0,0,0,0,0,240,240,0,0,0,0,0,0,0,0,0,0,0,5,0,0
16310,16300,10,装甲上衣_1~10,900,1500,0,9000,750,40100,1,,,0,0,0,0,0,40,0,0,0,0,0,0,0,0,0,298,298,0,0,0,0,0,0,0,0,0,0,0,7,0,0
16311,16300,11,装甲上衣_1~10,800,0,0,0,820,40100,1,,,0,0,0,0,0,45,0,0,0,0,0,0,0,0,0,356,356,0,0,0,0,0,0,0,0,0,0,0,9,0,0
16312,16300,12,装甲上衣_1~10,700,0,0,0,900,40100,1,,,0,0,0,0,0,50,0,0,0,0,0,0,0,0,0,414,414,0,0,0,0,0,0,0,0,0,0,0,11,0,0
16313,16300,13,装甲上衣_1~10,600,0,0,0,970,40100,1,,,0,0,0,0,0,55,0,0,0,0,0,0,0,0,0,490,490,0,0,0,0,0,0,0,0,0,0,0,13,0,0
16314,16300,14,装甲上衣_1~10,500,0,0,0,1050,40100,1,,,0,0,0,0,0,60,0,0,0,0,0,0,0,0,0,566,566,0,0,0,0,0,0,0,0,0,0,0,15,0,0
16315,16300,15,装甲上衣_1~10,400,0,0,0,1120,40100,1,,,0,0,0,0,0,65,0,0,0,0,0,0,0,0,0,642,642,0,0,0,0,0,0,0,0,0,0,0,17,0,0
16351,16350,1,装甲上衣_11~20,10000,0,0,0,980,40101,1,,,0,0,0,0,0,0,0,0,0,0,0,0,0,0,0,25,25,0,0,0,0,0,0,0,0,0,0,0,0,0,0
16352,16350,2,装甲上衣_11~20,9000,9500,10000,0,1950,40101,1,,,0,0,0,0,0,0,0,0,0,0,0,0,0,0,0,50,50,0,0,0,0,0,0,0,0,0,0,0,0,0,0
16353,16350,3,装甲上衣_11~20,7500,8500,10000,0,2930,40101,1,,,0,0,0,0,0,0,0,0,0,0,0,0,0,0,0,75,75,0,0,0,0,0,0,0,0,0,0,0,0,0,0
16354,16350,4,装甲上衣_11~20,6000,7500,10000,0,3910,40101,1,,,0,0,0,0,0,0,0,0,0,0,0,0,0,0,0,128,128,0,0,0,0,0,0,0,0,0,0,0,0,0,0
16355,16350,5,装甲上衣_11~20,4500,6500,10000,0,4880,40101,1,,,0,0,0,0,0,0,0,0,0,0,0,0,0,0,0,181,181,0,0,0,0,0,0,0,0,0,0,0,0,0,0
16356,16350,6,装甲上衣_11~20,3500,5500,10000,0,5860,40101,1,,,0,0,0,0,0,0,0,0,0,0,0,0,0,0,0,234,234,0,0,0,0,0,0,0,0,0,0,0,0,0,0
16357,16350,7,装甲上衣_11~20,2500,4500,10000,0,6840,40101,1,,,0,0,0,0,0,0,0,0,0,0,0,0,0,0,0,317,317,0,0,0,0,0,0,0,0,0,0,0,0,0,0
16358,16350,8,装甲上衣_11~20,1500,3500,0,10000,7810,40101,1,,,0,0,0,0,0,36,0,0,0,0,0,0,0,0,0,400,400,0,0,0,0,0,0,0,0,0,0,0,3,0,0
16359,16350,9,装甲上衣_11~20,1000,2500,0,10000,8790,40101,1,,,0,0,0,0,0,42,0,0,0,0,0,0,0,0,0,483,483,0,0,0,0,0,0,0,0,0,0,0,5,0,0
16360,16350,10,装甲上衣_11~20,900,1500,0,9000,9770,40101,1,,,0,0,0,0,0,48,0,0,0,0,0,0,0,0,0,599,599,0,0,0,0,0,0,0,0,0,0,0,7,0,0
16361,16350,11,装甲上衣_11~20,800,0,0,0,10740,40101,1,,,0,0,0,0,0,54,0,0,0,0,0,0,0,0,0,715,715,0,0,0,0,0,0,0,0,0,0,0,9,0,0
16362,16350,12,装甲上衣_11~20,700,0,0,0,11720,40101,1,,,0,0,0,0,0,60,0,0,0,0,0,0,0,0,0,831,831,0,0,0,0,0,0,0,0,0,0,0,11,0,0
16363,16350,13,装甲上衣_11~20,600,0,0,0,12700,40101,1,,,0,0,0,0,0,66,0,0,0,0,0,0,0,0,0,983,983,0,0,0,0,0,0,0,0,0,0,0,13,0,0
16364,16350,14,装甲上衣_11~20,500,0,0,0,13670,40101,1,,,0,0,0,0,0,72,0,0,0,0,0,0,0,0,0,1135,1135,0,0,0,0,0,0,0,0,0,0,0,15,0,0
16365,16350,15,装甲上衣_11~20,400,0,0,0,14650,40101,1,,,0,0,0,0,0,78,0,0,0,0,0,0,0,0,0,1287,1287,0,0,0,0,0,0,0,0,0,0,0,17,0,0
16401,16400,1,装甲上衣_21~30,10000,0,0,0,4450,40102,1,,,0,0,0,0,0,0,0,0,0,0,0,0,0,0,0,38,38,0,0,0,0,0,0,0,0,0,0,0,0,0,0
16402,16400,2,装甲上衣_21~30,9000,9500,10000,0,8900,40102,1,,,0,0,0,0,0,0,0,0,0,0,0,0,0,0,0,76,76,0,0,0,0,0,0,0,0,0,0,0,0,0,0
16403,16400,3,装甲上衣_21~30,7500,8500,10000,0,13340,40102,1,,,0,0,0,0,0,0,0,0,0,0,0,0,0,0,0,114,114,0,0,0,0,0,0,0,0,0,0,0,0,0,0
16404,16400,4,装甲上衣_21~30,6000,7500,10000,0,17790,40102,1,,,0,0,0,0,0,0,0,0,0,0,0,0,0,0,0,193,193,0,0,0,0,0,0,0,0,0,0,0,0,0,0
16405,16400,5,装甲上衣_21~30,4500,6500,10000,0,22240,40102,1,,,0,0,0,0,0,0,0,0,0,0,0,0,0,0,0,272,272,0,0,0,0,0,0,0,0,0,0,0,0,0,0
16406,16400,6,装甲上衣_21~30,3500,5500,10000,0,26690,40102,1,,,0,0,0,0,0,0,0,0,0,0,0,0,0,0,0,351,351,0,0,0,0,0,0,0,0,0,0,0,0,0,0
16407,16400,7,装甲上衣_21~30,2500,4500,10000,0,31130,40102,1,,,0,0,0,0,0,0,0,0,0,0,0,0,0,0,0,475,475,0,0,0,0,0,0,0,0,0,0,0,0,0,0
16408,16400,8,装甲上衣_21~30,1500,3500,0,10000,35580,40102,1,,,0,0,0,0,0,43,0,0,0,0,0,0,0,0,0,599,599,0,0,0,0,0,0,0,0,0,0,0,3,0,0
16409,16400,9,装甲上衣_21~30,1000,2500,0,10000,40030,40102,1,,,0,0,0,0,0,50,0,0,0,0,0,0,0,0,0,723,723,0,0,0,0,0,0,0,0,0,0,0,5,0,0
16410,16400,10,装甲上衣_21~30,900,1500,0,9000,44480,40102,1,,,0,0,0,0,0,58,0,0,0,0,0,0,0,0,0,896,896,0,0,0,0,0,0,0,0,0,0,0,7,0,0
16411,16400,11,装甲上衣_21~30,800,0,0,0,48930,40102,1,,,0,0,0,0,0,65,0,0,0,0,0,0,0,0,0,1069,1069,0,0,0,0,0,0,0,0,0,0,0,9,0,0
16412,16400,12,装甲上衣_21~30,700,0,0,0,53370,40102,1,,,0,0,0,0,0,72,0,0,0,0,0,0,0,0,0,1242,1242,0,0,0,0,0,0,0,0,0,0,0,11,0,0
16413,16400,13,装甲上衣_21~30,600,0,0,0,57820,40102,1,,,0,0,0,0,0,79,0,0,0,0,0,0,0,0,0,1470,1470,0,0,0,0,0,0,0,0,0,0,0,13,0,0
16414,16400,14,装甲上衣_21~30,500,0,0,0,62270,40102,1,,,0,0,0,0,0,86,0,0,0,0,0,0,0,0,0,1698,1698,0,0,0,0,0,0,0,0,0,0,0,15,0,0
16415,16400,15,装甲上衣_21~30,400,0,0,0,66720,40102,1,,,0,0,0,0,0,94,0,0,0,0,0,0,0,0,0,1926,1926,0,0,0,0,0,0,0,0,0,0,0,17,0,0
16451,16450,1,装甲上衣_31~40,10000,0,0,0,12400,40103,1,,,0,0,0,0,0,0,0,0,0,0,0,0,0,0,0,50,50,0,0,0,0,0,0,0,0,0,0,0,0,0,0
16452,16450,2,装甲上衣_31~40,9000,9500,10000,0,24800,40103,1,,,0,0,0,0,0,0,0,0,0,0,0,0,0,0,0,100,100,0,0,0,0,0,0,0,0,0,0,0,0,0,0
16453,16450,3,装甲上衣_31~40,7500,8500,10000,0,37190,40103,1,,,0,0,0,0,0,0,0,0,0,0,0,0,0,0,0,150,150,0,0,0,0,0,0,0,0,0,0,0,0,0,0
16454,16450,4,装甲上衣_31~40,6000,7500,10000,0,49590,40103,1,,,0,0,0,0,0,0,0,0,0,0,0,0,0,0,0,256,256,0,0,0,0,0,0,0,0,0,0,0,0,0,0
16455,16450,5,装甲上衣_31~40,4500,6500,10000,0,61990,40103,1,,,0,0,0,0,0,0,0,0,0,0,0,0,0,0,0,362,362,0,0,0,0,0,0,0,0,0,0,0,0,0,0
16456,16450,6,装甲上衣_31~40,3500,5500,10000,0,74390,40103,1,,,0,0,0,0,0,0,0,0,0,0,0,0,0,0,0,468,468,0,0,0,0,0,0,0,0,0,0,0,0,0,0
16457,16450,7,装甲上衣_31~40,2500,4500,10000,0,86780,40103,1,,,0,0,0,0,0,0,0,0,0,0,0,0,0,0,0,634,634,0,0,0,0,0,0,0,0,0,0,0,0,0,0
16458,16450,8,装甲上衣_31~40,1500,3500,0,10000,99180,40103,1,,,0,0,0,0,0,52,0,0,0,0,0,0,0,0,0,800,800,0,0,0,0,0,0,0,0,0,0,0,3,0,0
16459,16450,9,装甲上衣_31~40,1000,2500,0,10000,111580,40103,1,,,0,0,0,0,0,60,0,0,0,0,0,0,0,0,0,966,966,0,0,0,0,0,0,0,0,0,0,0,5,0,0
16460,16450,10,装甲上衣_31~40,900,1500,0,9000,123980,40103,1,,,0,0,0,0,0,70,0,0,0,0,0,0,0,0,0,1197,1197,0,0,0,0,0,0,0,0,0,0,0,7,0,0
16461,16450,11,装甲上衣_31~40,800,0,0,0,136380,40103,1,,,0,0,0,0,0,78,0,0,0,0,0,0,0,0,0,1428,1428,0,0,0,0,0,0,0,0,0,0,0,9,0,0
16462,16450,12,装甲上衣_31~40,700,0,0,0,148770,40103,1,,,0,0,0,0,0,86,0,0,0,0,0,0,0,0,0,1659,1659,0,0,0,0,0,0,0,0,0,0,0,11,0,0
16463,16450,13,装甲上衣_31~40,600,0,0,0,161170,40103,1,,,0,0,0,0,0,95,0,0,0,0,0,0,0,0,0,1963,1963,0,0,0,0,0,0,0,0,0,0,0,13,0,0
16464,16450,14,装甲上衣_31~40,500,0,0,0,173570,40103,1,,,0,0,0,0,0,103,0,0,0,0,0,0,0,0,0,2267,2267,0,0,0,0,0,0,0,0,0,0,0,15,0,0
16465,16450,15,装甲上衣_31~40,400,0,0,0,185970,40103,1,,,0,0,0,0,0,113,0,0,0,0,0,0,0,0,0,2571,2571,0,0,0,0,0,0,0,0,0,0,0,17,0,0
16501,16500,1,装甲上衣_41~50,10000,0,0,0,16820,40104,1,,,0,0,0,0,0,0,0,0,0,0,0,0,0,0,0,63,63,0,0,0,0,0,0,0,0,0,0,0,0,0,0
16502,16500,2,装甲上衣_41~50,9000,9500,10000,0,33640,40104,1,,,0,0,0,0,0,0,0,0,0,0,0,0,0,0,0,126,126,0,0,0,0,0,0,0,0,0,0,0,0,0,0
16503,16500,3,装甲上衣_41~50,7500,8500,10000,0,50470,40104,1,,,0,0,0,0,0,0,0,0,0,0,0,0,0,0,0,189,189,0,0,0,0,0,0,0,0,0,0,0,0,0,0
16504,16500,4,装甲上衣_41~50,6000,7500,10000,0,67290,40104,1,,,0,0,0,0,0,0,0,0,0,0,0,0,0,0,0,321,321,0,0,0,0,0,0,0,0,0,0,0,0,0,0
16505,16500,5,装甲上衣_41~50,4500,6500,10000,0,84110,40104,1,,,0,0,0,0,0,0,0,0,0,0,0,0,0,0,0,453,453,0,0,0,0,0,0,0,0,0,0,0,0,0,0
16506,16500,6,装甲上衣_41~50,3500,5500,10000,0,100930,40104,1,,,0,0,0,0,0,0,0,0,0,0,0,0,0,0,0,585,585,0,0,0,0,0,0,0,0,0,0,0,0,0,0
16507,16500,7,装甲上衣_41~50,2500,4500,10000,0,117750,40104,1,,,0,0,0,0,0,0,0,0,0,0,0,0,0,0,0,792,792,0,0,0,0,0,0,0,0,0,0,0,0,0,0
16508,16500,8,装甲上衣_41~50,1500,3500,0,10000,134570,40104,1,,,0,0,0,0,0,62,0,0,0,0,0,0,0,0,0,999,999,0,0,0,0,0,0,0,0,0,0,0,3,0,0
16509,16500,9,装甲上衣_41~50,1000,2500,0,10000,151400,40104,1,,,0,0,0,0,0,72,0,0,0,0,0,0,0,0,0,1206,1206,0,0,0,0,0,0,0,0,0,0,0,5,0,0
16510,16500,10,装甲上衣_41~50,900,1500,0,9000,168220,40104,1,,,0,0,0,0,0,84,0,0,0,0,0,0,0,0,0,1495,1495,0,0,0,0,0,0,0,0,0,0,0,7,0,0
16511,16500,11,装甲上衣_41~50,800,0,0,0,185040,40104,1,,,0,0,0,0,0,94,0,0,0,0,0,0,0,0,0,1784,1784,0,0,0,0,0,0,0,0,0,0,0,9,0,0
16512,16500,12,装甲上衣_41~50,700,0,0,0,201860,40104,1,,,0,0,0,0,0,103,0,0,0,0,0,0,0,0,0,2073,2073,0,0,0,0,0,0,0,0,0,0,0,11,0,0
16513,16500,13,装甲上衣_41~50,600,0,0,0,218680,40104,1,,,0,0,0,0,0,114,0,0,0,0,0,0,0,0,0,2453,2453,0,0,0,0,0,0,0,0,0,0,0,13,0,0
16514,16500,14,装甲上衣_41~50,500,0,0,0,235510,40104,1,,,0,0,0,0,0,124,0,0,0,0,0,0,0,0,0,2833,2833,0,0,0,0,0,0,0,0,0,0,0,15,0,0
16515,16500,15,装甲上衣_41~50,400,0,0,0,252330,40104,1,,,0,0,0,0,0,136,0,0,0,0,0,0,0,0,0,3213,3213,0,0,0,0,0,0,0,0,0,0,0,17,0,0
16551,16550,1,装甲上衣_51~60,10000,0,0,0,16820,40104,1,,,0,0,0,0,0,0,0,0,0,0,0,0,0,0,0,76,76,0,0,0,0,0,0,0,0,0,0,0,0,0,0
16552,16550,2,装甲上衣_51~60,9000,9500,10000,0,33640,40104,1,,,0,0,0,0,0,0,0,0,0,0,0,0,0,0,0,152,152,0,0,0,0,0,0,0,0,0,0,0,0,0,0
16553,16550,3,装甲上衣_51~60,7500,8500,10000,0,50470,40104,1,,,0,0,0,0,0,0,0,0,0,0,0,0,0,0,0,228,228,0,0,0,0,0,0,0,0,0,0,0,0,0,0
16554,16550,4,装甲上衣_51~60,6000,7500,10000,0,67290,40104,1,,,0,0,0,0,0,0,0,0,0,0,0,0,0,0,0,387,387,0,0,0,0,0,0,0,0,0,0,0,0,0,0
16555,16550,5,装甲上衣_51~60,4500,6500,10000,0,84110,40104,1,,,0,0,0,0,0,0,0,0,0,0,0,0,0,0,0,546,546,0,0,0,0,0,0,0,0,0,0,0,0,0,0
16556,16550,6,装甲上衣_51~60,3500,5500,10000,0,100930,40104,1,,,0,0,0,0,0,0,0,0,0,0,0,0,0,0,0,705,705,0,0,0,0,0,0,0,0,0,0,0,0,0,0
16557,16550,7,装甲上衣_51~60,2500,4500,10000,0,117750,40104,1,,,0,0,0,0,0,0,0,0,0,0,0,0,0,0,0,953,953,0,0,0,0,0,0,0,0,0,0,0,0,0,0
16558,16550,8,装甲上衣_51~60,1500,3500,0,10000,134570,40104,1,,,0,0,0,0,0,74,0,0,0,0,0,0,0,0,0,1201,1201,0,0,0,0,0,0,0,0,0,0,0,3,0,0
16559,16550,9,装甲上衣_51~60,1000,2500,0,10000,151400,40104,1,,,0,0,0,0,0,86,0,0,0,0,0,0,0,0,0,1449,1449,0,0,0,0,0,0,0,0,0,0,0,5,0,0
16560,16550,10,装甲上衣_51~60,900,1500,0,9000,168220,40104,1,,,0,0,0,0,0,101,0,0,0,0,0,0,0,0,0,1796,1796,0,0,0,0,0,0,0,0,0,0,0,7,0,0
16561,16550,11,装甲上衣_51~60,800,0,0,0,185040,40104,1,,,0,0,0,0,0,113,0,0,0,0,0,0,0,0,0,2143,2143,0,0,0,0,0,0,0,0,0,0,0,9,0,0
16562,16550,12,装甲上衣_51~60,700,0,0,0,201860,40104,1,,,0,0,0,0,0,124,0,0,0,0,0,0,0,0,0,2490,2490,0,0,0,0,0,0,0,0,0,0,0,11,0,0
16563,16550,13,装甲上衣_51~60,600,0,0,0,218680,40104,1,,,0,0,0,0,0,137,0,0,0,0,0,0,0,0,0,2946,2946,0,0,0,0,0,0,0,0,0,0,0,13,0,0
16564,16550,14,装甲上衣_51~60,500,0,0,0,235510,40104,1,,,0,0,0,0,0,149,0,0,0,0,0,0,0,0,0,3402,3402,0,0,0,0,0,0,0,0,0,0,0,15,0,0
16565,16550,15,装甲上衣_51~60,400,0,0,0,252330,40104,1,,,0,0,0,0,0,163,0,0,0,0,0,0,0,0,0,3858,3858,0,0,0,0,0,0,0,0,0,0,0,17,0,0
16601,16600,1,装甲上衣_61~70,10000,0,0,0,16820,40104,1,,,0,0,0,0,0,0,0,0,0,0,0,0,0,0,0,0,0,0,0,0,0,0,0,0,0,0,0,0,0,0,0
16602,16600,2,装甲上衣_61~70,9000,9500,10000,0,33640,40104,1,,,0,0,0,0,0,0,0,0,0,0,0,0,0,0,0,0,0,0,0,0,0,0,0,0,0,0,0,0,0,0,0
16603,16600,3,装甲上衣_61~70,7500,8500,10000,0,50470,40104,1,,,0,0,0,0,0,0,0,0,0,0,0,0,0,0,0,0,0,0,0,0,0,0,0,0,0,0,0,0,0,0,0
16604,16600,4,装甲上衣_61~70,6000,7500,10000,0,67290,40104,1,,,0,0,0,0,0,0,0,0,0,0,0,0,0,0,0,0,0,0,0,0,0,0,0,0,0,0,0,0,0,0,0
16605,16600,5,装甲上衣_61~70,4500,6500,10000,0,84110,40104,1,,,0,0,0,0,0,0,0,0,0,0,0,0,0,0,0,0,0,0,0,0,0,0,0,0,0,0,0,0,0,0,0
16606,16600,6,装甲上衣_61~70,3500,5500,10000,0,100930,40104,1,,,0,0,0,0,0,0,0,0,0,0,0,0,0,0,0,0,0,0,0,0,0,0,0,0,0,0,0,0,0,0,0
16607,16600,7,装甲上衣_61~70,2500,4500,10000,0,117750,40104,1,,,0,0,0,0,0,0,0,0,0,0,0,0,0,0,0,0,0,0,0,0,0,0,0,0,0,0,0,0,0,0,0
16608,16600,8,装甲上衣_61~70,1500,3500,0,10000,134570,40104,1,,,0,0,0,0,0,89,0,0,0,0,0,0,0,0,0,0,0,0,0,0,0,0,0,0,0,0,0,0,3,0,0
16609,16600,9,装甲上衣_61~70,1000,2500,0,10000,151400,40104,1,,,0,0,0,0,0,103,0,0,0,0,0,0,0,0,0,0,0,0,0,0,0,0,0,0,0,0,0,0,5,0,0
16610,16600,10,装甲上衣_61~70,900,1500,0,9000,168220,40104,1,,,0,0,0,0,0,121,0,0,0,0,0,0,0,0,0,0,0,0,0,0,0,0,0,0,0,0,0,0,7,0,0
16611,16600,11,装甲上衣_61~70,800,0,0,0,185040,40104,1,,,0,0,0,0,0,136,0,0,0,0,0,0,0,0,0,0,0,0,0,0,0,0,0,0,0,0,0,0,9,0,0
16612,16600,12,装甲上衣_61~70,700,0,0,0,201860,40104,1,,,0,0,0,0,0,149,0,0,0,0,0,0,0,0,0,0,0,0,0,0,0,0,0,0,0,0,0,0,11,0,0
16613,16600,13,装甲上衣_61~70,600,0,0,0,218680,40104,1,,,0,0,0,0,0,164,0,0,0,0,0,0,0,0,0,0,0,0,0,0,0,0,0,0,0,0,0,0,13,0,0
16614,16600,14,装甲上衣_61~70,500,0,0,0,235510,40104,1,,,0,0,0,0,0,179,0,0,0,0,0,0,0,0,0,0,0,0,0,0,0,0,0,0,0,0,0,0,15,0,0
16615,16600,15,装甲上衣_61~70,400,0,0,0,252330,40104,1,,,0,0,0,0,0,196,0,0,0,0,0,0,0,0,0,0,0,0,0,0,0,0,0,0,0,0,0,0,17,0,0
17201,17200,1,中级上衣_1~10,10000,0,0,0,70,40100,1,,,0,0,0,0,0,0,0,0,0,0,0,0,0,0,0,13,13,0,0,0,0,0,0,0,0,0,0,0,0,0,0
17202,17200,2,中级上衣_1~10,9000,9500,10000,0,150,40100,1,,,0,0,0,0,0,0,0,0,0,0,0,0,0,0,0,26,26,0,0,0,0,0,0,0,0,0,0,0,0,0,0
17203,17200,3,中级上衣_1~10,7500,8500,10000,0,220,40100,1,,,0,0,0,0,0,0,0,0,0,0,0,0,0,0,0,39,39,0,0,0,0,0,0,0,0,0,0,0,0,0,0
17204,17200,4,中级上衣_1~10,6000,7500,10000,0,300,40100,1,,,0,0,0,0,0,0,0,0,0,0,0,0,0,0,0,65,65,0,0,0,0,0,0,0,0,0,0,0,0,0,0
17205,17200,5,中级上衣_1~10,4500,6500,10000,0,370,40100,1,,,0,0,0,0,0,0,0,0,0,0,0,0,0,0,0,91,91,0,0,0,0,0,0,0,0,0,0,0,0,0,0
17206,17200,6,中级上衣_1~10,3500,5500,10000,0,450,40100,1,,,0,0,0,0,0,0,0,0,0,0,0,0,0,0,0,117,117,0,0,0,0,0,0,0,0,0,0,0,0,0,0
17207,17200,7,中级上衣_1~10,2500,4500,10000,0,520,40100,1,,,0,0,0,0,0,0,0,0,0,0,0,0,0,0,0,158,158,0,0,0,0,0,0,0,0,0,0,0,0,0,0
17208,17200,8,中级上衣_1~10,1500,3500,0,10000,600,40100,1,,,0,0,0,0,0,30,0,0,0,0,0,0,0,0,0,199,199,0,0,0,0,0,0,0,0,0,0,0,3,0,0
17209,17200,9,中级上衣_1~10,1000,2500,0,10000,670,40100,1,,,0,0,0,0,0,35,0,0,0,0,0,0,0,0,0,240,240,0,0,0,0,0,0,0,0,0,0,0,5,0,0
17210,17200,10,中级上衣_1~10,900,1500,0,9000,750,40100,1,,,0,0,0,0,0,40,0,0,0,0,0,0,0,0,0,298,298,0,0,0,0,0,0,0,0,0,0,0,7,0,0
17211,17200,11,中级上衣_1~10,800,0,0,0,820,40100,1,,,0,0,0,0,0,45,0,0,0,0,0,0,0,0,0,356,356,0,0,0,0,0,0,0,0,0,0,0,9,0,0
17212,17200,12,中级上衣_1~10,700,0,0,0,900,40100,1,,,0,0,0,0,0,50,0,0,0,0,0,0,0,0,0,414,414,0,0,0,0,0,0,0,0,0,0,0,11,0,0
17213,17200,13,中级上衣_1~10,600,0,0,0,970,40100,1,,,0,0,0,0,0,55,0,0,0,0,0,0,0,0,0,490,490,0,0,0,0,0,0,0,0,0,0,0,13,0,0
17214,17200,14,中级上衣_1~10,500,0,0,0,1050,40100,1,,,0,0,0,0,0,60,0,0,0,0,0,0,0,0,0,566,566,0,0,0,0,0,0,0,0,0,0,0,15,0,0
17215,17200,15,中级上衣_1~10,400,0,0,0,1120,40100,1,,,0,0,0,0,0,65,0,0,0,0,0,0,0,0,0,642,642,0,0,0,0,0,0,0,0,0,0,0,17,0,0
17251,17250,1,中级上衣_11~20,10000,0,0,0,980,40101,1,,,0,0,0,0,0,0,0,0,0,0,0,0,0,0,0,25,25,0,0,0,0,0,0,0,0,0,0,0,0,0,0
17252,17250,2,中级上衣_11~20,9000,9500,10000,0,1950,40101,1,,,0,0,0,0,0,0,0,0,0,0,0,0,0,0,0,50,50,0,0,0,0,0,0,0,0,0,0,0,0,0,0
17253,17250,3,中级上衣_11~20,7500,8500,10000,0,2930,40101,1,,,0,0,0,0,0,0,0,0,0,0,0,0,0,0,0,75,75,0,0,0,0,0,0,0,0,0,0,0,0,0,0
17254,17250,4,中级上衣_11~20,6000,7500,10000,0,3910,40101,1,,,0,0,0,0,0,0,0,0,0,0,0,0,0,0,0,128,128,0,0,0,0,0,0,0,0,0,0,0,0,0,0
17255,17250,5,中级上衣_11~20,4500,6500,10000,0,4880,40101,1,,,0,0,0,0,0,0,0,0,0,0,0,0,0,0,0,181,181,0,0,0,0,0,0,0,0,0,0,0,0,0,0
17256,17250,6,中级上衣_11~20,3500,5500,10000,0,5860,40101,1,,,0,0,0,0,0,0,0,0,0,0,0,0,0,0,0,234,234,0,0,0,0,0,0,0,0,0,0,0,0,0,0
17257,17250,7,中级上衣_11~20,2500,4500,10000,0,6840,40101,1,,,0,0,0,0,0,0,0,0,0,0,0,0,0,0,0,317,317,0,0,0,0,0,0,0,0,0,0,0,0,0,0
17258,17250,8,中级上衣_11~20,1500,3500,0,10000,7810,40101,1,,,0,0,0,0,0,36,0,0,0,0,0,0,0,0,0,400,400,0,0,0,0,0,0,0,0,0,0,0,3,0,0
17259,17250,9,中级上衣_11~20,1000,2500,0,10000,8790,40101,1,,,0,0,0,0,0,42,0,0,0,0,0,0,0,0,0,483,483,0,0,0,0,0,0,0,0,0,0,0,5,0,0
17260,17250,10,中级上衣_11~20,900,1500,0,9000,9770,40101,1,,,0,0,0,0,0,48,0,0,0,0,0,0,0,0,0,599,599,0,0,0,0,0,0,0,0,0,0,0,7,0,0
17261,17250,11,中级上衣_11~20,800,0,0,0,10740,40101,1,,,0,0,0,0,0,54,0,0,0,0,0,0,0,0,0,715,715,0,0,0,0,0,0,0,0,0,0,0,9,0,0
17262,17250,12,中级上衣_11~20,700,0,0,0,11720,40101,1,,,0,0,0,0,0,60,0,0,0,0,0,0,0,0,0,831,831,0,0,0,0,0,0,0,0,0,0,0,11,0,0
17263,17250,13,中级上衣_11~20,600,0,0,0,12700,40101,1,,,0,0,0,0,0,66,0,0,0,0,0,0,0,0,0,983,983,0,0,0,0,0,0,0,0,0,0,0,13,0,0
17264,17250,14,中级上衣_11~20,500,0,0,0,13670,40101,1,,,0,0,0,0,0,72,0,0,0,0,0,0,0,0,0,1135,1135,0,0,0,0,0,0,0,0,0,0,0,15,0,0
17265,17250,15,中级上衣_11~20,400,0,0,0,14650,40101,1,,,0,0,0,0,0,78,0,0,0,0,0,0,0,0,0,1287,1287,0,0,0,0,0,0,0,0,0,0,0,17,0,0
17301,17300,1,中级上衣_21~30,10000,0,0,0,4450,40102,1,,,0,0,0,0,0,0,0,0,0,0,0,0,0,0,0,38,38,0,0,0,0,0,0,0,0,0,0,0,0,0,0
17302,17300,2,中级上衣_21~30,9000,9500,10000,0,8900,40102,1,,,0,0,0,0,0,0,0,0,0,0,0,0,0,0,0,76,76,0,0,0,0,0,0,0,0,0,0,0,0,0,0
17303,17300,3,中级上衣_21~30,7500,8500,10000,0,13340,40102,1,,,0,0,0,0,0,0,0,0,0,0,0,0,0,0,0,114,114,0,0,0,0,0,0,0,0,0,0,0,0,0,0
17304,17300,4,中级上衣_21~30,6000,7500,10000,0,17790,40102,1,,,0,0,0,0,0,0,0,0,0,0,0,0,0,0,0,193,193,0,0,0,0,0,0,0,0,0,0,0,0,0,0
17305,17300,5,中级上衣_21~30,4500,6500,10000,0,22240,40102,1,,,0,0,0,0,0,0,0,0,0,0,0,0,0,0,0,272,272,0,0,0,0,0,0,0,0,0,0,0,0,0,0
17306,17300,6,中级上衣_21~30,3500,5500,10000,0,26690,40102,1,,,0,0,0,0,0,0,0,0,0,0,0,0,0,0,0,351,351,0,0,0,0,0,0,0,0,0,0,0,0,0,0
17307,17300,7,中级上衣_21~30,2500,4500,10000,0,31130,40102,1,,,0,0,0,0,0,0,0,0,0,0,0,0,0,0,0,475,475,0,0,0,0,0,0,0,0,0,0,0,0,0,0
17308,17300,8,中级上衣_21~30,1500,3500,0,10000,35580,40102,1,,,0,0,0,0,0,43,0,0,0,0,0,0,0,0,0,599,599,0,0,0,0,0,0,0,0,0,0,0,3,0,0
17309,17300,9,中级上衣_21~30,1000,2500,0,10000,40030,40102,1,,,0,0,0,0,0,50,0,0,0,0,0,0,0,0,0,723,723,0,0,0,0,0,0,0,0,0,0,0,5,0,0
17310,17300,10,中级上衣_21~30,900,1500,0,9000,44480,40102,1,,,0,0,0,0,0,58,0,0,0,0,0,0,0,0,0,896,896,0,0,0,0,0,0,0,0,0,0,0,7,0,0
17311,17300,11,中级上衣_21~30,800,0,0,0,48930,40102,1,,,0,0,0,0,0,65,0,0,0,0,0,0,0,0,0,1069,1069,0,0,0,0,0,0,0,0,0,0,0,9,0,0
17312,17300,12,中级上衣_21~30,700,0,0,0,53370,40102,1,,,0,0,0,0,0,72,0,0,0,0,0,0,0,0,0,1242,1242,0,0,0,0,0,0,0,0,0,0,0,11,0,0
17313,17300,13,中级上衣_21~30,600,0,0,0,57820,40102,1,,,0,0,0,0,0,79,0,0,0,0,0,0,0,0,0,1470,1470,0,0,0,0,0,0,0,0,0,0,0,13,0,0
17314,17300,14,中级上衣_21~30,500,0,0,0,62270,40102,1,,,0,0,0,0,0,86,0,0,0,0,0,0,0,0,0,1698,1698,0,0,0,0,0,0,0,0,0,0,0,15,0,0
17315,17300,15,中级上衣_21~30,400,0,0,0,66720,40102,1,,,0,0,0,0,0,94,0,0,0,0,0,0,0,0,0,1926,1926,0,0,0,0,0,0,0,0,0,0,0,17,0,0
17351,17350,1,中级上衣_31~40,10000,0,0,0,12400,40103,1,,,0,0,0,0,0,0,0,0,0,0,0,0,0,0,0,50,50,0,0,0,0,0,0,0,0,0,0,0,0,0,0
17352,17350,2,中级上衣_31~40,9000,9500,10000,0,24800,40103,1,,,0,0,0,0,0,0,0,0,0,0,0,0,0,0,0,100,100,0,0,0,0,0,0,0,0,0,0,0,0,0,0
17353,17350,3,中级上衣_31~40,7500,8500,10000,0,37190,40103,1,,,0,0,0,0,0,0,0,0,0,0,0,0,0,0,0,150,150,0,0,0,0,0,0,0,0,0,0,0,0,0,0
17354,17350,4,中级上衣_31~40,6000,7500,10000,0,49590,40103,1,,,0,0,0,0,0,0,0,0,0,0,0,0,0,0,0,256,256,0,0,0,0,0,0,0,0,0,0,0,0,0,0
17355,17350,5,中级上衣_31~40,4500,6500,10000,0,61990,40103,1,,,0,0,0,0,0,0,0,0,0,0,0,0,0,0,0,362,362,0,0,0,0,0,0,0,0,0,0,0,0,0,0
17356,17350,6,中级上衣_31~40,3500,5500,10000,0,74390,40103,1,,,0,0,0,0,0,0,0,0,0,0,0,0,0,0,0,468,468,0,0,0,0,0,0,0,0,0,0,0,0,0,0
17357,17350,7,中级上衣_31~40,2500,4500,10000,0,86780,40103,1,,,0,0,0,0,0,0,0,0,0,0,0,0,0,0,0,634,634,0,0,0,0,0,0,0,0,0,0,0,0,0,0
17358,17350,8,中级上衣_31~40,1500,3500,0,10000,99180,40103,1,,,0,0,0,0,0,52,0,0,0,0,0,0,0,0,0,800,800,0,0,0,0,0,0,0,0,0,0,0,3,0,0
17359,17350,9,中级上衣_31~40,1000,2500,0,10000,111580,40103,1,,,0,0,0,0,0,60,0,0,0,0,0,0,0,0,0,966,966,0,0,0,0,0,0,0,0,0,0,0,5,0,0
17360,17350,10,中级上衣_31~40,900,1500,0,9000,123980,40103,1,,,0,0,0,0,0,70,0,0,0,0,0,0,0,0,0,1197,1197,0,0,0,0,0,0,0,0,0,0,0,7,0,0
17361,17350,11,中级上衣_31~40,800,0,0,0,136380,40103,1,,,0,0,0,0,0,78,0,0,0,0,0,0,0,0,0,1428,1428,0,0,0,0,0,0,0,0,0,0,0,9,0,0
17362,17350,12,中级上衣_31~40,700,0,0,0,148770,40103,1,,,0,0,0,0,0,86,0,0,0,0,0,0,0,0,0,1659,1659,0,0,0,0,0,0,0,0,0,0,0,11,0,0
17363,17350,13,中级上衣_31~40,600,0,0,0,161170,40103,1,,,0,0,0,0,0,95,0,0,0,0,0,0,0,0,0,1963,1963,0,0,0,0,0,0,0,0,0,0,0,13,0,0
17364,17350,14,中级上衣_31~40,500,0,0,0,173570,40103,1,,,0,0,0,0,0,103,0,0,0,0,0,0,0,0,0,2267,2267,0,0,0,0,0,0,0,0,0,0,0,15,0,0
17365,17350,15,中级上衣_31~40,400,0,0,0,185970,40103,1,,,0,0,0,0,0,113,0,0,0,0,0,0,0,0,0,2571,2571,0,0,0,0,0,0,0,0,0,0,0,17,0,0
17401,17400,1,中级上衣_41~50,10000,0,0,0,16820,40104,1,,,0,0,0,0,0,0,0,0,0,0,0,0,0,0,0,63,63,0,0,0,0,0,0,0,0,0,0,0,0,0,0
17402,17400,2,中级上衣_41~50,9000,9500,10000,0,33640,40104,1,,,0,0,0,0,0,0,0,0,0,0,0,0,0,0,0,126,126,0,0,0,0,0,0,0,0,0,0,0,0,0,0
17403,17400,3,中级上衣_41~50,7500,8500,10000,0,50470,40104,1,,,0,0,0,0,0,0,0,0,0,0,0,0,0,0,0,189,189,0,0,0,0,0,0,0,0,0,0,0,0,0,0
17404,17400,4,中级上衣_41~50,6000,7500,10000,0,67290,40104,1,,,0,0,0,0,0,0,0,0,0,0,0,0,0,0,0,321,321,0,0,0,0,0,0,0,0,0,0,0,0,0,0
17405,17400,5,中级上衣_41~50,4500,6500,10000,0,84110,40104,1,,,0,0,0,0,0,0,0,0,0,0,0,0,0,0,0,453,453,0,0,0,0,0,0,0,0,0,0,0,0,0,0
17406,17400,6,中级上衣_41~50,3500,5500,10000,0,100930,40104,1,,,0,0,0,0,0,0,0,0,0,0,0,0,0,0,0,585,585,0,0,0,0,0,0,0,0,0,0,0,0,0,0
17407,17400,7,中级上衣_41~50,2500,4500,10000,0,117750,40104,1,,,0,0,0,0,0,0,0,0,0,0,0,0,0,0,0,792,792,0,0,0,0,0,0,0,0,0,0,0,0,0,0
17408,17400,8,中级上衣_41~50,1500,3500,0,10000,134570,40104,1,,,0,0,0,0,0,62,0,0,0,0,0,0,0,0,0,999,999,0,0,0,0,0,0,0,0,0,0,0,3,0,0
17409,17400,9,中级上衣_41~50,1000,2500,0,10000,151400,40104,1,,,0,0,0,0,0,72,0,0,0,0,0,0,0,0,0,1206,1206,0,0,0,0,0,0,0,0,0,0,0,5,0,0
17410,17400,10,中级上衣_41~50,900,1500,0,9000,168220,40104,1,,,0,0,0,0,0,84,0,0,0,0,0,0,0,0,0,1495,1495,0,0,0,0,0,0,0,0,0,0,0,7,0,0
17411,17400,11,中级上衣_41~50,800,0,0,0,185040,40104,1,,,0,0,0,0,0,94,0,0,0,0,0,0,0,0,0,1784,1784,0,0,0,0,0,0,0,0,0,0,0,9,0,0
17412,17400,12,中级上衣_41~50,700,0,0,0,201860,40104,1,,,0,0,0,0,0,103,0,0,0,0,0,0,0,0,0,2073,2073,0,0,0,0,0,0,0,0,0,0,0,11,0,0
17413,17400,13,中级上衣_41~50,600,0,0,0,218680,40104,1,,,0,0,0,0,0,114,0,0,0,0,0,0,0,0,0,2453,2453,0,0,0,0,0,0,0,0,0,0,0,13,0,0
17414,17400,14,中级上衣_41~50,500,0,0,0,235510,40104,1,,,0,0,0,0,0,124,0,0,0,0,0,0,0,0,0,2833,2833,0,0,0,0,0,0,0,0,0,0,0,15,0,0
17415,17400,15,中级上衣_41~50,400,0,0,0,252330,40104,1,,,0,0,0,0,0,136,0,0,0,0,0,0,0,0,0,3213,3213,0,0,0,0,0,0,0,0,0,0,0,17,0,0
17451,17450,1,中级上衣_51~60,10000,0,0,0,16820,40104,1,,,0,0,0,0,0,0,0,0,0,0,0,0,0,0,0,76,76,0,0,0,0,0,0,0,0,0,0,0,0,0,0
17452,17450,2,中级上衣_51~60,9000,9500,10000,0,33640,40104,1,,,0,0,0,0,0,0,0,0,0,0,0,0,0,0,0,152,152,0,0,0,0,0,0,0,0,0,0,0,0,0,0
17453,17450,3,中级上衣_51~60,7500,8500,10000,0,50470,40104,1,,,0,0,0,0,0,0,0,0,0,0,0,0,0,0,0,228,228,0,0,0,0,0,0,0,0,0,0,0,0,0,0
17454,17450,4,中级上衣_51~60,6000,7500,10000,0,67290,40104,1,,,0,0,0,0,0,0,0,0,0,0,0,0,0,0,0,387,387,0,0,0,0,0,0,0,0,0,0,0,0,0,0
17455,17450,5,中级上衣_51~60,4500,6500,10000,0,84110,40104,1,,,0,0,0,0,0,0,0,0,0,0,0,0,0,0,0,546,546,0,0,0,0,0,0,0,0,0,0,0,0,0,0
17456,17450,6,中级上衣_51~60,3500,5500,10000,0,100930,40104,1,,,0,0,0,0,0,0,0,0,0,0,0,0,0,0,0,705,705,0,0,0,0,0,0,0,0,0,0,0,0,0,0
17457,17450,7,中级上衣_51~60,2500,4500,10000,0,117750,40104,1,,,0,0,0,0,0,0,0,0,0,0,0,0,0,0,0,953,953,0,0,0,0,0,0,0,0,0,0,0,0,0,0
17458,17450,8,中级上衣_51~60,1500,3500,0,10000,134570,40104,1,,,0,0,0,0,0,74,0,0,0,0,0,0,0,0,0,1201,1201,0,0,0,0,0,0,0,0,0,0,0,3,0,0
17459,17450,9,中级上衣_51~60,1000,2500,0,10000,151400,40104,1,,,0,0,0,0,0,86,0,0,0,0,0,0,0,0,0,1449,1449,0,0,0,0,0,0,0,0,0,0,0,5,0,0
17460,17450,10,中级上衣_51~60,900,1500,0,9000,168220,40104,1,,,0,0,0,0,0,101,0,0,0,0,0,0,0,0,0,1796,1796,0,0,0,0,0,0,0,0,0,0,0,7,0,0
17461,17450,11,中级上衣_51~60,800,0,0,0,185040,40104,1,,,0,0,0,0,0,113,0,0,0,0,0,0,0,0,0,2143,2143,0,0,0,0,0,0,0,0,0,0,0,9,0,0
17462,17450,12,中级上衣_51~60,700,0,0,0,201860,40104,1,,,0,0,0,0,0,124,0,0,0,0,0,0,0,0,0,2490,2490,0,0,0,0,0,0,0,0,0,0,0,11,0,0
17463,17450,13,中级上衣_51~60,600,0,0,0,218680,40104,1,,,0,0,0,0,0,137,0,0,0,0,0,0,0,0,0,2946,2946,0,0,0,0,0,0,0,0,0,0,0,13,0,0
17464,17450,14,中级上衣_51~60,500,0,0,0,235510,40104,1,,,0,0,0,0,0,149,0,0,0,0,0,0,0,0,0,3402,3402,0,0,0,0,0,0,0,0,0,0,0,15,0,0
17465,17450,15,中级上衣_51~60,400,0,0,0,252330,40104,1,,,0,0,0,0,0,163,0,0,0,0,0,0,0,0,0,3858,3858,0,0,0,0,0,0,0,0,0,0,0,17,0,0
17501,17500,1,中级上衣_61~70,10000,0,0,0,16820,40104,1,,,0,0,0,0,0,0,0,0,0,0,0,0,0,0,0,0,0,0,0,0,0,0,0,0,0,0,0,0,0,0,0
17502,17500,2,中级上衣_61~70,9000,9500,10000,0,33640,40104,1,,,0,0,0,0,0,0,0,0,0,0,0,0,0,0,0,0,0,0,0,0,0,0,0,0,0,0,0,0,0,0,0
17503,17500,3,中级上衣_61~70,7500,8500,10000,0,50470,40104,1,,,0,0,0,0,0,0,0,0,0,0,0,0,0,0,0,0,0,0,0,0,0,0,0,0,0,0,0,0,0,0,0
17504,17500,4,中级上衣_61~70,6000,7500,10000,0,67290,40104,1,,,0,0,0,0,0,0,0,0,0,0,0,0,0,0,0,0,0,0,0,0,0,0,0,0,0,0,0,0,0,0,0
17505,17500,5,中级上衣_61~70,4500,6500,10000,0,84110,40104,1,,,0,0,0,0,0,0,0,0,0,0,0,0,0,0,0,0,0,0,0,0,0,0,0,0,0,0,0,0,0,0,0
17506,17500,6,中级上衣_61~70,3500,5500,10000,0,100930,40104,1,,,0,0,0,0,0,0,0,0,0,0,0,0,0,0,0,0,0,0,0,0,0,0,0,0,0,0,0,0,0,0,0
17507,17500,7,中级上衣_61~70,2500,4500,10000,0,117750,40104,1,,,0,0,0,0,0,0,0,0,0,0,0,0,0,0,0,0,0,0,0,0,0,0,0,0,0,0,0,0,0,0,0
17508,17500,8,中级上衣_61~70,1500,3500,0,10000,134570,40104,1,,,0,0,0,0,0,89,0,0,0,0,0,0,0,0,0,0,0,0,0,0,0,0,0,0,0,0,0,0,3,0,0
17509,17500,9,中级上衣_61~70,1000,2500,0,10000,151400,40104,1,,,0,0,0,0,0,103,0,0,0,0,0,0,0,0,0,0,0,0,0,0,0,0,0,0,0,0,0,0,5,0,0
17510,17500,10,中级上衣_61~70,900,1500,0,9000,168220,40104,1,,,0,0,0,0,0,121,0,0,0,0,0,0,0,0,0,0,0,0,0,0,0,0,0,0,0,0,0,0,7,0,0
17511,17500,11,中级上衣_61~70,800,0,0,0,185040,40104,1,,,0,0,0,0,0,136,0,0,0,0,0,0,0,0,0,0,0,0,0,0,0,0,0,0,0,0,0,0,9,0,0
17512,17500,12,中级上衣_61~70,700,0,0,0,201860,40104,1,,,0,0,0,0,0,149,0,0,0,0,0,0,0,0,0,0,0,0,0,0,0,0,0,0,0,0,0,0,11,0,0
17513,17500,13,中级上衣_61~70,600,0,0,0,218680,40104,1,,,0,0,0,0,0,164,0,0,0,0,0,0,0,0,0,0,0,0,0,0,0,0,0,0,0,0,0,0,13,0,0
17514,17500,14,中级上衣_61~70,500,0,0,0,235510,40104,1,,,0,0,0,0,0,179,0,0,0,0,0,0,0,0,0,0,0,0,0,0,0,0,0,0,0,0,0,0,15,0,0
17515,17500,15,中级上衣_61~70,400,0,0,0,252330,40104,1,,,0,0,0,0,0,196,0,0,0,0,0,0,0,0,0,0,0,0,0,0,0,0,0,0,0,0,0,0,17,0,0
18101,18100,1,洛夫手套_1~10,10000,0,0,0,70,40100,1,,,0,0,0,0,0,0,0,0,0,0,0,0,0,0,0,13,13,0,0,0,0,0,0,0,0,0,0,0,0,0,0
18102,18100,2,洛夫手套_1~10,9000,9500,10000,0,150,40100,1,,,0,0,0,0,0,0,0,0,0,0,0,0,0,0,0,26,26,0,0,0,0,0,0,0,0,0,0,0,0,0,0
18103,18100,3,洛夫手套_1~10,7500,8500,10000,0,220,40100,1,,,0,0,0,0,0,0,0,0,0,0,0,0,0,0,0,39,39,0,0,0,0,0,0,0,0,0,0,0,0,0,0
18104,18100,4,洛夫手套_1~10,6000,7500,10000,0,300,40100,1,,,0,0,0,0,0,0,0,0,0,0,0,0,0,0,0,65,65,0,0,0,0,0,0,0,0,0,0,0,0,0,0
18105,18100,5,洛夫手套_1~10,4500,6500,10000,0,370,40100,1,,,0,0,0,0,0,0,0,0,0,0,0,0,0,0,0,91,91,0,0,0,0,0,0,0,0,0,0,0,0,0,0
18106,18100,6,洛夫手套_1~10,3500,5500,10000,0,450,40100,1,,,0,0,0,0,0,0,0,0,0,0,0,0,0,0,0,117,117,0,0,0,0,0,0,0,0,0,0,0,0,0,0
18107,18100,7,洛夫手套_1~10,2500,4500,10000,0,520,40100,1,,,0,0,0,0,0,0,0,0,0,0,0,0,0,0,0,158,158,0,0,0,0,0,0,0,0,0,0,0,0,0,0
18108,18100,8,洛夫手套_1~10,1500,3500,0,10000,600,40100,1,,,0,0,0,0,0,0,0,0,0,0,0,0,0,0,0,199,199,0,0,0,0,0,0,0,3,0,0,0,3,0,0
18109,18100,9,洛夫手套_1~10,1000,2500,0,10000,670,40100,1,,,0,0,0,0,0,0,0,0,0,0,0,0,0,0,0,240,240,0,0,0,0,0,0,0,8,0,0,0,5,0,0
18110,18100,10,洛夫手套_1~10,900,1500,0,9000,750,40100,1,,,0,0,0,0,0,0,0,0,0,0,0,0,0,0,0,298,298,0,0,0,0,0,0,0,13,0,0,0,7,0,0
18111,18100,11,洛夫手套_1~10,800,0,0,0,820,40100,1,,,0,0,0,0,0,0,0,0,0,0,0,0,0,0,0,356,356,0,0,0,0,0,0,0,18,0,0,0,9,0,0
18112,18100,12,洛夫手套_1~10,700,0,0,0,900,40100,1,,,0,0,0,0,0,0,0,0,0,0,0,0,0,0,0,414,414,0,0,0,0,0,0,0,23,0,0,0,11,0,0
18113,18100,13,洛夫手套_1~10,600,0,0,0,970,40100,1,,,0,0,0,0,0,0,0,0,0,0,0,0,0,0,0,490,490,0,0,0,0,0,0,0,28,0,0,0,13,0,0
18114,18100,14,洛夫手套_1~10,500,0,0,0,1050,40100,1,,,0,0,0,0,0,0,0,0,0,0,0,0,0,0,0,566,566,0,0,0,0,0,0,0,33,0,0,0,15,0,0
18115,18100,15,洛夫手套_1~10,400,0,0,0,1120,40100,1,,,0,0,0,0,0,0,0,0,0,0,0,0,0,0,0,642,642,0,0,0,0,0,0,0,38,0,0,0,17,0,0
18151,18150,1,洛夫手套_11~20,10000,0,0,0,980,40101,1,,,0,0,0,0,0,0,0,0,0,0,0,0,0,0,0,25,25,0,0,0,0,0,0,0,0,0,0,0,0,0,0
18152,18150,2,洛夫手套_11~20,9000,9500,10000,0,1950,40101,1,,,0,0,0,0,0,0,0,0,0,0,0,0,0,0,0,50,50,0,0,0,0,0,0,0,0,0,0,0,0,0,0
18153,18150,3,洛夫手套_11~20,7500,8500,10000,0,2930,40101,1,,,0,0,0,0,0,0,0,0,0,0,0,0,0,0,0,75,75,0,0,0,0,0,0,0,0,0,0,0,0,0,0
18154,18150,4,洛夫手套_11~20,6000,7500,10000,0,3910,40101,1,,,0,0,0,0,0,0,0,0,0,0,0,0,0,0,0,128,128,0,0,0,0,0,0,0,0,0,0,0,0,0,0
18155,18150,5,洛夫手套_11~20,4500,6500,10000,0,4880,40101,1,,,0,0,0,0,0,0,0,0,0,0,0,0,0,0,0,181,181,0,0,0,0,0,0,0,0,0,0,0,0,0,0
18156,18150,6,洛夫手套_11~20,3500,5500,10000,0,5860,40101,1,,,0,0,0,0,0,0,0,0,0,0,0,0,0,0,0,234,234,0,0,0,0,0,0,0,0,0,0,0,0,0,0
18157,18150,7,洛夫手套_11~20,2500,4500,10000,0,6840,40101,1,,,0,0,0,0,0,0,0,0,0,0,0,0,0,0,0,317,317,0,0,0,0,0,0,0,0,0,0,0,0,0,0
18158,18150,8,洛夫手套_11~20,1500,3500,0,10000,7810,40101,1,,,0,0,0,0,0,0,0,0,0,0,0,0,0,0,0,400,400,0,0,0,0,0,0,0,4,0,0,0,3,0,0
18159,18150,9,洛夫手套_11~20,1000,2500,0,10000,8790,40101,1,,,0,0,0,0,0,0,0,0,0,0,0,0,0,0,0,483,483,0,0,0,0,0,0,0,10,0,0,0,5,0,0
18160,18150,10,洛夫手套_11~20,900,1500,0,9000,9770,40101,1,,,0,0,0,0,0,0,0,0,0,0,0,0,0,0,0,599,599,0,0,0,0,0,0,0,16,0,0,0,7,0,0
18161,18150,11,洛夫手套_11~20,800,0,0,0,10740,40101,1,,,0,0,0,0,0,0,0,0,0,0,0,0,0,0,0,715,715,0,0,0,0,0,0,0,22,0,0,0,9,0,0
18162,18150,12,洛夫手套_11~20,700,0,0,0,11720,40101,1,,,0,0,0,0,0,0,0,0,0,0,0,0,0,0,0,831,831,0,0,0,0,0,0,0,28,0,0,0,11,0,0
18163,18150,13,洛夫手套_11~20,600,0,0,0,12700,40101,1,,,0,0,0,0,0,0,0,0,0,0,0,0,0,0,0,983,983,0,0,0,0,0,0,0,34,0,0,0,13,0,0
18164,18150,14,洛夫手套_11~20,500,0,0,0,13670,40101,1,,,0,0,0,0,0,0,0,0,0,0,0,0,0,0,0,1135,1135,0,0,0,0,0,0,0,40,0,0,0,15,0,0
18165,18150,15,洛夫手套_11~20,400,0,0,0,14650,40101,1,,,0,0,0,0,0,0,0,0,0,0,0,0,0,0,0,1287,1287,0,0,0,0,0,0,0,46,0,0,0,17,0,0
18201,18200,1,洛夫手套_21~30,10000,0,0,0,4450,40102,1,,,0,0,0,0,0,0,0,0,0,0,0,0,0,0,0,38,38,0,0,0,0,0,0,0,0,0,0,0,0,0,0
18202,18200,2,洛夫手套_21~30,9000,9500,10000,0,8900,40102,1,,,0,0,0,0,0,0,0,0,0,0,0,0,0,0,0,76,76,0,0,0,0,0,0,0,0,0,0,0,0,0,0
18203,18200,3,洛夫手套_21~30,7500,8500,10000,0,13340,40102,1,,,0,0,0,0,0,0,0,0,0,0,0,0,0,0,0,114,114,0,0,0,0,0,0,0,0,0,0,0,0,0,0
18204,18200,4,洛夫手套_21~30,6000,7500,10000,0,17790,40102,1,,,0,0,0,0,0,0,0,0,0,0,0,0,0,0,0,193,193,0,0,0,0,0,0,0,0,0,0,0,0,0,0
18205,18200,5,洛夫手套_21~30,4500,6500,10000,0,22240,40102,1,,,0,0,0,0,0,0,0,0,0,0,0,0,0,0,0,272,272,0,0,0,0,0,0,0,0,0,0,0,0,0,0
18206,18200,6,洛夫手套_21~30,3500,5500,10000,0,26690,40102,1,,,0,0,0,0,0,0,0,0,0,0,0,0,0,0,0,351,351,0,0,0,0,0,0,0,0,0,0,0,0,0,0
18207,18200,7,洛夫手套_21~30,2500,4500,10000,0,31130,40102,1,,,0,0,0,0,0,0,0,0,0,0,0,0,0,0,0,475,475,0,0,0,0,0,0,0,0,0,0,0,0,0,0
18208,18200,8,洛夫手套_21~30,1500,3500,0,10000,35580,40102,1,,,0,0,0,0,0,0,0,0,0,0,0,0,0,0,0,599,599,0,0,0,0,0,0,0,5,0,0,0,3,0,0
18209,18200,9,洛夫手套_21~30,1000,2500,0,10000,40030,40102,1,,,0,0,0,0,0,0,0,0,0,0,0,0,0,0,0,723,723,0,0,0,0,0,0,0,12,0,0,0,5,0,0
18210,18200,10,洛夫手套_21~30,900,1500,0,9000,44480,40102,1,,,0,0,0,0,0,0,0,0,0,0,0,0,0,0,0,896,896,0,0,0,0,0,0,0,19,0,0,0,7,0,0
18211,18200,11,洛夫手套_21~30,800,0,0,0,48930,40102,1,,,0,0,0,0,0,0,0,0,0,0,0,0,0,0,0,1069,1069,0,0,0,0,0,0,0,26,0,0,0,9,0,0
18212,18200,12,洛夫手套_21~30,700,0,0,0,53370,40102,1,,,0,0,0,0,0,0,0,0,0,0,0,0,0,0,0,1242,1242,0,0,0,0,0,0,0,34,0,0,0,11,0,0
18213,18200,13,洛夫手套_21~30,600,0,0,0,57820,40102,1,,,0,0,0,0,0,0,0,0,0,0,0,0,0,0,0,1470,1470,0,0,0,0,0,0,0,41,0,0,0,13,0,0
18214,18200,14,洛夫手套_21~30,500,0,0,0,62270,40102,1,,,0,0,0,0,0,0,0,0,0,0,0,0,0,0,0,1698,1698,0,0,0,0,0,0,0,48,0,0,0,15,0,0
18215,18200,15,洛夫手套_21~30,400,0,0,0,66720,40102,1,,,0,0,0,0,0,0,0,0,0,0,0,0,0,0,0,1926,1926,0,0,0,0,0,0,0,55,0,0,0,17,0,0
18251,18250,1,洛夫手套_31~40,10000,0,0,0,12400,40103,1,,,0,0,0,0,0,0,0,0,0,0,0,0,0,0,0,50,50,0,0,0,0,0,0,0,0,0,0,0,0,0,0
18252,18250,2,洛夫手套_31~40,9000,9500,10000,0,24800,40103,1,,,0,0,0,0,0,0,0,0,0,0,0,0,0,0,0,100,100,0,0,0,0,0,0,0,0,0,0,0,0,0,0
18253,18250,3,洛夫手套_31~40,7500,8500,10000,0,37190,40103,1,,,0,0,0,0,0,0,0,0,0,0,0,0,0,0,0,150,150,0,0,0,0,0,0,0,0,0,0,0,0,0,0
18254,18250,4,洛夫手套_31~40,6000,7500,10000,0,49590,40103,1,,,0,0,0,0,0,0,0,0,0,0,0,0,0,0,0,256,256,0,0,0,0,0,0,0,0,0,0,0,0,0,0
18255,18250,5,洛夫手套_31~40,4500,6500,10000,0,61990,40103,1,,,0,0,0,0,0,0,0,0,0,0,0,0,0,0,0,362,362,0,0,0,0,0,0,0,0,0,0,0,0,0,0
18256,18250,6,洛夫手套_31~40,3500,5500,10000,0,74390,40103,1,,,0,0,0,0,0,0,0,0,0,0,0,0,0,0,0,468,468,0,0,0,0,0,0,0,0,0,0,0,0,0,0
18257,18250,7,洛夫手套_31~40,2500,4500,10000,0,86780,40103,1,,,0,0,0,0,0,0,0,0,0,0,0,0,0,0,0,634,634,0,0,0,0,0,0,0,0,0,0,0,0,0,0
18258,18250,8,洛夫手套_31~40,1500,3500,0,10000,99180,40103,1,,,0,0,0,0,0,0,0,0,0,0,0,0,0,0,0,800,800,0,0,0,0,0,0,0,6,0,0,0,3,0,0
18259,18250,9,洛夫手套_31~40,1000,2500,0,10000,111580,40103,1,,,0,0,0,0,0,0,0,0,0,0,0,0,0,0,0,966,966,0,0,0,0,0,0,0,14,0,0,0,5,0,0
18260,18250,10,洛夫手套_31~40,900,1500,0,9000,123980,40103,1,,,0,0,0,0,0,0,0,0,0,0,0,0,0,0,0,1197,1197,0,0,0,0,0,0,0,23,0,0,0,7,0,0
18261,18250,11,洛夫手套_31~40,800,0,0,0,136380,40103,1,,,0,0,0,0,0,0,0,0,0,0,0,0,0,0,0,1428,1428,0,0,0,0,0,0,0,31,0,0,0,9,0,0
18262,18250,12,洛夫手套_31~40,700,0,0,0,148770,40103,1,,,0,0,0,0,0,0,0,0,0,0,0,0,0,0,0,1659,1659,0,0,0,0,0,0,0,41,0,0,0,11,0,0
18263,18250,13,洛夫手套_31~40,600,0,0,0,161170,40103,1,,,0,0,0,0,0,0,0,0,0,0,0,0,0,0,0,1963,1963,0,0,0,0,0,0,0,49,0,0,0,13,0,0
18264,18250,14,洛夫手套_31~40,500,0,0,0,173570,40103,1,,,0,0,0,0,0,0,0,0,0,0,0,0,0,0,0,2267,2267,0,0,0,0,0,0,0,58,0,0,0,15,0,0
18265,18250,15,洛夫手套_31~40,400,0,0,0,185970,40103,1,,,0,0,0,0,0,0,0,0,0,0,0,0,0,0,0,2571,2571,0,0,0,0,0,0,0,66,0,0,0,17,0,0
18301,18300,1,洛夫手套_41~50,10000,0,0,0,16820,40104,1,,,0,0,0,0,0,0,0,0,0,0,0,0,0,0,0,63,63,0,0,0,0,0,0,0,0,0,0,0,0,0,0
18302,18300,2,洛夫手套_41~50,9000,9500,10000,0,33640,40104,1,,,0,0,0,0,0,0,0,0,0,0,0,0,0,0,0,126,126,0,0,0,0,0,0,0,0,0,0,0,0,0,0
18303,18300,3,洛夫手套_41~50,7500,8500,10000,0,50470,40104,1,,,0,0,0,0,0,0,0,0,0,0,0,0,0,0,0,189,189,0,0,0,0,0,0,0,0,0,0,0,0,0,0
18304,18300,4,洛夫手套_41~50,6000,7500,10000,0,67290,40104,1,,,0,0,0,0,0,0,0,0,0,0,0,0,0,0,0,321,321,0,0,0,0,0,0,0,0,0,0,0,0,0,0
18305,18300,5,洛夫手套_41~50,4500,6500,10000,0,84110,40104,1,,,0,0,0,0,0,0,0,0,0,0,0,0,0,0,0,453,453,0,0,0,0,0,0,0,0,0,0,0,0,0,0
18306,18300,6,洛夫手套_41~50,3500,5500,10000,0,100930,40104,1,,,0,0,0,0,0,0,0,0,0,0,0,0,0,0,0,585,585,0,0,0,0,0,0,0,0,0,0,0,0,0,0
18307,18300,7,洛夫手套_41~50,2500,4500,10000,0,117750,40104,1,,,0,0,0,0,0,0,0,0,0,0,0,0,0,0,0,792,792,0,0,0,0,0,0,0,0,0,0,0,0,0,0
18308,18300,8,洛夫手套_41~50,1500,3500,0,10000,134570,40104,1,,,0,0,0,0,0,0,0,0,0,0,0,0,0,0,0,999,999,0,0,0,0,0,0,0,7,0,0,0,3,0,0
18309,18300,9,洛夫手套_41~50,1000,2500,0,10000,151400,40104,1,,,0,0,0,0,0,0,0,0,0,0,0,0,0,0,0,1206,1206,0,0,0,0,0,0,0,17,0,0,0,5,0,0
18310,18300,10,洛夫手套_41~50,900,1500,0,9000,168220,40104,1,,,0,0,0,0,0,0,0,0,0,0,0,0,0,0,0,1495,1495,0,0,0,0,0,0,0,28,0,0,0,7,0,0
18311,18300,11,洛夫手套_41~50,800,0,0,0,185040,40104,1,,,0,0,0,0,0,0,0,0,0,0,0,0,0,0,0,1784,1784,0,0,0,0,0,0,0,37,0,0,0,9,0,0
18312,18300,12,洛夫手套_41~50,700,0,0,0,201860,40104,1,,,0,0,0,0,0,0,0,0,0,0,0,0,0,0,0,2073,2073,0,0,0,0,0,0,0,49,0,0,0,11,0,0
18313,18300,13,洛夫手套_41~50,600,0,0,0,218680,40104,1,,,0,0,0,0,0,0,0,0,0,0,0,0,0,0,0,2453,2453,0,0,0,0,0,0,0,59,0,0,0,13,0,0
18314,18300,14,洛夫手套_41~50,500,0,0,0,235510,40104,1,,,0,0,0,0,0,0,0,0,0,0,0,0,0,0,0,2833,2833,0,0,0,0,0,0,0,70,0,0,0,15,0,0
18315,18300,15,洛夫手套_41~50,400,0,0,0,252330,40104,1,,,0,0,0,0,0,0,0,0,0,0,0,0,0,0,0,3213,3213,0,0,0,0,0,0,0,79,0,0,0,17,0,0
18351,18350,1,洛夫手套_51~60,10000,0,0,0,16820,40104,1,,,0,0,0,0,0,0,0,0,0,0,0,0,0,0,0,76,76,0,0,0,0,0,0,0,0,0,0,0,0,0,0
18352,18350,2,洛夫手套_51~60,9000,9500,10000,0,33640,40104,1,,,0,0,0,0,0,0,0,0,0,0,0,0,0,0,0,152,152,0,0,0,0,0,0,0,0,0,0,0,0,0,0
18353,18350,3,洛夫手套_51~60,7500,8500,10000,0,50470,40104,1,,,0,0,0,0,0,0,0,0,0,0,0,0,0,0,0,228,228,0,0,0,0,0,0,0,0,0,0,0,0,0,0
18354,18350,4,洛夫手套_51~60,6000,7500,10000,0,67290,40104,1,,,0,0,0,0,0,0,0,0,0,0,0,0,0,0,0,387,387,0,0,0,0,0,0,0,0,0,0,0,0,0,0
18355,18350,5,洛夫手套_51~60,4500,6500,10000,0,84110,40104,1,,,0,0,0,0,0,0,0,0,0,0,0,0,0,0,0,546,546,0,0,0,0,0,0,0,0,0,0,0,0,0,0
18356,18350,6,洛夫手套_51~60,3500,5500,10000,0,100930,40104,1,,,0,0,0,0,0,0,0,0,0,0,0,0,0,0,0,705,705,0,0,0,0,0,0,0,0,0,0,0,0,0,0
18357,18350,7,洛夫手套_51~60,2500,4500,10000,0,117750,40104,1,,,0,0,0,0,0,0,0,0,0,0,0,0,0,0,0,953,953,0,0,0,0,0,0,0,0,0,0,0,0,0,0
18358,18350,8,洛夫手套_51~60,1500,3500,0,10000,134570,40104,1,,,0,0,0,0,0,0,0,0,0,0,0,0,0,0,0,1201,1201,0,0,0,0,0,0,0,8,0,0,0,3,0,0
18359,18350,9,洛夫手套_51~60,1000,2500,0,10000,151400,40104,1,,,0,0,0,0,0,0,0,0,0,0,0,0,0,0,0,1449,1449,0,0,0,0,0,0,0,20,0,0,0,5,0,0
18360,18350,10,洛夫手套_51~60,900,1500,0,9000,168220,40104,1,,,0,0,0,0,0,0,0,0,0,0,0,0,0,0,0,1796,1796,0,0,0,0,0,0,0,34,0,0,0,7,0,0
18361,18350,11,洛夫手套_51~60,800,0,0,0,185040,40104,1,,,0,0,0,0,0,0,0,0,0,0,0,0,0,0,0,2143,2143,0,0,0,0,0,0,0,44,0,0,0,9,0,0
18362,18350,12,洛夫手套_51~60,700,0,0,0,201860,40104,1,,,0,0,0,0,0,0,0,0,0,0,0,0,0,0,0,2490,2490,0,0,0,0,0,0,0,59,0,0,0,11,0,0
18363,18350,13,洛夫手套_51~60,600,0,0,0,218680,40104,1,,,0,0,0,0,0,0,0,0,0,0,0,0,0,0,0,2946,2946,0,0,0,0,0,0,0,71,0,0,0,13,0,0
18364,18350,14,洛夫手套_51~60,500,0,0,0,235510,40104,1,,,0,0,0,0,0,0,0,0,0,0,0,0,0,0,0,3402,3402,0,0,0,0,0,0,0,84,0,0,0,15,0,0
18365,18350,15,洛夫手套_51~60,400,0,0,0,252330,40104,1,,,0,0,0,0,0,0,0,0,0,0,0,0,0,0,0,3858,3858,0,0,0,0,0,0,0,95,0,0,0,17,0,0
18401,18400,1,洛夫手套_61~70,10000,0,0,0,16820,40104,1,,,0,0,0,0,0,0,0,0,0,0,0,0,0,0,0,0,0,0,0,0,0,0,0,0,0,0,0,0,0,0,0
18402,18400,2,洛夫手套_61~70,9000,9500,10000,0,33640,40104,1,,,0,0,0,0,0,0,0,0,0,0,0,0,0,0,0,0,0,0,0,0,0,0,0,0,0,0,0,0,0,0,0
18403,18400,3,洛夫手套_61~70,7500,8500,10000,0,50470,40104,1,,,0,0,0,0,0,0,0,0,0,0,0,0,0,0,0,0,0,0,0,0,0,0,0,0,0,0,0,0,0,0,0
18404,18400,4,洛夫手套_61~70,6000,7500,10000,0,67290,40104,1,,,0,0,0,0,0,0,0,0,0,0,0,0,0,0,0,0,0,0,0,0,0,0,0,0,0,0,0,0,0,0,0
18405,18400,5,洛夫手套_61~70,4500,6500,10000,0,84110,40104,1,,,0,0,0,0,0,0,0,0,0,0,0,0,0,0,0,0,0,0,0,0,0,0,0,0,0,0,0,0,0,0,0
18406,18400,6,洛夫手套_61~70,3500,5500,10000,0,100930,40104,1,,,0,0,0,0,0,0,0,0,0,0,0,0,0,0,0,0,0,0,0,0,0,0,0,0,0,0,0,0,0,0,0
18407,18400,7,洛夫手套_61~70,2500,4500,10000,0,117750,40104,1,,,0,0,0,0,0,0,0,0,0,0,0,0,0,0,0,0,0,0,0,0,0,0,0,0,0,0,0,0,0,0,0
18408,18400,8,洛夫手套_61~70,1500,3500,0,10000,134570,40104,1,,,0,0,0,0,0,0,0,0,0,0,0,0,0,0,0,0,0,0,0,0,0,0,0,0,10,0,0,0,3,0,0
18409,18400,9,洛夫手套_61~70,1000,2500,0,10000,151400,40104,1,,,0,0,0,0,0,0,0,0,0,0,0,0,0,0,0,0,0,0,0,0,0,0,0,0,24,0,0,0,5,0,0
18410,18400,10,洛夫手套_61~70,900,1500,0,9000,168220,40104,1,,,0,0,0,0,0,0,0,0,0,0,0,0,0,0,0,0,0,0,0,0,0,0,0,0,41,0,0,0,7,0,0
18411,18400,11,洛夫手套_61~70,800,0,0,0,185040,40104,1,,,0,0,0,0,0,0,0,0,0,0,0,0,0,0,0,0,0,0,0,0,0,0,0,0,53,0,0,0,9,0,0
18412,18400,12,洛夫手套_61~70,700,0,0,0,201860,40104,1,,,0,0,0,0,0,0,0,0,0,0,0,0,0,0,0,0,0,0,0,0,0,0,0,0,71,0,0,0,11,0,0
18413,18400,13,洛夫手套_61~70,600,0,0,0,218680,40104,1,,,0,0,0,0,0,0,0,0,0,0,0,0,0,0,0,0,0,0,0,0,0,0,0,0,85,0,0,0,13,0,0
18414,18400,14,洛夫手套_61~70,500,0,0,0,235510,40104,1,,,0,0,0,0,0,0,0,0,0,0,0,0,0,0,0,0,0,0,0,0,0,0,0,0,101,0,0,0,15,0,0
18415,18400,15,洛夫手套_61~70,400,0,0,0,252330,40104,1,,,0,0,0,0,0,0,0,0,0,0,0,0,0,0,0,0,0,0,0,0,0,0,0,0,114,0,0,0,17,0,0
19001,19000,1,颈甲手套_1~10,10000,0,0,0,70,40100,1,,,0,0,0,0,0,0,0,0,0,0,0,0,0,0,0,13,13,0,0,0,0,0,0,0,0,0,0,0,0,0,0
19002,19000,2,颈甲手套_1~10,9000,9500,10000,0,150,40100,1,,,0,0,0,0,0,0,0,0,0,0,0,0,0,0,0,26,26,0,0,0,0,0,0,0,0,0,0,0,0,0,0
19003,19000,3,颈甲手套_1~10,7500,8500,10000,0,220,40100,1,,,0,0,0,0,0,0,0,0,0,0,0,0,0,0,0,39,39,0,0,0,0,0,0,0,0,0,0,0,0,0,0
19004,19000,4,颈甲手套_1~10,6000,7500,10000,0,300,40100,1,,,0,0,0,0,0,0,0,0,0,0,0,0,0,0,0,65,65,0,0,0,0,0,0,0,0,0,0,0,0,0,0
19005,19000,5,颈甲手套_1~10,4500,6500,10000,0,370,40100,1,,,0,0,0,0,0,0,0,0,0,0,0,0,0,0,0,91,91,0,0,0,0,0,0,0,0,0,0,0,0,0,0
19006,19000,6,颈甲手套_1~10,3500,5500,10000,0,450,40100,1,,,0,0,0,0,0,0,0,0,0,0,0,0,0,0,0,117,117,0,0,0,0,0,0,0,0,0,0,0,0,0,0
19007,19000,7,颈甲手套_1~10,2500,4500,10000,0,520,40100,1,,,0,0,0,0,0,0,0,0,0,0,0,0,0,0,0,158,158,0,0,0,0,0,0,0,0,0,0,0,0,0,0
19008,19000,8,颈甲手套_1~10,1500,3500,0,10000,600,40100,1,,,0,0,0,0,0,30,0,0,0,0,0,0,0,0,0,199,199,0,0,0,0,0,0,0,0,0,0,0,3,0,0
19009,19000,9,颈甲手套_1~10,1000,2500,0,10000,670,40100,1,,,0,0,0,0,0,35,0,0,0,0,0,0,0,0,0,240,240,0,0,0,0,0,0,0,0,0,0,0,5,0,0
19010,19000,10,颈甲手套_1~10,900,1500,0,9000,750,40100,1,,,0,0,0,0,0,40,0,0,0,0,0,0,0,0,0,298,298,0,0,0,0,0,0,0,0,0,0,0,7,0,0
19011,19000,11,颈甲手套_1~10,800,0,0,0,820,40100,1,,,0,0,0,0,0,45,0,0,0,0,0,0,0,0,0,356,356,0,0,0,0,0,0,0,0,0,0,0,9,0,0
19012,19000,12,颈甲手套_1~10,700,0,0,0,900,40100,1,,,0,0,0,0,0,50,0,0,0,0,0,0,0,0,0,414,414,0,0,0,0,0,0,0,0,0,0,0,11,0,0
19013,19000,13,颈甲手套_1~10,600,0,0,0,970,40100,1,,,0,0,0,0,0,55,0,0,0,0,0,0,0,0,0,490,490,0,0,0,0,0,0,0,0,0,0,0,13,0,0
19014,19000,14,颈甲手套_1~10,500,0,0,0,1050,40100,1,,,0,0,0,0,0,60,0,0,0,0,0,0,0,0,0,566,566,0,0,0,0,0,0,0,0,0,0,0,15,0,0
19015,19000,15,颈甲手套_1~10,400,0,0,0,1120,40100,1,,,0,0,0,0,0,65,0,0,0,0,0,0,0,0,0,642,642,0,0,0,0,0,0,0,0,0,0,0,17,0,0
19051,19050,1,颈甲手套_11~20,10000,0,0,0,980,40101,1,,,0,0,0,0,0,0,0,0,0,0,0,0,0,0,0,25,25,0,0,0,0,0,0,0,0,0,0,0,0,0,0
19052,19050,2,颈甲手套_11~20,9000,9500,10000,0,1950,40101,1,,,0,0,0,0,0,0,0,0,0,0,0,0,0,0,0,50,50,0,0,0,0,0,0,0,0,0,0,0,0,0,0
19053,19050,3,颈甲手套_11~20,7500,8500,10000,0,2930,40101,1,,,0,0,0,0,0,0,0,0,0,0,0,0,0,0,0,75,75,0,0,0,0,0,0,0,0,0,0,0,0,0,0
19054,19050,4,颈甲手套_11~20,6000,7500,10000,0,3910,40101,1,,,0,0,0,0,0,0,0,0,0,0,0,0,0,0,0,128,128,0,0,0,0,0,0,0,0,0,0,0,0,0,0
19055,19050,5,颈甲手套_11~20,4500,6500,10000,0,4880,40101,1,,,0,0,0,0,0,0,0,0,0,0,0,0,0,0,0,181,181,0,0,0,0,0,0,0,0,0,0,0,0,0,0
19056,19050,6,颈甲手套_11~20,3500,5500,10000,0,5860,40101,1,,,0,0,0,0,0,0,0,0,0,0,0,0,0,0,0,234,234,0,0,0,0,0,0,0,0,0,0,0,0,0,0
19057,19050,7,颈甲手套_11~20,2500,4500,10000,0,6840,40101,1,,,0,0,0,0,0,0,0,0,0,0,0,0,0,0,0,317,317,0,0,0,0,0,0,0,0,0,0,0,0,0,0
19058,19050,8,颈甲手套_11~20,1500,3500,0,10000,7810,40101,1,,,0,0,0,0,0,36,0,0,0,0,0,0,0,0,0,400,400,0,0,0,0,0,0,0,0,0,0,0,3,0,0
19059,19050,9,颈甲手套_11~20,1000,2500,0,10000,8790,40101,1,,,0,0,0,0,0,42,0,0,0,0,0,0,0,0,0,483,483,0,0,0,0,0,0,0,0,0,0,0,5,0,0
19060,19050,10,颈甲手套_11~20,900,1500,0,9000,9770,40101,1,,,0,0,0,0,0,48,0,0,0,0,0,0,0,0,0,599,599,0,0,0,0,0,0,0,0,0,0,0,7,0,0
19061,19050,11,颈甲手套_11~20,800,0,0,0,10740,40101,1,,,0,0,0,0,0,54,0,0,0,0,0,0,0,0,0,715,715,0,0,0,0,0,0,0,0,0,0,0,9,0,0
19062,19050,12,颈甲手套_11~20,700,0,0,0,11720,40101,1,,,0,0,0,0,0,60,0,0,0,0,0,0,0,0,0,831,831,0,0,0,0,0,0,0,0,0,0,0,11,0,0
19063,19050,13,颈甲手套_11~20,600,0,0,0,12700,40101,1,,,0,0,0,0,0,66,0,0,0,0,0,0,0,0,0,983,983,0,0,0,0,0,0,0,0,0,0,0,13,0,0
19064,19050,14,颈甲手套_11~20,500,0,0,0,13670,40101,1,,,0,0,0,0,0,72,0,0,0,0,0,0,0,0,0,1135,1135,0,0,0,0,0,0,0,0,0,0,0,15,0,0
19065,19050,15,颈甲手套_11~20,400,0,0,0,14650,40101,1,,,0,0,0,0,0,78,0,0,0,0,0,0,0,0,0,1287,1287,0,0,0,0,0,0,0,0,0,0,0,17,0,0
19101,19100,1,颈甲手套_21~30,10000,0,0,0,4450,40102,1,,,0,0,0,0,0,0,0,0,0,0,0,0,0,0,0,38,38,0,0,0,0,0,0,0,0,0,0,0,0,0,0
19102,19100,2,颈甲手套_21~30,9000,9500,10000,0,8900,40102,1,,,0,0,0,0,0,0,0,0,0,0,0,0,0,0,0,76,76,0,0,0,0,0,0,0,0,0,0,0,0,0,0
19103,19100,3,颈甲手套_21~30,7500,8500,10000,0,13340,40102,1,,,0,0,0,0,0,0,0,0,0,0,0,0,0,0,0,114,114,0,0,0,0,0,0,0,0,0,0,0,0,0,0
19104,19100,4,颈甲手套_21~30,6000,7500,10000,0,17790,40102,1,,,0,0,0,0,0,0,0,0,0,0,0,0,0,0,0,193,193,0,0,0,0,0,0,0,0,0,0,0,0,0,0
19105,19100,5,颈甲手套_21~30,4500,6500,10000,0,22240,40102,1,,,0,0,0,0,0,0,0,0,0,0,0,0,0,0,0,272,272,0,0,0,0,0,0,0,0,0,0,0,0,0,0
19106,19100,6,颈甲手套_21~30,3500,5500,10000,0,26690,40102,1,,,0,0,0,0,0,0,0,0,0,0,0,0,0,0,0,351,351,0,0,0,0,0,0,0,0,0,0,0,0,0,0
19107,19100,7,颈甲手套_21~30,2500,4500,10000,0,31130,40102,1,,,0,0,0,0,0,0,0,0,0,0,0,0,0,0,0,475,475,0,0,0,0,0,0,0,0,0,0,0,0,0,0
19108,19100,8,颈甲手套_21~30,1500,3500,0,10000,35580,40102,1,,,0,0,0,0,0,43,0,0,0,0,0,0,0,0,0,599,599,0,0,0,0,0,0,0,0,0,0,0,3,0,0
19109,19100,9,颈甲手套_21~30,1000,2500,0,10000,40030,40102,1,,,0,0,0,0,0,50,0,0,0,0,0,0,0,0,0,723,723,0,0,0,0,0,0,0,0,0,0,0,5,0,0
19110,19100,10,颈甲手套_21~30,900,1500,0,9000,44480,40102,1,,,0,0,0,0,0,58,0,0,0,0,0,0,0,0,0,896,896,0,0,0,0,0,0,0,0,0,0,0,7,0,0
19111,19100,11,颈甲手套_21~30,800,0,0,0,48930,40102,1,,,0,0,0,0,0,65,0,0,0,0,0,0,0,0,0,1069,1069,0,0,0,0,0,0,0,0,0,0,0,9,0,0
19112,19100,12,颈甲手套_21~30,700,0,0,0,53370,40102,1,,,0,0,0,0,0,72,0,0,0,0,0,0,0,0,0,1242,1242,0,0,0,0,0,0,0,0,0,0,0,11,0,0
19113,19100,13,颈甲手套_21~30,600,0,0,0,57820,40102,1,,,0,0,0,0,0,79,0,0,0,0,0,0,0,0,0,1470,1470,0,0,0,0,0,0,0,0,0,0,0,13,0,0
19114,19100,14,颈甲手套_21~30,500,0,0,0,62270,40102,1,,,0,0,0,0,0,86,0,0,0,0,0,0,0,0,0,1698,1698,0,0,0,0,0,0,0,0,0,0,0,15,0,0
19115,19100,15,颈甲手套_21~30,400,0,0,0,66720,40102,1,,,0,0,0,0,0,94,0,0,0,0,0,0,0,0,0,1926,1926,0,0,0,0,0,0,0,0,0,0,0,17,0,0
19151,19150,1,颈甲手套_31~40,10000,0,0,0,12400,40103,1,,,0,0,0,0,0,0,0,0,0,0,0,0,0,0,0,50,50,0,0,0,0,0,0,0,0,0,0,0,0,0,0
19152,19150,2,颈甲手套_31~40,9000,9500,10000,0,24800,40103,1,,,0,0,0,0,0,0,0,0,0,0,0,0,0,0,0,100,100,0,0,0,0,0,0,0,0,0,0,0,0,0,0
19153,19150,3,颈甲手套_31~40,7500,8500,10000,0,37190,40103,1,,,0,0,0,0,0,0,0,0,0,0,0,0,0,0,0,150,150,0,0,0,0,0,0,0,0,0,0,0,0,0,0
19154,19150,4,颈甲手套_31~40,6000,7500,10000,0,49590,40103,1,,,0,0,0,0,0,0,0,0,0,0,0,0,0,0,0,256,256,0,0,0,0,0,0,0,0,0,0,0,0,0,0
19155,19150,5,颈甲手套_31~40,4500,6500,10000,0,61990,40103,1,,,0,0,0,0,0,0,0,0,0,0,0,0,0,0,0,362,362,0,0,0,0,0,0,0,0,0,0,0,0,0,0
19156,19150,6,颈甲手套_31~40,3500,5500,10000,0,74390,40103,1,,,0,0,0,0,0,0,0,0,0,0,0,0,0,0,0,468,468,0,0,0,0,0,0,0,0,0,0,0,0,0,0
19157,19150,7,颈甲手套_31~40,2500,4500,10000,0,86780,40103,1,,,0,0,0,0,0,0,0,0,0,0,0,0,0,0,0,634,634,0,0,0,0,0,0,0,0,0,0,0,0,0,0
19158,19150,8,颈甲手套_31~40,1500,3500,0,10000,99180,40103,1,,,0,0,0,0,0,52,0,0,0,0,0,0,0,0,0,800,800,0,0,0,0,0,0,0,0,0,0,0,3,0,0
19159,19150,9,颈甲手套_31~40,1000,2500,0,10000,111580,40103,1,,,0,0,0,0,0,60,0,0,0,0,0,0,0,0,0,966,966,0,0,0,0,0,0,0,0,0,0,0,5,0,0
19160,19150,10,颈甲手套_31~40,900,1500,0,9000,123980,40103,1,,,0,0,0,0,0,70,0,0,0,0,0,0,0,0,0,1197,1197,0,0,0,0,0,0,0,0,0,0,0,7,0,0
19161,19150,11,颈甲手套_31~40,800,0,0,0,136380,40103,1,,,0,0,0,0,0,78,0,0,0,0,0,0,0,0,0,1428,1428,0,0,0,0,0,0,0,0,0,0,0,9,0,0
19162,19150,12,颈甲手套_31~40,700,0,0,0,148770,40103,1,,,0,0,0,0,0,86,0,0,0,0,0,0,0,0,0,1659,1659,0,0,0,0,0,0,0,0,0,0,0,11,0,0
19163,19150,13,颈甲手套_31~40,600,0,0,0,161170,40103,1,,,0,0,0,0,0,95,0,0,0,0,0,0,0,0,0,1963,1963,0,0,0,0,0,0,0,0,0,0,0,13,0,0
19164,19150,14,颈甲手套_31~40,500,0,0,0,173570,40103,1,,,0,0,0,0,0,103,0,0,0,0,0,0,0,0,0,2267,2267,0,0,0,0,0,0,0,0,0,0,0,15,0,0
19165,19150,15,颈甲手套_31~40,400,0,0,0,185970,40103,1,,,0,0,0,0,0,113,0,0,0,0,0,0,0,0,0,2571,2571,0,0,0,0,0,0,0,0,0,0,0,17,0,0
19201,19200,1,颈甲手套_41~50,10000,0,0,0,16820,40104,1,,,0,0,0,0,0,0,0,0,0,0,0,0,0,0,0,63,63,0,0,0,0,0,0,0,0,0,0,0,0,0,0
19202,19200,2,颈甲手套_41~50,9000,9500,10000,0,33640,40104,1,,,0,0,0,0,0,0,0,0,0,0,0,0,0,0,0,126,126,0,0,0,0,0,0,0,0,0,0,0,0,0,0
19203,19200,3,颈甲手套_41~50,7500,8500,10000,0,50470,40104,1,,,0,0,0,0,0,0,0,0,0,0,0,0,0,0,0,189,189,0,0,0,0,0,0,0,0,0,0,0,0,0,0
19204,19200,4,颈甲手套_41~50,6000,7500,10000,0,67290,40104,1,,,0,0,0,0,0,0,0,0,0,0,0,0,0,0,0,321,321,0,0,0,0,0,0,0,0,0,0,0,0,0,0
19205,19200,5,颈甲手套_41~50,4500,6500,10000,0,84110,40104,1,,,0,0,0,0,0,0,0,0,0,0,0,0,0,0,0,453,453,0,0,0,0,0,0,0,0,0,0,0,0,0,0
19206,19200,6,颈甲手套_41~50,3500,5500,10000,0,100930,40104,1,,,0,0,0,0,0,0,0,0,0,0,0,0,0,0,0,585,585,0,0,0,0,0,0,0,0,0,0,0,0,0,0
19207,19200,7,颈甲手套_41~50,2500,4500,10000,0,117750,40104,1,,,0,0,0,0,0,0,0,0,0,0,0,0,0,0,0,792,792,0,0,0,0,0,0,0,0,0,0,0,0,0,0
19208,19200,8,颈甲手套_41~50,1500,3500,0,10000,134570,40104,1,,,0,0,0,0,0,62,0,0,0,0,0,0,0,0,0,999,999,0,0,0,0,0,0,0,0,0,0,0,3,0,0
19209,19200,9,颈甲手套_41~50,1000,2500,0,10000,151400,40104,1,,,0,0,0,0,0,72,0,0,0,0,0,0,0,0,0,1206,1206,0,0,0,0,0,0,0,0,0,0,0,5,0,0
19210,19200,10,颈甲手套_41~50,900,1500,0,9000,168220,40104,1,,,0,0,0,0,0,84,0,0,0,0,0,0,0,0,0,1495,1495,0,0,0,0,0,0,0,0,0,0,0,7,0,0
19211,19200,11,颈甲手套_41~50,800,0,0,0,185040,40104,1,,,0,0,0,0,0,94,0,0,0,0,0,0,0,0,0,1784,1784,0,0,0,0,0,0,0,0,0,0,0,9,0,0
19212,19200,12,颈甲手套_41~50,700,0,0,0,201860,40104,1,,,0,0,0,0,0,103,0,0,0,0,0,0,0,0,0,2073,2073,0,0,0,0,0,0,0,0,0,0,0,11,0,0
19213,19200,13,颈甲手套_41~50,600,0,0,0,218680,40104,1,,,0,0,0,0,0,114,0,0,0,0,0,0,0,0,0,2453,2453,0,0,0,0,0,0,0,0,0,0,0,13,0,0
19214,19200,14,颈甲手套_41~50,500,0,0,0,235510,40104,1,,,0,0,0,0,0,124,0,0,0,0,0,0,0,0,0,2833,2833,0,0,0,0,0,0,0,0,0,0,0,15,0,0
19215,19200,15,颈甲手套_41~50,400,0,0,0,252330,40104,1,,,0,0,0,0,0,136,0,0,0,0,0,0,0,0,0,3213,3213,0,0,0,0,0,0,0,0,0,0,0,17,0,0
19251,19250,1,颈甲手套_51~60,10000,0,0,0,16820,40104,1,,,0,0,0,0,0,0,0,0,0,0,0,0,0,0,0,76,76,0,0,0,0,0,0,0,0,0,0,0,0,0,0
19252,19250,2,颈甲手套_51~60,9000,9500,10000,0,33640,40104,1,,,0,0,0,0,0,0,0,0,0,0,0,0,0,0,0,152,152,0,0,0,0,0,0,0,0,0,0,0,0,0,0
19253,19250,3,颈甲手套_51~60,7500,8500,10000,0,50470,40104,1,,,0,0,0,0,0,0,0,0,0,0,0,0,0,0,0,228,228,0,0,0,0,0,0,0,0,0,0,0,0,0,0
19254,19250,4,颈甲手套_51~60,6000,7500,10000,0,67290,40104,1,,,0,0,0,0,0,0,0,0,0,0,0,0,0,0,0,387,387,0,0,0,0,0,0,0,0,0,0,0,0,0,0
19255,19250,5,颈甲手套_51~60,4500,6500,10000,0,84110,40104,1,,,0,0,0,0,0,0,0,0,0,0,0,0,0,0,0,546,546,0,0,0,0,0,0,0,0,0,0,0,0,0,0
19256,19250,6,颈甲手套_51~60,3500,5500,10000,0,100930,40104,1,,,0,0,0,0,0,0,0,0,0,0,0,0,0,0,0,705,705,0,0,0,0,0,0,0,0,0,0,0,0,0,0
19257,19250,7,颈甲手套_51~60,2500,4500,10000,0,117750,40104,1,,,0,0,0,0,0,0,0,0,0,0,0,0,0,0,0,953,953,0,0,0,0,0,0,0,0,0,0,0,0,0,0
19258,19250,8,颈甲手套_51~60,1500,3500,0,10000,134570,40104,1,,,0,0,0,0,0,74,0,0,0,0,0,0,0,0,0,1201,1201,0,0,0,0,0,0,0,0,0,0,0,3,0,0
19259,19250,9,颈甲手套_51~60,1000,2500,0,10000,151400,40104,1,,,0,0,0,0,0,86,0,0,0,0,0,0,0,0,0,1449,1449,0,0,0,0,0,0,0,0,0,0,0,5,0,0
19260,19250,10,颈甲手套_51~60,900,1500,0,9000,168220,40104,1,,,0,0,0,0,0,101,0,0,0,0,0,0,0,0,0,1796,1796,0,0,0,0,0,0,0,0,0,0,0,7,0,0
19261,19250,11,颈甲手套_51~60,800,0,0,0,185040,40104,1,,,0,0,0,0,0,113,0,0,0,0,0,0,0,0,0,2143,2143,0,0,0,0,0,0,0,0,0,0,0,9,0,0
19262,19250,12,颈甲手套_51~60,700,0,0,0,201860,40104,1,,,0,0,0,0,0,124,0,0,0,0,0,0,0,0,0,2490,2490,0,0,0,0,0,0,0,0,0,0,0,11,0,0
19263,19250,13,颈甲手套_51~60,600,0,0,0,218680,40104,1,,,0,0,0,0,0,137,0,0,0,0,0,0,0,0,0,2946,2946,0,0,0,0,0,0,0,0,0,0,0,13,0,0
19264,19250,14,颈甲手套_51~60,500,0,0,0,235510,40104,1,,,0,0,0,0,0,149,0,0,0,0,0,0,0,0,0,3402,3402,0,0,0,0,0,0,0,0,0,0,0,15,0,0
19265,19250,15,颈甲手套_51~60,400,0,0,0,252330,40104,1,,,0,0,0,0,0,163,0,0,0,0,0,0,0,0,0,3858,3858,0,0,0,0,0,0,0,0,0,0,0,17,0,0
19301,19300,1,颈甲手套_61~70,10000,0,0,0,16820,40104,1,,,0,0,0,0,0,0,0,0,0,0,0,0,0,0,0,0,0,0,0,0,0,0,0,0,0,0,0,0,0,0,0
19302,19300,2,颈甲手套_61~70,9000,9500,10000,0,33640,40104,1,,,0,0,0,0,0,0,0,0,0,0,0,0,0,0,0,0,0,0,0,0,0,0,0,0,0,0,0,0,0,0,0
19303,19300,3,颈甲手套_61~70,7500,8500,10000,0,50470,40104,1,,,0,0,0,0,0,0,0,0,0,0,0,0,0,0,0,0,0,0,0,0,0,0,0,0,0,0,0,0,0,0,0
19304,19300,4,颈甲手套_61~70,6000,7500,10000,0,67290,40104,1,,,0,0,0,0,0,0,0,0,0,0,0,0,0,0,0,0,0,0,0,0,0,0,0,0,0,0,0,0,0,0,0
19305,19300,5,颈甲手套_61~70,4500,6500,10000,0,84110,40104,1,,,0,0,0,0,0,0,0,0,0,0,0,0,0,0,0,0,0,0,0,0,0,0,0,0,0,0,0,0,0,0,0
19306,19300,6,颈甲手套_61~70,3500,5500,10000,0,100930,40104,1,,,0,0,0,0,0,0,0,0,0,0,0,0,0,0,0,0,0,0,0,0,0,0,0,0,0,0,0,0,0,0,0
19307,19300,7,颈甲手套_61~70,2500,4500,10000,0,117750,40104,1,,,0,0,0,0,0,0,0,0,0,0,0,0,0,0,0,0,0,0,0,0,0,0,0,0,0,0,0,0,0,0,0
19308,19300,8,颈甲手套_61~70,1500,3500,0,10000,134570,40104,1,,,0,0,0,0,0,89,0,0,0,0,0,0,0,0,0,0,0,0,0,0,0,0,0,0,0,0,0,0,3,0,0
19309,19300,9,颈甲手套_61~70,1000,2500,0,10000,151400,40104,1,,,0,0,0,0,0,103,0,0,0,0,0,0,0,0,0,0,0,0,0,0,0,0,0,0,0,0,0,0,5,0,0
19310,19300,10,颈甲手套_61~70,900,1500,0,9000,168220,40104,1,,,0,0,0,0,0,121,0,0,0,0,0,0,0,0,0,0,0,0,0,0,0,0,0,0,0,0,0,0,7,0,0
19311,19300,11,颈甲手套_61~70,800,0,0,0,185040,40104,1,,,0,0,0,0,0,136,0,0,0,0,0,0,0,0,0,0,0,0,0,0,0,0,0,0,0,0,0,0,9,0,0
19312,19300,12,颈甲手套_61~70,700,0,0,0,201860,40104,1,,,0,0,0,0,0,149,0,0,0,0,0,0,0,0,0,0,0,0,0,0,0,0,0,0,0,0,0,0,11,0,0
19313,19300,13,颈甲手套_61~70,600,0,0,0,218680,40104,1,,,0,0,0,0,0,164,0,0,0,0,0,0,0,0,0,0,0,0,0,0,0,0,0,0,0,0,0,0,13,0,0
19314,19300,14,颈甲手套_61~70,500,0,0,0,235510,40104,1,,,0,0,0,0,0,179,0,0,0,0,0,0,0,0,0,0,0,0,0,0,0,0,0,0,0,0,0,0,15,0,0
19315,19300,15,颈甲手套_61~70,400,0,0,0,252330,40104,1,,,0,0,0,0,0,196,0,0,0,0,0,0,0,0,0,0,0,0,0,0,0,0,0,0,0,0,0,0,17,0,0
19901,19900,1,中等装甲_1~10,10000,0,0,0,70,40100,1,,,0,0,0,0,0,0,0,0,0,0,0,0,0,0,0,13,13,0,0,0,0,0,0,0,0,0,0,0,0,0,0
19902,19900,2,中等装甲_1~10,9000,9500,10000,0,150,40100,1,,,0,0,0,0,0,0,0,0,0,0,0,0,0,0,0,26,26,0,0,0,0,0,0,0,0,0,0,0,0,0,0
19903,19900,3,中等装甲_1~10,7500,8500,10000,0,220,40100,1,,,0,0,0,0,0,0,0,0,0,0,0,0,0,0,0,39,39,0,0,0,0,0,0,0,0,0,0,0,0,0,0
19904,19900,4,中等装甲_1~10,6000,7500,10000,0,300,40100,1,,,0,0,0,0,0,0,0,0,0,0,0,0,0,0,0,65,65,0,0,0,0,0,0,0,0,0,0,0,0,0,0
19905,19900,5,中等装甲_1~10,4500,6500,10000,0,370,40100,1,,,0,0,0,0,0,0,0,0,0,0,0,0,0,0,0,91,91,0,0,0,0,0,0,0,0,0,0,0,0,0,0
19906,19900,6,中等装甲_1~10,3500,5500,10000,0,450,40100,1,,,0,0,0,0,0,0,0,0,0,0,0,0,0,0,0,117,117,0,0,0,0,0,0,0,0,0,0,0,0,0,0
19907,19900,7,中等装甲_1~10,2500,4500,10000,0,520,40100,1,,,0,0,0,0,0,0,0,0,0,0,0,0,0,0,0,158,158,0,0,0,0,0,0,0,0,0,0,0,0,0,0
19908,19900,8,中等装甲_1~10,1500,3500,0,10000,600,40100,1,,,0,0,0,0,0,30,0,0,0,0,0,0,0,0,0,199,199,0,0,0,0,0,0,0,0,0,0,0,3,0,0
19909,19900,9,中等装甲_1~10,1000,2500,0,10000,670,40100,1,,,0,0,0,0,0,35,0,0,0,0,0,0,0,0,0,240,240,0,0,0,0,0,0,0,0,0,0,0,5,0,0
19910,19900,10,中等装甲_1~10,900,1500,0,9000,750,40100,1,,,0,0,0,0,0,40,0,0,0,0,0,0,0,0,0,298,298,0,0,0,0,0,0,0,0,0,0,0,7,0,0
19911,19900,11,中等装甲_1~10,800,0,0,0,820,40100,1,,,0,0,0,0,0,45,0,0,0,0,0,0,0,0,0,356,356,0,0,0,0,0,0,0,0,0,0,0,9,0,0
19912,19900,12,中等装甲_1~10,700,0,0,0,900,40100,1,,,0,0,0,0,0,50,0,0,0,0,0,0,0,0,0,414,414,0,0,0,0,0,0,0,0,0,0,0,11,0,0
19913,19900,13,中等装甲_1~10,600,0,0,0,970,40100,1,,,0,0,0,0,0,55,0,0,0,0,0,0,0,0,0,490,490,0,0,0,0,0,0,0,0,0,0,0,13,0,0
19914,19900,14,中等装甲_1~10,500,0,0,0,1050,40100,1,,,0,0,0,0,0,60,0,0,0,0,0,0,0,0,0,566,566,0,0,0,0,0,0,0,0,0,0,0,15,0,0
19915,19900,15,中等装甲_1~10,400,0,0,0,1120,40100,1,,,0,0,0,0,0,65,0,0,0,0,0,0,0,0,0,642,642,0,0,0,0,0,0,0,0,0,0,0,17,0,0
19951,19950,1,中等装甲_11~20,10000,0,0,0,980,40101,1,,,0,0,0,0,0,0,0,0,0,0,0,0,0,0,0,25,25,0,0,0,0,0,0,0,0,0,0,0,0,0,0
19952,19950,2,中等装甲_11~20,9000,9500,10000,0,1950,40101,1,,,0,0,0,0,0,0,0,0,0,0,0,0,0,0,0,50,50,0,0,0,0,0,0,0,0,0,0,0,0,0,0
19953,19950,3,中等装甲_11~20,7500,8500,10000,0,2930,40101,1,,,0,0,0,0,0,0,0,0,0,0,0,0,0,0,0,75,75,0,0,0,0,0,0,0,0,0,0,0,0,0,0
19954,19950,4,中等装甲_11~20,6000,7500,10000,0,3910,40101,1,,,0,0,0,0,0,0,0,0,0,0,0,0,0,0,0,128,128,0,0,0,0,0,0,0,0,0,0,0,0,0,0
19955,19950,5,中等装甲_11~20,4500,6500,10000,0,4880,40101,1,,,0,0,0,0,0,0,0,0,0,0,0,0,0,0,0,181,181,0,0,0,0,0,0,0,0,0,0,0,0,0,0
19956,19950,6,中等装甲_11~20,3500,5500,10000,0,5860,40101,1,,,0,0,0,0,0,0,0,0,0,0,0,0,0,0,0,234,234,0,0,0,0,0,0,0,0,0,0,0,0,0,0
19957,19950,7,中等装甲_11~20,2500,4500,10000,0,6840,40101,1,,,0,0,0,0,0,0,0,0,0,0,0,0,0,0,0,317,317,0,0,0,0,0,0,0,0,0,0,0,0,0,0
19958,19950,8,中等装甲_11~20,1500,3500,0,10000,7810,40101,1,,,0,0,0,0,0,36,0,0,0,0,0,0,0,0,0,400,400,0,0,0,0,0,0,0,0,0,0,0,3,0,0
19959,19950,9,中等装甲_11~20,1000,2500,0,10000,8790,40101,1,,,0,0,0,0,0,42,0,0,0,0,0,0,0,0,0,483,483,0,0,0,0,0,0,0,0,0,0,0,5,0,0
19960,19950,10,中等装甲_11~20,900,1500,0,9000,9770,40101,1,,,0,0,0,0,0,48,0,0,0,0,0,0,0,0,0,599,599,0,0,0,0,0,0,0,0,0,0,0,7,0,0
19961,19950,11,中等装甲_11~20,800,0,0,0,10740,40101,1,,,0,0,0,0,0,54,0,0,0,0,0,0,0,0,0,715,715,0,0,0,0,0,0,0,0,0,0,0,9,0,0
19962,19950,12,中等装甲_11~20,700,0,0,0,11720,40101,1,,,0,0,0,0,0,60,0,0,0,0,0,0,0,0,0,831,831,0,0,0,0,0,0,0,0,0,0,0,11,0,0
19963,19950,13,中等装甲_11~20,600,0,0,0,12700,40101,1,,,0,0,0,0,0,66,0,0,0,0,0,0,0,0,0,983,983,0,0,0,0,0,0,0,0,0,0,0,13,0,0
19964,19950,14,中等装甲_11~20,500,0,0,0,13670,40101,1,,,0,0,0,0,0,72,0,0,0,0,0,0,0,0,0,1135,1135,0,0,0,0,0,0,0,0,0,0,0,15,0,0
19965,19950,15,中等装甲_11~20,400,0,0,0,14650,40101,1,,,0,0,0,0,0,78,0,0,0,0,0,0,0,0,0,1287,1287,0,0,0,0,0,0,0,0,0,0,0,17,0,0
20001,20000,1,中等装甲_21~30,10000,0,0,0,4450,40102,1,,,0,0,0,0,0,0,0,0,0,0,0,0,0,0,0,38,38,0,0,0,0,0,0,0,0,0,0,0,0,0,0
20002,20000,2,中等装甲_21~30,9000,9500,10000,0,8900,40102,1,,,0,0,0,0,0,0,0,0,0,0,0,0,0,0,0,76,76,0,0,0,0,0,0,0,0,0,0,0,0,0,0
20003,20000,3,中等装甲_21~30,7500,8500,10000,0,13340,40102,1,,,0,0,0,0,0,0,0,0,0,0,0,0,0,0,0,114,114,0,0,0,0,0,0,0,0,0,0,0,0,0,0
20004,20000,4,中等装甲_21~30,6000,7500,10000,0,17790,40102,1,,,0,0,0,0,0,0,0,0,0,0,0,0,0,0,0,193,193,0,0,0,0,0,0,0,0,0,0,0,0,0,0
20005,20000,5,中等装甲_21~30,4500,6500,10000,0,22240,40102,1,,,0,0,0,0,0,0,0,0,0,0,0,0,0,0,0,272,272,0,0,0,0,0,0,0,0,0,0,0,0,0,0
20006,20000,6,中等装甲_21~30,3500,5500,10000,0,26690,40102,1,,,0,0,0,0,0,0,0,0,0,0,0,0,0,0,0,351,351,0,0,0,0,0,0,0,0,0,0,0,0,0,0
20007,20000,7,中等装甲_21~30,2500,4500,10000,0,31130,40102,1,,,0,0,0,0,0,0,0,0,0,0,0,0,0,0,0,475,475,0,0,0,0,0,0,0,0,0,0,0,0,0,0
20008,20000,8,中等装甲_21~30,1500,3500,0,10000,35580,40102,1,,,0,0,0,0,0,43,0,0,0,0,0,0,0,0,0,599,599,0,0,0,0,0,0,0,0,0,0,0,3,0,0
20009,20000,9,中等装甲_21~30,1000,2500,0,10000,40030,40102,1,,,0,0,0,0,0,50,0,0,0,0,0,0,0,0,0,723,723,0,0,0,0,0,0,0,0,0,0,0,5,0,0
20010,20000,10,中等装甲_21~30,900,1500,0,9000,44480,40102,1,,,0,0,0,0,0,58,0,0,0,0,0,0,0,0,0,896,896,0,0,0,0,0,0,0,0,0,0,0,7,0,0
20011,20000,11,中等装甲_21~30,800,0,0,0,48930,40102,1,,,0,0,0,0,0,65,0,0,0,0,0,0,0,0,0,1069,1069,0,0,0,0,0,0,0,0,0,0,0,9,0,0
20012,20000,12,中等装甲_21~30,700,0,0,0,53370,40102,1,,,0,0,0,0,0,72,0,0,0,0,0,0,0,0,0,1242,1242,0,0,0,0,0,0,0,0,0,0,0,11,0,0
20013,20000,13,中等装甲_21~30,600,0,0,0,57820,40102,1,,,0,0,0,0,0,79,0,0,0,0,0,0,0,0,0,1470,1470,0,0,0,0,0,0,0,0,0,0,0,13,0,0
20014,20000,14,中等装甲_21~30,500,0,0,0,62270,40102,1,,,0,0,0,0,0,86,0,0,0,0,0,0,0,0,0,1698,1698,0,0,0,0,0,0,0,0,0,0,0,15,0,0
20015,20000,15,中等装甲_21~30,400,0,0,0,66720,40102,1,,,0,0,0,0,0,94,0,0,0,0,0,0,0,0,0,1926,1926,0,0,0,0,0,0,0,0,0,0,0,17,0,0
20051,20050,1,中等装甲_31~40,10000,0,0,0,12400,40103,1,,,0,0,0,0,0,0,0,0,0,0,0,0,0,0,0,50,50,0,0,0,0,0,0,0,0,0,0,0,0,0,0
20052,20050,2,中等装甲_31~40,9000,9500,10000,0,24800,40103,1,,,0,0,0,0,0,0,0,0,0,0,0,0,0,0,0,100,100,0,0,0,0,0,0,0,0,0,0,0,0,0,0
20053,20050,3,中等装甲_31~40,7500,8500,10000,0,37190,40103,1,,,0,0,0,0,0,0,0,0,0,0,0,0,0,0,0,150,150,0,0,0,0,0,0,0,0,0,0,0,0,0,0
20054,20050,4,中等装甲_31~40,6000,7500,10000,0,49590,40103,1,,,0,0,0,0,0,0,0,0,0,0,0,0,0,0,0,256,256,0,0,0,0,0,0,0,0,0,0,0,0,0,0
20055,20050,5,中等装甲_31~40,4500,6500,10000,0,61990,40103,1,,,0,0,0,0,0,0,0,0,0,0,0,0,0,0,0,362,362,0,0,0,0,0,0,0,0,0,0,0,0,0,0
20056,20050,6,中等装甲_31~40,3500,5500,10000,0,74390,40103,1,,,0,0,0,0,0,0,0,0,0,0,0,0,0,0,0,468,468,0,0,0,0,0,0,0,0,0,0,0,0,0,0
20057,20050,7,中等装甲_31~40,2500,4500,10000,0,86780,40103,1,,,0,0,0,0,0,0,0,0,0,0,0,0,0,0,0,634,634,0,0,0,0,0,0,0,0,0,0,0,0,0,0
20058,20050,8,中等装甲_31~40,1500,3500,0,10000,99180,40103,1,,,0,0,0,0,0,52,0,0,0,0,0,0,0,0,0,800,800,0,0,0,0,0,0,0,0,0,0,0,3,0,0
20059,20050,9,中等装甲_31~40,1000,2500,0,10000,111580,40103,1,,,0,0,0,0,0,60,0,0,0,0,0,0,0,0,0,966,966,0,0,0,0,0,0,0,0,0,0,0,5,0,0
20060,20050,10,中等装甲_31~40,900,1500,0,9000,123980,40103,1,,,0,0,0,0,0,70,0,0,0,0,0,0,0,0,0,1197,1197,0,0,0,0,0,0,0,0,0,0,0,7,0,0
20061,20050,11,中等装甲_31~40,800,0,0,0,136380,40103,1,,,0,0,0,0,0,78,0,0,0,0,0,0,0,0,0,1428,1428,0,0,0,0,0,0,0,0,0,0,0,9,0,0
20062,20050,12,中等装甲_31~40,700,0,0,0,148770,40103,1,,,0,0,0,0,0,86,0,0,0,0,0,0,0,0,0,1659,1659,0,0,0,0,0,0,0,0,0,0,0,11,0,0
20063,20050,13,中等装甲_31~40,600,0,0,0,161170,40103,1,,,0,0,0,0,0,95,0,0,0,0,0,0,0,0,0,1963,1963,0,0,0,0,0,0,0,0,0,0,0,13,0,0
20064,20050,14,中等装甲_31~40,500,0,0,0,173570,40103,1,,,0,0,0,0,0,103,0,0,0,0,0,0,0,0,0,2267,2267,0,0,0,0,0,0,0,0,0,0,0,15,0,0
20065,20050,15,中等装甲_31~40,400,0,0,0,185970,40103,1,,,0,0,0,0,0,113,0,0,0,0,0,0,0,0,0,2571,2571,0,0,0,0,0,0,0,0,0,0,0,17,0,0
20101,20100,1,中等装甲_41~50,10000,0,0,0,16820,40104,1,,,0,0,0,0,0,0,0,0,0,0,0,0,0,0,0,63,63,0,0,0,0,0,0,0,0,0,0,0,0,0,0
20102,20100,2,中等装甲_41~50,9000,9500,10000,0,33640,40104,1,,,0,0,0,0,0,0,0,0,0,0,0,0,0,0,0,126,126,0,0,0,0,0,0,0,0,0,0,0,0,0,0
20103,20100,3,中等装甲_41~50,7500,8500,10000,0,50470,40104,1,,,0,0,0,0,0,0,0,0,0,0,0,0,0,0,0,189,189,0,0,0,0,0,0,0,0,0,0,0,0,0,0
20104,20100,4,中等装甲_41~50,6000,7500,10000,0,67290,40104,1,,,0,0,0,0,0,0,0,0,0,0,0,0,0,0,0,321,321,0,0,0,0,0,0,0,0,0,0,0,0,0,0
20105,20100,5,中等装甲_41~50,4500,6500,10000,0,84110,40104,1,,,0,0,0,0,0,0,0,0,0,0,0,0,0,0,0,453,453,0,0,0,0,0,0,0,0,0,0,0,0,0,0
20106,20100,6,中等装甲_41~50,3500,5500,10000,0,100930,40104,1,,,0,0,0,0,0,0,0,0,0,0,0,0,0,0,0,585,585,0,0,0,0,0,0,0,0,0,0,0,0,0,0
20107,20100,7,中等装甲_41~50,2500,4500,10000,0,117750,40104,1,,,0,0,0,0,0,0,0,0,0,0,0,0,0,0,0,792,792,0,0,0,0,0,0,0,0,0,0,0,0,0,0
20108,20100,8,中等装甲_41~50,1500,3500,0,10000,134570,40104,1,,,0,0,0,0,0,62,0,0,0,0,0,0,0,0,0,999,999,0,0,0,0,0,0,0,0,0,0,0,3,0,0
20109,20100,9,中等装甲_41~50,1000,2500,0,10000,151400,40104,1,,,0,0,0,0,0,72,0,0,0,0,0,0,0,0,0,1206,1206,0,0,0,0,0,0,0,0,0,0,0,5,0,0
20110,20100,10,中等装甲_41~50,900,1500,0,9000,168220,40104,1,,,0,0,0,0,0,84,0,0,0,0,0,0,0,0,0,1495,1495,0,0,0,0,0,0,0,0,0,0,0,7,0,0
20111,20100,11,中等装甲_41~50,800,0,0,0,185040,40104,1,,,0,0,0,0,0,94,0,0,0,0,0,0,0,0,0,1784,1784,0,0,0,0,0,0,0,0,0,0,0,9,0,0
20112,20100,12,中等装甲_41~50,700,0,0,0,201860,40104,1,,,0,0,0,0,0,103,0,0,0,0,0,0,0,0,0,2073,2073,0,0,0,0,0,0,0,0,0,0,0,11,0,0
20113,20100,13,中等装甲_41~50,600,0,0,0,218680,40104,1,,,0,0,0,0,0,114,0,0,0,0,0,0,0,0,0,2453,2453,0,0,0,0,0,0,0,0,0,0,0,13,0,0
20114,20100,14,中等装甲_41~50,500,0,0,0,235510,40104,1,,,0,0,0,0,0,124,0,0,0,0,0,0,0,0,0,2833,2833,0,0,0,0,0,0,0,0,0,0,0,15,0,0
20115,20100,15,中等装甲_41~50,400,0,0,0,252330,40104,1,,,0,0,0,0,0,136,0,0,0,0,0,0,0,0,0,3213,3213,0,0,0,0,0,0,0,0,0,0,0,17,0,0
20151,20150,1,中等装甲_51~60,10000,0,0,0,16820,40104,1,,,0,0,0,0,0,0,0,0,0,0,0,0,0,0,0,76,76,0,0,0,0,0,0,0,0,0,0,0,0,0,0
20152,20150,2,中等装甲_51~60,9000,9500,10000,0,33640,40104,1,,,0,0,0,0,0,0,0,0,0,0,0,0,0,0,0,152,152,0,0,0,0,0,0,0,0,0,0,0,0,0,0
20153,20150,3,中等装甲_51~60,7500,8500,10000,0,50470,40104,1,,,0,0,0,0,0,0,0,0,0,0,0,0,0,0,0,228,228,0,0,0,0,0,0,0,0,0,0,0,0,0,0
20154,20150,4,中等装甲_51~60,6000,7500,10000,0,67290,40104,1,,,0,0,0,0,0,0,0,0,0,0,0,0,0,0,0,387,387,0,0,0,0,0,0,0,0,0,0,0,0,0,0
20155,20150,5,中等装甲_51~60,4500,6500,10000,0,84110,40104,1,,,0,0,0,0,0,0,0,0,0,0,0,0,0,0,0,546,546,0,0,0,0,0,0,0,0,0,0,0,0,0,0
20156,20150,6,中等装甲_51~60,3500,5500,10000,0,100930,40104,1,,,0,0,0,0,0,0,0,0,0,0,0,0,0,0,0,705,705,0,0,0,0,0,0,0,0,0,0,0,0,0,0
20157,20150,7,中等装甲_51~60,2500,4500,10000,0,117750,40104,1,,,0,0,0,0,0,0,0,0,0,0,0,0,0,0,0,953,953,0,0,0,0,0,0,0,0,0,0,0,0,0,0
20158,20150,8,中等装甲_51~60,1500,3500,0,10000,134570,40104,1,,,0,0,0,0,0,74,0,0,0,0,0,0,0,0,0,1201,1201,0,0,0,0,0,0,0,0,0,0,0,3,0,0
20159,20150,9,中等装甲_51~60,1000,2500,0,10000,151400,40104,1,,,0,0,0,0,0,86,0,0,0,0,0,0,0,0,0,1449,1449,0,0,0,0,0,0,0,0,0,0,0,5,0,0
20160,20150,10,中等装甲_51~60,900,1500,0,9000,168220,40104,1,,,0,0,0,0,0,101,0,0,0,0,0,0,0,0,0,1796,1796,0,0,0,0,0,0,0,0,0,0,0,7,0,0
20161,20150,11,中等装甲_51~60,800,0,0,0,185040,40104,1,,,0,0,0,0,0,113,0,0,0,0,0,0,0,0,0,2143,2143,0,0,0,0,0,0,0,0,0,0,0,9,0,0
20162,20150,12,中等装甲_51~60,700,0,0,0,201860,40104,1,,,0,0,0,0,0,124,0,0,0,0,0,0,0,0,0,2490,2490,0,0,0,0,0,0,0,0,0,0,0,11,0,0
20163,20150,13,中等装甲_51~60,600,0,0,0,218680,40104,1,,,0,0,0,0,0,137,0,0,0,0,0,0,0,0,0,2946,2946,0,0,0,0,0,0,0,0,0,0,0,13,0,0
20164,20150,14,中等装甲_51~60,500,0,0,0,235510,40104,1,,,0,0,0,0,0,149,0,0,0,0,0,0,0,0,0,3402,3402,0,0,0,0,0,0,0,0,0,0,0,15,0,0
20165,20150,15,中等装甲_51~60,400,0,0,0,252330,40104,1,,,0,0,0,0,0,163,0,0,0,0,0,0,0,0,0,3858,3858,0,0,0,0,0,0,0,0,0,0,0,17,0,0
20201,20200,1,中等装甲_61~70,10000,0,0,0,16820,40104,1,,,0,0,0,0,0,0,0,0,0,0,0,0,0,0,0,0,0,0,0,0,0,0,0,0,0,0,0,0,0,0,0
20202,20200,2,中等装甲_61~70,9000,9500,10000,0,33640,40104,1,,,0,0,0,0,0,0,0,0,0,0,0,0,0,0,0,0,0,0,0,0,0,0,0,0,0,0,0,0,0,0,0
20203,20200,3,中等装甲_61~70,7500,8500,10000,0,50470,40104,1,,,0,0,0,0,0,0,0,0,0,0,0,0,0,0,0,0,0,0,0,0,0,0,0,0,0,0,0,0,0,0,0
20204,20200,4,中等装甲_61~70,6000,7500,10000,0,67290,40104,1,,,0,0,0,0,0,0,0,0,0,0,0,0,0,0,0,0,0,0,0,0,0,0,0,0,0,0,0,0,0,0,0
20205,20200,5,中等装甲_61~70,4500,6500,10000,0,84110,40104,1,,,0,0,0,0,0,0,0,0,0,0,0,0,0,0,0,0,0,0,0,0,0,0,0,0,0,0,0,0,0,0,0
20206,20200,6,中等装甲_61~70,3500,5500,10000,0,100930,40104,1,,,0,0,0,0,0,0,0,0,0,0,0,0,0,0,0,0,0,0,0,0,0,0,0,0,0,0,0,0,0,0,0
20207,20200,7,中等装甲_61~70,2500,4500,10000,0,117750,40104,1,,,0,0,0,0,0,0,0,0,0,0,0,0,0,0,0,0,0,0,0,0,0,0,0,0,0,0,0,0,0,0,0
20208,20200,8,中等装甲_61~70,1500,3500,0,10000,134570,40104,1,,,0,0,0,0,0,89,0,0,0,0,0,0,0,0,0,0,0,0,0,0,0,0,0,0,0,0,0,0,3,0,0
20209,20200,9,中等装甲_61~70,1000,2500,0,10000,151400,40104,1,,,0,0,0,0,0,103,0,0,0,0,0,0,0,0,0,0,0,0,0,0,0,0,0,0,0,0,0,0,5,0,0
20210,20200,10,中等装甲_61~70,900,1500,0,9000,168220,40104,1,,,0,0,0,0,0,121,0,0,0,0,0,0,0,0,0,0,0,0,0,0,0,0,0,0,0,0,0,0,7,0,0
20211,20200,11,中等装甲_61~70,800,0,0,0,185040,40104,1,,,0,0,0,0,0,136,0,0,0,0,0,0,0,0,0,0,0,0,0,0,0,0,0,0,0,0,0,0,9,0,0
20212,20200,12,中等装甲_61~70,700,0,0,0,201860,40104,1,,,0,0,0,0,0,149,0,0,0,0,0,0,0,0,0,0,0,0,0,0,0,0,0,0,0,0,0,0,11,0,0
20213,20200,13,中等装甲_61~70,600,0,0,0,218680,40104,1,,,0,0,0,0,0,164,0,0,0,0,0,0,0,0,0,0,0,0,0,0,0,0,0,0,0,0,0,0,13,0,0
20214,20200,14,中等装甲_61~70,500,0,0,0,235510,40104,1,,,0,0,0,0,0,179,0,0,0,0,0,0,0,0,0,0,0,0,0,0,0,0,0,0,0,0,0,0,15,0,0
20215,20200,15,中等装甲_61~70,400,0,0,0,252330,40104,1,,,0,0,0,0,0,196,0,0,0,0,0,0,0,0,0,0,0,0,0,0,0,0,0,0,0,0,0,0,17,0,0
20801,20800,1,罗布裤子_1~10,10000,0,0,0,70,40100,1,,,0,0,0,0,0,0,0,0,0,0,0,0,0,0,0,13,13,0,0,0,0,0,0,0,0,0,0,0,0,0,0
20802,20800,2,罗布裤子_1~10,9000,9500,10000,0,150,40100,1,,,0,0,0,0,0,0,0,0,0,0,0,0,0,0,0,26,26,0,0,0,0,0,0,0,0,0,0,0,0,0,0
20803,20800,3,罗布裤子_1~10,7500,8500,10000,0,220,40100,1,,,0,0,0,0,0,0,0,0,0,0,0,0,0,0,0,39,39,0,0,0,0,0,0,0,0,0,0,0,0,0,0
20804,20800,4,罗布裤子_1~10,6000,7500,10000,0,300,40100,1,,,0,0,0,0,0,0,0,0,0,0,0,0,0,0,0,65,65,0,0,0,0,0,0,0,0,0,0,0,0,0,0
20805,20800,5,罗布裤子_1~10,4500,6500,10000,0,370,40100,1,,,0,0,0,0,0,0,0,0,0,0,0,0,0,0,0,91,91,0,0,0,0,0,0,0,0,0,0,0,0,0,0
20806,20800,6,罗布裤子_1~10,3500,5500,10000,0,450,40100,1,,,0,0,0,0,0,0,0,0,0,0,0,0,0,0,0,117,117,0,0,0,0,0,0,0,0,0,0,0,0,0,0
20807,20800,7,罗布裤子_1~10,2500,4500,10000,0,520,40100,1,,,0,0,0,0,0,0,0,0,0,0,0,0,0,0,0,158,158,0,0,0,0,0,0,0,0,0,0,0,0,0,0
20808,20800,8,罗布裤子_1~10,1500,3500,0,10000,600,40100,1,,,0,0,0,0,0,0,0,0,0,0,0,0,0,0,0,199,199,0,0,0,0,0,0,0,3,0,0,0,3,0,0
20809,20800,9,罗布裤子_1~10,1000,2500,0,10000,670,40100,1,,,0,0,0,0,0,0,0,0,0,0,0,0,0,0,0,240,240,0,0,0,0,0,0,0,8,0,0,0,5,0,0
20810,20800,10,罗布裤子_1~10,900,1500,0,9000,750,40100,1,,,0,0,0,0,0,0,0,0,0,0,0,0,0,0,0,298,298,0,0,0,0,0,0,0,13,0,0,0,7,0,0
20811,20800,11,罗布裤子_1~10,800,0,0,0,820,40100,1,,,0,0,0,0,0,0,0,0,0,0,0,0,0,0,0,356,356,0,0,0,0,0,0,0,18,0,0,0,9,0,0
20812,20800,12,罗布裤子_1~10,700,0,0,0,900,40100,1,,,0,0,0,0,0,0,0,0,0,0,0,0,0,0,0,414,414,0,0,0,0,0,0,0,23,0,0,0,11,0,0
20813,20800,13,罗布裤子_1~10,600,0,0,0,970,40100,1,,,0,0,0,0,0,0,0,0,0,0,0,0,0,0,0,490,490,0,0,0,0,0,0,0,28,0,0,0,13,0,0
20814,20800,14,罗布裤子_1~10,500,0,0,0,1050,40100,1,,,0,0,0,0,0,0,0,0,0,0,0,0,0,0,0,566,566,0,0,0,0,0,0,0,33,0,0,0,15,0,0
20815,20800,15,罗布裤子_1~10,400,0,0,0,1120,40100,1,,,0,0,0,0,0,0,0,0,0,0,0,0,0,0,0,642,642,0,0,0,0,0,0,0,38,0,0,0,17,0,0
20851,20850,1,罗布裤子_11~20,10000,0,0,0,980,40101,1,,,0,0,0,0,0,0,0,0,0,0,0,0,0,0,0,25,25,0,0,0,0,0,0,0,0,0,0,0,0,0,0
20852,20850,2,罗布裤子_11~20,9000,9500,10000,0,1950,40101,1,,,0,0,0,0,0,0,0,0,0,0,0,0,0,0,0,50,50,0,0,0,0,0,0,0,0,0,0,0,0,0,0
20853,20850,3,罗布裤子_11~20,7500,8500,10000,0,2930,40101,1,,,0,0,0,0,0,0,0,0,0,0,0,0,0,0,0,75,75,0,0,0,0,0,0,0,0,0,0,0,0,0,0
20854,20850,4,罗布裤子_11~20,6000,7500,10000,0,3910,40101,1,,,0,0,0,0,0,0,0,0,0,0,0,0,0,0,0,128,128,0,0,0,0,0,0,0,0,0,0,0,0,0,0
20855,20850,5,罗布裤子_11~20,4500,6500,10000,0,4880,40101,1,,,0,0,0,0,0,0,0,0,0,0,0,0,0,0,0,181,181,0,0,0,0,0,0,0,0,0,0,0,0,0,0
20856,20850,6,罗布裤子_11~20,3500,5500,10000,0,5860,40101,1,,,0,0,0,0,0,0,0,0,0,0,0,0,0,0,0,234,234,0,0,0,0,0,0,0,0,0,0,0,0,0,0
20857,20850,7,罗布裤子_11~20,2500,4500,10000,0,6840,40101,1,,,0,0,0,0,0,0,0,0,0,0,0,0,0,0,0,317,317,0,0,0,0,0,0,0,0,0,0,0,0,0,0
20858,20850,8,罗布裤子_11~20,1500,3500,0,10000,7810,40101,1,,,0,0,0,0,0,0,0,0,0,0,0,0,0,0,0,400,400,0,0,0,0,0,0,0,4,0,0,0,3,0,0
20859,20850,9,罗布裤子_11~20,1000,2500,0,10000,8790,40101,1,,,0,0,0,0,0,0,0,0,0,0,0,0,0,0,0,483,483,0,0,0,0,0,0,0,10,0,0,0,5,0,0
20860,20850,10,罗布裤子_11~20,900,1500,0,9000,9770,40101,1,,,0,0,0,0,0,0,0,0,0,0,0,0,0,0,0,599,599,0,0,0,0,0,0,0,16,0,0,0,7,0,0
20861,20850,11,罗布裤子_11~20,800,0,0,0,10740,40101,1,,,0,0,0,0,0,0,0,0,0,0,0,0,0,0,0,715,715,0,0,0,0,0,0,0,22,0,0,0,9,0,0
20862,20850,12,罗布裤子_11~20,700,0,0,0,11720,40101,1,,,0,0,0,0,0,0,0,0,0,0,0,0,0,0,0,831,831,0,0,0,0,0,0,0,28,0,0,0,11,0,0
20863,20850,13,罗布裤子_11~20,600,0,0,0,12700,40101,1,,,0,0,0,0,0,0,0,0,0,0,0,0,0,0,0,983,983,0,0,0,0,0,0,0,34,0,0,0,13,0,0
20864,20850,14,罗布裤子_11~20,500,0,0,0,13670,40101,1,,,0,0,0,0,0,0,0,0,0,0,0,0,0,0,0,1135,1135,0,0,0,0,0,0,0,40,0,0,0,15,0,0
20865,20850,15,罗布裤子_11~20,400,0,0,0,14650,40101,1,,,0,0,0,0,0,0,0,0,0,0,0,0,0,0,0,1287,1287,0,0,0,0,0,0,0,46,0,0,0,17,0,0
20901,20900,1,罗布裤子_21~30,10000,0,0,0,4450,40102,1,,,0,0,0,0,0,0,0,0,0,0,0,0,0,0,0,38,38,0,0,0,0,0,0,0,0,0,0,0,0,0,0
20902,20900,2,罗布裤子_21~30,9000,9500,10000,0,8900,40102,1,,,0,0,0,0,0,0,0,0,0,0,0,0,0,0,0,76,76,0,0,0,0,0,0,0,0,0,0,0,0,0,0
20903,20900,3,罗布裤子_21~30,7500,8500,10000,0,13340,40102,1,,,0,0,0,0,0,0,0,0,0,0,0,0,0,0,0,114,114,0,0,0,0,0,0,0,0,0,0,0,0,0,0
20904,20900,4,罗布裤子_21~30,6000,7500,10000,0,17790,40102,1,,,0,0,0,0,0,0,0,0,0,0,0,0,0,0,0,193,193,0,0,0,0,0,0,0,0,0,0,0,0,0,0
20905,20900,5,罗布裤子_21~30,4500,6500,10000,0,22240,40102,1,,,0,0,0,0,0,0,0,0,0,0,0,0,0,0,0,272,272,0,0,0,0,0,0,0,0,0,0,0,0,0,0
20906,20900,6,罗布裤子_21~30,3500,5500,10000,0,26690,40102,1,,,0,0,0,0,0,0,0,0,0,0,0,0,0,0,0,351,351,0,0,0,0,0,0,0,0,0,0,0,0,0,0
20907,20900,7,罗布裤子_21~30,2500,4500,10000,0,31130,40102,1,,,0,0,0,0,0,0,0,0,0,0,0,0,0,0,0,475,475,0,0,0,0,0,0,0,0,0,0,0,0,0,0
20908,20900,8,罗布裤子_21~30,1500,3500,0,10000,35580,40102,1,,,0,0,0,0,0,0,0,0,0,0,0,0,0,0,0,599,599,0,0,0,0,0,0,0,5,0,0,0,3,0,0
20909,20900,9,罗布裤子_21~30,1000,2500,0,10000,40030,40102,1,,,0,0,0,0,0,0,0,0,0,0,0,0,0,0,0,723,723,0,0,0,0,0,0,0,12,0,0,0,5,0,0
20910,20900,10,罗布裤子_21~30,900,1500,0,9000,44480,40102,1,,,0,0,0,0,0,0,0,0,0,0,0,0,0,0,0,896,896,0,0,0,0,0,0,0,19,0,0,0,7,0,0
20911,20900,11,罗布裤子_21~30,800,0,0,0,48930,40102,1,,,0,0,0,0,0,0,0,0,0,0,0,0,0,0,0,1069,1069,0,0,0,0,0,0,0,26,0,0,0,9,0,0
20912,20900,12,罗布裤子_21~30,700,0,0,0,53370,40102,1,,,0,0,0,0,0,0,0,0,0,0,0,0,0,0,0,1242,1242,0,0,0,0,0,0,0,34,0,0,0,11,0,0
20913,20900,13,罗布裤子_21~30,600,0,0,0,57820,40102,1,,,0,0,0,0,0,0,0,0,0,0,0,0,0,0,0,1470,1470,0,0,0,0,0,0,0,41,0,0,0,13,0,0
20914,20900,14,罗布裤子_21~30,500,0,0,0,62270,40102,1,,,0,0,0,0,0,0,0,0,0,0,0,0,0,0,0,1698,1698,0,0,0,0,0,0,0,48,0,0,0,15,0,0
20915,20900,15,罗布裤子_21~30,400,0,0,0,66720,40102,1,,,0,0,0,0,0,0,0,0,0,0,0,0,0,0,0,1926,1926,0,0,0,0,0,0,0,55,0,0,0,17,0,0
20951,20950,1,罗布裤子_31~40,10000,0,0,0,12400,40103,1,,,0,0,0,0,0,0,0,0,0,0,0,0,0,0,0,50,50,0,0,0,0,0,0,0,0,0,0,0,0,0,0
20952,20950,2,罗布裤子_31~40,9000,9500,10000,0,24800,40103,1,,,0,0,0,0,0,0,0,0,0,0,0,0,0,0,0,100,100,0,0,0,0,0,0,0,0,0,0,0,0,0,0
20953,20950,3,罗布裤子_31~40,7500,8500,10000,0,37190,40103,1,,,0,0,0,0,0,0,0,0,0,0,0,0,0,0,0,150,150,0,0,0,0,0,0,0,0,0,0,0,0,0,0
20954,20950,4,罗布裤子_31~40,6000,7500,10000,0,49590,40103,1,,,0,0,0,0,0,0,0,0,0,0,0,0,0,0,0,256,256,0,0,0,0,0,0,0,0,0,0,0,0,0,0
20955,20950,5,罗布裤子_31~40,4500,6500,10000,0,61990,40103,1,,,0,0,0,0,0,0,0,0,0,0,0,0,0,0,0,362,362,0,0,0,0,0,0,0,0,0,0,0,0,0,0
20956,20950,6,罗布裤子_31~40,3500,5500,10000,0,74390,40103,1,,,0,0,0,0,0,0,0,0,0,0,0,0,0,0,0,468,468,0,0,0,0,0,0,0,0,0,0,0,0,0,0
20957,20950,7,罗布裤子_31~40,2500,4500,10000,0,86780,40103,1,,,0,0,0,0,0,0,0,0,0,0,0,0,0,0,0,634,634,0,0,0,0,0,0,0,0,0,0,0,0,0,0
20958,20950,8,罗布裤子_31~40,1500,3500,0,10000,99180,40103,1,,,0,0,0,0,0,0,0,0,0,0,0,0,0,0,0,800,800,0,0,0,0,0,0,0,6,0,0,0,3,0,0
20959,20950,9,罗布裤子_31~40,1000,2500,0,10000,111580,40103,1,,,0,0,0,0,0,0,0,0,0,0,0,0,0,0,0,966,966,0,0,0,0,0,0,0,14,0,0,0,5,0,0
20960,20950,10,罗布裤子_31~40,900,1500,0,9000,123980,40103,1,,,0,0,0,0,0,0,0,0,0,0,0,0,0,0,0,1197,1197,0,0,0,0,0,0,0,23,0,0,0,7,0,0
20961,20950,11,罗布裤子_31~40,800,0,0,0,136380,40103,1,,,0,0,0,0,0,0,0,0,0,0,0,0,0,0,0,1428,1428,0,0,0,0,0,0,0,31,0,0,0,9,0,0
20962,20950,12,罗布裤子_31~40,700,0,0,0,148770,40103,1,,,0,0,0,0,0,0,0,0,0,0,0,0,0,0,0,1659,1659,0,0,0,0,0,0,0,41,0,0,0,11,0,0
20963,20950,13,罗布裤子_31~40,600,0,0,0,161170,40103,1,,,0,0,0,0,0,0,0,0,0,0,0,0,0,0,0,1963,1963,0,0,0,0,0,0,0,49,0,0,0,13,0,0
20964,20950,14,罗布裤子_31~40,500,0,0,0,173570,40103,1,,,0,0,0,0,0,0,0,0,0,0,0,0,0,0,0,2267,2267,0,0,0,0,0,0,0,58,0,0,0,15,0,0
20965,20950,15,罗布裤子_31~40,400,0,0,0,185970,40103,1,,,0,0,0,0,0,0,0,0,0,0,0,0,0,0,0,2571,2571,0,0,0,0,0,0,0,66,0,0,0,17,0,0
21001,21000,1,罗布裤子_41~50,10000,0,0,0,16820,40104,1,,,0,0,0,0,0,0,0,0,0,0,0,0,0,0,0,63,63,0,0,0,0,0,0,0,0,0,0,0,0,0,0
21002,21000,2,罗布裤子_41~50,9000,9500,10000,0,33640,40104,1,,,0,0,0,0,0,0,0,0,0,0,0,0,0,0,0,126,126,0,0,0,0,0,0,0,0,0,0,0,0,0,0
21003,21000,3,罗布裤子_41~50,7500,8500,10000,0,50470,40104,1,,,0,0,0,0,0,0,0,0,0,0,0,0,0,0,0,189,189,0,0,0,0,0,0,0,0,0,0,0,0,0,0
21004,21000,4,罗布裤子_41~50,6000,7500,10000,0,67290,40104,1,,,0,0,0,0,0,0,0,0,0,0,0,0,0,0,0,321,321,0,0,0,0,0,0,0,0,0,0,0,0,0,0
21005,21000,5,罗布裤子_41~50,4500,6500,10000,0,84110,40104,1,,,0,0,0,0,0,0,0,0,0,0,0,0,0,0,0,453,453,0,0,0,0,0,0,0,0,0,0,0,0,0,0
21006,21000,6,罗布裤子_41~50,3500,5500,10000,0,100930,40104,1,,,0,0,0,0,0,0,0,0,0,0,0,0,0,0,0,585,585,0,0,0,0,0,0,0,0,0,0,0,0,0,0
21007,21000,7,罗布裤子_41~50,2500,4500,10000,0,117750,40104,1,,,0,0,0,0,0,0,0,0,0,0,0,0,0,0,0,792,792,0,0,0,0,0,0,0,0,0,0,0,0,0,0
21008,21000,8,罗布裤子_41~50,1500,3500,0,10000,134570,40104,1,,,0,0,0,0,0,0,0,0,0,0,0,0,0,0,0,999,999,0,0,0,0,0,0,0,7,0,0,0,3,0,0
21009,21000,9,罗布裤子_41~50,1000,2500,0,10000,151400,40104,1,,,0,0,0,0,0,0,0,0,0,0,0,0,0,0,0,1206,1206,0,0,0,0,0,0,0,17,0,0,0,5,0,0
21010,21000,10,罗布裤子_41~50,900,1500,0,9000,168220,40104,1,,,0,0,0,0,0,0,0,0,0,0,0,0,0,0,0,1495,1495,0,0,0,0,0,0,0,28,0,0,0,7,0,0
21011,21000,11,罗布裤子_41~50,800,0,0,0,185040,40104,1,,,0,0,0,0,0,0,0,0,0,0,0,0,0,0,0,1784,1784,0,0,0,0,0,0,0,37,0,0,0,9,0,0
21012,21000,12,罗布裤子_41~50,700,0,0,0,201860,40104,1,,,0,0,0,0,0,0,0,0,0,0,0,0,0,0,0,2073,2073,0,0,0,0,0,0,0,49,0,0,0,11,0,0
21013,21000,13,罗布裤子_41~50,600,0,0,0,218680,40104,1,,,0,0,0,0,0,0,0,0,0,0,0,0,0,0,0,2453,2453,0,0,0,0,0,0,0,59,0,0,0,13,0,0
21014,21000,14,罗布裤子_41~50,500,0,0,0,235510,40104,1,,,0,0,0,0,0,0,0,0,0,0,0,0,0,0,0,2833,2833,0,0,0,0,0,0,0,70,0,0,0,15,0,0
21015,21000,15,罗布裤子_41~50,400,0,0,0,252330,40104,1,,,0,0,0,0,0,0,0,0,0,0,0,0,0,0,0,3213,3213,0,0,0,0,0,0,0,79,0,0,0,17,0,0
21051,21050,1,罗布裤子_51~60,10000,0,0,0,16820,40104,1,,,0,0,0,0,0,0,0,0,0,0,0,0,0,0,0,76,76,0,0,0,0,0,0,0,0,0,0,0,0,0,0
21052,21050,2,罗布裤子_51~60,9000,9500,10000,0,33640,40104,1,,,0,0,0,0,0,0,0,0,0,0,0,0,0,0,0,152,152,0,0,0,0,0,0,0,0,0,0,0,0,0,0
21053,21050,3,罗布裤子_51~60,7500,8500,10000,0,50470,40104,1,,,0,0,0,0,0,0,0,0,0,0,0,0,0,0,0,228,228,0,0,0,0,0,0,0,0,0,0,0,0,0,0
21054,21050,4,罗布裤子_51~60,6000,7500,10000,0,67290,40104,1,,,0,0,0,0,0,0,0,0,0,0,0,0,0,0,0,387,387,0,0,0,0,0,0,0,0,0,0,0,0,0,0
21055,21050,5,罗布裤子_51~60,4500,6500,10000,0,84110,40104,1,,,0,0,0,0,0,0,0,0,0,0,0,0,0,0,0,546,546,0,0,0,0,0,0,0,0,0,0,0,0,0,0
21056,21050,6,罗布裤子_51~60,3500,5500,10000,0,100930,40104,1,,,0,0,0,0,0,0,0,0,0,0,0,0,0,0,0,705,705,0,0,0,0,0,0,0,0,0,0,0,0,0,0
21057,21050,7,罗布裤子_51~60,2500,4500,10000,0,117750,40104,1,,,0,0,0,0,0,0,0,0,0,0,0,0,0,0,0,953,953,0,0,0,0,0,0,0,0,0,0,0,0,0,0
21058,21050,8,罗布裤子_51~60,1500,3500,0,10000,134570,40104,1,,,0,0,0,0,0,0,0,0,0,0,0,0,0,0,0,1201,1201,0,0,0,0,0,0,0,8,0,0,0,3,0,0
21059,21050,9,罗布裤子_51~60,1000,2500,0,10000,151400,40104,1,,,0,0,0,0,0,0,0,0,0,0,0,0,0,0,0,1449,1449,0,0,0,0,0,0,0,20,0,0,0,5,0,0
21060,21050,10,罗布裤子_51~60,900,1500,0,9000,168220,40104,1,,,0,0,0,0,0,0,0,0,0,0,0,0,0,0,0,1796,1796,0,0,0,0,0,0,0,34,0,0,0,7,0,0
21061,21050,11,罗布裤子_51~60,800,0,0,0,185040,40104,1,,,0,0,0,0,0,0,0,0,0,0,0,0,0,0,0,2143,2143,0,0,0,0,0,0,0,44,0,0,0,9,0,0
21062,21050,12,罗布裤子_51~60,700,0,0,0,201860,40104,1,,,0,0,0,0,0,0,0,0,0,0,0,0,0,0,0,2490,2490,0,0,0,0,0,0,0,59,0,0,0,11,0,0
21063,21050,13,罗布裤子_51~60,600,0,0,0,218680,40104,1,,,0,0,0,0,0,0,0,0,0,0,0,0,0,0,0,2946,2946,0,0,0,0,0,0,0,71,0,0,0,13,0,0
21064,21050,14,罗布裤子_51~60,500,0,0,0,235510,40104,1,,,0,0,0,0,0,0,0,0,0,0,0,0,0,0,0,3402,3402,0,0,0,0,0,0,0,84,0,0,0,15,0,0
21065,21050,15,罗布裤子_51~60,400,0,0,0,252330,40104,1,,,0,0,0,0,0,0,0,0,0,0,0,0,0,0,0,3858,3858,0,0,0,0,0,0,0,95,0,0,0,17,0,0
21101,21100,1,罗布裤子_61~70,10000,0,0,0,16820,40104,1,,,0,0,0,0,0,0,0,0,0,0,0,0,0,0,0,0,0,0,0,0,0,0,0,0,0,0,0,0,0,0,0
21102,21100,2,罗布裤子_61~70,9000,9500,10000,0,33640,40104,1,,,0,0,0,0,0,0,0,0,0,0,0,0,0,0,0,0,0,0,0,0,0,0,0,0,0,0,0,0,0,0,0
21103,21100,3,罗布裤子_61~70,7500,8500,10000,0,50470,40104,1,,,0,0,0,0,0,0,0,0,0,0,0,0,0,0,0,0,0,0,0,0,0,0,0,0,0,0,0,0,0,0,0
21104,21100,4,罗布裤子_61~70,6000,7500,10000,0,67290,40104,1,,,0,0,0,0,0,0,0,0,0,0,0,0,0,0,0,0,0,0,0,0,0,0,0,0,0,0,0,0,0,0,0
21105,21100,5,罗布裤子_61~70,4500,6500,10000,0,84110,40104,1,,,0,0,0,0,0,0,0,0,0,0,0,0,0,0,0,0,0,0,0,0,0,0,0,0,0,0,0,0,0,0,0
21106,21100,6,罗布裤子_61~70,3500,5500,10000,0,100930,40104,1,,,0,0,0,0,0,0,0,0,0,0,0,0,0,0,0,0,0,0,0,0,0,0,0,0,0,0,0,0,0,0,0
21107,21100,7,罗布裤子_61~70,2500,4500,10000,0,117750,40104,1,,,0,0,0,0,0,0,0,0,0,0,0,0,0,0,0,0,0,0,0,0,0,0,0,0,0,0,0,0,0,0,0
21108,21100,8,罗布裤子_61~70,1500,3500,0,10000,134570,40104,1,,,0,0,0,0,0,0,0,0,0,0,0,0,0,0,0,0,0,0,0,0,0,0,0,0,10,0,0,0,3,0,0
21109,21100,9,罗布裤子_61~70,1000,2500,0,10000,151400,40104,1,,,0,0,0,0,0,0,0,0,0,0,0,0,0,0,0,0,0,0,0,0,0,0,0,0,24,0,0,0,5,0,0
21110,21100,10,罗布裤子_61~70,900,1500,0,9000,168220,40104,1,,,0,0,0,0,0,0,0,0,0,0,0,0,0,0,0,0,0,0,0,0,0,0,0,0,41,0,0,0,7,0,0
21111,21100,11,罗布裤子_61~70,800,0,0,0,185040,40104,1,,,0,0,0,0,0,0,0,0,0,0,0,0,0,0,0,0,0,0,0,0,0,0,0,0,53,0,0,0,9,0,0
21112,21100,12,罗布裤子_61~70,700,0,0,0,201860,40104,1,,,0,0,0,0,0,0,0,0,0,0,0,0,0,0,0,0,0,0,0,0,0,0,0,0,71,0,0,0,11,0,0
21113,21100,13,罗布裤子_61~70,600,0,0,0,218680,40104,1,,,0,0,0,0,0,0,0,0,0,0,0,0,0,0,0,0,0,0,0,0,0,0,0,0,85,0,0,0,13,0,0
21114,21100,14,罗布裤子_61~70,500,0,0,0,235510,40104,1,,,0,0,0,0,0,0,0,0,0,0,0,0,0,0,0,0,0,0,0,0,0,0,0,0,101,0,0,0,15,0,0
21115,21100,15,罗布裤子_61~70,400,0,0,0,252330,40104,1,,,0,0,0,0,0,0,0,0,0,0,0,0,0,0,0,0,0,0,0,0,0,0,0,0,114,0,0,0,17,0,0
21701,21700,1,颈甲裤子_1~10,10000,0,0,0,70,40100,1,,,0,0,0,0,0,0,0,0,0,0,0,0,0,0,0,13,13,0,0,0,0,0,0,0,0,0,0,0,0,0,0
21702,21700,2,颈甲裤子_1~10,9000,9500,10000,0,150,40100,1,,,0,0,0,0,0,0,0,0,0,0,0,0,0,0,0,26,26,0,0,0,0,0,0,0,0,0,0,0,0,0,0
21703,21700,3,颈甲裤子_1~10,7500,8500,10000,0,220,40100,1,,,0,0,0,0,0,0,0,0,0,0,0,0,0,0,0,39,39,0,0,0,0,0,0,0,0,0,0,0,0,0,0
21704,21700,4,颈甲裤子_1~10,6000,7500,10000,0,300,40100,1,,,0,0,0,0,0,0,0,0,0,0,0,0,0,0,0,65,65,0,0,0,0,0,0,0,0,0,0,0,0,0,0
21705,21700,5,颈甲裤子_1~10,4500,6500,10000,0,370,40100,1,,,0,0,0,0,0,0,0,0,0,0,0,0,0,0,0,91,91,0,0,0,0,0,0,0,0,0,0,0,0,0,0
21706,21700,6,颈甲裤子_1~10,3500,5500,10000,0,450,40100,1,,,0,0,0,0,0,0,0,0,0,0,0,0,0,0,0,117,117,0,0,0,0,0,0,0,0,0,0,0,0,0,0
21707,21700,7,颈甲裤子_1~10,2500,4500,10000,0,520,40100,1,,,0,0,0,0,0,0,0,0,0,0,0,0,0,0,0,158,158,0,0,0,0,0,0,0,0,0,0,0,0,0,0
21708,21700,8,颈甲裤子_1~10,1500,3500,0,10000,600,40100,1,,,0,0,0,0,0,30,0,0,0,0,0,0,0,0,0,199,199,0,0,0,0,0,0,0,0,0,0,0,3,0,0
21709,21700,9,颈甲裤子_1~10,1000,2500,0,10000,670,40100,1,,,0,0,0,0,0,35,0,0,0,0,0,0,0,0,0,240,240,0,0,0,0,0,0,0,0,0,0,0,5,0,0
21710,21700,10,颈甲裤子_1~10,900,1500,0,9000,750,40100,1,,,0,0,0,0,0,40,0,0,0,0,0,0,0,0,0,298,298,0,0,0,0,0,0,0,0,0,0,0,7,0,0
21711,21700,11,颈甲裤子_1~10,800,0,0,0,820,40100,1,,,0,0,0,0,0,45,0,0,0,0,0,0,0,0,0,356,356,0,0,0,0,0,0,0,0,0,0,0,9,0,0
21712,21700,12,颈甲裤子_1~10,700,0,0,0,900,40100,1,,,0,0,0,0,0,50,0,0,0,0,0,0,0,0,0,414,414,0,0,0,0,0,0,0,0,0,0,0,11,0,0
21713,21700,13,颈甲裤子_1~10,600,0,0,0,970,40100,1,,,0,0,0,0,0,55,0,0,0,0,0,0,0,0,0,490,490,0,0,0,0,0,0,0,0,0,0,0,13,0,0
21714,21700,14,颈甲裤子_1~10,500,0,0,0,1050,40100,1,,,0,0,0,0,0,60,0,0,0,0,0,0,0,0,0,566,566,0,0,0,0,0,0,0,0,0,0,0,15,0,0
21715,21700,15,颈甲裤子_1~10,400,0,0,0,1120,40100,1,,,0,0,0,0,0,65,0,0,0,0,0,0,0,0,0,642,642,0,0,0,0,0,0,0,0,0,0,0,17,0,0
21751,21750,1,颈甲裤子_11~20,10000,0,0,0,980,40101,1,,,0,0,0,0,0,0,0,0,0,0,0,0,0,0,0,25,25,0,0,0,0,0,0,0,0,0,0,0,0,0,0
21752,21750,2,颈甲裤子_11~20,9000,9500,10000,0,1950,40101,1,,,0,0,0,0,0,0,0,0,0,0,0,0,0,0,0,50,50,0,0,0,0,0,0,0,0,0,0,0,0,0,0
21753,21750,3,颈甲裤子_11~20,7500,8500,10000,0,2930,40101,1,,,0,0,0,0,0,0,0,0,0,0,0,0,0,0,0,75,75,0,0,0,0,0,0,0,0,0,0,0,0,0,0
21754,21750,4,颈甲裤子_11~20,6000,7500,10000,0,3910,40101,1,,,0,0,0,0,0,0,0,0,0,0,0,0,0,0,0,128,128,0,0,0,0,0,0,0,0,0,0,0,0,0,0
21755,21750,5,颈甲裤子_11~20,4500,6500,10000,0,4880,40101,1,,,0,0,0,0,0,0,0,0,0,0,0,0,0,0,0,181,181,0,0,0,0,0,0,0,0,0,0,0,0,0,0
21756,21750,6,颈甲裤子_11~20,3500,5500,10000,0,5860,40101,1,,,0,0,0,0,0,0,0,0,0,0,0,0,0,0,0,234,234,0,0,0,0,0,0,0,0,0,0,0,0,0,0
21757,21750,7,颈甲裤子_11~20,2500,4500,10000,0,6840,40101,1,,,0,0,0,0,0,0,0,0,0,0,0,0,0,0,0,317,317,0,0,0,0,0,0,0,0,0,0,0,0,0,0
21758,21750,8,颈甲裤子_11~20,1500,3500,0,10000,7810,40101,1,,,0,0,0,0,0,36,0,0,0,0,0,0,0,0,0,400,400,0,0,0,0,0,0,0,0,0,0,0,3,0,0
21759,21750,9,颈甲裤子_11~20,1000,2500,0,10000,8790,40101,1,,,0,0,0,0,0,42,0,0,0,0,0,0,0,0,0,483,483,0,0,0,0,0,0,0,0,0,0,0,5,0,0
21760,21750,10,颈甲裤子_11~20,900,1500,0,9000,9770,40101,1,,,0,0,0,0,0,48,0,0,0,0,0,0,0,0,0,599,599,0,0,0,0,0,0,0,0,0,0,0,7,0,0
21761,21750,11,颈甲裤子_11~20,800,0,0,0,10740,40101,1,,,0,0,0,0,0,54,0,0,0,0,0,0,0,0,0,715,715,0,0,0,0,0,0,0,0,0,0,0,9,0,0
21762,21750,12,颈甲裤子_11~20,700,0,0,0,11720,40101,1,,,0,0,0,0,0,60,0,0,0,0,0,0,0,0,0,831,831,0,0,0,0,0,0,0,0,0,0,0,11,0,0
21763,21750,13,颈甲裤子_11~20,600,0,0,0,12700,40101,1,,,0,0,0,0,0,66,0,0,0,0,0,0,0,0,0,983,983,0,0,0,0,0,0,0,0,0,0,0,13,0,0
21764,21750,14,颈甲裤子_11~20,500,0,0,0,13670,40101,1,,,0,0,0,0,0,72,0,0,0,0,0,0,0,0,0,1135,1135,0,0,0,0,0,0,0,0,0,0,0,15,0,0
21765,21750,15,颈甲裤子_11~20,400,0,0,0,14650,40101,1,,,0,0,0,0,0,78,0,0,0,0,0,0,0,0,0,1287,1287,0,0,0,0,0,0,0,0,0,0,0,17,0,0
21801,21800,1,颈甲裤子_21~30,10000,0,0,0,4450,40102,1,,,0,0,0,0,0,0,0,0,0,0,0,0,0,0,0,38,38,0,0,0,0,0,0,0,0,0,0,0,0,0,0
21802,21800,2,颈甲裤子_21~30,9000,9500,10000,0,8900,40102,1,,,0,0,0,0,0,0,0,0,0,0,0,0,0,0,0,76,76,0,0,0,0,0,0,0,0,0,0,0,0,0,0
21803,21800,3,颈甲裤子_21~30,7500,8500,10000,0,13340,40102,1,,,0,0,0,0,0,0,0,0,0,0,0,0,0,0,0,114,114,0,0,0,0,0,0,0,0,0,0,0,0,0,0
21804,21800,4,颈甲裤子_21~30,6000,7500,10000,0,17790,40102,1,,,0,0,0,0,0,0,0,0,0,0,0,0,0,0,0,193,193,0,0,0,0,0,0,0,0,0,0,0,0,0,0
21805,21800,5,颈甲裤子_21~30,4500,6500,10000,0,22240,40102,1,,,0,0,0,0,0,0,0,0,0,0,0,0,0,0,0,272,272,0,0,0,0,0,0,0,0,0,0,0,0,0,0
21806,21800,6,颈甲裤子_21~30,3500,5500,10000,0,26690,40102,1,,,0,0,0,0,0,0,0,0,0,0,0,0,0,0,0,351,351,0,0,0,0,0,0,0,0,0,0,0,0,0,0
21807,21800,7,颈甲裤子_21~30,2500,4500,10000,0,31130,40102,1,,,0,0,0,0,0,0,0,0,0,0,0,0,0,0,0,475,475,0,0,0,0,0,0,0,0,0,0,0,0,0,0
21808,21800,8,颈甲裤子_21~30,1500,3500,0,10000,35580,40102,1,,,0,0,0,0,0,43,0,0,0,0,0,0,0,0,0,599,599,0,0,0,0,0,0,0,0,0,0,0,3,0,0
21809,21800,9,颈甲裤子_21~30,1000,2500,0,10000,40030,40102,1,,,0,0,0,0,0,50,0,0,0,0,0,0,0,0,0,723,723,0,0,0,0,0,0,0,0,0,0,0,5,0,0
21810,21800,10,颈甲裤子_21~30,900,1500,0,9000,44480,40102,1,,,0,0,0,0,0,58,0,0,0,0,0,0,0,0,0,896,896,0,0,0,0,0,0,0,0,0,0,0,7,0,0
21811,21800,11,颈甲裤子_21~30,800,0,0,0,48930,40102,1,,,0,0,0,0,0,65,0,0,0,0,0,0,0,0,0,1069,1069,0,0,0,0,0,0,0,0,0,0,0,9,0,0
21812,21800,12,颈甲裤子_21~30,700,0,0,0,53370,40102,1,,,0,0,0,0,0,72,0,0,0,0,0,0,0,0,0,1242,1242,0,0,0,0,0,0,0,0,0,0,0,11,0,0
21813,21800,13,颈甲裤子_21~30,600,0,0,0,57820,40102,1,,,0,0,0,0,0,79,0,0,0,0,0,0,0,0,0,1470,1470,0,0,0,0,0,0,0,0,0,0,0,13,0,0
21814,21800,14,颈甲裤子_21~30,500,0,0,0,62270,40102,1,,,0,0,0,0,0,86,0,0,0,0,0,0,0,0,0,1698,1698,0,0,0,0,0,0,0,0,0,0,0,15,0,0
21815,21800,15,颈甲裤子_21~30,400,0,0,0,66720,40102,1,,,0,0,0,0,0,94,0,0,0,0,0,0,0,0,0,1926,1926,0,0,0,0,0,0,0,0,0,0,0,17,0,0
21851,21850,1,颈甲裤子_31~40,10000,0,0,0,12400,40103,1,,,0,0,0,0,0,0,0,0,0,0,0,0,0,0,0,50,50,0,0,0,0,0,0,0,0,0,0,0,0,0,0
21852,21850,2,颈甲裤子_31~40,9000,9500,10000,0,24800,40103,1,,,0,0,0,0,0,0,0,0,0,0,0,0,0,0,0,100,100,0,0,0,0,0,0,0,0,0,0,0,0,0,0
21853,21850,3,颈甲裤子_31~40,7500,8500,10000,0,37190,40103,1,,,0,0,0,0,0,0,0,0,0,0,0,0,0,0,0,150,150,0,0,0,0,0,0,0,0,0,0,0,0,0,0
21854,21850,4,颈甲裤子_31~40,6000,7500,10000,0,49590,40103,1,,,0,0,0,0,0,0,0,0,0,0,0,0,0,0,0,256,256,0,0,0,0,0,0,0,0,0,0,0,0,0,0
21855,21850,5,颈甲裤子_31~40,4500,6500,10000,0,61990,40103,1,,,0,0,0,0,0,0,0,0,0,0,0,0,0,0,0,362,362,0,0,0,0,0,0,0,0,0,0,0,0,0,0
21856,21850,6,颈甲裤子_31~40,3500,5500,10000,0,74390,40103,1,,,0,0,0,0,0,0,0,0,0,0,0,0,0,0,0,468,468,0,0,0,0,0,0,0,0,0,0,0,0,0,0
21857,21850,7,颈甲裤子_31~40,2500,4500,10000,0,86780,40103,1,,,0,0,0,0,0,0,0,0,0,0,0,0,0,0,0,634,634,0,0,0,0,0,0,0,0,0,0,0,0,0,0
21858,21850,8,颈甲裤子_31~40,1500,3500,0,10000,99180,40103,1,,,0,0,0,0,0,52,0,0,0,0,0,0,0,0,0,800,800,0,0,0,0,0,0,0,0,0,0,0,3,0,0
21859,21850,9,颈甲裤子_31~40,1000,2500,0,10000,111580,40103,1,,,0,0,0,0,0,60,0,0,0,0,0,0,0,0,0,966,966,0,0,0,0,0,0,0,0,0,0,0,5,0,0
21860,21850,10,颈甲裤子_31~40,900,1500,0,9000,123980,40103,1,,,0,0,0,0,0,70,0,0,0,0,0,0,0,0,0,1197,1197,0,0,0,0,0,0,0,0,0,0,0,7,0,0
21861,21850,11,颈甲裤子_31~40,800,0,0,0,136380,40103,1,,,0,0,0,0,0,78,0,0,0,0,0,0,0,0,0,1428,1428,0,0,0,0,0,0,0,0,0,0,0,9,0,0
21862,21850,12,颈甲裤子_31~40,700,0,0,0,148770,40103,1,,,0,0,0,0,0,86,0,0,0,0,0,0,0,0,0,1659,1659,0,0,0,0,0,0,0,0,0,0,0,11,0,0
21863,21850,13,颈甲裤子_31~40,600,0,0,0,161170,40103,1,,,0,0,0,0,0,95,0,0,0,0,0,0,0,0,0,1963,1963,0,0,0,0,0,0,0,0,0,0,0,13,0,0
21864,21850,14,颈甲裤子_31~40,500,0,0,0,173570,40103,1,,,0,0,0,0,0,103,0,0,0,0,0,0,0,0,0,2267,2267,0,0,0,0,0,0,0,0,0,0,0,15,0,0
21865,21850,15,颈甲裤子_31~40,400,0,0,0,185970,40103,1,,,0,0,0,0,0,113,0,0,0,0,0,0,0,0,0,2571,2571,0,0,0,0,0,0,0,0,0,0,0,17,0,0
21901,21900,1,颈甲裤子_41~50,10000,0,0,0,16820,40104,1,,,0,0,0,0,0,0,0,0,0,0,0,0,0,0,0,63,63,0,0,0,0,0,0,0,0,0,0,0,0,0,0
21902,21900,2,颈甲裤子_41~50,9000,9500,10000,0,33640,40104,1,,,0,0,0,0,0,0,0,0,0,0,0,0,0,0,0,126,126,0,0,0,0,0,0,0,0,0,0,0,0,0,0
21903,21900,3,颈甲裤子_41~50,7500,8500,10000,0,50470,40104,1,,,0,0,0,0,0,0,0,0,0,0,0,0,0,0,0,189,189,0,0,0,0,0,0,0,0,0,0,0,0,0,0
21904,21900,4,颈甲裤子_41~50,6000,7500,10000,0,67290,40104,1,,,0,0,0,0,0,0,0,0,0,0,0,0,0,0,0,321,321,0,0,0,0,0,0,0,0,0,0,0,0,0,0
21905,21900,5,颈甲裤子_41~50,4500,6500,10000,0,84110,40104,1,,,0,0,0,0,0,0,0,0,0,0,0,0,0,0,0,453,453,0,0,0,0,0,0,0,0,0,0,0,0,0,0
21906,21900,6,颈甲裤子_41~50,3500,5500,10000,0,100930,40104,1,,,0,0,0,0,0,0,0,0,0,0,0,0,0,0,0,585,585,0,0,0,0,0,0,0,0,0,0,0,0,0,0
21907,21900,7,颈甲裤子_41~50,2500,4500,10000,0,117750,40104,1,,,0,0,0,0,0,0,0,0,0,0,0,0,0,0,0,792,792,0,0,0,0,0,0,0,0,0,0,0,0,0,0
21908,21900,8,颈甲裤子_41~50,1500,3500,0,10000,134570,40104,1,,,0,0,0,0,0,62,0,0,0,0,0,0,0,0,0,999,999,0,0,0,0,0,0,0,0,0,0,0,3,0,0
21909,21900,9,颈甲裤子_41~50,1000,2500,0,10000,151400,40104,1,,,0,0,0,0,0,72,0,0,0,0,0,0,0,0,0,1206,1206,0,0,0,0,0,0,0,0,0,0,0,5,0,0
21910,21900,10,颈甲裤子_41~50,900,1500,0,9000,168220,40104,1,,,0,0,0,0,0,84,0,0,0,0,0,0,0,0,0,1495,1495,0,0,0,0,0,0,0,0,0,0,0,7,0,0
21911,21900,11,颈甲裤子_41~50,800,0,0,0,185040,40104,1,,,0,0,0,0,0,94,0,0,0,0,0,0,0,0,0,1784,1784,0,0,0,0,0,0,0,0,0,0,0,9,0,0
21912,21900,12,颈甲裤子_41~50,700,0,0,0,201860,40104,1,,,0,0,0,0,0,103,0,0,0,0,0,0,0,0,0,2073,2073,0,0,0,0,0,0,0,0,0,0,0,11,0,0
21913,21900,13,颈甲裤子_41~50,600,0,0,0,218680,40104,1,,,0,0,0,0,0,114,0,0,0,0,0,0,0,0,0,2453,2453,0,0,0,0,0,0,0,0,0,0,0,13,0,0
21914,21900,14,颈甲裤子_41~50,500,0,0,0,235510,40104,1,,,0,0,0,0,0,124,0,0,0,0,0,0,0,0,0,2833,2833,0,0,0,0,0,0,0,0,0,0,0,15,0,0
21915,21900,15,颈甲裤子_41~50,400,0,0,0,252330,40104,1,,,0,0,0,0,0,136,0,0,0,0,0,0,0,0,0,3213,3213,0,0,0,0,0,0,0,0,0,0,0,17,0,0
21951,21950,1,颈甲裤子_51~60,10000,0,0,0,16820,40104,1,,,0,0,0,0,0,0,0,0,0,0,0,0,0,0,0,76,76,0,0,0,0,0,0,0,0,0,0,0,0,0,0
21952,21950,2,颈甲裤子_51~60,9000,9500,10000,0,33640,40104,1,,,0,0,0,0,0,0,0,0,0,0,0,0,0,0,0,152,152,0,0,0,0,0,0,0,0,0,0,0,0,0,0
21953,21950,3,颈甲裤子_51~60,7500,8500,10000,0,50470,40104,1,,,0,0,0,0,0,0,0,0,0,0,0,0,0,0,0,228,228,0,0,0,0,0,0,0,0,0,0,0,0,0,0
21954,21950,4,颈甲裤子_51~60,6000,7500,10000,0,67290,40104,1,,,0,0,0,0,0,0,0,0,0,0,0,0,0,0,0,387,387,0,0,0,0,0,0,0,0,0,0,0,0,0,0
21955,21950,5,颈甲裤子_51~60,4500,6500,10000,0,84110,40104,1,,,0,0,0,0,0,0,0,0,0,0,0,0,0,0,0,546,546,0,0,0,0,0,0,0,0,0,0,0,0,0,0
21956,21950,6,颈甲裤子_51~60,3500,5500,10000,0,100930,40104,1,,,0,0,0,0,0,0,0,0,0,0,0,0,0,0,0,705,705,0,0,0,0,0,0,0,0,0,0,0,0,0,0
21957,21950,7,颈甲裤子_51~60,2500,4500,10000,0,117750,40104,1,,,0,0,0,0,0,0,0,0,0,0,0,0,0,0,0,953,953,0,0,0,0,0,0,0,0,0,0,0,0,0,0
21958,21950,8,颈甲裤子_51~60,1500,3500,0,10000,134570,40104,1,,,0,0,0,0,0,74,0,0,0,0,0,0,0,0,0,1201,1201,0,0,0,0,0,0,0,0,0,0,0,3,0,0
21959,21950,9,颈甲裤子_51~60,1000,2500,0,10000,151400,40104,1,,,0,0,0,0,0,86,0,0,0,0,0,0,0,0,0,1449,1449,0,0,0,0,0,0,0,0,0,0,0,5,0,0
21960,21950,10,颈甲裤子_51~60,900,1500,0,9000,168220,40104,1,,,0,0,0,0,0,101,0,0,0,0,0,0,0,0,0,1796,1796,0,0,0,0,0,0,0,0,0,0,0,7,0,0
21961,21950,11,颈甲裤子_51~60,800,0,0,0,185040,40104,1,,,0,0,0,0,0,113,0,0,0,0,0,0,0,0,0,2143,2143,0,0,0,0,0,0,0,0,0,0,0,9,0,0
21962,21950,12,颈甲裤子_51~60,700,0,0,0,201860,40104,1,,,0,0,0,0,0,124,0,0,0,0,0,0,0,0,0,2490,2490,0,0,0,0,0,0,0,0,0,0,0,11,0,0
21963,21950,13,颈甲裤子_51~60,600,0,0,0,218680,40104,1,,,0,0,0,0,0,137,0,0,0,0,0,0,0,0,0,2946,2946,0,0,0,0,0,0,0,0,0,0,0,13,0,0
21964,21950,14,颈甲裤子_51~60,500,0,0,0,235510,40104,1,,,0,0,0,0,0,149,0,0,0,0,0,0,0,0,0,3402,3402,0,0,0,0,0,0,0,0,0,0,0,15,0,0
21965,21950,15,颈甲裤子_51~60,400,0,0,0,252330,40104,1,,,0,0,0,0,0,163,0,0,0,0,0,0,0,0,0,3858,3858,0,0,0,0,0,0,0,0,0,0,0,17,0,0
22001,22000,1,颈甲裤子_61~70,10000,0,0,0,16820,40104,1,,,0,0,0,0,0,0,0,0,0,0,0,0,0,0,0,0,0,0,0,0,0,0,0,0,0,0,0,0,0,0,0
22002,22000,2,颈甲裤子_61~70,9000,9500,10000,0,33640,40104,1,,,0,0,0,0,0,0,0,0,0,0,0,0,0,0,0,0,0,0,0,0,0,0,0,0,0,0,0,0,0,0,0
22003,22000,3,颈甲裤子_61~70,7500,8500,10000,0,50470,40104,1,,,0,0,0,0,0,0,0,0,0,0,0,0,0,0,0,0,0,0,0,0,0,0,0,0,0,0,0,0,0,0,0
22004,22000,4,颈甲裤子_61~70,6000,7500,10000,0,67290,40104,1,,,0,0,0,0,0,0,0,0,0,0,0,0,0,0,0,0,0,0,0,0,0,0,0,0,0,0,0,0,0,0,0
22005,22000,5,颈甲裤子_61~70,4500,6500,10000,0,84110,40104,1,,,0,0,0,0,0,0,0,0,0,0,0,0,0,0,0,0,0,0,0,0,0,0,0,0,0,0,0,0,0,0,0
22006,22000,6,颈甲裤子_61~70,3500,5500,10000,0,100930,40104,1,,,0,0,0,0,0,0,0,0,0,0,0,0,0,0,0,0,0,0,0,0,0,0,0,0,0,0,0,0,0,0,0
22007,22000,7,颈甲裤子_61~70,2500,4500,10000,0,117750,40104,1,,,0,0,0,0,0,0,0,0,0,0,0,0,0,0,0,0,0,0,0,0,0,0,0,0,0,0,0,0,0,0,0
22008,22000,8,颈甲裤子_61~70,1500,3500,0,10000,134570,40104,1,,,0,0,0,0,0,89,0,0,0,0,0,0,0,0,0,0,0,0,0,0,0,0,0,0,0,0,0,0,3,0,0
22009,22000,9,颈甲裤子_61~70,1000,2500,0,10000,151400,40104,1,,,0,0,0,0,0,103,0,0,0,0,0,0,0,0,0,0,0,0,0,0,0,0,0,0,0,0,0,0,5,0,0
22010,22000,10,颈甲裤子_61~70,900,1500,0,9000,168220,40104,1,,,0,0,0,0,0,121,0,0,0,0,0,0,0,0,0,0,0,0,0,0,0,0,0,0,0,0,0,0,7,0,0
22011,22000,11,颈甲裤子_61~70,800,0,0,0,185040,40104,1,,,0,0,0,0,0,136,0,0,0,0,0,0,0,0,0,0,0,0,0,0,0,0,0,0,0,0,0,0,9,0,0
22012,22000,12,颈甲裤子_61~70,700,0,0,0,201860,40104,1,,,0,0,0,0,0,149,0,0,0,0,0,0,0,0,0,0,0,0,0,0,0,0,0,0,0,0,0,0,11,0,0
22013,22000,13,颈甲裤子_61~70,600,0,0,0,218680,40104,1,,,0,0,0,0,0,164,0,0,0,0,0,0,0,0,0,0,0,0,0,0,0,0,0,0,0,0,0,0,13,0,0
22014,22000,14,颈甲裤子_61~70,500,0,0,0,235510,40104,1,,,0,0,0,0,0,179,0,0,0,0,0,0,0,0,0,0,0,0,0,0,0,0,0,0,0,0,0,0,15,0,0
22015,22000,15,颈甲裤子_61~70,400,0,0,0,252330,40104,1,,,0,0,0,0,0,196,0,0,0,0,0,0,0,0,0,0,0,0,0,0,0,0,0,0,0,0,0,0,17,0,0
22601,22600,1,中级裤子_1~10,10000,0,0,0,70,40100,1,,,0,0,0,0,0,0,0,0,0,0,0,0,0,0,0,13,13,0,0,0,0,0,0,0,0,0,0,0,0,0,0
22602,22600,2,中级裤子_1~10,9000,9500,10000,0,150,40100,1,,,0,0,0,0,0,0,0,0,0,0,0,0,0,0,0,26,26,0,0,0,0,0,0,0,0,0,0,0,0,0,0
22603,22600,3,中级裤子_1~10,7500,8500,10000,0,220,40100,1,,,0,0,0,0,0,0,0,0,0,0,0,0,0,0,0,39,39,0,0,0,0,0,0,0,0,0,0,0,0,0,0
22604,22600,4,中级裤子_1~10,6000,7500,10000,0,300,40100,1,,,0,0,0,0,0,0,0,0,0,0,0,0,0,0,0,65,65,0,0,0,0,0,0,0,0,0,0,0,0,0,0
22605,22600,5,中级裤子_1~10,4500,6500,10000,0,370,40100,1,,,0,0,0,0,0,0,0,0,0,0,0,0,0,0,0,91,91,0,0,0,0,0,0,0,0,0,0,0,0,0,0
22606,22600,6,中级裤子_1~10,3500,5500,10000,0,450,40100,1,,,0,0,0,0,0,0,0,0,0,0,0,0,0,0,0,117,117,0,0,0,0,0,0,0,0,0,0,0,0,0,0
22607,22600,7,中级裤子_1~10,2500,4500,10000,0,520,40100,1,,,0,0,0,0,0,0,0,0,0,0,0,0,0,0,0,158,158,0,0,0,0,0,0,0,0,0,0,0,0,0,0
22608,22600,8,中级裤子_1~10,1500,3500,0,10000,600,40100,1,,,0,0,0,0,0,30,0,0,0,0,0,0,0,0,0,199,199,0,0,0,0,0,0,0,0,0,0,0,3,0,0
22609,22600,9,中级裤子_1~10,1000,2500,0,10000,670,40100,1,,,0,0,0,0,0,35,0,0,0,0,0,0,0,0,0,240,240,0,0,0,0,0,0,0,0,0,0,0,5,0,0
22610,22600,10,中级裤子_1~10,900,1500,0,9000,750,40100,1,,,0,0,0,0,0,40,0,0,0,0,0,0,0,0,0,298,298,0,0,0,0,0,0,0,0,0,0,0,7,0,0
22611,22600,11,中级裤子_1~10,800,0,0,0,820,40100,1,,,0,0,0,0,0,45,0,0,0,0,0,0,0,0,0,356,356,0,0,0,0,0,0,0,0,0,0,0,9,0,0
22612,22600,12,中级裤子_1~10,700,0,0,0,900,40100,1,,,0,0,0,0,0,50,0,0,0,0,0,0,0,0,0,414,414,0,0,0,0,0,0,0,0,0,0,0,11,0,0
22613,22600,13,中级裤子_1~10,600,0,0,0,970,40100,1,,,0,0,0,0,0,55,0,0,0,0,0,0,0,0,0,490,490,0,0,0,0,0,0,0,0,0,0,0,13,0,0
22614,22600,14,中级裤子_1~10,500,0,0,0,1050,40100,1,,,0,0,0,0,0,60,0,0,0,0,0,0,0,0,0,566,566,0,0,0,0,0,0,0,0,0,0,0,15,0,0
22615,22600,15,中级裤子_1~10,400,0,0,0,1120,40100,1,,,0,0,0,0,0,65,0,0,0,0,0,0,0,0,0,642,642,0,0,0,0,0,0,0,0,0,0,0,17,0,0
22651,22650,1,中级裤子_11~20,10000,0,0,0,980,40101,1,,,0,0,0,0,0,0,0,0,0,0,0,0,0,0,0,25,25,0,0,0,0,0,0,0,0,0,0,0,0,0,0
22652,22650,2,中级裤子_11~20,9000,9500,10000,0,1950,40101,1,,,0,0,0,0,0,0,0,0,0,0,0,0,0,0,0,50,50,0,0,0,0,0,0,0,0,0,0,0,0,0,0
22653,22650,3,中级裤子_11~20,7500,8500,10000,0,2930,40101,1,,,0,0,0,0,0,0,0,0,0,0,0,0,0,0,0,75,75,0,0,0,0,0,0,0,0,0,0,0,0,0,0
22654,22650,4,中级裤子_11~20,6000,7500,10000,0,3910,40101,1,,,0,0,0,0,0,0,0,0,0,0,0,0,0,0,0,128,128,0,0,0,0,0,0,0,0,0,0,0,0,0,0
22655,22650,5,中级裤子_11~20,4500,6500,10000,0,4880,40101,1,,,0,0,0,0,0,0,0,0,0,0,0,0,0,0,0,181,181,0,0,0,0,0,0,0,0,0,0,0,0,0,0
22656,22650,6,中级裤子_11~20,3500,5500,10000,0,5860,40101,1,,,0,0,0,0,0,0,0,0,0,0,0,0,0,0,0,234,234,0,0,0,0,0,0,0,0,0,0,0,0,0,0
22657,22650,7,中级裤子_11~20,2500,4500,10000,0,6840,40101,1,,,0,0,0,0,0,0,0,0,0,0,0,0,0,0,0,317,317,0,0,0,0,0,0,0,0,0,0,0,0,0,0
22658,22650,8,中级裤子_11~20,1500,3500,0,10000,7810,40101,1,,,0,0,0,0,0,36,0,0,0,0,0,0,0,0,0,400,400,0,0,0,0,0,0,0,0,0,0,0,3,0,0
22659,22650,9,中级裤子_11~20,1000,2500,0,10000,8790,40101,1,,,0,0,0,0,0,42,0,0,0,0,0,0,0,0,0,483,483,0,0,0,0,0,0,0,0,0,0,0,5,0,0
22660,22650,10,中级裤子_11~20,900,1500,0,9000,9770,40101,1,,,0,0,0,0,0,48,0,0,0,0,0,0,0,0,0,599,599,0,0,0,0,0,0,0,0,0,0,0,7,0,0
22661,22650,11,中级裤子_11~20,800,0,0,0,10740,40101,1,,,0,0,0,0,0,54,0,0,0,0,0,0,0,0,0,715,715,0,0,0,0,0,0,0,0,0,0,0,9,0,0
22662,22650,12,中级裤子_11~20,700,0,0,0,11720,40101,1,,,0,0,0,0,0,60,0,0,0,0,0,0,0,0,0,831,831,0,0,0,0,0,0,0,0,0,0,0,11,0,0
22663,22650,13,中级裤子_11~20,600,0,0,0,12700,40101,1,,,0,0,0,0,0,66,0,0,0,0,0,0,0,0,0,983,983,0,0,0,0,0,0,0,0,0,0,0,13,0,0
22664,22650,14,中级裤子_11~20,500,0,0,0,13670,40101,1,,,0,0,0,0,0,72,0,0,0,0,0,0,0,0,0,1135,1135,0,0,0,0,0,0,0,0,0,0,0,15,0,0
22665,22650,15,中级裤子_11~20,400,0,0,0,14650,40101,1,,,0,0,0,0,0,78,0,0,0,0,0,0,0,0,0,1287,1287,0,0,0,0,0,0,0,0,0,0,0,17,0,0
22701,22700,1,中级裤子_21~30,10000,0,0,0,4450,40102,1,,,0,0,0,0,0,0,0,0,0,0,0,0,0,0,0,38,38,0,0,0,0,0,0,0,0,0,0,0,0,0,0
22702,22700,2,中级裤子_21~30,9000,9500,10000,0,8900,40102,1,,,0,0,0,0,0,0,0,0,0,0,0,0,0,0,0,76,76,0,0,0,0,0,0,0,0,0,0,0,0,0,0
22703,22700,3,中级裤子_21~30,7500,8500,10000,0,13340,40102,1,,,0,0,0,0,0,0,0,0,0,0,0,0,0,0,0,114,114,0,0,0,0,0,0,0,0,0,0,0,0,0,0
22704,22700,4,中级裤子_21~30,6000,7500,10000,0,17790,40102,1,,,0,0,0,0,0,0,0,0,0,0,0,0,0,0,0,193,193,0,0,0,0,0,0,0,0,0,0,0,0,0,0
22705,22700,5,中级裤子_21~30,4500,6500,10000,0,22240,40102,1,,,0,0,0,0,0,0,0,0,0,0,0,0,0,0,0,272,272,0,0,0,0,0,0,0,0,0,0,0,0,0,0
22706,22700,6,中级裤子_21~30,3500,5500,10000,0,26690,40102,1,,,0,0,0,0,0,0,0,0,0,0,0,0,0,0,0,351,351,0,0,0,0,0,0,0,0,0,0,0,0,0,0
22707,22700,7,中级裤子_21~30,2500,4500,10000,0,31130,40102,1,,,0,0,0,0,0,0,0,0,0,0,0,0,0,0,0,475,475,0,0,0,0,0,0,0,0,0,0,0,0,0,0
22708,22700,8,中级裤子_21~30,1500,3500,0,10000,35580,40102,1,,,0,0,0,0,0,43,0,0,0,0,0,0,0,0,0,599,599,0,0,0,0,0,0,0,0,0,0,0,3,0,0
22709,22700,9,中级裤子_21~30,1000,2500,0,10000,40030,40102,1,,,0,0,0,0,0,50,0,0,0,0,0,0,0,0,0,723,723,0,0,0,0,0,0,0,0,0,0,0,5,0,0
22710,22700,10,中级裤子_21~30,900,1500,0,9000,44480,40102,1,,,0,0,0,0,0,58,0,0,0,0,0,0,0,0,0,896,896,0,0,0,0,0,0,0,0,0,0,0,7,0,0
22711,22700,11,中级裤子_21~30,800,0,0,0,48930,40102,1,,,0,0,0,0,0,65,0,0,0,0,0,0,0,0,0,1069,1069,0,0,0,0,0,0,0,0,0,0,0,9,0,0
22712,22700,12,中级裤子_21~30,700,0,0,0,53370,40102,1,,,0,0,0,0,0,72,0,0,0,0,0,0,0,0,0,1242,1242,0,0,0,0,0,0,0,0,0,0,0,11,0,0
22713,22700,13,中级裤子_21~30,600,0,0,0,57820,40102,1,,,0,0,0,0,0,79,0,0,0,0,0,0,0,0,0,1470,1470,0,0,0,0,0,0,0,0,0,0,0,13,0,0
22714,22700,14,中级裤子_21~30,500,0,0,0,62270,40102,1,,,0,0,0,0,0,86,0,0,0,0,0,0,0,0,0,1698,1698,0,0,0,0,0,0,0,0,0,0,0,15,0,0
22715,22700,15,中级裤子_21~30,400,0,0,0,66720,40102,1,,,0,0,0,0,0,94,0,0,0,0,0,0,0,0,0,1926,1926,0,0,0,0,0,0,0,0,0,0,0,17,0,0
22751,22750,1,中级裤子_31~40,10000,0,0,0,12400,40103,1,,,0,0,0,0,0,0,0,0,0,0,0,0,0,0,0,50,50,0,0,0,0,0,0,0,0,0,0,0,0,0,0
22752,22750,2,中级裤子_31~40,9000,9500,10000,0,24800,40103,1,,,0,0,0,0,0,0,0,0,0,0,0,0,0,0,0,100,100,0,0,0,0,0,0,0,0,0,0,0,0,0,0
22753,22750,3,中级裤子_31~40,7500,8500,10000,0,37190,40103,1,,,0,0,0,0,0,0,0,0,0,0,0,0,0,0,0,150,150,0,0,0,0,0,0,0,0,0,0,0,0,0,0
22754,22750,4,中级裤子_31~40,6000,7500,10000,0,49590,40103,1,,,0,0,0,0,0,0,0,0,0,0,0,0,0,0,0,256,256,0,0,0,0,0,0,0,0,0,0,0,0,0,0
22755,22750,5,中级裤子_31~40,4500,6500,10000,0,61990,40103,1,,,0,0,0,0,0,0,0,0,0,0,0,0,0,0,0,362,362,0,0,0,0,0,0,0,0,0,0,0,0,0,0
22756,22750,6,中级裤子_31~40,3500,5500,10000,0,74390,40103,1,,,0,0,0,0,0,0,0,0,0,0,0,0,0,0,0,468,468,0,0,0,0,0,0,0,0,0,0,0,0,0,0
22757,22750,7,中级裤子_31~40,2500,4500,10000,0,86780,40103,1,,,0,0,0,0,0,0,0,0,0,0,0,0,0,0,0,634,634,0,0,0,0,0,0,0,0,0,0,0,0,0,0
22758,22750,8,中级裤子_31~40,1500,3500,0,10000,99180,40103,1,,,0,0,0,0,0,52,0,0,0,0,0,0,0,0,0,800,800,0,0,0,0,0,0,0,0,0,0,0,3,0,0
22759,22750,9,中级裤子_31~40,1000,2500,0,10000,111580,40103,1,,,0,0,0,0,0,60,0,0,0,0,0,0,0,0,0,966,966,0,0,0,0,0,0,0,0,0,0,0,5,0,0
22760,22750,10,中级裤子_31~40,900,1500,0,9000,123980,40103,1,,,0,0,0,0,0,70,0,0,0,0,0,0,0,0,0,1197,1197,0,0,0,0,0,0,0,0,0,0,0,7,0,0
22761,22750,11,中级裤子_31~40,800,0,0,0,136380,40103,1,,,0,0,0,0,0,78,0,0,0,0,0,0,0,0,0,1428,1428,0,0,0,0,0,0,0,0,0,0,0,9,0,0
22762,22750,12,中级裤子_31~40,700,0,0,0,148770,40103,1,,,0,0,0,0,0,86,0,0,0,0,0,0,0,0,0,1659,1659,0,0,0,0,0,0,0,0,0,0,0,11,0,0
22763,22750,13,中级裤子_31~40,600,0,0,0,161170,40103,1,,,0,0,0,0,0,95,0,0,0,0,0,0,0,0,0,1963,1963,0,0,0,0,0,0,0,0,0,0,0,13,0,0
22764,22750,14,中级裤子_31~40,500,0,0,0,173570,40103,1,,,0,0,0,0,0,103,0,0,0,0,0,0,0,0,0,2267,2267,0,0,0,0,0,0,0,0,0,0,0,15,0,0
22765,22750,15,中级裤子_31~40,400,0,0,0,185970,40103,1,,,0,0,0,0,0,113,0,0,0,0,0,0,0,0,0,2571,2571,0,0,0,0,0,0,0,0,0,0,0,17,0,0
22801,22800,1,中级裤子_41~50,10000,0,0,0,16820,40104,1,,,0,0,0,0,0,0,0,0,0,0,0,0,0,0,0,63,63,0,0,0,0,0,0,0,0,0,0,0,0,0,0
22802,22800,2,中级裤子_41~50,9000,9500,10000,0,33640,40104,1,,,0,0,0,0,0,0,0,0,0,0,0,0,0,0,0,126,126,0,0,0,0,0,0,0,0,0,0,0,0,0,0
22803,22800,3,中级裤子_41~50,7500,8500,10000,0,50470,40104,1,,,0,0,0,0,0,0,0,0,0,0,0,0,0,0,0,189,189,0,0,0,0,0,0,0,0,0,0,0,0,0,0
22804,22800,4,中级裤子_41~50,6000,7500,10000,0,67290,40104,1,,,0,0,0,0,0,0,0,0,0,0,0,0,0,0,0,321,321,0,0,0,0,0,0,0,0,0,0,0,0,0,0
22805,22800,5,中级裤子_41~50,4500,6500,10000,0,84110,40104,1,,,0,0,0,0,0,0,0,0,0,0,0,0,0,0,0,453,453,0,0,0,0,0,0,0,0,0,0,0,0,0,0
22806,22800,6,中级裤子_41~50,3500,5500,10000,0,100930,40104,1,,,0,0,0,0,0,0,0,0,0,0,0,0,0,0,0,585,585,0,0,0,0,0,0,0,0,0,0,0,0,0,0
22807,22800,7,中级裤子_41~50,2500,4500,10000,0,117750,40104,1,,,0,0,0,0,0,0,0,0,0,0,0,0,0,0,0,792,792,0,0,0,0,0,0,0,0,0,0,0,0,0,0
22808,22800,8,中级裤子_41~50,1500,3500,0,10000,134570,40104,1,,,0,0,0,0,0,62,0,0,0,0,0,0,0,0,0,999,999,0,0,0,0,0,0,0,0,0,0,0,3,0,0
22809,22800,9,中级裤子_41~50,1000,2500,0,10000,151400,40104,1,,,0,0,0,0,0,72,0,0,0,0,0,0,0,0,0,1206,1206,0,0,0,0,0,0,0,0,0,0,0,5,0,0
22810,22800,10,中级裤子_41~50,900,1500,0,9000,168220,40104,1,,,0,0,0,0,0,84,0,0,0,0,0,0,0,0,0,1495,1495,0,0,0,0,0,0,0,0,0,0,0,7,0,0
22811,22800,11,中级裤子_41~50,800,0,0,0,185040,40104,1,,,0,0,0,0,0,94,0,0,0,0,0,0,0,0,0,1784,1784,0,0,0,0,0,0,0,0,0,0,0,9,0,0
22812,22800,12,中级裤子_41~50,700,0,0,0,201860,40104,1,,,0,0,0,0,0,103,0,0,0,0,0,0,0,0,0,2073,2073,0,0,0,0,0,0,0,0,0,0,0,11,0,0
22813,22800,13,中级裤子_41~50,600,0,0,0,218680,40104,1,,,0,0,0,0,0,114,0,0,0,0,0,0,0,0,0,2453,2453,0,0,0,0,0,0,0,0,0,0,0,13,0,0
22814,22800,14,中级裤子_41~50,500,0,0,0,235510,40104,1,,,0,0,0,0,0,124,0,0,0,0,0,0,0,0,0,2833,2833,0,0,0,0,0,0,0,0,0,0,0,15,0,0
22815,22800,15,中级裤子_41~50,400,0,0,0,252330,40104,1,,,0,0,0,0,0,136,0,0,0,0,0,0,0,0,0,3213,3213,0,0,0,0,0,0,0,0,0,0,0,17,0,0
22851,22850,1,中级裤子_51~60,10000,0,0,0,16820,40104,1,,,0,0,0,0,0,0,0,0,0,0,0,0,0,0,0,76,76,0,0,0,0,0,0,0,0,0,0,0,0,0,0
22852,22850,2,中级裤子_51~60,9000,9500,10000,0,33640,40104,1,,,0,0,0,0,0,0,0,0,0,0,0,0,0,0,0,152,152,0,0,0,0,0,0,0,0,0,0,0,0,0,0
22853,22850,3,中级裤子_51~60,7500,8500,10000,0,50470,40104,1,,,0,0,0,0,0,0,0,0,0,0,0,0,0,0,0,228,228,0,0,0,0,0,0,0,0,0,0,0,0,0,0
22854,22850,4,中级裤子_51~60,6000,7500,10000,0,67290,40104,1,,,0,0,0,0,0,0,0,0,0,0,0,0,0,0,0,387,387,0,0,0,0,0,0,0,0,0,0,0,0,0,0
22855,22850,5,中级裤子_51~60,4500,6500,10000,0,84110,40104,1,,,0,0,0,0,0,0,0,0,0,0,0,0,0,0,0,546,546,0,0,0,0,0,0,0,0,0,0,0,0,0,0
22856,22850,6,中级裤子_51~60,3500,5500,10000,0,100930,40104,1,,,0,0,0,0,0,0,0,0,0,0,0,0,0,0,0,705,705,0,0,0,0,0,0,0,0,0,0,0,0,0,0
22857,22850,7,中级裤子_51~60,2500,4500,10000,0,117750,40104,1,,,0,0,0,0,0,0,0,0,0,0,0,0,0,0,0,953,953,0,0,0,0,0,0,0,0,0,0,0,0,0,0
22858,22850,8,中级裤子_51~60,1500,3500,0,10000,134570,40104,1,,,0,0,0,0,0,74,0,0,0,0,0,0,0,0,0,1201,1201,0,0,0,0,0,0,0,0,0,0,0,3,0,0
22859,22850,9,中级裤子_51~60,1000,2500,0,10000,151400,40104,1,,,0,0,0,0,0,86,0,0,0,0,0,0,0,0,0,1449,1449,0,0,0,0,0,0,0,0,0,0,0,5,0,0
22860,22850,10,中级裤子_51~60,900,1500,0,9000,168220,40104,1,,,0,0,0,0,0,101,0,0,0,0,0,0,0,0,0,1796,1796,0,0,0,0,0,0,0,0,0,0,0,7,0,0
22861,22850,11,中级裤子_51~60,800,0,0,0,185040,40104,1,,,0,0,0,0,0,113,0,0,0,0,0,0,0,0,0,2143,2143,0,0,0,0,0,0,0,0,0,0,0,9,0,0
22862,22850,12,中级裤子_51~60,700,0,0,0,201860,40104,1,,,0,0,0,0,0,124,0,0,0,0,0,0,0,0,0,2490,2490,0,0,0,0,0,0,0,0,0,0,0,11,0,0
22863,22850,13,中级裤子_51~60,600,0,0,0,218680,40104,1,,,0,0,0,0,0,137,0,0,0,0,0,0,0,0,0,2946,2946,0,0,0,0,0,0,0,0,0,0,0,13,0,0
22864,22850,14,中级裤子_51~60,500,0,0,0,235510,40104,1,,,0,0,0,0,0,149,0,0,0,0,0,0,0,0,0,3402,3402,0,0,0,0,0,0,0,0,0,0,0,15,0,0
22865,22850,15,中级裤子_51~60,400,0,0,0,252330,40104,1,,,0,0,0,0,0,163,0,0,0,0,0,0,0,0,0,3858,3858,0,0,0,0,0,0,0,0,0,0,0,17,0,0
22901,22900,1,中级裤子_61~70,10000,0,0,0,16820,40104,1,,,0,0,0,0,0,0,0,0,0,0,0,0,0,0,0,0,0,0,0,0,0,0,0,0,0,0,0,0,0,0,0
22902,22900,2,中级裤子_61~70,9000,9500,10000,0,33640,40104,1,,,0,0,0,0,0,0,0,0,0,0,0,0,0,0,0,0,0,0,0,0,0,0,0,0,0,0,0,0,0,0,0
22903,22900,3,中级裤子_61~70,7500,8500,10000,0,50470,40104,1,,,0,0,0,0,0,0,0,0,0,0,0,0,0,0,0,0,0,0,0,0,0,0,0,0,0,0,0,0,0,0,0
22904,22900,4,中级裤子_61~70,6000,7500,10000,0,67290,40104,1,,,0,0,0,0,0,0,0,0,0,0,0,0,0,0,0,0,0,0,0,0,0,0,0,0,0,0,0,0,0,0,0
22905,22900,5,中级裤子_61~70,4500,6500,10000,0,84110,40104,1,,,0,0,0,0,0,0,0,0,0,0,0,0,0,0,0,0,0,0,0,0,0,0,0,0,0,0,0,0,0,0,0
22906,22900,6,中级裤子_61~70,3500,5500,10000,0,100930,40104,1,,,0,0,0,0,0,0,0,0,0,0,0,0,0,0,0,0,0,0,0,0,0,0,0,0,0,0,0,0,0,0,0
22907,22900,7,中级裤子_61~70,2500,4500,10000,0,117750,40104,1,,,0,0,0,0,0,0,0,0,0,0,0,0,0,0,0,0,0,0,0,0,0,0,0,0,0,0,0,0,0,0,0
22908,22900,8,中级裤子_61~70,1500,3500,0,10000,134570,40104,1,,,0,0,0,0,0,89,0,0,0,0,0,0,0,0,0,0,0,0,0,0,0,0,0,0,0,0,0,0,3,0,0
22909,22900,9,中级裤子_61~70,1000,2500,0,10000,151400,40104,1,,,0,0,0,0,0,103,0,0,0,0,0,0,0,0,0,0,0,0,0,0,0,0,0,0,0,0,0,0,5,0,0
22910,22900,10,中级裤子_61~70,900,1500,0,9000,168220,40104,1,,,0,0,0,0,0,121,0,0,0,0,0,0,0,0,0,0,0,0,0,0,0,0,0,0,0,0,0,0,7,0,0
22911,22900,11,中级裤子_61~70,800,0,0,0,185040,40104,1,,,0,0,0,0,0,136,0,0,0,0,0,0,0,0,0,0,0,0,0,0,0,0,0,0,0,0,0,0,9,0,0
22912,22900,12,中级裤子_61~70,700,0,0,0,201860,40104,1,,,0,0,0,0,0,149,0,0,0,0,0,0,0,0,0,0,0,0,0,0,0,0,0,0,0,0,0,0,11,0,0
22913,22900,13,中级裤子_61~70,600,0,0,0,218680,40104,1,,,0,0,0,0,0,164,0,0,0,0,0,0,0,0,0,0,0,0,0,0,0,0,0,0,0,0,0,0,13,0,0
22914,22900,14,中级裤子_61~70,500,0,0,0,235510,40104,1,,,0,0,0,0,0,179,0,0,0,0,0,0,0,0,0,0,0,0,0,0,0,0,0,0,0,0,0,0,15,0,0
22915,22900,15,中级裤子_61~70,400,0,0,0,252330,40104,1,,,0,0,0,0,0,196,0,0,0,0,0,0,0,0,0,0,0,0,0,0,0,0,0,0,0,0,0,0,17,0,0
23501,23500,1,罗布鞋子_1~10,10000,0,0,0,70,40100,1,,,0,0,0,0,0,0,0,0,0,0,0,0,0,0,0,13,13,0,0,0,0,0,0,0,0,0,0,0,0,0,0
23502,23500,2,罗布鞋子_1~10,9000,9500,10000,0,150,40100,1,,,0,0,0,0,0,0,0,0,0,0,0,0,0,0,0,26,26,0,0,0,0,0,0,0,0,0,0,0,0,0,0
23503,23500,3,罗布鞋子_1~10,7500,8500,10000,0,220,40100,1,,,0,0,0,0,0,0,0,0,0,0,0,0,0,0,0,39,39,0,0,0,0,0,0,0,0,0,0,0,0,0,0
23504,23500,4,罗布鞋子_1~10,6000,7500,10000,0,300,40100,1,,,0,0,0,0,0,0,0,0,0,0,0,0,0,0,0,65,65,0,0,0,0,0,0,0,0,0,0,0,0,0,0
23505,23500,5,罗布鞋子_1~10,4500,6500,10000,0,370,40100,1,,,0,0,0,0,0,0,0,0,0,0,0,0,0,0,0,91,91,0,0,0,0,0,0,0,0,0,0,0,0,0,0
23506,23500,6,罗布鞋子_1~10,3500,5500,10000,0,450,40100,1,,,0,0,0,0,0,0,0,0,0,0,0,0,0,0,0,117,117,0,0,0,0,0,0,0,0,0,0,0,0,0,0
23507,23500,7,罗布鞋子_1~10,2500,4500,10000,0,520,40100,1,,,0,0,0,0,0,0,0,0,0,0,0,0,0,0,0,158,158,0,0,0,0,0,0,0,0,0,0,0,0,0,0
23508,23500,8,罗布鞋子_1~10,1500,3500,0,10000,600,40100,1,,,0,0,0,0,0,0,0,0,0,0,0,0,0,0,0,199,199,0,0,0,0,0,0,0,3,0,0,0,3,0,0
23509,23500,9,罗布鞋子_1~10,1000,2500,0,10000,670,40100,1,,,0,0,0,0,0,0,0,0,0,0,0,0,0,0,0,240,240,0,0,0,0,0,0,0,8,0,0,0,5,0,0
23510,23500,10,罗布鞋子_1~10,900,1500,0,9000,750,40100,1,,,0,0,0,0,0,0,0,0,0,0,0,0,0,0,0,298,298,0,0,0,0,0,0,0,13,0,0,0,7,0,0
23511,23500,11,罗布鞋子_1~10,800,0,0,0,820,40100,1,,,0,0,0,0,0,0,0,0,0,0,0,0,0,0,0,356,356,0,0,0,0,0,0,0,18,0,0,0,9,0,0
23512,23500,12,罗布鞋子_1~10,700,0,0,0,900,40100,1,,,0,0,0,0,0,0,0,0,0,0,0,0,0,0,0,414,414,0,0,0,0,0,0,0,23,0,0,0,11,0,0
23513,23500,13,罗布鞋子_1~10,600,0,0,0,970,40100,1,,,0,0,0,0,0,0,0,0,0,0,0,0,0,0,0,490,490,0,0,0,0,0,0,0,28,0,0,0,13,0,0
23514,23500,14,罗布鞋子_1~10,500,0,0,0,1050,40100,1,,,0,0,0,0,0,0,0,0,0,0,0,0,0,0,0,566,566,0,0,0,0,0,0,0,33,0,0,0,15,0,0
23515,23500,15,罗布鞋子_1~10,400,0,0,0,1120,40100,1,,,0,0,0,0,0,0,0,0,0,0,0,0,0,0,0,642,642,0,0,0,0,0,0,0,38,0,0,0,17,0,0
23551,23550,1,罗布鞋子_11~20,10000,0,0,0,980,40101,1,,,0,0,0,0,0,0,0,0,0,0,0,0,0,0,0,25,25,0,0,0,0,0,0,0,0,0,0,0,0,0,0
23552,23550,2,罗布鞋子_11~20,9000,9500,10000,0,1950,40101,1,,,0,0,0,0,0,0,0,0,0,0,0,0,0,0,0,50,50,0,0,0,0,0,0,0,0,0,0,0,0,0,0
23553,23550,3,罗布鞋子_11~20,7500,8500,10000,0,2930,40101,1,,,0,0,0,0,0,0,0,0,0,0,0,0,0,0,0,75,75,0,0,0,0,0,0,0,0,0,0,0,0,0,0
23554,23550,4,罗布鞋子_11~20,6000,7500,10000,0,3910,40101,1,,,0,0,0,0,0,0,0,0,0,0,0,0,0,0,0,128,128,0,0,0,0,0,0,0,0,0,0,0,0,0,0
23555,23550,5,罗布鞋子_11~20,4500,6500,10000,0,4880,40101,1,,,0,0,0,0,0,0,0,0,0,0,0,0,0,0,0,181,181,0,0,0,0,0,0,0,0,0,0,0,0,0,0
23556,23550,6,罗布鞋子_11~20,3500,5500,10000,0,5860,40101,1,,,0,0,0,0,0,0,0,0,0,0,0,0,0,0,0,234,234,0,0,0,0,0,0,0,0,0,0,0,0,0,0
23557,23550,7,罗布鞋子_11~20,2500,4500,10000,0,6840,40101,1,,,0,0,0,0,0,0,0,0,0,0,0,0,0,0,0,317,317,0,0,0,0,0,0,0,0,0,0,0,0,0,0
23558,23550,8,罗布鞋子_11~20,1500,3500,0,10000,7810,40101,1,,,0,0,0,0,0,0,0,0,0,0,0,0,0,0,0,400,400,0,0,0,0,0,0,0,4,0,0,0,3,0,0
23559,23550,9,罗布鞋子_11~20,1000,2500,0,10000,8790,40101,1,,,0,0,0,0,0,0,0,0,0,0,0,0,0,0,0,483,483,0,0,0,0,0,0,0,10,0,0,0,5,0,0
23560,23550,10,罗布鞋子_11~20,900,1500,0,9000,9770,40101,1,,,0,0,0,0,0,0,0,0,0,0,0,0,0,0,0,599,599,0,0,0,0,0,0,0,16,0,0,0,7,0,0
23561,23550,11,罗布鞋子_11~20,800,0,0,0,10740,40101,1,,,0,0,0,0,0,0,0,0,0,0,0,0,0,0,0,715,715,0,0,0,0,0,0,0,22,0,0,0,9,0,0
23562,23550,12,罗布鞋子_11~20,700,0,0,0,11720,40101,1,,,0,0,0,0,0,0,0,0,0,0,0,0,0,0,0,831,831,0,0,0,0,0,0,0,28,0,0,0,11,0,0
23563,23550,13,罗布鞋子_11~20,600,0,0,0,12700,40101,1,,,0,0,0,0,0,0,0,0,0,0,0,0,0,0,0,983,983,0,0,0,0,0,0,0,34,0,0,0,13,0,0
23564,23550,14,罗布鞋子_11~20,500,0,0,0,13670,40101,1,,,0,0,0,0,0,0,0,0,0,0,0,0,0,0,0,1135,1135,0,0,0,0,0,0,0,40,0,0,0,15,0,0
23565,23550,15,罗布鞋子_11~20,400,0,0,0,14650,40101,1,,,0,0,0,0,0,0,0,0,0,0,0,0,0,0,0,1287,1287,0,0,0,0,0,0,0,46,0,0,0,17,0,0
23601,23600,1,罗布鞋子_21~30,10000,0,0,0,4450,40102,1,,,0,0,0,0,0,0,0,0,0,0,0,0,0,0,0,38,38,0,0,0,0,0,0,0,0,0,0,0,0,0,0
23602,23600,2,罗布鞋子_21~30,9000,9500,10000,0,8900,40102,1,,,0,0,0,0,0,0,0,0,0,0,0,0,0,0,0,76,76,0,0,0,0,0,0,0,0,0,0,0,0,0,0
23603,23600,3,罗布鞋子_21~30,7500,8500,10000,0,13340,40102,1,,,0,0,0,0,0,0,0,0,0,0,0,0,0,0,0,114,114,0,0,0,0,0,0,0,0,0,0,0,0,0,0
23604,23600,4,罗布鞋子_21~30,6000,7500,10000,0,17790,40102,1,,,0,0,0,0,0,0,0,0,0,0,0,0,0,0,0,193,193,0,0,0,0,0,0,0,0,0,0,0,0,0,0
23605,23600,5,罗布鞋子_21~30,4500,6500,10000,0,22240,40102,1,,,0,0,0,0,0,0,0,0,0,0,0,0,0,0,0,272,272,0,0,0,0,0,0,0,0,0,0,0,0,0,0
23606,23600,6,罗布鞋子_21~30,3500,5500,10000,0,26690,40102,1,,,0,0,0,0,0,0,0,0,0,0,0,0,0,0,0,351,351,0,0,0,0,0,0,0,0,0,0,0,0,0,0
23607,23600,7,罗布鞋子_21~30,2500,4500,10000,0,31130,40102,1,,,0,0,0,0,0,0,0,0,0,0,0,0,0,0,0,475,475,0,0,0,0,0,0,0,0,0,0,0,0,0,0
23608,23600,8,罗布鞋子_21~30,1500,3500,0,10000,35580,40102,1,,,0,0,0,0,0,0,0,0,0,0,0,0,0,0,0,599,599,0,0,0,0,0,0,0,5,0,0,0,3,0,0
23609,23600,9,罗布鞋子_21~30,1000,2500,0,10000,40030,40102,1,,,0,0,0,0,0,0,0,0,0,0,0,0,0,0,0,723,723,0,0,0,0,0,0,0,12,0,0,0,5,0,0
23610,23600,10,罗布鞋子_21~30,900,1500,0,9000,44480,40102,1,,,0,0,0,0,0,0,0,0,0,0,0,0,0,0,0,896,896,0,0,0,0,0,0,0,19,0,0,0,7,0,0
23611,23600,11,罗布鞋子_21~30,800,0,0,0,48930,40102,1,,,0,0,0,0,0,0,0,0,0,0,0,0,0,0,0,1069,1069,0,0,0,0,0,0,0,26,0,0,0,9,0,0
23612,23600,12,罗布鞋子_21~30,700,0,0,0,53370,40102,1,,,0,0,0,0,0,0,0,0,0,0,0,0,0,0,0,1242,1242,0,0,0,0,0,0,0,34,0,0,0,11,0,0
23613,23600,13,罗布鞋子_21~30,600,0,0,0,57820,40102,1,,,0,0,0,0,0,0,0,0,0,0,0,0,0,0,0,1470,1470,0,0,0,0,0,0,0,41,0,0,0,13,0,0
23614,23600,14,罗布鞋子_21~30,500,0,0,0,62270,40102,1,,,0,0,0,0,0,0,0,0,0,0,0,0,0,0,0,1698,1698,0,0,0,0,0,0,0,48,0,0,0,15,0,0
23615,23600,15,罗布鞋子_21~30,400,0,0,0,66720,40102,1,,,0,0,0,0,0,0,0,0,0,0,0,0,0,0,0,1926,1926,0,0,0,0,0,0,0,55,0,0,0,17,0,0
23651,23650,1,罗布鞋子_31~40,10000,0,0,0,12400,40103,1,,,0,0,0,0,0,0,0,0,0,0,0,0,0,0,0,50,50,0,0,0,0,0,0,0,0,0,0,0,0,0,0
23652,23650,2,罗布鞋子_31~40,9000,9500,10000,0,24800,40103,1,,,0,0,0,0,0,0,0,0,0,0,0,0,0,0,0,100,100,0,0,0,0,0,0,0,0,0,0,0,0,0,0
23653,23650,3,罗布鞋子_31~40,7500,8500,10000,0,37190,40103,1,,,0,0,0,0,0,0,0,0,0,0,0,0,0,0,0,150,150,0,0,0,0,0,0,0,0,0,0,0,0,0,0
23654,23650,4,罗布鞋子_31~40,6000,7500,10000,0,49590,40103,1,,,0,0,0,0,0,0,0,0,0,0,0,0,0,0,0,256,256,0,0,0,0,0,0,0,0,0,0,0,0,0,0
23655,23650,5,罗布鞋子_31~40,4500,6500,10000,0,61990,40103,1,,,0,0,0,0,0,0,0,0,0,0,0,0,0,0,0,362,362,0,0,0,0,0,0,0,0,0,0,0,0,0,0
23656,23650,6,罗布鞋子_31~40,3500,5500,10000,0,74390,40103,1,,,0,0,0,0,0,0,0,0,0,0,0,0,0,0,0,468,468,0,0,0,0,0,0,0,0,0,0,0,0,0,0
23657,23650,7,罗布鞋子_31~40,2500,4500,10000,0,86780,40103,1,,,0,0,0,0,0,0,0,0,0,0,0,0,0,0,0,634,634,0,0,0,0,0,0,0,0,0,0,0,0,0,0
23658,23650,8,罗布鞋子_31~40,1500,3500,0,10000,99180,40103,1,,,0,0,0,0,0,0,0,0,0,0,0,0,0,0,0,800,800,0,0,0,0,0,0,0,6,0,0,0,3,0,0
23659,23650,9,罗布鞋子_31~40,1000,2500,0,10000,111580,40103,1,,,0,0,0,0,0,0,0,0,0,0,0,0,0,0,0,966,966,0,0,0,0,0,0,0,14,0,0,0,5,0,0
23660,23650,10,罗布鞋子_31~40,900,1500,0,9000,123980,40103,1,,,0,0,0,0,0,0,0,0,0,0,0,0,0,0,0,1197,1197,0,0,0,0,0,0,0,23,0,0,0,7,0,0
23661,23650,11,罗布鞋子_31~40,800,0,0,0,136380,40103,1,,,0,0,0,0,0,0,0,0,0,0,0,0,0,0,0,1428,1428,0,0,0,0,0,0,0,31,0,0,0,9,0,0
23662,23650,12,罗布鞋子_31~40,700,0,0,0,148770,40103,1,,,0,0,0,0,0,0,0,0,0,0,0,0,0,0,0,1659,1659,0,0,0,0,0,0,0,41,0,0,0,11,0,0
23663,23650,13,罗布鞋子_31~40,600,0,0,0,161170,40103,1,,,0,0,0,0,0,0,0,0,0,0,0,0,0,0,0,1963,1963,0,0,0,0,0,0,0,49,0,0,0,13,0,0
23664,23650,14,罗布鞋子_31~40,500,0,0,0,173570,40103,1,,,0,0,0,0,0,0,0,0,0,0,0,0,0,0,0,2267,2267,0,0,0,0,0,0,0,58,0,0,0,15,0,0
23665,23650,15,罗布鞋子_31~40,400,0,0,0,185970,40103,1,,,0,0,0,0,0,0,0,0,0,0,0,0,0,0,0,2571,2571,0,0,0,0,0,0,0,66,0,0,0,17,0,0
23701,23700,1,罗布鞋子_41~50,10000,0,0,0,16820,40104,1,,,0,0,0,0,0,0,0,0,0,0,0,0,0,0,0,63,63,0,0,0,0,0,0,0,0,0,0,0,0,0,0
23702,23700,2,罗布鞋子_41~50,9000,9500,10000,0,33640,40104,1,,,0,0,0,0,0,0,0,0,0,0,0,0,0,0,0,126,126,0,0,0,0,0,0,0,0,0,0,0,0,0,0
23703,23700,3,罗布鞋子_41~50,7500,8500,10000,0,50470,40104,1,,,0,0,0,0,0,0,0,0,0,0,0,0,0,0,0,189,189,0,0,0,0,0,0,0,0,0,0,0,0,0,0
23704,23700,4,罗布鞋子_41~50,6000,7500,10000,0,67290,40104,1,,,0,0,0,0,0,0,0,0,0,0,0,0,0,0,0,321,321,0,0,0,0,0,0,0,0,0,0,0,0,0,0
23705,23700,5,罗布鞋子_41~50,4500,6500,10000,0,84110,40104,1,,,0,0,0,0,0,0,0,0,0,0,0,0,0,0,0,453,453,0,0,0,0,0,0,0,0,0,0,0,0,0,0
23706,23700,6,罗布鞋子_41~50,3500,5500,10000,0,100930,40104,1,,,0,0,0,0,0,0,0,0,0,0,0,0,0,0,0,585,585,0,0,0,0,0,0,0,0,0,0,0,0,0,0
23707,23700,7,罗布鞋子_41~50,2500,4500,10000,0,117750,40104,1,,,0,0,0,0,0,0,0,0,0,0,0,0,0,0,0,792,792,0,0,0,0,0,0,0,0,0,0,0,0,0,0
23708,23700,8,罗布鞋子_41~50,1500,3500,0,10000,134570,40104,1,,,0,0,0,0,0,0,0,0,0,0,0,0,0,0,0,999,999,0,0,0,0,0,0,0,7,0,0,0,3,0,0
23709,23700,9,罗布鞋子_41~50,1000,2500,0,10000,151400,40104,1,,,0,0,0,0,0,0,0,0,0,0,0,0,0,0,0,1206,1206,0,0,0,0,0,0,0,17,0,0,0,5,0,0
23710,23700,10,罗布鞋子_41~50,900,1500,0,9000,168220,40104,1,,,0,0,0,0,0,0,0,0,0,0,0,0,0,0,0,1495,1495,0,0,0,0,0,0,0,28,0,0,0,7,0,0
23711,23700,11,罗布鞋子_41~50,800,0,0,0,185040,40104,1,,,0,0,0,0,0,0,0,0,0,0,0,0,0,0,0,1784,1784,0,0,0,0,0,0,0,37,0,0,0,9,0,0
23712,23700,12,罗布鞋子_41~50,700,0,0,0,201860,40104,1,,,0,0,0,0,0,0,0,0,0,0,0,0,0,0,0,2073,2073,0,0,0,0,0,0,0,49,0,0,0,11,0,0
23713,23700,13,罗布鞋子_41~50,600,0,0,0,218680,40104,1,,,0,0,0,0,0,0,0,0,0,0,0,0,0,0,0,2453,2453,0,0,0,0,0,0,0,59,0,0,0,13,0,0
23714,23700,14,罗布鞋子_41~50,500,0,0,0,235510,40104,1,,,0,0,0,0,0,0,0,0,0,0,0,0,0,0,0,2833,2833,0,0,0,0,0,0,0,70,0,0,0,15,0,0
23715,23700,15,罗布鞋子_41~50,400,0,0,0,252330,40104,1,,,0,0,0,0,0,0,0,0,0,0,0,0,0,0,0,3213,3213,0,0,0,0,0,0,0,79,0,0,0,17,0,0
23751,23750,1,罗布鞋子_51~60,10000,0,0,0,16820,40104,1,,,0,0,0,0,0,0,0,0,0,0,0,0,0,0,0,76,76,0,0,0,0,0,0,0,0,0,0,0,0,0,0
23752,23750,2,罗布鞋子_51~60,9000,9500,10000,0,33640,40104,1,,,0,0,0,0,0,0,0,0,0,0,0,0,0,0,0,152,152,0,0,0,0,0,0,0,0,0,0,0,0,0,0
23753,23750,3,罗布鞋子_51~60,7500,8500,10000,0,50470,40104,1,,,0,0,0,0,0,0,0,0,0,0,0,0,0,0,0,228,228,0,0,0,0,0,0,0,0,0,0,0,0,0,0
23754,23750,4,罗布鞋子_51~60,6000,7500,10000,0,67290,40104,1,,,0,0,0,0,0,0,0,0,0,0,0,0,0,0,0,387,387,0,0,0,0,0,0,0,0,0,0,0,0,0,0
23755,23750,5,罗布鞋子_51~60,4500,6500,10000,0,84110,40104,1,,,0,0,0,0,0,0,0,0,0,0,0,0,0,0,0,546,546,0,0,0,0,0,0,0,0,0,0,0,0,0,0
23756,23750,6,罗布鞋子_51~60,3500,5500,10000,0,100930,40104,1,,,0,0,0,0,0,0,0,0,0,0,0,0,0,0,0,705,705,0,0,0,0,0,0,0,0,0,0,0,0,0,0
23757,23750,7,罗布鞋子_51~60,2500,4500,10000,0,117750,40104,1,,,0,0,0,0,0,0,0,0,0,0,0,0,0,0,0,953,953,0,0,0,0,0,0,0,0,0,0,0,0,0,0
23758,23750,8,罗布鞋子_51~60,1500,3500,0,10000,134570,40104,1,,,0,0,0,0,0,0,0,0,0,0,0,0,0,0,0,1201,1201,0,0,0,0,0,0,0,8,0,0,0,3,0,0
23759,23750,9,罗布鞋子_51~60,1000,2500,0,10000,151400,40104,1,,,0,0,0,0,0,0,0,0,0,0,0,0,0,0,0,1449,1449,0,0,0,0,0,0,0,20,0,0,0,5,0,0
23760,23750,10,罗布鞋子_51~60,900,1500,0,9000,168220,40104,1,,,0,0,0,0,0,0,0,0,0,0,0,0,0,0,0,1796,1796,0,0,0,0,0,0,0,34,0,0,0,7,0,0
23761,23750,11,罗布鞋子_51~60,800,0,0,0,185040,40104,1,,,0,0,0,0,0,0,0,0,0,0,0,0,0,0,0,2143,2143,0,0,0,0,0,0,0,44,0,0,0,9,0,0
23762,23750,12,罗布鞋子_51~60,700,0,0,0,201860,40104,1,,,0,0,0,0,0,0,0,0,0,0,0,0,0,0,0,2490,2490,0,0,0,0,0,0,0,59,0,0,0,11,0,0
23763,23750,13,罗布鞋子_51~60,600,0,0,0,218680,40104,1,,,0,0,0,0,0,0,0,0,0,0,0,0,0,0,0,2946,2946,0,0,0,0,0,0,0,71,0,0,0,13,0,0
23764,23750,14,罗布鞋子_51~60,500,0,0,0,235510,40104,1,,,0,0,0,0,0,0,0,0,0,0,0,0,0,0,0,3402,3402,0,0,0,0,0,0,0,84,0,0,0,15,0,0
23765,23750,15,罗布鞋子_51~60,400,0,0,0,252330,40104,1,,,0,0,0,0,0,0,0,0,0,0,0,0,0,0,0,3858,3858,0,0,0,0,0,0,0,95,0,0,0,17,0,0
23801,23800,1,罗布鞋子_61~70,10000,0,0,0,16820,40104,1,,,0,0,0,0,0,0,0,0,0,0,0,0,0,0,0,0,0,0,0,0,0,0,0,0,0,0,0,0,0,0,0
23802,23800,2,罗布鞋子_61~70,9000,9500,10000,0,33640,40104,1,,,0,0,0,0,0,0,0,0,0,0,0,0,0,0,0,0,0,0,0,0,0,0,0,0,0,0,0,0,0,0,0
23803,23800,3,罗布鞋子_61~70,7500,8500,10000,0,50470,40104,1,,,0,0,0,0,0,0,0,0,0,0,0,0,0,0,0,0,0,0,0,0,0,0,0,0,0,0,0,0,0,0,0
23804,23800,4,罗布鞋子_61~70,6000,7500,10000,0,67290,40104,1,,,0,0,0,0,0,0,0,0,0,0,0,0,0,0,0,0,0,0,0,0,0,0,0,0,0,0,0,0,0,0,0
23805,23800,5,罗布鞋子_61~70,4500,6500,10000,0,84110,40104,1,,,0,0,0,0,0,0,0,0,0,0,0,0,0,0,0,0,0,0,0,0,0,0,0,0,0,0,0,0,0,0,0
23806,23800,6,罗布鞋子_61~70,3500,5500,10000,0,100930,40104,1,,,0,0,0,0,0,0,0,0,0,0,0,0,0,0,0,0,0,0,0,0,0,0,0,0,0,0,0,0,0,0,0
23807,23800,7,罗布鞋子_61~70,2500,4500,10000,0,117750,40104,1,,,0,0,0,0,0,0,0,0,0,0,0,0,0,0,0,0,0,0,0,0,0,0,0,0,0,0,0,0,0,0,0
23808,23800,8,罗布鞋子_61~70,1500,3500,0,10000,134570,40104,1,,,0,0,0,0,0,0,0,0,0,0,0,0,0,0,0,0,0,0,0,0,0,0,0,0,10,0,0,0,3,0,0
23809,23800,9,罗布鞋子_61~70,1000,2500,0,10000,151400,40104,1,,,0,0,0,0,0,0,0,0,0,0,0,0,0,0,0,0,0,0,0,0,0,0,0,0,24,0,0,0,5,0,0
23810,23800,10,罗布鞋子_61~70,900,1500,0,9000,168220,40104,1,,,0,0,0,0,0,0,0,0,0,0,0,0,0,0,0,0,0,0,0,0,0,0,0,0,41,0,0,0,7,0,0
23811,23800,11,罗布鞋子_61~70,800,0,0,0,185040,40104,1,,,0,0,0,0,0,0,0,0,0,0,0,0,0,0,0,0,0,0,0,0,0,0,0,0,53,0,0,0,9,0,0
23812,23800,12,罗布鞋子_61~70,700,0,0,0,201860,40104,1,,,0,0,0,0,0,0,0,0,0,0,0,0,0,0,0,0,0,0,0,0,0,0,0,0,71,0,0,0,11,0,0
23813,23800,13,罗布鞋子_61~70,600,0,0,0,218680,40104,1,,,0,0,0,0,0,0,0,0,0,0,0,0,0,0,0,0,0,0,0,0,0,0,0,0,85,0,0,0,13,0,0
23814,23800,14,罗布鞋子_61~70,500,0,0,0,235510,40104,1,,,0,0,0,0,0,0,0,0,0,0,0,0,0,0,0,0,0,0,0,0,0,0,0,0,101,0,0,0,15,0,0
23815,23800,15,罗布鞋子_61~70,400,0,0,0,252330,40104,1,,,0,0,0,0,0,0,0,0,0,0,0,0,0,0,0,0,0,0,0,0,0,0,0,0,114,0,0,0,17,0,0
24401,24400,1,颈甲鞋子_1~10,10000,0,0,0,70,40100,1,,,0,0,0,0,0,0,0,0,0,0,0,0,0,0,0,13,13,0,0,0,0,0,0,0,0,0,0,0,0,0,0
24402,24400,2,颈甲鞋子_1~10,9000,9500,10000,0,150,40100,1,,,0,0,0,0,0,0,0,0,0,0,0,0,0,0,0,26,26,0,0,0,0,0,0,0,0,0,0,0,0,0,0
24403,24400,3,颈甲鞋子_1~10,7500,8500,10000,0,220,40100,1,,,0,0,0,0,0,0,0,0,0,0,0,0,0,0,0,39,39,0,0,0,0,0,0,0,0,0,0,0,0,0,0
24404,24400,4,颈甲鞋子_1~10,6000,7500,10000,0,300,40100,1,,,0,0,0,0,0,0,0,0,0,0,0,0,0,0,0,65,65,0,0,0,0,0,0,0,0,0,0,0,0,0,0
24405,24400,5,颈甲鞋子_1~10,4500,6500,10000,0,370,40100,1,,,0,0,0,0,0,0,0,0,0,0,0,0,0,0,0,91,91,0,0,0,0,0,0,0,0,0,0,0,0,0,0
24406,24400,6,颈甲鞋子_1~10,3500,5500,10000,0,450,40100,1,,,0,0,0,0,0,0,0,0,0,0,0,0,0,0,0,117,117,0,0,0,0,0,0,0,0,0,0,0,0,0,0
24407,24400,7,颈甲鞋子_1~10,2500,4500,10000,0,520,40100,1,,,0,0,0,0,0,0,0,0,0,0,0,0,0,0,0,158,158,0,0,0,0,0,0,0,0,0,0,0,0,0,0
24408,24400,8,颈甲鞋子_1~10,1500,3500,0,10000,600,40100,1,,,0,0,0,0,0,30,0,0,0,0,0,0,0,0,0,199,199,0,0,0,0,0,0,0,0,0,0,0,3,0,0
24409,24400,9,颈甲鞋子_1~10,1000,2500,0,10000,670,40100,1,,,0,0,0,0,0,35,0,0,0,0,0,0,0,0,0,240,240,0,0,0,0,0,0,0,0,0,0,0,5,0,0
24410,24400,10,颈甲鞋子_1~10,900,1500,0,9000,750,40100,1,,,0,0,0,0,0,40,0,0,0,0,0,0,0,0,0,298,298,0,0,0,0,0,0,0,0,0,0,0,7,0,0
24411,24400,11,颈甲鞋子_1~10,800,0,0,0,820,40100,1,,,0,0,0,0,0,45,0,0,0,0,0,0,0,0,0,356,356,0,0,0,0,0,0,0,0,0,0,0,9,0,0
24412,24400,12,颈甲鞋子_1~10,700,0,0,0,900,40100,1,,,0,0,0,0,0,50,0,0,0,0,0,0,0,0,0,414,414,0,0,0,0,0,0,0,0,0,0,0,11,0,0
24413,24400,13,颈甲鞋子_1~10,600,0,0,0,970,40100,1,,,0,0,0,0,0,55,0,0,0,0,0,0,0,0,0,490,490,0,0,0,0,0,0,0,0,0,0,0,13,0,0
24414,24400,14,颈甲鞋子_1~10,500,0,0,0,1050,40100,1,,,0,0,0,0,0,60,0,0,0,0,0,0,0,0,0,566,566,0,0,0,0,0,0,0,0,0,0,0,15,0,0
24415,24400,15,颈甲鞋子_1~10,400,0,0,0,1120,40100,1,,,0,0,0,0,0,65,0,0,0,0,0,0,0,0,0,642,642,0,0,0,0,0,0,0,0,0,0,0,17,0,0
24451,24450,1,颈甲鞋子_11~20,10000,0,0,0,980,40101,1,,,0,0,0,0,0,0,0,0,0,0,0,0,0,0,0,25,25,0,0,0,0,0,0,0,0,0,0,0,0,0,0
24452,24450,2,颈甲鞋子_11~20,9000,9500,10000,0,1950,40101,1,,,0,0,0,0,0,0,0,0,0,0,0,0,0,0,0,50,50,0,0,0,0,0,0,0,0,0,0,0,0,0,0
24453,24450,3,颈甲鞋子_11~20,7500,8500,10000,0,2930,40101,1,,,0,0,0,0,0,0,0,0,0,0,0,0,0,0,0,75,75,0,0,0,0,0,0,0,0,0,0,0,0,0,0
24454,24450,4,颈甲鞋子_11~20,6000,7500,10000,0,3910,40101,1,,,0,0,0,0,0,0,0,0,0,0,0,0,0,0,0,128,128,0,0,0,0,0,0,0,0,0,0,0,0,0,0
24455,24450,5,颈甲鞋子_11~20,4500,6500,10000,0,4880,40101,1,,,0,0,0,0,0,0,0,0,0,0,0,0,0,0,0,181,181,0,0,0,0,0,0,0,0,0,0,0,0,0,0
24456,24450,6,颈甲鞋子_11~20,3500,5500,10000,0,5860,40101,1,,,0,0,0,0,0,0,0,0,0,0,0,0,0,0,0,234,234,0,0,0,0,0,0,0,0,0,0,0,0,0,0
24457,24450,7,颈甲鞋子_11~20,2500,4500,10000,0,6840,40101,1,,,0,0,0,0,0,0,0,0,0,0,0,0,0,0,0,317,317,0,0,0,0,0,0,0,0,0,0,0,0,0,0
24458,24450,8,颈甲鞋子_11~20,1500,3500,0,10000,7810,40101,1,,,0,0,0,0,0,36,0,0,0,0,0,0,0,0,0,400,400,0,0,0,0,0,0,0,0,0,0,0,3,0,0
24459,24450,9,颈甲鞋子_11~20,1000,2500,0,10000,8790,40101,1,,,0,0,0,0,0,42,0,0,0,0,0,0,0,0,0,483,483,0,0,0,0,0,0,0,0,0,0,0,5,0,0
24460,24450,10,颈甲鞋子_11~20,900,1500,0,9000,9770,40101,1,,,0,0,0,0,0,48,0,0,0,0,0,0,0,0,0,599,599,0,0,0,0,0,0,0,0,0,0,0,7,0,0
24461,24450,11,颈甲鞋子_11~20,800,0,0,0,10740,40101,1,,,0,0,0,0,0,54,0,0,0,0,0,0,0,0,0,715,715,0,0,0,0,0,0,0,0,0,0,0,9,0,0
24462,24450,12,颈甲鞋子_11~20,700,0,0,0,11720,40101,1,,,0,0,0,0,0,60,0,0,0,0,0,0,0,0,0,831,831,0,0,0,0,0,0,0,0,0,0,0,11,0,0
24463,24450,13,颈甲鞋子_11~20,600,0,0,0,12700,40101,1,,,0,0,0,0,0,66,0,0,0,0,0,0,0,0,0,983,983,0,0,0,0,0,0,0,0,0,0,0,13,0,0
24464,24450,14,颈甲鞋子_11~20,500,0,0,0,13670,40101,1,,,0,0,0,0,0,72,0,0,0,0,0,0,0,0,0,1135,1135,0,0,0,0,0,0,0,0,0,0,0,15,0,0
24465,24450,15,颈甲鞋子_11~20,400,0,0,0,14650,40101,1,,,0,0,0,0,0,78,0,0,0,0,0,0,0,0,0,1287,1287,0,0,0,0,0,0,0,0,0,0,0,17,0,0
24501,24500,1,颈甲鞋子_21~30,10000,0,0,0,4450,40102,1,,,0,0,0,0,0,0,0,0,0,0,0,0,0,0,0,38,38,0,0,0,0,0,0,0,0,0,0,0,0,0,0
24502,24500,2,颈甲鞋子_21~30,9000,9500,10000,0,8900,40102,1,,,0,0,0,0,0,0,0,0,0,0,0,0,0,0,0,76,76,0,0,0,0,0,0,0,0,0,0,0,0,0,0
24503,24500,3,颈甲鞋子_21~30,7500,8500,10000,0,13340,40102,1,,,0,0,0,0,0,0,0,0,0,0,0,0,0,0,0,114,114,0,0,0,0,0,0,0,0,0,0,0,0,0,0
24504,24500,4,颈甲鞋子_21~30,6000,7500,10000,0,17790,40102,1,,,0,0,0,0,0,0,0,0,0,0,0,0,0,0,0,193,193,0,0,0,0,0,0,0,0,0,0,0,0,0,0
24505,24500,5,颈甲鞋子_21~30,4500,6500,10000,0,22240,40102,1,,,0,0,0,0,0,0,0,0,0,0,0,0,0,0,0,272,272,0,0,0,0,0,0,0,0,0,0,0,0,0,0
24506,24500,6,颈甲鞋子_21~30,3500,5500,10000,0,26690,40102,1,,,0,0,0,0,0,0,0,0,0,0,0,0,0,0,0,351,351,0,0,0,0,0,0,0,0,0,0,0,0,0,0
24507,24500,7,颈甲鞋子_21~30,2500,4500,10000,0,31130,40102,1,,,0,0,0,0,0,0,0,0,0,0,0,0,0,0,0,475,475,0,0,0,0,0,0,0,0,0,0,0,0,0,0
24508,24500,8,颈甲鞋子_21~30,1500,3500,0,10000,35580,40102,1,,,0,0,0,0,0,43,0,0,0,0,0,0,0,0,0,599,599,0,0,0,0,0,0,0,0,0,0,0,3,0,0
24509,24500,9,颈甲鞋子_21~30,1000,2500,0,10000,40030,40102,1,,,0,0,0,0,0,50,0,0,0,0,0,0,0,0,0,723,723,0,0,0,0,0,0,0,0,0,0,0,5,0,0
24510,24500,10,颈甲鞋子_21~30,900,1500,0,9000,44480,40102,1,,,0,0,0,0,0,58,0,0,0,0,0,0,0,0,0,896,896,0,0,0,0,0,0,0,0,0,0,0,7,0,0
24511,24500,11,颈甲鞋子_21~30,800,0,0,0,48930,40102,1,,,0,0,0,0,0,65,0,0,0,0,0,0,0,0,0,1069,1069,0,0,0,0,0,0,0,0,0,0,0,9,0,0
24512,24500,12,颈甲鞋子_21~30,700,0,0,0,53370,40102,1,,,0,0,0,0,0,72,0,0,0,0,0,0,0,0,0,1242,1242,0,0,0,0,0,0,0,0,0,0,0,11,0,0
24513,24500,13,颈甲鞋子_21~30,600,0,0,0,57820,40102,1,,,0,0,0,0,0,79,0,0,0,0,0,0,0,0,0,1470,1470,0,0,0,0,0,0,0,0,0,0,0,13,0,0
24514,24500,14,颈甲鞋子_21~30,500,0,0,0,62270,40102,1,,,0,0,0,0,0,86,0,0,0,0,0,0,0,0,0,1698,1698,0,0,0,0,0,0,0,0,0,0,0,15,0,0
24515,24500,15,颈甲鞋子_21~30,400,0,0,0,66720,40102,1,,,0,0,0,0,0,94,0,0,0,0,0,0,0,0,0,1926,1926,0,0,0,0,0,0,0,0,0,0,0,17,0,0
24551,24550,1,颈甲鞋子_31~40,10000,0,0,0,12400,40103,1,,,0,0,0,0,0,0,0,0,0,0,0,0,0,0,0,50,50,0,0,0,0,0,0,0,0,0,0,0,0,0,0
24552,24550,2,颈甲鞋子_31~40,9000,9500,10000,0,24800,40103,1,,,0,0,0,0,0,0,0,0,0,0,0,0,0,0,0,100,100,0,0,0,0,0,0,0,0,0,0,0,0,0,0
24553,24550,3,颈甲鞋子_31~40,7500,8500,10000,0,37190,40103,1,,,0,0,0,0,0,0,0,0,0,0,0,0,0,0,0,150,150,0,0,0,0,0,0,0,0,0,0,0,0,0,0
24554,24550,4,颈甲鞋子_31~40,6000,7500,10000,0,49590,40103,1,,,0,0,0,0,0,0,0,0,0,0,0,0,0,0,0,256,256,0,0,0,0,0,0,0,0,0,0,0,0,0,0
24555,24550,5,颈甲鞋子_31~40,4500,6500,10000,0,61990,40103,1,,,0,0,0,0,0,0,0,0,0,0,0,0,0,0,0,362,362,0,0,0,0,0,0,0,0,0,0,0,0,0,0
24556,24550,6,颈甲鞋子_31~40,3500,5500,10000,0,74390,40103,1,,,0,0,0,0,0,0,0,0,0,0,0,0,0,0,0,468,468,0,0,0,0,0,0,0,0,0,0,0,0,0,0
24557,24550,7,颈甲鞋子_31~40,2500,4500,10000,0,86780,40103,1,,,0,0,0,0,0,0,0,0,0,0,0,0,0,0,0,634,634,0,0,0,0,0,0,0,0,0,0,0,0,0,0
24558,24550,8,颈甲鞋子_31~40,1500,3500,0,10000,99180,40103,1,,,0,0,0,0,0,52,0,0,0,0,0,0,0,0,0,800,800,0,0,0,0,0,0,0,0,0,0,0,3,0,0
24559,24550,9,颈甲鞋子_31~40,1000,2500,0,10000,111580,40103,1,,,0,0,0,0,0,60,0,0,0,0,0,0,0,0,0,966,966,0,0,0,0,0,0,0,0,0,0,0,5,0,0
24560,24550,10,颈甲鞋子_31~40,900,1500,0,9000,123980,40103,1,,,0,0,0,0,0,70,0,0,0,0,0,0,0,0,0,1197,1197,0,0,0,0,0,0,0,0,0,0,0,7,0,0
24561,24550,11,颈甲鞋子_31~40,800,0,0,0,136380,40103,1,,,0,0,0,0,0,78,0,0,0,0,0,0,0,0,0,1428,1428,0,0,0,0,0,0,0,0,0,0,0,9,0,0
24562,24550,12,颈甲鞋子_31~40,700,0,0,0,148770,40103,1,,,0,0,0,0,0,86,0,0,0,0,0,0,0,0,0,1659,1659,0,0,0,0,0,0,0,0,0,0,0,11,0,0
24563,24550,13,颈甲鞋子_31~40,600,0,0,0,161170,40103,1,,,0,0,0,0,0,95,0,0,0,0,0,0,0,0,0,1963,1963,0,0,0,0,0,0,0,0,0,0,0,13,0,0
24564,24550,14,颈甲鞋子_31~40,500,0,0,0,173570,40103,1,,,0,0,0,0,0,103,0,0,0,0,0,0,0,0,0,2267,2267,0,0,0,0,0,0,0,0,0,0,0,15,0,0
24565,24550,15,颈甲鞋子_31~40,400,0,0,0,185970,40103,1,,,0,0,0,0,0,113,0,0,0,0,0,0,0,0,0,2571,2571,0,0,0,0,0,0,0,0,0,0,0,17,0,0
24601,24600,1,颈甲鞋子_41~50,10000,0,0,0,16820,40104,1,,,0,0,0,0,0,0,0,0,0,0,0,0,0,0,0,63,63,0,0,0,0,0,0,0,0,0,0,0,0,0,0
24602,24600,2,颈甲鞋子_41~50,9000,9500,10000,0,33640,40104,1,,,0,0,0,0,0,0,0,0,0,0,0,0,0,0,0,126,126,0,0,0,0,0,0,0,0,0,0,0,0,0,0
24603,24600,3,颈甲鞋子_41~50,7500,8500,10000,0,50470,40104,1,,,0,0,0,0,0,0,0,0,0,0,0,0,0,0,0,189,189,0,0,0,0,0,0,0,0,0,0,0,0,0,0
24604,24600,4,颈甲鞋子_41~50,6000,7500,10000,0,67290,40104,1,,,0,0,0,0,0,0,0,0,0,0,0,0,0,0,0,321,321,0,0,0,0,0,0,0,0,0,0,0,0,0,0
24605,24600,5,颈甲鞋子_41~50,4500,6500,10000,0,84110,40104,1,,,0,0,0,0,0,0,0,0,0,0,0,0,0,0,0,453,453,0,0,0,0,0,0,0,0,0,0,0,0,0,0
24606,24600,6,颈甲鞋子_41~50,3500,5500,10000,0,100930,40104,1,,,0,0,0,0,0,0,0,0,0,0,0,0,0,0,0,585,585,0,0,0,0,0,0,0,0,0,0,0,0,0,0
24607,24600,7,颈甲鞋子_41~50,2500,4500,10000,0,117750,40104,1,,,0,0,0,0,0,0,0,0,0,0,0,0,0,0,0,792,792,0,0,0,0,0,0,0,0,0,0,0,0,0,0
24608,24600,8,颈甲鞋子_41~50,1500,3500,0,10000,134570,40104,1,,,0,0,0,0,0,62,0,0,0,0,0,0,0,0,0,999,999,0,0,0,0,0,0,0,0,0,0,0,3,0,0
24609,24600,9,颈甲鞋子_41~50,1000,2500,0,10000,151400,40104,1,,,0,0,0,0,0,72,0,0,0,0,0,0,0,0,0,1206,1206,0,0,0,0,0,0,0,0,0,0,0,5,0,0
24610,24600,10,颈甲鞋子_41~50,900,1500,0,9000,168220,40104,1,,,0,0,0,0,0,84,0,0,0,0,0,0,0,0,0,1495,1495,0,0,0,0,0,0,0,0,0,0,0,7,0,0
24611,24600,11,颈甲鞋子_41~50,800,0,0,0,185040,40104,1,,,0,0,0,0,0,94,0,0,0,0,0,0,0,0,0,1784,1784,0,0,0,0,0,0,0,0,0,0,0,9,0,0
24612,24600,12,颈甲鞋子_41~50,700,0,0,0,201860,40104,1,,,0,0,0,0,0,103,0,0,0,0,0,0,0,0,0,2073,2073,0,0,0,0,0,0,0,0,0,0,0,11,0,0
24613,24600,13,颈甲鞋子_41~50,600,0,0,0,218680,40104,1,,,0,0,0,0,0,114,0,0,0,0,0,0,0,0,0,2453,2453,0,0,0,0,0,0,0,0,0,0,0,13,0,0
24614,24600,14,颈甲鞋子_41~50,500,0,0,0,235510,40104,1,,,0,0,0,0,0,124,0,0,0,0,0,0,0,0,0,2833,2833,0,0,0,0,0,0,0,0,0,0,0,15,0,0
24615,24600,15,颈甲鞋子_41~50,400,0,0,0,252330,40104,1,,,0,0,0,0,0,136,0,0,0,0,0,0,0,0,0,3213,3213,0,0,0,0,0,0,0,0,0,0,0,17,0,0
24651,24650,1,颈甲鞋子_51~60,10000,0,0,0,16820,40104,1,,,0,0,0,0,0,0,0,0,0,0,0,0,0,0,0,76,76,0,0,0,0,0,0,0,0,0,0,0,0,0,0
24652,24650,2,颈甲鞋子_51~60,9000,9500,10000,0,33640,40104,1,,,0,0,0,0,0,0,0,0,0,0,0,0,0,0,0,152,152,0,0,0,0,0,0,0,0,0,0,0,0,0,0
24653,24650,3,颈甲鞋子_51~60,7500,8500,10000,0,50470,40104,1,,,0,0,0,0,0,0,0,0,0,0,0,0,0,0,0,228,228,0,0,0,0,0,0,0,0,0,0,0,0,0,0
24654,24650,4,颈甲鞋子_51~60,6000,7500,10000,0,67290,40104,1,,,0,0,0,0,0,0,0,0,0,0,0,0,0,0,0,387,387,0,0,0,0,0,0,0,0,0,0,0,0,0,0
24655,24650,5,颈甲鞋子_51~60,4500,6500,10000,0,84110,40104,1,,,0,0,0,0,0,0,0,0,0,0,0,0,0,0,0,546,546,0,0,0,0,0,0,0,0,0,0,0,0,0,0
24656,24650,6,颈甲鞋子_51~60,3500,5500,10000,0,100930,40104,1,,,0,0,0,0,0,0,0,0,0,0,0,0,0,0,0,705,705,0,0,0,0,0,0,0,0,0,0,0,0,0,0
24657,24650,7,颈甲鞋子_51~60,2500,4500,10000,0,117750,40104,1,,,0,0,0,0,0,0,0,0,0,0,0,0,0,0,0,953,953,0,0,0,0,0,0,0,0,0,0,0,0,0,0
24658,24650,8,颈甲鞋子_51~60,1500,3500,0,10000,134570,40104,1,,,0,0,0,0,0,74,0,0,0,0,0,0,0,0,0,1201,1201,0,0,0,0,0,0,0,0,0,0,0,3,0,0
24659,24650,9,颈甲鞋子_51~60,1000,2500,0,10000,151400,40104,1,,,0,0,0,0,0,86,0,0,0,0,0,0,0,0,0,1449,1449,0,0,0,0,0,0,0,0,0,0,0,5,0,0
24660,24650,10,颈甲鞋子_51~60,900,1500,0,9000,168220,40104,1,,,0,0,0,0,0,101,0,0,0,0,0,0,0,0,0,1796,1796,0,0,0,0,0,0,0,0,0,0,0,7,0,0
24661,24650,11,颈甲鞋子_51~60,800,0,0,0,185040,40104,1,,,0,0,0,0,0,113,0,0,0,0,0,0,0,0,0,2143,2143,0,0,0,0,0,0,0,0,0,0,0,9,0,0
24662,24650,12,颈甲鞋子_51~60,700,0,0,0,201860,40104,1,,,0,0,0,0,0,124,0,0,0,0,0,0,0,0,0,2490,2490,0,0,0,0,0,0,0,0,0,0,0,11,0,0
24663,24650,13,颈甲鞋子_51~60,600,0,0,0,218680,40104,1,,,0,0,0,0,0,137,0,0,0,0,0,0,0,0,0,2946,2946,0,0,0,0,0,0,0,0,0,0,0,13,0,0
24664,24650,14,颈甲鞋子_51~60,500,0,0,0,235510,40104,1,,,0,0,0,0,0,149,0,0,0,0,0,0,0,0,0,3402,3402,0,0,0,0,0,0,0,0,0,0,0,15,0,0
24665,24650,15,颈甲鞋子_51~60,400,0,0,0,252330,40104,1,,,0,0,0,0,0,163,0,0,0,0,0,0,0,0,0,3858,3858,0,0,0,0,0,0,0,0,0,0,0,17,0,0
24701,24700,1,颈甲鞋子_61~70,10000,0,0,0,16820,40104,1,,,0,0,0,0,0,0,0,0,0,0,0,0,0,0,0,0,0,0,0,0,0,0,0,0,0,0,0,0,0,0,0
24702,24700,2,颈甲鞋子_61~70,9000,9500,10000,0,33640,40104,1,,,0,0,0,0,0,0,0,0,0,0,0,0,0,0,0,0,0,0,0,0,0,0,0,0,0,0,0,0,0,0,0
24703,24700,3,颈甲鞋子_61~70,7500,8500,10000,0,50470,40104,1,,,0,0,0,0,0,0,0,0,0,0,0,0,0,0,0,0,0,0,0,0,0,0,0,0,0,0,0,0,0,0,0
24704,24700,4,颈甲鞋子_61~70,6000,7500,10000,0,67290,40104,1,,,0,0,0,0,0,0,0,0,0,0,0,0,0,0,0,0,0,0,0,0,0,0,0,0,0,0,0,0,0,0,0
24705,24700,5,颈甲鞋子_61~70,4500,6500,10000,0,84110,40104,1,,,0,0,0,0,0,0,0,0,0,0,0,0,0,0,0,0,0,0,0,0,0,0,0,0,0,0,0,0,0,0,0
24706,24700,6,颈甲鞋子_61~70,3500,5500,10000,0,100930,40104,1,,,0,0,0,0,0,0,0,0,0,0,0,0,0,0,0,0,0,0,0,0,0,0,0,0,0,0,0,0,0,0,0
24707,24700,7,颈甲鞋子_61~70,2500,4500,10000,0,117750,40104,1,,,0,0,0,0,0,0,0,0,0,0,0,0,0,0,0,0,0,0,0,0,0,0,0,0,0,0,0,0,0,0,0
24708,24700,8,颈甲鞋子_61~70,1500,3500,0,10000,134570,40104,1,,,0,0,0,0,0,89,0,0,0,0,0,0,0,0,0,0,0,0,0,0,0,0,0,0,0,0,0,0,3,0,0
24709,24700,9,颈甲鞋子_61~70,1000,2500,0,10000,151400,40104,1,,,0,0,0,0,0,103,0,0,0,0,0,0,0,0,0,0,0,0,0,0,0,0,0,0,0,0,0,0,5,0,0
24710,24700,10,颈甲鞋子_61~70,900,1500,0,9000,168220,40104,1,,,0,0,0,0,0,121,0,0,0,0,0,0,0,0,0,0,0,0,0,0,0,0,0,0,0,0,0,0,7,0,0
24711,24700,11,颈甲鞋子_61~70,800,0,0,0,185040,40104,1,,,0,0,0,0,0,136,0,0,0,0,0,0,0,0,0,0,0,0,0,0,0,0,0,0,0,0,0,0,9,0,0
24712,24700,12,颈甲鞋子_61~70,700,0,0,0,201860,40104,1,,,0,0,0,0,0,149,0,0,0,0,0,0,0,0,0,0,0,0,0,0,0,0,0,0,0,0,0,0,11,0,0
24713,24700,13,颈甲鞋子_61~70,600,0,0,0,218680,40104,1,,,0,0,0,0,0,164,0,0,0,0,0,0,0,0,0,0,0,0,0,0,0,0,0,0,0,0,0,0,13,0,0
24714,24700,14,颈甲鞋子_61~70,500,0,0,0,235510,40104,1,,,0,0,0,0,0,179,0,0,0,0,0,0,0,0,0,0,0,0,0,0,0,0,0,0,0,0,0,0,15,0,0
24715,24700,15,颈甲鞋子_61~70,400,0,0,0,252330,40104,1,,,0,0,0,0,0,196,0,0,0,0,0,0,0,0,0,0,0,0,0,0,0,0,0,0,0,0,0,0,17,0,0
25301,25300,1,中等鞋子_1~10,10000,0,0,0,70,40100,1,,,0,0,0,0,0,0,0,0,0,0,0,0,0,0,0,13,13,0,0,0,0,0,0,0,0,0,0,0,0,0,0
25302,25300,2,中等鞋子_1~10,9000,9500,10000,0,150,40100,1,,,0,0,0,0,0,0,0,0,0,0,0,0,0,0,0,26,26,0,0,0,0,0,0,0,0,0,0,0,0,0,0
25303,25300,3,中等鞋子_1~10,7500,8500,10000,0,220,40100,1,,,0,0,0,0,0,0,0,0,0,0,0,0,0,0,0,39,39,0,0,0,0,0,0,0,0,0,0,0,0,0,0
25304,25300,4,中等鞋子_1~10,6000,7500,10000,0,300,40100,1,,,0,0,0,0,0,0,0,0,0,0,0,0,0,0,0,65,65,0,0,0,0,0,0,0,0,0,0,0,0,0,0
25305,25300,5,中等鞋子_1~10,4500,6500,10000,0,370,40100,1,,,0,0,0,0,0,0,0,0,0,0,0,0,0,0,0,91,91,0,0,0,0,0,0,0,0,0,0,0,0,0,0
25306,25300,6,中等鞋子_1~10,3500,5500,10000,0,450,40100,1,,,0,0,0,0,0,0,0,0,0,0,0,0,0,0,0,117,117,0,0,0,0,0,0,0,0,0,0,0,0,0,0
25307,25300,7,中等鞋子_1~10,2500,4500,10000,0,520,40100,1,,,0,0,0,0,0,0,0,0,0,0,0,0,0,0,0,158,158,0,0,0,0,0,0,0,0,0,0,0,0,0,0
25308,25300,8,中等鞋子_1~10,1500,3500,0,10000,600,40100,1,,,0,0,0,0,0,30,0,0,0,0,0,0,0,0,0,199,199,0,0,0,0,0,0,0,0,0,0,0,3,0,0
25309,25300,9,中等鞋子_1~10,1000,2500,0,10000,670,40100,1,,,0,0,0,0,0,35,0,0,0,0,0,0,0,0,0,240,240,0,0,0,0,0,0,0,0,0,0,0,5,0,0
25310,25300,10,中等鞋子_1~10,900,1500,0,9000,750,40100,1,,,0,0,0,0,0,40,0,0,0,0,0,0,0,0,0,298,298,0,0,0,0,0,0,0,0,0,0,0,7,0,0
25311,25300,11,中等鞋子_1~10,800,0,0,0,820,40100,1,,,0,0,0,0,0,45,0,0,0,0,0,0,0,0,0,356,356,0,0,0,0,0,0,0,0,0,0,0,9,0,0
25312,25300,12,中等鞋子_1~10,700,0,0,0,900,40100,1,,,0,0,0,0,0,50,0,0,0,0,0,0,0,0,0,414,414,0,0,0,0,0,0,0,0,0,0,0,11,0,0
25313,25300,13,中等鞋子_1~10,600,0,0,0,970,40100,1,,,0,0,0,0,0,55,0,0,0,0,0,0,0,0,0,490,490,0,0,0,0,0,0,0,0,0,0,0,13,0,0
25314,25300,14,中等鞋子_1~10,500,0,0,0,1050,40100,1,,,0,0,0,0,0,60,0,0,0,0,0,0,0,0,0,566,566,0,0,0,0,0,0,0,0,0,0,0,15,0,0
25315,25300,15,中等鞋子_1~10,400,0,0,0,1120,40100,1,,,0,0,0,0,0,65,0,0,0,0,0,0,0,0,0,642,642,0,0,0,0,0,0,0,0,0,0,0,17,0,0
25351,25350,1,中等鞋子_11~20,10000,0,0,0,980,40101,1,,,0,0,0,0,0,0,0,0,0,0,0,0,0,0,0,25,25,0,0,0,0,0,0,0,0,0,0,0,0,0,0
25352,25350,2,中等鞋子_11~20,9000,9500,10000,0,1950,40101,1,,,0,0,0,0,0,0,0,0,0,0,0,0,0,0,0,50,50,0,0,0,0,0,0,0,0,0,0,0,0,0,0
25353,25350,3,中等鞋子_11~20,7500,8500,10000,0,2930,40101,1,,,0,0,0,0,0,0,0,0,0,0,0,0,0,0,0,75,75,0,0,0,0,0,0,0,0,0,0,0,0,0,0
25354,25350,4,中等鞋子_11~20,6000,7500,10000,0,3910,40101,1,,,0,0,0,0,0,0,0,0,0,0,0,0,0,0,0,128,128,0,0,0,0,0,0,0,0,0,0,0,0,0,0
25355,25350,5,中等鞋子_11~20,4500,6500,10000,0,4880,40101,1,,,0,0,0,0,0,0,0,0,0,0,0,0,0,0,0,181,181,0,0,0,0,0,0,0,0,0,0,0,0,0,0
25356,25350,6,中等鞋子_11~20,3500,5500,10000,0,5860,40101,1,,,0,0,0,0,0,0,0,0,0,0,0,0,0,0,0,234,234,0,0,0,0,0,0,0,0,0,0,0,0,0,0
25357,25350,7,中等鞋子_11~20,2500,4500,10000,0,6840,40101,1,,,0,0,0,0,0,0,0,0,0,0,0,0,0,0,0,317,317,0,0,0,0,0,0,0,0,0,0,0,0,0,0
25358,25350,8,中等鞋子_11~20,1500,3500,0,10000,7810,40101,1,,,0,0,0,0,0,36,0,0,0,0,0,0,0,0,0,400,400,0,0,0,0,0,0,0,0,0,0,0,3,0,0
25359,25350,9,中等鞋子_11~20,1000,2500,0,10000,8790,40101,1,,,0,0,0,0,0,42,0,0,0,0,0,0,0,0,0,483,483,0,0,0,0,0,0,0,0,0,0,0,5,0,0
25360,25350,10,中等鞋子_11~20,900,1500,0,9000,9770,40101,1,,,0,0,0,0,0,48,0,0,0,0,0,0,0,0,0,599,599,0,0,0,0,0,0,0,0,0,0,0,7,0,0
25361,25350,11,中等鞋子_11~20,800,0,0,0,10740,40101,1,,,0,0,0,0,0,54,0,0,0,0,0,0,0,0,0,715,715,0,0,0,0,0,0,0,0,0,0,0,9,0,0
25362,25350,12,中等鞋子_11~20,700,0,0,0,11720,40101,1,,,0,0,0,0,0,60,0,0,0,0,0,0,0,0,0,831,831,0,0,0,0,0,0,0,0,0,0,0,11,0,0
25363,25350,13,中等鞋子_11~20,600,0,0,0,12700,40101,1,,,0,0,0,0,0,66,0,0,0,0,0,0,0,0,0,983,983,0,0,0,0,0,0,0,0,0,0,0,13,0,0
25364,25350,14,中等鞋子_11~20,500,0,0,0,13670,40101,1,,,0,0,0,0,0,72,0,0,0,0,0,0,0,0,0,1135,1135,0,0,0,0,0,0,0,0,0,0,0,15,0,0
25365,25350,15,中等鞋子_11~20,400,0,0,0,14650,40101,1,,,0,0,0,0,0,78,0,0,0,0,0,0,0,0,0,1287,1287,0,0,0,0,0,0,0,0,0,0,0,17,0,0
25401,25400,1,中等鞋子_21~30,10000,0,0,0,4450,40102,1,,,0,0,0,0,0,0,0,0,0,0,0,0,0,0,0,38,38,0,0,0,0,0,0,0,0,0,0,0,0,0,0
25402,25400,2,中等鞋子_21~30,9000,9500,10000,0,8900,40102,1,,,0,0,0,0,0,0,0,0,0,0,0,0,0,0,0,76,76,0,0,0,0,0,0,0,0,0,0,0,0,0,0
25403,25400,3,中等鞋子_21~30,7500,8500,10000,0,13340,40102,1,,,0,0,0,0,0,0,0,0,0,0,0,0,0,0,0,114,114,0,0,0,0,0,0,0,0,0,0,0,0,0,0
25404,25400,4,中等鞋子_21~30,6000,7500,10000,0,17790,40102,1,,,0,0,0,0,0,0,0,0,0,0,0,0,0,0,0,193,193,0,0,0,0,0,0,0,0,0,0,0,0,0,0
25405,25400,5,中等鞋子_21~30,4500,6500,10000,0,22240,40102,1,,,0,0,0,0,0,0,0,0,0,0,0,0,0,0,0,272,272,0,0,0,0,0,0,0,0,0,0,0,0,0,0
25406,25400,6,中等鞋子_21~30,3500,5500,10000,0,26690,40102,1,,,0,0,0,0,0,0,0,0,0,0,0,0,0,0,0,351,351,0,0,0,0,0,0,0,0,0,0,0,0,0,0
25407,25400,7,中等鞋子_21~30,2500,4500,10000,0,31130,40102,1,,,0,0,0,0,0,0,0,0,0,0,0,0,0,0,0,475,475,0,0,0,0,0,0,0,0,0,0,0,0,0,0
25408,25400,8,中等鞋子_21~30,1500,3500,0,10000,35580,40102,1,,,0,0,0,0,0,43,0,0,0,0,0,0,0,0,0,599,599,0,0,0,0,0,0,0,0,0,0,0,3,0,0
25409,25400,9,中等鞋子_21~30,1000,2500,0,10000,40030,40102,1,,,0,0,0,0,0,50,0,0,0,0,0,0,0,0,0,723,723,0,0,0,0,0,0,0,0,0,0,0,5,0,0
25410,25400,10,中等鞋子_21~30,900,1500,0,9000,44480,40102,1,,,0,0,0,0,0,58,0,0,0,0,0,0,0,0,0,896,896,0,0,0,0,0,0,0,0,0,0,0,7,0,0
25411,25400,11,中等鞋子_21~30,800,0,0,0,48930,40102,1,,,0,0,0,0,0,65,0,0,0,0,0,0,0,0,0,1069,1069,0,0,0,0,0,0,0,0,0,0,0,9,0,0
25412,25400,12,中等鞋子_21~30,700,0,0,0,53370,40102,1,,,0,0,0,0,0,72,0,0,0,0,0,0,0,0,0,1242,1242,0,0,0,0,0,0,0,0,0,0,0,11,0,0
25413,25400,13,中等鞋子_21~30,600,0,0,0,57820,40102,1,,,0,0,0,0,0,79,0,0,0,0,0,0,0,0,0,1470,1470,0,0,0,0,0,0,0,0,0,0,0,13,0,0
25414,25400,14,中等鞋子_21~30,500,0,0,0,62270,40102,1,,,0,0,0,0,0,86,0,0,0,0,0,0,0,0,0,1698,1698,0,0,0,0,0,0,0,0,0,0,0,15,0,0
25415,25400,15,中等鞋子_21~30,400,0,0,0,66720,40102,1,,,0,0,0,0,0,94,0,0,0,0,0,0,0,0,0,1926,1926,0,0,0,0,0,0,0,0,0,0,0,17,0,0
25451,25450,1,中等鞋子_31~40,10000,0,0,0,12400,40103,1,,,0,0,0,0,0,0,0,0,0,0,0,0,0,0,0,50,50,0,0,0,0,0,0,0,0,0,0,0,0,0,0
25452,25450,2,中等鞋子_31~40,9000,9500,10000,0,24800,40103,1,,,0,0,0,0,0,0,0,0,0,0,0,0,0,0,0,100,100,0,0,0,0,0,0,0,0,0,0,0,0,0,0
25453,25450,3,中等鞋子_31~40,7500,8500,10000,0,37190,40103,1,,,0,0,0,0,0,0,0,0,0,0,0,0,0,0,0,150,150,0,0,0,0,0,0,0,0,0,0,0,0,0,0
25454,25450,4,中等鞋子_31~40,6000,7500,10000,0,49590,40103,1,,,0,0,0,0,0,0,0,0,0,0,0,0,0,0,0,256,256,0,0,0,0,0,0,0,0,0,0,0,0,0,0
25455,25450,5,中等鞋子_31~40,4500,6500,10000,0,61990,40103,1,,,0,0,0,0,0,0,0,0,0,0,0,0,0,0,0,362,362,0,0,0,0,0,0,0,0,0,0,0,0,0,0
25456,25450,6,中等鞋子_31~40,3500,5500,10000,0,74390,40103,1,,,0,0,0,0,0,0,0,0,0,0,0,0,0,0,0,468,468,0,0,0,0,0,0,0,0,0,0,0,0,0,0
25457,25450,7,中等鞋子_31~40,2500,4500,10000,0,86780,40103,1,,,0,0,0,0,0,0,0,0,0,0,0,0,0,0,0,634,634,0,0,0,0,0,0,0,0,0,0,0,0,0,0
25458,25450,8,中等鞋子_31~40,1500,3500,0,10000,99180,40103,1,,,0,0,0,0,0,52,0,0,0,0,0,0,0,0,0,800,800,0,0,0,0,0,0,0,0,0,0,0,3,0,0
25459,25450,9,中等鞋子_31~40,1000,2500,0,10000,111580,40103,1,,,0,0,0,0,0,60,0,0,0,0,0,0,0,0,0,966,966,0,0,0,0,0,0,0,0,0,0,0,5,0,0
25460,25450,10,中等鞋子_31~40,900,1500,0,9000,123980,40103,1,,,0,0,0,0,0,70,0,0,0,0,0,0,0,0,0,1197,1197,0,0,0,0,0,0,0,0,0,0,0,7,0,0
25461,25450,11,中等鞋子_31~40,800,0,0,0,136380,40103,1,,,0,0,0,0,0,78,0,0,0,0,0,0,0,0,0,1428,1428,0,0,0,0,0,0,0,0,0,0,0,9,0,0
25462,25450,12,中等鞋子_31~40,700,0,0,0,148770,40103,1,,,0,0,0,0,0,86,0,0,0,0,0,0,0,0,0,1659,1659,0,0,0,0,0,0,0,0,0,0,0,11,0,0
25463,25450,13,中等鞋子_31~40,600,0,0,0,161170,40103,1,,,0,0,0,0,0,95,0,0,0,0,0,0,0,0,0,1963,1963,0,0,0,0,0,0,0,0,0,0,0,13,0,0
25464,25450,14,中等鞋子_31~40,500,0,0,0,173570,40103,1,,,0,0,0,0,0,103,0,0,0,0,0,0,0,0,0,2267,2267,0,0,0,0,0,0,0,0,0,0,0,15,0,0
25465,25450,15,中等鞋子_31~40,400,0,0,0,185970,40103,1,,,0,0,0,0,0,113,0,0,0,0,0,0,0,0,0,2571,2571,0,0,0,0,0,0,0,0,0,0,0,17,0,0
25501,25500,1,中等鞋子_41~50,10000,0,0,0,16820,40104,1,,,0,0,0,0,0,0,0,0,0,0,0,0,0,0,0,63,63,0,0,0,0,0,0,0,0,0,0,0,0,0,0
25502,25500,2,中等鞋子_41~50,9000,9500,10000,0,33640,40104,1,,,0,0,0,0,0,0,0,0,0,0,0,0,0,0,0,126,126,0,0,0,0,0,0,0,0,0,0,0,0,0,0
25503,25500,3,中等鞋子_41~50,7500,8500,10000,0,50470,40104,1,,,0,0,0,0,0,0,0,0,0,0,0,0,0,0,0,189,189,0,0,0,0,0,0,0,0,0,0,0,0,0,0
25504,25500,4,中等鞋子_41~50,6000,7500,10000,0,67290,40104,1,,,0,0,0,0,0,0,0,0,0,0,0,0,0,0,0,321,321,0,0,0,0,0,0,0,0,0,0,0,0,0,0
25505,25500,5,中等鞋子_41~50,4500,6500,10000,0,84110,40104,1,,,0,0,0,0,0,0,0,0,0,0,0,0,0,0,0,453,453,0,0,0,0,0,0,0,0,0,0,0,0,0,0
25506,25500,6,中等鞋子_41~50,3500,5500,10000,0,100930,40104,1,,,0,0,0,0,0,0,0,0,0,0,0,0,0,0,0,585,585,0,0,0,0,0,0,0,0,0,0,0,0,0,0
25507,25500,7,中等鞋子_41~50,2500,4500,10000,0,117750,40104,1,,,0,0,0,0,0,0,0,0,0,0,0,0,0,0,0,792,792,0,0,0,0,0,0,0,0,0,0,0,0,0,0
25508,25500,8,中等鞋子_41~50,1500,3500,0,10000,134570,40104,1,,,0,0,0,0,0,62,0,0,0,0,0,0,0,0,0,999,999,0,0,0,0,0,0,0,0,0,0,0,3,0,0
25509,25500,9,中等鞋子_41~50,1000,2500,0,10000,151400,40104,1,,,0,0,0,0,0,72,0,0,0,0,0,0,0,0,0,1206,1206,0,0,0,0,0,0,0,0,0,0,0,5,0,0
25510,25500,10,中等鞋子_41~50,900,1500,0,9000,168220,40104,1,,,0,0,0,0,0,84,0,0,0,0,0,0,0,0,0,1495,1495,0,0,0,0,0,0,0,0,0,0,0,7,0,0
25511,25500,11,中等鞋子_41~50,800,0,0,0,185040,40104,1,,,0,0,0,0,0,94,0,0,0,0,0,0,0,0,0,1784,1784,0,0,0,0,0,0,0,0,0,0,0,9,0,0
25512,25500,12,中等鞋子_41~50,700,0,0,0,201860,40104,1,,,0,0,0,0,0,103,0,0,0,0,0,0,0,0,0,2025,2073,0,0,0,0,0,0,0,0,0,0,0,11,0,0
25513,25500,13,中等鞋子_41~50,600,0,0,0,218680,40104,1,,,0,0,0,0,0,114,0,0,0,0,0,0,0,0,0,2405,2453,0,0,0,0,0,0,0,0,0,0,0,13,0,0
25514,25500,14,中等鞋子_41~50,500,0,0,0,235510,40104,1,,,0,0,0,0,0,124,0,0,0,0,0,0,0,0,0,2785,2833,0,0,0,0,0,0,0,0,0,0,0,15,0,0
25515,25500,15,中等鞋子_41~50,400,0,0,0,252330,40104,1,,,0,0,0,0,0,136,0,0,0,0,0,0,0,0,0,3165,3213,0,0,0,0,0,0,0,0,0,0,0,17,0,0
25551,25550,1,中等鞋子_51~60,10000,0,0,0,16820,40104,1,,,0,0,0,0,0,0,0,0,0,0,0,0,0,0,0,76,76,0,0,0,0,0,0,0,0,0,0,0,0,0,0
25552,25550,2,中等鞋子_51~60,9000,9500,10000,0,33640,40104,1,,,0,0,0,0,0,0,0,0,0,0,0,0,0,0,0,152,152,0,0,0,0,0,0,0,0,0,0,0,0,0,0
25553,25550,3,中等鞋子_51~60,7500,8500,10000,0,50470,40104,1,,,0,0,0,0,0,0,0,0,0,0,0,0,0,0,0,228,228,0,0,0,0,0,0,0,0,0,0,0,0,0,0
25554,25550,4,中等鞋子_51~60,6000,7500,10000,0,67290,40104,1,,,0,0,0,0,0,0,0,0,0,0,0,0,0,0,0,387,387,0,0,0,0,0,0,0,0,0,0,0,0,0,0
25555,25550,5,中等鞋子_51~60,4500,6500,10000,0,84110,40104,1,,,0,0,0,0,0,0,0,0,0,0,0,0,0,0,0,546,546,0,0,0,0,0,0,0,0,0,0,0,0,0,0
25556,25550,6,中等鞋子_51~60,3500,5500,10000,0,100930,40104,1,,,0,0,0,0,0,0,0,0,0,0,0,0,0,0,0,705,705,0,0,0,0,0,0,0,0,0,0,0,0,0,0
25557,25550,7,中等鞋子_51~60,2500,4500,10000,0,117750,40104,1,,,0,0,0,0,0,0,0,0,0,0,0,0,0,0,0,953,953,0,0,0,0,0,0,0,0,0,0,0,0,0,0
25558,25550,8,中等鞋子_51~60,1500,3500,0,10000,134570,40104,1,,,0,0,0,0,0,74,0,0,0,0,0,0,0,0,0,1201,1201,0,0,0,0,0,0,0,0,0,0,0,3,0,0
25559,25550,9,中等鞋子_51~60,1000,2500,0,10000,151400,40104,1,,,0,0,0,0,0,86,0,0,0,0,0,0,0,0,0,1449,1449,0,0,0,0,0,0,0,0,0,0,0,5,0,0
25560,25550,10,中等鞋子_51~60,900,1500,0,9000,168220,40104,1,,,0,0,0,0,0,101,0,0,0,0,0,0,0,0,0,1796,1796,0,0,0,0,0,0,0,0,0,0,0,7,0,0
25561,25550,11,中等鞋子_51~60,800,0,0,0,185040,40104,1,,,0,0,0,0,0,113,0,0,0,0,0,0,0,0,0,2143,2143,0,0,0,0,0,0,0,0,0,0,0,9,0,0
25562,25550,12,中等鞋子_51~60,700,0,0,0,201860,40104,1,,,0,0,0,0,0,124,0,0,0,0,0,0,0,0,0,2490,2490,0,0,0,0,0,0,0,0,0,0,0,11,0,0
25563,25550,13,中等鞋子_51~60,600,0,0,0,218680,40104,1,,,0,0,0,0,0,137,0,0,0,0,0,0,0,0,0,2946,2946,0,0,0,0,0,0,0,0,0,0,0,13,0,0
25564,25550,14,中等鞋子_51~60,500,0,0,0,235510,40104,1,,,0,0,0,0,0,149,0,0,0,0,0,0,0,0,0,3402,3402,0,0,0,0,0,0,0,0,0,0,0,15,0,0
25565,25550,15,中等鞋子_51~60,400,0,0,0,252330,40104,1,,,0,0,0,0,0,163,0,0,0,0,0,0,0,0,0,3858,3858,0,0,0,0,0,0,0,0,0,0,0,17,0,0
25601,25600,1,中等鞋子_61~70,10000,0,0,0,16820,40104,1,,,0,0,0,0,0,0,0,0,0,0,0,0,0,0,0,0,0,0,0,0,0,0,0,0,0,0,0,0,0,0,0
25602,25600,2,中等鞋子_61~70,9000,9500,10000,0,33640,40104,1,,,0,0,0,0,0,0,0,0,0,0,0,0,0,0,0,0,0,0,0,0,0,0,0,0,0,0,0,0,0,0,0
25603,25600,3,中等鞋子_61~70,7500,8500,10000,0,50470,40104,1,,,0,0,0,0,0,0,0,0,0,0,0,0,0,0,0,0,0,0,0,0,0,0,0,0,0,0,0,0,0,0,0
25604,25600,4,中等鞋子_61~70,6000,7500,10000,0,67290,40104,1,,,0,0,0,0,0,0,0,0,0,0,0,0,0,0,0,0,0,0,0,0,0,0,0,0,0,0,0,0,0,0,0
25605,25600,5,中等鞋子_61~70,4500,6500,10000,0,84110,40104,1,,,0,0,0,0,0,0,0,0,0,0,0,0,0,0,0,0,0,0,0,0,0,0,0,0,0,0,0,0,0,0,0
25606,25600,6,中等鞋子_61~70,3500,5500,10000,0,100930,40104,1,,,0,0,0,0,0,0,0,0,0,0,0,0,0,0,0,0,0,0,0,0,0,0,0,0,0,0,0,0,0,0,0
25607,25600,7,中等鞋子_61~70,2500,4500,10000,0,117750,40104,1,,,0,0,0,0,0,0,0,0,0,0,0,0,0,0,0,0,0,0,0,0,0,0,0,0,0,0,0,0,0,0,0
25608,25600,8,中等鞋子_61~70,1500,3500,0,10000,134570,40104,1,,,0,0,0,0,0,89,0,0,0,0,0,0,0,0,0,0,0,0,0,0,0,0,0,0,0,0,0,0,3,0,0
25609,25600,9,中等鞋子_61~70,1000,2500,0,10000,151400,40104,1,,,0,0,0,0,0,103,0,0,0,0,0,0,0,0,0,0,0,0,0,0,0,0,0,0,0,0,0,0,5,0,0
25610,25600,10,中等鞋子_61~70,900,1500,0,9000,168220,40104,1,,,0,0,0,0,0,121,0,0,0,0,0,0,0,0,0,0,0,0,0,0,0,0,0,0,0,0,0,0,7,0,0
25611,25600,11,中等鞋子_61~70,800,0,0,0,185040,40104,1,,,0,0,0,0,0,136,0,0,0,0,0,0,0,0,0,0,0,0,0,0,0,0,0,0,0,0,0,0,9,0,0
25612,25600,12,中等鞋子_61~70,700,0,0,0,201860,40104,1,,,0,0,0,0,0,149,0,0,0,0,0,0,0,0,0,0,0,0,0,0,0,0,0,0,0,0,0,0,11,0,0
25613,25600,13,中等鞋子_61~70,600,0,0,0,218680,40104,1,,,0,0,0,0,0,164,0,0,0,0,0,0,0,0,0,0,0,0,0,0,0,0,0,0,0,0,0,0,13,0,0
25614,25600,14,中等鞋子_61~70,500,0,0,0,235510,40104,1,,,0,0,0,0,0,179,0,0,0,0,0,0,0,0,0,0,0,0,0,0,0,0,0,0,0,0,0,0,15,0,0
25615,25600,15,中等鞋子_61~70,400,0,0,0,252330,40104,1,,,0,0,0,0,0,196,0,0,0,0,0,0,0,0,0,0,0,0,0,0,0,0,0,0,0,0,0,0,17,0,0
26201,26200,1,物理披风_1~10,10000,0,0,0,70,40100,1,,,0,0,0,0,0,0,0,0,0,0,0,0,0,0,0,6,6,0,0,0,0,0,0,0,0,0,0,0,0,0,0
26202,26200,2,物理披风_1~10,9000,9500,10000,0,150,40100,1,,,0,0,0,0,0,0,0,0,0,0,0,0,0,0,0,12,12,0,0,0,0,0,0,0,0,0,0,0,0,0,0
26203,26200,3,物理披风_1~10,7500,8500,10000,0,220,40100,1,,,0,0,0,0,0,0,0,0,0,0,0,0,0,0,0,24,24,0,0,0,0,0,0,0,0,0,0,0,0,0,0
26204,26200,4,物理披风_1~10,6000,7500,10000,0,300,40100,1,,,0,0,0,0,0,0,0,0,0,0,0,0,0,0,0,36,36,0,0,0,0,0,0,0,0,0,0,0,0,0,0
26205,26200,5,物理披风_1~10,4500,6500,10000,0,370,40100,1,,,0,0,0,0,0,0,0,0,0,0,0,0,0,0,0,48,48,0,0,0,0,0,0,0,0,0,0,0,0,0,0
26206,26200,6,物理披风_1~10,3500,5500,10000,0,450,40100,1,,,0,0,0,0,0,0,0,0,0,0,0,0,0,0,0,66,66,0,0,0,0,0,0,0,0,0,0,0,0,0,0
26207,26200,7,物理披风_1~10,2500,4500,10000,0,520,40100,1,,,0,0,0,0,0,0,0,0,0,0,0,0,0,0,0,84,84,0,0,0,0,0,0,0,0,0,0,0,0,0,0
26208,26200,8,物理披风_1~10,1500,3500,0,10000,600,40100,1,,,0,0,0,0,0,0,0,0,0,0,0,0,0,0,0,102,102,0,0,0,0,0,0,3,0,0,0,0,3,0,0
26209,26200,9,物理披风_1~10,1000,2500,0,10000,670,40100,1,,,0,0,0,0,0,0,0,0,0,0,0,0,0,0,0,128,128,0,0,0,0,0,0,6,0,0,0,0,5,0,0
26210,26200,10,物理披风_1~10,900,1500,0,9000,750,40100,1,,,0,0,0,0,0,0,0,0,0,0,0,0,0,0,0,154,154,0,0,0,0,0,0,9,0,0,0,0,7,0,0
26211,26200,11,物理披风_1~10,800,0,0,0,820,40100,1,,,0,0,0,0,0,0,0,0,0,0,0,0,0,0,0,180,180,0,0,0,0,0,0,12,0,0,0,0,9,0,0
26212,26200,12,物理披风_1~10,700,0,0,0,900,40100,1,,,0,0,0,0,0,0,0,0,0,0,0,0,0,0,0,214,214,0,0,0,0,0,0,15,0,0,0,0,11,0,0
26213,26200,13,物理披风_1~10,600,0,0,0,970,40100,1,,,0,0,0,0,0,0,0,0,0,0,0,0,0,0,0,248,248,0,0,0,0,0,0,18,0,0,0,0,13,0,0
26214,26200,14,物理披风_1~10,500,0,0,0,1050,40100,1,,,0,0,0,0,0,0,0,0,0,0,0,0,0,0,0,282,282,0,0,0,0,0,0,21,0,0,0,0,15,0,0
26215,26200,15,物理披风_1~10,400,0,0,0,1120,40100,1,,,0,0,0,0,0,0,0,0,0,0,0,0,0,0,0,316,316,0,0,0,0,0,0,24,0,0,0,0,17,0,0
26251,26250,1,物理披风_11~20,10000,0,0,0,980,40101,1,,,0,0,0,0,0,0,0,0,0,0,0,0,0,0,0,11,11,0,0,0,0,0,0,0,0,0,0,0,0,0,0
26252,26250,2,物理披风_11~20,9000,9500,10000,0,1950,40101,1,,,0,0,0,0,0,0,0,0,0,0,0,0,0,0,0,22,22,0,0,0,0,0,0,0,0,0,0,0,0,0,0
26253,26250,3,物理披风_11~20,7500,8500,10000,0,2930,40101,1,,,0,0,0,0,0,0,0,0,0,0,0,0,0,0,0,33,33,0,0,0,0,0,0,0,0,0,0,0,0,0,0
26254,26250,4,物理披风_11~20,6000,7500,10000,0,3910,40101,1,,,0,0,0,0,0,0,0,0,0,0,0,0,0,0,0,57,57,0,0,0,0,0,0,0,0,0,0,0,0,0,0
26255,26250,5,物理披风_11~20,4500,6500,10000,0,4880,40101,1,,,0,0,0,0,0,0,0,0,0,0,0,0,0,0,0,81,81,0,0,0,0,0,0,0,0,0,0,0,0,0,0
26256,26250,6,物理披风_11~20,3500,5500,10000,0,5860,40101,1,,,0,0,0,0,0,0,0,0,0,0,0,0,0,0,0,105,105,0,0,0,0,0,0,0,0,0,0,0,0,0,0
26257,26250,7,物理披风_11~20,2500,4500,10000,0,6840,40101,1,,,0,0,0,0,0,0,0,0,0,0,0,0,0,0,0,142,142,0,0,0,0,0,0,0,0,0,0,0,0,0,0
26258,26250,8,物理披风_11~20,1500,3500,0,10000,7810,40101,1,,,0,0,0,0,0,0,0,0,0,0,0,0,0,0,0,179,179,0,0,0,0,0,0,4,0,0,0,0,3,0,0
26259,26250,9,物理披风_11~20,1000,2500,0,10000,8790,40101,1,,,0,0,0,0,0,0,0,0,0,0,0,0,0,0,0,216,216,0,0,0,0,0,0,7,0,0,0,0,5,0,0
26260,26250,10,物理披风_11~20,900,1500,0,9000,9770,40101,1,,,0,0,0,0,0,0,0,0,0,0,0,0,0,0,0,267,267,0,0,0,0,0,0,11,0,0,0,0,7,0,0
26261,26250,11,物理披风_11~20,800,0,0,0,10740,40101,1,,,0,0,0,0,0,0,0,0,0,0,0,0,0,0,0,318,318,0,0,0,0,0,0,14,0,0,0,0,9,0,0
26262,26250,12,物理披风_11~20,700,0,0,0,11720,40101,1,,,0,0,0,0,0,0,0,0,0,0,0,0,0,0,0,369,369,0,0,0,0,0,0,18,0,0,0,0,11,0,0
26263,26250,13,物理披风_11~20,600,0,0,0,12700,40101,1,,,0,0,0,0,0,0,0,0,0,0,0,0,0,0,0,437,437,0,0,0,0,0,0,22,0,0,0,0,13,0,0
26264,26250,14,物理披风_11~20,500,0,0,0,13670,40101,1,,,0,0,0,0,0,0,0,0,0,0,0,0,0,0,0,505,505,0,0,0,0,0,0,25,0,0,0,0,15,0,0
26265,26250,15,物理披风_11~20,400,0,0,0,14650,40101,1,,,0,0,0,0,0,0,0,0,0,0,0,0,0,0,0,573,573,0,0,0,0,0,0,29,0,0,0,0,17,0,0
26301,26300,1,物理披风_21~30,10000,0,0,0,4450,40102,1,,,0,0,0,0,0,0,0,0,0,0,0,0,0,0,0,17,17,0,0,0,0,0,0,0,0,0,0,0,0,0,0
26302,26300,2,物理披风_21~30,9000,9500,10000,0,8900,40102,1,,,0,0,0,0,0,0,0,0,0,0,0,0,0,0,0,34,34,0,0,0,0,0,0,0,0,0,0,0,0,0,0
26303,26300,3,物理披风_21~30,7500,8500,10000,0,13340,40102,1,,,0,0,0,0,0,0,0,0,0,0,0,0,0,0,0,51,51,0,0,0,0,0,0,0,0,0,0,0,0,0,0
26304,26300,4,物理披风_21~30,6000,7500,10000,0,17790,40102,1,,,0,0,0,0,0,0,0,0,0,0,0,0,0,0,0,86,86,0,0,0,0,0,0,0,0,0,0,0,0,0,0
26305,26300,5,物理披风_21~30,4500,6500,10000,0,22240,40102,1,,,0,0,0,0,0,0,0,0,0,0,0,0,0,0,0,121,121,0,0,0,0,0,0,0,0,0,0,0,0,0,0
26306,26300,6,物理披风_21~30,3500,5500,10000,0,26690,40102,1,,,0,0,0,0,0,0,0,0,0,0,0,0,0,0,0,156,156,0,0,0,0,0,0,0,0,0,0,0,0,0,0
26307,26300,7,物理披风_21~30,2500,4500,10000,0,31130,40102,1,,,0,0,0,0,0,0,0,0,0,0,0,0,0,0,0,211,211,0,0,0,0,0,0,0,0,0,0,0,0,0,0
26308,26300,8,物理披风_21~30,1500,3500,0,10000,35580,40102,1,,,0,0,0,0,0,0,0,0,0,0,0,0,0,0,0,266,266,0,0,0,0,0,0,5,0,0,0,0,3,0,0
26309,26300,9,物理披风_21~30,1000,2500,0,10000,40030,40102,1,,,0,0,0,0,0,0,0,0,0,0,0,0,0,0,0,321,321,0,0,0,0,0,0,8,0,0,0,0,5,0,0
26310,26300,10,物理披风_21~30,900,1500,0,9000,44480,40102,1,,,0,0,0,0,0,0,0,0,0,0,0,0,0,0,0,398,398,0,0,0,0,0,0,13,0,0,0,0,7,0,0
26311,26300,11,物理披风_21~30,800,0,0,0,48930,40102,1,,,0,0,0,0,0,0,0,0,0,0,0,0,0,0,0,475,475,0,0,0,0,0,0,17,0,0,0,0,9,0,0
26312,26300,12,物理披风_21~30,700,0,0,0,53370,40102,1,,,0,0,0,0,0,0,0,0,0,0,0,0,0,0,0,552,552,0,0,0,0,0,0,22,0,0,0,0,11,0,0
26313,26300,13,物理披风_21~30,600,0,0,0,57820,40102,1,,,0,0,0,0,0,0,0,0,0,0,0,0,0,0,0,653,653,0,0,0,0,0,0,26,0,0,0,0,13,0,0
26314,26300,14,物理披风_21~30,500,0,0,0,62270,40102,1,,,0,0,0,0,0,0,0,0,0,0,0,0,0,0,0,754,754,0,0,0,0,0,0,30,0,0,0,0,15,0,0
26315,26300,15,物理披风_21~30,400,0,0,0,66720,40102,1,,,0,0,0,0,0,0,0,0,0,0,0,0,0,0,0,855,855,0,0,0,0,0,0,35,0,0,0,0,17,0,0
26351,26350,1,物理披风_31~40,10000,0,0,0,12400,40103,1,,,0,0,0,0,0,0,0,0,0,0,0,0,0,0,0,22,22,0,0,0,0,0,0,0,0,0,0,0,0,0,0
26352,26350,2,物理披风_31~40,9000,9500,10000,0,24800,40103,1,,,0,0,0,0,0,0,0,0,0,0,0,0,0,0,0,44,44,0,0,0,0,0,0,0,0,0,0,0,0,0,0
26353,26350,3,物理披风_31~40,7500,8500,10000,0,37190,40103,1,,,0,0,0,0,0,0,0,0,0,0,0,0,0,0,0,66,66,0,0,0,0,0,0,0,0,0,0,0,0,0,0
26354,26350,4,物理披风_31~40,6000,7500,10000,0,49590,40103,1,,,0,0,0,0,0,0,0,0,0,0,0,0,0,0,0,113,113,0,0,0,0,0,0,0,0,0,0,0,0,0,0
26355,26350,5,物理披风_31~40,4500,6500,10000,0,61990,40103,1,,,0,0,0,0,0,0,0,0,0,0,0,0,0,0,0,160,160,0,0,0,0,0,0,0,0,0,0,0,0,0,0
26356,26350,6,物理披风_31~40,3500,5500,10000,0,74390,40103,1,,,0,0,0,0,0,0,0,0,0,0,0,0,0,0,0,207,207,0,0,0,0,0,0,0,0,0,0,0,0,0,0
26357,26350,7,物理披风_31~40,2500,4500,10000,0,86780,40103,1,,,0,0,0,0,0,0,0,0,0,0,0,0,0,0,0,281,281,0,0,0,0,0,0,0,0,0,0,0,0,0,0
26358,26350,8,物理披风_31~40,1500,3500,0,10000,99180,40103,1,,,0,0,0,0,0,0,0,0,0,0,0,0,0,0,0,355,355,0,0,0,0,0,0,6,0,0,0,0,3,0,0
26359,26350,9,物理披风_31~40,1000,2500,0,10000,111580,40103,1,,,0,0,0,0,0,0,0,0,0,0,0,0,0,0,0,429,429,0,0,0,0,0,0,10,0,0,0,0,5,0,0
26360,26350,10,物理披风_31~40,900,1500,0,9000,123980,40103,1,,,0,0,0,0,0,0,0,0,0,0,0,0,0,0,0,532,532,0,0,0,0,0,0,16,0,0,0,0,7,0,0
26361,26350,11,物理披风_31~40,800,0,0,0,136380,40103,1,,,0,0,0,0,0,0,0,0,0,0,0,0,0,0,0,635,635,0,0,0,0,0,0,20,0,0,0,0,9,0,0
26362,26350,12,物理披风_31~40,700,0,0,0,148770,40103,1,,,0,0,0,0,0,0,0,0,0,0,0,0,0,0,0,738,738,0,0,0,0,0,0,26,0,0,0,0,11,0,0
26363,26350,13,物理披风_31~40,600,0,0,0,161170,40103,1,,,0,0,0,0,0,0,0,0,0,0,0,0,0,0,0,873,873,0,0,0,0,0,0,31,0,0,0,0,13,0,0
26364,26350,14,物理披风_31~40,500,0,0,0,173570,40103,1,,,0,0,0,0,0,0,0,0,0,0,0,0,0,0,0,1008,1008,0,0,0,0,0,0,36,0,0,0,0,15,0,0
26365,26350,15,物理披风_31~40,400,0,0,0,185970,40103,1,,,0,0,0,0,0,0,0,0,0,0,0,0,0,0,0,1143,1143,0,0,0,0,0,0,42,0,0,0,0,17,0,0
26401,26400,1,物理披风_41~50,10000,0,0,0,16820,40104,1,,,0,0,0,0,0,0,0,0,0,0,0,0,0,0,0,28,28,0,0,0,0,0,0,0,0,0,0,0,0,0,0
26402,26400,2,物理披风_41~50,9000,9500,10000,0,33640,40104,1,,,0,0,0,0,0,0,0,0,0,0,0,0,0,0,0,56,56,0,0,0,0,0,0,0,0,0,0,0,0,0,0
26403,26400,3,物理披风_41~50,7500,8500,10000,0,50470,40104,1,,,0,0,0,0,0,0,0,0,0,0,0,0,0,0,0,84,84,0,0,0,0,0,0,0,0,0,0,0,0,0,0
26404,26400,4,物理披风_41~50,6000,7500,10000,0,67290,40104,1,,,0,0,0,0,0,0,0,0,0,0,0,0,0,0,0,143,143,0,0,0,0,0,0,0,0,0,0,0,0,0,0
26405,26400,5,物理披风_41~50,4500,6500,10000,0,84110,40104,1,,,0,0,0,0,0,0,0,0,0,0,0,0,0,0,0,202,202,0,0,0,0,0,0,0,0,0,0,0,0,0,0
26406,26400,6,物理披风_41~50,3500,5500,10000,0,100930,40104,1,,,0,0,0,0,0,0,0,0,0,0,0,0,0,0,0,261,261,0,0,0,0,0,0,0,0,0,0,0,0,0,0
26407,26400,7,物理披风_41~50,2500,4500,10000,0,117750,40104,1,,,0,0,0,0,0,0,0,0,0,0,0,0,0,0,0,353,353,0,0,0,0,0,0,0,0,0,0,0,0,0,0
26408,26400,8,物理披风_41~50,1500,3500,0,10000,134570,40104,1,,,0,0,0,0,0,0,0,0,0,0,0,0,0,0,0,445,445,0,0,0,0,0,0,7,0,0,0,0,3,0,0
26409,26400,9,物理披风_41~50,1000,2500,0,10000,151400,40104,1,,,0,0,0,0,0,0,0,0,0,0,0,0,0,0,0,537,537,0,0,0,0,0,0,12,0,0,0,0,5,0,0
26410,26400,10,物理披风_41~50,900,1500,0,9000,168220,40104,1,,,0,0,0,0,0,0,0,0,0,0,0,0,0,0,0,665,665,0,0,0,0,0,0,19,0,0,0,0,7,0,0
26411,26400,11,物理披风_41~50,800,0,0,0,185040,40104,1,,,0,0,0,0,0,0,0,0,0,0,0,0,0,0,0,793,793,0,0,0,0,0,0,24,0,0,0,0,9,0,0
26412,26400,12,物理披风_41~50,700,0,0,0,201860,40104,1,,,0,0,0,0,0,0,0,0,0,0,0,0,0,0,0,921,921,0,0,0,0,0,0,31,0,0,0,0,11,0,0
26413,26400,13,物理披风_41~50,600,0,0,0,218680,40104,1,,,0,0,0,0,0,0,0,0,0,0,0,0,0,0,0,1090,1090,0,0,0,0,0,0,37,0,0,0,0,13,0,0
26414,26400,14,物理披风_41~50,500,0,0,0,235510,40104,1,,,0,0,0,0,0,0,0,0,0,0,0,0,0,0,0,1259,1259,0,0,0,0,0,0,43,0,0,0,0,15,0,0
26415,26400,15,物理披风_41~50,400,0,0,0,252330,40104,1,,,0,0,0,0,0,0,0,0,0,0,0,0,0,0,0,1428,1428,0,0,0,0,0,0,50,0,0,0,0,17,0,0
26451,26450,1,物理披风_51~60,10000,0,0,0,16820,40104,1,,,0,0,0,0,0,0,0,0,0,0,0,0,0,0,0,34,34,0,0,0,0,0,0,0,0,0,0,0,0,0,0
26452,26450,2,物理披风_51~60,9000,9500,10000,0,33640,40104,1,,,0,0,0,0,0,0,0,0,0,0,0,0,0,0,0,68,68,0,0,0,0,0,0,0,0,0,0,0,0,0,0
26453,26450,3,物理披风_51~60,7500,8500,10000,0,50470,40104,1,,,0,0,0,0,0,0,0,0,0,0,0,0,0,0,0,102,102,0,0,0,0,0,0,0,0,0,0,0,0,0,0
26454,26450,4,物理披风_51~60,6000,7500,10000,0,67290,40104,1,,,0,0,0,0,0,0,0,0,0,0,0,0,0,0,0,173,173,0,0,0,0,0,0,0,0,0,0,0,0,0,0
26455,26450,5,物理披风_51~60,4500,6500,10000,0,84110,40104,1,,,0,0,0,0,0,0,0,0,0,0,0,0,0,0,0,244,244,0,0,0,0,0,0,0,0,0,0,0,0,0,0
26456,26450,6,物理披风_51~60,3500,5500,10000,0,100930,40104,1,,,0,0,0,0,0,0,0,0,0,0,0,0,0,0,0,315,315,0,0,0,0,0,0,0,0,0,0,0,0,0,0
26457,26450,7,物理披风_51~60,2500,4500,10000,0,117750,40104,1,,,0,0,0,0,0,0,0,0,0,0,0,0,0,0,0,425,425,0,0,0,0,0,0,0,0,0,0,0,0,0,0
26458,26450,8,物理披风_51~60,1500,3500,0,10000,134570,40104,1,,,0,0,0,0,0,0,0,0,0,0,0,0,0,0,0,535,535,0,0,0,0,0,0,8,0,0,0,0,3,0,0
26459,26450,9,物理披风_51~60,1000,2500,0,10000,151400,40104,1,,,0,0,0,0,0,0,0,0,0,0,0,0,0,0,0,645,645,0,0,0,0,0,0,14,0,0,0,0,5,0,0
26460,26450,10,物理披风_51~60,900,1500,0,9000,168220,40104,1,,,0,0,0,0,0,0,0,0,0,0,0,0,0,0,0,799,799,0,0,0,0,0,0,23,0,0,0,0,7,0,0
26461,26450,11,物理披风_51~60,800,0,0,0,185040,40104,1,,,0,0,0,0,0,0,0,0,0,0,0,0,0,0,0,953,953,0,0,0,0,0,0,29,0,0,0,0,9,0,0
26462,26450,12,物理披风_51~60,700,0,0,0,201860,40104,1,,,0,0,0,0,0,0,0,0,0,0,0,0,0,0,0,1107,1107,0,0,0,0,0,0,37,0,0,0,0,11,0,0
26463,26450,13,物理披风_51~60,600,0,0,0,218680,40104,1,,,0,0,0,0,0,0,0,0,0,0,0,0,0,0,0,1310,1310,0,0,0,0,0,0,44,0,0,0,0,13,0,0
26464,26450,14,物理披风_51~60,500,0,0,0,235510,40104,1,,,0,0,0,0,0,0,0,0,0,0,0,0,0,0,0,1513,1513,0,0,0,0,0,0,52,0,0,0,0,15,0,0
26465,26450,15,物理披风_51~60,400,0,0,0,252330,40104,1,,,0,0,0,0,0,0,0,0,0,0,0,0,0,0,0,1716,1716,0,0,0,0,0,0,60,0,0,0,0,17,0,0
26501,26500,1,物理披风_61~70,10000,0,0,0,16820,40104,1,,,0,0,0,0,0,0,0,0,0,0,0,0,0,0,0,0,0,0,0,0,0,0,0,0,0,0,0,0,0,0,0
26502,26500,2,物理披风_61~70,9000,9500,10000,0,33640,40104,1,,,0,0,0,0,0,0,0,0,0,0,0,0,0,0,0,0,0,0,0,0,0,0,0,0,0,0,0,0,0,0,0
26503,26500,3,物理披风_61~70,7500,8500,10000,0,50470,40104,1,,,0,0,0,0,0,0,0,0,0,0,0,0,0,0,0,0,0,0,0,0,0,0,0,0,0,0,0,0,0,0,0
26504,26500,4,物理披风_61~70,6000,7500,10000,0,67290,40104,1,,,0,0,0,0,0,0,0,0,0,0,0,0,0,0,0,0,0,0,0,0,0,0,0,0,0,0,0,0,0,0,0
26505,26500,5,物理披风_61~70,4500,6500,10000,0,84110,40104,1,,,0,0,0,0,0,0,0,0,0,0,0,0,0,0,0,0,0,0,0,0,0,0,0,0,0,0,0,0,0,0,0
26506,26500,6,物理披风_61~70,3500,5500,10000,0,100930,40104,1,,,0,0,0,0,0,0,0,0,0,0,0,0,0,0,0,0,0,0,0,0,0,0,0,0,0,0,0,0,0,0,0
26507,26500,7,物理披风_61~70,2500,4500,10000,0,117750,40104,1,,,0,0,0,0,0,0,0,0,0,0,0,0,0,0,0,0,0,0,0,0,0,0,0,0,0,0,0,0,0,0,0
26508,26500,8,物理披风_61~70,1500,3500,0,10000,134570,40104,1,,,0,0,0,0,0,0,0,0,0,0,0,0,0,0,0,0,0,0,0,0,0,0,0,10,0,0,0,0,3,0,0
26509,26500,9,物理披风_61~70,1000,2500,0,10000,151400,40104,1,,,0,0,0,0,0,0,0,0,0,0,0,0,0,0,0,0,0,0,0,0,0,0,0,17,0,0,0,0,5,0,0
26510,26500,10,物理披风_61~70,900,1500,0,9000,168220,40104,1,,,0,0,0,0,0,0,0,0,0,0,0,0,0,0,0,0,0,0,0,0,0,0,0,28,0,0,0,0,7,0,0
26511,26500,11,物理披风_61~70,800,0,0,0,185040,40104,1,,,0,0,0,0,0,0,0,0,0,0,0,0,0,0,0,0,0,0,0,0,0,0,0,35,0,0,0,0,9,0,0
26512,26500,12,物理披风_61~70,700,0,0,0,201860,40104,1,,,0,0,0,0,0,0,0,0,0,0,0,0,0,0,0,0,0,0,0,0,0,0,0,44,0,0,0,0,11,0,0
26513,26500,13,物理披风_61~70,600,0,0,0,218680,40104,1,,,0,0,0,0,0,0,0,0,0,0,0,0,0,0,0,0,0,0,0,0,0,0,0,53,0,0,0,0,13,0,0
26514,26500,14,物理披风_61~70,500,0,0,0,235510,40104,1,,,0,0,0,0,0,0,0,0,0,0,0,0,0,0,0,0,0,0,0,0,0,0,0,62,0,0,0,0,15,0,0
26515,26500,15,物理披风_61~70,400,0,0,0,252330,40104,1,,,0,0,0,0,0,0,0,0,0,0,0,0,0,0,0,0,0,0,0,0,0,0,0,72,0,0,0,0,17,0,0
27101,27100,1,魔法披风_1~10,10000,0,0,0,70,40100,1,,,0,0,0,0,0,0,0,0,0,0,0,0,0,0,0,6,6,0,0,0,0,0,0,0,0,0,0,0,0,0,0
27102,27100,2,魔法披风_1~10,9000,9500,10000,0,150,40100,1,,,0,0,0,0,0,0,0,0,0,0,0,0,0,0,0,12,12,0,0,0,0,0,0,0,0,0,0,0,0,0,0
27103,27100,3,魔法披风_1~10,7500,8500,10000,0,220,40100,1,,,0,0,0,0,0,0,0,0,0,0,0,0,0,0,0,24,24,0,0,0,0,0,0,0,0,0,0,0,0,0,0
27104,27100,4,魔法披风_1~10,6000,7500,10000,0,300,40100,1,,,0,0,0,0,0,0,0,0,0,0,0,0,0,0,0,36,36,0,0,0,0,0,0,0,0,0,0,0,0,0,0
27105,27100,5,魔法披风_1~10,4500,6500,10000,0,370,40100,1,,,0,0,0,0,0,0,0,0,0,0,0,0,0,0,0,48,48,0,0,0,0,0,0,0,0,0,0,0,0,0,0
27106,27100,6,魔法披风_1~10,3500,5500,10000,0,450,40100,1,,,0,0,0,0,0,0,0,0,0,0,0,0,0,0,0,66,66,0,0,0,0,0,0,0,0,0,0,0,0,0,0
27107,27100,7,魔法披风_1~10,2500,4500,10000,0,520,40100,1,,,0,0,0,0,0,0,0,0,0,0,0,0,0,0,0,84,84,0,0,0,0,0,0,0,0,0,0,0,0,0,0
27108,27100,8,魔法披风_1~10,1500,3500,0,10000,600,40100,1,,,0,0,0,0,0,0,0,0,5,0,0,0,0,0,0,102,102,0,0,0,0,0,0,0,0,0,0,0,3,0,0
27109,27100,9,魔法披风_1~10,1000,2500,0,10000,670,40100,1,,,0,0,0,0,0,0,0,0,10,0,0,0,0,0,0,128,128,0,0,0,0,0,0,0,0,0,0,0,5,0,0
27110,27100,10,魔法披风_1~10,900,1500,0,9000,750,40100,1,,,0,0,0,0,0,0,0,0,15,0,0,0,0,0,0,154,154,0,0,0,0,0,0,0,0,0,0,0,7,0,0
27111,27100,11,魔法披风_1~10,800,0,0,0,820,40100,1,,,0,0,0,0,0,0,0,0,20,0,0,0,0,0,0,180,180,0,0,0,0,0,0,0,0,0,0,0,9,0,0
27112,27100,12,魔法披风_1~10,700,0,0,0,900,40100,1,,,0,0,0,0,0,0,0,0,25,0,0,0,0,0,0,214,214,0,0,0,0,0,0,0,0,0,0,0,11,0,0
27113,27100,13,魔法披风_1~10,600,0,0,0,970,40100,1,,,0,0,0,0,0,0,0,0,30,0,0,0,0,0,0,248,248,0,0,0,0,0,0,0,0,0,0,0,13,0,0
27114,27100,14,魔法披风_1~10,500,0,0,0,1050,40100,1,,,0,0,0,0,0,0,0,0,35,0,0,0,0,0,0,282,282,0,0,0,0,0,0,0,0,0,0,0,15,0,0
27115,27100,15,魔法披风_1~10,400,0,0,0,1120,40100,1,,,0,0,0,0,0,0,0,0,40,0,0,0,0,0,0,316,316,0,0,0,0,0,0,0,0,0,0,0,17,0,0
27151,27150,1,魔法披风_11~20,10000,0,0,0,980,40101,1,,,0,0,0,0,0,0,0,0,0,0,0,0,0,0,0,11,11,0,0,0,0,0,0,0,0,0,0,0,0,0,0
27152,27150,2,魔法披风_11~20,9000,9500,10000,0,1950,40101,1,,,0,0,0,0,0,0,0,0,0,0,0,0,0,0,0,22,22,0,0,0,0,0,0,0,0,0,0,0,0,0,0
27153,27150,3,魔法披风_11~20,7500,8500,10000,0,2930,40101,1,,,0,0,0,0,0,0,0,0,0,0,0,0,0,0,0,33,33,0,0,0,0,0,0,0,0,0,0,0,0,0,0
27154,27150,4,魔法披风_11~20,6000,7500,10000,0,3910,40101,1,,,0,0,0,0,0,0,0,0,0,0,0,0,0,0,0,57,57,0,0,0,0,0,0,0,0,0,0,0,0,0,0
27155,27150,5,魔法披风_11~20,4500,6500,10000,0,4880,40101,1,,,0,0,0,0,0,0,0,0,0,0,0,0,0,0,0,81,81,0,0,0,0,0,0,0,0,0,0,0,0,0,0
27156,27150,6,魔法披风_11~20,3500,5500,10000,0,5860,40101,1,,,0,0,0,0,0,0,0,0,0,0,0,0,0,0,0,105,105,0,0,0,0,0,0,0,0,0,0,0,0,0,0
27157,27150,7,魔法披风_11~20,2500,4500,10000,0,6840,40101,1,,,0,0,0,0,0,0,0,0,0,0,0,0,0,0,0,142,142,0,0,0,0,0,0,0,0,0,0,0,0,0,0
27158,27150,8,魔法披风_11~20,1500,3500,0,10000,7810,40101,1,,,0,0,0,0,0,0,0,0,8,0,0,0,0,0,0,179,179,0,0,0,0,0,0,0,0,0,0,0,3,0,0
27159,27150,9,魔法披风_11~20,1000,2500,0,10000,8790,40101,1,,,0,0,0,0,0,0,0,0,15,0,0,0,0,0,0,216,216,0,0,0,0,0,0,0,0,0,0,0,5,0,0
27160,27150,10,魔法披风_11~20,900,1500,0,9000,9770,40101,1,,,0,0,0,0,0,0,0,0,23,0,0,0,0,0,0,267,267,0,0,0,0,0,0,0,0,0,0,0,7,0,0
27161,27150,11,魔法披风_11~20,800,0,0,0,10740,40101,1,,,0,0,0,0,0,0,0,0,30,0,0,0,0,0,0,318,318,0,0,0,0,0,0,0,0,0,0,0,9,0,0
27162,27150,12,魔法披风_11~20,700,0,0,0,11720,40101,1,,,0,0,0,0,0,0,0,0,38,0,0,0,0,0,0,369,369,0,0,0,0,0,0,0,0,0,0,0,11,0,0
27163,27150,13,魔法披风_11~20,600,0,0,0,12700,40101,1,,,0,0,0,0,0,0,0,0,45,0,0,0,0,0,0,437,437,0,0,0,0,0,0,0,0,0,0,0,13,0,0
27164,27150,14,魔法披风_11~20,500,0,0,0,13670,40101,1,,,0,0,0,0,0,0,0,0,53,0,0,0,0,0,0,505,505,0,0,0,0,0,0,0,0,0,0,0,15,0,0
27165,27150,15,魔法披风_11~20,400,0,0,0,14650,40101,1,,,0,0,0,0,0,0,0,0,60,0,0,0,0,0,0,573,573,0,0,0,0,0,0,0,0,0,0,0,17,0,0
27201,27200,1,魔法披风_21~30,10000,0,0,0,4450,40102,1,,,0,0,0,0,0,0,0,0,0,0,0,0,0,0,0,17,17,0,0,0,0,0,0,0,0,0,0,0,0,0,0
27202,27200,2,魔法披风_21~30,9000,9500,10000,0,8900,40102,1,,,0,0,0,0,0,0,0,0,0,0,0,0,0,0,0,34,34,0,0,0,0,0,0,0,0,0,0,0,0,0,0
27203,27200,3,魔法披风_21~30,7500,8500,10000,0,13340,40102,1,,,0,0,0,0,0,0,0,0,0,0,0,0,0,0,0,51,51,0,0,0,0,0,0,0,0,0,0,0,0,0,0
27204,27200,4,魔法披风_21~30,6000,7500,10000,0,17790,40102,1,,,0,0,0,0,0,0,0,0,0,0,0,0,0,0,0,86,86,0,0,0,0,0,0,0,0,0,0,0,0,0,0
27205,27200,5,魔法披风_21~30,4500,6500,10000,0,22240,40102,1,,,0,0,0,0,0,0,0,0,0,0,0,0,0,0,0,121,121,0,0,0,0,0,0,0,0,0,0,0,0,0,0
27206,27200,6,魔法披风_21~30,3500,5500,10000,0,26690,40102,1,,,0,0,0,0,0,0,0,0,0,0,0,0,0,0,0,156,156,0,0,0,0,0,0,0,0,0,0,0,0,0,0
27207,27200,7,魔法披风_21~30,2500,4500,10000,0,31130,40102,1,,,0,0,0,0,0,0,0,0,0,0,0,0,0,0,0,211,211,0,0,0,0,0,0,0,0,0,0,0,0,0,0
27208,27200,8,魔法披风_21~30,1500,3500,0,10000,35580,40102,1,,,0,0,0,0,0,0,0,0,12,0,0,0,0,0,0,266,266,0,0,0,0,0,0,0,0,0,0,0,3,0,0
27209,27200,9,魔法披风_21~30,1000,2500,0,10000,40030,40102,1,,,0,0,0,0,0,0,0,0,23,0,0,0,0,0,0,321,321,0,0,0,0,0,0,0,0,0,0,0,5,0,0
27210,27200,10,魔法披风_21~30,900,1500,0,9000,44480,40102,1,,,0,0,0,0,0,0,0,0,35,0,0,0,0,0,0,398,398,0,0,0,0,0,0,0,0,0,0,0,7,0,0
27211,27200,11,魔法披风_21~30,800,0,0,0,48930,40102,1,,,0,0,0,0,0,0,0,0,45,0,0,0,0,0,0,475,475,0,0,0,0,0,0,0,0,0,0,0,9,0,0
27212,27200,12,魔法披风_21~30,700,0,0,0,53370,40102,1,,,0,0,0,0,0,0,0,0,57,0,0,0,0,0,0,552,552,0,0,0,0,0,0,0,0,0,0,0,11,0,0
27213,27200,13,魔法披风_21~30,600,0,0,0,57820,40102,1,,,0,0,0,0,0,0,0,0,68,0,0,0,0,0,0,653,653,0,0,0,0,0,0,0,0,0,0,0,13,0,0
27214,27200,14,魔法披风_21~30,500,0,0,0,62270,40102,1,,,0,0,0,0,0,0,0,0,80,0,0,0,0,0,0,754,754,0,0,0,0,0,0,0,0,0,0,0,15,0,0
27215,27200,15,魔法披风_21~30,400,0,0,0,66720,40102,1,,,0,0,0,0,0,0,0,0,90,0,0,0,0,0,0,855,855,0,0,0,0,0,0,0,0,0,0,0,17,0,0
27251,27250,1,魔法披风_31~40,10000,0,0,0,12400,40103,1,,,0,0,0,0,0,0,0,0,0,0,0,0,0,0,0,22,22,0,0,0,0,0,0,0,0,0,0,0,0,0,0
27252,27250,2,魔法披风_31~40,9000,9500,10000,0,24800,40103,1,,,0,0,0,0,0,0,0,0,0,0,0,0,0,0,0,44,44,0,0,0,0,0,0,0,0,0,0,0,0,0,0
27253,27250,3,魔法披风_31~40,7500,8500,10000,0,37190,40103,1,,,0,0,0,0,0,0,0,0,0,0,0,0,0,0,0,66,66,0,0,0,0,0,0,0,0,0,0,0,0,0,0
27254,27250,4,魔法披风_31~40,6000,7500,10000,0,49590,40103,1,,,0,0,0,0,0,0,0,0,0,0,0,0,0,0,0,113,113,0,0,0,0,0,0,0,0,0,0,0,0,0,0
27255,27250,5,魔法披风_31~40,4500,6500,10000,0,61990,40103,1,,,0,0,0,0,0,0,0,0,0,0,0,0,0,0,0,160,160,0,0,0,0,0,0,0,0,0,0,0,0,0,0
27256,27250,6,魔法披风_31~40,3500,5500,10000,0,74390,40103,1,,,0,0,0,0,0,0,0,0,0,0,0,0,0,0,0,207,207,0,0,0,0,0,0,0,0,0,0,0,0,0,0
27257,27250,7,魔法披风_31~40,2500,4500,10000,0,86780,40103,1,,,0,0,0,0,0,0,0,0,0,0,0,0,0,0,0,281,281,0,0,0,0,0,0,0,0,0,0,0,0,0,0
27258,27250,8,魔法披风_31~40,1500,3500,0,10000,99180,40103,1,,,0,0,0,0,0,0,0,0,18,0,0,0,0,0,0,355,355,0,0,0,0,0,0,0,0,0,0,0,3,0,0
27259,27250,9,魔法披风_31~40,1000,2500,0,10000,111580,40103,1,,,0,0,0,0,0,0,0,0,35,0,0,0,0,0,0,429,429,0,0,0,0,0,0,0,0,0,0,0,5,0,0
27260,27250,10,魔法披风_31~40,900,1500,0,9000,123980,40103,1,,,0,0,0,0,0,0,0,0,53,0,0,0,0,0,0,532,532,0,0,0,0,0,0,0,0,0,0,0,7,0,0
27261,27250,11,魔法披风_31~40,800,0,0,0,136380,40103,1,,,0,0,0,0,0,0,0,0,68,0,0,0,0,0,0,635,635,0,0,0,0,0,0,0,0,0,0,0,9,0,0
27262,27250,12,魔法披风_31~40,700,0,0,0,148770,40103,1,,,0,0,0,0,0,0,0,0,86,0,0,0,0,0,0,738,738,0,0,0,0,0,0,0,0,0,0,0,11,0,0
27263,27250,13,魔法披风_31~40,600,0,0,0,161170,40103,1,,,0,0,0,0,0,0,0,0,102,0,0,0,0,0,0,873,873,0,0,0,0,0,0,0,0,0,0,0,13,0,0
27264,27250,14,魔法披风_31~40,500,0,0,0,173570,40103,1,,,0,0,0,0,0,0,0,0,120,0,0,0,0,0,0,1008,1008,0,0,0,0,0,0,0,0,0,0,0,15,0,0
27265,27250,15,魔法披风_31~40,400,0,0,0,185970,40103,1,,,0,0,0,0,0,0,0,0,135,0,0,0,0,0,0,1143,1143,0,0,0,0,0,0,0,0,0,0,0,17,0,0
27301,27300,1,魔法披风_41~50,10000,0,0,0,16820,40104,1,,,0,0,0,0,0,0,0,0,0,0,0,0,0,0,0,28,28,0,0,0,0,0,0,0,0,0,0,0,0,0,0
27302,27300,2,魔法披风_41~50,9000,9500,10000,0,33640,40104,1,,,0,0,0,0,0,0,0,0,0,0,0,0,0,0,0,56,56,0,0,0,0,0,0,0,0,0,0,0,0,0,0
27303,27300,3,魔法披风_41~50,7500,8500,10000,0,50470,40104,1,,,0,0,0,0,0,0,0,0,0,0,0,0,0,0,0,84,84,0,0,0,0,0,0,0,0,0,0,0,0,0,0
27304,27300,4,魔法披风_41~50,6000,7500,10000,0,67290,40104,1,,,0,0,0,0,0,0,0,0,0,0,0,0,0,0,0,143,143,0,0,0,0,0,0,0,0,0,0,0,0,0,0
27305,27300,5,魔法披风_41~50,4500,6500,10000,0,84110,40104,1,,,0,0,0,0,0,0,0,0,0,0,0,0,0,0,0,202,202,0,0,0,0,0,0,0,0,0,0,0,0,0,0
27306,27300,6,魔法披风_41~50,3500,5500,10000,0,100930,40104,1,,,0,0,0,0,0,0,0,0,0,0,0,0,0,0,0,261,261,0,0,0,0,0,0,0,0,0,0,0,0,0,0
27307,27300,7,魔法披风_41~50,2500,4500,10000,0,117750,40104,1,,,0,0,0,0,0,0,0,0,0,0,0,0,0,0,0,353,353,0,0,0,0,0,0,0,0,0,0,0,0,0,0
27308,27300,8,魔法披风_41~50,1500,3500,0,10000,134570,40104,1,,,0,0,0,0,0,0,0,0,27,0,0,0,0,0,0,445,445,0,0,0,0,0,0,0,0,0,0,0,3,0,0
27309,27300,9,魔法披风_41~50,1000,2500,0,10000,151400,40104,1,,,0,0,0,0,0,0,0,0,53,0,0,0,0,0,0,537,537,0,0,0,0,0,0,0,0,0,0,0,5,0,0
27310,27300,10,魔法披风_41~50,900,1500,0,9000,168220,40104,1,,,0,0,0,0,0,0,0,0,80,0,0,0,0,0,0,665,665,0,0,0,0,0,0,0,0,0,0,0,7,0,0
27311,27300,11,魔法披风_41~50,800,0,0,0,185040,40104,1,,,0,0,0,0,0,0,0,0,102,0,0,0,0,0,0,793,793,0,0,0,0,0,0,0,0,0,0,0,9,0,0
27312,27300,12,魔法披风_41~50,700,0,0,0,201860,40104,1,,,0,0,0,0,0,0,0,0,129,0,0,0,0,0,0,921,921,0,0,0,0,0,0,0,0,0,0,0,11,0,0
27313,27300,13,魔法披风_41~50,600,0,0,0,218680,40104,1,,,0,0,0,0,0,0,0,0,153,0,0,0,0,0,0,1090,1090,0,0,0,0,0,0,0,0,0,0,0,13,0,0
27314,27300,14,魔法披风_41~50,500,0,0,0,235510,40104,1,,,0,0,0,0,0,0,0,0,180,0,0,0,0,0,0,1259,1259,0,0,0,0,0,0,0,0,0,0,0,15,0,0
27315,27300,15,魔法披风_41~50,400,0,0,0,252330,40104,1,,,0,0,0,0,0,0,0,0,203,0,0,0,0,0,0,1428,1428,0,0,0,0,0,0,0,0,0,0,0,17,0,0
27351,27350,1,魔法披风_51~60,10000,0,0,0,16820,40104,1,,,0,0,0,0,0,0,0,0,0,0,0,0,0,0,0,34,34,0,0,0,0,0,0,0,0,0,0,0,0,0,0
27352,27350,2,魔法披风_51~60,9000,9500,10000,0,33640,40104,1,,,0,0,0,0,0,0,0,0,0,0,0,0,0,0,0,68,68,0,0,0,0,0,0,0,0,0,0,0,0,0,0
27353,27350,3,魔法披风_51~60,7500,8500,10000,0,50470,40104,1,,,0,0,0,0,0,0,0,0,0,0,0,0,0,0,0,102,102,0,0,0,0,0,0,0,0,0,0,0,0,0,0
27354,27350,4,魔法披风_51~60,6000,7500,10000,0,67290,40104,1,,,0,0,0,0,0,0,0,0,0,0,0,0,0,0,0,173,173,0,0,0,0,0,0,0,0,0,0,0,0,0,0
27355,27350,5,魔法披风_51~60,4500,6500,10000,0,84110,40104,1,,,0,0,0,0,0,0,0,0,0,0,0,0,0,0,0,244,244,0,0,0,0,0,0,0,0,0,0,0,0,0,0
27356,27350,6,魔法披风_51~60,3500,5500,10000,0,100930,40104,1,,,0,0,0,0,0,0,0,0,0,0,0,0,0,0,0,315,315,0,0,0,0,0,0,0,0,0,0,0,0,0,0
27357,27350,7,魔法披风_51~60,2500,4500,10000,0,117750,40104,1,,,0,0,0,0,0,0,0,0,0,0,0,0,0,0,0,425,425,0,0,0,0,0,0,0,0,0,0,0,0,0,0
27358,27350,8,魔法披风_51~60,1500,3500,0,10000,134570,40104,1,,,0,0,0,0,0,0,0,0,41,0,0,0,0,0,0,535,535,0,0,0,0,0,0,0,0,0,0,0,3,0,0
27359,27350,9,魔法披风_51~60,1000,2500,0,10000,151400,40104,1,,,0,0,0,0,0,0,0,0,80,0,0,0,0,0,0,645,645,0,0,0,0,0,0,0,0,0,0,0,5,0,0
27360,27350,10,魔法披风_51~60,900,1500,0,9000,168220,40104,1,,,0,0,0,0,0,0,0,0,120,0,0,0,0,0,0,799,799,0,0,0,0,0,0,0,0,0,0,0,7,0,0
27361,27350,11,魔法披风_51~60,800,0,0,0,185040,40104,1,,,0,0,0,0,0,0,0,0,153,0,0,0,0,0,0,953,953,0,0,0,0,0,0,0,0,0,0,0,9,0,0
27362,27350,12,魔法披风_51~60,700,0,0,0,201860,40104,1,,,0,0,0,0,0,0,0,0,194,0,0,0,0,0,0,1107,1107,0,0,0,0,0,0,0,0,0,0,0,11,0,0
27363,27350,13,魔法披风_51~60,600,0,0,0,218680,40104,1,,,0,0,0,0,0,0,0,0,230,0,0,0,0,0,0,1310,1310,0,0,0,0,0,0,0,0,0,0,0,13,0,0
27364,27350,14,魔法披风_51~60,500,0,0,0,235510,40104,1,,,0,0,0,0,0,0,0,0,270,0,0,0,0,0,0,1513,1513,0,0,0,0,0,0,0,0,0,0,0,15,0,0
27365,27350,15,魔法披风_51~60,400,0,0,0,252330,40104,1,,,0,0,0,0,0,0,0,0,305,0,0,0,0,0,0,1716,1716,0,0,0,0,0,0,0,0,0,0,0,17,0,0
27401,27400,1,魔法披风_61~70,10000,0,0,0,16820,40104,1,,,0,0,0,0,0,0,0,0,0,0,0,0,0,0,0,0,0,0,0,0,0,0,0,0,0,0,0,0,0,0,0
27402,27400,2,魔法披风_61~70,9000,9500,10000,0,33640,40104,1,,,0,0,0,0,0,0,0,0,0,0,0,0,0,0,0,0,0,0,0,0,0,0,0,0,0,0,0,0,0,0,0
27403,27400,3,魔法披风_61~70,7500,8500,10000,0,50470,40104,1,,,0,0,0,0,0,0,0,0,0,0,0,0,0,0,0,0,0,0,0,0,0,0,0,0,0,0,0,0,0,0,0
27404,27400,4,魔法披风_61~70,6000,7500,10000,0,67290,40104,1,,,0,0,0,0,0,0,0,0,0,0,0,0,0,0,0,0,0,0,0,0,0,0,0,0,0,0,0,0,0,0,0
27405,27400,5,魔法披风_61~70,4500,6500,10000,0,84110,40104,1,,,0,0,0,0,0,0,0,0,0,0,0,0,0,0,0,0,0,0,0,0,0,0,0,0,0,0,0,0,0,0,0
27406,27400,6,魔法披风_61~70,3500,5500,10000,0,100930,40104,1,,,0,0,0,0,0,0,0,0,0,0,0,0,0,0,0,0,0,0,0,0,0,0,0,0,0,0,0,0,0,0,0
27407,27400,7,魔法披风_61~70,2500,4500,10000,0,117750,40104,1,,,0,0,0,0,0,0,0,0,0,0,0,0,0,0,0,0,0,0,0,0,0,0,0,0,0,0,0,0,0,0,0
27408,27400,8,魔法披风_61~70,1500,3500,0,10000,134570,40104,1,,,0,0,0,0,0,0,0,0,62,0,0,0,0,0,0,0,0,0,0,0,0,0,0,0,0,0,0,0,3,0,0
27409,27400,9,魔法披风_61~70,1000,2500,0,10000,151400,40104,1,,,0,0,0,0,0,0,0,0,120,0,0,0,0,0,0,0,0,0,0,0,0,0,0,0,0,0,0,0,5,0,0
27410,27400,10,魔法披风_61~70,900,1500,0,9000,168220,40104,1,,,0,0,0,0,0,0,0,0,180,0,0,0,0,0,0,0,0,0,0,0,0,0,0,0,0,0,0,0,7,0,0
27411,27400,11,魔法披风_61~70,800,0,0,0,185040,40104,1,,,0,0,0,0,0,0,0,0,230,0,0,0,0,0,0,0,0,0,0,0,0,0,0,0,0,0,0,0,9,0,0
27412,27400,12,魔法披风_61~70,700,0,0,0,201860,40104,1,,,0,0,0,0,0,0,0,0,291,0,0,0,0,0,0,0,0,0,0,0,0,0,0,0,0,0,0,0,11,0,0
27413,27400,13,魔法披风_61~70,600,0,0,0,218680,40104,1,,,0,0,0,0,0,0,0,0,345,0,0,0,0,0,0,0,0,0,0,0,0,0,0,0,0,0,0,0,13,0,0
27414,27400,14,魔法披风_61~70,500,0,0,0,235510,40104,1,,,0,0,0,0,0,0,0,0,405,0,0,0,0,0,0,0,0,0,0,0,0,0,0,0,0,0,0,0,15,0,0
27415,27400,15,魔法披风_61~70,400,0,0,0,252330,40104,1,,,0,0,0,0,0,0,0,0,458,0,0,0,0,0,0,0,0,0,0,0,0,0,0,0,0,0,0,0,17,0,0
28001,28000,1,物理项链_1~10,10000,0,0,0,80,40200,1,,,0,0,0,0,0,0,0,0,0,0,0,0,0,0,0,7,7,0,0,0,0,0,0,0,0,0,0,0,0,0,0
28002,28000,2,物理项链_1~10,9000,9500,10000,0,160,40200,1,,,0,0,0,0,0,0,0,0,0,0,0,0,0,0,0,14,14,0,0,0,0,0,0,0,0,0,0,0,0,0,0
28003,28000,3,物理项链_1~10,7500,8500,10000,0,240,40200,1,,,0,0,0,0,0,0,0,0,0,0,0,0,0,0,0,21,21,0,0,0,0,0,0,0,0,0,0,0,0,0,0
28004,28000,4,物理项链_1~10,6000,7500,10000,0,330,40200,1,,,0,0,0,0,0,0,0,0,0,0,0,0,0,0,0,29,29,0,0,0,0,0,0,0,0,0,0,0,0,0,0
28005,28000,5,物理项链_1~10,4500,6500,10000,0,410,40200,1,,,0,0,0,0,0,0,0,0,0,0,0,0,0,0,0,37,37,0,0,0,0,0,0,0,0,0,0,0,0,0,0
28006,28000,6,物理项链_1~10,3500,5500,10000,0,490,40200,1,,,0,0,0,0,0,0,0,0,0,0,0,0,0,0,0,45,45,0,0,0,0,0,0,0,0,0,0,0,0,0,0
28007,28000,7,物理项链_1~10,2500,4500,10000,0,570,40200,1,,,0,0,0,0,0,0,0,0,0,0,0,0,0,0,0,57,57,0,0,0,0,0,0,0,0,0,0,0,0,0,0
28008,28000,8,物理项链_1~10,1500,3500,0,10000,650,40200,1,,,0,0,0,0,0,0,3,0,0,0,0,0,0,0,0,69,69,0,0,0,0,0,0,0,0,0,0,0,3,0,0
28009,28000,9,物理项链_1~10,1000,2500,0,10000,730,40200,1,,,0,0,0,0,0,0,6,0,0,0,0,0,0,0,0,81,81,0,0,0,0,0,0,0,0,0,0,0,5,0,0
28010,28000,10,物理项链_1~10,900,1500,0,9000,820,40200,1,,,0,0,0,0,0,0,9,0,0,0,0,0,0,0,0,98,98,0,0,0,0,0,0,0,0,0,0,0,7,0,0
28011,28000,11,物理项链_1~10,800,0,0,0,900,40200,1,,,0,0,0,0,0,0,12,0,0,0,0,0,0,0,0,115,115,0,0,0,0,0,0,0,0,0,0,0,9,0,0
28012,28000,12,物理项链_1~10,700,0,0,0,980,40200,1,,,0,0,0,0,0,0,15,0,0,0,0,0,0,0,0,132,132,0,0,0,0,0,0,0,0,0,0,0,11,0,0
28013,28000,13,物理项链_1~10,600,0,0,0,1060,40200,1,,,0,0,0,0,0,0,18,0,0,0,0,0,0,0,0,154,154,0,0,0,0,0,0,0,0,0,0,0,13,0,0
28014,28000,14,物理项链_1~10,500,0,0,0,1140,40200,1,,,0,0,0,0,0,0,21,0,0,0,0,0,0,0,0,176,176,0,0,0,0,0,0,0,0,0,0,0,15,0,0
28015,28000,15,物理项链_1~10,400,0,0,0,1220,40200,1,,,0,0,0,0,0,0,24,0,0,0,0,0,0,0,0,198,198,0,0,0,0,0,0,0,0,0,0,0,17,0,0
28051,28050,1,物理项链_11~20,10000,0,0,0,1070,40201,1,,,0,0,0,0,0,0,0,0,0,0,0,0,0,0,0,7,7,0,0,0,0,0,0,0,0,0,0,0,0,0,0
28052,28050,2,物理项链_11~20,9000,9500,10000,0,2150,40201,1,,,0,0,0,0,0,0,0,0,0,0,0,0,0,0,0,14,14,0,0,0,0,0,0,0,0,0,0,0,0,0,0
28053,28050,3,物理项链_11~20,7500,8500,10000,0,3220,40201,1,,,0,0,0,0,0,0,0,0,0,0,0,0,0,0,0,21,21,0,0,0,0,0,0,0,0,0,0,0,0,0,0
28054,28050,4,物理项链_11~20,6000,7500,10000,0,4300,40201,1,,,0,0,0,0,0,0,0,0,0,0,0,0,0,0,0,36,36,0,0,0,0,0,0,0,0,0,0,0,0,0,0
28055,28050,5,物理项链_11~20,4500,6500,10000,0,5370,40201,1,,,0,0,0,0,0,0,0,0,0,0,0,0,0,0,0,51,51,0,0,0,0,0,0,0,0,0,0,0,0,0,0
28056,28050,6,物理项链_11~20,3500,5500,10000,0,6450,40201,1,,,0,0,0,0,0,0,0,0,0,0,0,0,0,0,0,66,66,0,0,0,0,0,0,0,0,0,0,0,0,0,0
28057,28050,7,物理项链_11~20,2500,4500,10000,0,7520,40201,1,,,0,0,0,0,0,0,0,0,0,0,0,0,0,0,0,90,90,0,0,0,0,0,0,0,0,0,0,0,0,0,0
28058,28050,8,物理项链_11~20,1500,3500,0,10000,8590,40201,1,,,0,0,0,0,0,0,4,0,0,0,0,0,0,0,0,114,114,0,0,0,0,0,0,0,0,0,0,0,3,0,0
28059,28050,9,物理项链_11~20,1000,2500,0,10000,9670,40201,1,,,0,0,0,0,0,0,7,0,0,0,0,0,0,0,0,138,138,0,0,0,0,0,0,0,0,0,0,0,5,0,0
28060,28050,10,物理项链_11~20,900,1500,0,9000,10740,40201,1,,,0,0,0,0,0,0,10,0,0,0,0,0,0,0,0,172,172,0,0,0,0,0,0,0,0,0,0,0,7,0,0
28061,28050,11,物理项链_11~20,800,0,0,0,11820,40201,1,,,0,0,0,0,0,0,13,0,0,0,0,0,0,0,0,206,206,0,0,0,0,0,0,0,0,0,0,0,9,0,0
28062,28050,12,物理项链_11~20,700,0,0,0,12890,40201,1,,,0,0,0,0,0,0,16,0,0,0,0,0,0,0,0,240,240,0,0,0,0,0,0,0,0,0,0,0,11,0,0
28063,28050,13,物理项链_11~20,600,0,0,0,13970,40201,1,,,0,0,0,0,0,0,19,0,0,0,0,0,0,0,0,284,284,0,0,0,0,0,0,0,0,0,0,0,13,0,0
28064,28050,14,物理项链_11~20,500,0,0,0,15040,40201,1,,,0,0,0,0,0,0,22,0,0,0,0,0,0,0,0,328,328,0,0,0,0,0,0,0,0,0,0,0,15,0,0
28065,28050,15,物理项链_11~20,400,0,0,0,16110,40201,1,,,0,0,0,0,0,0,25,0,0,0,0,0,0,0,0,372,372,0,0,0,0,0,0,0,0,0,0,0,17,0,0
28101,28100,1,物理项链_21~30,10000,0,0,0,4940,40202,1,,,0,0,0,0,0,0,0,0,0,0,0,0,0,0,0,11,11,0,0,0,0,0,0,0,0,0,0,0,0,0,0
28102,28100,2,物理项链_21~30,9000,9500,10000,0,9880,40202,1,,,0,0,0,0,0,0,0,0,0,0,0,0,0,0,0,22,22,0,0,0,0,0,0,0,0,0,0,0,0,0,0
28103,28100,3,物理项链_21~30,7500,8500,10000,0,14830,40202,1,,,0,0,0,0,0,0,0,0,0,0,0,0,0,0,0,33,33,0,0,0,0,0,0,0,0,0,0,0,0,0,0
28104,28100,4,物理项链_21~30,6000,7500,10000,0,19770,40202,1,,,0,0,0,0,0,0,0,0,0,0,0,0,0,0,0,56,56,0,0,0,0,0,0,0,0,0,0,0,0,0,0
28105,28100,5,物理项链_21~30,4500,6500,10000,0,24710,40202,1,,,0,0,0,0,0,0,0,0,0,0,0,0,0,0,0,79,79,0,0,0,0,0,0,0,0,0,0,0,0,0,0
28106,28100,6,物理项链_21~30,3500,5500,10000,0,29650,40202,1,,,0,0,0,0,0,0,0,0,0,0,0,0,0,0,0,102,102,0,0,0,0,0,0,0,0,0,0,0,0,0,0
28107,28100,7,物理项链_21~30,2500,4500,10000,0,34590,40202,1,,,0,0,0,0,0,0,0,0,0,0,0,0,0,0,0,138,138,0,0,0,0,0,0,0,0,0,0,0,0,0,0
28108,28100,8,物理项链_21~30,1500,3500,0,10000,39540,40202,1,,,0,0,0,0,0,0,5,0,0,0,0,0,0,0,0,174,174,0,0,0,0,0,0,0,0,0,0,0,3,0,0
28109,28100,9,物理项链_21~30,1000,2500,0,10000,44480,40202,1,,,0,0,0,0,0,0,8,0,0,0,0,0,0,0,0,210,210,0,0,0,0,0,0,0,0,0,0,0,5,0,0
28110,28100,10,物理项链_21~30,900,1500,0,9000,49420,40202,1,,,0,0,0,0,0,0,11,0,0,0,0,0,0,0,0,261,261,0,0,0,0,0,0,0,0,0,0,0,7,0,0
28111,28100,11,物理项链_21~30,800,0,0,0,54360,40202,1,,,0,0,0,0,0,0,14,0,0,0,0,0,0,0,0,312,312,0,0,0,0,0,0,0,0,0,0,0,9,0,0
28112,28100,12,物理项链_21~30,700,0,0,0,59300,40202,1,,,0,0,0,0,0,0,17,0,0,0,0,0,0,0,0,363,363,0,0,0,0,0,0,0,0,0,0,0,11,0,0
28113,28100,13,物理项链_21~30,600,0,0,0,64250,40202,1,,,0,0,0,0,0,0,20,0,0,0,0,0,0,0,0,430,430,0,0,0,0,0,0,0,0,0,0,0,13,0,0
28114,28100,14,物理项链_21~30,500,0,0,0,69190,40202,1,,,0,0,0,0,0,0,23,0,0,0,0,0,0,0,0,497,497,0,0,0,0,0,0,0,0,0,0,0,15,0,0
28115,28100,15,物理项链_21~30,400,0,0,0,74130,40202,1,,,0,0,0,0,0,0,26,0,0,0,0,0,0,0,0,564,564,0,0,0,0,0,0,0,0,0,0,0,17,0,0
28151,28150,1,物理项链_31~40,10000,0,0,0,13950,40203,1,,,0,0,0,0,0,0,0,0,0,0,0,0,0,0,0,15,15,0,0,0,0,0,0,0,0,0,0,0,0,0,0
28152,28150,2,物理项链_31~40,9000,9500,10000,0,27890,40203,1,,,0,0,0,0,0,0,0,0,0,0,0,0,0,0,0,30,30,0,0,0,0,0,0,0,0,0,0,0,0,0,0
28153,28150,3,物理项链_31~40,7500,8500,10000,0,41840,40203,1,,,0,0,0,0,0,0,0,0,0,0,0,0,0,0,0,45,45,0,0,0,0,0,0,0,0,0,0,0,0,0,0
28154,28150,4,物理项链_31~40,6000,7500,10000,0,55790,40203,1,,,0,0,0,0,0,0,0,0,0,0,0,0,0,0,0,76,76,0,0,0,0,0,0,0,0,0,0,0,0,0,0
28155,28150,5,物理项链_31~40,4500,6500,10000,0,69740,40203,1,,,0,0,0,0,0,0,0,0,0,0,0,0,0,0,0,107,107,0,0,0,0,0,0,0,0,0,0,0,0,0,0
28156,28150,6,物理项链_31~40,3500,5500,10000,0,83680,40203,1,,,0,0,0,0,0,0,0,0,0,0,0,0,0,0,0,138,138,0,0,0,0,0,0,0,0,0,0,0,0,0,0
28157,28150,7,物理项链_31~40,2500,4500,10000,0,97630,40203,1,,,0,0,0,0,0,0,0,0,0,0,0,0,0,0,0,186,186,0,0,0,0,0,0,0,0,0,0,0,0,0,0
28158,28150,8,物理项链_31~40,1500,3500,0,10000,111580,40203,1,,,0,0,0,0,0,0,6,0,0,0,0,0,0,0,0,234,234,0,0,0,0,0,0,0,0,0,0,0,3,0,0
28159,28150,9,物理项链_31~40,1000,2500,0,10000,125530,40203,1,,,0,0,0,0,0,0,9,0,0,0,0,0,0,0,0,282,282,0,0,0,0,0,0,0,0,0,0,0,5,0,0
28160,28150,10,物理项链_31~40,900,1500,0,9000,139470,40203,1,,,0,0,0,0,0,0,12,0,0,0,0,0,0,0,0,349,349,0,0,0,0,0,0,0,0,0,0,0,7,0,0
28161,28150,11,物理项链_31~40,800,0,0,0,153420,40203,1,,,0,0,0,0,0,0,15,0,0,0,0,0,0,0,0,416,416,0,0,0,0,0,0,0,0,0,0,0,9,0,0
28162,28150,12,物理项链_31~40,700,0,0,0,167370,40203,1,,,0,0,0,0,0,0,18,0,0,0,0,0,0,0,0,483,483,0,0,0,0,0,0,0,0,0,0,0,11,0,0
28163,28150,13,物理项链_31~40,600,0,0,0,181320,40203,1,,,0,0,0,0,0,0,21,0,0,0,0,0,0,0,0,572,572,0,0,0,0,0,0,0,0,0,0,0,13,0,0
28164,28150,14,物理项链_31~40,500,0,0,0,195260,40203,1,,,0,0,0,0,0,0,24,0,0,0,0,0,0,0,0,661,661,0,0,0,0,0,0,0,0,0,0,0,15,0,0
28165,28150,15,物理项链_31~40,400,0,0,0,209210,40203,1,,,0,0,0,0,0,0,27,0,0,0,0,0,0,0,0,750,750,0,0,0,0,0,0,0,0,0,0,0,17,0,0
28201,28200,1,物理项链_41~50,10000,0,0,0,18220,40204,1,,,0,0,0,0,0,0,0,0,0,0,0,0,0,0,0,18,18,0,0,0,0,0,0,0,0,0,0,0,0,0,0
28202,28200,2,物理项链_41~50,9000,9500,10000,0,36450,40204,1,,,0,0,0,0,0,0,0,0,0,0,0,0,0,0,0,36,36,0,0,0,0,0,0,0,0,0,0,0,0,0,0
28203,28200,3,物理项链_41~50,7500,8500,10000,0,54670,40204,1,,,0,0,0,0,0,0,0,0,0,0,0,0,0,0,0,54,54,0,0,0,0,0,0,0,0,0,0,0,0,0,0
28204,28200,4,物理项链_41~50,6000,7500,10000,0,72890,40204,1,,,0,0,0,0,0,0,0,0,0,0,0,0,0,0,0,93,93,0,0,0,0,0,0,0,0,0,0,0,0,0,0
28205,28200,5,物理项链_41~50,4500,6500,10000,0,91120,40204,1,,,0,0,0,0,0,0,0,0,0,0,0,0,0,0,0,132,132,0,0,0,0,0,0,0,0,0,0,0,0,0,0
28206,28200,6,物理项链_41~50,3500,5500,10000,0,109340,40204,1,,,0,0,0,0,0,0,0,0,0,0,0,0,0,0,0,171,171,0,0,0,0,0,0,0,0,0,0,0,0,0,0
28207,28200,7,物理项链_41~50,2500,4500,10000,0,127570,40204,1,,,0,0,0,0,0,0,0,0,0,0,0,0,0,0,0,231,231,0,0,0,0,0,0,0,0,0,0,0,0,0,0
28208,28200,8,物理项链_41~50,1500,3500,0,10000,145790,40204,1,,,0,0,0,0,0,0,7,0,0,0,0,0,0,0,0,291,291,0,0,0,0,0,0,0,0,0,0,0,3,0,0
28209,28200,9,物理项链_41~50,1000,2500,0,10000,164010,40204,1,,,0,0,0,0,0,0,10,0,0,0,0,0,0,0,0,351,351,0,0,0,0,0,0,0,0,0,0,0,5,0,0
28210,28200,10,物理项链_41~50,900,1500,0,9000,182240,40204,1,,,0,0,0,0,0,0,13,0,0,0,0,0,0,0,0,435,435,0,0,0,0,0,0,0,0,0,0,0,7,0,0
28211,28200,11,物理项链_41~50,800,0,0,0,200460,40204,1,,,0,0,0,0,0,0,16,0,0,0,0,0,0,0,0,519,519,0,0,0,0,0,0,0,0,0,0,0,9,0,0
28212,28200,12,物理项链_41~50,700,0,0,0,218680,40204,1,,,0,0,0,0,0,0,19,0,0,0,0,0,0,0,0,603,603,0,0,0,0,0,0,0,0,0,0,0,11,0,0
28213,28200,13,物理项链_41~50,600,0,0,0,236910,40204,1,,,0,0,0,0,0,0,22,0,0,0,0,0,0,0,0,714,714,0,0,0,0,0,0,0,0,0,0,0,13,0,0
28214,28200,14,物理项链_41~50,500,0,0,0,255130,40204,1,,,0,0,0,0,0,0,25,0,0,0,0,0,0,0,0,825,825,0,0,0,0,0,0,0,0,0,0,0,15,0,0
28215,28200,15,物理项链_41~50,400,0,0,0,273360,40204,1,,,0,0,0,0,0,0,28,0,0,0,0,0,0,0,0,936,936,0,0,0,0,0,0,0,0,0,0,0,17,0,0
28251,28250,1,物理项链_51~60,10000,0,0,0,18220,40204,1,,,0,0,0,0,0,0,0,0,0,0,0,0,0,0,0,22,22,0,0,0,0,0,0,0,0,0,0,0,0,0,0
28252,28250,2,物理项链_51~60,9000,9500,10000,0,36450,40204,1,,,0,0,0,0,0,0,0,0,0,0,0,0,0,0,0,44,44,0,0,0,0,0,0,0,0,0,0,0,0,0,0
28253,28250,3,物理项链_51~60,7500,8500,10000,0,54670,40204,1,,,0,0,0,0,0,0,0,0,0,0,0,0,0,0,0,66,66,0,0,0,0,0,0,0,0,0,0,0,0,0,0
28254,28250,4,物理项链_51~60,6000,7500,10000,0,72890,40204,1,,,0,0,0,0,0,0,0,0,0,0,0,0,0,0,0,112,112,0,0,0,0,0,0,0,0,0,0,0,0,0,0
28255,28250,5,物理项链_51~60,4500,6500,10000,0,91120,40204,1,,,0,0,0,0,0,0,0,0,0,0,0,0,0,0,0,158,158,0,0,0,0,0,0,0,0,0,0,0,0,0,0
28256,28250,6,物理项链_51~60,3500,5500,10000,0,109340,40204,1,,,0,0,0,0,0,0,0,0,0,0,0,0,0,0,0,204,204,0,0,0,0,0,0,0,0,0,0,0,0,0,0
28257,28250,7,物理项链_51~60,2500,4500,10000,0,127570,40204,1,,,0,0,0,0,0,0,0,0,0,0,0,0,0,0,0,276,276,0,0,0,0,0,0,0,0,0,0,0,0,0,0
28258,28250,8,物理项链_51~60,1500,3500,0,10000,145790,40204,1,,,0,0,0,0,0,0,8,0,0,0,0,0,0,0,0,348,348,0,0,0,0,0,0,0,0,0,0,0,3,0,0
28259,28250,9,物理项链_51~60,1000,2500,0,10000,164010,40204,1,,,0,0,0,0,0,0,11,0,0,0,0,0,0,0,0,420,420,0,0,0,0,0,0,0,0,0,0,0,5,0,0
28260,28250,10,物理项链_51~60,900,1500,0,9000,182240,40204,1,,,0,0,0,0,0,0,14,0,0,0,0,0,0,0,0,521,521,0,0,0,0,0,0,0,0,0,0,0,7,0,0
28261,28250,11,物理项链_51~60,800,0,0,0,200460,40204,1,,,0,0,0,0,0,0,17,0,0,0,0,0,0,0,0,622,622,0,0,0,0,0,0,0,0,0,0,0,9,0,0
28262,28250,12,物理项链_51~60,700,0,0,0,218680,40204,1,,,0,0,0,0,0,0,20,0,0,0,0,0,0,0,0,723,723,0,0,0,0,0,0,0,0,0,0,0,11,0,0
28263,28250,13,物理项链_51~60,600,0,0,0,236910,40204,1,,,0,0,0,0,0,0,23,0,0,0,0,0,0,0,0,856,856,0,0,0,0,0,0,0,0,0,0,0,13,0,0
28264,28250,14,物理项链_51~60,500,0,0,0,255130,40204,1,,,0,0,0,0,0,0,26,0,0,0,0,0,0,0,0,989,989,0,0,0,0,0,0,0,0,0,0,0,15,0,0
28265,28250,15,物理项链_51~60,400,0,0,0,273360,40204,1,,,0,0,0,0,0,0,29,0,0,0,0,0,0,0,0,1122,1122,0,0,0,0,0,0,0,0,0,0,0,17,0,0
28301,28300,1,物理项链_61~70,10000,0,0,0,18220,40204,1,,,0,0,0,0,0,0,0,0,0,0,0,0,0,0,0,0,0,0,0,0,0,0,0,0,0,0,0,0,0,0,0
28302,28300,2,物理项链_61~70,9000,9500,10000,0,36450,40204,1,,,0,0,0,0,0,0,0,0,0,0,0,0,0,0,0,0,0,0,0,0,0,0,0,0,0,0,0,0,0,0,0
28303,28300,3,物理项链_61~70,7500,8500,10000,0,54670,40204,1,,,0,0,0,0,0,0,0,0,0,0,0,0,0,0,0,0,0,0,0,0,0,0,0,0,0,0,0,0,0,0,0
28304,28300,4,物理项链_61~70,6000,7500,10000,0,72890,40204,1,,,0,0,0,0,0,0,0,0,0,0,0,0,0,0,0,0,0,0,0,0,0,0,0,0,0,0,0,0,0,0,0
28305,28300,5,物理项链_61~70,4500,6500,10000,0,91120,40204,1,,,0,0,0,0,0,0,0,0,0,0,0,0,0,0,0,0,0,0,0,0,0,0,0,0,0,0,0,0,0,0,0
28306,28300,6,物理项链_61~70,3500,5500,10000,0,109340,40204,1,,,0,0,0,0,0,0,0,0,0,0,0,0,0,0,0,0,0,0,0,0,0,0,0,0,0,0,0,0,0,0,0
28307,28300,7,物理项链_61~70,2500,4500,10000,0,127570,40204,1,,,0,0,0,0,0,0,0,0,0,0,0,0,0,0,0,0,0,0,0,0,0,0,0,0,0,0,0,0,0,0,0
28308,28300,8,物理项链_61~70,1500,3500,0,10000,145790,40204,1,,,0,0,0,0,0,0,9,0,0,0,0,0,0,0,0,0,0,0,0,0,0,0,0,0,0,0,0,0,3,0,0
28309,28300,9,物理项链_61~70,1000,2500,0,10000,164010,40204,1,,,0,0,0,0,0,0,12,0,0,0,0,0,0,0,0,0,0,0,0,0,0,0,0,0,0,0,0,0,5,0,0
28310,28300,10,物理项链_61~70,900,1500,0,9000,182240,40204,1,,,0,0,0,0,0,0,15,0,0,0,0,0,0,0,0,0,0,0,0,0,0,0,0,0,0,0,0,0,7,0,0
28311,28300,11,物理项链_61~70,800,0,0,0,200460,40204,1,,,0,0,0,0,0,0,18,0,0,0,0,0,0,0,0,0,0,0,0,0,0,0,0,0,0,0,0,0,9,0,0
28312,28300,12,物理项链_61~70,700,0,0,0,218680,40204,1,,,0,0,0,0,0,0,21,0,0,0,0,0,0,0,0,0,0,0,0,0,0,0,0,0,0,0,0,0,11,0,0
28313,28300,13,物理项链_61~70,600,0,0,0,236910,40204,1,,,0,0,0,0,0,0,24,0,0,0,0,0,0,0,0,0,0,0,0,0,0,0,0,0,0,0,0,0,13,0,0
28314,28300,14,物理项链_61~70,500,0,0,0,255130,40204,1,,,0,0,0,0,0,0,27,0,0,0,0,0,0,0,0,0,0,0,0,0,0,0,0,0,0,0,0,0,15,0,0
28315,28300,15,物理项链_61~70,400,0,0,0,273360,40204,1,,,0,0,0,0,0,0,30,0,0,0,0,0,0,0,0,0,0,0,0,0,0,0,0,0,0,0,0,0,17,0,0
28901,28900,1,魔法项链_1~10,10000,0,0,0,80,40200,1,,,0,0,0,0,0,0,0,0,0,0,0,0,0,0,0,7,7,0,0,0,0,0,0,0,0,0,0,0,0,0,0
28902,28900,2,魔法项链_1~10,9000,9500,10000,0,160,40200,1,,,0,0,0,0,0,0,0,0,0,0,0,0,0,0,0,14,14,0,0,0,0,0,0,0,0,0,0,0,0,0,0
28903,28900,3,魔法项链_1~10,7500,8500,10000,0,240,40200,1,,,0,0,0,0,0,0,0,0,0,0,0,0,0,0,0,21,21,0,0,0,0,0,0,0,0,0,0,0,0,0,0
28904,28900,4,魔法项链_1~10,6000,7500,10000,0,330,40200,1,,,0,0,0,0,0,0,0,0,0,0,0,0,0,0,0,29,29,0,0,0,0,0,0,0,0,0,0,0,0,0,0
28905,28900,5,魔法项链_1~10,4500,6500,10000,0,410,40200,1,,,0,0,0,0,0,0,0,0,0,0,0,0,0,0,0,37,37,0,0,0,0,0,0,0,0,0,0,0,0,0,0
28906,28900,6,魔法项链_1~10,3500,5500,10000,0,490,40200,1,,,0,0,0,0,0,0,0,0,0,0,0,0,0,0,0,45,45,0,0,0,0,0,0,0,0,0,0,0,0,0,0
28907,28900,7,魔法项链_1~10,2500,4500,10000,0,570,40200,1,,,0,0,0,0,0,0,0,0,0,0,0,0,0,0,0,57,57,0,0,0,0,0,0,0,0,0,0,0,0,0,0
28908,28900,8,魔法项链_1~10,1500,3500,0,10000,650,40200,1,,,0,0,0,0,0,0,0,0,0,3,0,0,0,0,0,69,69,0,0,0,0,0,0,0,0,0,0,0,3,0,0
28909,28900,9,魔法项链_1~10,1000,2500,0,10000,730,40200,1,,,0,0,0,0,0,0,0,0,0,6,0,0,0,0,0,81,81,0,0,0,0,0,0,0,0,0,0,0,5,0,0
28910,28900,10,魔法项链_1~10,900,1500,0,9000,820,40200,1,,,0,0,0,0,0,0,0,0,0,9,0,0,0,0,0,98,98,0,0,0,0,0,0,0,0,0,0,0,7,0,0
28911,28900,11,魔法项链_1~10,800,0,0,0,900,40200,1,,,0,0,0,0,0,0,0,0,0,12,0,0,0,0,0,115,115,0,0,0,0,0,0,0,0,0,0,0,9,0,0
28912,28900,12,魔法项链_1~10,700,0,0,0,980,40200,1,,,0,0,0,0,0,0,0,0,0,15,0,0,0,0,0,132,132,0,0,0,0,0,0,0,0,0,0,0,11,0,0
28913,28900,13,魔法项链_1~10,600,0,0,0,1060,40200,1,,,0,0,0,0,0,0,0,0,0,18,0,0,0,0,0,154,154,0,0,0,0,0,0,0,0,0,0,0,13,0,0
28914,28900,14,魔法项链_1~10,500,0,0,0,1140,40200,1,,,0,0,0,0,0,0,0,0,0,21,0,0,0,0,0,176,176,0,0,0,0,0,0,0,0,0,0,0,15,0,0
28915,28900,15,魔法项链_1~10,400,0,0,0,1220,40200,1,,,0,0,0,0,0,0,0,0,0,24,0,0,0,0,0,198,198,0,0,0,0,0,0,0,0,0,0,0,17,0,0
28951,28950,1,魔法项链_11~20,10000,0,0,0,1070,40201,1,,,0,0,0,0,0,0,0,0,0,0,0,0,0,0,0,7,7,0,0,0,0,0,0,0,0,0,0,0,0,0,0
28952,28950,2,魔法项链_11~20,9000,9500,10000,0,2150,40201,1,,,0,0,0,0,0,0,0,0,0,0,0,0,0,0,0,14,14,0,0,0,0,0,0,0,0,0,0,0,0,0,0
28953,28950,3,魔法项链_11~20,7500,8500,10000,0,3220,40201,1,,,0,0,0,0,0,0,0,0,0,0,0,0,0,0,0,21,21,0,0,0,0,0,0,0,0,0,0,0,0,0,0
28954,28950,4,魔法项链_11~20,6000,7500,10000,0,4300,40201,1,,,0,0,0,0,0,0,0,0,0,0,0,0,0,0,0,36,36,0,0,0,0,0,0,0,0,0,0,0,0,0,0
28955,28950,5,魔法项链_11~20,4500,6500,10000,0,5370,40201,1,,,0,0,0,0,0,0,0,0,0,0,0,0,0,0,0,51,51,0,0,0,0,0,0,0,0,0,0,0,0,0,0
28956,28950,6,魔法项链_11~20,3500,5500,10000,0,6450,40201,1,,,0,0,0,0,0,0,0,0,0,0,0,0,0,0,0,66,66,0,0,0,0,0,0,0,0,0,0,0,0,0,0
28957,28950,7,魔法项链_11~20,2500,4500,10000,0,7520,40201,1,,,0,0,0,0,0,0,0,0,0,0,0,0,0,0,0,90,90,0,0,0,0,0,0,0,0,0,0,0,0,0,0
28958,28950,8,魔法项链_11~20,1500,3500,0,10000,8590,40201,1,,,0,0,0,0,0,0,0,0,0,4,0,0,0,0,0,114,114,0,0,0,0,0,0,0,0,0,0,0,3,0,0
28959,28950,9,魔法项链_11~20,1000,2500,0,10000,9670,40201,1,,,0,0,0,0,0,0,0,0,0,7,0,0,0,0,0,138,138,0,0,0,0,0,0,0,0,0,0,0,5,0,0
28960,28950,10,魔法项链_11~20,900,1500,0,9000,10740,40201,1,,,0,0,0,0,0,0,0,0,0,10,0,0,0,0,0,172,172,0,0,0,0,0,0,0,0,0,0,0,7,0,0
28961,28950,11,魔法项链_11~20,800,0,0,0,11820,40201,1,,,0,0,0,0,0,0,0,0,0,13,0,0,0,0,0,206,206,0,0,0,0,0,0,0,0,0,0,0,9,0,0
28962,28950,12,魔法项链_11~20,700,0,0,0,12890,40201,1,,,0,0,0,0,0,0,0,0,0,16,0,0,0,0,0,240,240,0,0,0,0,0,0,0,0,0,0,0,11,0,0
28963,28950,13,魔法项链_11~20,600,0,0,0,13970,40201,1,,,0,0,0,0,0,0,0,0,0,19,0,0,0,0,0,284,284,0,0,0,0,0,0,0,0,0,0,0,13,0,0
28964,28950,14,魔法项链_11~20,500,0,0,0,15040,40201,1,,,0,0,0,0,0,0,0,0,0,22,0,0,0,0,0,328,328,0,0,0,0,0,0,0,0,0,0,0,15,0,0
28965,28950,15,魔法项链_11~20,400,0,0,0,16110,40201,1,,,0,0,0,0,0,0,0,0,0,25,0,0,0,0,0,372,372,0,0,0,0,0,0,0,0,0,0,0,17,0,0
29001,29000,1,魔法项链_21~30,10000,0,0,0,4940,40202,1,,,0,0,0,0,0,0,0,0,0,0,0,0,0,0,0,11,11,0,0,0,0,0,0,0,0,0,0,0,0,0,0
29002,29000,2,魔法项链_21~30,9000,9500,10000,0,9880,40202,1,,,0,0,0,0,0,0,0,0,0,0,0,0,0,0,0,22,22,0,0,0,0,0,0,0,0,0,0,0,0,0,0
29003,29000,3,魔法项链_21~30,7500,8500,10000,0,14830,40202,1,,,0,0,0,0,0,0,0,0,0,0,0,0,0,0,0,33,33,0,0,0,0,0,0,0,0,0,0,0,0,0,0
29004,29000,4,魔法项链_21~30,6000,7500,10000,0,19770,40202,1,,,0,0,0,0,0,0,0,0,0,0,0,0,0,0,0,56,56,0,0,0,0,0,0,0,0,0,0,0,0,0,0
29005,29000,5,魔法项链_21~30,4500,6500,10000,0,24710,40202,1,,,0,0,0,0,0,0,0,0,0,0,0,0,0,0,0,79,79,0,0,0,0,0,0,0,0,0,0,0,0,0,0
29006,29000,6,魔法项链_21~30,3500,5500,10000,0,29650,40202,1,,,0,0,0,0,0,0,0,0,0,0,0,0,0,0,0,102,102,0,0,0,0,0,0,0,0,0,0,0,0,0,0
29007,29000,7,魔法项链_21~30,2500,4500,10000,0,34590,40202,1,,,0,0,0,0,0,0,0,0,0,0,0,0,0,0,0,138,138,0,0,0,0,0,0,0,0,0,0,0,0,0,0
29008,29000,8,魔法项链_21~30,1500,3500,0,10000,39540,40202,1,,,0,0,0,0,0,0,0,0,0,5,0,0,0,0,0,174,174,0,0,0,0,0,0,0,0,0,0,0,3,0,0
29009,29000,9,魔法项链_21~30,1000,2500,0,10000,44480,40202,1,,,0,0,0,0,0,0,0,0,0,8,0,0,0,0,0,210,210,0,0,0,0,0,0,0,0,0,0,0,5,0,0
29010,29000,10,魔法项链_21~30,900,1500,0,9000,49420,40202,1,,,0,0,0,0,0,0,0,0,0,11,0,0,0,0,0,261,261,0,0,0,0,0,0,0,0,0,0,0,7,0,0
29011,29000,11,魔法项链_21~30,800,0,0,0,54360,40202,1,,,0,0,0,0,0,0,0,0,0,14,0,0,0,0,0,312,312,0,0,0,0,0,0,0,0,0,0,0,9,0,0
29012,29000,12,魔法项链_21~30,700,0,0,0,59300,40202,1,,,0,0,0,0,0,0,0,0,0,17,0,0,0,0,0,363,363,0,0,0,0,0,0,0,0,0,0,0,11,0,0
29013,29000,13,魔法项链_21~30,600,0,0,0,64250,40202,1,,,0,0,0,0,0,0,0,0,0,20,0,0,0,0,0,430,430,0,0,0,0,0,0,0,0,0,0,0,13,0,0
29014,29000,14,魔法项链_21~30,500,0,0,0,69190,40202,1,,,0,0,0,0,0,0,0,0,0,23,0,0,0,0,0,497,497,0,0,0,0,0,0,0,0,0,0,0,15,0,0
29015,29000,15,魔法项链_21~30,400,0,0,0,74130,40202,1,,,0,0,0,0,0,0,0,0,0,26,0,0,0,0,0,564,564,0,0,0,0,0,0,0,0,0,0,0,17,0,0
29051,29050,1,魔法项链_31~40,10000,0,0,0,13950,40203,1,,,0,0,0,0,0,0,0,0,0,0,0,0,0,0,0,15,15,0,0,0,0,0,0,0,0,0,0,0,0,0,0
29052,29050,2,魔法项链_31~40,9000,9500,10000,0,27890,40203,1,,,0,0,0,0,0,0,0,0,0,0,0,0,0,0,0,30,30,0,0,0,0,0,0,0,0,0,0,0,0,0,0
29053,29050,3,魔法项链_31~40,7500,8500,10000,0,41840,40203,1,,,0,0,0,0,0,0,0,0,0,0,0,0,0,0,0,45,45,0,0,0,0,0,0,0,0,0,0,0,0,0,0
29054,29050,4,魔法项链_31~40,6000,7500,10000,0,55790,40203,1,,,0,0,0,0,0,0,0,0,0,0,0,0,0,0,0,76,76,0,0,0,0,0,0,0,0,0,0,0,0,0,0
29055,29050,5,魔法项链_31~40,4500,6500,10000,0,69740,40203,1,,,0,0,0,0,0,0,0,0,0,0,0,0,0,0,0,107,107,0,0,0,0,0,0,0,0,0,0,0,0,0,0
29056,29050,6,魔法项链_31~40,3500,5500,10000,0,83680,40203,1,,,0,0,0,0,0,0,0,0,0,0,0,0,0,0,0,138,138,0,0,0,0,0,0,0,0,0,0,0,0,0,0
29057,29050,7,魔法项链_31~40,2500,4500,10000,0,97630,40203,1,,,0,0,0,0,0,0,0,0,0,0,0,0,0,0,0,186,186,0,0,0,0,0,0,0,0,0,0,0,0,0,0
29058,29050,8,魔法项链_31~40,1500,3500,0,10000,111580,40203,1,,,0,0,0,0,0,0,0,0,0,6,0,0,0,0,0,234,234,0,0,0,0,0,0,0,0,0,0,0,3,0,0
29059,29050,9,魔法项链_31~40,1000,2500,0,10000,125530,40203,1,,,0,0,0,0,0,0,0,0,0,9,0,0,0,0,0,282,282,0,0,0,0,0,0,0,0,0,0,0,5,0,0
29060,29050,10,魔法项链_31~40,900,1500,0,9000,139470,40203,1,,,0,0,0,0,0,0,0,0,0,12,0,0,0,0,0,349,349,0,0,0,0,0,0,0,0,0,0,0,7,0,0
29061,29050,11,魔法项链_31~40,800,0,0,0,153420,40203,1,,,0,0,0,0,0,0,0,0,0,15,0,0,0,0,0,416,416,0,0,0,0,0,0,0,0,0,0,0,9,0,0
29062,29050,12,魔法项链_31~40,700,0,0,0,167370,40203,1,,,0,0,0,0,0,0,0,0,0,18,0,0,0,0,0,483,483,0,0,0,0,0,0,0,0,0,0,0,11,0,0
29063,29050,13,魔法项链_31~40,600,0,0,0,181320,40203,1,,,0,0,0,0,0,0,0,0,0,21,0,0,0,0,0,572,572,0,0,0,0,0,0,0,0,0,0,0,13,0,0
29064,29050,14,魔法项链_31~40,500,0,0,0,195260,40203,1,,,0,0,0,0,0,0,0,0,0,24,0,0,0,0,0,661,661,0,0,0,0,0,0,0,0,0,0,0,15,0,0
29065,29050,15,魔法项链_31~40,400,0,0,0,209210,40203,1,,,0,0,0,0,0,0,0,0,0,27,0,0,0,0,0,750,750,0,0,0,0,0,0,0,0,0,0,0,17,0,0
29101,29100,1,魔法项链_41~50,10000,0,0,0,18220,40204,1,,,0,0,0,0,0,0,0,0,0,0,0,0,0,0,0,18,18,0,0,0,0,0,0,0,0,0,0,0,0,0,0
29102,29100,2,魔法项链_41~50,9000,9500,10000,0,36450,40204,1,,,0,0,0,0,0,0,0,0,0,0,0,0,0,0,0,36,36,0,0,0,0,0,0,0,0,0,0,0,0,0,0
29103,29100,3,魔法项链_41~50,7500,8500,10000,0,54670,40204,1,,,0,0,0,0,0,0,0,0,0,0,0,0,0,0,0,54,54,0,0,0,0,0,0,0,0,0,0,0,0,0,0
29104,29100,4,魔法项链_41~50,6000,7500,10000,0,72890,40204,1,,,0,0,0,0,0,0,0,0,0,0,0,0,0,0,0,93,93,0,0,0,0,0,0,0,0,0,0,0,0,0,0
29105,29100,5,魔法项链_41~50,4500,6500,10000,0,91120,40204,1,,,0,0,0,0,0,0,0,0,0,0,0,0,0,0,0,132,132,0,0,0,0,0,0,0,0,0,0,0,0,0,0
29106,29100,6,魔法项链_41~50,3500,5500,10000,0,109340,40204,1,,,0,0,0,0,0,0,0,0,0,0,0,0,0,0,0,171,171,0,0,0,0,0,0,0,0,0,0,0,0,0,0
29107,29100,7,魔法项链_41~50,2500,4500,10000,0,127570,40204,1,,,0,0,0,0,0,0,0,0,0,0,0,0,0,0,0,231,231,0,0,0,0,0,0,0,0,0,0,0,0,0,0
29108,29100,8,魔法项链_41~50,1500,3500,0,10000,145790,40204,1,,,0,0,0,0,0,0,0,0,0,7,0,0,0,0,0,291,291,0,0,0,0,0,0,0,0,0,0,0,3,0,0
29109,29100,9,魔法项链_41~50,1000,2500,0,10000,164010,40204,1,,,0,0,0,0,0,0,0,0,0,10,0,0,0,0,0,351,351,0,0,0,0,0,0,0,0,0,0,0,5,0,0
29110,29100,10,魔法项链_41~50,900,1500,0,9000,182240,40204,1,,,0,0,0,0,0,0,0,0,0,13,0,0,0,0,0,435,435,0,0,0,0,0,0,0,0,0,0,0,7,0,0
29111,29100,11,魔法项链_41~50,800,0,0,0,200460,40204,1,,,0,0,0,0,0,0,0,0,0,16,0,0,0,0,0,519,519,0,0,0,0,0,0,0,0,0,0,0,9,0,0
29112,29100,12,魔法项链_41~50,700,0,0,0,218680,40204,1,,,0,0,0,0,0,0,0,0,0,19,0,0,0,0,0,603,603,0,0,0,0,0,0,0,0,0,0,0,11,0,0
29113,29100,13,魔法项链_41~50,600,0,0,0,236910,40204,1,,,0,0,0,0,0,0,0,0,0,22,0,0,0,0,0,714,714,0,0,0,0,0,0,0,0,0,0,0,13,0,0
29114,29100,14,魔法项链_41~50,500,0,0,0,255130,40204,1,,,0,0,0,0,0,0,0,0,0,25,0,0,0,0,0,825,825,0,0,0,0,0,0,0,0,0,0,0,15,0,0
29115,29100,15,魔法项链_41~50,400,0,0,0,273360,40204,1,,,0,0,0,0,0,0,0,0,0,28,0,0,0,0,0,936,936,0,0,0,0,0,0,0,0,0,0,0,17,0,0
29151,29150,1,魔法项链_51~60,10000,0,0,0,18220,40204,1,,,0,0,0,0,0,0,0,0,0,0,0,0,0,0,0,22,22,0,0,0,0,0,0,0,0,0,0,0,0,0,0
29152,29150,2,魔法项链_51~60,9000,9500,10000,0,36450,40204,1,,,0,0,0,0,0,0,0,0,0,0,0,0,0,0,0,44,44,0,0,0,0,0,0,0,0,0,0,0,0,0,0
29153,29150,3,魔法项链_51~60,7500,8500,10000,0,54670,40204,1,,,0,0,0,0,0,0,0,0,0,0,0,0,0,0,0,66,66,0,0,0,0,0,0,0,0,0,0,0,0,0,0
29154,29150,4,魔法项链_51~60,6000,7500,10000,0,72890,40204,1,,,0,0,0,0,0,0,0,0,0,0,0,0,0,0,0,112,112,0,0,0,0,0,0,0,0,0,0,0,0,0,0
29155,29150,5,魔法项链_51~60,4500,6500,10000,0,91120,40204,1,,,0,0,0,0,0,0,0,0,0,0,0,0,0,0,0,158,158,0,0,0,0,0,0,0,0,0,0,0,0,0,0
29156,29150,6,魔法项链_51~60,3500,5500,10000,0,109340,40204,1,,,0,0,0,0,0,0,0,0,0,0,0,0,0,0,0,204,204,0,0,0,0,0,0,0,0,0,0,0,0,0,0
29157,29150,7,魔法项链_51~60,2500,4500,10000,0,127570,40204,1,,,0,0,0,0,0,0,0,0,0,0,0,0,0,0,0,276,276,0,0,0,0,0,0,0,0,0,0,0,0,0,0
29158,29150,8,魔法项链_51~60,1500,3500,0,10000,145790,40204,1,,,0,0,0,0,0,0,0,0,0,8,0,0,0,0,0,348,348,0,0,0,0,0,0,0,0,0,0,0,3,0,0
29159,29150,9,魔法项链_51~60,1000,2500,0,10000,164010,40204,1,,,0,0,0,0,0,0,0,0,0,11,0,0,0,0,0,420,420,0,0,0,0,0,0,0,0,0,0,0,5,0,0
29160,29150,10,魔法项链_51~60,900,1500,0,9000,182240,40204,1,,,0,0,0,0,0,0,0,0,0,14,0,0,0,0,0,521,521,0,0,0,0,0,0,0,0,0,0,0,7,0,0
29161,29150,11,魔法项链_51~60,800,0,0,0,200460,40204,1,,,0,0,0,0,0,0,0,0,0,17,0,0,0,0,0,622,622,0,0,0,0,0,0,0,0,0,0,0,9,0,0
29162,29150,12,魔法项链_51~60,700,0,0,0,218680,40204,1,,,0,0,0,0,0,0,0,0,0,20,0,0,0,0,0,723,723,0,0,0,0,0,0,0,0,0,0,0,11,0,0
29163,29150,13,魔法项链_51~60,600,0,0,0,236910,40204,1,,,0,0,0,0,0,0,0,0,0,23,0,0,0,0,0,856,856,0,0,0,0,0,0,0,0,0,0,0,13,0,0
29164,29150,14,魔法项链_51~60,500,0,0,0,255130,40204,1,,,0,0,0,0,0,0,0,0,0,26,0,0,0,0,0,989,989,0,0,0,0,0,0,0,0,0,0,0,15,0,0
29165,29150,15,魔法项链_51~60,400,0,0,0,273360,40204,1,,,0,0,0,0,0,0,0,0,0,29,0,0,0,0,0,1122,1122,0,0,0,0,0,0,0,0,0,0,0,17,0,0
29201,29200,1,魔法项链_61~70,10000,0,0,0,18220,40204,1,,,0,0,0,0,0,0,0,0,0,0,0,0,0,0,0,0,0,0,0,0,0,0,0,0,0,0,0,0,0,0,0
29202,29200,2,魔法项链_61~70,9000,9500,10000,0,36450,40204,1,,,0,0,0,0,0,0,0,0,0,0,0,0,0,0,0,0,0,0,0,0,0,0,0,0,0,0,0,0,0,0,0
29203,29200,3,魔法项链_61~70,7500,8500,10000,0,54670,40204,1,,,0,0,0,0,0,0,0,0,0,0,0,0,0,0,0,0,0,0,0,0,0,0,0,0,0,0,0,0,0,0,0
29204,29200,4,魔法项链_61~70,6000,7500,10000,0,72890,40204,1,,,0,0,0,0,0,0,0,0,0,0,0,0,0,0,0,0,0,0,0,0,0,0,0,0,0,0,0,0,0,0,0
29205,29200,5,魔法项链_61~70,4500,6500,10000,0,91120,40204,1,,,0,0,0,0,0,0,0,0,0,0,0,0,0,0,0,0,0,0,0,0,0,0,0,0,0,0,0,0,0,0,0
29206,29200,6,魔法项链_61~70,3500,5500,10000,0,109340,40204,1,,,0,0,0,0,0,0,0,0,0,0,0,0,0,0,0,0,0,0,0,0,0,0,0,0,0,0,0,0,0,0,0
29207,29200,7,魔法项链_61~70,2500,4500,10000,0,127570,40204,1,,,0,0,0,0,0,0,0,0,0,0,0,0,0,0,0,0,0,0,0,0,0,0,0,0,0,0,0,0,0,0,0
29208,29200,8,魔法项链_61~70,1500,3500,0,10000,145790,40204,1,,,0,0,0,0,0,0,0,0,0,9,0,0,0,0,0,0,0,0,0,0,0,0,0,0,0,0,0,0,3,0,0
29209,29200,9,魔法项链_61~70,1000,2500,0,10000,164010,40204,1,,,0,0,0,0,0,0,0,0,0,12,0,0,0,0,0,0,0,0,0,0,0,0,0,0,0,0,0,0,5,0,0
29210,29200,10,魔法项链_61~70,900,1500,0,9000,182240,40204,1,,,0,0,0,0,0,0,0,0,0,15,0,0,0,0,0,0,0,0,0,0,0,0,0,0,0,0,0,0,7,0,0
29211,29200,11,魔法项链_61~70,800,0,0,0,200460,40204,1,,,0,0,0,0,0,0,0,0,0,18,0,0,0,0,0,0,0,0,0,0,0,0,0,0,0,0,0,0,9,0,0
29212,29200,12,魔法项链_61~70,700,0,0,0,218680,40204,1,,,0,0,0,0,0,0,0,0,0,21,0,0,0,0,0,0,0,0,0,0,0,0,0,0,0,0,0,0,11,0,0
29213,29200,13,魔法项链_61~70,600,0,0,0,236910,40204,1,,,0,0,0,0,0,0,0,0,0,24,0,0,0,0,0,0,0,0,0,0,0,0,0,0,0,0,0,0,13,0,0
29214,29200,14,魔法项链_61~70,500,0,0,0,255130,40204,1,,,0,0,0,0,0,0,0,0,0,27,0,0,0,0,0,0,0,0,0,0,0,0,0,0,0,0,0,0,15,0,0
29215,29200,15,魔法项链_61~70,400,0,0,0,273360,40204,1,,,0,0,0,0,0,0,0,0,0,30,0,0,0,0,0,0,0,0,0,0,0,0,0,0,0,0,0,0,17,0,0
29801,29800,1,物理戒指_1~10,10000,0,0,0,80,40200,1,,,0,0,0,0,0,0,0,0,0,0,0,2,2,0,0,0,0,0,0,0,0,0,0,0,0,0,0,0,0,0,0
29802,29800,2,物理戒指_1~10,9000,9500,10000,0,160,40200,1,,,0,0,0,0,0,0,0,0,0,0,0,4,4,0,0,0,0,0,0,0,0,0,0,0,0,0,0,0,0,0,0
29803,29800,3,物理戒指_1~10,7500,8500,10000,0,240,40200,1,,,0,0,0,0,0,0,0,0,0,0,0,6,6,0,0,0,0,0,0,0,0,0,0,0,0,0,0,0,0,0,0
29804,29800,4,物理戒指_1~10,6000,7500,10000,0,330,40200,1,,,0,0,0,0,0,0,0,0,0,0,0,9,9,0,0,0,0,0,0,0,0,0,0,0,0,0,0,0,0,0,0
29805,29800,5,物理戒指_1~10,4500,6500,10000,0,410,40200,1,,,0,0,0,0,0,0,0,0,0,0,0,12,12,0,0,0,0,0,0,0,0,0,0,0,0,0,0,0,0,0,0
29806,29800,6,物理戒指_1~10,3500,5500,10000,0,490,40200,1,,,0,0,0,0,0,0,0,0,0,0,0,15,15,0,0,0,0,0,0,0,0,0,0,0,0,0,0,0,0,0,0
29807,29800,7,物理戒指_1~10,2500,4500,10000,0,570,40200,1,,,0,0,0,0,0,0,0,0,0,0,0,19,19,0,0,0,0,0,0,0,0,0,0,0,0,0,0,0,0,0,0
29808,29800,8,物理戒指_1~10,1500,3500,0,10000,650,40200,1,,,0,0,0,0,0,0,0,0,0,0,0,23,23,0,0,0,0,0,0,0,0,0,0,0,0,3,0,0,3,0,0
29809,29800,9,物理戒指_1~10,1000,2500,0,10000,730,40200,1,,,0,0,0,0,0,0,0,0,0,0,0,27,27,0,0,0,0,0,0,0,0,0,0,0,0,6,0,0,5,0,0
29810,29800,10,物理戒指_1~10,900,1500,0,9000,820,40200,1,,,0,0,0,0,0,0,0,0,0,0,0,33,33,0,0,0,0,0,0,0,0,0,0,0,0,9,0,0,7,0,0
29811,29800,11,物理戒指_1~10,800,0,0,0,900,40200,1,,,0,0,0,0,0,0,0,0,0,0,0,39,39,0,0,0,0,0,0,0,0,0,0,0,0,12,0,0,9,0,0
29812,29800,12,物理戒指_1~10,700,0,0,0,980,40200,1,,,0,0,0,0,0,0,0,0,0,0,0,45,45,0,0,0,0,0,0,0,0,0,0,0,0,15,0,0,11,0,0
29813,29800,13,物理戒指_1~10,600,0,0,0,1060,40200,1,,,0,0,0,0,0,0,0,0,0,0,0,52,52,0,0,0,0,0,0,0,0,0,0,0,0,18,0,0,13,0,0
29814,29800,14,物理戒指_1~10,500,0,0,0,1140,40200,1,,,0,0,0,0,0,0,0,0,0,0,0,59,59,0,0,0,0,0,0,0,0,0,0,0,0,21,0,0,15,0,0
29815,29800,15,物理戒指_1~10,400,0,0,0,1220,40200,1,,,0,0,0,0,0,0,0,0,0,0,0,66,66,0,0,0,0,0,0,0,0,0,0,0,0,24,0,0,17,0,0
29851,29850,1,物理戒指_11~20,10000,0,0,0,1070,40201,1,,,0,0,0,0,0,0,0,0,0,0,0,2,2,0,0,0,0,0,0,0,0,0,0,0,0,0,0,0,0,0,0
29852,29850,2,物理戒指_11~20,9000,9500,10000,0,2150,40201,1,,,0,0,0,0,0,0,0,0,0,0,0,4,4,0,0,0,0,0,0,0,0,0,0,0,0,0,0,0,0,0,0
29853,29850,3,物理戒指_11~20,7500,8500,10000,0,3220,40201,1,,,0,0,0,0,0,0,0,0,0,0,0,6,6,0,0,0,0,0,0,0,0,0,0,0,0,0,0,0,0,0,0
29854,29850,4,物理戒指_11~20,6000,7500,10000,0,4300,40201,1,,,0,0,0,0,0,0,0,0,0,0,0,11,11,0,0,0,0,0,0,0,0,0,0,0,0,0,0,0,0,0,0
29855,29850,5,物理戒指_11~20,4500,6500,10000,0,5370,40201,1,,,0,0,0,0,0,0,0,0,0,0,0,16,16,0,0,0,0,0,0,0,0,0,0,0,0,0,0,0,0,0,0
29856,29850,6,物理戒指_11~20,3500,5500,10000,0,6450,40201,1,,,0,0,0,0,0,0,0,0,0,0,0,21,21,0,0,0,0,0,0,0,0,0,0,0,0,0,0,0,0,0,0
29857,29850,7,物理戒指_11~20,2500,4500,10000,0,7520,40201,1,,,0,0,0,0,0,0,0,0,0,0,0,29,29,0,0,0,0,0,0,0,0,0,0,0,0,0,0,0,0,0,0
29858,29850,8,物理戒指_11~20,1500,3500,0,10000,8590,40201,1,,,0,0,0,0,0,0,0,0,0,0,0,37,37,0,0,0,0,0,0,0,0,0,0,0,0,4,0,0,3,0,0
29859,29850,9,物理戒指_11~20,1000,2500,0,10000,9670,40201,1,,,0,0,0,0,0,0,0,0,0,0,0,45,45,0,0,0,0,0,0,0,0,0,0,0,0,7,0,0,5,0,0
29860,29850,10,物理戒指_11~20,900,1500,0,9000,10740,40201,1,,,0,0,0,0,0,0,0,0,0,0,0,56,56,0,0,0,0,0,0,0,0,0,0,0,0,10,0,0,7,0,0
29861,29850,11,物理戒指_11~20,800,0,0,0,11820,40201,1,,,0,0,0,0,0,0,0,0,0,0,0,67,67,0,0,0,0,0,0,0,0,0,0,0,0,13,0,0,9,0,0
29862,29850,12,物理戒指_11~20,700,0,0,0,12890,40201,1,,,0,0,0,0,0,0,0,0,0,0,0,78,78,0,0,0,0,0,0,0,0,0,0,0,0,16,0,0,11,0,0
29863,29850,13,物理戒指_11~20,600,0,0,0,13970,40201,1,,,0,0,0,0,0,0,0,0,0,0,0,93,93,0,0,0,0,0,0,0,0,0,0,0,0,19,0,0,13,0,0
29864,29850,14,物理戒指_11~20,500,0,0,0,15040,40201,1,,,0,0,0,0,0,0,0,0,0,0,0,108,108,0,0,0,0,0,0,0,0,0,0,0,0,22,0,0,15,0,0
29865,29850,15,物理戒指_11~20,400,0,0,0,16110,40201,1,,,0,0,0,0,0,0,0,0,0,0,0,123,123,0,0,0,0,0,0,0,0,0,0,0,0,25,0,0,17,0,0
29901,29900,1,物理戒指_21~30,10000,0,0,0,4940,40202,1,,,0,0,0,0,0,0,0,0,0,0,0,4,4,0,0,0,0,0,0,0,0,0,0,0,0,0,0,0,0,0,0
29902,29900,2,物理戒指_21~30,9000,9500,10000,0,9880,40202,1,,,0,0,0,0,0,0,0,0,0,0,0,8,8,0,0,0,0,0,0,0,0,0,0,0,0,0,0,0,0,0,0
29903,29900,3,物理戒指_21~30,7500,8500,10000,0,14830,40202,1,,,0,0,0,0,0,0,0,0,0,0,0,12,12,0,0,0,0,0,0,0,0,0,0,0,0,0,0,0,0,0,0
29904,29900,4,物理戒指_21~30,6000,7500,10000,0,19770,40202,1,,,0,0,0,0,0,0,0,0,0,0,0,20,20,0,0,0,0,0,0,0,0,0,0,0,0,0,0,0,0,0,0
29905,29900,5,物理戒指_21~30,4500,6500,10000,0,24710,40202,1,,,0,0,0,0,0,0,0,0,0,0,0,28,28,0,0,0,0,0,0,0,0,0,0,0,0,0,0,0,0,0,0
29906,29900,6,物理戒指_21~30,3500,5500,10000,0,29650,40202,1,,,0,0,0,0,0,0,0,0,0,0,0,36,36,0,0,0,0,0,0,0,0,0,0,0,0,0,0,0,0,0,0
29907,29900,7,物理戒指_21~30,2500,4500,10000,0,34590,40202,1,,,0,0,0,0,0,0,0,0,0,0,0,48,48,0,0,0,0,0,0,0,0,0,0,0,0,0,0,0,0,0,0
29908,29900,8,物理戒指_21~30,1500,3500,0,10000,39540,40202,1,,,0,0,0,0,0,0,0,0,0,0,0,60,60,0,0,0,0,0,0,0,0,0,0,0,0,5,0,0,3,0,0
29909,29900,9,物理戒指_21~30,1000,2500,0,10000,44480,40202,1,,,0,0,0,0,0,0,0,0,0,0,0,72,72,0,0,0,0,0,0,0,0,0,0,0,0,8,0,0,5,0,0
29910,29900,10,物理戒指_21~30,900,1500,0,9000,49420,40202,1,,,0,0,0,0,0,0,0,0,0,0,0,89,89,0,0,0,0,0,0,0,0,0,0,0,0,11,0,0,7,0,0
29911,29900,11,物理戒指_21~30,800,0,0,0,54360,40202,1,,,0,0,0,0,0,0,0,0,0,0,0,106,106,0,0,0,0,0,0,0,0,0,0,0,0,14,0,0,9,0,0
29912,29900,12,物理戒指_21~30,700,0,0,0,59300,40202,1,,,0,0,0,0,0,0,0,0,0,0,0,123,123,0,0,0,0,0,0,0,0,0,0,0,0,17,0,0,11,0,0
29913,29900,13,物理戒指_21~30,600,0,0,0,64250,40202,1,,,0,0,0,0,0,0,0,0,0,0,0,145,145,0,0,0,0,0,0,0,0,0,0,0,0,20,0,0,13,0,0
29914,29900,14,物理戒指_21~30,500,0,0,0,69190,40202,1,,,0,0,0,0,0,0,0,0,0,0,0,167,167,0,0,0,0,0,0,0,0,0,0,0,0,23,0,0,15,0,0
29915,29900,15,物理戒指_21~30,400,0,0,0,74130,40202,1,,,0,0,0,0,0,0,0,0,0,0,0,189,189,0,0,0,0,0,0,0,0,0,0,0,0,26,0,0,17,0,0
29951,29950,1,物理戒指_31~40,10000,0,0,0,13950,40203,1,,,0,0,0,0,0,0,0,0,0,0,0,5,5,0,0,0,0,0,0,0,0,0,0,0,0,0,0,0,0,0,0
29952,29950,2,物理戒指_31~40,9000,9500,10000,0,27890,40203,1,,,0,0,0,0,0,0,0,0,0,0,0,10,10,0,0,0,0,0,0,0,0,0,0,0,0,0,0,0,0,0,0
29953,29950,3,物理戒指_31~40,7500,8500,10000,0,41840,40203,1,,,0,0,0,0,0,0,0,0,0,0,0,15,15,0,0,0,0,0,0,0,0,0,0,0,0,0,0,0,0,0,0
29954,29950,4,物理戒指_31~40,6000,7500,10000,0,55790,40203,1,,,0,0,0,0,0,0,0,0,0,0,0,25,25,0,0,0,0,0,0,0,0,0,0,0,0,0,0,0,0,0,0
29955,29950,5,物理戒指_31~40,4500,6500,10000,0,69740,40203,1,,,0,0,0,0,0,0,0,0,0,0,0,35,35,0,0,0,0,0,0,0,0,0,0,0,0,0,0,0,0,0,0
29956,29950,6,物理戒指_31~40,3500,5500,10000,0,83680,40203,1,,,0,0,0,0,0,0,0,0,0,0,0,45,45,0,0,0,0,0,0,0,0,0,0,0,0,0,0,0,0,0,0
29957,29950,7,物理戒指_31~40,2500,4500,10000,0,97630,40203,1,,,0,0,0,0,0,0,0,0,0,0,0,61,61,0,0,0,0,0,0,0,0,0,0,0,0,0,0,0,0,0,0
29958,29950,8,物理戒指_31~40,1500,3500,0,10000,111580,40203,1,,,0,0,0,0,0,0,0,0,0,0,0,77,77,0,0,0,0,0,0,0,0,0,0,0,0,6,0,0,3,0,0
29959,29950,9,物理戒指_31~40,1000,2500,0,10000,125530,40203,1,,,0,0,0,0,0,0,0,0,0,0,0,93,93,0,0,0,0,0,0,0,0,0,0,0,0,9,0,0,5,0,0
29960,29950,10,物理戒指_31~40,900,1500,0,9000,139470,40203,1,,,0,0,0,0,0,0,0,0,0,0,0,115,115,0,0,0,0,0,0,0,0,0,0,0,0,12,0,0,7,0,0
29961,29950,11,物理戒指_31~40,800,0,0,0,153420,40203,1,,,0,0,0,0,0,0,0,0,0,0,0,137,137,0,0,0,0,0,0,0,0,0,0,0,0,15,0,0,9,0,0
29962,29950,12,物理戒指_31~40,700,0,0,0,167370,40203,1,,,0,0,0,0,0,0,0,0,0,0,0,159,159,0,0,0,0,0,0,0,0,0,0,0,0,18,0,0,11,0,0
29963,29950,13,物理戒指_31~40,600,0,0,0,181320,40203,1,,,0,0,0,0,0,0,0,0,0,0,0,189,189,0,0,0,0,0,0,0,0,0,0,0,0,21,0,0,13,0,0
29964,29950,14,物理戒指_31~40,500,0,0,0,195260,40203,1,,,0,0,0,0,0,0,0,0,0,0,0,219,219,0,0,0,0,0,0,0,0,0,0,0,0,24,0,0,15,0,0
29965,29950,15,物理戒指_31~40,400,0,0,0,209210,40203,1,,,0,0,0,0,0,0,0,0,0,0,0,249,249,0,0,0,0,0,0,0,0,0,0,0,0,27,0,0,17,0,0
30001,30000,1,物理戒指_41~50,10000,0,0,0,18220,40204,1,,,0,0,0,0,0,0,0,0,0,0,0,6,6,0,0,0,0,0,0,0,0,0,0,0,0,0,0,0,0,0,0
30002,30000,2,物理戒指_41~50,9000,9500,10000,0,36450,40204,1,,,0,0,0,0,0,0,0,0,0,0,0,12,12,0,0,0,0,0,0,0,0,0,0,0,0,0,0,0,0,0,0
30003,30000,3,物理戒指_41~50,7500,8500,10000,0,54670,40204,1,,,0,0,0,0,0,0,0,0,0,0,0,18,18,0,0,0,0,0,0,0,0,0,0,0,0,0,0,0,0,0,0
30004,30000,4,物理戒指_41~50,6000,7500,10000,0,72890,40204,1,,,0,0,0,0,0,0,0,0,0,0,0,31,31,0,0,0,0,0,0,0,0,0,0,0,0,0,0,0,0,0,0
30005,30000,5,物理戒指_41~50,4500,6500,10000,0,91120,40204,1,,,0,0,0,0,0,0,0,0,0,0,0,44,44,0,0,0,0,0,0,0,0,0,0,0,0,0,0,0,0,0,0
30006,30000,6,物理戒指_41~50,3500,5500,10000,0,109340,40204,1,,,0,0,0,0,0,0,0,0,0,0,0,57,57,0,0,0,0,0,0,0,0,0,0,0,0,0,0,0,0,0,0
30007,30000,7,物理戒指_41~50,2500,4500,10000,0,127570,40204,1,,,0,0,0,0,0,0,0,0,0,0,0,77,77,0,0,0,0,0,0,0,0,0,0,0,0,0,0,0,0,0,0
30008,30000,8,物理戒指_41~50,1500,3500,0,10000,145790,40204,1,,,0,0,0,0,0,0,0,0,0,0,0,97,97,0,0,0,0,0,0,0,0,0,0,0,0,7,0,0,3,0,0
30009,30000,9,物理戒指_41~50,1000,2500,0,10000,164010,40204,1,,,0,0,0,0,0,0,0,0,0,0,0,117,117,0,0,0,0,0,0,0,0,0,0,0,0,10,0,0,5,0,0
30010,30000,10,物理戒指_41~50,900,1500,0,9000,182240,40204,1,,,0,0,0,0,0,0,0,0,0,0,0,145,145,0,0,0,0,0,0,0,0,0,0,0,0,13,0,0,7,0,0
30011,30000,11,物理戒指_41~50,800,0,0,0,200460,40204,1,,,0,0,0,0,0,0,0,0,0,0,0,173,173,0,0,0,0,0,0,0,0,0,0,0,0,16,0,0,9,0,0
30012,30000,12,物理戒指_41~50,700,0,0,0,218680,40204,1,,,0,0,0,0,0,0,0,0,0,0,0,201,201,0,0,0,0,0,0,0,0,0,0,0,0,19,0,0,11,0,0
30013,30000,13,物理戒指_41~50,600,0,0,0,236910,40204,1,,,0,0,0,0,0,0,0,0,0,0,0,238,238,0,0,0,0,0,0,0,0,0,0,0,0,22,0,0,13,0,0
30014,30000,14,物理戒指_41~50,500,0,0,0,255130,40204,1,,,0,0,0,0,0,0,0,0,0,0,0,275,275,0,0,0,0,0,0,0,0,0,0,0,0,25,0,0,15,0,0
30015,30000,15,物理戒指_41~50,400,0,0,0,273360,40204,1,,,0,0,0,0,0,0,0,0,0,0,0,312,312,0,0,0,0,0,0,0,0,0,0,0,0,28,0,0,17,0,0
30051,30050,1,物理戒指_51~60,10000,0,0,0,18220,40204,1,,,0,0,0,0,0,0,0,0,0,0,0,7,7,0,0,0,0,0,0,0,0,0,0,0,0,0,0,0,0,0,0
30052,30050,2,物理戒指_51~60,9000,9500,10000,0,36450,40204,1,,,0,0,0,0,0,0,0,0,0,0,0,14,14,0,0,0,0,0,0,0,0,0,0,0,0,0,0,0,0,0,0
30053,30050,3,物理戒指_51~60,7500,8500,10000,0,54670,40204,1,,,0,0,0,0,0,0,0,0,0,0,0,21,21,0,0,0,0,0,0,0,0,0,0,0,0,0,0,0,0,0,0
30054,30050,4,物理戒指_51~60,6000,7500,10000,0,72890,40204,1,,,0,0,0,0,0,0,0,0,0,0,0,36,36,0,0,0,0,0,0,0,0,0,0,0,0,0,0,0,0,0,0
30055,30050,5,物理戒指_51~60,4500,6500,10000,0,91120,40204,1,,,0,0,0,0,0,0,0,0,0,0,0,51,51,0,0,0,0,0,0,0,0,0,0,0,0,0,0,0,0,0,0
30056,30050,6,物理戒指_51~60,3500,5500,10000,0,109340,40204,1,,,0,0,0,0,0,0,0,0,0,0,0,66,66,0,0,0,0,0,0,0,0,0,0,0,0,0,0,0,0,0,0
30057,30050,7,物理戒指_51~60,2500,4500,10000,0,127570,40204,1,,,0,0,0,0,0,0,0,0,0,0,0,90,90,0,0,0,0,0,0,0,0,0,0,0,0,0,0,0,0,0,0
30058,30050,8,物理戒指_51~60,1500,3500,0,10000,145790,40204,1,,,0,0,0,0,0,0,0,0,0,0,0,114,114,0,0,0,0,0,0,0,0,0,0,0,0,8,0,0,3,0,0
30059,30050,9,物理戒指_51~60,1000,2500,0,10000,164010,40204,1,,,0,0,0,0,0,0,0,0,0,0,0,138,138,0,0,0,0,0,0,0,0,0,0,0,0,11,0,0,5,0,0
30060,30050,10,物理戒指_51~60,900,1500,0,9000,182240,40204,1,,,0,0,0,0,0,0,0,0,0,0,0,172,172,0,0,0,0,0,0,0,0,0,0,0,0,14,0,0,7,0,0
30061,30050,11,物理戒指_51~60,800,0,0,0,200460,40204,1,,,0,0,0,0,0,0,0,0,0,0,0,206,206,0,0,0,0,0,0,0,0,0,0,0,0,17,0,0,9,0,0
30062,30050,12,物理戒指_51~60,700,0,0,0,218680,40204,1,,,0,0,0,0,0,0,0,0,0,0,0,240,240,0,0,0,0,0,0,0,0,0,0,0,0,20,0,0,11,0,0
30063,30050,13,物理戒指_51~60,600,0,0,0,236910,40204,1,,,0,0,0,0,0,0,0,0,0,0,0,284,284,0,0,0,0,0,0,0,0,0,0,0,0,23,0,0,13,0,0
30064,30050,14,物理戒指_51~60,500,0,0,0,255130,40204,1,,,0,0,0,0,0,0,0,0,0,0,0,328,328,0,0,0,0,0,0,0,0,0,0,0,0,26,0,0,15,0,0
30065,30050,15,物理戒指_51~60,400,0,0,0,273360,40204,1,,,0,0,0,0,0,0,0,0,0,0,0,372,372,0,0,0,0,0,0,0,0,0,0,0,0,29,0,0,17,0,0
30101,30100,1,物理戒指_61~70,10000,0,0,0,18220,40204,1,,,0,0,0,0,0,0,0,0,0,0,0,0,0,0,0,0,0,0,0,0,0,0,0,0,0,0,0,0,0,0,0
30102,30100,2,物理戒指_61~70,9000,9500,10000,0,36450,40204,1,,,0,0,0,0,0,0,0,0,0,0,0,0,0,0,0,0,0,0,0,0,0,0,0,0,0,0,0,0,0,0,0
30103,30100,3,物理戒指_61~70,7500,8500,10000,0,54670,40204,1,,,0,0,0,0,0,0,0,0,0,0,0,0,0,0,0,0,0,0,0,0,0,0,0,0,0,0,0,0,0,0,0
30104,30100,4,物理戒指_61~70,6000,7500,10000,0,72890,40204,1,,,0,0,0,0,0,0,0,0,0,0,0,0,0,0,0,0,0,0,0,0,0,0,0,0,0,0,0,0,0,0,0
30105,30100,5,物理戒指_61~70,4500,6500,10000,0,91120,40204,1,,,0,0,0,0,0,0,0,0,0,0,0,0,0,0,0,0,0,0,0,0,0,0,0,0,0,0,0,0,0,0,0
30106,30100,6,物理戒指_61~70,3500,5500,10000,0,109340,40204,1,,,0,0,0,0,0,0,0,0,0,0,0,0,0,0,0,0,0,0,0,0,0,0,0,0,0,0,0,0,0,0,0
30107,30100,7,物理戒指_61~70,2500,4500,10000,0,127570,40204,1,,,0,0,0,0,0,0,0,0,0,0,0,0,0,0,0,0,0,0,0,0,0,0,0,0,0,0,0,0,0,0,0
30108,30100,8,物理戒指_61~70,1500,3500,0,10000,145790,40204,1,,,0,0,0,0,0,0,0,0,0,0,0,0,0,0,0,0,0,0,0,0,0,0,0,0,0,9,0,0,3,0,0
30109,30100,9,物理戒指_61~70,1000,2500,0,10000,164010,40204,1,,,0,0,0,0,0,0,0,0,0,0,0,0,0,0,0,0,0,0,0,0,0,0,0,0,0,12,0,0,5,0,0
30110,30100,10,物理戒指_61~70,900,1500,0,9000,182240,40204,1,,,0,0,0,0,0,0,0,0,0,0,0,0,0,0,0,0,0,0,0,0,0,0,0,0,0,15,0,0,7,0,0
30111,30100,11,物理戒指_61~70,800,0,0,0,200460,40204,1,,,0,0,0,0,0,0,0,0,0,0,0,0,0,0,0,0,0,0,0,0,0,0,0,0,0,18,0,0,9,0,0
30112,30100,12,物理戒指_61~70,700,0,0,0,218680,40204,1,,,0,0,0,0,0,0,0,0,0,0,0,0,0,0,0,0,0,0,0,0,0,0,0,0,0,21,0,0,11,0,0
30113,30100,13,物理戒指_61~70,600,0,0,0,236910,40204,1,,,0,0,0,0,0,0,0,0,0,0,0,0,0,0,0,0,0,0,0,0,0,0,0,0,0,24,0,0,13,0,0
30114,30100,14,物理戒指_61~70,500,0,0,0,255130,40204,1,,,0,0,0,0,0,0,0,0,0,0,0,0,0,0,0,0,0,0,0,0,0,0,0,0,0,27,0,0,15,0,0
30115,30100,15,物理戒指_61~70,400,0,0,0,273360,40204,1,,,0,0,0,0,0,0,0,0,0,0,0,0,0,0,0,0,0,0,0,0,0,0,0,0,0,30,0,0,17,0,0
30701,30700,1,魔法戒指_1~10,10000,0,0,0,80,40200,1,,,0,0,0,0,0,0,0,0,0,0,0,0,0,2,2,0,0,0,0,0,0,0,0,0,0,0,0,0,0,0,0
30702,30700,2,魔法戒指_1~10,9000,9500,10000,0,160,40200,1,,,0,0,0,0,0,0,0,0,0,0,0,0,0,4,4,0,0,0,0,0,0,0,0,0,0,0,0,0,0,0,0
30703,30700,3,魔法戒指_1~10,7500,8500,10000,0,240,40200,1,,,0,0,0,0,0,0,0,0,0,0,0,0,0,6,6,0,0,0,0,0,0,0,0,0,0,0,0,0,0,0,0
30704,30700,4,魔法戒指_1~10,6000,7500,10000,0,330,40200,1,,,0,0,0,0,0,0,0,0,0,0,0,0,0,9,9,0,0,0,0,0,0,0,0,0,0,0,0,0,0,0,0
30705,30700,5,魔法戒指_1~10,4500,6500,10000,0,410,40200,1,,,0,0,0,0,0,0,0,0,0,0,0,0,0,12,12,0,0,0,0,0,0,0,0,0,0,0,0,0,0,0,0
30706,30700,6,魔法戒指_1~10,3500,5500,10000,0,490,40200,1,,,0,0,0,0,0,0,0,0,0,0,0,0,0,15,15,0,0,0,0,0,0,0,0,0,0,0,0,0,0,0,0
30707,30700,7,魔法戒指_1~10,2500,4500,10000,0,570,40200,1,,,0,0,0,0,0,0,0,0,0,0,0,0,0,19,19,0,0,0,0,0,0,0,0,0,0,0,0,0,0,0,0
30708,30700,8,魔法戒指_1~10,1500,3500,0,10000,650,40200,1,,,0,0,0,0,0,0,0,0,0,0,0,0,0,23,23,0,0,0,0,0,0,0,0,0,0,3,0,0,3,0,0
30709,30700,9,魔法戒指_1~10,1000,2500,0,10000,730,40200,1,,,0,0,0,0,0,0,0,0,0,0,0,0,0,27,27,0,0,0,0,0,0,0,0,0,0,6,0,0,5,0,0
30710,30700,10,魔法戒指_1~10,900,1500,0,9000,820,40200,1,,,0,0,0,0,0,0,0,0,0,0,0,0,0,33,33,0,0,0,0,0,0,0,0,0,0,9,0,0,7,0,0
30711,30700,11,魔法戒指_1~10,800,0,0,0,900,40200,1,,,0,0,0,0,0,0,0,0,0,0,0,0,0,39,39,0,0,0,0,0,0,0,0,0,0,12,0,0,9,0,0
30712,30700,12,魔法戒指_1~10,700,0,0,0,980,40200,1,,,0,0,0,0,0,0,0,0,0,0,0,0,0,45,45,0,0,0,0,0,0,0,0,0,0,15,0,0,11,0,0
30713,30700,13,魔法戒指_1~10,600,0,0,0,1060,40200,1,,,0,0,0,0,0,0,0,0,0,0,0,0,0,52,52,0,0,0,0,0,0,0,0,0,0,18,0,0,13,0,0
30714,30700,14,魔法戒指_1~10,500,0,0,0,1140,40200,1,,,0,0,0,0,0,0,0,0,0,0,0,0,0,59,59,0,0,0,0,0,0,0,0,0,0,21,0,0,15,0,0
30715,30700,15,魔法戒指_1~10,400,0,0,0,1220,40200,1,,,0,0,0,0,0,0,0,0,0,0,0,0,0,66,66,0,0,0,0,0,0,0,0,0,0,24,0,0,17,0,0
30751,30750,1,魔法戒指_11~20,10000,0,0,0,1070,40201,1,,,0,0,0,0,0,0,0,0,0,0,0,0,0,2,2,0,0,0,0,0,0,0,0,0,0,0,0,0,0,0,0
30752,30750,2,魔法戒指_11~20,9000,9500,10000,0,2150,40201,1,,,0,0,0,0,0,0,0,0,0,0,0,0,0,4,4,0,0,0,0,0,0,0,0,0,0,0,0,0,0,0,0
30753,30750,3,魔法戒指_11~20,7500,8500,10000,0,3220,40201,1,,,0,0,0,0,0,0,0,0,0,0,0,0,0,6,6,0,0,0,0,0,0,0,0,0,0,0,0,0,0,0,0
30754,30750,4,魔法戒指_11~20,6000,7500,10000,0,4300,40201,1,,,0,0,0,0,0,0,0,0,0,0,0,0,0,11,11,0,0,0,0,0,0,0,0,0,0,0,0,0,0,0,0
30755,30750,5,魔法戒指_11~20,4500,6500,10000,0,5370,40201,1,,,0,0,0,0,0,0,0,0,0,0,0,0,0,16,16,0,0,0,0,0,0,0,0,0,0,0,0,0,0,0,0
30756,30750,6,魔法戒指_11~20,3500,5500,10000,0,6450,40201,1,,,0,0,0,0,0,0,0,0,0,0,0,0,0,21,21,0,0,0,0,0,0,0,0,0,0,0,0,0,0,0,0
30757,30750,7,魔法戒指_11~20,2500,4500,10000,0,7520,40201,1,,,0,0,0,0,0,0,0,0,0,0,0,0,0,29,29,0,0,0,0,0,0,0,0,0,0,0,0,0,0,0,0
30758,30750,8,魔法戒指_11~20,1500,3500,0,10000,8590,40201,1,,,0,0,0,0,0,0,0,0,0,0,0,0,0,37,37,0,0,0,0,0,0,0,0,0,0,4,0,0,3,0,0
30759,30750,9,魔法戒指_11~20,1000,2500,0,10000,9670,40201,1,,,0,0,0,0,0,0,0,0,0,0,0,0,0,45,45,0,0,0,0,0,0,0,0,0,0,7,0,0,5,0,0
30760,30750,10,魔法戒指_11~20,900,1500,0,9000,10740,40201,1,,,0,0,0,0,0,0,0,0,0,0,0,0,0,56,56,0,0,0,0,0,0,0,0,0,0,10,0,0,7,0,0
30761,30750,11,魔法戒指_11~20,800,0,0,0,11820,40201,1,,,0,0,0,0,0,0,0,0,0,0,0,0,0,67,67,0,0,0,0,0,0,0,0,0,0,13,0,0,9,0,0
30762,30750,12,魔法戒指_11~20,700,0,0,0,12890,40201,1,,,0,0,0,0,0,0,0,0,0,0,0,0,0,78,78,0,0,0,0,0,0,0,0,0,0,16,0,0,11,0,0
30763,30750,13,魔法戒指_11~20,600,0,0,0,13970,40201,1,,,0,0,0,0,0,0,0,0,0,0,0,0,0,93,93,0,0,0,0,0,0,0,0,0,0,19,0,0,13,0,0
30764,30750,14,魔法戒指_11~20,500,0,0,0,15040,40201,1,,,0,0,0,0,0,0,0,0,0,0,0,0,0,108,108,0,0,0,0,0,0,0,0,0,0,22,0,0,15,0,0
30765,30750,15,魔法戒指_11~20,400,0,0,0,16110,40201,1,,,0,0,0,0,0,0,0,0,0,0,0,0,0,123,123,0,0,0,0,0,0,0,0,0,0,25,0,0,17,0,0
30801,30800,1,魔法戒指_21~30,10000,0,0,0,4940,40202,1,,,0,0,0,0,0,0,0,0,0,0,0,0,0,4,4,0,0,0,0,0,0,0,0,0,0,0,0,0,0,0,0
30802,30800,2,魔法戒指_21~30,9000,9500,10000,0,9880,40202,1,,,0,0,0,0,0,0,0,0,0,0,0,0,0,8,8,0,0,0,0,0,0,0,0,0,0,0,0,0,0,0,0
30803,30800,3,魔法戒指_21~30,7500,8500,10000,0,14830,40202,1,,,0,0,0,0,0,0,0,0,0,0,0,0,0,12,12,0,0,0,0,0,0,0,0,0,0,0,0,0,0,0,0
30804,30800,4,魔法戒指_21~30,6000,7500,10000,0,19770,40202,1,,,0,0,0,0,0,0,0,0,0,0,0,0,0,20,20,0,0,0,0,0,0,0,0,0,0,0,0,0,0,0,0
30805,30800,5,魔法戒指_21~30,4500,6500,10000,0,24710,40202,1,,,0,0,0,0,0,0,0,0,0,0,0,0,0,28,28,0,0,0,0,0,0,0,0,0,0,0,0,0,0,0,0
30806,30800,6,魔法戒指_21~30,3500,5500,10000,0,29650,40202,1,,,0,0,0,0,0,0,0,0,0,0,0,0,0,36,36,0,0,0,0,0,0,0,0,0,0,0,0,0,0,0,0
30807,30800,7,魔法戒指_21~30,2500,4500,10000,0,34590,40202,1,,,0,0,0,0,0,0,0,0,0,0,0,0,0,48,48,0,0,0,0,0,0,0,0,0,0,0,0,0,0,0,0
30808,30800,8,魔法戒指_21~30,1500,3500,0,10000,39540,40202,1,,,0,0,0,0,0,0,0,0,0,0,0,0,0,60,60,0,0,0,0,0,0,0,0,0,0,5,0,0,3,0,0
30809,30800,9,魔法戒指_21~30,1000,2500,0,10000,44480,40202,1,,,0,0,0,0,0,0,0,0,0,0,0,0,0,72,72,0,0,0,0,0,0,0,0,0,0,8,0,0,5,0,0
30810,30800,10,魔法戒指_21~30,900,1500,0,9000,49420,40202,1,,,0,0,0,0,0,0,0,0,0,0,0,0,0,89,89,0,0,0,0,0,0,0,0,0,0,11,0,0,7,0,0
30811,30800,11,魔法戒指_21~30,800,0,0,0,54360,40202,1,,,0,0,0,0,0,0,0,0,0,0,0,0,0,106,106,0,0,0,0,0,0,0,0,0,0,14,0,0,9,0,0
30812,30800,12,魔法戒指_21~30,700,0,0,0,59300,40202,1,,,0,0,0,0,0,0,0,0,0,0,0,0,0,123,123,0,0,0,0,0,0,0,0,0,0,17,0,0,11,0,0
30813,30800,13,魔法戒指_21~30,600,0,0,0,64250,40202,1,,,0,0,0,0,0,0,0,0,0,0,0,0,0,145,145,0,0,0,0,0,0,0,0,0,0,20,0,0,13,0,0
30814,30800,14,魔法戒指_21~30,500,0,0,0,69190,40202,1,,,0,0,0,0,0,0,0,0,0,0,0,0,0,167,167,0,0,0,0,0,0,0,0,0,0,23,0,0,15,0,0
30815,30800,15,魔法戒指_21~30,400,0,0,0,74130,40202,1,,,0,0,0,0,0,0,0,0,0,0,0,0,0,189,189,0,0,0,0,0,0,0,0,0,0,26,0,0,17,0,0
30851,30850,1,魔法戒指_31~40,10000,0,0,0,13950,40203,1,,,0,0,0,0,0,0,0,0,0,0,0,0,0,5,5,0,0,0,0,0,0,0,0,0,0,0,0,0,0,0,0
30852,30850,2,魔法戒指_31~40,9000,9500,10000,0,27890,40203,1,,,0,0,0,0,0,0,0,0,0,0,0,0,0,10,10,0,0,0,0,0,0,0,0,0,0,0,0,0,0,0,0
30853,30850,3,魔法戒指_31~40,7500,8500,10000,0,41840,40203,1,,,0,0,0,0,0,0,0,0,0,0,0,0,0,15,15,0,0,0,0,0,0,0,0,0,0,0,0,0,0,0,0
30854,30850,4,魔法戒指_31~40,6000,7500,10000,0,55790,40203,1,,,0,0,0,0,0,0,0,0,0,0,0,0,0,25,25,0,0,0,0,0,0,0,0,0,0,0,0,0,0,0,0
30855,30850,5,魔法戒指_31~40,4500,6500,10000,0,69740,40203,1,,,0,0,0,0,0,0,0,0,0,0,0,0,0,35,35,0,0,0,0,0,0,0,0,0,0,0,0,0,0,0,0
30856,30850,6,魔法戒指_31~40,3500,5500,10000,0,83680,40203,1,,,0,0,0,0,0,0,0,0,0,0,0,0,0,45,45,0,0,0,0,0,0,0,0,0,0,0,0,0,0,0,0
30857,30850,7,魔法戒指_31~40,2500,4500,10000,0,97630,40203,1,,,0,0,0,0,0,0,0,0,0,0,0,0,0,61,61,0,0,0,0,0,0,0,0,0,0,0,0,0,0,0,0
30858,30850,8,魔法戒指_31~40,1500,3500,0,10000,111580,40203,1,,,0,0,0,0,0,0,0,0,0,0,0,0,0,77,77,0,0,0,0,0,0,0,0,0,0,6,0,0,3,0,0
30859,30850,9,魔法戒指_31~40,1000,2500,0,10000,125530,40203,1,,,0,0,0,0,0,0,0,0,0,0,0,0,0,93,93,0,0,0,0,0,0,0,0,0,0,9,0,0,5,0,0
30860,30850,10,魔法戒指_31~40,900,1500,0,9000,139470,40203,1,,,0,0,0,0,0,0,0,0,0,0,0,0,0,115,115,0,0,0,0,0,0,0,0,0,0,12,0,0,7,0,0
30861,30850,11,魔法戒指_31~40,800,0,0,0,153420,40203,1,,,0,0,0,0,0,0,0,0,0,0,0,0,0,137,137,0,0,0,0,0,0,0,0,0,0,15,0,0,9,0,0
30862,30850,12,魔法戒指_31~40,700,0,0,0,167370,40203,1,,,0,0,0,0,0,0,0,0,0,0,0,0,0,159,159,0,0,0,0,0,0,0,0,0,0,18,0,0,11,0,0
30863,30850,13,魔法戒指_31~40,600,0,0,0,181320,40203,1,,,0,0,0,0,0,0,0,0,0,0,0,0,0,189,189,0,0,0,0,0,0,0,0,0,0,21,0,0,13,0,0
30864,30850,14,魔法戒指_31~40,500,0,0,0,195260,40203,1,,,0,0,0,0,0,0,0,0,0,0,0,0,0,219,219,0,0,0,0,0,0,0,0,0,0,24,0,0,15,0,0
30865,30850,15,魔法戒指_31~40,400,0,0,0,209210,40203,1,,,0,0,0,0,0,0,0,0,0,0,0,0,0,249,249,0,0,0,0,0,0,0,0,0,0,27,0,0,17,0,0
30901,30900,1,魔法戒指_41~50,10000,0,0,0,18220,40204,1,,,0,0,0,0,0,0,0,0,0,0,0,0,0,6,6,0,0,0,0,0,0,0,0,0,0,0,0,0,0,0,0
30902,30900,2,魔法戒指_41~50,9000,9500,10000,0,36450,40204,1,,,0,0,0,0,0,0,0,0,0,0,0,0,0,12,12,0,0,0,0,0,0,0,0,0,0,0,0,0,0,0,0
30903,30900,3,魔法戒指_41~50,7500,8500,10000,0,54670,40204,1,,,0,0,0,0,0,0,0,0,0,0,0,0,0,18,18,0,0,0,0,0,0,0,0,0,0,0,0,0,0,0,0
30904,30900,4,魔法戒指_41~50,6000,7500,10000,0,72890,40204,1,,,0,0,0,0,0,0,0,0,0,0,0,0,0,31,31,0,0,0,0,0,0,0,0,0,0,0,0,0,0,0,0
30905,30900,5,魔法戒指_41~50,4500,6500,10000,0,91120,40204,1,,,0,0,0,0,0,0,0,0,0,0,0,0,0,44,44,0,0,0,0,0,0,0,0,0,0,0,0,0,0,0,0
30906,30900,6,魔法戒指_41~50,3500,5500,10000,0,109340,40204,1,,,0,0,0,0,0,0,0,0,0,0,0,0,0,57,57,0,0,0,0,0,0,0,0,0,0,0,0,0,0,0,0
30907,30900,7,魔法戒指_41~50,2500,4500,10000,0,127570,40204,1,,,0,0,0,0,0,0,0,0,0,0,0,0,0,77,77,0,0,0,0,0,0,0,0,0,0,0,0,0,0,0,0
30908,30900,8,魔法戒指_41~50,1500,3500,0,10000,145790,40204,1,,,0,0,0,0,0,0,0,0,0,0,0,0,0,97,97,0,0,0,0,0,0,0,0,0,0,7,0,0,3,0,0
30909,30900,9,魔法戒指_41~50,1000,2500,0,10000,164010,40204,1,,,0,0,0,0,0,0,0,0,0,0,0,0,0,117,117,0,0,0,0,0,0,0,0,0,0,10,0,0,5,0,0
30910,30900,10,魔法戒指_41~50,900,1500,0,9000,182240,40204,1,,,0,0,0,0,0,0,0,0,0,0,0,0,0,145,145,0,0,0,0,0,0,0,0,0,0,13,0,0,7,0,0
30911,30900,11,魔法戒指_41~50,800,0,0,0,200460,40204,1,,,0,0,0,0,0,0,0,0,0,0,0,0,0,173,173,0,0,0,0,0,0,0,0,0,0,16,0,0,9,0,0
30912,30900,12,魔法戒指_41~50,700,0,0,0,218680,40204,1,,,0,0,0,0,0,0,0,0,0,0,0,0,0,201,201,0,0,0,0,0,0,0,0,0,0,19,0,0,11,0,0
30913,30900,13,魔法戒指_41~50,600,0,0,0,236910,40204,1,,,0,0,0,0,0,0,0,0,0,0,0,0,0,238,238,0,0,0,0,0,0,0,0,0,0,22,0,0,13,0,0
30914,30900,14,魔法戒指_41~50,500,0,0,0,255130,40204,1,,,0,0,0,0,0,0,0,0,0,0,0,0,0,275,275,0,0,0,0,0,0,0,0,0,0,25,0,0,15,0,0
30915,30900,15,魔法戒指_41~50,400,0,0,0,273360,40204,1,,,0,0,0,0,0,0,0,0,0,0,0,0,0,312,312,0,0,0,0,0,0,0,0,0,0,28,0,0,17,0,0
31001,31000,1,魔法戒指_51~60,10000,0,0,0,18220,40204,1,,,0,0,0,0,0,0,0,0,0,0,0,0,0,7,7,0,0,0,0,0,0,0,0,0,0,0,0,0,0,0,0
31002,31000,2,魔法戒指_51~60,9000,9500,10000,0,36450,40204,1,,,0,0,0,0,0,0,0,0,0,0,0,0,0,14,14,0,0,0,0,0,0,0,0,0,0,0,0,0,0,0,0
31003,31000,3,魔法戒指_51~60,7500,8500,10000,0,54670,40204,1,,,0,0,0,0,0,0,0,0,0,0,0,0,0,21,21,0,0,0,0,0,0,0,0,0,0,0,0,0,0,0,0
31004,31000,4,魔法戒指_51~60,6000,7500,10000,0,72890,40204,1,,,0,0,0,0,0,0,0,0,0,0,0,0,0,36,36,0,0,0,0,0,0,0,0,0,0,0,0,0,0,0,0
31005,31000,5,魔法戒指_51~60,4500,6500,10000,0,91120,40204,1,,,0,0,0,0,0,0,0,0,0,0,0,0,0,51,51,0,0,0,0,0,0,0,0,0,0,0,0,0,0,0,0
31006,31000,6,魔法戒指_51~60,3500,5500,10000,0,109340,40204,1,,,0,0,0,0,0,0,0,0,0,0,0,0,0,66,66,0,0,0,0,0,0,0,0,0,0,0,0,0,0,0,0
31007,31000,7,魔法戒指_51~60,2500,4500,10000,0,127570,40204,1,,,0,0,0,0,0,0,0,0,0,0,0,0,0,90,90,0,0,0,0,0,0,0,0,0,0,0,0,0,0,0,0
31008,31000,8,魔法戒指_51~60,1500,3500,0,10000,145790,40204,1,,,0,0,0,0,0,0,0,0,0,0,0,0,0,114,114,0,0,0,0,0,0,0,0,0,0,8,0,0,3,0,0
31009,31000,9,魔法戒指_51~60,1000,2500,0,10000,164010,40204,1,,,0,0,0,0,0,0,0,0,0,0,0,0,0,138,138,0,0,0,0,0,0,0,0,0,0,11,0,0,5,0,0
31010,31000,10,魔法戒指_51~60,900,1500,0,9000,182240,40204,1,,,0,0,0,0,0,0,0,0,0,0,0,0,0,172,172,0,0,0,0,0,0,0,0,0,0,14,0,0,7,0,0
31011,31000,11,魔法戒指_51~60,800,0,0,0,200460,40204,1,,,0,0,0,0,0,0,0,0,0,0,0,0,0,206,206,0,0,0,0,0,0,0,0,0,0,17,0,0,9,0,0
31012,31000,12,魔法戒指_51~60,700,0,0,0,218680,40204,1,,,0,0,0,0,0,0,0,0,0,0,0,0,0,240,240,0,0,0,0,0,0,0,0,0,0,20,0,0,11,0,0
31013,31000,13,魔法戒指_51~60,600,0,0,0,236910,40204,1,,,0,0,0,0,0,0,0,0,0,0,0,0,0,284,284,0,0,0,0,0,0,0,0,0,0,23,0,0,13,0,0
31014,31000,14,魔法戒指_51~60,500,0,0,0,255130,40204,1,,,0,0,0,0,0,0,0,0,0,0,0,0,0,328,328,0,0,0,0,0,0,0,0,0,0,26,0,0,15,0,0
31015,31000,15,魔法戒指_51~60,400,0,0,0,273360,40204,1,,,0,0,0,0,0,0,0,0,0,0,0,0,0,372,372,0,0,0,0,0,0,0,0,0,0,29,0,0,17,0,0
31051,31050,1,魔法戒指_61~70,10000,0,0,0,18220,40204,1,,,0,0,0,0,0,0,0,0,0,0,0,0,0,0,0,0,0,0,0,0,0,0,0,0,0,0,0,0,0,0,0
31052,31050,2,魔法戒指_61~70,9000,9500,10000,0,36450,40204,1,,,0,0,0,0,0,0,0,0,0,0,0,0,0,0,0,0,0,0,0,0,0,0,0,0,0,0,0,0,0,0,0
31053,31050,3,魔法戒指_61~70,7500,8500,10000,0,54670,40204,1,,,0,0,0,0,0,0,0,0,0,0,0,0,0,0,0,0,0,0,0,0,0,0,0,0,0,0,0,0,0,0,0
31054,31050,4,魔法戒指_61~70,6000,7500,10000,0,72890,40204,1,,,0,0,0,0,0,0,0,0,0,0,0,0,0,0,0,0,0,0,0,0,0,0,0,0,0,0,0,0,0,0,0
31055,31050,5,魔法戒指_61~70,4500,6500,10000,0,91120,40204,1,,,0,0,0,0,0,0,0,0,0,0,0,0,0,0,0,0,0,0,0,0,0,0,0,0,0,0,0,0,0,0,0
31056,31050,6,魔法戒指_61~70,3500,5500,10000,0,109340,40204,1,,,0,0,0,0,0,0,0,0,0,0,0,0,0,0,0,0,0,0,0,0,0,0,0,0,0,0,0,0,0,0,0
31057,31050,7,魔法戒指_61~70,2500,4500,10000,0,127570,40204,1,,,0,0,0,0,0,0,0,0,0,0,0,0,0,0,0,0,0,0,0,0,0,0,0,0,0,0,0,0,0,0,0
31058,31050,8,魔法戒指_61~70,1500,3500,0,10000,145790,40204,1,,,0,0,0,0,0,0,0,0,0,0,0,0,0,0,0,0,0,0,0,0,0,0,0,0,0,9,0,0,3,0,0
31059,31050,9,魔法戒指_61~70,1000,2500,0,10000,164010,40204,1,,,0,0,0,0,0,0,0,0,0,0,0,0,0,0,0,0,0,0,0,0,0,0,0,0,0,12,0,0,5,0,0
31060,31050,10,魔法戒指_61~70,900,1500,0,9000,182240,40204,1,,,0,0,0,0,0,0,0,0,0,0,0,0,0,0,0,0,0,0,0,0,0,0,0,0,0,15,0,0,7,0,0
31061,31050,11,魔法戒指_61~70,800,0,0,0,200460,40204,1,,,0,0,0,0,0,0,0,0,0,0,0,0,0,0,0,0,0,0,0,0,0,0,0,0,0,18,0,0,9,0,0
31062,31050,12,魔法戒指_61~70,700,0,0,0,218680,40204,1,,,0,0,0,0,0,0,0,0,0,0,0,0,0,0,0,0,0,0,0,0,0,0,0,0,0,21,0,0,11,0,0
31063,31050,13,魔法戒指_61~70,600,0,0,0,236910,40204,1,,,0,0,0,0,0,0,0,0,0,0,0,0,0,0,0,0,0,0,0,0,0,0,0,0,0,24,0,0,13,0,0
31064,31050,14,魔法戒指_61~70,500,0,0,0,255130,40204,1,,,0,0,0,0,0,0,0,0,0,0,0,0,0,0,0,0,0,0,0,0,0,0,0,0,0,27,0,0,15,0,0
31065,31050,15,魔法戒指_61~70,400,0,0,0,273360,40204,1,,,0,0,0,0,0,0,0,0,0,0,0,0,0,0,0,0,0,0,0,0,0,0,0,0,0,30,0,0,17,0,0
