TID,Comment,Group,GroupRate,BoxItem01,BoxItemStack01,DropRate01,BoxItem02,BoxItemStack02,DropRate02,BoxItem03,BoxItemStack03,DropRate03,BoxItem04,BoxItemStack04,DropRate04,BoxItem05,BoxItemStack05,DropRate05,BoxItem06,BoxItemStack06,DropRate06,BoxItem07,BoxItemStack07,DropRate07,BoxItem08,BoxItemStack08,DropRate08,BoxItem09,BoxItemStack09,DropRate09,BoxItem10,BoxItemStack10,DropRate10
箱子TID,规划者用（物品名称填写）,团队箱子(Item桌面 BoxTID 引用),团队特别的下降概率,01#箱子道具,01#重叠量,01#下降率,2#箱子道具,2#重叠量,2#下降率,3#箱子道具,3#重叠量,3#下降量,4#箱子道具,4#重叠量,4#下降量,5#箱子道具,5#重叠量,5#下降量,6#箱子道具,6#重叠量,6#下降量,7#箱子道具,7#重叠量,7#下降量,8#箱子道具,8#重叠量,8#下降量,9#箱子道具,9#重叠量,9#下降量,10#箱子道具,10#重叠量,10#下降量
,,,,,,,,,,,,,,,,,,,,,,,,,,,,,,,,,
U16,CBwString,U16,U16,U32,U8,U16,U32,U8,U16,U32,U8,U16,U32,U8,U16,U32,U8,U16,U32,U8,U16,U32,U8,U16,U32,U8,U16,U32,U8,U16,U32,U8,U16
1,高级 Lv.30 武器 箱子,1,10000,1021621,1,10000,1031621,1,10000,1111621,1,10000,1121621,1,10000,1131621,1,10000,110500,1,10000,110501,1,10000,115500,1,10000,115501,1,10000,2160921,1,10000
2,毁坏 Lv.30 武器 箱子,2,10000,1026621,1,10000,1011621,1,10000,1041621,1,10000,1051621,1,10000,1141621,1,10000,110500,1,10000,110501,1,10000,115500,1,10000,115501,1,10000,2460921,1,10000
3,高级 Lv.30 麻布 箱子,3,10000,100600,1,10000,100601,1,10000,100602,1,10000,100603,1,10000,100604,1,10000,100610,1,10000,100611,1,10000,100612,1,10000,100613,1,10000,100614,1,10000
4,高级 Lv.30 轻甲 箱子,4,10000,100630,1,10000,100631,1,10000,100632,1,10000,100633,1,10000,100634,1,10000,100640,1,10000,100641,1,10000,100642,1,10000,100643,1,10000,100644,1,10000
5,高级 Lv.30 重甲 箱子,5,10000,100660,1,10000,100661,1,10000,100662,1,10000,100663,1,10000,100664,1,10000,100670,1,10000,100671,1,10000,100672,1,10000,100673,1,10000,100674,1,10000
6,毁坏 Lv.30 麻布 箱子,6,10000,105600,1,10000,105601,1,10000,105602,1,10000,105603,1,10000,105604,1,10000,105610,1,10000,105611,1,10000,105612,1,10000,105613,1,10000,105614,1,10000
7,毁坏 Lv.30 轻甲 箱子,7,10000,105630,1,10000,105631,1,10000,105632,1,10000,105633,1,10000,105634,1,10000,105640,1,10000,105641,1,10000,105642,1,10000,105643,1,10000,105644,1,10000
8,毁坏 Lv.30 重甲 箱子,8,10000,105660,1,10000,105661,1,10000,105662,1,10000,105663,1,10000,105664,1,10000,105670,1,10000,105671,1,10000,105672,1,10000,105673,1,10000,105674,1,10000
20,高级 Lv.30 箱子,20,10000,70,1,10000,80,1,10000,81,1,10000,82,1,10000,,,,,,,,,,,,,,,,,,
21,毁坏 Lv.30 箱子,21,10000,71,1,10000,90,1,10000,91,1,10000,92,1,10000,,,,,,,,,,,,,,,,,,
22,高级 lv 30 箱子(测试用),22,10000,2110622,1,10000,2113622,1,10000,2116622,1,10000,2120622,1,10000,2123622,1,10000,2126622,1,10000,2130622,1,10000,2133622,1,10000,2136622,1,10000,,,
23,高级 lv 30 箱子(测试用),23,10000,2140622,1,10000,2143622,1,10000,2146622,1,10000,2150622,1,10000,2153622,1,10000,2156622,1,10000,2160622,1,10000,,,,,,,,,
24,高级 lv 30 箱子(测试用),24,10000,1021221,1,10000,1111221,1,10000,1121221,1,10000,1131221,1,10000,1031221,1,10000,2080421,1,10000,2070321,1,10000,2080421,1,10000,,,,,,
25,高级 lv 35 箱子(测试用),25,10000,2110722,1,10000,2113722,1,10000,2116722,1,10000,2120722,1,10000,2123722,1,10000,2126722,1,10000,2130722,1,10000,2133722,1,10000,2136722,1,10000,,,
26,高级 lv 35 箱子(测试用),26,10000,2140722,1,10000,2143722,1,10000,2146722,1,10000,2150722,1,10000,2153722,1,10000,2156722,1,10000,2160722,1,10000,,,,,,,,,
27,高级 lv 35 箱子(测试用),27,10000,1021421,1,10000,1111421,1,10000,1121421,1,10000,1131421,1,10000,1031421,1,10000,2080421,1,10000,2070421,1,10000,2080421,1,10000,,,,,,
28,高级 lv 40 箱子(测试用),28,10000,2110921,1,10000,2113921,1,10000,2116921,1,10000,2120921,1,10000,2123921,1,10000,2126921,1,10000,2130921,1,10000,2133921,1,10000,2136921,1,10000,,,
29,高级 lv 40 箱子(测试用),29,10000,2140921,1,10000,2143921,1,10000,2146921,1,10000,2150921,1,10000,2153921,1,10000,2156921,1,10000,2160921,1,10000,,,,,,,,,
30,高级 lv 40 箱子(测试用),30,10000,1021621,1,10000,1111621,1,10000,1121621,1,10000,1131621,1,10000,1031621,1,10000,2080521,1,10000,2070421,1,10000,2080521,1,10000,,,,,,
31,毁坏 lv 30 箱子(测试用),31,10000,2410622,1,10000,2413622,1,10000,2416622,1,10000,2420622,1,10000,2423622,1,10000,2426622,1,10000,2430622,1,10000,2433622,1,10000,2436622,1,10000,,,
32,毁坏 lv 30 箱子(测试用),32,10000,2440622,1,10000,2443622,1,10000,2446622,1,10000,2450622,1,10000,2453622,1,10000,2456622,1,10000,2460622,1,10000,,,,,,,,,
33,毁坏 lv 30 箱子(测试用),33,10000,1026221,1,10000,1011221,1,10000,1041221,1,10000,1051221,1,10000,1141221,1,10000,2080421,1,10000,2070321,1,10000,2080421,1,10000,,,,,,
34,毁坏 lv 35 箱子(测试用),34,10000,2410722,1,10000,2413722,1,10000,2416722,1,10000,2420722,1,10000,2423722,1,10000,2426722,1,10000,2430722,1,10000,2433722,1,10000,2436722,1,10000,,,
35,毁坏 lv 35 箱子(测试用),35,10000,2440722,1,10000,2443722,1,10000,2446722,1,10000,2450722,1,10000,2453722,1,10000,2456722,1,10000,2460722,1,10000,,,,,,,,,
36,毁坏 lv 35 箱子(测试用),36,10000,1026421,1,10000,1011421,1,10000,1041421,1,10000,1051421,1,10000,1141421,1,10000,2080421,1,10000,2070421,1,10000,2080421,1,10000,,,,,,
37,毁坏 lv 40 箱子(测试用),37,10000,2410921,1,10000,2413921,1,10000,2416921,1,10000,2420921,1,10000,2423921,1,10000,2426921,1,10000,2430921,1,10000,2433921,1,10000,2436921,1,10000,,,
38,毁坏 lv 40 箱子(测试用),38,10000,2440921,1,10000,2443921,1,10000,2446921,1,10000,2450921,1,10000,2453921,1,10000,2456921,1,10000,2460921,1,10000,,,,,,,,,
39,毁坏 lv 40 箱子(测试用),39,10000,1026621,1,10000,1011621,1,10000,1041621,1,10000,1051621,1,10000,1141621,1,10000,2080521,1,10000,2070421,1,10000,2080521,1,10000,,,,,,
40,高级 lv 30 箱子,40,10000,25,1,10000,26,1,10000,27,1,10000,,,,,,,,,,,,,,,,,,,,,
41,高级 lv 35 箱子,41,10000,28,1,10000,29,1,10000,30,1,10000,,,,,,,,,,,,,,,,,,,,,
42,高级 lv 40 箱子,42,10000,31,1,10000,32,1,10000,33,1,10000,,,,,,,,,,,,,,,,,,,,,
43,毁坏 lv 30 箱子,43,10000,34,1,10000,35,1,10000,36,1,10000,,,,,,,,,,,,,,,,,,,,,
44,毁坏 lv 35 箱子,44,10000,37,1,10000,38,1,10000,39,1,10000,,,,,,,,,,,,,,,,,,,,,
45,毁坏 lv 40 箱子,45,10000,40,1,10000,41,1,10000,42,1,10000,,,,,,,,,,,,,,,,,,,,,
100,(CBT 活动用)-饰品 6级 礼物 箱子,100,10000,2070001,1,10000,2080001,1,10000,2080002,1,10000,,,,,,,,,,,,,,,,,,,,,
101,(CBT 活动用)-饰品 12级 礼物 箱子,101,10000,2070111,1,10000,2080111,1,10000,2080112,1,10000,,,,,,,,,,,,,,,,,,,,,
102,(CBT 活动用)-饰品 18级 礼物 箱子,102,10000,2070211,1,10000,2080211,1,10000,2080212,1,10000,,,,,,,,,,,,,,,,,,,,,
120,(CBT 活动用)-高级 武器 3级 礼物 箱子,120,10000,1120101,1,10000,1110101,1,10000,1020101,1,10000,1130101,1,10000,1030101,1,10000,1100101,1,10000,9084,1,10000,,,,,,,,,
121,(CBT 活动用)-高级 武器 5级 礼物 箱子,121,10000,1120201,1,10000,1110201,1,10000,1020201,1,10000,1130201,1,10000,1030201,1,10000,1100201,1,10000,9085,1,10000,,,,,,,,,
122,(CBT 活动用)-高级 武器 10级 礼物 箱子,122,10000,1120411,1,10000,1110411,1,10000,1020411,1,10000,1130411,1,10000,1030411,1,10000,1100411,1,10000,9086,1,10000,9070,3,10000,,,,,,
123,(CBT 活动用)-高级 武器 15级 礼物 箱子,123,10000,1120611,1,10000,1110611,1,10000,1020611,1,10000,1130611,1,10000,1030611,1,10000,1100611,1,10000,9087,1,10000,,,,,,,,,
124,(CBT 活动用)-高级 武器 20级 礼物 箱子,124,10000,1120811,1,10000,1110811,1,10000,1020811,1,10000,1130811,1,10000,1030811,1,10000,1100811,1,10000,9070,3,10000,,,,,,,,,
140,(CBT 活动用)-毁坏 武器 3级 礼物 箱子,140,10000,1040101,1,10000,1010101,1,10000,1025101,1,10000,1050101,1,10000,1140101,1,10000,1090101,1,10000,9089,1,10000,,,,,,,,,
141,(CBT 活动用)-毁坏 武器 5级 礼物 箱子,141,10000,1040201,1,10000,1010201,1,10000,1025201,1,10000,1050201,1,10000,1140201,1,10000,1090201,1,10000,9090,1,10000,,,,,,,,,
142,(CBT 活动用)-毁坏 武器 10级 礼物 箱子,142,10000,1040411,1,10000,1010411,1,10000,1025411,1,10000,1050411,1,10000,1140411,1,10000,1090411,1,10000,9091,1,10000,9070,3,10000,,,,,,
143,(CBT 活动用)-毁坏 武器 15级 礼物 箱子,143,10000,1040611,1,10000,1010611,1,10000,1025611,1,10000,1050611,1,10000,1140611,1,10000,1090611,1,10000,9092,1,10000,,,,,,,,,
144,(CBT 活动用)-毁坏 武器 20级 礼物 箱子,144,10000,1040811,1,10000,1010811,1,10000,1025811,1,10000,1050811,1,10000,1140811,1,10000,1090811,1,10000,9070,3,10000,,,,,,,,,
150,(CBT 活动用)-奖励/技能 初始化 11级 礼物 箱子,150,10000,90011,1,10000,90012,1,10000,,,,,,,,,,,,,,,,,,,,,,,,
151,(CBT 活动用)-奖励/技能 初始化 21级 礼物 箱子,151,10000,90011,2,10000,90012,2,10000,9069,5,10000,,,,,,,,,,,,,,,,,,,,,
152,(CBT 活动用)-奖励/技能 初始化 30级 礼物 箱子,152,10000,90011,2,10000,90012,2,10000,9069,10,10000,,,,,,,,,,,,,,,,,,,,,
153,3级 礼物 箱子,153,10000,9000,20,10000,70200,1,10000,510015,3,10000,90062,5,10000,,,,,,,,,,,,,,,,,,
154,7级 礼物 箱子,154,10000,9000,20,10000,9010,20,10000,9040,5,10000,82000,3,10000,,,,,,,,,,,,,,,,,,
155,15级 礼物 箱子,155,10000,70300,1,10000,90021,200,10000,9070,3,10000,510030,20,10000,,,,,,,,,,,,,,,,,,
156,20级 礼物 箱子,156,10000,510015,5,10000,510030,20,10000,510043,20,10000,90062,5,10000,,,,,,,,,,,,,,,,,,
157,25级 礼物 箱子,157,10000,90022,200,10000,510030,20,10000,510003,1,10000,510001,1,10000,510002,1,10000,,,,,,,,,,,,,,,
158,30级 礼物 箱子,158,10000,510018,1,10000,9069,5,10000,510030,20,10000,510043,20,10000,510016,10,10000,,,,,,,,,,,,,,,
159,35级 礼物 箱子,159,10000,510004,1,10000,510005,1,10000,510006,1,10000,82003,3,10000,510014,2,10000,,,,,,,,,,,,,,,
160,40级 礼物 箱子,160,10000,9071,2,10000,90023,200,10000,510017,1,10000,510000,2,10000,82003,3,10000,,,,,,,,,,,,,,,
161,1时间连接 礼物 箱子,161,10000,9070,3,2000,9040,3,3000,90021,50,4000,11040,2,5700,510030,5,6200,90045,1,6400,9069,5,8400,510016,10,9100,90022,50,9700,90024,1,10000
162,3时间达成 礼物 箱子,162,10000,9040,5,2000,90021,100,4500,11040,3,6500,510030,10,7000,90045,2,7200,510016,15,8200,90022,100,9700,90024,2,10000,,,,,,
163,PC房 礼物 箱子,163,10000,9070,3,2000,9040,3,3000,90021,50,4000,11040,2,5700,510030,5,6200,90045,1,6400,9069,5,8400,510016,10,9100,90022,50,9700,90024,1,10000
200,图案 箱子,200,10000,72001,1,10000,72101,1,10000,72000,1,10000,72100,1,10000,70100,1,10000,,,,,,,,,,,,,,,
1000,高级 防御服 礼物 箱子,1000,10000,9200,1,10000,9201,1,10000,9202,1,10000,9203,1,10000,9204,1,10000,,,,,,,,,,,,,,,
1001,任务奖励-高级 5级 礼物 箱子,1001,10000,1120201,1,10000,1110201,1,10000,1020201,1,10000,1130201,1,10000,1030201,1,10000,,,,,,,,,,,,,,,
1002,任务奖励-高级 10级 礼物 箱子,1002,10000,1120401,1,10000,1110401,1,10000,1020401,1,10000,1130401,1,10000,1030401,1,10000,,,,,,,,,,,,,,,
1003,任务奖励-高级 15级 礼物 箱子,1003,10000,1120601,1,10000,1110601,1,10000,1020601,1,10000,1130601,1,10000,1030601,1,10000,,,,,,,,,,,,,,,
1004,任务奖励-高级 20级 礼物 箱子,1004,10000,1120801,1,10000,1110801,1,10000,1020801,1,10000,1130801,1,10000,1030801,1,10000,,,,,,,,,,,,,,,
1005,任务奖励-高级 25级 礼物 箱子,1005,10000,1121011,1,10000,1111011,1,10000,1021011,1,10000,1131011,1,10000,1031011,1,10000,,,,,,,,,,,,,,,
1006,任务奖励-高级 30级 礼物 箱子,1006,10000,1121211,1,10000,1111211,1,10000,1021211,1,10000,1131211,1,10000,1031211,1,10000,,,,,,,,,,,,,,,
1050,毁坏 防御服 礼物 箱子,1050,10000,9206,1,10000,9207,1,10000,9208,1,10000,9209,1,10000,9210,1,10000,,,,,,,,,,,,,,,
1051,任务奖励-毁坏 5级 礼物 箱子,1051,10000,1040201,1,10000,1010201,1,10000,1025201,1,10000,1050201,1,10000,1140201,1,10000,,,,,,,,,,,,,,,
1052,任务奖励-毁坏 10级 礼物 箱子,1052,10000,1040401,1,10000,1010401,1,10000,1025401,1,10000,1050401,1,10000,1140401,1,10000,,,,,,,,,,,,,,,
1053,任务奖励-毁坏 15级 礼物 箱子,1053,10000,1040601,1,10000,1010601,1,10000,1025601,1,10000,1050601,1,10000,1140601,1,10000,,,,,,,,,,,,,,,
1054,任务奖励-毁坏 20级 礼物 箱子,1054,10000,1040801,1,10000,1010801,1,10000,1025801,1,10000,1050801,1,10000,1140801,1,10000,,,,,,,,,,,,,,,
1055,任务奖励-毁坏 25级 礼物 箱子,1055,10000,1041011,1,10000,1011011,1,10000,1026011,1,10000,1051011,1,10000,1141011,1,10000,,,,,,,,,,,,,,,
1056,任务奖励-毁坏 30级 礼物 箱子,1056,10000,1041211,1,10000,1011211,1,10000,1026211,1,10000,1051211,1,10000,1141211,1,10000,,,,,,,,,,,,,,,
1100,任务奖励-高级 1级 武器 熟练度 礼物 箱子,1100,10000,13000,1,10000,13100,1,10000,13200,1,10000,13300,1,10000,13400,1,10000,,,,,,,,,,,,,,,
1101,任务奖励-高级 2级 武器 熟练度 礼物 箱子,1101,10000,13001,1,10000,13101,1,10000,13201,1,10000,13301,1,10000,13401,1,10000,,,,,,,,,,,,,,,
1102,任务奖励-高级 3级 武器 熟练度 礼物 箱子,1102,10000,13002,1,10000,13102,1,10000,13202,1,10000,13302,1,10000,13402,1,10000,,,,,,,,,,,,,,,
1103,任务奖励-高级 4级 武器 熟练度 礼物 箱子,1103,10000,13003,1,10000,13103,1,10000,13203,1,10000,13303,1,10000,13403,1,10000,,,,,,,,,,,,,,,
1104,任务奖励-高级 5级 武器 熟练度 礼物 箱子,1104,10000,13004,1,10000,13104,1,10000,13204,1,10000,13304,1,10000,13404,1,10000,,,,,,,,,,,,,,,
1105,任务奖励-高级 6级 武器 熟练度 礼物 箱子,1105,10000,13005,1,10000,13105,1,10000,13205,1,10000,13305,1,10000,13405,1,10000,,,,,,,,,,,,,,,
1106,任务奖励-高级 7级 武器 熟练度 礼物 箱子,1106,10000,13006,1,10000,13106,1,10000,13206,1,10000,13306,1,10000,13406,1,10000,,,,,,,,,,,,,,,
1107,任务奖励-高级 8级 武器 熟练度 礼物 箱子,1107,10000,13007,1,10000,13107,1,10000,13207,1,10000,13307,1,10000,13407,1,10000,,,,,,,,,,,,,,,
1108,任务奖励-高级 9级 武器 熟练度 礼物 箱子,1108,10000,13008,1,10000,13108,1,10000,13208,1,10000,13308,1,10000,13408,1,10000,,,,,,,,,,,,,,,
1109,任务奖励-高级 10级 武器 熟练度 礼物 箱子,1109,10000,13009,1,10000,13109,1,10000,13209,1,10000,13309,1,10000,13409,1,10000,,,,,,,,,,,,,,,
1200,任务奖励-毁坏 1级 武器 熟练度 礼物 箱子,1200,10000,14000,1,10000,14100,1,10000,14200,1,10000,14300,1,10000,14400,1,10000,,,,,,,,,,,,,,,
1201,任务奖励-毁坏 2级 武器 熟练度 礼物 箱子,1201,10000,14001,1,10000,14101,1,10000,14201,1,10000,14301,1,10000,14401,1,10000,,,,,,,,,,,,,,,
1202,任务奖励-毁坏 3级 武器 熟练度 礼物 箱子,1202,10000,14002,1,10000,14102,1,10000,14202,1,10000,14302,1,10000,14402,1,10000,,,,,,,,,,,,,,,
1203,任务奖励-毁坏 4级 武器 熟练度 礼物 箱子,1203,10000,14003,1,10000,14103,1,10000,14203,1,10000,14303,1,10000,14403,1,10000,,,,,,,,,,,,,,,
1204,任务奖励-毁坏 5级 武器 熟练度 礼物 箱子,1204,10000,14004,1,10000,14104,1,10000,14204,1,10000,14304,1,10000,14404,1,10000,,,,,,,,,,,,,,,
1205,任务奖励-毁坏 6级 武器 熟练度 礼物 箱子,1205,10000,14005,1,10000,14105,1,10000,14205,1,10000,14305,1,10000,14405,1,10000,,,,,,,,,,,,,,,
1206,任务奖励-毁坏 7级 武器 熟练度 礼物 箱子,1206,10000,14006,1,10000,14106,1,10000,14206,1,10000,14306,1,10000,14406,1,10000,,,,,,,,,,,,,,,
1207,任务奖励-毁坏 8级 武器 熟练度 礼物 箱子,1207,10000,14007,1,10000,14107,1,10000,14207,1,10000,14307,1,10000,14407,1,10000,,,,,,,,,,,,,,,
1208,任务奖励-毁坏 9级 武器 熟练度 礼物 箱子,1208,10000,14008,1,10000,14108,1,10000,14208,1,10000,14308,1,10000,14408,1,10000,,,,,,,,,,,,,,,
1209,任务奖励-毁坏 10级 武器 熟练度 礼物 箱子,1209,10000,14009,1,10000,14109,1,10000,14209,1,10000,14309,1,10000,14409,1,10000,,,,,,,,,,,,,,,
2000,Lv10 豪华 箱子(高级) - 头发,2000,1404,2110211,1,1667,2110212,1,3334,2113211,1,5001,2113212,1,6668,2116211,1,8335,2116212,1,10000,,,,,,,,,,,,
2001,Lv10 豪华 箱子(高级) - 胸部,2000,2808,2120211,1,1667,2120212,1,3334,2123211,1,5001,2123212,1,6668,2126211,1,8335,2126212,1,10000,,,,,,,,,,,,
2002,Lv10 豪华 箱子(高级) - 手,2000,4212,2130211,1,1667,2130212,1,3334,2133211,1,5001,2133212,1,6668,2136211,1,8335,2136212,1,10000,,,,,,,,,,,,
2003,Lv10 豪华 箱子(高级) - 腰,2000,5616,2140211,1,1667,2140212,1,3334,2143211,1,5001,2143212,1,6668,2146211,1,8335,2146212,1,10000,,,,,,,,,,,,
2004,Lv10 豪华 箱子(高级) - 脚,2000,7020,2150211,1,1667,2150212,1,3334,2153211,1,5001,2153212,1,6668,2156211,1,8335,2156212,1,10000,,,,,,,,,,,,
2005,Lv10 豪华 箱子(高级) - 斗篷,2000,7488,2160211,1,5000,2160212,1,10000,,,,,,,,,,,,,,,,,,,,,,,,
2006,Lv10 豪华 箱子(高级) - 武器,2000,10000,1020411,1,1667,1030411,1,3334,1110411,1,5001,1120411,1,6668,1130411,1,8335,1100411,1,10000,,,,,,,,,,,,
2010,Lv10 珍贵的 箱子(高级) - 头发,2010,1404,2110221,1,1667,2110222,1,3334,2113221,1,5001,2113222,1,6668,2116221,1,8335,2116222,1,10000,,,,,,,,,,,,
2011,Lv10 珍贵的 箱子(高级) - 胸部,2010,2808,2120221,1,1667,2120222,1,3334,2123221,1,5001,2123222,1,6668,2126221,1,8335,2126222,1,10000,,,,,,,,,,,,
2012,Lv10 珍贵的 箱子(高级) - 手,2010,4212,2130221,1,1667,2130222,1,3334,2133221,1,5001,2133222,1,6668,2136221,1,8335,2136222,1,10000,,,,,,,,,,,,
2013,Lv10 珍贵的 箱子(高级) - 腰,2010,5616,2140221,1,1667,2140222,1,3334,2143221,1,5001,2143222,1,6668,2146221,1,8335,2146222,1,10000,,,,,,,,,,,,
2014,Lv10 珍贵的 箱子(高级) - 脚,2010,7020,2150221,1,1667,2150222,1,3334,2153221,1,5001,2153222,1,6668,2156221,1,8335,2156222,1,10000,,,,,,,,,,,,
2015,Lv10 珍贵的 箱子(高级) - 斗篷,2010,7488,2160221,1,5000,2160222,1,10000,,,,,,,,,,,,,,,,,,,,,,,,
2016,Lv10 珍贵的 箱子(高级) - 武器,2010,10000,1020421,1,1667,1030421,1,3334,1110421,1,5001,1120421,1,6668,1130421,1,8335,1100421,1,10000,,,,,,,,,,,,
2020,Lv10 特别的箱子(高级) - 头发,2020,1404,2110231,1,1667,2110232,1,3334,2113231,1,5001,2113232,1,6668,2116231,1,8335,2116232,1,10000,,,,,,,,,,,,
2021,Lv10 特别的箱子(高级) - 胸部,2020,2808,2120231,1,1667,2120232,1,3334,2123231,1,5001,2123232,1,6668,2126231,1,8335,2126232,1,10000,,,,,,,,,,,,
2022,Lv10 特别的箱子(高级) - 手,2020,4212,2130231,1,1667,2130232,1,3334,2133231,1,5001,2133232,1,6668,2136231,1,8335,2136232,1,10000,,,,,,,,,,,,
2023,Lv10 特别的箱子(高级) - 腰,2020,5616,2140231,1,1667,2140232,1,3334,2143231,1,5001,2143232,1,6668,2146231,1,8335,2146232,1,10000,,,,,,,,,,,,
2024,Lv10 特别的箱子(高级) - 脚,2020,7020,2150231,1,1667,2150232,1,3334,2153231,1,5001,2153232,1,6668,2156231,1,8335,2156232,1,10000,,,,,,,,,,,,
2025,Lv10 特别的箱子(高级) - 斗篷,2020,7488,2160231,1,5000,2160232,1,10000,,,,,,,,,,,,,,,,,,,,,,,,
2026,Lv10 特别的箱子(高级) - 武器,2020,10000,1020431,1,1667,1030431,1,3334,1110431,1,5001,1120431,1,6668,1130431,1,8335,1100431,1,10000,,,,,,,,,,,,
2030,Lv13 豪华 箱子(高级) - 头发,2030,1404,2110311,1,1667,2110312,1,3334,2113311,1,5001,2113312,1,6668,2116311,1,8335,2116312,1,10000,,,,,,,,,,,,
2031,Lv13 豪华 箱子(高级) - 胸部,2030,2808,2120311,1,1667,2120312,1,3334,2123311,1,5001,2123312,1,6668,2126311,1,8335,2126312,1,10000,,,,,,,,,,,,
2032,Lv13 豪华 箱子(高级) - 手,2030,4212,2130311,1,1667,2130312,1,3334,2133311,1,5001,2133312,1,6668,2136311,1,8335,2136312,1,10000,,,,,,,,,,,,
2033,Lv13 豪华 箱子(高级) - 腰,2030,5616,2140311,1,1667,2140312,1,3334,2143311,1,5001,2143312,1,6668,2146311,1,8335,2146312,1,10000,,,,,,,,,,,,
2034,Lv13 豪华 箱子(高级) - 脚,2030,7020,2150311,1,1667,2150312,1,3334,2153311,1,5001,2153312,1,6668,2156311,1,8335,2156312,1,10000,,,,,,,,,,,,
2035,Lv13 豪华 箱子(高级) - 斗篷,2030,7488,2160311,1,5000,2160312,1,10000,,,,,,,,,,,,,,,,,,,,,,,,
2036,Lv13 豪华 箱子(高级) - 武器,2030,10000,1020511,1,1667,1030511,1,3334,1110511,1,5001,1120511,1,6668,1130511,1,8335,1100511,1,10000,,,,,,,,,,,,
2040,Lv13 珍贵的 箱子(高级) - 头发,2040,1404,2110321,1,1667,2110322,1,3334,2113321,1,5001,2113322,1,6668,2116321,1,8335,2116322,1,10000,,,,,,,,,,,,
2041,Lv13 珍贵的 箱子(高级) - 胸部,2040,2808,2120321,1,1667,2120322,1,3334,2123321,1,5001,2123322,1,6668,2126321,1,8335,2126322,1,10000,,,,,,,,,,,,
2042,Lv13 珍贵的 箱子(高级) - 手,2040,4212,2130321,1,1667,2130322,1,3334,2133321,1,5001,2133322,1,6668,2136321,1,8335,2136322,1,10000,,,,,,,,,,,,
2043,Lv13 珍贵的 箱子(高级) - 腰,2040,5616,2140321,1,1667,2140322,1,3334,2143321,1,5001,2143322,1,6668,2146321,1,8335,2146322,1,10000,,,,,,,,,,,,
2044,Lv13 珍贵的 箱子(高级) - 脚,2040,7020,2150321,1,1667,2150322,1,3334,2153321,1,5001,2153322,1,6668,2156321,1,8335,2156322,1,10000,,,,,,,,,,,,
2045,Lv13 珍贵的 箱子(高级) - 斗篷,2040,7488,2160321,1,5000,2160322,1,10000,,,,,,,,,,,,,,,,,,,,,,,,
2046,Lv13 珍贵的 箱子(高级) - 武器,2040,10000,1020521,1,1667,1030521,1,3334,1110521,1,5001,1120521,1,6668,1130521,1,8335,1100521,1,10000,,,,,,,,,,,,
2050,Lv13 特别的箱子(高级) - 头发,2050,1404,2110331,1,1667,2110332,1,3334,2113331,1,5001,2113332,1,6668,2116331,1,8335,2116332,1,10000,,,,,,,,,,,,
2051,Lv13 特别的箱子(高级) - 胸部,2050,2808,2120331,1,1667,2120332,1,3334,2123331,1,5001,2123332,1,6668,2126331,1,8335,2126332,1,10000,,,,,,,,,,,,
2052,Lv13 特别的箱子(高级) - 手,2050,4212,2130331,1,1667,2130332,1,3334,2133331,1,5001,2133332,1,6668,2136331,1,8335,2136332,1,10000,,,,,,,,,,,,
2053,Lv13 特别的箱子(高级) - 腰,2050,5616,2140331,1,1667,2140332,1,3334,2143331,1,5001,2143332,1,6668,2146331,1,8335,2146332,1,10000,,,,,,,,,,,,
2054,Lv13 特别的箱子(高级) - 脚,2050,7020,2150331,1,1667,2150332,1,3334,2153331,1,5001,2153332,1,6668,2156331,1,8335,2156332,1,10000,,,,,,,,,,,,
2055,Lv13 特别的箱子(高级) - 斗篷,2050,7488,2160331,1,5000,2160332,1,10000,,,,,,,,,,,,,,,,,,,,,,,,
2056,Lv13 特别的箱子(高级) - 武器,2050,10000,1020531,1,1667,1030531,1,3334,1110531,1,5001,1120531,1,6668,1130531,1,8335,1100531,1,10000,,,,,,,,,,,,
2060,Lv20 豪华 箱子(高级) - 头发,2060,1404,2110411,1,1667,2110412,1,3334,2113411,1,5001,2113412,1,6668,2116411,1,8335,2116412,1,10000,,,,,,,,,,,,
2061,Lv20 豪华 箱子(高级) - 胸部,2060,2808,2120411,1,1667,2120412,1,3334,2123411,1,5001,2123412,1,6668,2126411,1,8335,2126412,1,10000,,,,,,,,,,,,
2062,Lv20 豪华 箱子(高级) - 手,2060,4212,2130411,1,1667,2130412,1,3334,2133411,1,5001,2133412,1,6668,2136411,1,8335,2136412,1,10000,,,,,,,,,,,,
2063,Lv20 豪华 箱子(高级) - 腰,2060,5616,2140411,1,1667,2140412,1,3334,2143411,1,5001,2143412,1,6668,2146411,1,8335,2146412,1,10000,,,,,,,,,,,,
2064,Lv20 豪华 箱子(高级) - 脚,2060,7020,2150411,1,1667,2150412,1,3334,2153411,1,5001,2153412,1,6668,2156411,1,8335,2156412,1,10000,,,,,,,,,,,,
2065,Lv20 豪华 箱子(高级) - 斗篷,2060,7488,2160411,1,5000,2160412,1,10000,,,,,,,,,,,,,,,,,,,,,,,,
2066,Lv20 豪华 箱子(高级) - 武器,2060,10000,1020811,1,1667,1030811,1,3334,1110811,1,5001,1120811,1,6668,1130811,1,8335,1100811,1,10000,,,,,,,,,,,,
2070,Lv20 珍贵的 箱子(高级) - 头发,2070,1404,2110421,1,1667,2110422,1,3334,2113421,1,5001,2113422,1,6668,2116421,1,8335,2116422,1,10000,,,,,,,,,,,,
2071,Lv20 珍贵的 箱子(高级) - 胸部,2070,2808,2120421,1,1667,2120422,1,3334,2123421,1,5001,2123422,1,6668,2126421,1,8335,2126422,1,10000,,,,,,,,,,,,
2072,Lv20 珍贵的 箱子(高级) - 手,2070,4212,2130421,1,1667,2130422,1,3334,2133421,1,5001,2133422,1,6668,2136421,1,8335,2136422,1,10000,,,,,,,,,,,,
2073,Lv20 珍贵的 箱子(高级) - 腰,2070,5616,2140421,1,1667,2140422,1,3334,2143421,1,5001,2143422,1,6668,2146421,1,8335,2146422,1,10000,,,,,,,,,,,,
2074,Lv20 珍贵的 箱子(高级) - 脚,2070,7020,2150421,1,1667,2150422,1,3334,2153421,1,5001,2153422,1,6668,2156421,1,8335,2156422,1,10000,,,,,,,,,,,,
2075,Lv20 珍贵的 箱子(高级) - 斗篷,2070,7488,2160421,1,5000,2160422,1,10000,,,,,,,,,,,,,,,,,,,,,,,,
2076,Lv20 珍贵的 箱子(高级) - 武器,2070,10000,1020821,1,1667,1030821,1,3334,1110821,1,5001,1120821,1,6668,1130821,1,8335,1100821,1,10000,,,,,,,,,,,,
2080,Lv20 特别的箱子(高级) - 头发,2080,1404,2110431,1,1667,2110432,1,3334,2113431,1,5001,2113432,1,6668,2116431,1,8335,2116432,1,10000,,,,,,,,,,,,
2081,Lv20 特别的箱子(高级) - 胸部,2080,2808,2120431,1,1667,2120432,1,3334,2123431,1,5001,2123432,1,6668,2126431,1,8335,2126432,1,10000,,,,,,,,,,,,
2082,Lv20 特别的箱子(高级) - 手,2080,4212,2130431,1,1667,2130432,1,3334,2133431,1,5001,2133432,1,6668,2136431,1,8335,2136432,1,10000,,,,,,,,,,,,
2083,Lv20 特别的箱子(高级) - 腰,2080,5616,2140431,1,1667,2140432,1,3334,2143431,1,5001,2143432,1,6668,2146431,1,8335,2146432,1,10000,,,,,,,,,,,,
2084,Lv20 特别的箱子(高级) - 脚,2080,7020,2150431,1,1667,2150432,1,3334,2153431,1,5001,2153432,1,6668,2156431,1,8335,2156432,1,10000,,,,,,,,,,,,
2085,Lv20 特别的箱子(高级) - 斗篷,2080,7488,2160431,1,5000,2160432,1,10000,,,,,,,,,,,,,,,,,,,,,,,,
2086,Lv20 特别的箱子(高级) - 武器,2080,10000,1020831,1,1667,1030831,1,3334,1110831,1,5001,1120831,1,6668,1130831,1,8335,1100831,1,10000,,,,,,,,,,,,
2090,Lv25 豪华 箱子(高级) - 头发,2090,1404,2110511,1,1667,2110512,1,3334,2113511,1,5001,2113512,1,6668,2116511,1,8335,2116512,1,10000,,,,,,,,,,,,
2091,Lv25 豪华 箱子(高级) - 胸部,2090,2808,2120511,1,1667,2120512,1,3334,2123511,1,5001,2123512,1,6668,2126511,1,8335,2126512,1,10000,,,,,,,,,,,,
2092,Lv25 豪华 箱子(高级) - 手,2090,4212,2130511,1,1667,2130512,1,3334,2133511,1,5001,2133512,1,6668,2136511,1,8335,2136512,1,10000,,,,,,,,,,,,
2093,Lv25 豪华 箱子(高级) - 腰,2090,5616,2140511,1,1667,2140512,1,3334,2143511,1,5001,2143512,1,6668,2146511,1,8335,2146512,1,10000,,,,,,,,,,,,
2094,Lv25 豪华 箱子(高级) - 脚,2090,7020,2150511,1,1667,2150512,1,3334,2153511,1,5001,2153512,1,6668,2156511,1,8335,2156512,1,10000,,,,,,,,,,,,
2095,Lv25 豪华 箱子(高级) - 斗篷,2090,7488,2160511,1,5000,2160512,1,10000,,,,,,,,,,,,,,,,,,,,,,,,
2096,Lv25 豪华 箱子(高级) - 武器,2090,10000,1021011,1,1667,1031011,1,3334,1111011,1,5001,1121011,1,6668,1131011,1,8335,1101011,1,10000,,,,,,,,,,,,
2100,Lv25 珍贵的 箱子(高级) - 头发,2100,1404,2110521,1,1667,2110522,1,3334,2113521,1,5001,2113522,1,6668,2116521,1,8335,2116522,1,10000,,,,,,,,,,,,
2101,Lv25 珍贵的 箱子(高级) - 胸部,2100,2808,2120521,1,1667,2120522,1,3334,2123521,1,5001,2123522,1,6668,2126521,1,8335,2126522,1,10000,,,,,,,,,,,,
2102,Lv25 珍贵的 箱子(高级) - 手,2100,4212,2130521,1,1667,2130522,1,3334,2133521,1,5001,2133522,1,6668,2136521,1,8335,2136522,1,10000,,,,,,,,,,,,
2103,Lv25 珍贵的 箱子(高级) - 腰,2100,5616,2140521,1,1667,2140522,1,3334,2143521,1,5001,2143522,1,6668,2146521,1,8335,2146522,1,10000,,,,,,,,,,,,
2104,Lv25 珍贵的 箱子(高级) - 脚,2100,7020,2150521,1,1667,2150522,1,3334,2153521,1,5001,2153522,1,6668,2156521,1,8335,2156522,1,10000,,,,,,,,,,,,
2105,Lv25 珍贵的 箱子(高级) - 斗篷,2100,7488,2160521,1,5000,2160522,1,10000,,,,,,,,,,,,,,,,,,,,,,,,
2106,Lv25 珍贵的 箱子(高级) - 武器,2100,10000,1021021,1,1667,1031021,1,3334,1111021,1,5001,1121021,1,6668,1131021,1,8335,1101021,1,10000,,,,,,,,,,,,
2110,Lv25 特别的箱子(高级) - 头发,2110,1404,2110531,1,1667,2110532,1,3334,2113531,1,5001,2113532,1,6668,2116531,1,8335,2116532,1,10000,,,,,,,,,,,,
2111,Lv25 特别的箱子(高级) - 胸部,2110,2808,2120531,1,1667,2120532,1,3334,2123531,1,5001,2123532,1,6668,2126531,1,8335,2126532,1,10000,,,,,,,,,,,,
2112,Lv25 特别的箱子(高级) - 手,2110,4212,2130531,1,1667,2130532,1,3334,2133531,1,5001,2133532,1,6668,2136531,1,8335,2136532,1,10000,,,,,,,,,,,,
2113,Lv25 特别的箱子(高级) - 腰,2110,5616,2140531,1,1667,2140532,1,3334,2143531,1,5001,2143532,1,6668,2146531,1,8335,2146532,1,10000,,,,,,,,,,,,
2114,Lv25 特别的箱子(高级) - 脚,2110,7020,2150531,1,1667,2150532,1,3334,2153531,1,5001,2153532,1,6668,2156531,1,8335,2156532,1,10000,,,,,,,,,,,,
2115,Lv25 特别的箱子(高级) - 斗篷,2110,7488,2160531,1,5000,2160532,1,10000,,,,,,,,,,,,,,,,,,,,,,,,
2116,Lv25 特别的箱子(高级) - 武器,2110,10000,1021031,1,1667,1031031,1,3334,1111031,1,5001,1121031,1,6668,1131031,1,8335,1101031,1,10000,,,,,,,,,,,,
2120,Lv30 豪华 箱子(高级) - 头发,2120,1404,2110611,1,1667,2110612,1,3334,2113611,1,5001,2113612,1,6668,2116611,1,8335,2116612,1,10000,,,,,,,,,,,,
2121,Lv30 豪华 箱子(高级) - 胸部,2120,2808,2120611,1,1667,2120612,1,3334,2123611,1,5001,2123612,1,6668,2126611,1,8335,2126612,1,10000,,,,,,,,,,,,
2122,Lv30 豪华 箱子(高级) - 手,2120,4212,2130611,1,1667,2130612,1,3334,2133611,1,5001,2133612,1,6668,2136611,1,8335,2136612,1,10000,,,,,,,,,,,,
2123,Lv30 豪华 箱子(高级) - 腰,2120,5616,2140611,1,1667,2140612,1,3334,2143611,1,5001,2143612,1,6668,2146611,1,8335,2146612,1,10000,,,,,,,,,,,,
2124,Lv30 豪华 箱子(高级) - 脚,2120,7020,2150611,1,1667,2150612,1,3334,2153611,1,5001,2153612,1,6668,2156611,1,8335,2156612,1,10000,,,,,,,,,,,,
2125,Lv30 豪华 箱子(高级) - 斗篷,2120,7488,2160611,1,5000,2160612,1,10000,,,,,,,,,,,,,,,,,,,,,,,,
2126,Lv30 豪华 箱子(高级) - 武器,2120,10000,1021211,1,1667,1031211,1,3334,1111211,1,5001,1121211,1,6668,1131211,1,8335,1101211,1,10000,,,,,,,,,,,,
2130,Lv30 珍贵的 箱子(高级) - 头发,2130,1404,2110621,1,1667,2110622,1,3334,2113621,1,5001,2113622,1,6668,2116621,1,8335,2116622,1,10000,,,,,,,,,,,,
2131,Lv30 珍贵的 箱子(高级) - 胸部,2130,2808,2120621,1,1667,2120622,1,3334,2123621,1,5001,2123622,1,6668,2126621,1,8335,2126622,1,10000,,,,,,,,,,,,
2132,Lv30 珍贵的 箱子(高级) - 手,2130,4212,2130621,1,1667,2130622,1,3334,2133621,1,5001,2133622,1,6668,2136621,1,8335,2136622,1,10000,,,,,,,,,,,,
2133,Lv30 珍贵的 箱子(高级) - 腰,2130,5616,2140621,1,1667,2140622,1,3334,2143621,1,5001,2143622,1,6668,2146621,1,8335,2146622,1,10000,,,,,,,,,,,,
2134,Lv30 珍贵的 箱子(高级) - 脚,2130,7020,2150621,1,1667,2150622,1,3334,2153621,1,5001,2153622,1,6668,2156621,1,8335,2156622,1,10000,,,,,,,,,,,,
2135,Lv30 珍贵的 箱子(高级) - 斗篷,2130,7488,2160621,1,5000,2160622,1,10000,,,,,,,,,,,,,,,,,,,,,,,,
2136,Lv30 珍贵的 箱子(高级) - 武器,2130,10000,1021221,1,1667,1031221,1,3334,1111221,1,5001,1121221,1,6668,1131221,1,8335,1101221,1,10000,,,,,,,,,,,,
2140,Lv30 特别的箱子(高级) - 头发,2140,1404,2110631,1,1667,2110632,1,3334,2113631,1,5001,2113632,1,6668,2116631,1,8335,2116632,1,10000,,,,,,,,,,,,
2141,Lv30 特别的箱子(高级) - 胸部,2140,2808,2120631,1,1667,2120632,1,3334,2123631,1,5001,2123632,1,6668,2126631,1,8335,2126632,1,10000,,,,,,,,,,,,
2142,Lv30 特别的箱子(高级) - 手,2140,4212,2130631,1,1667,2130632,1,3334,2133631,1,5001,2133632,1,6668,2136631,1,8335,2136632,1,10000,,,,,,,,,,,,
2143,Lv30 特别的箱子(高级) - 腰,2140,5616,2140631,1,1667,2140632,1,3334,2143631,1,5001,2143632,1,6668,2146631,1,8335,2146632,1,10000,,,,,,,,,,,,
2144,Lv30 特别的箱子(高级) - 脚,2140,7020,2150631,1,1667,2150632,1,3334,2153631,1,5001,2153632,1,6668,2156631,1,8335,2156632,1,10000,,,,,,,,,,,,
2145,Lv30 特别的箱子(高级) - 斗篷,2140,7488,2160631,1,5000,2160632,1,10000,,,,,,,,,,,,,,,,,,,,,,,,
2146,Lv30 特别的箱子(高级) - 武器,2140,10000,1021231,1,1667,1031231,1,3334,1111231,1,5001,1121231,1,6668,1131231,1,8335,1101231,1,10000,,,,,,,,,,,,
2150,Lv35 豪华 箱子(高级) - 头发,2150,1404,2110711,1,1667,2110712,1,3334,2113711,1,5001,2113712,1,6668,2116711,1,8335,2116712,1,10000,,,,,,,,,,,,
2151,Lv35 豪华 箱子(高级) - 胸部,2150,2808,2120711,1,1667,2120712,1,3334,2123711,1,5001,2123712,1,6668,2126711,1,8335,2126712,1,10000,,,,,,,,,,,,
2152,Lv35 豪华 箱子(高级) - 手,2150,4212,2130711,1,1667,2130712,1,3334,2133711,1,5001,2133712,1,6668,2136711,1,8335,2136712,1,10000,,,,,,,,,,,,
2153,Lv35 豪华 箱子(高级) - 腰,2150,5616,2140711,1,1667,2140712,1,3334,2143711,1,5001,2143712,1,6668,2146711,1,8335,2146712,1,10000,,,,,,,,,,,,
2154,Lv35 豪华 箱子(高级) - 脚,2150,7020,2150711,1,1667,2150712,1,3334,2153711,1,5001,2153712,1,6668,2156711,1,8335,2156712,1,10000,,,,,,,,,,,,
2155,Lv35 豪华 箱子(高级) - 斗篷,2150,7488,2160711,1,5000,2160712,1,10000,,,,,,,,,,,,,,,,,,,,,,,,
2156,Lv35 豪华 箱子(高级) - 武器,2150,10000,1021411,1,1667,1031411,1,3334,1111411,1,5001,1121411,1,6668,1131411,1,8335,1101411,1,10000,,,,,,,,,,,,
2160,Lv35 珍贵的 箱子(高级) - 头发,2160,1404,2110721,1,1667,2110722,1,3334,2113721,1,5001,2113722,1,6668,2116721,1,8335,2116722,1,10000,,,,,,,,,,,,
2161,Lv35 珍贵的 箱子(高级) - 胸部,2160,2808,2120721,1,1667,2120722,1,3334,2123721,1,5001,2123722,1,6668,2126721,1,8335,2126722,1,10000,,,,,,,,,,,,
2162,Lv35 珍贵的 箱子(高级) - 手,2160,4212,2130721,1,1667,2130722,1,3334,2133721,1,5001,2133722,1,6668,2136721,1,8335,2136722,1,10000,,,,,,,,,,,,
2163,Lv35 珍贵的 箱子(高级) - 腰,2160,5616,2140721,1,1667,2140722,1,3334,2143721,1,5001,2143722,1,6668,2146721,1,8335,2146722,1,10000,,,,,,,,,,,,
2164,Lv35 珍贵的 箱子(高级) - 脚,2160,7020,2150721,1,1667,2150722,1,3334,2153721,1,5001,2153722,1,6668,2156721,1,8335,2156722,1,10000,,,,,,,,,,,,
2165,Lv35 珍贵的 箱子(高级) - 斗篷,2160,7488,2160721,1,5000,2160722,1,10000,,,,,,,,,,,,,,,,,,,,,,,,
2166,Lv35 珍贵的 箱子(高级) - 武器,2160,10000,1021421,1,1667,1031421,1,3334,1111421,1,5001,1121421,1,6668,1131421,1,8335,1101421,1,10000,,,,,,,,,,,,
2170,Lv35 特别的箱子(高级) - 头发,2170,1404,2110731,1,1667,2110732,1,3334,2113731,1,5001,2113732,1,6668,2116731,1,8335,2116732,1,10000,,,,,,,,,,,,
2171,Lv35 特别的箱子(高级) - 胸部,2170,2808,2120731,1,1667,2120732,1,3334,2123731,1,5001,2123732,1,6668,2126731,1,8335,2126732,1,10000,,,,,,,,,,,,
2172,Lv35 特别的箱子(高级) - 手,2170,4212,2130731,1,1667,2130732,1,3334,2133731,1,5001,2133732,1,6668,2136731,1,8335,2136732,1,10000,,,,,,,,,,,,
2173,Lv35 特别的箱子(高级) - 腰,2170,5616,2140731,1,1667,2140732,1,3334,2143731,1,5001,2143732,1,6668,2146731,1,8335,2146732,1,10000,,,,,,,,,,,,
2174,Lv35 特别的箱子(高级) - 脚,2170,7020,2150731,1,1667,2150732,1,3334,2153731,1,5001,2153732,1,6668,2156731,1,8335,2156732,1,10000,,,,,,,,,,,,
2175,Lv35 特别的箱子(高级) - 斗篷,2170,7488,2160731,1,5000,2160732,1,10000,,,,,,,,,,,,,,,,,,,,,,,,
2176,Lv35 特别的箱子(高级) - 武器,2170,10000,1021431,1,1667,1031431,1,3334,1111431,1,5001,1121431,1,6668,1131431,1,8335,1101431,1,10000,,,,,,,,,,,,
2180,Lv40 豪华 箱子(高级) - 头发,2180,1404,2110911,1,1667,2110912,1,3334,2113911,1,5001,2113912,1,6668,2116911,1,8335,2116912,1,10000,,,,,,,,,,,,
2181,Lv40 豪华 箱子(高级) - 胸部,2180,2808,2120911,1,1667,2120912,1,3334,2123911,1,5001,2123912,1,6668,2126911,1,8335,2126912,1,10000,,,,,,,,,,,,
2182,Lv40 豪华 箱子(高级) - 手,2180,4212,2130911,1,1667,2130912,1,3334,2133911,1,5001,2133912,1,6668,2136911,1,8335,2136912,1,10000,,,,,,,,,,,,
2183,Lv40 豪华 箱子(高级) - 腰,2180,5616,2140911,1,1667,2140912,1,3334,2143911,1,5001,2143912,1,6668,2146911,1,8335,2146912,1,10000,,,,,,,,,,,,
2184,Lv40 豪华 箱子(高级) - 脚,2180,7020,2150911,1,1667,2150912,1,3334,2153911,1,5001,2153912,1,6668,2156911,1,8335,2156912,1,10000,,,,,,,,,,,,
2185,Lv40 豪华 箱子(高级) - 斗篷,2180,7488,2160911,1,5000,2160912,1,10000,,,,,,,,,,,,,,,,,,,,,,,,
2186,Lv40 豪华 箱子(高级) - 武器,2180,10000,1021611,1,1667,1031611,1,3334,1111611,1,5001,1121611,1,6668,1131611,1,8335,1101611,1,10000,,,,,,,,,,,,
2190,Lv40 珍贵的 箱子(高级) - 头发,2190,1404,2110921,1,1667,2110922,1,3334,2113921,1,5001,2113922,1,6668,2116921,1,8335,2116922,1,10000,,,,,,,,,,,,
2191,Lv40 珍贵的 箱子(高级) - 胸部,2190,2808,2120921,1,1667,2120922,1,3334,2123921,1,5001,2123922,1,6668,2126921,1,8335,2126922,1,10000,,,,,,,,,,,,
2192,Lv40 珍贵的 箱子(高级) - 手,2190,4212,2130921,1,1667,2130922,1,3334,2133921,1,5001,2133922,1,6668,2136921,1,8335,2136922,1,10000,,,,,,,,,,,,
2193,Lv40 珍贵的 箱子(高级) - 腰,2190,5616,2140921,1,1667,2140922,1,3334,2143921,1,5001,2143922,1,6668,2146921,1,8335,2146922,1,10000,,,,,,,,,,,,
2194,Lv40 珍贵的 箱子(高级) - 脚,2190,7020,2150921,1,1667,2150922,1,3334,2153921,1,5001,2153922,1,6668,2156921,1,8335,2156922,1,10000,,,,,,,,,,,,
2195,Lv40 珍贵的 箱子(高级) - 斗篷,2190,7488,2160921,1,5000,2160922,1,10000,,,,,,,,,,,,,,,,,,,,,,,,
2196,Lv40 珍贵的 箱子(高级) - 武器,2190,10000,1021621,1,1667,1031621,1,3334,1111621,1,5001,1121621,1,6668,1131621,1,8335,1101621,1,10000,,,,,,,,,,,,
2200,Lv40 特别的箱子(高级) - 头发,2200,1404,2110931,1,1667,2110932,1,3334,2113931,1,5001,2113932,1,6668,2116931,1,8335,2116932,1,10000,,,,,,,,,,,,
2201,Lv40 特别的箱子(高级) - 胸部,2200,2808,2120931,1,1667,2120932,1,3334,2123931,1,5001,2123932,1,6668,2126931,1,8335,2126932,1,10000,,,,,,,,,,,,
2202,Lv40 特别的箱子(高级) - 手,2200,4212,2130931,1,1667,2130932,1,3334,2133931,1,5001,2133932,1,6668,2136931,1,8335,2136932,1,10000,,,,,,,,,,,,
2203,Lv40 特别的箱子(高级) - 腰,2200,5616,2140931,1,1667,2140932,1,3334,2143931,1,5001,2143932,1,6668,2146931,1,8335,2146932,1,10000,,,,,,,,,,,,
2204,Lv40 特别的箱子(高级) - 脚,2200,7020,2150931,1,1667,2150932,1,3334,2153931,1,5001,2153932,1,6668,2156931,1,8335,2156932,1,10000,,,,,,,,,,,,
2205,Lv40 特别的箱子(高级) - 斗篷,2200,7488,2160931,1,5000,2160932,1,10000,,,,,,,,,,,,,,,,,,,,,,,,
2206,Lv40 特别的箱子(高级) - 武器,2200,10000,1021631,1,1667,1031631,1,3334,1111631,1,5001,1121631,1,6668,1131631,1,8335,1101631,1,10000,,,,,,,,,,,,
2210,Lv42 豪华 箱子(高级) - 头发,2210,1404,2111011,1,1667,2111012,1,3334,2114011,1,5001,2114012,1,6668,2117011,1,8335,2117012,1,10000,,,,,,,,,,,,
2211,Lv42 豪华 箱子(高级) - 胸部,2210,2808,2121011,1,1667,2121012,1,3334,2124011,1,5001,2124012,1,6668,2127011,1,8335,2127012,1,10000,,,,,,,,,,,,
2212,Lv42 豪华 箱子(高级) - 手,2210,4212,2131011,1,1667,2131012,1,3334,2134011,1,5001,2134012,1,6668,2137011,1,8335,2137012,1,10000,,,,,,,,,,,,
2213,Lv42 豪华 箱子(高级) - 腰,2210,5616,2141011,1,1667,2141012,1,3334,2144011,1,5001,2144012,1,6668,2147011,1,8335,2147012,1,10000,,,,,,,,,,,,
2214,Lv42 豪华 箱子(高级) - 脚,2210,7020,2151011,1,1667,2151012,1,3334,2154011,1,5001,2154012,1,6668,2157011,1,8335,2157012,1,10000,,,,,,,,,,,,
2215,Lv42 豪华 箱子(高级) - 斗篷,2210,7488,2161011,1,5000,2161012,1,10000,,,,,,,,,,,,,,,,,,,,,,,,
2216,Lv42 豪华 箱子(高级) - 武器,2210,10000,1021711,1,1667,1031711,1,3334,1111711,1,5001,1121711,1,6668,1131711,1,8335,1101711,1,10000,,,,,,,,,,,,
2220,Lv42 珍贵的 箱子(高级) - 头发,2220,1404,2111021,1,1667,2111022,1,3334,2114021,1,5001,2114022,1,6668,2117021,1,8335,2117022,1,10000,,,,,,,,,,,,
2221,Lv42 珍贵的 箱子(高级) - 胸部,2220,2808,2121021,1,1667,2121022,1,3334,2124021,1,5001,2124022,1,6668,2127021,1,8335,2127022,1,10000,,,,,,,,,,,,
2222,Lv42 珍贵的 箱子(高级) - 手,2220,4212,2131021,1,1667,2131022,1,3334,2134021,1,5001,2134022,1,6668,2137021,1,8335,2137022,1,10000,,,,,,,,,,,,
2223,Lv42 珍贵的 箱子(高级) - 腰,2220,5616,2141021,1,1667,2141022,1,3334,2144021,1,5001,2144022,1,6668,2147021,1,8335,2147022,1,10000,,,,,,,,,,,,
2224,Lv42 珍贵的 箱子(高级) - 脚,2220,7020,2151021,1,1667,2151022,1,3334,2154021,1,5001,2154022,1,6668,2157021,1,8335,2157022,1,10000,,,,,,,,,,,,
2225,Lv42 珍贵的 箱子(高级) - 斗篷,2220,7488,2161021,1,5000,2161022,1,10000,,,,,,,,,,,,,,,,,,,,,,,,
2226,Lv42 珍贵的 箱子(高级) - 武器,2220,10000,1021721,1,1667,1031721,1,3334,1111721,1,5001,1121721,1,6668,1131721,1,8335,1101721,1,10000,,,,,,,,,,,,
2230,Lv42 特别的箱子(高级) - 头发,2230,1404,2111031,1,1667,2111032,1,3334,2114031,1,5001,2114032,1,6668,2117031,1,8335,2117032,1,10000,,,,,,,,,,,,
2231,Lv42 特别的箱子(高级) - 胸部,2230,2808,2121031,1,1667,2121032,1,3334,2124031,1,5001,2124032,1,6668,2127031,1,8335,2127032,1,10000,,,,,,,,,,,,
2232,Lv42 特别的箱子(高级) - 手,2230,4212,2131031,1,1667,2131032,1,3334,2134031,1,5001,2134032,1,6668,2137031,1,8335,2137032,1,10000,,,,,,,,,,,,
2233,Lv42 特别的箱子(高级) - 腰,2230,5616,2141031,1,1667,2141032,1,3334,2144031,1,5001,2144032,1,6668,2147031,1,8335,2147032,1,10000,,,,,,,,,,,,
2234,Lv42 特别的箱子(高级) - 脚,2230,7020,2151031,1,1667,2151032,1,3334,2154031,1,5001,2154032,1,6668,2157031,1,8335,2157032,1,10000,,,,,,,,,,,,
2235,Lv42 特别的箱子(高级) - 斗篷,2230,7488,2161031,1,5000,2161032,1,10000,,,,,,,,,,,,,,,,,,,,,,,,
2236,Lv42 特别的箱子(高级) - 武器,2230,10000,1021731,1,1667,1031731,1,3334,1111731,1,5001,1121731,1,6668,1131731,1,8335,1101731,1,10000,,,,,,,,,,,,
2240,Lv45 豪华 箱子(高级) - 头发,2240,1404,2111111,1,1667,2111112,1,3334,2114111,1,5001,2114112,1,6668,2117111,1,8335,2117112,1,10000,,,,,,,,,,,,
2241,Lv45 豪华 箱子(高级) - 胸部,2240,2808,2121111,1,1667,2121112,1,3334,2124111,1,5001,2124112,1,6668,2127111,1,8335,2127112,1,10000,,,,,,,,,,,,
2242,Lv45 豪华 箱子(高级) - 手,2240,4212,2131111,1,1667,2131112,1,3334,2134111,1,5001,2134112,1,6668,2137111,1,8335,2137112,1,10000,,,,,,,,,,,,
2243,Lv45 豪华 箱子(高级) - 腰,2240,5616,2141111,1,1667,2141112,1,3334,2144111,1,5001,2144112,1,6668,2147111,1,8335,2147112,1,10000,,,,,,,,,,,,
2244,Lv45 豪华 箱子(高级) - 脚,2240,7020,2151111,1,1667,2151112,1,3334,2154111,1,5001,2154112,1,6668,2157111,1,8335,2157112,1,10000,,,,,,,,,,,,
2245,Lv45 豪华 箱子(高级) - 斗篷,2240,7488,2161111,1,5000,2161112,1,10000,,,,,,,,,,,,,,,,,,,,,,,,
2246,Lv45 豪华 箱子(高级) - 武器,2240,10000,1021811,1,1667,1031811,1,3334,1111811,1,5001,1121811,1,6668,1131811,1,8335,1101811,1,10000,,,,,,,,,,,,
2250,Lv45 珍贵的 箱子(高级) - 头发,2250,1404,2111121,1,1667,2111122,1,3334,2114121,1,5001,2114122,1,6668,2117121,1,8335,2117122,1,10000,,,,,,,,,,,,
2251,Lv45 珍贵的 箱子(高级) - 胸部,2250,2808,2121121,1,1667,2121122,1,3334,2124121,1,5001,2124122,1,6668,2127121,1,8335,2127122,1,10000,,,,,,,,,,,,
2252,Lv45 珍贵的 箱子(高级) - 手,2250,4212,2131121,1,1667,2131122,1,3334,2134121,1,5001,2134122,1,6668,2137121,1,8335,2137122,1,10000,,,,,,,,,,,,
2253,Lv45 珍贵的 箱子(高级) - 腰,2250,5616,2141121,1,1667,2141122,1,3334,2144121,1,5001,2144122,1,6668,2147121,1,8335,2147122,1,10000,,,,,,,,,,,,
2254,Lv45 珍贵的 箱子(高级) - 脚,2250,7020,2151121,1,1667,2151122,1,3334,2154121,1,5001,2154122,1,6668,2157121,1,8335,2157122,1,10000,,,,,,,,,,,,
2255,Lv45 珍贵的 箱子(高级) - 斗篷,2250,7488,2161121,1,5000,2161122,1,10000,,,,,,,,,,,,,,,,,,,,,,,,
2256,Lv45 珍贵的 箱子(高级) - 武器,2250,10000,1021821,1,1667,1031821,1,3334,1111821,1,5001,1121821,1,6668,1131821,1,8335,1101821,1,10000,,,,,,,,,,,,
2260,Lv45 特别的箱子(高级) - 头发,2260,1404,2111131,1,1667,2111132,1,3334,2114131,1,5001,2114132,1,6668,2117131,1,8335,2117132,1,10000,,,,,,,,,,,,
2261,Lv45 特别的箱子(高级) - 胸部,2260,2808,2121131,1,1667,2121132,1,3334,2124131,1,5001,2124132,1,6668,2127131,1,8335,2127132,1,10000,,,,,,,,,,,,
2262,Lv45 特别的箱子(高级) - 手,2260,4212,2131131,1,1667,2131132,1,3334,2134131,1,5001,2134132,1,6668,2137131,1,8335,2137132,1,10000,,,,,,,,,,,,
2263,Lv45 特别的箱子(高级) - 腰,2260,5616,2141131,1,1667,2141132,1,3334,2144131,1,5001,2144132,1,6668,2147131,1,8335,2147132,1,10000,,,,,,,,,,,,
2264,Lv45 特别的箱子(高级) - 脚,2260,7020,2151131,1,1667,2151132,1,3334,2154131,1,5001,2154132,1,6668,2157131,1,8335,2157132,1,10000,,,,,,,,,,,,
2265,Lv45 特别的箱子(高级) - 斗篷,2260,7488,2161131,1,5000,2161132,1,10000,,,,,,,,,,,,,,,,,,,,,,,,
2266,Lv45 特别的箱子(高级) - 武器,2260,10000,1021831,1,1667,1031831,1,3334,1111831,1,5001,1121831,1,6668,1131831,1,8335,1101831,1,10000,,,,,,,,,,,,
3000,Lv10 豪华 箱子(破坏) - 头发,3000,1404,2410211,1,1667,2410212,1,3334,2413211,1,5001,2413212,1,6668,2416211,1,8335,2416212,1,10000,,,,,,,,,,,,
3001,Lv10 豪华 箱子(破坏) - 胸部,3000,2808,2420211,1,1667,2420212,1,3334,2423211,1,5001,2423212,1,6668,2426211,1,8335,2426212,1,10000,,,,,,,,,,,,
3002,Lv10 豪华 箱子(破坏) - 手,3000,4212,2430211,1,1667,2430212,1,3334,2433211,1,5001,2433212,1,6668,2436211,1,8335,2436212,1,10000,,,,,,,,,,,,
3003,Lv10 豪华 箱子(破坏) - 腰,3000,5616,2440211,1,1667,2440212,1,3334,2443211,1,5001,2443212,1,6668,2446211,1,8335,2446212,1,10000,,,,,,,,,,,,
3004,Lv10 豪华 箱子(破坏) - 脚,3000,7020,2450211,1,1667,2450212,1,3334,2453211,1,5001,2453212,1,6668,2456211,1,8335,2456212,1,10000,,,,,,,,,,,,
3005,Lv10 豪华 箱子(破坏) - 斗篷,3000,7488,2460211,1,5000,2460212,1,10000,,,,,,,,,,,,,,,,,,,,,,,,
3006,Lv10 豪华 箱子(破坏) - 武器,3000,10000,1025411,1,1667,1010411,1,3334,1040411,1,5001,1050411,1,6668,1140411,1,8335,1090411,1,10000,,,,,,,,,,,,
3010,Lv10 珍贵的 箱子(破坏) - 头发,3010,1404,2410221,1,1667,2410222,1,3334,2413221,1,5001,2413222,1,6668,2416221,1,8335,2416222,1,10000,,,,,,,,,,,,
3011,Lv10 珍贵的 箱子(破坏) - 胸部,3010,2808,2420221,1,1667,2420222,1,3334,2423221,1,5001,2423222,1,6668,2426221,1,8335,2426222,1,10000,,,,,,,,,,,,
3012,Lv10 珍贵的 箱子(破坏) - 手,3010,4212,2430221,1,1667,2430222,1,3334,2433221,1,5001,2433222,1,6668,2436221,1,8335,2436222,1,10000,,,,,,,,,,,,
3013,Lv10 珍贵的 箱子(破坏) - 腰,3010,5616,2440221,1,1667,2440222,1,3334,2443221,1,5001,2443222,1,6668,2446221,1,8335,2446222,1,10000,,,,,,,,,,,,
3014,Lv10 珍贵的 箱子(破坏) - 脚,3010,7020,2450221,1,1667,2450222,1,3334,2453221,1,5001,2453222,1,6668,2456221,1,8335,2456222,1,10000,,,,,,,,,,,,
3015,Lv10 珍贵的 箱子(破坏) - 斗篷,3010,7488,2460221,1,5000,2460222,1,10000,,,,,,,,,,,,,,,,,,,,,,,,
3016,Lv10 珍贵的 箱子(破坏) - 武器,3010,10000,1025421,1,1667,1010421,1,3334,1040421,1,5001,1050421,1,6668,1140421,1,8335,1090421,1,10000,,,,,,,,,,,,
3020,Lv10 特别的箱子(破坏) - 头发,3020,1404,2410231,1,1667,2410232,1,3334,2413231,1,5001,2413232,1,6668,2416231,1,8335,2416232,1,10000,,,,,,,,,,,,
3021,Lv10 特别的箱子(破坏) - 胸部,3020,2808,2420231,1,1667,2420232,1,3334,2423231,1,5001,2423232,1,6668,2426231,1,8335,2426232,1,10000,,,,,,,,,,,,
3022,Lv10 特别的箱子(破坏) - 手,3020,4212,2430231,1,1667,2430232,1,3334,2433231,1,5001,2433232,1,6668,2436231,1,8335,2436232,1,10000,,,,,,,,,,,,
3023,Lv10 特别的箱子(破坏) - 腰,3020,5616,2440231,1,1667,2440232,1,3334,2443231,1,5001,2443232,1,6668,2446231,1,8335,2446232,1,10000,,,,,,,,,,,,
3024,Lv10 特别的箱子(破坏) - 脚,3020,7020,2450231,1,1667,2450232,1,3334,2453231,1,5001,2453232,1,6668,2456231,1,8335,2456232,1,10000,,,,,,,,,,,,
3025,Lv10 特别的箱子(破坏) - 斗篷,3020,7488,2460231,1,5000,2460232,1,10000,,,,,,,,,,,,,,,,,,,,,,,,
3026,Lv10 特别的箱子(破坏) - 武器,3020,10000,1025431,1,1667,1010431,1,3334,1040431,1,5001,1050431,1,6668,1140431,1,8335,1090431,1,10000,,,,,,,,,,,,
3030,Lv13 豪华 箱子(破坏) - 头发,3030,1404,2410311,1,1667,2410312,1,3334,2413311,1,5001,2413312,1,6668,2416311,1,8335,2416312,1,10000,,,,,,,,,,,,
3031,Lv13 豪华 箱子(破坏) - 胸部,3030,2808,2420311,1,1667,2420312,1,3334,2423311,1,5001,2423312,1,6668,2426311,1,8335,2426312,1,10000,,,,,,,,,,,,
3032,Lv13 豪华 箱子(破坏) - 手,3030,4212,2430311,1,1667,2430312,1,3334,2433311,1,5001,2433312,1,6668,2436311,1,8335,2436312,1,10000,,,,,,,,,,,,
3033,Lv13 豪华 箱子(破坏) - 腰,3030,5616,2440311,1,1667,2440312,1,3334,2443311,1,5001,2443312,1,6668,2446311,1,8335,2446312,1,10000,,,,,,,,,,,,
3034,Lv13 豪华 箱子(破坏) - 脚,3030,7020,2450311,1,1667,2450312,1,3334,2453311,1,5001,2453312,1,6668,2456311,1,8335,2456312,1,10000,,,,,,,,,,,,
3035,Lv13 豪华 箱子(破坏) - 斗篷,3030,7488,2460311,1,5000,2460312,1,10000,,,,,,,,,,,,,,,,,,,,,,,,
3036,Lv13 豪华 箱子(破坏) - 武器,3030,10000,1025511,1,1667,1010511,1,3334,1040511,1,5001,1050511,1,6668,1140511,1,8335,1090511,1,10000,,,,,,,,,,,,
3040,Lv13 珍贵的 箱子(破坏) - 头发,3040,1404,2410321,1,1667,2410322,1,3334,2413321,1,5001,2413322,1,6668,2416321,1,8335,2416322,1,10000,,,,,,,,,,,,
3041,Lv13 珍贵的 箱子(破坏) - 胸部,3040,2808,2420321,1,1667,2420322,1,3334,2423321,1,5001,2423322,1,6668,2426321,1,8335,2426322,1,10000,,,,,,,,,,,,
3042,Lv13 珍贵的 箱子(破坏) - 手,3040,4212,2430321,1,1667,2430322,1,3334,2433321,1,5001,2433322,1,6668,2436321,1,8335,2436322,1,10000,,,,,,,,,,,,
3043,Lv13 珍贵的 箱子(破坏) - 腰,3040,5616,2440321,1,1667,2440322,1,3334,2443321,1,5001,2443322,1,6668,2446321,1,8335,2446322,1,10000,,,,,,,,,,,,
3044,Lv13 珍贵的 箱子(破坏) - 脚,3040,7020,2450321,1,1667,2450322,1,3334,2453321,1,5001,2453322,1,6668,2456321,1,8335,2456322,1,10000,,,,,,,,,,,,
3045,Lv13 珍贵的 箱子(破坏) - 斗篷,3040,7488,2460321,1,5000,2460322,1,10000,,,,,,,,,,,,,,,,,,,,,,,,
3046,Lv13 珍贵的 箱子(破坏) - 武器,3040,10000,1025521,1,1667,1010521,1,3334,1040521,1,5001,1050521,1,6668,1140521,1,8335,1090521,1,10000,,,,,,,,,,,,
3050,Lv13 特别的箱子(破坏) - 头发,3050,1404,2410331,1,1667,2410332,1,3334,2413331,1,5001,2413332,1,6668,2416331,1,8335,2416332,1,10000,,,,,,,,,,,,
3051,Lv13 特别的箱子(破坏) - 胸部,3050,2808,2420331,1,1667,2420332,1,3334,2423331,1,5001,2423332,1,6668,2426331,1,8335,2426332,1,10000,,,,,,,,,,,,
3052,Lv13 特别的箱子(破坏) - 手,3050,4212,2430331,1,1667,2430332,1,3334,2433331,1,5001,2433332,1,6668,2436331,1,8335,2436332,1,10000,,,,,,,,,,,,
3053,Lv13 特别的箱子(破坏) - 腰,3050,5616,2440331,1,1667,2440332,1,3334,2443331,1,5001,2443332,1,6668,2446331,1,8335,2446332,1,10000,,,,,,,,,,,,
3054,Lv13 特别的箱子(破坏) - 脚,3050,7020,2450331,1,1667,2450332,1,3334,2453331,1,5001,2453332,1,6668,2456331,1,8335,2456332,1,10000,,,,,,,,,,,,
3055,Lv13 特别的箱子(破坏) - 斗篷,3050,7488,2460331,1,5000,2460332,1,10000,,,,,,,,,,,,,,,,,,,,,,,,
3056,Lv13 特别的箱子(破坏) - 武器,3050,10000,1025531,1,1667,1010531,1,3334,1040531,1,5001,1050531,1,6668,1140531,1,8335,1090531,1,10000,,,,,,,,,,,,
3060,Lv20 豪华 箱子(破坏) - 头发,3060,1404,2410411,1,1667,2410412,1,3334,2413411,1,5001,2413412,1,6668,2416411,1,8335,2416412,1,10000,,,,,,,,,,,,
3061,Lv20 豪华 箱子(破坏) - 胸部,3060,2808,2420411,1,1667,2420412,1,3334,2423411,1,5001,2423412,1,6668,2426411,1,8335,2426412,1,10000,,,,,,,,,,,,
3062,Lv20 豪华 箱子(破坏) - 手,3060,4212,2430411,1,1667,2430412,1,3334,2433411,1,5001,2433412,1,6668,2436411,1,8335,2436412,1,10000,,,,,,,,,,,,
3063,Lv20 豪华 箱子(破坏) - 腰,3060,5616,2440411,1,1667,2440412,1,3334,2443411,1,5001,2443412,1,6668,2446411,1,8335,2446412,1,10000,,,,,,,,,,,,
3064,Lv20 豪华 箱子(破坏) - 脚,3060,7020,2450411,1,1667,2450412,1,3334,2453411,1,5001,2453412,1,6668,2456411,1,8335,2456412,1,10000,,,,,,,,,,,,
3065,Lv20 豪华 箱子(破坏) - 斗篷,3060,7488,2460411,1,5000,2460412,1,10000,,,,,,,,,,,,,,,,,,,,,,,,
3066,Lv20 豪华 箱子(破坏) - 武器,3060,10000,1025811,1,1667,1010811,1,3334,1040811,1,5001,1050811,1,6668,1140811,1,8335,1090811,1,10000,,,,,,,,,,,,
3070,Lv20 珍贵的 箱子(破坏) - 头发,3070,1404,2410421,1,1667,2410422,1,3334,2413421,1,5001,2413422,1,6668,2416421,1,8335,2416422,1,10000,,,,,,,,,,,,
3071,Lv20 珍贵的 箱子(破坏) - 胸部,3070,2808,2420421,1,1667,2420422,1,3334,2423421,1,5001,2423422,1,6668,2426421,1,8335,2426422,1,10000,,,,,,,,,,,,
3072,Lv20 珍贵的 箱子(破坏) - 手,3070,4212,2430421,1,1667,2430422,1,3334,2433421,1,5001,2433422,1,6668,2436421,1,8335,2436422,1,10000,,,,,,,,,,,,
3073,Lv20 珍贵的 箱子(破坏) - 腰,3070,5616,2440421,1,1667,2440422,1,3334,2443421,1,5001,2443422,1,6668,2446421,1,8335,2446422,1,10000,,,,,,,,,,,,
3074,Lv20 珍贵的 箱子(破坏) - 脚,3070,7020,2450421,1,1667,2450422,1,3334,2453421,1,5001,2453422,1,6668,2456421,1,8335,2456422,1,10000,,,,,,,,,,,,
3075,Lv20 珍贵的 箱子(破坏) - 斗篷,3070,7488,2460421,1,5000,2460422,1,10000,,,,,,,,,,,,,,,,,,,,,,,,
3076,Lv20 珍贵的 箱子(破坏) - 武器,3070,10000,1025821,1,1667,1010821,1,3334,1040821,1,5001,1050821,1,6668,1140821,1,8335,1090821,1,10000,,,,,,,,,,,,
3080,Lv20 特别的箱子(破坏) - 头发,3080,1404,2410431,1,1667,2410432,1,3334,2413431,1,5001,2413432,1,6668,2416431,1,8335,2416432,1,10000,,,,,,,,,,,,
3081,Lv20 特别的箱子(破坏) - 胸部,3080,2808,2420431,1,1667,2420432,1,3334,2423431,1,5001,2423432,1,6668,2426431,1,8335,2426432,1,10000,,,,,,,,,,,,
3082,Lv20 特别的箱子(破坏) - 手,3080,4212,2430431,1,1667,2430432,1,3334,2433431,1,5001,2433432,1,6668,2436431,1,8335,2436432,1,10000,,,,,,,,,,,,
3083,Lv20 特别的箱子(破坏) - 腰,3080,5616,2440431,1,1667,2440432,1,3334,2443431,1,5001,2443432,1,6668,2446431,1,8335,2446432,1,10000,,,,,,,,,,,,
3084,Lv20 特别的箱子(破坏) - 脚,3080,7020,2450431,1,1667,2450432,1,3334,2453431,1,5001,2453432,1,6668,2456431,1,8335,2456432,1,10000,,,,,,,,,,,,
3085,Lv20 特别的箱子(破坏) - 斗篷,3080,7488,2460431,1,5000,2460432,1,10000,,,,,,,,,,,,,,,,,,,,,,,,
3086,Lv20 特别的箱子(破坏) - 武器,3080,10000,1025831,1,1667,1010831,1,3334,1040831,1,5001,1050831,1,6668,1140831,1,8335,1090831,1,10000,,,,,,,,,,,,
3090,Lv25 豪华 箱子(破坏) - 头发,3090,1404,2410511,1,1667,2410512,1,3334,2413511,1,5001,2413512,1,6668,2416511,1,8335,2416512,1,10000,,,,,,,,,,,,
3091,Lv25 豪华 箱子(破坏) - 胸部,3090,2808,2420511,1,1667,2420512,1,3334,2423511,1,5001,2423512,1,6668,2426511,1,8335,2426512,1,10000,,,,,,,,,,,,
3092,Lv25 豪华 箱子(破坏) - 手,3090,4212,2430511,1,1667,2430512,1,3334,2433511,1,5001,2433512,1,6668,2436511,1,8335,2436512,1,10000,,,,,,,,,,,,
3093,Lv25 豪华 箱子(破坏) - 腰,3090,5616,2440511,1,1667,2440512,1,3334,2443511,1,5001,2443512,1,6668,2446511,1,8335,2446512,1,10000,,,,,,,,,,,,
3094,Lv25 豪华 箱子(破坏) - 脚,3090,7020,2450511,1,1667,2450512,1,3334,2453511,1,5001,2453512,1,6668,2456511,1,8335,2456512,1,10000,,,,,,,,,,,,
3095,Lv25 豪华 箱子(破坏) - 斗篷,3090,7488,2460511,1,5000,2460512,1,10000,,,,,,,,,,,,,,,,,,,,,,,,
3096,Lv25 豪华 箱子(破坏) - 武器,3090,10000,1026011,1,1667,1011011,1,3334,1041011,1,5001,1051011,1,6668,1141011,1,8335,1091011,1,10000,,,,,,,,,,,,
3100,Lv25 珍贵的 箱子(破坏) - 头发,3100,1404,2410521,1,1667,2410522,1,3334,2413521,1,5001,2413522,1,6668,2416521,1,8335,2416522,1,10000,,,,,,,,,,,,
3101,Lv25 珍贵的 箱子(破坏) - 胸部,3100,2808,2420521,1,1667,2420522,1,3334,2423521,1,5001,2423522,1,6668,2426521,1,8335,2426522,1,10000,,,,,,,,,,,,
3102,Lv25 珍贵的 箱子(破坏) - 手,3100,4212,2430521,1,1667,2430522,1,3334,2433521,1,5001,2433522,1,6668,2436521,1,8335,2436522,1,10000,,,,,,,,,,,,
3103,Lv25 珍贵的 箱子(破坏) - 腰,3100,5616,2440521,1,1667,2440522,1,3334,2443521,1,5001,2443522,1,6668,2446521,1,8335,2446522,1,10000,,,,,,,,,,,,
3104,Lv25 珍贵的 箱子(破坏) - 脚,3100,7020,2450521,1,1667,2450522,1,3334,2453521,1,5001,2453522,1,6668,2456521,1,8335,2456522,1,10000,,,,,,,,,,,,
3105,Lv25 珍贵的 箱子(破坏) - 斗篷,3100,7488,2460521,1,5000,2460522,1,10000,,,,,,,,,,,,,,,,,,,,,,,,
3106,Lv25 珍贵的 箱子(破坏) - 武器,3100,10000,1026021,1,1667,1011021,1,3334,1041021,1,5001,1051021,1,6668,1141021,1,8335,1091021,1,10000,,,,,,,,,,,,
3110,Lv25 特别的箱子(破坏) - 头发,3110,1404,2410531,1,1667,2410532,1,3334,2413531,1,5001,2413532,1,6668,2416531,1,8335,2416532,1,10000,,,,,,,,,,,,
3111,Lv25 特别的箱子(破坏) - 胸部,3110,2808,2420531,1,1667,2420532,1,3334,2423531,1,5001,2423532,1,6668,2426531,1,8335,2426532,1,10000,,,,,,,,,,,,
3112,Lv25 特别的箱子(破坏) - 手,3110,4212,2430531,1,1667,2430532,1,3334,2433531,1,5001,2433532,1,6668,2436531,1,8335,2436532,1,10000,,,,,,,,,,,,
3113,Lv25 特别的箱子(破坏) - 腰,3110,5616,2440531,1,1667,2440532,1,3334,2443531,1,5001,2443532,1,6668,2446531,1,8335,2446532,1,10000,,,,,,,,,,,,
3114,Lv25 特别的箱子(破坏) - 脚,3110,7020,2450531,1,1667,2450532,1,3334,2453531,1,5001,2453532,1,6668,2456531,1,8335,2456532,1,10000,,,,,,,,,,,,
3115,Lv25 特别的箱子(破坏) - 斗篷,3110,7488,2460531,1,5000,2460532,1,10000,,,,,,,,,,,,,,,,,,,,,,,,
3116,Lv25 特别的箱子(破坏) - 武器,3110,10000,1026031,1,1667,1011031,1,3334,1041031,1,5001,1051031,1,6668,1141031,1,8335,1091031,1,10000,,,,,,,,,,,,
3120,Lv30 豪华 箱子(破坏) - 头发,3120,1404,2410611,1,1667,2410612,1,3334,2413611,1,5001,2413612,1,6668,2416611,1,8335,2416612,1,10000,,,,,,,,,,,,
3121,Lv30 豪华 箱子(破坏) - 胸部,3120,2808,2420611,1,1667,2420612,1,3334,2423611,1,5001,2423612,1,6668,2426611,1,8335,2426612,1,10000,,,,,,,,,,,,
3122,Lv30 豪华 箱子(破坏) - 手,3120,4212,2430611,1,1667,2430612,1,3334,2433611,1,5001,2433612,1,6668,2436611,1,8335,2436612,1,10000,,,,,,,,,,,,
3123,Lv30 豪华 箱子(破坏) - 腰,3120,5616,2440611,1,1667,2440612,1,3334,2443611,1,5001,2443612,1,6668,2446611,1,8335,2446612,1,10000,,,,,,,,,,,,
3124,Lv30 豪华 箱子(破坏) - 脚,3120,7020,2450611,1,1667,2450612,1,3334,2453611,1,5001,2453612,1,6668,2456611,1,8335,2456612,1,10000,,,,,,,,,,,,
3125,Lv30 豪华 箱子(破坏) - 斗篷,3120,7488,2460611,1,5000,2460612,1,10000,,,,,,,,,,,,,,,,,,,,,,,,
3126,Lv30 豪华 箱子(破坏) - 武器,3120,10000,1026211,1,1667,1011211,1,3334,1041211,1,5001,1051211,1,6668,1141211,1,8335,1091211,1,10000,,,,,,,,,,,,
3130,Lv30 珍贵的 箱子(破坏) - 头发,3130,1404,2410621,1,1667,2410622,1,3334,2413621,1,5001,2413622,1,6668,2416621,1,8335,2416622,1,10000,,,,,,,,,,,,
3131,Lv30 珍贵的 箱子(破坏) - 胸部,3130,2808,2420621,1,1667,2420622,1,3334,2423621,1,5001,2423622,1,6668,2426621,1,8335,2426622,1,10000,,,,,,,,,,,,
3132,Lv30 珍贵的 箱子(破坏) - 手,3130,4212,2430621,1,1667,2430622,1,3334,2433621,1,5001,2433622,1,6668,2436621,1,8335,2436622,1,10000,,,,,,,,,,,,
3133,Lv30 珍贵的 箱子(破坏) - 腰,3130,5616,2440621,1,1667,2440622,1,3334,2443621,1,5001,2443622,1,6668,2446621,1,8335,2446622,1,10000,,,,,,,,,,,,
3134,Lv30 珍贵的 箱子(破坏) - 脚,3130,7020,2450621,1,1667,2450622,1,3334,2453621,1,5001,2453622,1,6668,2456621,1,8335,2456622,1,10000,,,,,,,,,,,,
3135,Lv30 珍贵的 箱子(破坏) - 斗篷,3130,7488,2460621,1,5000,2460622,1,10000,,,,,,,,,,,,,,,,,,,,,,,,
3136,Lv30 珍贵的 箱子(破坏) - 武器,3130,10000,1026221,1,1667,1011221,1,3334,1041221,1,5001,1051221,1,6668,1141221,1,8335,1091221,1,10000,,,,,,,,,,,,
3140,Lv30 特别的箱子(破坏) - 头发,3140,1404,2410631,1,1667,2410632,1,3334,2413631,1,5001,2413632,1,6668,2416631,1,8335,2416632,1,10000,,,,,,,,,,,,
3141,Lv30 特别的箱子(破坏) - 胸部,3140,2808,2420631,1,1667,2420632,1,3334,2423631,1,5001,2423632,1,6668,2426631,1,8335,2426632,1,10000,,,,,,,,,,,,
3142,Lv30 特别的箱子(破坏) - 手,3140,4212,2430631,1,1667,2430632,1,3334,2433631,1,5001,2433632,1,6668,2436631,1,8335,2436632,1,10000,,,,,,,,,,,,
3143,Lv30 特别的箱子(破坏) - 腰,3140,5616,2440631,1,1667,2440632,1,3334,2443631,1,5001,2443632,1,6668,2446631,1,8335,2446632,1,10000,,,,,,,,,,,,
3144,Lv30 特别的箱子(破坏) - 脚,3140,7020,2450631,1,1667,2450632,1,3334,2453631,1,5001,2453632,1,6668,2456631,1,8335,2456632,1,10000,,,,,,,,,,,,
3145,Lv30 特别的箱子(破坏) - 斗篷,3140,7488,2460631,1,5000,2460632,1,10000,,,,,,,,,,,,,,,,,,,,,,,,
3146,Lv30 特别的箱子(破坏) - 武器,3140,10000,1026231,1,1667,1011231,1,3334,1041231,1,5001,1051231,1,6668,1141231,1,8335,1091231,1,10000,,,,,,,,,,,,
3150,Lv35 豪华 箱子(破坏) - 头发,3150,1404,2410711,1,1667,2410712,1,3334,2413711,1,5001,2413712,1,6668,2416711,1,8335,2416712,1,10000,,,,,,,,,,,,
3151,Lv35 豪华 箱子(破坏) - 胸部,3150,2808,2420711,1,1667,2420712,1,3334,2423711,1,5001,2423712,1,6668,2426711,1,8335,2426712,1,10000,,,,,,,,,,,,
3152,Lv35 豪华 箱子(破坏) - 手,3150,4212,2430711,1,1667,2430712,1,3334,2433711,1,5001,2433712,1,6668,2436711,1,8335,2436712,1,10000,,,,,,,,,,,,
3153,Lv35 豪华 箱子(破坏) - 腰,3150,5616,2440711,1,1667,2440712,1,3334,2443711,1,5001,2443712,1,6668,2446711,1,8335,2446712,1,10000,,,,,,,,,,,,
3154,Lv35 豪华 箱子(破坏) - 脚,3150,7020,2450711,1,1667,2450712,1,3334,2453711,1,5001,2453712,1,6668,2456711,1,8335,2456712,1,10000,,,,,,,,,,,,
3155,Lv35 豪华 箱子(破坏) - 斗篷,3150,7488,2460711,1,5000,2460712,1,10000,,,,,,,,,,,,,,,,,,,,,,,,
3156,Lv35 豪华 箱子(破坏) - 武器,3150,10000,1026411,1,1667,1011411,1,3334,1041411,1,5001,1051411,1,6668,1141411,1,8335,1091411,1,10000,,,,,,,,,,,,
3160,Lv35 珍贵的 箱子(破坏) - 头发,3160,1404,2410721,1,1667,2410722,1,3334,2413721,1,5001,2413722,1,6668,2416721,1,8335,2416722,1,10000,,,,,,,,,,,,
3161,Lv35 珍贵的 箱子(破坏) - 胸部,3160,2808,2420721,1,1667,2420722,1,3334,2423721,1,5001,2423722,1,6668,2426721,1,8335,2426722,1,10000,,,,,,,,,,,,
3162,Lv35 珍贵的 箱子(破坏) - 手,3160,4212,2430721,1,1667,2430722,1,3334,2433721,1,5001,2433722,1,6668,2436721,1,8335,2436722,1,10000,,,,,,,,,,,,
3163,Lv35 珍贵的 箱子(破坏) - 腰,3160,5616,2440721,1,1667,2440722,1,3334,2443721,1,5001,2443722,1,6668,2446721,1,8335,2446722,1,10000,,,,,,,,,,,,
3164,Lv35 珍贵的 箱子(破坏) - 脚,3160,7020,2450721,1,1667,2450722,1,3334,2453721,1,5001,2453722,1,6668,2456721,1,8335,2456722,1,10000,,,,,,,,,,,,
3165,Lv35 珍贵的 箱子(破坏) - 斗篷,3160,7488,2460721,1,5000,2460722,1,10000,,,,,,,,,,,,,,,,,,,,,,,,
3166,Lv35 珍贵的 箱子(破坏) - 武器,3160,10000,1026421,1,1667,1011421,1,3334,1041421,1,5001,1051421,1,6668,1141421,1,8335,1091421,1,10000,,,,,,,,,,,,
3170,Lv35 特别的箱子(破坏) - 头发,3170,1404,2410731,1,1667,2410732,1,3334,2413731,1,5001,2413732,1,6668,2416731,1,8335,2416732,1,10000,,,,,,,,,,,,
3171,Lv35 特别的箱子(破坏) - 胸部,3170,2808,2420731,1,1667,2420732,1,3334,2423731,1,5001,2423732,1,6668,2426731,1,8335,2426732,1,10000,,,,,,,,,,,,
3172,Lv35 特别的箱子(破坏) - 手,3170,4212,2430731,1,1667,2430732,1,3334,2433731,1,5001,2433732,1,6668,2436731,1,8335,2436732,1,10000,,,,,,,,,,,,
3173,Lv35 特别的箱子(破坏) - 腰,3170,5616,2440731,1,1667,2440732,1,3334,2443731,1,5001,2443732,1,6668,2446731,1,8335,2446732,1,10000,,,,,,,,,,,,
3174,Lv35 特别的箱子(破坏) - 脚,3170,7020,2450731,1,1667,2450732,1,3334,2453731,1,5001,2453732,1,6668,2456731,1,8335,2456732,1,10000,,,,,,,,,,,,
3175,Lv35 特别的箱子(破坏) - 斗篷,3170,7488,2460731,1,5000,2460732,1,10000,,,,,,,,,,,,,,,,,,,,,,,,
3176,Lv35 特别的箱子(破坏) - 武器,3170,10000,1026431,1,1667,1011431,1,3334,1041431,1,5001,1051431,1,6668,1141431,1,8335,1091431,1,10000,,,,,,,,,,,,
3180,Lv40 豪华 箱子(破坏) - 头发,3180,1404,2410911,1,1667,2410912,1,3334,2413911,1,5001,2413912,1,6668,2416911,1,8335,2416912,1,10000,,,,,,,,,,,,
3181,Lv40 豪华 箱子(破坏) - 胸部,3180,2808,2420911,1,1667,2420912,1,3334,2423911,1,5001,2423912,1,6668,2426911,1,8335,2426912,1,10000,,,,,,,,,,,,
3182,Lv40 豪华 箱子(破坏) - 手,3180,4212,2430911,1,1667,2430912,1,3334,2433911,1,5001,2433912,1,6668,2436911,1,8335,2436912,1,10000,,,,,,,,,,,,
3183,Lv40 豪华 箱子(破坏) - 腰,3180,5616,2440911,1,1667,2440912,1,3334,2443911,1,5001,2443912,1,6668,2446911,1,8335,2446912,1,10000,,,,,,,,,,,,
3184,Lv40 豪华 箱子(破坏) - 脚,3180,7020,2450911,1,1667,2450912,1,3334,2453911,1,5001,2453912,1,6668,2456911,1,8335,2456912,1,10000,,,,,,,,,,,,
3185,Lv40 豪华 箱子(破坏) - 斗篷,3180,7488,2460911,1,5000,2460912,1,10000,,,,,,,,,,,,,,,,,,,,,,,,
3186,Lv40 豪华 箱子(破坏) - 武器,3180,10000,1026611,1,1667,1011611,1,3334,1041611,1,5001,1051611,1,6668,1141611,1,8335,1091611,1,10000,,,,,,,,,,,,
3190,Lv40 珍贵的 箱子(破坏) - 头发,3190,1404,2410921,1,1667,2410922,1,3334,2413921,1,5001,2413922,1,6668,2416921,1,8335,2416922,1,10000,,,,,,,,,,,,
3191,Lv40 珍贵的 箱子(破坏) - 胸部,3190,2808,2420921,1,1667,2420922,1,3334,2423921,1,5001,2423922,1,6668,2426921,1,8335,2426922,1,10000,,,,,,,,,,,,
3192,Lv40 珍贵的 箱子(破坏) - 手,3190,4212,2430921,1,1667,2430922,1,3334,2433921,1,5001,2433922,1,6668,2436921,1,8335,2436922,1,10000,,,,,,,,,,,,
3193,Lv40 珍贵的 箱子(破坏) - 腰,3190,5616,2440921,1,1667,2440922,1,3334,2443921,1,5001,2443922,1,6668,2446921,1,8335,2446922,1,10000,,,,,,,,,,,,
3194,Lv40 珍贵的 箱子(破坏) - 脚,3190,7020,2450921,1,1667,2450922,1,3334,2453921,1,5001,2453922,1,6668,2456921,1,8335,2456922,1,10000,,,,,,,,,,,,
3195,Lv40 珍贵的 箱子(破坏) - 斗篷,3190,7488,2460921,1,5000,2460922,1,10000,,,,,,,,,,,,,,,,,,,,,,,,
3196,Lv40 珍贵的 箱子(破坏) - 武器,3190,10000,1026621,1,1667,1011621,1,3334,1041621,1,5001,1051621,1,6668,1141621,1,8335,1091621,1,10000,,,,,,,,,,,,
3200,Lv40 特别的箱子(破坏) - 头发,3200,1404,2410931,1,1667,2410932,1,3334,2413931,1,5001,2413932,1,6668,2416931,1,8335,2416932,1,10000,,,,,,,,,,,,
3201,Lv40 特别的箱子(破坏) - 胸部,3200,2808,2420931,1,1667,2420932,1,3334,2423931,1,5001,2423932,1,6668,2426931,1,8335,2426932,1,10000,,,,,,,,,,,,
3202,Lv40 特别的箱子(破坏) - 手,3200,4212,2430931,1,1667,2430932,1,3334,2433931,1,5001,2433932,1,6668,2436931,1,8335,2436932,1,10000,,,,,,,,,,,,
3203,Lv40 特别的箱子(破坏) - 腰,3200,5616,2440931,1,1667,2440932,1,3334,2443931,1,5001,2443932,1,6668,2446931,1,8335,2446932,1,10000,,,,,,,,,,,,
3204,Lv40 特别的箱子(破坏) - 脚,3200,7020,2450931,1,1667,2450932,1,3334,2453931,1,5001,2453932,1,6668,2456931,1,8335,2456932,1,10000,,,,,,,,,,,,
3205,Lv40 特别的箱子(破坏) - 斗篷,3200,7488,2460931,1,5000,2460932,1,10000,,,,,,,,,,,,,,,,,,,,,,,,
3206,Lv40 特别的箱子(破坏) - 武器,3200,10000,1026631,1,1667,1011631,1,3334,1041631,1,5001,1051631,1,6668,1141631,1,8335,1091631,1,10000,,,,,,,,,,,,
3210,Lv42 豪华 箱子(破坏) - 头发,3210,1404,2411011,1,1667,2411012,1,3334,2414011,1,5001,2414012,1,6668,2417011,1,8335,2417012,1,10000,,,,,,,,,,,,
3211,Lv42 豪华 箱子(破坏) - 胸部,3210,2808,2421011,1,1667,2421012,1,3334,2424011,1,5001,2424012,1,6668,2427011,1,8335,2427012,1,10000,,,,,,,,,,,,
3212,Lv42 豪华 箱子(破坏) - 手,3210,4212,2431011,1,1667,2431012,1,3334,2434011,1,5001,2434012,1,6668,2437011,1,8335,2437012,1,10000,,,,,,,,,,,,
3213,Lv42 豪华 箱子(破坏) - 腰,3210,5616,2441011,1,1667,2441012,1,3334,2444011,1,5001,2444012,1,6668,2447011,1,8335,2447012,1,10000,,,,,,,,,,,,
3214,Lv42 豪华 箱子(破坏) - 脚,3210,7020,2451011,1,1667,2451012,1,3334,2454011,1,5001,2454012,1,6668,2457011,1,8335,2457012,1,10000,,,,,,,,,,,,
3215,Lv42 豪华 箱子(破坏) - 斗篷,3210,7488,2461011,1,5000,2461012,1,10000,,,,,,,,,,,,,,,,,,,,,,,,
3216,Lv42 豪华 箱子(破坏) - 武器,3210,10000,1026711,1,1667,1011711,1,3334,1041711,1,5001,1051711,1,6668,1141711,1,8335,1091711,1,10000,,,,,,,,,,,,
3220,Lv42 珍贵的 箱子(破坏) - 头发,3220,1404,2411021,1,1667,2411022,1,3334,2414021,1,5001,2414022,1,6668,2417021,1,8335,2417022,1,10000,,,,,,,,,,,,
3221,Lv42 珍贵的 箱子(破坏) - 胸部,3220,2808,2421021,1,1667,2421022,1,3334,2424021,1,5001,2424022,1,6668,2427021,1,8335,2427022,1,10000,,,,,,,,,,,,
3222,Lv42 珍贵的 箱子(破坏) - 手,3220,4212,2431021,1,1667,2431022,1,3334,2434021,1,5001,2434022,1,6668,2437021,1,8335,2437022,1,10000,,,,,,,,,,,,
3223,Lv42 珍贵的 箱子(破坏) - 腰,3220,5616,2441021,1,1667,2441022,1,3334,2444021,1,5001,2444022,1,6668,2447021,1,8335,2447022,1,10000,,,,,,,,,,,,
3224,Lv42 珍贵的 箱子(破坏) - 脚,3220,7020,2451021,1,1667,2451022,1,3334,2454021,1,5001,2454022,1,6668,2457021,1,8335,2457022,1,10000,,,,,,,,,,,,
3225,Lv42 珍贵的 箱子(破坏) - 斗篷,3220,7488,2461021,1,5000,2461022,1,10000,,,,,,,,,,,,,,,,,,,,,,,,
3226,Lv42 珍贵的 箱子(破坏) - 武器,3220,10000,1026721,1,1667,1011721,1,3334,1041721,1,5001,1051721,1,6668,1141721,1,8335,1091721,1,10000,,,,,,,,,,,,
3230,Lv42 特别的箱子(破坏) - 头发,3230,1404,2411031,1,1667,2411032,1,3334,2414031,1,5001,2414032,1,6668,2417031,1,8335,2417032,1,10000,,,,,,,,,,,,
3231,Lv42 特别的箱子(破坏) - 胸部,3230,2808,2421031,1,1667,2421032,1,3334,2424031,1,5001,2424032,1,6668,2427031,1,8335,2427032,1,10000,,,,,,,,,,,,
3232,Lv42 特别的箱子(破坏) - 手,3230,4212,2431031,1,1667,2431032,1,3334,2434031,1,5001,2434032,1,6668,2437031,1,8335,2437032,1,10000,,,,,,,,,,,,
3233,Lv42 特别的箱子(破坏) - 腰,3230,5616,2441031,1,1667,2441032,1,3334,2444031,1,5001,2444032,1,6668,2447031,1,8335,2447032,1,10000,,,,,,,,,,,,
3234,Lv42 特别的箱子(破坏) - 脚,3230,7020,2451031,1,1667,2451032,1,3334,2454031,1,5001,2454032,1,6668,2457031,1,8335,2457032,1,10000,,,,,,,,,,,,
3235,Lv42 特别的箱子(破坏) - 斗篷,3230,7488,2461031,1,5000,2461032,1,10000,,,,,,,,,,,,,,,,,,,,,,,,
3236,Lv42 特别的箱子(破坏) - 武器,3230,10000,1026731,1,1667,1011731,1,3334,1041731,1,5001,1051731,1,6668,1141731,1,8335,1091731,1,10000,,,,,,,,,,,,
3240,Lv45 豪华 箱子(破坏) - 头发,3240,1404,2411111,1,1667,2411112,1,3334,2414111,1,5001,2414112,1,6668,2417111,1,8335,2417112,1,10000,,,,,,,,,,,,
3241,Lv45 豪华 箱子(破坏) - 胸部,3240,2808,2421111,1,1667,2421112,1,3334,2424111,1,5001,2424112,1,6668,2427111,1,8335,2427112,1,10000,,,,,,,,,,,,
3242,Lv45 豪华 箱子(破坏) - 手,3240,4212,2431111,1,1667,2431112,1,3334,2434111,1,5001,2434112,1,6668,2437111,1,8335,2437112,1,10000,,,,,,,,,,,,
3243,Lv45 豪华 箱子(破坏) - 腰,3240,5616,2441111,1,1667,2441112,1,3334,2444111,1,5001,2444112,1,6668,2447111,1,8335,2447112,1,10000,,,,,,,,,,,,
3244,Lv45 豪华 箱子(破坏) - 脚,3240,7020,2451111,1,1667,2451112,1,3334,2454111,1,5001,2454112,1,6668,2457111,1,8335,2457112,1,10000,,,,,,,,,,,,
3245,Lv45 豪华 箱子(破坏) - 斗篷,3240,7488,2461111,1,5000,2461112,1,10000,,,,,,,,,,,,,,,,,,,,,,,,
3246,Lv45 豪华 箱子(破坏) - 武器,3240,10000,1026811,1,1667,1011811,1,3334,1041811,1,5001,1051811,1,6668,1141811,1,8335,1091811,1,10000,,,,,,,,,,,,
3250,Lv45 珍贵的 箱子(破坏) - 头发,3250,1404,2411121,1,1667,2411122,1,3334,2414121,1,5001,2414122,1,6668,2417121,1,8335,2417122,1,10000,,,,,,,,,,,,
3251,Lv45 珍贵的 箱子(破坏) - 胸部,3250,2808,2421121,1,1667,2421122,1,3334,2424121,1,5001,2424122,1,6668,2427121,1,8335,2427122,1,10000,,,,,,,,,,,,
3252,Lv45 珍贵的 箱子(破坏) - 手,3250,4212,2431121,1,1667,2431122,1,3334,2434121,1,5001,2434122,1,6668,2437121,1,8335,2437122,1,10000,,,,,,,,,,,,
3253,Lv45 珍贵的 箱子(破坏) - 腰,3250,5616,2441121,1,1667,2441122,1,3334,2444121,1,5001,2444122,1,6668,2447121,1,8335,2447122,1,10000,,,,,,,,,,,,
3254,Lv45 珍贵的 箱子(破坏) - 脚,3250,7020,2451121,1,1667,2451122,1,3334,2454121,1,5001,2454122,1,6668,2457121,1,8335,2457122,1,10000,,,,,,,,,,,,
3255,Lv45 珍贵的 箱子(破坏) - 斗篷,3250,7488,2461121,1,5000,2461122,1,10000,,,,,,,,,,,,,,,,,,,,,,,,
3256,Lv45 珍贵的 箱子(破坏) - 武器,3250,10000,1026821,1,1667,1011821,1,3334,1041821,1,5001,1051821,1,6668,1141821,1,8335,1091821,1,10000,,,,,,,,,,,,
3260,Lv45 特别的箱子(破坏) - 头发,3260,1404,2411131,1,1667,2411132,1,3334,2414131,1,5001,2414132,1,6668,2417131,1,8335,2417132,1,10000,,,,,,,,,,,,
3261,Lv45 特别的箱子(破坏) - 胸部,3260,2808,2421131,1,1667,2421132,1,3334,2424131,1,5001,2424132,1,6668,2427131,1,8335,2427132,1,10000,,,,,,,,,,,,
3262,Lv45 特别的箱子(破坏) - 手,3260,4212,2431131,1,1667,2431132,1,3334,2434131,1,5001,2434132,1,6668,2437131,1,8335,2437132,1,10000,,,,,,,,,,,,
3263,Lv45 特别的箱子(破坏) - 腰,3260,5616,2441131,1,1667,2441132,1,3334,2444131,1,5001,2444132,1,6668,2447131,1,8335,2447132,1,10000,,,,,,,,,,,,
3264,Lv45 特别的箱子(破坏) - 脚,3260,7020,2451131,1,1667,2451132,1,3334,2454131,1,5001,2454132,1,6668,2457131,1,8335,2457132,1,10000,,,,,,,,,,,,
3265,Lv45 特别的箱子(破坏) - 斗篷,3260,7488,2461131,1,5000,2461132,1,10000,,,,,,,,,,,,,,,,,,,,,,,,
3266,Lv45 特别的箱子(破坏) - 武器,3260,10000,1026831,1,1667,1011831,1,3334,1041831,1,5001,1051831,1,6668,1141831,1,8335,1091831,1,10000,,,,,,,,,,,,
5200,最低级强化石随机箱子,5200,10000,40000,3,166,40000,2,500,40000,1,1000,40100,3,2000,40100,2,4000,40100,1,7000,40200,2,8200,40200,1,10000,,,,,,
5201,下级强化石随机箱子,5201,10000,40001,3,166,40001,2,500,40001,1,1000,40101,3,2000,40101,2,4000,40101,1,7000,40201,2,8200,40201,1,10000,,,,,,
5202,中级强化石随机箱,5202,10000,40002,3,166,40002,2,500,40002,1,1000,40102,3,2000,40102,2,4000,40102,1,7000,40202,2,8200,40202,1,10000,,,,,,
5203,上级强化石随机箱,5203,10000,40003,3,166,40003,2,500,40003,1,1000,40103,3,2000,40103,2,4000,40103,1,7000,40203,2,8200,40203,1,10000,,,,,,
5204,最低级套装随机箱精灵石,5204,10000,51100,1,1666,51150,1,3333,51000,1,5000,51050,1,6666,51200,1,8333,51250,1,10000,,,,,,,,,,,,
5205,最下级防御服随机箱精灵石,5205,10000,52200,1,2000,52000,1,4000,52050,1,6000,52100,1,8000,52150,1,10000,,,,,,,,,,,,,,,
5206,最下级精灵石首饰随机箱,5206,10000,53150,1,1200,53200,1,2400,53250,1,3600,53300,1,4800,53350,1,6000,53050,1,8000,53100,1,10000,,,,,,,,,
5207,下级 武器 精灵石随机 箱子,5207,10000,51101,1,1666,51151,1,3333,51001,1,5000,51051,1,6666,51201,1,8333,51251,1,10000,,,,,,,,,,,,
5208,下级 防御服 精灵石随机 箱子,5208,10000,52201,1,2000,52001,1,4000,52051,1,6000,52101,1,8000,52151,1,10000,,,,,,,,,,,,,,,
5209,下级 首饰 精灵石随机 箱子,5209,10000,53151,1,1200,53201,1,2400,53251,1,3600,53301,1,4800,53351,1,6000,53051,1,8000,53101,1,10000,,,,,,,,,
5210,中级武器 精灵石随机 箱子,5210,10000,51102,1,1666,51152,1,3333,51002,1,5000,51052,1,6666,51202,1,8333,51252,1,10000,,,,,,,,,,,,
5211,中级防御服 精灵石随机 箱子,5211,10000,52202,1,2000,52002,1,4000,52052,1,6000,52102,1,8000,52152,1,10000,,,,,,,,,,,,,,,
5212,中级首饰 精灵石随机 箱子,5212,10000,53152,1,1200,53202,1,2400,53252,1,3600,53302,1,4800,53352,1,6000,53052,1,8000,53102,1,10000,,,,,,,,,
5213,重伤级 武器 精灵石随机 箱子,5213,10000,51103,1,1666,51153,1,3333,51003,1,5000,51053,1,6666,51203,1,8333,51253,1,10000,,,,,,,,,,,,
5214,重伤级 防御服 精灵石随机 箱子,5214,10000,52203,1,2000,52003,1,4000,52053,1,6000,52103,1,8000,52153,1,10000,,,,,,,,,,,,,,,
5215,重伤级 首饰 精灵石随机 箱子,5215,10000,53153,1,1200,53203,1,2400,53253,1,3600,53303,1,4800,53353,1,6000,53053,1,8000,53103,1,10000,,,,,,,,,
5216,高级 强化石 随机 箱子,5216,10000,40004,3,166,40004,2,500,40004,1,1000,40104,3,2000,40104,2,4000,40104,1,7000,40204,2,8200,40204,1,10000,,,,,,
5217,最高级 强化石 随机 箱子,5217,10000,40005,3,166,40005,2,500,40005,1,1000,40105,3,2000,40105,2,4000,40105,1,7000,40205,2,8200,40205,1,10000,,,,,,
5301,古代 精灵石随机 箱子(武器),5301,10000,90026,1,4889,90027,1,9389,90028,1,9889,90029,1,9989,90030,1,9999,90031,1,10000,,,,,,,,,,,,
5302,古代 精灵石随机 箱子(防御服),5302,10000,90032,1,4889,90033,1,9389,90034,1,9889,90035,1,9989,90036,1,9999,90037,1,10000,,,,,,,,,,,,
5303,古代 精灵石随机 箱子(饰品),5303,10000,90038,1,4889,90039,1,9389,90040,1,9889,90041,1,9989,90042,1,9999,90043,1,10000,,,,,,,,,,,,
5400,古代 精灵石随机 箱子,5400,10000,90044,1,2000,90045,1,7000,90046,1,10000,,,,,,,,,,,,,,,,,,,,,
5401,第一化身 随机 箱子(高级),5401,10000,201011,1,1666,201012,1,3333,201013,1,5000,201014,1,6666,201015,1,8333,201016,1,10000,,,,,,,,,,,,
5402,第一 化身 随机 箱子(毁坏),5402,10000,202011,1,1666,202012,1,3333,202013,1,5000,202014,1,6666,202015,1,8333,202016,1,10000,,,,,,,,,,,,
5403,第二 化身 随机 箱子(高级),5403,10000,201041,1,1666,201042,1,3333,201043,1,5000,201044,1,6666,201045,1,8333,201046,1,10000,,,,,,,,,,,,
5404,第二 化身 随机 箱子(毁坏),5404,10000,202041,1,1666,202042,1,3333,202043,1,5000,202044,1,6666,202045,1,8333,202046,1,10000,,,,,,,,,,,,
5500,秘密商人出售 道具 箱子,5500,8900,10012,10,5000,10012,20,5700,10013,20,6400,10016,20,6900,10017,20,7400,10112,20,8100,10113,20,8800,10116,20,9400,10117,20,10000,,,
5501,秘密商人出售 道具 箱子,5500,9150,90062,2,300,510014,1,350,510015,1,380,510043,10,5380,510030,10,9580,510000,1,9780,510004,1,9840,510005,1,9940,510006,1,10000,,,
5502,秘密商人出售 道具 箱子,5500,9400,52003,1,2500,52004,1,3500,52203,1,3550,52204,1,3560,52053,1,6060,52054,1,7060,52103,1,8060,52104,1,8500,52153,1,9500,52154,1,10000
5503,秘密商人出售 道具 箱子,5500,9650,53153,1,3100,53154,1,3197,53253,1,6497,53254,1,6697,51253,1,9797,51254,1,9997,41009,1,9998,41015,1,9999,41003,1,10000,,,
5504,秘密商人出售 道具 箱子,5500,9900,53203,1,1500,53204,1,1600,53353,1,2050,53354,1,2100,53053,1,4600,53054,1,4700,53303,1,7200,53304,1,7300,53103,1,9900,53104,1,10000
5505,秘密商人出售 道具 箱子,5500,9990,51003,1,2000,51004,1,2200,51053,1,4200,51054,1,4500,51103,1,5500,51104,1,5600,51153,1,6600,51154,1,6700,51203,1,9700,51204,1,10000
5506,秘密商人出售 道具 箱子,5500,9996,40002,1,2000,40003,1,3000,40004,1,3300,40102,1,5300,40103,1,6300,40104,1,6700,40202,1,8700,40203,1,9700,40204,1,10000,,,
5507,秘密商人出售 道具 箱子,5500,10000,40302,1,3334,400001,1,6667,9071,1,10000,,,,,,,,,,,,,,,,,,,,,
5510,秘密商人出售 道具 高级 箱子,5510,1840,40103,1,1250,51153,1,2500,52153,1,3750,40203,1,5000,51003,1,6250,53053,1,7500,53303,1,8750,53253,1,10000,,,,,,
5511,秘密商人出售 道具 高级 箱子,5510,3700,51253,1,1236,53103,1,2472,51053,1,3708,52053,1,4945,52154,1,6182,53153,1,7419,10013,30,8763,53054,1,10000,,,,,,
5512,秘密商人出售 道具 高级 箱子,5510,5510,10012,30,1381,40104,1,2431,51103,1,3702,10113,30,5083,52003,1,6354,10112,30,7625,10017,30,8895,10016,30,10000,,,,,,
5513,秘密商人出售 道具 高级 箱子,5510,6885,10117,30,1455,53353,1,2910,53304,1,4365,53104,1,5820,10116,30,7274,510043,10,8728,51054,1,10000,,,,,,,,,
5514,秘密商人出售 道具 高级 箱子,5510,8260,52004,1,1273,52203,1,2546,52054,1,3819,53203,1,5092,510000,1,6365,40204,1,7455,90062,5,8727,510015,1,10000,,,,,,
5515,秘密商人出售 道具 高级 箱子,5510,9150,51154,1,1966,40003,1,3370,40301,1,4774,510030,10,6178,52103,1,7583,51254,1,8988,510014,1,10000,,,,,,,,,
5516,秘密商人出售 道具 高级 箱子,5510,9765,52204,1,1463,53254,1,2926,510005,1,4389,51104,1,5690,510006,1,6828,53354,1,7967,53154,1,9024,510004,1,10000,,,,,,
5517,秘密商人出售 道具 高级 箱子,5510,10000,51004,1,2128,40004,1,4043,52104,1,5958,53204,1,7873,51203,1,9150,51204,1,9703,40302,1,9915,400001,1,9958,9071,1,10000,,,
6000,Lv.11~20小规模 战场 奖励(礼物 箱子)-胜利,6000,10000,400001,3,10000,9069,2,10000,0,0,0,0,0,0,0,0,0,0,0,0,0,0,0,0,0,0,0,0,0,0,0,0
6001,Lv.11~20小规模 战场 奖励(礼物 箱子)-失败,6001,10000,400001,1,10000,0,0,0,0,0,0,0,0,0,0,0,0,0,0,0,0,0,0,0,0,0,0,0,0,0,0,0
6002,红泪-Lv.11~20小规模 战场 奖励(礼物 箱子)-胜利,6002,10000,400001,3,10000,9069,2,10000,0,0,0,0,0,0,0,0,0,0,0,0,0,0,0,0,0,0,0,0,0,0,0,0
6003,红泪-Lv.11~20小规模 战场 奖励(礼物 箱子)-失败,6003,10000,400001,1,10000,0,0,0,0,0,0,0,0,0,0,0,0,0,0,0,0,0,0,0,0,0,0,0,0,0,0,0
6010,Lv.21~30小规模 战场 奖励(礼物 箱子)-胜利,6010,10000,400001,3,10000,9069,2,10000,0,0,0,0,0,0,,,,,,,,,,,,,,,,,,
6011,Lv.21~30小规模 战场 奖励(礼物 箱子)-失败,6011,10000,400001,1,10000,0,0,0,0,0,0,0,0,0,,,,,,,,,,,,,,,,,,
6012,红泪-Lv.21~30小规模 战场 奖励(礼物 箱子)-胜利,6012,10000,400001,3,10000,9069,2,10000,0,0,0,0,0,0,,,,,,,,,,,,,,,,,,
6013,红泪-Lv.21~30小规模 战场 奖励(礼物 箱子)-失败,6013,10000,400001,1,10000,0,0,0,0,0,0,0,0,0,,,,,,,,,,,,,,,,,,
7000,大规模 战场 奖励(礼物 箱子)-胜利,7000,10000,400001,3,10000,0,0,0,0,0,0,0,0,0,0,0,0,0,0,0,0,0,0,0,0,0,0,0,0,0,0,0
7001,大规模 战场 奖励(礼物 箱子)-失败,7001,10000,400001,1,10000,0,0,0,0,0,0,0,0,0,0,0,0,0,0,0,0,0,0,0,0,0,0,0,0,0,0,0
7002,大规模 战场 奖励(礼物 箱子)-无胜负,7002,10000,400001,2,10000,0,0,0,0,0,0,0,0,0,0,0,0,0,0,0,0,0,0,0,0,0,0,0,0,0,0,0
8000,test,80,1000,105000,1,1666,1010300,1,3333,1010301,1,5000,1010311,1,6666,1010321,1,8333,3,1,10000,,,,,,,,,,,,
8001,test1,80,2000,105001,1,1666,2420432,1,3333,2420431,1,5000,2420422,1,6666,2420411,1,8333,13239,1,10000,,,,,,,,,,,,
8002,test2,80,4000,2,1,1666,5,1,3333,6,1,5000,7,1,6666,8,1,8333,9,1,10000,,,,,,,,,,,,
8003,test3,80,7000,12,1,1666,105013,1,3333,2460231,1,5000,105043,1,6666,105063,1,8333,13,1,10000,,,,,,,,,,,,
8004,test4,80,9000,8,1,1666,14349,1,3333,105034,1,5000,105044,1,6666,105064,1,8333,2136531,1,10000,,,,,,,,,,,,
8005,test5,80,10000,2136600,1,1666,14349,1,3333,105034,1,5000,105044,1,6666,105064,1,8333,2,1,10000,,,,,,,,,,,,
10000,"单手剑 40,42级 一般",10000,1000,1111601,1,5000,1111701,1,10000,,,,,,,,,,,,,,,,,,,,,,,,
10001,"单手剑 40,42级 高级",10000,8000,1111611,1,5000,1111711,1,10000,,,,,,,,,,,,,,,,,,,,,,,,
10002,"单手剑 40,42级 稀有",10000,9500,1111621,1,5000,1111721,1,10000,,,,,,,,,,,,,,,,,,,,,,,,
10003,"单手剑 40,42级 特别",10000,10000,1111631,1,5000,1111731,1,10000,,,,,,,,,,,,,,,,,,,,,,,,
10004,"人类盾牌 40,42级 一般",10004,1000,1021601,1,5000,1021701,1,10000,,,,,,,,,,,,,,,,,,,,,,,,
10005,"人类盾牌 40,42级 高级",10004,8000,1021611,1,5000,1021711,1,10000,,,,,,,,,,,,,,,,,,,,,,,,
10006,"人类盾牌 40,42级 稀有",10004,9500,1021621,1,5000,1021721,1,10000,,,,,,,,,,,,,,,,,,,,,,,,
10007,"人类盾牌 40,42级 特别",10004,10000,1021631,1,5000,1021731,1,10000,,,,,,,,,,,,,,,,,,,,,,,,
10008,"双手剑 40,42级 一般",10008,1000,1121601,1,5000,1121701,1,10000,,,,,,,,,,,,,,,,,,,,,,,,
10009,"双手剑 40,42级 高级",10008,8000,1121611,1,5000,1121711,1,10000,,,,,,,,,,,,,,,,,,,,,,,,
10010,"双手剑 40,42级 稀有",10008,9500,1121621,1,5000,1121721,1,10000,,,,,,,,,,,,,,,,,,,,,,,,
10011,"双手剑 40,42级 特别",10008,10000,1121631,1,5000,1121731,1,10000,,,,,,,,,,,,,,,,,,,,,,,,
10012,"弩 40,42级 一般",10012,1000,1131601,1,5000,1131701,1,10000,,,,,,,,,,,,,,,,,,,,,,,,
10013,"弩 40,42级 高级",10012,8000,1131611,1,5000,1131711,1,10000,,,,,,,,,,,,,,,,,,,,,,,,
10014,"弩 40,42级 稀有",10012,9500,1131621,1,5000,1131721,1,10000,,,,,,,,,,,,,,,,,,,,,,,,
10015,"弩 40,42级 特别",10012,10000,1131631,1,5000,1131731,1,10000,,,,,,,,,,,,,,,,,,,,,,,,
10016,"手杖 40,42级 一般",10016,1000,1031601,1,5000,1031701,1,10000,,,,,,,,,,,,,,,,,,,,,,,,
10017,"手杖 40,42级 高级",10016,8000,1031611,1,5000,1031711,1,10000,,,,,,,,,,,,,,,,,,,,,,,,
10018,"手杖 40,42级 稀有",10016,9500,1031621,1,5000,1031721,1,10000,,,,,,,,,,,,,,,,,,,,,,,,
10019,"手杖 40,42级 特别",10016,10000,1031631,1,5000,1031731,1,10000,,,,,,,,,,,,,,,,,,,,,,,,
10020,"单手剑 45,47级 一般",10020,1000,1111801,1,5000,1111901,1,10000,,,,,,,,,,,,,,,,,,,,,,,,
10021,"单手剑 45,47级 高级",10020,8000,1111811,1,5000,1111911,1,10000,,,,,,,,,,,,,,,,,,,,,,,,
10022,"单手剑 45,47级 稀有",10020,9500,1111821,1,5000,1111921,1,10000,,,,,,,,,,,,,,,,,,,,,,,,
10023,"单手剑 45,47级 特别",10020,10000,1111831,1,5000,1111931,1,10000,,,,,,,,,,,,,,,,,,,,,,,,
10024,"人类盾牌 45,47级 一般",10024,1000,1021801,1,5000,1021901,1,10000,,,,,,,,,,,,,,,,,,,,,,,,
10025,"人类盾牌 45,47级 高级",10024,8000,1021811,1,5000,1021911,1,10000,,,,,,,,,,,,,,,,,,,,,,,,
10026,"人类盾牌 45,47级 稀有",10024,9500,1021821,1,5000,1021921,1,10000,,,,,,,,,,,,,,,,,,,,,,,,
10027,"人类盾牌 45,47级 特别",10024,10000,1021831,1,5000,1021931,1,10000,,,,,,,,,,,,,,,,,,,,,,,,
10028,"双手剑 45,47级 一般",10028,1000,1121801,1,5000,1121901,1,10000,,,,,,,,,,,,,,,,,,,,,,,,
10029,"双手剑 45,47级 高级",10028,8000,1121811,1,5000,1121911,1,10000,,,,,,,,,,,,,,,,,,,,,,,,
10030,"双手剑 45,47级 稀有",10028,9500,1121821,1,5000,1121921,1,10000,,,,,,,,,,,,,,,,,,,,,,,,
10031,"双手剑 45,47级 特别",10028,10000,1121831,1,5000,1121931,1,10000,,,,,,,,,,,,,,,,,,,,,,,,
10032,"弩 45,47级 一般",10032,1000,1131801,1,5000,1131901,1,10000,,,,,,,,,,,,,,,,,,,,,,,,
10033,"弩 45,47级 高级",10032,8000,1131811,1,5000,1131911,1,10000,,,,,,,,,,,,,,,,,,,,,,,,
10034,"弩 45,47级 稀有",10032,9500,1131821,1,5000,1131921,1,10000,,,,,,,,,,,,,,,,,,,,,,,,
10035,"弩 45,47级 特别",10032,10000,1131831,1,5000,1131931,1,10000,,,,,,,,,,,,,,,,,,,,,,,,
10036,"手杖 45,47级 一般",10036,1000,1031801,1,5000,1031901,1,10000,,,,,,,,,,,,,,,,,,,,,,,,
10037,"手杖 45,47级 高级",10036,8000,1031811,1,5000,1031911,1,10000,,,,,,,,,,,,,,,,,,,,,,,,
10038,"手杖 45,47级 稀有",10036,9500,1031821,1,5000,1031921,1,10000,,,,,,,,,,,,,,,,,,,,,,,,
10039,"手杖 45,47级 特别",10036,10000,1031831,1,5000,1031931,1,10000,,,,,,,,,,,,,,,,,,,,,,,,
10040,"单手剑 50,52级 一般",10040,1000,1112001,1,5000,1112101,1,10000,,,,,,,,,,,,,,,,,,,,,,,,
10041,"单手剑 50,52级 高级",10040,8000,1112011,1,5000,1112111,1,10000,,,,,,,,,,,,,,,,,,,,,,,,
10042,"单手剑 50,52级 稀有",10040,9500,1112021,1,5000,1112121,1,10000,,,,,,,,,,,,,,,,,,,,,,,,
10043,"单手剑 50,52级 特别",10040,10000,1112031,1,5000,1112131,1,10000,,,,,,,,,,,,,,,,,,,,,,,,
10044,"人类盾牌 50,52级 一般",10044,1000,1022001,1,5000,1022101,1,10000,,,,,,,,,,,,,,,,,,,,,,,,
10045,"人类盾牌 50,52级 高级",10044,8000,1022011,1,5000,1022111,1,10000,,,,,,,,,,,,,,,,,,,,,,,,
10046,"人类盾牌 50,52级 稀有",10044,9500,1022021,1,5000,1022121,1,10000,,,,,,,,,,,,,,,,,,,,,,,,
10047,"人类盾牌 50,52级 特别",10044,10000,1022031,1,5000,1022131,1,10000,,,,,,,,,,,,,,,,,,,,,,,,
10048,"双手剑 50,52级 一般",10048,1000,1122001,1,5000,1122101,1,10000,,,,,,,,,,,,,,,,,,,,,,,,
10049,"双手剑 50,52级 高级",10048,8000,1122011,1,5000,1122111,1,10000,,,,,,,,,,,,,,,,,,,,,,,,
10050,"双手剑 50,52级 稀有",10048,9500,1122021,1,5000,1122121,1,10000,,,,,,,,,,,,,,,,,,,,,,,,
10051,"双手剑 50,52级 特别",10048,10000,1122031,1,5000,1122131,1,10000,,,,,,,,,,,,,,,,,,,,,,,,
10052,"弩 50,52级 一般",10052,1000,1132001,1,5000,1132101,1,10000,,,,,,,,,,,,,,,,,,,,,,,,
10053,"弩 50,52级 高级",10052,8000,1132011,1,5000,1132111,1,10000,,,,,,,,,,,,,,,,,,,,,,,,
10054,"弩 50,52级 稀有",10052,9500,1132021,1,5000,1132121,1,10000,,,,,,,,,,,,,,,,,,,,,,,,
10055,"弩 50,52级 特别",10052,10000,1132031,1,5000,1132131,1,10000,,,,,,,,,,,,,,,,,,,,,,,,
10056,"手杖 50,52级 一般",10056,1000,1032001,1,5000,1032101,1,10000,,,,,,,,,,,,,,,,,,,,,,,,
10057,"手杖 50,52级 高级",10056,8000,1032011,1,5000,1032111,1,10000,,,,,,,,,,,,,,,,,,,,,,,,
10058,"手杖 50,52级 稀有",10056,9500,1032021,1,5000,1032121,1,10000,,,,,,,,,,,,,,,,,,,,,,,,
10059,"手杖 50,52级 特别",10056,10000,1032031,1,5000,1032131,1,10000,,,,,,,,,,,,,,,,,,,,,,,,
11000,"长枪 40,42级 一般",11000,1000,1011601,1,5000,1011701,1,10000,,,,,,,,,,,,,,,,,,,,,,,,
11001,"长枪 40,42级 高级",11000,8000,1011611,1,5000,1011711,1,10000,,,,,,,,,,,,,,,,,,,,,,,,
11002,"长枪 40,42级 稀有",11000,9500,1011621,1,5000,1011721,1,10000,,,,,,,,,,,,,,,,,,,,,,,,
11003,"长枪 40,42级 特别",11000,10000,1011631,1,5000,1011731,1,10000,,,,,,,,,,,,,,,,,,,,,,,,
11004,"橡木盾 40,42级 一般",11004,1000,1026601,1,5000,1026701,1,10000,,,,,,,,,,,,,,,,,,,,,,,,
11005,"橡木盾 40,42级 高级",11004,8000,1026611,1,5000,1026711,1,10000,,,,,,,,,,,,,,,,,,,,,,,,
11006,"橡木盾 40,42级 稀有",11004,9500,1026621,1,5000,1026721,1,10000,,,,,,,,,,,,,,,,,,,,,,,,
11007,"橡木盾 40,42级 特别",11004,10000,1026631,1,5000,1026731,1,10000,,,,,,,,,,,,,,,,,,,,,,,,
11008,"斧子 40,42级 一般",11008,1000,1041601,1,5000,1041701,1,10000,,,,,,,,,,,,,,,,,,,,,,,,
11009,"斧子 40,42级 高级",11008,8000,1041611,1,5000,1041711,1,10000,,,,,,,,,,,,,,,,,,,,,,,,
11010,"斧子 40,42级 稀有",11008,9500,1041621,1,5000,1041721,1,10000,,,,,,,,,,,,,,,,,,,,,,,,
11011,"斧子 40,42级 特别",11008,10000,1041631,1,5000,1041731,1,10000,,,,,,,,,,,,,,,,,,,,,,,,
11012,"弓箭 40,42级 一般",11012,1000,1051601,1,5000,1051701,1,10000,,,,,,,,,,,,,,,,,,,,,,,,
11013,"弓箭 40,42级 高级",11012,8000,1051611,1,5000,1051711,1,10000,,,,,,,,,,,,,,,,,,,,,,,,
11014,"弓箭 40,42级 稀有",11012,9500,1051621,1,5000,1051721,1,10000,,,,,,,,,,,,,,,,,,,,,,,,
11015,"弓箭 40,42级 特别",11012,10000,1051631,1,5000,1051731,1,10000,,,,,,,,,,,,,,,,,,,,,,,,
11016,"魔杖 40,42级 一般",11016,1000,1141601,1,5000,1141701,1,10000,,,,,,,,,,,,,,,,,,,,,,,,
11017,"魔杖 40,42级 高级",11016,8000,1141611,1,5000,1141711,1,10000,,,,,,,,,,,,,,,,,,,,,,,,
11018,"魔杖 40,42级 稀有",11016,9500,1141621,1,5000,1141721,1,10000,,,,,,,,,,,,,,,,,,,,,,,,
11019,"魔杖 40,42级 特别",11016,10000,1141631,1,5000,1141731,1,10000,,,,,,,,,,,,,,,,,,,,,,,,
11020,"长枪 45,47级 一般",11020,1000,1011801,1,5000,1011901,1,10000,,,,,,,,,,,,,,,,,,,,,,,,
11021,"长枪 45,47级 高级",11020,8000,1011811,1,5000,1011911,1,10000,,,,,,,,,,,,,,,,,,,,,,,,
11022,"长枪 45,47级 稀有",11020,9500,1011821,1,5000,1011921,1,10000,,,,,,,,,,,,,,,,,,,,,,,,
11023,"长枪 45,47级 特别",11020,10000,1011831,1,5000,1011931,1,10000,,,,,,,,,,,,,,,,,,,,,,,,
11024,"橡木盾 45,47级 一般",11024,1000,1026801,1,5000,1026901,1,10000,,,,,,,,,,,,,,,,,,,,,,,,
11025,"橡木盾 45,47级 高级",11024,8000,1026811,1,5000,1026911,1,10000,,,,,,,,,,,,,,,,,,,,,,,,
11026,"橡木盾 45,47级 稀有",11024,9500,1026821,1,5000,1026921,1,10000,,,,,,,,,,,,,,,,,,,,,,,,
11027,"橡木盾 45,47级 特别",11024,10000,1026831,1,5000,1026931,1,10000,,,,,,,,,,,,,,,,,,,,,,,,
11028,"斧子 45,47级 一般",11028,1000,1041801,1,5000,1041901,1,10000,,,,,,,,,,,,,,,,,,,,,,,,
11029,"斧子 45,47级 高级",11028,8000,1041811,1,5000,1041911,1,10000,,,,,,,,,,,,,,,,,,,,,,,,
11030,"斧子 45,47级 稀有",11028,9500,1041821,1,5000,1041921,1,10000,,,,,,,,,,,,,,,,,,,,,,,,
11031,"斧子 45,47级 特别",11028,10000,1041831,1,5000,1041931,1,10000,,,,,,,,,,,,,,,,,,,,,,,,
11032,"弓箭 45,47级 一般",11032,1000,1051801,1,5000,1051901,1,10000,,,,,,,,,,,,,,,,,,,,,,,,
11033,"弓箭 45,47级 高级",11032,8000,1051811,1,5000,1051911,1,10000,,,,,,,,,,,,,,,,,,,,,,,,
11034,"弓箭 45,47级 稀有",11032,9500,1051821,1,5000,1051921,1,10000,,,,,,,,,,,,,,,,,,,,,,,,
11035,"弓箭 45,47级 特别",11032,10000,1051831,1,5000,1051931,1,10000,,,,,,,,,,,,,,,,,,,,,,,,
11036,"魔杖 45,47级 一般",11036,1000,1141801,1,5000,1141901,1,10000,,,,,,,,,,,,,,,,,,,,,,,,
11037,"魔杖 45,47级 高级",11036,8000,1141811,1,5000,1141911,1,10000,,,,,,,,,,,,,,,,,,,,,,,,
11038,"魔杖 45,47级 稀有",11036,9500,1141821,1,5000,1141921,1,10000,,,,,,,,,,,,,,,,,,,,,,,,
11039,"魔杖 45,47级 特别",11036,10000,1141831,1,5000,1141931,1,10000,,,,,,,,,,,,,,,,,,,,,,,,
11040,"长枪 50,52级 一般",11040,1000,1012001,1,5000,1012101,1,10000,,,,,,,,,,,,,,,,,,,,,,,,
11041,"长枪 50,52级 高级",11040,8000,1012011,1,5000,1012111,1,10000,,,,,,,,,,,,,,,,,,,,,,,,
11042,"长枪 50,52级 稀有",11040,9500,1012021,1,5000,1012121,1,10000,,,,,,,,,,,,,,,,,,,,,,,,
11043,"长枪 50,52级 特别",11040,10000,1012031,1,5000,1012131,1,10000,,,,,,,,,,,,,,,,,,,,,,,,
11044,"橡木盾 50,52级 一般",11044,1000,1027001,1,5000,1027101,1,10000,,,,,,,,,,,,,,,,,,,,,,,,
11045,"橡木盾 50,52级 高级",11044,8000,1027011,1,5000,1027111,1,10000,,,,,,,,,,,,,,,,,,,,,,,,
11046,"橡木盾 50,52级 稀有",11044,9500,1027021,1,5000,1027121,1,10000,,,,,,,,,,,,,,,,,,,,,,,,
11047,"橡木盾 50,52级 特别",11044,10000,1027031,1,5000,1027131,1,10000,,,,,,,,,,,,,,,,,,,,,,,,
11048,"斧子 50,52级 一般",11048,1000,1042001,1,5000,1042101,1,10000,,,,,,,,,,,,,,,,,,,,,,,,
11049,"斧子 50,52级 高级",11048,8000,1042011,1,5000,1042111,1,10000,,,,,,,,,,,,,,,,,,,,,,,,
11050,"斧子 50,52级 稀有",11048,9500,1042021,1,5000,1042121,1,10000,,,,,,,,,,,,,,,,,,,,,,,,
11051,"斧子 50,52级 特别",11048,10000,1042031,1,5000,1042131,1,10000,,,,,,,,,,,,,,,,,,,,,,,,
11052,"弓箭 50,52级 一般",11052,1000,1052001,1,5000,1052101,1,10000,,,,,,,,,,,,,,,,,,,,,,,,
11053,"弓箭 50,52级 高级",11052,8000,1052011,1,5000,1052111,1,10000,,,,,,,,,,,,,,,,,,,,,,,,
11054,"弓箭 50,52级 稀有",11052,9500,1052021,1,5000,1052121,1,10000,,,,,,,,,,,,,,,,,,,,,,,,
11055,"弓箭 50,52级 特别",11052,10000,1052031,1,5000,1052131,1,10000,,,,,,,,,,,,,,,,,,,,,,,,
11056,"魔杖 50,52级 一般",11056,1000,1142001,1,5000,1142101,1,10000,,,,,,,,,,,,,,,,,,,,,,,,
11057,"魔杖 50,52级 高级",11056,8000,1142011,1,5000,1142111,1,10000,,,,,,,,,,,,,,,,,,,,,,,,
11058,"魔杖 50,52级 稀有",11056,9500,1142021,1,5000,1142121,1,10000,,,,,,,,,,,,,,,,,,,,,,,,
11059,"魔杖 50,52级 特别",11056,10000,1142031,1,5000,1142131,1,10000,,,,,,,,,,,,,,,,,,,,,,,,
12000,"高级 麻布头盔 40,42级 一般",12000,333,2110901,1,2500,2110902,1,5000,2111001,1,7500,2111002,1,10000,,,,,,,,,,,,,,,,,,
12001,"高级 轻甲头盔 40,42级 一般",12000,666,2113901,1,2500,2113902,1,5000,2114001,1,7500,2114002,1,10000,,,,,,,,,,,,,,,,,,
12002,"高级 重甲头盔 40,42级 一般",12000,1000,2116901,1,2500,2116902,1,5000,2117001,1,7500,2117002,1,10000,,,,,,,,,,,,,,,,,,
12003,"高级 麻布头盔 40,42级 高级",12000,3333,2110911,1,2500,2110912,1,5000,2111011,1,7500,2111012,1,10000,,,,,,,,,,,,,,,,,,
12004,"高级 轻甲头盔 40,42级 高级",12000,5666,2113911,1,2500,2113912,1,5000,2114011,1,7500,2114012,1,10000,,,,,,,,,,,,,,,,,,
12005,"高级 重甲头盔 40,42级 高级",12000,8000,2116911,1,2500,2116912,1,5000,2117011,1,7500,2117012,1,10000,,,,,,,,,,,,,,,,,,
12006,"高级 麻布头盔 40,42级 稀有",12000,8500,2110921,1,2500,2110922,1,5000,2111021,1,7500,2111022,1,10000,,,,,,,,,,,,,,,,,,
12007,"高级 轻甲头盔 40,42级 稀有",12000,9000,2113921,1,2500,2113922,1,5000,2114021,1,7500,2114022,1,10000,,,,,,,,,,,,,,,,,,
12008,"高级 重甲头盔 40,42级 稀有",12000,9500,2116921,1,2500,2116922,1,5000,2117021,1,7500,2117022,1,10000,,,,,,,,,,,,,,,,,,
12009,"高级 麻布头盔 40,42级 特别",12000,9666,2110931,1,2500,2110932,1,5000,2111031,1,7500,2111032,1,10000,,,,,,,,,,,,,,,,,,
12010,"高级 轻甲头盔 40,42级 特别",12000,9833,2113931,1,2500,2113932,1,5000,2114031,1,7500,2114032,1,10000,,,,,,,,,,,,,,,,,,
12011,"高级 重甲头盔 40,42级 特别",12000,10000,2116931,1,2500,2116932,1,5000,2117031,1,7500,2117032,1,10000,,,,,,,,,,,,,,,,,,
12012,"高级 麻布铠甲40,42级 一般",12012,333,2120901,1,2500,2120902,1,5000,2121001,1,7500,2121002,1,10000,,,,,,,,,,,,,,,,,,
12013,"高级 轻甲铠甲40,42级 一般",12012,666,2123901,1,2500,2123902,1,5000,2124001,1,7500,2124002,1,10000,,,,,,,,,,,,,,,,,,
12014,"高级 重甲铠甲40,42级 一般",12012,1000,2126901,1,2500,2126902,1,5000,2127001,1,7500,2127002,1,10000,,,,,,,,,,,,,,,,,,
12015,"高级 麻布铠甲40,42级 高级",12012,3333,2120911,1,2500,2120912,1,5000,2121011,1,7500,2121012,1,10000,,,,,,,,,,,,,,,,,,
12016,"高级 轻甲铠甲40,42级 高级",12012,5666,2123911,1,2500,2123912,1,5000,2124011,1,7500,2124012,1,10000,,,,,,,,,,,,,,,,,,
12017,"高级 重甲铠甲40,42级 高级",12012,8000,2126911,1,2500,2126912,1,5000,2127011,1,7500,2127012,1,10000,,,,,,,,,,,,,,,,,,
12018,"高级 麻布铠甲40,42级 稀有",12012,8500,2120921,1,2500,2120922,1,5000,2121021,1,7500,2121022,1,10000,,,,,,,,,,,,,,,,,,
12019,"高级 轻甲铠甲40,42级 稀有",12012,9000,2123921,1,2500,2123922,1,5000,2124021,1,7500,2124022,1,10000,,,,,,,,,,,,,,,,,,
12020,"高级 重甲铠甲40,42级 稀有",12012,9500,2126921,1,2500,2126922,1,5000,2127021,1,7500,2127022,1,10000,,,,,,,,,,,,,,,,,,
12021,"高级 麻布铠甲40,42级 特别",12012,9666,2120931,1,2500,2120932,1,5000,2121031,1,7500,2121032,1,10000,,,,,,,,,,,,,,,,,,
12022,"高级 轻甲铠甲40,42级 特别",12012,9833,2123931,1,2500,2123932,1,5000,2124031,1,7500,2124032,1,10000,,,,,,,,,,,,,,,,,,
12023,"高级 重甲铠甲40,42级 特别",12012,10000,2126931,1,2500,2126932,1,5000,2127031,1,7500,2127032,1,10000,,,,,,,,,,,,,,,,,,
12024,"高级 麻布装甲 40,42级 一般",12024,333,2130901,1,2500,2130902,1,5000,2131001,1,7500,2131002,1,10000,,,,,,,,,,,,,,,,,,
12025,"高级 轻甲装甲 40,42级 一般",12024,666,2133901,1,2500,2133902,1,5000,2134001,1,7500,2134002,1,10000,,,,,,,,,,,,,,,,,,
12026,"高级 重甲装甲 40,42级 一般",12024,1000,2136901,1,2500,2136902,1,5000,2137001,1,7500,2137002,1,10000,,,,,,,,,,,,,,,,,,
12027,"高级 麻布装甲 40,42级 高级",12024,3333,2130911,1,2500,2130912,1,5000,2131011,1,7500,2131012,1,10000,,,,,,,,,,,,,,,,,,
12028,"高级 轻甲装甲 40,42级 高级",12024,5666,2133911,1,2500,2133912,1,5000,2134011,1,7500,2134012,1,10000,,,,,,,,,,,,,,,,,,
12029,"高级 重甲装甲 40,42级 高级",12024,8000,2136911,1,2500,2136912,1,5000,2137011,1,7500,2137012,1,10000,,,,,,,,,,,,,,,,,,
12030,"高级 麻布装甲 40,42级 稀有",12024,8500,2130921,1,2500,2130922,1,5000,2131021,1,7500,2131022,1,10000,,,,,,,,,,,,,,,,,,
12031,"高级 轻甲装甲 40,42级 稀有",12024,9000,2133921,1,2500,2133922,1,5000,2134021,1,7500,2134022,1,10000,,,,,,,,,,,,,,,,,,
12032,"高级 重甲装甲 40,42级 稀有",12024,9500,2136921,1,2500,2136922,1,5000,2137021,1,7500,2137022,1,10000,,,,,,,,,,,,,,,,,,
12033,"高级 麻布装甲 40,42级 特别",12024,9666,2130931,1,2500,2130932,1,5000,2131031,1,7500,2131032,1,10000,,,,,,,,,,,,,,,,,,
12034,"高级 轻甲装甲 40,42级 特别",12024,9833,2133931,1,2500,2133932,1,5000,2134031,1,7500,2134032,1,10000,,,,,,,,,,,,,,,,,,
12035,"高级 重甲装甲 40,42级 特别",12024,10000,2136931,1,2500,2136932,1,5000,2137031,1,7500,2137032,1,10000,,,,,,,,,,,,,,,,,,
12036,"高级 麻布裤子 40,42级 一般",12036,333,2140901,1,2500,2140902,1,5000,2141001,1,7500,2141002,1,10000,,,,,,,,,,,,,,,,,,
12037,"高级 轻甲裤子 40,42级 一般",12036,666,2143901,1,2500,2143902,1,5000,2144001,1,7500,2144002,1,10000,,,,,,,,,,,,,,,,,,
12038,"高级 重甲裤子 40,42级 一般",12036,1000,2146901,1,2500,2146902,1,5000,2147001,1,7500,2147002,1,10000,,,,,,,,,,,,,,,,,,
12039,"高级 麻布裤子 40,42级 高级",12036,3333,2140911,1,2500,2140912,1,5000,2141011,1,7500,2141012,1,10000,,,,,,,,,,,,,,,,,,
12040,"高级 轻甲裤子 40,42级 高级",12036,5666,2143911,1,2500,2143912,1,5000,2144011,1,7500,2144012,1,10000,,,,,,,,,,,,,,,,,,
12041,"高级 重甲裤子 40,42级 高级",12036,8000,2146911,1,2500,2146912,1,5000,2147011,1,7500,2147012,1,10000,,,,,,,,,,,,,,,,,,
12042,"高级 麻布裤子 40,42级 稀有",12036,8500,2140921,1,2500,2140922,1,5000,2141021,1,7500,2141022,1,10000,,,,,,,,,,,,,,,,,,
12043,"高级 轻甲裤子 40,42级 稀有",12036,9000,2143921,1,2500,2143922,1,5000,2144021,1,7500,2144022,1,10000,,,,,,,,,,,,,,,,,,
12044,"高级 重甲裤子 40,42级 稀有",12036,9500,2146921,1,2500,2146922,1,5000,2147021,1,7500,2147022,1,10000,,,,,,,,,,,,,,,,,,
12045,"高级 麻布裤子 40,42级 特别",12036,9666,2140931,1,2500,2140932,1,5000,2141031,1,7500,2141032,1,10000,,,,,,,,,,,,,,,,,,
12046,"高级 轻甲裤子 40,42级 特别",12036,9833,2143931,1,2500,2143932,1,5000,2144031,1,7500,2144032,1,10000,,,,,,,,,,,,,,,,,,
12047,"高级 重甲裤子 40,42级 特别",12036,10000,2146931,1,2500,2146932,1,5000,2147031,1,7500,2147032,1,10000,,,,,,,,,,,,,,,,,,
12048,"高级 麻布鞋 40,42级 一般",12048,333,2150901,1,2500,2150902,1,5000,2151001,1,7500,2151002,1,10000,,,,,,,,,,,,,,,,,,
12049,"高级 轻甲鞋 40,42级 一般",12048,666,2153901,1,2500,2153902,1,5000,2154001,1,7500,2154002,1,10000,,,,,,,,,,,,,,,,,,
12050,"高级 重甲鞋 40,42级 一般",12048,1000,2156901,1,2500,2156902,1,5000,2157001,1,7500,2157002,1,10000,,,,,,,,,,,,,,,,,,
12051,"高级 麻布鞋 40,42级 高级",12048,3333,2150911,1,2500,2150912,1,5000,2151011,1,7500,2151012,1,10000,,,,,,,,,,,,,,,,,,
12052,"高级 轻甲鞋 40,42级 高级",12048,5666,2153911,1,2500,2153912,1,5000,2154011,1,7500,2154012,1,10000,,,,,,,,,,,,,,,,,,
12053,"高级 重甲鞋 40,42级 高级",12048,8000,2156911,1,2500,2156912,1,5000,2157011,1,7500,2157012,1,10000,,,,,,,,,,,,,,,,,,
12054,"高级 麻布鞋 40,42级 稀有",12048,8500,2150921,1,2500,2150922,1,5000,2151021,1,7500,2151022,1,10000,,,,,,,,,,,,,,,,,,
12055,"高级 轻甲鞋 40,42级 稀有",12048,9000,2153921,1,2500,2153922,1,5000,2154021,1,7500,2154022,1,10000,,,,,,,,,,,,,,,,,,
12056,"高级 重甲鞋 40,42级 稀有",12048,9500,2156921,1,2500,2156922,1,5000,2157021,1,7500,2157022,1,10000,,,,,,,,,,,,,,,,,,
12057,"高级 麻布鞋 40,42级 特别",12048,9666,2150931,1,2500,2150932,1,5000,2151031,1,7500,2151032,1,10000,,,,,,,,,,,,,,,,,,
12058,"高级 轻甲鞋 40,42级 特别",12048,9833,2153931,1,2500,2153932,1,5000,2154031,1,7500,2154032,1,10000,,,,,,,,,,,,,,,,,,
12059,"高级 重甲鞋 40,42级 特别",12048,10000,2156931,1,2500,2156932,1,5000,2157031,1,7500,2157032,1,10000,,,,,,,,,,,,,,,,,,
12060,"高级 重甲斗篷 40,42级 一般",12060,1000,2160901,1,2500,2160902,1,5000,2161001,1,7500,2161002,1,10000,,,,,,,,,,,,,,,,,,
12061,"高级 重甲斗篷 40,42级 高级",12060,8000,2160911,1,2500,2160912,1,5000,2161011,1,7500,2161012,1,10000,,,,,,,,,,,,,,,,,,
12062,"高级 重甲斗篷 40,42级 稀有",12060,9500,2160921,1,2500,2160922,1,5000,2161021,1,7500,2161022,1,10000,,,,,,,,,,,,,,,,,,
12063,"高级 重甲斗篷 40,42级 特别",12060,10000,2160931,1,2500,2160932,1,5000,2161031,1,7500,2161032,1,10000,,,,,,,,,,,,,,,,,,
12064,"高级 麻布头盔 45,47级 一般",12064,333,2111101,1,2500,2111102,1,5000,2111201,1,7500,2111202,1,10000,,,,,,,,,,,,,,,,,,
12065,"高级 轻甲头盔 45,47级 一般",12064,666,2114101,1,2500,2114102,1,5000,2114201,1,7500,2114202,1,10000,,,,,,,,,,,,,,,,,,
12066,"高级 重甲头盔 45,47级 一般",12064,1000,2117101,1,2500,2117102,1,5000,2117201,1,7500,2117202,1,10000,,,,,,,,,,,,,,,,,,
12067,"高级 麻布头盔 45,47级 高级",12064,3333,2111111,1,2500,2111112,1,5000,2111211,1,7500,2111212,1,10000,,,,,,,,,,,,,,,,,,
12068,"高级 轻甲头盔 45,47级 高级",12064,5666,2114111,1,2500,2114112,1,5000,2114211,1,7500,2114212,1,10000,,,,,,,,,,,,,,,,,,
12069,"高级 重甲头盔 45,47级 高级",12064,8000,2117111,1,2500,2117112,1,5000,2117211,1,7500,2117212,1,10000,,,,,,,,,,,,,,,,,,
12070,"高级 麻布头盔 45,47级 稀有",12064,8500,2111121,1,2500,2111122,1,5000,2111221,1,7500,2111222,1,10000,,,,,,,,,,,,,,,,,,
12071,"高级 轻甲头盔 45,47级 稀有",12064,9000,2114121,1,2500,2114122,1,5000,2114221,1,7500,2114222,1,10000,,,,,,,,,,,,,,,,,,
12072,"高级 重甲头盔 45,47级 稀有",12064,9500,2117121,1,2500,2117122,1,5000,2117221,1,7500,2117222,1,10000,,,,,,,,,,,,,,,,,,
12073,"高级 麻布头盔 45,47级 特别",12064,9666,2111131,1,2500,2111132,1,5000,2111231,1,7500,2111232,1,10000,,,,,,,,,,,,,,,,,,
12074,"高级 轻甲头盔 45,47级 特别",12064,9833,2114131,1,2500,2114132,1,5000,2114231,1,7500,2114232,1,10000,,,,,,,,,,,,,,,,,,
12075,"高级 重甲头盔 45,47级 特别",12064,10000,2117131,1,2500,2117132,1,5000,2117231,1,7500,2117232,1,10000,,,,,,,,,,,,,,,,,,
12076,"高级 麻布铠甲45,47级 一般",12076,333,2121101,1,2500,2121102,1,5000,2121201,1,7500,2121202,1,10000,,,,,,,,,,,,,,,,,,
12077,"高级 轻甲铠甲45,47级 一般",12076,666,2124101,1,2500,2124102,1,5000,2124201,1,7500,2124202,1,10000,,,,,,,,,,,,,,,,,,
12078,"高级 重甲铠甲45,47级 一般",12076,1000,2127101,1,2500,2127102,1,5000,2127201,1,7500,2127202,1,10000,,,,,,,,,,,,,,,,,,
12079,"高级 麻布铠甲45,47级 高级",12076,3333,2121111,1,2500,2121112,1,5000,2121211,1,7500,2121212,1,10000,,,,,,,,,,,,,,,,,,
12080,"高级 轻甲铠甲45,47级 高级",12076,5666,2124111,1,2500,2124112,1,5000,2124211,1,7500,2124212,1,10000,,,,,,,,,,,,,,,,,,
12081,"高级 重甲铠甲45,47级 高级",12076,8000,2127111,1,2500,2127112,1,5000,2127211,1,7500,2127212,1,10000,,,,,,,,,,,,,,,,,,
12082,"高级 麻布铠甲45,47级 稀有",12076,8500,2121121,1,2500,2121122,1,5000,2121221,1,7500,2121222,1,10000,,,,,,,,,,,,,,,,,,
12083,"高级 轻甲铠甲45,47级 稀有",12076,9000,2124121,1,2500,2124122,1,5000,2124221,1,7500,2124222,1,10000,,,,,,,,,,,,,,,,,,
12084,"高级 重甲铠甲45,47级 稀有",12076,9500,2127121,1,2500,2127122,1,5000,2127221,1,7500,2127222,1,10000,,,,,,,,,,,,,,,,,,
12085,"高级 麻布铠甲45,47级 特别",12076,9666,2121131,1,2500,2121132,1,5000,2121231,1,7500,2121232,1,10000,,,,,,,,,,,,,,,,,,
12086,"高级 轻甲铠甲45,47级 特别",12076,9833,2124131,1,2500,2124132,1,5000,2124231,1,7500,2124232,1,10000,,,,,,,,,,,,,,,,,,
12087,"高级 重甲铠甲45,47级 特别",12076,10000,2127131,1,2500,2127132,1,5000,2127231,1,7500,2127232,1,10000,,,,,,,,,,,,,,,,,,
12088,"高级 麻布装甲 45,47级 一般",12088,333,2131101,1,2500,2131102,1,5000,2131201,1,7500,2131202,1,10000,,,,,,,,,,,,,,,,,,
12089,"高级 轻甲装甲 45,47级 一般",12088,666,2134101,1,2500,2134102,1,5000,2134201,1,7500,2134202,1,10000,,,,,,,,,,,,,,,,,,
12090,"高级 重甲装甲 45,47级 一般",12088,1000,2137101,1,2500,2137102,1,5000,2137201,1,7500,2137202,1,10000,,,,,,,,,,,,,,,,,,
12091,"高级 麻布装甲 45,47级 高级",12088,3333,2131111,1,2500,2131112,1,5000,2131211,1,7500,2131212,1,10000,,,,,,,,,,,,,,,,,,
12092,"高级 轻甲装甲 45,47级 高级",12088,5666,2134111,1,2500,2134112,1,5000,2134211,1,7500,2134212,1,10000,,,,,,,,,,,,,,,,,,
12093,"高级 重甲装甲 45,47级 高级",12088,8000,2137111,1,2500,2137112,1,5000,2137211,1,7500,2137212,1,10000,,,,,,,,,,,,,,,,,,
12094,"高级 麻布装甲 45,47级 稀有",12088,8500,2131121,1,2500,2131122,1,5000,2131221,1,7500,2131222,1,10000,,,,,,,,,,,,,,,,,,
12095,"高级 轻甲装甲 45,47级 稀有",12088,9000,2134121,1,2500,2134122,1,5000,2134221,1,7500,2134222,1,10000,,,,,,,,,,,,,,,,,,
12096,"高级 重甲装甲 45,47级 稀有",12088,9500,2137121,1,2500,2137122,1,5000,2137221,1,7500,2137222,1,10000,,,,,,,,,,,,,,,,,,
12097,"高级 麻布装甲 45,47级 特别",12088,9666,2131131,1,2500,2131132,1,5000,2131231,1,7500,2131232,1,10000,,,,,,,,,,,,,,,,,,
12098,"高级 轻甲装甲 45,47级 特别",12088,9833,2134131,1,2500,2134132,1,5000,2134231,1,7500,2134232,1,10000,,,,,,,,,,,,,,,,,,
12099,"高级 重甲装甲 45,47级 特别",12088,10000,2137131,1,2500,2137132,1,5000,2137231,1,7500,2137232,1,10000,,,,,,,,,,,,,,,,,,
12100,"高级 麻布裤子 45,47级 一般",12100,333,2141101,1,2500,2141102,1,5000,2141201,1,7500,2141202,1,10000,,,,,,,,,,,,,,,,,,
12101,"高级 轻甲裤子 45,47级 一般",12100,666,2144101,1,2500,2144102,1,5000,2144201,1,7500,2144202,1,10000,,,,,,,,,,,,,,,,,,
12102,"高级 重甲裤子 45,47级 一般",12100,1000,2147101,1,2500,2147102,1,5000,2147201,1,7500,2147202,1,10000,,,,,,,,,,,,,,,,,,
12103,"高级 麻布裤子 45,47级 高级",12100,3333,2141111,1,2500,2141112,1,5000,2141211,1,7500,2141212,1,10000,,,,,,,,,,,,,,,,,,
12104,"高级 轻甲裤子 45,47级 高级",12100,5666,2144111,1,2500,2144112,1,5000,2144211,1,7500,2144212,1,10000,,,,,,,,,,,,,,,,,,
12105,"高级 重甲裤子 45,47级 高级",12100,8000,2147111,1,2500,2147112,1,5000,2147211,1,7500,2147212,1,10000,,,,,,,,,,,,,,,,,,
12106,"高级 麻布裤子 45,47级 稀有",12100,8500,2141121,1,2500,2141122,1,5000,2141221,1,7500,2141222,1,10000,,,,,,,,,,,,,,,,,,
12107,"高级 轻甲裤子 45,47级 稀有",12100,9000,2144121,1,2500,2144122,1,5000,2144221,1,7500,2144222,1,10000,,,,,,,,,,,,,,,,,,
12108,"高级 重甲裤子 45,47级 稀有",12100,9500,2147121,1,2500,2147122,1,5000,2147221,1,7500,2147222,1,10000,,,,,,,,,,,,,,,,,,
12109,"高级 麻布裤子 45,47级 特别",12100,9666,2141131,1,2500,2141132,1,5000,2141231,1,7500,2141232,1,10000,,,,,,,,,,,,,,,,,,
12110,"高级 轻甲裤子 45,47级 特别",12100,9833,2144131,1,2500,2144132,1,5000,2144231,1,7500,2144232,1,10000,,,,,,,,,,,,,,,,,,
12111,"高级 重甲裤子 45,47级 特别",12100,10000,2147131,1,2500,2147132,1,5000,2147231,1,7500,2147232,1,10000,,,,,,,,,,,,,,,,,,
12112,"高级 麻布鞋 45,47级 一般",12112,333,2151101,1,2500,2151102,1,5000,2151201,1,7500,2151202,1,10000,,,,,,,,,,,,,,,,,,
12113,"高级 轻甲鞋 45,47级 一般",12112,666,2154101,1,2500,2154102,1,5000,2154201,1,7500,2154202,1,10000,,,,,,,,,,,,,,,,,,
12114,"高级 重甲鞋 45,47级 一般",12112,1000,2157101,1,2500,2157102,1,5000,2157201,1,7500,2157202,1,10000,,,,,,,,,,,,,,,,,,
12115,"高级 麻布鞋 45,47级 高级",12112,3333,2151111,1,2500,2151112,1,5000,2151211,1,7500,2151212,1,10000,,,,,,,,,,,,,,,,,,
12116,"高级 轻甲鞋 45,47级 高级",12112,5666,2154111,1,2500,2154112,1,5000,2154211,1,7500,2154212,1,10000,,,,,,,,,,,,,,,,,,
12117,"高级 重甲鞋 45,47级 高级",12112,8000,2157111,1,2500,2157112,1,5000,2157211,1,7500,2157212,1,10000,,,,,,,,,,,,,,,,,,
12118,"高级 麻布鞋 45,47级 稀有",12112,8500,2151121,1,2500,2151122,1,5000,2151221,1,7500,2151222,1,10000,,,,,,,,,,,,,,,,,,
12119,"高级 轻甲鞋 45,47级 稀有",12112,9000,2154121,1,2500,2154122,1,5000,2154221,1,7500,2154222,1,10000,,,,,,,,,,,,,,,,,,
12120,"高级 重甲鞋 45,47级 稀有",12112,9500,2157121,1,2500,2157122,1,5000,2157221,1,7500,2157222,1,10000,,,,,,,,,,,,,,,,,,
12121,"高级 麻布鞋 45,47级 特别",12112,9666,2151131,1,2500,2151132,1,5000,2151231,1,7500,2151232,1,10000,,,,,,,,,,,,,,,,,,
12122,"高级 轻甲鞋 45,47级 特别",12112,9833,2154131,1,2500,2154132,1,5000,2154231,1,7500,2154232,1,10000,,,,,,,,,,,,,,,,,,
12123,"高级 重甲鞋 45,47级 特别",12112,10000,2157131,1,2500,2157132,1,5000,2157231,1,7500,2157232,1,10000,,,,,,,,,,,,,,,,,,
12124,"高级 重甲斗篷 45,47级 一般",12124,1000,2161101,1,2500,2161102,1,5000,2161201,1,7500,2161202,1,10000,,,,,,,,,,,,,,,,,,
12125,"高级 重甲斗篷 45,47级 高级",12124,8000,2161111,1,2500,2161112,1,5000,2161211,1,7500,2161212,1,10000,,,,,,,,,,,,,,,,,,
12126,"高级 重甲斗篷 45,47级 稀有",12124,9500,2161121,1,2500,2161122,1,5000,2161221,1,7500,2161222,1,10000,,,,,,,,,,,,,,,,,,
12127,"高级 重甲斗篷 45,47级 特别",12124,10000,2161131,1,2500,2161132,1,5000,2161231,1,7500,2161232,1,10000,,,,,,,,,,,,,,,,,,
12128,"高级 麻布头盔 50,52级 一般",12128,333,2111301,1,2500,2111302,1,5000,2111401,1,7500,2111402,1,10000,,,,,,,,,,,,,,,,,,
12129,"高级 轻甲头盔 50,52级 一般",12128,666,2114301,1,2500,2114302,1,5000,2114401,1,7500,2114402,1,10000,,,,,,,,,,,,,,,,,,
12130,"高级 重甲头盔 50,52级 一般",12128,1000,2117301,1,2500,2117302,1,5000,2117401,1,7500,2117402,1,10000,,,,,,,,,,,,,,,,,,
12131,"高级 麻布头盔 50,52级 高级",12128,3333,2111311,1,2500,2111312,1,5000,2111411,1,7500,2111412,1,10000,,,,,,,,,,,,,,,,,,
12132,"高级 轻甲头盔 50,52级 高级",12128,5666,2114311,1,2500,2114312,1,5000,2114411,1,7500,2114412,1,10000,,,,,,,,,,,,,,,,,,
12133,"高级 重甲头盔 50,52级 高级",12128,8000,2117311,1,2500,2117312,1,5000,2117411,1,7500,2117412,1,10000,,,,,,,,,,,,,,,,,,
12134,"高级 麻布头盔 50,52级 稀有",12128,8500,2111321,1,2500,2111322,1,5000,2111421,1,7500,2111422,1,10000,,,,,,,,,,,,,,,,,,
12135,"高级 轻甲头盔 50,52级 稀有",12128,9000,2114321,1,2500,2114322,1,5000,2114421,1,7500,2114422,1,10000,,,,,,,,,,,,,,,,,,
12136,"高级 重甲头盔 50,52级 稀有",12128,9500,2117321,1,2500,2117322,1,5000,2117421,1,7500,2117422,1,10000,,,,,,,,,,,,,,,,,,
12137,"高级 麻布头盔 50,52级 特别",12128,9666,2111331,1,2500,2111332,1,5000,2111431,1,7500,2111432,1,10000,,,,,,,,,,,,,,,,,,
12138,"高级 轻甲头盔 50,52级 特别",12128,9833,2114331,1,2500,2114332,1,5000,2114431,1,7500,2114432,1,10000,,,,,,,,,,,,,,,,,,
12139,"高级 重甲头盔 50,52级 特别",12128,10000,2117331,1,2500,2117332,1,5000,2117431,1,7500,2117432,1,10000,,,,,,,,,,,,,,,,,,
12140,"高级 麻布铠甲50,52级 一般",12140,333,2121301,1,2500,2121302,1,5000,2121401,1,7500,2121402,1,10000,,,,,,,,,,,,,,,,,,
12141,"高级 轻甲铠甲50,52级 一般",12140,666,2124301,1,2500,2124302,1,5000,2124401,1,7500,2124402,1,10000,,,,,,,,,,,,,,,,,,
12142,"高级 重甲铠甲50,52级 一般",12140,1000,2127301,1,2500,2127302,1,5000,2127401,1,7500,2127402,1,10000,,,,,,,,,,,,,,,,,,
12143,"高级 麻布铠甲50,52级 高级",12140,3333,2121311,1,2500,2121312,1,5000,2121411,1,7500,2121412,1,10000,,,,,,,,,,,,,,,,,,
12144,"高级 轻甲铠甲50,52级 高级",12140,5666,2124311,1,2500,2124312,1,5000,2124411,1,7500,2124412,1,10000,,,,,,,,,,,,,,,,,,
12145,"高级 重甲铠甲50,52级 高级",12140,8000,2127311,1,2500,2127312,1,5000,2127411,1,7500,2127412,1,10000,,,,,,,,,,,,,,,,,,
12146,"高级 麻布铠甲50,52级 稀有",12140,8500,2121321,1,2500,2121322,1,5000,2121421,1,7500,2121422,1,10000,,,,,,,,,,,,,,,,,,
12147,"高级 轻甲铠甲50,52级 稀有",12140,9000,2124321,1,2500,2124322,1,5000,2124421,1,7500,2124422,1,10000,,,,,,,,,,,,,,,,,,
12148,"高级 重甲铠甲50,52级 稀有",12140,9500,2127321,1,2500,2127322,1,5000,2127421,1,7500,2127422,1,10000,,,,,,,,,,,,,,,,,,
12149,"高级 麻布铠甲50,52级 特别",12140,9666,2121331,1,2500,2121332,1,5000,2121431,1,7500,2121432,1,10000,,,,,,,,,,,,,,,,,,
12150,"高级 轻甲铠甲50,52级 特别",12140,9833,2124331,1,2500,2124332,1,5000,2124431,1,7500,2124432,1,10000,,,,,,,,,,,,,,,,,,
12151,"高级 重甲铠甲50,52级 特别",12140,10000,2127331,1,2500,2127332,1,5000,2127431,1,7500,2127432,1,10000,,,,,,,,,,,,,,,,,,
12152,"高级 麻布装甲 50,52级 一般",12152,333,2131301,1,2500,2131302,1,5000,2131401,1,7500,2131402,1,10000,,,,,,,,,,,,,,,,,,
12153,"高级 轻甲装甲 50,52级 一般",12152,666,2134301,1,2500,2134302,1,5000,2134401,1,7500,2134402,1,10000,,,,,,,,,,,,,,,,,,
12154,"高级 重甲装甲 50,52级 一般",12152,1000,2137301,1,2500,2137302,1,5000,2137401,1,7500,2137402,1,10000,,,,,,,,,,,,,,,,,,
12155,"高级 麻布装甲 50,52级 高级",12152,3333,2131311,1,2500,2131312,1,5000,2131411,1,7500,2131412,1,10000,,,,,,,,,,,,,,,,,,
12156,"高级 轻甲装甲 50,52级 高级",12152,5666,2134311,1,2500,2134312,1,5000,2134411,1,7500,2134412,1,10000,,,,,,,,,,,,,,,,,,
12157,"高级 重甲装甲 50,52级 高级",12152,8000,2137311,1,2500,2137312,1,5000,2137411,1,7500,2137412,1,10000,,,,,,,,,,,,,,,,,,
12158,"高级 麻布装甲 50,52级 稀有",12152,8500,2131321,1,2500,2131322,1,5000,2131421,1,7500,2131422,1,10000,,,,,,,,,,,,,,,,,,
12159,"高级 轻甲装甲 50,52级 稀有",12152,9000,2134321,1,2500,2134322,1,5000,2134421,1,7500,2134422,1,10000,,,,,,,,,,,,,,,,,,
12160,"高级 重甲装甲 50,52级 稀有",12152,9500,2137321,1,2500,2137322,1,5000,2137421,1,7500,2137422,1,10000,,,,,,,,,,,,,,,,,,
12161,"高级 麻布装甲 50,52级 特别",12152,9666,2131331,1,2500,2131332,1,5000,2131431,1,7500,2131432,1,10000,,,,,,,,,,,,,,,,,,
12162,"高级 轻甲装甲 50,52级 特别",12152,9833,2134331,1,2500,2134332,1,5000,2134431,1,7500,2134432,1,10000,,,,,,,,,,,,,,,,,,
12163,"高级 重甲装甲 50,52级 特别",12152,10000,2137331,1,2500,2137332,1,5000,2137431,1,7500,2137432,1,10000,,,,,,,,,,,,,,,,,,
12164,"高级 麻布裤子 50,52级 一般",12164,333,2141301,1,2500,2141302,1,5000,2141401,1,7500,2141402,1,10000,,,,,,,,,,,,,,,,,,
12165,"高级 轻甲裤子 50,52级 一般",12164,666,2144301,1,2500,2144302,1,5000,2144401,1,7500,2144402,1,10000,,,,,,,,,,,,,,,,,,
12166,"高级 重甲裤子 50,52级 一般",12164,1000,2147301,1,2500,2147302,1,5000,2147401,1,7500,2147402,1,10000,,,,,,,,,,,,,,,,,,
12167,"高级 麻布裤子 50,52级 高级",12164,3333,2141311,1,2500,2141312,1,5000,2141411,1,7500,2141412,1,10000,,,,,,,,,,,,,,,,,,
12168,"高级 轻甲裤子 50,52级 高级",12164,5666,2144311,1,2500,2144312,1,5000,2144411,1,7500,2144412,1,10000,,,,,,,,,,,,,,,,,,
12169,"高级 重甲裤子 50,52级 高级",12164,8000,2147311,1,2500,2147312,1,5000,2147411,1,7500,2147412,1,10000,,,,,,,,,,,,,,,,,,
12170,"高级 麻布裤子 50,52级 稀有",12164,8500,2141321,1,2500,2141322,1,5000,2141421,1,7500,2141422,1,10000,,,,,,,,,,,,,,,,,,
12171,"高级 轻甲裤子 50,52级 稀有",12164,9000,2144321,1,2500,2144322,1,5000,2144421,1,7500,2144422,1,10000,,,,,,,,,,,,,,,,,,
12172,"高级 重甲裤子 50,52级 稀有",12164,9500,2147321,1,2500,2147322,1,5000,2147421,1,7500,2147422,1,10000,,,,,,,,,,,,,,,,,,
12173,"高级 麻布裤子 50,52级 特别",12164,9666,2141331,1,2500,2141332,1,5000,2141431,1,7500,2141432,1,10000,,,,,,,,,,,,,,,,,,
12174,"高级 轻甲裤子 50,52级 特别",12164,9833,2144331,1,2500,2144332,1,5000,2144431,1,7500,2144432,1,10000,,,,,,,,,,,,,,,,,,
12175,"高级 重甲裤子 50,52级 特别",12164,10000,2147331,1,2500,2147332,1,5000,2147431,1,7500,2147432,1,10000,,,,,,,,,,,,,,,,,,
12176,"高级 麻布鞋 50,52级 一般",12176,333,2151301,1,2500,2151302,1,5000,2151401,1,7500,2151402,1,10000,,,,,,,,,,,,,,,,,,
12177,"高级 轻甲鞋 50,52级 一般",12176,666,2154301,1,2500,2154302,1,5000,2154401,1,7500,2154402,1,10000,,,,,,,,,,,,,,,,,,
12178,"高级 重甲鞋 50,52级 一般",12176,1000,2157301,1,2500,2157302,1,5000,2157401,1,7500,2157402,1,10000,,,,,,,,,,,,,,,,,,
12179,"高级 麻布鞋 50,52级 高级",12176,3333,2151311,1,2500,2151312,1,5000,2151411,1,7500,2151412,1,10000,,,,,,,,,,,,,,,,,,
12180,"高级 轻甲鞋 50,52级 高级",12176,5666,2154311,1,2500,2154312,1,5000,2154411,1,7500,2154412,1,10000,,,,,,,,,,,,,,,,,,
12181,"高级 重甲鞋 50,52级 高级",12176,8000,2157311,1,2500,2157312,1,5000,2157411,1,7500,2157412,1,10000,,,,,,,,,,,,,,,,,,
12182,"高级 麻布鞋 50,52级 稀有",12176,8500,2151321,1,2500,2151322,1,5000,2151421,1,7500,2151422,1,10000,,,,,,,,,,,,,,,,,,
12183,"高级 轻甲鞋 50,52级 稀有",12176,9000,2154321,1,2500,2154322,1,5000,2154421,1,7500,2154422,1,10000,,,,,,,,,,,,,,,,,,
12184,"高级 重甲鞋 50,52级 稀有",12176,9500,2157321,1,2500,2157322,1,5000,2157421,1,7500,2157422,1,10000,,,,,,,,,,,,,,,,,,
12185,"高级 麻布鞋 50,52级 特别",12176,9666,2151331,1,2500,2151332,1,5000,2151431,1,7500,2151432,1,10000,,,,,,,,,,,,,,,,,,
12186,"高级 轻甲鞋 50,52级 特别",12176,9833,2154331,1,2500,2154332,1,5000,2154431,1,7500,2154432,1,10000,,,,,,,,,,,,,,,,,,
12187,"高级 重甲鞋 50,52级 特别",12176,10000,2157331,1,2500,2157332,1,5000,2157431,1,7500,2157432,1,10000,,,,,,,,,,,,,,,,,,
12188,"高级 重甲斗篷 50,52级 一般",12188,1000,2161301,1,2500,2161302,1,5000,2161401,1,7500,2161402,1,10000,,,,,,,,,,,,,,,,,,
12189,"高级 重甲斗篷 50,52级 高级",12188,8000,2161311,1,2500,2161312,1,5000,2161411,1,7500,2161412,1,10000,,,,,,,,,,,,,,,,,,
12190,"高级 重甲斗篷 50,52级 稀有",12188,9500,2161321,1,2500,2161322,1,5000,2161421,1,7500,2161422,1,10000,,,,,,,,,,,,,,,,,,
12191,"高级 重甲斗篷 50,52级 特别",12188,10000,2161331,1,2500,2161332,1,5000,2161431,1,7500,2161432,1,10000,,,,,,,,,,,,,,,,,,
13000,"破坏 麻布头盔 40,42级 一般",13000,333,2410901,1,2500,2410902,1,5000,2411001,1,7500,2411002,1,10000,,,,,,,,,,,,,,,,,,
13001,"破坏 轻甲头盔 40,42级 一般",13000,666,2413901,1,2500,2413902,1,5000,2414001,1,7500,2414002,1,10000,,,,,,,,,,,,,,,,,,
13002,"破坏 重甲头盔 40,42级 一般",13000,1000,2416901,1,2500,2416902,1,5000,2417001,1,7500,2417002,1,10000,,,,,,,,,,,,,,,,,,
13003,"破坏 麻布头盔 40,42级 高级",13000,3333,2410911,1,2500,2410912,1,5000,2411011,1,7500,2411012,1,10000,,,,,,,,,,,,,,,,,,
13004,"破坏 轻甲头盔 40,42级 高级",13000,5666,2413911,1,2500,2413912,1,5000,2414011,1,7500,2414012,1,10000,,,,,,,,,,,,,,,,,,
13005,"破坏 重甲头盔 40,42级 高级",13000,8000,2416911,1,2500,2416912,1,5000,2417011,1,7500,2417012,1,10000,,,,,,,,,,,,,,,,,,
13006,"破坏 麻布头盔 40,42级 稀有",13000,8500,2410921,1,2500,2410922,1,5000,2411021,1,7500,2411022,1,10000,,,,,,,,,,,,,,,,,,
13007,"破坏 轻甲头盔 40,42级 稀有",13000,9000,2413921,1,2500,2413922,1,5000,2414021,1,7500,2414022,1,10000,,,,,,,,,,,,,,,,,,
13008,"破坏 重甲头盔 40,42级 稀有",13000,9500,2416921,1,2500,2416922,1,5000,2417021,1,7500,2417022,1,10000,,,,,,,,,,,,,,,,,,
13009,"破坏 麻布头盔 40,42级 特别",13000,9666,2410931,1,2500,2410932,1,5000,2411031,1,7500,2411032,1,10000,,,,,,,,,,,,,,,,,,
13010,"破坏 轻甲头盔 40,42级 特别",13000,9833,2413931,1,2500,2413932,1,5000,2414031,1,7500,2414032,1,10000,,,,,,,,,,,,,,,,,,
13011,"破坏 重甲头盔 40,42级 特别",13000,10000,2416931,1,2500,2416932,1,5000,2417031,1,7500,2417032,1,10000,,,,,,,,,,,,,,,,,,
13012,"破坏 麻布铠甲40,42级 一般",13012,333,2420901,1,2500,2420902,1,5000,2421001,1,7500,2421002,1,10000,,,,,,,,,,,,,,,,,,
13013,"破坏 轻甲铠甲40,42级 一般",13012,666,2423901,1,2500,2423902,1,5000,2424001,1,7500,2424002,1,10000,,,,,,,,,,,,,,,,,,
13014,"破坏 重甲铠甲40,42级 一般",13012,1000,2426901,1,2500,2426902,1,5000,2427001,1,7500,2427002,1,10000,,,,,,,,,,,,,,,,,,
13015,"破坏 麻布铠甲40,42级 高级",13012,3333,2420911,1,2500,2420912,1,5000,2421011,1,7500,2421012,1,10000,,,,,,,,,,,,,,,,,,
13016,"破坏 轻甲铠甲40,42级 高级",13012,5666,2423911,1,2500,2423912,1,5000,2424011,1,7500,2424012,1,10000,,,,,,,,,,,,,,,,,,
13017,"破坏 重甲铠甲40,42级 高级",13012,8000,2426911,1,2500,2426912,1,5000,2427011,1,7500,2427012,1,10000,,,,,,,,,,,,,,,,,,
13018,"破坏 麻布铠甲40,42级 稀有",13012,8500,2420921,1,2500,2420922,1,5000,2421021,1,7500,2421022,1,10000,,,,,,,,,,,,,,,,,,
13019,"破坏 轻甲铠甲40,42级 稀有",13012,9000,2423921,1,2500,2423922,1,5000,2424021,1,7500,2424022,1,10000,,,,,,,,,,,,,,,,,,
13020,"破坏 重甲铠甲40,42级 稀有",13012,9500,2426921,1,2500,2426922,1,5000,2427021,1,7500,2427022,1,10000,,,,,,,,,,,,,,,,,,
13021,"破坏 麻布铠甲40,42级 特别",13012,9666,2420931,1,2500,2420932,1,5000,2421031,1,7500,2421032,1,10000,,,,,,,,,,,,,,,,,,
13022,"破坏 轻甲铠甲40,42级 特别",13012,9833,2423931,1,2500,2423932,1,5000,2424031,1,7500,2424032,1,10000,,,,,,,,,,,,,,,,,,
13023,"破坏 重甲铠甲40,42级 特别",13012,10000,2426931,1,2500,2426932,1,5000,2427031,1,7500,2427032,1,10000,,,,,,,,,,,,,,,,,,
13024,"破坏 麻布装甲 40,42级 一般",13024,333,2430901,1,2500,2430902,1,5000,2431001,1,7500,2431002,1,10000,,,,,,,,,,,,,,,,,,
13025,"破坏 轻甲装甲 40,42级 一般",13024,666,2433901,1,2500,2433902,1,5000,2434001,1,7500,2434002,1,10000,,,,,,,,,,,,,,,,,,
13026,"破坏 重甲装甲 40,42级 一般",13024,1000,2436901,1,2500,2436902,1,5000,2437001,1,7500,2437002,1,10000,,,,,,,,,,,,,,,,,,
13027,"破坏 麻布装甲 40,42级 高级",13024,3333,2430911,1,2500,2430912,1,5000,2431011,1,7500,2431012,1,10000,,,,,,,,,,,,,,,,,,
13028,"破坏 轻甲装甲 40,42级 高级",13024,5666,2433911,1,2500,2433912,1,5000,2434011,1,7500,2434012,1,10000,,,,,,,,,,,,,,,,,,
13029,"破坏 重甲装甲 40,42级 高级",13024,8000,2436911,1,2500,2436912,1,5000,2437011,1,7500,2437012,1,10000,,,,,,,,,,,,,,,,,,
13030,"破坏 麻布装甲 40,42级 稀有",13024,8500,2430921,1,2500,2430922,1,5000,2431021,1,7500,2431022,1,10000,,,,,,,,,,,,,,,,,,
13031,"破坏 轻甲装甲 40,42级 稀有",13024,9000,2433921,1,2500,2433922,1,5000,2434021,1,7500,2434022,1,10000,,,,,,,,,,,,,,,,,,
13032,"破坏 重甲装甲 40,42级 稀有",13024,9500,2436921,1,2500,2436922,1,5000,2437021,1,7500,2437022,1,10000,,,,,,,,,,,,,,,,,,
13033,"破坏 麻布装甲 40,42级 特别",13024,9666,2430931,1,2500,2430932,1,5000,2431031,1,7500,2431032,1,10000,,,,,,,,,,,,,,,,,,
13034,"破坏 轻甲装甲 40,42级 特别",13024,9833,2433931,1,2500,2433932,1,5000,2434031,1,7500,2434032,1,10000,,,,,,,,,,,,,,,,,,
13035,"破坏 重甲装甲 40,42级 特别",13024,10000,2436931,1,2500,2436932,1,5000,2437031,1,7500,2437032,1,10000,,,,,,,,,,,,,,,,,,
13036,"破坏 麻布裤子 40,42级 一般",13036,333,2440901,1,2500,2440902,1,5000,2441001,1,7500,2441002,1,10000,,,,,,,,,,,,,,,,,,
13037,"破坏 轻甲裤子 40,42级 一般",13036,666,2443901,1,2500,2443902,1,5000,2444001,1,7500,2444002,1,10000,,,,,,,,,,,,,,,,,,
13038,"破坏 重甲裤子 40,42级 一般",13036,1000,2446901,1,2500,2446902,1,5000,2447001,1,7500,2447002,1,10000,,,,,,,,,,,,,,,,,,
13039,"破坏 麻布裤子 40,42级 高级",13036,3333,2440911,1,2500,2440912,1,5000,2441011,1,7500,2441012,1,10000,,,,,,,,,,,,,,,,,,
13040,"破坏 轻甲裤子 40,42级 高级",13036,5666,2443911,1,2500,2443912,1,5000,2444011,1,7500,2444012,1,10000,,,,,,,,,,,,,,,,,,
13041,"破坏 重甲裤子 40,42级 高级",13036,8000,2446911,1,2500,2446912,1,5000,2447011,1,7500,2447012,1,10000,,,,,,,,,,,,,,,,,,
13042,"破坏 麻布裤子 40,42级 稀有",13036,8500,2440921,1,2500,2440922,1,5000,2441021,1,7500,2441022,1,10000,,,,,,,,,,,,,,,,,,
13043,"破坏 轻甲裤子 40,42级 稀有",13036,9000,2443921,1,2500,2443922,1,5000,2444021,1,7500,2444022,1,10000,,,,,,,,,,,,,,,,,,
13044,"破坏 重甲裤子 40,42级 稀有",13036,9500,2446921,1,2500,2446922,1,5000,2447021,1,7500,2447022,1,10000,,,,,,,,,,,,,,,,,,
13045,"破坏 麻布裤子 40,42级 特别",13036,9666,2440931,1,2500,2440932,1,5000,2441031,1,7500,2441032,1,10000,,,,,,,,,,,,,,,,,,
13046,"破坏 轻甲裤子 40,42级 特别",13036,9833,2443931,1,2500,2443932,1,5000,2444031,1,7500,2444032,1,10000,,,,,,,,,,,,,,,,,,
13047,"破坏 重甲裤子 40,42级 特别",13036,10000,2446931,1,2500,2446932,1,5000,2447031,1,7500,2447032,1,10000,,,,,,,,,,,,,,,,,,
13048,"破坏 麻布鞋 40,42级 一般",13048,333,2450901,1,2500,2450902,1,5000,2451001,1,7500,2451002,1,10000,,,,,,,,,,,,,,,,,,
13049,"破坏 轻甲鞋 40,42级 一般",13048,666,2453901,1,2500,2453902,1,5000,2454001,1,7500,2454002,1,10000,,,,,,,,,,,,,,,,,,
13050,"破坏 重甲鞋 40,42级 一般",13048,1000,2456901,1,2500,2456902,1,5000,2457001,1,7500,2457002,1,10000,,,,,,,,,,,,,,,,,,
13051,"破坏 麻布鞋 40,42级 高级",13048,3333,2450911,1,2500,2450912,1,5000,2451011,1,7500,2451012,1,10000,,,,,,,,,,,,,,,,,,
13052,"破坏 轻甲鞋 40,42级 高级",13048,5666,2453911,1,2500,2453912,1,5000,2454011,1,7500,2454012,1,10000,,,,,,,,,,,,,,,,,,
13053,"破坏 重甲鞋 40,42级 高级",13048,8000,2456911,1,2500,2456912,1,5000,2457011,1,7500,2457012,1,10000,,,,,,,,,,,,,,,,,,
13054,"破坏 麻布鞋 40,42级 稀有",13048,8500,2450921,1,2500,2450922,1,5000,2451021,1,7500,2451022,1,10000,,,,,,,,,,,,,,,,,,
13055,"破坏 轻甲鞋 40,42级 稀有",13048,9000,2453921,1,2500,2453922,1,5000,2454021,1,7500,2454022,1,10000,,,,,,,,,,,,,,,,,,
13056,"破坏 重甲鞋 40,42级 稀有",13048,9500,2456921,1,2500,2456922,1,5000,2457021,1,7500,2457022,1,10000,,,,,,,,,,,,,,,,,,
13057,"破坏 麻布鞋 40,42级 特别",13048,9666,2450931,1,2500,2450932,1,5000,2451031,1,7500,2451032,1,10000,,,,,,,,,,,,,,,,,,
13058,"破坏 轻甲鞋 40,42级 特别",13048,9833,2453931,1,2500,2453932,1,5000,2454031,1,7500,2454032,1,10000,,,,,,,,,,,,,,,,,,
13059,"破坏 重甲鞋 40,42级 特别",13048,10000,2456931,1,2500,2456932,1,5000,2457031,1,7500,2457032,1,10000,,,,,,,,,,,,,,,,,,
13060,"破坏 斗篷 40,42级 一般",13060,1000,2460901,1,2500,2460902,1,5000,2461001,1,7500,2461002,1,10000,,,,,,,,,,,,,,,,,,
13061,"破坏 斗篷 40,42级 高级",13060,8000,2460911,1,2500,2460912,1,5000,2461011,1,7500,2461012,1,10000,,,,,,,,,,,,,,,,,,
13062,"破坏 斗篷 40,42级 稀有",13060,9500,2460921,1,2500,2460922,1,5000,2461021,1,7500,2461022,1,10000,,,,,,,,,,,,,,,,,,
13063,"破坏 斗篷 40,42级 特别",13060,1000,2460931,1,2500,2460932,1,5000,2461031,1,7500,2461032,1,10000,,,,,,,,,,,,,,,,,,
13064,"破坏 麻布头盔 45,47级 一般",13064,333,2411101,1,2500,2411102,1,5000,2411201,1,7500,2411202,1,10000,,,,,,,,,,,,,,,,,,
13065,"破坏 轻甲头盔 45,47级 一般",13064,666,2414101,1,2500,2414102,1,5000,2414201,1,7500,2414202,1,10000,,,,,,,,,,,,,,,,,,
13066,"破坏 重甲头盔 45,47级 一般",13064,1000,2417101,1,2500,2417102,1,5000,2417201,1,7500,2417202,1,10000,,,,,,,,,,,,,,,,,,
13067,"破坏 麻布头盔 45,47级 高级",13064,3333,2411111,1,2500,2411112,1,5000,2411211,1,7500,2411212,1,10000,,,,,,,,,,,,,,,,,,
13068,"破坏 轻甲头盔 45,47级 高级",13064,5666,2414111,1,2500,2414112,1,5000,2414211,1,7500,2414212,1,10000,,,,,,,,,,,,,,,,,,
13069,"破坏 重甲头盔 45,47级 高级",13064,8000,2417111,1,2500,2417112,1,5000,2417211,1,7500,2417212,1,10000,,,,,,,,,,,,,,,,,,
13070,"破坏 麻布头盔 45,47级 稀有",13064,8500,2411121,1,2500,2411122,1,5000,2411221,1,7500,2411222,1,10000,,,,,,,,,,,,,,,,,,
13071,"破坏 轻甲头盔 45,47级 稀有",13064,9000,2414121,1,2500,2414122,1,5000,2414221,1,7500,2414222,1,10000,,,,,,,,,,,,,,,,,,
13072,"破坏 重甲头盔 45,47级 稀有",13064,9500,2417121,1,2500,2417122,1,5000,2417221,1,7500,2417222,1,10000,,,,,,,,,,,,,,,,,,
13073,"破坏 麻布头盔 45,47级 特别",13064,9666,2411131,1,2500,2411132,1,5000,2411231,1,7500,2411232,1,10000,,,,,,,,,,,,,,,,,,
13074,"破坏 轻甲头盔 45,47级 特别",13064,9833,2414131,1,2500,2414132,1,5000,2414231,1,7500,2414232,1,10000,,,,,,,,,,,,,,,,,,
13075,"破坏 重甲头盔 45,47级 特别",13064,10000,2417131,1,2500,2417132,1,5000,2417231,1,7500,2417232,1,10000,,,,,,,,,,,,,,,,,,
13076,"破坏 麻布铠甲45,47级 一般",13076,333,2421101,1,2500,2421102,1,5000,2421201,1,7500,2421202,1,10000,,,,,,,,,,,,,,,,,,
13077,"破坏 轻甲铠甲45,47级 一般",13076,666,2424101,1,2500,2424102,1,5000,2424201,1,7500,2424202,1,10000,,,,,,,,,,,,,,,,,,
13078,"破坏 重甲铠甲45,47级 一般",13076,1000,2427101,1,2500,2427102,1,5000,2427201,1,7500,2427202,1,10000,,,,,,,,,,,,,,,,,,
13079,"破坏 麻布铠甲45,47级 高级",13076,3333,2421111,1,2500,2421112,1,5000,2421211,1,7500,2421212,1,10000,,,,,,,,,,,,,,,,,,
13080,"破坏 轻甲铠甲45,47级 高级",13076,5666,2424111,1,2500,2424112,1,5000,2424211,1,7500,2424212,1,10000,,,,,,,,,,,,,,,,,,
13081,"破坏 重甲铠甲45,47级 高级",13076,8000,2427111,1,2500,2427112,1,5000,2427211,1,7500,2427212,1,10000,,,,,,,,,,,,,,,,,,
13082,"破坏 麻布铠甲45,47级 稀有",13076,8500,2421121,1,2500,2421122,1,5000,2421221,1,7500,2421222,1,10000,,,,,,,,,,,,,,,,,,
13083,"破坏 轻甲铠甲45,47级 稀有",13076,9000,2424121,1,2500,2424122,1,5000,2424221,1,7500,2424222,1,10000,,,,,,,,,,,,,,,,,,
13084,"破坏 重甲铠甲45,47级 稀有",13076,9500,2427121,1,2500,2427122,1,5000,2427221,1,7500,2427222,1,10000,,,,,,,,,,,,,,,,,,
13085,"破坏 麻布铠甲45,47级 特别",13076,9666,2421131,1,2500,2421132,1,5000,2421231,1,7500,2421232,1,10000,,,,,,,,,,,,,,,,,,
13086,"破坏 轻甲铠甲45,47级 特别",13076,9833,2424131,1,2500,2424132,1,5000,2424231,1,7500,2424232,1,10000,,,,,,,,,,,,,,,,,,
13087,"破坏 重甲铠甲45,47级 特别",13076,10000,2427131,1,2500,2427132,1,5000,2427231,1,7500,2427232,1,10000,,,,,,,,,,,,,,,,,,
13088,"破坏 麻布装甲 45,47级 一般",13088,333,2431101,1,2500,2431102,1,5000,2431201,1,7500,2431202,1,10000,,,,,,,,,,,,,,,,,,
13089,"破坏 轻甲装甲 45,47级 一般",13088,666,2434101,1,2500,2434102,1,5000,2434201,1,7500,2434202,1,10000,,,,,,,,,,,,,,,,,,
13090,"破坏 重甲装甲 45,47级 一般",13088,1000,2437101,1,2500,2437102,1,5000,2437201,1,7500,2437202,1,10000,,,,,,,,,,,,,,,,,,
13091,"破坏 麻布装甲 45,47级 高级",13088,3333,2431111,1,2500,2431112,1,5000,2431211,1,7500,2431212,1,10000,,,,,,,,,,,,,,,,,,
13092,"破坏 轻甲装甲 45,47级 高级",13088,5666,2434111,1,2500,2434112,1,5000,2434211,1,7500,2434212,1,10000,,,,,,,,,,,,,,,,,,
13093,"破坏 重甲装甲 45,47级 高级",13088,8000,2437111,1,2500,2437112,1,5000,2437211,1,7500,2437212,1,10000,,,,,,,,,,,,,,,,,,
13094,"破坏 麻布装甲 45,47级 稀有",13088,8500,2431121,1,2500,2431122,1,5000,2431221,1,7500,2431222,1,10000,,,,,,,,,,,,,,,,,,
13095,"破坏 轻甲装甲 45,47级 稀有",13088,9000,2434121,1,2500,2434122,1,5000,2434221,1,7500,2434222,1,10000,,,,,,,,,,,,,,,,,,
13096,"破坏 重甲装甲 45,47级 稀有",13088,9500,2437121,1,2500,2437122,1,5000,2437221,1,7500,2437222,1,10000,,,,,,,,,,,,,,,,,,
13097,"破坏 麻布装甲 45,47级 特别",13088,9666,2431131,1,2500,2431132,1,5000,2431231,1,7500,2431232,1,10000,,,,,,,,,,,,,,,,,,
13098,"破坏 轻甲装甲 45,47级 特别",13088,9833,2434131,1,2500,2434132,1,5000,2434231,1,7500,2434232,1,10000,,,,,,,,,,,,,,,,,,
13099,"破坏 重甲装甲 45,47级 特别",13088,10000,2437131,1,2500,2437132,1,5000,2437231,1,7500,2437232,1,10000,,,,,,,,,,,,,,,,,,
13100,"破坏 麻布裤子 45,47级 一般",13100,333,2441101,1,2500,2441102,1,5000,2441201,1,7500,2441202,1,10000,,,,,,,,,,,,,,,,,,
13101,"破坏 轻甲裤子 45,47级 一般",13100,666,2444101,1,2500,2444102,1,5000,2444201,1,7500,2444202,1,10000,,,,,,,,,,,,,,,,,,
13102,"破坏 重甲裤子 45,47级 一般",13100,1000,2447101,1,2500,2447102,1,5000,2447201,1,7500,2447202,1,10000,,,,,,,,,,,,,,,,,,
13103,"破坏 麻布裤子 45,47级 高级",13100,3333,2441111,1,2500,2441112,1,5000,2441211,1,7500,2441212,1,10000,,,,,,,,,,,,,,,,,,
13104,"破坏 轻甲裤子 45,47级 高级",13100,5666,2444111,1,2500,2444112,1,5000,2444211,1,7500,2444212,1,10000,,,,,,,,,,,,,,,,,,
13105,"破坏 重甲裤子 45,47级 高级",13100,8000,2447111,1,2500,2447112,1,5000,2447211,1,7500,2447212,1,10000,,,,,,,,,,,,,,,,,,
13106,"破坏 麻布裤子 45,47级 稀有",13100,8500,2441121,1,2500,2441122,1,5000,2441221,1,7500,2441222,1,10000,,,,,,,,,,,,,,,,,,
13107,"破坏 轻甲裤子 45,47级 稀有",13100,9000,2444121,1,2500,2444122,1,5000,2444221,1,7500,2444222,1,10000,,,,,,,,,,,,,,,,,,
13108,"破坏 重甲裤子 45,47级 稀有",13100,9500,2447121,1,2500,2447122,1,5000,2447221,1,7500,2447222,1,10000,,,,,,,,,,,,,,,,,,
13109,"破坏 麻布裤子 45,47级 特别",13100,9666,2441131,1,2500,2441132,1,5000,2441231,1,7500,2441232,1,10000,,,,,,,,,,,,,,,,,,
13110,"破坏 轻甲裤子 45,47级 特别",13100,9833,2444131,1,2500,2444132,1,5000,2444231,1,7500,2444232,1,10000,,,,,,,,,,,,,,,,,,
13111,"破坏 重甲裤子 45,47级 特别",13100,10000,2447131,1,2500,2447132,1,5000,2447231,1,7500,2447232,1,10000,,,,,,,,,,,,,,,,,,
13112,"破坏 麻布鞋 45,47级 一般",13112,333,2451101,1,2500,2451102,1,5000,2451201,1,7500,2451202,1,10000,,,,,,,,,,,,,,,,,,
13113,"破坏 轻甲鞋 45,47级 一般",13112,666,2454101,1,2500,2454102,1,5000,2454201,1,7500,2454202,1,10000,,,,,,,,,,,,,,,,,,
13114,"破坏 重甲鞋 45,47级 一般",13112,1000,2457101,1,2500,2457102,1,5000,2457201,1,7500,2457202,1,10000,,,,,,,,,,,,,,,,,,
13115,"破坏 麻布鞋 45,47级 高级",13112,3333,2451111,1,2500,2451112,1,5000,2451211,1,7500,2451212,1,10000,,,,,,,,,,,,,,,,,,
13116,"破坏 轻甲鞋 45,47级 高级",13112,5666,2454111,1,2500,2454112,1,5000,2454211,1,7500,2454212,1,10000,,,,,,,,,,,,,,,,,,
13117,"破坏 重甲鞋 45,47级 高级",13112,8000,2457111,1,2500,2457112,1,5000,2457211,1,7500,2457212,1,10000,,,,,,,,,,,,,,,,,,
13118,"破坏 麻布鞋 45,47级 稀有",13112,8500,2451121,1,2500,2451122,1,5000,2451221,1,7500,2451222,1,10000,,,,,,,,,,,,,,,,,,
13119,"破坏 轻甲鞋 45,47级 稀有",13112,9000,2454121,1,2500,2454122,1,5000,2454221,1,7500,2454222,1,10000,,,,,,,,,,,,,,,,,,
13120,"破坏 重甲鞋 45,47级 稀有",13112,9500,2457121,1,2500,2457122,1,5000,2457221,1,7500,2457222,1,10000,,,,,,,,,,,,,,,,,,
13121,"破坏 麻布鞋 45,47级 特别",13112,9666,2451131,1,2500,2451132,1,5000,2451231,1,7500,2451232,1,10000,,,,,,,,,,,,,,,,,,
13122,"破坏 轻甲鞋 45,47级 特别",13112,9833,2454131,1,2500,2454132,1,5000,2454231,1,7500,2454232,1,10000,,,,,,,,,,,,,,,,,,
13123,"破坏 重甲鞋 45,47级 特别",13112,10000,2457131,1,2500,2457132,1,5000,2457231,1,7500,2457232,1,10000,,,,,,,,,,,,,,,,,,
13124,"破坏 斗篷 45,47级 一般",13124,1000,2461101,1,2500,2461102,1,5000,2461201,1,7500,2461202,1,10000,,,,,,,,,,,,,,,,,,
13125,"破坏 斗篷 45,47级 高级",13124,8000,2461111,1,2500,2461112,1,5000,2461211,1,7500,2461212,1,10000,,,,,,,,,,,,,,,,,,
13126,"破坏 斗篷 45,47级 稀有",13124,9500,2461121,1,2500,2461122,1,5000,2461221,1,7500,2461222,1,10000,,,,,,,,,,,,,,,,,,
13127,"破坏 斗篷 45,47级 特别",13124,1000,2461131,1,2500,2461132,1,5000,2461231,1,7500,2461232,1,10000,,,,,,,,,,,,,,,,,,
13128,"破坏 麻布头盔 50,52级 一般",13128,333,2411301,1,2500,2411302,1,5000,2411401,1,7500,2411402,1,10000,,,,,,,,,,,,,,,,,,
13129,"破坏 轻甲头盔 50,52级 一般",13128,666,2414301,1,2500,2414302,1,5000,2414401,1,7500,2414402,1,10000,,,,,,,,,,,,,,,,,,
13130,"破坏 重甲头盔 50,52级 一般",13128,1000,2417301,1,2500,2417302,1,5000,2417401,1,7500,2417402,1,10000,,,,,,,,,,,,,,,,,,
13131,"破坏 麻布头盔 50,52级 高级",13128,3333,2411311,1,2500,2411312,1,5000,2411411,1,7500,2411412,1,10000,,,,,,,,,,,,,,,,,,
13132,"破坏 轻甲头盔 50,52级 高级",13128,5666,2414311,1,2500,2414312,1,5000,2414411,1,7500,2414412,1,10000,,,,,,,,,,,,,,,,,,
13133,"破坏 重甲头盔 50,52级 高级",13128,8000,2417311,1,2500,2417312,1,5000,2417411,1,7500,2417412,1,10000,,,,,,,,,,,,,,,,,,
13134,"破坏 麻布头盔 50,52级 稀有",13128,8500,2411321,1,2500,2411322,1,5000,2411421,1,7500,2411422,1,10000,,,,,,,,,,,,,,,,,,
13135,"破坏 轻甲头盔 50,52级 稀有",13128,9000,2414321,1,2500,2414322,1,5000,2414421,1,7500,2414422,1,10000,,,,,,,,,,,,,,,,,,
13136,"破坏 重甲头盔 50,52级 稀有",13128,9500,2417321,1,2500,2417322,1,5000,2417421,1,7500,2417422,1,10000,,,,,,,,,,,,,,,,,,
13137,"破坏 麻布头盔 50,52级 特别",13128,9666,2411331,1,2500,2411332,1,5000,2411431,1,7500,2411432,1,10000,,,,,,,,,,,,,,,,,,
13138,"破坏 轻甲头盔 50,52级 特别",13128,9833,2414331,1,2500,2414332,1,5000,2414431,1,7500,2414432,1,10000,,,,,,,,,,,,,,,,,,
13139,"破坏 重甲头盔 50,52级 特别",13128,10000,2417331,1,2500,2417332,1,5000,2417431,1,7500,2417432,1,10000,,,,,,,,,,,,,,,,,,
13140,"破坏 麻布铠甲50,52级 一般",13140,333,2421301,1,2500,2421302,1,5000,2421401,1,7500,2421402,1,10000,,,,,,,,,,,,,,,,,,
13141,"破坏 轻甲铠甲50,52级 一般",13140,666,2424301,1,2500,2424302,1,5000,2424401,1,7500,2424402,1,10000,,,,,,,,,,,,,,,,,,
13142,"破坏 重甲铠甲50,52级 一般",13140,1000,2427301,1,2500,2427302,1,5000,2427401,1,7500,2427402,1,10000,,,,,,,,,,,,,,,,,,
13143,"破坏 麻布铠甲50,52级 高级",13140,3333,2421311,1,2500,2421312,1,5000,2421411,1,7500,2421412,1,10000,,,,,,,,,,,,,,,,,,
13144,"破坏 轻甲铠甲50,52级 高级",13140,5666,2424311,1,2500,2424312,1,5000,2424411,1,7500,2424412,1,10000,,,,,,,,,,,,,,,,,,
13145,"破坏 重甲铠甲50,52级 高级",13140,8000,2427311,1,2500,2427312,1,5000,2427411,1,7500,2427412,1,10000,,,,,,,,,,,,,,,,,,
13146,"破坏 麻布铠甲50,52级 稀有",13140,8500,2421321,1,2500,2421322,1,5000,2421421,1,7500,2421422,1,10000,,,,,,,,,,,,,,,,,,
13147,"破坏 轻甲铠甲50,52级 稀有",13140,9000,2424321,1,2500,2424322,1,5000,2424421,1,7500,2424422,1,10000,,,,,,,,,,,,,,,,,,
13148,"破坏 重甲铠甲50,52级 稀有",13140,9500,2427321,1,2500,2427322,1,5000,2427421,1,7500,2427422,1,10000,,,,,,,,,,,,,,,,,,
13149,"破坏 麻布铠甲50,52级 特别",13140,9666,2421331,1,2500,2421332,1,5000,2421431,1,7500,2421432,1,10000,,,,,,,,,,,,,,,,,,
13150,"破坏 轻甲铠甲50,52级 特别",13140,9833,2424331,1,2500,2424332,1,5000,2424431,1,7500,2424432,1,10000,,,,,,,,,,,,,,,,,,
13151,"破坏 重甲铠甲50,52级 特别",13140,10000,2427331,1,2500,2427332,1,5000,2427431,1,7500,2427432,1,10000,,,,,,,,,,,,,,,,,,
13152,"破坏 麻布装甲 50,52级 一般",13152,333,2431301,1,2500,2431302,1,5000,2431401,1,7500,2431402,1,10000,,,,,,,,,,,,,,,,,,
13153,"破坏 轻甲装甲 50,52级 一般",13152,666,2434301,1,2500,2434302,1,5000,2434401,1,7500,2434402,1,10000,,,,,,,,,,,,,,,,,,
13154,"破坏 重甲装甲 50,52级 一般",13152,1000,2437301,1,2500,2437302,1,5000,2437401,1,7500,2437402,1,10000,,,,,,,,,,,,,,,,,,
13155,"破坏 麻布装甲 50,52级 高级",13152,3333,2431311,1,2500,2431312,1,5000,2431411,1,7500,2431412,1,10000,,,,,,,,,,,,,,,,,,
13156,"破坏 轻甲装甲 50,52级 高级",13152,5666,2434311,1,2500,2434312,1,5000,2434411,1,7500,2434412,1,10000,,,,,,,,,,,,,,,,,,
13157,"破坏 重甲装甲 50,52级 高级",13152,8000,2437311,1,2500,2437312,1,5000,2437411,1,7500,2437412,1,10000,,,,,,,,,,,,,,,,,,
13158,"破坏 麻布装甲 50,52级 稀有",13152,8500,2431321,1,2500,2431322,1,5000,2431421,1,7500,2431422,1,10000,,,,,,,,,,,,,,,,,,
13159,"破坏 轻甲装甲 50,52级 稀有",13152,9000,2434321,1,2500,2434322,1,5000,2434421,1,7500,2434422,1,10000,,,,,,,,,,,,,,,,,,
13160,"破坏 重甲装甲 50,52级 稀有",13152,9500,2437321,1,2500,2437322,1,5000,2437421,1,7500,2437422,1,10000,,,,,,,,,,,,,,,,,,
13161,"破坏 麻布装甲 50,52级 特别",13152,9666,2431331,1,2500,2431332,1,5000,2431431,1,7500,2431432,1,10000,,,,,,,,,,,,,,,,,,
13162,"破坏 轻甲装甲 50,52级 特别",13152,9833,2434331,1,2500,2434332,1,5000,2434431,1,7500,2434432,1,10000,,,,,,,,,,,,,,,,,,
13163,"破坏 重甲装甲 50,52级 特别",13152,10000,2437331,1,2500,2437332,1,5000,2437431,1,7500,2437432,1,10000,,,,,,,,,,,,,,,,,,
13164,"破坏 麻布裤子 50,52级 一般",13164,333,2441301,1,2500,2441302,1,5000,2441401,1,7500,2441402,1,10000,,,,,,,,,,,,,,,,,,
13165,"破坏 轻甲裤子 50,52级 一般",13164,666,2444301,1,2500,2444302,1,5000,2444401,1,7500,2444402,1,10000,,,,,,,,,,,,,,,,,,
13166,"破坏 重甲裤子 50,52级 一般",13164,1000,2447301,1,2500,2447302,1,5000,2447401,1,7500,2447402,1,10000,,,,,,,,,,,,,,,,,,
13167,"破坏 麻布裤子 50,52级 高级",13164,3333,2441311,1,2500,2441312,1,5000,2441411,1,7500,2441412,1,10000,,,,,,,,,,,,,,,,,,
13168,"破坏 轻甲裤子 50,52级 高级",13164,5666,2444311,1,2500,2444312,1,5000,2444411,1,7500,2444412,1,10000,,,,,,,,,,,,,,,,,,
13169,"破坏 重甲裤子 50,52级 高级",13164,8000,2447311,1,2500,2447312,1,5000,2447411,1,7500,2447412,1,10000,,,,,,,,,,,,,,,,,,
13170,"破坏 麻布裤子 50,52级 稀有",13164,8500,2441321,1,2500,2441322,1,5000,2441421,1,7500,2441422,1,10000,,,,,,,,,,,,,,,,,,
13171,"破坏 轻甲裤子 50,52级 稀有",13164,9000,2444321,1,2500,2444322,1,5000,2444421,1,7500,2444422,1,10000,,,,,,,,,,,,,,,,,,
13172,"破坏 重甲裤子 50,52级 稀有",13164,9500,2447321,1,2500,2447322,1,5000,2447421,1,7500,2447422,1,10000,,,,,,,,,,,,,,,,,,
13173,"破坏 麻布裤子 50,52级 特别",13164,9666,2441331,1,2500,2441332,1,5000,2441431,1,7500,2441432,1,10000,,,,,,,,,,,,,,,,,,
13174,"破坏 轻甲裤子 50,52级 特别",13164,9833,2444331,1,2500,2444332,1,5000,2444431,1,7500,2444432,1,10000,,,,,,,,,,,,,,,,,,
13175,"破坏 重甲裤子 50,52级 特别",13164,10000,2447331,1,2500,2447332,1,5000,2447431,1,7500,2447432,1,10000,,,,,,,,,,,,,,,,,,
13176,"破坏 麻布鞋 50,52级 一般",13176,333,2451301,1,2500,2451302,1,5000,2451401,1,7500,2451402,1,10000,,,,,,,,,,,,,,,,,,
13177,"破坏 轻甲鞋 50,52级 一般",13176,666,2454301,1,2500,2454302,1,5000,2454401,1,7500,2454402,1,10000,,,,,,,,,,,,,,,,,,
13178,"破坏 重甲鞋 50,52级 一般",13176,1000,2457301,1,2500,2457302,1,5000,2457401,1,7500,2457402,1,10000,,,,,,,,,,,,,,,,,,
13179,"破坏 麻布鞋 50,52级 高级",13176,3333,2451311,1,2500,2451312,1,5000,2451411,1,7500,2451412,1,10000,,,,,,,,,,,,,,,,,,
13180,"破坏 轻甲鞋 50,52级 高级",13176,5666,2454311,1,2500,2454312,1,5000,2454411,1,7500,2454412,1,10000,,,,,,,,,,,,,,,,,,
13181,"破坏 重甲鞋 50,52级 高级",13176,8000,2457311,1,2500,2457312,1,5000,2457411,1,7500,2457412,1,10000,,,,,,,,,,,,,,,,,,
13182,"破坏 麻布鞋 50,52级 稀有",13176,8500,2451321,1,2500,2451322,1,5000,2451421,1,7500,2451422,1,10000,,,,,,,,,,,,,,,,,,
13183,"破坏 轻甲鞋 50,52级 稀有",13176,9000,2454321,1,2500,2454322,1,5000,2454421,1,7500,2454422,1,10000,,,,,,,,,,,,,,,,,,
13184,"破坏 重甲鞋 50,52级 稀有",13176,9500,2457321,1,2500,2457322,1,5000,2457421,1,7500,2457422,1,10000,,,,,,,,,,,,,,,,,,
13185,"破坏 麻布鞋 50,52级 特别",13176,9666,2451331,1,2500,2451332,1,5000,2451431,1,7500,2451432,1,10000,,,,,,,,,,,,,,,,,,
13186,"破坏 轻甲鞋 50,52级 特别",13176,9833,2454331,1,2500,2454332,1,5000,2454431,1,7500,2454432,1,10000,,,,,,,,,,,,,,,,,,
13187,"破坏 重甲鞋 50,52级 特别",13176,10000,2457331,1,2500,2457332,1,5000,2457431,1,7500,2457432,1,10000,,,,,,,,,,,,,,,,,,
13188,"破坏 斗篷 50,52级 一般",13188,1000,2461301,1,2500,2461302,1,5000,2461401,1,7500,2461402,1,10000,,,,,,,,,,,,,,,,,,
13189,"破坏 斗篷 50,52级 高级",13188,8000,2461311,1,2500,2461312,1,5000,2461411,1,7500,2461412,1,10000,,,,,,,,,,,,,,,,,,
13190,"破坏 斗篷 50,52级 稀有",13188,9500,2461321,1,2500,2461322,1,5000,2461421,1,7500,2461422,1,10000,,,,,,,,,,,,,,,,,,
13191,"破坏 斗篷 50,52级 特别",13188,1000,2461331,1,2500,2461332,1,5000,2461431,1,7500,2461432,1,10000,,,,,,,,,,,,,,,,,,
14000,30级 高级 套装道具 3等级 治疗用,14000,1666,100000,1,1666,100001,1,3333,100002,1,5000,100003,1,6666,100004,1,8333,100005,1,10000,,,,,,,,,,,,
14001,30级 高级 套装道具 3等级 魔法输出用,14000,3333,100010,1,1666,100011,1,3333,100012,1,5000,100013,1,6666,100014,1,8333,100015,1,10000,,,,,,,,,,,,
14002,30级 高级 套装道具 3等级 攻击速度输出者用,14000,5000,100030,1,1666,100031,1,3333,100032,1,5000,100033,1,6666,100034,1,8333,100035,1,10000,,,,,,,,,,,,
14003,30级 高级 套装道具 3等级 远程用,14000,6666,100040,1,1666,100041,1,3333,100042,1,5000,100043,1,6666,100044,1,8333,100045,1,10000,,,,,,,,,,,,
14004,30级 高级 套装道具 3等级 坦克用,14000,8333,100060,1,1666,100061,1,3333,100062,1,5000,100063,1,6666,100064,1,8333,100065,1,10000,,,,,,,,,,,,
14005,30级 高级 套装道具 3等级 近战用,14000,10000,100070,1,1666,100071,1,3333,100072,1,5000,100073,1,6666,100074,1,8333,100075,1,10000,,,,,,,,,,,,
14010,30级 高级 套装道具 4等级 治疗用,14010,1666,100200,1,1666,100201,1,3333,100202,1,5000,100203,1,6666,100204,1,8333,100205,1,10000,,,,,,,,,,,,
14011,30级 高级 套装道具 4等级 魔法输出用,14010,3333,100210,1,1666,100211,1,3333,100212,1,5000,100213,1,6666,100214,1,8333,100215,1,10000,,,,,,,,,,,,
14012,30级 高级 套装道具 4等级 攻速输出用,14010,5000,100230,1,1666,100231,1,3333,100232,1,5000,100233,1,6666,100234,1,8333,100235,1,10000,,,,,,,,,,,,
14013,30级 高级 套装道具 4等级 远程用,14010,6666,100240,1,1666,100241,1,3333,100242,1,5000,100243,1,6666,100244,1,8333,100245,1,10000,,,,,,,,,,,,
14014,30级 高级 套装道具 4等级 坦克用,14010,8333,100260,1,1666,100261,1,3333,100262,1,5000,100263,1,6666,100264,1,8333,100265,1,10000,,,,,,,,,,,,
14015,30级 高级 套装道具 4等级 近战用,14010,10000,100270,1,1666,100271,1,3333,100272,1,5000,100273,1,6666,100274,1,8333,100275,1,10000,,,,,,,,,,,,
14020,35级 高级 套装道具 3等级 治疗用,14020,1666,100400,1,1666,100401,1,3333,100402,1,5000,100403,1,6666,100404,1,8333,100405,1,10000,,,,,,,,,,,,
14021,35级 高级 套装道具 3等级 魔法输出用,14020,3333,100410,1,1666,100411,1,3333,100412,1,5000,100413,1,6666,100414,1,8333,100415,1,10000,,,,,,,,,,,,
14022,35级 高级 套装道具 3等级 攻速输出用,14020,5000,100430,1,1666,100431,1,3333,100432,1,5000,100433,1,6666,100434,1,8333,100435,1,10000,,,,,,,,,,,,
14023,35级 高级 套装道具 3等级 远程用,14020,6666,100440,1,1666,100441,1,3333,100442,1,5000,100443,1,6666,100444,1,8333,100445,1,10000,,,,,,,,,,,,
14024,35级 高级 套装道具 3等级 坦克用,14020,8333,100460,1,1666,100461,1,3333,100462,1,5000,100463,1,6666,100464,1,8333,100465,1,10000,,,,,,,,,,,,
14025,35级 高级 套装道具 3等级 近战用,14020,10000,100470,1,1666,100471,1,3333,100472,1,5000,100473,1,6666,100474,1,8333,100475,1,10000,,,,,,,,,,,,
14030,35级 高级 套装道具 4等级 治疗用,14030,1666,100500,1,1666,100501,1,3333,100502,1,5000,100503,1,6666,100504,1,8333,100505,1,10000,,,,,,,,,,,,
14031,35级 高级 套装道具 4等级 魔法输出用,14030,3333,100510,1,1666,100511,1,3333,100512,1,5000,100513,1,6666,100514,1,8333,100515,1,10000,,,,,,,,,,,,
14032,35级 高级 套装道具 4等级 攻速输出用,14030,5000,100530,1,1666,100531,1,3333,100532,1,5000,100533,1,6666,100534,1,8333,100535,1,10000,,,,,,,,,,,,
14033,35级 高级 套装道具 4等级 远程用,14030,6666,100540,1,1666,100541,1,3333,100542,1,5000,100543,1,6666,100544,1,8333,100545,1,10000,,,,,,,,,,,,
14034,35级 高级 套装道具 4等级 坦克用,14030,8333,100560,1,1666,100561,1,3333,100562,1,5000,100563,1,6666,100564,1,8333,100565,1,10000,,,,,,,,,,,,
14035,35级 高级 套装道具 4等级 近战用,14030,10000,100570,1,1666,100571,1,3333,100572,1,5000,100573,1,6666,100574,1,8333,100575,1,10000,,,,,,,,,,,,
14040,40级 高级 套装道具 3等级 治疗用,14040,1666,100600,1,1666,100601,1,3333,100602,1,5000,100603,1,6666,100604,1,8333,100605,1,10000,,,,,,,,,,,,
14041,40级 高级 套装道具 3等级 魔法输出用,14040,3333,100610,1,1666,100611,1,3333,100612,1,5000,100613,1,6666,100614,1,8333,100615,1,10000,,,,,,,,,,,,
14042,40级 高级 套装道具 3等级 攻速输出用,14040,5000,100630,1,1666,100631,1,3333,100632,1,5000,100633,1,6666,100634,1,8333,100635,1,10000,,,,,,,,,,,,
14043,40级 高级 套装道具 3等级 远程用,14040,6666,100640,1,1666,100641,1,3333,100642,1,5000,100643,1,6666,100644,1,8333,100645,1,10000,,,,,,,,,,,,
14044,40级 高级 套装道具 3等级 坦克用,14040,8333,100660,1,1666,100661,1,3333,100662,1,5000,100663,1,6666,100664,1,8333,100665,1,10000,,,,,,,,,,,,
14045,40级 高级 套装道具 3等级 近战用,14040,10000,100670,1,1666,100671,1,3333,100672,1,5000,100673,1,6666,100674,1,8333,100675,1,10000,,,,,,,,,,,,
14050,40级 高级 套装道具 4等级 治疗用,14050,1666,100700,1,1666,100701,1,3333,100702,1,5000,100703,1,6666,100704,1,8333,100705,1,10000,,,,,,,,,,,,
14051,40级 高级 套装道具 4等级 魔法输出用,14050,3333,100710,1,1666,100711,1,3333,100712,1,5000,100713,1,6666,100714,1,8333,100715,1,10000,,,,,,,,,,,,
14052,40级 高级 套装道具 4等级 攻速输出用,14050,5000,100730,1,1666,100731,1,3333,100732,1,5000,100733,1,6666,100734,1,8333,100735,1,10000,,,,,,,,,,,,
14053,40级 高级 套装道具 4等级 远程用,14050,6666,100740,1,1666,100741,1,3333,100742,1,5000,100743,1,6666,100744,1,8333,100745,1,10000,,,,,,,,,,,,
14054,40级 高级 套装道具 4等级 坦克用,14050,8333,100760,1,1666,100761,1,3333,100762,1,5000,100763,1,6666,100764,1,8333,100765,1,10000,,,,,,,,,,,,
14055,40级 高级 套装道具 4等级 近战用,14050,10000,100770,1,1666,100771,1,3333,100772,1,5000,100773,1,6666,100774,1,8333,100775,1,10000,,,,,,,,,,,,
14060,42级 高级 套装道具 3等级 治疗用,14060,1666,100800,1,1666,100801,1,3333,100802,1,5000,100803,1,6666,100804,1,8333,100805,1,10000,,,,,,,,,,,,
14061,42级 高级 套装道具 3等级 魔法输出用,14060,3333,100810,1,1666,100811,1,3333,100812,1,5000,100813,1,6666,100814,1,8333,100815,1,10000,,,,,,,,,,,,
14062,42级 高级 套装道具 3等级 攻速输出用,14060,5000,100830,1,1666,100831,1,3333,100832,1,5000,100833,1,6666,100834,1,8333,100835,1,10000,,,,,,,,,,,,
14063,42级 高级 套装道具 3等级 远程用,14060,6666,100840,1,1666,100841,1,3333,100842,1,5000,100843,1,6666,100844,1,8333,100845,1,10000,,,,,,,,,,,,
14064,42级 高级 套装道具 3等级 坦克用,14060,8333,100860,1,1666,100861,1,3333,100862,1,5000,100863,1,6666,100864,1,8333,100865,1,10000,,,,,,,,,,,,
14065,42级 高级 套装道具 3等级 近战用,14060,10000,100870,1,1666,100871,1,3333,100872,1,5000,100873,1,6666,100874,1,8333,100875,1,10000,,,,,,,,,,,,
14070,42级 高级 套装道具 4等级 治疗用,14070,1666,100900,1,1666,100901,1,3333,100902,1,5000,100903,1,6666,100904,1,8333,100905,1,10000,,,,,,,,,,,,
14071,42级 高级 套装道具 4等级 魔法输出用,14070,3333,100910,1,1666,100911,1,3333,100912,1,5000,100913,1,6666,100914,1,8333,100915,1,10000,,,,,,,,,,,,
14072,42级 高级 套装道具 4等级 攻速输出用,14070,5000,100930,1,1666,100931,1,3333,100932,1,5000,100933,1,6666,100934,1,8333,100935,1,10000,,,,,,,,,,,,
14073,42级 高级 套装道具 4等级 远程用,14070,6666,100940,1,1666,100941,1,3333,100942,1,5000,100943,1,6666,100944,1,8333,100945,1,10000,,,,,,,,,,,,
14074,42级 高级 套装道具 4等级 坦克用,14070,8333,100960,1,1666,100961,1,3333,100962,1,5000,100963,1,6666,100964,1,8333,100965,1,10000,,,,,,,,,,,,
14075,42级 高级 套装道具 4等级 近战用,14070,10000,100970,1,1666,100971,1,3333,100972,1,5000,100973,1,6666,100974,1,8333,100975,1,10000,,,,,,,,,,,,
14080,45级 高级 套装道具 3等级 治疗用,14080,1666,101000,1,1666,101001,1,3333,101002,1,5000,101003,1,6666,101004,1,8333,101005,1,10000,,,,,,,,,,,,
14081,45级 高级 套装道具 3等级 魔法输出用,14080,3333,101010,1,1666,101011,1,3333,101012,1,5000,101013,1,6666,101014,1,8333,101015,1,10000,,,,,,,,,,,,
14082,45级 高级 套装道具 3等级 攻速输出用,14080,5000,101030,1,1666,101031,1,3333,101032,1,5000,101033,1,6666,101034,1,8333,101035,1,10000,,,,,,,,,,,,
14083,45级 高级 套装道具 3等级 远程用,14080,6666,101040,1,1666,101041,1,3333,101042,1,5000,101043,1,6666,101044,1,8333,101045,1,10000,,,,,,,,,,,,
14084,45级 高级 套装道具 3等级 坦克用,14080,8333,101060,1,1666,101061,1,3333,101062,1,5000,101063,1,6666,101064,1,8333,101065,1,10000,,,,,,,,,,,,
14085,45级 高级 套装道具 3等级 近战用,14080,10000,101070,1,1666,101071,1,3333,101072,1,5000,101073,1,6666,101074,1,8333,101075,1,10000,,,,,,,,,,,,
14090,45级 高级 套装道具 4等级 治疗用,14090,1666,101100,1,1666,101101,1,3333,101102,1,5000,101103,1,6666,101104,1,8333,101105,1,10000,,,,,,,,,,,,
14091,45级 高级 套装道具 4等级 魔法输出用,14090,3333,101110,1,1666,101111,1,3333,101112,1,5000,101113,1,6666,101114,1,8333,101115,1,10000,,,,,,,,,,,,
14092,45级 高级 套装道具 4等级 攻速输出用,14090,5000,101130,1,1666,101131,1,3333,101132,1,5000,101133,1,6666,101134,1,8333,101135,1,10000,,,,,,,,,,,,
14093,45级 高级 套装道具 4等级 远程用,14090,6666,101140,1,1666,101141,1,3333,101142,1,5000,101143,1,6666,101144,1,8333,101145,1,10000,,,,,,,,,,,,
14094,45级 高级 套装道具 4等级 坦克用,14090,8333,101160,1,1666,101161,1,3333,101162,1,5000,101163,1,6666,101164,1,8333,101165,1,10000,,,,,,,,,,,,
14095,45级 高级 套装道具 4等级 近战用,14090,10000,101170,1,1666,101171,1,3333,101172,1,5000,101173,1,6666,101174,1,8333,101175,1,10000,,,,,,,,,,,,
14100,47级 高级 套装道具 3等级 治疗用,14100,1666,101200,1,1666,101201,1,3333,101202,1,5000,101203,1,6666,101204,1,8333,101205,1,10000,,,,,,,,,,,,
14101,47级 高级 套装道具 3等级 魔法输出用,14100,3333,101210,1,1666,101211,1,3333,101212,1,5000,101213,1,6666,101214,1,8333,101215,1,10000,,,,,,,,,,,,
14102,47级 高级 套装道具 3等级 攻速输出用,14100,5000,101230,1,1666,101231,1,3333,101232,1,5000,101233,1,6666,101234,1,8333,101235,1,10000,,,,,,,,,,,,
14103,47级 高级 套装道具 3等级 远程用,14100,6666,101240,1,1666,101241,1,3333,101242,1,5000,101243,1,6666,101244,1,8333,101245,1,10000,,,,,,,,,,,,
14104,47级 高级 套装道具 3等级 坦克用,14100,8333,101260,1,1666,101261,1,3333,101262,1,5000,101263,1,6666,101264,1,8333,101265,1,10000,,,,,,,,,,,,
14105,47级 高级 套装道具 3等级 近战用,14100,10000,101270,1,1666,101271,1,3333,101272,1,5000,101273,1,6666,101274,1,8333,101275,1,10000,,,,,,,,,,,,
14110,47级 高级 套装道具 4等级 治疗用,14110,1666,101300,1,1666,101301,1,3333,101302,1,5000,101303,1,6666,101304,1,8333,101305,1,10000,,,,,,,,,,,,
14111,47级 高级 套装道具 4等级 魔法输出用,14110,3333,101310,1,1666,101311,1,3333,101312,1,5000,101313,1,6666,101314,1,8333,101315,1,10000,,,,,,,,,,,,
14112,47级 高级 套装道具 4等级 攻速输出用,14110,5000,101330,1,1666,101331,1,3333,101332,1,5000,101333,1,6666,101334,1,8333,101335,1,10000,,,,,,,,,,,,
14113,47级 高级 套装道具 4等级 远程用,14110,6666,101340,1,1666,101341,1,3333,101342,1,5000,101343,1,6666,101344,1,8333,101345,1,10000,,,,,,,,,,,,
14114,47级 高级 套装道具 4等级 坦克用,14110,8333,101360,1,1666,101361,1,3333,101362,1,5000,101363,1,6666,101364,1,8333,101365,1,10000,,,,,,,,,,,,
14115,47级 高级 套装道具 4等级 近战用,14110,10000,101370,1,1666,101371,1,3333,101372,1,5000,101373,1,6666,101374,1,8333,101375,1,10000,,,,,,,,,,,,
14120,50级 高级 套装道具 3等级 治疗用,14120,1666,101400,1,1666,101401,1,3333,101402,1,5000,101403,1,6666,101404,1,8333,101405,1,10000,,,,,,,,,,,,
14121,50级 高级 套装道具 3等级 魔法输出用,14120,3333,101410,1,1666,101411,1,3333,101412,1,5000,101413,1,6666,101414,1,8333,101415,1,10000,,,,,,,,,,,,
14122,50级 高级 套装道具 3等级 攻速输出用,14120,5000,101430,1,1666,101431,1,3333,101432,1,5000,101433,1,6666,101434,1,8333,101435,1,10000,,,,,,,,,,,,
14123,50级 高级 套装道具 3等级 远程用,14120,6666,101440,1,1666,101441,1,3333,101442,1,5000,101443,1,6666,101444,1,8333,101445,1,10000,,,,,,,,,,,,
14124,50级 高级 套装道具 3等级 坦克用,14120,8333,101460,1,1666,101461,1,3333,101462,1,5000,101463,1,6666,101464,1,8333,101465,1,10000,,,,,,,,,,,,
14125,50级 高级 套装道具 3等级 近战用,14120,10000,101470,1,1666,101471,1,3333,101472,1,5000,101473,1,6666,101474,1,8333,101475,1,10000,,,,,,,,,,,,
14130,50级 高级 套装道具 4等级 治疗用,14130,1666,101500,1,1666,101501,1,3333,101502,1,5000,101503,1,6666,101504,1,8333,101505,1,10000,,,,,,,,,,,,
14131,50级 高级 套装道具 4等级 魔法输出用,14130,3333,101510,1,1666,101511,1,3333,101512,1,5000,101513,1,6666,101514,1,8333,101515,1,10000,,,,,,,,,,,,
14132,50级 高级 套装道具 4等级 攻速输出用,14130,5000,101530,1,1666,101531,1,3333,101532,1,5000,101533,1,6666,101534,1,8333,101535,1,10000,,,,,,,,,,,,
14133,50级 高级 套装道具 4等级 远程用,14130,6666,101540,1,1666,101541,1,3333,101542,1,5000,101543,1,6666,101544,1,8333,101545,1,10000,,,,,,,,,,,,
14134,50级 高级 套装道具 4等级 坦克用,14130,8333,101560,1,1666,101561,1,3333,101562,1,5000,101563,1,6666,101564,1,8333,101565,1,10000,,,,,,,,,,,,
14135,50级 高级 套装道具 4等级 近战用,14130,10000,101570,1,1666,101571,1,3333,101572,1,5000,101573,1,6666,101574,1,8333,101575,1,10000,,,,,,,,,,,,
14140,52级 高级 套装道具 3等级 治疗用,14140,1666,101600,1,1666,101601,1,3333,101602,1,5000,101603,1,6666,101604,1,8333,101605,1,10000,,,,,,,,,,,,
14141,52级 高级 套装道具 3等级 魔法输出用,14140,3333,101610,1,1666,101611,1,3333,101612,1,5000,101613,1,6666,101614,1,8333,101615,1,10000,,,,,,,,,,,,
14142,52级 高级 套装道具 3等级 攻速输出用,14140,5000,101630,1,1666,101631,1,3333,101632,1,5000,101633,1,6666,101634,1,8333,101635,1,10000,,,,,,,,,,,,
14143,52级 高级 套装道具 3等级 远程用,14140,6666,101640,1,1666,101641,1,3333,101642,1,5000,101643,1,6666,101644,1,8333,101645,1,10000,,,,,,,,,,,,
14144,52级 高级 套装道具 3等级 坦克用,14140,8333,101660,1,1666,101661,1,3333,101662,1,5000,101663,1,6666,101664,1,8333,101665,1,10000,,,,,,,,,,,,
14145,52级 高级 套装道具 3等级 近战用,14140,10000,101670,1,1666,101671,1,3333,101672,1,5000,101673,1,6666,101674,1,8333,101675,1,10000,,,,,,,,,,,,
14150,52级 高级 套装道具 4等级 治疗用,14150,1666,101700,1,1666,101701,1,3333,101702,1,5000,101703,1,6666,101704,1,8333,101705,1,10000,,,,,,,,,,,,
14151,52级 高级 套装道具 4等级 魔法输出用,14150,3333,101710,1,1666,101711,1,3333,101712,1,5000,101713,1,6666,101714,1,8333,101715,1,10000,,,,,,,,,,,,
14152,52级 高级 套装道具 4等级 攻速输出用,14150,5000,101730,1,1666,101731,1,3333,101732,1,5000,101733,1,6666,101734,1,8333,101735,1,10000,,,,,,,,,,,,
14153,52级 高级 套装道具 4等级 远程用,14150,6666,101740,1,1666,101741,1,3333,101742,1,5000,101743,1,6666,101744,1,8333,101745,1,10000,,,,,,,,,,,,
14154,52级 高级 套装道具 4等级 坦克用,14150,8333,101760,1,1666,101761,1,3333,101762,1,5000,101763,1,6666,101764,1,8333,101765,1,10000,,,,,,,,,,,,
14155,52级 高级 套装道具 4等级 近战用,14150,10000,101770,1,1666,101771,1,3333,101772,1,5000,101773,1,6666,101774,1,8333,101775,1,10000,,,,,,,,,,,,
14160,55级 高级 套装道具 3等级 治疗用,14160,1666,101800,1,1666,101801,1,3333,101802,1,5000,101803,1,6666,101804,1,8333,101805,1,10000,,,,,,,,,,,,
14161,55级 高级 套装道具 3等级 魔法输出用,14160,3333,101810,1,1666,101811,1,3333,101812,1,5000,101813,1,6666,101814,1,8333,101815,1,10000,,,,,,,,,,,,
14162,55级 高级 套装道具 3等级 攻速输出用,14160,5000,101830,1,1666,101831,1,3333,101832,1,5000,101833,1,6666,101834,1,8333,101835,1,10000,,,,,,,,,,,,
14163,55级 高级 套装道具 3等级 远程用,14160,6666,101840,1,1666,101841,1,3333,101842,1,5000,101843,1,6666,101844,1,8333,101845,1,10000,,,,,,,,,,,,
14164,55级 高级 套装道具 3等级 坦克用,14160,8333,101860,1,1666,101861,1,3333,101862,1,5000,101863,1,6666,101864,1,8333,101865,1,10000,,,,,,,,,,,,
14165,55级 高级 套装道具 3等级 近战用,14160,10000,101870,1,1666,101871,1,3333,101872,1,5000,101873,1,6666,101874,1,8333,101875,1,10000,,,,,,,,,,,,
14170,55级 高级 套装道具 4等级 治疗用,14170,1666,101900,1,1666,101901,1,3333,101902,1,5000,101903,1,6666,101904,1,8333,101905,1,10000,,,,,,,,,,,,
14171,55级 高级 套装道具 4等级 魔法输出用,14170,3333,101910,1,1666,101911,1,3333,101912,1,5000,101913,1,6666,101914,1,8333,101915,1,10000,,,,,,,,,,,,
14172,55级 高级 套装道具 4等级 攻速输出用,14170,5000,101930,1,1666,101931,1,3333,101932,1,5000,101933,1,6666,101934,1,8333,101935,1,10000,,,,,,,,,,,,
14173,55级 高级 套装道具 4等级 远程用,14170,6666,101940,1,1666,101941,1,3333,101942,1,5000,101943,1,6666,101944,1,8333,101945,1,10000,,,,,,,,,,,,
14174,55级 高级 套装道具 4等级 坦克用,14170,8333,101960,1,1666,101961,1,3333,101962,1,5000,101963,1,6666,101964,1,8333,101965,1,10000,,,,,,,,,,,,
14175,55级 高级 套装道具 4等级 近战用,14170,10000,101970,1,1666,101971,1,3333,101972,1,5000,101973,1,6666,101974,1,8333,101975,1,10000,,,,,,,,,,,,
14180,30级 破坏 套装道具 3等级 治疗用,14180,1666,105000,1,1666,105001,1,3333,105002,1,5000,105003,1,6666,105004,1,8333,105005,1,10000,,,,,,,,,,,,
14181,30级 破坏 套装道具 3等级 魔法输出用,14180,3333,105010,1,1666,105011,1,3333,105012,1,5000,105013,1,6666,105014,1,8333,105015,1,10000,,,,,,,,,,,,
14182,30级 破坏 套装道具 3等级 攻速输出用,14180,5000,105030,1,1666,105031,1,3333,105032,1,5000,105033,1,6666,105034,1,8333,105035,1,10000,,,,,,,,,,,,
14183,30级 破坏 套装道具 3等级 远程用,14180,6666,105040,1,1666,105041,1,3333,105042,1,5000,105043,1,6666,105044,1,8333,105045,1,10000,,,,,,,,,,,,
14184,30级 破坏 套装道具 3等级 坦克用,14180,8333,105060,1,1666,105061,1,3333,105062,1,5000,105063,1,6666,105064,1,8333,105065,1,10000,,,,,,,,,,,,
14185,30级 破坏 套装道具 3等级 近战用,14180,10000,105070,1,1666,105071,1,3333,105072,1,5000,105073,1,6666,105074,1,8333,105075,1,10000,,,,,,,,,,,,
14190,30级 破坏 套装道具 4等级 治疗用,14190,1666,105200,1,1666,105201,1,3333,105202,1,5000,105203,1,6666,105204,1,8333,105205,1,10000,,,,,,,,,,,,
14191,30级 破坏 套装道具 4等级 魔法输出用,14190,3333,105210,1,1666,105211,1,3333,105212,1,5000,105213,1,6666,105214,1,8333,105215,1,10000,,,,,,,,,,,,
14192,30级 破坏 套装道具 4等级 攻速输出用,14190,5000,105230,1,1666,105231,1,3333,105232,1,5000,105233,1,6666,105234,1,8333,105235,1,10000,,,,,,,,,,,,
14193,30级 破坏 套装道具 4等级 远程用,14190,6666,105240,1,1666,105241,1,3333,105242,1,5000,105243,1,6666,105244,1,8333,105245,1,10000,,,,,,,,,,,,
14194,30级 破坏 套装道具 4等级 坦克用,14190,8333,105260,1,1666,105261,1,3333,105262,1,5000,105263,1,6666,105264,1,8333,105265,1,10000,,,,,,,,,,,,
14195,30级 破坏 套装道具 4等级 近战用,14190,10000,105270,1,1666,105271,1,3333,105272,1,5000,105273,1,6666,105274,1,8333,105275,1,10000,,,,,,,,,,,,
14200,35级 破坏 套装道具 3等级 治疗用,14200,1666,105400,1,1666,105401,1,3333,105402,1,5000,105403,1,6666,105404,1,8333,105405,1,10000,,,,,,,,,,,,
14201,35级 破坏 套装道具 3等级 魔法输出用,14200,3333,105410,1,1666,105411,1,3333,105412,1,5000,105413,1,6666,105414,1,8333,105415,1,10000,,,,,,,,,,,,
14202,35级 破坏 套装道具 3等级 攻速输出用,14200,5000,105430,1,1666,105431,1,3333,105432,1,5000,105433,1,6666,105434,1,8333,105435,1,10000,,,,,,,,,,,,
14203,35级 破坏 套装道具 3等级 远程用,14200,6666,105440,1,1666,105441,1,3333,105442,1,5000,105443,1,6666,105444,1,8333,105445,1,10000,,,,,,,,,,,,
14204,35级 破坏 套装道具 3等级 坦克用,14200,8333,105460,1,1666,105461,1,3333,105462,1,5000,105463,1,6666,105464,1,8333,105465,1,10000,,,,,,,,,,,,
14205,35级 破坏 套装道具 3等级 近战用,14200,10000,105470,1,1666,105471,1,3333,105472,1,5000,105473,1,6666,105474,1,8333,105475,1,10000,,,,,,,,,,,,
14210,35级 破坏 套装道具 4等级 治疗用,14210,1666,105500,1,1666,105501,1,3333,105502,1,5000,105503,1,6666,105504,1,8333,105505,1,10000,,,,,,,,,,,,
14211,35级 破坏 套装道具 4等级 魔法输出用,14210,3333,105510,1,1666,105511,1,3333,105512,1,5000,105513,1,6666,105514,1,8333,105515,1,10000,,,,,,,,,,,,
14212,35级 破坏 套装道具 4等级 攻速输出用,14210,5000,105530,1,1666,105531,1,3333,105532,1,5000,105533,1,6666,105534,1,8333,105535,1,10000,,,,,,,,,,,,
14213,35级 破坏 套装道具 4等级 远程用,14210,6666,105540,1,1666,105541,1,3333,105542,1,5000,105543,1,6666,105544,1,8333,105545,1,10000,,,,,,,,,,,,
14214,35级 破坏 套装道具 4等级 坦克用,14210,8333,105560,1,1666,105561,1,3333,105562,1,5000,105563,1,6666,105564,1,8333,105565,1,10000,,,,,,,,,,,,
14215,35级 破坏 套装道具 4等级 近战用,14210,10000,105570,1,1666,105571,1,3333,105572,1,5000,105573,1,6666,105574,1,8333,105575,1,10000,,,,,,,,,,,,
14220,40级 破坏 套装道具 3等级 治疗用,14220,1666,105600,1,1666,105601,1,3333,105602,1,5000,105603,1,6666,105604,1,8333,105605,1,10000,,,,,,,,,,,,
14221,40级 破坏 套装道具 3等级 魔法输出用,14220,3333,105610,1,1666,105611,1,3333,105612,1,5000,105613,1,6666,105614,1,8333,105615,1,10000,,,,,,,,,,,,
14222,40级 破坏 套装道具 3等级 攻速输出用,14220,5000,105630,1,1666,105631,1,3333,105632,1,5000,105633,1,6666,105634,1,8333,105635,1,10000,,,,,,,,,,,,
14223,40级 破坏 套装道具 3等级 远程用,14220,6666,105640,1,1666,105641,1,3333,105642,1,5000,105643,1,6666,105644,1,8333,105645,1,10000,,,,,,,,,,,,
14224,40级 破坏 套装道具 3等级 坦克用,14220,8333,105660,1,1666,105661,1,3333,105662,1,5000,105663,1,6666,105664,1,8333,105665,1,10000,,,,,,,,,,,,
14225,40级 破坏 套装道具 3等级 近战用,14220,10000,105670,1,1666,105671,1,3333,105672,1,5000,105673,1,6666,105674,1,8333,105675,1,10000,,,,,,,,,,,,
14230,40级 破坏 套装道具 4等级 治疗用,14230,1666,105700,1,1666,105701,1,3333,105702,1,5000,105703,1,6666,105704,1,8333,105705,1,10000,,,,,,,,,,,,
14231,40级 破坏 套装道具 4等级 魔法输出用,14230,3333,105710,1,1666,105711,1,3333,105712,1,5000,105713,1,6666,105714,1,8333,105715,1,10000,,,,,,,,,,,,
14232,40级 破坏 套装道具 4等级 攻速输出用,14230,5000,105730,1,1666,105731,1,3333,105732,1,5000,105733,1,6666,105734,1,8333,105735,1,10000,,,,,,,,,,,,
14233,40级 破坏 套装道具 4等级 远程用,14230,6666,105740,1,1666,105741,1,3333,105742,1,5000,105743,1,6666,105744,1,8333,105745,1,10000,,,,,,,,,,,,
14234,40级 破坏 套装道具 4等级 坦克用,14230,8333,105760,1,1666,105761,1,3333,105762,1,5000,105763,1,6666,105764,1,8333,105765,1,10000,,,,,,,,,,,,
14235,40级 破坏 套装道具 4等级 近战用,14230,10000,105770,1,1666,105771,1,3333,105772,1,5000,105773,1,6666,105774,1,8333,105775,1,10000,,,,,,,,,,,,
14240,42级 破坏 套装道具 3等级 治疗用,14240,1666,105800,1,1666,105801,1,3333,105802,1,5000,105803,1,6666,105804,1,8333,105805,1,10000,,,,,,,,,,,,
14241,42级 破坏 套装道具 3等级 魔法输出用,14240,3333,105810,1,1666,105811,1,3333,105812,1,5000,105813,1,6666,105814,1,8333,105815,1,10000,,,,,,,,,,,,
14242,42级 破坏 套装道具 3等级 攻速输出用,14240,5000,105830,1,1666,105831,1,3333,105832,1,5000,105833,1,6666,105834,1,8333,105835,1,10000,,,,,,,,,,,,
14243,42级 破坏 套装道具 3等级 远程用,14240,6666,105840,1,1666,105841,1,3333,105842,1,5000,105843,1,6666,105844,1,8333,105845,1,10000,,,,,,,,,,,,
14244,42级 破坏 套装道具 3等级 坦克用,14240,8333,105860,1,1666,105861,1,3333,105862,1,5000,105863,1,6666,105864,1,8333,105865,1,10000,,,,,,,,,,,,
14245,42级 破坏 套装道具 3等级 近战用,14240,10000,105870,1,1666,105871,1,3333,105872,1,5000,105873,1,6666,105874,1,8333,105875,1,10000,,,,,,,,,,,,
14250,42级 破坏 套装道具 4等级 治疗用,14250,1666,105900,1,1666,105901,1,3333,105902,1,5000,105903,1,6666,105904,1,8333,105905,1,10000,,,,,,,,,,,,
14251,42级 破坏 套装道具 4等级 魔法输出用,14250,3333,105910,1,1666,105911,1,3333,105912,1,5000,105913,1,6666,105914,1,8333,105915,1,10000,,,,,,,,,,,,
14252,42级 破坏 套装道具 4等级 攻速输出用,14250,5000,105930,1,1666,105931,1,3333,105932,1,5000,105933,1,6666,105934,1,8333,105935,1,10000,,,,,,,,,,,,
14253,42级 破坏 套装道具 4等级 远程用,14250,6666,105940,1,1666,105941,1,3333,105942,1,5000,105943,1,6666,105944,1,8333,105945,1,10000,,,,,,,,,,,,
14254,42级 破坏 套装道具 4等级 坦克用,14250,8333,105960,1,1666,105961,1,3333,105962,1,5000,105963,1,6666,105964,1,8333,105965,1,10000,,,,,,,,,,,,
14255,42级 破坏 套装道具 4等级 近战用,14250,10000,105970,1,1666,105971,1,3333,105972,1,5000,105973,1,6666,105974,1,8333,105975,1,10000,,,,,,,,,,,,
14260,45级 破坏 套装道具 3等级 治疗用,14260,1666,106000,1,1666,106001,1,3333,106002,1,5000,106003,1,6666,106004,1,8333,106005,1,10000,,,,,,,,,,,,
14261,45级 破坏 套装道具 3等级 魔法输出用,14260,3333,106010,1,1666,106011,1,3333,106012,1,5000,106013,1,6666,106014,1,8333,106015,1,10000,,,,,,,,,,,,
14262,45级 破坏 套装道具 3等级 攻速输出用,14260,5000,106030,1,1666,106031,1,3333,106032,1,5000,106033,1,6666,106034,1,8333,106035,1,10000,,,,,,,,,,,,
14263,45级 破坏 套装道具 3等级 远程用,14260,6666,106040,1,1666,106041,1,3333,106042,1,5000,106043,1,6666,106044,1,8333,106045,1,10000,,,,,,,,,,,,
14264,45级 破坏 套装道具 3等级 坦克用,14260,8333,106060,1,1666,106061,1,3333,106062,1,5000,106063,1,6666,106064,1,8333,106065,1,10000,,,,,,,,,,,,
14265,45级 破坏 套装道具 3等级 近战用,14260,10000,106070,1,1666,106071,1,3333,106072,1,5000,106073,1,6666,106074,1,8333,106075,1,10000,,,,,,,,,,,,
14270,45级 破坏 套装道具 4等级 治疗用,14270,1666,106100,1,1666,106101,1,3333,106102,1,5000,106103,1,6666,106104,1,8333,106105,1,10000,,,,,,,,,,,,
14271,45级 破坏 套装道具 4等级 魔法输出用,14270,3333,106110,1,1666,106111,1,3333,106112,1,5000,106113,1,6666,106114,1,8333,106115,1,10000,,,,,,,,,,,,
14272,45级 破坏 套装道具 4等级 攻速输出用,14270,5000,106130,1,1666,106131,1,3333,106132,1,5000,106133,1,6666,106134,1,8333,106135,1,10000,,,,,,,,,,,,
14273,45级 破坏 套装道具 4等级 远程用,14270,6666,106140,1,1666,106141,1,3333,106142,1,5000,106143,1,6666,106144,1,8333,106145,1,10000,,,,,,,,,,,,
14274,45级 破坏 套装道具 4等级 坦克用,14270,8333,106160,1,1666,106161,1,3333,106162,1,5000,106163,1,6666,106164,1,8333,106165,1,10000,,,,,,,,,,,,
14275,45级 破坏 套装道具 4等级 近战用,14270,10000,106170,1,1666,106171,1,3333,106172,1,5000,106173,1,6666,106174,1,8333,106175,1,10000,,,,,,,,,,,,
14280,47级 破坏 套装道具 3等级 治疗用,14280,1666,106200,1,1666,106201,1,3333,106202,1,5000,106203,1,6666,106204,1,8333,106205,1,10000,,,,,,,,,,,,
14281,47级 破坏 套装道具 3等级 魔法输出用,14280,3333,106210,1,1666,106211,1,3333,106212,1,5000,106213,1,6666,106214,1,8333,106215,1,10000,,,,,,,,,,,,
14282,47级 破坏 套装道具 3等级 攻速输出用,14280,5000,106230,1,1666,106231,1,3333,106232,1,5000,106233,1,6666,106234,1,8333,106235,1,10000,,,,,,,,,,,,
14283,47级 破坏 套装道具 3等级 远程用,14280,6666,106240,1,1666,106241,1,3333,106242,1,5000,106243,1,6666,106244,1,8333,106245,1,10000,,,,,,,,,,,,
14284,47级 破坏 套装道具 3等级 坦克用,14280,8333,106260,1,1666,106261,1,3333,106262,1,5000,106263,1,6666,106264,1,8333,106265,1,10000,,,,,,,,,,,,
14285,47级 破坏 套装道具 3等级 近战用,14280,10000,106270,1,1666,106271,1,3333,106272,1,5000,106273,1,6666,106274,1,8333,106275,1,10000,,,,,,,,,,,,
14290,47级 破坏 套装道具 4等级 治疗用,14290,1666,106300,1,1666,106301,1,3333,106302,1,5000,106303,1,6666,106304,1,8333,106305,1,10000,,,,,,,,,,,,
14291,47级 破坏 套装道具 4等级 魔法输出用,14290,3333,106310,1,1666,106311,1,3333,106312,1,5000,106313,1,6666,106314,1,8333,106315,1,10000,,,,,,,,,,,,
14292,47级 破坏 套装道具 4等级 攻速输出用,14290,5000,106330,1,1666,106331,1,3333,106332,1,5000,106333,1,6666,106334,1,8333,106335,1,10000,,,,,,,,,,,,
14293,47级 破坏 套装道具 4等级 远程用,14290,6666,106340,1,1666,106341,1,3333,106342,1,5000,106343,1,6666,106344,1,8333,106345,1,10000,,,,,,,,,,,,
14294,47级 破坏 套装道具 4等级 坦克用,14290,8333,106360,1,1666,106361,1,3333,106362,1,5000,106363,1,6666,106364,1,8333,106365,1,10000,,,,,,,,,,,,
14295,47级 破坏 套装道具 4等级 近战用,14290,10000,106370,1,1666,106371,1,3333,106372,1,5000,106373,1,6666,106374,1,8333,106375,1,10000,,,,,,,,,,,,
14300,50级 破坏 套装道具 3等级 治疗用,14300,1666,106400,1,1666,106401,1,3333,106402,1,5000,106403,1,6666,106404,1,8333,106405,1,10000,,,,,,,,,,,,
14301,50级 破坏 套装道具 3等级 魔法输出用,14300,3333,106410,1,1666,106411,1,3333,106412,1,5000,106413,1,6666,106414,1,8333,106415,1,10000,,,,,,,,,,,,
14302,50级 破坏 套装道具 3等级 攻速输出用,14300,5000,106430,1,1666,106431,1,3333,106432,1,5000,106433,1,6666,106434,1,8333,106435,1,10000,,,,,,,,,,,,
14303,50级 破坏 套装道具 3等级 远程用,14300,6666,106440,1,1666,106441,1,3333,106442,1,5000,106443,1,6666,106444,1,8333,106445,1,10000,,,,,,,,,,,,
14304,50级 破坏 套装道具 3等级 坦克用,14300,8333,106460,1,1666,106461,1,3333,106462,1,5000,106463,1,6666,106464,1,8333,106465,1,10000,,,,,,,,,,,,
14305,50级 破坏 套装道具 3等级 近战用,14300,10000,106470,1,1666,106471,1,3333,106472,1,5000,106473,1,6666,106474,1,8333,106475,1,10000,,,,,,,,,,,,
14310,50级 破坏 套装道具 4等级 治疗用,14310,1666,106500,1,1666,106501,1,3333,106502,1,5000,106503,1,6666,106504,1,8333,106505,1,10000,,,,,,,,,,,,
14311,50级 破坏 套装道具 4等级 魔法输出用,14310,3333,106510,1,1666,106511,1,3333,106512,1,5000,106513,1,6666,106514,1,8333,106515,1,10000,,,,,,,,,,,,
14312,50级 破坏 套装道具 4等级 攻速输出用,14310,5000,106530,1,1666,106531,1,3333,106532,1,5000,106533,1,6666,106534,1,8333,106535,1,10000,,,,,,,,,,,,
14313,50级 破坏 套装道具 4等级 远程用,14310,6666,106540,1,1666,106541,1,3333,106542,1,5000,106543,1,6666,106544,1,8333,106545,1,10000,,,,,,,,,,,,
14314,50级 破坏 套装道具 4等级 坦克用,14310,8333,106560,1,1666,106561,1,3333,106562,1,5000,106563,1,6666,106564,1,8333,106565,1,10000,,,,,,,,,,,,
14315,50级 破坏 套装道具 4等级 近战用,14310,10000,106570,1,1666,106571,1,3333,106572,1,5000,106573,1,6666,106574,1,8333,106575,1,10000,,,,,,,,,,,,
14320,52级 破坏 套装道具 3等级 治疗用,14320,1666,106600,1,1666,106601,1,3333,106602,1,5000,106603,1,6666,106604,1,8333,106605,1,10000,,,,,,,,,,,,
14321,52级 破坏 套装道具 3等级 魔法输出用,14320,3333,106610,1,1666,106611,1,3333,106612,1,5000,106613,1,6666,106614,1,8333,106615,1,10000,,,,,,,,,,,,
14322,52级 破坏 套装道具 3等级 攻速输出用,14320,5000,106630,1,1666,106631,1,3333,106632,1,5000,106633,1,6666,106634,1,8333,106635,1,10000,,,,,,,,,,,,
14323,52级 破坏 套装道具 3等级 远程用,14320,6666,106640,1,1666,106641,1,3333,106642,1,5000,106643,1,6666,106644,1,8333,106645,1,10000,,,,,,,,,,,,
14324,52级 破坏 套装道具 3等级 坦克用,14320,8333,106660,1,1666,106661,1,3333,106662,1,5000,106663,1,6666,106664,1,8333,106665,1,10000,,,,,,,,,,,,
14325,52级 破坏 套装道具 3等级 近战用,14320,10000,106670,1,1666,106671,1,3333,106672,1,5000,106673,1,6666,106674,1,8333,106675,1,10000,,,,,,,,,,,,
14330,52级 破坏 套装道具 4等级 治疗用,14330,1666,106700,1,1666,106701,1,3333,106702,1,5000,106703,1,6666,106704,1,8333,106705,1,10000,,,,,,,,,,,,
14331,52级 破坏 套装道具 4等级 魔法输出用,14330,3333,106710,1,1666,106711,1,3333,106712,1,5000,106713,1,6666,106714,1,8333,106715,1,10000,,,,,,,,,,,,
14332,52级 破坏 套装道具 4等级 攻速输出用,14330,5000,106730,1,1666,106731,1,3333,106732,1,5000,106733,1,6666,106734,1,8333,106735,1,10000,,,,,,,,,,,,
14333,52级 破坏 套装道具 4等级 远程用,14330,6666,106740,1,1666,106741,1,3333,106742,1,5000,106743,1,6666,106744,1,8333,106745,1,10000,,,,,,,,,,,,
14334,52级 破坏 套装道具 4等级 坦克用,14330,8333,106760,1,1666,106761,1,3333,106762,1,5000,106763,1,6666,106764,1,8333,106765,1,10000,,,,,,,,,,,,
14335,52级 破坏 套装道具 4等级 近战用,14330,10000,106770,1,1666,106771,1,3333,106772,1,5000,106773,1,6666,106774,1,8333,106775,1,10000,,,,,,,,,,,,
14340,55级 破坏 套装道具 3等级 治疗用,14340,1666,106800,1,1666,106801,1,3333,106802,1,5000,106803,1,6666,106804,1,8333,106805,1,10000,,,,,,,,,,,,
14341,55级 破坏 套装道具 3等级 魔法输出用,14340,3333,106810,1,1666,106811,1,3333,106812,1,5000,106813,1,6666,106814,1,8333,106815,1,10000,,,,,,,,,,,,
14342,55级 破坏 套装道具 3等级 攻速输出用,14340,5000,106830,1,1666,106831,1,3333,106832,1,5000,106833,1,6666,106834,1,8333,106835,1,10000,,,,,,,,,,,,
14343,55级 破坏 套装道具 3等级 远程用,14340,6666,106840,1,1666,106841,1,3333,106842,1,5000,106843,1,6666,106844,1,8333,106845,1,10000,,,,,,,,,,,,
14344,55级 破坏 套装道具 3等级 坦克用,14340,8333,106860,1,1666,106861,1,3333,106862,1,5000,106863,1,6666,106864,1,8333,106865,1,10000,,,,,,,,,,,,
14345,55级 破坏 套装道具 3等级 近战用,14340,10000,106870,1,1666,106871,1,3333,106872,1,5000,106873,1,6666,106874,1,8333,106875,1,10000,,,,,,,,,,,,
14350,55级 破坏 套装道具 4等级 治疗用,14350,1666,106900,1,1666,106901,1,3333,106902,1,5000,106903,1,6666,106904,1,8333,106905,1,10000,,,,,,,,,,,,
14351,55级 破坏 套装道具 4等级 魔法输出用,14350,3333,106910,1,1666,106911,1,3333,106912,1,5000,106913,1,6666,106914,1,8333,106915,1,10000,,,,,,,,,,,,
14352,55级 破坏 套装道具 4等级 攻速输出用,14350,5000,106930,1,1666,106931,1,3333,106932,1,5000,106933,1,6666,106934,1,8333,106935,1,10000,,,,,,,,,,,,
14353,55级 破坏 套装道具 4等级 远程用,14350,6666,106940,1,1666,106941,1,3333,106942,1,5000,106943,1,6666,106944,1,8333,106945,1,10000,,,,,,,,,,,,
14354,55级 破坏 套装道具 4等级 坦克用,14350,8333,106960,1,1666,106961,1,3333,106962,1,5000,106963,1,6666,106964,1,8333,106965,1,10000,,,,,,,,,,,,
14355,55级 破坏 套装道具 4等级 近战用,14350,10000,106970,1,1666,106971,1,3333,106972,1,5000,106973,1,6666,106974,1,8333,106975,1,10000,,,,,,,,,,,,
15001,霸王 感谢 礼物(药水),15001,10000,510030,99,10000,510043,99,10000,,,,,,,,,,,,,,,,,,,,,,,,
15002,霸王 感谢 礼物(坐骑),15002,10000,510041,1,10000,510042,1,10000,,,,,,,,,,,,,,,,,,,,,,,,
15003,霸王2 运营商的承诺,15003,10000,510017,1,10000,510030,99,10000,510030,99,10000,510043,99,10000,510043,99,10000,510043,99,10000,510043,99,10000,510015,10,10000,90062,30,10000,,,
15004,破旧的福袋（新年活动）,15004,1900,510056,1,1832,40301,1,2672,90062,1,4504,82001,1,6336,82000,1,8168,510057,1,10000,,,,,,,,,,,,
15005,破旧的福袋（新年活动）,15004,3900,9076,1,975,510058,1,2780,82002,1,4585,41015,1,6390,41003,1,8195,41009,1,10000,,,,,,,,,,,,
15006,破旧的福袋（新年活动）,15004,6900,11004,1,1250,11005,1,2500,11014,1,3750,11015,1,5000,11024,1,6250,11025,1,7500,11034,1,8750,11035,1,10000,,,,,,
15007,破旧的福袋（新年活动）,15004,9900,11044,1,1250,11045,1,2500,11054,1,3750,11055,1,5000,11064,1,6250,11065,1,7500,11074,1,8750,11075,1,10000,,,,,,
15008,破旧的福袋（新年活动）,15004,10000,82003,1,3100,82016,1,5700,9071,1,7700,400001,1,9900,40302,1,9959,80103,1,9969,80100,1,9979,80102,1,9989,80101,1,9999,40303,1,10000
15009,豪华 福袋（新年活动）,15009,2500,510056,1,1832,40301,1,2672,90062,1,4504,82001,1,6336,82000,1,8168,510057,1,10000,,,,,,,,,,,,
15010,豪华 福袋（新年活动）,15009,5000,9076,1,975,510058,1,2780,82002,1,4585,41015,1,6390,41003,1,8195,41009,1,10000,,,,,,,,,,,,
15011,豪华 福袋（新年活动）,15009,7000,11004,1,1250,11005,1,2500,11014,1,3750,11015,1,5000,11024,1,6250,11025,1,7500,11034,1,8750,11035,1,10000,,,,,,
15012,豪华 福袋（新年活动）,15009,9000,11044,1,1250,11045,1,2500,11054,1,3750,11055,1,5000,11064,1,6250,11065,1,7500,11074,1,8750,11075,1,10000,,,,,,
15013,豪华 福袋（新年活动）,15009,10000,82003,1,3100,82016,1,5700,9071,1,7700,400001,1,9900,40302,1,9959,80103,1,9969,80100,1,9979,80102,1,9989,80101,1,9999,40303,1,10000
15014,特别的福袋（新年活动）,15014,3000,510056,1,1832,40301,1,2672,90062,1,4504,82001,1,6336,82000,1,8168,510057,1,10000,,,,,,,,,,,,
15015,特别的福袋（新年活动）,15014,6000,9076,1,975,510058,1,2780,82002,1,4585,41015,1,6390,41003,1,8195,41009,1,10000,,,,,,,,,,,,
15016,特别的福袋（新年活动）,15014,7000,11004,1,1250,11005,1,2500,11014,1,3750,11015,1,5000,11024,1,6250,11025,1,7500,11034,1,8750,11035,1,10000,,,,,,
15017,特别的福袋（新年活动）,15014,8000,11044,1,1250,11045,1,2500,11054,1,3750,11055,1,5000,11064,1,6250,11065,1,7500,11074,1,8750,11075,1,10000,,,,,,
15018,特别的福袋（新年活动）,15014,10000,82003,1,3100,82016,1,5700,9071,1,7700,400001,1,9900,40302,1,9959,80103,1,9969,80100,1,9979,80102,1,9989,80101,1,9999,40303,1,10000
20000,古代 箱子(古代 大祭司的 套装)(麻布)(高级),20000,2500,102800,1,1666,102801,1,3332,102802,1,4998,102803,1,6664,102804,1,8330,102805,1,10000,,,,,,,,,,,,
20001,古代 箱子(古代 奥术师的 套装)(麻布)(高级),20000,5000,102810,1,1666,102811,1,3332,102812,1,4998,102813,1,6664,102814,1,8330,102815,1,10000,,,,,,,,,,,,
20002,古代 箱子(古代 大祭司的 套装)(麻布)(毁坏),20000,7500,107800,1,1666,107801,1,3332,107802,1,4998,107803,1,6664,107804,1,8330,107805,1,10000,,,,,,,,,,,,
20003,古代 箱子(古代 奥术师的 套装)(麻布)(毁坏),20000,10000,107810,1,1666,107811,1,3332,107812,1,4998,107813,1,6664,107814,1,8330,107815,1,10000,,,,,,,,,,,,
20010,古代 箱子(古代 强盗的 套装)(轻甲)(高级),20010,2500,102820,1,1666,102821,1,3332,102822,1,4998,102823,1,6664,102824,1,8330,102825,1,10000,,,,,,,,,,,,
20011,古代 箱子(古代 侵略者的 套装)(轻甲)(高级),20010,5000,102830,1,1666,102831,1,3332,102832,1,4998,102833,1,6664,102834,1,8330,102835,1,10000,,,,,,,,,,,,
20012,古代 箱子(古代 强盗的 套装)(轻甲)(毁坏),20010,7500,107820,1,1666,107821,1,3332,107822,1,4998,107823,1,6664,107824,1,8330,107825,1,10000,,,,,,,,,,,,
20013,古代 箱子(古代 侵略者的 套装)(轻甲)(毁坏),20010,10000,107830,1,1666,107831,1,3332,107832,1,4998,107833,1,6664,107834,1,8330,107835,1,10000,,,,,,,,,,,,
20020,古代 箱子(古代 强盗的 套装)(重甲)(高级),20020,2500,102840,1,1666,102841,1,3332,102842,1,4998,102843,1,6664,102844,1,8330,102845,1,10000,,,,,,,,,,,,
20021,古代 箱子(古代 侵略者的 套装)(重甲)(高级),20020,5000,102850,1,1666,102851,1,3332,102852,1,4998,102853,1,6664,102854,1,8330,102855,1,10000,,,,,,,,,,,,
20022,古代 箱子(古代 强盗的 套装)(重甲)(毁坏),20020,7500,107840,1,1666,107841,1,3332,107842,1,4998,107843,1,6664,107844,1,8330,107845,1,10000,,,,,,,,,,,,
20023,古代 箱子(古代 侵略者的 套装)(重甲)(毁坏),20020,10000,107850,1,1666,107851,1,3332,107852,1,4998,107853,1,6664,107854,1,8330,107855,1,10000,,,,,,,,,,,,
20030,古代 箱子(项链，戒指),20030,10000,111200,1,2500,111201,1,5000,116200,1,7500,116201,1,10000,,,,,,,,,,,,,,,,,,
20040,古代 武器(高级),20040,5000,300101,1,2000,300111,1,4000,300121,1,6000,300131,1,8000,300141,1,10000,,,,,,,,,,,,,,,
20041,古代 武器(毁坏),20040,10000,300601,1,2000,300611,1,4000,300621,1,6000,300631,1,8000,300641,1,10000,,,,,,,,,,,,,,,
