TID,Position,String,EngContents,LocalContents,System_Voice,FontColor,FontSize,Comment
测试id,输出位置,文字列,英文内容,内容,应用输出,字体颜色,字体大小,开发者用 用途说明
2,2,2,2,2,2,2,2,2
U16,U16,CBwString,CBwString,CBwString,CBwString:v,CBwString,U8,CBwString
1,0,WORD_RACE_HUMAN,MST_Contents_000001,人类,,"255,255,255",10,提示中的种族名称
2,0,WORD_RACE_MOONELF,MST_Contents_000002,月精灵,,"255,255,255",10,提示中的种族名称
3,0,WORD_RACE_DRAGONSION,MST_Contents_000003,龙之复仇者,,"255,255,255",10,提示中的种族名称
4,0,WORD_RACE_ORC,MST_Contents_000004,兽人,,"255,255,255",10,提示中的种族名称
5,0,WORD_GENDER_MAN,MST_Contents_000005,男,,"255,255,255",10,提示中的性别区分
6,0,WORD_GENDER_WOMAN,MST_Contents_000006,女,,"255,255,255",10,提示中的性别区分
7,0,WORD_RACEWAR_OCCUPY,MST_Contents_000007,占领完成,,"255,255,255",10,在大规模种族战中占领艾康的时候
8,0,WORD_RACEWAR_OCCUPYING,MST_Contents_000008,占领中,,"255,255,255",10,在大规模种族战中占领艾康的时候
9,0,WORD_RACEWAR_OCCUPY_NOT,MST_Contents_000009,占领未完成,,"255,255,255",10,在大规模种族战中占领艾康的时候
10,0,WORD_STATUS_LEVEL,MST_Contents_000010,要求等级,,"255,255,255",10,提示中的等级限制
11,0,WORD_TOOLTIP_ITEM_WEAPON_LIMIT,MST_Contents_000011,要求主武器,,"255,255,255",10,提示中的主武器限制
12,0,WORD_TOOLTIP_ITEM_FAME_LIMIT,MST_Contents_000012,要求名望等级,,"255,255,255",10,提示中的名望等级限制
13,0,WORD_TOOLTIP_ITEM_COMMON,MST_Contents_000013,<TC '191:191:191' Text'低级'/>,,"191,191,191",10,提示中的物品等级
14,0,WORD_TOOLTIP_ITEM_NORMAL,MST_Contents_000014,普通,,"255,255,255",10,提示中的物品等级
15,0,WORD_TOOLTIP_ITEM_MAGIC,MST_Contents_000015,<TC '0:208:94' Text'高级'/>,,"0,208,94",10,提示中的物品等级
16,0,WORD_TOOLTIP_ITEM_RARE,MST_Contents_000016,<TC '0:176:240' Text'稀有'/>,,"0,176,240",10,提示中的物品等级
17,0,WORD_TOOLTIP_ITEM_UNIQUE,MST_Contents_000017,<TC '112:48:160' Text'特别'/>,,"112,48,160",10,提示中的物品等级
18,0,WORD_TOOLTIP_ITEM_HEROIC,MST_Contents_000018,<TC '228:108:10' Text'英雄'/>,,"228,108,10",10,提示中的物品等级
19,0,WORD_TOOLTIP_ITEM_CASH,MST_Contents_000019,收费项目,,"255,210,0",10,提示中的物品等级 收费项目
20,0,WORD_ITEMBREAK_TOOLTIP,MST_Contents_000020,可分解,,"255,255,255",10,提示中的可分解物品
21,0,WORD_ARMOR,MST_Contents_000021,防御品,,"255,255,0",10,提示中的可分解物品
22,0,WORD_ARMOR_HEAD,MST_Contents_000022,头盔,,"255,255,0",10,提示中的物品种类
23,0,WORD_ARMOR_CHEST,MST_Contents_000023,铠甲,,"255,255,0",10,提示中的物品种类
24,0,WORD_ARMOR_HANDS,MST_Contents_000024,手套,,"255,255,0",10,提示中的物品种类
25,0,WORD_ARMOR_LEGS,MST_Contents_000025,腰带,,"255,255,0",10,提示中的物品种类
26,0,WORD_ARMOR_SHOES,MST_Contents_000026,鞋,,"255,255,0",10,提示中的物品种类
27,0,WORD_ARMOR_CAPE,MST_Contents_000027,披风,,"255,255,0",10,提示中的物品种类
28,0,WORD_WEAPON_SHIELD,MST_Contents_000028,盾牌,,"255,255,0",10,提示中的物品种类
29,0,WORD_WEAPON_LANCE,MST_Contents_000029,长枪,,"255,255,0",10,提示中的物品种类
30,0,WORD_WEAPON_STAFF,MST_Contents_000030,手杖,,"255,255,0",10,提示中的物品种类
31,0,WORD_WEAPON_AXE,MST_Contents_000031,斧头,,"255,255,0",10,提示中的物品种类
32,0,WORD_WEAPON_BOW,MST_Contents_000032,弓箭,,"255,255,0",10,提示中的物品种类
33,0,WORD_WEAPON_CHAKRAM,MST_Contents_000033,环刃,,"255,255,0",10,提示中的物品种类
34,0,WORD_WEAPON_CANNON,MST_Contents_000034,大炮,,"255,255,0",10,提示中的物品种类
35,0,WORD_WEAPON_DAGGER,MST_Contents_000035,短剑,,"255,255,0",10,提示中的物品种类
36,0,WORD_WEAPON_ORB,MST_Contents_000036,玄机,,"255,255,0",10,提示中的物品种类
37,0,WORD_WEAPON_MAGICGUN,MST_Contents_000037,魔弹枪,,"255,255,0",10,提示中的物品种类
38,0,WORD_WEAPON_SWORD,MST_Contents_000038,单手剑,,"255,255,0",10,提示中的物品种类
39,0,WORD_WEAPON_BLADE,MST_Contents_000039,双手剑,,"255,255,0",10,提示中的物品种类
40,0,WORD_WEAPON_ARBALEST,MST_Contents_000040,石弓,,"255,255,0",10,提示中的物品种类
41,0,WORD_WEAPON_WAND,MST_Contents_000041,魔杖,,"255,255,0",10,提示中的物品种类
42,0,WORD_LEVELUP_CHARACTER,MST_Contents_000042,角色,,"255,255,0",10,依据等级角色表示字符串
43,0,WORD_ACCESSORY_NECKLACE,MST_Contents_000043,项链,,"255,255,0",10,提示中的物品种类
44,0,WORD_ACCESSORY_RING,MST_Contents_000044,戒指,,"255,255,0",10,提示中的物品种类
45,0,WORD_AVATAR_HEAD,MST_Contents_000045,时装-头,,"255,255,0",10,提示中的物品种类
46,0,WORD_AVATAR_CHEST,MST_Contents_000046,时装-铠甲,,"255,255,0",10,提示中的物品种类
47,0,WORD_AVATAR_HANDS,MST_Contents_000047,时装-手,,"255,255,0",10,提示中的物品种类
48,0,WORD_AVATAR_LEGS,MST_Contents_000048,时装-腰带,,"255,255,0",10,提示中的物品种类
49,0,WORD_AVATAR_SHOES,MST_Contents_000049,时装-脚,,"255,255,0",10,提示中的物品种类
50,0,WORD_AVATAR_CAPE,MST_Contents_000050,时装-披风,,"255,255,0",10,提示中的物品种类
51,0,WORD_AVATAR_NECKLACE,MST_Contents_000051,时装-项链,,"255,255,0",10,提示中的物品种类
52,0,WORD_AVATAR_RING,MST_Contents_000052,时装-戒指,,"255,255,0",10,提示中的物品种类
53,0,WORD_AVATAR_COAT,MST_Contents_000053,时装-外套,,"255,255,0",10,提示中的物品种类
54,0,WORD_CONSUMABLES,MST_Contents_000054,消耗品,,"255,255,0",10,提示中的物品种类
55,0,WORD_AVATAR,MST_Contents_000055,时装,,"255,255,0",10,拍卖场商店中使用
56,0,WORD_RIDE,MST_Contents_000056,坐骑,,"255,255,0",10,拍卖场商店中使用
57,0,WORD_TOOLTIP_QUESTITEM,MST_Contents_000057,任务物品,,"255,255,0",10,物品提示的物品种类
58,0,WORD_TOOLTIP_ETCITEM,MST_Contents_000058,特别,,"255,255,0",10,物品提示的物品种类
59,0,WORD_TOOLTIP_MATERIAL,MST_Contents_000059,一般材料,,"255,255,0",10,物品提示的物品种类
60,0,WORD_TOOLTIP_CATALYST,MST_Contents_000060,强化催化剂,,"255,255,0",10,物品提示的物品种类
61,0,WORD_TOOLTIP_STABILITY,MST_Contents_000061,强化安定剂,,"255,255,0",10,物品提示的物品种类
62,0,WORD_TOOLTIP_MEDIUM,MST_Contents_000062,炼金术媒介,,"255,255,0",10,物品提示的物品种类
63,0,WORD_TOOLTIP_SKILLMATERIAL,MST_Contents_000063,技能材料,,"255,255,0",10,物品提示的物品种类
64,0,WORD_TOOLTIP_STONE_COMMON,MST_Contents_000064,灵石(通用),,"255,255,0",10,提示中的物品种类
65,0,WORD_TOOLTIP_STONE_ARMOR,MST_Contents_000065,灵石(防御品专用),,"255,255,0",10,提示中的物品种类
66,0,WORD_TOOLTIP_STONE_WEAPON,MST_Contents_000066,灵石(饰品专用),,"255,255,0",10,提示中的物品种类
67,0,WORD_TOOLTIP_STONE_ACCESSORY,MST_Contents_000067,灵石(武器专用),,"255,255,0",10,提示中的物品种类
68,0,WORD_TOOLTIP_RECIPE_WEAPON,MST_Contents_000068,配方(武器制作),,"255,255,0",10,物品提示的物品种类
69,0,WORD_TOOLTIP_RECIPE_ARMOR,MST_Contents_000069,配方(防御品制作),,"255,255,0",10,物品提示的物品种类
70,0,WORD_TOOLTIP_RECIPE_COOK,MST_Contents_000070,配方(食物制作),,"255,255,0",10,物品提示的物品种类
71,0,WORD_TOOLTIP_RECIPE_WORK,MST_Contents_000071,配方(饰品制作),,"255,255,0",10,物品提示的物品种类
72,0,WORD_TOOLTIP_RECIPE_POTION,MST_Contents_000072,配方(药水制作),,"255,255,0",10,物品提示的物品种类
73,0,WORD_TOOLTIP_EVENT,MST_Contents_000073,礼品促销活动,,"255,255,0",10,物品提示的物品种类
74,0,WORD_TOOLTIP_BOX_RANDOM,MST_Contents_000074,随机物品,,"255,255,0",10,物品提示的物品种类
75,0,WORD_TOOLTIP_BOX_GIFT,MST_Contents_000075,礼物,,"255,255,0",10,物品提示的物品种类
76,0,WORD_WEAPON_LANCE_LIMIT,MST_Contents_000076,长枪熟练度,,"255,255,0",10,提示中的物品种类
77,0,WORD_WEAPON_STAFF_LIMIT,MST_Contents_000077,手杖熟练度,,"255,255,0",10,提示中的物品种类
78,0,WORD_WEAPON_AXE_LIMIT,MST_Contents_000078,斧头熟练度,,"255,255,0",10,提示中的物品种类
79,0,WORD_WEAPON_BOW_LIMIT,MST_Contents_000079,弓箭熟练度,,"255,255,0",10,提示中的物品种类
80,0,WORD_WEAPON_CHAKRAM_LIMIT,MST_Contents_000080,环刃熟练度,,"255,255,0",10,提示中的物品种类
81,0,WORD_WEAPON_CANNON_LIMIT,MST_Contents_000081,大炮熟练度,,"255,255,0",10,提示中的物品种类
82,0,WORD_WEAPON_DAGGER_LIMIT,MST_Contents_000082,短剑熟练度,,"255,255,0",10,提示中的物品种类
83,0,WORD_WEAPON_ORB_LIMIT,MST_Contents_000083,玄机熟练度,,"255,255,0",10,提示中的物品种类
84,0,WORD_WEAPON_MAGICGUN_LIMIT,MST_Contents_000084,魔弹枪熟练度,,"255,255,0",10,提示中的物品种类
85,0,WORD_WEAPON_SWORD_LIMIT,MST_Contents_000085,单手剑熟练度,,"255,255,0",10,提示中的物品种类
86,0,WORD_WEAPON_BLADE_LIMIT,MST_Contents_000086,双手剑熟练度,,"255,255,0",10,提示中的物品种类
87,0,WORD_WEAPON_ARBALEST_LIMIT,MST_Contents_000087,石弓熟练度,,"255,255,0",10,提示中的物品种类
88,0,WORD_WEAPON_WAND_LIMIT,MST_Contents_000088,魔杖熟练度,,"255,255,0",10,提示中的物品种类
89,0,WORD_TOOLTIP_USETITEM,MST_Contents_000089,使用物品,,"255,255,0",10,物品提示的物品种类
90,0,WORD_TOOLTIP_ITEM_CLASS,MST_Contents_000090,等级,,"255,255,0",10,物品提示的物品等级
91,0,WORD_TOOLTIP_ITEM_KIND,MST_Contents_000091,种类,,"255,255,0",10,物品提示的物品种类
92,0,WORD_TOOLTIP_ITEM_GRADE,MST_Contents_000092,强化阶段,,"255,255,0",10,物品提示的物品强化阶段
93,0,WORD_TOOLTIP_ITEM_PERIOD,MST_Contents_000093,使用期满,,"255,255,0",10,物品提示的使用期间
94,0,WORD_TOOLTIP_ITEM_RACE_LIMIT,MST_Contents_000094,种族要求,,"228,108,10",10,物品提示的种族限制
95,0,WORD_TOOLTIP_ITEM_SEX_LIMIT,MST_Contents_000095,性别限制,,"228,108,10",10,物品提示的性别限制
96,0,WORD_TOOLTIP_ITEM_EFFECT,MST_Contents_000096,<TC '228:109:10' Text'物品使用效果'/>,,"255,255,255",10,物品提示的穿着效果测试
97,0,WORD_STATUS_STR,MST_Contents_000097,<TC '255:255:0' Text'力量'/>,,"255,255,0",10,提示中的seutet
98,0,WORD_STATUS_CON,MST_Contents_000098,<TC '255:255:0' Text'体力'/>,,"255,255,0",10,提示中的seutet
99,0,WORD_STATUS_WIS,MST_Contents_000099,<TC '255:255:0' Text'技能'/>,,"255,255,0",10,提示中的seutet
100,0,WORD_STATUS_MEN,MST_Contents_000100,<TC '255:255:0' Text'战斗值'/>,,"255,255,0",10,提示中的seutet
101,0,WORD_STATUS_AGILITY,MST_Contents_000101,<TC '255:255:0' Text'敏捷度'/>,,"255,255,0",10,提示中的seutet
102,0,WORD_TOOLTIP_ITEM_HPFIXED,MST_Contents_000102,<TC '255:255:0' Text'最大生命'/>,,"255,255,0",10,提示的能力值
103,0,WORD_TOOLTIP_ITEM_HPR,MST_Contents_000103,<TC '255:255:0' Text'生命恢复量'/>,,"255,255,0",10,提示的能力值
104,0,WORD_TOOLTIP_ITEM_MPFIXED,MST_Contents_000104,<TC '255:255:0' Text'最大法力'/>,,"255,255,0",10,提示的能力值
105,0,WORD_TOOLTIP_ITEM_MPR,MST_Contents_000105,<TC '255:255:0' Text'法力恢复量'/>,,"255,255,0",10,提示的能力值
106,0,WORD_TOOLTIP_ITEM_POP,MST_Contents_000106,<TC '255:255:0' Text'物理攻击度'/>,,"255,255,0",10,提示的能力值
107,0,WORD_TOOLTIP_ITEM_MOP,MST_Contents_000107,<TC '255:255:0' Text'魔法攻击度'/>,,"255,255,0",10,提示的能力值
108,0,WORD_TOOLTIP_ITEM_POD,MST_Contents_000108,<TC '255:255:0' Text'物理防御度'/>,,"255,255,0",10,提示的能力值
109,0,WORD_TOOLTIP_ITEM_MOD,MST_Contents_000109,<TC '255:255:0' Text'魔法防御度'/>,,"255,255,0",10,提示的能力值
110,0,WORD_TOOLTIP_ITEM_FIRE,MST_Contents_000110,<TC '255:255:0' Text'耐火度'/>,,"255,255,0",10,提示的能力值
111,0,WORD_TOOLTIP_ITEM_WATER,MST_Contents_000111,<TC '255:255:0' Text'耐水度'/>,,"255,255,0",10,提示的能力值
112,0,WORD_TOOLTIP_ITEM_AIR,MST_Contents_000112,<TC '255:255:0' Text'空气受阻度'/>,,"255,255,0",10,提示的能力值
113,0,WORD_TOOLTIP_ITEM_LAND,MST_Contents_000113,<TC '255:255:0' Text'土地受阻度'/>,,"255,255,0",10,提示的能力值
114,0,WORD_TOOLTIP_ITEM_AP,MST_Contents_000114,<TC '255:255:0' Text'命中率'/>,,"255,255,0",10,提示的能力值
115,0,WORD_TOOLTIP_ITEM_DP,MST_Contents_000115,<TC '255:255:0' Text'回血值'/>,,"255,255,0",10,提示的能力值
116,0,WORD_TOOLTIP_ITEM_BP,MST_Contents_000116,<TC '255:255:0' Text'减少受损'/>,,"255,255,0",10,提示的能力值
117,0,WORD_TOOLTIP_ITEM_CP,MST_Contents_000117,<TC '255:255:0' Text'致命值'/>,,"255,255,0",10,提示的能力值
118,0,WORD_TOOLTIP_ITEM_IGN_AT,MST_Contents_000118,<TC '255:255:0' Text'无视防御力攻击'/>,,"255,255,0",10,提示的能力值
119,0,WORD_TOOLTIP_ITEM_AS,MST_Contents_000119,<TC '255:255:0' Text'攻击速度'/>,,"255,255,0",10,提示的能力值
120,0,WORD_TOOLTIP_ITEM_RS,MST_Contents_000120,<TC '255:255:0' Text'移动速度'/>,,"255,255,0",10,提示的能力值
121,0,WORD_TOOLTIP_ITEM_CS,,<TC '255:255:0' Text'施法速度'/>,,"255,255,0",10,提示的能力值
122,0,WORD_TOOLTIP_ITEM_PVP_AT,MST_Contents_000121,<TC '0:176:240' Text'PvP专用攻击'/>,,"255,255,0",10,提示的能力值
123,0,WORD_TOOLTIP_ITEM_PVP_DF,MST_Contents_000122,<TC '0:176:240' Text'PvP专用防御'/>,,"255,255,0",10,提示的能力值
124,0,WORD_TOOLTIP_ITEM_HPRBUFF,MST_Contents_000123,<TC '255:255:0' Text'治愈'/>,,"255,255,255",10,提示的能力值
125,0,WORD_TOOLTIP_ITEM_MPRBUFF,MST_Contents_000124,<TC '255:255:0' Text'法力恢复量'/>,,"255,255,255",10,提示的能力值
126,0,WORD_TOOLTIP_ITEM_DURABILITY,MST_Contents_000125,耐久度,,"255,255,0",10,物品提示的能力值
127,0,WORD_TOOLTIP_ITEM_SOCKET,MST_Contents_000126,灵石,,"255,255,255",10,物品提示的约定高利率测试
128,0,WORD_ITEMSOCKET_SPRITSTONE_NOTUSE_01,MST_Contents_000127,没有效果,,"255,255,255",10,约定高利率装备/从UI中分离没有任何效果时
129,0,WORD_TOOLTOP_ITEM_TRADE_NOT,MST_Contents_000128,无法交易,,"255,0,0",10,提示中的物品交易限制
130,0,WORD_TOOLTOP_ITEM_TRADE_SALE,MST_Contents_000129,无法出售,,"255,0,0",10,提示中的物品交易限制
131,0,WORD_TOOLTOP_ITEM_TRADE_STOREHOUSE,MST_Contents_000130,仓库无法保管,,"255,0,0",10,提示中的物品交易限制
132,0,WORD_TOOLTOP_ITEM_TRADE_GUILD_STOREHOUSE,MST_Contents_000131,公会仓库无法保管,,"255,0,0",10,提示中的物品交易限制
133,0,WORD_TOOLTOP_ITEM_TRADE_BREAK,MST_Contents_000132,无法破坏物品,,"255,0,0",10,提示中的物品交易限制
134,0,WORD_TOOLTOP_ITEM_ITEMSET_KIND,MST_Contents_000133,装置种类,,"255,255,0",10,提示中的物品交易限制
135,0,WORD_TOOLTOP_ITEM_ITEMSET_EFFECT,MST_Contents_000134,装置效果,,"255,255,0",10,提示中的物品交易限制
136,0,WORD_TOOLTOP_ITEM_ENCHANT_STEP,MST_Contents_000135,强化阶段,,"255,255,0",10,提示中的强化阶段:现阶段/最大阶段
137,0,WORD_TOOLTIP_SKILL_LEVEL,MST_Contents_000136,技能等级,,"255,255,0",10,技能提示中的技能等级
138,0,WORD_TOOLTIP_SKILL_KIND,MST_Contents_000137,技能种类,,"255,255,0",10,技能提示中的技能种类
139,0,WORD_TOOLTIP_SKILL_PASSIVE_FACTOR,MST_Contents_000138,被动,,"255,255,0",10,技能提示中的技能种类
140,0,WORD_TOOLTIP_SKILL_FIRE_ATTACK,MST_Contents_000139,攻击,,"255,255,0",10,技能提示中的技能种类
141,0,WORD_TOOLTIP_SKILL_FIRE_HEAL,MST_Contents_000140,特殊,,"255,255,0",10,技能提示中的技能种类
142,0,WORD_TOOLTIP_SKILL_FIRE_FIND,MST_Contents_000141,特殊,,"255,255,0",10,技能提示中的技能种类
143,0,WORD_TOOLTIP_SKILL_FIRE_MOVE,MST_Contents_000142,特殊,,"255,255,0",10,技能提示中的技能种类
144,0,WORD_TOOLTIP_SKILL_FIRE_INIT,MST_Contents_000143,特殊,,"255,255,0",10,技能提示中的技能种类
145,0,WORD_TOOLTIP_SKILL_FIRE_SWAP,MST_Contents_000144,特殊,,"255,255,0",10,技能提示中的技能种类
146,0,WORD_TOOLTIP_SKILL_FIRE_REBIRTH,MST_Contents_000145,特殊,,"255,255,0",10,技能提示中的技能种类
147,0,WORD_TOOLTIP_SKILL_FIRE_RECALL,MST_Contents_000146,特殊,,"255,255,0",10,技能提示中的技能种类
148,0,WORD_TOOLTIP_SKILL_BUFF_FACTOR,MST_Contents_000147,buff,,"255,255,0",10,技能提示中的技能种类
149,0,WORD_TOOLTIP_SKILL_BUFF_REFLEX,MST_Contents_000148,特殊,,"255,255,0",10,技能提示中的技能种类
150,0,WORD_TOOLTIP_SKILL_BUFF_UNBEATEN,MST_Contents_000149,特殊,,"255,255,0",10,技能提示中的技能种类
151,0,WORD_TOOLTIP_SKILL_BUFF_BLOCK,MST_Contents_000150,特殊,,"255,255,0",10,技能提示中的技能种类
152,0,WORD_TOOLTIP_SKILL_BUFF_PARTYBLOCK,MST_Contents_000151,特殊,,"255,255,0",10,技能提示中的技能种类
153,0,WORD_TOOLTIP_SKILL_BUFF_HIDE,MST_Contents_000152,特殊,,"255,255,0",10,技能提示中的技能种类
154,0,WORD_TOOLTIP_SKILL_BUFF_HIDEEYE,MST_Contents_000153,特殊,,"255,255,0",10,技能提示中的技能种类
155,0,WORD_TOOLTIP_SKILL_BUFF_TRANS,MST_Contents_000154,特殊,,"255,255,0",10,技能提示中的技能种类
156,0,WORD_TOOLTIP_SKILL_DEBUFF_FACTOR,MST_Contents_000155,底buff,,"255,255,0",10,技能提示中的技能种类
157,0,WORD_TOOLTIP_SKILL_DEBUFF_STUN,MST_Contents_000156,特殊,,"255,255,0",10,技能提示中的技能种类
158,0,WORD_TOOLTIP_SKILL_DEBUFF_FEAR,MST_Contents_000157,特殊,,"255,255,0",10,技能提示中的技能种类
159,0,WORD_TOOLTIP_SKILL_DEBUFF_SLEEP,MST_Contents_000158,特殊,,"255,255,0",10,技能提示中的技能种类
160,0,WORD_TOOLTIP_SKILL_SUMMON_TRAP,MST_Contents_000159,特殊,,"255,255,0",10,技能提示中的技能种类
161,0,WORD_TOOLTIP_SKILL_SUMMON_SPELL,MST_Contents_000160,特殊,,"255,255,0",10,技能提示中的技能种类
162,0,WORD_TOOLTIP_SKILL_TARGET,MST_Contents_000161,目标,,"255,255,0",10,技能提示中的适用对象
163,0,WORD_TOOLTIP_SKILL_INPUTTYPE1,MST_Contents_000162,自己,,"255,255,0",10,技能提示中的适用对象
164,0,WORD_TOOLTIP_SKILL_INPUTTYPE2,MST_Contents_000163,宿命,,"255,255,0",10,技能提示中的适用对象
165,0,WORD_TOOLTIP_SKILL_INPUTTYPE3,MST_Contents_000164,圆形地域,,"255,255,0",10,技能提示中的范围技能种类
166,0,WORD_TOOLTIP_SKILL_INPUTTYPE4,MST_Contents_000165,直线地域,,"255,255,0",10,技能提示中的范围技能种类
167,0,WORD_TOOLTIP_SKILL_NUMBER,MST_Contents_000166,适用人数,,"255,255,0",10,技能提示中的适用对象人数
168,0,WORD_TOOLTIP_SKILL_NEED_POINT,MST_Contents_000167,需要技能点,,"255,255,0",10,技能提示中的必要要点
169,0,WORD_TOOLTIP_SKILL_NEED_WEAPON,MST_Contents_000168,需要主武器,,"255,255,0",10,技能提示中的必要武器
170,0,WORD_TOOLTIP_SKILL_NEED_WEAPON_LEVEL,MST_Contents_000169,需要武器熟练度等级,,"255,255,0",10,技能提示中的必要武器熟练度等级
171,0,WORD_TOOLTIP_SKILL_NEED_MAIN_WEAPON,MST_Contents_000170,主武器必须注册,,"255,255,0",10,技能提示中的主武器种类
172,0,WORD_TOOLTIP_SKILL_NEED_PC_LEVEL,MST_Contents_000171,需要角色等级,,"255,255,0",10,技能提示中的PC等级
173,0,WORD_TOOLTIP_SKILL_NEED_SKILL_KIND,MST_Contents_000172,需要技能,,"255,255,0",10,技能提示中的必要技能
174,0,WORD_TOOLTIP_SKILL_COMSUME_HP,MST_Contents_000173,消耗生命,,"255,255,0",10,技能提示中的消耗HP
175,0,WORD_TOOLTIP_SKILL_COMSUME_MP,MST_Contents_000174,<TC '255:255:0' Text'消耗法力'/>,,"255,255,0",10,技能提示中的消耗MP
176,0,WORD_TOOLTIP_SKILL_CASTING_TIME,MST_Contents_000175,<TC '255:255:0' Text'施法时间'/>,,"255,255,0",10,技能提示中的施法时间
177,0,WORD_TOOLTIP_SKILL_CASTING_FAILRATE,MST_Contents_000176,<TC '255:255:0' Text'被攻击时解除概率'/>,,"255,255,0",10,技能提示中的施法失败概率
178,0,WORD_TOOLTIP_SKILL_CASTING_MOVING,MST_Contents_000177,<TC '255:255:0' Text'施法时移动'/>,,"255,255,0",10,技能提示中的施法时移动
179,0,WORD_TOOLTIP_SKILL_ATTACK_MOVING,MST_Contents_000178,<TC '255:255:0' Text'使用时移动'/>,,"255,255,0",10,技能提示中的攻击时移动
180,0,WORD_TOOLTIP_SKILL_CASTING_CANCEL,MST_Contents_000179,取消,,"255,255,0",10,技能提示中的选定途中有/无移动 
181,0,WORD_TOOLTIP_SKILL_CASTING_ABLE,MST_Contents_000180,可以,,"255,255,0",10,技能提示中的选定途中有/无移动 
182,0,WORD_TOOLTIP_SKILL_CASTNG_NOT,MST_Contents_000181,不可以,,"255,255,0",10,技能提示中的选定途中有/无移动 
183,0,WORD_TOOLTIP_SKILL_COOLTIME,MST_Contents_000182,再使用时间,,"255,255,0",10,技能提示中的再次使用时间
184,0,WORD_TOOLTIP_SKILL_ETC,MST_Contents_000183,其他等级效果,,"255,255,0",10,表示技能提示中的下一等级效果目录
185,0,WORD_TOOLTIP_SKILL_NEED_OPEN_POINT,MST_Contents_000184,学习技能必须加点,,"255,255,0",10,表示技能提示中的打开技能必要要点
186,0,WORD_BUFF_TIMEUNIT_DAY,MST_Contents_000185,日,,"255,255,0",10,buff提示单位-日
187,0,WORD_BUFF_TIMEUNIT_HOUR,MST_Contents_000186,时,,"255,255,0",10,buff提示单位-时
188,0,WORD_BUFF_TIMEUNIT_MINUTE,MST_Contents_000187,分,,"255,255,0",10,buff提示单位-分
189,0,WORD_BUFF_TIMEUNIT_SECOND,MST_Contents_000188,秒,,"255,255,0",10,buff提示单位-秒
190,0,WORD_BUFF_TIMEUNIT_HOURS,MST_Contents_000189,时间,,"255,255,0",10,buff提示单位-时间
191,0,WORD_LANCE_SKILL1,MST_Contents_000190,基本,,"255,255,0",10,技能窗口提示名称-长枪
192,0,WORD_LANCE_SKILL2,MST_Contents_000191,一击(辅攻者),,"255,255,0",10,技能窗口提示名称-长枪
193,0,WORD_LANCE_SKILL3,MST_Contents_000192,防御(主要防御者),,"255,255,0",10,技能窗口提示名称-长枪
194,0,WORD_STAFF_SKILL1,MST_Contents_000193,基本,,"255,255,0",10,技能窗口提示名称-手杖
195,0,WORD_STAFF_SKILL2,MST_Contents_000194,混沌(辅助混乱师),,"255,255,0",10,技能窗口提示名称-手杖
196,0,WORD_STAFF_SKILL3,MST_Contents_000195,生命(主要治疗师),,"255,255,0",10,技能窗口提示名称-手杖
197,0,WORD_AXE_SKILL1,MST_Contents_000196,基本,,"255,255,0",10,技能窗口提示名称-斧头
198,0,WORD_AXE_SKILL2,MST_Contents_000197,破坏(主攻者),,"255,255,0",10,技能窗口提示名称-斧头
199,0,WORD_AXE_SKILL3,MST_Contents_000198,守卫(辅助防御),,"255,255,0",10,技能窗口提示名称-斧头
200,0,WORD_BOW_SKILL1,MST_Contents_000199,基本,,"255,255,0",10,技能窗口提示名称-弓箭
201,0,WORD_BOW_SKILL2,MST_Contents_000200,射击(主攻者),,"255,255,0",10,技能窗口提示名称-弓箭
202,0,WORD_BOW_SKILL3,MST_Contents_000201,陷阱(辅助混乱师),,"255,255,0",10,技能窗口提示名称-弓箭
203,0,WORD_CHARKRAM_SKILL1,MST_Contents_000202,基本,,"255,255,0",10,技能窗口提示名称-环刃
204,0,WORD_CHARKRAM_SKILL2,MST_Contents_000203,禁区(辅助治疗师),,"255,255,0",10,技能窗口提示名称-环刃
205,0,WORD_CHARKRAM_SKILL3,MST_Contents_000204,干扰(主要混乱师),,"255,255,0",10,技能窗口提示名称-环刃
206,0,WORD_CANNON_SKILL1,MST_Contents_000205,大炮1,,"255,255,0",10,技能窗口提示名称-大炮
207,0,WORD_CANNON_SKILL2,MST_Contents_000206,大炮2,,"255,255,0",10,技能窗口提示名称-大炮
208,0,WORD_CANNON_SKILL3,MST_Contents_000207,大炮3,,"255,255,0",10,技能窗口提示名称-大炮
209,0,WORD_DAGGER_SKILL1,MST_Contents_000208,短剑1,,"255,255,0",10,技能窗口提示名称-短剑
210,0,WORD_DAGGER_SKILL2,MST_Contents_000209,短剑2,,"255,255,0",10,技能窗口提示名称-短剑
211,0,WORD_DAGGER_SKILL3,MST_Contents_000210,短剑3,,"255,255,0",10,技能窗口提示名称-短剑
212,0,WORD_ORB_SKILL1,MST_Contents_000211,玄机1,,"255,255,0",10,技能窗口提示名称-??
213,0,WORD_ORB_SKILL2,MST_Contents_000212,玄机2,,"255,255,0",10,技能窗口提示名称-??
214,0,WORD_ORB_SKILL3,MST_Contents_000213,玄机3,,"255,255,0",10,技能窗口提示名称-??
215,0,WORD_MAGICGUN_SKILL1,MST_Contents_000214,基本,,"255,255,0",10,技能窗口提示名称-马坦剑
216,0,WORD_MAGICGUN_SKILL2,MST_Contents_000215,禁区(辅助治疗师),,"255,255,0",10,技能窗口提示名称-马坦剑
217,0,WORD_MAGICGUN_SKILL3,MST_Contents_000216,干扰(主要混乱师),,"255,255,0",10,技能窗口提示名称-马坦剑
218,0,WORD_SWORD_SKILL1,MST_Contents_000217,基本,,"255,255,0",10,技能窗口提示名称-单手剑
219,0,WORD_SWORD_SKILL2,MST_Contents_000218,一击(辅攻者),,"255,255,0",10,技能窗口提示名称-单手剑
220,0,WORD_SWORD_SKILL3,MST_Contents_000219,防御(主要防御者),,"255,255,0",10,技能窗口提示名称-单手剑
221,0,WORD_BLADE_SKILL1,MST_Contents_000220,基本,,"255,255,0",10,技能窗口提示名称-双手剑
222,0,WORD_BLADE_SKILL2,MST_Contents_000221,破坏(主攻者),,"255,255,0",10,技能窗口提示名称-双手剑
223,0,WORD_BLADE_SKILL3,MST_Contents_000222,守卫(辅助防御者),,"255,255,0",10,技能窗口提示名称-双手剑
224,0,WORD_ARBALEST_SKILL1,MST_Contents_000223,基本,,"255,255,0",10,技能窗口提示名称-石弓
225,0,WORD_ARBALEST_SKILL2,MST_Contents_000224,射击(主攻者),,"255,255,0",10,技能窗口提示名称-石弓
226,0,WORD_ARBALEST_SKILL3,MST_Contents_000225,陷阱(辅助混乱师),,"255,255,0",10,技能窗口提示名称-石弓
227,0,WORD_WAND_SKILL1,MST_Contents_000226,基本,,"255,255,0",10,技能窗口提示名称-魔杖
228,0,WORD_WAND_SKILL2,MST_Contents_000227,混沌(辅助混乱师),,"255,255,0",10,技能窗口提示名称-魔杖
229,0,WORD_WAND_SKILL3,MST_Contents_000228,生命(主要治疗师),,"255,255,0",10,技能窗口提示名称-魔杖
230,0,WORD_TOOLTIP_SHOP_END,MST_Contents_000229,种类,,"255,255,0",10,在商店卖出数量耗尽以及时间到期时输出的列表
231,0,WORD_TOOLTIP_SHOP_DAY,MST_Contents_000230,每天,,"255,255,0",10,在商店卖出日期表示-每日
232,0,WORD_TOOLTIP_SHOP_MONDAY,MST_Contents_000231,星期日,,"255,255,0",10,在商店卖出日期表示-星期一
233,0,WORD_TOOLTIP_SHOP_TUESDAY,MST_Contents_000232,星期一,,"255,255,0",10,在商店卖出日期表示-星期二
234,0,WORD_TOOLTIP_SHOP_WEDNESDAY,MST_Contents_000233,星期二,,"255,255,0",10,在商店卖出日期表示-星期三
235,0,WORD_TOOLTIP_SHOP_THURSDAY,MST_Contents_000234,星期三,,"255,255,0",10,在商店卖出日期表示-星期四
236,0,WORD_TOOLTIP_SHOP_FRIDAY,MST_Contents_000235,星期四,,"255,255,0",10,在商店卖出日期表示-星期五
237,0,WORD_TOOLTIP_SHOP_SATURDAY,MST_Contents_000236,星期五,,"255,255,0",10,在商店卖出日期表示-星期六
238,0,WORD_TOOLTIP_SHOP_SUNDAY,MST_Contents_000237,星期六,,"255,255,0",10,在商店卖出日期表示-星期日
239,0,WORD_TOOLTIP_SHOP_PURCHASEPRICE,MST_Contents_000238,买入价格,,"255,255,0",10,在商店物品买入价格
240,0,WORD_TOOLTIP_SHOP_SALEPRICE,MST_Contents_000239,卖出价格,,"255,255,0",10,在商店物品卖出价格
241,0,WORD_TOOLTIP_SHOP_SALETIME,MST_Contents_000240,卖出时间,,"255,255,0",10,在商店物品卖出时间
242,0,WORD_TOOLTIP_BREAK_GHELLD,MST_Contents_000241,分解价格,,"255,255,0",10,提示中表示分解价格
243,0,WORD_TOOLTIP_SHOP_GHELLD,MST_Contents_000242,金币,,"255,255,0",10,在商店物品卖出金币测试输出
244,0,WORD_TOOLTIP_SHOP_MAXSALE,MST_Contents_000243,最大卖出数量,,"255,255,0",10,在商店物品卖出最大数量
245,0,WORD_TOOLTIP_WEAPON_DESC,MST_Contents_000244,武器熟练度效果,,"255,255,0",10,武器熟练度UI产生的提示
246,0,WORD_QUESTCONTENTS_QUEST_VERYEASY,MST_Contents_000245,1名,,"255,255,0",10,任务内容
247,0,WORD_QUESTCONTENTS_QUEST_EASY,MST_Contents_000246,2名,,"255,255,0",10,任务内容
248,0,WORD_QUESTCONTENTS_QUEST_NORMALGRADE,MST_Contents_000247,3名,,"255,255,0",10,任务内容
249,0,WORD_QUESTCONTENTS_QUEST_HARD,MST_Contents_000248,4名,,"255,255,0",10,任务内容
250,0,WORD_QUESTCONTENTS_QUEST_VERYHARD,MST_Contents_000249,5名,,"255,255,0",10,任务内容
251,0,WORD_QUESTCONTENTS_QUEST_TYPE,MST_Contents_000250,种类,,"255,255,0",10,任务内容
252,0,WORD_QUESTCONTENTS_QUEST_SCENARIO,MST_Contents_000251,剧本任务,,"255,255,0",10,任务内容
253,0,WORD_QUESTCONTENTS_QUEST_NORMAL,MST_Contents_000252,一般任务,,"255,255,0",10,任务内容
254,0,WORD_QUESTCONTENTS_QUEST_REPEAT,MST_Contents_000253,反复任务,,"255,255,0",10,任务内容
255,0,WORD_QUESTCONTENTS_QUEST_BASICREWARD,MST_Contents_000254,补偿,,"246,215,160",10,任务内容
256,0,WORD_QUESTCONTENTS_QUEST_SELECTREWARD,MST_Contents_000255,追加补偿,,"246,215,160",10,任务内容
257,0,WORD_QUESTCONTENTS_QUEST_MAIN,MST_Contents_000256,文本,,"255,255,0",10,任务内容
258,0,WORD_QUESTCONTENTS_ACCEPTBUTTON,MST_Contents_000257,接受,,"255,255,0",10,任务内容
259,0,WORD_QUESTCONTENTS_REFUSALBUTTON,MST_Contents_000258,拒绝,,"255,255,0",10,任务内容
260,0,WORD_QUESTCONTENTS_GIVEUPBUTTON,MST_Contents_000259,放弃,,"255,255,0",10,任务内容
261,0,WORD_QUESTCONTENTS_SHAREBUTTON,MST_Contents_000260,共有,,"255,255,0",10,任务内容
262,0,WORD_QUESTCONTENTS_CONFIRMBUTTON,MST_Contents_000261,关闭,,"255,255,0",10,任务内容
263,0,WORD_QUESTCONTENTS_COMPLETEBUTTON,MST_Contents_000262,完成,,"255,255,0",10,任务内容
264,0,WORD_QUESTCONTENTS_REWARD_GHELLD,MST_Contents_000263,金币,,"255,255,0",10,任务内容金币
265,0,WORD_QUESTCONTENTS_REWARD_EXP,MST_Contents_000264,经验值,,"255,255,0",10,任务内容经验值
266,0,WORD_QUESTCONTENTS_REWARD_STATPOINT,MST_Contents_000265,seutet要点,,"255,255,0",10,任务内容seutet要点
267,0,WORD_QUESTCONTENTS_REWARD_LEVEL,MST_Contents_000266,等级,,"255,255,0",10,任务内容等级
268,0,WORD_QUESTCONTENTS_REWARD_WEXP,MST_Contents_000267,武器熟练度,,"255,255,0",10,任务内容武器经验值
269,0,WORD_QUESTCONTENTS_REWARD_WSKILLPOINT,MST_Contents_000268,武器技能要点,,"255,255,0",10,任务内容武器技能要点
270,0,WORD_QUESTCONTENTS_REWARD_WLEVEL,MST_Contents_000269,武器等级,,"255,255,0",10,任务内容武器等级
271,0,WORD_QUESTCONTENTS_REWARD_TITLE,MST_Contents_000270,标题,,"255,255,0",10,任务内容标题
272,0,WORD_NPCTALKBTN_TRADE,MST_Contents_000271,关于交易,,"255,255,0",10,对话商店NPC
273,0,WORD_NPCTALKBTN_SAFE,MST_Contents_000272,关于保存,,"255,255,0",10,对话仓库 NPC
274,0,WORD_NPCTALKBTN_UPGRADE,MST_Contents_000273,关于强化,,"255,255,0",10,对话强化NPC
275,0,WORD_NPCTALKBTN_GOSSIP,MST_Contents_000274,关于传闻,,"255,255,0",10,关于对话窗口
276,0,WORD_PRODUCT_T_KIND_01,MST_Contents_000275,武器制作,,"255,255,0",10,上线的生产种类UI输出信息
277,0,WORD_PRODUCT_T_KIND_02,MST_Contents_000276,防御品制作,,"255,255,0",10,上线的生产种类UI输出信息
278,0,WORD_PRODUCT_T_KIND_03,MST_Contents_000277,食物制作,,"255,255,0",10,上线的生产种类UI输出信息
279,0,WORD_PRODUCT_T_KIND_04,MST_Contents_000278,饰品制作,,"255,255,0",10,上线的生产种类UI输出信息
280,0,WORD_PRODUCT_T_KIND_05,MST_Contents_000279,药水制作,,"255,255,0",10,上线的生产种类UI输出信息
281,0,WORD_PRODUCT_T_COMPLETEKIND_WEAPON_01,MST_Contents_000280,盾牌,,"255,255,0",10,生产UI的目录
282,0,WORD_PRODUCT_T_COMPLETEKIND_WEAPON_02,MST_Contents_000281,长枪,,"255,255,0",10,生产UI的目录
283,0,WORD_PRODUCT_T_COMPLETEKIND_WEAPON_03,MST_Contents_000282,手杖,,"255,255,0",10,生产UI的目录
284,0,WORD_PRODUCT_T_COMPLETEKIND_WEAPON_04,MST_Contents_000283,斧头,,"255,255,0",10,生产UI的目录
285,0,WORD_PRODUCT_T_COMPLETEKIND_WEAPON_05,MST_Contents_000284,弓箭,,"255,255,0",10,生产UI的目录
286,0,WORD_PRODUCT_T_COMPLETEKIND_WEAPON_06,MST_Contents_000285,环刃,,"255,255,0",10,生产UI的目录
287,0,WORD_PRODUCT_T_COMPLETEKIND_WEAPON_07,MST_Contents_000286,大炮,,"255,255,0",10,生产UI的目录
288,0,WORD_PRODUCT_T_COMPLETEKIND_WEAPON_08,MST_Contents_000287,短剑,,"255,255,0",10,生产UI的目录
289,0,WORD_PRODUCT_T_COMPLETEKIND_WEAPON_09,MST_Contents_000288,玄机,,"255,255,0",10,生产UI的目录
290,0,WORD_PRODUCT_T_COMPLETEKIND_WEAPON_10,MST_Contents_000289,魔弹枪,,"255,255,0",10,生产UI的目录
291,0,WORD_PRODUCT_T_COMPLETEKIND_WEAPON_11,MST_Contents_000290,单手剑,,"255,255,0",10,生产UI的目录
292,0,WORD_PRODUCT_T_COMPLETEKIND_WEAPON_12,MST_Contents_000291,双手剑,,"255,255,0",10,生产UI的目录
293,0,WORD_PRODUCT_T_COMPLETEKIND_WEAPON_13,MST_Contents_000292,石弓,,"255,255,0",10,生产UI的目录
294,0,WORD_PRODUCT_T_COMPLETEKIND_WEAPON_14,MST_Contents_000293,魔杖,,"255,255,0",10,生产UI的目录
295,0,WORD_PRODUCT_T_COMPLETEKIND_ARMOR_01,MST_Contents_000294,头盔,,"255,255,0",10,生产UI的目录
296,0,WORD_PRODUCT_T_COMPLETEKIND_ARMOR_02,MST_Contents_000295,铠甲,,"255,255,0",10,生产UI的目录
297,0,WORD_PRODUCT_T_COMPLETEKIND_ARMOR_03,MST_Contents_000296,手套,,"255,255,0",10,生产UI的目录
298,0,WORD_PRODUCT_T_COMPLETEKIND_ARMOR_04,MST_Contents_000297,腰带,,"255,255,0",10,生产UI的目录
299,0,WORD_PRODUCT_T_COMPLETEKIND_ARMOR_05,MST_Contents_000298,鞋,,"255,255,0",10,生产UI的目录
300,0,WORD_PRODUCT_T_COMPLETEKIND_ARMOR_06,MST_Contents_000299,披风,,"255,255,0",10,生产UI的目录
301,0,WORD_PRODUCT_T_COMPLETEKIND_FOOD_01,MST_Contents_000300,食物,,"255,255,0",10,生产UI的目录
302,0,WORD_PRODUCT_T_COMPLETEKIND_ACCESSORY_01,MST_Contents_000301,戒指,,"255,255,0",10,生产UI的目录
303,0,WORD_PRODUCT_T_COMPLETEKIND_ACCESSORY_02,MST_Contents_000302,项链,,"255,255,0",10,生产UI的目录
304,0,WORD_PRODUCT_T_COMPLETEKIND_POTION_01,MST_Contents_000303,生命恢复,,"255,255,0",10,生产UI的目录
305,0,WORD_PRODUCT_T_COMPLETEKIND_POTION_02,MST_Contents_000304,法力恢复,,"255,255,0",10,生产UI的目录
306,0,WORD_PRODUCT_T_COMPLETEKIND_POTION_03,MST_Contents_000305,特殊,,"255,255,0",10,生产UI的目录
307,0,WORD_PRODUCT_T_COMPLETEKIND_ETC,MST_Contents_000306,其他,,"255,255,0",10,生产UI的目录
308,0,WORD_GUILD_CONNECTING_MEMBER,MST_Contents_000307,连接中,,"255,255,0",10,公会成员连接时
309,0,WORD_GUILDSAFE_ITEM_IN,MST_Contents_000308,授予,,"255,255,0",10,在公会日志中表示(交付物品)
310,0,WORD_GUILDSAFE_ITEM_OUT,MST_Contents_000309,找寻,,"255,255,0",10,在公会日志中表示(寻找物品)
311,0,WORD_BIND_WHEN_PICKUP,MST_Contents_000310,获得时背包含,,"255,192,0",10,表示提示中的归属情况
312,0,WORD_BIND_WHEN_EQUIPPED,MST_Contents_000311,穿着是背包含,,"255,192,0",10,表示提示中的归属情况
313,0,WORD_BOUNDED,MST_Contents_000312,背包含,,"255,192,0",10,表示提示中的归属情况
314,0,WORD_RACEWAR_TIME_TO_START,MST_Contents_000313,"%u小时,%u分,%u?秒",,"255,255,0",10,大规模种族战剩余时间
315,0,WORD_TRADE_TRADE_READY,MST_Contents_000314,交易准备,,"255,255,0",10,1:1交易UI附加测试
316,0,WORD_TRADE_TRADE_DECISION,MST_Contents_000315,交易决定,,"255,255,0",10,1:1交易UI附加测试
317,0,WORD_TRADE_TRADE_CANCEL,MST_Contents_000316,交易取消,,"255,255,0",10,1:1交易UI附加测试
318,0,WORD_TRADE_READY_CANCEL,MST_Contents_000317,准备取消,,"255,255,0",10,1:1交易UI附加测试
319,0,WORD_PCSHOP_OPEN,MST_Contents_000318,开设,,"255,255,0",10,个人商店UI附加测试
320,0,WORD_PCSHOP_STOP,MST_Contents_000319,终止,,"255,255,0",10,个人商店UI附加测试
321,0,WORD_AIMHIGH,MST_Contents_000320,艾林河,,"255,255,0",10,阵营选择测试
322,0,WORD_DEMOLITION,MST_Contents_000321,戴穆里申,,"255,255,0",10,阵营选择测试
323,0,WORD_NETURAL,MST_Contents_000322,中立,,"255,255,0",10,阵营测试
324,0,WORD_WEAPON,MST_Contents_000323,武器,,"255,255,0",10,提示中的可分解物品
325,0,WORD_WEAPON_SWORD,MST_Contents_000324,单手剑,,"255,255,0",10,提示中的物品种类
326,0,WORD_WEAPON_BLADE,MST_Contents_000325,双手剑,,"255,255,0",10,提示中的物品种类
327,0,WORD_WEAPON_ARBALEST,MST_Contents_000326,石弓,,"255,255,0",10,提示中的物品种类
328,0,WORD_WEAPON_WAND,MST_Contents_000327,魔杖,,"255,255,0",10,提示中的物品种类
329,0,WORD_ACCESSORY,MST_Contents_000328,饰品,,"255,255,0",10,提示中的可分解物品
330,0,WORD_MATERIAL,MST_Contents_000329,材料,,"255,255,0",10,提示中的物品种类
331,0,WORD_POTION,MST_Contents_000330,药水,,"255,255,0",10,提示中的物品种类
332,0,WORD_FOOD,MST_Contents_000331,食物,,"255,255,0",10,提示中的物品种类
333,0,WORD_ENCHANT,MST_Contents_000332,强化石,,"255,255,0",10,提示中的物品种类
334,0,WORD_ETC,MST_Contents_000333,其他,,"255,255,0",10,提示中的物品种类
335,0,WORD_PRODUCTION,MST_Contents_000334,制作,,"255,255,0",10,提示中的物品种类
336,0,WORD_PARTYMATCHING_STATUS_NORMAL,MST_Contents_000335,一般,,"255,255,0",10,在队伍匹配中表示队伍状态
337,0,WORD_PARTYMATCHING_STATUS_UNION,MST_Contents_000336,突袭,,"255,255,0",10,在队伍匹配中表示队伍状态
338,0,WORD_PARTY_DISTRIBUTION_SW_01,MST_Contents_000337,依次,,"255,255,0",10,队伍信息的分配方式价值
339,0,WORD_PARTY_DISTRIBUTION_SW_02,MST_Contents_000338,随机,,"255,255,0",10,队伍信息的分配方式价值
340,0,WORD_PARTY_DISTRIBUTION_SW_03,MST_Contents_000339,自由,,"255,255,0",10,队伍信息的分配方式价值
341,0,WORD_DISABLE,MST_Contents_000340,非活性,,"255,255,0",10,非活性状态价值
342,0,WORD_ITEM_CRASH,MST_Contents_000341,"(耐久度为0的情况,消失)",,"255,255,0",10,根据提示表示耐久度为0的物品
343,0,WORD_ITEM_TOOLTIP,MST_Contents_000342,佩戴中的物品,,"227,108,10",10,比较提示中装备的物品目录
344,0,WORD_SKILL_TOOLTIP,MST_Contents_000343,下一阶段技能,,"227,108,10",10,比较提示中现技能目录
345,0,WORD_WAR_OCCUPATION,MST_Contents_000344,圣物占领战,,"255,255,0",10,战争内容
346,0,WORD_WAR_HERO,MST_Contents_000345,英雄战,,"255,255,0",10,战争内容
347,0,WORD_WAR_ASSASSIN,MST_Contents_000346,暗杀战,,"255,255,0",10,战争内容
348,0,WORD_WAR_INVASION,MST_Contents_000347,都市争夺战,,"255,255,0",10,战争内容
349,0,WORD_WAR_DESTORY,MST_Contents_000348,圣物破坏战,,"255,255,0",10,战争内容
350,0,WORD_WAR_RACEWAR,MST_Contents_000349,全面战争,,"255,255,0",10,战争内容
351,0,WORD_WAR_ARCHLORD,MST_Contents_000350,霸王之决,,"255,255,0",10,战争内容
352,0,WORD_WAR_GOALKILL,MST_Contents_000351,目标击杀:,,"255,255,0",10,战争内容
353,0,WORD_WAR_LIMITTIME,MST_Contents_000352,时间限制:,,"255,255,0",10,战争内容
354,0,WORD_WAR_RACEKILL,MST_Contents_000353,阵营击杀情况,,"255,255,0",10,战争内容
355,0,WORD_WAR_OWNKILL,MST_Contents_000354,自己的击杀分数:,,"255,255,0",10,战争内容
356,0,WORD_WAR_GOALPOINT,MST_Contents_000355,目标分数:,,"255,255,0",10,战争内容
357,0,WORD_WAR_OCCUPATIONPOINT,MST_Contents_000356,占领分数:,,"255,255,0",10,战争内容
358,0,WORD_WAR_FAMEPOINT,MST_Contents_000357,声望分数:,,"255,255,0",10,战争内容
359,0,WORD_WAR_RACEBUFF,MST_Contents_000358,阵营buff:,,"255,255,0",10,战争内容
360,0,WORD_TOOLTOP_ITEM_WEAPONLEVEL_LOW ,MST_Contents_000359,<TC '255:0:0' Text'(穿着时效果降低)'/>,,"255,0,0",10,熟练度关联信息
361,0,WORD_CHAR_OUT,MST_Contents_000360,角色选择,,"255,255,255",10,系统选择权
362,0,WORD_WAR_OUT,MST_Contents_000361,退出战场,,"255,255,255",10,系统选择权
363,0,WORD_CHAT_GENERAL,MST_Contents_000362,一般(/s),,"255,255,0",10,聊天-种类选择
364,0,WORD_CHAT_SHOUT,MST_Contents_000363,喊(/h),,"255,255,0",10,聊天-种类选择
365,0,WORD_CHAT_PARTY,MST_Contents_000364,队伍(/p),,"255,255,0",10,聊天-种类选择
366,0,WORD_CHAT_PARTY_ALLY,MST_Contents_000365,突袭(/q),,"255,255,0",10,聊天-种类选择
367,0,WORD_CHAT_GUILD,MST_Contents_000366,公会(/g),,"255,255,0",10,聊天-种类选择
368,0,WORD_CHAT_WHISPER,MST_Contents_000367,密语(/w),,"255,255,0",10,聊天-种类选择
369,0,WORD_CHAT_ALERT,MST_Contents_000368,信息(/a),,"255,255,0",10,聊天-种类选择
370,0,WORD_CHAT_CASHMESSAGE,MST_Contents_000369,喇叭(/m),,"255,255,0",10,聊天-种类选择
371,0,WORD_CHAT_ARCHLORD,MST_Contents_000370,霸王,,"255,255,0",10,聊天-种类选择
372,0,WORD_WAR_INVASION_GOAL1,MST_Contents_000371,干掉对方阵营头领,,"255,255,255",10,战争内容目标(城市进攻-进攻)
373,0,WORD_WAR_INVASION_GOAL2,MST_Contents_000372,保护我方阵营头领,,"255,255,255",10,战争内容目标(城市进攻-防守)
374,0,WORD_WAR_DRAW,MST_Contents_000373,平局,,"255,255,255",10,战争内容无胜负的情况
375,0,WORD_KEYSETTING_FORWARDMOVE,MST_Contents_000374,向前移动,,"255,255,255",10,按键设定
376,0,WORD_KEYSETTING_BACKMOVE,MST_Contents_000375,向后移动,,"255,255,255",10,按键设定
377,0,WORD_KEYSETTING_LEFTMOVE,MST_Contents_000376,向左移动,,"255,255,255",10,按键设定
378,0,WORD_KEYSETTING_RIGHTMOVE,MST_Contents_000377,向右移动,,"255,255,255",10,按键设定
379,0,WORD_KEYSETTING_CAMERALEFT,MST_Contents_000378,镜头向左转,,"255,255,255",10,按键设定
380,0,WORD_KEYSETTING_CAMERARIGHT,MST_Contents_000379,镜头向右转,,"255,255,255",10,按键设定
381,0,WORD_KEYSETTING_JUMP,MST_Contents_000380,跳跃,,"255,255,255",10,按键设定
382,0,WORD_KEYSETTING_RUN,MST_Contents_000381,自动跑步前进,,"255,255,255",10,按键设定
383,0,WORD_KEYSETTING_CHRINFO,MST_Contents_000382,角色信息,,"255,255,255",10,按键设定
384,0,WORD_KEYSETTING_SWAP,MST_Contents_000383,换武器,,"255,255,255",10,按键设定
385,0,WORD_KEYSETTING_INVEN,MST_Contents_000384,库存,,"255,255,255",10,按键设定
386,0,WORD_KEYSETTING_SKILL,MST_Contents_000385,技能,,"255,255,255",10,按键设定
387,0,WORD_KEYSETTING_QUEST,MST_Contents_000386,任务,,"255,255,255",10,按键设定
388,0,WORD_KEYSETTING_GUILD,MST_Contents_000387,公会,,"255,255,255",10,按键设定
389,0,WORD_KEYSETTING_FRIEND,MST_Contents_000388,好友,,"255,255,255",10,按键设定
390,0,WORD_KEYSETTING_CHAT_WHISPER,MST_Contents_000389,密语,,"255,255,255",10,按键设定
391,0,WORD_KEYSETTING_PARTYMATCH,MST_Contents_000390,队伍/突袭 配合,,"255,255,255",10,按键设定
392,0,WORD_KEYSETTING_WORLDMAP,MST_Contents_000391,全部地图,,"255,255,255",10,按键设定
393,0,WORD_KEYSETTING_LORDMAP,MST_Contents_000392,透明地图,,"255,255,255",10,按键设定
394,0,WORD_KEYSETTING_SHOP,MST_Contents_000393,个人商店,,"255,255,255",10,按键设定
395,0,WORD_KEYSETTING_WAR,MST_Contents_000394,战况,,"255,255,255",10,按键设定
396,0,WORD_KEYSETTING_TARGET,MST_Contents_000395,自动选择敌军,,"255,255,255",10,按键设定
397,0,WORD_KEYSETTING_HELP,MST_Contents_000396,帮助,,"255,255,255",10,按键设定
398,0,WORD_KEYSETTING_SAVECAPTURE,MST_Contents_000397,录像/停止,,"255,255,255",10,按键设定
399,0,WORD_KEYSETTING_ONE,MST_Contents_000398,数字1表示,,"255,255,255",10,按键设定
400,0,WORD_KEYSETTING_TWO,MST_Contents_000399,数字2表示,,"255,255,255",10,按键设定
401,0,WORD_KEYSETTING_THREE,MST_Contents_000400,数字3表示,,"255,255,255",10,按键设定
402,0,WORD_KEYSETTING_FOUR,MST_Contents_000401,数字4表示,,"255,255,255",10,按键设定
403,0,WORD_KEYSETTING_FIVE,MST_Contents_000402,数字5表示,,"255,255,255",10,按键设定
404,0,WORD_KEYSETTING_PARTY_ONE,MST_Contents_000403,队伍成员1选择,,"255,255,255",10,按键设定
405,0,WORD_KEYSETTING_PARTY_TWO,MST_Contents_000404,队伍成员2选择,,"255,255,255",10,按键设定
406,0,WORD_KEYSETTING_PARTY_THREE,MST_Contents_000405,队伍成员3选择,,"255,255,255",10,按键设定
407,0,WORD_KEYSETTING_PARTY_FOUR,MST_Contents_000406,队伍成员4选择,,"255,255,255",10,按键设定
408,0,WORD_KEYSETTING_PARTY_FIVE,MST_Contents_000407,队伍成员5选择,,"255,255,255",10,按键设定
409,0,WORD_KEYSETTING_BASIC_ONE,MST_Contents_000408,基本快捷栏1号,,"255,255,255",10,按键设定
410,0,WORD_KEYSETTING_BASIC_TWO,MST_Contents_000409,基本快捷栏2号,,"255,255,255",10,按键设定
411,0,WORD_KEYSETTING_BASIC_THREE,MST_Contents_000410,基本快捷栏3号,,"255,255,255",10,按键设定
412,0,WORD_KEYSETTING_BASIC_FOUR,MST_Contents_000411,基本快捷栏4号,,"255,255,255",10,按键设定
413,0,WORD_KEYSETTING_BASIC_FIVE,MST_Contents_000412,基本快捷栏5号,,"255,255,255",10,按键设定
414,0,WORD_KEYSETTING_BASIC_SIX,MST_Contents_000413,基本快捷栏6号,,"255,255,255",10,按键设定
415,0,WORD_KEYSETTING_BASIC_SEVEN,MST_Contents_000414,基本快捷栏7号,,"255,255,255",10,按键设定
416,0,WORD_KEYSETTING_BASIC_EIGHT,MST_Contents_000415,基本快捷栏8号,,"255,255,255",10,按键设定
417,0,WORD_KEYSETTING_BASIC_NINE,MST_Contents_000416,基本快捷栏9号,,"255,255,255",10,按键设定
418,0,WORD_KEYSETTING_BASIC_TEN,MST_Contents_000417,基本快捷栏10号,,"255,255,255",10,按键设定
419,0,WORD_KEYSETTING_BASIC_ELEVEN,MST_Contents_000418,基本快捷栏11号,,"255,255,255",10,按键设定
420,0,WORD_KEYSETTING_BASIC_TWELVE,MST_Contents_000419,基本快捷栏12号,,"255,255,255",10,按键设定
421,0,WORD_KEYSETTING_FIRST_ONE,MST_Contents_000420,第一快捷栏1号,,"255,255,255",10,按键设定
422,0,WORD_KEYSETTING_FIRST_TWO,MST_Contents_000421,第一快捷栏2号,,"255,255,255",10,按键设定
423,0,WORD_KEYSETTING_FIRST_THREE,MST_Contents_000422,第一快捷栏3号,,"255,255,255",10,按键设定
424,0,WORD_KEYSETTING_FIRST_FOUR,MST_Contents_000423,第一快捷栏4号,,"255,255,255",10,按键设定
425,0,WORD_KEYSETTING_FIRST_FIVE,MST_Contents_000424,第一快捷栏5号,,"255,255,255",10,按键设定
426,0,WORD_KEYSETTING_FIRST_SIX,MST_Contents_000425,第一快捷栏6号,,"255,255,255",10,按键设定
427,0,WORD_KEYSETTING_FIRST_SEVEN,MST_Contents_000426,第一快捷栏7号,,"255,255,255",10,按键设定
428,0,WORD_KEYSETTING_FIRST_EIGHT,MST_Contents_000427,第一快捷栏8号,,"255,255,255",10,按键设定
429,0,WORD_KEYSETTING_FIRST_NINE,MST_Contents_000428,第一快捷栏9号,,"255,255,255",10,按键设定
430,0,WORD_KEYSETTING_FIRST_TEN,MST_Contents_000429,第一快捷栏10号,,"255,255,255",10,按键设定
431,0,WORD_KEYSETTING_FIRST_ELEVEN,MST_Contents_000430,第一快捷栏11号,,"255,255,255",10,按键设定
432,0,WORD_KEYSETTING_FIRST_TWELVE,MST_Contents_000431,第一快捷栏12号,,"255,255,255",10,按键设定
433,0,WORD_KEYSETTING_SECOND_ONE,MST_Contents_000432,第二快捷栏1号,,"255,255,255",10,按键设定
434,0,WORD_KEYSETTING_SECOND_TWO,MST_Contents_000433,第二快捷栏2号,,"255,255,255",10,按键设定
435,0,WORD_KEYSETTING_SECOND_THREE,MST_Contents_000434,第二快捷栏3号,,"255,255,255",10,按键设定
436,0,WORD_KEYSETTING_SECOND_FOUR,MST_Contents_000435,第二快捷栏4号,,"255,255,255",10,按键设定
437,0,WORD_KEYSETTING_SECOND_FIVE,MST_Contents_000436,第二快捷栏5号,,"255,255,255",10,按键设定
438,0,WORD_KEYSETTING_SECOND_SIX,MST_Contents_000437,第二快捷栏6号,,"255,255,255",10,按键设定
439,0,WORD_KEYSETTING_SECOND_SEVEN,MST_Contents_000438,第二快捷栏7号,,"255,255,255",10,按键设定
440,0,WORD_KEYSETTING_SECOND_EIGHT,MST_Contents_000439,第二快捷栏8号,,"255,255,255",10,按键设定
441,0,WORD_KEYSETTING_SECOND_NINE,MST_Contents_000440,第二快捷栏9号,,"255,255,255",10,按键设定
442,0,WORD_KEYSETTING_SECOND_TEN,MST_Contents_000441,第二快捷栏10号,,"255,255,255",10,按键设定
443,0,WORD_KEYSETTING_SECOND_ELEVEN,MST_Contents_000442,第二快捷栏11号,,"255,255,255",10,按键设定
444,0,WORD_KEYSETTING_SECOND_TWELVE,MST_Contents_000443,第二快捷栏12号,,"255,255,255",10,按键设定
445,0,WORD_KEYSETTING_NONE,MST_Contents_000444,临时,,"255,255,255",10,按键设定
446,0,WORD_CASTING_CASTING,MST_Contents_000445,施法中,,"255,255,255",10,挑选UI输出
447,0,WORD_CASTING_ITEM,MST_Contents_000446,使用中,,"255,255,255",10,挑选UI输出
448,0,WORD_AUCTION_ALL,MST_Contents_000447,查看全部,,"255,255,255",10,拍卖场按键
449,0,CHAT_TAB_WHOLE,MST_Contents_000448,全部,,"255,255,0",10,聊天-提示
450,0,CHAT_TAB_PARTY,MST_Contents_000449,队伍,,"255,255,0",10,聊天-提示
451,0,CHAT_TAB_GUILD,MST_Contents_000450,公会,,"255,255,0",10,聊天-提示
452,0,CHAT_TAB_COMBAT,MST_Contents_000451,战斗,,"255,255,0",10,聊天-提示
453,0,CHAT_TAB_SYSTEM,MST_Contents_000452,系统,,"255,255,0",10,聊天-提示
454,0,CHAT_TAB_CASHMESSAGE,MST_Contents_000453,喇叭,,"255,255,0",10,聊天-提示
455,0,WORD_TOOLTIP_SKILL_TARGET1,MST_Contents_000454,自己,,"255,255,0",10,技能提示-表示对象
456,0,WORD_TOOLTIP_SKILL_TARGET2,MST_Contents_000455,友好角色,,"255,255,0",10,技能提示-表示对象
457,0,WORD_TOOLTIP_SKILL_TARGET3,MST_Contents_000456,敌对角色,,"255,255,0",10,技能提示-表示对象
458,0,WORD_TOOLTIP_SKILL_TARGET4,MST_Contents_000457,友好NPC,,"255,255,0",10,技能提示-表示对象
459,0,WORD_TOOLTIP_SKILL_TARGET5,MST_Contents_000458,怪兽,,"255,255,0",10,技能提示-表示对象
460,0,WORD_TOOLTIP_SKILL_TARGET6,MST_Contents_000459,种族,,"255,255,0",10,技能提示-表示对象
461,0,WORD_TOOLTIP_SKILL_TARGET7,MST_Contents_000460,阵营,,"255,255,0",10,技能提示-表示对象
462,0,WORD_TOOLTIP_SKILL_TARGET8,MST_Contents_000461,队伍,,"255,255,0",10,技能提示-表示对象
463,0,WORD_TOOLTIP_SKILL_TARGET9,MST_Contents_000462,公会,,"255,255,0",10,技能提示-表示对象
464,0,WORD_TOOLTIP_SKILL_TARGET10,MST_Contents_000463,召唤,,"255,255,0",10,技能提示-表示对象
465,0,WORD_USEITEM_RETURN,MST_Contents_000464,返回位置,,"255,255,0",10,稀有物品使用
466,0,WORD_WAIT_OTHER,MST_Contents_000465,选择别的服务器,,"255,255,0",10,等代表
467,0,WORD_CONFIRM,MST_Contents_000466,确认,,"255,255,0",10,确认
468,0,WORD_USEITEM_RETURN,MST_Contents_000467,返回场所,,"255,255,0",10,稀有物品提示
469,0,WORD_COLLECTING,MST_Contents_000468,中,,"255,255,255",10,挑选UI输出
470,0,WORD_TOOLTIP_FAMESHOP_PURCHASEPRICE,MST_Contents_000469,<TC '255:255:0' Text'购买声望分数'/>,,"255,255,0",10,在商店买入名望物品价格
471,0,WORD_TOOLTIP_FAMESHOP_SALEPRICE,MST_Contents_000470,卖出声望分数,,"255,255,0",10,在商店卖出名望物品价格
472,0,WORD_NORMAL,MST_Contents_000471,普通,,"255,255,0",10,地下城目标UI标示
473,0,WORD_HARD,MST_Contents_000472,困难,,"255,255,0",10,地下城目标UI标示
474,0,WORD_MASTER,MST_Contents_000473,特难,,"255,255,0",10,地下城目标UI标示
475,0,WORD_EPIC,MST_Contents_000474,恶劣,,"255,255,0",10,地下城目标UI标示
476,0,WORD_INSTANCE_UNLIMIT,MST_Contents_000475,无限制,,"255,255,0",10,地下城目标UI标示
477,0,WORD_INSTANCE_GOAL,MST_Contents_000476,目标,,"255,255,0",10,地下城目标UI标示
478,0,WORD_AUCTION_CAKCULATE,MST_Contents_000477,计算金额,,"255,255,0",10,拍卖场UI标示
479,0,WORD_AUCTION_ITEM_STOP,MST_Contents_000478,流标,,"255,255,0",10,拍卖场UI标示
480,0,WORD_AUCTION_ITEM_SALE,MST_Contents_000479,卖出,,"255,255,0",10,拍卖场UI标示
481,0,WORD_INSTANCE_OUT,MST_Contents_000480,退出地下城,,"255,255,255",10,地下城-系统选择权UI
482,0,WORD_TOOLTIP_STONE,MST_Contents_000481,灵石,,"255,255,0",10,拍卖场UI标示
483,0,WORD_TOOLTIP_RECIPE,MST_Contents_000482,图案,,"255,255,0",10,拍卖场UI标示
484,0,WORD_WAITINGBOX_TITLE,MST_Contents_000483,进行中,,"255,255,0",10,拍卖场登录UI标示
485,0,WORD_SAFE_MONEY_IN,MST_Contents_000484,存款,,"255,255,255",10,仓库金币存款
486,0,WORD_SAFE_MONEY_OUT,MST_Contents_000485,取款,,"255,255,255",10,仓库金币取款
487,0,WORD_ITEM_REPAIR,MST_Contents_000486,修理物品,,"255,255,255",10,修理物品
488,0,WORD_ITEM_BUY,MST_Contents_000487,买入物品,,"255,255,255",10,物品买入
489,0,WORD_GUILD_MAKE,MST_Contents_000488,公会创立,,"255,255,255",10,创立公会
490,0,WORD_GUILD_MAKE_MONEY,MST_Contents_000489,创立费用,,"255,255,255",10,创立公会费用
491,0,WORD_ITEM_SALE,MST_Contents_000490,卖出物品,,"255,255,0",10,物品卖出UI标示
492,0,WORD_ITEM_BUY,MST_Contents_000491,物品购买,,"255,255,0",10,物品购买UI标示
493,0,WORD_ITEM_INSERT,MST_Contents_000492,注册物品,,"255,255,0",10,物品注册UI标示
494,0,WORD_ITEM_COUNT,MST_Contents_000493,分享物品,,"255,255,0",10,物品所属UI标示
495,0,WORD_INSERT,MST_Contents_000494,注册,,"255,255,0",10,注册
496,0,WORD_BUY,MST_Contents_000495,购买,,"255,255,0",10,购买
497,0,WORD_MINERAL,MST_Contents_000496,矿物,,"255,255,0",10,矿物名称
498,0,WORD_PLANT,MST_Contents_000497,植物,,"255,255,0",10,植物名称
499,0,WORD_ETHER,MST_Contents_000498,其他,,"255,255,0",10,其他名称
500,0,WORD_CRAFT,MST_Contents_000499,工艺,,"255,255,0",10,工艺名称
501,0,WORD_FAIL,MST_Contents_000500,失败,,"255,255,0",10,任务中失败的情况
502,0,WORD_ITEM_MATCH ,MST_Contents_000501,<TC '170:200:50' Text'替换物品时'/>,,"255,255,0",10,比较提示测试
503,0,WORD_INSTANCE_SELECT,MST_Contents_000502,选择,,"250,233,175",10,地下城选择
504,0,WORD_INSTANCE_ENTER,MST_Contents_000503,进入,,"250,233,175",10,地下城进入
505,0,WORD_INSTANCE_CANCEL,MST_Contents_000504,取消,,"250,233,175",10,地下城取消
506,0,WORD_INSTANCE_READY,MST_Contents_000505,准备,,"250,233,175",10,地下城准备
507,0,WORD_MAIN_WEAPON,MST_Contents_000506,主武器,,"250,233,175",10,技能UI
508,0,WORD_SUB_WEAPON,MST_Contents_000507,辅助武器,,"250,233,175",10,技能UI
509,0,WORD_GUILD_TITLE_MASTER,MST_Contents_000508,公会会长,,"255,255,0",10,生成公会时公会窗口称呼标示
510,0,WORD_GUILD_TITLE_MEMBER,MST_Contents_000509,公会成员,,"255,255,0",10,生成公会时公会会员称呼标示
511,0,WORD_ADD_TITLE,MST_Contents_000510,追加称呼,,"255,255,0",10,"根据公会等级,追加称呼标示"
512,0,WORD_SAFE_ITEM_IN,MST_Contents_000511,交付物品,,"255,255,0",10,向仓库交付物品UI标示
513,0,WORD_SAFE_ITEM_OUT,MST_Contents_000512,寻找物品,,"255,255,0",10,在仓库中寻找物品UI标示
514,0,WORD_TRADE_ITEM,MST_Contents_000513,物品交易,,"255,255,0",10,个人交易UI标示
515,0,WORD_EVENT,MST_Contents_000514,活动,,"255,255,0",10,活动UI提示
516,0,WORD_JOIN_INTERFACE,MST_Contents_000515,分界面,,"255,255,0",10,教程标题
517,0,WORD_JOIN_MOUSE,MST_Contents_000516,鼠标移动,,"255,255,0",10,教程标题
518,0,WORD_JOIN_KEY,MST_Contents_000517,键盘移动,,"255,255,0",10,教程标题
519,0,WORD_JOIN_SPIN,MST_Contents_000518,镜头回转,,"255,255,0",10,教程标题
520,0,WORD_JOIN_ZOOM,MST_Contents_000519,视角扩大缩小,,"255,255,0",10,教程标题
521,0,WORD_LV2,MST_Contents_000520,公会系统,,"255,255,0",10,教程标题
522,0,WORD_LV10,MST_Contents_000521,公会系统,,"255,255,0",10,教程标题
523,0,WORD_GUILDJOIN,MST_Contents_000522,公会邀请,,"255,255,0",10,教程标题
524,0,WORD_GUILDCREATE,MST_Contents_000523,创立公会,,"255,255,0",10,教程标题
525,0,WORD_LV20,MST_Contents_000524,战场系统,,"255,255,0",10,教程标题
526,0,WORD_WEAPONLV,MST_Contents_000525,技能系统,,"255,255,0",10,教程标题
527,0,WORD_SKILLLEARN,MST_Contents_000526,学会技能,,"255,255,0",10,教程标题
528,0,WORD_QUICKSLOT,MST_Contents_000527,快捷栏注册,,"255,255,0",10,教程标题
529,0,WORD_ITEMEQUIP,MST_Contents_000528,物品装备,,"255,255,0",10,教程标题
530,0,WORD_ITEMBREAK,MST_Contents_000529,分解物品,,"255,255,0",10,教程标题
531,0,WORD_PRODUCT,MST_Contents_000530,制作物品,,"255,255,0",10,教程标题
532,0,WORD_ENCHANTUP,MST_Contents_000531,强化物品,,"255,255,0",10,教程标题
533,0,WORD_ALCHEMY,MST_Contents_000532,炼金术系统,,"255,255,0",10,教程标题
534,0,WORD_SPIRIT,MST_Contents_000533,灵石系统,,"255,255,0",10,教程标题
535,0,WORD_SPIRITEQUIP,MST_Contents_000534,灵石装备,,"255,255,0",10,教程标题
536,0,WORD_SPIRITEBREAK,MST_Contents_000535,移除灵石,,"255,255,0",10,教程标题
537,0,WORD_QUEST,MST_Contents_000536,任务系统,,"255,255,0",10,教程标题
538,0,WORD_QUESTMAP,MST_Contents_000537,任务地图表示,,"255,255,0",10,教程标题
539,0,WORD_QUESTMOVE,MST_Contents_000538,任务自动移动,,"255,255,0",10,教程标题
540,0,WORD_GATHER,MST_Contents_000539,采集系统,,"255,255,0",10,教程标题
541,0,WORD_PARTY,MST_Contents_000540,队伍系统,,"255,255,0",10,教程标题
542,0,WORD_PARTYJOIN,MST_Contents_000541,队伍邀请,,"255,255,0",10,教程标题
543,0,WORD_PARTYSKILL,MST_Contents_000542,队伍技能,,"255,255,0",10,教程标题
544,0,WORD_REPAIR,MST_Contents_000543,修理物品,,"255,255,0",10,教程标题
545,0,WORD_DEAD,MST_Contents_000544,获取战利品,,"255,255,0",10,教程标题
546,0,WORD_BATTLE,MST_Contents_000545,战斗,,"255,255,0",10,教程标题
547,0,WORD_BATTLESTART,MST_Contents_000546,开始战斗,,"255,255,0",10,教程标题
548,0,WORD_BATTLESKILL,MST_Contents_000547,使用技能,,"255,255,0",10,教程标题
549,0,WORD_WAR_DEATH,MST_Contents_000548,死亡,,"255,255,0",10,在战场kill城市代表时标示
550,0,WORD_WAR_DESTROY,MST_Contents_000549,破坏,,"255,255,0",10,在战场破坏艾康时标示
551,0,WORD_POST_UNLIMITED,MST_Contents_000550,无限制,,"235,203,147",10,邮箱不限制单词输出
552,0,WORD_POST_SENDMAIL,MST_Contents_000551,发邮件,,"235,203,147",10,邮件UI标示
553,0,WORD_POST_RECEIVEMAIL,MST_Contents_000552,收邮件,,"235,203,147",10,邮件UI标示
554,0,WORD_POST_SENDPERSON,MST_Contents_000553,发件人,,"160,124,95",10,邮件UI标示
555,0,WORD_POST_RECEIVEPERSON,MST_Contents_000554,收件人,,"160,124,95",10,邮件UI标示
556,0,WORD_POST_SENDDATE,MST_Contents_000555,发送时间,,"237,222,197",10,邮件UI标示
557,0,WORD_POST_RECEIVEDATE,MST_Contents_000556,收件时间,,"237,222,197",10,邮件UI标示
558,0,WORD_POST_INBOX,MST_Contents_000557,收信箱,,"255,255,0",10,邮件全部删除时信息标示
559,0,WORD_POST_LETTERBOX,MST_Contents_000558,公文信箱,,"255,255,0",10,邮件全部删除时信息标示
560,0,WORD_POST_SENDBOX,MST_Contents_000559,发件箱,,"255,255,0",10,邮件全部删除时信息标示
561,0,WORD_TOOLTIP_REBIRTH_NEARTOWN,MST_Contents_000560,<TC '0:255:0' Text'临近村庄复活'/>,,"255,255,0",10,输出复活UI
562,0,WORD_TOOLTIP_REBIRTH_BINDER,MST_Contents_000561,<TC '0:255:0' Text'据点复活'/>,,"255,255,0",10,输出复活UI
563,0,WORD_PRODUCT_RECIPE_ALREADYLEARN,MST_Contents_000562,<TC '110:50:160' Text'[学习]'/>,,"255,255,0",10,学习的图案提示标示
564,0,WORD_TOOLTIP_SKILL_DISTANCE,MST_Contents_000563,有效距离,,"255,255,0",10,技能提示的有效距离
565,0,WORD_SHOP_REPURCHASE,MST_Contents_000564,回购列表,,"235,203,147",10,商店关联-回购标题
566,0,WORD_SHOP_PURCHASE,MST_Contents_000565,物品商店,,"235,203,147",10,商店关联-卖出目录标题
567,0,WORD_MEDAL_STEEL,MST_Contents_000566,铁,,"255,255,255",10,物品提示-铁勋章
568,0,WORD_MEDAL_BRONZE,MST_Contents_000567,铜,,"0,208,94",10,物品提示-铜勋章
569,0,WORD_MEDAL_SILVER,MST_Contents_000568,银,,"0,176,240",10,物品提示-银勋章
570,0,WORD_MEDAL_GOLD,MST_Contents_000569,金,,"112,48,160",10,物品提示-金勋章
571,0,WORD_MEDAL_PLATINUM,MST_Contents_000570,铂金,,"228,108,10",10,物品提示-铂金勋章
572,0,WORD_TOOLTIP_ITEM_HPRBUFF,MST_Contents_000571,<TC '255:255:0' Text'治愈'/>,,"255,255,255",10,物品提示-治愈选择权
573,0,WORD_TOOLTIP_ITEM_MPRBUFF,MST_Contents_000572,<TC '255:255:0' Text'法力恢复量'/>,,"255,255,255",10,物品提示-法力恢复量选择权
574,0,WORD_TRIGGER_EVENT,MST_Contents_000573,运转中,,"255,255,255",10,触发器活动 
575,0,WORD_INSTANCE_F,MST_Contents_000574,F,,"255,255,255",10,地下城匹配UI时出的级测试
576,0,WORD_INSTANCE_B,MST_Contents_000575,B,,"255,255,255",10,地下城匹配UI时出的级测试
577,0,WORD_INSTANCE_A,MST_Contents_000576,A,,"255,255,255",10,地下城匹配UI时出的级测试
578,0,WORD_INSTANCE_S,MST_Contents_000577,S,,"255,255,255",10,地下城匹配UI时出的级测试
579,0,WORD_INSTANCE_SS,MST_Contents_000578,SS,,"255,255,255",10,地下城匹配UI时出的级测试
580,0,WORD_INSTANCE_SSS,MST_Contents_000579,SSS,,"255,255,255",10,地下城匹配UI时出的级测试
581,0,WORD_TEAMWAR_APPLY_CANCEL,MST_Contents_000580,取消申请,,"255,255,255",10,小规模战场申请UI的按键已输出测试
582,0,WORD_TEAMWAR_APPLY_SOLO,MST_Contents_000581,个人申请,,"255,255,255",10,小规模战场申请UI的按键已输出测试
583,0,WORD_TEAMWAR_APPLY_PARTY,MST_Contents_000582,队伍申请,,"255,255,255",10,小规模战场申请UI的按键已输出测试
584,0,WORD_TEAMWAR_JOIN_LIST,MST_Contents_000583,小规模申请目录,,"255,255,255",10,minimap小规模战场按键申请目录提示标题
585,0,WORD_INSTANCE_POSITION_SELECT,MST_Contents_000584,选择角色,,"255,255,255",10,地下城匹配中出来的标题名称
586,0,WORD_INSTANCE_MATCHING_SUCCESS,MST_Contents_000585,匹配完成,,"255,255,255",10,地下城匹配中出来的标题是
587,0,WORD_SELECT_ALL,MST_Contents_000586,选择全部,,"255,255,255",10,地下城匹配中出来的标题名称
588,0,WORD_SELECT_ALL_CANCEL,MST_Contents_000587,取消选择,,"255,255,255",10,地下城匹配中出来的标题是
589,0,WORD_EVENT_WEBZEN,MST_Contents_000588,<TC '110:50:160' Text'[网吧]'/>,,"255,255,255",10,"网吧连接时,标题名称"
590,0,WORD_SUBPSWD_HOMEPAGE,MST_Contents_000589,tzz.7iwan.com,,"255,255,255",10,点击2级密码找回按键时，已连接的网页URL
591,0,WORD_CASHSHOP_CHARGE_HOMEPAGE_WEBZEN,MST_Contents_000590,tzz.7iwan.com,,"255,255,255",10,在现金商店点击充值键时，已连接的网页URL(webzen)
592,0,WORD_CASHSHOP_CHARGE_HOMEPAGE_NAVER,MST_Contents_000591,tzz.7iwan.com,,"255,255,255",10,在现金商店点击充值键时，已连接的网页URL(naver)
593,0,WORD_CASHSHOP_CHARGE_HOMEPAGE_DAUM,MST_Contents_000592,tzz.7iwan.com,,"255,255,255",10,在现金商店点击充值键时，已连接的网页URL(Daum)
594,0,WORD_CASHSHOP_CHARGE_HOMEPAGE_PMANG,MST_Contents_000593,tzz.7iwan.com,,"255,255,255",10,在现金商店点击充值键时，已连接的网页URL(Pmang)
595,0,WORD_CASHSHOP_CLAUSE_HOMEPAGE,MST_Contents_000594,tzz.7iwan.com,,"255,255,255",10,在现金商店点击使用条款时，已连接的网页
596,0,WORD_REPORT_HOMEPAGE,MST_Contents_000595,tzz.7iwan.com,,"255,255,255",10,点击询问/举报键 信息箱确认键时，已连接的网页URL
597,0,WORD_SEEDOPTION_QUALITY,MST_Contents_000596,选择分身,,"255,255,255",10,物品提示中分身质量标示
598,0,WORD_SEED_CASH,MST_Contents_000597,祝福任务,,"255,255,255",10,使用祝福注释书时输出UI名称标示
599,0,WORD_SEED_GHELLD,MST_Contents_000598,金币种子(现在使用方案),,"255,255,255",10,使用金币种子时输出UI名称标示
600,0,WORD_RANK_NONRANK,MST_Contents_000599,-,,"255,255,255",10,排名之外时标示测试
601,0,WORD_SEEDOPTION_QUALITY00,MST_Contents_000600,<TC '191:191:191' Text'星之祝福'/>,,"255,255,255",10,分身种子等级
602,0,WORD_SEEDOPTION_QUALITY01,MST_Contents_000601,月之祝福,,"255,255,255",10,分身种子等级
603,0,WORD_SEEDOPTION_QUALITY02,MST_Contents_000602,<TC '255:255:102' Text'日之祝福'/>,,"255,255,255",10,分身种子等级
604,0,WORD_SEEDOPTION_QUALITY03,MST_Contents_000603,<TC '0:208:94'Text'4胜'/>,,"255,255,255",10,分身种子等级(现在使用告示)
605,0,WORD_SEEDOPTION_QUALITY04,MST_Contents_000604,<TC '0:176:240'Text'5胜'/>,,"255,255,255",10,分身种子等级(现在使用告示)
606,0,WORD_SEEDOPTION_QUALITY05,MST_Contents_000605,<TC '112:48:160'Text'6胜'/>,,"255,255,255",10,分身种子等级(现在使用告示)
607,0,WORD_SEEDOPTION_QUALITY06,MST_Contents_000606,<TC '228:108:10'Text'7胜'/>,,"255,255,255",10,分身种子等级(现在使用告示)
608,0,WORD_LEVEL,MST_Contents_000607,Lv.,,"255,255,255",10,等级 
609,0,WORD_CASHSHOP_CHECK_BUY,MST_Contents_000608,确认购买,,"255,255,255",10,现金商店购买确认窗口
610,0,WORD_CASHSHOP_CHECK_GIFT,MST_Contents_000609,确认礼物,,"255,255,255",10,现金商店礼物确认窗口
611,0,WORD_PROGRESS,MST_Contents_000610,进行,,"255,255,255",10,任务进行状态
612,0,WORD_QUEST_DEFAULT_COLOR,MST_Contents_000611,基本任务 属性,,"255,255,255",10,任务编号属性
613,0,WORD_QUEST_LOWLEVEL_COLOR,MST_Contents_000612,角色等级比任务等级高6级以上的时候,,"125,125,125",10,任务编号属性
614,0,WORD_CASHITEM_PERIODTYPE_MAX,MST_Contents_000613,无限制,,"125,125,125",10,收费项目无限制标示
615,0,WORD_GAMEOPTION_GRAPHIC_WINDOW,MST_Contents_000614,窗口模式,,"255,255,255",10,游戏选择权图像
616,0,WORD_GAMEOPTION_GRAPHIC_FULL,MST_Contents_000615,全屏模式,,"255,255,255",10,游戏选择权图像
617,0,WORD_GAMEOPTION_GRAPHIC_ANISOTROPICOFF,MST_Contents_000616,关闭,,"255,255,255",10,游戏选择权图像
618,0,WORD_GAMEOPTION_GRAPHIC_ANISOTROPIC2X,MST_Contents_000617,2X,,"255,255,255",10,游戏选择权图像
619,0,WORD_GAMEOPTION_GRAPHIC_ANISOTROPIC4X,MST_Contents_000618,4X,,"255,255,255",10,游戏选择权图像
620,0,WORD_GAMEOPTION_GRAPHIC_ANISOTROPIC8X,MST_Contents_000619,8X,,"255,255,255",10,游戏选择权图像
621,0,WORD_GAMEOPTION_GRAPHIC_ANISOTROPIC16X,MST_Contents_000620,16X,,"255,255,255",10,游戏选择权图像
622,0,WORD_TEAMWAR_FLAG_GAIN,MST_Contents_000621,获取中,,"255,255,255",10,在小规模战场获取旗帜时的信息
10000,8,MSG_MESSAGE_NOT_FOUND,MST_Contents_000622,没有MESSAGE.必须要注册MessageTable.,,"255,255,0",10,在提示目录中输出没有信息StringID的情况
10001,12,MSG_SERVER_NOT_CONNECTED,MST_Contents_000623,和服务器连接已中断,,"255,255,0",10,服务器瘫痪时 信息
10002,12,MSG_ID_PW_NOT_MATCHING,MST_Contents_000624,账号密码错误.,,"255,255,255",10,ID/PW输入错误 信息
10003,12,MSG_CHARACTOR_DIED,MST_Contents_000625,要复活吗?,,"255,255,255",10,PC 死机时 信息
10004,12,MSG_STOREHOUSE_QUANTITY_DIFFERENT,MST_Contents_000626,输入的数量不正确.请重新输入.,,"255,255,255",10,仓库关联-在确认数字窗口输入的数字错误时
10005,12,MSG_STOREHOUSE_RETAKE_QUANTITY,MST_Contents_000627,请调整查找的数量.,,"255,255,255",10,仓库关联-在仓库中，寻找数量调节物品时在确认窗口输出内容
10006,12,MSG_ATTACK_DISTANCE_MISTAKE,MST_Contents_000628,距离过远无法攻击.,System_PC_HM_01.ogg|System_PC_HW_01.ogg|0|0|0|0|System_PC_OM_01.ogg|System_PC_OW_01.ogg,"255,255,255",10,"攻击敌对对象,离敌对对象距离远时"
10007,12,MSG_ATTACK_ANGLE,MST_Contents_000629,目标不在前面无法攻击.,System_PC_HM_02.ogg|System_PC_HW_02.ogg|0|0|0|0|System_PC_OM_02.ogg|System_PC_OW_02.ogg,"255,255,255",10,"攻击敌对对象,敌对对象脱离角度时"
10008,12,MSG_SHOP_BUY,MST_Contents_000630,确定买入?,,"255,255,255",10,买入确认 信息窗口
10009,12,MSG_SHOP_INVEN_SLOT_SHORTAGE,MST_Contents_000631,背包里没有空位/n无法购买.,,"255,255,255",10,库存没有空位，购买物品时
10010,12,MSG_SHOP_SELLING,MST_Contents_000632,确定卖出?,,"255,255,255",10,想要卖出物品时
10011,12,MSG_SHOP_BLACKSMITH_REPAIR_EACH,MST_Contents_000633,没有修理的必要.,,"255,255,255",10,个别修理时，耐久度满值点击不是必须修理时在聊天窗口输出
10012,12,MSG_SHOP_MEDAL_DIFFERENT,MST_Contents_000634,没有购买物品时所需的勋章.,,"255,255,255",10,名望商店
10013,12,MSG_SHOP_MEDAL_FEW,MST_Contents_000635,购买物品时所需的勋章不足.,,"255,255,255",10,名望商店
10014,12,MSG_STATE_STR_DESC,MST_Contents_000636,说明:增加最小/最大物理攻击度.,,"255,255,255",10,seutet名称提示
10015,12,MSG_STATE_CON_DESC,MST_Contents_000637,说明:增加最大生命值和生命恢复量.,,"255,255,255",10,seutet名称提示
10016,12,MSG_STATE_WIS_DESC,MST_Contents_000638,说明:增加最小/最大魔法攻击度.,,"255,255,255",10,seutet名称提示
10017,12,MSG_STATE_MEN_DESC,MST_Contents_000639,说明:增加最大法力值和法力恢复量.,,"255,255,255",10,seutet名称提示
10018,12,MSG_STATE_AGILITY_DESC,MST_Contents_000640,"说明:增加回血值和命中率,以及致命值.",,"255,255,255",10,seutet名称提示
10019,12,MSG_STATE_LOW,MST_Contents_000641,要点不足.,,"255,255,255",10,seutet关联聊天窗口信息
10020,12,MSG_CHAR_COLOR,MST_Contents_000642,自身角色名称,,"255,255,255",10,头上显示自己的角色名称
10021,12,MSG_CHARPARTY_COLOR,MST_Contents_000643,队伍中的角色名称,,"0,246,255",10,头上显示队伍时的角色名称
10022,12,MSG_CHARUNIONPARTY_COLOR,MST_Contents_000644,大规模队伍中的角色名称,,"250,179,52",10,头上显示大规模队伍时的角色名称
10023,12,MSG_MYCAMPPC_COLOR,MST_Contents_000645,我方阵营PC,,"220,207,185",10,我方阵营PC
10024,12,MSG_MYCAMPNPC_COLOR,MST_Contents_000646,我方阵营NPC(商人等),,"179,206,83",10,我方阵营NPC(商人等)
10025,12,MSG_ENEMYCAMPPC_COLOR,MST_Contents_000647,敌方阵营角色,,"255,255,0",10,敌方阵营角色
10026,12,MSG_ENEMYCAMPNPC_COLOR,MST_Contents_000648,敌方阵营NPC(商人等),,"255,255,0",10,敌方阵营NPC(商人等)
10027,12,MSG_ENTITY_COLOR,MST_Contents_000649,Entity名称属性,,"12,255,0",10,Entity名称属性
10028,12,MSG_DIE_COLOR,MST_Contents_000650,"死亡PC,NPC属性",,"134,126,113",10,"死亡PC,NPC属性"
10029,12,MSG_CHARINFO_NORMAL_COLOR,MST_Contents_000651,角色信息数值属性,,"255,255,255",10,角色信息数值属性
10030,12,MSG_CHARINFO_GETABILITY_COLOR,MST_Contents_000652,角色信息增加数值属性,,"12,255,0",10,角色信息增加数值属性
10031,12,MSG_CHARINFO_DROPABILITY_COLOR,MST_Contents_000653,角色信息减少数值属性,,"255,0,0",10,角色信息减少数值属性
10032,12,MSG_MOB_COLOR1,MST_Contents_000654,对方等级提高8级以上,,"255,0,0",10,根据PC好怪兽等级差异的名称属性
10033,12,MSG_MOB_COLOR2,MST_Contents_000655,对方等级提高3~7级,,"255,146,11",10,根据PC好怪兽等级差异的名称属性
10034,12,MSG_MOB_COLOR3,MST_Contents_000656,对方等级-2~2级之间,,"255,255,0",10,根据PC好怪兽等级差异的名称属性
10035,12,MSG_MOB_COLOR4,MST_Contents_000657,对方等级降低-7~-3级,,"109,197,251",10,根据PC好怪兽等级差异的名称属性
10036,12,MSG_MOB_COLOR5,MST_Contents_000658,对方等级降低-8级,,"196,196,196",10,根据PC好怪兽等级差异的名称属性
10037,12,MSG_PARTY_MATCHING_COLOR1,MST_Contents_000659,地下城匹配UI 不满3级,,"178,178,178",10,在地下城匹配UI中，地下城名称，属性和PC等级比较的属性
10038,12,MSG_PARTY_MATCHING_COLOR2,MST_Contents_000660,地下城匹配UI -3~3级,,"51,153,51",10,在地下城匹配UI中，地下城名称，属性和PC等级比较的属性
10039,12,MSG_PARTY_MATCHING_COLOR3,MST_Contents_000661,地下城匹配UI 超过3级,,"204,51,0",10,在地下城匹配UI中，地下城名称，属性和PC等级比较的属性
10040,12,MSG_GHELLD_COLOR1,MST_Contents_000662,不满十万金币属性,,"246,215,160",10,根据持有的金币数值的属性
10041,12,MSG_GHELLD_COLOR2,MST_Contents_000663,十万以上金币属性,,"0,208,94",10,根据持有的金币数值的属性
10042,12,MSG_GHELLD_COLOR3,MST_Contents_000664,百万以上金币属性,,"0,176,240",10,根据持有的金币数值的属性
10043,12,MSG_GHELLD_COLOR4,MST_Contents_000665,千万以上金币属性,,"228,108,10",10,根据持有的金币数值的属性
10044,12,MSG_GHELLD_COLOR5,MST_Contents_000666,亿以上金币属性,,"250,35,5",10,根据持有的金币数值的属性
10045,12,MSG_COOLTIME_COLOR1,MST_Contents_000667,秒属性,,"255,0,0",10,冷冻时间数字属性
10046,12,MSG_COOLTIME_COLOR2,MST_Contents_000668,分属性,,"237,106,39",10,冷冻时间数字属性
10047,12,MSG_COOLTIME_COLOR3,MST_Contents_000669,小时以上属性,,"255,255,255",10,冷冻时间数字属性
10048,12,MSG_MOB_LOOTING,MST_Contents_000670,距离太远无法获得物品.,,"255,255,255",10,抢夺关联信息
10049,12,MSG_PARTY_DISTRIBUTION_SW_01,MST_Contents_000671,可以根据[依次取得]的分配方式获取.,,"255,255,255",10,队伍分配已变更时
10050,12,MSG_PARTY_DISTRIBUTION_SW_02,MST_Contents_000672,可以根据[随机取得]的分配方式变更.,,"255,255,255",10,队伍分配已变更时
10051,12,MSG_PARTY_DISTRIBUTION_SW_03,MST_Contents_000673,可以根据[自由取得]的分配方式变更.,,"255,255,255",10,队伍分配已变更时
10052,12,MSG_PARTY_DISTRIBUTION_GRADE_UNUSE,MST_Contents_000674,高级物品不能用任何分配方式获得.,,"255,255,255",10,高级物品分配已被禁用时
10053,12,MSG_PARTY_DISTRIBUTION_GRADE_USE_SW_01,MST_Contents_000675,分配基准是根据[高级]变更的.,,"255,255,255",10,高级物品分配等级已变更时
10054,12,MSG_PARTY_DISTRIBUTION_GRADE_USE_SW_02,MST_Contents_000676,分配基准是根据[稀有]变更的.,,"255,255,255",10,高级物品分配等级已变更时
10055,12,MSG_PARTY_DISTRIBUTION_GRADE_USE_SW_03,MST_Contents_000677,分配基准是根据[特别]变更的.,,"255,255,255",10,高级物品分配等级已变更时
10056,12,MSG_PARTY_DISTRIBUTION_GRADE_USE_SW_04,MST_Contents_000678,分配基准是根据[英雄]变更的.,,"255,255,255",10,高级物品分配等级已变更时
10057,12,MSG_GUILD_NOTICE_MODIFY,MST_Contents_000679,公会供给事项变更了.,,"255,255,255",10,公告事项变更完成时
10058,12,MSG_GUILD_MEMBER_BAN_03,MST_Contents_000680,被公会逐出.,,"255,255,255",10,被公会踢出的PC
10059,12,MSG_GUILD_MEMBER_BAN_05,MST_Contents_000681,不能逐出自己.,,"255,255,255",10,打算踢出自己时
10060,12,MSG_GUILD_LEAVE_COMPLETE,MST_Contents_000682,退出公会.,,"255,255,255",10,公会退出窗口中选择[确认]键时
10061,12,MSG_GUILD_CREATE_FAIL_01,MST_Contents_000683,加入公会后无法再创建公会.,,"255,255,255",10,已加入公会的PC选择[创立公会]键时
10062,12,MSG_GUILD_CREATE_FAIL_BLANKNAME,MST_Contents_000684,公会名称必须是两个字以上.,,"255,255,255",10,未输入公会名称选择[创立公会]键时
10063,12,MSG_GUILD_CREATE_IMPOSSIBLE,MST_Contents_000685,不可使用的公会名.,,"255,255,255",10,"公会名称无法使用时,包含特殊文字的情况"
10064,12,MSG_SKILL_USENOTGUILD,MST_Contents_002013,无法使用公会技能.,,"255,255,255",10,无法使用公会技能时
10065,12,MSG_TRADE_M_NOT,MST_Contents_000686,此物品无法交易.,,"255,255,255",10,物品交易限制
10066,12,MSG_TRADE_M_STOREHOUSE,MST_Contents_000687,此物品无法保存.,,"255,255,255",10,物品交易限制
10067,12,MSG_TRADE_M_GUILD_STOREHOUSE,MST_Contents_000688,此物品无法保存在公会仓库.,,"255,255,255",10,物品交易限制
10068,12,MSG_TRADE_M_BREAK,MST_Contents_000689,此物品无法破坏.,,"255,255,255",10,物品交易限制
10069,12,MSG_TRADE_ITEMERROR,MST_Contents_000690,物品信息不正确.,,"255,255,255",10,物品交易限制
10070,12,MSG_TRADE_OPTIONERROR,MST_Contents_000691,此目标拒绝交易.,,"255,255,255",10,检查环境选择权物品交易限制
10071,12,MSG_SHOP_INPUT_MONEY,MST_Contents_000692,请将卖出物品获得的钱存起来.,,"255,255,255",10,物品交易限制
10072,12,MSG_WEAPONLEVEL_MAX,MST_Contents_000693,武器熟练度可以提高./n请和武器教练对话!,,"255,255,255",10,选择阵营后第一次进入时 弹出信息 
10073,12,MSG_WEAPON_LEVELUP,MST_Contents_000694,<TC'238:73:0' Text'[武器等级]'/>提高了.,,"255,255,255",10,武器升级等级完成
10074,12,MSG_WEAPON_EXP,MST_Contents_000695,武器熟练度经验值不足.,,"255,255,255",10,等级上升必要的经验值不足时
10075,12,MSG_WEAPON_EQIP,MST_Contents_000696,必须装备武器.,,"255,255,255",10,没有装备?? ??的武器物品
10076,12,MSG_ITEMBREAK_NOTITEM,MST_Contents_000697,此物品无法分解.,,"255,255,255",10,分解UI
10077,12,MSG_ITEMBREAK_NOGAIN,MST_Contents_000698,分解失败.,,"255,255,255",10,分解UI
10078,12,MSG_ITEMDROP_POSSESSION,MST_Contents_000699,没有获取物品的权限.,,"255,255,255",10,没有获取物品权限的PC，申请抢夺物品时
10079,12,MSG_NPCDIALOG_QUEST_RETURN,MST_Contents_000700,想聊别的.,,"255,255,255",10,在NPC表盘日志窗口中，现在任务时，任务列表底部的返回键时出现的信息
10080,12,MSG_NPC_DISTANCE_MISTAKE,MST_Contents_000701,太远了无法聊天.,,"255,255,255",10,"向NPC邀请对话,不符合对话邀请距离时"
10081,12,MSG_REPAIR_END,MST_Contents_000702,修理完成.,,"255,255,255",10,修理关联信息
10082,12,MSG_CANT_USE_QUICKSLOT,MST_Contents_000703,无法使用快捷栏.,,"255,255,255",10,快捷栏不可使用 信息
10083,12,MSG_SKILL_COOLTIME,MST_Contents_000704,冷却时间未结束.,System_PC_HM_03.ogg|System_PC_HW_03.ogg|0|0|0|0|System_PC_OM_03.ogg|System_PC_OW_03.ogg,"255,255,255",10,"冷冻时间没有结束,使用冷冻时间中的技能时"
10084,12,MSG_CASTING_CANCEL,MST_Contents_000705,取消施法.,System_PC_HM_04.ogg|System_PC_HW_04.ogg|0|0|0|0|System_PC_OM_04.ogg|System_PC_OW_04.ogg,"255,255,255",10,"选定途中PC移动,挑选阵营"
10085,12,MSG_QUEST_REWARDSELECT_REQUEST,MST_Contents_000706,请选择补偿.,,"255,255,255",10,完成有补偿的任务时，没选择补偿就直接点完成时
10086,12,MSG_QUEST_CINEMANEXT,MST_Contents_000707,下一个,,"255,255,255",10,任务电影下一个按键
10087,12,MSG_QUEST_CINEMADONE,MST_Contents_000708,结束聊天,,"255,255,255",10,任务电影故事结束按键
10088,8,MSG_TRADE_READY_CANCEL,MST_Contents_000709,太远了无法交易.,,"255,255,255",10,1:1 交易 -和交易的PC的距离超过10米时点击[交易申请]
10089,8,MSG_TRADE_OVERLAP,MST_Contents_000710,已向他人申请交易.,,"255,255,255",10,1:1 交易 -交易邀请中想其他电脑邀请交易时
10090,8,MSG_TRADE_DOUBLE,MST_Contents_000711,交易邀请中.,,"255,255,255",10,1:1 交易 -相同的PC重复点击[交易邀请]时
10091,8,MSG_TRADE_ANSWER,MST_Contents_000712,交易没有应答.,,"255,255,255",10,1:1 交易 -交易申请后10秒内没有应答时 
10092,8,MSG_TRADE_LOGOUT,MST_Contents_000713,对方没有连接.,,"255,255,255",10,1:1 交易 -交易对象下线的情况
10093,8,MSG_TRADE_REFUSAL,MST_Contents_000714,交易取消.,,"255,255,255",10,1:1 交易 -对方已拒绝/取消交易时
10094,8,MSG_TRADE_ALREADY,MST_Contents_000715,交易中.,,"255,255,255",10,1:1 交易 -正在交易时，给对方第三者想自己发出交易申请时
10095,8,MSG_TRADE_NOTACTION,MST_Contents_000716,对方无法交易.,,"255,255,255",10,1:1 交易 -对方无法交易时
10096,12,MSG_TRADE_MAX,MST_Contents_000717,无法再注册.,,"255,255,255",10,1:1 交易 -在交易窗口已注册8个物品的状态下还想注册时
10097,12,MSG_TRADE_NOTRADEITEM,MST_Contents_000718,此物品无法交易.,,"255,255,255",10,1:1 交易 -注册无法交易的物品时
10098,8,MSG_TRADE_GHELL_OVER,MST_Contents_000719,金额不足.,,"255,255,255",10,1:1 交易 -超过了在库存中储存的金币，在金币注册窗口点击[确认]时
10099,8,MSG_TRADE_EDIT,MST_Contents_000720,存款错误.,,"255,255,255",10,1:1 交易 -在注册编辑箱窗口，数字首次为0时
10100,8,MSG_TRADE_DISTANT,MST_Contents_000721,与对方距离过远取消交易.,,"255,255,255",10,1:1 交易 -和对方距离过远无法交易时
10101,9,MSG_TRADE_AREAERROR,MST_Contents_000722,在此地域无法进行交易.,,"255,255,255",10,1:1 交易 -在无法交易的地域向别的PC申请交易时
10102,1,MSG_TBL_CHARNOTEXIST,MST_Contents_000723,STOREHOUSE_QUANTITY_DIFFERENT,,"255,255,255",10,错误信息
10103,1,MSG_TBL_NOTEXIST,MST_Contents_000724,表不存在.,,"255,255,255",10,错误信息
10104,1,MSG_SQL_DB_INTERNALERROR,MST_Contents_000725,DB错误.,,"255,255,255",10,SQL错误信息
10105,1,MSG_SQL_DB_DSNERROR,MST_Contents_000726,DB DSN信息异常.,,"255,255,255",10,SQL错误信息
10106,1,MSG_COMMON_PCOVERFLOW,MST_Contents_000727,PC个数爆满.,,"255,255,255",10,共同使用的错误信息
10107,1,MSG_COMMON_PCREMAIN,MST_Contents_000728,PC还在存储中.,,"255,255,255",10,共同使用的错误信息
10108,1,MSG_COMMON_PCNOSTRANGE,MST_Contents_000729,PCNo异常.,,"255,255,255",10,共同使用的错误信息
10109,1,MSG_COMMON_FBJSTRANGE,MST_Contents_000730,Fbj异常.,,"255,255,255",10,共同使用的错误信息
10110,1,MSG_COMMON_PCNOTLOGIN,MST_Contents_000731,无法登陆游戏.,,"255,255,255",10,共同使用的错误信息
10111,1,MSG_COMMON_SENDPC,MST_Contents_000732,发送的PC状态异常.,,"255,255,255",10,共同使用的错误信息
10112,1,MSG_COMMON_NOPC,MST_Contents_000733,相关角色不存在.,,"255,255,255",10,共同使用的错误信息
10113,1,MSG_COMMON_NOPCKIND,MST_Contents_000734,相关PC的种类异常.,,"255,255,255",10,共同使用的错误信息
10114,1,MSG_COMMON_NONPC,MST_Contents_000735,目标不存在.,System_PC_HM_05.ogg|System_PC_HW_05.ogg|0|0|0|0|System_PC_OM_05.ogg|System_PC_OW_05.ogg,"255,255,255",10,共同使用的错误信息
10115,1,MSG_COMMON_NOTARGET,MST_Contents_000736,相关目标不存在.,System_PC_HM_05.ogg|System_PC_HW_05.ogg|0|0|0|0|System_PC_OM_05.ogg|System_PC_OW_05.ogg,"255,255,255",10,共同使用的错误信息
10116,1,MSG_COMMON_NOITEM,MST_Contents_000737,相关任务不存在.,System_PC_HM_20.ogg|System_PC_HW_20.ogg|0|0|0|0|System_PC_OM_20.ogg|System_PC_OW_20.ogg,"255,255,255",10,共同使用的错误信息
10117,1,MSG_COMMON_NOTABLE,MST_Contents_000738,相关表不存在.,,"255,255,255",10,共同使用的错误信息
10118,1,MSG_COMMON_NOTENOUGH_GHELLD,MST_Contents_000739,金币不足.,System_PC_HM_06.ogg|System_PC_HW_06.ogg|0|0|0|0|System_PC_OM_06.ogg|System_PC_OW_06.ogg,"255,255,255",10,共同使用的错误信息
10119,12,MSG_COMMON_NOTENOUGH_INVENTORY,MST_Contents_000740,背包里没有空位.,System_PC_HM_07.ogg|System_PC_HW_07.ogg|0|0|0|0|System_PC_OM_07.ogg|System_PC_OW_07.ogg,"255,255,255",10,共同使用的错误信息
10120,12,MSG_COMMON_BUSY_CHARACTER,MST_Contents_000741,目标忙，现在无法执行.,,"255,255,255",10,共同使用的错误信息
10121,12,MSG_COMMON_REALM_NOTSAME,MST_Contents_000742,无法和其他阵营的角色一起进行.,,"255,255,255",10,共同使用的错误信息
10122,1,MSG_COMMON_BLOCKCONTENTS,MST_Contents_000743,相关内容目前无法使用.,,"255,255,255",10,共同使用的错误信息(内容禁用时)
10123,12,MSG_COMMON_NOTFIELD,MST_Contents_000744,别的场地有.,,"255,255,255",10,共同使用的错误信息(队伍成员在别的战场时，同时进入地下城)
10124,1,MSG_LOGIN_LOGOUT,MST_Contents_000745,用户已经离开游戏.,,"255,255,255",10,登录错误信息
10125,1,MSG_LOGIN_PCNOTEXISTID5,MST_Contents_000746,角色不存在!,,"255,255,255",10,登录错误信息
10126,1,MSG_LOGIN_USERNOSLOT,MST_Contents_000747,用户插槽空闲!,,"255,255,255",10,登录错误信息
10127,1,MSG_LOGIN_USERFULLSLOT,MST_Contents_000748,用户插槽爆满!,,"255,255,255",10,登录错误信息
10128,1,MSG_WORLD_NOMAP,MST_Contents_000749,相关地图不存在.,,"255,255,255",10,word错误信息
10129,1,MSG_WORLD_NOSECTOR,MST_Contents_000750,相关区域不存在.,,"255,255,255",10,word错误信息
10130,1,MSG_WORLD_NOMOVESAMESECTOR,MST_Contents_000751,打算向旁边的区域移动.,,"255,255,255",10,word错误信息
10131,1,MSG_INFO_NOQUICKSLOT,MST_Contents_000752,错误的快捷栏信息.,,"255,255,255",10,信息错误信息
10132,1,MSG_PC_NOTUPSTAT,MST_Contents_000753,属性点不足.,,"255,255,255",10,PC错误信息
10133,1,MSG_PC_NOTWLVUP,MST_Contents_000754,武器无法提升.,,"255,255,255",10,PC错误信息
10134,1,MSG_PC_NOTWLVUPEXP,MST_Contents_000755,经验值不足.,,"255,255,255",10,PC错误信息
10135,1,MSG_PC_NOTWLVUPMONEY,MST_Contents_000756,金币不足.,System_PC_HM_06.ogg|System_PC_HW_06.ogg|0|0|0|0|System_PC_OM_06.ogg|System_PC_OW_06.ogg,"255,255,255",10,PC错误信息
10136,1,MSG_PC_NOTWLVUPLIMIT,MST_Contents_000757,武器熟练度最高等级.,,"255,255,255",10,PC错误信息
10137,1,MSG_PC_NOTMAINWEAPONSAME,MST_Contents_000758,变更的主武器是相同样式的.,,"255,255,255",10,PC错误信息
10138,1,MSG_PC_DUPLICATE,MST_Contents_000759,重复登录游戏终止.,,"255,255,255",10,PC错误信息
10139,1,MSG_NPC_NOTEXIT,MST_Contents_000760,目标不存在.,System_PC_HM_05.ogg|System_PC_HW_05.ogg|0|0|0|0|System_PC_OM_05.ogg|System_PC_OW_05.ogg,"255,255,255",10,NPC错误信息
10140,1,MSG_NPC_NOTLOOTING,MST_Contents_000761,没有物品的获取权.,System_PC_HM_08.ogg|System_PC_HW_08.ogg|0|0|0|0|System_PC_OM_08.ogg|System_PC_OW_08.ogg,"255,255,255",10,NPC错误信息
10141,1,MSG_NPC_RACEWAROWN,MST_Contents_000762,已经拥有的Pc.,,"255,255,255",10,NPC错误信息
10142,1,MSG_ITEM_INVENFULL,MST_Contents_000763,道具信息错误.,,"255,255,255",10,物品错误信息
10143,1,MSG_ITEM_INVENTORY,MST_Contents_000764,道具信息错误.,,"255,255,255",10,物品错误信息
10144,12,MSG_ITEM_INVENSLOTERR,MST_Contents_000765,角色信息窗口中，无法变更饰品位置.,,"255,255,255",10,物品错误信息
10145,1,MSG_ITEM_INVENNOTEXIST,MST_Contents_000766,保重不存在物品.,,"255,255,255",10,物品错误信息
10146,1,MSG_ITEM_CHECK,MST_Contents_000767,道具检测失败.,,"255,255,255",10,物品错误信息
10147,1,MSG_ITEM_NULL,MST_Contents_000768,使用空着的道具.,,"255,255,255",10,物品错误信息
10148,1,MSG_ITEM_TYPE,MST_Contents_000769,不存在的道具类型.,,"255,255,255",10,物品错误信息
10149,1,MSG_ITEM_HAVEPC,MST_Contents_000770,所拥有的PC信息异常.,,"255,255,255",10,物品错误信息
10150,1,MSG_ITEM_FULLINVENTORY,MST_Contents_000771,背包里没有空位.,System_PC_HM_07.ogg|System_PC_HW_07.ogg|0|0|0|0|System_PC_OM_07.ogg|System_PC_OW_07.ogg,"255,255,255",10,物品错误信息
10151,1,MSG_ITEM_FULLITEMPOOL,MST_Contents_000772,Item Pool已满.请增加Item的空间.,,"255,255,255",10,物品错误信息
10152,1,MSG_ITEM_POSERROR,MST_Contents_000773,无法移动的地方.,,"255,255,255",10,物品错误信息
10153,1,MSG_ITEM_EQUIPERROR,MST_Contents_000774,无法装备的物品.,,"255,255,255",10,物品错误信息
10154,1,MSG_ITEM_UNEQUIPERROR,MST_Contents_000775,无法去除的装备物品.,,"255,255,255",10,物品错误信息
10155,1,MSG_ITEM_EQIPMENT,MST_Contents_000776,装备道具情报错误.,,"255,255,255",10,物品错误信息
10156,1,MSG_ITEM_NOTGETSERIAL,MST_Contents_000777,Serial信息无法取得.,,"255,255,255",10,物品错误信息
10157,1,MSG_ITEM_USENOTRACE,MST_Contents_000778,无法使用的种族.,,"255,255,255",10,物品错误信息
10158,1,MSG_ITEM_USENOTGEN,MST_Contents_000779,无法使用的性别.,,"255,255,255",10,物品错误信息
10159,1,MSG_ITEM_USENOTLV,MST_Contents_000780,无法使用的等级.,,"255,255,255",10,物品错误信息
10160,1,MSG_ITEM_USENOTSTR,MST_Contents_000781,[力量]不足.,,"255,255,255",10,物品错误信息
10161,1,MSG_ITEM_USENOTCON,MST_Contents_000782,[体力]不足.,,"255,255,255",10,物品错误信息
10162,1,MSG_ITEM_USENOTWIS,MST_Contents_000783,[技能]不足.,,"255,255,255",10,物品错误信息
10163,1,MSG_ITEM_USENOTMEN,MST_Contents_000784,[战斗值]不足.,,"255,255,255",10,物品错误信息
10164,1,MSG_ITEM_USENOTAGI,MST_Contents_000785,[敏捷度]不足.,,"255,255,255",10,物品错误信息
10165,1,MSG_ITEM_USENOTWLV,MST_Contents_000786,无法使用的武器熟练度.,,"255,255,255",10,物品错误信息
10166,1,MSG_ITEM_EQUIPNOTDESTORY,MST_Contents_000787,物品已被破坏，无法装备.,,"255,255,255",10,物品错误信息
10167,1,MSG_ITEM_USENOTCOOLTIME,MST_Contents_000788,目前无法使用.,,"255,255,255",10,物品错误信息
10168,1,MSG_ITEM_BUYNOTGELD,MST_Contents_000789,现金不足.,,"255,255,255",10,物品错误信息
10169,1,MSG_ITEM_REPAIRCOMPLETE,MST_Contents_000790,修理没有完成状态,,"255,255,255",10,物品错误信息
10170,1,MSG_ITEM_REPAIRNOENOUGH,MST_Contents_000791,修理没有完成状态,,"255,255,255",10,物品错误信息
10171,1,MSG_ITEM_REPAIRNOT,MST_Contents_000792,无法修理的物品.,,"255,255,255",10,物品错误信息
10172,1,MSG_ITEM_REPAIRNOFOUND,MST_Contents_000793,无法修理的物品.,,"255,255,255",10,物品错误信息
10173,1,MSG_ITEM_NOTSTACK,MST_Contents_000794,不是Stack物品.,,"255,255,255",10,物品错误信息
10174,1,MSG_ITEM_STACKMINUS,MST_Contents_000795,Stack物品的减少数量超过原本数量.,,"255,255,255",10,物品错误信息
10175,1,MSG_ITEM_SAMESTACK,MST_Contents_000796,Stack种类不同.,,"255,255,255",10,物品错误信息
10176,1,MSG_ITEM_EMPTYSTACK,MST_Contents_000797,不是空的.,,"255,255,255",10,物品错误信息
10177,1,MSG_ITEM_MINSTACK,MST_Contents_000798,以后无法在分享了.,,"255,255,255",10,物品错误信息
10178,1,MSG_ITEM_DIFFSTORAGE,MST_Contents_000799,仓库<->背包无法实行.,,"255,255,255",10,物品错误信息
10179,1,MSG_ITEM_MAXMONEY,MST_Contents_000800,超过最大持有金额.,,"255,255,255",10,物品错误信息
10180,12,MSG_TRADE_MAXMONEY,MST_Contents_000801,对方超过最大持有金额，无法交易.,,"255,255,255",10,物品错误信息
10181,12,MSG_TRADE_MAXMONEY01,MST_Contents_000802,最大所持金额以上，无法交易.,,"255,255,255",10,物品错误信息
10182,1,MSG_ITEM_MAXHAVE,MST_Contents_000803,超过最大所持数额.,,"255,255,255",10,物品错误信息
10183,1,MSG_ITEM_NOTSALE,MST_Contents_000804,无法卖出的物品.,,"255,255,255",10,物品错误信息
10184,1,MSG_ITEM_NOTDESTORY,MST_Contents_000805,无法破坏的物品.,,"255,255,255",10,物品错误信息
10185,1,MSG_ITEM_NOTSTORE,MST_Contents_000806,无法在仓库储存的物品.,,"255,255,255",10,物品错误信息
10186,1,MSG_ITEM_NOTGUILDSTORE,MST_Contents_000807,无法在公会仓库储藏的物品.,,"255,255,255",10,物品错误信息
10187,1,MSG_ITEM_ENCHANTERROR,MST_Contents_000808,试图改造失败,,"255,255,255",10,物品错误信息
10188,1,MSG_ITEM_ENCHANTMATERIAL,MST_Contents_000809,强化材料不足.,,"255,255,255",10,物品错误信息
10189,1,MSG_ITEM_ENCHANTGHELLD,MST_Contents_000810,强化费用不足.,,"255,255,255",10,物品错误信息
10190,12,MSG_ITEM_ENCHANT_UNABLE_ACCEPT_ITEM,MST_Contents_000811,无法进行强化的物品.,,"255,255,255",10,物品错误信息
10191,12,MSG_ITEM_ENCHANT_UNABLE_MAX_ITEM,MST_Contents_000812,再也无法强化.,,"255,255,255",10,物品错误信息
10192,12,MSG_ITEM_ENCHANT_FAIL_STATE_KEEP,MST_Contents_000813,强化失败.物品没右被破坏.,,"255,255,255",10,物品错误信息
10193,12,MSG_ITEM_ENCHANT_FAIL_STATE_RESET,MST_Contents_000814,强化失败.阶段被初始化.,,"255,255,255",10,物品错误信息
10194,12,MSG_ITEM_ENCHANT_FAIL_STATE_DESTORY,MST_Contents_000815,强化失败.物品被破坏.,,"255,255,255",10,物品错误信息
10195,12,MSG_ITEM_ENCHANT_FAIL_STATE_STEPDOWN,MST_Contents_000816,强化失败.强化阶段下跌.,,"255,255,255",10,物品错误信息
10196,12,MSG_ITEM_ENCHANT_SUCCESS,MST_Contents_000817,成功强化.,,"255,255,255",10,物品错误信息
10197,1,MSG_ITEM_BREAKERROR,MST_Contents_000818,分试图分解失败,,"255,255,255",10,物品错误信息
10198,1,MSG_ITEM_BREAKGHELLD,MST_Contents_000819,分解费用不足.,,"255,255,255",10,物品错误信息
10199,1,MSG_ITEM_PRODUCTERROR,MST_Contents_000820,试图生产失败,,"255,255,255",10,物品错误信息
10200,1,MSG_ITEM_PRODUCTMATERIAL,MST_Contents_000821,生产材料不足.,,"255,255,255",10,物品错误信息
10201,1,MSG_ITEM_PRODUCTGHELLD,MST_Contents_000822,生产费用不足.,,"255,255,255",10,物品错误信息
10202,1,MSG_ITEM_PRODUCTLEVEL,MST_Contents_000823,生产熟练度不足.,,"255,255,255",10,物品错误信息
10203,12,MSG_ITEM_PRODUCTSTOP,MST_Contents_000824,生产中断.,,"255,255,255",10,生产途中点击终止键
10204,1,MSG_ITEM_SOCKETPUSHERROR,MST_Contents_000825,请注册准备装备的灵石.,,"255,255,255",10,物品错误信息
10205,1,MSG_ITEM_SOCKETPUSHGHELLD,MST_Contents_000826,装备灵石费用不足.,,"255,255,255",10,物品错误信息
10206,1,MSG_ITEM_SOCKETPOPERROR,MST_Contents_000827,试图制作灵石失败,,"255,255,255",10,物品错误信息
10207,1,MSG_ITEM_SOCKETPOPGHELLD,MST_Contents_000828,制作灵石费用不足.,,"255,255,255",10,物品错误信息
10208,9,MSG_ENCHANT_UNABLE_ACCEPT_ADDSLOT,MST_Contents_000829,不是添加剂中注册的物品.,,"255,255,255",10,不是添加剂中注册的物品时
10209,9,MSG_ITEMSOCKET_UNABLE_ITEM,MST_Contents_000830,无法注册的物品.,,"255,255,255",10,注册契约条例个数为0的物品时
10210,12,MSG_ITEMSOCKET_EQUIP_SUCCESS,MST_Contents_000831,灵石装备成功.,,"255,255,255",10,根据契约条例成功装备灵石时
10211,12,MSG_ITEMSOCKET_EQUIP_FAIL_KEEP,MST_Contents_000832,灵石装备失败，灵石并无破损.,,"255,255,255",10,根据契约条例装备失败时
10212,12,MSG_ITEMSOCKET_EQUIP_FAIL_DESTORY,MST_Contents_000833,装备失败，灵石破损.,,"255,255,255",10,根据契约条例装备失败并已破坏时
10213,12,MSG_ITEMSOCKET_SPRITSTONE_NOTUSE_02,MST_Contents_000834,不存在去除的灵石.,,"255,255,255",10,去除未装被装备的灵石时
10214,12,MSG_ITEMSOCKET_REMOVE_SUCCESS,MST_Contents_000835,去除已选择的灵石.,,"255,255,255",10,除去灵石时
10215,9,MSG_ITEMSOCKET_NOTMODIFY,MST_Contents_000836,请选择去除的灵石.,,"255,255,255",10,没有变更时试图时
10216,9,MSG_ITEMSOCKET_NOTENOUGH_ITEM,MST_Contents_000837,无法装备灵石的物品.,,"255,255,255",10,没有能装备的灵石??时
10217,12,MSG_ITEMSOCKET_EQUIP_CANCEL,MST_Contents_000838,取消装备灵石.,,"255,255,255",10,关闭灵石装备UI
10218,12,MSG_ITEMSOCKET_REMOVE_CANCEL,MST_Contents_000839,取消去除灵石.,,"255,255,255",10,关闭灵石去除UI
10219,8,MSG_PCSHOP_NOTNAME,MST_Contents_000840,物品贱卖啦~,,"255,255,255",10,个人商店信息
10220,12,MSG_PCSHOP_NOTITEM,MST_Contents_000841,要卖出的物品必须要注册.,,"255,255,255",10,个人商店信息
10221,12,MSG_PCSHOP_NOTUSEITEM,MST_Contents_000842,在个人商店注册的物品无法使用.,,"255,255,255",10,个人商店信息
10222,12,MSG_PCSHOP_NOCLICK,MST_Contents_000843,请选择要买入的物品.,,"255,255,255",10,个人商店信息
10223,12,MSG_PCSHOP_SALEEND,MST_Contents_000844,对方个人商店终止开设.,,"255,255,255",10,个人商店信息
10224,12,MSG_PCSHOP_NOT_REGISTER,MST_Contents_000845,开设中的物品无法注册.,,"255,255,255",10,个人商店信息
10225,12,MSG_PCSHOP_SKILLNOT,MST_Contents_000846,个人商店开设状态下队伍成员无法替换.,,"255,255,255",10,个人商店信息
10226,12,MSG_PCSHOP_MAXMONEY,MST_Contents_000847,商店卖出获得的金额超过最大持有金额.,,"255,255,255",10,个人商店信息
10227,12,MSG_PCSHOP_MOVE_NOT,MST_Contents_000848,移动中无法开设个人商店.,,"255,255,255",10,个人商店信息
10228,12,MSG_PCSHOP_DUNGEON_NOT,MST_Contents_000849,个人商店开设状态下无法进入.,,"255,255,255",10,个人商店信息
10229,12,MSG_PCSHOP_ALREADYSELLING,MST_Contents_000850,别的角色正在买入物品.,,"255,255,255",10,个人商店错误信息
10230,9,MSG_PCSHOP_AREAERROR,MST_Contents_000851,此地域无法开设个人商店.,,"255,255,255",10,个人商店地域错误信息
10231,12,MSG_ITEM_UNBOXERROR,MST_Contents_000852,打开盒子失败,,"255,255,255",10,物品错误信息
10232,12,MSG_ITEM_ALCHEMYERROR,MST_Contents_000853,试图炼金术失败,,"255,255,255",10,物品错误信息
10233,12,MSG_ITEM_NOGUILD,MST_Contents_000854,公会专用物品.,,"255,255,255",10,物品错误信息
10234,12,MSG_ITEM_NOPARTY,MST_Contents_000855,队伍专用物品.,,"255,255,255",10,物品错误信息
10235,12,MSG_STORE_MINUSMONEY,MST_Contents_000856,存款金额错误.,,"255,255,255",10,仓库错误信息
10236,12,MSG_STORE_LOWMONET,MST_Contents_000857,现金不足.,,"255,255,255",10,仓库错误信息
10237,12,MSG_STORE_MAXSTOREMONEY,MST_Contents_000858,无法存款了.,,"255,255,255",10,仓库错误信息
10238,12,MSG_STORE_MINUSSTOREMONEY,MST_Contents_000859,取款额错误.,,"255,255,255",10,仓库错误信息
10239,12,MSG_STORE_LOWSTOREMONEY,MST_Contents_000860,仓库保管金额不足.,,"255,255,255",10,仓库错误信息
10240,12,MSG_STORE_MAXMONEY,MST_Contents_000861,无法持有更多的现金.,,"255,255,255",10,仓库错误信息
10241,12,MSG_SHOP_NOTEXIST,MST_Contents_000862,找不到商店.,,"255,255,255",10,商店错误信息
10242,12,MSG_SHOP_NOTEXISTITEM,MST_Contents_000863,商店里没有相关物品.,,"255,255,255",10,商店错误信息
10243,12,MSG_SHOP_INVALIDCOUNT,MST_Contents_000864,购买数量错误.,,"255,255,255",10,商店错误信息
10244,12,MSG_SHOP_INVALIDPRICE,MST_Contents_000865,购买价格错误.,,"255,255,255",10,商店错误信息
10245,12,MSG_SHOP_LIMITEDCOUNT,MST_Contents_000866,无法再购买.,,"255,255,255",10,商店错误信息
10246,12,MSG_SHOP_LIMITEDTIME,MST_Contents_000867,不在购买期间.,,"255,255,255",10,商店错误信息
10247,12,MSG_SHOP_LIMITEDHAVE,MST_Contents_000868,超过限制个数无法再买入.,,"255,255,255",10,商店错误信息
10248,12,MSG_SHOP_ITEMCOUNT,MST_Contents_000869,卖出数超过持有数.,,"255,255,255",10,商店错误信息
10249,12,MSG_WEAPON_KINDSTRANGE,MST_Contents_000870,Weapon Kind异常.,,"255,255,255",10,武器错误信息
10250,12,MSG_WEAPON_NOTENOUGH,MST_Contents_000871,武器经验值不足.,,"255,255,255",10,武器错误信息
10251,12,MSG_CUSTOMIZE_CHECK,MST_Contents_000872,Customize Check失败,,"255,255,255",10,定做错误信息
10252,12,MSG_SKILL_ONLYPC,MST_Contents_000873,只有Pc可用的Skill.,,"255,255,255",10,技能错误信息
10253,12,MSG_SKILL_LEARNALREADY,MST_Contents_000874,已经学会的技能.,,"255,255,255",10,技能错误信息
10254,12,MSG_SKILL_LEARNNOTRACE,MST_Contents_000875,不能学习的种族.,,"255,255,255",10,技能错误信息
10255,12,MSG_SKILL_LEARNNOTLV,MST_Contents_000876,等级不足.,,"255,255,255",10,技能错误信息
10256,12,MSG_SKILL_LEARNNOTWLV,MST_Contents_000877,武器熟练度不足.,,"255,255,255",10,技能错误信息
10257,12,MSG_SKILL_LEARNNOTSP,MST_Contents_000878,技能要点不足.,,"255,255,255",10,技能错误信息
10258,12,MSG_SKILL_LEARNNOTPARENTS,MST_Contents_000879,先行技能是必要的.,,"255,255,255",10,技能错误信息
10259,12,MSG_SKILL_LEARNNOTMAINWEAPON,MST_Contents_000880,不是主武器.,,"255,255,255",10,技能错误信息
10260,12,MSG_SKILL_LEARNNOTOPENPOINT,MST_Contents_000881,打开技能的要点不足.,,"255,255,255",10,技能错误信息
10261,12,MSG_SKILL_USENOTLEARN,MST_Contents_000882,为学习的技能.,,"255,255,255",10,技能错误信息
10262,12,MSG_SKILL_USENOTTARGETCNT,MST_Contents_000883,目标个数异常,,"255,255,255",10,技能错误信息
10263,12,MSG_SKILL_USENOTDIE,MST_Contents_000884,目标死亡.,System_PC_HM_09.ogg|System_PC_HW_09.ogg|0|0|0|0|System_PC_OM_09.ogg|System_PC_OW_09.ogg,"255,255,255",10,技能错误信息
10264,12,MSG_SKILL_USENOTHIDE,MST_Contents_000885,目标是隐身状态.,,"255,255,255",10,技能错误信息
10265,12,MSG_SKILL_USENOTWEAPON,MST_Contents_000886,无法使用技能的武器.,,"255,255,255",10,技能错误信息
10266,12,MSG_SKILL_USENOTMAINWEAPON,MST_Contents_000887,无法使用技能的主武器.,,"255,255,255",10,技能错误信息
10267,12,MSG_SKILL_USENOTDISTANCE,MST_Contents_000888,此距离无法使用技能.,,"255,255,255",10,技能错误信息
10268,12,MSG_SKILL_USENOTTARGET,MST_Contents_000889,无法对此目标使用技能.,System_PC_HM_10.ogg|System_PC_HW_10.ogg|0|0|0|0|System_PC_OM_10.ogg|System_PC_OW_10.ogg,"255,255,255",10,技能错误信息
10269,12,MSG_SKILL_MOVENOT,MST_Contents_000890,移动中无法使用.,System_PC_HM_11.ogg|System_PC_HW_11.ogg|0|0|0|0|System_PC_OM_11.ogg|System_PC_OW_11.ogg,"255,255,255",10,技能错误信息
10270,12,MSG_SKILL_USENOTLV,MST_Contents_000891,等级不足.,,"255,255,255",10,技能错误信息
10271,12,MSG_SKILL_USENOTHP,MST_Contents_000892,生命不足.,,"255,255,255",10,技能错误信息
10272,12,MSG_SKILL_USENOTMP,MST_Contents_000893,法力不足.,,"255,255,255",10,技能错误信息
10273,12,MSG_SKILL_USENOTCOOLTIME,MST_Contents_000894,技能等候时间.,,"255,255,255",10,技能错误信息
10274,12,MSG_SKILL_USENOTPASSIVE,MST_Contents_000895,被动技能无法使用.,,"255,255,255",10,技能错误信息
10275,12,MSG_SKILL_USENOTREVIVE,MST_Contents_000896,只能在死亡的状态下使用.,,"255,255,255",10,技能错误信息
10276,12,MSG_SKILL_RECALLNOTACCEPT,MST_Contents_000897,队伍成员拒绝召唤.,,"255,255,255",10,技能错误信息
10277,12,MSG_SKILL_ATTACKNOTME,MST_Contents_000898,自己无法攻击.,,"255,255,255",10,技能错误信息
10278,12,MSG_SKILL_ATTACKNOTSAMERACE,MST_Contents_000899,无法攻击相同种族.,,"255,255,255",10,技能错误信息
10279,12,MSG_SKILL_NOTHIT,MST_Contents_000900,攻击失败.,,"255,255,255",10,技能错误信息
10280,12,MSG_SKILL_USENOTUSED,MST_Contents_000901,使用技能.,,"255,255,255",10,技能错误信息
10281,12,MSG_SKILL_USENOTNEEDCASTING,MST_Contents_000902,此技能需要施法.,,"255,255,255",10,技能错误信息
10282,12,MSG_SKILL_USENOTCASTING,MST_Contents_000903,无法连续施法.,,"255,255,255",10,技能错误信息
10283,12,MSG_SKILL_CASTINGNOT,MST_Contents_000904,施法失败.,,"255,255,255",10,技能错误信息
10284,12,MSG_SKILL_CASTINGNOTCASTING,MST_Contents_000905,施法中.,,"255,255,255",10,技能错误信息
10285,12,MSG_SKILL_CASTINGNOTTIMELACK,MST_Contents_000906,施法时间不足.,,"255,255,255",10,技能错误信息
10286,12,MSG_SKILL_CASTINGCANCELNOTEXIST,MST_Contents_000907,施法不存在.,,"255,255,255",10,技能错误信息
10287,12,MSG_SKILL_CASTINGCANCELNOTSAME,MST_Contents_000908,施法不同.,,"255,255,255",10,技能错误信息
10288,12,MSG_SKILL_COMBOFAIL,MST_Contents_000909,全阶段连接必须使用技能.,System_PC_HM_12.ogg|System_PC_HW_12.ogg|0|0|0|0|System_PC_OM_12.ogg|System_PC_OW_12.ogg,"255,255,255",10,技能错误信息
10289,12,MSG_SKILL_COMBOTIMEOVER,MST_Contents_000910,无法使用连接技能.[TimeOver],,"255,255,255",10,技能错误信息
10290,12,MSG_SKILL_COMBOTIMELESS,MST_Contents_000911,无法使用连接技能.[TimeLess],,"255,255,255",10,技能错误信息
10291,12,MSG_SKILL_COMBOTABLEERR,MST_Contents_000912,无法使用连接技能.[TimeLess],,"255,255,255",10,技能错误信息
10292,12,MSG_SKILL_COMBOTABLEERR,MST_Contents_000913,连接技能台异常.,,"255,255,255",10,技能错误信息
10293,12,MSG_SKILL_SUMMONNOTCREATE,MST_Contents_000914,无法生成召唤术,,"255,255,255",10,技能错误信息
10294,12,MSG_SKILL_DAMAGEBUFF_USE,MST_Contents_000915,buff发动队伍成员的损害吸收.,,"255,255,255",10,损害吸收buff使用后启动时的信息
10295,12,MSG_RACEWAR_NOTENTERMAP,MST_Contents_000916,成员的状态不在战场.,,"255,255,255",10,大规模种族战错误信息
10296,12,MSG_RACEWAR_NOTREADY,MST_Contents_000917,无法准备种族战.,,"255,255,255",10,大规模种族战错误信息
10297,12,MSG_RACEWAR_NOTSTART,MST_Contents_000918,无法开始种族战.,,"255,255,255",10,大规模种族战错误信息
10298,12,MSG_RACEWAR_NOTPLAY,MST_Contents_000919,无法通胀种族战,,"255,255,255",10,大规模种族战错误信息
10299,12,MSG_RACEWAR_NOTPLAYING,MST_Contents_000920,没有开始圣物占领战.,,"255,255,255",10,大规模种族战错误信息
10300,12,MSG_RACEWAR_NOTEND,MST_Contents_000921,无法结束种族战.,,"255,255,255",10,大规模种族战错误信息
10301,12,MSG_RACEWAR_NOTSTOP,MST_Contents_000922,无法停止种族战.,,"255,255,255",10,大规模种族战错误信息
10302,12,MSG_RACEWAR_ALREADYSTART,MST_Contents_000923,种族战已经开始了.,,"255,255,255",10,大规模种族战错误信息
10303,12,MSG_RACEWAR_NOTFINDARCHON,MST_Contents_000924,找不到相关圣物.,,"255,255,255",10,大规模种族战错误信息
10304,12,MSG_RACEWAR_NOTALREADYOWN,MST_Contents_000925,别的角色占领中.,,"255,255,255",10,大规模种族战错误信息
10305,12,MSG_RACEWAR_ALREADYOWN,MST_Contents_000926,已经被占领了.,,"255,255,255",10,大规模种族战错误信息
10306,12,MSG_RACEWAR_NOTCANCELOWN,MST_Contents_000927,所有者不是取消者.,,"255,255,255",10,大规模种族战错误信息
10307,12,MSG_RACEWAR_NOTDIFFREADYOWN,MST_Contents_000928,接触者和所有者不同.,,"255,255,255",10,大规模种族战错误信息
10308,12,MSG_RACEWAR_NOTRECRUIT,MST_Contents_000929,战场开始后就无法加入了.,,"255,255,255",10,大规模种族战错误信息
10309,12,MSG_QUEST_NOQUEST,MST_Contents_000930,相关任务不存在.,,"255,255,255",10,任务错误信息
10310,12,MSG_QUEST_ERRORQUEST,MST_Contents_000931,相关任务状态异常.,,"255,255,255",10,任务错误信息
10311,12,MSG_QUEST_ALREADYHAVE,MST_Contents_000932,任务已经完成.,,"255,255,255",10,任务错误信息
10312,12,MSG_QUEST_SLOTMAX,MST_Contents_000933,任务无法再完成.,,"255,255,255",10,任务错误信息
10313,12,MSG_QUEST_LOWLEVEL,MST_Contents_000934,等级不足无法完成任务.,,"255,255,255",10,任务错误信息
10314,12,MSG_QUEST_HIGHTLEVEL,MST_Contents_000935,等级过高无法开始任务.,,"255,255,255",10,任务错误信息
10315,12,MSG_QUEST_SIDE,MST_Contents_000936,阵营不同无法开始任务.,,"255,255,255",10,任务错误信息
10316,12,MSG_QUEST_RACE,MST_Contents_000937,种族不同无法开始任务.,,"255,255,255",10,任务错误信息
10317,12,MSG_QUEST_WEAPON,MST_Contents_000938,主武器以及主武器等级不正确，无法开始任务.,,"255,255,255",10,任务错误信息
10318,12,MSG_QUEST_PREVQUEST,MST_Contents_000939,没有完成之前的任务.,,"255,255,255",10,任务错误信息
10319,12,MSG_QUEST_NOTFINISH,MST_Contents_000940,任务未完成.,,"255,255,255",10,任务错误信息
10320,12,MSG_QUEST_NOTTIME,MST_Contents_000941,还需要再等待.,,"255,255,255",10,任务错误信息
10321,12,MSG_QUEST_NOEMPTYSLOT,MST_Contents_000942,背包里没有空位，无法获得补偿.,,"255,255,255",10,任务错误信息
10322,12,MSG_QUEST_ALREADYFINISH,MST_Contents_000943,任务已完成.,,"255,255,255",10,任务错误信息
10323,12,MSG_QUEST_ALREADYTIMER,MST_Contents_000944,任务已完成.,,"255,255,255",10,任务错误信息
10324,12,MSG_QUEST_SHAREDIETARGET,MST_Contents_000945,死亡状态下无法共有任务.,,"255,255,255",10,任务错误信息
10325,12,MSG_QUEST_NOTSEARCHLIST,MST_Contents_000946,找不到可能的任务.,,"255,255,255",10,任务错误信息
10326,12,MSG_PARTY_NOCHAR,MST_Contents_000947,相关角色不存在.,,"255,255,255",10,队伍错误信息
10327,12,MSG_PARTY_NOCREATE,MST_Contents_000948,队伍/突袭 生成错误.,,"255,255,255",10,队伍错误信息
10328,12,MSG_PARTY_NOPC,MST_Contents_000949,找不到目标.请稍后再试.,,"255,255,255",10,队伍错误信息
10329,12,MSG_PARTY_INVITED,MST_Contents_000950,队伍/突袭邀请中.,,"255,255,255",10,队伍错误信息
10330,12,MSG_PARTY_DIFFUNION,MST_Contents_000951,无法邀请其他阵营的角色.,,"255,255,255",10,队伍错误信息
10331,12,MSG_PARTY_NOLEADER,MST_Contents_000952,不是队伍/突袭场所.,,"255,255,255",10,队伍错误信息
10332,12,MSG_PARTY_FULL,MST_Contents_000953,队伍/突袭人数上限.,,"255,255,255",10,队伍错误信息
10333,12,MSG_PARTY_NOTHAVE,MST_Contents_000954,不属于队伍/突袭.,,"255,255,255",10,队伍错误信息
10334,12,MSG_PARTY_FINDMEMBER,MST_Contents_000955,找不到队伍/突袭的成员.,,"255,255,255",10,队伍错误信息
10335,12,MSG_PARTY_ALREADYPARTY,MST_Contents_000956,已经属于队伍/突袭了.,,"255,255,255",10,队伍错误信息
10336,12,MSG_PARTY_ROLLNPC,MST_Contents_000957,找不到抢夺目标?.,,"255,255,255",10,队伍错误信息
10337,12,MSG_PARTY_ROLLITEM,MST_Contents_000958,找不到抢夺物品.,,"255,255,255",10,队伍错误信息
10338,12,MSG_PARTY_ROLLPC,MST_Contents_000959,找不到抢夺PC.,,"255,255,255",10,队伍错误信息
10339,12,MSG_RAID_INVITATION_JOIN,MST_Contents_000960,已加入突袭.,,"255,255,255",10,参与突袭时
10340,12,MSG_PARTY_OUT,MST_Contents_000961,已退出队伍/突袭.,,"255,255,255",10,退出队伍时(本人退出)
10341,12,MSG_PARTY_DELETE,MST_Contents_000962,队伍/突袭已解散.,,"255,255,255",10,解散队伍时
10342,12,MSG_PARTY_MENU_BANISH_CANCEL,MST_Contents_000963,取消踢除队伍/突袭成员.,,"255,255,255",10,取消踢出队伍成员
10343,12,MSG_PARTY_BANISHED,MST_Contents_000964,已踢出队伍/突袭.,,"255,255,255",10,从队伍被踢出时(被踢出的角色)
10344,12,MSG_GUILD_NOGUILD,MST_Contents_000965,相关公会不存在.,,"255,255,255",10,公会错误信息
10345,12,MSG_GUILD_ALREADYGUILDNAME,MST_Contents_000966,已存在相同的公会名.,,"255,255,255",10,公会错误信息
10346,12,MSG_GUILD_ALREADYGUILDMEMBER,MST_Contents_000967,已加入工公会.,,"255,255,255",10,公会错误信息
10347,12,MSG_GUILD_ALREADYJOINGUILD,MST_Contents_000968,已经加入其他的公会了.,,"255,255,255",10,公会错误信息
10348,12,MSG_GUILD_ALREADYINVITEGUILD,MST_Contents_000969,公会邀请中.,,"255,255,255",10,公会错误信息(公会邀请中再次邀请时)
10349,12,MSG_GUILD_NOTENOUGHLV,MST_Contents_000970,20级以上可以创立公会.,,"255,255,255",10,公会错误信息
10350,12,MSG_GUILD_NOGUILDMEMBER,MST_Contents_000971,没有公会邀请券.,,"255,255,255",10,公会错误信息
10351,12,MSG_GUILD_NOGUILDMASTER,MST_Contents_000972,不是公会会长.,,"255,255,255",10,公会错误信息
10352,12,MSG_GUILD_NOCREATEMONEY,MST_Contents_000973,没有生成公会必要的金币.,,"255,255,255",10,公会错误信息
10353,12,MSG_GUILD_ONEMOREWRITENAME,MST_Contents_000974,公会名称最少要输入一个字.,,"255,255,255",10,公会错误信息
10354,12,MSG_GUILD_CANTUSESPACE,MST_Contents_000975,不能有空格.,,"255,255,255",10,公会错误信息
10355,12,MSG_GUILD_NOTFOUNDMEMBER,MST_Contents_000976,无法寻找公会成员.,,"255,255,255",10,公会错误信息
10356,12,MSG_GUILD_NOTINVITESELF,MST_Contents_000977,不能邀请自己.,,"255,255,255",10,公会错误信息
10357,12,MSG_GUILD_REJECTINVITE,MST_Contents_000978,拒绝了公会邀请.,,"255,255,255",10,公会错误信息
10358,12,MSG_GUILD_NOENOUGHMEMBERSLOT,MST_Contents_000979,公会成员位置不足.,,"255,255,255",10,公会错误信息
10359,12,MSG_GUILD_NOGUILDAUTH,MST_Contents_000980,没有相关的权限.,,"255,255,255",10,公会错误信息
10360,12,MSG_GUILD_NOOUTMASTER,MST_Contents_000981,公会会长退出.,,"255,255,255",10,公会错误信息
10361,12,MSG_GUILD_NOKICKOUTMASTER,MST_Contents_000982,无法踢出公会会长.,,"255,255,255",10,公会错误信息
10362,12,MSG_GUILD_NOKICKOUTMASELF,MST_Contents_000983,不能踢出自己.,,"255,255,255",10,公会错误信息
10363,12,MSG_GUILD_INVALIDGUILDINFO,MST_Contents_000984,不精确的公会信息.,,"255,255,255",10,公会错误信息
10364,12,MSG_GUILD_INVALIDTITLESLOT,MST_Contents_000985,不精确的公会称呼提示.,,"255,255,255",10,公会错误信息
10365,12,MSG_GUILD_NOTENOUGHMONEY,MST_Contents_000986,金币不足.,,"255,255,255",10,公会错误信息
10366,12,MSG_GUILD_MEMBERKICKOUT,MST_Contents_000987,被强行退出.,,"255,255,255",10,公会错误信息
10367,12,MSG_GUILD_NOMOREGUILDGRADE,MST_Contents_000988,等级无法提升.,,"255,255,255",10,公会错误信息
10368,12,MSG_GUILD_ERRORSTORE,MST_Contents_000989,公会仓库错误,,"255,255,255",10,公会错误信息
10369,12,MSG_GUILD_NOGUILDSTORE,MST_Contents_000990,公会仓库不存在.,,"255,255,255",10,公会错误信息
10370,12,MSG_GUILD_NOITEMOPTION,MST_Contents_000991,此物品无法在公会仓库存放.,,"255,255,255",10,公会错误信息
10371,12,MSG_GUILD_NOTENOUGHGRADE,MST_Contents_000992,没有公会仓库的使用权.,,"255,255,255",10,公会错误信息
10372,12,MSG_GUILD_LOCKED,MST_Contents_000993,其他公会成员正在查询仓库.,,"255,255,255",10,公会错误信息
10373,12,MSG_GUILD_LOWPCMONEY,MST_Contents_000994,金币不足无法存款.,,"255,255,255",10,公会错误信息
10374,12,MSG_GUILD_MAXSTOREMONEY,MST_Contents_000995,无法再在公会仓库存款.,,"255,255,255",10,公会错误信息
10375,12,MSG_GUILD_MINUSSTOREMONEY,MST_Contents_000996,公会仓库取款金额错误.,,"255,255,255",10,公会错误信息
10376,12,MSG_GUILD_MINUSPCMONEY,MST_Contents_000997,公会仓库存款金额错误.,,"255,255,255",10,公会错误信息
10377,12,MSG_GUILD_MYINTRO_DETAIL,MST_Contents_000998,个人简介已更改.,,"255,255,255",10,公会简介变更时
10378,12,MSG_GUILD_MASTER_MODIFY_FAIL,MST_Contents_000999,无法向自己提出委任申请.,,"255,255,255",10,公会委任错误时
10379,12,MSG_GUILD_FRIEND_INVITE,MST_Contents_001000,无法向离线的公会成员申请好友.,,"255,255,255",10,公会成员申请离线好友时
10380,12,MSG_GUILD_LOWSTOREMONEY,MST_Contents_001001,取款需要的金币不足.,,"255,255,255",10,公会错误信息
10381,12,MSG_PORTAL_NOTNPCTID,MST_Contents_001002,请在网站上申请NPC.,,"255,255,255",10,网站错误信息
10382,12,MSG_PORTAL_NOTRACE,MST_Contents_001003,无法使用相关种族.,,"255,255,255",10,网站错误信息
10383,12,MSG_PORTAL_NOTMINLV,MST_Contents_001004,不肯使用的等级.,,"255,255,255",10,网站错误信息
10384,12,MSG_PORTAL_NOTMAXLV,MST_Contents_001005,无法接触的等级.,,"255,255,255",10,网站错误信息
10385,12,MSG_PORTAL_NOTQUEST,MST_Contents_001006,必要任务.,,"255,255,255",10,网站错误信息
10386,12,MSG_PORTAL_NOTITEM,MST_Contents_001007,必需品.,,"255,255,255",10,网站错误信息
10387,12,MSG_PORTAL_NOTHAVEITEM,MST_Contents_001008,没有持有物品.,,"255,255,255",10,网站错误信息
10388,12,MSG_PORTAL_NOTUSE,MST_Contents_001009,无法使用网站.,,"255,255,255",10,网站错误信息
10389,12,MSG_PORTAL_MOREDISTANT,MST_Contents_001010,离网站太远无法掉落.,,"255,255,255",10,网站错误信息
10390,12,MSG_ALCHEMY_SAMEMATERIAL,MST_Contents_001011,材料已注册.,,"255,255,255",10,炼金术错误信息
10391,12,MSG_ALCHEMY_NOTMATERIAL,MST_Contents_001012,不是炼金术材料.,,"255,255,255",10,炼金术错误信息
10392,12,MSG_ALCHEMY_NOMATERIAL,MST_Contents_001013,材料不足.,,"255,255,255",10,炼金术错误信息
10393,12,MSG_TRADE_NOCAMP,MST_Contents_001014,无法和其他阵营进行交易.,,"255,255,255",10,游戏交易错误信息
10394,12,MSG_POST_NAME,MST_Contents_001015,此角色可以发邮件.,,"255,255,255",10,邮件信息
10395,12,MSG_POST_TITLE_ERROR,MST_Contents_001016,请输入标题.,,"255,255,255",10,邮件信息
10396,12,MSG_POST_MSG_ERROR,MST_Contents_001017,请输入内容.,,"255,255,255",10,邮件信息
10397,12,MSG_POST_GHELLD_ERROR,MST_Contents_001018,金币不足.,System_PC_HM_06.ogg|System_PC_HW_06.ogg|0|0|0|0|System_PC_OM_06.ogg|System_PC_OW_06.ogg,"255,255,255",10,邮件信息
10398,12,MSG_SEND_NOTRADEITEM,MST_Contents_001019,此项目无法通过邮件发送.,,"255,255,255",10,邮件信息
10399,12,MSG_POST_ITEM_ERROR,MST_Contents_001020,附件的项目大于有持有的金额要收取手续费.,,"255,255,255",10,邮件信息
10400,12,MSG_POST_GHELLD_OVER,MST_Contents_001021,超过持有的金额无法汇款.,,"255,255,255",10,邮件信息
10401,12,MSG_POST_GET_OFFICIAL,MST_Contents_001022,收到公文邮件.,System_PC_HM_21.ogg|System_PC_HW_21.ogg|0|0|0|0|System_PC_OM_21.ogg|System_PC_OW_21.ogg,"255,255,255",10,邮件信息
10402,12,MSG_POST_GET_MAIL,MST_Contents_001023,收到邮件.,System_PC_HM_21.ogg|System_PC_HW_21.ogg|0|0|0|0|System_PC_OM_21.ogg|System_PC_OW_21.ogg,"255,255,255",10,邮件信息
10403,12,MSG_MAIL_NOTARGET,MST_Contents_001024,无法发送的角色.,,"255,255,255",10,邮件信息
10404,12,MSG_MAIL_NOSELF,MST_Contents_001025,无法向设定相同的角色发送.,,"255,255,255",10,邮件信息
10405,12,MSG_MAIL_FULLSLOT,MST_Contents_001026,"对方的信箱已满,无法发送.",,"255,255,255",10,邮件信息
10406,12,MSG_MAIL_EMPTY,MST_Contents_001027,"可以收到的物品,没有金币.",,"255,255,255",10,邮件信息
10407,12,MSG_MAIL_SENTSLOTFULL,MST_Contents_001028,发件箱已满.,,"255,255,255",10,发件箱已满时的错误信息
10408,12,MSG_MAIL_NOINVENTORY,MST_Contents_001029,库存已满无法获得物品.,,"255,255,255",10,库存已满时收取邮件时的错误信息
10409,9,MSG_BINDER_SET_FAIL_01,MST_Contents_001030,死亡后无法储藏据点.,,"255,255,255",10,据点完成时
10410,12,MSG_BINDER_MOVE_SUCCESS,MST_Contents_001031,向据点移动.,,"255,255,255",10,据点移动后
10411,1,MSG_GUILDMARK_NOTICE,MST_Contents_001032,公会标志变更时，选择心仪的标志后按变更键.,,"255,255,255",10,公会标志UI内标示信息
10412,8,MSG_GUILDMARK_MODIFY_SUCCESS,MST_Contents_001033,公会标志已变更.,,"255,255,255",10,公会标志变更成功时
10413,9,MSG_GUILDMARK_MODIFY_FAIL_01,MST_Contents_001034,公会标志变更失败.请稍后再试.,,"255,255,255",10,公会标志变更失败时
10414,9,MSG_GUILDMARK_MODIFY_FAIL_02,MST_Contents_001035,错误的方式信息.,,"255,255,255",10,公会标志变更失败时
10415,9,MSG_GUILDMARK_MODIFY_FAIL_03,MST_Contents_001036,和标准相同的标识信息.,,"255,255,255",10,公会标志变更失败时
10416,1,MSG_TOOLTIP_HELP_GUILDMARK,MST_Contents_001037,"1.标志位置: Trunk\Texture\GUIldMark/n2.扩展名: png,bmp/n3.用量: 8 KB/n4.文件大小: 32 x 32",,"255,255,255",10,公会标志帮助语提示
10417,12,MSG_PARTY_MATCHDB_OWN,MST_Contents_001038,无法向自己发送队伍/突袭邀请.,,"255,255,255",10,队伍匹配注册时
10418,12,MSG_PARTY_MATCHDB_REGISTER,MST_Contents_001039,已注册队伍/突袭匹配.,,"255,255,255",10,队伍匹配注册时
10419,12,MSG_PARTY_MATCHDB_DEREGISTER,MST_Contents_001040,已解除队伍/突袭匹配.再次注册时，请在队伍匹配?? 选择<TC '196:223:155' Text'[注册]'/>键.,,"255,255,255",10,队伍匹配解除时
10420,0,MSG_PARTY_MATCH_RECRUIT_DEFAULT,MST_Contents_001041,募集队伍/突袭成员.,,"255,255,255",10,队伍匹配注册后基本募集字
10421,9,MSG_PARTY_MATCH_SEARCH_FAIL_BLANK,MST_Contents_001042,请输入最少两个关键字.,,"255,255,255",10,队伍匹配搜索时字数不足时
10422,8,MSG_PARTYGROUP_ASK_INVITE_FAIL_01,MST_Contents_001043,没有突袭邀请券.,,"255,255,255",10,突袭邀请时，联合邀请没有权限的PC时
10423,8,MSG_PARTYGROUP_ASK_INVITE_FAIL_02,MST_Contents_001044,只能在队伍场所邀请突袭.,,"255,255,255",10,突袭邀请时，对象是一般队伍成员时
10424,8,MSG_PARTY_INVITATION_UNABLE_MINE,MST_Contents_001045,无法邀请自己.,,"255,255,255",10,邀请本人时
10425,8,MSG_PARTY_INVITATION_UNABLE_LOGOFF,MST_Contents_001046,目标未连接.,,"255,255,255",10,邀请未连接的对象时
10426,12,MSG_PARTYGROUP_JOIN_01,MST_Contents_001047,已参与突袭.,,"255,255,255",10,"最初突袭成功时,标示邀请者和对象以及队伍的所有队伍成员"
10427,8,MSG_PARTYGROUP_INVITED,MST_Contents_001048,已经在邀请中.,,"255,255,255",10,已受到突袭邀请再次被队伍邀请
10428,8,MSG_PARTYGROUP_DISTRIBUTION_SW_01,MST_Contents_001049,突袭分配方式根据<TC '196:223:155' Text'[依次获取]'/>变更.,,"255,255,255",10,突袭分配方式变更-依次获取
10429,8,MSG_PARTYGROUP_DISTRIBUTION_SW_02,MST_Contents_001050,突袭分配方式根据<TC '196:223:155' Text'[随机获取]'/>变更.,,"255,255,255",10,突袭分配方式变更-随机获取
10430,8,MSG_PARTYGROUP_DISTRIBUTION_SW_03,MST_Contents_001051,突袭分配方式根据<TC '196:223:155' Text'[自由获取]'/>变更.,,"255,255,255",10,突袭分配方式变更-自由获取
10431,12,MSG_PARTYGROUP_BANED_02,MST_Contents_001052,从突袭中被踢出.,,"255,255,255",10,被突袭踢出时
10432,8,MSG_PARTYGROUP_OUT,MST_Contents_001053,退出突袭.,,"255,255,255",10,从突袭退出时
10433,8,MSG_PARTYGROUP_NOPARTY,MST_Contents_001054,目标正在参与队伍.,,"255,255,255",10,无法邀请突袭
10434,8,MSG_FRIEND_ADD_ASK_FAIL_01,MST_Contents_001055,相关角色已注册.,,"255,255,255",10,好友关联信息
10435,8,MSG_FRIEND_ADD_ASK_FAIL_02,MST_Contents_001056,找不到目标.,,"255,255,255",10,好友关联信息
10436,8,MSG_FRIEND_ADD_ASK_FAIL_03,MST_Contents_001057,无法再注册.,,"255,255,255",10,好友关联信息
10437,8,MSG_FRIEND_ADD_ASK_FAIL_04,MST_Contents_001058,无法自己注册.,,"255,255,255",10,好友关联信息
10438,8,MSG_FRIEND_ADD_ASK_FAIL_05,MST_Contents_001059,无法添加好友为阻止目标.,,"255,255,255",10,好友关联信息
10439,8,MSG_FRIEND_ADD_ASK_FAIL_06,MST_Contents_001060,无法阻止好友.,,"255,255,255",10,好友关联信息
10440,9,MSG_ITEMRINK_ERROR,MST_Contents_001061,看不到物品信息.,,"255,255,255",10,采集关联信息
10441,12,MSG_BATTLE_CHAR_MOVENOT,MST_Contents_001062,战斗状态下，无法向选择角色的画面移动.,System_PC_HM_15.ogg|System_PC_HW_15.ogg|0|0|0|0|System_PC_OM_15.ogg|System_PC_OW_15.ogg,"255,255,255",10,战斗行动制约信息
10442,12,MSG_BATTLE_CHAR_WAR_OUTNOT,MST_Contents_001063,战斗状态下，不能离开战场.,System_PC_HM_15.ogg|System_PC_HW_15.ogg|0|0|0|0|System_PC_OM_15.ogg|System_PC_OW_15.ogg,"255,255,255",10,战斗行动制约信息
10443,12,MSG_BATTLE_CHAR_ENDNOT,MST_Contents_001064,战斗状态下，无法终止.,System_PC_HM_15.ogg|System_PC_HW_15.ogg|0|0|0|0|System_PC_OM_15.ogg|System_PC_OW_15.ogg,"255,255,255",10,战斗行动制约信息
10444,12,MSG_BATTLE_CHAR_PORTAL_MOVENOT,MST_Contents_001065,战斗状态下，无法使用网站.,System_PC_HM_15.ogg|System_PC_HW_15.ogg|0|0|0|0|System_PC_OM_15.ogg|System_PC_OW_15.ogg,"255,255,255",10,战斗行动制约信息
10445,12,MSG_DUNGEON_NOTUSE,MST_Contents_001066,战斗状态下，无法进入地下城.,System_PC_HM_15.ogg|System_PC_HW_15.ogg|0|0|0|0|System_PC_OM_15.ogg|System_PC_OW_15.ogg,"255,255,255",10,战斗行动制约信息
10446,12,MSG_BATTLE_WARCONTENTS_NOTUSE,MST_Contents_001067,战斗状态下，无法进入大规模战场.,System_PC_HM_15.ogg|System_PC_HW_15.ogg|0|0|0|0|System_PC_OM_15.ogg|System_PC_OW_15.ogg,"255,255,255",10,战斗行动制约信息
10447,12,MSG_BATTLE_PCSHOP_NOTUSE,MST_Contents_001068,战斗状态下，无法打开个人商店.,System_PC_HM_15.ogg|System_PC_HW_15.ogg|0|0|0|0|System_PC_OM_15.ogg|System_PC_OW_15.ogg,"255,255,255",10,战斗行动制约信息
10448,12,MSG_CHAR_RETURN_TIME,MST_Contents_001069,向选择角色画面移动.,,"255,255,255",10,非战斗行动制约信息
10449,12,MSG_GAME_END_TIME,MST_Contents_001070,终止游戏.,,"255,255,255",10,非战斗行动制约信息
10450,12,MSG_TIME_OUT_CANCEL,MST_Contents_001071,已取消.,,"255,255,255",10,非战斗行动制约信息
10451,12,MSG_TIME_OUT_NOT,MST_Contents_001072,取消转换成战斗状态.,,"255,255,255",10,非战斗行动制约信息
10452,12,MSG_CREATERACE_RACE_HUMAN,MST_Contents_001073,"<TC '0:176:240' Text'人类'/>有出色的环境适应能力和手艺/n穿过坎德拉大陆全境. 熟练的开发使用/n道具,使用那样制作出来的/n 装备，会向有利的方向引导战斗./n为了解决破坏力不足,发展了/n<TC '228:108:10' Text'双手剑'/>.",,"255,255,255",10,角色生成-种族说明
10453,12,MSG_CREATERACE_RACE_MOONELF,MST_Contents_001074,<TC '0:176:240' Text'月精灵'/>自尊心超强，追求完美./n 天生集中力和敏捷度过人的他们/n根据冷静的判断引导战斗向有利的方向发展./n他们冷静的头脑/n通过发展武器<TC '228:108:10' Text'玄机'/>展示了出来.,,"255,255,255",10,角色生成-种族说明
10454,12,MSG_CREATERACE_RACE_DRAGONSION,MST_Contents_001075,"<TC '0:176:240' Text'龙之复仇者'/>好奇心强，喜欢涉猎/n各方面的知识. 他们/n虽然讨厌战斗，但是为了同伴和种族/n会比任何人都残忍./n 他们为了补充体力的不足,/n研究很久后，开发了<TC '228:108:10' Text'魔弹枪'/>.",,"255,255,255",10,角色生成-种族说明
10455,12,MSG_CREATERACE_RACE_ORC,MST_Contents_001076,"<TC '0:176:240' Text'兽人'/>体格强壮，性格好战./n 他们有着比起后退更要前进,失败不如去死的信念/n是重视名誉和使命的种族. /n差不多的猎物他们都会赤手空拳打死/n利用这样强大力量，开发了/n<TC '228:108:10' Text'斧头'/>的使用方法.",,"255,255,255",10,角色生成-种族说明
10456,12,MSG_CREATEITEM_WEAPON_LANCE,MST_Contents_001077,和盾牌和一起使用的单手武器./n可以向既是防御型又能进行保守的攻击的方向/n培养.,,"255,255,255",10,角色生成-武器说明-长枪
10457,12,MSG_CREATEITEM_WEAPON_STAFF,MST_Contents_001078,长距离攻击型武器./n可以向自由型和魔法攻击方向/n培养.,,"255,255,255",10,角色生成-武器说明-手杖
10458,12,MSG_CREATEITEM_WEAPON_AXE,MST_Contents_001079,坚硬的攻击型武器./n可以向发出爆发性的攻击/n以及近距离防御攻击的方向/n培养.,,"255,255,255",10,角色生成-武器说明-斧头
10459,12,MSG_CREATEITEM_WEAPON_BOW,MST_Contents_001080,进行远距离攻击的武器./n可以在安全距离攻击/n以及设置陷阱时培养/n战略性攻击.,,"255,255,255",10,角色生成-武器说明-弓箭
10460,12,MSG_CREATEITEM_WEAPON_CHAKRAM,MST_Contents_001081,环刃,,"255,255,255",10,角色生成-武器说明-环刃
10461,12,MSG_CREATEITEM_WEAPON_CANNON,MST_Contents_001082,大炮,,"255,255,255",10,角色生成-武器说明-大炮
10462,12,MSG_CREATEITEM_WEAPON_DAGGER,MST_Contents_001083,短剑,,"255,255,255",10,角色生成-武器说明-短剑
10463,12,MSG_CREATEITEM_WEAPON_ORB,MST_Contents_001084,进行远距离攻击的武器./n给敌方制造混乱使状态异常./n可以培养爆发性单一魔法/n以及多形态魔法.,,"255,255,255",10,角色生成-武器说明-??
10464,12,MSG_CREATEITEM_WEAPON_MAGICGUN,MST_Contents_001085,进行远距离攻击的武器./n使敌人状态异常/n战况向有利的方向发展战斗./n可以培养强有力的单一魔法/n以及多形态魔法.,,"255,255,255",10,角色生成-武器说明-马坦剑
10465,12,MSG_CREATEITEM_WEAPON_SWORD,MST_Contents_001086,和盾牌一起使用的单手武器./n可以向既是防御型又能进行保守的攻击的方向/n培养.,,"255,255,255",10,角色生成-武器说明-单手剑
10466,12,MSG_CREATEITEM_WEAPON_BLADE,MST_Contents_001087,强硬的攻击型武器./n可以向爆发性攻击/n以及近距离防御攻击的方向/n培养.,,"255,255,255",10,角色生成-武器说明-双手剑
10467,12,MSG_CREATEITEM_WEAPON_ARBALEST,MST_Contents_001088,进行远距离攻击的武器./n可以在安全距离攻击/n以及设置陷阱时培养/n战略性攻击.,,"255,255,255",10,角色生成-武器说明-石弓
10468,12,MSG_CREATEITEM_WEAPON_WAND,MST_Contents_001089,进行远距离攻击的武器./n可以培养成治愈型武器/n以及进行魔法攻击.,,"255,255,255",10,角色生成-武器说明-魔杖
10469,12,MSG_CREATESKILL_WEAPON_LANCE,MST_Contents_001090,由防御树和一击树构成./n<TC '255:255:0' Text'防御树'/>是由提升防御力的技能/n和提升???的技能/n构成的.<TC '0:176:80' Text'一击树'/>是由保守型攻击技能/n构成的.,,"255,255,255",10,角色生成-技能说明-长枪
10470,12,MSG_CREATESKILL_WEAPON_STAFF,MST_Contents_001091,由生命树和混沌树构成的./n<TC '255:255:0' Text'生命树'/>是由恢复系列的技能/n构成的./n<TC '0:176:80' Text'混沌树'/>是由给对方造成混乱的技能/n构成的.,,"255,255,255",10,角色生成-技能说明-手杖
10471,12,MSG_CREATESKILL_WEAPON_AXE,MST_Contents_001092,是由破坏树和守卫树构成的./n<TC '255:255:0' Text'破坏树'/>是由提高杀伤力的攻击技能/n构成的./n<TC '0:176:80' Text'守卫树'/>是由提高安定性防御力的技能/n构成的.,,"255,255,255",10,角色生成-技能说明-斧头
10472,12,MSG_CREATESKILL_WEAPON_BOW,MST_Contents_001093,是由射击树和陷阱树构成的./n<TC '255:255:0' Text'射击树'/>是由提高杀伤力的攻击技能/n构成./n<TC '0:176:80' Text'陷阱树'/>是由通过设置陷阱达到混乱效果的技能/n构成的.,,"255,255,255",10,角色生成-技能说明-弓箭
10473,12,MSG_CREATESKILL_WEAPON_CHAKRAM,MST_Contents_001094,环刃,,"255,255,255",10,角色生成-技能说明-环刃
10474,12,MSG_CREATESKILL_WEAPON_CANNON,MST_Contents_001095,大炮,,"255,255,255",10,角色生成-技能说明-大炮
10475,12,MSG_CREATESKILL_WEAPON_DAGGER,MST_Contents_001096,短剑,,"255,255,255",10,角色生成-技能说明-短剑
10476,12,MSG_CREATESKILL_WEAPON_ORB,MST_Contents_001097,玄机,,"255,255,255",10,角色生成-技能说明-??
10477,12,MSG_CREATESKILL_WEAPON_MAGICGUN,MST_Contents_001098,魔弹枪,,"255,255,255",10,角色生成-技能说明-马坦剑
10478,12,MSG_CREATESKILL_WEAPON_SWORD,MST_Contents_001099,由防御树和一击树构成./n<TC '255:255:0' Text'防御树'/>是由提升防御力的技能/n和提高???的技能构成的./n<TC '0:176:80' Text'一击树'/>是由保守型攻击技能/n构成的.,,"255,255,255",10,角色生成-技能说明-单手剑
10479,12,MSG_CREATESKILL_WEAPON_BLADE,MST_Contents_001100,是由破坏树和守卫树构成的./n<TC '255:255:0' Text'破坏树'/>是由提高杀伤力的攻击技能/n构成的./n<TC '0:176:80' Text'守卫树'/>是由提高安定性防御力的技能/n构成的.,,"255,255,255",10,角色生成-技能说明-双手剑
10480,12,MSG_CREATESKILL_WEAPON_ARBALEST,MST_Contents_001101,是由射击树和陷阱树构成的./n<TC '255:255:0' Text'射击树'/>是由提高杀伤力的攻击技能/n构成./n<TC '0:176:80' Text'陷阱树'/>是由通过设置陷阱达到混乱效果的技能/n构成的.,,"255,255,255",10,角色生成-技能说明-石弓
10481,12,MSG_CREATESKILL_WEAPON_WAND,MST_Contents_001102,由生命树和混沌树构成的./n<TC '255:255:0' Text'生命树'/>是由恢复系列的技能/n构成的./n<TC '0:176:80' Text'混沌树'/>是由给对方造成混乱的技能/n构成的.,,"255,255,255",10,角色生成-技能说明-魔杖
10482,12,MSG_SKILLLEARN_LIMITMAINWEAPON,MST_Contents_001103,主武器无法学习要求技能.,,"255,255,255",10,学习技能时主武器不符的情况
10483,12,MSG_WEAPON_SWAPDELAY,MST_Contents_001104,武器交替适用于冷却时间.,,"255,255,255",10,武器交替-延迟1秒内再次申请武器交替的情况
10484,12,MSG_WEAPON_SWAPCASTING,MST_Contents_001105,施法中无法进行武器交替.,,"255,255,255",10,武器交替-技能施法时申请武器交替
10485,12,MSG_WEAPON_SWAPJUMP,MST_Contents_001106,跳跃中无法进行武器交替.,,"255,255,255",10,武器交替-?跳跃状态下申请武器交替
10486,12,MSG_WEAPON_ALREADYEQUIP,MST_Contents_001107,正在使用的武器.,,"255,255,255",10,武器交替-已经装备中选择武器
10487,12,MSG_WEAPON_NOEQUIP,MST_Contents_001108,"没有装备武器,无法使用.",,"255,255,255",10,武器交替-没有装备的武器时使用快捷栏
10488,12,MSG_WAR_ATTACK_NOTPLAYING,MST_Contents_001109,没有开始攻守决定战.,,"255,255,255",10,"攻/守决定战没有开始,打算自行开始时"
10489,0,MSG_WAR_ARCHLORD_GOAL,MST_Contents_001110,最后一人生存.,,"255,255,255",10,霸王决定战战场UI输出的文字
10490,12,MSG_WAR_ARCHLORD_HALIDOM_DIE,MST_Contents_001111,荣耀的象征死了.,,"255,255,255",10,荣耀的象征的主人死亡的情况(霸王之决)
10491,12,MSG_WAR_ARCHLORD_FAIL,MST_Contents_001112,霸王之决无胜负的情况不会产生霸王.,,"255,255,255",10,霸王之决 无胜负
10492,0,MSG_WAR_ARCHLORD_WIN,MST_Contents_001113,在霸王之决中胜利.,,"255,255,255",10,在霸王之决战场结果UI输出的信息(决定战专用)
10493,0,MSG_WAR_ARCHLORD_LOSE,MST_Contents_001114,在霸王之决中失败.,,"255,255,255",10,在霸王之决战场结果UI输出的信息(决定战专用)
10494,0,MSG_WAR_ARCHLORD_DRAW,MST_Contents_001115,霸王之决无胜负.,,"255,255,255",10,在霸王之决战场结果UI输出的信息(决定战专用)
10495,12,MSG_ARCHLORD_END,MST_Contents_001116,霸王任期结束.,,"255,255,255",10,霸王期间终止时输出
10496,12,MSG_CREATE_IMPOSSIBLE,MST_Contents_001117,不能使用禁语.,,"255,255,255",10,公会禁语生成.打算通过个人商店开设的情况
10497,12,MSG_ENTITY_GATHERFAIL,MST_Contents_001118,采集失败.,,"255,255,255",10,采集失败时
10498,12,MSG_SKILL_PARTY_NOT,MST_Contents_001119,只能在队伍/突袭中使用.,,"255,255,255",10,队伍成员无法使用召唤技能
10499,12,MSG_SKILL_TARGET_NO,MST_Contents_001120,请选择目标.,System_PC_HM_13.ogg|System_PC_HW_13.ogg|0|0|0|0|System_PC_OM_13.ogg|System_PC_OW_13.ogg,"255,255,255",10,没有选择就使用技能
10500,8,MSG_KEYSETTING_HOTKEY_NOT,MST_Contents_001121,此快捷键无法使用.,,"255,255,255",10,按键设定
10501,8,MSG_KEYSETTING_HOTKEY_NUMBER,MST_Contents_001122,和数字组合才能使用.,,"255,255,255",10,按键设定
10502,12,MSG_PARTY_REACHED_MAXEXP,MST_Contents_001123,队伍/突袭 经验值为100%.,,"255,255,255",10,队伍经验值积累100%
10503,12,MSG_PARTY_REACHED_EXP_LOW,MST_Contents_001124,队伍/突袭 经验值不足.,,"255,255,255",10,队伍经验值不足
10504,12,MSG_CASTING_ANI_CANCEL,MST_Contents_001125,行动取消.,,"255,255,255",10,"采集,圣物占领挑选??使用时，移动或按esc取消"
10505,12,MSG_QUEST_NAVIGATION_CANCEL,MST_Contents_001126,取消/变更自动移动.,,"255,255,255",10,任务自动移动取消
10506,12,MSG_QUEST_NAVIGATION_NOTMOVE,MST_Contents_001127,此地域无法自动移动.移动到相关地域后再使用.,,"255,255,255",10,任务自动移动地图编号不同时
10507,12,MSG_QUEST_NAVIGATION_COMPLETE,MST_Contents_001128,到达目的地.,,"255,255,255",10,任务自动移动完成
10508,12,MSG_FAMEPOINT_NOGAIN,MST_Contents_001129,无法获得名望分数.目标是无法获取名望分数的状态.,,"255,255,255",10,没有给名望分数的buff是死亡状态挂机 
10509,12,MSG_FAMEPOINT_SHORTPOINT,MST_Contents_001130,"名望分数不足,无法购买.",System_PC_HM_16.ogg|System_PC_HW_16.ogg|0|0|0|0|System_PC_OM_16.ogg|System_PC_OW_16.ogg,"255,255,255",10,"由于名望分数不足,无法买入物品"
10510,12,MSG_INSTANCE_SUCCESS,MST_Contents_001131,任务成功.,,"255,255,255",10,任务成功时输出的信息
10511,12,MSG_INSTANCE_FAIL,MST_Contents_001132,任务失败.,,"255,255,255",10,任务失败的情况
10512,12,MSG_INSTANCE_SOLO_LEVEL_NOJOIN,MST_Contents_001133,等级不足无法进入.,,"255,255,255",10,等级不足无法进入(个人情况)
10513,12,MSG_INSTANCE_NOTMAP,MST_Contents_001134,可以进入地下城的个数不足，无法进入.请稍后再试.,,"255,255,255",10,"超过已生成的地下城地图,无法进入地下城地图"
10514,12,MSG_INSTANCE_PARTY_CHANGE,MST_Contents_001135,"队伍/突袭信息变更,取消进入地下城.",,"255,255,255",10,队伍人员数已变更的情况(加入/退出/解散)
10515,12,MSG_INSTANCE_JOIN_CANCEL,MST_Contents_001136,取消进入地下城.,,"255,255,255",10,单独状态下，队伍状态或PC死亡连接战场地图的情况
10516,12,MSG_INSTANCE_SKILL_USENO,MST_Contents_001137,在地下城，队伍成员无法使用召唤技能.,,"255,255,255",10,在地下城，队伍成员使用召唤技能时
10517,12,MSG_INSTANCE_PARTMATTING_USENO,MST_Contents_001138,在地下城，队伍/突袭无法使用匹配的系统.,,"255,255,255",10,在地下城，点击[队伍匹配UI]时
10518,12,MSG_INSTANCE_PARTY_OUT1,MST_Contents_001139,在地下城，无法退出队伍/突袭.,,"255,255,255",10,在地下城，点击[退出队伍]时
10519,12,MSG_INSTANCE_PARTY_ OUT2,MST_Contents_001140,在地下城，无法踢出队伍/突袭.,,"255,255,255",10,在地下城，点击[踢出队伍]时
10520,12,MSG_INSTANCE_PARTY_ OUT3,MST_Contents_001141,在地下城，无法退出队伍/突袭.,,"255,255,255",10,在地下城，点击[退出联合]时
10521,12,MSG_AUCTION_RECHARGE,MST_Contents_001142,最多可以注册10个.,,"255,255,255",10,拍卖场UI标示
10522,12,MSG_AUCTION_GHELLD_LACK,MST_Contents_001143,手续费不足.,,"255,255,255",10,拍卖场-物品注册手续费不足
10523,12,MSG_AUCTION_CALCULATE_END,MST_Contents_001144,结算完成.,,"255,255,255",10,拍卖场-清算结束
10524,12,MSG_AUCTION_CALCULATE_NOINVENTORY,MST_Contents_001145,"背包中没有空位,无法清算.",,"255,255,255",10,拍卖场-空位不足
10525,12,MSG_AUCTION_NOBUYSAMEPC,MST_Contents_001146,无法购买自己的物品.,,"255,255,255",10,拍卖场-无法购买自己的物品
10526,0,MSG_WAITINGBOX_MESSAGE,MST_Contents_001147,请稍等.,,"255,255,255",10,拍卖场等待信息
10527,12,MSG_MAIL_HASITEM,MST_Contents_001148,请收取所有的附加物品.,,"255,255,255",10,邮件-收到的邮件物里，有物品/金币但打算删除时
10528,12,MSG_BATTLE_CHAR_MOVENOT,MST_Contents_001149,离开地下城.,,"255,255,255",10,地下城-游戏途中离开
10529,12,MSG_BATTLE_CHAR_WAR_OUTNOT,MST_Contents_001150,离开地下城.剩余时间$GetValue1()秒.,,"255,255,255",10,地下城-游戏途中离开
10530,12,MSG_PARTYGROUP_ALREADY,MST_Contents_001151,已经参加了其他的突袭.,,"255,255,255",10,在已联合的队伍场，邀请联合队伍时
10531,12,MSG_INSTANCE_CHAR_MOVENOT,MST_Contents_001152,在地下城，无法移动到选择角色的画面.,,"255,255,255",10,在地下城，战斗行动制约信息
10532,12,MSG_INSTANCE_CHAR_WAR_OUTNOT,MST_Contents_001153,战斗状态下，无法离开地下城.,,"255,255,255",10,在地下城，战斗行动制约信息
10533,12,MSG_DUNGEON_NOTLINK,MST_Contents_001154,已经进入地下城了.,,"255,255,255",10,已在地下城队伍再次邀请进入地下城队伍时
10534,12,MSG_FORTUNA_LACK,MST_Contents_001155,金币不足.,System_PC_HM_17.ogg|System_PC_HW_17.ogg|0|0|0|0|System_PC_OM_17.ogg|System_PC_OW_17.ogg,"255,255,255",10,环岛UI
10535,12,MSG_FORTUNA_MAX,MST_Contents_001156,金币最多可累计255个.,,"255,255,255",10,环岛UI
10536,12,GV_EQUIP_LIMIT_RACE,MST_Contents_001157,此种族无法使用.,,"255,255,0",10,物品-穿着限制-种族
10537,12,GV_EQUIP_LIMIT_GENDER,MST_Contents_001158,此性别无法使用.,,"255,255,0",10,物品-穿着限制-性别
10538,0,MSG_GUILD_SAFE_MONEY_MESSAGE,MST_Contents_001159,请输入金币.,,"255,255,255",10,仓库金币存取信息
10539,0,MSG_ITEM_REPAIR_MESSAGE,MST_Contents_001160,修理了吗?,,"255,255,255",10,修理信息
10540,0,MSG_GUILD_MAKE_NAME,MST_Contents_001161,请输入公会名称.,,"255,255,255",10,公会名称输入信息
10541,12,MSG_ITEM_USENOTAREA,MST_Contents_001162,此地域无法使用物品.,System_PC_HM_14.ogg|System_PC_HW_14.ogg|0|0|0|0|System_PC_OM_14.ogg|System_PC_OW_14.ogg,"255,255,255",10,物品使用地域限制
10542,12,MSG_SKILL_ATTACKERDEAD,MST_Contents_001163,死亡后无法使用.,,"255,255,255",10,死亡状态下使用平刺技能
10543,12,MSG_RECIPE_LEARN_NOT,MST_Contents_001164,不满足学习图案的条件.,,"255,255,255",10,不满足学习图案的条件
10544,12,MSG_STOREHOUSE_SLOT_NOT,MST_Contents_001165,仓库里没有空间.,,"255,255,255",10,仓库里没有空间
10545,12,MSG_ITEM_PURCHASE_NOT,MST_Contents_001166,超过对方的最大现金金额，无法买入.,,"255,255,255",10,超过对方的最大现金金额，无法买入
10546,12,MSG_GUILD_LOCKSTORESLOT,MST_Contents_001167,公会仓库没有空间.,,"255,255,255",10,公会仓库没有空间
10547,12,MSG_GUILD_DIFFUNION,MST_Contents_001168,阵营不同，无法邀请其参加公会.,,"255,255,255",10,公会邀请不同阵营的角色时
10548,12,MSG_COMMAND_NOTABLE,MST_Contents_001169,输入的命令错误.,,"255,255,255",10,命令输入错误
10549,12,MSG_OPTION_RESOLUTION,MST_Contents_001170,可以在退出时变更分辨率.,,"255,255,255",10,分辨率变更时输出信息
10550,12,MSG_OPTION_LANGUAGE,,可以在退出时变更语言设定.,,"255,255,255",10,选择设定语言变更时输出信息
10551,12,MSG_ENTITY_NOTEXIT,MST_Contents_001171,没有采集目标.,,"255,255,255",10,没有采集对象却打算采集时
10552,12,MSG_ENTITY_NOTOWNER,MST_Contents_001172,没有采集权限.,,"255,255,255",10,"正在进行别的采集,还打算进行采集时"
10553,12,MSG_ENTITY_NOTLEVEL,MST_Contents_001173,熟练度不足，无法采集.,,"255,255,255",10,采集比自己熟练度高的物品时
10554,12,MSG_LOOTING_NOTTARGET,MST_Contents_001174,请选择抢夺目标.,,"255,255,255",10,未选择对象点击抢夺快捷键时
10555,12,MSG_LOOTING_NOTACTION,MST_Contents_001175,此目标无法抢夺.,,"255,255,255",10,在无法进行抢夺时点击抢夺快捷键时
10556,12,MSG_SORT_DELAY,MST_Contents_001176,请一秒后再试.,,"255,255,255",10,1秒内重复点击物品占领键时
10557,12,MSG_ITEM_UNBOXLIMITLEVEL,MST_Contents_001177,等级不足无法启动.,,"255,255,255",10,开启礼物箱子的等级不足
10558,12,MSG_MYGUARD_COLOR,MST_Contents_001178,自己的警备卡命名属性.,,"0,208,94",10,变更警备卡的名称属性
10559,12,MSG_ITEM_USENOTINVENEX,MST_Contents_001179,无法再扩大背包容量了.,,"255,255,255",10,无法再扩大背包容量了
10560,12,MSG_ITEM_SLOTLOCK,MST_Contents_001180,请扩大仓库容量.,,"255,255,255",10,还未扩展时再拖动进入
10561,12,MSG_ITEM_USENOTSTOREEX,MST_Contents_001181,无法在扩大仓库容量了.,,"255,255,255",10,仓库扩展错误信息
10562,12,MSG_SKILLTOGGLE_ON,MST_Contents_001182,开启基础攻击.,,"255,255,255",10,基本攻击变更为On时
10563,12,MSG_SKILLTOGGLE_OFF,MST_Contents_001183,关闭基础攻击.,,"255,255,255",10,基本攻击变更为Off时.
10564,1,MSG_PARTY_REGISTRATION_NOT,MST_Contents_001184,队伍/突袭匹配中没有注册.,,"255,255,255",10,未注册队伍匹配
10565,0,MSG_RAID_DESCRIPTION,MST_Contents_001185,"突袭是由6~20名成员构成的大规模队伍./n一般情况下对强大的目标进行物理攻击,或参与大规模战斗的时候结成的. /n但和5人队伍相比，干掉怪兽得到的经验值和金币会减少.",,"255,255,255",10,介绍突袭转换场已输出的突袭用语
10566,12,MSG_DUNGEON_NOLEVEL,MST_Contents_001186,不满足等级条件.,,"255,255,255",10,不满足进入地下城的等级条件
10567,12,MSG_DUNGEON_NOITEM,MST_Contents_001187,进入物品是必要的.,,"255,255,255",10,没有进入地下城的物品
10568,0,MSG_DUNGEON_ITEM_NONEED,MST_Contents_001188,没有,,"255,255,255",10,进入地下城物品不必要的情况
10569,1,MSG_DUNGEON_NOTINVENTORY,MST_Contents_001189,背包里没有空位.请腾空背包.,,"255,255,255",10,地下城背包已满的情况
10570,12,MSG_DUNGEON_NOTALLOCATE,MST_Contents_001190,无法进入地下城.请稍后再试.,,"255,255,255",10,无法进入地下城的情况
10571,1,MSG_PARTY_NOTINVITE,MST_Contents_001191,打算缔结的队伍目标在地下城/战场是无法队伍.,,"255,255,255",10,"试图匹配在地下城,战场的成员参加队伍时"
10572,12,MSG_STATE_LEARN,MST_Contents_001192,属性已变更.,,"255,255,255",10,点击seutet适用确认键时
10573,12,MSG_PARTYMATCH_NOSELF,MST_Contents_001193,自己无法邀请自己.,,"255,255,255",10,队伍匹配UI
10574,12,MSG_QUEST_NOSTARTSLOT,MST_Contents_001194,"背包里没有空位,所以无法进行.",,"255,255,255",10,"包里没有空位,无法携带任务物品"
10575,12,MSG_RAID_FULL,MST_Contents_001195,突袭人员无法在增加.,,"255,255,255",10,突袭成员已满
10576,12,MSG_PARTY_MATCHDB_INVITE,MST_Contents_001196,已邀请队伍.,,"255,255,255",10,邀请匹配队伍信息
10577,12,MSG_PARTYGROUP_INVITE,MST_Contents_001197,已邀请突袭.,,"255,255,255",10,突袭邀请信息
10578,8,MSG_ALERT_ERROR,MST_Contents_001198,突袭场所以外无法使用信息.,,"255,255,255",10,突袭信息无法使用
10579,12,MSG_GUILD_HOMEPAGE_CHANGE,MST_Contents_001199,公会主页无法变更.,,"255,255,255",10,公会主页变更完成
10580,12,MSG_PARTY_MATCHDB_NOCREATE,MST_Contents_001200,人数已满无法注册.,,"255,255,255",10,人数已满打算注册队伍匹配时
10581,12,MSG_PARTY_INVITATION_JOIN,MST_Contents_001201,已追加队伍成员.,,"255,255,255",10,队伍成员加入
10582,12,MSG_PARTYMATCH_MSG,MST_Contents_001202,未注册队伍无法变更队伍募集文.,,"255,255,255",10,未注册队伍匹配时，打算变更队伍募集文时
10583,12,MSG_PARTYMATCH_FIND,MST_Contents_001203,找不到队伍.请稍后再试.,,"255,255,255",10,找不到队伍匹配时
10584,12,MSG_PARTYMATCH_NOTPUTAREA,MST_Contents_001204,在地下城/战场内无法注册队伍/突袭.,,"255,255,255",10,试图在地下城/战场内注册队伍匹配时
10585,12,MSG_PARTYMATCH_NOTPUT,MST_Contents_001205,无法注册队伍/突袭.,,"255,255,255",10,无法在队伍匹配注册时
10586,0,MSG_PROGRESS_ENCHANT,MST_Contents_001206,物品强化中.,,"255,255,255",10,物品强化进行中的信息
10587,0,MSG_PROGRESS_ALCHEMY,MST_Contents_001207,项目延展中.,,"255,255,255",10,炼金术延伸进行中的信息
10588,0,MSG_PROGRESS_BREAK,MST_Contents_001208,物品分解中.,,"255,255,255",10,物品分解进行中的信息
10589,0,MSG_PROGRESS_SOCKET_EQUIP,MST_Contents_001209,装备灵石中.,,"255,255,255",10,装备灵石进行中的信息
10590,0,MSG_PROGRESS_SOCKET_DIVISION,MST_Contents_001210,去除灵石中.,,"255,255,255",10,去除灵石进行中的信息
10591,0,MSG_PROGRESS_SEED,MST_Contents_001211,选择变更中.,,"255,255,255",10,根据seed物品选择权变更进行中的息
10592,0,MSG_PROGRESS_ITEMMIX,MST_Contents_001212,组合中.,,"255,255,255",10,物品进行组合的信息
10593,8,MSG_CHAT_PARTY_NOJOIN,MST_Contents_001213,只能在队伍时使用.,,"255,255,255",10,在聊天UI中，非队伍状态时打算聊天的情况
10594,8,MSG_CHAT_GUILD_NOJOIN,MST_Contents_001214,必须加入公会.,,"255,255,255",10,在聊天UI中，非公会状态时打算聊天的情况
10595,8,MSG_CHAT_RAID_NOJOIN,MST_Contents_001215,只能在突袭时使用.,,"255,255,255",10,在聊天UI中，非突袭状态时打算聊天的情况
10596,12,MSG_SKILL_LEARN,MST_Contents_001216,已学习技能.,,"255,255,255",10,学习技能信息
10597,8,MSG_FRIEND_BLOCK_CALL_FAIL,MST_Contents_001217,对方掉线.,,"255,255,255",10,好友不在线信息
10598,8,MSG_REBIRTH_NEARTOWN,MST_Contents_001218,可以在附近的村庄复活吗？,,"255,255,255",10,选择附近村庄复活时.
10599,12,MSG_REBIRTH_NEARTOWN_SUCCESS,MST_Contents_001219,向附近的村庄移动.,,"255,255,255",10,选择附近村庄复活时.
10600,8,MSG_DANGER_ALARM,MST_Contents_001220,没剩多少体力.,,"255,255,0",10,PC的体力不足20%时
10601,12,MSG_QUEST_MOVENOT,MST_Contents_001221,此任务无法自动移动.,,"255,255,0",10,无法自动移动的任务
10602,8,MSG_COMMAND_ERROR,MST_Contents_001222,无法执行指令.,,"255,255,0",10,错误的执行命令语信息
10603,8,MSG_COMMAND_ERRORARGS,MST_Contents_001223,命令参数值错误.,,"255,255,0",10,错误的任务语参数信息
10604,8,MSG_JOIN1,MST_Contents_001224,请确认角色信息窗，小地图，聊天窗，快捷栏，系统菜单等.,,"255,255,0",10,教程说明
10605,8,MSG_JOIN2,MST_Contents_001225,可以移动到鼠标点击的地点.,,"255,255,0",10,教程说明
10606,8,MSG_JOIN3,MST_Contents_001226,"按<W,S,A,D,Q,E>键人物可以移动.",,"255,255,0",10,教程说明
10607,8,MSG_JOIN4,MST_Contents_001227,点击着鼠标的向左右滑动，画面视线也会随之移动.,,"255,255,0",10,教程说明
10608,8,MSG_JOIN5,MST_Contents_001228,上下滑动鼠标滑轮可以扩大或缩小画面.,,"255,255,0",10,教程说明
10609,8,MSG_STATS,MST_Contents_001229,"如果角色等级提高,会获取属性点2./n投资自己想要的属性,角色能力会上升.",,"255,255,0",10,教程说明
10610,8,MSG_GUILD1,MST_Contents_001230,通过目标窗口中公会邀请菜单可以邀请同伴.,,"255,255,0",10,教程说明
10611,8,MSG_GUILD2,MST_Contents_001231,通过公会NPC的创立公会菜单可以创立公会.,,"255,255,0",10,教程说明
10612,8,MSG_WAR,MST_Contents_001232,鼠标点击战场图标就可以加入战场了.,,"255,255,0",10,教程说明
10613,8,MSG_WEAPONUP1,MST_Contents_001233,在技能窗口(K)中，可以升级技能要点/n获取技能.,,"255,255,0",10,教程说明
10614,8,MSG_WEAPONUP2,MST_Contents_001234,在技能窗口(K)中，拖拽技能或在库存(I)中/n拖拽物品，可以在快捷栏注册.,,"255,255,0",10,教程说明
10615,8,MSG_ITEMROOTING1,MST_Contents_001235,将取得的物品拖拽到物品装备/n或用鼠标点击，即可装备.,,"255,255,0",10,教程说明
10616,8,MSG_ITEMROOTING2,MST_Contents_001236,通过分解窗口可以分解物品.,,"255,255,0",10,教程说明
10617,8,MSG_GATHER,MST_Contents_001237,"在制作窗口中[制作全部],点击[制作]键即可制作物品.",,"255,255,0",10,教程说明
10618,8,MSG_ENCHANT,MST_Contents_001238,需要强化的物品，在注册后点击强化键/n即可强化.,,"255,255,0",10,教程说明
10619,8,MSG_ALCHEMY,MST_Contents_001239,炼金术火炉中，注册炼制书和炼制材料/n即可炼制物品.,,"255,255,0",10,教程说明
10620,8,MSG_SPIRIT1,MST_Contents_001240,通过灵石装备窗口，可以给空孔位/n装备灵石.,,"255,255,0",10,教程说明
10621,8,MSG_SPIRIT2,MST_Contents_001241,通过去除灵石窗口，可以去除已经装备的灵石.,,"255,255,0",10,教程说明
10622,8,MSG_QUSET1,MST_Contents_001242,"在整体地图(M)中!任务,?显示完成任务/n▼显示任务执行地域.",,"255,255,0",10,教程说明
10623,8,MSG_QUSET2,MST_Contents_001243,点击任务目标/n可以自动移动到任务执行地域.,,"255,255,0",10,教程说明
10624,8,MSG_QUSET_GATHER,MST_Contents_001244,用鼠标双击采集物或者点击鼠标右键/n即可实行采集获取采集物.,,"255,255,0",10,教程说明
10625,8,MSG_PARTY1,MST_Contents_001245,通过目标窗口的队伍邀请菜单，可以与同伴结成队伍.,,"255,255,0",10,教程说明
10626,8,MSG_PARTY2,MST_Contents_001246,获得队伍经验值后，就可以使用队伍技能.,,"255,255,0",10,教程说明
10627,8,MSG_DURABLILTY,MST_Contents_001247,耐久度被消耗的物品，可以通过修理物品窗口/n修理.,,"255,255,0",10,教程说明
10628,8,MSG_MOBDEAD,MST_Contents_001248,如果点击鼠标出现抢夺窗口，就可以获取战利品.,,"255,255,0",10,教程说明
10629,8,MSG_BATTLE1,MST_Contents_001249,鼠标双击选择目标或者在快捷栏中点击攻击键/n就可以开始战斗了 . ,,"255,255,0",10,教程说明
10630,8,MSG_BATTLE2,MST_Contents_001250,已经在快捷栏注册的技能，按快捷键就可以使用技能.,,"255,255,0",10,教程说明
10631,0,MSG_TOOLTIP_REBIRTH_NEARTOWN_DESC,MST_Contents_001251,说明:可以在最近的村庄复活.,,"255,255,0",10,"提示：在复活UI""在附近村庄复活""键的说明文字"
10632,0,MSG_TOOLTIP_REBIRTH_BINDER_DESC,MST_Contents_001252,说明:可以在最后注册的据点复活.,,"255,255,0",10,"提示：在复活UI""在附近村庄复活""键的说明文字"
10633,12,MSG_GM_PCKICKONE,MST_Contents_001253,运营者强制终止连接.,,"255,255,0",10,GM强制退出时
10634,12,MSG_UNUSUAL_PCKICKONE,MST_Contents_001254,发现不正常的程序使用.程序终止.,,"255,255,0",10,使用不正常的程序时
10635,0,MSG_STORGE_DEPOSIT,MST_Contents_001255,存款时输入金币.,,"255,255,255",10,在仓库存入金币
10636,0,MSG_STORGE_WITHDRAWAL,MST_Contents_001256,取款时输入金币.,,"255,255,255",10,从仓库取出金币
10637,12,MSG_DUNGEON_ALREADYDUNGEON,MST_Contents_001257,队伍成员已经进入地下城.,,"255,255,255",10,无法地下城进入
10638,8,MSG_CHAT_CHANNEL_ADD_ERROR,MST_Contents_001258,无法再添加聊天键.,,"255,255,255",10,无法再添加聊天键
10639,12,MSG_DUNGEON_LOGOUTPLAYER,MST_Contents_001259,离开队伍成员无法进入地下城.,,"255,255,255",10,无法地下城进入
10640,12,MSG_DUNGEONREADY_NOTENOUGH01,MST_Contents_001260,地下城准备中，如果邀请队伍成员地下城准备将会终止.,,"255,255,255",10,地下城准备中，无法变更队伍场所.
10641,12,MSG_DUNGEONREADY_NOTENOUGH02,MST_Contents_001261,地下城准备中，如果队伍成员离线地下城准备将会终止.,,"255,255,255",10,地下城准备中，队伍成员离线状态下变更
10642,12,MSG_DUNGEON_OVERPLAYER,MST_Contents_001262,超过了可以进入的人数上限，无法进入.,,"255,255,255",10,超过了可以进入的人数上限
10643,12,MSG_RECORD_MOVIE_END,MST_Contents_001263,结束录像.,,"255,255,255",10,结束录像
10644,12,MSG_RACEWAR_PCFULL,MST_Contents_001264,超过了可以参加大规模战场的人数上限.,,"255,255,255",10,超过了可以参加大规模战场的人数上限
10645,12,MSG_PCSHOP_CANCEL,MST_Contents_001265,结束个人商店.,,"255,255,255",10,"个人商店开设中点击""取消""或""x""时"
10646,12,MSG_CAPTURE_FAIL,MST_Contents_001266,无法录像.,,"255,255,255",10,无法录像的状态
10647,8,MSG_CHAT_WHISPER_FAIL,MST_Contents_001267,找不到目标,,"255,255,255",10,密语对象错误时
10648,8,MSG_CHAT_WHISPER_FAIL02,MST_Contents_001268,无法和其他阵营进行密语.,,"255,255,255",10,密语对象错误时
10649,8,MSG_CHAT_WHISPER_FAIL03,MST_Contents_001269,无法和自己密语.,,"255,255,255",10,和自己密语的情况
10650,12,MSG_REPURCHASE_SALEITEM,MST_Contents_001270,回购中无法出售.,,"255,255,255",10,出售回购情况中的库存的物品时
10651,0,MSG_MINIGAGE_PCHP,MST_Contents_001271,PC的迷你尺寸HP标示,,"255,15,25",10,HP标示
10652,0,MSG_MINIGAGE_PCMP,MST_Contents_001272,PC的迷你尺寸MP标示,,"0,94,215",10,MP标示
10653,0,MSG_MINIGAGE_FRIENDLY_NPC,MST_Contents_001273,我军NPC迷你尺寸标示,,"255,15,25",10,HP标示
10654,0,MSG_MINIGAGE_FRIENDLY_PC,MST_Contents_001274,我军PC迷你尺寸标示,,"255,15,25",10,HP标示
10655,0,MSG_MINIGAGE_ENERMY_NPC,MST_Contents_001275,"敌军NPC,先攻怪兽NPC,后攻怪兽NPC迷你尺寸标示",,"255,15,25",10,HP标示
10656,0,MSG_MINIGAGE_ENERMY_PC,MST_Contents_001276,敌军PC迷你尺寸标示,,"255,15,25",10,HP标示
10657,0,MSG_MINIGAGE_BG,MST_Contents_001277,迷你尺寸背景,,"0,0,0",10,迷你尺寸背景标示
10658,9,MSG_NPC_BATTLE_TALKNOT,MST_Contents_001278,目标正在战斗中.,,"255,255,255",10,向战斗中的NPC邀请对话的情况
10659,9,MSG_PVP_PVPERROR,MST_Contents_001279,对决中，无法申请对决.,,"255,255,255",10,错误-对决中申请对决
10660,9,MSG_PVP_DEATHERROR,MST_Contents_001280,已死亡，无法申请对决.,,"255,255,255",10,错误-死亡状态申请对决
10661,9,MSG_PVP_BATTLEERROR,MST_Contents_001281,战斗中，无法申请对决.,,"255,255,255",10,错误-战斗状态申请对决
10662,9,MSG_PVP_RIDEERROR,MST_Contents_001282,从坐骑上下来后可以申请对决.,,"255,255,255",10,错误-坐在坐骑状态申请对决
10663,9,MSG_PVP_TRADEERROR,MST_Contents_001283,交易中，无法申请对决.,,"255,255,255",10,"错误-交易中申请对决(个人商店,个人交易)"
10664,9,MSG_PVP_OPTIONERROR,MST_Contents_001284,对方拒绝对决.,,"255,255,255",10,错误-对决选择权off时申请对决
10665,9,MSG_PVP_AREAERROR,MST_Contents_001285,此地域无法申请对决.,,"255,255,255",10,错误-在无法对决的地域申请对决
10666,9,MSG_PVP_FAIL,MST_Contents_001286,目前状态无法申请对决.,,"255,255,255",10,错误-在无法对决的状态下申请对决
10667,9,MSG_RIDE_ITEM_USE_OVERLAP,MST_Contents_001287,已注册.,,"255,255,255",10,坐骑失败信息
10668,9,MSG_RIDE_RECALL_NOT,MST_Contents_001288,无法召唤坐骑.,,"255,255,255",10,坐骑失败信息
10669,9,MSG_RIDE_ANI_CANCEL,MST_Contents_001289,已解除坐骑.,,"255,255,255",10,坐骑失败信息
10670,9,MSG_RIDE_AREAERROR,MST_Contents_001290,此地域无法使用坐骑.,,"255,255,255",10,坐骑失败信息
10671,9,MSG_SKILL_RESETERROR,MST_Contents_001291,技能未被初始化.,,"255,255,255",10,"技能初始化使用物品,未学习技能"
10672,9,MSG_SKILL_RESETNOSKILL,MST_Contents_001292,此种族无法使用.,,"255,255,255",10,其他种族的技能初始化，物品使用时的输出信息
10673,9,MSG_PVP_REFUSE,MST_Contents_001293,已拒绝对决申请.,,"255,255,255",10,收到对决申请的PC输出的信息
10674,12,MSG_PVP_DISTANCECANCEL,MST_Contents_001294,从对决地域逃出或失败.,,"255,255,255",10,和对决对象的距离变远对决取消(35m)
10675,9,MSG_PVP_OVERLAP,MST_Contents_001295,对决申请中.,,"255,255,255",10,重复申请对决的情况
10676,9,MSG_PVP_CANCEL,MST_Contents_001296,取消对决申请.,,"255,255,255",10,对决申请没有应答的情况
10677,8,MSG_SOCIALACTION_GREETING,MST_Contents_001297,请郑重得问候.,,"255,255,255",10,社会行为信息-问候
10678,8,MSG_SOCIALACTION_BEGGING,MST_Contents_001298,给钱乞讨.,,"255,255,255",10,社会行为信息-乞讨
10679,8,MSG_SOCIALACTION_NEGATION,MST_Contents_001299,挥手. ,,"255,255,255",10,社会行为信息-挥手
10680,8,MSG_SOCIALACTION_JOY,MST_Contents_001300,高兴地大笑.,,"255,255,255",10,社会行为信息-高兴
10681,8,MSG_SOCIALACTION_SORROW,MST_Contents_001301,呜呜的哭.,,"255,255,255",10,社会行为信息-伤心
10682,8,MSG_SOCIALACTION_ANGER,MST_Contents_001302,在没有人的地方发泄愤怒.疯了吧.,,"255,255,255",10,社会行为信息-愤怒
10683,8,MSG_SOCIALACTION_CLAPPING,MST_Contents_001303,鼓掌.,,"255,255,255",10,社会行为信息-鼓掌
10684,8,MSG_SOCIALACTION_DANCING,MST_Contents_001304,独自随风起舞.,,"255,255,255",10,社会行为信息-跳舞
10685,8,MSG_SOCIALACTION_CHARGE,MST_Contents_001305,向所有人突击.,,"255,255,255",10,社会行为信息-突击
10686,8,MSG_SOCIALACTION_PROVOCATION,MST_Contents_001306,虚无的一个劲做无理的事情.还和影子打架.,,"255,255,255",10,社会行为信息-挑衅
10687,12,MSG_SOCIALACTION_NOTUSE,MST_Contents_001307,战斗状态下，无法使用社会行为.,,"255,255,255",10,不是Idle状态时，试图使用社会行为时失败的信息
10688,12,MSG_INSTANCE_MATCHING_REGISTER,MST_Contents_001308,地下城注册完成.,,"255,255,255",10,地下城匹配-已注册时
10689,12,MSG_INSTANCE_MATCHING_OUT,MST_Contents_001309,地下城注册取消.,,"255,255,255",10,地下城匹配-点击退出键时
10690,12,MSG_INSTANCE_MATCHING_ME_NOITEM,MST_Contents_001310,"没有地下城入场券,已取消.",,"255,255,255",10,地下城匹配-点击取消键时
10691,12,MSG_INSTANCE_MATCHING_ME_CANCEL,MST_Contents_001311,取消进入地下城.,,"255,255,255",10,地下城匹配-在选择角色UI时点击取消键
10692,12,MSG_INSTANCE_MATCHING_ROLE_CANCEL,MST_Contents_001312,取消选择角色.,,"255,255,255",10,地下城匹配-选择角色UI时点击取消键
10693,12,MSG_TEAMWAR_ALREADYOCCUPATION,MST_Contents_001313,次圣物已占领.,,"255,255,255",10,小规模战场-试图占领已占领的圣物时
10694,12,MSG_TEAMWAR_NOLEVEL,MST_Contents_001314,队伍成员等级不符合可进入战场的等级.,,"255,255,255",10,小规模战场-队伍成员和进入等级不符时
10695,12,MSG_TEAMWAR_NOITEM,MST_Contents_001315,没有进入战场的必需品.,,"255,255,255",10,小规模战场-进入战场没有携带物品时
10696,12,MSG_TEAMWAR_LEAVEPENALTY,MST_Contents_001316,因为惩罚无法进入战场.,,"255,255,255",10,小规模战场-战场 途中离开后被惩罚buff时试图再次进入战场
10697,12,MSG_TEAMWAR_NOWAIT,MST_Contents_001317,战场进入等待中.,,"255,255,255",10,小规模战场-匹配后打算进入战场点击进入键时
10698,12,MSG_TEAMWAR_NOPLAYING,MST_Contents_001318,目前还无法占领.,,"255,255,255",10,小规模战场-在小规模圣物战开始前试图占领圣物时
10699,8,MSG_TEAMWAR_NOTJOIN,MST_Contents_001319,此等级无法参与./n(30级以上才可以参与.),,"255,255,255",10,小规模战场-受等级限制无法进入
10700,12,MSG_TEAMWAR_SYSTEMERROR,MST_Contents_001320,已经参与战场了.,,"255,255,255",10,小规模战场-进入战场的状态下再次申请战场时
10701,12,MSG_TEAMWAR_MYBASEFLAG,MST_Contents_001321,无法获取我军的旗帜.,,"255,255,255",10,小规模战场-在旗帜战中点击我军旗帜时的错误信息
10702,12,MSG_TEAMWAR_NOMAP,MST_Contents_001322,无法进入战场./n /n请稍后再试.,,"255,255,255",10,小规模战场-接受太迟时
10703,12,MSG_TEAMWAR_TIMELIMITED,MST_Contents_002009,其他用户没有点击确认，请返回配对.,,"255,255,255",10,小规模战场-准备状态下，超过限制时间后点击确认键，在PC输出
10704,12,MSG_TEAMWAR_TIMELIMIT,MST_Contents_002010,超过限制时间，配对取消.,,"255,255,255",10,小规模战场-准备状态下，超过限制时间后点击确认键，在PC输出
10705,12,MSG_TEAMWAR_CANCELED,MST_Contents_002011,其他用户拒绝参与，请返回配对.,,"255,255,255",10,小规模战场-准备状态下，特定PC点击取消键时点击确认键，在PC输出
10706,12,MSG_TEAMWAR_CANCEL,MST_Contents_002012,拒绝参与，配对取消.,,"255,255,255",10,小规模战场-准备状态下，点击取消键的PC上输出
10707,12,MSG_WAR_AUTOKICK,,已达到参与战场的人数上限.请稍后再试.,,"255,255,255",10,已达到参与战场的人数上限时输出的信息
10708,0,MSG_TUTORIAL_CHARAINFO_INFO,MST_Contents_001323,角色信息窗口./n /n增加角色的seutet/n或者确认能力值信息.,,"255,255,255",10,角色信息窗口UI说明
10709,0,MSG_TUTORIAL_CHARAINFO_MASTERY,MST_Contents_001324,每个武器都有各自的熟练度、等级/n熟练度、等级上升时，装备武器的效果也会提高.,,"255,255,255",10,武器熟练度窗口UI说明
10710,0,MSG_TUTORIAL_CHARAINFO_PRODUCTION,MST_Contents_001325,可以确认制作和采集的熟练度和经验值./n选择制作目录就可以向物品制作窗口移动.,,"255,255,255",10,制作熟练度窗口UI说明
10711,0,MSG_TUTORIAL_CHARAINFO_RECORD,MST_Contents_001326,"记录窗口./n /n记录在战场中活跃的信息,/n排位信息,战争信息,货币持有数量/n都可以确认.",,"255,255,255",10,记录窗口UI说明
10712,0,MSG_TUTORIAL_CHARAINFO_RIDE,MST_Contents_001327,坐骑窗口./n /n可以确认现在已经注册的坐骑./n在快捷栏注册后/n就可以使用坐骑了.,,"255,255,255",10,坐骑窗口UI说明
10713,0,MSG_TUTORIAL_SKILL_LEARN,MST_Contents_001328,"技能窗口./n /n武器等级上升了,可以学习技能/n确认技能的详细信息.",,"255,255,255",10,技能窗口UI说明
10714,0,MSG_TUTORIAL_INVENTORY,MST_Contents_001329,库存窗口./n /n可以看到角色保有的物品./n扩大仓库可以保存更多的物品.,,"255,255,255",10,库存窗口UI说明
10715,0,MSG_TUTORIAL_ITEM_ENCHANT,MST_Contents_001330,物品强化窗口./n /n可以强化装备./n注册想要强化的物品/n标识物品强化必要的材料.,,"255,255,255",10,物品强化窗口UI说明
10716,0,MSG_TUTORIAL_ITEM_BREAK,MST_Contents_001331,"物品分解窗口./n /n装备物品分解,可以获得装备强化材料/n以及炼金术材料.",,"255,255,255",10,物品分解窗口UI说明
10717,0,MSG_TUTORIAL_ITEM_SOCKET,MST_Contents_001332,灵石装备/去除窗口./n /n可以装备灵石./n /n通过去除灵石/n可以去除已经装备的灵石.,,"255,255,255",10,物品??装备/去除窗口UI说明
10718,0,MSG_TUTORIAL_ITEM_ALCHEMY,MST_Contents_001333,炼金术火炉窗口./n /n通过炼制书和炼制材料/n可以炼制出灵石.,,"255,255,255",10,炼金术火炉窗口UI说明
10719,0,MSG_TUTORIAL_CONTROL_LOOTING,MST_Contents_001334,"选择处置目标后,按快捷键[ F ]就可以抢夺了./n再按一次快捷键[ F ]就可以获得所有的战利品了.",,"255,255,255",10,抢夺窗口UI说明
10720,0,MSG_TUTORIAL_PRODUCTION,MST_Contents_001335,制作窗口./n /n利用采集物和材料/n可以制作物品.,,"255,255,255",10,制作窗口UI说明
10721,0,MSG_TUTORIAL_WAR_BIGWAR,MST_Contents_001336,"Lv.40以上可以参与的大规模战场./n可以确认每周的大规模战场信息和战绩,MVP.",,"255,255,255",10,大规模战场窗口UI说明
10722,0,MSG_TUTORIAL_WAR_TEAMWAR,MST_Contents_001337,"Lv.30以上可以参与的小规模战场./n小规模战场是不限时间,什么时候都可以参与的.",,"255,255,255",10,小规模战场窗口UI说明
10723,0,MSG_TUTORIAL_DUNGEON_JOIN,MST_Contents_001338,"地下城是由[普通],[困难],[极难],[极恶]的难易度构成的/n10级[困难]开始必须有进入物品.",,"255,255,255",10,地下城进入窗口UI说明
10724,0,MSG_TUTORIAL_DUNGEON_READY,MST_Contents_001339,地下城准备窗口./n /n所有的队伍成员都在准备状态下/n点击队伍窗口的进入键/n即可进入地下城.,,"255,255,255",10,地下城准备窗口(队伍)UI说明
10725,0,MSG_TUTORIAL_DUNGEON_MATCHING,MST_Contents_001340,地下城匹配窗口./n /n点击参与键后会自动匹配移动到/n和角色相符的地域.,,"255,255,255",10,地下城匹配窗口UI说明
10726,0,MSG_TUTORIAL_PARTY_INFO,MST_Contents_001341,队伍成员信息窗口./n /n可以确认队伍成员们的现状态./n点击鼠标右键可以打开队伍菜单.,,"255,255,255",10,队伍信息窗口UI说明
10727,0,MSG_TUTORIAL_RAID_INFO,MST_Contents_001342,突袭信息窗口./n /n最多可以显示20人的突袭信息./n点击鼠标右键可以打开突袭菜单. ,,"255,255,255",10,突袭信息窗口UI说明
10728,0,MSG_TUTORIAL_GUILD_INFO,MST_Contents_001343,"公会信息窗口./n /n可以确认公会信息和公会公告,公会主页,/n公会消息.",,"255,255,255",10,公会信息窗口UI说明
10729,0,MSG_TUTORIAL_GUILD_MEMBER,MST_Contents_001344,"公会名单窗口./n /n可以确认公会成员的名字和等级,主武器,称呼.",,"255,255,255",10,公会成员窗口UI说明
10730,0,MSG_TUTORIAL_GUILD_MANAGEMENT,MST_Contents_001345,"公会管理窗口./n /n管理可以变更公告事项,/n公会标志,公会主页/n的权限次数.",,"255,255,255",10,公会管理窗口UI说明
10731,0,MSG_TUTORIAL_TRADE_USERTRADE,MST_Contents_001346,个人交易窗口./n /n可以和其他用户交易/n物品以及金币.,,"255,255,255",10,个人交易窗口UI说明
10732,0,MSG_TUTORIAL_TRADE_USERSHOP,MST_Contents_001347,个人商店窗口./n /n在目前的位置可以开设商店.,,"255,255,255",10,个人商店窗口UI说明
10733,0,MSG_TUTORIAL_TRADE_AUCTION_LIST,MST_Contents_001348,拍卖场窗口./n /n设置好条件后，就可以/n搜索/买入想要的物品了.,,"255,255,255",10,拍卖场目录窗口UI说明
10734,0,MSG_TUTORIAL_TRADE_AUCTION_UPLOAD,MST_Contents_001349,拍卖场注册窗口./n /n最多可注册10个物品.,,"255,255,255",10,拍卖场注册窗口UI说明
10735,0,MSG_TUTORIAL_TRADE_AUCTION_RELOAD,MST_Contents_001350,"拍卖场清算窗口./n /n可以获得已卖出的物品金额,/n流标的物品. ",,"255,255,255",10,拍卖场结算窗口UI说明
10736,0,MSG_TUTORIAL_TRADE_SHOP_BUY,MST_Contents_001351,商店买入/卖出窗口./n /n可以买入/卖出物品.,,"255,255,255",10,商店买入/卖出窗口UI说明
10737,0,MSG_TUTORIAL_TRADE_SHOP_REBUY,MST_Contents_001352,商店回购窗口./n /n可以重新买回在商店卖出的物品./n总共可以储藏10个.,,"255,255,255",10,商店回购窗口UI说明
10738,0,MSG_TUTORIAL_QUEST_MINIBAR,MST_Contents_001353,"接受任务时,在任务公告中完成注册./n选择任务内容，就可以向相关地点自动移动.",,"255,255,255",10,任务公告窗口UI说明
10739,0,MSG_TUTORIAL_MOVE_WORLDMAP,MST_Contents_001354,在世界地图中点击想要去的地点/n就可以向相关地点自动移动了.,,"255,255,255",10,worldmap窗口UI说明
10740,0,MSG_TUTORIAL_MOVE_PORTAL,MST_Contents_001355,网站窗口./n /n在列表中选择目的地/n就可以在地图上标示目的地了.,,"255,255,255",10,网站窗口UI说明
10741,0,MSG_TUTORIAL_CONTROL_REBIRTH,MST_Contents_001356,已经死亡./n /n在三个复活方法中选择一个/n就可以复活了.,,"255,255,255",10,复活窗口UI说明
10742,0,MSG_TUTORIAL_SOCIAL_LIST,MST_Contents_001357,社会动作窗口./n /n根据社会动作表现感情.,,"255,255,255",10,行为列表窗口UI说明
10743,0,MSG_TUTORIAL_PARTY_MATCHING,MST_Contents_001358,"队伍/突袭匹配窗口./n /n可以确认已注册的队伍,突袭/n清单.",,"255,255,255",10,队伍/突袭匹配窗口UI说明
10744,0,MSG_TUTORIAL_ITEM_REPAIR,MST_Contents_001359,物品修理窗口./n /n在三个方法中选择一个/n就可以修理物品了.,,"255,255,255",10,修理物品窗口UI说明
10745,0,MSG_TUTORIAL_SAFE_SAFEINVEN,MST_Contents_001360,"物品保管处窗口./n /n可以保管自己的金币,物品.",,"255,255,255",10,物品仓库窗口UI说明
10746,0,MSG_TUTORIAL_MAIL_BOX,MST_Contents_001361,邮箱窗口./n /n可以和其他用户收发邮件.,,"255,255,255",10,邮件?窗口UI说明
10747,0,MSG_TUTORIAL_CONTROL_TARGET,MST_Contents_001362,目标窗口./n /n可以确认选择目标的信息./n /n右键点击目标窗口/n就可以选择菜单了.,,"255,255,255",10,目标窗口UI说明
10748,0,MSG_TUTORIAL_CONTROL_AGGRO,MST_Contents_001363,威胁度窗口/n /n可以确认选择的怪兽的/n威胁度排位.,,"255,255,255",10,???窗口UI说明
10749,0,MSG_TUTORIAL_MINIMAP_RACEWAR,MST_Contents_001364,可以进入大规模战场.,,"255,255,255",10,minimap大规模战场窗口UI说明
10750,0,MSG_TUTORIAL_FRIEND,MST_Contents_001365,"好友/绝交窗口n /n根据好友,绝交/n可以管理自己的社区.",,"255,255,255",10,好友/绝交窗口UI说明
10751,0,MSG_TUTORIAL_SKILLSTONE,MST_Contents_001366,元气之石装备栏./n /n可以装备或去除增加损害的/n元气之石./n ~ 键可以激活元气之石/n一次攻击会消耗一个元气之石.,,"255,255,255",10,元气之石装备栏UI说明
10752,8,MSG_FIRST_ITEM_ALARM,MST_Contents_001367,已取得物品./n获取的物品可以移动到背包里.,,"255,255,0",10,PC生成之后获取最少的物品时 标示
10753,8,MSG_LVUP_ALARM,MST_Contents_001368,<TC'238:73:0' Text'[等级]'/>上升了./n能力值会根据seutet提升.,,"255,255,0",10,PC等级上升为2级的情况(到10级为止相关)
10754,8,MSG_WLVUP_ALARM,MST_Contents_001369,<TC'238:73:0' Text'[武器等级]'/>上升了./n根据技能要点可以学习技能或提升技能.,,"255,255,0",10,主武器等级上升为2级的情况(到10级为止相关)
10755,8,MSG_PARTYMACHING_ALARM,MST_Contents_001370,<TC'238:73:0' Text'[10级]'/>以上就可以进入地下城了./n结成队伍后可以参与地下城队伍.,,"255,255,0",10,10级达成时，队伍匹配窗口 输出
10756,8,MSG_GUILDCREATE_ALARM,MST_Contents_001371,询问公会管理人就可以创立公会了.,,"255,255,0",10,20级达成时，公会窗口 输出
10757,8,MSG_TEAMWAR_ALARM,MST_Contents_001372,可以使用小规模战场./n请试着参与小规模战场.,,"255,255,0",10,小规模战场进入公告 11/21等级
10758,8,MSG_PARTY_NOTINDUNGEON,MST_Contents_001373,被踢出地下城或是无法解散队伍.,,"255,255,0",10,在地下城，试图队伍踢出/解散时 错误
10759,8,MSG_PARTY_NOTINWAR,MST_Contents_001374,被踢出战场或是无法解散队伍.,,"255,255,0",10,在战场，踢出或解散队伍时 错误
10760,12,MSG_PVP_MOVEERROR,MST_Contents_001375,对决中无法移动.,,"255,255,0",10,错误-在对决中移动地图的情况
10761,12,MSG_ATTACK_SIGHT,MST_Contents_001376,看不见进入视线的目标.,,"255,255,0",10,错误-不在视线范围的情况
10762,12,MSG_ATTACK_AREAERROR,MST_Contents_001377,无法在相关地域进行攻击.,,"255,255,0",10,错误-在无法战斗的地域攻击时
10763,12,MSG_PARTY_ERRORDUNGEONMATCHROLE,MST_Contents_001378,角色选择错误.,,"255,255,255",10,选择和角色紧紧相关的或者服务器没有的角色错误时(检查服务器)
10764,12,MSG_DUNGEON_NOTMATCHINWAR,MST_Contents_001379,在战场中无法匹配地下城.,,"255,255,255",10,在战场内，试图地下城匹配时 错误
10765,12,MSG_DUNGEON_NOTMATCHINDUNGEON,MST_Contents_001380,在地下城内部无法匹配地下城.,,"255,255,255",10,在地下城内，试图地下城匹配时 错误
10766,12,MSG_DUNGEON_ALREADYMATCH,MST_Contents_001381,匹配中.,,"255,255,255",10,匹配时试图再次匹配 错误
10767,0,MSG_DUNGEON_MACHING_ING,MST_Contents_001382,地下城匹配中./n想要变更匹配条件请先取消参与.,,"255,255,255",10,匹配进行中测试
10768,12,MSG_DUNGEON_ALREADYMATCHFINISH,MST_Contents_001383,匹配完成.,,"255,255,255",10,匹配完成测试
10769,12,MSG_PARTY_MEMBERLOGOUT,MST_Contents_001384,队伍成员未登录，无法匹配地下城.,,"255,255,255",10,队伍成员未登录时，进行地下城匹配的情况
10770,12,MSG_DUNGEON_NOTMATCH,MST_Contents_001385,无法匹配地下城.,,"255,255,255",10,"突袭时，申请地下城匹配的情况(非正常情况),必须注册匹配时，因为服务器问题无法注册的情况(检查服务器)"
10771,12,MSG_TEAMWAR_ALREADYMATCH,MST_Contents_001386,队伍成员中有正在战场匹配中的成员.,,"255,255,255",10,队伍时，队伍成员申请个人申请/队伍场队伍的情况
10772,12,MSG_PVP_SIDEERROR,MST_Contents_001387,阵营不同无法对决.,,"255,255,255",10,PVP-错误信息
10773,12,MSG_GUILD_NOTENOUGHREQMONEY,MST_Contents_001388,公会等级必要的金币不足.,,"255,255,255",10,公会-根据等级错误信息
10774,12,MSG_GUILD_NOTENOUGHREQPERSON,MST_Contents_001389,公会等级必要的公会成员不足.,,"255,255,255",10,公会-根据等级错误信息
10775,12,MSG_QUICKSLOT_LOCK,MST_Contents_001390,无法注册快捷栏中未解锁的技能.,,"255,255,255",10,快捷栏被锁情况-错误信息
10776,12,MSG_MOVESKILL_SIGHT,MST_Contents_001391,受地形阻碍无法使用技能.,,"255,255,255",10,"突进,使用移动关联技能时-错误信息"
10777,12,MSG_ITEM_ENCHANT_UNABLE_ACCEPT_METARIALITEM,MST_Contents_001392,可以注册强化所必需的物品.,,"255,255,255",10,强化-注册无法强化的物品时
10778,12,MSG_SUBPASSWORD_SET,MST_Contents_001393,2级密码设定完成.,,"255,255,255",10,设定2级密码
10779,12,MSG_SUBPASSWORD_CHANGE,MST_Contents_001394,2级密码变更完成.,,"255,255,255",10,变更2级密码
10780,12,MSG_SUBPASSWORD_CANCEL,MST_Contents_001395,2级密码已解除.,,"255,255,255",10,解除2级密码
10781,8,MSG_HEALING_HP,MST_Contents_001396,生命已完全恢复.,,"255,255,255",10,通过治疗师HP恢复
10782,8,MSG_HEALING_MP,MST_Contents_001397,法力已完全恢复.,,"255,255,255",10,通过治疗师MP恢复
10783,8,MSG_HEALING_ALL,MST_Contents_001398,生命和法力都已完全恢复.,,"255,255,255",10,通过治疗师HP/MP恢复
10784,12,MSG_DUNGEON_MINPLAYER,MST_Contents_001399,没有满足进入人员的下限无法进入地下城.,,"255,255,255",10,立即进入地下城匹配(地下城最少进入人员失败)
10785,12,MSG_DUNGEON_NOWJOINCANCEL,MST_Contents_001400,已取消进入.,,"255,255,255",10,立即进入地下城匹配(立即进入 取消)
10786,8,MSG_ITEM_USENOTWEAPON,MST_Contents_001401,主武器出错无法使用.,,"255,255,255",10,主武器专用物品使用限制 失败信息
10787,12,MSG_ITEM_USENOTMAINWEAPON,MST_Contents_001402,主武器不同无法使用.,,"255,255,255",10,主武器限制物品使用限制 失败信息
10788,8,MSG_ITEM_USENOFAME,MST_Contents_001403,次生命等级无法使用.,,"255,255,255",10,名望等级专用物品使用限制 失败信息
10789,8,MSG_DUNGEON_NOWJOININFO,MST_Contents_001404,单击进入键30秒内禁用.,,"255,255,255",10,立即进入按键说明
10790,12,MSG_CHANNEL_NOTUSE,MST_Contents_001405,目前无法向频道移动.,,"255,255,255",10,无法频道变更信息(战斗中)
10791,8,MSG_EQUIPSLOT_STONE_EMPTY,MST_Contents_001406,没有装备元气之石,,"255,255,255",10,未装备元气之石 
10792,12,MSG_UNBIND_FAIL_NEED,MST_Contents_001407,归属解除物品数量不足.,,"255,255,255",10,快速解除物品个数不足时的信息
10793,0,MSG_MAIL_SELLITEM,MST_Contents_001408,物品卖出,,"255,255,255",10,邮件标题-物品卖出
10794,0,MSG_MAIL_NOSELLITEM,MST_Contents_001409,物品流标,,"255,255,255",10,邮件标题-物品流标
10795,0,MSG_MAIL_LVREWARD_1,MST_Contents_001410,3级达成补偿物品晋级,,"255,255,255",10,邮件标题-根据等级补偿 1(3等级)
10796,0,MSG_MAIL_LVREWARD_2,MST_Contents_001411,7级达成补偿物品晋级,,"255,255,255",10,邮件标题-根据等级补偿 2(7等级)
10797,0,MSG_MAIL_LVREWARD_3,MST_Contents_001412,15级达成补偿物品晋级,,"255,255,255",10,邮件标题-根据等级补偿 3(15等级)
10798,0,MSG_MAIL_LVREWARD_4,MST_Contents_001413,20级达成补偿物品晋级,,"255,255,255",10,邮件标题-根据等级补偿 4(20等级)
10799,0,MSG_MAIL_LVREWARD_5,MST_Contents_001414,25级达成补偿物品晋级,,"255,255,255",10,邮件标题-根据等级补偿 5(25等级)
10800,0,MSG_MAIL_LVREWARD_6,MST_Contents_001415,30级达成补偿物品晋级,,"255,255,255",10,邮件标题-根据等级补偿 6(30等级)
10801,0,MSG_MAIL_LVREWARD_7,MST_Contents_001416,35级达成补偿物品晋级,,"255,255,255",10,邮件标题-根据等级补偿 7(35等级)
10802,0,MSG_MAIL_LVREWARD_8,MST_Contents_001417,40级达成补偿物品晋级,,"255,255,255",10,邮件标题-根据等级补偿 8(40等级)
10803,0,MSG_MAIL_LOL_WIN1,MST_Contents_001418,Lv.30~40泪光火石般的大地 胜利,,"255,255,255",10,邮件标题-泪光火石般的大地 胜利补偿 1(30~40等级)
10804,0,MSG_MAIL_LOL_LOSE1,MST_Contents_001419,Lv.30~40泪光火石般的大地 失败,,"255,255,255",10,邮件标题-泪光火石般的大地 失败补偿 1(30~40等级)
10805,0,MSG_MAIL_LOL_WIN2,MST_Contents_001420,Lv.41~46泪光火石般的大地 胜利,,"255,255,255",10,邮件标题-泪光火石般的大地 胜利补偿 2(41~45等级)
10806,0,MSG_MAIL_LOL_LOSE2,MST_Contents_001421,Lv.41~46泪光火石般的大地 失败,,"255,255,255",10,邮件标题-泪光火石般的大地 失败补偿 2(41~45等级)
10807,0,MSG_MAIL_LOL_WIN3,MST_Contents_001422,Lv.47~50泪光火石般的大地 胜利,,"255,255,255",10,邮件标题-泪光火石般的大地 胜利补偿 3(46~50等级)
10808,0,MSG_MAIL_LOL_LOSE3,MST_Contents_001423,Lv.47~50泪光火石般的大地 失败,,"255,255,255",10,邮件标题-泪光火石般的大地 失败补偿 3(46~50等级)
10809,0,MSG_MAIL_LOL_WIN4,MST_Contents_001424,Lv.51~55泪光火石般的大地 胜利,,"255,255,255",10,邮件标题-泪光火石般的大地 胜利补偿 4(51~55等级)
10810,0,MSG_MAIL_LOL_LOSE4,MST_Contents_001425,Lv.51~55泪光火石般的大地 失败,,"255,255,255",10,邮件标题-泪光火石般的大地 失败补偿 4(51~55等级)
10811,0,MSG_MAIL_OCCU_WIN1,MST_Contents_001426,Lv.30~40叹息的山谷 胜利,,"255,255,255",10,邮件标题-叹息的山谷 胜利补偿 1(30~40等级)
10812,0,MSG_MAIL_OCCU_LOSE1,MST_Contents_001427,Lv.30~40叹息的山谷 失败,,"255,255,255",10,邮件标题-叹息的山谷 失败补偿 1(30~40等级)
10813,0,MSG_MAIL_OCCU_WIN2,MST_Contents_001428,Lv.41~46叹息的山谷 胜利,,"255,255,255",10,邮件标题-叹息的山谷 胜利补偿 2(41~45等级)
10814,0,MSG_MAIL_OCCU_LOSE2,MST_Contents_001429,Lv.41~46叹息的山谷 失败,,"255,255,255",10,邮件标题-叹息的山谷 失败补偿 2(41~45等级)
10815,0,MSG_MAIL_OCCU_WIN3,MST_Contents_001430,Lv.47~50叹息的山谷 胜利,,"255,255,255",10,邮件标题-叹息的山谷 胜利补偿 3(46~50等级)
10816,0,MSG_MAIL_OCCU_LOSE3,MST_Contents_001431,Lv.47~50叹息的山谷 失败,,"255,255,255",10,邮件标题-叹息的山谷 失败补偿 3(46~50等级)
10817,0,MSG_MAIL_OCCU_WIN4,MST_Contents_001432,Lv.51~55叹息的山谷 胜利,,"255,255,255",10,邮件标题-叹息的山谷 胜利补偿 4(51~55等级)
10818,0,MSG_MAIL_OCCU_LOSE4,MST_Contents_001433,Lv.51~55叹息的山谷 失败,,"255,255,255",10,邮件标题-叹息的山谷 失败补偿 4(51~55等级)
10819,0,MSG_MAIL_HERO_WIN1,MST_Contents_001434,Lv.30~40阿修罗剑道场 胜利,,"255,255,255",10,邮件标题-阿修罗剑道场 胜利补偿 1(30~40等级)
10820,0,MSG_MAIL_HERO_LOSE1,MST_Contents_001435,Lv.30~40阿修罗剑道场 失败,,"255,255,255",10,邮件标题-阿修罗剑道场 失败补偿 1(30~40等级)
10821,0,MSG_MAIL_HERO_WIN2,MST_Contents_001436,Lv.41~46阿修罗剑道场 胜利,,"255,255,255",10,邮件标题-阿修罗剑道场 胜利补偿 2(41~45等级)
10822,0,MSG_MAIL_HERO_LOSE2,MST_Contents_001437,Lv.41~46阿修罗剑道场 失败,,"255,255,255",10,邮件标题-阿修罗剑道场 失败补偿 2(41~45等级)
10823,0,MSG_MAIL_HERO_WIN3,MST_Contents_001438,Lv.47~50阿修罗剑道场 胜利,,"255,255,255",10,邮件标题-阿修罗剑道场 胜利补偿 3(46~50等级)
10824,0,MSG_MAIL_HERO_LOSE3,MST_Contents_001439,Lv.47~50阿修罗剑道场 失败,,"255,255,255",10,邮件标题-阿修罗剑道场 失败补偿 3(46~50等级)
10825,0,MSG_MAIL_HERO_WIN4,MST_Contents_001440,Lv.51~55阿修罗剑道场 胜利,,"255,255,255",10,邮件标题-阿修罗剑道场 胜利补偿 4(51~55等级)
10826,0,MSG_MAIL_HERO_LOSE4,MST_Contents_001441,Lv.51~55阿修罗剑道场 失败,,"255,255,255",10,邮件标题-阿修罗剑道场 失败补偿 4(51~55等级)
10827,0,MSG_MAIL_RACE_WIN,MST_Contents_001442,大规模战场 胜利,,"255,255,255",10,邮件标题-大规模战场 胜利补偿
10828,0,MSG_MAIL_RACE_LOSE,MST_Contents_001443,大规模战场 失败,,"255,255,255",10,邮件标题-大规模战场 失败补偿
10829,0,MSG_MAIL_RACE_DRAW,MST_Contents_001444,大规模战场 无胜负,,"255,255,255",10,邮件标题-大规模战场 无胜负补偿
10830,0,MSG_MAIL_EVENT_COMMON,MST_Contents_001445,活动补偿,,"255,255,255",10,邮件标题-活动补偿
10831,,MSG_MAIL_WAR_KICK,,超过战场人数上限.,,"255,255,255",10,邮件标题-超过战场人数上限支付入场券
10832,0,MSG_MAILMAIN_SELLITEM,MST_Contents_001446,物品已卖出.,,"255,255,255",10,邮件文本-物品卖出
10833,0,MSG_MAILMAIN_NOSELLITEM,MST_Contents_001447,物品已流标.,,"255,255,255",10,邮件文本-物品流标
10834,0,MSG_MAILMAIN_LVREWARD_01,MST_Contents_001448,恭喜角色达成3级.,,"255,255,255",10,邮件文本-根据等级补偿 1
10835,0,MSG_MAILMAIN_LVREWARD_02,MST_Contents_001449,恭喜角色达成7级.,,"255,255,255",10,邮件文本-根据等级补偿 2
10836,0,MSG_MAILMAIN_LVREWARD_03,MST_Contents_001450,恭喜角色达成15级.,,"255,255,255",10,邮件文本-根据等级补偿 3
10837,0,MSG_MAILMAIN_LVREWARD_04,MST_Contents_001451,恭喜角色达成20级.,,"255,255,255",10,邮件文本-根据等级补偿 4
10838,0,MSG_MAILMAIN_LVREWARD_05,MST_Contents_001452,恭喜角色达成25级.,,"255,255,255",10,邮件文本-根据等级补偿 5
10839,0,MSG_MAILMAIN_LVREWARD_06,MST_Contents_001453,恭喜角色达成30级.,,"255,255,255",10,邮件文本-根据等级补偿 6
10840,0,MSG_MAILMAIN_LVREWARD_07,MST_Contents_001454,恭喜角色达成35级.,,"255,255,255",10,邮件文本-根据等级补偿 7
10841,0,MSG_MAILMAIN_LVREWARD_08,MST_Contents_001455,恭喜角色达成40级.,,"255,255,255",10,邮件文本-根据等级补偿 8
10842,0,MSG_MAILMAIN_TEAMWAR_WIN,MST_Contents_001456,会给主导战场胜利的英雄礼物.请为对方阵营的没落贡献你的一份力量.,,"255,255,255",10,邮件文本-小规模战场胜利补偿
10843,0,MSG_MAILMAIN_TEAMWAR_LOSE,MST_Contents_001457,"虽然在战场失败了,作为辛苦的报答会给与礼物.现在战场还没有结束.请为对方阵营的没落贡献你的一份力量.",,"255,255,255",10,邮件文本-小规模战场失败补偿
10844,0,MSG_MAILMAIN_RACEWAR_WIN,MST_Contents_001458,会给主导大规模战场胜利的英雄礼物.请为对方阵营的没落贡献你的一份力量.,,"255,255,255",10,邮件文本-大规模战场胜利补偿
10845,0,MSG_MAILMAIN_RACEWAR_LOSE,MST_Contents_001459,"虽然在大规模战场失败了,作为辛苦的报答会给与礼物.现在战场还没有结束.请为对方阵营的没落贡献你的一份力量.",,"255,255,255",10,邮件文本-大规模战场失败补偿
10846,0,MSG_MAILMAIN_RACEWAR_DRAW,MST_Contents_001460,"虽然在大规模战场没分出胜负,作为辛苦的报答会给与礼物.现在战场还没有结束.请为对方阵营的没落贡献你的一份力量.",,"255,255,255",10,邮件文本-大规模战场无胜负补偿
10847,0,MSG_MAILMAIN_EVENT_FIRSTLOGIN,MST_Contents_001461,欢迎各位来到新霸王世界2.,,"255,255,255",10,邮件文本-首次登陆时补偿(活动)
10848,0,MSG_MAILMAIN_EVENT_ACCOUNTTIME01,MST_Contents_001462,相关账户连续登陆1小时，给予补偿.,,"255,255,255",10,邮件文本-根据相关账户连续登陆1小时以上时补偿(活动)
10849,0,MSG_MAILMAIN_EVENT_ACCOUNTTIME02,MST_Contents_001463,相关账户连续登陆3小时，给予补偿.,,"255,255,255",10,邮件文本-根据相关账户连续登陆3小时以上时补偿(活动)
10850,0,MSG_MAILMAIN_EVENT_PCTIME,MST_Contents_001464,相关角色连续登陆一定时间，给予补偿.,,"255,255,255",10,邮件文本-根据相关PC登陆一定时间时补偿(活动)
10851,0,MSG_MAILMAIN_EVENT_SOMETIME,MST_Contents_001465,给特定时间内登陆的用户补偿.,,"255,255,255",10,邮件文本-给特定时间内登陆的用户补偿(活动)
10852,0,MSG_MAILMAIN_EVENT_INTERVAL,MST_Contents_001466,特定时间给与的特别补偿.,,"255,255,255",10,邮件文本-特定时间给与的特别补偿(活动)
10853,0,MSG_MAILMAIN_WAR_KICK,,由于超过战场人数上限强制退出.给您带来的不便之处请谅解.,,"255,255,255",10,邮件文本-超过战场人数上限强制退出时发送的邮件文本
10854,0,MSG_MAIL_ACN,MST_Contents_001467,拍卖场,,"255,255,255",10,邮件发件人-拍卖场
10855,0,MSG_MAIL_AL2,MST_Contents_001468,新霸王世界2,,"255,255,255",10,邮件发件人-霸王2
10856,12,MSG_CASH_CANTSELL,MST_Contents_001469,收费物品无法卖出.,,"255,255,255",10,试图卖出收费物品时
10857,12,MSG_CASH_FULLINVENTORY,MST_Contents_001470,现金库存没有空间.,,"255,255,255",10,现金库存已满时信息
10858,1,MSG_CASH_FAIL_USE,MST_Contents_001471,现金物品使用失败.,,"255,255,255",10,现金物品使用失败时错误信息
10859,0,MSG_MAIL_ARCHLORD_COMMON,MST_Contents_001472,霸王补偿,,"255,255,255",10,成为霸王邮件标题
10860,0,MSG_MAILMAIN_ARCHLORD_REWARD,MST_Contents_001473,恭喜成为霸王.,,"255,255,255",10,成为霸王邮件文本
10861,0,MSG_CASHSHOP_IMPOSSIBLE_PCNAME,MST_Contents_001474,<TC '255:0:0' Text'此角色无法发送.'/>,,"255,255,255",10,在现金商店，无法发送的角色名称
10862,0,MSG_CASHSHOP_POSSIBLE_PCNAME,MST_Contents_001475,此角色可以发送.,,"255,255,255",10,在现金商店，无法发送的角色名称
10863,12,MSG_CASHSHOP_SHOPCLOSE,MST_Contents_001476,正在检查现金商店.,,"255,255,255",10,现金商店检查中输出的信息
10864,1,MSG_CASHSHOP_SHOPUPDATEERROR,MST_Contents_001477,现金商店更新失败.,,"255,255,255",10,现金商店更新失败时错误信息(内部开发用)
10865,1,MSG_CASHSHOP_SHOPUPDATING,MST_Contents_001478,现金商店更新重.,,"255,255,255",10,现金商店更新中错误信息(内部开发用)
10866,1,MSG_CASHSHOP_SHOPVERSIONLASTEST,MST_Contents_001479,现金商店最新版本.,,"255,255,255",10,现金商店的最新版本错误信息(内部开发用)
10867,1,MSG_CASHSHOP_FCS_DISCONNECTED,MST_Contents_001480,现金商店内部连接错误.,,"255,255,255",10,现金商店gp2.0的连接断开时错误信息
10868,1,MSG_CASHSHOP_FCS_FAIL,MST_Contents_001481,现金商店内部失败.,,"255,255,255",10,现金商店gp2.0数据分组失败时错误信息
10869,12,MSG_CASHSHOP_BUYNOCASH,MST_Contents_001482,购买处理中金额不足.,,"255,255,255",10,现金商店(自动支付不足 输出)(内部开发用)
10870,12,MSG_CASHSHOP_LIMITONCEBUYCNT,MST_Contents_001483,由于1次购买的数量错误，无法购买.,,"255,255,255",10,现金商店1次可购买的数量错误的情况
10871,12,MSG_CASHSHOP_LIMITREBUY,MST_Contents_001484,再次购买限制，无法购买.,,"255,255,255",10,再次购买限制时信息
10872,12,MSG_CASHSHOP_LIMITPRODUCTCNT,MST_Contents_001485,卖出余量不足.,,"255,255,255",10,卖出余量不足输出的信息
10873,0,MSG_ITEMMIX_SUCCESS,MST_Contents_001486,如果组合成功/n可以获得新的物品.,,"255,255,255",10,组合物品成功信息
10874,0,MSG_ITEMMIX_FAIL,MST_Contents_001487,组合失败.,,"255,255,255",10,组合物品失败信息
10875,12,MSG_ITEMMIX_NOTINSERT,MST_Contents_001488,装备物品无法注册.,,"255,255,255",10,组合物品
10876,0,MSG_ITEMMIX_TUTORIAL01,MST_Contents_001489,将组合的灵石或者分身物品/n向主要物品栏拖动或点击右键拖拽.,,"255,255,255",10,组合说明(最初画面)(UI打开时)
10877,0,MSG_ITEMMIX_TUTORIAL02,MST_Contents_001490,组合古老的灵石时，将3个材料向组合栏/n拖动或点击右键拖拽.,,"255,255,255",10,组合说明(在主页快捷栏注册古老的灵石时)(打开灵石构成时)
10878,0,MSG_ITEMMIX_TUTORIAL03,MST_Contents_001491,组合分身时，请通过材料注册要使用的分身./n要有分身组合魔方才能进行组合.,,"255,255,255",10,组合说明(在主页快捷栏注册分身时)(打开分身构成时)
10879,0,MSG_ITEMMIX_TUTORIAL04,MST_Contents_001492,根据现有物品组合/n预期的结果和别的相同.,,"255,255,255",10,组合说明(材料物品注册时)(打开预想结果构成时)
10880,12,MSG_ITEMMIX_UNABLE_ITEM,MST_Contents_001493,此物品没有注册材料.,,"255,255,255",10,组合时注册错误的材料错误信息
10881,8,MSG_CASHTEMPINVEN_FULL,MST_Contents_001494,保管箱已满.保管箱满了的情况下，无法再购买物品.,,"255,255,255",10,保管箱已满现金物品买入失败
10882,0,MSG_MAIL_CASHSHOP_GIFT,MST_Contents_001495,收到收费项目礼物,,"255,255,255",10,给收到礼物的用户发送的邮件-标题文字
10883,0,MSG_MAILMAIN_CASHSHOP_GIFT,MST_Contents_001496,有赠送礼物的收费项目./n请确认保管箱.,,"255,255,255",10,给收到礼物的用户发送的邮件-内容文字
10884,0,MSG_CASHSHOP_PERIODTYPE_FIXED,MST_Contents_001497,<TC '255:0:0' Text'定额物品./n即使没有链接游戏也会消耗.'/>,,"255,255,255",10,定额物品商品说明
10885,0,MSG_MAILMAIN_THANKS_GIFT,MST_Contents_001498,为了各位玩家更愉快的游戏，我们霸王契约的[GM]们会根据等级为大家准备小礼物./n我们会通过邮件向大家转达我们的心意和小礼物.谢谢.,,"255,255,255",10,霸王2答谢礼物
10886,0,MSG_MAIL_THANKS_GIFT,MST_Contents_001499,[GM]发的邮件,,"255,255,255",10,邮件标题-活动补偿
10887,12,MSG_ITEM_FAIEQUEST_USE,MST_Contents_001500,任务失败，无法使用物品.,,"255,255,255",10,任务失败时无法使用信息
10888,12,MSG_ITEM_PRODUCTALREADY,MST_Contents_001501,此图案已学习.,,"255,255,255",10,已学习的图案，在服务器里错误信息用途使用
10889,12,MSG_MAIL_THANKS_GIFT2,MST_Contents_001502,霸王契约运营者的保证,,"255,255,255",10,11月21日~12月04日活动补偿标题
10890,12,MSG_MAILMAIN_THANKS_GIFT2,MST_Contents_001503,"感谢各位玩家的支持和喜爱,也请大家原谅我们没有考虑到的方面./n我们会为了比现在更好的霸王契约而努力的./n谢谢.",,"255,255,255",10,11月21日~12月04日活动补偿文本
10891,8,MSG_PC_NOTREBIRTHARCHLORDWAR,MST_Contents_001504,在霸王之决中无法在当时就复活.,,"255,255,255",10,"霸王之决原地复活时,失败信息"
10892,12,MSG_ITEM_PERIODSTACKMERGE,,无法重叠相关物品.,,"255,255,255",10,"计量制,定额制物品无法重叠信息"
10893,12,MSG_ITEM_PERIODSTACKDIVIDE,,无法分享相关物品,,"255,255,255",10,"计量制,定额制物品无法分享信息"
10894,8,MSG_AUTOCHECK_CLEAR,,正确.补偿buff适用.,,"255,255,255",10,自动防止quest正答时发生信息
20000,0,GV_TOOLTIP_GETVALUE_TYPE1,MST_Contents_001505,$GetValue1():$GetValue2(),,"255,255,255",10,各自价值1号
20001,0,GV_TOOLTIP_GETVALUE_TYPE2,MST_Contents_001506,$GetValue1(): $GetValue2(),,"255,255,255",10,各自价值2号
20002,0,GV_TOOLTIP_GETVALUE_TYPE3,MST_Contents_001507,$GetValue1():$GetValue2()~$GetValue3(),,"255,255,255",10,各自价值3号
20003,0,GV_TOOLTIP_GETVALUE_TYPE4,MST_Contents_001508,$GetValue1():$GetValue2()-$GetValue3()~$GetValue4()-$GetValue5(),,"255,255,255",10,各自价值4号
20004,0,GV_TOOLTIP_GETVALUE_TYPE5,MST_Contents_001509,$GetValue1()/$GetValue2(),,"255,255,255",10,各自价值5号
20005,0,GV_TOOLTIP_GETVALUE_TYPE6,MST_Contents_001510,$GetValue1():$GetValue2()/$GetValue3(),,"255,255,255",10,各自价值6号
20006,0,GV_TOOLTIP_GETVALUE_TYPE7,MST_Contents_001511,$GetValue1():$GetValue2()以上,,"255,255,255",10,各自价值7号
20007,0,GV_TOOLTIP_GETVALUE_TYPE8,MST_Contents_001512,$GetValue1():$GetValue2()秒,,"255,255,255",10,各自价值8号
20008,0,GV_TOOLTIP_GETVALUE_TYPE9,MST_Contents_001513,$GetValue1():$GetValue2()%,,"255,255,255",10,各自价值9号
20009,0,GV_TOOLTIP_GETVALUE_TYPE10,MST_Contents_001514,$GetValue1():$GetValue2()$GetValue3(),,"255,255,255",10,各自价值10号
20010,0,GV_TOOLTIP_GETVALUE_TYPE11,MST_Contents_001515,$GetValue1()? 定额卖出$GetValue2()/$GetValue3(),,"255,255,255",10,现在卖出数量标示
20011,0,GV_TOOLTIP_GETVALUE_TYPE12,MST_Contents_001516,$GetValue1():$GetValue2()$GetValue3()时-$GetValue4()时$GetValue5(),,"255,255,255",10,"卖出时间标示,GetValue()只在卖出终止时输出的"
20012,0,GV_TOOLTIP_GETVALUE_TYPE13,MST_Contents_001517,$GetValue1()? 可以买入($GetValue2()/$GetValue3()),,"255,255,255",10,PC可买入的数量标示
20013,0,GV_TOOLTIP_GETVALUE_TYPE14,MST_Contents_001518,$GetSkillDesc(),,"255,255,255",10,技能提示中的说明
20014,0,GV_TOOLTIP_GETVALUE_TYPE15,MST_Contents_001519,$GetValue1():<TC '255:0:0' Text'$GetValue2()~$GetValue3()'/>($GetValue4()~$GetValue5()),,"255,255,255",10,武器熟练度不足的情况使用-攻击力
20015,0,GV_TOOLTIP_GETVALUE_TYPE16,MST_Contents_001520,$GetValue1():<TC '255:0:0' Text'$GetValue2()'/>($GetValue3()),,"255,255,255",10,武器熟练度不足的情况使用-攻击力以外的
20016,0,GV_TOOLTIP_GETVALUE_TYPE17,MST_Contents_001521,$GetValue1():$GetValue2()以上$GetValue3(),,"255,255,255",10,武器熟练度不足的情况-熟练度限制使用
20017,0,GV_TOOLTIP_GETVALUE_TYPE18,MST_Contents_001522,$GetValue1(): +$GetValue2()~$GetValue3(),,"255,255,255",10,武器熟练度不足的情况-熟练度限制使用
20018,0,GV_TOOLTIP_GETVALUE_TYPE19,MST_Contents_001523,$GetValue1()~$GetValue2(),,"255,255,255",10,武器攻击力标示
20019,0,GV_TOOLTIP_GETVALUE_TYPE20,MST_Contents_001524,$GetValue1()($GetValue2()),,"255,255,255",10,武器+能力值标示
20020,0,GV_TOOLTIP_GETVALUE_TYPE21,MST_Contents_001525,$GetValue1()~$GetValue2()($GetValue3()~$GetValue4()),,"255,255,255",10,增加的武器攻击力标示
20021,0,GV_TOOLTIP_GETVALUE_TYPE22,MST_Contents_001526,$GetValue1():$GetValue2()                                         $GetValue3():$GetValue4()m,,"255,255,255",10,提示_未达最短有效距离标示
20022,0,GV_TOOLTIP_GETVALUE_TYPE23,MST_Contents_001527,$GetValue1():$GetValue2()                  $GetValue3():$GetValue4()m ~$GetValue5()m,,"255,255,255",10,提示_最短有效距离标示
20023,0,GV_TOOLTIP_GETVALUE_TYPE24,MST_Contents_001528,($GetValue1()/$GetValue2()),,"255,255,255",10,现金库存物品个数标示
20024,0,GV_TOOLTIP_GETVALUE_TYPE25,MST_Contents_001529,$GetValue1()<TC '228:106:232' Text'$GetValue2()'/>%增加,,"255,255,255",10,灵石能力值标示
20025,0,GV_TOOLTIP_GETVALUE_TYPE26,MST_Contents_001530,装备的所有能力值<TC '228:106:232' Text'$GetValue1()'/>%增加,,"255,255,255",10,灵石所有的能力值增加标示
20026,0,GV_TOOLTIP_GETVALUE_TYPE27,MST_Contents_002008,<TC '0: 0: 255' Text'$GetValue1()'/>VS<TC '255: 0: 0' Text'$GetValue2()'/>,,"255,255,255",10,小规模战场准备时人员数标示
20027,0,GV_TOOLTIP_WEAPON_ IGN_AT,MST_Contents_001531,无视防御攻击度:$GetWeaponLvTable(14),,"255,255,255",10,武器熟练度惩罚标示-防御无视攻击
20028,0,GV_TOOLTIP_CHARACTER_LEVEL_EXP,MST_Contents_001532,角色等级经验值:$GetValue1()/$GetValue2(),,"255,255,255",10,快捷栏下端角色经验值标示
20029,0,GV_TOOLTIP_WEAPON_LEVEL_EXP,MST_Contents_001533,武器熟练度经验值:$GetValue1()/$GetValue2(),,"255,255,255",10,快捷栏下端武器熟练经验值标示
20030,0,GV_TOOLTIP_UNBIND_COUNT,MST_Contents_001534,归属可解除次数($GetValue1()),,"255,255,255",10,归属可解除次数提示
20031,0,GV_RINK_NAME,MST_Contents_001535,[$GetValue1()],,"255,255,255",10,物品/NPC名称链接
20032,8,GV_TRADE_PC_READY,MST_Contents_001536,$GetValue1()的交易准备完成.,,"255,255,255",10,1:1交易 -点击准备键时
20033,8,GV_TRADE_PC_DECISION,MST_Contents_001537,$GetValue1()的交易决定完成.,,"255,255,255",10,1:1交易 -点击决定键时
20034,0,GV_CHARACTER_LEVEL,MST_Contents_001538,Lv.$GetValue1(),,"255,255,255",10,队伍匹配的角色等级信息等
20035,0,GV_CHARACTER_DELETE_TIME,MST_Contents_001539,删除等待时间/n$GetValue1()时$GetValue2()分$GetValue3()秒,,"255,255,255",10,删除准备时间信息
20036,0,GV_CHARACTER_DELETE_CANCEL,MST_Contents_001540,删除等待时间:$GetValue1()时,,"255,255,255",10,删除准备时间信息(只标示时间)
20037,0,GV_TOOLTIP_WEAPON_OP,MST_Contents_001541,物理攻击度:$GetWeaponLvTable(10)~$GetWeaponLvTable(11),,"255,255,255",10,武器熟练度效果提示
20038,0,GV_TOOLTIP_WEAPON_MOP,MST_Contents_001542,魔法攻击度:$GetWeaponLvTable(12)~$GetWeaponLvTable(13),,"255,255,255",10,武器熟练度效果提示
20039,0,GV_TOOLTIP_WEAPON_IGN_AT,MST_Contents_001543,无视防御攻击度:$GetWeaponLvTable(14),,"255,255,255",10,武器熟练度效果提示
20040,0,GV_TOOLTIP_WEAPON_AP,MST_Contents_001544,命中率:$GetWeaponLvTable(15),,"255,255,255",10,武器熟练度效果提示
20041,0,GV_TOOLTIP_WEAPON_CP,MST_Contents_001545,致命值:$GetWeaponLvTable(16),,"255,255,255",10,武器熟练度效果提示
20042,0,GV_TOOLTIP_WEAPON_BP,MST_Contents_001546,减少受损:$GetWeaponLvTable(17),,"255,255,255",10,武器熟练度效果提示
20043,0,GV_TOOLTIP_WEAPON_AS,MST_Contents_001547,攻击速度:$GetWeaponLvTable(18),,"255,255,255",10,武器熟练度效果提示
20044,0,GV_TOOLTIP_WEAPON_STR,MST_Contents_001548,力量:$GetWeaponLvTable(19),,"255,255,255",10,武器熟练度效果提示
20045,0,GV_TOOLTIP_WEAPON_CON,MST_Contents_001549,体力:$GetWeaponLvTable(20),,"255,255,255",10,武器熟练度效果提示
20046,0,GV_TOOLTIP_WEAPON_WIS,MST_Contents_001550,技能:$GetWeaponLvTable(21),,"255,255,255",10,武器熟练度效果提示
20047,0,GV_TOOLTIP_WEAPON_MEN,MST_Contents_001551,战斗值:$GetWeaponLvTable(22),,"255,255,255",10,武器熟练度效果提示
20048,0,GV_TOOLTIP_WEAPON_AGILITY,MST_Contents_001552,敏捷度:$GetWeaponLvTable(23),,"255,255,255",10,武器熟练度效果提示
20049,0,GV_DATE_TYPE01,MST_Contents_001553,$GetValue1()年$GetValue2()月$GetValue3()日,,"255,255,255",10,时间标示 
20050,0,GV_DATE_TYPE02,MST_Contents_001554,$GetValue1().$GetValue2().$GetValue3(),,"255,255,255",10,时间标示 
20051,0,GV_DATE_TYPE03,MST_Contents_001555,$GetValue1()-$GetValue2()-$GetValue3(),,"255,255,255",10,时间标示 
20052,12,GV_QUEST_ACCEPT,MST_Contents_001556,[$GetQuestTable(3)]已接受任务.,,"255,255,255",10,接受任务时
20053,12,GV_QUEST_COMPLETE,MST_Contents_001557,[$GetQuestTable(3)]已完成任务.,,"255,255,255",10,完成任务时
20054,12,GV_QUEST_GIVEUP,MST_Contents_001558,[$GetQuestTable(3)]已放弃任务.,,"255,255,255",10,放弃任务时
20055,12,GV_QUEST_MINIBAR_FULL,MST_Contents_001559,最多只能注册10个任务通知.,,"255,255,255",10,试图注册第11个任务通知时
20056,12,GV_PARTY_INVITATION_REJECT,MST_Contents_001560,[$GetValue1()]已拒绝邀请.,,"255,255,255",10,拒绝队伍邀请时时间并已超过30秒时
20057,12,GV_PARTY_INVITATION_JOIN,MST_Contents_001561,[$GetValue1()]已加入队伍.,,"255,255,255",10,队伍加入时
20058,12,GV_PARTY_INVITATION_ASK,MST_Contents_001562,[$GetValue1()]已邀请参与队伍.,,"255,255,255",10,队伍邀请时
20059,12,GV_PARTY_INVITATION,MST_Contents_001563,[$GetValue1()]已邀请.,,"255,255,255",10,通知队伍邀请对象时
20060,12,GV_PARTY_MENU_WITHDRAW_01,MST_Contents_001564,[$GetValue1()]已退出队伍.,,"255,255,255",10,退出队伍时
20061,12,GV_PARTY_MENU_ENTRUST,MST_Contents_001565,[$GetValue1()]已变更队伍/突袭场所.,,"255,255,255",10,委任为队伍队长时
20062,8,GV_PARTY_MEMBER_GAIN_GHELLD,MST_Contents_001566,[$GetValue1()]$GetValue2()已取得金币.,,"255,255,255",10,队伍成员获取金币时
20063,8,GV_PARTY_DICE_SELECT_NUMBER,MST_Contents_001567,[$GetValue1()]掷骰子$GetValue2()出来结果.$GetItemLink(),,"255,255,255",10,队伍成员掷骰子的结果出现时
20064,8,GV_PARTY_DICE_SELECT_GIVEUP,MST_Contents_001568,[$GetValue1()]$GetItemLink()放弃掷骰子决定物品.,,"255,255,255",10,队伍成员放弃高级分配时
20065,12,GV_PARTY_PC_STATE_DEATH,MST_Contents_001569,[$GetValue1()]已死亡.,,"255,255,255",10,队伍成员死亡时
20066,12,GV_PARTY_PC_STATE_REBIRTH,MST_Contents_001570,[$GetValue1()]已复活.,,"255,255,255",10,队伍成员复活时
20067,12,GV_PARTY_MEMBER_WEAPON_LVUP,MST_Contents_001571,<TC '59:184:120' Text'[$GetValue1()]'/>的$GetValue2()熟练度达到<TC'238:73:0' Text'[$GetValue3()级]'/>.,,"255,255,255",10,队伍成员武器熟练度等级上升
20068,12,GV_PARTY_MEMBER_LVUP,MST_Contents_001572,<TC '59:184:120' Text'[$GetValue1()]'/>的等级提升!达到<TC'238:73:0' Text'[$GetValue2()级]'/>.,,"255,255,255",10,队伍成员等级上升
20069,12,GV_PARTY_MEMBER_GAIN_ITEM,MST_Contents_001573,<TC '59:184:120' Text'[$GetValue1()]'/><TC'111:83:230' Text'$GetValue2()'/>$GetItemLink()已获取.,,"255,255,255",10,队伍成员获取物品时
20070,8,GV_PARTY_MENU_BANISH,MST_Contents_001574,<TC '59:184:120' Text'[$GetValue1()]'/>已被踢出.,,"255,255,255",10,队伍成员被踢出时
20071,8,GV_GUILD_MEMBER_LOGIN,MST_Contents_001575,公会成员<TC '67:140:202' Text'[$GetValue1()]'/>已登录.,,"255,255,255",10,公会会员连接时
20072,8,GV_GUILD_MEMBER_LOGOUT,MST_Contents_001576,公会成员<TC '67:140:202' Text'[$GetValue1()]'/>已离开.,,"255,255,255",10,公会会员结束游戏时
20073,8,GV_GUILD_MEMBER_LEVELUP,MST_Contents_001577,公会成员<TC '67:140:202' Text'[$GetValue1()]'/><TC'238:73:0' Text'[$GetValue2()]'/>等级 加速晋级.,,"255,255,255",10,公会会员根据等级完成时
20074,12,GV_GUILD_TITLE_MODIFY,MST_Contents_001578,<TC '67:140:202' Text'[$GetValue1()]'/>几个称呼的名称权限已变更.,,"255,255,255",10,变更称呼时
20075,12,GV_GUILD_MASTER_MODIFY_COMPLETE,MST_Contents_001579,公会会长<TC '67:140:202' Text'[$GetValue1()]'/>已变更.,,"255,255,255",10,公会会长被正常委任时
20076,12,GV_GUILD_MASTER_MODIFY_REJECTION,MST_Contents_001580,<TC '67:140:202' Text'[$GetValue1()]'/>拒绝了公会会长的委任请求.,,"255,255,255",10,拒绝公会会长的委任请求时
20077,12,GV_GUILD_MODIFY_MEMTITLE,MST_Contents_001581,<TC '67:140:202' Text'[$GetValue1()]'/>称呼变更为<TC '67:140:202' Text'[$GetValue2()]'/>了.,,"255,255,255",10,公会会员称呼变更时
20078,12,GV_GUILD_MEMBER_BAN_02,MST_Contents_001582,<TC '67:140:202' Text'[$GetValue1()]'/>已被公会踢出.,,"255,255,255",10,公会踢出确认UI中选择[确认]时
20079,12,GV_GUILD_LEAVE_REMAINMEM,MST_Contents_001583,<TC '67:140:202' Text'[$GetValue1()]'/>已退出公会.,,"255,255,255",10,在退出公会窗口中选择[确认]时:给剩下的连接中的会员
20080,12,GV_GUILD_CREATE_SUCCESS,MST_Contents_001584,<TC '67:140:202' Text'[$GetValue1()]'/>已创立公会.,,"255,255,255",10,公会创立成功时
20081,12,GV_GUILD_CONTRIBUTE_GAIN,MST_Contents_001585,<TC'111:83:230' Text'公会经验值和贡献度$GetValue1()上升了.'/>,,"255,255,255",10,贡献物品成功时
20082,12,GV_GUILD_CLASS_UPGRADE,MST_Contents_001586,<TC '67:140:202' Text'[$GetValue1()]'/>公会上升到<TC '238:73:0' Text'[$GetValue2()]'/>了.   ,,"255,255,255",10,公会等级上升完成时
20083,12,GV_GUILD_DISBAND_SUCCESS,MST_Contents_001587,<TC '67:140:202' Text'[$GetValue1()]'/>公会已解散.,,"255,255,255",10,在解散确认窗口选择[解散]菜单时
20084,12,GV_GUILD_INVITE_SUCCESS,MST_Contents_001588,<TC '67:140:202' Text'[$GetValue1()]'/>新加入公会.请大家欢迎他.,,"255,255,255",10,加入公会完成时-东道主几个公会成员
20085,12,GV_GUILD_INVITE_SUCCESS_JOIN,MST_Contents_001589,<TC '67:140:202' Text'[$GetValue1()]'/>加入公会.,,"255,255,255",10,加入公会完成时-加入者
20086,12,GV_GUILD_INVITE_REJECTION_01,MST_Contents_001590,<TC '67:140:202' Text'[$GetValue1()]'/>拒绝邀请.,,"255,255,255",10,[拒绝]公会邀请时
20087,12,GV_GUILD_INVITE_REJECTION_02,MST_Contents_001591,<TC '67:140:202' Text'[$GetValue1()]'/>拒绝加入公会.,,"255,255,255",10,[拒绝]公会邀请时
20088,12,GV_GUILD_STORGE_DEPOSIT,MST_Contents_001592,在公会仓库中[$GetValue1()]$GetValue2()储存金币.,,"255,255,255",10,在公会仓库储存金币
20089,12,GV_GUILD_STORGE_WITHDRAWAL,MST_Contents_001593,从公会仓库中[$GetValue1()]$GetValue2()取出金币.,,"255,255,255",10,从公会仓库中取出金币
20090,12,GV_GUILD_STORGE_ITEM_DEPOSIT,MST_Contents_001594,交给公会仓库 [$GetValue1()]$GetItemLink()$GetValue2()个物品.,,"255,255,255",10,在公会仓库存放物品时
20091,12,GV_GUILD_STORGE_ITEM_WITHDRAWAL,MST_Contents_001595,从公会仓库 [$GetValue1()]$GetItemLink()拿出$GetValue2()个物品.,,"255,255,255",10,从公会仓库取出物品时
20092,12,GV_STORGE_DEPOSIT,MST_Contents_001596,在仓库$GetValue1()储存金币.,,"255,255,255",10,在公会仓库储存金币
20093,12,GV_STORGE_WITHDRAWAL,MST_Contents_001597,从仓库中$GetValue1()取出金币.,,"255,255,255",10,从公会仓库中取出金币
20094,12,GV_STORGE_ITEM_DEPOSIT,MST_Contents_001598,交给仓库$GetItemLink()$GetValue1()个物品.,,"255,255,255",10,在公会仓库存放物品时
20095,12,GV_STORGE_ITEM_WITHDRAWAL,MST_Contents_001599,从仓库中$GetItemLink()拿出$GetValue1()个物品.,,"255,255,255",10,从公会仓库取出物品时
20096,12,GV_PRODUCT_C_SUCCESS,MST_Contents_001600,$GetItemLink()已生产.,,"255,255,255",10,成功生产物品时
20097,12,GV_PRODUCT_T_RECIPE_PRODUCTMASTERY,MST_Contents_001601,$GetItemProductType()熟练度$GetItemProductLevel()必要,,"255,255,255",10,提示必要的生产种类熟练度时
20098,12,GV_PRODUCT_T_RECIPE_SUCCESS_LEARN,MST_Contents_001602,$GetItemLink()已学习.,,"255,255,255",10,学习使用配方物品目录时
20099,12,GV_PRODUCT_RECIPE_ALREADYLEARN,MST_Contents_001603,$GetItemLink()已学习.,,"255,255,255",10,使用已学习的配方物品时
20100,8,GV_ITEMBREAK_CONSUME,MST_Contents_001604,$GetValue1()已使用金币.,,"255,255,255",10,分解UI
20101,12,GV_ITEMBREAK_LOOTINGITEM,MST_Contents_001605,$GetItemLink()已获取物品.,,"255,255,255",10,分解UI
20102,12,GV_PORTAL_NOT_LEVEL,MST_Contents_001606,等级Lv.$GetValue1()~Lv.$GetValue2()是可以使用相关网站.,,"255,255,255",10,和可以使用网站的等级不符的情况系统信息
20103,8,GV_GHELLD_INCREASE,MST_Contents_001607,$GetValue1()金币已获得.,,"255,255,255",10,获取金币信息
20104,8,GV_GHELLD_DECREASE,MST_Contents_001608,$GetValue1()已支付金币.,,"255,255,255",10,使用金币信息
20105,8,GV_EXP_INCREASE,MST_Contents_001609,<TC'111:83:230' Text'$GetValue1()经验值已获取.'/>,,"255,255,255",10,获取经验值信息
20106,12,GV_EXP_DECREASE,MST_Contents_001610,<TC'111:83:230' Text'经验值$GetValue1()减少了.'/>,,"255,255,255",10,经验值减少信息
20107,8,GV_WEXP_INCREASE,MST_Contents_001611,<TC'111:83:230' Text'$GetValue1()武器经验值已获取.'/>,,"255,255,255",10,获取经验值信息
20108,12,GV_STATE_REQPOINT,MST_Contents_001612,需要技能点:$GetSkillTable(46),,"255,255,255",10,seutet提示用
20109,12,GV_SKILL_MAINWEAPON,MST_Contents_001613,需要主武器:$GetValue1(),,"255,255,255",10,技能提示中主武器注册的必要说明
20110,12,GV_DICE_SELECT_NUMBER,MST_Contents_001614,掷骰子$GetValue1()的结果出来了.$GetItemLink(),,"255,255,255",10,掷骰子结果出现时
20111,12,GV_DICE_SELECT_GIVEUP,MST_Contents_001615,$GetItemLink()放弃掷骰子决定物品.,,"255,255,255",10,放弃高级分配时
20112,12,GV_EQUIP_LIMIT_STATUS,MST_Contents_001616,$GetLimitStats()不足.,,"255,255,255",10,穿着限制-等级/力量/体力/技能/战斗值
20113,12,GV_WEAPON_LEVELUP,MST_Contents_001617,$GetValue1()武器等级$GetValue2()上升.,,"255,255,255",10,等级上升信息
20114,12,GV_BUY_ITEM,MST_Contents_001618,$GetItemLink()已买入物品.,,"255,255,255",10,物品买入信息
20115,12,GV_SELL_ITEM,MST_Contents_001619,$GetItemLink()已卖出物品.,,"255,255,255",10,物品卖出信息
20116,8,GV_LOOTING_ITEM,MST_Contents_001620,$GetItemLink()已获得物品.,,"255,255,255",10,抢夺关联信息
20117,12,GV_LEVELUP_CONGRATURATION,MST_Contents_001621,等级上升!<TC'238:73:0' Text'[$GetValue1()等级]'/>达成.,,"255,255,255",10,依据等级时.
20118,8,GV_BUFF_END,MST_Contents_001622,$GetSkillName()技能效果已终止.,,"255,255,255",10,buff终止时
20119,12,GV_NPC_DISTANCE_MISTAKE,MST_Contents_001623,$GetItemLink()物品$GetValue1()个很必要.,,"255,255,255",10,向想去的的地点移动，没有必要物品时系统信息
20120,12,GV_ALCHEMY_COMPLETE,MST_Contents_001624,通过炼金术已获取$GetItemLink().,,"255,255,255",10,炼金术结果
20121,0,GV_ALCHEMY_MATERIAL_VOLUME,MST_Contents_002007,注册可能个数:$GetValue1()/$GetValue2(),,"255,255,255",10,炼金术可以注册的最多材料个数
20122,12,GV_PCSHOP_SALE,MST_Contents_001625,"$GetItemLink()卖出$GetValue1()个物品,$GetValue2()已取得金币.",,"255,255,255",10,个人在商店物品卖出完成
20123,12,GV_PCSHOP_BUY,MST_Contents_001626,$GetItemLink()$GetValue1()个物品$GetValue2()已用金币买入.,,"255,255,255",10,个人在商店物品卖出完成
20124,12,GV_POST_SEND,MST_Contents_001627,给$GetValue1()的信已发送.,,"255,255,255",10,邮件信息
20125,0,GV_POST_RECEIVE,MST_Contents_001628,收件箱($GetValue1()),,"255,255,255",10,邮件信息
20126,0,GV_POST_OFFICIAL,MST_Contents_001629,公文信箱($GetValue1()),,"255,255,255",10,邮件信息
20127,0,GV_POST_SENDMAILBOX,MST_Contents_001630,发件箱($GetValue1()),,"255,255,255",10,邮件信息
20128,0,GV_POST_KEEP,MST_Contents_001631,可被保管的邮件($GetValue1()/$GetValue2()),,"255,255,255",10,邮件信息
20129,0,GV_POST_MESSAGE,MST_Contents_001632,信息($GetValue1()/$GetValue2()),,"255,255,255",10,邮件信息
20130,0,GV_POST_DAY,MST_Contents_001633,$GetValue1()-$GetValue2()-$GetValue3()/$GetValue4()$GetValue5():$GetValue6(),,"255,255,255",10,邮件信息
20131,0,GV_POST_DAY_MAIN,MST_Contents_001634,$GetValue1()-$GetValue2()-$GetValue3()/n$GetValue4()$GetValue5():$GetValue6(),,"255,255,255",10,邮件信息
20132,0,GV_POST_NOT_READ,MST_Contents_001635,未读邮件/n一般:$GetValue1()封/n公文:$GetValue2()封,,"255,255,255",10,邮件信息
20133,0,GV_TOOLTIP_PORTAL_NAME,MST_Contents_001636,名称:$GetValue1(),,"255,255,255",10,网站错误
20134,0,GV_TOOLTIP_PORTAL_GHELLD,MST_Contents_001637,必要金币:$GetValue1(),,"255,255,255",10,网站错误
20135,0,GV_TOOLTIP_PORTAL_LEVEL,MST_Contents_001638,等级区间:$GetValue1()~$GetValue2(),,"255,255,255",10,网站错误
20136,0,GV_TOOLTIP_PORTAL_RACE,MST_Contents_001639,可使用种族:$GetValue1(),,"255,255,255",10,网站错误
20137,0,GV_TOOLTIP_PORTAL_HAVEITEM,MST_Contents_001640,持有物品:$GetValue1()$GetValue2()?,,"255,255,255",10,网站错误
20138,0,GV_TOOLTIP_PORTAL_ITEM,MST_Contents_001641,消耗品:$GetValue1()$GetValue2()?,,"255,255,255",10,网站错误
20139,0,GV_TOOLTIP_PORTAL_QUEST,MST_Contents_001642,必要任务:$GetValue1(),,"255,255,255",10,网站错误
20140,12,GV_REBIRTH_CONFIRM,MST_Contents_001643,在登陆点可以复活吗?,,"255,255,255",10,点击据点复活键时UI出现的信息
20141,12,GV_REBIRTH_ITEMCONFIRM,MST_Contents_001644,$GetValue1()使用.现在可以复活吗?,,"255,255,255",10,点击物品复活键时UI出现的信息
20142,12,GV_REBIRTH_PASSCONFIRM,MST_Contents_001645,可以在经由地复活吗?,,"255,255,255",10,点击经由地复活键时UI出现的信息
20143,8,GV_PARTYGROUP_ASK_INVITE_FAIL_03,MST_Contents_001646,<TC '59:184:120' Text'[$GetValue1()]'/>已经属于其他突袭队伍.,,"255,255,255",10,打算邀请的队伍已经属于其他队伍时
20144,8,GV_PARTYGROUP_ASK_INVITE_FAIL_04,MST_Contents_001647,<TC '59:184:120' Text'[$GetValue1()]'/>在同一个突袭队伍.,,"255,255,255",10,打算邀请的队伍在同一个队伍时
20145,8,GV_PARTYGROUP_ASK_INVITE_FAIL_05,MST_Contents_001648,<TC '59:184:120' Text'[$GetValue1()]'/>所在地域无法接受邀请.,,"255,255,255",10,打算邀请的队伍所在地域无法接受邀请时
20146,8,GV_PARTYGROUP_JOIN_02,MST_Contents_001649,<TC '196:223:155' Text'[$GetValue1()]'/>以参与突袭.,,"255,255,255",10,以参与突袭时
20147,8,GV_PARTYGROUP_MASTER_MODIFY,MST_Contents_001650,<TC '196:223:155' Text'[$GetValue1()]'/>已变更突袭场所.,,"255,255,255",10,委任联合别的队伍的队伍场时
20148,8,GV_PARTYGROUP_OUT,MST_Contents_001651,<TC '196:223:155' Text'[$GetValue1()]'/>已从队伍中退出参与突袭.,,"255,255,255",10,退出突袭时
20149,8,GV_PARTYGROUP_BANED,MST_Contents_001652,<TC '196:223:155' Text'[$GetValue1()]'/>的队伍已从联合中被踢出.,,"255,255,255",10,被踢出突袭时
20150,8,GV_ITEM_CRASH,MST_Contents_001653,"耐久度为0,$GetItemLink()物品已被破坏.",,"255,255,255",10,"耐久度为0,物品消失"
20151,8,GV_ITEM_DELETE,MST_Contents_001654,$GetItemLink()已销毁物品.,,"255,255,255",10,"耐久度为0,物品消失"
20152,8,QUEST_SHARE_ACCEPT,MST_Contents_001655,[$GetValue1()]已接受任务共有邀请.,,"255,255,255",10,收到任务共有邀请的PC点击弹出窗口的[允许]时，给发出共有邀请的PC
20153,8,QUEST_SHARE_REFUSAL,MST_Contents_001656,[$GetValue1()]已拒绝任务共有邀请,,"255,255,255",10,收到任务共有邀请的PC点击弹出窗口的[拒绝]时，给发出共有邀请的PC
20154,8,GV_QUEST_SHARE_USERNAME,MST_Contents_001657,[$GetValue1()]$GetValue2(),,"255,255,255",10,收到任务共有邀请的对象PC的名称
20155,8,GV_FRIEND_SUCCESS,MST_Contents_001658,[$GetValue1()]作为好友登陆.,,"255,255,255",10,好友关联信息
20156,8,GV_FRIEND_BLOCK_ADD_SUCCESS,MST_Contents_001659,[$GetValue1()]已绝交.,,"255,255,255",10,好友关联信息
20157,8,GV_FRIEND_ONLINE,MST_Contents_001660,[$GetValue1()]已连接.,,"255,255,255",10,好友关联信息
20158,8,GV_FRIEND_OFFLINE,MST_Contents_001661,[$GetValue1()]连接已结束.,,"255,255,255",10,好友关联信息
20159,8,GV_QUEST_TIMER,MST_Contents_001662,任务剩余时间:[$GetValue1()]:[$GetValue2()],,"255,255,255",10,任务计时器标示
20160,4,GV_QUEST_TIMEOUT,MST_Contents_001663,[$GetValue1()]超时，失败.,,"255,255,255",10,超过任务时间 失败
20161,0,GV_WAR_ENTER,MST_Contents_001664,<TC '255:198:0' Text'[$GetValue1()]/n将参与吗?'/>/n<TC'237:222:197' Text'? 进入战场的情况 ? /n会自动构成突袭团队.'/>,,"255,255,255",10,确认参与战场通知
20162,24,GV_WAR_STARTMIN,MST_Contents_001665,$GetValue1()分后$GetValue2()开始.,,"255,255,255",10,战争内容开始通知
20163,24,GV_WAR_STARTSEC,MST_Contents_001666,$GetValue1()秒后$GetValue2()开始.,,"255,255,255",10,战争内容开始通知
20164,4,GV_WAR_STARTING,MST_Contents_001667,$GetValue1()从开始之后剩余时间:$GetValue2()分$GetValue3()秒,,"255,255,255",10,战争内容开始通知
20165,4,GV_WAR_START,MST_Contents_001668,$GetValue1()开始.,,"255,255,255",10,战争内容开始通知
20166,12,GV_WAR_OCCUPATION_NEW_ING,MST_Contents_001669,$GetValue1()已占领.,System_War_Occupation_M_01.ogg|System_War_Occupation_F_01.ogg|0|0|0|0|System_War_Occupation_M_01.ogg|System_War_Occupation_F_01.ogg,"255,255,255",10,战争内容进行情况-圣物占领战
20167,12,GV_WAR_OCCUPATION_NEW_CANCEL,MST_Contents_001670,$GetValue1()已取消占领.,,"255,255,255",10,战争内容进行情况-圣物占领战
20168,12,GV_WAR_OCCUPATION_ING,MST_Contents_001671,$GetValue1()阵营$GetValue2()占领中.,,"255,255,255",10,战争内容进行情况-圣物占领战
20169,12,GV_WAR_OCCUPATION_END,MST_Contents_001672,$GetValue1()阵营$GetValue2()占领完成.,System_War_Occupation_M_02.ogg|System_War_Occupation_F_02.ogg|0|0|0|0|System_War_Occupation_M_02.ogg|System_War_Occupation_F_02.ogg,"255,255,255",10,战争内容进行情况-圣物占领战
20170,12,GV_WAR_OCCUPATION_CANCEL,MST_Contents_001673,$GetValue1()阵营$GetValue2()占领取消.,,"255,255,255",10,战争内容进行情况-圣物占领战
20171,12,GV_WAR_WIN,MST_Contents_001674,$GetValue1()阵营已胜利.,,"255,255,255",10,战争内容完成
20172,12,GV_WAR_DROW,MST_Contents_001675,$GetValue1()和$GetValue2()无胜负.,,"255,255,255",10,战争内容完成
20173,12,GV_WAR_LOSE,MST_Contents_001676,$GetValue1()阵营已失败.,,"255,255,255",10,战争内容完成
20174,12,GV_REGION_INFO,MST_Contents_001677,$GetValue1()$GetValue2(),,"255,255,255",10,产生地域名称
20175,12,GV_TIME_OUT,MST_Contents_001678,向角色选择画面移动.剩余时间$GetValue1()秒,,"255,255,255",10,非战斗行动制约信息
20176,12,GV_TIME_GAME_OUT,MST_Contents_001679,游戏结束.剩余时间$GetValue1()秒,,"255,255,255",10,非战斗行动制约信息
20177,12,GV_WAR_ASSASSIN_ASSAULT,MST_Contents_001680,$GetValue1()阵营$GetValue2()攻击中.,,"255,255,255",10,战争内容暗杀战NPC攻击中
20178,12,GV_WAR_ASSASSIN_ATTACK,MST_Contents_001681,$GetValue1()阵营$GetValue2()受攻击中.,System_War_Damage_M_01.ogg|System_War_Damage_F_01.ogg|0|0|0|0|System_War_Damage_M_01.ogg|System_War_Damage_F_01.ogg,"255,255,255",10,战争内容暗杀战NPC受到攻击
20179,12,GV_WAR_ASSASSIN_DEAD,MST_Contents_001682,$GetValue1()阵营$GetValue2()死亡.,System_War_Die_M_01.ogg|System_War_Die_F_01.ogg|0|0|0|0|System_War_Die_M_01.ogg|System_War_Die_F_01.ogg,"255,255,255",10,战争内容暗杀战NPC死亡
20180,12,GV_WAR_ASSASSIN_OPENDOOR,MST_Contents_001683,$GetValue1()阵营暗杀队长的结界已解除.,,"255,255,255",10,战争内容暗杀战达到一定分数时解除结界
20181,12,GV_WAR_DESTORY_DEAD,MST_Contents_001684,$GetValue1()阵营$GetValue2()破坏.,System_War_Destroy_M_01.ogg|System_War_Destroy_F_01.ogg|0|0|0|0|System_War_Destroy_M_01.ogg|System_War_Destroy_F_01.ogg,"255,255,255",10,战争内容艾康破坏战NPC死亡
20182,12,GV_WAR_DESTORY_ATTACK,MST_Contents_001685,结果:被破坏的圣物$GetValue1()个.,,"255,255,255",10,战争内容结果-目标(艾康破坏战)
20183,12,GV_WAR_DESTORY_DEAD,MST_Contents_001686,破坏数量:$GetValue1()个($GetValue2()阵营用户被击杀的数字:$GetValue3()),,"255,255,255",10,战争内容结果-结果(艾康破坏战)
20184,12,GV_WEAPON_CHANGE,MST_Contents_001687,$GetValue1()已通过武器交替.,,"255,255,255",10,武器交替信息
20185,8,GV_CHAT_DISABLE,MST_Contents_001688,通过判断性聊天，暂时无法输入文字.,,"255,255,255",10,现状态下聊天时
20186,8,GV_CHAT_DISABLE_ACTIVE,MST_Contents_001689,$GetValue1()秒期间无法聊天.,,"255,255,255",10,聊天-现状态下发送聊天时
20187,8,GV_CHAT_DISABLE_ACTIVE_ARCHLORD,MST_Contents_001690,$GetValue1()秒期间无法外侵.,,"255,255,255",10,霸王聊天-现状态下发送聊天时
20188,8,GV_CHAT_CHANNEL_SAY,MST_Contents_001691,[一般] [$GetValue1()]:$GetValue2(),,"255,255,255",10,一般聊天信息输出时
20189,8,GV_CHAT_CHANNEL_PARTY,MST_Contents_001692,[队伍] [$GetValue1()]:$GetValue2(),,"255,255,255",10,队伍聊天信息输出时
20190,8,GV_CHAT_CHANNEL_PARTYGROUP,MST_Contents_001693,[突袭] [$GetValue1()]:$GetValue2(),,"255,255,255",10,突袭聊天信息输出时
20191,8,GV_CHAT_CHANNEL_GUILD,MST_Contents_001694,[公会] [$GetValue1()]:$GetValue2(),,"255,255,255",10,公会聊天信息输出时
20192,8,GV_CHAT_CHANNEL_YELL,MST_Contents_001695,[外侵] [$GetValue1()]:$GetValue2(),,"255,255,255",10,??聊天信息输出时
20193,8,GV_CHAT_CHANNEL_WHISPER_01,MST_Contents_001696,[密语] [$GetValue1()]???:$GetValue2(),,"255,255,255",10,发送密语时的输入窗口
20194,64,GV_CHAT_CHANNEL_WAR,MST_Contents_001697,[战斗] :$GetValue1(),,"255,255,255",10,战斗聊天信息输出
20195,12,GV_CHAT_CHANNEL_CASHMESSAGE,MST_Contents_001698,[喇叭] [$GetValue1()]:$GetValue2(),,"255,255,255",10,喇叭聊天内容标示
20196,12,GV_CHAT_CHANNEL_ARCHLORD,MST_Contents_001699,[霸王] [$GetValue1()]:$GetValue2(),,"255,255,255",10,喇叭聊天内容标示
20197,12,GV_CHAT_CHANNEL_CASHMESSAGE01,MST_Contents_001700,[$GetValue1()]:$GetValue2(),,"255,255,255",10,在喇叭聊天窗口标示内容
20198,8,GV_CHAT_CHANNEL_WHISPER_02,MST_Contents_001701,[收到的密语] [$GetValue1()]发出:$GetValue2(),,"255,255,255",10,收到密语聊天信息输出时
20199,8,GV_CHAT_CHANNEL_WHISPER_03,MST_Contents_001702,[$GetValue1()]收:,,"255,255,255",10,发送密语聊天信息输出时
20200,8,GV_CHAT_CHANNEL_NOTICE,MST_Contents_001703,[公告事项] :$GetValue1(),,"255,255,255",10,根据命令输入公告事项的情况 在聊天窗口输出
20201,8,GV_CHAT_CHANNEL_ALERT,MST_Contents_001704,[警报] [$GetValue1()]:$GetValue2(),,"255,255,255",10,突袭信息输入窗口
20202,64,GV_CHAT_COMBAT_ATTACK,MST_Contents_001705,给$GetValue1()$GetValue2()程度的损害.,,"255,255,255",10,给对象损害时
20203,64,GV_CHAT_COMBAT_DAMAGE,MST_Contents_001706,从$GetValue1()受到$GetValue2()程度的损害.,,"255,255,255",10,对象收到损害时
20204,64,GV_CHAT_COMBAT_ATTACK_CRITICAL,MST_Contents_001707,致命打!$GetValue1()受到$GetValue2()程度的损害.,,"255,255,255",10,给对象大的损害时
20205,64,GV_CHAT_COMBAT_DAMAGE_CRITICAL,MST_Contents_001708,致命打!$从GetValue1()受到$GetValue2()程度的损害.,,"255,255,255",10,对象收到大的损害时
20206,64,GV_CHAT_COMBAT_ATTACK_BLOCK,MST_Contents_001709,"减少受损!$GetValue1(),给目标$GetValue2()程度的损害.",,"255,255,255",10,对象受损时
20207,64,GV_CHAT_COMBAT_DAMAGE_BLOCK,MST_Contents_001710,减少受损!被$GetValue1()攻击，受到了$GetValue2()程度的损害.,,"255,255,255",10,自己受损时
20208,64,GV_CHAT_COMBAT_ATTACK_DODGE,MST_Contents_001711,回避!避开了$GetValue1()的攻击.,,"255,255,255",10,自己避开攻击时
20209,64,GV_CHAT_COMBAT_DAMAGE_DODGE,MST_Contents_001712,"回避!$GetValue1(),避开了目标的攻击.",,"255,255,255",10,避开了对象的攻击时
20210,64,GV_CHAT_HP_HEAL_MYUSE,MST_Contents_001713,恢复! 生命$GetValue1()已恢复.,,"255,255,255",10,自己的hp恢复
20211,64,GV_CHAT_HP_HEAL_RECIVE,MST_Contents_001714,恢复!$GetValue1()帮你恢复了$GetValue2()程度的生命.,,"255,255,255",10,从对方那里hp恢复技能
20212,64,GV_CHAT_MP_HEAL_MYUSE,MST_Contents_001715,恢复! 法力$GetValue1()已恢复.,,"255,255,255",10,自己的mp恢复
20213,64,GV_CHAT_MP_HEAL_RECIVE,MST_Contents_001716,恢复!$GetValue1()帮你恢复了$GetValue2()程度的法力.,,"255,255,255",10,从对方那里mp恢复技能
20214,64,GV_CHAT_HP_ABSORB,MST_Contents_001717,吸收! 吸收了$GetValue1()程度的生命.,,"255,255,255",10,hp吸收
20215,64,GV_CHAT_MP_ABSORB,MST_Contents_001718,吸收! 吸收了$GetValue1()程度的法力.,,"255,255,255",10,mp吸收
20216,12,GV_WAR_OCCUPATION_GOAL1,MST_Contents_001719,分数$GetValue1(),,"255,255,255",10,战争内容目标(圣物占领战)
20217,12,GV_WAR_HERO_GOAL1,MST_Contents_001720,击杀$GetValue1(),,"255,255,255",10,战争内容目标(英雄战)
20218,12,GV_WAR_ASSASSIN_GOAL1,MST_Contents_001721,得到10000分解除结界/n处置敌方阵营英雄$GetValue1()名,,"255,255,255",10,战争内容目标(暗杀战)
20219,12,GV_WAR_ATTACK_GOAL1,MST_Contents_001722,圣物$GetValue1()分期间个人,,"255,255,255",10,战争内容目标(攻/守决定战)
20220,12,GV_WAR_DESTORY_GOAL1,MST_Contents_001723,圣物$GetValue1()个破坏,,"255,255,255",10,战争内容目标(艾康破坏战)
20221,12,GV_WAR_RACEWAR_GOAL1,MST_Contents_001724,"处置敌人,获得$GetValue1()分",,"255,255,255",10,战争内容目标(大规模阵营战)
20222,12,GV_WAR_ARCHLORD_GOAL1,MST_Contents_001725,最后活着的$GetValue1()人,,"255,255,255",10,战争内容目标(霸王之决)
20223,12,GV_WAR_ARCHLORD_HALIDOM_SUCCESS,MST_Contents_001726,$GetValue1()占领了荣耀的象征.,,"255,255,255",10,荣耀的象征之主诞生时(霸王之决)
20224,24,GV_WAR_ARCHLORD_SUCCESS,MST_Contents_001727,$GetValue1()成为了霸王.,,"255,255,255",10,最后剩下一人霸王诞生(霸王之决)
20225,8,GV_FRIEND_DELETE,MST_Contents_001728,[$GetValue1()]从好友目录中被删除.,,"255,255,255",10,删除好友信息
20226,12,GV_WARCONTENTS_OUT,MST_Contents_001729,离开战场.剩余时间$GetValue1()秒,,"255,255,255",10,从战场离开时
20227,12,GV_SKILL_PARTY_RECALL,MST_Contents_001730,[$GetValue1()]拒绝了召唤.,,"255,255,255",10,队伍成员使用召唤技能
20228,8,GV_ITEM_REPAIR_NEED,MST_Contents_001731,$GetValue1()物品的耐久度为0.请修理.,,"255,255,255",10,物品耐久度为0时
20229,12,GV_CHAT_IGNORE_SAY,MST_Contents_001732,[$GetValue1()]拒绝了密语.,,"255,255,255",10,设定拒绝密语
20230,12,GV_KEYSETTING_SUCCESS,MST_Contents_001733,$GetValue1()设置为快捷键$GetValue2().,,"255,255,255",10,按键设定
20231,12,GV_KEYSETTING_CHANGE,MST_Contents_001734,$GetValue1()正在使用.$GetValue2()快捷键解除.,,"255,255,255",10,按键设定
20232,0,GV_WAIT_NAME,MST_Contents_001735,服务器名称:$GetValue1(),,"255,255,255",10,等代表
20233,0,GV_WAIT_PERSON,MST_Contents_001736,连接等待中:$GetValue1()名,,"255,255,255",10,等代表
20234,0,GV_WAIT_ TIME_HOUR_MIN,MST_Contents_001737,预计等待时间:约$GetValue1()时$GetValue2()分,,"255,255,255",10,等代表
20235,0,GV_WAIT_TIME_MIN,MST_Contents_001738,预计等待时间:约$GetValue1()分,,"255,255,255",10,等代表
20236,12,GV_PARTY_SKILL_USE,MST_Contents_001739,$GetValue1()队伍技能已被使用.,,"255,255,255",10,使用队伍技能
20237,12,GV_FAMEPOINT_PVP_GAIN,MST_Contents_001740,"处置对方,获得名望分数$GetValue1().",,"255,255,255",10,使对方PC死亡时
20238,12,GV_FAMEPOINT_QUEST_GAIN,MST_Contents_001741,"处置对方,获得名望分数$GetValue1().",,"255,255,255",10,任务补偿
20239,0,GV_INSTANCE_LIMIT_PERSON,MST_Contents_001742,奖励人员:$GetValue1()名,,"255,255,255",10,地下城奖励人员
20240,0,GV_INSTANCE_LIMIT_LEVEL,MST_Contents_001743,等级限制:$GetValue1()~$GetValue2(),,"255,255,255",10,地下城等级限制
20241,12,GV_BINDER_SUCCESS,MST_Contents_001744,指定为$GetValue1().,,"255,255,255",10,据点注册完成
20242,12,GV_INSTANCE_ SOLO_ITEM_NOJOIN,MST_Contents_001745,"$GetItemLink()没有物品,无法进入.",,"255,255,255",10,没有物品无法进入.(单人情况)
20243,12,GV_INSTANCE_PARTY_LEVEL_NOJOIN,MST_Contents_001746,$GetValue1()的等级不足，无法进入.,,"255,255,255",10,等级不足无法进入(队伍情况)
20244,12,GV_INSTANCE_ PARTY_ITEM_NOJOIN,MST_Contents_001747,"$GetValue1()没有$GetItemLink()物品,无法进入.",,"255,255,255",10,没有物品无法进入.(队伍情况)
20245,12,GV_INSTANCE_JOIN_CANCEL,MST_Contents_001748,$GetValue1()已取消进入地下城.,,"255,255,255",10,队伍成员中即使有1名，点击[取消]进入地下城UI的情况
20246,12,GV_INSTANCE_GOAL,MST_Contents_001749,$GetValue1()($GetValue2()/$GetValue3()),,"255,255,255",10,地下城目标UI标示
20247,12,GV_INSTANCE_DIFFICULTY,MST_Contents_001750,奖励人员:$GetValue1(),,"255,255,255",10,地下城目标UI标示
20248,12,GV_INSTANCE_TIMEOUT1,MST_Contents_001751,限制时间:$GetValue1()分$GetValue2()秒,,"255,255,255",10,地下城目标UI标示
20249,12,GV_INSTANCE_TIMEOUT2,MST_Contents_001752,限制时间:$GetValue1()时$GetValue2()分$GetValue3()秒,,"255,255,255",10,地下城目标UI标示
20250,12,GV_INSTANCE_UNLIMIT,MST_Contents_001753,限制时间:$GetValue1(),,"255,255,255",10,地下城目标UI标示
20251,0,GV_INSTANCE_ROUNDKILL,MST_Contents_001754,$GetValue1() Round($GetValue2()分$GetValue3()秒),,"255,255,255",10,地下城目标UI标示
20252,12,GV_INSTANCE_TIME,MST_Contents_001755,$GetValue1()秒,,"255,255,255",10,地下城补偿UI标示
20253,12,GV_AUCTION_ABLE_NUMBER,MST_Contents_001756,可注册个数($GetValue1()/$GetValue2()),,"255,255,255",10,拍卖场UI标示
20254,12,GV_AUCTION_SALE_ING,MST_Contents_001757,$GetValue1()卖出中,,"255,255,255",10,拍卖场UI标示
20255,12,GV_AUCTION_REGISTER,MST_Contents_001758,$GetItemLink()物品已注册.,,"255,255,255",10,拍卖场-物品注册完成
20256,12,GV_AUCTION_TIC,MST_Contents_001759,$GetValue1()时$GetValue2()分,,"255,255,255",10,拍卖场-UI标示
20257,12,GV_AUCTION_HOUR,MST_Contents_001760,$GetValue1()时,,"255,255,255",10,拍卖场-UI标示
20258,12,GV_AUCTION_WEAPON_LEVEL,MST_Contents_001761,熟练度等级:$GetValue1(),,"255,255,255",10,拍卖场-UI标示
20259,12,GV_INSTANCE_OUT,MST_Contents_001762,离开地下城.剩余时间$GetValue1()秒,,"255,255,255",10,离开地下城的情况
20260,0,GV_FORTUNA_RESERVES_COIN,MST_Contents_001763,$GetValue1()个,,"255,255,255",10,循环机UI-保有pc的金币标示
20261,0,GV_FORTUNA_NEED_COIN,MST_Contents_001764,所需金币:$GetValue1()个,,"255,255,255",10,循环机UI-箱子物品金币个数标示
20262,12,GV_FORTUNA_WIN,MST_Contents_001765,胜利补偿获得$GetValue1()个金币.,,"255,255,255",10,循环机UI-箱子物品金币个数标示
20263,12,GV_FORTUNA_LOSE,MST_Contents_001766,失败补偿获得$GetValue1()个金币.,,"255,255,255",10,循环机UI-箱子物品金币个数标示
20264,0,GV_PRODUCTION_LACK,MST_Contents_001767,必要熟练度:$GetValue1(),,"255,255,255",10,制作UI的熟练度不足标示
20265,12,GV_GATHER_EXP,MST_Contents_001768,$GetValue1()获取采集/制作熟练度经验值$GetValue2().,,"255,255,255",10,采集熟练度增加信息
20266,12,GV_GATHER_LEVEL,MST_Contents_001769,$GetValue1()达到采集/制作熟练度$GetValue2()级.,,"255,255,255",10,采集熟练度等级增加信息
20267,12,GV_RETURN_ING,MST_Contents_001770,$GetValue1()$GetValue2()限制权限.,,"255,255,255",10,使用权限物品
20268,8,GV_BROADCASTING_ENCHANT_SUCCESS,MST_Contents_001771,$GetValue1()$GetValue2()强化成功.,,"255,255,255",10,物品强化10以上成功发送信息
20269,8,GV_BROADCASTING_TAKE_SPECIALITEM,MST_Contents_001772,$GetValue1()$GetItemLink()获取物品.,,"255,255,255",10,获取特别物品
20270,8,GV_BROADCASTING_BOX_HIGHGRADE,MST_Contents_001773,$GetValue1()从$GetValue2()获取$GetValue3()物品.,,"255,255,255",10,在随机箱子获取特级以上物品时发送信息
20271,8,GV_BROADCASTING_MIX_HIGHGRADE,MST_Contents_001774,$GetValue1()通过组合$GetItemLink()物品获得.,,"255,255,255",10,在组合中获取英雄物品时发送信息
20272,8,GV_BROADCASTING_WINNER_REALM,MST_Contents_001775,在$GetValue1()战场$GetValue2()阵营胜利.,,"255,255,255",10,战场胜利阵营生成
20273,0,GV_SHOW_MYGUARD,MST_Contents_001776,$GetValue1()的$GetValue2(),,"255,255,255",10,负责护卫NPC的PC名称标示
20274,8,GV_COMMON_ITEM_USE,MST_Contents_001777,$GetItemLink()已使用物品.,,"255,255,255",10,物品使用完成
20275,4,GV_INS_COUNT,MST_Contents_001778,$GetValue1()秒后取消地下城进入准备.,,"255,255,255",10,进入地下城准备取消
20276,0,GV_INS_BOSSKILL,MST_Contents_001779,$GetValue1()($GetValue2()/$GetValue3()),,"255,255,255",10,实例进行情况标示UI-删除回绝
20277,0,GV_INS_ROUNDKILL,MST_Contents_001780,$GetValue1() Round($GetValue2()/$GetValue3()),,"255,255,255",10,实例进行情况标示UI
20278,0,GV_STATUS_POINT,MST_Contents_001781,必要seutet要点:$GetValue1(),,"255,255,255",10,角色seutet投资必要要点
20279,0,GV_GUILD_JOIN,MST_Contents_001782,$GetValue1()加入其他公会.,,"255,255,255",10,加入公会
20280,0,GV_GUILD_OUT,MST_Contents_001783,$GetValue1()退出其他公会.,,"255,255,255",10,退出公会
20281,0,GV_GUILD_KICKOUT,MST_Contents_001784,$GetValue1()被公会踢出.,,"255,255,255",10,踢出公会
20282,0,GV_GUILD_CREATE,MST_Contents_001785,$GetValue1()公会创立.,,"255,255,255",10,创立公会
20283,0,GV_GUILD_MASTER_CHANGE,MST_Contents_001786,公会会长变更:$GetValue1().,,"255,255,255",10,公会会长变更
20284,0,GV_GUILD_LEVELUP,MST_Contents_001787,公会等级<TC'238:73:0' Text'$GetValue1()'/>达成.,,"255,255,255",10,公会等级增加
20285,8,GV_FRIEND_BLOCK_DELETE,MST_Contents_001788,[$GetValue1()]以切断.,,"255,255,255",10,解除好友切断信息
20286,0,GV_WAR_NUMBER,MST_Contents_001789,$GetValue1()回,,"255,255,255",10,战场信息回数标示
20287,0,GV_SHOW_PLAYTIME,MST_Contents_001790,游戏<TC '188:234:6' Text'$GetValue1()'/>时间./n长时间玩游戏不利于身体健康.,,"255,255,255",10,战场信息回数标示
20288,8,GV_CHAT_BLOCK,MST_Contents_001791,$GetValue1()期间禁止聊天.,,"255,255,255",10,禁止聊天信息
20289,0,GV_CHAT_BLOCK_MINUTE,MST_Contents_001792,分,,"255,255,255",10,禁止聊天信息分标示
20290,0,GV_CHAT_BLOCK_SECOND,MST_Contents_001793,秒,,"255,255,255",10,禁止聊天信息秒标示
20291,8,GV_EVENT_EXP,MST_Contents_001794,增加$GetValue1()%经验值/武器熟练度,,"255,255,255",10,活动UI提示
20292,8,GV_EVENT_DROPRATE,MST_Contents_001795,增加$GetValue1()%使用率,,"255,255,255",10,活动UI提示
20293,8,GV_EVENT_FAME,MST_Contents_001796,增加$GetValue1()名望分数,,"255,255,255",10,活动UI提示
20294,8,GV_EVENT_GHELLD,MST_Contents_001797,增加$GetValue1()%金币量,,"255,255,255",10,活动UI提示
20295,12,GV_EQUIP_LIMIT_RACE,MST_Contents_001798,此种族无法使用.,,"255,255,0",10,物品-穿着限制 -种族
20296,12,GV_EQUIP_LIMIT_GENDER,MST_Contents_001799,此性别无法使用.,,"255,255,0",10,物品-穿着限制 -性别
20297,0,GV_GATHER_POSSIBLE01,MST_Contents_001800,$GetValue1()采集可能,,"196,196,196",10,采集提示-PC和采集等级有-6 ~ -10的差异的采集物(100%可以采集但是经验值不会上升)
20298,0,GV_GATHER_POSSIBLE02,MST_Contents_001801,$GetValue1()采集可能,,"255,255,0",10,采集提示-PC和采集等级有-4 ~ -5差异的采集物(100%可以采集)
20299,0,GV_GATHER_POSSIBLE03,MST_Contents_001802,$GetValue1()采集可能,,"255,146,11",10,采集提示-PC和采集等级有0 ~ -3差异的采集物( 虽然可以采集但有可能失败)
20300,0,GV_GATHER_IMPOSSIBLE,MST_Contents_001803,$GetValue1()采集不可能,,"255,0,0",10,采集提示-无法采集的采集物
20301,0,GV_GATHER_POSSIBLELV,MST_Contents_001804,采集可能熟练度:$GetValue1(),,"39,141,246",10,采集提示-采集熟练度
20302,0,GV_STATE_STR_BTN_DESC,MST_Contents_001805,说明:物理攻击度增加<TC '12:255:0' Text'+$GetValue1()'/>~<TC '12:255:0' Text'+$GetValue2()'/>.,,"255,255,255",10,力量seutet键提示
20303,0,GV_STATE_CON_BTN_DESC,MST_Contents_001806,"说明:最大生命<TC '12:255:0' Text'+$GetValue1()'/>,/n生命自动恢复量增加<TC '12:255:0' Text'+$GetValue2()'/>.",,"255,255,255",10,生命seutet键提示
20304,0,GV_STATE_WIS_BTN_DESC,MST_Contents_001807,说明:魔法攻击度增加<TC '12:255:0' Text'+$GetValue1()'/>~<TC '12:255:0' Text'+$GetValue2()'/>.,,"255,255,255",10,技能seutet键提示
20305,0,GV_STATE_MEN_BTN_DESC,MST_Contents_001808,"说明:最大法力<TC '12:255:0' Text'+$GetValue1()'/>,/n法力自动恢复量增加<TC '12:255:0' Text'+$GetValue2()'/>.",,"255,255,255",10,战斗值seutet键提示
20306,0,GV_STATE_AGILITY_BTN_DESC,MST_Contents_001809,"说明:增加回避<TC '12:255:0' Text'+$GetValue1()'/>,命中<TC '12:255:0' Text'+$GetValue2()'/>,致命<TC '12:255:0' Text'+$GetValue3()'/>.",,"255,255,255",10,敏捷度seutet键提示
20307,0,GV_TARGET_DISTANCE,MST_Contents_001810,$GetValue1()M,,"255,255,255",10,目标和距离
20308,0,GV_QUEST_MINIBAR_COUNT,MST_Contents_001811,任务($GetValue1()/$GetValue2()),,"255,255,255",10,在任务minibar输出的任务数
20309,0,GV_TOOLTIP_REBIRTH_NEARTOWN,MST_Contents_001812,临近村庄:<TC '255:255:0' Text'$GetValue1()'/>,,"255,255,255",10,"提示在复活UI""临近村庄复活""键"
20310,0,GV_TOOLTIP_REBIRTH_BINDER,MST_Contents_001813,已注册据点:<TC '255:255:0' Text'$GetValue1()'/>,,"255,255,255",10,"提示在复活UI""据点复活""键"
20311,12,GV_WAR_RACEWER_KILL,MST_Contents_001814,"使$GetValue1()NPC死亡,获得分数$GetValue2().",,"255,255,0",10,大规模阵营战-使对方npc死亡的情况
20312,12,GV_WAR_RACEWER_DEATH,MST_Contents_001815,"$GetValue1()NPC死亡,失去分数$GetValue2().",,"255,255,0",10,大规模阵营战-自己的npc死亡的情况
20313,12,GV_CHAT_BLOCK_ALERT,MST_Contents_001816,根据运营者设置$GetValue1()分钟内禁止聊天.,,"255,255,255",10,禁止和运营者聊天的回答
20314,12,GV_REPURCHASE_BUYITEM,MST_Contents_001817,$GetItemLink()回购物品.,,"255,255,255",10,回购回购清单里有的物品时
20315,8,GV_SAVE_SCREENSHOT,MST_Contents_001818,已保存屏幕截图./n储存路径:$GetValue1(),,"255,255,255",10,点击屏幕截图快捷键时
20316,8,GV_SAVE_MOVIERECORDING_START,MST_Contents_001819,录像中./n储存路径:$GetValue1(),,"255,255,255",10,点击录像快捷键时
20317,0,GV_TOOLTIP_TARGET_DISTANCE,MST_Contents_001820,<TC '255:192:0' Text'[距离:$GetValue1()m]'/>,,"255,255,255",9,对象提示-对象和PC之间的距离标示
20318,0,GV_CHAT_RACE_NAME,MST_Contents_001821,[$GetValue1()],,"255,255,255",10,在一般聊天中各阵营的区分
20319,520,GV_RACEWAR_KILL01,MST_Contents_001822,屠杀者!$GetValue1()($GetValue2()击杀),System_War_Kill_M_01.ogg|System_War_Kill_F_01.ogg|0|0|0|0|System_War_Kill_M_01.ogg|System_War_Kill_F_01.ogg,"255,255,0",10,在战场连续5kill
20320,520,GV_RACEWAR_KILL02,MST_Contents_001823,战斗的化身!$GetValue1()($GetValue2()击杀),System_War_Kill_M_02.ogg|System_War_Kill_F_02.ogg|0|0|0|0|System_War_Kill_M_02.ogg|System_War_Kill_F_02.ogg,"255,255,0",10,在战场连续6kill
20321,520,GV_RACEWAR_KILL03,MST_Contents_001824,英雄的回归!$GetValue1()($GetValue2()击杀),System_War_Kill_M_03.ogg|System_War_Kill_F_03.ogg|0|0|0|0|System_War_Kill_M_03.ogg|System_War_Kill_F_03.ogg,"255,255,0",10,在战场连续7kill
20322,520,GV_RACEWAR_KILL04,MST_Contents_001825,战场的英雄!$GetValue1()($GetValue2()击杀),System_War_Kill_M_04.ogg|System_War_Kill_F_04.ogg|0|0|0|0|System_War_Kill_M_04.ogg|System_War_Kill_F_04.ogg,"255,255,0",10,在战场连续8kill以上
20323,0,GV_QUESTLINK_SCENARIO,MST_Contents_001826,[剧本:$GetValue1()],,"51,204,51",10,任务链接名称标示-剧本任务
20324,0,GV_QUESTLINK_NORMAL,MST_Contents_001827,[一般:$GetValue1()],,"255,153,51",10,任务链接名称标示-一般任务
20325,0,GV_QUESTLINK_REPEAT,MST_Contents_001828,[反复:$GetValue1()],,"0,156,255",10,任务链接名称标示-反复任务
20326,0,GV_QUESTLINK_DAY,MST_Contents_001829,[一一:$GetValue1()],,"128,0,255",10,任务链接名称标示-每日任务
20327,0,GV_MEDAL_SELLPOINT,MST_Contents_001830,卖出勋章:$GetValue1()勋章$GetValue2()个,,"255,255,0",10,物品提示-卖出勋章种类
20328,0,GV_MEDAL_REQPOINT,MST_Contents_001831,必要勋章:$GetValue1()勋章$GetValue2()个,,"255,255,0",10,物品提示-必要勋章种类
20329,12,GV_PVP_REFUSE,MST_Contents_001832,$GetValue1()已拒绝对决申请.,,"255,255,255",10,拒绝对决邀请
20330,12,GV_PVP_WIN,MST_Contents_001833,和$GetValue1()的对决已胜利.,,"255,255,255",10,对决胜利
20331,12,GV_PVP_LOSE,MST_Contents_001834,和$GetValue1()的对决已失败.,,"255,255,255",10,对决失败
20332,12,GV_PVP_RESULT,MST_Contents_001835,$GetValue1()和$GetValue2()的对决已胜利.,,"255,255,255",10,对决结果
20333,12,GV_PVP_DRAW,MST_Contents_001836,$GetValue1()和$GetValue2()的对决无胜负.,,"255,255,255",10,对决无胜负
20334,12,GV_PVP_KILL,MST_Contents_001837,已处置$GetValue1().,,"255,255,255",10,处置PC时信息输出
20335,12,GV_PVP_DEATH,MST_Contents_001838,已被$GetValue1()杀死.,,"255,255,255",10,被杀死的信息输出
20336,8,GV_RIDE_RECALL_CASTING,MST_Contents_001839,$GetValue1()召唤中,,"255,255,255",10,坐骑召唤中
20337,12,GV_PVP_CHALLENGE,MST_Contents_001840,向$GetValue1()申请决斗中.,,"255,255,255",10,邀请对决时 输出
20338,0,GV_PVP_TIMER,MST_Contents_001841,$GetValue1():$GetValue2().$GetValue3(),,"255,255,255",10,对决计时器 输出
20339,8,GV_SOCIALACTION_GREETING,MST_Contents_001842,向$GetValue1()郑重的问候.,,"255,255,255",10,社会行为信息-问候
20340,8,GV_SOCIALACTION_BEGGING,MST_Contents_001843,哀切的表现，向$GetValue1()乞讨钱.,,"255,255,255",10,社会行为信息-乞讨
20341,8,GV_SOCIALACTION_NEGATION,MST_Contents_001844,绝对不要向$GetValue1()说不.,,"255,255,255",10,社会行为信息-否定
20342,8,GV_SOCIALACTION_JOY,MST_Contents_001845,和$GetValue1()分享喜悦.,,"255,255,255",10,社会行为信息-高兴
20343,8,GV_SOCIALACTION_SORROW,MST_Contents_001846,靠在$GetValue1()的肩膀上痛哭.,,"255,255,255",10,社会行为信息-伤心
20344,8,GV_SOCIALACTION_ANGER,MST_Contents_001847,想愤怒的$GetValue1()咆哮.,,"255,255,255",10,社会行为信息-愤怒
20345,8,GV_SOCIALACTION_CLAPPING,MST_Contents_001848,给$GetValue1()鼓掌.,,"255,255,255",10,社会行为信息-鼓掌
20346,8,GV_SOCIALACTION_DANCING,MST_Contents_001849,和$GetValue1()一起舞蹈.,,"255,255,255",10,社会行为信息-跳舞
20347,8,GV_SOCIALACTION_CHARGE,MST_Contents_001850,向$GetValue1()高喊突击.,,"255,255,255",10,社会行为信息-突击
20348,8,GV_SOCIALACTION_PROVOCATION,MST_Contents_001851,对$GetValue1()做无理的行动.,,"255,255,255",10,社会行为信息-突发
20349,8,GV_SOCIALACTION_OTHER01_GREETING,MST_Contents_001852,$GetValue1()郑重的问候.,,"255,255,255",10,社会行为信息-问候
20350,8,GV_SOCIALACTION_OTHER01_BEGGING,MST_Contents_001853,$GetValue1()乞讨钱.,,"255,255,255",10,社会行为信息-乞讨
20351,8,GV_SOCIALACTION_OTHER01_NEGATION,MST_Contents_001854,$GetValue1()挥手. ,,"255,255,255",10,社会行为信息-否定
20352,8,GV_SOCIALACTION_OTHER01_JOY,MST_Contents_001855,$GetValue1()喜悦的大笑.,,"255,255,255",10,社会行为信息-高兴
20353,8,GV_SOCIALACTION_OTHER01_SORROW,MST_Contents_001856,$GetValue1()呜呜的哭.,,"255,255,255",10,社会行为信息-伤心
20354,8,GV_SOCIALACTION_OTHER01_ANGER,MST_Contents_001857,$GetValue1()在没有人的地方发泄愤怒.像疯了一样。,,"255,255,255",10,社会行为信息-愤怒
20355,8,GV_SOCIALACTION_OTHER01_CLAPPING,MST_Contents_001858,$GetValue1()鼓掌.,,"255,255,255",10,社会行为信息-鼓掌
20356,8,GV_SOCIALACTION_OTHER01_DANCING,MST_Contents_001859,$GetValue1()独自随风起舞.,,"255,255,255",10,社会行为信息-跳舞
20357,8,GV_SOCIALACTION_OTHER01_CHARGE,MST_Contents_001860,$GetValue1()高喊突击.,,"255,255,255",10,社会行为信息-突击
20358,8,GV_SOCIALACTION_OTHER01_PROVOCATION,MST_Contents_001861,$GetValue1()做无理的行动.好像还和影子打架.,,"255,255,255",10,社会行为信息-突发
20359,8,GV_SOCIALACTION_OTHER02_GREETING,MST_Contents_001862,$GetValue1()向$GetValue2()郑重的问候.,,"255,255,255",10,社会行为信息-问候
20360,8,GV_SOCIALACTION_OTHER02_BEGGING,MST_Contents_001863,$GetValue1()向$GetValue2()乞讨钱.,,"255,255,255",10,社会行为信息-乞讨
20361,8,GV_SOCIALACTION_OTHER02_NEGATION,MST_Contents_001864,$GetValue1()绝不向$GetValue2()说不.,,"255,255,255",10,社会行为信息-否定
20362,8,GV_SOCIALACTION_OTHER02_JOY,MST_Contents_001865,$GetValue1()和$GetValue2()分享喜悦.,,"255,255,255",10,社会行为信息-高兴
20363,8,GV_SOCIALACTION_OTHER02_SORROW,MST_Contents_001866,$GetValue1()在$GetValue2()的肩膀上痛哭.,,"255,255,255",10,社会行为信息-伤心
20364,8,GV_SOCIALACTION_OTHER02_ANGER,MST_Contents_001867,$GetValue1()愤怒的向$GetValue2()咆哮.,,"255,255,255",10,社会行为信息-愤怒
20365,8,GV_SOCIALACTION_OTHER02_CLAPPING,MST_Contents_001868,$GetValue1()给$GetValue2()鼓掌.,,"255,255,255",10,社会行为信息-鼓掌
20366,8,GV_SOCIALACTION_OTHER02_DANCING,MST_Contents_001869,$GetValue1()和$GetValue2()一起跳舞.,,"255,255,255",10,社会行为信息-跳舞
20367,8,GV_SOCIALACTION_OTHER02_CHARGE,MST_Contents_001870,$GetValue1()向$GetValue2()高喊突击.,,"255,255,255",10,社会行为信息-突击
20368,8,GV_SOCIALACTION_OTHER02_PROVOCATION,MST_Contents_001871,$GetValue1()对$GetValue2()做无理的行动.,,"255,255,255",10,社会行为信息-突发
20369,12,GV_INSTANCE_MATCHING_ICON_OVER,MST_Contents_001872,地下城匹配申请($GetValue1()个),,"255,255,255",10,队伍匹配-minimap图标
20370,12,GV_INSTANCE_MATCHING_ACCEPT,MST_Contents_001873,"$GetValue1()没有入场券,已取消进入.",,"255,255,255",10,队伍匹配-没有入场券
20371,12,GV_INSTANCE_MATCHING_ROLE_CANCEL,MST_Contents_001874,$GetValue1()已取消角色选择.,,"255,255,255",10,队伍匹配-点击取消选择角色
20372,12,GV_INSTANCE_MATCHING_OTHER_CANCEL,MST_Contents_001875,$GetValue1()已取消匹配.,,"255,255,255",10,队伍匹配-点击取消进入
20373,12,GV_INSTANCE_MATCHING_OTHER_NOITEM,MST_Contents_001876,$GetValue1()没有入场券，已取消进入.,,"255,255,255",10,队伍匹配-没有入场券
20374,8,GV_INSTANCE_MATCHING_MINUTES,MST_Contents_001877,$GetValue1()分$GetValue2()秒,,"255,255,255",10,队伍匹配-提示输出内容
20375,0,GV_TEAMWAR_WAITTIME,MST_Contents_001878,等待时间-$GetValue1():$GetValue2(),,"255,255,255",10,小规模战场UI等待时间 输出
20376,0,GV_TEAMWAR_NEED_LEVEL,MST_Contents_001879,等级:$GetValue1()~$GetValue2(),,"255,255,255",10,小规模战场说明
20377,0,GV_TEAMWAR_NEED_COUNT,MST_Contents_001880,人数:$GetValue1()vs$GetValue2(),,"255,255,255",10,小规模战场说明
20378,0,GV_TEAMWAR_LIMIT_ITEM,MST_Contents_001881,时间限制:$GetValue1()分,,"255,255,255",10,小规模战场说明
20379,0,GV_TEAMWAR_DESC,MST_Contents_001882,说明:$GetValue1(),,"255,255,255",10,小规模战场说明
20380,0,GV_TEAMWAR_KIND_WAITTIME,MST_Contents_001883,$GetValue1()等待:$GetValue2(),,"255,255,255",10,小规模战场UI等待时间 输出
20381,0,GV_TEAMWAR_OCCUPATION_GOAL,MST_Contents_001884,目标分数:$GetValue1()分,,"255,255,255",10,小规模战场-叹息的山谷 目标
20382,0,GV_TEAMWAR_HERO_GOAL,MST_Contents_001885,目标Kill:$GetValue1(),,"255,255,255",10,小规模战场-阿修罗剑道场 目标
20383,0,GV_TEAMWAR_DESTROY_GOAL,MST_Contents_001886,破坏$GetValue1()个辛德瑞拉,,"255,255,255",10,小规模战场-泪光火石般的大地 目标
20384,0,GV_TEAMWAR_BOOM,MST_Contents_001887,占领$GetValue1()个旗帜,,"255,255,255",10,小规模战场-爆破任务 目标
20385,0,GV_DUNGEON_NOWJOINNAME,MST_Contents_001888,邀请$GetValue1()进入.,,"255,255,255",10,地下城匹配 -邀请立即进入 标示
20386,0,GV_DUNGEON_NAME,MST_Contents_001889,地下城:$GetValue1(),,"255,255,255",10,地下城匹配 -地下城名称 标示
20387,0,GV_LEVELUP_INFO,MST_Contents_001890,$GetValue1()等级上升.,,"255,255,255",10,根据等级UI标示
20388,0,GV_LEVELUP_NUM,MST_Contents_001891,$GetValue1()级,,"255,255,255",10,根据等级UI标示
20389,0,GV_DUNGEON_NOWJOINBTNTIME,MST_Contents_001892,激活所剩时间: $GetValue1()分$GetValue2()秒,,"255,255,255",10,立即进入 激活为止所剩时间标示
20390,0,GV_CHANNEL_NAME,MST_Contents_001893,Ch.$GetValue1(),,"255,255,255",10,频道标示
20391,0,GV_CASHSHOP_INFO_EA,MST_Contents_001894,$GetValue1()个,,"255,255,255",10,在现金商店，标示时间时使用
20392,0,GV_CASHSHOP_INFO_DATE,MST_Contents_001895,$GetValue1()日,,"255,255,255",10,在现金商店，标示时间时使用
20393,0,GV_CASHSHOP_INFO_TIME,MST_Contents_001896,$GetValue1()小时,,"255,255,255",10,在现金商店，标示时间时使用
20394,0,GV_CASHSHOP_INFO_MINUTE,MST_Contents_001897,$GetValue1()分,,"255,255,255",10,在现金商店，标示时间时使用
20395,0,GV_CASHSHOP_LIMIT_EA,MST_Contents_001898,剩余数量:$GetValue1()个,,"255,255,255",10,物品标志是LIMIT时剩余数量标示
20396,0,GV_CASHSHOP_LIMIT_DATE,MST_Contents_001899,~$GetValue1(),,"255,255,255",10,物品标志是LIMIT时剩余时间标示
20397,0,GV_CASHSHOP_PRESENT_USER,MST_Contents_001900,礼物的角色:<TC '204:0:204' Text'[$GetValue1()]'/>,,"255,255,255",10,收到的礼物是现金物品时提示标示
20398,0,GV_CASHSHOP_LIMIT_TIME,MST_Contents_001901,<TC '204:0:204' Text'[$GetValue1()年$GetValue2()月$GetValue3()日$GetValue4()时$GetValue5()分]'/>,,"255,255,255",10,现金物品使用时间标示
20399,0,GV_ARCHLORDHISTORY_NUMBER,MST_Contents_001902,第$GetValue1()回 霸王,,"255,255,255",10,名誉殿堂信息
20400,24,GV_WAR_FLAG_GET,MST_Contents_001903,$GetValue1()拿到了$GetValue2()$GetValue3().,,"255,255,255",10,战争内容进行情况-抢占旗帜
20401,24,GV_WAR_FLAG_DROP,MST_Contents_001904,$GetValue1()使$GetValue2()$GetValue3()发抖.,,"255,255,255",10,战争内容进行情况-抢占旗帜
20402,24,GV_WAR_FLAG_POINT,MST_Contents_001905,$GetValue1()带着$GetValue2()$GetValue3()得分.,,"255,255,255",10,战争内容进行情况-抢占旗帜
20403,24,GV_WAR_FLAG_RETURN,MST_Contents_001906,$GetValue1()$GetValue3()回到原地.,,"255,255,255",10,战争内容进行情况-抢占旗帜
20404,0,GV_CASHITEM_PERIODTYPE_CARLING,MST_Contents_001907,<TC '204:0:204' Text'参与时间:$GetValue1()日$GetValue2()时$GetValue3()分'/>,,"255,255,255",10,现金库存收费项目计量制
20405,0,GV_CASHITEM_PERIODTYPE_FIXED,MST_Contents_001908,<TC '204:0:204' Text'到期时间:$GetValue1()年$GetValue2()月$GetValue3()日$GetValue4()时$GetValue5()分'/>,,"255,255,255",10,现金库存收费项目定额制
20406,0,GV_CASHTEMPINVEN_CARLING,MST_Contents_001909,<TC '204:0:204' Text'计量制:$GetValue1()'/>,,"255,255,255",10,现金保管箱收费项目计量制
20407,0,GV_CASHTEMPINVEN_FIXED,MST_Contents_001910,<TC '204:0:204' Text'定额制:$GetValue1()'/>,,"255,255,255",10,现金保管箱收费项目定额制
20408,0,GV_RANK_HOMEPAGE,MST_Contents_001911,tzz.7iwan.com,,"255,255,255",10,网页链接跟随页面移动
20409,0,GV_AUTOCHECK_ALERT,,剩下$GetValue1()号.,,"255,255,255",10,防止auto回答问题剩余的机会
30000,12,ARMMSG_1044_01,MST_Contents_001912,洛坎德纳勒施法龟裂.,,"255,255,255",10,地下城BOSS技能使用信息
30001,12,ARMMSG_1044_02,MST_Contents_001913,洛坎德纳勒尽最大力量致命一击.,,"255,255,255",10,地下城BOSS技能使用信息
30002,12,ARMMSG_1044_03,MST_Contents_001914,洛坎德纳勒暴走强化自己的身体.,,"255,255,255",10,地下城BOSS技能使用信息
30003,12,ARMMSG_1044_04,MST_Contents_001915,洛坎德纳勒召唤自己的分身.,,"255,255,255",10,地下城BOSS技能使用信息
30004,12,ARMMSG_1045_01,MST_Contents_001916,帕帕勒施巩固法.,,"255,255,255",10,地下城BOSS技能使用信息
30005,12,ARMMSG_1045_02,MST_Contents_001917,帕帕勒开发自己的力量.,,"255,255,255",10,地下城BOSS技能使用信息
30006,12,ARMMSG_1045_03,MST_Contents_001918,帕帕勒尽最大的力量致命一击.,,"255,255,255",10,地下城BOSS技能使用信息
30007,12,ARMMSG_1045_04,MST_Contents_001919,帕帕勒愤怒了.,,"255,255,255",10,地下城BOSS技能使用信息
30008,12,ARMMSG_1033_01,MST_Contents_001920,萨麦尔用自己的剑发起了强力的冲击.,,"255,255,255",10,地下城BOSS技能使用信息
30009,12,ARMMSG_1033_02,MST_Contents_001921,萨麦尔吊着你.,,"255,255,255",10,地下城BOSS技能使用信息
30010,12,ARMMSG_1033_03,MST_Contents_001922,萨麦尔施席卷法.,,"255,255,255",10,地下城BOSS技能使用信息
30011,12,ARMMSG_1033_04,MST_Contents_001923,灵魂合约! 塞缪尔更强.,,"255,255,255",10,地下城BOSS技能使用信息
30012,12,ARMMSG_3030_01,MST_Contents_001924,恩蒂温呼喊.,,"255,255,255",10,地下城BOSS技能使用信息
30013,12,ARMMSG_3030_02,MST_Contents_001925,恩蒂温发出了强烈的毒.,,"255,255,255",10,地下城BOSS技能使用信息
30014,12,ARMMSG_3030_03,MST_Contents_001926,恩蒂温向地面发怒.,,"255,255,255",10,地下城BOSS技能使用信息
30015,12,ARMMSG_3030_04,MST_Contents_001927,身体强化!恩蒂温变得更结实了.,,"255,255,255",10,地下城BOSS技能使用信息
30016,12,ARMMSG_1042_01,MST_Contents_001928,诺亚拉克用深红触角攻击.,,"255,255,255",10,地下城BOSS技能使用信息
30017,12,ARMMSG_1042_02,MST_Contents_001929,诺亚拉克拨动着触角向前冲.,,"255,255,255",10,地下城BOSS技能使用信息
30018,12,ARMMSG_1042_03,MST_Contents_001930,诺亚拉克发动刀锋之风.,,"255,255,255",10,地下城BOSS技能使用信息
30019,12,ARMMSG_1042_04,MST_Contents_001931,诺亚拉克发动沙之风.,,"255,255,255",10,地下城BOSS技能使用信息
30020,12,ARMMSG_1043_01,MST_Contents_001932,阿库阿雷克斯给冰锤施法.,,"255,255,255",10,地下城BOSS技能使用信息
30021,12,ARMMSG_1043_02,MST_Contents_001933,阿库阿雷克斯使冷气爆发.,,"255,255,255",10,地下城BOSS技能使用信息
30022,12,ARMMSG_1043_03,MST_Contents_001934,阿库阿雷克斯力量变强大.,,"255,255,255",10,地下城BOSS技能使用信息
30023,12,ARMMSG_1043_04,MST_Contents_001935,阿库阿雷克斯暴走.,,"255,255,255",10,地下城BOSS技能使用信息
30024,12,ARMMSG_1034_01,MST_Contents_001936,海尔莱一德向地面发起火焰冲击.,,"255,255,255",10,地下城BOSS技能使用信息
30025,12,ARMMSG_1034_02,MST_Contents_001937,焚毁前方的所有目标.,,"255,255,255",10,地下城BOSS技能使用信息
30026,12,ARMMSG_1034_03,MST_Contents_001938,海尔莱一德发起火焰地震.,,"255,255,255",10,地下城BOSS技能使用信息
30027,12,ARMMSG_1034_04,MST_Contents_001939,火神之怒!海尔莱一德变强大.,,"255,255,255",10,地下城BOSS技能使用信息
30028,12,ARMMSG_1038_01,MST_Contents_001940,夏卡乐啃咬.,,"255,255,255",10,地下城BOSS技能使用信息
30029,12,ARMMSG_1038_02,MST_Contents_001941,夏卡乐施法优雅的冷酷.,,"255,255,255",10,地下城BOSS技能使用信息
30030,12,ARMMSG_1038_03,MST_Contents_001942,夏卡乐给地面染色.,,"255,255,255",10,地下城BOSS技能使用信息
30031,12,ARMMSG_1038_04,MST_Contents_001943,咆哮! 夏卡乐变强大了.,,"255,255,255",10,地下城BOSS技能使用信息
30032,12,ARMMSG_1038_05,MST_Contents_001944,咆哮! 夏卡乐疯了般的蹦跳.,,"255,255,255",10,地下城BOSS技能使用信息
30033,12,ARMMSG_1049_01,MST_Contents_001945,巴勒西亚通过叹息的火花攻击.,,"255,255,255",10,地下城BOSS技能使用信息
30034,12,ARMMSG_1049_02,MST_Contents_001946,巴勒西亚发出火花发散攻击.,,"255,255,255",10,地下城BOSS技能使用信息
30035,12,ARMMSG_1049_03,MST_Contents_001947,巴勒西亚通过叹息的火焰攻击.,,"255,255,255",10,地下城BOSS技能使用信息
30036,12,ARMMSG_1049_04,MST_Contents_001948,感到饥饿的巴勒西亚更加残暴.,,"255,255,255",10,地下城BOSS技能使用信息
30037,12,ARMMSG_1035_01,MST_Contents_001949,阿罗汉准备喷涌火花气息.,,"255,255,255",10,地下城BOSS技能使用信息
30038,12,ARMMSG_1035_02,MST_Contents_001950,阿罗汉发起火焰波涛攻击.,,"255,255,255",10,地下城BOSS技能使用信息
30039,12,ARMMSG_1035_03,MST_Contents_001951,阿罗汉施法堕落火花.,,"255,255,255",10,地下城BOSS技能使用信息
30040,12,ARMMSG_1035_04,MST_Contents_001952,阿罗汉发起了强烈的火焰爆发.,,"255,255,255",10,地下城BOSS技能使用信息
30041,12,ARMMSG_1035_05,MST_Contents_001953,阿罗汉传播堕落的可怕.,,"255,255,255",10,地下城BOSS技能使用信息
30042,12,ARMMSG_1035_06,MST_Contents_001954,英雄自信心!阿罗汉变强大.,,"255,255,255",10,地下城BOSS技能使用信息
30043,12,ARMMSG_1048_01,MST_Contents_001955,居里它准备攻击女王的圣谕.,,"255,255,255",10,地下城BOSS技能使用信息
30044,12,ARMMSG_1048_02,MST_Contents_001956,居里它准备攻击女王的权威.,,"255,255,255",10,地下城BOSS技能使用信息
30045,12,ARMMSG_1048_03,MST_Contents_001957,居里它准备空无的水波.,,"255,255,255",10,地下城BOSS技能使用信息
30046,12,ARMMSG_1048_04,MST_Contents_001958,居里它准备空无的波涛.,,"255,255,255",10,地下城BOSS技能使用信息
30047,12,ARMMSG_1048_05,MST_Contents_001959,感受到巨大悲伤的居里它更凶残了.,,"255,255,255",10,地下城BOSS技能使用信息
30048,12,ARMMSG_1040_01,MST_Contents_001960,贝勒泽斯用天空的冲击攻击.,,"255,255,255",10,地下城BOSS技能使用信息
30049,12,ARMMSG_1040_02,MST_Contents_001961,贝勒泽斯用天空的审判攻击.,,"255,255,255",10,地下城BOSS技能使用信息
30050,12,ARMMSG_1040_03,MST_Contents_001962,贝勒泽斯跪着准备迪buff.,,"255,255,255",10,地下城BOSS技能使用信息
30051,12,ARMMSG_1040_04,MST_Contents_001963,贝勒泽斯准备在我面前磕头攻击.,,"255,255,255",10,地下城BOSS技能使用信息
30052,12,ARMMSG_1040_05,MST_Contents_001964,贝勒泽斯力量更强大了.,,"255,255,255",10,地下城BOSS技能使用信息
30053,12,ARMMSG_1050_01,MST_Contents_001965,黑暗的魔术王克拉伍德施法黑暗暴风.,,"255,255,255",10,地下城BOSS技能使用信息
30054,12,ARMMSG_1050_02,MST_Contents_001966,黑暗的魔术王克拉伍德施法炼狱火焰.,,"255,255,255",10,地下城BOSS技能使用信息
30055,12,ARMMSG_1050_03,MST_Contents_001967,黑暗的魔术王克拉伍德施法黑暗威胁.,,"255,255,255",10,地下城BOSS技能使用信息
30056,12,ARMMSG_1047_01,MST_Contents_001968,泉水守护者保勒米度施法蠢蠢欲动的火焰.,,"255,255,255",10,地下城BOSS技能使用信息
30057,12,ARMMSG_1047_02,MST_Contents_001969,泉水守护者保勒米度施法咯咯吱吱的脚步.,,"255,255,255",10,地下城BOSS技能使用信息
30058,12,ARMMSG_1047_03,MST_Contents_001970,泉水守护者保勒米度召唤我军.,,"255,255,255",10,地下城BOSS技能使用信息
30059,12,ARMMSG_1039_01,MST_Contents_001971,破灭的石像是施法破灭的火花.,,"255,255,255",10,地下城BOSS技能使用信息
30060,12,ARMMSG_1039_02,MST_Contents_001972,破灭的石像是施法破灭的刺.,,"255,255,255",10,地下城BOSS技能使用信息
30061,12,ARMMSG_1039_03,MST_Contents_001973,破灭的石像是施法破灭的力量.,,"255,255,255",10,地下城BOSS技能使用信息
30062,12,ARMMSG_12075_01,MST_Contents_001974,施法破灭的刺.请破坏所有保护的石碑.,,"255,255,255",10,地下城BOSS技能使用信息(特难专用)
30063,12,ARMMSG_1036_01,MST_Contents_001975,烦恼的火龙雷泽乐施法火龙的强打.,,"255,255,255",10,地下城BOSS技能使用信息
30064,12,ARMMSG_1036_02,MST_Contents_001976,烦恼的火龙雷泽乐施法火焰弹.,,"255,255,255",10,地下城BOSS技能使用信息
30065,12,ARMMSG_1036_03,MST_Contents_001977,烦恼的火龙雷泽乐施法守护红焰.,,"255,255,255",10,地下城BOSS技能使用信息
30066,12,ARMMSG_12070_01,MST_Contents_001978,生成火龙之蛋.,,"255,255,255",10,召唤地下城火龙的蛋时 使用信息
30067,12,ARMMSG_12070_02,MST_Contents_001979,幼龙复活.,,"255,255,255",10,地下城幼龙出生时 使用信息
30068,128,ARMMSG_900_13,MST_Contents_001980,艾汀:前方会出现.艾林河的英雄们.请都跟着我.,,"255,255,255",10,城市进攻-艾汀向坐标移动时输出的信息
30069,128,ARMMSG_900_14,MST_Contents_001981,艾汀:必须要换决斗的地方.绝对不能让敌人知道这个地方.,,"255,255,255",10,城市进攻-艾汀向坐标移动时输出的信息
30070,128,ARMMSG_901_11,MST_Contents_001982,赫尔拉奥:寒心的艾林河虫子.竟敢追来?,,"255,255,255",10,城市进攻-赫尔拉奥向坐标移动时输出的信息
30071,128,ARMMSG_901_12,MST_Contents_001983,赫尔拉奥:要换地方.戴穆里申的英雄们.一起踩踏敌人吧.,,"255,255,255",10,城市进攻-赫尔拉奥向坐标移动时输出的信息
30072,128,ARMMSG_105_01,MST_Contents_001984,艾林:就这样不会避开的.暂时保持体力是必要的.,,"255,255,255",10,暗杀战-艾林向坐标移动时输出的信息
30073,128,ARMMSG_105_02,MST_Contents_001985,"艾林:我当做笑话看.艾林河的英雄们,请给我力量吧.",,"255,255,255",10,暗杀战-艾林向坐标移动时输出的信息
30074,128,ARMMSG_305_01,MST_Contents_001986,卡迪恩:艾林河的孩子们..!!现在连和你们对决都很无聊....呵..,,"255,255,255",10,暗杀战-卡迪恩向坐标移动时输出的信息
30075,128,ARMMSG_305_02,MST_Contents_001987,卡迪恩:现在还剩些力量.艾林河的家伙们.来追我吧…,,"255,255,255",10,暗杀战-卡迪恩向坐标移动时输出的信息
30076,12,ARMMSG_12014_5,MST_Contents_001988,破坏后卫塔可以体力增加效果.,,"255,255,255",10,泪光火石般的大地-破坏后卫塔的情况
30077,12,ARMMSG_12014_6,MST_Contents_001989,破坏后卫塔可以增加魔法攻击度效果.,,"255,255,255",10,泪光火石般的大地-破坏后卫塔的情况
30078,12,ARMMSG_12014_7,MST_Contents_001990,破坏后卫塔可以增加物理攻击度效果.,,"255,255,255",10,泪光火石般的大地-破坏后卫塔的情况
30079,12,ARMMSG_1044_05,MST_Contents_001991,哈坎德纳勒施法龟裂.,,"255,255,255",10,field boss使用技能信息
30080,12,ARMMSG_1044_06,MST_Contents_001992,哈坎德纳勒尽最大力量致命一击.,,"255,255,255",10,field boss使用技能信息
30081,12,ARMMSG_1044_07,MST_Contents_001993,哈坎德纳勒暴走强化身体.,,"255,255,255",10,field boss使用技能信息
30082,12,ARMMSG_1044_08,MST_Contents_001994,哈坎德纳勒召唤分身.,,"255,255,255",10,field boss使用技能信息
31000,128,TRIGGERMSG_RACEWAR_LOL_START,MST_Contents_001995,第一轮如果破坏所有的后卫塔，第二轮就可以攻击后卫塔了.,,"255,255,255",10,触发器信息-泪光火石般的大地(战场开始)
31001,128,TRIGGERMSG_RACEWAR_LOL_DESTROY01,MST_Contents_001996,第二轮解除后卫塔的无敌技能.,,"255,255,255",10,触发器信息-泪光火石般的大地(第1轮3个后卫塔全部破坏时)
31002,128,TRIGGERMSG_RACEWAR_LOL_DESTROY02,MST_Contents_001997,已解除辛德瑞拉的防御网.,,255255255,10,触发器信息-泪光火石般的大地(第2轮3个后卫塔全部破坏时)
31003,128,TRIGGERMSG_RACEWAR_ASSASSIN_DESTROY_A,MST_Contents_001998,"光之圣物被破坏,打开卡迪恩之门.",,255255255,10,触发器信息-破坏光之圣物时
31004,128,TRIGGERMSG_RACEWAR_ASSASSIN_DESTROY_D,MST_Contents_001999,"黑暗圣物被破坏,打开艾林之门.",,255255255,10,触发器信息-破坏暗之圣物时
31005,128,TRIGGERMSG_RACEWAR_ASSASSIN_CLEARSCORE_A,MST_Contents_002000,"达到10000分,去古丽阿萨的门会打开.",,255255255,10,触发器信息-到达10000分时(如果艾林得到10000分)
31006,128,TRIGGERMSG_RACEWAR_ASSASSIN_CLEARSCORE_D,MST_Contents_002001,"达到10000分,去海蒂布的们会打开.",,255255255,10,触发器信息-到达10000分时(如果戴穆里得到10000分)
31007,128,TRIGGERMSG_RACEWAR_ASSASSIN_KILL_BARIA,MST_Contents_002002,处置骸骨暗杀部队，已解除布里亚之门. ,,255255255,10,触发器信息-处置骸骨暗杀部队时布里亚之门解除
31008,128,TRIGGERMSG_RACEWAR_ASSASSIN_KILL_MAKUNI,MST_Contents_002003,处置骸骨暗杀部队，已解除马库尼之门. ,,255255255,10,触发器信息-处置骸骨暗杀部队时马库尼之门解除
31009,128,TRIGGERMSG_RACEWAR_ASSASSIN_KILL_MEDIA,MST_Contents_002004,处置骸骨暗杀部队，已解除美狄亚之门. ,,255255255,10,触发器信息-处置骸骨暗杀部队时美狄亚之门解除
31010,128,TRIGGERMSG_RACEWAR_ASSASSIN_KILL_BRIA,MST_Contents_002005,处置骸骨暗杀部队，已解除帕里亚之门. ,,255255255,10,触发器信息-处置骸骨暗杀部队时帕里亚之门解除
31011,12,TRIGGERMSG_INSTANCE_DEMOL45_OBJECT_DESTROYALL,MST_Contents_002006,短时间会受到保护.,,255255255,10,触发器信息-3个石像全部破坏时发动无敌技能
31012,0,WORD_CASHSHOP_TREETYPE_1,MST_Contents_002007,点卷,,"255,255,255",10,现金商店页签说明
31013,0,WORD_CASHSHOP_TREESUBTYPE_1_1,MST_Contents_002008,热卖,,"255,255,255",10,现金商店页签说明
31014,0,WORD_CASHSHOP_TREESUBTYPE_1_2,MST_Contents_002009,百货,,"255,255,255",10,现金商店页签说明
31015,0,WORD_CASHSHOP_TREESUBTYPE_1_3,MST_Contents_002010,灵石,,"255,255,255",10,现金商店页签说明
31016,0,WORD_CASHSHOP_TREESUBTYPE_1_4,MST_Contents_002011,时装,,"255,255,255",10,现金商店页签说明
31017,0,WORD_CASHSHOP_TREESUBTYPE_1_5,MST_Contents_002012,能力提升,,"255,255,255",10,现金商店页签说明
31018,0,WORD_CASHSHOP_TREESUBTYPE_1_6,MST_Contents_002013,技能,,"255,255,255",10,现金商店页签说明
31019,0,WORD_CASHSHOP_TREETYPE_2,MST_Contents_002014,绑定点卷,,"255,255,255",10,现金商店页签说明
31020,0,WORD_CASHSHOP_TREESUBTYPE_2_1,MST_Contents_002015,热卖,,"255,255,255",10,现金商店页签说明
31021,0,WORD_CASHSHOP_TREESUBTYPE_2_2,MST_Contents_002016,百货,,"255,255,255",10,现金商店页签说明
31022,0,WORD_CASHSHOP_TREESUBTYPE_2_3,MST_Contents_002017,灵石,,"255,255,255",10,现金商店页签说明
31023,0,WORD_CASHSHOP_TREESUBTYPE_2_4,MST_Contents_002018,时装,,"255,255,255",10,现金商店页签说明
31024,0,WORD_CASHSHOP_TREESUBTYPE_2_5,MST_Contents_002019,能力提升,,"255,255,255",10,现金商店页签说明
31025,0,WORD_CASHSHOP_TREESUBTYPE_2_6,MST_Contents_002020,技能,,"255,255,255",10,现金商店页签说明
31026,0,WORD_CASHSHOP_SALETYPE_C,MST_Contents_002021,$GetValue1()($GetValue2()点卷),,"255,255,255",10,现金商店支付类型
31027,0,WORD_CASHSHOP_SALETYPE_P,MST_Contents_002022,$GetValue1()($GetValue2()绑卷),,"255,255,255",10,现金商店支付类型
