TID,Comment,BaseGoal,DetectRadius,WanderRadius,BattleRadius,BattleRestore,AttackSkill,AttackRate,Action01,Action02,Action03,Action04,Action05,Action06,Action07,Action08,Action09,Action10,Talk_01,Talk_02,Talk_03,Talk_04,Talk_05
?? ??,????,????,?? ??,?? ??,?? ??,HP ?? ??,????,????,A.I ?? 1?,A.I ?? 2?,A.I ?? 3?,A.I ?? 4?,A.I ?? 5?,A.I ?? 6?,A.I ?? 7?,A.I ?? 8?,A.I ?? 9?,A.I ?? 10?,马风船 1号,马风船 2号,马风船 3号,马风船 4号,马风船 5号
,,,,,,,,,,,,,,,,,,,,,,,
U32,CBwString,CBwString,F32,F32,F32,U8,U32:v,U8:v,CBwString:v,CBwString:v,CBwString:v,CBwString:v,CBwString:v,CBwString:v,CBwString:v,CBwString:v,CBwString:v,CBwString:v,CBwString:a:Talk,CBwString,CBwString,CBwString,CBwString
1,Lv.2哥布林(7030),wander,0,10,40,1,100001|100002,50|50,MyHP|80|Rate|30|Skill|100003,,,,,,,,,,,,,,
2,Lv.3哥布林攻击者(7030),wander,0,10,40,1,100011|100012,50|50,MyHP|80|Rate|30|Skill|100013,,,,,,,,,,,,,,
3,Lv.3哥布林弓箭手(7031),wander,0,10,40,1,100021|100022,50|50,MyHP|80|Rate|30|Skill|100023,,,,,,,,,,,,,,
4,Lv.5黑魔法师的召唤师(5027),wander,0,10,40,1,100031|100032,50|50,MyHP|80|Rate|30|Skill|100033,,,,,,,,,,,,,,
5,Lv.4年幼的贝斯帕德(9000)-无攻击技能,wander,0,10,40,1,100041|100042,50|50,,,,,,,,,,,,,,,
6,Lv.5贝斯帕德(9000)-无攻击技能,wander,0,10,40,1,100051|100052,50|50,,,,,,,,,,,,,,,
7,Lv.5成年贝斯帕德(9001)-无攻击技能,wander,0,10,40,1,100061|100062,50|50,,,,,,,,,,,,,,,
8,Lv.6铁甲贝斯帕德(9001)-无攻击技能,wander,0,10,40,1,100071|100072,50|50,,,,,,,,,,,,,,,
9,Lv.6哥布林抢掠者(7030),wander,0,10,40,1,100081|100082,50|50,MyHP|80|Rate|30|Skill|100083,,,,,,,,,,,,,,
10,Lv.7哥布林巫师(7032),wander,0,10,40,1,100091|100092,50|50,MyHP|80|Rate|30|Skill|100093,,,,,,,,,,,,,,
11,Lv.8哥布林指令(7030),wander,0,10,40,1,100101|100102,50|50,MyHP|80|Rate|30|Skill|100103,,,,,,,,,,,,,,
12,Lv.7被支配的拖网(7036),wander,0,10,40,1,100111|100112,50|50,MyHP|80|Rate|30|Skill|100113,,,,,,,,,,,,,,
13,Lv.8砂轮追击者(7048),wander,0,10,40,1,100121|100122,50|50,MyHP|80|Rate|30|Skill|100123,,,,,,,,,,,,,,
14,Lv.8砂轮(7048),wander,0,10,40,1,100131|100132,50|50,MyHP|80|Rate|30|Skill|100133,,,,,,,,,,,,,,
15,Lv.9砂轮猎人(7049),wander,0,10,40,1,100141|100142,50|50,MyHP|80|Rate|30|Skill|100143,,,,,,,,,,,,,,
16,Lv.9砂轮战士(7051),wander,0,10,40,1,100151|100152,50|50,MyHP|80|Rate|30|Skill|100153,,,,,,,,,,,,,,
17,Lv.8残忍的鲁卡鲁(7048),wander,0,10,40,1,100161|100162,50|50,MyHP|80|Rate|30|Skill|100163,,,,,,,,,,,,,,
18,Lv.8强硬的路阿卡(7049),wander,0,10,40,1,100171|100172,50|50,MyHP|80|Rate|30|Skill|100173,,,,,,,,,,,,,,
19,Lv.9钢牙路.佩勒(7051),wander,0,10,40,1,100181|100182,50|50,MyHP|80|Rate|30|Skill|100183,,,,,,,,,,,,,,
20,Lv.10布雷斯莱斯巡逻兵(5033),wander,0,10,40,1,100191|100192,50|50,MyHP|80|Rate|30|Skill|100193,,,,,,,,,,,,,,
21,Lv.10布雷斯莱斯护卫兵(5036),wander,0,10,40,1,100201|100202,50|50,MyHP|80|Rate|30|Skill|100203,,,,,,,,,,,,,,
22,Lv.10砂轮(7048),wander,0,10,40,1,100211|100212,50|50,MyHP|80|Rate|30|Skill|100213,,,,,,,,,,,,,,
23,Lv.11砂轮战士(7051),wander,0,10,40,1,100221|100222,50|50,MyHP|80|Rate|30|Skill|100223,,,,,,,,,,,,,,
24,Lv.11黑魔法师召唤师(5027),wander,0,10,40,1,100231|100232,50|50,MyHP|80|Rate|30|Skill|100233,,,,,,,,,,,,,,
25,Lv.12盗贼团战士(5034),wander,0,10,40,1,100241|100242,50|50,MyHP|80|Rate|30|Skill|100243,,,,,,,,,,,,,,
26,Lv.11盗贼团守卫(5037),wander,0,10,40,1,100251|100252,50|50,MyHP|80|Rate|30|Skill|100253,,,,,,,,,,,,,,
27,Lv.13小丛林蜘蛛(9030),wander,0,10,40,1,100261|100262,50|50,MyHP|80|Rate|30|Skill|100263,,,,,,,,,,,,,,
28,Lv.14丛林蜘蛛(9030),wander,0,10,40,1,100271|100272,50|50,MyHP|80|Rate|30|Skill|100273,,,,,,,,,,,,,,
29,Lv.14砂轮战士(7048),wander,0,10,40,1,100281|100282,50|50,MyHP|80|Rate|30|Skill|100283,,,,,,,,,,,,,,
30,Lv.14砂轮猎人(7052),wander,0,10,40,1,100291|100292,50|50,MyHP|80|Rate|30|Skill|100293,,,,,,,,,,,,,,
31,Lv.15砂轮巫师(7053),wander,0,10,40,1,100301|100302,50|50,MyHP|80|Rate|30|Skill|100303,,,,,,,,,,,,,,
32,Lv.15小狼人(9027),wander,0,10,40,1,100311|100312,50|50,MyHP|80|Rate|30|Skill|100313,,,,,,,,,,,,,,
33,Lv.16灰色狼人(9028),wander,0,10,40,1,100321|100322,50|50,MyHP|80|Rate|30|Skill|100323,,,,,,,,,,,,,,
34,Lv.16复活的尸体(7009),wander,0,10,40,1,100331|100332,50|50,MyHP|80|Rate|30|Skill|100333,,,,,,,,,,,,,,
35,Lv.17腐烂的尸体(7009),wander,0,10,40,1,100341|100342,50|50,MyHP|80|Rate|30|Skill|100343,,,,,,,,,,,,,,
36,Lv.18空虚的邪念(5003),wander,0,10,40,1,100351|100352,50|50,MyHP|80|Rate|30|Skill|100353,,,,,,,,,,,,,,
37,Lv.16大蜘蛛(9030),wander,0,10,40,1,100361|100362,50|50,MyHP|80|Rate|30|Skill|100363,,,,,,,,,,,,,,
38,Lv.17巨大的蜘蛛战士(9032),wander,0,10,40,1,100371|100372,50|50,MyHP|80|Rate|30|Skill|100373,,,,,,,,,,,,,,
39,Lv.17黑魔法师召唤师(5027),wander,0,10,40,1,100381|100382,50|50,MyHP|80|Rate|30|Skill|100383,,,,,,,,,,,,,,
40,Lv.17小斯皮克艾尔(9001)-无攻击技能,wander,0,10,40,1,100391|100392,50|50,,,,,,,,,,,,,,,
41,Lv.17斯皮克艾尔(9002)-无攻击技能,wander,0,10,40,1,100401|100402,50|50,,,,,,,,,,,,,,,
42,Lv.19被遗忘的尸体(7010),wander,0,10,40,1,100411|100412,50|50,MyHP|80|Rate|30|Skill|100413,,,,,,,,,,,,,,
43,Lv.20扭曲的尸体(7011),wander,0,10,40,1,100421|100422,50|50,MyHP|80|Rate|30|Skill|100423,,,,,,,,,,,,,,
44,Lv.17复活的骑士(1000),wander,0,10,40,1,100431|100432,50|50,MyHP|80|Rate|30|Skill|100433,,,,,,,,,,,,,,
45,Lv.18幽灵骑士(7063),wander,0,10,40,1,100441|100442,50|50,MyHP|80|Rate|30|Skill|100443,,,,,,,,,,,,,,
46,Lv.19堕落的护卫兵(1001),wander,0,10,40,1,100451|100452,50|50,MyHP|80|Rate|30|Skill|100453,,,,,,,,,,,,,,
47,Lv.20堕落的护卫骑士(1002),wander,0,10,40,1,100461|100462,50|50,MyHP|80|Rate|30|Skill|100463,,,,,,,,,,,,,,
48,Lv.19戴穆里申巡逻兵(700),wander,0,10,40,1,100471|100472,50|50,MyHP|80|Rate|30|Skill|100473,,,,,,,,,,,,,,
49,Lv.19戴穆里申巡逻兵(701),wander,0,10,40,1,100481|100482,50|50,MyHP|80|Rate|30|Skill|100483,,,,,,,,,,,,,,
50,Lv.19堕落的强攻兵(700),wander,0,10,40,1,100491|100492,50|50,MyHP|80|Rate|30|Skill|100493,,,,,,,,,,,,,,
51,Lv.18地狱猎犬(5027),wander,0,10,40,1,100501|100502,50|50,MyHP|80|Rate|30|Skill|100503,,,,,,,,,,,,,,
52,Lv.19空虚的邪念(1000),wander,0,10,40,1,100511|100512,50|50,MyHP|80|Rate|30|Skill|100513,,,,,,,,,,,,,,
53,Lv.20空虚的邪念(1000),wander,0,10,40,1,100521|100522,50|50,MyHP|80|Rate|30|Skill|100523,,,,,,,,,,,,,,
54,Lv.21恶梦的引导者(1006),wander,0,10,40,1,100531|100532,50|50,MyHP|80|Rate|30|Skill|100533,,,,,,,,,,,,,,
55,Lv.21恶梦的刽子手(1007),wander,0,10,40,1,100541|100542,50|50,MyHP|80|Rate|30|Skill|100543,,,,,,,,,,,,,,
56,Lv.21恶梦的捕食者(1007),wander,0,10,40,1,100551|100552,50|50,MyHP|80|Rate|30|Skill|100553,,,,,,,,,,,,,,
57,Lv.22恶梦的攻击者(1008),wander,0,10,40,1,100561|100562,50|50,MyHP|80|Rate|30|Skill|100563,,,,,,,,,,,,,,
58,Lv.22采矿用魔石(1018),wander,0,10,40,1,100571|100572,50|50,MyHP|80|Rate|30|Skill|100573,,,,,,,,,,,,,,
59,Lv.22彷徨的魔石(1018),wander,0,10,40,1,100581|100582,50|50,MyHP|80|Rate|30|Skill|100583,,,,,,,,,,,,,,
60,Lv.23彷徨的红色魔石(1019),wander,0,10,40,1,100591|100592,50|50,MyHP|80|Rate|30|Skill|100593,,,,,,,,,,,,,,
61,Lv.22红色蝎子盗贼团采矿魔石(1019),wander,0,10,40,1,100601|100602,50|50,MyHP|80|Rate|30|Skill|100603,,,,,,,,,,,,,,
62,Lv.22红色蝎子盗贼团盗墓者(5036),wander,0,10,40,1,100611|100612,50|50,MyHP|80|Rate|30|Skill|100613,,,,,,,,,,,,,,
63,Lv.23鲁阿克的沙蚁奴隶(5048),wander,0,10,40,1,100621|100622,50|50,MyHP|80|Rate|30|Skill|100623,,,,,,,,,,,,,,
64,Lv.24鲁阿克的沙蚁士兵,wander,0,10,40,1,100631|100632,50|50,MyHP|80|Rate|30|Skill|100633,,,,,,,,,,,,,,
65,Lv.23红色蝎子盗贼团警卫魔石(1019),wander,0,10,40,1,100641|100642,50|50,MyHP|80|Rate|30|Skill|100643,,,,,,,,,,,,,,
66,Lv.24红色蝎子盗贼团盗贼(5033),wander,0,10,40,1,100651|100652,50|50,MyHP|80|Rate|30|Skill|100653,,,,,,,,,,,,,,
67,Lv.24红色蝎子盗贼团强盗(5036),wander,0,10,40,1,100661|100662,50|50,MyHP|80|Rate|30|Skill|100663,,,,,,,,,,,,,,
68,Lv.24红色蝎子盗贼团刺客(5033),wander,0,10,40,1,100671|100672,50|50,MyHP|80|Rate|30|Skill|100673,,,,,,,,,,,,,,
69,Lv.24红色蝎子盗贼团铁匠(5033),wander,0,10,40,1,100681|100682,50|50,MyHP|80|Rate|30|Skill|100683,,,,,,,,,,,,,,
70,Lv.25艾克奈克哨兵(5054),wander,0,10,40,1,100691|100692,50|50,MyHP|80|Rate|30|Skill|100693,,,,,,,,,,,,,,
71,Lv.25艾克奈克哨兵嘉德(5055),wander,0,10,40,1,100701|100702,50|50,MyHP|80|Rate|30|Skill|100703,,,,,,,,,,,,,,
72,Lv.25纳克的沙蚁奴隶(5048),wander,0,10,40,1,100711|100712,50|50,MyHP|80|Rate|30|Skill|100713,,,,,,,,,,,,,,
73,Lv.25纳克的沙蚁战士(5049),wander,0,10,40,1,100721|100722,50|50,MyHP|80|Rate|30|Skill|100723,,,,,,,,,,,,,,
74,Lv.26红色蝎子盗贼团战斗魔石(7001),wander,0,10,40,1,100731|100732,50|50,MyHP|80|Rate|30|Skill|100733,,,,,,,,,,,,,,
75,Lv.26红色蝎子盗贼团巡逻兵(5033),wander,0,10,40,1,100741|100742,50|50,MyHP|80|Rate|30|Skill|100743,,,,,,,,,,,,,,
76,Lv.26红色蝎子盗贼团攻击者(5036),wander,0,10,40,1,100751|100752,50|50,MyHP|80|Rate|30|Skill|100753,,,,,,,,,,,,,,
77,Lv.26暴走的卡伊乐警卫魔石(7001),wander,0,10,40,1,100761|100762,50|50,MyHP|80|Rate|30|Skill|100763,,,,,,,,,,,,,,
78,Lv.26坡鲁耐易特(3021),wander,0,10,40,1,100771|100772,50|50,MyHP|80|Rate|30|Skill|100773,,,,,,,,,,,,,,
79,Lv.27黑色碎片坡鲁耐易特(3022),wander,0,10,40,1,100781|100782,50|50,MyHP|80|Rate|30|Skill|100783,,,,,,,,,,,,,,
80,Lv.27耐克鲁斯(5046),wander,0,10,40,1,100791|100792,50|50,MyHP|80|Rate|30|Skill|100793,,,,,,,,,,,,,,
81,Lv.28纳克鲁斯(5045),wander,0,10,40,1,100801|100802,50|50,MyHP|80|Rate|30|Skill|100803,,,,,,,,,,,,,,
82,Lv.27盗贼团的掉队者(5036),wander,0,10,40,1,100811|100812,50|50,MyHP|80|Rate|30|Skill|100813,,,,,,,,,,,,,,
83,Lv.28硫磺魔石(7000),wander,0,10,40,1,100821|100822,50|50,MyHP|80|Rate|30|Skill|100823,,,,,,,,,,,,,,
84,Lv.28赫尔德的帮凶(5015),wander,0,10,40,1,100831|100832,50|50,MyHP|80|Rate|30|Skill|100833,,,,,,,,,,,,,,
85,Lv.29赫尔德的追随者(5016),wander,0,10,40,1,100841|100842,50|50,MyHP|80|Rate|30|Skill|100843,,,,,,,,,,,,,,
86,Lv.29赫尔德的攻击者(5016),wander,0,10,40,1,100851|100852,50|50,MyHP|80|Rate|30|Skill|100853,,,,,,,,,,,,,,
87,Lv.29怪形雕刻像(7015),wander,0,10,40,1,100861|100862,50|50,MyHP|80|Rate|30|Skill|100863,,,,,,,,,,,,,,
88,Lv.29灰色的怪形雕刻像(7015),wander,0,10,40,1,100871|100872,50|50,MyHP|80|Rate|30|Skill|100873,,,,,,,,,,,,,,
89,Lv.29红色的怪形雕刻像(7016),wander,0,10,40,1,100881|100882,50|50,MyHP|80|Rate|30|Skill|100883,,,,,,,,,,,,,,
90,Lv.30鲁库斯的哨兵(5055),wander,0,10,40,1,100891|100892,50|50,MyHP|80|Rate|30|Skill|100893,,,,,,,,,,,,,,
91,Lv.30戴穆里申????(702),wander,0,10,40,1,100901|100902,50|50,MyHP|80|Rate|30|Skill|100903,,,,,,,,,,,,,,
92,Lv.25可疑的士兵(非先攻)(9042),wander,0,10,40,1,100911|100912,50|50,MyHP|80|Rate|30|Skill|100913,,,,,,,,,,,,,,
93,Lv.31雷伊谬特(5051),wander,0,10,40,1,100921|100922,50|50,MyHP|80|Rate|30|Skill|100923,,,,,,,,,,,,,,
94,Lv.31雷伊诺弗(5066),wander,0,10,40,1,100931|100932,50|50,MyHP|80|Rate|30|Skill|100933,,,,,,,,,,,,,,
95,Lv.32贝勒内斯(5052),wander,0,10,40,1,105831|105832,50|50,MyHP|80|Rate|30|Skill|105833,,,,,,,,,,,,,,
96,Lv.32贝勒诺德(5053),wander,0,10,40,1,100951|100952,50|50,MyHP|80|Rate|30|Skill|100953,,,,,,,,,,,,,,
97,Lv.31雷伊喷特(9015),wander,0,10,40,1,101431|101432,50|50,MyHP|80|Rate|30|Skill|101433,,,,,,,,,,,,,,
98,Lv.32夜警(9016),wander,0,10,40,1,101441|101442,50|50,MyHP|80|Rate|30|Skill|101443,,,,,,,,,,,,,,
99,Lv.32卡伦一族的突击兵(7027),wander,0,10,40,1,101451|101452,50|50,MyHP|80|Rate|30|Skill|101453,,,,,,,,,,,,,,
100,Lv.32突击队长罗伊蒂(7043),wander,0,10,40,1,101461|101462,50|50,MyHP|80|Rate|30|Skill|101463,,,,,,,,,,,,,,
101,Lv.32卡伦一族的战士(7027),wander,0,10,40,1,100961|100962,50|50,MyHP|80|Rate|30|Skill|100963,,,,,,,,,,,,,,
102,Lv.32卡伦一族的猎人(7028),wander,0,10,40,1,100971|100972,50|50,MyHP|80|Rate|30|Skill|100973,,,,,,,,,,,,,,
103,Lv.32卡伦一族的巫师(7029),wander,0,10,40,1,100981|100982,50|50,MyHP|80|Rate|30|Skill|100983,,,,,,,,,,,,,,
104,Lv.33族长凯内尔(7042),wander,0,10,40,1,100991|100992,50|50,MyHP|80|Rate|30|Skill|100993,,,,,,,,,,,,,,
105,Lv.33顾问扎伊德(7044),wander,0,10,40,1,101001|101002,50|50,MyHP|80|Rate|30|Skill|101003,,,,,,,,,,,,,,
106,Lv.32黑幕部队的巫师(702),wander,0,10,40,1,101481|101482,50|50,MyHP|80|Rate|30|Skill|101483,,,,,,,,,,,,,,
107,Lv.32黑幕部队的巡逻兵(702),wander,0,10,40,1,101491|101492,50|50,MyHP|80|Rate|30|Skill|101493,,,,,,,,,,,,,,
108,Lv.33莫斯鲁的幼体(5024),wander,0,10,40,1,101501|101502,50|50,MyHP|80|Rate|30|Skill|101503,,,,,,,,,,,,,,
109,Lv.33小卡伦一族(7027),wander,0,10,40,1,101511|101512,50|50,MyHP|80|Rate|30|Skill|101503,,,,,,,,,,,,,,
110,Lv.33莫斯鲁(5024),wander,0,10,40,1,101011|101012,50|50,MyHP|80|Rate|30|Skill|101013,,,,,,,,,,,,,,
111,Lv.33莫斯鲁哏特(5025),wander,0,10,40,1,101021|101022,50|50,MyHP|80|Rate|30|Skill|101023,,,,,,,,,,,,,,
112,Lv.34莫斯鲁门卫(5026),wander,0,10,40,1,101031|101032,50|50,MyHP|80|Rate|30|Skill|101033,,,,,,,,,,,,,,
113,Lv.33贝德魔石(7001),wander,0,10,40,1,101041|101042,50|50,MyHP|80|Rate|30|Skill|101043,,,,,,,,,,,,,,
114,Lv.34指挥魔石克雷伊盾(7002),wander,0,10,40,1,101051|101052,50|50,MyHP|80|Rate|30|Skill|101053,,,,,,,,,,,,,,
115,Lv.34奈泰伦的居民(7010),wander,0,10,40,1,101061|101062,50|50,MyHP|80|Rate|30|Skill|101063,,,,,,,,,,,,,,
116,Lv.34扭曲的奈泰伦??(7011),wander,0,10,40,1,101071|101072,50|50,MyHP|80|Rate|30|Skill|101073,,,,,,,,,,,,,,
117,Lv.35堕落的指挥者格雷高力(5017),wander,0,10,40,1,101081|101082,50|50,MyHP|80|Rate|30|Skill|101083,,,,,,,,,,,,,,
118,Lv.34堕落的阿泰伦(7010),wander,0,10,40,1,101531|101532,50|50,MyHP|80|Rate|30|Skill|101533,,,,,,,,,,,,,,
119,Lv.34堕落的克里斯汀(7010),wander,0,10,40,1,101541|101542,50|50,MyHP|80|Rate|30|Skill|101543,,,,,,,,,,,,,,
120,Lv.34堕落的艾伊兰(7011),wander,0,10,40,1,101551|101552,50|50,MyHP|80|Rate|30|Skill|101553,,,,,,,,,,,,,,
121,Lv.34堕落的树精灵(5012),wander,0,10,40,1,101091|101092,50|50,MyHP|80|Rate|30|Skill|101093,,,,,,,,,,,,,,
122,Lv.35堕落的守护者洛斯提雅(5014),wander,0,10,40,1,105431|105432,50|50,MyHP|80|Rate|30|Skill|105433,,,,,,,,,,,,,,
123,Lv.34黑幕部队的斧头兵(700),wander,0,10,40,1,101111|101112,50|50,MyHP|80|Rate|30|Skill|101113,,,,,,,,,,,,,,
124,Lv.34黑幕部队的弓箭手(701),wander,0,10,40,1,101121|101122,50|50,MyHP|80|Rate|30|Skill|101123,,,,,,,,,,,,,,
125,Lv.34黑幕部队的魔法师(702),wander,0,10,40,1,101131|101132,50|50,MyHP|80|Rate|30|Skill|101133,,,,,,,,,,,,,,
126,Lv.35黑幕部队的护卫兵(702),wander,0,10,40,1,101311|101312,50|50,MyHP|80|Rate|30|Skill|101313,,,,,,,,,,,,,,
127,Lv.35指挥官克拉内斯(700),wander,0,10,40,1,101111|101112,50|50,MyHP|80|Rate|30|Skill|101113,,,,,,,,,,,,,,
128,Lv.35痛苦的死者(7011),wander,0,10,40,1,101571|101572,50|50,MyHP|80|Rate|30|Skill|101573,,,,,,,,,,,,,,
129,Lv.35宪兵(1021),wander,0,10,40,1,101151|101152,50|50,MyHP|80|Rate|30|Skill|101153,,,,,,,,,,,,,,
130,Lv.35虚弱的宪兵(1021),wander,0,10,40,1,101561|101562,50|50,MyHP|80|Rate|30|Skill|101563,,,,,,,,,,,,,,
131,Lv.36斩杀者列凯勒特(1023),wander,0,10,40,1,105421|105422,50|50,MyHP|80|Rate|30|Skill|105423,,,,,,,,,,,,,,
132,Lv.36混乱的喇叭部队巫师(702),wander,0,10,40,1,101581|101582,50|50,MyHP|80|Rate|30|Skill|101583,,,,,,,,,,,,,,
133,Lv.36混乱的喇叭部队召唤师(5015),wander,0,10,40,1,101591|101592,50|50,MyHP|80|Rate|30|Skill|101593,,,,,,,,,,,,,,
134,Lv.36被污染的树精灵(5013),wander,0,10,40,1,105291|105292,50|50,MyHP|80|Rate|30|Skill|105293,,,,,,,,,,,,,,
135,Lv.37被污染的守护者贝勒皿(5014),wander,0,10,40,1,105431|105432,50|50,MyHP|80|Rate|30|Skill|105433,,,,,,,,,,,,,,
136,Lv.37扭曲的攻击者(7010),wander,0,10,40,1,101601|101602,50|50,MyHP|80|Rate|30|Skill|101603,,,,,,,,,,,,,,
137,Lv.37堕落的精灵守护者(9029),wander,0,10,40,1,101611|101612,50|50,MyHP|80|Rate|30|Skill|101613,,,,,,,,,,,,,,
138,Lv.37纯洁的阿特里斯(9035),wander,0,10,40,1,101621|101622,50|50,MyHP|80|Rate|30|Skill|101623,,,,,,,,,,,,,,
139,Lv.37斩杀部队的牺牲者(7010),wander,0,10,40,1,101191|101192,50|50,MyHP|80|Rate|30|Skill|101193,,,,,,,,,,,,,,
140,Lv.37斩杀部队的冤魂(7011),wander,0,10,40,1,101201|101202,50|50,MyHP|80|Rate|30|Skill|101203,,,,,,,,,,,,,,
141,Lv.38堕落的指挥者纳塔雷斯(5017),wander,0,10,40,1,101081|101082,50|50,MyHP|80|Rate|30|Skill|101083,,,,,,,,,,,,,,
142,Lv.37堕落的诺亚(7010),wander,0,10,40,1,101631|101632,50|50,MyHP|80|Rate|30|Skill|101633,,,,,,,,,,,,,,
143,Lv.37贝伊诺夫(5067),wander,0,10,40,1,101221|101222,50|50,MyHP|80|Rate|30|Skill|101223,,,,,,,,,,,,,,
144,Lv.38贝伊内于(5069),wander,0,10,40,1,101231|101232,50|50,MyHP|80|Rate|30|Skill|101233,,,,,,,,,,,,,,
145,Lv.38红色之床扎卡德(5068),wander,0,10,40,1,101241|101242,50|50,MyHP|80|Rate|30|Skill|101243,,,,,,,,,,,,,,
146,Lv.39钢指克里德(5071),wander,0,10,40,1,101251|101252,50|50,MyHP|80|Rate|30|Skill|101253,,,,,,,,,,,,,,
147,Lv.38受到诅咒的门艾尔普(3024),wander,0,10,40,1,101261|101262,50|50,MyHP|80|Rate|30|Skill|101263,,,,,,,,,,,,,,
148,Lv.38受到诅咒的门艾尔普(3025),wander,0,10,40,1,101271|101272,50|50,MyHP|80|Rate|30|Skill|101273,,,,,,,,,,,,,,
149,Lv.39染上黑暗的艾伊内雅(3026),wander,0,10,40,1,101281|101282,50|50,MyHP|80|Rate|30|Skill|101283,,,,,,,,,,,,,,
150,Lv.39血之斧头部队突击兵(700),wander,0,10,40,1,101641|101642,50|50,MyHP|80|Rate|30|Skill|101643,,,,,,,,,,,,,,
151,Lv.39血之斧头部队狙击手(701),wander,0,10,40,1,101651|101652,50|50,MyHP|80|Rate|30|Skill|101653,,,,,,,,,,,,,,
152,Lv.39血之斧头部队斧头兵(700),wander,0,10,40,1,101291|101292,50|50,MyHP|80|Rate|30|Skill|101293,,,,,,,,,,,,,,
153,Lv.39血之斧头部队弓箭手(701),wander,0,10,40,1,101301|101302,50|50,MyHP|80|Rate|30|Skill|101303,,,,,,,,,,,,,,
154,Lv.39血之斧头部队魔法师(702),wander,0,10,40,1,101311|101312,50|50,MyHP|80|Rate|30|Skill|101313,,,,,,,,,,,,,,
155,Lv.40指挥官雷伊莎克(700),wander,0,10,40,1,101321|101322,50|50,MyHP|80|Rate|30|Skill|101323,,,,,,,,,,,,,,
156,Lv.39血之斧头部队侦察兵(700),wander,0,10,40,1,101331|101332,50|50,MyHP|80|Rate|30|Skill|101333,,,,,,,,,,,,,,
157,Lv.39血之斧头部队巡逻兵(701),wander,0,10,40,1,101341|101342,50|50,MyHP|80|Rate|30|Skill|101343,,,,,,,,,,,,,,
158,Lv.39刽子手布雷德洛斯(700),wander,0,10,40,1,110421|110422,50|50,MyHP|80|Rate|30|Skill|110423,,,,,,,,,,,,,,
159,Lv.39刽子手克纳勒(701),wander,0,10,40,1,110431|110432,50|50,MyHP|80|Rate|30|Skill|110433,,,,,,,,,,,,,,
160,Lv.40队长海瑟(701),wander,0,10,40,1,101351|101352,50|50,MyHP|80|Rate|30|Skill|101353,,,,,,,,,,,,,,
161,Lv.39可疑的魔法师(702),wander,0,10,40,1,101661|101662,50|50,MyHP|80|Rate|30|Skill|101663,,,,,,,,,,,,,,
162,Lv.40血之斧头部队刽子手(700),wander,0,10,40,1,101671|101672,50|50,MyHP|80|Rate|30|Skill|101673,,,,,,,,,,,,,,
163,Lv.40可疑的警备军(9042),wander,0,10,40,1,101681|101682,50|50,MyHP|80|Rate|30|Skill|101683,,,,,,,,,,,,,,
164,Lv.40混乱的骑士(3003),wander,0,10,40,1,101361|101362,50|50,MyHP|80|Rate|30|Skill|101363,,,,,,,,,,,,,,
165,Lv.40恐怖的骑士(3004),wander,0,10,40,1,101371|101372,50|50,MyHP|80|Rate|30|Skill|101373,,,,,,,,,,,,,,
166,Lv.41骑士司令布里坚(3004),wander,0,10,40,1,101381|101382,50|50,MyHP|80|Rate|30|Skill|101383,,,,,,,,,,,,,,
167,Lv.40骷髅士兵(7070),wander,0,10,40,1,101391|101392,50|50,MyHP|80|Rate|30|Skill|101393,,,,,,,,,,,,,,
168,Lv.40骷髅战士(7071),wander,0,10,40,1,101401|101402,50|50,MyHP|80|Rate|30|Skill|101403,,,,,,,,,,,,,,
169,Lv.2哥布林莲池的捕食者(7003),wander,0,10,40,1,106231|106232,50|50,MyHP|80|Rate|30|Skill|106233,,,,,,,,,,,,,,
170,Lv.3哥布林山坡的捕食者(7003),wander,0,10,40,1,106241|106242,50|50,MyHP|80|Rate|30|Skill|106243,,,,,,,,,,,,,,
171,Lv.5戴穆里申黑魔法师(702),wander,0,10,40,1,106251|106252,50|50,MyHP|80|Rate|30|Skill|106253,,,,,,,,,,,,,,
172,Lv.7哥布林的战斗队长(7004),wander,0,10,40,1,106261|106262,50|50,MyHP|80|Rate|30|Skill|106263,,,,,,,,,,,,,,
173,Lv.7北神的驯兽师(7005),wander,0,10,40,1,106271|106272,50|50,MyHP|80|Rate|30|Skill|106273,,,,,,,,,,,,,,
174,Lv.41暴乱的哈拉兆普(1027),wander,0,10,40,1,101691|101692,50|50,MyHP|80|Rate|30|Skill|101693,,,,,,,,,,,,,,
175,Lv.41愤怒的哈拉兆普(1028),wander,0,10,40,1,101701|101702,50|50,MyHP|80|Rate|30|Skill|101703,,,,,,,,,,,,,,
176,Lv.41气势汹汹的哈拉兆普(1027),wander,0,10,40,1,101711|101712,50|50,MyHP|80|Rate|30|Skill|101713,,,,,,,,,,,,,,
177,Lv.41红色斑点哈拉兆普(1028),wander,0,10,40,1,101721|101722,50|50,MyHP|80|Rate|30|Skill|101723,,,,,,,,,,,,,,
178,Lv.41愤怒的贝伊内俄(5069),wander,0,10,40,1,101731|101732,50|50,MyHP|80|Rate|30|Skill|101733,,,,,,,,,,,,,,
179,Lv.41血指贝伊内俄(5069),wander,0,10,40,1,101741|101742,50|50,MyHP|80|Rate|30|Skill|101743,,,,,,,,,,,,,,
180,Lv.42黛斯姆特山脉(5051),wander,0,10,40,1,101751|101752,50|50,MyHP|80|Rate|30|Skill|101753,,,,,,,,,,,,,,
181,Lv.42小黛斯姆特(5052),wander,0,10,40,1,101761|101762,50|50,MyHP|80|Rate|30|Skill|101763,,,,,,,,,,,,,,
182,Lv.42蚁奴山脉(5048),wander,0,10,40,1,101771|101772,50|50,MyHP|80|Rate|30|Skill|101773,,,,,,,,,,,,,,
183,Lv.42蚁兵山脉(5049),wander,0,10,40,1,101781|101782,50|50,MyHP|80|Rate|30|Skill|101783,,,,,,,,,,,,,,
184,Lv.42饥寒交迫的歪伊芬山脉(9018),wander,0,10,40,1,101791|101792,50|50,MyHP|80|Rate|30|Skill|101793,,,,,,,,,,,,,,
185,Lv.42蚂蚁盗贼山脉(5048),wander,0,10,40,1,101801|101802,50|50,MyHP|80|Rate|30|Skill|101803,,,,,,,,,,,,,,
186,Lv.42蚂蚁战士山脉(5049),wander,0,10,40,1,101811|101812,50|50,MyHP|80|Rate|30|Skill|101813,,,,,,,,,,,,,,
187,Lv.42歪伊芬山脉(9019),wander,0,10,40,1,101821|101822,50|50,MyHP|80|Rate|30|Skill|101823,,,,,,,,,,,,,,
188,Lv.42小歪伊芬山脉(9018),wander,0,10,40,1,101831|101832,50|50,MyHP|80|Rate|30|Skill|101833,,,,,,,,,,,,,,
189,Lv.43警卫的看守之链(1009),wander,0,10,40,1,101841|101842,50|50,MyHP|80|Rate|30|Skill|101843,,,,,,,,,,,,,,
190,Lv.43看守看守之链(1010),wander,0,10,40,1,101851|101852,50|50,MyHP|80|Rate|30|Skill|101853,,,,,,,,,,,,,,
191,Lv.43不安全的卢德比尔论(1015),wander,0,10,40,1,101861|101862,50|50,MyHP|80|Rate|30|Skill|101863,,,,,,,,,,,,,,
192,Lv.43安全的卢德比尔论(1016),wander,0,10,40,1,101871|101872,50|50,MyHP|80|Rate|30|Skill|101873,,,,,,,,,,,,,,
193,Lv.43魔像山脉(7000),wander,0,10,40,1,101881|101882,50|50,MyHP|80|Rate|30|Skill|101883,,,,,,,,,,,,,,
194,Lv.43烧红的魔像(7001),wander,0,10,40,1,101891|101892,50|50,MyHP|80|Rate|30|Skill|101893,,,,,,,,,,,,,,
195,Lv.43败落的斯帕特斯卡(5023),wander,0,10,40,1,101901|101902,50|50,MyHP|80|Rate|30|Skill|101903,,,,,,,,,,,,,,
196,Lv.43干燥的特利皮特(7013),wander,0,10,40,1,101911|101912,50|50,MyHP|80|Rate|30|Skill|101913,,,,,,,,,,,,,,
197,Lv.43流泪的树林斯帕特斯卡(5021),wander,0,10,40,1,101921|101922,50|50,MyHP|80|Rate|30|Skill|101923,,,,,,,,,,,,,,
198,Lv.43流泪的树林特利皮特(7012),wander,0,10,40,1,101931|101932,50|50,MyHP|80|Rate|30|Skill|101933,,,,,,,,,,,,,,
199,Lv.44战士哈比(7022),wander,0,10,40,1,101941|101942,50|50,MyHP|80|Rate|30|Skill|101943,,,,,,,,,,,,,,
200,Lv.44士兵哈比(7021),wander,0,10,40,1,101951|101952,50|50,MyHP|80|Rate|30|Skill|101953,,,,,,,,,,,,,,
201,Lv.44堕落的哈比(7021),wander,0,10,40,1,101961|101962,50|50,MyHP|80|Rate|30|Skill|101963,,,,,,,,,,,,,,
202,Lv.44突袭德雷昆(9005),wander,0,10,40,1,101971|101972,50|50,MyHP|80|Rate|30|Skill|101973,,,,,,,,,,,,,,
203,Lv.44干枯的安提兰斯(5013),wander,0,10,40,1,101981|101982,50|50,MyHP|80|Rate|30|Skill|101983,,,,,,,,,,,,,,
204,Lv.44侦查组战士(700),wander,0,10,40,1,101991|101992,50|50,MyHP|80|Rate|30|Skill|101993,,,,,,,,,,,,,,
205,Lv.44侦查组弓箭手(701),wander,0,10,40,1,102001|102002,50|50,MyHP|80|Rate|30|Skill|102003,,,,,,,,,,,,,,
206,Lv.44侦查组魔法师(702),wander,0,10,40,1,102011|102012,50|50,MyHP|80|Rate|30|Skill|102013,,,,,,,,,,,,,,
207,Lv.44精锐选任魔法师(53003),wander,0,10,40,1,102021|102022,50|50,MyHP|80|Rate|30|Skill|102023,,,,,,,,,,,,,,
208,Lv.44精锐士兵(700),wander,0,10,40,1,102031|102032,50|50,MyHP|80|Rate|30|Skill|102033,,,,,,,,,,,,,,
209,Lv.44精锐魔法师(53507),wander,0,10,40,1,102041|102042,50|50,MyHP|80|Rate|30|Skill|102043,,,,,,,,,,,,,,
210,Lv.45石头碎片德雷昆(9004),wander,0,10,40,1,102051|102052,50|50,MyHP|80|Rate|30|Skill|102053,,,,,,,,,,,,,,
211,Lv.45火鳞德雷昆(9005),wander,0,10,40,1,102061|102062,50|50,MyHP|80|Rate|30|Skill|102063,,,,,,,,,,,,,,
212,Lv.45水鳞德雷昆(9003),wander,0,10,40,1,102071|102072,50|50,MyHP|80|Rate|30|Skill|102073,,,,,,,,,,,,,,
213,Lv.45苔鳞德雷昆(9004),wander,0,10,40,1,102081|102082,50|50,MyHP|80|Rate|30|Skill|102083,,,,,,,,,,,,,,
214,Lv.45精锐熔岩德雷昆(9005),wander,0,10,40,1,102101|102102,50|50,MyHP|80|Rate|30|Skill|102103,,,,,,,,,,,,,,
215,Lv.45精锐山脉德雷昆(9004),wander,0,10,40,1,102111|102112,50|50,MyHP|80|Rate|30|Skill|102113,,,,,,,,,,,,,,
216,Lv.45精锐巡逻兵(700),wander,0,10,40,1,102131|102132,50|50,MyHP|80|Rate|30|Skill|102133,,,,,,,,,,,,,,
217,Lv.45精锐护卫兵(53010),wander,0,10,40,1,102141|102142,50|50,MyHP|80|Rate|30|Skill|102143,,,,,,,,,,,,,,
218,Lv.45精锐护卫弓箭手(701),wander,0,10,40,1,102151|102152,50|50,MyHP|80|Rate|30|Skill|102153,,,,,,,,,,,,,,
219,Lv.46[卢卡斯关隘]被污染的士兵(3018),wander,0,10,40,1,102311|102312,50|50,MyHP|80|Rate|30|Skill|102313,,,,,,,,,,,,,,
220,Lv.46[卢卡斯关隘]堕落的士兵(3019),wander,0,10,40,1,102321|102322,50|50,MyHP|80|Rate|30|Skill|102323,,,,,,,,,,,,,,
221,Lv.46[卢卡斯关隘]堕落的监视者(5027),wander,0,10,40,1,102331|102332,50|50,MyHP|80|Rate|30|Skill|102333,,,,,,,,,,,,,,
223,Lv.46[卢卡斯关隘]戴穆里申灵魂破坏者(5039),wander,0,10,40,1,102341|102342,50|50,MyHP|80|Rate|30|Skill|102343,,,,,,,,,,,,,,
224,Lv.46[卢卡斯关隘]戴穆里申灵魂攻击者(5042),wander,0,10,40,1,102351|102352,50|50,MyHP|80|Rate|30|Skill|102353,,,,,,,,,,,,,,
226,Lv.46[纳尔逊农场]疫病蚕室(5027),wander,0,10,40,1,102361|102362,50|50,MyHP|80|Rate|30|Skill|102363,,,,,,,,,,,,,,
227,Lv.46[纳尔逊农场]农场的牺牲者(7009),wander,0,10,40,1,102371|102372,50|50,MyHP|80|Rate|30|Skill|102373,,,,,,,,,,,,,,
229,Lv.46[纳尔逊农场]被污染的祭品(7010),wander,0,10,40,1,102381|102382,50|50,MyHP|80|Rate|30|Skill|102383,,,,,,,,,,,,,,
230,Lv.46[纳尔逊农场]疫病之床(12013),stand,0,0,0,0,,,,,,,,,,,,,,,,,
232,Lv.46[纳尔逊农场]泰迪的水晶球(12014),stand,0,0,0,0,,,,,,,,,,,,,,,,,
233,Lv.46[卢克村子里的废墟]疫病研究院(1003),wander,0,10,40,1,102391|102392,50|50,MyHP|80|Rate|30|Skill|102393,,,,,,,,,,,,,,
234,Lv.46[卢克村子里的废墟]疫病怪物(1009),wander,0,10,40,1,102401|102402,50|50,MyHP|80|Rate|30|Skill|102403,,,,,,,,,,,,,,
235,Lv.46[卢克村子里的废墟]露丝皮尔的召唤师(5028),wander,0,10,40,1,102411|102412,50|50,MyHP|80|Rate|30|Skill|102413,,,,,,,,,,,,,,
236,Lv.46[卢克村子里的废墟]堕落的魔道师露丝皮尔(1005),wander,0,10,40,1,110721|110722,50|50,MyHP|80|Rate|30|Skill|110723,,,,,,,,,,,,,,
237,Lv.46[卢克村子里的废墟]露丝皮尔的水晶球(12014),stand,0,0,40,1,,,,,,,,,,,,,,,,,
239,Lv.46[戴伊安关隘]深渊的看守者(1030),wander,0,10,40,1,102421|102422,50|50,MyHP|80|Rate|30|Skill|102423,,,,,,,,,,,,,,
240,Lv.46[戴伊安关隘]红色深渊的看守者(1031),wander,0,10,40,1,102431|102432,50|50,MyHP|80|Rate|30|Skill|102433,,,,,,,,,,,,,,
241,Lv.46[戴伊安关隘]龟裂的大地(12060),wander,0,10,40,1,,,,,,,,,,,,,,,,,
242,Lv.46[戴伊安关隘]深渊的封印石(12027),stand,0,0,0,1,,,Die|0|TriggerSkill|200163,,,,,,,,,,,,,,
244,Lv.47[棕色沙漠]被污染的士兵的冤魂(1006),wander,0,10,40,1,102441|102442,50|50,MyHP|80|Rate|30|Skill|102443,,,,,,,,,,,,,,
245,Lv.47[棕色沙漠]扭曲的士兵冤魂(1007),wander,0,10,40,1,102451|102452,50|50,MyHP|80|Rate|30|Skill|102453,,,,,,,,,,,,,,
247,Lv.47[棕色沙漠]布莱恩马杜克盗贼团巡逻兵(3018),wander,0,10,40,1,102461|102462,50|50,MyHP|80|Rate|30|Skill|102463,,,,,,,,,,,,,,
248,Lv.47[棕色沙漠]布莱恩马杜克盗贼团突击兵(3019),wander,0,10,40,1,102471|102472,50|50,MyHP|80|Rate|30|Skill|102473,,,,,,,,,,,,,,
249,Lv.47[棕色沙漠]红色部队侦察兵(53501),wander,0,10,40,1,102481|102482,50|50,MyHP|80|Rate|30|Skill|102483,,,,,,,,,,,,,,
250,Lv.47[棕色沙漠]红色部队护卫兵(53002),wander,0,10,40,1,102491|102492,50|50,MyHP|80|Rate|30|Skill|102493,,,,,,,,,,,,,,
252,Lv.47[艾姆帕斯野营地]骑士的亡灵(1001),wander,0,10,40,1,102501|102502,50|50,MyHP|80|Rate|30|Skill|102503,,,,,,,,,,,,,,
253,Lv.47[艾姆帕斯野营地]骑士的冤魂(7064),wander,0,10,40,1,102511|102512,50|50,MyHP|80|Rate|30|Skill|102513,,,,,,,,,,,,,,
255,Lv.47[凯尔迪亚墓地]骷髅士兵(7070),wander,0,10,40,1,102521|102522,50|50,MyHP|80|Rate|30|Skill|102523,,,,,,,,,,,,,,
256,Lv.47[凯尔迪亚墓地]骷髅魔法师(7072),wander,0,10,40,1,102531|102532,50|50,MyHP|80|Rate|30|Skill|102533,,,,,,,,,,,,,,
258,Lv.47[凯尔迪亚墓地]骷髅弓箭手(7071),wander,0,10,40,1,102541|102542,50|50,MyHP|80|Rate|30|Skill|102543,,,,,,,,,,,,,,
259,Lv.47[凯尔迪亚墓地]突击奈克罗曼肖(1024),wander,0,10,40,1,102551|102552,50|50,MyHP|80|Rate|30|Skill|102553,,,,,,,,,,,,,,
261,Lv.47[贝勒内尔墓地]强化的骷髅士兵(7073),wander,0,10,40,1,102561|102562,50|50,MyHP|80|Rate|30|Skill|102563,,,,,,,,,,,,,,
262,Lv.47[贝勒内尔墓地]强化的骷髅弓箭手(7074),wander,0,10,40,1,102571|102572,50|50,MyHP|80|Rate|30|Skill|102573,,,,,,,,,,,,,,
263,Lv.47[贝勒内尔墓地]强化的骷髅魔法师(7075),wander,0,10,40,1,102581|102582,50|50,MyHP|80|Rate|30|Skill|102583,,,,,,,,,,,,,,
264,Lv.47[贝勒内尔墓地]奈克罗曼肖(1025),wander,0,10,40,1,102591|102592,50|50,MyHP|80|Rate|30|Skill|102593,,,,,,,,,,,,,,
266,Lv.47[贝勒内尔墓地]泰利雅的蚕茧(12022),stand,0,0,0,1,,,Die|0|TriggerSkill|200172,,,,,,,,,,,,,,
268,Lv.48[破灭之路]染上疫病的狼(5067),wander,0,10,40,1,102601|102602,50|50,MyHP|80|Rate|30|Skill|102603,,,,,,,,,,,,,,
269,Lv.48[破灭之路]染上疫病的熊(5070),wander,0,10,40,1,102611|102612,50|50,MyHP|80|Rate|30|Skill|102613,,,,,,,,,,,,,,
271,Lv.48[破灭之路]染上疫病的红狼(5068),wander,0,10,40,1,102621|102622,50|50,MyHP|80|Rate|30|Skill|102623,,,,,,,,,,,,,,
272,Lv.48[破灭之路]染上疫病的红熊(5071),wander,0,10,40,1,102631|102632,50|50,MyHP|80|Rate|30|Skill|102633,,,,,,,,,,,,,,
274,Lv.48[瘟疫之谷]疫病毒虫(3006),wander,0,10,40,1,102641|102642,50|50,MyHP|80|Rate|30|Skill|102643,,,,,,,,,,,,,,
275,Lv.48[瘟疫之谷]疫病骷髅虫(3007),wander,0,10,40,1,102651|102652,50|50,MyHP|80|Rate|30|Skill|102653,,,,,,,,,,,,,,
277,Lv.48[亡者溪谷]卡特尼尔的佣人(7076),wander,0,10,40,1,102661|102662,50|50,MyHP|80|Rate|30|Skill|102663,,,,,,,,,,,,,,
278,Lv.48[亡者溪谷]卡特尼尔的追随者(7077),wander,0,10,40,1,102671|102672,50|50,MyHP|80|Rate|30|Skill|102673,,,,,,,,,,,,,,
279,Lv.48[亡者溪谷]卡特尼尔的护卫兵(7076),wander,0,10,40,1,102681|102682,50|50,MyHP|80|Rate|30|Skill|102683,,,,,,,,,,,,,,
281,Lv.48[克拉德农场前的空地]深渊的牺牲者(1031),wander,0,10,40,1,102691|102692,50|50,MyHP|80|Rate|30|Skill|102693,,,,,,,,,,,,,,
282,Lv.49[克拉德农场]克拉德的牺牲者(7009),wander,0,10,40,1,102701|102702,50|50,MyHP|80|Rate|30|Skill|102703,,,,,,,,,,,,,,
283,Lv.49[克拉德农场]克拉德的监视者(7075),wander,0,10,40,1,102711|102712,50|50,MyHP|80|Rate|30|Skill|102713,,,,,,,,,,,,,,
286,Lv.49[艾伦村子里的废墟]混乱的监视者(5052),wander,0,10,40,1,102721|102722,50|50,MyHP|80|Rate|30|Skill|102723,,,,,,,,,,,,,,
287,Lv.49[艾伦村子里的废墟]混乱的合约人(1003),wander,0,10,40,1,102731|102732,50|50,MyHP|80|Rate|30|Skill|102733,,,,,,,,,,,,,,
288,Lv.49[艾伦村子里的废墟]混乱的奴隶(1009),wander,0,10,40,1,102741|102742,50|50,MyHP|80|Rate|30|Skill|102743,,,,,,,,,,,,,,
291,Lv.49[艾伦村子前的废墟]红色部队调查兵(5040),wander,0,10,40,1,102751|102752,50|50,MyHP|80|Rate|30|Skill|102753,,,,,,,,,,,,,,
292,Lv.49[艾伦村子前的废墟]红色部队刺客(5043),wander,0,10,40,1,102761|102762,50|50,MyHP|80|Rate|30|Skill|102763,,,,,,,,,,,,,,
293,Lv.49[棕色沙漠]红色部队黑魔法师(53503),wander,0,10,40,1,102771|102772,50|50,MyHP|80|Rate|30|Skill|102773,,,,,,,,,,,,,,
294,Lv.49[棕色沙漠]红色部队突击兵(53002),wander,0,10,40,1,102781|102782,50|50,MyHP|80|Rate|30|Skill|102783,,,,,,,,,,,,,,
296,Lv.49[克拉里奥斯村庄]克拉里奥斯村庄居民(30000),wander,0,10,40,1,,,Die|0|TriggerSkill|200181,,,,,,,,,,,,,,
297,Lv.49[克拉里奥斯村庄]克拉里奥斯村庄女人(30504),wander,0,10,40,1,,,Die|0|TriggerSkill|200181,,,,,,,,,,,,,,
298,Lv.49[克拉里奥斯村庄]村长拉赫尔德(30001),wander,0,10,40,1,,,Die|0|TriggerSkill|200182,,,,,,,,,,,,,,
299,Lv.49[克拉里奥斯领地]堕落的战士(9042),wander,0,10,40,1,102791|102792,50|50,MyHP|80|Rate|30|Skill|102793,,,,,,,,,,,,,,
300,Lv.49[克拉里奥斯领地]堕落的弓箭手(9043),wander,0,10,40,1,102801|102802,50|50,MyHP|80|Rate|30|Skill|102803,,,,,,,,,,,,,,
301,Lv.49[克拉里奥斯领地]堕落的魔法师(9044),wander,0,10,40,1,102811|102812,50|50,MyHP|80|Rate|30|Skill|102813,,,,,,,,,,,,,,
302,Lv.49[克拉里奥斯领地]堕落的灵魂(5004),wander,0,10,40,1,102821|102822,50|50,MyHP|80|Rate|30|Skill|102823,,,,,,,,,,,,,,
303,Lv.49[克拉里奥斯领地]血之抉择(12027),stand,0,0,40,1,,,Die|0|TriggerSkill|200185,,,,,,,,,,,,,,
304,Lv.49[克拉里奥斯领地]灵魂的决定(12027),stand,0,0,40,1,,,Die|0|TriggerSkill|200186,,,,,,,,,,,,,,
311,Lv.49[斯蒂尔普瑞](非先攻)首都防御之师士兵(9042),wander,0,10,40,1,102831|102832,50|50,MyHP|80|Rate|30|Skill|102833,Die|0|TriggerSkill|200189,,,,,,,,,,,,,
312,Lv.50[堕落者的休息区]黑色的部队突击兵(1009),wander,0,10,40,1,102841|102842,50|50,MyHP|80|Rate|30|Skill|102843,,,,,,,,,,,,,,
313,Lv.50[堕落者的休息区]黑色的部队战士(1010),wander,0,10,40,1,102851|102852,50|50,MyHP|80|Rate|30|Skill|102853,,,,,,,,,,,,,,
315,Lv.50[堕落者的休息区]红色部队战士(700),wander,0,10,40,1,102861|102862,50|50,MyHP|80|Rate|30|Skill|102863,,,,,,,,,,,,,,
316,Lv.50[堕落者的休息区]红色部队弓箭手(701),wander,0,10,40,1,102871|102872,50|50,MyHP|80|Rate|30|Skill|102873,,,,,,,,,,,,,,
317,Lv.50[堕落者的休息区]红色部队魔法师(702),wander,0,10,40,1,102881|102882,50|50,MyHP|80|Rate|30|Skill|102883,,,,,,,,,,,,,,
318,Lv.50[堕落者的休息区]月之画部队侦察兵(5041),wander,0,10,40,1,102891|102892,50|50,MyHP|80|Rate|30|Skill|102893,,,,,,,,,,,,,,
319,Lv.50[堕落者的休息区]月之画部队突击兵(53006),wander,0,10,40,1,102901|102902,50|50,MyHP|80|Rate|30|Skill|102903,,,,,,,,,,,,,,
320,Lv.50[堕落者的休息区]月之画部队猎人(5044),wander,0,10,40,1,102911|102912,50|50,MyHP|80|Rate|30|Skill|102913,,,,,,,,,,,,,,
321,Lv.50[堕落者的休息区]月之画部队巫师(53507),wander,0,10,40,1,102921|102922,50|50,MyHP|80|Rate|30|Skill|102923,,,,,,,,,,,,,,
327,Lv.50[堕落者的休息区]月之画要塞(12027),stand,0,0,0,1,,,Die|0|TriggerSkill|200194,,,,,,,,,,,,,,
328,Lv.49[堕落者的休息区]黑色的太阳战士(9042),wander,0,10,40,1,102931|102932,50|50,MyHP|80|Rate|30|Skill|102933,,,,,,,,,,,,,,
329,Lv.49[堕落者的休息区]黑色的太阳弓箭手(9043),wander,0,10,40,1,102941|102942,50|50,MyHP|80|Rate|30|Skill|102943,,,,,,,,,,,,,,
330,Lv.49[堕落者的休息区]黑色的太阳魔法师(9044),wander,0,10,40,1,102951|102952,50|50,MyHP|80|Rate|30|Skill|102953,,,,,,,,,,,,,,
331,Lv.49[堕落者的休息区]黑色的太阳灵魂(5004),wander,0,10,40,1,102961|102962,50|50,MyHP|80|Rate|30|Skill|102963,,,,,,,,,,,,,,
336,Lv.50[堕落者的休息区]黑色的太阳之心(12027),stand,0,0,0,1,,,Die|0|TriggerSkill|200195,,,,,,,,,,,,,,
337,Lv.51[蓝色的藤蔓树]藤蔓破坏者(7012),wander,0,10,40,1,,,,,,,,,,,,,,,,,
338,Lv.51[蓝色的藤蔓树]刺之守护者(7012),wander,0,10,40,1,,,,,,,,,,,,,,,,,
339,Lv.51[蓝色的藤蔓树]树的守护者(5019),wander,0,10,40,1,,,,,,,,,,,,,,,,,
340,Lv.51[被占领的研究设施]可疑的传教士(),wander,0,10,40,1,,,,,,,,,,,,,,,,,
341,Lv.51[被占领的研究设施]可疑的传教士(),wander,0,10,40,1,,,,,,,,,,,,,,,,,
342,Lv.51[被占领的研究设施]临时的魔力路(12026),wander,0,10,40,1,,,,,,,,,,,,,,,,,
343,Lv.51[梦的捕食者之穴]梦的收集者(),wander,0,10,40,1,,,,,,,,,,,,,,,,,
344,Lv.51[梦的捕食者之穴]梦的收集者的水晶球(12014),wander,0,10,40,1,,,,,,,,,,,,,,,,,
345,Lv.51[梦的捕食者之穴]捕梦者(),wander,0,10,40,1,,,,,,,,,,,,,,,,,
346,Lv.51[梦的捕食者之穴]空虚的捕食者(),wander,0,10,40,1,,,,,,,,,,,,,,,,,
347,Lv.51[梦的捕食者之穴]恶梦的痕迹(),wander,0,10,40,1,,,,,,,,,,,,,,,,,
348,Lv.52[画之火箭部队驻地]画之火箭部队/木栅(12042),wander,0,10,40,1,,,,,,,,,,,,,,,,,
349,Lv.52[画之火箭部队驻地]画之火箭部队/画之巡逻兵(5042),wander,0,10,40,1,,,,,,,,,,,,,,,,,
350,Lv.52[画之火箭部队驻地]画之火箭部队/画之护卫兵(5039),wander,0,10,40,1,,,,,,,,,,,,,,,,,
351,Lv.52[画之火箭部队驻地]可疑的协商者(),wander,0,10,40,1,,,,,,,,,,,,,,,,,
352,Lv.52[天空之光守卫]精神支配装备(12014),wander,0,10,40,1,,,,,,,,,,,,,,,,,
353,Lv.52[天空之光守卫]愤怒的守卫之守护者(9006),wander,0,10,40,1,,,,,,,,,,,,,,,,,
354,Lv.52[天空之光守卫]不吉的守卫之猎人(9007),wander,0,10,40,1,,,Die|0|TriggerSkill|200221,,,,,,,,,,,,,,
355,Lv.52[疯狂的斧头部队]疯狂的斧头部队/训练兵(),wander,0,10,40,1,,,,,,,,,,,,,,,,,
356,Lv.52[疯狂的斧头部队]谷物袋(12010),wander,0,10,40,1,,,,,,,,,,,,,,,,,
357,Lv.52[疯狂的斧头部队]疯狂的斧头部队/斧头突击兵(5042),wander,0,10,40,1,,,,,,,,,,,,,,,,,
358,Lv.52[疯狂的斧头部队]疯狂的斧头部队/红色突击兵(),wander,0,10,40,1,,,,,,,,,,,,,,,,,
359,Lv.52[疯狂的斧头部队]疯狂的斧头部队改造士兵(1015),wander,0,10,40,1,,,,,,,,,,,,,,,,,
360,Lv.53[恶梦恶梦之陵]恶梦的使者(),wander,0,10,40,1,,,,,,,,,,,,,,,,,
361,Lv.53[恶梦恶梦之陵]恶梦的引导者(),wander,0,10,40,1,,,,,,,,,,,,,,,,,
362,Lv.53[恶梦恶梦之陵]恶梦的研究员(),wander,0,10,40,1,,,,,,,,,,,,,,,,,
363,Lv.53[恶梦恶梦之陵]恶梦的佣人(),wander,0,10,40,1,,,,,,,,,,,,,,,,,
364,Lv.53[恶梦恶梦之陵]恶梦的决定(12027),stand,0,0,40,1,,,Die|0|TriggerSkill|200228,,,,,,,,,,,,,,
365,Lv.53[恶梦恶梦之陵]恶梦的蚕茧(12022),wander,0,10,40,1,,,Die|0|TriggerSkill|200225,,,,,,,,,,,,,,
366,Lv.53[恶梦之穴]恶梦的管理者(),wander,0,10,40,1,,,,,,,,,,,,,,,,,
367,Lv.53[恶梦之穴]恶梦的守护者(),wander,0,10,40,1,,,,,,,,,,,,,,,,,
368,Lv.53[恶梦之穴]堕落的梅格库里(),wander,0,10,40,1,,,,,,,,,,,,,,,,,
369,Lv.53[恶梦之穴]红色眼睛的空虚(),wander,0,10,40,1,,,,,,,,,,,,,,,,,
370,Lv.53[恶梦之穴]德利特(),wander,0,10,40,1,,,,,,,,,,,,,,,,,
371,Lv.53[恶梦之穴]塔仔伊(),wander,0,10,40,1,,,,,,,,,,,,,,,,,
372,Lv.53[红色火焰要塞]红色火焰部队/北神士兵(7036),wander,0,10,40,1,,,,,,,,,,,,,,,,,
373,Lv.53[红色火焰要塞]红色火焰部队/北神驯兽师(701),wander,0,10,40,1,,,,,,,,,,,,,,,,,
374,Lv.53[红色火焰要塞]日落的计划者(),wander,0,10,40,1,,,,,,,,,,,,,,,,,
375,Lv.20战士(9042),wander,0,10,40,1,101471|101472,50|50,MyHP|80|Rate|30|Skill|101473,,,,,,,,,,,,,,
376,Lv.33灵魂猎人(5063),wander,0,10,40,1,101521|101522,50|50,MyHP|80|Rate|30|Skill|101523,,,,,,,,,,,,,,
377,Lv.1~10平静的湖水-竞技-Lv.2沉默的恶灵(1027),wander,0,10,40,1,103061|103062,50|50,MyHP|80|Rate|30|Skill|103063,,,,,,,,,,,,,,
378,Lv.1~10平静的湖水-竞技-Lv.3虚无的恶灵(1028),wander,0,10,40,1,103071|103072,50|50,MyHP|80|Rate|30|Skill|103073,,,,,,,,,,,,,,
379,Lv.1~10平静的湖水-竞技-Lv.2洛聘突击兵(3009),wander,0,10,40,1,103081|103082,50|50,MyHP|80|Rate|30|Skill|103083,,,,,,,,,,,,,,
380,Lv.1~10平静的湖水-竞技-Lv.3洛聘魔法师(3011),wander,0,10,40,1,103091|103092,50|50,MyHP|80|Rate|30|Skill|103093,,,,,,,,,,,,,,
381,Lv.1~10平静的湖水-竞技-Lv.3暴乱的沉默的守护者(5066),wander,0,10,40,1,103101|103102,50|50,MyHP|80|Rate|30|Skill|103103,,,,,,,,,,,,,,
382,Lv.1~10平静的湖水-竞技-Lv.3暴乱的平静的守护者(5067),wander,0,10,40,1,103111|103112,50|50,MyHP|80|Rate|30|Skill|103113,,,,,,,,,,,,,,
383,Lv.1~10平静的湖水-竞技-Lv.4堕落的寂静的守护者(5069),wander,0,10,40,1,103121|103122,50|50,MyHP|80|Rate|30|Skill|103123,,,,,,,,,,,,,,
384,Lv.1~10平静的湖水-竞技-Lv.4小理查德曼(5030),wander,0,10,40,1,103131|103132,50|50,MyHP|80|Rate|30|Skill|103133,,,,,,,,,,,,,,
385,Lv.1~10平静的湖水-竞技-Lv.4理查德曼战士(5031),wander,0,10,40,1,103141|103142,50|50,MyHP|80|Rate|30|Skill|103143,,,,,,,,,,,,,,
386,Lv.1~10平静的湖水-竞技-Lv.5理查德曼巫师(5032),wander,0,10,40,1,103151|103152,50|50,MyHP|80|Rate|30|Skill|103153,,,,,,,,,,,,,,
387,Lv.1~10平静的湖水-竞技-Lv.5黑色之幕渗透组(700),wander,0,10,40,1,103161|103162,50|50,MyHP|80|Rate|30|Skill|103163,,,,,,,,,,,,,,
388,Lv.1~10平静的湖水-竞技-Lv.5黑色之幕刺客组(701),wander,0,10,40,1,103171|103172,50|50,MyHP|80|Rate|30|Skill|103173,,,,,,,,,,,,,,
389,Lv.1~10平静的湖水-竞技-Lv.6黑色之幕战士(5039),wander,0,10,40,1,103181|103182,50|50,MyHP|80|Rate|30|Skill|103183,,,,,,,,,,,,,,
390,Lv.1~10平静的湖水-竞技-Lv.6布拉考(9007),wander,0,10,40,1,103191|103192,50|50,MyHP|80|Rate|30|Skill|103193,,,,,,,,,,,,,,
391,Lv.1~10平静的湖水-竞技-Lv.6布拉考猛兽(9008),wander,0,10,40,1,103201|103202,50|50,MyHP|80|Rate|30|Skill|103203,,,,,,,,,,,,,,
392,Lv.1~10平静的湖水-竞技-Lv.7小角狼(5051),wander,0,10,40,1,103221|103222,50|50,MyHP|80|Rate|30|Skill|103223,,,,,,,,,,,,,,
393,Lv.1~10平静的湖水-竞技-Lv.7角狼(5053),wander,0,10,40,1,103231|103232,50|50,MyHP|80|Rate|30|Skill|103233,,,,,,,,,,,,,,
394,Lv.1~10平静的湖水-竞技-Lv.8分裂的侵略者(9057),wander,0,10,40,1,103251|103252,50|50,MyHP|80|Rate|30|Skill|103253,,,,,,,,,,,,,,
395,Lv.1~10平静的湖水-竞技-Lv.8空间的侵略者(9057),wander,0,10,40,1,103261|103262,50|50,MyHP|80|Rate|30|Skill|103263,,,,,,,,,,,,,,
396,Lv.1~10平静的湖水-竞技-Lv.9分裂的黑魔法师(702),wander,0,10,40,1,103271|103272,50|50,MyHP|80|Rate|30|Skill|103273,,,,,,,,,,,,,,
397,Lv.1~10平静的湖水-竞技-Lv.9受到诅咒的北神(7127),wander,0,10,40,1,103281|103282,50|50,MyHP|80|Rate|30|Skill|103283,,,,,,,,,,,,,,
399,Lv.1~10平静的湖水-竞技-Lv.10召唤洛坎之画家(1044),stand,0,10,40,1,103301|103302,50|50,,BattleTime|1|Talk|1,BattleTime|3|Talk|2,,,,,,,,~~~ ~~~~ ~~~ ~~~~~,~ ~~~ ~~ ~~~ ~~ ~~!,,,
500,Lv.2刺之特利皮特(7012),wander,0,10,40,1,105001|105002,50|50,MyHP|80|Rate|30|Skill|105003,,,,,,,,,,,,,,
501,Lv.3饥寒交迫的刺之特利皮特(7013),wander,0,10,40,1,105011|105012,50|50,MyHP|80|Rate|30|Skill|105013,,,,,,,,,,,,,,
502,Lv.3毒刺之特利皮特(7014),wander,0,10,40,1,105021|105022,50|50,MyHP|80|Rate|30|Skill|105023,,,,,,,,,,,,,,
503,Lv.2枯木之哥布林(7030),wander,0,10,40,1,105031|105032,50|50,MyHP|80|Rate|30|Skill|105033,,,,,,,,,,,,,,
504,Lv.2枯木之哥布林猎人(7031),wander,0,10,40,1,105041|105042,50|50,MyHP|80|Rate|30|Skill|105043,,,,,,,,,,,,,,
505,Lv.2枯木之哥布林监视者(7032),wander,0,10,40,1,105051|105052,50|50,MyHP|80|Rate|30|Skill|105053,,,,,,,,,,,,,,
506,Lv.4枯木之哥布林族长(7003),wander,0,10,40,1,105061|105062,50|50,MyHP|80|Rate|30|Skill|105063,,,,,,,,,,,,,,
507,Lv.4枯木之哥布林队长(7004),wander,0,10,40,1,105071|105072,50|50,MyHP|80|Rate|30|Skill|105073,,,,,,,,,,,,,,
508,Lv.5枯木之哥布林粮食军(7005),wander,0,10,40,1,105081|105082,50|50,MyHP|80|Rate|30|Skill|105083,,,,,,,,,,,,,,
509,Lv.4刚刚诞生的大根特利皮特(7012),wander,0,10,40,1,105091|105092,50|50,MyHP|80|Rate|30|Skill|105093,,,,,,,,,,,,,,
510,Lv.4饥寒交迫的大根特利皮特(7013),wander,0,10,40,1,105101|105102,50|50,MyHP|80|Rate|30|Skill|105103,,,,,,,,,,,,,,
511,Lv.5特里皮特贪吃的花(7014),wander,0,10,40,1,105111|105112,50|50,MyHP|80|Rate|30|Skill|105113,,,,,,,,,,,,,,
512,Lv.7铁甲波塞伊克(9000)-无攻击技能,wander,0,10,40,1,105121|105122,50|50,,,,,,,,,,,,,,,
513,Lv.7摇晃的波塞伊克(9001)-无攻击技能,wander,0,10,40,1,105131|105132,50|50,,,,,,,,,,,,,,,
514,Lv.7恶臭的布里德米尔(5018),wander,0,10,40,1,105141|105142,50|50,MyHP|80|Rate|30|Skill|105143,,,,,,,,,,,,,,
515,Lv.8毒香布里德米尔(5019),wander,0,10,40,1,105151|105152,50|50,MyHP|80|Rate|30|Skill|105153,,,,,,,,,,,,,,
516,Lv.10被饲养的弗勒德米尔(5018),wander,0,10,40,1,105161|105162,50|50,MyHP|80|Rate|30|Skill|105163,,,,,,,,,,,,,,
517,Lv.10暴乱的弗勒德米尔(5019),wander,0,10,40,1,105171|105172,50|50,MyHP|80|Rate|30|Skill|105173,,,,,,,,,,,,,,
518,Lv.10枯木之哥布林战士(7003),wander,0,10,40,1,105181|105182,50|50,MyHP|80|Rate|30|Skill|105183,,,,,,,,,,,,,,
519,Lv.10枯木之哥布林巫师(7005),wander,0,10,40,1,105191|105192,50|50,MyHP|80|Rate|30|Skill|105193,,,,,,,,,,,,,,
520,Lv.11黑色的的刺布里德米尔(5018),wander,0,10,40,1,105201|105202,50|50,MyHP|80|Rate|30|Skill|105203,,,,,,,,,,,,,,
521,Lv.11红刺布里德米尔(5019),wander,0,10,40,1,105211|105212,50|50,MyHP|80|Rate|30|Skill|105213,,,,,,,,,,,,,,
522,Lv.11恶臭的骷髅虫(3006),wander,0,10,40,1,105221|105222,50|50,MyHP|80|Rate|30|Skill|105223,,,,,,,,,,,,,,
523,Lv.12疫病骷髅虫(3006),wander,0,10,40,1,105231|105232,50|50,MyHP|80|Rate|30|Skill|105233,,,,,,,,,,,,,,
524,Lv.12饥寒交迫的疫病骷髅虫(3007),wander,0,10,40,1,105241|105242,50|50,MyHP|80|Rate|30|Skill|105243,,,,,,,,,,,,,,
525,Lv.12月之根特利皮特(7012),wander,0,10,40,1,105251|105252,50|50,MyHP|80|Rate|30|Skill|105253,,,,,,,,,,,,,,
526,Lv.12刀锋之根特利皮特(7013),wander,0,10,40,1,105261|105262,50|50,MyHP|80|Rate|30|Skill|105263,,,,,,,,,,,,,,
527,Lv.13钢铁之根特利皮特(7012),wander,0,10,40,1,105271|105272,50|50,MyHP|80|Rate|30|Skill|105273,,,,,,,,,,,,,,
528,Lv.14愤怒的扁柏安提兰斯(5012),wander,0,10,40,1,105281|105282,50|50,MyHP|80|Rate|30|Skill|105283,,,,,,,,,,,,,,
529,Lv.14愤怒的安提兰斯(5013),wander,0,10,40,1,105291|105292,50|50,MyHP|80|Rate|30|Skill|105293,,,,,,,,,,,,,,
530,Lv.14长指的金凤蜘蛛(9030),wander,0,10,40,1,105301|105302,50|50,MyHP|80|Rate|30|Skill|105303,,,,,,,,,,,,,,
531,Lv.14毒指金凤蜘蛛(9031),wander,0,10,40,1,105311|105312,50|50,MyHP|80|Rate|30|Skill|105313,,,,,,,,,,,,,,
532,Lv.15受到诅咒的宪兵(1021),wander,0,10,40,1,105321|105322,50|50,MyHP|80|Rate|30|Skill|105323,,,,,,,,,,,,,,
533,Lv.15恶灵宪兵(1022),wander,0,10,40,1,105331|105332,50|50,MyHP|80|Rate|30|Skill|105333,,,,,,,,,,,,,,
534,Lv.16气势汹汹的草叶安提兰斯(5012),wander,0,10,40,1,105341|105342,50|50,MyHP|80|Rate|30|Skill|105343,,,,,,,,,,,,,,
535,Lv.16粗枝安提兰斯(5013),wander,0,10,40,1,105351|105352,50|50,MyHP|80|Rate|30|Skill|105353,,,,,,,,,,,,,,
536,Lv.17红枝宪兵(1021),wander,0,10,40,1,105361|105362,50|50,MyHP|80|Rate|30|Skill|105363,,,,,,,,,,,,,,
537,Lv.17血红之枝宪兵(1022),wander,0,10,40,1,105371|105372,50|50,MyHP|80|Rate|30|Skill|105373,,,,,,,,,,,,,,
538,Lv.19红色条纹博马(3000),wander,0,10,40,1,105381|105382,50|50,MyHP|80|Rate|30|Skill|105383,,,,,,,,,,,,,,
539,Lv.19发光的条纹博马(3001),wander,0,10,40,1,105391|105392,50|50,MyHP|80|Rate|30|Skill|105393,,,,,,,,,,,,,,
540,Lv.19剧毒博马(3000),wander,0,10,40,1,105401|105402,50|50,MyHP|80|Rate|30|Skill|105403,,,,,,,,,,,,,,
541,Lv.19神经毒博马(3001),wander,0,10,40,1,105411|105412,50|50,MyHP|80|Rate|30|Skill|105413,,,,,,,,,,,,,,
542,Lv.18堕落的人偶宪兵(1023),wander,0,10,40,1,105421|105422,50|50,MyHP|80|Rate|30|Skill|105423,,,,,,,,,,,,,,
543,Lv.18失去理智的枯木之安提兰斯(5014),wander,0,10,40,1,105431|105432,50|50,MyHP|80|Rate|30|Skill|105433,,,,,,,,,,,,,,
544,Lv.19艾德兰(3030),wander,0,10,40,1,105441|105442,50|50,MyHP|80|Rate|30|Skill|105443,,,,,,,,,,,,,,
545,Lv.21饥寒交迫的受伤者哥布林(7003),wander,0,10,40,1,105451|105452,50|50,MyHP|80|Rate|30|Skill|105453,,,,,,,,,,,,,,
546,Lv.21衣衫褴褛的受伤者哥布林(7004),wander,0,10,40,1,105461|105462,50|50,MyHP|80|Rate|30|Skill|105463,,,,,,,,,,,,,,
547,Lv.22冰柱砂轮(7051),wander,0,10,40,1,105471|105472,50|50,MyHP|80|Rate|30|Skill|105473,,,,,,,,,,,,,,
548,Lv.22冰柱部族巫师(7053),wander,0,10,40,1,105481|105482,50|50,MyHP|80|Rate|30|Skill|105483,,,,,,,,,,,,,,
549,Lv.22族长夏卡鲁(7052),wander,0,10,40,1,105491|105492,50|50,MyHP|80|Rate|30|Skill|105493,,,,,,,,,,,,,,
550,Lv.22冰之犬齿砂轮(7051),wander,0,10,40,1,105501|105502,50|50,MyHP|80|Rate|30|Skill|105503,,,,,,,,,,,,,,
551,Lv.22冰之犬齿猎人(7052),wander,0,10,40,1,105511|105512,50|50,MyHP|80|Rate|30|Skill|105513,,,,,,,,,,,,,,
552,Lv.23恶臭的眼睫毛北神(7038),wander,0,10,40,1,105521|105522,50|50,MyHP|80|Rate|30|Skill|105523,,,,,,,,,,,,,,
553,Lv.23讨饭的眼睫毛北神(7037),wander,0,10,40,1,105531|105532,50|50,MyHP|80|Rate|30|Skill|105533,,,,,,,,,,,,,,
554,Lv.24冰之部队爪牙(5039),wander,0,10,40,1,105541|105542,50|50,MyHP|80|Rate|30|Skill|105543,,,,,,,,,,,,,,
555,Lv.24冰之部队偷盗犯(5042),wander,0,10,40,1,105551|105552,50|50,MyHP|80|Rate|30|Skill|105553,,,,,,,,,,,,,,
556,Lv.25厉害对手艾斯北神(7008),wander,0,10,40,1,105561|105562,50|50,MyHP|80|Rate|30|Skill|105563,,,,,,,,,,,,,,
557,Lv.25大吼大叫的艾斯北神(7007),wander,0,10,40,1,105571|105572,50|50,MyHP|80|Rate|30|Skill|105573,,,,,,,,,,,,,,
558,Lv.26棕色的雪人(7024),wander,0,10,40,1,105581|105582,50|50,MyHP|80|Rate|30|Skill|105583,,,,,,,,,,,,,,
559,Lv.26兴奋的雪人(7025),wander,0,10,40,1,105591|105592,50|50,MyHP|80|Rate|30|Skill|105593,,,,,,,,,,,,,,
560,Lv.27银光刀锋希尔朋德(9006),wander,0,10,40,1,105601|105602,50|50,MyHP|80|Rate|30|Skill|105603,,,,,,,,,,,,,,
561,Lv.27吸血的希尔朋德(9007),wander,0,10,40,1,105611|105612,50|50,MyHP|80|Rate|30|Skill|105613,,,,,,,,,,,,,,
562,Lv.27水晶床战士(3009),wander,0,10,40,1,105621|105622,50|50,MyHP|80|Rate|30|Skill|105623,,,,,,,,,,,,,,
563,Lv.27水晶床巫师(3010),wander,0,10,40,1,105631|105632,50|50,MyHP|80|Rate|30|Skill|105633,,,,,,,,,,,,,,
564,Lv.28被污染的钢铁鳍战士(3009),wander,0,10,40,1,105641|105642,50|50,MyHP|80|Rate|30|Skill|105643,,,,,,,,,,,,,,
565,Lv.28变异的钢铁鳍巫师(3011),wander,0,10,40,1,105651|105652,50|50,MyHP|80|Rate|30|Skill|105653,,,,,,,,,,,,,,
566,Lv.28失常的吗啡冰海博尔托(3010),wander,0,10,40,1,105661|105662,50|50,MyHP|80|Rate|30|Skill|105663,,,,,,,,,,,,,,
567,Lv.28粗暴的冰耙雪人(7024),wander,0,10,40,1,105671|105672,50|50,MyHP|80|Rate|30|Skill|105673,,,,,,,,,,,,,,
568,Lv.28残忍的冰耙雪人(7025),wander,0,10,40,1,105681|105682,50|50,MyHP|80|Rate|30|Skill|105683,,,,,,,,,,,,,,
569,Lv.27黑色的思克诺曹战士(3012),wander,0,10,40,1,105691|105692,50|50,MyHP|80|Rate|30|Skill|105693,,,,,,,,,,,,,,
570,Lv.27黑色的思克诺曹捕食者(3013),wander,0,10,40,1,105701|105702,50|50,MyHP|80|Rate|30|Skill|105703,,,,,,,,,,,,,,
571,Lv.28客迈拉提克(7018),wander,0,10,40,1,105711|105712,50|50,MyHP|80|Rate|30|Skill|105713,,,,,,,,,,,,,,
572,Lv.28客迈拉蛮博(7019),wander,0,10,40,1,105721|105722,50|50,MyHP|80|Rate|30|Skill|105723,,,,,,,,,,,,,,
573,Lv.29冰之部队弓箭手(5042),wander,0,10,40,1,105731|105732,50|50,MyHP|80|Rate|30|Skill|105733,,,,,,,,,,,,,,
574,Lv.29冰之部队战士(5039),wander,0,10,40,1,105741|105742,50|50,MyHP|80|Rate|30|Skill|105743,,,,,,,,,,,,,,
575,Lv.29凶残的红色鬃毛狼族(9027),wander,0,10,40,1,105751|105752,50|50,MyHP|80|Rate|30|Skill|105753,,,,,,,,,,,,,,
576,Lv.29凶狠的红色鬃毛狼族(9028),wander,0,10,40,1,105761|105762,50|50,MyHP|80|Rate|30|Skill|105763,,,,,,,,,,,,,,
577,Lv.29霜指狼族(9033),wander,0,10,40,1,105771|105772,50|50,MyHP|80|Rate|30|Skill|105773,,,,,,,,,,,,,,
578,Lv.29霜之犬齿狼族(9033),wander,0,10,40,1,105781|105782,50|50,MyHP|80|Rate|30|Skill|105783,,,,,,,,,,,,,,
579,Lv.30暴雪雪人(7026),wander,0,10,40,1,105791|105792,50|50,MyHP|80|Rate|30|Skill|105793,,,,,,,,,,,,,,
580,Lv.30极光的思克诺曹(3014),wander,0,10,40,1,105801|105802,50|50,MyHP|80|Rate|30|Skill|105803,,,,,,,,,,,,,,
581,Lv.31没有力量的僵尸(7009),wander,0,10,40,1,105811|105812,50|50,MyHP|80|Rate|30|Skill|105813,,,,,,,,,,,,,,
582,Lv.31饥寒交迫的僵尸(7010),wander,0,10,40,1,105821|105822,50|50,MyHP|80|Rate|30|Skill|105823,,,,,,,,,,,,,,
583,Lv.31小贝伊诺夫(5066),wander,0,10,40,1,105831|105832,50|50,MyHP|80|Rate|30|Skill|105833,,,,,,,,,,,,,,
584,Lv.31饥寒交迫的贝伊诺夫(5067),wander,0,10,40,1,105841|105842,50|50,MyHP|80|Rate|30|Skill|105843,,,,,,,,,,,,,,
585,Lv.31凶狠的僵尸(7010),wander,0,10,40,1,105851|105852,50|50,MyHP|80|Rate|30|Skill|105853,,,,,,,,,,,,,,
586,Lv.31腐败的僵尸(7011),wander,0,10,40,1,105861|105862,50|50,MyHP|80|Rate|30|Skill|105863,,,,,,,,,,,,,,
587,Lv.31生锈盔甲的关键骑士(7063),wander,0,10,40,1,105871|105872,50|50,MyHP|80|Rate|30|Skill|105873,,,,,,,,,,,,,,
588,Lv.31?毁坏盔甲的关键骑士(1001),wander,0,10,40,1,105881|105882,50|50,MyHP|80|Rate|30|Skill|105883,,,,,,,,,,,,,,
589,Lv.32暴乱的僵尸(7009),wander,0,10,40,1,105891|105892,50|50,MyHP|80|Rate|30|Skill|105893,,,,,,,,,,,,,,
590,Lv.32结实的盔甲的关键骑士(7064),wander,0,10,40,1,105901|105902,50|50,MyHP|80|Rate|30|Skill|105903,,,,,,,,,,,,,,
591,Lv.32凶残的贝伊诺夫(5067),wander,0,10,40,1,105911|105912,50|50,MyHP|80|Rate|30|Skill|105913,,,,,,,,,,,,,,
592,Lv.33气势汹汹的贝伊内俄(5069),wander,0,10,40,1,105921|105922,50|50,MyHP|80|Rate|30|Skill|105923,,,,,,,,,,,,,,
593,Lv.33红色贝伊内俄(5070),wander,0,10,40,1,105931|105932,50|50,MyHP|80|Rate|30|Skill|105933,,,,,,,,,,,,,,
594,Lv.33原碎片贝勒尔(5009),wander,0,10,40,1,105941|105942,50|50,MyHP|80|Rate|30|Skill|105943,,,,,,,,,,,,,,
595,Lv.33刺之碎片贝勒尔(5010),wander,0,10,40,1,105951|105952,50|50,MyHP|80|Rate|30|Skill|105953,,,,,,,,,,,,,,
596,Lv.33黑尾之贝伊内俄(5069),wander,0,10,40,1,105961|105962,50|50,MyHP|80|Rate|30|Skill|105963,,,,,,,,,,,,,,
597,Lv.33凶狠的贝伊诺夫(5067),wander,0,10,40,1,105971|105972,50|50,MyHP|80|Rate|30|Skill|105973,,,,,,,,,,,,,,
598,Lv.34乐鲁帕伊奥(3021),wander,0,10,40,1,105981|105982,50|50,MyHP|80|Rate|30|Skill|105983,,,,,,,,,,,,,,
599,Lv.34乐鲁帕伊奥战士(3022),wander,0,10,40,1,105991|105992,50|50,MyHP|80|Rate|30|Skill|105993,,,,,,,,,,,,,,
600,Lv.35撕裂的翅膀之哈比(7021),wander,0,10,40,1,106001|106002,50|50,MyHP|80|Rate|30|Skill|106003,,,,,,,,,,,,,,
601,Lv.35锋利指甲之哈比(7022),wander,0,10,40,1,106011|106012,50|50,MyHP|80|Rate|30|Skill|106013,,,,,,,,,,,,,,
602,Lv.35智慧门巡逻兵(1024),wander,0,10,40,1,106021|106022,50|50,MyHP|80|Rate|30|Skill|106023,,,,,,,,,,,,,,
603,Lv.35智慧门守卫(1025),wander,0,10,40,1,106031|106032,50|50,MyHP|80|Rate|30|Skill|106033,,,,,,,,,,,,,,
604,Lv.36凶残的哈比(7022),wander,0,10,40,1,106041|106042,50|50,MyHP|80|Rate|30|Skill|106043,,,,,,,,,,,,,,
605,Lv.36智慧门监视兵(1024),wander,0,10,40,1,106051|106052,50|50,MyHP|80|Rate|30|Skill|106053,,,,,,,,,,,,,,
606,Lv.36智慧门巫师(1024),wander,0,10,40,1,106061|106062,50|50,MyHP|80|Rate|30|Skill|106063,,,,,,,,,,,,,,
607,Lv.36智慧门突击队(1025),wander,0,10,40,1,106071|106072,50|50,MyHP|80|Rate|30|Skill|106073,,,,,,,,,,,,,,
608,Lv.38恶臭的德利尔洛克(3024),wander,0,10,40,1,106081|106082,50|50,MyHP|80|Rate|30|Skill|106083,,,,,,,,,,,,,,
609,Lv.37剧毒的德利尔洛克(3025),wander,0,10,40,1,106091|106092,50|50,MyHP|80|Rate|30|Skill|106093,,,,,,,,,,,,,,
610,Lv.38寄生兽的主体特雷拉(3026),wander,0,10,40,1,106101|106102,50|50,MyHP|80|Rate|30|Skill|106103,,,,,,,,,,,,,,
611,Lv.37雕刻士兵之兵卒(1006),wander,0,10,40,1,106111|106112,50|50,MyHP|80|Rate|30|Skill|106113,,,,,,,,,,,,,,
612,Lv.37雕刻士兵之攻击兵(1007),wander,0,10,40,1,106121|106122,50|50,MyHP|80|Rate|30|Skill|106123,,,,,,,,,,,,,,
613,Lv.38思科力顿普通士兵(7070),wander,0,10,40,1,106301|106302,50|50,MyHP|80|Rate|30|Skill|106303,,,,,,,,,,,,,,
614,Lv.38思科力顿攻击兵(7071),wander,0,10,40,1,106311|106312,50|50,MyHP|80|Rate|30|Skill|106313,,,,,,,,,,,,,,
615,Lv.38毒刺之阿贝卡勒(5007),wander,0,10,40,1,106151|106152,50|50,MyHP|80|Rate|30|Skill|106153,,,,,,,,,,,,,,
616,Lv.38雕刻士兵特殊工兵(1007),wander,0,10,40,1,106161|106162,50|50,MyHP|80|Rate|30|Skill|106163,,,,,,,,,,,,,,
617,Lv.39愤怒的布雷斯莱斯(3018),wander,0,10,40,1,106171|106172,50|50,MyHP|80|Rate|30|Skill|106173,,,,,,,,,,,,,,
618,Lv.39皮艾饥寒交迫的布雷斯莱斯(3019),wander,0,10,40,1,106181|106182,50|50,MyHP|80|Rate|30|Skill|106183,,,,,,,,,,,,,,
619,Lv.39戴奥斯韦巫师(1003),wander,0,10,40,1,106191|106192,50|50,MyHP|80|Rate|30|Skill|106193,,,,,,,,,,,,,,
620,Lv.39戴奥斯韦监视者(1004),wander,0,10,40,1,106201|106202,50|50,MyHP|80|Rate|30|Skill|106203,,,,,,,,,,,,,,
621,Lv.39海尔马斯特监视兵(5015),wander,0,10,40,1,106211|106212,50|50,MyHP|80|Rate|30|Skill|106213,,,,,,,,,,,,,,
622,Lv.39海尔马斯特攻击兵(5016),wander,0,10,40,1,106221|106222,50|50,MyHP|80|Rate|30|Skill|106223,,,,,,,,,,,,,,
623,Lv.38思科力顿特殊工兵(7073),wander,0,10,40,1,106321|106322,50|50,MyHP|80|Rate|30|Skill|106323,,,,,,,,,,,,,,
624,Lv.38腐败的德利尔洛克(3024),wander,0,10,40,1,106291|106292,50|50,MyHP|80|Rate|30|Skill|106293,,,,,,,,,,,,,,
625,Lv.33浮出碎片之贝勒尔(5010),wander,0,10,40,1,106281|106282,50|50,MyHP|80|Rate|30|Skill|106283,,,,,,,,,,,,,,
626,Lv.41愚蠢的博劳于岛(1012),wander,0,10,40,1,106331|106332,50|50,MyHP|80|Rate|30|Skill|106333,,,,,,,,,,,,,,
627,Lv.41迟钝的博劳于岛(1012),wander,0,10,40,1,106341|106342,50|50,MyHP|80|Rate|30|Skill|106343,,,,,,,,,,,,,,
628,Lv.41博劳于岛巡逻兵(1012),wander,0,10,40,1,106351|106352,50|50,MyHP|80|Rate|30|Skill|106353,,,,,,,,,,,,,,
629,Lv.41小耐克鲁斯(5045),wander,0,10,40,1,106361|106362,50|50,MyHP|80|Rate|30|Skill|106363,,,,,,,,,,,,,,
630,Lv.41危险的毒蜘蛛(9036),wander,0,10,40,1,106371|106372,50|50,MyHP|80|Rate|30|Skill|106373,,,,,,,,,,,,,,
631,Lv.41恶臭的毒蜘蛛(9036),wander,0,10,40,1,106381|106382,50|50,MyHP|80|Rate|30|Skill|106383,,,,,,,,,,,,,,
632,Lv.41虚弱的拉蓬提普(9015),wander,0,10,40,1,106391|106392,50|50,MyHP|80|Rate|30|Skill|106393,,,,,,,,,,,,,,
633,Lv.41迷路的拉蓬提普(9015),wander,0,10,40,1,106401|106402,50|50,MyHP|80|Rate|30|Skill|106403,,,,,,,,,,,,,,
635,Lv.41结实的碎片之斯库拉(7079),wander,0,10,40,1,106421|106422,50|50,MyHP|80|Rate|30|Skill|106423,,,,,,,,,,,,,,
637,Lv.41尖锐的碎片之斯库拉(7079),wander,0,10,40,1,106441|106442,50|50,MyHP|80|Rate|30|Skill|106443,,,,,,,,,,,,,,
638,Lv.41博劳于岛普通兵(1009),wander,0,10,40,1,106451|106452,50|50,MyHP|80|Rate|30|Skill|106453,,,,,,,,,,,,,,
639,Lv.41博劳于岛饲养员(1009),wander,0,10,40,1,106461|106462,50|50,MyHP|80|Rate|30|Skill|106463,,,,,,,,,,,,,,
641,Lv.42饥寒交迫的布莱士拉伊(1030),wander,0,10,40,1,106481|106482,50|50,MyHP|80|Rate|30|Skill|106483,,,,,,,,,,,,,,
642,Lv.42虚弱的布莱士拉伊(1030),wander,0,10,40,1,106491|106492,50|50,MyHP|80|Rate|30|Skill|106493,,,,,,,,,,,,,,
644,Lv.42迅速的斯皮克艾尔(9009),wander,0,10,40,1,106511|106512,50|50,MyHP|80|Rate|30|Skill|106513,,,,,,,,,,,,,,
645,Lv.42毒刺之斯皮克艾尔(9009),wander,0,10,40,1,106521|106522,50|50,MyHP|80|Rate|30|Skill|106523,,,,,,,,,,,,,,
648,Lv.42残忍的斯库拉(7080),wander,0,10,40,1,106551|106552,50|50,MyHP|80|Rate|30|Skill|106553,,,,,,,,,,,,,,
649,Lv.42可怕的斯库拉(7080),wander,0,10,40,1,106561|106562,50|50,MyHP|80|Rate|30|Skill|106563,,,,,,,,,,,,,,
650,Lv.42贝伊哈特监视兵(3015),wander,0,10,40,1,106571|106572,50|50,MyHP|80|Rate|30|Skill|106573,,,,,,,,,,,,,,
652,Lv.42贝伊哈特组装师(3015),wander,0,10,40,1,106591|106592,50|50,MyHP|80|Rate|30|Skill|106593,,,,,,,,,,,,,,
654,Lv.42愤怒的歪伊芬(9018),wander,0,10,40,1,106611|106612,50|50,MyHP|80|Rate|30|Skill|106613,,,,,,,,,,,,,,
655,Lv.42锋利的指甲之歪伊芬(9018),wander,0,10,40,1,106621|106622,50|50,MyHP|80|Rate|30|Skill|106623,,,,,,,,,,,,,,
656,Lv.42博劳于岛监视兵(1009),wander,0,10,40,1,106631|106632,50|50,MyHP|80|Rate|30|Skill|106633,,,,,,,,,,,,,,
658,Lv.42博劳于岛战士(1009),wander,0,10,40,1,106651|106652,50|50,MyHP|80|Rate|30|Skill|106653,,,,,,,,,,,,,,
659,Lv.43砂轮逃兵(7048),wander,0,10,40,1,106661|106662,50|50,MyHP|80|Rate|30|Skill|106663,,,,,,,,,,,,,,
662,Lv.43柔软的外壳之耐克鲁斯(5045),wander,0,10,40,1,106691|106692,50|50,MyHP|80|Rate|30|Skill|106693,,,,,,,,,,,,,,
663,Lv.43坚硬的外壳之耐克鲁斯(5045),wander,0,10,40,1,106701|106702,50|50,MyHP|80|Rate|30|Skill|106703,,,,,,,,,,,,,,
667,Lv.43暴走的拉蓬提普(9015),wander,0,10,40,1,106741|106742,50|50,MyHP|80|Rate|30|Skill|106743,,,,,,,,,,,,,,
668,Lv.43凶狠的布莱士拉伊(1030),wander,0,10,40,1,106751|106752,50|50,MyHP|80|Rate|30|Skill|106753,,,,,,,,,,,,,,
669,Lv.43残酷的布莱士拉伊(1030),wander,0,10,40,1,106761|106762,50|50,MyHP|80|Rate|30|Skill|106763,,,,,,,,,,,,,,
670,Lv.43博劳于岛上级饲养员(1012),wander,0,10,40,1,106771|106772,50|50,MyHP|80|Rate|30|Skill|106773,,,,,,,,,,,,,,
671,Lv.43博劳于岛监视兵(1012),wander,0,10,40,1,106781|106782,50|50,MyHP|80|Rate|30|Skill|106783,,,,,,,,,,,,,,
672,Lv.44暴乱的凯尔贝鲁斯(5027),wander,0,10,40,1,106791|106792,50|50,MyHP|80|Rate|30|Skill|106793,,,,,,,,,,,,,,
674,Lv.44安多斯战士(5030),wander,0,10,40,1,106811|106812,50|50,MyHP|80|Rate|30|Skill|106813,,,,,,,,,,,,,,
675,Lv.44安多斯猎人(5030),wander,0,10,40,1,106821|106822,50|50,MyHP|80|Rate|30|Skill|106823,,,,,,,,,,,,,,
676,Lv.44安多斯突击兵(5030),wander,0,10,40,1,106831|106832,50|50,MyHP|80|Rate|30|Skill|106833,,,,,,,,,,,,,,
677,Lv.44安多斯炮兵(5030),wander,0,10,40,1,106841|106842,50|50,MyHP|80|Rate|30|Skill|106843,,,,,,,,,,,,,,
678,Lv.44安多斯亲卫兵(5030),wander,0,10,40,1,106851|106852,50|50,MyHP|80|Rate|30|Skill|106853,,,,,,,,,,,,,,
680,Lv.44疯狂的奎里奥德(1018),wander,0,10,40,1,106871|106872,50|50,MyHP|80|Rate|30|Skill|106873,,,,,,,,,,,,,,
681,Lv.44恐怖的花瓣(7014),wander,0,10,40,1,106881|106882,50|50,MyHP|80|Rate|30|Skill|106883,,,,,,,,,,,,,,
683,Lv.44贝伊哈特上级战士(3015),wander,0,10,40,1,106901|106902,50|50,MyHP|80|Rate|30|Skill|106903,,,,,,,,,,,,,,
684,Lv.44砂轮特殊工兵(7051),wander,0,10,40,1,106911|106912,50|50,MyHP|80|Rate|30|Skill|106913,,,,,,,,,,,,,,
686,Lv.44砂轮志愿兵(7052),wander,0,10,40,1,106931|106932,50|50,MyHP|80|Rate|30|Skill|106933,,,,,,,,,,,,,,
687,Lv.45贝伊哈特亲卫兵(3015),wander,0,10,40,1,106941|106942,50|50,MyHP|80|Rate|30|Skill|106943,,,,,,,,,,,,,,
688,Lv.45贝伊哈特敢死队(3015),wander,0,10,40,1,106951|106952,50|50,MyHP|80|Rate|30|Skill|106953,,,,,,,,,,,,,,
690,Lv.45残忍的西莫诺(9012),wander,0,10,40,1,106971|106972,50|50,MyHP|80|Rate|30|Skill|106973,,,,,,,,,,,,,,
691,Lv.45残忍的西莫诺(9012),wander,0,10,40,1,106981|106982,50|50,MyHP|80|Rate|30|Skill|106983,,,,,,,,,,,,,,
693,Lv.45火山灰魔像(7000),wander,0,10,40,1,107001|107002,50|50,MyHP|80|Rate|30|Skill|107003,,,,,,,,,,,,,,
695,Lv.45熔岩魔像(7000),wander,0,10,40,1,107021|107022,50|50,MyHP|80|Rate|30|Skill|107023,,,,,,,,,,,,,,
696,Lv.40布雷斯莱斯搬运兵(3018),wander,0,10,40,1,107031|107032,50|50,MyHP|80|Rate|30|Skill|107033,,,,,,,,,,,,,,
697,Lv.30守护者贝尔加内弗(7017),wander,0,10,40,1,102161|102162,50|50,MyHP|80|Rate|30|Skill|102163,IdleRepeat|15|Talk|1,BattleTime|1|Talk|2,,,,,,,,~~~… ~~~ ~~~~ ~~~ ~~~.,~~~… ~~~ ~~~~ ~~~~! ~~ ~~~~!,,,
698,Lv.46藤蔓哥布林(7003),wander,0,10,40,1,107231|107232,50|50,MyHP|80|Rate|30|Skill|107233,,,,,,,,,,,,,,
699,Lv.46藤蔓哥布林轰炸兵(7005),wander,0,10,40,1,107241|107242,50|50,MyHP|80|Rate|30|Skill|107243,,,,,,,,,,,,,,
700,Lv.46藤蔓哥布林技术兵(7056),wander,0,10,40,1,107251|107252,50|50,MyHP|80|Rate|30|Skill|107253,,,,,,,,,,,,,,
701,Lv.46钢铁北神(7036),wander,0,10,40,1,107261|107262,50|50,MyHP|80|Rate|30|Skill|107263,,,,,,,,,,,,,,
702,Lv.46藤蔓哥布林族长皮皮鲁(7035),stand,0,0,40,1,107271|107272,50|50,MyHP|80|Rate|30|Skill|107273,,,,,,,,,,,,,,
703,Lv.46北神族长钢脚(7037),stand,0,0,40,1,107281|107282,50|50,MyHP|80|Rate|30|Skill|107283,,,,,,,,,,,,,,
704,Lv.46长触角莫斯鲁(5024),wander,0,10,40,1,107291|107292,50|50,MyHP|80|Rate|30|Skill|107293,,,,,,,,,,,,,,
705,Lv.46厉害触角莫斯鲁(5024),wander,0,10,40,1,107301|107302,50|50,MyHP|80|Rate|30|Skill|107303,,,,,,,,,,,,,,
706,Lv.46尖锐触角莫斯鲁(5025),wander,0,10,40,1,107311|107312,50|50,MyHP|80|Rate|30|Skill|107313,,,,,,,,,,,,,,
707,Lv.46莫斯鲁首领斯科托(5026),wander,0,10,40,0,107321|107322,50|50,MyHP|80|Rate|30|Skill|107323,,,,,,,,,,,,,,
708,Lv.46叮当脚法雷尔莱德(3003),wander,0,10,40,1,107331|107332,50|50,MyHP|80|Rate|30|Skill|107333,,,,,,,,,,,,,,
709,Lv.46风声之法雷尔莱德(3003),wander,0,10,40,1,107341|107342,50|50,MyHP|80|Rate|30|Skill|107343,,,,,,,,,,,,,,
710,Lv.46悲鸣之法雷尔莱德(3004),wander,0,10,40,1,107351|107352,50|50,MyHP|80|Rate|30|Skill|107353,,,,,,,,,,,,,,
711,Lv.46风轮天空之哥布林(3027),wander,0,10,40,1,107361|107362,50|50,MyHP|80|Rate|30|Skill|107363,,,,,,,,,,,,,,
712,Lv.46破坏天空之哥布林(3027),wander,0,10,40,1,107371|107372,50|50,MyHP|80|Rate|30|Skill|107373,,,,,,,,,,,,,,
713,Lv.46旋风天空哥布林(3028),wander,0,10,40,1,107381|107382,50|50,MyHP|80|Rate|30|Skill|107383,,,,,,,,,,,,,,
714,Lv.4田野之技术者(5000),wander,0,10,40,1,107391|107392,50|50,MyHP|80|Rate|30|Skill|107393,,,,,,,,,,,,,,
715,Lv.47田野之铁匠(5000),wander,0,10,40,1,107401|107402,50|50,MyHP|80|Rate|30|Skill|107403,,,,,,,,,,,,,,
716,Lv.47田野之炼金术士(5001),wander,0,10,40,1,107411|107412,50|50,MyHP|80|Rate|30|Skill|107413,,,,,,,,,,,,,,
717,Lv.47田野之矿工(5000),wander,0,10,40,1,107421|107422,50|50,MyHP|80|Rate|30|Skill|107423,,,,,,,,,,,,,,
718,Lv.47田野之道具师(5000),wander,0,10,40,1,107431|107432,50|50,MyHP|80|Rate|30|Skill|107433,,,,,,,,,,,,,,
719,Lv.47田野之管理者(5001),wander,0,10,40,1,107441|107442,50|50,MyHP|80|Rate|30|Skill|107443,,,,,,,,,,,,,,
720,Lv.47迎月之特利皮特(7012),wander,0,10,40,1,107451|107452,50|50,MyHP|80|Rate|30|Skill|107453,,,,,,,,,,,,,,
721,Lv.47画家特利皮特(7013),wander,0,10,40,1,107461|107462,50|50,MyHP|80|Rate|30|Skill|107463,,,,,,,,,,,,,,
722,Lv.47太阳花特利皮特(7014),wander,0,10,40,1,107471|107472,50|50,MyHP|80|Rate|30|Skill|107473,,,,,,,,,,,,,,
723,Lv.47阿贝卡勒战士(5006),wander,0,10,40,1,107481|107482,50|50,MyHP|80|Rate|30|Skill|107483,,,,,,,,,,,,,,
724,Lv.47阿贝卡勒巫师(5007),wander,0,10,40,1,107491|107492,50|50,MyHP|80|Rate|30|Skill|107493,,,,,,,,,,,,,,
725,Lv.47阿贝卡勒药师(5008),wander,0,10,40,1,107501|107502,50|50,MyHP|80|Rate|30|Skill|107503,,,,,,,,,,,,,,
726,Lv.48经历黑暗布尔兰特(1030),wander,0,10,40,1,107511|107512,50|50,MyHP|80|Rate|30|Skill|107513,,,,,,,,,,,,,,
727,Lv.48暴乱的黑暗布尔兰特(1030),wander,0,10,40,1,107521|107522,50|50,MyHP|80|Rate|30|Skill|107523,,,,,,,,,,,,,,
728,Lv.48疯狂的黑暗布尔兰特(1030),wander,0,10,40,1,107531|107532,50|50,MyHP|80|Rate|30|Skill|107533,,,,,,,,,,,,,,
729,Lv.48岩石砂轮战士(7054),wander,0,10,40,1,107541|107542,50|50,MyHP|80|Rate|30|Skill|107543,,,,,,,,,,,,,,
730,Lv.48岩石砂轮巫师(7053),wander,0,10,40,1,107551|107552,50|50,MyHP|80|Rate|30|Skill|107553,,,,,,,,,,,,,,
731,Lv.48岩石砂轮弓箭手(7055),wander,0,10,40,1,107561|107562,50|50,MyHP|80|Rate|30|Skill|107563,,,,,,,,,,,,,,
732,Lv.48破坏德利尔洛克(3024),wander,0,10,40,1,107571|107572,50|50,MyHP|80|Rate|30|Skill|107573,,,,,,,,,,,,,,
733,Lv.48刺之德利尔洛克(3024),wander,0,10,40,1,107581|107582,50|50,MyHP|80|Rate|30|Skill|107583,,,,,,,,,,,,,,
734,Lv.48荫之德利尔洛克(3025),wander,0,10,40,1,107591|107592,50|50,MyHP|80|Rate|30|Skill|107593,,,,,,,,,,,,,,
735,Lv.48灰色的肯塔伍露丝攻击者(7028),wander,0,10,40,1,107601|107602,50|50,MyHP|80|Rate|30|Skill|107603,,,,,,,,,,,,,,
736,Lv.48灰色的肯塔伍露丝???(7029),wander,0,10,40,1,107611|107612,50|50,MyHP|80|Rate|30|Skill|107613,,,,,,,,,,,,,,
737,Lv.48灰色的肯塔伍露丝???(7028),wander,0,10,40,1,107621|107622,50|50,MyHP|80|Rate|30|Skill|107623,,,,,,,,,,,,,,
738,Lv.49藤刺之宪兵(1021),wander,0,10,40,1,107631|107632,50|50,MyHP|80|Rate|30|Skill|107633,,,,,,,,,,,,,,
739,Lv.49夜刺之宪兵(1021),wander,0,10,40,1,107641|107642,50|50,MyHP|80|Rate|30|Skill|107643,,,,,,,,,,,,,,
740,Lv.49钢铁刺之宪兵(1022),wander,0,10,40,1,107651|107652,50|50,MyHP|80|Rate|30|Skill|107653,,,,,,,,,,,,,,
741,Lv.49日奈斯特巡逻兵(5003),wander,0,10,40,1,107661|107662,50|50,MyHP|80|Rate|30|Skill|107663,,,,,,,,,,,,,,
742,Lv.49日奈斯特刺客(5003),wander,0,10,40,1,107671|107672,50|50,MyHP|80|Rate|30|Skill|107673,,,,,,,,,,,,,,
743,Lv.49日奈斯特炼金术士(5004),wander,0,10,40,1,107681|107682,50|50,MyHP|80|Rate|30|Skill|107683,,,,,,,,,,,,,,
744,Lv.49日风尸体波塞伊克(9000),wander,0,10,40,1,107691|107692,50|50,MyHP|80|Rate|30|Skill|107693,,,,,,,,,,,,,,
745,Lv.49坟墓尸体波塞伊克(9000),wander,0,10,40,1,107701|107702,50|50,MyHP|80|Rate|30|Skill|107703,,,,,,,,,,,,,,
746,Lv.49网翼波塞伊克(9001),wander,0,10,40,1,107711|107712,50|50,MyHP|80|Rate|30|Skill|107713,,,,,,,,,,,,,,
747,Lv.49天空哥布林技术者(3028),wander,0,10,40,1,107721|107722,50|50,MyHP|80|Rate|30|Skill|107723,,,,,,,,,,,,,,
748,Lv.49天空哥布林读术师(3027),wander,0,10,40,1,107731|107732,50|50,MyHP|80|Rate|30|Skill|107733,,,,,,,,,,,,,,
749,Lv.49天空哥布林炼金术士(3027),wander,0,10,40,1,107741|107742,50|50,MyHP|80|Rate|30|Skill|107743,,,,,,,,,,,,,,
750,Lv.49天空哥布林医术师(3028),wander,0,10,40,1,107751|107752,50|50,MyHP|80|Rate|30|Skill|107753,,,,,,,,,,,,,,
751,Lv.50刺之翼德雷伊克(9003),wander,0,10,40,1,107761|107762,50|50,MyHP|80|Rate|30|Skill|107763,,,,,,,,,,,,,,
752,Lv.50碎片之翼德雷伊克(9003),wander,0,10,40,1,107771|107772,50|50,MyHP|80|Rate|30|Skill|107773,,,,,,,,,,,,,,
753,Lv.50钢铁之翼德雷伊克(9004),wander,0,10,40,1,107781|107782,50|50,MyHP|80|Rate|30|Skill|107783,,,,,,,,,,,,,,
754,Lv.50田野之战士(5000),wander,0,10,40,1,107791|107792,50|50,MyHP|80|Rate|30|Skill|107793,,,,,,,,,,,,,,
755,Lv.50田野之工人(5000),wander,0,10,40,1,107801|107802,50|50,MyHP|80|Rate|30|Skill|107803,,,,,,,,,,,,,,
756,Lv.50田野之近卫兵(5001),wander,0,10,40,1,107811|107812,50|50,MyHP|80|Rate|30|Skill|107813,,,,,,,,,,,,,,
757,Lv.50田野之工人负责的田野(5002),wander,0,10,40,1,107821|107822,50|50,MyHP|80|Rate|30|Skill|107823,,,,,,,,,,,,,,
758,Lv.50火焰之床凯尔贝鲁斯(5027),wander,0,10,40,1,107831|107832,50|50,MyHP|80|Rate|30|Skill|107833,,,,,,,,,,,,,,
759,Lv.50火花之床凯尔贝鲁斯(5028),wander,0,10,40,1,107841|107842,50|50,MyHP|80|Rate|30|Skill|107843,,,,,,,,,,,,,,
760,Lv.50思克诺曹警卫兵(3012),wander,0,10,40,1,107851|107852,50|50,MyHP|80|Rate|30|Skill|107853,,,,,,,,,,,,,,
761,Lv.50思克诺曹强攻兵(3012),wander,0,10,40,1,107861|107862,50|50,MyHP|80|Rate|30|Skill|107863,,,,,,,,,,,,,,
762,Lv.50思克诺曹战士(3013),wander,0,10,40,1,107871|107872,50|50,MyHP|80|Rate|30|Skill|107873,,,,,,,,,,,,,,
763,Lv.50哭泣的土地之歪伊芬(9018),wander,0,10,40,1,107881|107882,50|50,MyHP|80|Rate|30|Skill|107883,,,,,,,,,,,,,,
764,Lv.50哭泣的火焰之歪伊芬(9018),wander,0,10,40,1,107891|107892,50|50,MyHP|80|Rate|30|Skill|107893,,,,,,,,,,,,,,
765,Lv.50哭泣的风之歪伊芬(9019),wander,0,10,40,1,107901|107902,50|50,MyHP|80|Rate|30|Skill|107903,,,,,,,,,,,,,,
766,Lv.50焰火智慧门驯兽师(1024),wander,0,10,40,1,107911|107912,50|50,MyHP|80|Rate|30|Skill|107913,,,,,,,,,,,,,,
767,Lv.50焰火智慧门魔法师(1024),wander,0,10,40,1,107921|107922,50|50,MyHP|80|Rate|30|Skill|107923,,,,,,,,,,,,,,
768,Lv.50焰火智慧门破坏者(1025),wander,0,10,40,1,107931|107932,50|50,MyHP|80|Rate|30|Skill|107933,,,,,,,,,,,,,,
769,Lv.50蝮蛇客迈拉(7018),wander,0,10,40,1,107941|107942,50|50,MyHP|80|Rate|30|Skill|107943,,,,,,,,,,,,,,
770,Lv.50眼镜蛇客迈拉(7019),wander,0,10,40,1,107951|107952,50|50,MyHP|80|Rate|30|Skill|107953,,,,,,,,,,,,,,
771,Lv.1~10月光塔莱丛-竞技-Lv.1小种子斯帕特斯卡(5021),wander,0,10,40,1,108091|108092,50|50,MyHP|80|Rate|30|Skill|108093,,,,,,,,,,,,,,
772,Lv.1~10月光塔莱丛-竞技-Lv.1打种子斯帕特斯卡(5022),wander,0,10,40,1,108101|108102,50|50,MyHP|80|Rate|30|Skill||108103,,,,,,,,,,,,,,
773,Lv.1~10月光塔莱丛-竞技-Lv.1刺之茎斯帕特斯卡(5023),wander,0,10,40,1,108111|108112,50|50,MyHP|80|Rate|30|Skill||108113,,,,,,,,,,,,,,
774,Lv.1~10月光塔莱丛-竞技-Lv.2藤蔓砂轮(7049),wander,0,10,40,1,108121|108122,50|50,MyHP|80|Rate|30|Skill||108123,,,,,,,,,,,,,,
775,Lv.1~10月光塔莱丛-竞技-Lv.2藤蔓砂轮术士(7050),wander,0,10,40,1,108131|108132,50|50,MyHP|80|Rate|30|Skill||108133,,,,,,,,,,,,,,
776,Lv.1~10月光塔莱丛-竞技-Lv.2藤蔓砂轮战士(7048),wander,0,10,40,1,108141|108142,50|50,MyHP|80|Rate|30|Skill||108143,,,,,,,,,,,,,,
777,Lv.1~10月光塔莱丛-竞技-Lv.3藤蔓砂轮队长(7051),wander,0,10,40,1,108151|108152,50|50,MyHP|80|Rate|30|Skill||108153,,,,,,,,,,,,,,
778,Lv.1~10月光塔莱丛-竞技-Lv.4子叶特利皮特(7012),wander,0,10,40,1,108161|108162,50|50,MyHP|80|Rate|30|Skill||108163,,,,,,,,,,,,,,
779,Lv.1~10月光塔莱丛-竞技-Lv.4砂轮粮食军(7050),wander,0,10,40,1,108171|108172,50|50,MyHP|80|Rate|30|Skill||108173,,,,,,,,,,,,,,
780,Lv.1~10月光塔莱丛-竞技-Lv.4巨大叶子特利皮特(7013),wander,0,10,40,1,108181|108182,50|50,MyHP|80|Rate|30|Skill||108183,,,,,,,,,,,,,,
781,Lv.1~10月光塔莱丛-竞技-Lv.5特利皮特愤怒之花(7014),wander,0,10,40,1,108191|108192,50|50,MyHP|80|Rate|30|Skill||108193,,,,,,,,,,,,,,
782,Lv.1~10月光塔莱丛-竞技-Lv.6风之翼莫斯鲁(5024),wander,0,10,40,1,108201|108202,50|50,MyHP|80|Rate|30|Skill||108203,,,,,,,,,,,,,,
783,Lv.1~10月光塔莱丛-竞技-Lv.6碎片之翼莫斯鲁(5025),wander,0,10,40,1,108211|108212,50|50,MyHP|80|Rate|30|Skill||108213,,,,,,,,,,,,,,
784,Lv.1~10月光塔莱丛-竞技-Lv.6灰色之眼(5026),wander,0,10,40,1,108221|108222,50|50,MyHP|80|Rate|30|Skill||108223,,,,,,,,,,,,,,
785,Lv.1~10月光塔莱丛-竞技-Lv.7苗木哥布林莫斯鲁饲养员(7030),wander,0,10,40,1,108231|108232,50|50,MyHP|80|Rate|30|Skill||108233,,,,,,,,,,,,,,
786,Lv.1~10月光塔莱丛-竞技-Lv.7香甜布里德米尔(5018),wander,0,10,40,1,108241|108242,50|50,MyHP|80|Rate|30|Skill||108243,,,,,,,,,,,,,,
787,Lv.1~10月光塔莱丛-竞技-Lv.7香气布里德米尔(5019),wander,0,10,40,1,108251|108252,50|50,MyHP|80|Rate|30|Skill||108253,,,,,,,,,,,,,,
788,Lv.1~10月光塔莱丛-竞技-Lv.9苗木哥布林布里德米尔饲养员(7030),wander,0,10,40,1,108271|108272,50|50,MyHP|80|Rate|30|Skill||108273,,,,,,,,,,,,,,
789,Lv.1~10月光塔莱丛-竞技-Lv.9苗木哥布林巫师(7032),wander,0,10,40,1,108281|108282,50|50,MyHP|80|Rate|30|Skill||108283,,,,,,,,,,,,,,
790,Lv.1~10月光塔莱丛-竞技-Lv.8新芽布里德米尔(5018),wander,0,10,40,1,108291|108292,50|50,MyHP|80|Rate|30|Skill||108293,,,,,,,,,,,,,,
1001,Lv.2哥布林(7030),wander,10,10,40,1,100001|100002,50|50,MyHP|80|Rate|30|Skill|100003,,,,,,,,,,,,,,
1002,Lv.3哥布林攻击者(7030),wander,10,10,40,1,100011|100012,50|50,MyHP|80|Rate|30|Skill|100013,,,,,,,,,,,,,,
1003,Lv.3哥布林弓箭手(7031),wander,10,10,40,1,100021|100022,50|50,MyHP|80|Rate|30|Skill|100023,,,,,,,,,,,,,,
1004,Lv.5黑魔法师召唤师(5027),wander,10,10,40,1,100031|100032,50|50,MyHP|80|Rate|30|Skill|100033,,,,,,,,,,,,,,
1005,Lv.4小贝斯帕德(9000)-无攻击技能,wander,10,10,40,1,100041|100042,50|50,,,,,,,,,,,,,,,
1006,Lv.5贝斯帕德(9000)-无攻击技能,wander,10,10,40,1,100051|100052,50|50,,,,,,,,,,,,,,,
1007,Lv.5大龙贝斯帕德(9001)-无攻击技能,wander,10,10,40,1,100061|100062,50|50,,,,,,,,,,,,,,,
1008,Lv.6铁甲贝斯帕德(9001)-无攻击技能,wander,10,10,40,1,100071|100072,50|50,,,,,,,,,,,,,,,
1009,Lv.6哥布林捕食者(7030),wander,10,10,40,1,100081|100082,50|50,MyHP|80|Rate|30|Skill|100083,,,,,,,,,,,,,,
1010,Lv.7哥布林巫师(7032),wander,10,10,40,1,100091|100092,50|50,MyHP|80|Rate|30|Skill|100093,,,,,,,,,,,,,,
1011,Lv.8哥布林指令(7030),wander,10,10,40,1,100101|100102,50|50,MyHP|80|Rate|30|Skill|100103,,,,,,,,,,,,,,
1012,Lv.7支配着北神(7036),wander,10,10,40,1,100111|100112,50|50,MyHP|80|Rate|30|Skill|100113,,,,,,,,,,,,,,
1013,Lv.8砂轮追击者(7048),wander,10,10,40,1,100121|100122,50|50,MyHP|80|Rate|30|Skill|100123,,,,,,,,,,,,,,
1014,Lv.8砂轮(7048),wander,10,10,40,1,100131|100132,50|50,MyHP|80|Rate|30|Skill|100133,,,,,,,,,,,,,,
1015,Lv.9砂轮猎人(7049),wander,10,10,40,1,100141|100142,50|50,MyHP|80|Rate|30|Skill|100143,,,,,,,,,,,,,,
1016,Lv.9砂轮战士(7051),wander,10,10,40,1,100151|100152,50|50,MyHP|80|Rate|30|Skill|100153,,,,,,,,,,,,,,
1017,Lv.8残酷的鲁卡鲁(7048),wander,10,10,40,1,100161|100162,50|50,MyHP|80|Rate|30|Skill|100163,,,,,,,,,,,,,,
1018,Lv.8强硬的鲁阿卡(7049),wander,10,10,40,1,100171|100172,50|50,MyHP|80|Rate|30|Skill|100173,,,,,,,,,,,,,,
1019,Lv.9钢铁床之鲁班里格(7051),wander,10,10,40,1,100181|100182,50|50,MyHP|80|Rate|30|Skill|100183,,,,,,,,,,,,,,
1020,Lv.10布雷斯莱斯巡逻兵(5033),wander,10,10,40,1,100191|100192,50|50,MyHP|80|Rate|30|Skill|100193,,,,,,,,,,,,,,
1021,Lv.10布雷斯莱斯护卫兵(5036),wander,10,10,40,1,100201|100202,50|50,MyHP|80|Rate|30|Skill|100203,,,,,,,,,,,,,,
1022,Lv.10砂轮(7048),wander,10,10,40,1,100211|100212,50|50,MyHP|80|Rate|30|Skill|100213,,,,,,,,,,,,,,
1023,Lv.11砂轮战士(7051),wander,10,10,40,1,100221|100222,50|50,MyHP|80|Rate|30|Skill|100223,,,,,,,,,,,,,,
1024,Lv.11黑魔法师召唤师(5027),wander,10,10,40,1,100231|100232,50|50,MyHP|80|Rate|30|Skill|100233,,,,,,,,,,,,,,
1025,Lv.12盗贼团战士(5034),wander,10,10,40,1,100241|100242,50|50,MyHP|80|Rate|30|Skill|100243,,,,,,,,,,,,,,
1026,Lv.11盗贼团守卫(5037),wander,10,10,40,1,100251|100252,50|50,MyHP|80|Rate|30|Skill|100253,,,,,,,,,,,,,,
1027,Lv.13小丛林蜘蛛(9030),wander,10,10,40,1,100261|100262,50|50,MyHP|80|Rate|30|Skill|100263,,,,,,,,,,,,,,
1028,Lv.14丛林蜘蛛(9030),wander,10,10,40,1,100271|100272,50|50,MyHP|80|Rate|30|Skill|100273,,,,,,,,,,,,,,
1029,Lv.14砂轮战士(7048),wander,10,10,40,1,100281|100282,50|50,MyHP|80|Rate|30|Skill|100283,,,,,,,,,,,,,,
1030,Lv.14砂轮猎人(7052),wander,10,10,40,1,100291|100292,50|50,MyHP|80|Rate|30|Skill|100293,,,,,,,,,,,,,,
1031,Lv.15砂轮巫师(7053),wander,10,10,40,1,100301|100302,50|50,MyHP|80|Rate|30|Skill|100303,,,,,,,,,,,,,,
1032,Lv.15小狼人(9027),wander,10,10,40,1,100311|100312,50|50,MyHP|80|Rate|30|Skill|100313,,,,,,,,,,,,,,
1033,Lv.16灰色狼人(9028),wander,10,10,40,1,100321|100322,50|50,MyHP|80|Rate|30|Skill|100323,,,,,,,,,,,,,,
1034,Lv.16复活的尸体(7009),wander,10,10,40,1,100331|100332,50|50,MyHP|80|Rate|30|Skill|100333,,,,,,,,,,,,,,
1035,Lv.17腐烂的尸体(7009),wander,10,10,40,1,100341|100342,50|50,MyHP|80|Rate|30|Skill|100343,,,,,,,,,,,,,,
1036,Lv.18空虚的邪念(5003),wander,10,10,40,1,100351|100352,50|50,MyHP|80|Rate|30|Skill|100353,,,,,,,,,,,,,,
1037,Lv.16巨大蜘蛛(9030),wander,10,10,40,1,100361|100362,50|50,MyHP|80|Rate|30|Skill|100363,,,,,,,,,,,,,,
1038,Lv.17巨大蜘蛛士兵(9032),wander,10,10,40,1,100371|100372,50|50,MyHP|80|Rate|30|Skill|100373,,,,,,,,,,,,,,
1039,Lv.17黑魔法师召唤师(5027),wander,10,10,40,1,100381|100382,50|50,MyHP|80|Rate|30|Skill|100383,,,,,,,,,,,,,,
1040,Lv.17小斯皮克艾尔(9001)-无攻击技能,wander,10,10,40,1,100391|100392,50|50,,,,,,,,,,,,,,,
1041,Lv.17斯皮克艾尔(9002)-无攻击技能,wander,10,10,40,1,100401|100402,50|50,,,,,,,,,,,,,,,
1042,Lv.19被遗忘的尸体(7010),wander,10,10,40,1,100411|100412,50|50,MyHP|80|Rate|30|Skill|100413,,,,,,,,,,,,,,
1043,Lv.20扭曲的尸体(7011),wander,10,10,40,1,100421|100422,50|50,MyHP|80|Rate|30|Skill|100423,,,,,,,,,,,,,,
1044,Lv.17复活的骑士(1000),wander,10,10,40,1,100431|100432,50|50,MyHP|80|Rate|30|Skill|100433,,,,,,,,,,,,,,
1045,Lv.18幽灵骑士(7063),wander,10,10,40,1,100441|100442,50|50,MyHP|80|Rate|30|Skill|100443,,,,,,,,,,,,,,
1046,Lv.19堕落的护卫兵(1001),wander,10,10,40,1,100451|100452,50|50,MyHP|80|Rate|30|Skill|100453,,,,,,,,,,,,,,
1047,Lv.20堕落的护卫骑士(1002),wander,10,10,40,1,100461|100462,50|50,MyHP|80|Rate|30|Skill|100463,,,,,,,,,,,,,,
1048,Lv.19戴穆里申巡逻兵(700),wander,10,10,40,1,100471|100472,50|50,MyHP|80|Rate|30|Skill|100473,,,,,,,,,,,,,,
1049,Lv.19戴穆里申巡逻兵(701),wander,10,10,40,1,100481|100482,50|50,MyHP|80|Rate|30|Skill|100483,,,,,,,,,,,,,,
1050,Lv.19堕落的强攻兵(700),wander,10,10,40,1,100491|100492,50|50,MyHP|80|Rate|30|Skill|100493,,,,,,,,,,,,,,
1051,Lv.18地狱猎犬(5027),wander,10,10,40,1,100501|100502,50|50,MyHP|80|Rate|30|Skill|100503,,,,,,,,,,,,,,
1052,Lv.19空虚的邪念(1000),wander,10,10,40,1,100511|100512,50|50,MyHP|80|Rate|30|Skill|100513,,,,,,,,,,,,,,
1053,Lv.20空虚的邪念(1000),wander,10,10,40,1,100521|100522,50|50,MyHP|80|Rate|30|Skill|100523,,,,,,,,,,,,,,
1054,Lv.21恶梦的引导者(1006),wander,10,10,40,1,100531|100532,50|50,MyHP|80|Rate|30|Skill|100533,,,,,,,,,,,,,,
1055,Lv.21恶梦的刽子手(1007),wander,10,10,40,1,100541|100542,50|50,MyHP|80|Rate|30|Skill|100543,,,,,,,,,,,,,,
1056,Lv.21恶梦的捕食者(1007),wander,10,10,40,1,100551|100552,50|50,MyHP|80|Rate|30|Skill|100553,,,,,,,,,,,,,,
1057,Lv.22恶梦的攻击者(1008),wander,10,10,40,1,100561|100562,50|50,MyHP|80|Rate|30|Skill|100563,,,,,,,,,,,,,,
1058,Lv.22采矿用魔石(1018),wander,10,10,40,1,100571|100572,50|50,MyHP|80|Rate|30|Skill|100573,,,,,,,,,,,,,,
1059,Lv.22彷徨的魔石(1018),wander,10,10,40,1,100581|100582,50|50,MyHP|80|Rate|30|Skill|100583,,,,,,,,,,,,,,
1060,Lv.23彷徨的红色魔石(1019),wander,10,10,40,1,100591|100592,50|50,MyHP|80|Rate|30|Skill|100593,,,,,,,,,,,,,,
1061,Lv.22红色蝎子盗贼团????(1019),wander,10,10,40,1,100601|100602,50|50,MyHP|80|Rate|30|Skill|100603,,,,,,,,,,,,,,
1062,Lv.22红色蝎子盗贼团盗墓者(5036),wander,10,10,40,1,100611|100612,50|50,MyHP|80|Rate|30|Skill|100613,,,,,,,,,,,,,,
1063,Lv.23鲁阿克奴隶沙蚁(5048),wander,10,10,40,1,100621|100622,50|50,MyHP|80|Rate|30|Skill|100623,,,,,,,,,,,,,,
1064,Lv.23鲁阿克沙蚁士兵(5049),wander,10,10,40,1,100631|100632,50|50,MyHP|80|Rate|30|Skill|100633,,,,,,,,,,,,,,
1065,Lv.23红色蝎子盗贼团警戒魔石(1019),wander,10,10,40,1,100641|100642,50|50,MyHP|80|Rate|30|Skill|100643,,,,,,,,,,,,,,
1066,Lv.24红色蝎子盗贼团之盗贼(5033),wander,10,10,40,1,100651|100652,50|50,MyHP|80|Rate|30|Skill|100653,,,,,,,,,,,,,,
1067,Lv.24红色蝎子盗贼团之强盗(5036),wander,10,10,40,1,100661|100662,50|50,MyHP|80|Rate|30|Skill|100663,,,,,,,,,,,,,,
1068,Lv.24红色蝎子盗贼团刺客(5033),wander,10,10,40,1,100671|100672,50|50,MyHP|80|Rate|30|Skill|100673,,,,,,,,,,,,,,
1069,Lv.24红色蝎子盗贼团铁匠(5033),wander,10,10,40,1,100681|100682,50|50,MyHP|80|Rate|30|Skill|100683,,,,,,,,,,,,,,
1070,Lv.25艾克奈克哨兵(5054),wander,10,10,40,1,100691|100692,50|50,MyHP|80|Rate|30|Skill|100693,,,,,,,,,,,,,,
1071,Lv.25艾克奈克哨兵嘉德(5055),wander,10,10,40,1,100701|100702,50|50,MyHP|80|Rate|30|Skill|100703,,,,,,,,,,,,,,
1072,Lv.25纳克奴隶沙蚁(5048),wander,10,10,40,1,100711|100712,50|50,MyHP|80|Rate|30|Skill|100713,,,,,,,,,,,,,,
1073,Lv.25纳克沙蚁士兵(5049),wander,10,10,40,1,100721|100722,50|50,MyHP|80|Rate|30|Skill|100723,,,,,,,,,,,,,,
1074,Lv.26红色蝎子盗贼团战斗魔石(7001),wander,10,10,40,1,100731|100732,50|50,MyHP|80|Rate|30|Skill|100733,,,,,,,,,,,,,,
1075,Lv.26红色蝎子盗贼团巡逻兵(5033),wander,10,10,40,1,100741|100742,50|50,MyHP|80|Rate|30|Skill|100743,,,,,,,,,,,,,,
1076,Lv.26红色蝎子盗贼团攻击者(5036),wander,10,10,40,1,100751|100752,50|50,MyHP|80|Rate|30|Skill|100753,,,,,,,,,,,,,,
1077,Lv.26暴走的加仑警备魔石(7001),wander,10,10,40,1,100761|100762,50|50,MyHP|80|Rate|30|Skill|100763,,,,,,,,,,,,,,
1078,Lv.26坡鲁耐易特(3021),wander,10,10,40,1,100771|100772,50|50,MyHP|80|Rate|30|Skill|100773,,,,,,,,,,,,,,
1079,Lv.27黑色碎片坡鲁耐易特(3022),wander,10,10,40,1,100781|100782,50|50,MyHP|80|Rate|30|Skill|100783,,,,,,,,,,,,,,
1080,Lv.27耐克鲁斯(5046),wander,10,10,40,1,100791|100792,50|50,MyHP|80|Rate|30|Skill|100793,,,,,,,,,,,,,,
1081,Lv.28纳克鲁斯(5045),wander,10,10,40,1,100801|100802,50|50,MyHP|80|Rate|30|Skill|100803,,,,,,,,,,,,,,
1082,Lv.27盗贼团???(5036),wander,10,10,40,1,100811|100812,50|50,MyHP|80|Rate|30|Skill|100813,,,,,,,,,,,,,,
1083,Lv.28硫磺魔石(7000),wander,10,10,40,1,100821|100822,50|50,MyHP|80|Rate|30|Skill|100823,,,,,,,,,,,,,,
1084,Lv.28赫尔德帮凶(5015),wander,10,10,40,1,100831|100832,50|50,MyHP|80|Rate|30|Skill|100833,,,,,,,,,,,,,,
1085,Lv.29赫尔德追随者(5016),wander,10,10,40,1,100841|100842,50|50,MyHP|80|Rate|30|Skill|100843,,,,,,,,,,,,,,
1086,Lv.29赫尔德攻击者(5016),wander,10,10,40,1,100851|100852,50|50,MyHP|80|Rate|30|Skill|100853,,,,,,,,,,,,,,
1087,Lv.29岩石怪形雕刻像(7015),wander,10,10,40,1,100861|100862,50|50,MyHP|80|Rate|30|Skill|100863,BattleRepeat|10|Skill|100863,,,,,,,,,,,,,
1088,Lv.29灰色岩石怪形雕刻像(7015),wander,10,10,40,1,100871|100872,50|50,MyHP|80|Rate|30|Skill|100873,,,,,,,,,,,,,,
1089,Lv.29红色岩石怪形雕刻像(7016),wander,10,10,40,1,100881|100882,50|50,MyHP|80|Rate|30|Skill|100883,,,,,,,,,,,,,,
1090,Lv.30洛克斯哨兵(5055),wander,10,10,40,1,100891|100892,50|50,MyHP|80|Rate|30|Skill|100893,,,,,,,,,,,,,,
1091,Lv.30戴穆里申魔石术(702),wander,10,10,40,1,100901|100902,50|50,MyHP|80|Rate|30|Skill|100903,,,,,,,,,,,,,,
1092,Lv.25可疑的士兵(非先攻)(9042),wander,10,10,40,1,100911|100912,50|50,MyHP|80|Rate|30|Skill|100913,,,,,,,,,,,,,,
1093,Lv.31雷伊谬特(5051),wander,10,10,40,1,100921|100922,50|50,MyHP|80|Rate|30|Skill|100923,,,,,,,,,,,,,,
1094,Lv.31雷伊诺弗(5066),wander,10,10,40,1,100931|100932,50|50,MyHP|80|Rate|30|Skill|100933,,,,,,,,,,,,,,
1095,Lv.32贝勒内斯(5052),wander,10,10,40,1,105831|105832,50|50,MyHP|80|Rate|30|Skill|105833,,,,,,,,,,,,,,
1096,Lv.32贝勒诺德(5053),wander,10,10,40,1,100951|100952,50|50,MyHP|80|Rate|30|Skill|100953,,,,,,,,,,,,,,
1097,Lv.31雷伊喷特(9015),wander,10,10,40,1,101431|101432,50|50,MyHP|80|Rate|30|Skill|101433,,,,,,,,,,,,,,
1098,Lv.32夜警(9016),wander,10,10,40,1,101441|101442,50|50,MyHP|80|Rate|30|Skill|101443,,,,,,,,,,,,,,
1099,Lv.32卡伦一族突击兵(7027),wander,10,10,40,1,101451|101452,50|50,MyHP|80|Rate|30|Skill|101453,,,,,,,,,,,,,,
1100,Lv.32突击队长罗伊蒂(7043),wander,10,10,40,1,101461|101462,50|50,MyHP|80|Rate|30|Skill|101463,,,,,,,,,,,,,,
1101,Lv.32卡伦一族战士(7027),wander,10,10,40,1,100961|100962,50|50,MyHP|80|Rate|30|Skill|100963,,,,,,,,,,,,,,
1102,Lv.32卡伦一族猎人(7028),wander,10,10,40,1,100971|100972,50|50,MyHP|80|Rate|30|Skill|100973,,,,,,,,,,,,,,
1103,Lv.32卡伦一族巫师(7029),wander,10,10,40,1,100981|100982,50|50,MyHP|80|Rate|30|Skill|100983,,,,,,,,,,,,,,
1104,Lv.33族长凯内尔(7042),wander,10,10,40,1,100991|100992,50|50,MyHP|80|Rate|30|Skill|100993,,,,,,,,,,,,,,
1105,Lv.33顾问扎伊德(7044),wander,10,10,40,1,110421|110422,50|50,MyHP|80|Rate|30|Skill|110423,,,,,,,,,,,,,,
1106,Lv.32黑幕部队的巫师(702),wander,10,10,40,1,101481|101482,50|50,MyHP|80|Rate|30|Skill|101483,,,,,,,,,,,,,,
1107,Lv.32黑幕部队的巡逻兵(702),wander,10,10,40,1,101491|101492,50|50,MyHP|80|Rate|30|Skill|101493,,,,,,,,,,,,,,
1108,Lv.33莫斯鲁幼体(5024),wander,10,10,40,1,101501|101502,50|50,MyHP|80|Rate|30|Skill|101503,,,,,,,,,,,,,,
1109,Lv.33小卡伦一族(7027),wander,10,10,40,1,101511|101512,50|50,MyHP|80|Rate|30|Skill|101513,,,,,,,,,,,,,,
1110,Lv.33莫斯鲁(5024),wander,10,10,40,1,101011|101012,50|50,MyHP|80|Rate|30|Skill|101013,,,,,,,,,,,,,,
1111,Lv.33莫斯鲁哏特(5025),wander,10,10,40,1,101021|101022,50|50,MyHP|80|Rate|30|Skill|101023,,,,,,,,,,,,,,
1112,Lv.34莫斯鲁门卫(5026),wander,10,10,40,1,101031|101032,50|50,MyHP|80|Rate|30|Skill|101033,,,,,,,,,,,,,,
1113,Lv.33贝德魔石(7001),wander,10,10,40,1,101041|101042,50|50,MyHP|80|Rate|30|Skill|101043,,,,,,,,,,,,,,
1114,Lv.34指挥魔石克雷伊盾(7002),wander,10,10,40,1,101051|101052,50|50,MyHP|80|Rate|30|Skill|101053,,,,,,,,,,,,,,
1115,Lv.34奈泰伦居民(7010),wander,10,10,40,1,101061|101062,50|50,MyHP|80|Rate|30|Skill|101063,,,,,,,,,,,,,,
1116,Lv.34扭曲的奈泰伦居民(7011),wander,10,10,40,1,101071|101072,50|50,MyHP|80|Rate|30|Skill|101073,,,,,,,,,,,,,,
1117,Lv.35堕落的指挥者格雷高力(5017),wander,10,10,40,1,101081|101082,50|50,MyHP|80|Rate|30|Skill|101083,,,,,,,,,,,,,,
1118,Lv.34堕落的阿泰伦(7010),wander,10,10,40,1,101531|101532,50|50,MyHP|80|Rate|30|Skill|101533,,,,,,,,,,,,,,
1119,Lv.34堕落的克里斯汀(7010),wander,10,10,40,1,101541|101542,50|50,MyHP|80|Rate|30|Skill|101543,,,,,,,,,,,,,,
1120,Lv.34堕落的艾伊兰(7011),wander,10,10,40,1,101551|101552,50|50,MyHP|80|Rate|30|Skill|101553,,,,,,,,,,,,,,
1121,Lv.34堕落的树精灵(5012),wander,10,10,40,1,101091|101092,50|50,MyHP|80|Rate|30|Skill|101093,,,,,,,,,,,,,,
1122,Lv.35堕落的守护者洛斯提雅(5014),wander,10,10,40,1,105431|105432,50|50,MyHP|80|Rate|30|Skill|105433,,,,,,,,,,,,,,
1123,Lv.34黑幕部队的斧头兵(700),wander,10,10,40,1,101111|101112,50|50,MyHP|80|Rate|30|Skill|101113,,,,,,,,,,,,,,
1124,Lv.34黑幕部队的弓箭手(701),wander,10,10,40,1,101121|101122,50|50,MyHP|80|Rate|30|Skill|101123,,,,,,,,,,,,,,
1125,Lv.34黑幕部队的魔法师(702),wander,10,10,40,1,101131|101132,50|50,MyHP|80|Rate|30|Skill|101133,,,,,,,,,,,,,,
1126,Lv.35黑幕部队的护卫兵(702),wander,10,10,40,1,101311|101312,50|50,MyHP|80|Rate|30|Skill|101313,,,,,,,,,,,,,,
1127,Lv.35指挥官克拉内斯(700),wander,10,10,40,1,101111|101112,50|50,MyHP|80|Rate|30|Skill|101113,,,,,,,,,,,,,,
1128,Lv.35痛苦的亡者(7011),wander,10,10,40,1,101571|101572,50|50,MyHP|80|Rate|30|Skill|101573,,,,,,,,,,,,,,
1129,Lv.35宪兵(1021),wander,10,10,40,1,101151|101152,50|50,MyHP|80|Rate|30|Skill|101153,,,,,,,,,,,,,,
1130,Lv.35虚弱的宪兵(1021),wander,10,10,40,1,101561|101562,50|50,MyHP|80|Rate|30|Skill|101563,,,,,,,,,,,,,,
1131,Lv.36斩杀者列凯勒特(1023),wander,10,10,40,1,105421|105422,50|50,MyHP|80|Rate|30|Skill|105423,,,,,,,,,,,,,,
1132,Lv.36混乱的喇叭部队巫师(702),wander,10,10,40,1,101581|101582,50|50,MyHP|80|Rate|30|Skill|101583,,,,,,,,,,,,,,
1133,Lv.36混乱的喇叭部队召唤师(5015),wander,10,10,40,1,101591|101592,50|50,MyHP|80|Rate|30|Skill|101593,,,,,,,,,,,,,,
1134,Lv.36被污染的树精灵(5013),wander,10,10,40,1,105291|105292,50|50,MyHP|80|Rate|30|Skill|105293,,,,,,,,,,,,,,
1135,Lv.37被污染的守护者贝勒皿(5014),wander,10,10,40,1,105431|105432,50|50,MyHP|80|Rate|30|Skill|105433,,,,,,,,,,,,,,
1136,Lv.37扭曲的攻击者(7010),wander,10,10,40,1,101601|101602,50|50,MyHP|80|Rate|30|Skill|101603,,,,,,,,,,,,,,
1137,Lv.37堕落的精灵守护者(9029),wander,10,10,40,1,101611|101612,50|50,MyHP|80|Rate|30|Skill|101613,,,,,,,,,,,,,,
1138,Lv.37纯洁的阿特里斯(9035),wander,10,10,40,1,101621|101622,50|50,MyHP|80|Rate|30|Skill|101623,,,,,,,,,,,,,,
1139,Lv.37斩杀部队的牺牲者(7010),wander,10,10,40,1,101191|101192,50|50,MyHP|80|Rate|30|Skill|101193,,,,,,,,,,,,,,
1140,Lv.37斩杀部队的冤魂(7011),wander,10,10,40,1,101201|101202,50|50,MyHP|80|Rate|30|Skill|101203,,,,,,,,,,,,,,
1141,Lv.38堕落的指挥者纳塔雷斯(5017),wander,10,10,40,1,101081|101082,50|50,MyHP|80|Rate|30|Skill|101083,,,,,,,,,,,,,,
1142,Lv.37堕落的诺亚(7010),wander,10,10,40,1,101631|101632,50|50,MyHP|80|Rate|30|Skill|101633,,,,,,,,,,,,,,
1143,Lv.37贝伊诺夫(5067),wander,10,10,40,1,101221|101222,50|50,MyHP|80|Rate|30|Skill|101223,,,,,,,,,,,,,,
1144,Lv.38贝伊内于(5069),wander,10,10,40,1,101231|101232,50|50,MyHP|80|Rate|30|Skill|101233,,,,,,,,,,,,,,
1145,Lv.38红色之床扎卡德(5068),wander,10,10,40,1,101241|101242,50|50,MyHP|80|Rate|30|Skill|101243,,,,,,,,,,,,,,
1146,Lv.39钢指克里德(5071),wander,10,10,40,1,101251|101252,50|50,MyHP|80|Rate|30|Skill|101253,,,,,,,,,,,,,,
1147,Lv.38受到诅咒的门艾尔普(3024),wander,10,10,40,1,101261|101262,50|50,MyHP|80|Rate|30|Skill|101263,,,,,,,,,,,,,,
1148,Lv.38堕落的门艾尔普(3025),wander,10,10,40,1,101271|101272,50|50,MyHP|80|Rate|30|Skill|101273,,,,,,,,,,,,,,
1149,Lv.39染上黑暗的艾伊内雅(3026),wander,10,10,40,1,101281|101282,50|50,MyHP|80|Rate|30|Skill|101283,,,,,,,,,,,,,,
1150,Lv.39血之斧头部队突击兵(700),wander,10,10,40,1,101641|101642,50|50,MyHP|80|Rate|30|Skill|101643,,,,,,,,,,,,,,
1151,Lv.39血之斧头部队狙击手(701),wander,10,10,40,1,101651|101652,50|50,MyHP|80|Rate|30|Skill|101653,,,,,,,,,,,,,,
1152,Lv.39血之斧头部队斧头兵(700),wander,10,10,40,1,101291|101292,50|50,MyHP|80|Rate|30|Skill|101293,,,,,,,,,,,,,,
1153,Lv.39血之斧头部队弓箭手(701),wander,10,10,40,1,101301|101302,50|50,MyHP|80|Rate|30|Skill|101303,,,,,,,,,,,,,,
1154,Lv.39血之斧头部队魔法师(702),wander,10,10,40,1,101311|101312,50|50,MyHP|80|Rate|30|Skill|101313,,,,,,,,,,,,,,
1155,Lv.40指挥官雷伊莎克(700),wander,10,10,40,1,101321|101322,50|50,MyHP|80|Rate|30|Skill|101323,,,,,,,,,,,,,,
1156,Lv.39血之斧头部队侦察兵(700),wander,10,10,40,1,101331|101332,50|50,MyHP|80|Rate|30|Skill|101333,,,,,,,,,,,,,,
1157,Lv.39血之斧头部队巡逻兵(701),wander,10,10,40,1,101341|101342,50|50,MyHP|80|Rate|30|Skill|101343,,,,,,,,,,,,,,
1158,Lv.39刽子手布雷德洛斯(700),wander,10,10,40,1,110421|110422,50|50,MyHP|80|Rate|30|Skill|110423,,,,,,,,,,,,,,
1159,Lv.39刽子手克纳勒(701),wander,10,10,40,1,110431|110432,50|50,MyHP|80|Rate|30|Skill|110433,,,,,,,,,,,,,,
1160,Lv.40队长海瑟(701),wander,10,10,40,1,101351|101352,50|50,MyHP|80|Rate|30|Skill|101353,,,,,,,,,,,,,,
1161,Lv.39奇怪的魔法师(702),wander,10,10,40,1,101661|101662,50|50,MyHP|80|Rate|30|Skill|101663,,,,,,,,,,,,,,
1162,Lv.40血之斧头部队刽子手(700),wander,10,10,40,1,101671|101672,50|50,MyHP|80|Rate|30|Skill|101673,,,,,,,,,,,,,,
1163,Lv.40可疑的警备军(9042),wander,10,10,40,1,101681|101682,50|50,MyHP|80|Rate|30|Skill|101683,,,,,,,,,,,,,,
1164,Lv.40混乱的骑士(3003),wander,10,10,40,1,101361|101362,50|50,MyHP|80|Rate|30|Skill|101363,,,,,,,,,,,,,,
1165,Lv.40恐怖的骑士(3004),wander,10,10,40,1,101371|101372,50|50,MyHP|80|Rate|30|Skill|101373,,,,,,,,,,,,,,
1166,Lv.41骑士司令布里坚(3004),wander,10,10,40,1,101381|101382,50|50,MyHP|80|Rate|30|Skill|101383,,,,,,,,,,,,,,
1167,Lv.40骷髅士兵(7070),wander,10,10,40,1,101391|101392,50|50,MyHP|80|Rate|30|Skill|101393,,,,,,,,,,,,,,
1168,Lv.40骷髅战士(7071),wander,10,10,40,1,101401|101402,50|50,MyHP|80|Rate|30|Skill|101403,,,,,,,,,,,,,,
1169,Lv.2莲池哥布林捕食者(7003),wander,10,10,40,1,106231|106232,50|50,MyHP|80|Rate|30|Skill|106233,,,,,,,,,,,,,,
1170,Lv.3山坡哥布林捕食者(7003),wander,10,10,40,1,106241|106242,50|50,MyHP|80|Rate|30|Skill|106243,,,,,,,,,,,,,,
1171,Lv.5戴穆里申黑魔法师(702),wander,10,10,40,1,106251|106252,50|50,MyHP|80|Rate|30|Skill|106253,,,,,,,,,,,,,,
1172,Lv.7哥布林战斗队长(7004),wander,10,10,40,1,106261|106262,50|50,MyHP|80|Rate|30|Skill|106263,,,,,,,,,,,,,,
1173,Lv.7北神驯兽师(7005),wander,10,10,40,1,106271|106272,50|50,MyHP|80|Rate|30|Skill|106273,,,,,,,,,,,,,,
1174,Lv.41暴乱的哈拉兆普(1027),wander,10,10,40,1,101691|101692,50|50,MyHP|80|Rate|30|Skill|101693,,,,,,,,,,,,,,
1175,Lv.41愤怒的哈拉兆普(1028),wander,10,10,40,1,101701|101702,50|50,MyHP|80|Rate|30|Skill|101703,,,,,,,,,,,,,,
1176,Lv.41气势汹汹的哈拉兆普(1027),wander,10,10,40,1,101711|101712,50|50,MyHP|80|Rate|30|Skill|101713,,,,,,,,,,,,,,
1177,Lv.41红色斑点哈拉兆普(1028),wander,10,10,40,1,101721|101722,50|50,MyHP|80|Rate|30|Skill|101723,,,,,,,,,,,,,,
1178,Lv.41愤怒的贝伊内俄(5069),wander,10,10,40,1,101731|101732,50|50,MyHP|80|Rate|30|Skill|101733,,,,,,,,,,,,,,
1179,Lv.41血指贝伊内俄(5069),wander,10,10,40,1,101741|101742,50|50,MyHP|80|Rate|30|Skill|101743,,,,,,,,,,,,,,
1180,Lv.42黛斯姆特山脉(5051),wander,10,10,40,1,101751|101752,50|50,MyHP|80|Rate|30|Skill|101753,,,,,,,,,,,,,,
1181,Lv.42小戴斯谬特(5052),wander,10,10,40,1,101761|101762,50|50,MyHP|80|Rate|30|Skill|101763,,,,,,,,,,,,,,
1182,Lv.42蚁奴山脉(5048),wander,10,10,40,1,101771|101772,50|50,MyHP|80|Rate|30|Skill|101773,,,,,,,,,,,,,,
1183,Lv.42蚁兵山脉(5049),wander,10,10,40,1,101781|101782,50|50,MyHP|80|Rate|30|Skill|101783,,,,,,,,,,,,,,
1184,Lv.42饥寒交迫的山脉之歪伊芬(9018),wander,10,10,40,1,101791|101792,50|50,MyHP|80|Rate|30|Skill|101793,,,,,,,,,,,,,,
1185,Lv.42山脉之蚂蚁盗贼(5048),wander,10,10,40,1,101801|101802,50|50,MyHP|80|Rate|30|Skill|101803,,,,,,,,,,,,,,
1186,Lv.42山脉之蚂蚁战士(5049),wander,10,10,40,1,101811|101812,50|50,MyHP|80|Rate|30|Skill|101813,,,,,,,,,,,,,,
1187,Lv.42山脉之歪伊芬(9019),wander,10,10,40,1,101821|101822,50|50,MyHP|80|Rate|30|Skill|101823,,,,,,,,,,,,,,
1188,Lv.42小山脉之歪伊芬(9018),wander,10,10,40,1,101831|101832,50|50,MyHP|80|Rate|30|Skill|101833,,,,,,,,,,,,,,
1189,Lv.43警卫之看守之链(1009),wander,10,10,40,1,101841|101842,50|50,MyHP|80|Rate|30|Skill|101843,,,,,,,,,,,,,,
1190,Lv.43守护看守之链(1010),wander,10,10,40,1,101851|101852,50|50,MyHP|80|Rate|30|Skill|101853,,,,,,,,,,,,,,
1191,Lv.43不安全的卢德比尔论(1015),wander,10,10,40,1,101861|101862,50|50,MyHP|80|Rate|30|Skill|101863,,,,,,,,,,,,,,
1192,Lv.43安全的卢德比尔论(1016),wander,10,10,40,1,101871|101872,50|50,MyHP|80|Rate|30|Skill|101873,,,,,,,,,,,,,,
1193,Lv.43山脉魔像(7000),wander,10,10,40,1,101881|101882,50|50,MyHP|80|Rate|30|Skill|101883,,,,,,,,,,,,,,
1194,Lv.43烧红的魔像(7001),wander,10,10,40,1,101891|101892,50|50,MyHP|80|Rate|30|Skill|101893,,,,,,,,,,,,,,
1195,Lv.43败落的斯帕特斯卡(5023),wander,10,10,40,1,101901|101902,50|50,MyHP|80|Rate|30|Skill|101903,,,,,,,,,,,,,,
1196,Lv.43干燥的特利皮特(7013),wander,10,10,40,1,101911|101912,50|50,MyHP|80|Rate|30|Skill|101913,,,,,,,,,,,,,,
1197,Lv.43树之泪斯帕特斯卡(5021),wander,10,10,40,1,101921|101922,50|50,MyHP|80|Rate|30|Skill|101923,,,,,,,,,,,,,,
1198,Lv.43树之泪特利皮特(7012),wander,10,10,40,1,101931|101932,50|50,MyHP|80|Rate|30|Skill|101933,,,,,,,,,,,,,,
1199,Lv.44战士哈比(7022),wander,10,10,40,1,101941|101942,50|50,MyHP|80|Rate|30|Skill|101943,,,,,,,,,,,,,,
1200,Lv.44士兵哈比(7021),wander,10,10,40,1,101951|101952,50|50,MyHP|80|Rate|30|Skill|101953,,,,,,,,,,,,,,
1201,Lv.44堕落的哈比(7021),wander,10,10,40,1,101961|101962,50|50,MyHP|80|Rate|30|Skill|101963,,,,,,,,,,,,,,
1202,Lv.44突袭德雷昆(9005),wander,10,10,40,1,101971|101972,50|50,MyHP|80|Rate|30|Skill|101973,,,,,,,,,,,,,,
1203,Lv.44干枯的安提兰斯(5013),wander,10,10,40,1,101981|101982,50|50,MyHP|80|Rate|30|Skill|101983,,,,,,,,,,,,,,
1204,Lv.44侦查组战士(700),wander,10,10,40,1,101991|101992,50|50,MyHP|80|Rate|30|Skill|101993,,,,,,,,,,,,,,
1205,Lv.44侦查组弓箭手(701),wander,10,10,40,1,102001|102002,50|50,MyHP|80|Rate|30|Skill|102003,,,,,,,,,,,,,,
1206,Lv.44侦查组魔法师(702),wander,10,10,40,1,102011|102012,50|50,MyHP|80|Rate|30|Skill|102013,,,,,,,,,,,,,,
1207,Lv.44精锐选任魔法师(53003),wander,10,10,40,1,102021|102022,50|50,MyHP|80|Rate|30|Skill|102023,,,,,,,,,,,,,,
1208,Lv.44精锐士兵(700),wander,10,10,40,1,102031|102032,50|50,MyHP|80|Rate|30|Skill|102033,,,,,,,,,,,,,,
1209,Lv.44精锐魔法师(53507),wander,10,10,40,1,102041|102042,50|50,MyHP|80|Rate|30|Skill|102043,,,,,,,,,,,,,,
1210,Lv.45石头碎片德雷昆(9004),wander,10,10,40,1,102051|102052,50|50,MyHP|80|Rate|30|Skill|102053,,,,,,,,,,,,,,
1211,Lv.45火鳞德雷昆(9005),wander,10,10,40,1,102061|102062,50|50,MyHP|80|Rate|30|Skill|102063,,,,,,,,,,,,,,
1212,Lv.45水鳞德雷昆(9003),wander,10,10,40,1,102071|102072,50|50,MyHP|80|Rate|30|Skill|102073,,,,,,,,,,,,,,
1213,Lv.45苔鳞德雷昆(9004),wander,10,10,40,1,102081|102082,50|50,MyHP|80|Rate|30|Skill|102083,,,,,,,,,,,,,,
1214,Lv.45精锐熔岩德雷昆(9005),wander,10,10,40,1,102101|102102,50|50,MyHP|80|Rate|30|Skill|102103,,,,,,,,,,,,,,
1215,Lv.45精锐山脉之德雷昆(9004),wander,10,10,40,1,102111|102112,50|50,MyHP|80|Rate|30|Skill|102113,,,,,,,,,,,,,,
1216,Lv.45精锐巡逻兵(700),wander,10,10,40,1,102131|102132,50|50,MyHP|80|Rate|30|Skill|102133,,,,,,,,,,,,,,
1217,Lv.45精锐护卫兵(53010),wander,10,10,40,1,102141|102142,50|50,MyHP|80|Rate|30|Skill|102143,,,,,,,,,,,,,,
1218,Lv.45精锐护卫弓箭手(701),wander,10,10,40,1,102151|102152,50|50,MyHP|80|Rate|30|Skill|102153,,,,,,,,,,,,,,
1219,Lv.46[卢卡斯关隘]被感染的士兵(3018),wander,10,10,40,1,102311|102312,50|50,MyHP|80|Rate|30|Skill|102313,,,,,,,,,,,,,,
1220,Lv.46[卢卡斯关隘]堕落的士兵(3019),wander,10,10,40,1,102321|102322,50|50,MyHP|80|Rate|30|Skill|102323,,,,,,,,,,,,,,
1221,Lv.46[卢卡斯关隘]堕落的监视者(5027),wander,10,10,40,1,102331|102332,50|50,MyHP|80|Rate|30|Skill|102333,,,,,,,,,,,,,,
1223,Lv.46[卢卡斯关隘]戴穆里申灵魂破坏者(5039),wander,10,10,40,1,102341|102342,50|50,MyHP|80|Rate|30|Skill|102343,,,,,,,,,,,,,,
1224,Lv.46[卢卡斯关隘]戴穆里申灵魂攻击者(5042),wander,10,10,40,1,102351|102352,50|50,MyHP|80|Rate|30|Skill|102353,,,,,,,,,,,,,,
1226,Lv.46[纳尔逊农场]疫病监视者(5027),wander,10,10,40,1,102361|102362,50|50,MyHP|80|Rate|30|Skill|102363,,,,,,,,,,,,,,
1227,Lv.46[纳尔逊农场]农场之牺牲者(7009),wander,10,10,40,1,102371|102372,50|50,MyHP|80|Rate|30|Skill|102373,,,,,,,,,,,,,,
1229,Lv.46[纳尔逊农场]被污染的祭品(7010),wander,10,10,40,1,102381|102382,50|50,MyHP|80|Rate|30|Skill|102383,,,,,,,,,,,,,,
1230,Lv.46[纳尔逊农场]疫病之床(12013),stand,0,0,0,1,,,,,,,,,,,,,,,,,
1232,Lv.46[纳尔逊农场]泰迪斯的水晶球(12014),stand,0,0,0,1,,,,,,,,,,,,,,,,,
1233,Lv.46[卢克村子里的废墟]疫病研究者(1003),wander,10,10,40,1,102391|102392,50|50,MyHP|80|Rate|30|Skill|102393,,,,,,,,,,,,,,
1234,Lv.46[卢克村子里的废墟]疫病怪物(1009),wander,10,10,40,1,102401|102402,50|50,MyHP|80|Rate|30|Skill|102403,,,,,,,,,,,,,,
1235,Lv.46[卢克村子里的废墟]露丝皮尔的召唤师(5028),wander,10,10,40,1,102411|102412,50|50,MyHP|80|Rate|30|Skill|102413,,,,,,,,,,,,,,
1236,Lv.46[卢克村子里的废墟]堕落的魔道师露丝皮尔(1005),wander,10,10,40,1,110721|110722,50|50,MyHP|80|Rate|30|Skill|110723,,,,,,,,,,,,,,
1237,Lv.46[卢克村子里的废墟]露丝皮尔的水晶球(12014),stand,0,0,0,1,,,,,,,,,,,,,,,,,
1239,Lv.46[戴伊安关隘]深渊的看守者(1030),wander,10,10,40,1,102421|102422,50|50,MyHP|80|Rate|30|Skill|102423,,,,,,,,,,,,,,
1240,Lv.46[戴伊安关隘]红色深渊的看守者(1031),wander,10,10,40,1,102431|102432,50|50,MyHP|80|Rate|30|Skill|102433,,,,,,,,,,,,,,
1241,Lv.46[戴伊安关隘]龟裂的大地(12060),stand,0,0,0,1,,,,,,,,,,,,,,,,,
1242,Lv.46[戴伊安关隘]深渊之封印石(12027),stand,0,0,0,1,,,,,,,,,,,,,,,,,
1244,Lv.47[棕色沙漠]被污染的士兵的冤魂(1006),wander,10,10,40,1,102441|102442,50|50,MyHP|80|Rate|30|Skill|102443,,,,,,,,,,,,,,
1245,Lv.47[棕色沙漠]扭曲的士兵的冤魂(1007),wander,10,10,40,1,102451|102452,50|50,MyHP|80|Rate|30|Skill|102453,,,,,,,,,,,,,,
1247,Lv.47[棕色沙漠]布莱恩马杜克盗贼团巡逻兵(3018),wander,10,10,40,1,102461|102462,50|50,MyHP|80|Rate|30|Skill|102463,,,,,,,,,,,,,,
1248,Lv.47[棕色沙漠]布莱恩马杜克盗贼团突击兵(3019),wander,10,10,40,1,102471|102472,50|50,MyHP|80|Rate|30|Skill|102473,,,,,,,,,,,,,,
1249,Lv.47[棕色沙漠]红色部队侦察兵(53501),wander,10,10,40,1,102481|102482,50|50,MyHP|80|Rate|30|Skill|102483,,,,,,,,,,,,,,
1250,Lv.47[棕色沙漠]红色之月部队护卫兵(53002),wander,10,10,40,1,102491|102492,50|50,MyHP|80|Rate|30|Skill|102493,,,,,,,,,,,,,,
1252,Lv.47[艾姆帕斯野营地]骑士的亡灵(1001),wander,10,10,40,1,102501|102502,50|50,MyHP|80|Rate|30|Skill|102503,,,,,,,,,,,,,,
1253,Lv.47[艾姆帕斯野营地]骑士的冤魂(7064),wander,10,10,40,1,102511|102512,50|50,MyHP|80|Rate|30|Skill|102513,,,,,,,,,,,,,,
1255,Lv.47[凯尔迪亚墓地]骷髅士兵(7070),wander,10,10,40,1,102521|102522,50|50,MyHP|80|Rate|30|Skill|102523,,,,,,,,,,,,,,
1256,Lv.47[凯尔迪亚墓地]骷髅魔法师(7072),wander,10,10,40,1,102531|102532,50|50,MyHP|80|Rate|30|Skill|102533,,,,,,,,,,,,,,
1258,Lv.47[凯尔迪亚墓地]骷髅弓箭手(7071),wander,10,10,40,1,102541|102542,50|50,MyHP|80|Rate|30|Skill|102543,,,,,,,,,,,,,,
1259,Lv.47[凯尔迪亚墓地]突击奈克罗曼肖(1024),wander,10,10,40,1,102551|102552,50|50,MyHP|80|Rate|30|Skill|102553,,,,,,,,,,,,,,
1261,Lv.47[贝勒内尔墓地]强化的骷髅士兵(7073),wander,10,10,40,1,102561|102562,50|50,MyHP|80|Rate|30|Skill|102563,,,,,,,,,,,,,,
1262,Lv.47[贝勒内尔墓地]强化的骷髅弓箭手(7074),wander,10,10,40,1,102571|102572,50|50,MyHP|80|Rate|30|Skill|102573,,,,,,,,,,,,,,
1263,Lv.47[贝勒内尔墓地]强化的骷髅魔法师(7075),wander,10,10,40,1,102581|102582,50|50,MyHP|80|Rate|30|Skill|102583,,,,,,,,,,,,,,
1264,Lv.47[贝勒内尔墓地]奈克罗曼肖(1025),wander,10,10,40,1,102591|102592,50|50,MyHP|80|Rate|30|Skill|102593,,,,,,,,,,,,,,
1266,Lv.47[贝勒内尔墓地]泰利雅之蚕茧(12022),wander,10,10,40,1,,,Die|0|TriggerSkill|200172,,,,,,,,,,,,,,
1268,Lv.48[破灭之路]染上疫病的狼(5067),wander,10,10,40,1,102601|102602,50|50,MyHP|80|Rate|30|Skill|102603,,,,,,,,,,,,,,
1269,Lv.48[破灭之路]染上疫病的熊(5070),wander,10,10,40,1,102611|102612,50|50,MyHP|80|Rate|30|Skill|102613,,,,,,,,,,,,,,
1271,Lv.48[破灭之路]染上疫病的红狼(5068),wander,10,10,40,1,102621|102622,50|50,MyHP|80|Rate|30|Skill|102623,,,,,,,,,,,,,,
1272,Lv.48[破灭之路]染上疫病的红熊(5071),wander,10,10,40,1,102631|102632,50|50,MyHP|80|Rate|30|Skill|102633,,,,,,,,,,,,,,
1274,Lv.48[瘟疫之谷]疫病毒虫(3006),wander,10,10,40,1,102641|102642,50|50,MyHP|80|Rate|30|Skill|102643,,,,,,,,,,,,,,
1275,Lv.48[瘟疫之谷]疫病骷髅虫(3007),wander,10,10,40,1,102651|102652,50|50,MyHP|80|Rate|30|Skill|102653,,,,,,,,,,,,,,
1277,Lv.48[亡者溪谷]卡特尼尔之雇佣者(7076),wander,10,10,40,1,102661|102662,50|50,MyHP|80|Rate|30|Skill|102663,,,,,,,,,,,,,,
1278,Lv.48[亡者溪谷]卡特尼尔的追随者(7077),wander,10,10,40,1,102671|102672,50|50,MyHP|80|Rate|30|Skill|102673,,,,,,,,,,,,,,
1279,Lv.48[亡者溪谷]卡特尼尔的护卫兵(7076),wander,10,10,40,1,102681|102682,50|50,MyHP|80|Rate|30|Skill|102683,,,,,,,,,,,,,,
1281,Lv.48[克拉德农场前的空地]深渊的牺牲者(1031),wander,10,10,40,1,102691|102692,50|50,MyHP|80|Rate|30|Skill|102693,,,,,,,,,,,,,,
1282,Lv.49[克拉德农场]克拉德的牺牲者(7009),wander,10,10,40,1,102701|102702,50|50,MyHP|80|Rate|30|Skill|102703,,,,,,,,,,,,,,
1283,Lv.49[克拉德农场]克拉德的监视者(7075),wander,10,10,40,1,102711|102712,50|50,MyHP|80|Rate|30|Skill|102713,,,,,,,,,,,,,,
1286,Lv.49[艾伦村子里的废墟]混乱的监视者(5052),wander,10,10,40,1,102721|102722,50|50,MyHP|80|Rate|30|Skill|102723,,,,,,,,,,,,,,
1287,Lv.49[艾伦村子里的废墟]混乱的合约者???(1003),wander,10,10,40,1,102731|102732,50|50,MyHP|80|Rate|30|Skill|102733,,,,,,,,,,,,,,
1288,Lv.49[艾伦村子里的废墟]混乱的奴隶(1009),wander,10,10,40,1,102741|102742,50|50,MyHP|80|Rate|30|Skill|102743,,,,,,,,,,,,,,
1291,Lv.49[艾伦村子前的废墟]红色部队调查兵(5040),wander,10,10,40,1,102751|102752,50|50,MyHP|80|Rate|30|Skill|102753,,,,,,,,,,,,,,
1292,Lv.49[艾伦村子前的废墟]红色部队刺客(5043),wander,10,10,40,1,102761|102762,50|50,MyHP|80|Rate|30|Skill|102763,,,,,,,,,,,,,,
1293,Lv.49[棕色沙漠]红色部队黑魔法师(53503),wander,10,10,40,1,102771|102772,50|50,MyHP|80|Rate|30|Skill|102773,,,,,,,,,,,,,,
1294,Lv.49[棕色沙漠]红色部队突击兵(53002),wander,10,10,40,1,102781|102782,50|50,MyHP|80|Rate|30|Skill|102783,,,,,,,,,,,,,,
1296,Lv.49[克拉里奥斯村庄]克拉里奥斯村庄居民(30000),wander,10,10,40,1,,,Die|0|TriggerSkill|200181,,,,,,,,,,,,,,
1297,Lv.49[克拉里奥斯村庄]克拉里奥斯村庄的女人(30504),wander,10,10,40,1,,,Die|0|TriggerSkill|200181,,,,,,,,,,,,,,
1298,Lv.49[克拉里奥斯村庄]村长拉赫尔特(30001),wander,10,10,40,1,,,Die|0|TriggerSkill|200182,,,,,,,,,,,,,,
1299,Lv.49[克拉里奥斯领地]堕落的战士(9042),wander,10,10,40,1,102791|102792,50|50,MyHP|80|Rate|30|Skill|102793,,,,,,,,,,,,,,
1300,Lv.49[克拉里奥斯领地]堕落的弓箭手(9043),wander,10,10,40,1,102801|102802,50|50,MyHP|80|Rate|30|Skill|102803,,,,,,,,,,,,,,
1301,Lv.49[克拉里奥斯领地]堕落的魔法师(9044),wander,10,10,40,1,102811|102812,50|50,MyHP|80|Rate|30|Skill|102813,,,,,,,,,,,,,,
1302,Lv.49[克拉里奥斯领地]堕落的灵魂(5004),wander,10,10,40,1,102821|102822,50|50,MyHP|80|Rate|30|Skill|102823,,,,,,,,,,,,,,
1303,Lv.49[克拉里奥斯领地]血之抉择(12027),stand,0,0,40,1,,,Die|0|TriggerSkill|200185,,,,,,,,,,,,,,
1304,Lv.49[克拉里奥斯领地]灵魂的决定(12027),stand,0,0,40,1,,,Die|0|TriggerSkill|200186,,,,,,,,,,,,,,
1311,Lv.49[斯蒂尔普瑞](非先攻)首都防御之师士兵(9042),wander,10,10,40,1,102831|102832,50|50,MyHP|80|Rate|30|Skill|102833,Die|0|TriggerSkill|200189,,,,,,,,,,,,,
1312,Lv.50[堕落者的休息区]黑色的部队突击兵(1009),wander,10,10,40,1,102841|102842,50|50,MyHP|80|Rate|30|Skill|102843,,,,,,,,,,,,,,
1313,Lv.50[堕落者的休息区]黑色的部队战士(1010),wander,10,10,40,1,102851|102852,50|50,MyHP|80|Rate|30|Skill|102853,,,,,,,,,,,,,,
1315,Lv.50[堕落者的休息区]红色部队战士(700),wander,10,10,40,1,102861|102862,50|50,MyHP|80|Rate|30|Skill|102863,,,,,,,,,,,,,,
1316,Lv.50[堕落者的休息区]红色部队弓箭手(701),wander,10,10,40,1,102871|102872,50|50,MyHP|80|Rate|30|Skill|102873,,,,,,,,,,,,,,
1317,Lv.50[堕落者的休息区]红月部队魔法师(702),wander,10,10,40,1,102881|102882,50|50,MyHP|80|Rate|30|Skill|102883,,,,,,,,,,,,,,
1318,Lv.50[堕落者的休息区]月之影部队侦察兵(5041),wander,10,10,40,1,102891|102892,50|50,MyHP|80|Rate|30|Skill|102893,,,,,,,,,,,,,,
1319,Lv.50[堕落者的休息区]月之影部队突击兵(53006),wander,10,10,40,1,102901|102902,50|50,MyHP|80|Rate|30|Skill|102903,,,,,,,,,,,,,,
1320,Lv.50[堕落者的休息区]月之影部队猎人(5044),wander,10,10,40,1,102911|102912,50|50,MyHP|80|Rate|30|Skill|102913,,,,,,,,,,,,,,
1321,Lv.50[堕落者的休息区]月之影部队巫师(53507),wander,10,10,40,1,102921|102922,50|50,MyHP|80|Rate|30|Skill|102923,,,,,,,,,,,,,,
1327,Lv.50[堕落者的休息区]月之影要塞(12027),stand,0,0,0,1,,,Die|0|TriggerSkill|200194,,,,,,,,,,,,,,
1328,Lv.49[堕落者的休息区]黑色的太阳战士(9042),wander,10,10,40,1,102931|102932,50|50,MyHP|80|Rate|30|Skill|102933,,,,,,,,,,,,,,
1329,Lv.49[堕落者的休息区]黑色的太阳弓箭手(9043),wander,10,10,40,1,102941|102942,50|50,MyHP|80|Rate|30|Skill|102943,,,,,,,,,,,,,,
1330,Lv.49[堕落者的休息区]黑色的太阳之魔法师(9044),wander,10,10,40,1,102951|102952,50|50,MyHP|80|Rate|30|Skill|102953,,,,,,,,,,,,,,
1331,Lv.49[堕落者的休息区]黑色的太阳灵魂(5004),wander,10,10,40,1,102961|102962,50|50,MyHP|80|Rate|30|Skill|102963,,,,,,,,,,,,,,
1336,Lv.50[堕落者的休息区]黑色的太阳之心(12027),stand,0,0,0,1,,,Die|0|TriggerSkill|200195,,,,,,,,,,,,,,
1337,Lv.51[蓝色的藤蔓树]藤蔓破坏者(),wander,10,10,40,1,,,,,,,,,,,,,,,,,
1338,Lv.51[蓝色的藤蔓树]刺之守护者(7012),wander,10,10,40,1,,,,,,,,,,,,,,,,,
1339,Lv.51[蓝色的藤蔓树]树之守护者(5019),wander,10,10,40,1,,,,,,,,,,,,,,,,,
1340,Lv.51[被占领的研究设施]可疑的传教士(),wander,10,10,40,1,,,,,,,,,,,,,,,,,
1341,Lv.51[被占领的研究设施]可疑的修道士(),wander,10,10,40,1,,,,,,,,,,,,,,,,,
1342,Lv.51[被占领的研究设施]临时的魔力路(12026),wander,10,10,40,1,,,,,,,,,,,,,,,,,
1343,Lv.51[梦的捕食者之穴]梦的收集者(),wander,10,10,40,1,,,,,,,,,,,,,,,,,
1344,Lv.51[梦的捕食者之穴]梦的收集者之水晶球(12014),wander,10,10,40,1,,,,,,,,,,,,,,,,,
1345,Lv.51[梦的捕食者之穴]捕梦者(),wander,10,10,40,1,,,,,,,,,,,,,,,,,
1346,Lv.51[梦的捕食者之穴]空虚的捕食者(),wander,10,10,40,1,,,,,,,,,,,,,,,,,
1347,Lv.51[梦的捕食者之穴]恶梦的痕迹(),wander,10,10,40,1,,,,,,,,,,,,,,,,,
1348,Lv.52[影之火箭部队驻地]影之火箭部队/木栅(12042),wander,10,10,40,1,,,,,,,,,,,,,,,,,
1349,Lv.52[影之火箭部队驻地]影之火箭部队/影之巡逻兵(5042),wander,10,10,40,1,,,,,,,,,,,,,,,,,
1350,Lv.52[影之火箭部队驻地]影之火箭部队/影之护卫兵(5039),wander,10,10,40,1,,,,,,,,,,,,,,,,,
1351,Lv.52[影之火箭部队驻地]可疑的协商者(),wander,10,10,40,1,,,,,,,,,,,,,,,,,
1352,Lv.52[天空之光守卫]精神支配装备(12014),wander,10,10,40,1,,,,,,,,,,,,,,,,,
1353,Lv.52[天空之光守卫]愤怒的守卫守护者(9006),wander,10,10,40,1,,,,,,,,,,,,,,,,,
1354,Lv.52[天空之光守卫]不吉的守卫猎人(9007),wander,10,10,40,1,,,Die|0|TriggerSkill|200221,,,,,,,,,,,,,,
1355,Lv.52[疯狂的斧头部队]疯狂的斧头部队/训练兵(),wander,10,10,40,1,,,,,,,,,,,,,,,,,
1356,Lv.52[疯狂的斧头部队]谷物袋(12010),wander,10,10,40,1,,,,,,,,,,,,,,,,,
1357,Lv.52[疯狂的斧头部队]疯狂的斧头部队/斧头突击兵(5042),wander,10,10,40,1,,,,,,,,,,,,,,,,,
1358,Lv.52[疯狂的斧头部队]疯狂的斧头部队/红色突击兵(),wander,10,10,40,1,,,,,,,,,,,,,,,,,
1359,Lv.52[疯狂的斧头部队]疯狂的斧头部队??士兵(1015),wander,10,10,40,1,,,,,,,,,,,,,,,,,
1360,Lv.53[恶梦恶梦之陵]恶梦的使者(),wander,10,10,40,1,,,,,,,,,,,,,,,,,
1361,Lv.53[恶梦恶梦之陵]恶梦的引导者(),wander,10,10,40,1,,,,,,,,,,,,,,,,,
1362,Lv.53[恶梦恶梦之陵]恶梦的研究者(),wander,10,10,40,1,,,,,,,,,,,,,,,,,
1363,Lv.53[恶梦恶梦之陵]恶梦的雇佣者(),wander,10,10,40,1,,,,,,,,,,,,,,,,,
1364,Lv.53[恶梦恶梦之陵]恶梦的决定(12027),stand,0,0,40,1,,,Die|0|TriggerSkill|200228,,,,,,,,,,,,,,
1365,Lv.53[恶梦恶梦之陵]恶梦的蚕茧(12022),wander,10,10,40,1,,,Die|0|TriggerSkill|200225,,,,,,,,,,,,,,
1366,Lv.53[恶梦之穴]恶梦的管理者(),wander,10,10,40,1,,,,,,,,,,,,,,,,,
1367,Lv.53[恶梦之穴]恶梦的守护者(),wander,10,10,40,1,,,,,,,,,,,,,,,,,
1368,Lv.53[恶梦之穴]堕落的梅格库里(),wander,10,10,40,1,,,,,,,,,,,,,,,,,
1369,Lv.53[恶梦之穴]红色眼之空虚(),wander,10,10,40,1,,,,,,,,,,,,,,,,,
1370,Lv.53[恶梦之穴]德利特(),wander,10,10,40,1,,,,,,,,,,,,,,,,,
1371,Lv.53[恶梦之穴]塔仔伊(),wander,10,10,40,1,,,,,,,,,,,,,,,,,
1372,Lv.53[红色火焰要塞]红色火焰部队/北神士兵(7036),wander,10,10,40,1,,,,,,,,,,,,,,,,,
1373,Lv.53[红色火焰要塞]红色火焰部队/北神驯兽师(701),wander,10,10,40,1,,,,,,,,,,,,,,,,,
1374,Lv.53[红色火焰要塞]日落的计划者(),wander,10,10,40,1,,,,,,,,,,,,,,,,,
1375,Lv.20战士(9042),wander,10,10,40,1,101471|101472,50|50,MyHP|80|Rate|30|Skill|101473,,,,,,,,,,,,,,
1376,Lv.33灵魂猎人(5063),wander,10,10,40,1,101521|101522,50|50,MyHP|80|Rate|30|Skill|101523,,,,,,,,,,,,,,
1377,Lv.1~10平静的湖水-竞技-Lv.2沉默的恶灵(1027),wander,10,10,40,1,103061|103062,50|50,MyHP|80|Rate|30|Skill|103063,,,,,,,,,,,,,,
1378,Lv.1~10平静的湖水-竞技-Lv.3虚无的恶灵(1028),wander,10,10,40,1,103071|103072,50|50,MyHP|80|Rate|30|Skill|103073,,,,,,,,,,,,,,
1379,Lv.1~10平静的湖水-竞技-Lv.2洛聘突击兵(3009),wander,10,10,40,1,103081|103082,50|50,MyHP|80|Rate|30|Skill|103083,,,,,,,,,,,,,,
1380,Lv.1~10平静的湖水-竞技-Lv.3洛聘魔法师(3011),wander,10,10,40,1,103091|103092,50|50,MyHP|80|Rate|30|Skill|103093,,,,,,,,,,,,,,
1381,Lv.1~10平静的湖水-竞技-Lv.3暴乱的沉默的守护者(5066),wander,10,10,40,1,103101|103102,50|50,MyHP|80|Rate|30|Skill|103103,,,,,,,,,,,,,,
1382,Lv.1~10平静的湖水-竞技-Lv.3暴乱的平静的守护者(5067),wander,10,10,40,1,103111|103112,50|50,MyHP|80|Rate|30|Skill|103113,,,,,,,,,,,,,,
1383,Lv.1~10平静的湖水-竞技-Lv.4堕落的寂静的守护者(5069),wander,10,10,40,1,103121|103122,50|50,MyHP|80|Rate|30|Skill|103123,,,,,,,,,,,,,,
1384,Lv.1~10平静的湖水-竞技-Lv.4小理查德曼(5030),wander,10,10,40,1,103131|103132,50|50,MyHP|80|Rate|30|Skill|103133,,,,,,,,,,,,,,
1385,Lv.1~10平静的湖水-竞技-Lv.4理查德曼战士(5031),wander,10,10,40,1,103141|103142,50|50,MyHP|80|Rate|30|Skill|103143,,,,,,,,,,,,,,
1386,Lv.1~10平静的湖水-竞技-Lv.5理查德曼巫师(5032),wander,10,10,40,1,103151|103152,50|50,MyHP|80|Rate|30|Skill|103153,,,,,,,,,,,,,,
1387,Lv.1~10平静的湖水-竞技-Lv.5黑色之幕渗透组(700),wander,10,10,40,1,103161|103162,50|50,MyHP|80|Rate|30|Skill|103163,,,,,,,,,,,,,,
1388,Lv.1~10平静的湖水-竞技-Lv.5黑色之幕刺客组(701),wander,10,10,40,1,103171|103172,50|50,MyHP|80|Rate|30|Skill|103173,,,,,,,,,,,,,,
1389,Lv.1~10平静的湖水-竞技-Lv.6黑色之幕战士(5039),wander,10,10,40,1,103181|103182,50|50,MyHP|80|Rate|30|Skill|103183,,,,,,,,,,,,,,
1390,Lv.1~10平静的湖水-竞技-Lv.6布拉考(9007),wander,10,10,40,1,103191|103192,50|50,MyHP|80|Rate|30|Skill|103193,,,,,,,,,,,,,,
1391,Lv.1~10平静的湖水-竞技-Lv.6布拉考猛兽(9008),wander,10,10,40,1,103201|103202,50|50,MyHP|80|Rate|30|Skill|103203,,,,,,,,,,,,,,
1392,Lv.1~10平静的湖水-竞技-Lv.7小角狼(5051),wander,10,10,40,1,103221|103222,50|50,MyHP|80|Rate|30|Skill|103223,,,,,,,,,,,,,,
1393,Lv.1~10平静的湖水-竞技-Lv.7角狼(5053),wander,10,10,40,1,103231|103232,50|50,MyHP|80|Rate|30|Skill|103233,,,,,,,,,,,,,,
1394,Lv.1~10平静的湖水-竞技-Lv.8分裂的侵略者(9057),wander,10,10,40,1,103251|103252,50|50,MyHP|80|Rate|30|Skill|103253,,,,,,,,,,,,,,
1395,Lv.1~10平静的湖水-竞技-Lv.8空间的侵略者(9057),wander,10,10,40,1,103261|103262,50|50,MyHP|80|Rate|30|Skill|103263,,,,,,,,,,,,,,
1396,Lv.1~10平静的湖水-竞技-Lv.9分裂的黑魔法师(702),wander,10,10,40,1,103271|103272,50|50,MyHP|80|Rate|30|Skill|103273,,,,,,,,,,,,,,
1397,Lv.1~10平静的湖水-竞技-Lv.9受到诅咒的北神(7127),wander,10,10,40,1,103281|103282,50|50,MyHP|80|Rate|30|Skill|103283,,,,,,,,,,,,,,
1399,Lv.1~10平静的湖水-竞技-Lv.10被召唤的洛坎之影(1044),stand,10,10,40,1,103301|103302,50|50,,BattleTime|1|Talk|1,BattleTime|3|Talk|2,,,,,,,,~~~ ~~~~ ~~~ ~~~~~,~ ~~~ ~~ ~~~ ~~ ~~!,,,
1500,Lv.2刺之特利皮特(7012),wander,10,10,40,1,105001|105002,50|50,MyHP|80|Rate|30|Skill|105003,,,,,,,,,,,,,,
1501,Lv.3饥寒交迫的刺之特利皮特(7013),wander,10,10,40,1,105011|105012,50|50,MyHP|80|Rate|30|Skill|105013,,,,,,,,,,,,,,
1502,Lv.3毒刺之特利皮特(7014),wander,10,10,40,1,105021|105022,50|50,MyHP|80|Rate|30|Skill|105023,,,,,,,,,,,,,,
1503,Lv.2枯木之哥布林(7030),wander,10,10,40,1,105031|105032,50|50,MyHP|80|Rate|30|Skill|105033,,,,,,,,,,,,,,
1504,Lv.2枯木之哥布林猎人(7031),wander,10,10,40,1,105041|105042,50|50,MyHP|80|Rate|30|Skill|105043,,,,,,,,,,,,,,
1505,Lv.2枯木之哥布林监视军(7032),wander,10,10,40,1,105051|105052,50|50,MyHP|80|Rate|30|Skill|105053,,,,,,,,,,,,,,
1506,Lv.4枯木之哥布林族长(7003),wander,10,10,40,1,105061|105062,50|50,MyHP|80|Rate|30|Skill|105063,,,,,,,,,,,,,,
1507,Lv.4枯木之哥布林队长(7004),wander,10,10,40,1,105071|105072,50|50,MyHP|80|Rate|30|Skill|105073,,,,,,,,,,,,,,
1508,Lv.5枯木之哥布林粮食军(7005),wander,10,10,40,1,105081|105082,50|50,MyHP|80|Rate|30|Skill|105083,,,,,,,,,,,,,,
1509,Lv.4刚诞生的大根之特利皮特(7012),wander,10,10,40,1,105091|105092,50|50,MyHP|80|Rate|30|Skill|105093,,,,,,,,,,,,,,
1510,Lv.4饥寒交迫的大根特利皮特(7013),wander,10,10,40,1,105101|105102,50|50,MyHP|80|Rate|30|Skill|105103,,,,,,,,,,,,,,
1511,Lv.5特里皮特王后的贪吃之花(7014),wander,10,10,40,1,105111|105112,50|50,MyHP|80|Rate|30|Skill|105113,,,,,,,,,,,,,,
1512,Lv.7铁甲波塞伊克(9000)-无攻击技能,wander,10,10,40,1,105121|105122,50|50,,,,,,,,,,,,,,,
1513,Lv.7大龙之波塞伊克(9001)-无攻击技能,wander,10,10,40,1,105131|105132,50|50,,,,,,,,,,,,,,,
1514,Lv.7恶臭的布里德米尔(5018),wander,10,10,40,1,105141|105142,50|50,MyHP|80|Rate|30|Skill|105143,,,,,,,,,,,,,,
1515,Lv.8毒香之布里德米尔(5019),wander,10,10,40,1,105151|105152,50|50,MyHP|80|Rate|30|Skill|105153,,,,,,,,,,,,,,
1516,Lv.10被饲养的弗勒德米尔(5018),wander,10,10,40,1,105161|105162,50|50,MyHP|80|Rate|30|Skill|105163,,,,,,,,,,,,,,
1517,Lv.10暴乱的弗勒德米尔(5019),wander,10,10,40,1,105171|105172,50|50,MyHP|80|Rate|30|Skill|105173,,,,,,,,,,,,,,
1518,Lv.10枯木之哥布林战士(7003),wander,10,10,40,1,105181|105182,50|50,MyHP|80|Rate|30|Skill|105183,,,,,,,,,,,,,,
1519,Lv.10枯木之哥布林巫师(7005),wander,10,10,40,1,105191|105192,50|50,MyHP|80|Rate|30|Skill|105193,,,,,,,,,,,,,,
1520,Lv.11黑色的刺之布里德米尔(5018),wander,10,10,40,1,105201|105202,50|50,MyHP|80|Rate|30|Skill|105203,,,,,,,,,,,,,,
1521,Lv.11红色刺之布里德米尔(5019),wander,10,10,40,1,105211|105212,50|50,MyHP|80|Rate|30|Skill|105213,,,,,,,,,,,,,,
1522,Lv.11恶臭的骷髅虫(3006),wander,10,10,40,1,105221|105222,50|50,MyHP|80|Rate|30|Skill|105223,,,,,,,,,,,,,,
1523,Lv.12疫病骷髅虫(3006),wander,10,10,40,1,105231|105232,50|50,MyHP|80|Rate|30|Skill|105233,,,,,,,,,,,,,,
1524,Lv.12饥寒交迫的疫病骷髅虫(3007),wander,10,10,40,1,105241|105242,50|50,MyHP|80|Rate|30|Skill|105243,,,,,,,,,,,,,,
1525,Lv.12日之根特利皮特(7012),wander,10,10,40,1,105251|105252,50|50,MyHP|80|Rate|30|Skill|105253,,,,,,,,,,,,,,
1526,Lv.12刀锋之根特利皮特(7013),wander,10,10,40,1,105261|105262,50|50,MyHP|80|Rate|30|Skill|105263,,,,,,,,,,,,,,
1527,Lv.13钢铁之根特利皮特(7012),wander,10,10,40,1,105271|105272,50|50,MyHP|80|Rate|30|Skill|105273,,,,,,,,,,,,,,
1528,Lv.14愤怒的扁柏安提兰斯(5012),wander,10,10,40,1,105281|105282,50|50,MyHP|80|Rate|30|Skill|105283,,,,,,,,,,,,,,
1529,Lv.14愤怒的安提兰斯(5013),wander,10,10,40,1,105291|105292,50|50,MyHP|80|Rate|30|Skill|105293,,,,,,,,,,,,,,
1530,Lv.14长指的金凤蜘蛛(9030),wander,10,10,40,1,105301|105302,50|50,MyHP|80|Rate|30|Skill|105303,,,,,,,,,,,,,,
1531,Lv.14毒指之金凤蜘蛛(9031),wander,10,10,40,1,105311|105312,50|50,MyHP|80|Rate|30|Skill|105313,,,,,,,,,,,,,,
1532,Lv.15受到诅咒的宪兵(1021),wander,10,10,40,1,105321|105322,50|50,MyHP|80|Rate|30|Skill|105323,,,,,,,,,,,,,,
1533,Lv.15恶灵霜之宪兵(1022),wander,10,10,40,1,105331|105332,50|50,MyHP|80|Rate|30|Skill|105333,,,,,,,,,,,,,,
1534,Lv.16气势汹汹的枯叶之安提兰斯(5012),wander,10,10,40,1,105341|105342,50|50,MyHP|80|Rate|30|Skill|105343,,,,,,,,,,,,,,
1535,Lv.16厉害的刺之安提兰斯(5013),wander,10,10,40,1,105351|105352,50|50,MyHP|80|Rate|30|Skill|105353,,,,,,,,,,,,,,
1536,Lv.17红色火苗之宪兵(1021),wander,10,10,40,1,105361|105362,50|50,MyHP|80|Rate|30|Skill|105363,,,,,,,,,,,,,,
1537,Lv.17血光之刺宪兵(1022),wander,10,10,40,1,105371|105372,50|50,MyHP|80|Rate|30|Skill|105373,,,,,,,,,,,,,,
1538,Lv.19红色条纹博马(3000),wander,10,10,40,1,105381|105382,50|50,MyHP|80|Rate|30|Skill|105383,,,,,,,,,,,,,,
1539,Lv.19发光的条纹博马(3001),wander,10,10,40,1,105391|105392,50|50,MyHP|80|Rate|30|Skill|105393,,,,,,,,,,,,,,
1540,Lv.19剧毒的博马(3000),wander,10,10,40,1,105401|105402,50|50,MyHP|80|Rate|30|Skill|105403,,,,,,,,,,,,,,
1541,Lv.19神经毒之博马(3001),wander,10,10,40,1,105411|105412,50|50,MyHP|80|Rate|30|Skill|105413,,,,,,,,,,,,,,
1542,Lv.18堕落的人形宪兵(1023),wander,10,10,40,1,105421|105422,50|50,MyHP|80|Rate|30|Skill|105423,,,,,,,,,,,,,,
1543,Lv.18失去理智的枯木之安提兰斯(5014),wander,10,10,40,1,105431|105432,50|50,MyHP|80|Rate|30|Skill|105433,,,,,,,,,,,,,,
1544,Lv.19艾德兰(3030),wander,10,10,40,1,105441|105442,50|50,MyHP|80|Rate|30|Skill|105443,,,,,,,,,,,,,,
1545,Lv.21饥寒交迫的受伤者哥布林(7003),wander,10,10,40,1,105451|105452,50|50,MyHP|80|Rate|30|Skill|105453,,,,,,,,,,,,,,
1546,Lv.21衣衫褴褛的受伤者哥布林(7004),wander,10,10,40,1,105461|105462,50|50,MyHP|80|Rate|30|Skill|105463,,,,,,,,,,,,,,
1547,Lv.22冰柱砂轮(7051),wander,10,10,40,1,105471|105472,50|50,MyHP|80|Rate|30|Skill|105473,,,,,,,,,,,,,,
1548,Lv.22冰柱部族巫师(7053),wander,10,10,40,1,105481|105482,50|50,MyHP|80|Rate|30|Skill|105483,,,,,,,,,,,,,,
1549,Lv.22族长夏卡鲁(7052),wander,10,10,40,1,105491|105492,50|50,MyHP|80|Rate|30|Skill|105493,,,,,,,,,,,,,,
1550,Lv.22冰之犬齿砂轮(7051),wander,10,10,40,1,105501|105502,50|50,MyHP|80|Rate|30|Skill|105503,,,,,,,,,,,,,,
1551,Lv.22冰之犬齿猎人(7052),wander,10,10,40,1,105511|105512,50|50,MyHP|80|Rate|30|Skill|105513,,,,,,,,,,,,,,
1552,Lv.23恶臭的眼睫毛北神(7038),wander,10,10,40,1,105521|105522,50|50,MyHP|80|Rate|30|Skill|105523,,,,,,,,,,,,,,
1553,Lv.23乞讨的眼睫毛北神(7037),wander,10,10,40,1,105531|105532,50|50,MyHP|80|Rate|30|Skill|105533,,,,,,,,,,,,,,
1554,Lv.24冰之部队走卒(5039),wander,10,10,40,1,105541|105542,50|50,MyHP|80|Rate|30|Skill|105543,,,,,,,,,,,,,,
1555,Lv.24冰之部队掠夺犯(5042),wander,10,10,40,1,105551|105552,50|50,MyHP|80|Rate|30|Skill|105553,,,,,,,,,,,,,,
1556,Lv.25厉害对手艾斯北神(7008),wander,10,10,40,1,105561|105562,50|50,MyHP|80|Rate|30|Skill|105563,,,,,,,,,,,,,,
1557,Lv.25叫喊的艾斯北神(7007),wander,10,10,40,1,105571|105572,50|50,MyHP|80|Rate|30|Skill|105573,,,,,,,,,,,,,,
1558,Lv.26棕色毛之雪人(7024),wander,10,10,40,1,105581|105582,50|50,MyHP|80|Rate|30|Skill|105583,,,,,,,,,,,,,,
1559,Lv.26兴奋的棕色毛之雪人(7025),wander,10,10,40,1,105591|105592,50|50,MyHP|80|Rate|30|Skill|105593,,,,,,,,,,,,,,
1560,Lv.27银色刀锋之希尔朋德(9006),wander,10,10,40,1,105601|105602,50|50,MyHP|80|Rate|30|Skill|105603,,,,,,,,,,,,,,
1561,Lv.27吸血的希尔朋德(9007),wander,10,10,40,1,105611|105612,50|50,MyHP|80|Rate|30|Skill|105613,,,,,,,,,,,,,,
1562,Lv.27水晶之牙战士(3009),wander,10,10,40,1,105621|105622,50|50,MyHP|80|Rate|30|Skill|105623,,,,,,,,,,,,,,
1563,Lv.27水晶之牙巫师(3010),wander,10,10,40,1,105631|105632,50|50,MyHP|80|Rate|30|Skill|105633,,,,,,,,,,,,,,
1564,Lv.28被污染的钢铁鳍战士(3009),wander,10,10,40,1,105641|105642,50|50,MyHP|80|Rate|30|Skill|105643,,,,,,,,,,,,,,
1565,Lv.28变异的钢铁鳍巫师(3011),wander,10,10,40,1,105651|105652,50|50,MyHP|80|Rate|30|Skill|105653,,,,,,,,,,,,,,
1566,Lv.28和发疯的吗啡并行的博尔托(3010),wander,10,10,40,1,105661|105662,50|50,MyHP|80|Rate|30|Skill|105663,,,,,,,,,,,,,,
1567,Lv.28凶残的冰盔雪人(7024),wander,10,10,40,1,105671|105672,50|50,MyHP|80|Rate|30|Skill|105673,,,,,,,,,,,,,,
1568,Lv.28残暴的冰盔雪人(7025),wander,10,10,40,1,105681|105682,50|50,MyHP|80|Rate|30|Skill|105683,,,,,,,,,,,,,,
1569,Lv.27黑色之牙思克诺曹战士(3012),wander,10,10,40,1,105691|105692,50|50,MyHP|80|Rate|30|Skill|105693,,,,,,,,,,,,,,
1570,Lv.27黑色之牙思克诺曹捕食者(3013),wander,10,10,40,1,105701|105702,50|50,MyHP|80|Rate|30|Skill|105703,,,,,,,,,,,,,,
1571,Lv.28客迈拉提克(7018),wander,10,10,40,1,105711|105712,50|50,MyHP|80|Rate|30|Skill|105713,,,,,,,,,,,,,,
1572,Lv.28客迈拉蛮博(7019),wander,10,10,40,1,105721|105722,50|50,MyHP|80|Rate|30|Skill|105723,,,,,,,,,,,,,,
1573,Lv.29冰之部队弓箭手(5042),wander,10,10,40,1,105731|105732,50|50,MyHP|80|Rate|30|Skill|105733,,,,,,,,,,,,,,
1574,Lv.29冰之部队战士(5039),wander,10,10,40,1,105741|105742,50|50,MyHP|80|Rate|30|Skill|105743,,,,,,,,,,,,,,
1575,Lv.29凶残的红色鬃毛狼族(9027),wander,10,10,40,1,105751|105752,50|50,MyHP|80|Rate|30|Skill|105753,,,,,,,,,,,,,,
1576,Lv.29残暴的红色鬃毛狼族(9028),wander,10,10,40,1,105761|105762,50|50,MyHP|80|Rate|30|Skill|105763,,,,,,,,,,,,,,
1577,Lv.29霜指狼族(9033),wander,10,10,40,1,105771|105772,50|50,MyHP|80|Rate|30|Skill|105773,,,,,,,,,,,,,,
1578,Lv.29霜犬齿狼族(9033),wander,10,10,40,1,105781|105782,50|50,MyHP|80|Rate|30|Skill|105783,,,,,,,,,,,,,,
1579,Lv.30暴雪之雪人(7026),wander,10,10,40,1,105791|105792,50|50,MyHP|80|Rate|30|Skill|105793,,,,,,,,,,,,,,
1580,Lv.30极光之思克诺曹(3014),wander,10,10,40,1,105801|105802,50|50,MyHP|80|Rate|30|Skill|105803,,,,,,,,,,,,,,
1581,Lv.31没有力量的僵尸(7009),wander,10,10,40,1,105811|105812,50|50,MyHP|80|Rate|30|Skill|105813,,,,,,,,,,,,,,
1582,Lv.31饥寒交迫的僵尸(7010),wander,10,10,40,1,105821|105822,50|50,MyHP|80|Rate|30|Skill|105823,,,,,,,,,,,,,,
1583,Lv.31小贝伊诺夫(5066),wander,10,10,40,1,105831|105832,50|50,MyHP|80|Rate|30|Skill|105833,,,,,,,,,,,,,,
1584,Lv.31饥寒交迫的贝伊诺夫(5067),wander,10,10,40,1,105841|105842,50|50,MyHP|80|Rate|30|Skill|105843,,,,,,,,,,,,,,
1585,Lv.31凶狠的僵尸(7010),wander,10,10,40,1,105851|105852,50|50,MyHP|80|Rate|30|Skill|105853,,,,,,,,,,,,,,
1586,Lv.31腐败的僵尸(7011),wander,10,10,40,1,105861|105862,50|50,MyHP|80|Rate|30|Skill|105863,,,,,,,,,,,,,,
1587,Lv.31生锈盔甲之钥匙骑士(7063),wander,10,10,40,1,105871|105872,50|50,MyHP|80|Rate|30|Skill|105873,,,,,,,,,,,,,,
1588,Lv.31被毁坏的盔甲的钥匙骑士(1001),wander,10,10,40,1,105881|105882,50|50,MyHP|80|Rate|30|Skill|105883,,,,,,,,,,,,,,
1589,Lv.32暴乱的僵尸(7009),wander,10,10,40,1,105891|105892,50|50,MyHP|80|Rate|30|Skill|105893,,,,,,,,,,,,,,
1590,Lv.32结实的盔甲的钥匙骑士(7064),wander,10,10,40,1,105901|105902,50|50,MyHP|80|Rate|30|Skill|105903,,,,,,,,,,,,,,
1591,Lv.32凶残的贝伊诺夫(5067),wander,10,10,40,1,105911|105912,50|50,MyHP|80|Rate|30|Skill|105913,,,,,,,,,,,,,,
1592,Lv.33气势汹汹的尾巴之贝伊内俄(5069),wander,10,10,40,1,105921|105922,50|50,MyHP|80|Rate|30|Skill|105923,,,,,,,,,,,,,,
1593,Lv.33红色尾巴之贝伊内俄(5070),wander,10,10,40,1,105931|105932,50|50,MyHP|80|Rate|30|Skill|105933,,,,,,,,,,,,,,
1594,Lv.33圆形碎片之贝勒尔(5009),wander,10,10,40,1,105941|105942,50|50,MyHP|80|Rate|30|Skill|105943,,,,,,,,,,,,,,
1595,Lv.33刺之碎片贝勒尔(5010),wander,10,10,40,1,105951|105952,50|50,MyHP|80|Rate|30|Skill|105953,,,,,,,,,,,,,,
1596,Lv.33黑色尾巴之贝伊内俄(5069),wander,10,10,40,1,105961|105962,50|50,MyHP|80|Rate|30|Skill|105963,,,,,,,,,,,,,,
1597,Lv.33凶狠的贝伊诺夫(5067),wander,10,10,40,1,105971|105972,50|50,MyHP|80|Rate|30|Skill|105973,,,,,,,,,,,,,,
1598,Lv.34乐鲁帕伊奥(3021),wander,10,10,40,1,105981|105982,50|50,MyHP|80|Rate|30|Skill|105983,,,,,,,,,,,,,,
1599,Lv.34乐鲁帕伊奥战士(3022),wander,10,10,40,1,105991|105992,50|50,MyHP|80|Rate|30|Skill|105993,,,,,,,,,,,,,,
1600,Lv.35撕裂的翅膀之哈比(7021),wander,10,10,40,1,106001|106002,50|50,MyHP|80|Rate|30|Skill|106003,,,,,,,,,,,,,,
1601,Lv.35尖锐之指哈比(7022),wander,10,10,40,1,106011|106012,50|50,MyHP|80|Rate|30|Skill|106013,,,,,,,,,,,,,,
1602,Lv.35智慧门巡逻兵(1024),wander,10,10,40,1,106021|106022,50|50,MyHP|80|Rate|30|Skill|106023,,,,,,,,,,,,,,
1603,Lv.35智慧门守卫(1025),wander,10,10,40,1,106031|106032,50|50,MyHP|80|Rate|30|Skill|106033,,,,,,,,,,,,,,
1604,Lv.36凶残的哈比(7022),wander,10,10,40,1,106041|106042,50|50,MyHP|80|Rate|30|Skill|106043,,,,,,,,,,,,,,
1605,Lv.36智慧门监视兵(1024),wander,10,10,40,1,106051|106052,50|50,MyHP|80|Rate|30|Skill|106053,,,,,,,,,,,,,,
1606,Lv.36智慧门巫师(1024),wander,10,10,40,1,106061|106062,50|50,MyHP|80|Rate|30|Skill|106063,,,,,,,,,,,,,,
1607,Lv.36智慧门突击队(1025),wander,10,10,40,1,106071|106072,50|50,MyHP|80|Rate|30|Skill|106073,,,,,,,,,,,,,,
1608,Lv.37恶臭的德利尔洛克(3024),wander,10,10,40,1,106081|106082,50|50,MyHP|80|Rate|30|Skill|106083,,,,,,,,,,,,,,
1609,Lv.37剧毒的德利尔洛克(3025),wander,10,10,40,1,106091|106092,50|50,MyHP|80|Rate|30|Skill|106093,,,,,,,,,,,,,,
1610,Lv.38寄生兽的母体特雷拉(3026),wander,10,10,40,1,106101|106102,50|50,MyHP|80|Rate|30|Skill|106103,,,,,,,,,,,,,,
1611,Lv.37雕刻士兵小卒(1006),wander,10,10,40,1,106111|106112,50|50,MyHP|80|Rate|30|Skill|106113,,,,,,,,,,,,,,
1612,Lv.37雕刻士兵攻击兵(1007),wander,10,10,40,1,106121|106122,50|50,MyHP|80|Rate|30|Skill|106123,,,,,,,,,,,,,,
1613,Lv.38思科力顿普通兵(7070),wander,10,10,40,1,106301|106302,50|50,MyHP|80|Rate|30|Skill|106303,,,,,,,,,,,,,,
1614,Lv.38思科力顿攻击兵(7071),wander,10,10,40,1,106311|106312,50|50,MyHP|80|Rate|30|Skill|106313,,,,,,,,,,,,,,
1615,Lv.38毒刺之阿贝卡勒(5007),wander,10,10,40,1,106151|106152,50|50,MyHP|80|Rate|30|Skill|106153,,,,,,,,,,,,,,
1616,Lv.38雕刻士兵特工兵(1007),wander,10,10,40,1,106161|106162,50|50,MyHP|80|Rate|30|Skill|106163,,,,,,,,,,,,,,
1617,Lv.39愤怒的布雷斯莱斯(3018),wander,10,10,40,1,106171|106172,50|50,MyHP|80|Rate|30|Skill|106173,,,,,,,,,,,,,,
1618,Lv.39血之饥寒交迫的布雷斯莱斯(3019),wander,10,10,40,1,106181|106182,50|50,MyHP|80|Rate|30|Skill|106183,,,,,,,,,,,,,,
1619,Lv.39戴奥斯沃夫巫师(1003),wander,10,10,40,1,106191|106192,50|50,MyHP|80|Rate|30|Skill|106193,,,,,,,,,,,,,,
1620,Lv.39戴奥斯沃夫注视者(1004),wander,10,10,40,1,106201|106202,50|50,MyHP|80|Rate|30|Skill|106203,,,,,,,,,,,,,,
1621,Lv.39海马斯特监视兵(5015),wander,10,10,40,1,106211|106212,50|50,MyHP|80|Rate|30|Skill|106213,,,,,,,,,,,,,,
1622,Lv.39海马斯特攻击兵(5016),wander,10,10,40,1,106221|106222,50|50,MyHP|80|Rate|30|Skill|106223,,,,,,,,,,,,,,
1623,Lv.38思科力顿特殊工兵(7073),wander,10,10,40,1,106321|106322,50|50,MyHP|80|Rate|30|Skill|106323,,,,,,,,,,,,,,
1624,Lv.38腐败的德利尔洛克(3024),wander,10,10,40,1,106291|106292,50|50,MyHP|80|Rate|30|Skill|106293,,,,,,,,,,,,,,
1625,Lv.33出现碎片之贝勒尔(5010),wander,10,10,40,1,106281|106282,50|50,MyHP|80|Rate|30|Skill|106283,,,,,,,,,,,,,,
1626,Lv.41愚蠢的博劳于岛(1012),wander,10,10,40,1,106331|106332,50|50,MyHP|80|Rate|30|Skill|106333,,,,,,,,,,,,,,
1627,Lv.41迟钝的博劳于岛(1012),wander,10,10,40,1,106341|106342,50|50,MyHP|80|Rate|30|Skill|106343,,,,,,,,,,,,,,
1628,Lv.41博劳于岛巡逻兵(1012),wander,10,10,40,1,106351|106352,50|50,MyHP|80|Rate|30|Skill|106353,,,,,,,,,,,,,,
1629,Lv.41年幼的耐克鲁斯(5045),wander,10,10,40,1,106361|106362,50|50,MyHP|80|Rate|30|Skill|106363,,,,,,,,,,,,,,
1630,Lv.41危险的毒蜘蛛(9036),wander,10,10,40,1,106371|106372,50|50,MyHP|80|Rate|30|Skill|106373,,,,,,,,,,,,,,
1631,Lv.41恶臭的毒蜘蛛(9036),wander,10,10,40,1,106381|106382,50|50,MyHP|80|Rate|30|Skill|106383,,,,,,,,,,,,,,
1632,Lv.41虚弱的拉蓬提普(9015),wander,10,10,40,1,106391|106392,50|50,MyHP|80|Rate|30|Skill|106393,,,,,,,,,,,,,,
1633,Lv.41迷路的拉蓬提普(9015),wander,10,10,40,1,106401|106402,50|50,MyHP|80|Rate|30|Skill|106403,,,,,,,,,,,,,,
1635,Lv.41坚固的碎片之斯库拉(7079),wander,10,10,40,1,106421|106422,50|50,MyHP|80|Rate|30|Skill|106423,,,,,,,,,,,,,,
1637,Lv.41尖细的碎片之斯库拉(7079),wander,10,10,40,1,106441|106442,50|50,MyHP|80|Rate|30|Skill|106443,,,,,,,,,,,,,,
1638,Lv.41博劳于岛普通兵(1009),wander,10,10,40,1,106451|106452,50|50,MyHP|80|Rate|30|Skill|106453,,,,,,,,,,,,,,
1639,Lv.41博劳于岛饲养员(1009),wander,10,10,40,1,106461|106462,50|50,MyHP|80|Rate|30|Skill|106463,,,,,,,,,,,,,,
1641,Lv.42饥寒交迫的布莱士拉伊(1030),wander,10,10,40,1,106481|106482,50|50,MyHP|80|Rate|30|Skill|106483,,,,,,,,,,,,,,
1642,Lv.42虚弱的布莱士拉伊(1030),wander,10,10,40,1,106491|106492,50|50,MyHP|80|Rate|30|Skill|106493,,,,,,,,,,,,,,
1644,Lv.42迅速的斯皮克艾尔(9009),wander,10,10,40,1,106511|106512,50|50,MyHP|80|Rate|30|Skill|106513,,,,,,,,,,,,,,
1645,Lv.42毒刺之斯皮克艾尔(9009),wander,10,10,40,1,106521|106522,50|50,MyHP|80|Rate|30|Skill|106523,,,,,,,,,,,,,,
1648,Lv.42残忍的斯库拉(7080),wander,10,10,40,1,106551|106552,50|50,MyHP|80|Rate|30|Skill|106553,,,,,,,,,,,,,,
1649,Lv.42可怕的斯库拉(7080),wander,10,10,40,1,106561|106562,50|50,MyHP|80|Rate|30|Skill|106563,,,,,,,,,,,,,,
1650,Lv.42贝伊哈特监视兵(3015),wander,10,10,40,1,106571|106572,50|50,MyHP|80|Rate|30|Skill|106573,,,,,,,,,,,,,,
1652,Lv.42贝伊哈特组装师(3015),wander,10,10,40,1,106591|106592,50|50,MyHP|80|Rate|30|Skill|106593,,,,,,,,,,,,,,
1654,Lv.42愤怒的歪伊芬(9018),wander,10,10,40,1,106611|106612,50|50,MyHP|80|Rate|30|Skill|106613,,,,,,,,,,,,,,
1655,Lv.42尖锐指甲之歪伊芬(9018),wander,10,10,40,1,106621|106622,50|50,MyHP|80|Rate|30|Skill|106623,,,,,,,,,,,,,,
1656,Lv.42博劳于岛监视兵(1009),wander,10,10,40,1,106631|106632,50|50,MyHP|80|Rate|30|Skill|106633,,,,,,,,,,,,,,
1658,Lv.42博劳于岛战士(1009),wander,10,10,40,1,106651|106652,50|50,MyHP|80|Rate|30|Skill|106653,,,,,,,,,,,,,,
1659,Lv.43砂轮逃兵(7048),wander,10,10,40,1,106661|106662,50|50,MyHP|80|Rate|30|Skill|106663,,,,,,,,,,,,,,
1662,Lv.43熟透之壳耐克鲁斯(5045),wander,10,10,40,1,106691|106692,50|50,MyHP|80|Rate|30|Skill|106693,,,,,,,,,,,,,,
1663,Lv.43坚硬之壳耐克鲁斯(5045),wander,10,10,40,1,106701|106702,50|50,MyHP|80|Rate|30|Skill|106703,,,,,,,,,,,,,,
1667,Lv.43暴走的拉蓬提普(9015),wander,10,10,40,1,106741|106742,50|50,MyHP|80|Rate|30|Skill|106743,,,,,,,,,,,,,,
1668,Lv.43凶狠的布莱士拉伊(1030),wander,10,10,40,1,106751|106752,50|50,MyHP|80|Rate|30|Skill|106753,,,,,,,,,,,,,,
1669,Lv.43残酷的布莱士拉伊(1030),wander,10,10,40,1,106761|106762,50|50,MyHP|80|Rate|30|Skill|106763,,,,,,,,,,,,,,
1670,Lv.43博劳于岛上级饲养员(1012),wander,10,10,40,1,106771|106772,50|50,MyHP|80|Rate|30|Skill|106773,,,,,,,,,,,,,,
1671,Lv.43博劳于岛监视兵(1012),wander,10,10,40,1,106781|106782,50|50,MyHP|80|Rate|30|Skill|106783,,,,,,,,,,,,,,
1672,Lv.44暴乱的凯尔贝鲁斯(5027),wander,10,10,40,1,106791|106792,50|50,MyHP|80|Rate|30|Skill|106793,,,,,,,,,,,,,,
1674,Lv.44安多斯战士(5030),wander,10,10,40,1,106811|106812,50|50,MyHP|80|Rate|30|Skill|106813,,,,,,,,,,,,,,
1675,Lv.44安多斯猎人(5030),wander,10,10,40,1,106821|106822,50|50,MyHP|80|Rate|30|Skill|106823,,,,,,,,,,,,,,
1676,Lv.44安多斯突击兵(5030),wander,10,10,40,1,106831|106832,50|50,MyHP|80|Rate|30|Skill|106833,,,,,,,,,,,,,,
1677,Lv.44安多斯炸弹兵(5030),wander,10,10,40,1,106841|106842,50|50,MyHP|80|Rate|30|Skill|106843,,,,,,,,,,,,,,
1678,Lv.44安多斯亲卫兵(5030),wander,10,10,40,1,106851|106852,50|50,MyHP|80|Rate|30|Skill|106853,,,,,,,,,,,,,,
1680,Lv.44疯狂的奎里奥德(1018),wander,10,10,40,1,106871|106872,50|50,MyHP|80|Rate|30|Skill|106873,,,,,,,,,,,,,,
1681,Lv.44恐怖的花瓣(7014),wander,10,10,40,1,106881|106882,50|50,MyHP|80|Rate|30|Skill|106883,,,,,,,,,,,,,,
1683,Lv.44贝伊哈特上级战士(3015),wander,10,10,40,1,106901|106902,50|50,MyHP|80|Rate|30|Skill|106903,,,,,,,,,,,,,,
1684,Lv.44砂轮特殊工兵(7051),wander,10,10,40,1,106911|106912,50|50,MyHP|80|Rate|30|Skill|106913,,,,,,,,,,,,,,
1686,Lv.44砂轮志愿兵(7052),wander,10,10,40,1,106931|106932,50|50,MyHP|80|Rate|30|Skill|106933,,,,,,,,,,,,,,
1687,Lv.45贝伊哈特亲卫兵(3015),wander,10,10,40,1,106941|106942,50|50,MyHP|80|Rate|30|Skill|106943,,,,,,,,,,,,,,
1688,Lv.45贝伊哈特敢死队(3015),wander,10,10,40,1,106951|106952,50|50,MyHP|80|Rate|30|Skill|106953,,,,,,,,,,,,,,
1690,Lv.45残忍的西莫诺(9012),wander,10,10,40,1,106971|106972,50|50,MyHP|80|Rate|30|Skill|106973,,,,,,,,,,,,,,
1691,Lv.45残忍的西莫诺(9012),wander,10,10,40,1,106981|106982,50|50,MyHP|80|Rate|30|Skill|106983,,,,,,,,,,,,,,
1693,Lv.45火山灰魔像(7000),wander,10,10,40,1,107001|107002,50|50,MyHP|80|Rate|30|Skill|107003,,,,,,,,,,,,,,
1695,Lv.45熔岩魔像(7000),wander,10,10,40,1,107021|107022,50|50,MyHP|80|Rate|30|Skill|107023,,,,,,,,,,,,,,
1696,Lv.40布雷斯莱斯搬运兵(3018),wander,10,10,40,1,107031|107032,50|50,MyHP|80|Rate|30|Skill|107033,,,,,,,,,,,,,,
1697,Lv.30守护者贝尔加内弗(7017),wander,10,10,40,1,102161|102162,50|50,MyHP|80|Rate|30|Skill|102163,IdleRepeat|15|Talk|1,BattleTime|1|Talk|2,,,,,,,,~~~… ~~~ ~~~~ ~~~ ~~~.,~~~… ~~~ ~~~~ ~~~~! ~~ ~~~~!,,,
1698,Lv.46藤蔓哥布林(7003),wander,10,10,40,1,107231|107232,50|50,MyHP|80|Rate|30|Skill|107233,,,,,,,,,,,,,,
1699,Lv.46藤蔓哥布林轰炸兵(7005),wander,10,10,40,1,107241|107242,50|50,MyHP|80|Rate|30|Skill|107243,,,,,,,,,,,,,,
1700,Lv.46藤蔓哥布林技术兵(7056),wander,10,10,40,1,107251|107252,50|50,MyHP|80|Rate|30|Skill|107253,,,,,,,,,,,,,,
1701,Lv.46钢铁北神(7036),wander,10,10,40,1,107261|107262,50|50,MyHP|80|Rate|30|Skill|107263,,,,,,,,,,,,,,
1702,Lv.46藤蔓哥布林族长皮皮鲁(7035),stand,10,0,40,1,107271|107272,50|50,MyHP|80|Rate|30|Skill|107273,,,,,,,,,,,,,,
1703,Lv.46北神族长之钢脚(7037),stand,10,0,40,1,107281|107282,50|50,MyHP|80|Rate|30|Skill|107283,,,,,,,,,,,,,,
1704,Lv.46长触角莫斯鲁(5024),wander,10,10,40,1,107291|107292,50|50,MyHP|80|Rate|30|Skill|107293,,,,,,,,,,,,,,
1705,Lv.46厉害的触角莫斯鲁(5024),wander,10,10,40,1,107301|107302,50|50,MyHP|80|Rate|30|Skill|107303,,,,,,,,,,,,,,
1706,Lv.46尖锐的触角莫斯鲁(5025),wander,10,10,40,1,107311|107312,50|50,MyHP|80|Rate|30|Skill|107313,,,,,,,,,,,,,,
1707,Lv.46莫斯鲁首领斯科托(5026),wander,10,10,40,1,107321|107322,50|50,MyHP|80|Rate|30|Skill|107323,,,,,,,,,,,,,,
1708,Lv.46叮当脚法雷尔莱德(3003),wander,10,10,40,1,107331|107332,50|50,MyHP|80|Rate|30|Skill|107333,,,,,,,,,,,,,,
1709,Lv.46风之声法雷尔莱德(3003),wander,10,10,40,1,107341|107342,50|50,MyHP|80|Rate|30|Skill|107343,,,,,,,,,,,,,,
1710,Lv.46悲鸣之声法雷尔莱德(3004),wander,10,10,40,1,107351|107352,50|50,MyHP|80|Rate|30|Skill|107353,,,,,,,,,,,,,,
1711,Lv.46风轮天空哥布林(3027),wander,10,10,40,1,107361|107362,50|50,MyHP|80|Rate|30|Skill|107363,,,,,,,,,,,,,,
1712,Lv.46破坏天空哥布林(3027),wander,10,10,40,1,107371|107372,50|50,MyHP|80|Rate|30|Skill|107373,,,,,,,,,,,,,,
1713,Lv.46旋风天空哥布林(3028),wander,10,10,40,1,107381|107382,50|50,MyHP|80|Rate|30|Skill|107383,,,,,,,,,,,,,,
1714,Lv.47田野之技术者(5000),wander,10,10,40,1,107391|107392,50|50,MyHP|80|Rate|30|Skill|107393,,,,,,,,,,,,,,
1715,Lv.47田野之铁匠(5000),wander,10,10,40,1,107401|107402,50|50,MyHP|80|Rate|30|Skill|107403,,,,,,,,,,,,,,
1716,Lv.47田野之炼金术士(5001),wander,10,10,40,1,107411|107412,50|50,MyHP|80|Rate|30|Skill|107413,,,,,,,,,,,,,,
1717,Lv.47田野之矿工(5000),wander,10,10,40,1,107421|107422,50|50,MyHP|80|Rate|30|Skill|107423,,,,,,,,,,,,,,
1718,Lv.47田野之道具师(5000),wander,10,10,40,1,107431|107432,50|50,MyHP|80|Rate|30|Skill|107433,,,,,,,,,,,,,,
1719,Lv.47田野之管理者(5001),wander,10,10,40,1,107441|107442,50|50,MyHP|80|Rate|30|Skill|107443,,,,,,,,,,,,,,
1720,Lv.47迎月之特利皮特(7012),wander,10,10,40,1,107451|107452,50|50,MyHP|80|Rate|30|Skill|107453,,,,,,,,,,,,,,
1721,Lv.47影家特利皮特(7013),wander,10,10,40,1,107461|107462,50|50,MyHP|80|Rate|30|Skill|107463,,,,,,,,,,,,,,
1722,Lv.47太阳花特利皮特(7014),wander,10,10,40,1,107471|107472,50|50,MyHP|80|Rate|30|Skill|107473,,,,,,,,,,,,,,
1723,Lv.47阿贝卡勒战士(5006),wander,10,10,40,1,107481|107482,50|50,MyHP|80|Rate|30|Skill|107483,,,,,,,,,,,,,,
1724,Lv.47阿贝卡勒巫师(5007),wander,10,10,40,1,107491|107492,50|50,MyHP|80|Rate|30|Skill|107493,,,,,,,,,,,,,,
1725,Lv.47阿贝卡勒药师(5008),wander,10,10,40,1,107501|107502,50|50,MyHP|80|Rate|30|Skill|107503,,,,,,,,,,,,,,
1726,Lv.48经历黑暗的布尔兰特(1030),wander,10,10,40,1,107511|107512,50|50,MyHP|80|Rate|30|Skill|107513,,,,,,,,,,,,,,
1727,Lv.48暴乱的黑色布尔兰特(1030),wander,10,10,40,1,107521|107522,50|50,MyHP|80|Rate|30|Skill|107523,,,,,,,,,,,,,,
1728,Lv.48猖狂的黑色布尔兰特(1030),wander,10,10,40,1,107531|107532,50|50,MyHP|80|Rate|30|Skill|107533,,,,,,,,,,,,,,
1729,Lv.48岩石砂轮战士(7054),wander,10,10,40,1,107541|107542,50|50,MyHP|80|Rate|30|Skill|107543,,,,,,,,,,,,,,
1730,Lv.48岩石砂轮巫师(7053),wander,10,10,40,1,107551|107552,50|50,MyHP|80|Rate|30|Skill|107553,,,,,,,,,,,,,,
1731,Lv.48岩石砂轮弓箭手(7055),wander,10,10,40,1,107561|107562,50|50,MyHP|80|Rate|30|Skill|107563,,,,,,,,,,,,,,
1732,Lv.48破坏德利尔洛克(3024),wander,10,10,40,1,107571|107572,50|50,MyHP|80|Rate|30|Skill|107573,,,,,,,,,,,,,,
1733,Lv.48刺之德利尔洛克(3024),wander,10,10,40,1,107581|107582,50|50,MyHP|80|Rate|30|Skill|107583,,,,,,,,,,,,,,
1734,Lv.48影之德利尔洛克(3025),wander,10,10,40,1,107591|107592,50|50,MyHP|80|Rate|30|Skill|107593,,,,,,,,,,,,,,
1735,Lv.48灰色的肯塔伍露丝攻击者(7028),wander,10,10,40,1,107601|107602,50|50,MyHP|80|Rate|30|Skill|107603,,,,,,,,,,,,,,
1736,Lv.48灰色的肯塔伍露丝监视军(7029),wander,10,10,40,1,107611|107612,50|50,MyHP|80|Rate|30|Skill|107613,,,,,,,,,,,,,,
1737,Lv.48灰色的肯塔伍露丝驿站(7028),wander,10,10,40,1,107621|107622,50|50,MyHP|80|Rate|30|Skill|107623,,,,,,,,,,,,,,
1738,Lv.49藤蔓刺之宪兵(1021),wander,10,10,40,1,107631|107632,50|50,MyHP|80|Rate|30|Skill|107633,,,,,,,,,,,,,,
1739,Lv.49暗刺之宪兵(1021),wander,10,10,40,1,107641|107642,50|50,MyHP|80|Rate|30|Skill|107643,,,,,,,,,,,,,,
1740,Lv.4钢铁刺之宪兵(1022),wander,10,10,40,1,107651|107652,50|50,MyHP|80|Rate|30|Skill|107653,,,,,,,,,,,,,,
1741,Lv.49伊尔内斯特巡逻兵(5003),wander,10,10,40,1,107661|107662,50|50,MyHP|80|Rate|30|Skill|107663,,,,,,,,,,,,,,
1742,Lv.49日奈斯特刺客(5003),wander,10,10,40,1,107671|107672,50|50,MyHP|80|Rate|30|Skill|107673,,,,,,,,,,,,,,
1743,Lv.49日奈斯特炼金术士(5004),wander,10,10,40,1,107681|107682,50|50,MyHP|80|Rate|30|Skill|107683,,,,,,,,,,,,,,
1744,Lv.49日之风之体波塞伊克(9000),wander,10,10,40,1,107691|107692,50|50,MyHP|80|Rate|30|Skill|107693,,,,,,,,,,,,,,
1745,Lv.49墓穴尸体波塞伊克(9000),wander,10,10,40,1,107701|107702,50|50,MyHP|80|Rate|30|Skill|107703,,,,,,,,,,,,,,
1746,Lv.49网翼波塞伊克(9001),wander,10,10,40,1,107711|107712,50|50,MyHP|80|Rate|30|Skill|107713,,,,,,,,,,,,,,
1747,Lv.49天空哥布林技术者(3028),wander,10,10,40,1,107721|107722,50|50,MyHP|80|Rate|30|Skill|107723,,,,,,,,,,,,,,
1748,Lv.49天空哥布林毒术师(3027),wander,10,10,40,1,107731|107732,50|50,MyHP|80|Rate|30|Skill|107733,,,,,,,,,,,,,,
1749,Lv.49天空哥布林炼金术士(3027),wander,10,10,40,1,107741|107742,50|50,MyHP|80|Rate|30|Skill|107743,,,,,,,,,,,,,,
1750,Lv.49天空哥布林医师(3028),wander,10,10,40,1,107751|107752,50|50,MyHP|80|Rate|30|Skill|107753,,,,,,,,,,,,,,
1751,Lv.50刺之翼德雷伊克(9003),wander,10,10,40,1,107761|107762,50|50,MyHP|80|Rate|30|Skill|107763,,,,,,,,,,,,,,
1752,Lv.50碎片之翼德雷伊克(9003),wander,10,10,40,1,107771|107772,50|50,MyHP|80|Rate|30|Skill|107773,,,,,,,,,,,,,,
1753,Lv.50钢铁之翼德雷伊克(9004),wander,10,10,40,1,107781|107782,50|50,MyHP|80|Rate|30|Skill|107783,,,,,,,,,,,,,,
1754,Lv.50田野之战士(5000),wander,10,10,40,1,107791|107792,50|50,MyHP|80|Rate|30|Skill|107793,,,,,,,,,,,,,,
1755,Lv.50田野之工人(5000),wander,10,10,40,1,107801|107802,50|50,MyHP|80|Rate|30|Skill|107803,,,,,,,,,,,,,,
1756,Lv.50田野之近卫兵(5001),wander,10,10,40,1,107811|107812,50|50,MyHP|80|Rate|30|Skill|107813,,,,,,,,,,,,,,
1757,Lv.50田野之工人负责者锤子田野(5002),wander,10,10,40,1,107821|107822,50|50,MyHP|80|Rate|30|Skill|107823,,,,,,,,,,,,,,
1758,Lv.50火焰之床凯尔贝鲁斯(5027),wander,10,10,40,1,107831|107832,50|50,MyHP|80|Rate|30|Skill|107833,,,,,,,,,,,,,,
1759,Lv.50火花之床凯尔贝鲁斯(5028),wander,10,10,40,1,107841|107842,50|50,MyHP|80|Rate|30|Skill|107843,,,,,,,,,,,,,,
1760,Lv.50思克诺曹警卫兵(3012),wander,10,10,40,1,107851|107852,50|50,MyHP|80|Rate|30|Skill|107853,,,,,,,,,,,,,,
1761,Lv.50思克诺曹强攻兵(3012),wander,10,10,40,1,107861|107862,50|50,MyHP|80|Rate|30|Skill|107863,,,,,,,,,,,,,,
1762,Lv.50思克诺曹战士(3013),wander,10,10,40,1,107871|107872,50|50,MyHP|80|Rate|30|Skill|107873,,,,,,,,,,,,,,
1763,Lv.50哭泣的土地之歪伊芬(9018),wander,10,10,40,1,107881|107882,50|50,MyHP|80|Rate|30|Skill|107883,,,,,,,,,,,,,,
1764,Lv.50哭泣的火焰之歪伊芬(9018),wander,10,10,40,1,107891|107892,50|50,MyHP|80|Rate|30|Skill|107893,,,,,,,,,,,,,,
1765,Lv.50哭泣的风之歪伊芬(9019),wander,10,10,40,1,107901|107902,50|50,MyHP|80|Rate|30|Skill|107903,,,,,,,,,,,,,,
1766,Lv.50焰火智慧门驯兽师(1024),wander,10,10,40,1,107911|107912,50|50,MyHP|80|Rate|30|Skill|107913,,,,,,,,,,,,,,
1767,Lv.50焰火智慧门魔法师(1024),wander,10,10,40,1,107921|107922,50|50,MyHP|80|Rate|30|Skill|107923,,,,,,,,,,,,,,
1768,Lv.50焰火智慧门破坏师(1025),wander,10,10,40,1,107931|107932,50|50,MyHP|80|Rate|30|Skill|107933,,,,,,,,,,,,,,
1769,Lv.50蝮蛇客迈拉(7018),wander,10,10,40,1,107941|107942,50|50,MyHP|80|Rate|30|Skill|107943,,,,,,,,,,,,,,
1770,Lv.50眼镜蛇客迈拉(7019),wander,10,10,40,1,107951|107952,50|50,MyHP|80|Rate|30|Skill|107953,,,,,,,,,,,,,,
1771,Lv.1~10月光塔莱丛-竞技-Lv.1小种子之斯帕特斯卡(5021),wander,10,10,40,1,108091|108092,50|50,MyHP|80|Rate|30|Skill|108093,,,,,,,,,,,,,,
1772,Lv.1~10月光塔莱丛-竞技-Lv.1大种子之斯帕特斯卡(5022),wander,10,10,40,1,108101|108102,50|50,MyHP|80|Rate|30|Skill||108103,,,,,,,,,,,,,,
1773,Lv.1~10月光塔莱丛-竞技-Lv.1刺之火苗斯帕特斯卡(5023),wander,10,10,40,1,108111|108112,50|50,MyHP|80|Rate|30|Skill||108113,,,,,,,,,,,,,,
1774,Lv.1~10月光塔莱丛-竞技-Lv.2藤蔓砂轮(7049),wander,10,10,40,1,108121|108122,50|50,MyHP|80|Rate|30|Skill||108123,,,,,,,,,,,,,,
1775,Lv.1~10月光塔莱丛-竞技-Lv.2藤蔓砂轮术士(7050),wander,10,10,40,1,108131|108132,50|50,MyHP|80|Rate|30|Skill||108133,,,,,,,,,,,,,,
1776,Lv.1~10月光塔莱丛-竞技-Lv.2藤蔓砂轮战士(7048),wander,10,10,40,1,108141|108142,50|50,MyHP|80|Rate|30|Skill||108143,,,,,,,,,,,,,,
1777,Lv.1~10月光塔莱丛-竞技-Lv.3藤蔓砂轮队长(7051),wander,10,10,40,1,108151|108152,50|50,MyHP|80|Rate|30|Skill||108153,,,,,,,,,,,,,,
1778,Lv.1~10月光塔莱丛-竞技-Lv.4子叶特利皮特(7012),wander,10,10,40,1,108161|108162,50|50,MyHP|80|Rate|30|Skill||108163,,,,,,,,,,,,,,
1779,Lv.1~10月光塔莱丛-竞技-Lv.4砂轮样式(7050),wander,10,10,40,1,108171|108172,50|50,MyHP|80|Rate|30|Skill||108173,,,,,,,,,,,,,,
1780,Lv.1~10月光塔莱丛-竞技-Lv.4大叶特利皮特(7013),wander,10,10,40,1,108181|108182,50|50,MyHP|80|Rate|30|Skill||108183,,,,,,,,,,,,,,
1781,Lv.1~10月光塔莱丛-竞技-Lv.5特利皮特王愤怒之花(7014),wander,10,10,40,1,108191|108192,50|50,MyHP|80|Rate|30|Skill||108193,,,,,,,,,,,,,,
1782,Lv.1~10月光塔莱丛-竞技-Lv.6风之翼莫斯鲁(5024),wander,10,10,40,1,108201|108202,50|50,MyHP|80|Rate|30|Skill||108203,,,,,,,,,,,,,,
1783,Lv.1~10月光塔莱丛-竞技-Lv.6鳞之翼莫斯鲁(5025),wander,10,10,40,1,108211|108212,50|50,MyHP|80|Rate|30|Skill||108213,,,,,,,,,,,,,,
1784,Lv.1~10月光塔莱丛-竞技-Lv.6灰色(5026),wander,10,10,40,1,108221|108222,50|50,MyHP|80|Rate|30|Skill||108223,,,,,,,,,,,,,,
1785,Lv.1~10月光塔莱丛-竞技-Lv.7苗木哥布林莫斯鲁饲养员(7030),wander,10,10,40,1,108231|108232,50|50,MyHP|80|Rate|30|Skill||108233,,,,,,,,,,,,,,
1786,Lv.1~10月光塔莱丛-竞技-Lv.7芳香布里德米尔(5018),wander,10,10,40,1,108241|108242,50|50,MyHP|80|Rate|30|Skill||108243,,,,,,,,,,,,,,
1787,Lv.1~10月光塔莱丛-竞技-Lv.7香气布里德米尔(5019),wander,10,10,40,1,108251|108252,50|50,MyHP|80|Rate|30|Skill||108253,,,,,,,,,,,,,,
1788,Lv.1~10月光塔莱丛-竞技-Lv.9苗木哥布林布里德米尔饲养员(7030),wander,10,10,40,1,108271|108272,50|50,MyHP|80|Rate|30|Skill||108273,,,,,,,,,,,,,,
1789,Lv.1~10月光塔莱丛-竞技-Lv.9苗木哥布林巫师(7032),wander,10,10,40,1,108281|108282,50|50,MyHP|80|Rate|30|Skill||108283,,,,,,,,,,,,,,
1790,Lv.1~10月光塔莱丛-竞技-Lv.8新苗布里德米尔(5018),wander,10,10,40,1,108291|108292,50|50,MyHP|80|Rate|30|Skill||108293,,,,,,,,,,,,,,
2003,Lv.6剧毒翅膀(精锐)(9002),wander,10,10,40,1,110031|110032,50|50,MyHP|80|Rate|30|Skill|110033,IdleTime|5|Skill|232511,,,,,,,,IdleRepeat|10800|Skill|232511,,,,,
2004,Lv.8族长艾尔克塔(精锐)(7003),wander,10,10,40,1,110041|110042,50|50,MyHP|80|Rate|30|Skill|110043,IdleTime|5|Skill|232511,,,,,,,,IdleRepeat|10800|Skill|232511,,,,,
2007,Lv.10族长卡鲁克(精锐)(7051),wander,10,10,40,1,110071|110072,50|50,MyHP|80|Rate|30|Skill|110073,IdleTime|5|Skill|232511,,,,,,,,IdleRepeat|10800|Skill|232511,,,,,
2008,Lv.11副头目格兰卡勒(精锐)(5035),wander,10,10,40,1,110081|110082,50|50,MyHP|80|Rate|30|Skill|110083,IdleTime|5|Skill|232511,,,,,,,,IdleRepeat|10800|Skill|232511,,,,,
2009,Lv.11残酷的克兰(精锐)(5038),stand,10,0,40,1,110091|110092,50|50,MyHP|80|Rate|30|Skill|110093,IdleTime|5|Skill|232511,,,,,,,,IdleRepeat|10800|Skill|232511,,,,,
2010,Lv.12族长蒂尔卡多(精锐)(7051),wander,0,10,40,1,110101|110102,50|50,MyHP|80|Rate|30|Skill|110103,IdleTime|5|Skill|232511,,,,,,,,IdleRepeat|10800|Skill|232511,,,,,
2011,Lv.11戴穆里申黑魔法师(精锐)(702),wander,10,10,40,1,110111|110112,50|50,MyHP|80|Rate|30|Skill|110113,IdleTime|5|Skill|232511,,,,,,,,IdleRepeat|10800|Skill|232511,,,,,
2012,Lv.12队长马凯乐(精锐)(5038),wander,10,10,40,1,110121|110122,50|50,MyHP|80|Rate|30|Skill|110123,IdleTime|5|Skill|232511,,,,,,,,IdleRepeat|10800|Skill|232511,,,,,
2013,Lv.13头目兰卡勒(精锐)(5035),wander,10,10,40,1,110131|110132,50|50,MyHP|80|Rate|30|Skill|110133,IdleTime|5|Skill|232511,,,,,,,,IdleRepeat|10800|Skill|232511,,,,,
2014,Lv.15守护者克拉尼斯(精锐)(9032),wander,10,10,40,1,110141|110142,50|50,MyHP|80|Rate|30|Skill|110143,IdleTime|5|Skill|232511,,,,,,,,IdleRepeat|10800|Skill|232511,,,,,
2015,Lv.16国王塔尔里多(精锐)(7051),wander,10,10,40,1,110151|110152,50|50,MyHP|80|Rate|30|Skill|110153,IdleTime|5|Skill|232511,,,,,,,,IdleRepeat|10800|Skill|232511,,,,,
2016,Lv.17族长泰斯拉格(精锐)(9029),wander,10,10,40,1,110161|110162,50|50,MyHP|80|Rate|30|Skill|110163,IdleTime|5|Skill|232511,,,,,,,,IdleRepeat|10800|Skill|232511,,,,,
2017,Lv.17格拉伊德(精锐)(5027),wander,10,10,40,1,110171|110172,50|50,MyHP|80|Rate|30|Skill|110173,IdleTime|5|Skill|232511,,,,,,,,IdleRepeat|10800|Skill|232511,,,,,
2018,Lv.17贪吃塞伊贝论(精锐)(9032),wander,0,10,40,1,110181|110182,50|50,MyHP|80|Rate|30|Skill|110183,IdleTime|5|Skill|232511,,,,,,,,IdleRepeat|10800|Skill|232511,,,,,
2019,Lv.17女王蛛凯伊拉(精锐)(9037),wander,10,10,40,1,110191|110192,50|50,MyHP|80|Rate|30|Skill|110193,IdleTime|5|Skill|232511,,,,,,,,IdleRepeat|10800|Skill|232511,,,,,
2020,Lv.20格兰泰斯(精锐)(5027),wander,10,10,40,1,110201|110202,50|50,MyHP|80|Rate|30|Skill|110203,IdleTime|5|Skill|232511,,,,,,,,IdleRepeat|10800|Skill|232511,,,,,
2021,Lv.20指挥官凯伊多(精锐)(700),wander,10,10,40,1,110211|110212,50|50,MyHP|80|Rate|30|Skill|110213,IdleTime|5|Skill|232511,,,,,,,,IdleRepeat|10800|Skill|232511,,,,,
2022,Lv.22红色引导者萨弗特(精锐)(1008),wander,10,10,40,1,110221|110222,50|50,MyHP|80|Rate|30|Skill|110223,IdleTime|5|Skill|232511,,,,,,,,IdleRepeat|10800|Skill|232511,,,,,
2023,Lv.22红色刽子手卡鲁斯(精锐)(1008),wander,10,10,40,1,110231|110232,50|50,MyHP|80|Rate|30|Skill|110233,IdleTime|5|Skill|232511,,,,,,,,IdleRepeat|10800|Skill|232511,,,,,
2024,Lv.23彷徨的克拉伊德(精锐)(1020),wander,10,10,40,1,110241|110242,50|50,MyHP|80|Rate|30|Skill|110243,IdleTime|5|Skill|232511,,,,,,,,IdleRepeat|10800|Skill|232511,,,,,
2025,Lv.24鲁阿克女王阿奈斯(精锐)(5050),wander,10,10,40,1,110251|110252,50|50,MyHP|80|Rate|30|Skill|110253,IdleTime|5|Skill|232511,,,,,,,,IdleRepeat|10800|Skill|232511,,,,,
2026,Lv.25指令卡尔利格(精锐)(5035),wander,10,10,40,1,110261|110262,50|50,MyHP|80|Rate|30|Skill|110263,IdleTime|5|Skill|232511,,,,,,,,IdleRepeat|10800|Skill|232511,,,,,
2027,Lv.25本尼迪克特(精锐)(5038),wander,10,10,40,1,110271|110272,50|50,MyHP|80|Rate|30|Skill|110273,IdleTime|5|Skill|232511,,,,,,,,IdleRepeat|10800|Skill|232511,,,,,
2028,Lv.25指挥魔石克拉伊德(精锐)(1020),wander,10,10,40,1,110281|110282,50|50,MyHP|80|Rate|30|Skill|110283,IdleTime|5|Skill|232511,,,,,,,,IdleRepeat|10800|Skill|232511,,,,,
2029,Lv.26艾克奈克哨兵领导贝拉伊克(精锐)(5056),wander,10,10,40,1,110291|110292,50|50,MyHP|80|Rate|30|Skill|110293,IdleTime|5|Skill|232511,,,,,,,,IdleRepeat|10800|Skill|232511,,,,,
2030,Lv.26纳克将军凯内德(精锐)(5050),wander,10,10,40,1,110301|110302,50|50,MyHP|80|Rate|30|Skill|110303,IdleTime|5|Skill|232511,,,,,,,,IdleRepeat|10800|Skill|232511,,,,,
2031,Lv.27战斗团长卢亚岛尔(精锐)(5035),wander,10,10,40,1,110311|110312,50|50,MyHP|80|Rate|30|Skill|110313,IdleTime|5|Skill|232511,,,,,,,,IdleRepeat|10800|Skill|232511,,,,,
2032,Lv.27盗贼团头领贝奥岛兰(精锐)(5038),wander,10,10,40,1,110321|110322,50|50,MyHP|80|Rate|30|Skill|110323,IdleTime|5|Skill|232511,,,,,,,,IdleRepeat|10800|Skill|232511,,,,,
2033,Lv.27暴走的指挥哥雷布艾伊德(精锐)(7002),wander,10,10,40,1,110331|110332,50|50,MyHP|80|Rate|30|Skill|110333,IdleTime|5|Skill|232511,,,,,,,,IdleRepeat|10800|Skill|232511,,,,,
2034,Lv.28大王贝雷茵(精锐)(5045),wander,10,10,40,1,110341|110342,50|50,MyHP|80|Rate|30|Skill|110343,IdleTime|5|Skill|232511,,,,,,,,IdleRepeat|10800|Skill|232511,,,,,
2035,Lv.28女王阿库叶尔(精锐)(5047),wander,10,10,40,1,110351|110352,50|50,MyHP|80|Rate|30|Skill|110353,IdleTime|5|Skill|232511,,,,,,,,IdleRepeat|10800|Skill|232511,,,,,
2036,Lv.29赫尔德雷伊(精锐)(5017),wander,10,10,40,1,110361|110362,50|50,MyHP|80|Rate|30|Skill|110363,IdleTime|5|Skill|232511,,,,,,,,IdleRepeat|10800|Skill|232511,,,,,
2037,Lv.30刽子手贝勒蒂内弗(精锐)(7017),wander,10,10,40,1,110371|110372,50|50,MyHP|80|Rate|30|Skill|110373,IdleTime|5|Skill|232511,,,,,,,,IdleRepeat|10800|Skill|232511,,,,,
2039,Lv.30洛克斯哨兵司令官迈特(精锐)(5056),wander,10,10,40,1,110391|110392,50|50,MyHP|80|Rate|30|Skill|110393,IdleTime|5|Skill|232511,,,,,,,,IdleRepeat|10800|Skill|232511,,,,,
2040,Lv.30遗址的守护者(精锐)(1020),wander,10,10,40,1,110401|110402,50|50,MyHP|80|Rate|30|Skill|110403,IdleTime|5|Skill|232511,,,,,,,,IdleRepeat|10800|Skill|232511,,,,,
2041,Lv.32贝勒内斯(精锐)(5052),wander,10,10,40,1,100941|100942,50|50,MyHP|80|Rate|30|Skill|100943,IdleTime|5|Skill|232511,,,,,,,,IdleRepeat|10800|Skill|232511,,,,,
2042,Lv.32贝勒诺德(精锐)(5053),wander,10,10,40,1,100951|100952,50|50,MyHP|80|Rate|30|Skill|100953,IdleTime|5|Skill|232511,,,,,,,,IdleRepeat|10800|Skill|232511,,,,,
2043,Lv.32夜警(精锐)(9016),wander,10,10,40,1,101441|101442,50|50,MyHP|80|Rate|30|Skill|101443,IdleTime|5|Skill|232511,,,,,,,,IdleRepeat|10800|Skill|232511,,,,,
2044,Lv.32突击队长罗伊蒂(精锐)(7043),wander,10,10,40,1,101461|101462,50|50,MyHP|80|Rate|30|Skill|101463,IdleTime|5|Skill|232511,,,,,,,,IdleRepeat|10800|Skill|232511,,,,,
2045,Lv.33族长凯内尔(精锐)(7042),wander,10,10,40,1,100991|100992,50|50,MyHP|80|Rate|30|Skill|100993,IdleTime|5|Skill|232511,,,,,,,,IdleRepeat|10800|Skill|232511,,,,,
2046,Lv.33顾问扎伊德(精锐)(7044),wander,10,10,40,1,101001|101002,50|50,MyHP|80|Rate|30|Skill|101003,IdleTime|5|Skill|232511,,,,,,,,IdleRepeat|10800|Skill|232511,,,,,
2047,Lv.34莫斯鲁门卫(精锐)(5026),wander,10,10,40,1,101031|101032,50|50,MyHP|80|Rate|30|Skill|101033,IdleTime|5|Skill|232511,,,,,,,,IdleRepeat|10800|Skill|232511,,,,,
2048,Lv.34指挥魔石克雷伊盾(精锐)(7002),wander,10,10,40,1,101051|101052,50|50,MyHP|80|Rate|30|Skill|101053,IdleTime|5|Skill|232511,,,,,,,,IdleRepeat|10800|Skill|232511,,,,,
2049,Lv.35堕落的指挥者格雷高力(精锐)(5017),stand,10,0,40,1,101081|101082,50|50,MyHP|80|Rate|30|Skill|101083,IdleTime|5|Skill|232511,,,,,,,,IdleRepeat|10800|Skill|232511,,,,,
2050,Lv.35堕落的守护者洛斯提雅(精锐)(5014),stand,10,0,40,1,105431|105432,50|50,MyHP|80|Rate|30|Skill|105433,IdleTime|5|Skill|232511,,,,,,,,IdleRepeat|10800|Skill|232511,,,,,
2051,Lv.35指挥官克拉内斯(精锐)(700),wander,10,10,40,1,101111|101112,50|50,MyHP|80|Rate|30|Skill|101113,IdleTime|5|Skill|232511,,,,,,,,IdleRepeat|10800|Skill|232511,,,,,
2052,Lv.36斩杀者列凯勒特(精锐)(1023),wander,10,10,40,1,105421|105422,50|50,MyHP|80|Rate|30|Skill|105423,IdleTime|5|Skill|232511,,,,,,,,IdleRepeat|10800|Skill|232511,,,,,
2053,Lv.37被污染的守护者贝勒皿(精锐)(5014),wander,10,10,40,1,105431|105432,50|50,MyHP|80|Rate|30|Skill|105433,IdleTime|5|Skill|232511,,,,,,,,IdleRepeat|10800|Skill|232511,,,,,
2054,Lv.38堕落的指挥者纳塔雷斯(精锐)(5017),stand,10,0,40,1,101081|101082,50|50,MyHP|80|Rate|30|Skill|101083,IdleTime|5|Skill|232511,,,,,,,,IdleRepeat|10800|Skill|232511,,,,,
2055,Lv.38红牙扎卡德(精锐)(5068),wander,10,10,40,1,101241|101242,50|50,MyHP|80|Rate|30|Skill|101243,IdleTime|5|Skill|232511,,,,,,,,IdleRepeat|10800|Skill|232511,,,,,
2056,Lv.39钢指克里德(精锐)(5071),wander,10,10,40,1,101251|101252,50|50,MyHP|80|Rate|30|Skill|101253,IdleTime|5|Skill|232511,,,,,,,,IdleRepeat|10800|Skill|232511,,,,,
2057,Lv.39染上黑暗的艾伊内雅(精锐)(3026),wander,10,10,40,1,101281|101282,50|50,MyHP|80|Rate|30|Skill|101283,IdleTime|5|Skill|232511,,,,,,,,IdleRepeat|10800|Skill|232511,,,,,
2058,Lv.40指挥官雷伊莎克(精锐)(700),wander,10,10,40,1,101321|101322,50|50,MyHP|80|Rate|30|Skill|101323,IdleTime|5|Skill|232511,,,,,,,,IdleRepeat|10800|Skill|232511,,,,,
2059,Lv.40队长海瑟(精锐)(701),wander,10,10,40,1,101351|101352,50|50,MyHP|80|Rate|30|Skill|101353,IdleTime|5|Skill|232511,,,,,,,,IdleRepeat|10800|Skill|232511,,,,,
2060,Lv.39刽子手布雷德洛斯(精锐)(700),wander,10,10,40,1,110421|110422,50|50,MyHP|80|Rate|30|Skill|110423,IdleTime|5|Skill|232511,,,,,,,,IdleRepeat|10800|Skill|232511,,,,,
2061,Lv.39刽子手克纳勒(精锐)(700),wander,10,10,40,1,110431|110432,50|50,MyHP|80|Rate|30|Skill|110433,IdleTime|5|Skill|232511,,,,,,,,IdleRepeat|10800|Skill|232511,,,,,
2062,Lv.41司令骑士布里坚(精锐)(3004),wander,10,10,40,1,101381|101382,50|50,MyHP|80|Rate|30|Skill|101383,IdleTime|5|Skill|232511,,,,,,,,IdleRepeat|10800|Skill|232511,,,,,
2063,Lv.41饭桶于聘(精锐)(1029),wander,10,10,40,1,110451|110452,50|50,MyHP|80|Rate|30|Skill|110453,IdleTime|5|Skill|232511,,,,,,,,IdleRepeat|10800|Skill|232511,,,,,
2064,Lv.41饥饿的突伦(精锐)(1029),wander,10,10,40,1,110461|110462,50|50,MyHP|80|Rate|30|Skill|110463,IdleTime|5|Skill|232511,,,,,,,,IdleRepeat|10800|Skill|232511,,,,,
2065,Lv.41攻击性的尼克(精锐)(1029),wander,10,10,40,1,110471|110472,50|50,MyHP|80|Rate|30|Skill|110473,IdleTime|5|Skill|232511,,,,,,,,IdleRepeat|10800|Skill|232511,,,,,
2066,Lv.41红熊瑞迪内于(精锐)(5071),wander,10,10,40,1,110481|110482,50|50,MyHP|80|Rate|30|Skill|110483,IdleTime|5|Skill|232511,,,,,,,,IdleRepeat|10800|Skill|232511,,,,,
2067,Lv.42无情哉勒卡(精锐)(5053),wander,10,10,40,1,110491|110492,50|50,MyHP|80|Rate|30|Skill|110493,IdleTime|5|Skill|232511,,,,,,,,IdleRepeat|10800|Skill|232511,,,,,
2068,Lv.4女王蚁格雷塔(精锐)(5050),wander,10,10,40,1,110501|110502,50|50,MyHP|80|Rate|30|Skill|110503,IdleTime|5|Skill|232511,,,,,,,,IdleRepeat|10800|Skill|232511,,,,,
2069,Lv.42钢指夏主克(精锐)(9019),wander,10,10,40,1,110511|110512,50|50,MyHP|80|Rate|30|Skill|110513,IdleTime|5|Skill|232511,,,,,,,,IdleRepeat|10800|Skill|232511,,,,,
2070,Lv.42刺颚贝利斯(精锐)(5050),wander,10,10,40,1,110521|110522,50|50,MyHP|80|Rate|30|Skill|110523,IdleTime|5|Skill|232511,,,,,,,,IdleRepeat|10800|Skill|232511,,,,,
2071,Lv.42粗颚克劳尼斯(精锐)(5050),wander,10,10,40,1,110531|110532,50|50,MyHP|80|Rate|30|Skill|110533,IdleTime|5|Skill|232511,,,,,,,,IdleRepeat|10800|Skill|232511,,,,,
2073,Lv.43看守链贝利特(精锐)(1011),wander,10,10,40,1,110551|110552,50|50,MyHP|80|Rate|30|Skill|110553,IdleTime|5|Skill|232511,,,,,,,,IdleRepeat|10800|Skill|232511,,,,,
2074,Lv.43看守队长贝纳克斯(精锐)(1011),wander,10,10,40,1,110561|110562,50|50,MyHP|80|Rate|30|Skill|110563,IdleTime|5|Skill|232511,,,,,,,,IdleRepeat|10800|Skill|232511,,,,,
2075,Lv.43塔破坏者迈巴克(精锐)(1017),wander,10,10,40,1,110571|110572,50|50,MyHP|80|Rate|30|Skill|110573,IdleTime|5|Skill|232511,,,,,,,,IdleRepeat|10800|Skill|232511,,,,,
2076,Lv.43火焰石克拉凯(精锐)(7002),wander,10,10,40,1,110581|110582,50|50,MyHP|80|Rate|30|Skill|110583,IdleTime|5|Skill|232511,,,,,,,,IdleRepeat|10800|Skill|232511,,,,,
2077,Lv.43粗叶巴茵特(精锐)(7014),wander,10,10,40,1,110591|110592,50|50,MyHP|80|Rate|30|Skill|110593,IdleTime|5|Skill|232511,,,,,,,,IdleRepeat|10800|Skill|232511,,,,,
2078,Lv.44萨利伊娜(精锐)(7023),wander,10,10,40,1,110601|110602,50|50,MyHP|80|Rate|30|Skill|110603,IdleTime|5|Skill|232511,,,,,,,,IdleRepeat|10800|Skill|232511,,,,,
2079,Lv.44山脉脚趾之雷克(精锐)(9012),wander,10,10,40,1,110611|110612,50|50,MyHP|80|Rate|30|Skill|110613,IdleTime|5|Skill|232511,,,,,,,,IdleRepeat|10800|Skill|232511,,,,,
2080,Lv.44山脉枯木之特里囤(精锐)(5014),wander,10,10,40,1,110621|110622,50|50,MyHP|80|Rate|30|Skill|110623,IdleTime|5|Skill|232511,,,,,,,,IdleRepeat|10800|Skill|232511,,,,,
2081,Lv.44血色的知奥勒格(精锐)(53008),wander,10,10,40,1,110631|110632,50|50,MyHP|80|Rate|30|Skill|110633,IdleTime|5|Skill|232511,,,,,,,,IdleRepeat|10800|Skill|232511,,,,,
2082,Lv.44山脉刽子手梓主克(精锐)(53006),wander,10,10,40,1,110641|110642,50|50,MyHP|80|Rate|30|Skill|110643,IdleTime|5|Skill|232511,,,,,,,,IdleRepeat|10800|Skill|232511,,,,,
2083,Lv.45血色家族卡勒扎克(精锐)(9013),wander,10,10,40,1,110651|110652,50|50,MyHP|80|Rate|30|Skill|110653,IdleTime|5|Skill|232511,,,,,,,,IdleRepeat|10800|Skill|232511,,,,,
2084,Lv.45石鳞戴鲁者(9013)精锐,wander,10,10,40,1,102091|102092,50|50,MyHP|80|Rate|30|Skill|102093,IdleTime|5|Skill|232511,,,,,,,,IdleRepeat|10800|Skill|232511,,,,,
2085,Lv.45熔岩石绿雷伊克(9014)精锐,wander,10,10,40,1,102121|102122,50|50,MyHP|80|Rate|30|Skill|102123,IdleTime|5|Skill|232511,,,,,,,,IdleRepeat|10800|Skill|232511,,,,,
2086,Lv.45血色智者特鲁阿克(精锐)(53011),wander,10,10,40,1,110661|110662,50|50,MyHP|80|Rate|30|Skill|110663,IdleTime|5|Skill|232511,,,,,,,,IdleRepeat|10800|Skill|232511,,,,,
2087,Lv.46[卢卡斯关隘](非先攻)堕落的指挥者贝纳勒(精锐)(3020),wander,0,10,40,1,110681|110682,50|50,MyHP|80|Rate|30|Skill|110683,IdleTime|5|Skill|232511,,,,,,,,IdleRepeat|10800|Skill|232511,,,,,
2088,Lv.46[卢卡斯关隘](非先攻)混乱的奴隶诺伊艾勒(精锐)(5041),wander,0,10,40,1,110691|110692,50|50,MyHP|80|Rate|30|Skill|110693,IdleTime|5|Skill|232511,,,,,,,,IdleRepeat|10800|Skill|232511,,,,,
2089,Lv.47[纳尔逊农场](非先攻)泰迪斯的祭品(精锐)(7011),wander,10,10,40,1,110701|110702,50|50,MyHP|80|Rate|30|Skill|110703,IdleTime|5|Skill|232511,,,,,,,,IdleRepeat|10800|Skill|232511,,,,,
2090,Lv.46[纳尔逊农场]疫病管理者泰迪斯(精锐)(1004),wander,10,10,40,1,110711|110712,50|50,MyHP|80|Rate|30|Skill|110713,IdleTime|5|Skill|232511,,,,,,,,IdleRepeat|10800|Skill|232511,,,,,
2091,Lv.46[卢克村子里的废墟]堕落的魔道师露丝皮尔(精锐)(1005),wander,10,10,40,1,110721|110722,50|50,MyHP|80|Rate|30|Skill|110723,IdleTime|5|Skill|232511,,,,,,,,IdleRepeat|10800|Skill|232511,,,,,
2092,Lv.46[卢克村子里的废墟]暴乱的派克斯(精锐)(1011),wander,10,10,40,1,110731|110732,50|50,MyHP|80|Rate|30|Skill|110733,IdleTime|5|Skill|232511,,,,,,,,IdleRepeat|10800|Skill|232511,,,,,
2093,Lv.46[戴伊安关隘](非先攻)守门将亚尔克茵(精锐)(1032),wander,0,10,40,1,110741|110742,50|50,MyHP|80|Rate|30|Skill|110743,IdleTime|5|Skill|232511,,,,,,,,IdleRepeat|10800|Skill|232511,,,,,
2094,Lv.47[棕色沙漠](非先攻)混乱的冤魂克劳卡伊(精锐)(1008),wander,0,10,40,1,110751|110752,50|50,MyHP|80|Rate|30|Skill|110753,IdleTime|5|Skill|232511,,,,,,,,IdleRepeat|10800|Skill|232511,,,,,
2095,Lv.47[棕色沙漠](非先攻)队长布劳德玛伍(精锐)(53011),wander,10,10,40,1,110761|110762,50|50,MyHP|80|Rate|30|Skill|110763,IdleTime|5|Skill|232511,Die|0|TriggerSkill|200171,,,,,,,IdleRepeat|10800|Skill|232511,,,,,
2096,Lv.47[艾姆帕斯野营地]艾姆帕斯的冤魂(精锐)(1002),wander,10,10,40,1,110771|110772,50|50,MyHP|80|Rate|30|Skill|110773,IdleTime|5|Skill|232511,,,,,,,,IdleRepeat|10800|Skill|232511,,,,,
2097,Lv.47[凯尔迪亚墓地]黑主雷姆利雅(精锐)(1026),wander,10,10,40,1,110781|110782,50|50,MyHP|80|Rate|30|Skill|110783,IdleTime|5|Skill|232511,,,,,,,,IdleRepeat|10800|Skill|232511,,,,,
2098,Lv.47[凯尔迪亚墓地]骷髅骑士特拉卡(精锐)(7076),wander,10,10,40,1,110791|110792,50|50,MyHP|80|Rate|30|Skill|110793,IdleTime|5|Skill|232511,,,,,,,,IdleRepeat|10800|Skill|232511,,,,,
2099,Lv.47[贝勒内尔墓地]派皮勒的下人泰利雅(精锐)(9038),wander,10,10,40,1,110801|110801,50|50,MyHP|80|Rate|30|Skill|110802,IdleTime|5|Skill|232511,,,,,,,,IdleRepeat|10800|Skill|232511,,,,,
2100,Lv.47[贝勒内尔墓地]黑主布利斯(精锐)(1026),wander,10,10,40,1,110811|110812,50|50,MyHP|80|Rate|30|Skill|110813,IdleTime|5|Skill|232511,,,,,,,,IdleRepeat|10800|Skill|232511,,,,,
2101,Lv.48[破灭之路](非先攻)大疫病虫论劳克(精锐)(3008),wander,0,10,40,1,110821|110822,50|50,MyHP|80|Rate|30|Skill|110823,IdleTime|5|Skill|232511,,,,,,,,IdleRepeat|10800|Skill|232511,,,,,
2102,Lv.48[破灭之路](非先攻)大疫病蜘蛛兰塞度勒(精锐)(9038),wander,0,10,40,1,110831|110832,50|50,MyHP|80|Rate|30|Skill|110833,IdleTime|5|Skill|232511,,,,,,,,IdleRepeat|10800|Skill|232511,,,,,
2103,Lv.48[瘟疫之谷]瘟疫的主人拉扎露斯(精锐)(1042),wander,10,10,40,1,110841|110842,50|50,MyHP|80|Rate|30|Skill|110843,IdleTime|5|Skill|232511,,,,,,,,IdleRepeat|10800|Skill|232511,,,,,
2104,Lv.48[亡者溪谷]亡者的主人卡特尼尔(精锐)(1041),wander,10,10,40,1,110851|110852,50|50,MyHP|80|Rate|30|Skill|110853,IdleTime|5|Skill|232511,,,,,,,,IdleRepeat|10800|Skill|232511,,,,,
2105,Lv.49[克拉德农场]混乱的契约者罗兹伦(精锐)(1004),stand,10,0,40,1,110861|110862,50|50,MyHP|80|Rate|30|Skill|110863,IdleTime|5|Skill|232511,,,,,,,,IdleRepeat|10800|Skill|232511,,,,,
2106,Lv.49[克拉德农场](非先攻)罗兹伦的亡灵(精锐)(7078),wander,0,10,40,1,110871|110872,50|50,MyHP|80|Rate|30|Skill|110873,IdleTime|5|Skill|232511,,,,,,,,IdleRepeat|10800|Skill|232511,,,,,
2107,Lv.49[艾伦村子里的废墟]混乱的契约者拉提仑(精锐)(1005),stand,10,0,40,1,110881|110882,50|50,MyHP|80|Rate|30|Skill|110883,IdleTime|5|Skill|232511,,,,,,,,IdleRepeat|10800|Skill|232511,,,,,
2108,Lv.49[艾伦村子里的废墟]残酷的布雷伊扥(精锐)(1011),stand,10,0,40,1,110891|110892,50|50,MyHP|80|Rate|30|Skill|110893,IdleTime|5|Skill|232511,,,,,,,,IdleRepeat|10800|Skill|232511,,,,,
2109,Lv.49[棕色沙漠](非先攻)队长布劳特罗迪克(精锐)(53011),wander,0,10,40,1,110901|110902,50|50,MyHP|80|Rate|30|Skill|110903,IdleTime|5|Skill|232511,Die|0|TriggerSkill|200179,,,,,,,IdleRepeat|10800|Skill|232511,,,,,
2110,Lv.49[克拉里奥斯村庄]村长拉赫尔特(精锐)(30001),stand,0,0,40,1,,,Die|0|TriggerSkill|200182,,,,,,,,,,,,,,
2111,Lv.49[克拉里奥斯领地]夜幕的灵魂(精锐)(5005),wander,10,10,40,1,110911|110912,50|50,MyHP|80|Rate|30|Skill|110913,IdleTime|5|Skill|232511,,,,,,,,IdleRepeat|10800|Skill|232511,,,,,
2112,Lv.49[克拉里奥斯领地]堕落的骑士团长格雷高力(精锐)(50106),wander,0,10,40,1,110921|110922,50|50,MyHP|80|Rate|30|Skill|110923,IdleTime|5|Skill|232511,,,,,,,,IdleRepeat|10800|Skill|232511,,,,,
2113,Lv.49[克拉里奥斯领地]堕落的副队长本尼迪克特(精锐)(50105),wander,10,10,40,1,110931|110932,50|50,MyHP|80|Rate|30|Skill|110933,IdleTime|5|Skill|232511,,,,,,,,IdleRepeat|10800|Skill|232511,,,,,
2114,Lv.49[克拉里奥斯领地]堕落的参谋长路伊兹(精锐)(50607),wander,10,10,40,1,110941|110942,50|50,MyHP|80|Rate|30|Skill|110943,IdleTime|5|Skill|232511,,,,,,,,IdleRepeat|10800|Skill|232511,,,,,
2115,Lv.49[克拉里奥斯领地]堕落的克拉里奥斯侯爵(精锐)(50110),wander,10,10,40,1,110951|110952,50|50,MyHP|80|Rate|30|Skill|110953,IdleTime|5|Skill|232511,,,,,,,,IdleRepeat|10800|Skill|232511,,,,,
2116,Lv.49[斯蒂尔普瑞](非先攻)首都防御之师将军布雷伊德(精锐)(50110),stand,0,0,40,1,110961|110962,50|50,MyHP|80|Rate|30|Skill|110963,IdleTime|5|Skill|232511,Die|0|TriggerSkill|200188,,,,,,,IdleRepeat|10800|Skill|232511,,,,,
2117,Lv.50[堕落者的休息区]黑月赛莱克(精锐)(1044),stand,10,0,40,1,110971|110972,50|50,MyHP|80|Rate|30|Skill|110973,IdleTime|5|Skill|232511,,,,,,,,IdleRepeat|10800|Skill|232511,,,,,
2118,Lv.50[堕落者的休息区]铁壁纳德利克(精锐)(53010),wander,10,10,40,1,110981|110982,50|50,MyHP|80|Rate|30|Skill|110983,IdleTime|5|Skill|232511,,,,,,,,IdleRepeat|10800|Skill|232511,,,,,
2119,Lv.50[堕落者的休息区]敏捷贝勒内斯(精锐)(53509),wander,10,10,40,1,110991|110992,50|50,MyHP|80|Rate|30|Skill|110993,IdleTime|5|Skill|232511,,,,,,,,IdleRepeat|10800|Skill|232511,,,,,
2120,Lv.50[堕落者的休息区]残酷的诺伊雅奈(精锐)(53510),wander,10,10,40,1,111001|111002,50|50,MyHP|80|Rate|30|Skill|111003,IdleTime|5|Skill|232511,,,,,,,,IdleRepeat|10800|Skill|232511,,,,,
2121,Lv.50[堕落者的休息区]邪恶的凯尔凯德(精锐)(53011),wander,10,10,40,1,111011|111012,50|50,MyHP|80|Rate|30|Skill|111013,IdleTime|5|Skill|232511,,,,,,,,IdleRepeat|10800|Skill|232511,,,,,
2122,Lv.50[堕落者的休息区]黑暗画家贝尔贝鲁斯(精锐)(1040),wander,10,10,40,1,111021|111022,50|50,MyHP|80|Rate|30|Skill|111023,IdleTime|5|Skill|232511,,,,,,,,IdleRepeat|10800|Skill|232511,,,,,
2123,Lv.50[堕落者的休息区]黑阳鲁世德(精锐)(50110),stand,10,0,40,1,111031|111032,50|50,MyHP|80|Rate|30|Skill|111033,IdleTime|5|Skill|232511,,,,,,,,IdleRepeat|10800|Skill|232511,,,,,
2124,Lv.50[堕落者的休息区]黑阳海克斯(精锐)(50105),stand,10,0,40,1,111041|111042,50|50,MyHP|80|Rate|30|Skill|111043,IdleTime|5|Skill|232511,,,,,,,,IdleRepeat|10800|Skill|232511,,,,,
2125,Lv.50[堕落者的休息区]黑阳巴勒卡(精锐)(50607),stand,10,0,40,1,111051|111052,50|50,MyHP|80|Rate|30|Skill|111053,IdleTime|5|Skill|232511,,,,,,,,IdleRepeat|10800|Skill|232511,,,,,
2126,Lv.50[堕落者的休息区]欲望的露西派伦(精锐)(1035),wander,10,10,40,1,111061|111062,50|50,MyHP|80|Rate|30|Skill|111063,IdleTime|5|Skill|232511,,,,,,,,IdleRepeat|10800|Skill|232511,,,,,
2127,Lv.52[蓝色的藤蔓树]蓝藤守护者/贝勒格罗萨(精锐)(7014),wander,10,10,40,1,,,,,,,,,,,,,,,,,
2128,Lv.52[被占领的研究设施]日落拉塞因(精锐)(),wander,10,10,40,1,,,,,,,,,,,,,,,,,
2129,Lv.52[被占领的研究设施]暴乱的实验体/卡里卡斯(精锐)(5020),wander,10,10,40,1,,,Die|0|TriggerSkill|200212,,,,,,,,,,,,,,
2130,Lv.52[梦的捕食者之穴]梦的支配者雷莎勒(精锐)(),wander,10,10,40,1,,,,,,,,,,,,,,,,,
2131,Lv.53[画之火箭部队驻地]画之火箭部队/侦察队队长希洛克(精锐)(5044),wander,10,10,40,1,,,,,,,,,,,,,,,,,
2132,Lv.52[画之火箭部队驻地]巨大投石器(精锐)(12042),wander,10,10,40,1,,,,,,,,,,,,,,,,,
2133,Lv.52[画之火箭部队驻地]画之火箭部队/护卫队队长卢克兰(精锐)(5039),wander,10,10,40,1,,,,,,,,,,,,,,,,,
2134,Lv.53[]画之火箭部队/副队长贝尔第伯尔尼(精锐)(53010),wander,10,10,40,1,,,,,,,,,,,,,,,,,
2135,Lv.53[天空之光守卫]湖水守护者/克拉基奥(精锐)(9008),wander,10,10,40,1,,,Die|0|TriggerSkill|200219,,,,,,,,,,,,,,
2136,Lv.52[疯狂的斧头部队]开凿士兵卢克莱西亚(精锐)(1017),wander,10,10,40,1,,,,,,,,,,,,,,,,,
2137,Lv.53[疯狂的斧头部队]疯狂的斧头部队/副队长罗德里里戈(精锐)(),wander,10,10,40,1,,,,,,,,,,,,,,,,,
2138,Lv.54[恶梦恶梦之陵]恶梦的支配者贝勒诺亚(精锐)(),wander,10,10,40,1,,,,,,,,,,,,,,,,,
2139,Lv.54[恶梦之穴]大司祭布拉客(精锐)(),wander,10,10,40,1,,,,,,,,,,,,,,,,,
2140,Lv.54[恶梦之穴]恶梦的将军巴尔巴隆(精锐)(),wander,10,10,40,1,,,,,,,,,,,,,,,,,
2141,Lv.53[恶梦之穴]坚强雷吐斯(精锐)(),wander,10,10,40,1,,,,,,,,,,,,,,,,,
2142,Lv.53[恶梦之穴]迟钝的艾伦马斯(精锐)(),wander,10,10,40,1,,,,,,,,,,,,,,,,,
2143,Lv.54[红色火焰要塞]红色火焰部队/强化的罗杰罗斯(精锐)(7039),wander,10,10,40,1,,,,,,,,,,,,,,,,,
2144,Lv.54[红色火焰要塞]红色火焰部队/指挥官凯纳德(精锐)(53011),wander,10,10,40,1,,,,,,,,,,,,,,,,,
2145,Lv.53[红色火焰要塞]红眼罗克斯(精锐)(),wander,10,10,40,1,,,,,,,,,,,,,,,,,
2146,Lv.53[红色火焰要塞]巨大的卢克美兰(精锐)(),wander,10,10,40,1,,,,,,,,,,,,,,,,,
2147,Lv.33巨大的灵魂猎人(精锐)(5065),wander,10,10,40,1,110411|110412,50|50,MyHP|80|Rate|30|Skill|110413,IdleTime|5|Skill|232511,,,,,,,,IdleRepeat|10800|Skill|232511,,,,,
2148,Lv.42血光之翼修利克(精锐)(9020),wander,10,10,40,1,115561|115562,50|50,MyHP|80|Rate|30|Skill|115563,IdleTime|5|Skill|232511,,,,,,,,IdleRepeat|10800|Skill|232511,,,,,
2149,Lv.7帐篷主人布雷德尼亚(精锐)(303),stand,0,0,40,1,110671|110672,50|50,MyHP|80|Rate|30|Skill|110673,IdleTime|5|Skill|232511,,,,,,,,,IdleRepeat|10800|Skill|232511,,,,
2150,Lv.1~10平静的湖水-竞技-Lv.7巨人布拉考(9008)(精锐),wander,10,10,40,1,103211|103212,50|50,MyHP|80|Rate|30|Skill|103213,,,,,,,,IdleTime|5|Skill|232511,IdleRepeat|10800|Skill|232511,,,,,
2151,Lv.1~10平静的湖水-竞技-Lv.8纯白卡尔坎(5053)(精锐),wander,10,10,40,1,103241|103242,50|50,MyHP|80|Rate|30|Skill|103243,,,,,,,,IdleTime|5|Skill|232511,IdleRepeat|10800|Skill|232511,,,,,
2152,Lv.1~10平静的湖水-竞技-Lv.9龟裂的指挥者克拉德利安(9059)(精锐),wander,10,10,40,1,103291|103292,50|50,MyHP|80|Rate|30|Skill|103293,,,,,,,,IdleTime|5|Skill|232511,IdleRepeat|10800|Skill|232511,,,,,
2500,Lv.8五色之翼(精锐)(9002),wander,10,10,40,1,115001|115002,50|50,MyHP|80|Rate|30|Skill|115003,IdleTime|5|Skill|232511,,,,,,,,IdleRepeat|10800|Skill|232511,,,,,
2501,Lv.9布拉德米尔女王钢脚趾(精锐)(5020),wander,10,10,40,1,115011|115012,50|50,MyHP|80|Rate|30|Skill|115013,IdleTime|5|Skill|232511,,,,,,,,IdleRepeat|10800|Skill|232511,,,,,
2502,Lv.11哥布林祭司长可可鲁(精锐)(7004),wander,10,10,40,1,115021|115022,50|50,MyHP|80|Rate|30|Skill|115023,IdleTime|5|Skill|232511,,,,,,,,IdleRepeat|10800|Skill|232511,,,,,
2503,Lv.12尸体巡查者(精锐)(3008),wander,10,10,40,1,115031|115032,50|50,MyHP|80|Rate|30|Skill|115033,IdleTime|5|Skill|232511,,,,,,,,IdleRepeat|10800|Skill|232511,,,,,
2504,Lv.13贪吃的甲虫(精锐)(3008),wander,10,10,40,1,115041|115042,50|50,MyHP|80|Rate|30|Skill|115043,IdleTime|5|Skill|232511,,,,,,,,IdleRepeat|10800|Skill|232511,,,,,
2505,Lv.13被血染湿的花叶(精锐)(7014),wander,10,10,40,1,115051|115052,50|50,MyHP|80|Rate|30|Skill|115053,IdleTime|5|Skill|232511,,,,,,,,IdleRepeat|10800|Skill|232511,,,,,
2506,Lv.15永不凋零的树枝艾尔拉候(精锐)(5014),wander,10,10,40,1,115061|115062,50|50,MyHP|80|Rate|30|Skill|115063,IdleTime|5|Skill|232511,,,,,,,,IdleRepeat|10800|Skill|232511,,,,,
2507,Lv.15钢铁脚趾老虎蛛(精锐)(9032),wander,10,10,40,1,115071|115072,50|50,MyHP|80|Rate|30|Skill|115073,IdleTime|5|Skill|232511,,,,,,,,IdleRepeat|10800|Skill|232511,,,,,
2508,Lv.16连环杀人魔利颇(精锐)(1023),wander,10,10,40,1,115081|115082,50|50,MyHP|80|Rate|30|Skill|115083,IdleTime|5|Skill|232511,,,,,,,,IdleRepeat|10800|Skill|232511,,,,,
2509,Lv.17愤怒的嚎叫贝尔拉候(精锐)(5014),wander,10,10,40,1,115091|115092,50|50,MyHP|80|Rate|30|Skill|115093,IdleTime|5|Skill|232511,,,,,,,,IdleRepeat|10800|Skill|232511,,,,,
2510,Lv.18流血木偶(精锐)(1023),wander,10,10,40,1,115101|115102,50|50,MyHP|80|Rate|30|Skill|115103,IdleTime|5|Skill|232511,,,,,,,,IdleRepeat|10800|Skill|232511,,,,,
2511,Lv.20黑舌蛮博(精锐)(3002),wander,10,10,40,1,115111|115112,50|50,MyHP|80|Rate|30|Skill|115113,IdleTime|5|Skill|232511,,,,,,,,IdleRepeat|10800|Skill|232511,,,,,
2512,Lv.20七步贝诺恩(精锐)(3002),wander,10,10,40,1,115121|115122,50|50,MyHP|80|Rate|30|Skill|115123,IdleTime|5|Skill|232511,,,,,,,,IdleRepeat|10800|Skill|232511,,,,,
2513,Lv.22乞丐王哥布林牛头(精锐)(7005),wander,10,10,40,1,115131|115132,50|50,MyHP|80|Rate|30|Skill|115133,IdleTime|5|Skill|232511,,,,,,,,IdleRepeat|10800|Skill|232511,,,,,
2514,Lv.23犬齿大王普鲁鲁(精锐)(7053),wander,10,10,40,1,115141|115142,50|50,MyHP|80|Rate|30|Skill|115143,IdleTime|5|Skill|232511,,,,,,,,IdleRepeat|10800|Skill|232511,,,,,
2515,Lv.24眼睫毛族长石脚掌(精锐)(7036),wander,10,10,40,1,115151|115152,50|50,MyHP|80|Rate|30|Skill|115153,IdleTime|5|Skill|232511,,,,,,,,IdleRepeat|10800|Skill|232511,,,,,
2516,Lv.25补给队长普尔朗克(精锐)(5041),wander,10,10,40,1,115161|115162,50|50,MyHP|80|Rate|30|Skill|115163,IdleTime|5|Skill|232511,,,,,,,,IdleRepeat|10800|Skill|232511,,,,,
2517,Lv.26头领尖叫声咆哮(精锐)(7006),wander,10,10,40,1,115171|115172,50|50,MyHP|80|Rate|30|Skill|115173,IdleTime|5|Skill|232511,,,,,,,,IdleRepeat|10800|Skill|232511,,,,,
2518,Lv.27雪崩库勒塔(精锐)(7026),wander,10,10,40,1,115181|115182,50|50,MyHP|80|Rate|30|Skill|115183,IdleTime|5|Skill|232511,,,,,,,,IdleRepeat|10800|Skill|232511,,,,,
2519,Lv.27杀人魔失利颇德(精锐)(9008),wander,10,10,40,1,115191|115192,50|50,MyHP|80|Rate|30|Skill|115193,IdleTime|5|Skill|232511,,,,,,,,IdleRepeat|10800|Skill|232511,,,,,
2520,Lv.28冰面马勒佳(精锐)(3011),wander,10,10,40,1,115201|115202,50|50,MyHP|80|Rate|30|Skill|115203,IdleTime|5|Skill|232511,,,,,,,,IdleRepeat|10800|Skill|232511,,,,,
2521,Lv.29寒气呼吸克罗尔(精锐)(7026),wander,10,10,40,1,115211|115212,50|50,MyHP|80|Rate|30|Skill|115213,IdleTime|5|Skill|232511,,,,,,,,IdleRepeat|10800|Skill|232511,,,,,
2522,Lv.29黑色霹雳斯琪提克(精锐)(3014),wander,10,10,40,1,115221|115222,50|50,MyHP|80|Rate|30|Skill|115223,IdleTime|5|Skill|232511,,,,,,,,IdleRepeat|10800|Skill|232511,,,,,
2523,Lv.29三眼客迈拉艾琪德(精锐)(7020),wander,10,10,40,1,115231|115232,50|50,MyHP|80|Rate|30|Skill|115233,IdleTime|5|Skill|232511,,,,,,,,IdleRepeat|10800|Skill|232511,,,,,
2524,Lv.30冰之部队突击队长西拉克(精锐)(5041),wander,10,10,40,1,115241|115242,50|50,MyHP|80|Rate|30|Skill|115243,IdleTime|5|Skill|232511,,,,,,,,IdleRepeat|10800|Skill|232511,,,,,
2525,Lv.30血红色之光夏克尔鲁(精锐)(9029),wander,10,10,40,1,115251|115252,50|50,MyHP|80|Rate|30|Skill|115253,IdleTime|5|Skill|232511,,,,,,,,IdleRepeat|10800|Skill|232511,,,,,
2526,Lv.30帮助之风夏琪亚(精锐)(9034),wander,10,10,40,1,115261|115262,50|50,MyHP|80|Rate|30|Skill|115263,IdleTime|5|Skill|232511,,,,,,,,IdleRepeat|10800|Skill|232511,,,,,
2527,Lv.30布尔卡勒(精锐)(9035),wander,10,10,40,1,115271|115272,50|50,MyHP|80|Rate|30|Skill|115273,IdleTime|5|Skill|232511,,,,,,,,IdleRepeat|10800|Skill|232511,,,,,
2528,Lv.32红色犬齿(精锐)(5068),wander,10,10,40,1,115281|115282,50|50,MyHP|80|Rate|30|Skill|115283,IdleTime|5|Skill|232511,,,,,,,,IdleRepeat|10800|Skill|232511,,,,,
2529,Lv.32混乱的心腹克尔鲁比(精锐)(1002),wander,10,10,40,1,115291|115292,50|50,MyHP|80|Rate|30|Skill|115293,IdleTime|5|Skill|232511,,,,,,,,IdleRepeat|10800|Skill|232511,,,,,
2530,Lv.32破坏的心腹琪恩蒂诺斯(精锐)(7065),wander,10,10,40,1,115301|115302,50|50,MyHP|80|Rate|30|Skill|115303,IdleTime|5|Skill|232511,,,,,,,,IdleRepeat|10800|Skill|232511,,,,,
2531,Lv.33灰脚趾(精锐)(5068),wander,10,10,40,1,115311|115312,50|50,MyHP|80|Rate|30|Skill|115313,IdleTime|5|Skill|232511,,,,,,,,IdleRepeat|10800|Skill|232511,,,,,
2532,Lv.34毒素之王皮雷吐斯(精锐)(5011),wander,10,10,40,1,115321|115322,50|50,MyHP|80|Rate|30|Skill|115323,IdleTime|5|Skill|232511,,,,,,,,IdleRepeat|10800|Skill|232511,,,,,
2533,Lv.34黑红眼野兽(精锐)(5071),wander,10,10,40,1,115331|115332,50|50,MyHP|80|Rate|30|Skill|115333,IdleTime|5|Skill|232511,,,,,,,,IdleRepeat|10800|Skill|232511,,,,,
2534,Lv.37指挥官格利西纳(精锐)(1026),wander,10,10,40,1,115341|115342,50|50,MyHP|80|Rate|30|Skill|115343,IdleTime|5|Skill|232511,,,,,,,,IdleRepeat|10800|Skill|232511,,,,,
2535,Lv.37指挥官萨博拉(精锐)(7023),wander,10,10,40,1,115351|115352,50|50,MyHP|80|Rate|30|Skill|115353,IdleTime|5|Skill|232511,,,,,,,,IdleRepeat|10800|Skill|232511,,,,,
2536,Lv.38黑色的骷髅卡博卢(精锐)(1008),wander,10,10,40,1,115361|115362,50|50,MyHP|80|Rate|30|Skill|115363,IdleTime|5|Skill|232511,,,,,,,,IdleRepeat|10800|Skill|232511,,,,,
2537,Lv.38高傲英雄(精锐)(3018),wander,10,10,40,1,115371|115372,50|50,MyHP|80|Rate|30|Skill|115373,IdleTime|5|Skill|232511,,,,,,,,IdleRepeat|10800|Skill|232511,,,,,
2538,Lv.39钢铁战士拜尔仑(精锐)(5008),wander,10,10,40,1,115381|115382,50|50,MyHP|80|Rate|30|Skill|115383,IdleTime|5|Skill|232511,,,,,,,,IdleRepeat|10800|Skill|232511,,,,,
2539,Lv.39勇猛的英雄(精锐)(3019),wander,10,10,40,1,115391|115392,50|50,MyHP|80|Rate|30|Skill|115393,IdleTime|5|Skill|232511,,,,,,,,IdleRepeat|10800|Skill|232511,,,,,
2540,Lv.39盲目的女王帕拉奇(精锐)(5006),wander,10,10,40,1,115401|115402,50|50,MyHP|80|Rate|30|Skill|115403,IdleTime|5|Skill|232511,,,,,,,,IdleRepeat|10800|Skill|232511,,,,,
2541,Lv.39没有名字的灵魂(精锐)(3020),wander,10,10,40,1,115411|115412,50|50,MyHP|80|Rate|30|Skill|115413,IdleTime|5|Skill|232511,,,,,,,,IdleRepeat|10800|Skill|232511,,,,,
2542,Lv.40鲜血狂热战士克利尔劳(精锐)(3020),wander,10,10,40,1,115421|115422,50|50,MyHP|80|Rate|30|Skill|115423,IdleTime|5|Skill|232511,,,,,,,,IdleRepeat|10800|Skill|232511,,,,,
2543,Lv.40贪欲的魔道师弗世玛(精锐)(1005),wander,10,10,40,1,115431|115432,50|50,MyHP|80|Rate|30|Skill|115433,IdleTime|5|Skill|232511,,,,,,,,IdleRepeat|10800|Skill|232511,,,,,
2544,Lv.40地狱引导者斯纳托斯(精锐)(5017),wander,10,10,40,1,115441|115442,50|50,MyHP|80|Rate|30|Skill|115443,IdleTime|5|Skill|232511,,,,,,,,IdleRepeat|10800|Skill|232511,,,,,
2545,Lv.19艾德兰(精锐)(3030),stand,10,0,40,1,105441|105442,50|50,MyHP|80|Rate|30|Skill|105443,IdleTime|5|Skill|232511,,,,,,,,IdleRepeat|10800|Skill|232511,,,,,
2546,Lv.35首长凯雷艾斯(精锐)(3023),wander,10,10,40,1,115721|115722,50|50,MyHP|80|Rate|30|Skill|115723,IdleTime|5|Skill|232511,,,,,,,,IdleRepeat|10800|Skill|232511,,,,,
2547,Lv.33黑脚趾猛兽(精锐)(5070),wander,10,10,40,1,115461|115462,50|50,MyHP|80|Rate|30|Skill|115463,IdleTime|5|Skill|232511,,,,,,,,IdleRepeat|10800|Skill|232511,,,,,
2548,Lv.31残忍的食人魔精锐)(7010),wander,10,10,40,1,115451|115452,50|50,MyHP|80|Rate|30|Skill|115453,IdleTime|5|Skill|232511,,,,,,,,IdleRepeat|10800|Skill|232511,,,,,
2549,Lv.41爆音斯卡德(精锐)(1013),wander,10,10,40,1,115471|115472,50|50,MyHP|80|Rate|30|Skill|115473,IdleTime|5|Skill|232511,,,,,,,,IdleRepeat|10800|Skill|232511,,,,,
2550,Lv.41毒口袋阿鲁卡(精锐)(9037),wander,10,10,40,1,115481|115482,50|50,MyHP|80|Rate|30|Skill|115483,IdleTime|5|Skill|232511,,,,,,,,IdleRepeat|10800|Skill|232511,,,,,
2551,Lv.41螺旋角秘托(精锐)(9016),wander,10,10,40,1,115491|115492,50|50,MyHP|80|Rate|30|Skill|115493,IdleTime|5|Skill|232511,,,,,,,,IdleRepeat|10800|Skill|232511,,,,,
2552,Lv.41浑浊纳伊奥德(精锐)(7081),wander,10,10,40,1,115501|115502,50|50,MyHP|80|Rate|30|Skill|115503,IdleTime|5|Skill|232511,,,,,,,,IdleRepeat|10800|Skill|232511,,,,,
2553,Lv.41轰音巴克(精锐)(1010),wander,10,10,40,1,115511|115512,50|50,MyHP|80|Rate|30|Skill|115513,IdleTime|5|Skill|232511,,,,,,,,IdleRepeat|10800|Skill|232511,,,,,
2554,Lv.42火焰迈尔基斯(精锐)(1031),wander,10,10,40,1,115521|115522,50|50,MyHP|80|Rate|30|Skill|115523,IdleTime|5|Skill|232511,,,,,,,,IdleRepeat|10800|Skill|232511,,,,,
2555,Lv.42族长斯派伊卡(精锐)(9010),wander,10,10,40,1,115531|115532,50|50,MyHP|80|Rate|30|Skill|115533,IdleTime|5|Skill|232511,,,,,,,,IdleRepeat|10800|Skill|232511,,,,,
2556,Lv.42害怕的世克塔(精锐)(7083),wander,10,10,40,1,115541|115542,50|50,MyHP|80|Rate|30|Skill|115543,IdleTime|5|Skill|232511,,,,,,,,IdleRepeat|10800|Skill|232511,,,,,
2557,Lv.42圣地守护者盖托斯(精锐)(3016),wander,10,10,40,1,115551|115552,50|50,MyHP|80|Rate|30|Skill|115553,IdleTime|5|Skill|232511,,,,,,,,IdleRepeat|10800|Skill|232511,,,,,
2558,Lv.42歪伊芬王雅尔卡托(精锐)(9019),wander,10,10,40,1,115561|115562,50|50,MyHP|80|Rate|30|Skill|115563,IdleTime|5|Skill|232511,,,,,,,,IdleRepeat|10800|Skill|232511,,,,,
2559,Lv.42咆哮库利玛(精锐)(1010),wander,10,10,40,1,115571|115572,50|50,MyHP|80|Rate|30|Skill|115573,IdleTime|5|Skill|232511,,,,,,,,IdleRepeat|10800|Skill|232511,,,,,
2560,Lv.43不屈的亚吐(精锐)(7050),wander,10,10,40,1,115581|115582,50|50,MyHP|80|Rate|30|Skill|115583,IdleTime|5|Skill|232511,,,,,,,,IdleRepeat|10800|Skill|232511,,,,,
2562,Lv.43弯角斯托拉(精锐)(9016),wander,10,10,40,1,115601|115602,50|50,MyHP|80|Rate|30|Skill|115603,IdleTime|5|Skill|232511,,,,,,,,IdleRepeat|10800|Skill|232511,,,,,
2564,Lv.43白胡子达尔拉汉(精锐)(1013),wander,10,10,40,1,115621|115622,50|50,MyHP|80|Rate|30|Skill|115623,IdleTime|5|Skill|232511,,,,,,,,IdleRepeat|10800|Skill|232511,,,,,
2566,Lv.44无情奈尔克(精锐)(5031),wander,10,10,40,1,115641|115642,50|50,MyHP|80|Rate|30|Skill|115643,IdleTime|5|Skill|232511,,,,,,,,IdleRepeat|10800|Skill|232511,,,,,
2567,Lv.44铁壁卡勒顿(精锐)(5031),wander,10,10,40,1,115651|115652,50|50,MyHP|80|Rate|30|Skill|115653,IdleTime|5|Skill|232511,,,,,,,,IdleRepeat|10800|Skill|232511,,,,,
2568,Lv.44猛烈的坤泰罗(精锐)(3016),wander,10,10,40,1,115661|115662,50|50,MyHP|80|Rate|30|Skill|115663,IdleTime|5|Skill|232511,,,,,,,,IdleRepeat|10800|Skill|232511,,,,,
2569,Lv.44激怒曼陀拉(精锐)(7053),wander,10,10,40,1,115671|115672,50|50,MyHP|80|Rate|30|Skill|115673,IdleTime|5|Skill|232511,,,,,,,,IdleRepeat|10800|Skill|232511,,,,,
2570,Lv.45信念战士巴尔蒂鲁(精锐)(3016),wander,10,10,40,1,115681|115682,50|50,MyHP|80|Rate|30|Skill|115683,IdleTime|5|Skill|232511,,,,,,,,IdleRepeat|10800|Skill|232511,,,,,
2571,Lv.45西莫诺族长泰勒塔(精锐)(9013),wander,10,10,40,1,115691|115692,50|50,MyHP|80|Rate|30|Skill|115693,IdleTime|5|Skill|232511,,,,,,,,IdleRepeat|10800|Skill|232511,,,,,
2572,Lv.45火山守护者迪米奥斯(精锐)(7001),wander,10,10,40,1,115701|115702,50|50,MyHP|80|Rate|30|Skill|115703,IdleTime|5|Skill|232511,,,,,,,,IdleRepeat|10800|Skill|232511,,,,,
2573,Lv.45狠毒的鲁塔虎(精锐)(1010),wander,10,10,40,1,115711|115712,50|50,MyHP|80|Rate|30|Skill|115713,IdleTime|5|Skill|232511,,,,,,,,IdleRepeat|10800|Skill|232511,,,,,
2574,Lv.46法雷尔莱德队长艾玫拉岛斯(精锐)(3005),wander,10,10,40,1,115741|115742,50|50,MyHP|80|Rate|30|Skill|115743,IdleTime|5|Skill|232511,,,,,,,,IdleRepeat|10800|Skill|232511,,,,,
2575,Lv.46天空哥布林族长斯斯鲁(精锐)(3029),wander,10,10,40,1,115751|115752,50|50,MyHP|80|Rate|30|Skill|115753,IdleTime|5|Skill|232511,,,,,,,,IdleRepeat|10800|Skill|232511,,,,,
2576,Lv.47田野之族长木盖(精锐)(5002),wander,10,10,40,1,115761|115762,50|50,MyHP|80|Rate|30|Skill|115763,IdleTime|5|Skill|232511,,,,,,,,IdleRepeat|10800|Skill|232511,,,,,
2577,Lv.47田野之监督者(精锐)(5002),wander,10,10,40,1,115771|115772,50|50,MyHP|80|Rate|30|Skill|115773,IdleTime|5|Skill|232511,,,,,,,,IdleRepeat|10800|Skill|232511,,,,,
2578,Lv.48布尔兰特头领卡尔莱朴(精锐)(1031),wander,10,10,40,1,115781|115782,50|50,MyHP|80|Rate|30|Skill|115783,IdleTime|5|Skill|232511,,,,,,,,IdleRepeat|10800|Skill|232511,,,,,
2579,Lv.48德利尔洛克头领血风之花(精锐)(3026),wander,10,10,40,1,115791|115792,50|50,MyHP|80|Rate|30|Skill|115793,IdleTime|5|Skill|232511,,,,,,,,IdleRepeat|10800|Skill|232511,,,,,
2580,Lv.48灰色的肯塔伍露丝头领凯伊伦(精锐)(7027),wander,10,10,40,1,115801|115802,50|50,MyHP|80|Rate|30|Skill|115803,IdleTime|5|Skill|232511,,,,,,,,IdleRepeat|10800|Skill|232511,,,,,
2581,Lv.49宪兵队长损坏之木(精锐)(1023),wander,10,10,40,1,115811|115812,50|50,MyHP|80|Rate|30|Skill|115813,IdleTime|5|Skill|232511,,,,,,,,IdleRepeat|10800|Skill|232511,,,,,
2582,Lv.49日奈斯特顶级术士内米斯特(精锐)(5005),wander,10,10,40,1,115821|115822,50|50,MyHP|80|Rate|30|Skill|115823,IdleTime|5|Skill|232511,,,,,,,,IdleRepeat|10800|Skill|232511,,,,,
2583,Lv.49内米斯特(精锐)(5005),wander,10,10,40,1,115831|115832,50|50,MyHP|80|Rate|30|Skill|115833,IdleTime|5|Skill|232511,,,,,,,,IdleRepeat|10800|Skill|232511,,,,,
2584,Lv.49波塞伊克头领赛肯(精锐)(9002),wander,10,10,40,1,115841|115842,50|50,MyHP|80|Rate|30|Skill|115843,IdleTime|5|Skill|232511,,,,,,,,IdleRepeat|10800|Skill|232511,,,,,
2585,Lv.49天空哥布林队长郜郜鲁(精锐)(3029),wander,10,10,40,1,115851|115852,50|50,MyHP|80|Rate|30|Skill|115853,IdleTime|5|Skill|232511,,,,,,,,IdleRepeat|10800|Skill|232511,,,,,
2586,Lv.50德雷伊克队长派伊斯诺(精锐)(9005),wander,10,10,40,1,115861|115862,50|50,MyHP|80|Rate|30|Skill|115863,IdleTime|5|Skill|232511,,,,,,,,IdleRepeat|10800|Skill|232511,,,,,
2587,Lv.50田野之族长叮当脚(精锐)(5002),wander,10,10,40,1,115871|115872,50|50,MyHP|80|Rate|30|Skill|115873,IdleTime|5|Skill|232511,,,,,,,,IdleRepeat|10800|Skill|232511,,,,,
2588,Lv.50思克诺曹指挥官仙德提卡(精锐)(3014),wander,10,10,40,1,115881|115882,50|50,MyHP|80|Rate|30|Skill|115883,IdleTime|5|Skill|232511,,,,,,,,IdleRepeat|10800|Skill|232511,,,,,
2589,Lv.50歪伊芬队长赛博(精锐)(9020),wander,10,10,40,1,115891|115892,50|50,MyHP|80|Rate|30|Skill|115893,IdleTime|5|Skill|232511,,,,,,,,IdleRepeat|10800|Skill|232511,,,,,
2590,Lv.50焰火智慧门高级魔法师红刺(精锐)(1026),wander,10,10,40,1,115901|115902,50|50,MyHP|80|Rate|30|Skill|115903,IdleTime|5|Skill|232511,,,,,,,,IdleRepeat|10800|Skill|232511,,,,,
2591,Lv.50焰火智慧门队长黑暗翅膀(精锐)(1026),wander,10,10,40,1,115911|115912,50|50,MyHP|80|Rate|30|Skill|115913,IdleTime|5|Skill|232511,,,,,,,,IdleRepeat|10800|Skill|232511,,,,,
2592,Lv.50焰火智慧门看守者堕落的门(精锐)(1026),wander,10,10,40,1,115921|115922,50|50,MyHP|80|Rate|30|Skill|115923,IdleTime|5|Skill|232511,,,,,,,,IdleRepeat|10800|Skill|232511,,,,,
2593,Lv.1~10月光塔莱丛-竞技-Lv.9布里德米尔王锯趾(精锐)(5020),wander,10,10,40,1,108261|108262,50|50,MyHP|80|Rate|30|Skill||108263,,,,,,,,IdleTime|5|Skill|232511,IdleRepeat|10800|Skill|232511,,,,,
2594,Lv.1~10月光塔莱丛-竞技-Lv.10苗木哥布林祭司长查查鲁(精锐)(7005),wander,10,10,40,1,108301|108302,50|50,MyHP|80|Rate|30|Skill||108303,,,,,,,,IdleTime|5|Skill|232511,IdleRepeat|10800|Skill|232511,,,,,
3000,(普通)洛坎实验室-哥布林博斯克(7030),wander,12,3,40,1,120001|120002,50|50,MyHP|75|Skill|120003,,,,,,,,,,,,,,
3001,(普通)洛坎实验室-哥布林斯乃颇(7031),wander,12,3,40,1,120011|120012,50|50,MyHP|75|Skill|120013,,,,,,,,,,,,,,
3002,(普通)洛坎实验室-受到诅咒的实验体(7011),wander,12,3,40,1,120021|120022,50|50,MyHP|75|Skill|120023,,,,,,,,,,,,,,
3003,(普通)洛坎实验室-北神(7006),wander,12,3,40,1,120031|120032,50|50,MyHP|75|Skill|120033,,,,,,,,,,,,,,
3004,(普通)洛坎实验室-指挥官布拉伊安(指定)(7039),stand,12,0,40,1,120041|120042|120043,45|45|10,IdleTime|5|Skill|232511,MyHP|75|Skill|120043,,,,,,,,IdleRepeat|10800|Skill|232511,,,,,
3005,(普通)洛坎实验室-扭曲的实验体(7011),wander,12,3,40,1,120051|120052,50|50,MyHP|75|Skill|120053,,,,,,,,,,,,,,
3006,(普通)洛坎实验室-实验室守卫(5029),wander,12,3,40,1,120061|120062,50|50,MyHP|75|Skill|120063,,,,,,,,,,,,,,
3007,(普通)洛坎实验室-实验体玛格末斯(指定)(1032),stand,12,0,40,1,120071|120072|120073,45|45|10,IdleTime|5|Skill|232511,MyHP|75|Skill|120073,,,,,,,,IdleRepeat|10800|Skill|232511,,,,,
3008,(普通)洛坎实验室-扭曲的实验体(7011),wander,12,3,40,1,120081|120082,50|50,MyHP|75|Skill|120083,,,,,,,,,,,,,,
3009,(普通)洛坎实验室-堕落的炼金术士洛坎德纳勒(BOSS)(1044),stand,12,0,40,1,120091|120092|120093,45|45|10,IdleTime|5|Skill|232511,,,,,,,,,IdleRepeat|10800|Skill|232511,,,,,
3020,(普通)深渊神殿-地域恶灵(5004),wander,12,3,40,1,120401|120402,50|50,MyHP|75|Skill|120403,,,,,,,,,,,,,,
3021,(普通)深渊神殿-巡查的恶灵(5005),wander,12,3,40,1,120411|120412,50|50,MyHP|75|Skill|120413,,,,,,,,,,,,,,
3022,(普通)深渊神殿-龟裂的守护者本尼迪克特(指定)(7017),stand,12,0,40,1,120421|120422|120423,45|45|10,IdleTime|5|Skill|232511,MyHP|75|Skill|120423,,,,,,,,IdleRepeat|10800|Skill|232511,,,,,
3023,(普通)深渊神殿-灵魂旗手(3004),wander,12,3,40,1,120431|120432,50|50,MyHP|75|Skill|120433,,,,,,,,,,,,,,
3024,(普通)深渊神殿-恶灵旗手(3005),wander,12,3,40,1,120441|120442,50|50,MyHP|75|Skill|120443,,,,,,,,,,,,,,
3025,(普通)深渊神殿-红色刽子手莱安特(指定)(5017),stand,12,0,40,1,120451|120452|120453,45|45|10,IdleTime|5|Skill|232511,MyHP|75|Skill|120453,,,,,,,,IdleRepeat|10800|Skill|232511,,,,,
3026,(普通)深渊神殿-堕落的地域守护者(5016),wander,12,3,40,1,120461|120462,50|50,MyHP|75|Skill|120463,,,,,,,,,,,,,,
3027,(普通)深渊神殿-堕落的守门将萨麦尔(BOSS)(1033),stand,12,0,40,1,120471|120472|120476,45|45|10,IdleTime|5|Skill|232511,,,,,,,,,IdleRepeat|10800|Skill|232511,,,,,
3040,(普通)奎里奥德矿山-古代水晶(12014),stand,0,0,40,0,,,,,,,,,,,,,,,,,
3041,(普通)奎里奥德矿山-盗贼团战士(5035),wander,12,3,40,1,120721|120722,50|50,MyHP|75|Skill|120723,,,,,,,,,,,,,,
3042,(普通)奎里奥德矿山-盗贼团狙击手(5038),wander,12,3,40,1,120731|120732,50|50,BattleRepeat|15|RandomSkill|120733,,,,,,,,,,,,,,
3043,(普通)奎里奥德矿山-采矿古雷姆克利奥德(指定)(1020),stand,12,0,40,1,120741|120742|120743,45|45|10,IdleTime|5|Skill|232511,MyHP|75|Skill|120743,,,,,,,,IdleRepeat|10800|Skill|232511,,,,,
3044,(普通)奎里奥德矿山-采矿古雷姆克利莫(1019),wander,12,3,40,1,120751|120752,50|50,MyHP|75|Skill|120753,,,,,,,,,,,,,,
3045,(普通)奎里奥德矿山-采矿古雷姆克里德(1020),wander,12,3,40,1,120761|120762,50|50,MyHP|75|Skill|120763,,,,,,,,,,,,,,
3046,(普通)奎里奥德矿山-指挥古雷姆贝勒纳克(指定)(7002),stand,12,0,40,1,120771|120772|120773,45|45|10,IdleTime|5|Skill|232511,MyHP|75|Skill|120773,,,,,,,,IdleRepeat|10800|Skill|232511,,,,,
3047,(普通)奎里奥德矿山-红色警卫古雷姆(7001),wander,12,3,40,1,120781|120782,50|50,MyHP|75|Skill|120783,,,,,,,,,,,,,,
3048,(普通)奎里奥德矿山-矿山守护者诺亚拉客(BOSS)(1042),stand,12,0,40,1,120791|120792|120793,45|45|10,IdleTime|5|Skill|232511,MyHP|50|Skill|120796,,,,,,,,IdleRepeat|10800|Skill|232511,,,,,
3049,(普通)奎里奥德矿山-盗贼团军官(指定)(5035),stand,12,0,40,1,121441|121442|121443,45|45|10,IdleTime|5|Skill|232511,MyHP|75|Skill|121443,,,,,,,,IdleRepeat|10800|Skill|232511,,,,,
3050,(普通)奎里奥德矿山-古雷姆卡勒泰(指定)(1020),stand,12,0,40,1,121451|121452|121453,45|45|10,IdleTime|5|Skill|232511,MyHP|75|Skill|121453,,,,,,,,IdleRepeat|10800|Skill|232511,,,,,
3060,(普通)火焰祭坛-奴隶(5001),wander,12,3,40,1,121041|121042,50|50,MyHP|75|Skill|121043,,,,,,,,,,,,,,
3061,(普通)火焰祭坛-海尔雷伊德的守卫(5028),wander,12,3,40,1,121051|121052,50|50,IdleTime|5|Skill|121053,,,,,,,,,,,,,,
3062,(普通)火焰祭坛-罗甘泰斯(指定)(5029),stand,12,0,40,1,121061|121062|121063,45|45|10,IdleTime|5|Skill|232511,MyHP|75|Skill|121063,,,,,,,,IdleRepeat|10800|Skill|232511,,,,,
3063,(普通)火焰祭坛-奴隶建筑家(5002),wander,12,3,40,1,121071|121072,50|50,MyHP|75|Skill|121073,,,,,,,,,,,,,,
3064,(普通)火焰祭坛-火焰歪伊芬(7016),wander,12,3,40,1,121081|121082,50|50,MyHP|75|Skill|121083,,,,,,,,,,,,,,
3065,(普通)火焰祭坛-红焰之眼(12027),stand,0,0,40,0,,,,,,,,,,,,,,,,,
3066,(普通)火焰祭坛-红焰守护者(指定)(9014),stand,12,0,40,1,121101|121102|121105,45|45|10,IdleTime|5|Skill|232511,MyHP|75|Skill|121105,,,,,,,,IdleRepeat|10800|Skill|232511,,,,,
3067,(普通)火焰祭坛-赫尔德(BOSS)(1034),stand,12,0,40,1,121111|121112|121113,45|45|10,IdleTime|5|Skill|232511,,,,,,,,,IdleRepeat|10800|Skill|232511,,,,,
3068,(普通)火焰祭坛-死神怪形雕刻像(指定)(7017),stand,12,0,40,1,121361|121362|121363,45|45|10,IdleTime|5|Skill|232511,MyHP|75|Skill|121363,,,,,,,,IdleRepeat|10800|Skill|232511,,,,,
3069,(普通)火焰祭坛-凯尔贝鲁斯(指定)(5029),stand,12,0,40,1,121371|121372|121373,45|45|10,IdleTime|5|Skill|232511,MyHP|75|Skill|121373,,,,,,,,IdleRepeat|10800|Skill|232511,,,,,
3080,(普通)死亡寺院-龟裂的魔爪(7015),wander,12,3,40,1,121521|121522,50|50,MyHP|75|Skill|121523,,,,,,,,,,,,,,
3081,(普通)死亡寺院-龟裂的破坏者(7016),wander,12,3,40,1,121531|121532,50|50,MyHP|75|Skill|121533,,,,,,,,,,,,,,
3082,(普通)死亡寺院-战士的灵魂(7088),wander,12,3,40,1,121541|121542,50|50,MyHP|75|Skill|121543,,,,,,,,,,,,,,
3083,(普通)死亡寺院-弓箭手的灵魂(7089),wander,12,3,40,1,121551|121552,50|50,MyHP|75|Skill|121553,,,,,,,,,,,,,,
3084,(普通)死亡寺院-魔法师的灵魂(7090),wander,12,3,40,1,121561|121562,50|50,MyHP|75|Skill|121563,,,,,,,,,,,,,,
3085,(普通)死亡寺院-无法入睡的战士(7076),wander,12,3,40,1,121571|121572,50|50,MyHP|75|Skill|121573,,,,,,,,,,,,,,
3086,(普通)死亡寺院-无法入睡的弓箭手(7077),wander,12,3,40,1,121581|121582,50|50,MyHP|75|Skill|121583,,,,,,,,,,,,,,
3087,(普通)死亡寺院-无法入睡的魔法师(7078),wander,12,3,40,1,121591|121592,50|50,MyHP|75|Skill|121593,,,,,,,,,,,,,,
3088,(普通)死亡寺院-黑暗精灵(5004),wander,12,3,40,1,121601|121602,50|50,MyHP|75|Skill|121603,,,,,,,,,,,,,,
3089,(普通)死亡寺院-安息的精灵(5005),wander,12,3,40,1,121611|121612,50|50,MyHP|75|Skill|121613,,,,,,,,,,,,,,
3090,(普通)死亡寺院-沉默魔爪(7019),wander,12,3,40,1,121621|121622,50|50,MyHP|75|Skill|121623,,,,,,,,,,,,,,
3091,(普通)死亡寺院-巴勒西亚帮凶(1009),wander,12,3,40,1,121631|121632,50|50,MyHP|75|Skill|121633,,,,,,,,,,,,,,
3092,(普通)死亡寺院-巴勒西亚守卫(5028),wander,12,3,40,1,121641|121642,50|50,MyHP|75|Skill|121643,,,,,,,,,,,,,,
3093,(普通)死亡寺院-龟裂的支配者拉琪亚斯(指定)(7017),stand,12,0,40,1,121651|121652,50|50,IdleTime|5|Skill|232511,MyHP|75|Skill|121653,,,,,,,,IdleRepeat|10800|Skill|232511,,,,,
3094,(普通)死亡寺院-灵魂管理者派特利(指定)(7090),stand,12,0,40,1,121661|121662,50|50,IdleTime|5|Skill|232511,MyHP|75|Skill|121663,,,,,,,,IdleRepeat|10800|Skill|232511,,,,,
3095,(普通)死亡寺院-安息的主观者希利亚(指定)(5005),stand,12,0,40,1,121671|121672,50|50,IdleTime|5|Skill|232511,MyHP|75|Skill|121673,,,,,,,,IdleRepeat|10800|Skill|232511,,,,,
3096,(普通)死亡寺院-沉默管理者贝尔利塔(指定)(7020),stand,12,0,40,1,121681|121682,50|50,IdleTime|5|Skill|232511,MyHP|75|Skill|121683,,,,,,,,IdleRepeat|10800|Skill|232511,,,,,
3097,(普通)死亡寺院-贪吃的巴勒西亚(BOSS)(1049),stand,12,0,40,1,121691|121692,50|50,IdleTime|5|Skill|232511,MyHP|75|Skill|121693,,,,,,,,IdleRepeat|10800|Skill|232511,,,,,
3110,(普通)阿罗汉的浮游生-激怒的战士(50108),wander,12,3,40,1,122241|122242,50|50,MyHP|75|Skill|122243,,,,,,,,,,,,,,
3111,(普通)阿罗汉的浮游生-冷静的弓箭手(50609),wander,12,3,40,1,122251|122252,50|50,MyHP|75|Skill|122253,,,,,,,,,,,,,,
3112,(普通)阿罗汉的浮游生-训练教官世勒克(指定)(50110),stand,12,0,40,1,122261|122262,50|50,IdleTime|5|Skill|232511,Die|0|TriggerSkill|200201,MyHP|75|Skill|122263,,,,,,,IdleRepeat|10800|Skill|232511,,,,,
3113,(普通)阿罗汉的浮游生-堕落之光司祭(101),wander,12,3,40,1,122271|122272,50|50,MyHP|75|Skill|122273,,,,,,,,,,,,,,
3114,(普通)阿罗汉的浮游生-被污染之光司祭(104),wander,12,3,40,1,122281|122282,50|50,MyHP|75|Skill|122283,,,,,,,,,,,,,,
3115,(普通)阿罗汉的浮游生-祈祷主观者玫乃斯(指定)(105),stand,12,0,40,1,122291|122292,50|50,IdleTime|5|Skill|232511,Die|0|TriggerSkill|200205,MyHP|75|Skill|122293,,,,,,,IdleRepeat|10800|Skill|232511,,,,,
3116,(普通)阿罗汉的浮游生-魔力管理者(1024),wander,12,3,40,1,122301|122302,50|50,MyHP|75|Skill|122303,,,,,,,,,,,,,,
3117,(普通)阿罗汉的浮游生-魔力守护者(1025),wander,12,3,40,1,122311|122312,50|50,MyHP|75|Skill|122313,,,,,,,,,,,,,,
3118,(普通)阿罗汉的浮游生-堕落的灵魂(3013),wander,12,3,40,1,122321|122322,50|50,MyHP|75|Skill|122323,,,,,,,,,,,,,,
3119,(普通)阿罗汉的浮游生-世克洛黑夜(3014),wander,12,3,40,1,122331|122332,50|50,MyHP|75|Skill|122333,,,,,,,,,,,,,,
3120,(普通)阿罗汉的浮游生-玫乃斯黑夜(1025),wander,12,3,40,1,122341|122342,50|50,MyHP|75|Skill|122343,,,,,,,,,,,,,,
3121,(普通)阿罗汉的浮游生-魔力主人格利赛尔德(指定)(1026),stand,12,0,40,1,122351|122352,50|50,IdleTime|5|Skill|232511,MyHP|75|Skill|122353,,,,,,,,IdleRepeat|10800|Skill|232511,,,,,
3122,(普通)阿罗汉的浮游生-堕落的画家贝尔拉斯特(指定)(3014),stand,12,0,40,1,122361|122362,50|50,IdleTime|5|Skill|232511,MyHP|75|Skill|122363,,,,,,,,IdleRepeat|10800|Skill|232511,,,,,
3123,(普通)阿罗汉的浮游生-堕落的英雄阿罗汉(BOSS)(1035),stand,12,0,40,1,122371|122372,50|50,IdleTime|5|Skill|232511,MyHP|75|Skill|122373,,,,,,,,IdleRepeat|10800|Skill|232511,,,,,
3140,(普通)克拉伍德身体实验室-黑暗监视者(5039),wander,12,3,40,1,122801|122802,50|50,BattleRepeat|14|Rate|30|Skill|122803,,,,,,,,,,,,,,
3141,(普通)克拉伍德身体实验室-黑暗巡查者(5042),wander,12,3,40,1,122811|122812,50|50,BattleRepeat|14|Rate|30|Skill|122813,,,,,,,,,,,,,,
3142,(普通)克拉伍德身体实验室-黑暗之狼(5068),wander,12,3,40,1,122821|122822,50|50,BattleRepeat|14|Rate|30|Skill|122823,,,,,,,,,,,,,,
3143,(普通)克拉伍德身体实验室-变异的士兵(7009),wander,12,3,40,1,122831|122832,50|50,BattleRepeat|14|Rate|30|Skill|122833,,,,,,,,,,,,,,
3144,(普通)克拉伍德身体实验室-复活的士兵(7009),wander,12,3,40,1,122841|122842,50|50,BattleRepeat|14|Rate|30|Skill|122843,,,,,,,,,,,,,,
3145,(普通)克拉伍德身体实验室-克拉伍德强化兵(3015),wander,12,3,40,1,122851|122852,50|50,MyHP|50|Rate|30|Skill|122853,,,,,,,,,,,,,,
3146,(普通)克拉伍德身体实验室-克拉伍德合成树(3000),wander,12,3,40,1,122861|122862,50|50,BattleRepeat|14|Rate|30|Skill|122863,,,,,,,,,,,,,,
3147,(普通)克拉伍德身体实验室-被污染的狼王鲁卡斯(5068)(指定),stand,12,0,40,1,122871|122872,50|50,IdleTime|5|Skill|232511,BattleRepeat|17|Skill|122873,BattleRepeat|21|Skill|122874,MyHP|80|Skill|122876,MyHP|30|Skill|122876,,,,,IdleRepeat|10800|Skill|232511,,,,,
3148,(普通)克拉伍德身体实验室-团长虎梅仑(5041)(指定),stand,12,0,40,1,122881|122882,50|50,IdleTime|5|Skill|232511,BattleRepeat|21|Skill|122883,BattleRepeat|17|Skill|122885,MyHP|30|Skill|122886,,,,,,IdleRepeat|10800|Skill|232511,,,,,
3149,(普通)克拉伍德身体实验室-强化兵贝内伊德(3017)(指定),stand,12,0,40,1,122891|122892,50|50,IdleTime|5|Skill|232511,MyHP|75|Skill|122895,MyHP|55|Skill|122895,MyHP|15|Skill|122895,MyHP|70|Skill|122893,MyHP|50|Skill|122893,MyHP|10|Skill|122893,MyHP|30|Skill|122896,,IdleRepeat|10800|Skill|232511,,,,,
3150,(普通)克拉伍德身体实验室-合成树贝诺伊德(3002)(指定),stand,12,0,40,1,122901|122902,50|50,IdleTime|5|Skill|232511,BattleRepeat|17|Skill|122903,BattleRepeat|21|Skill|122904,MyHP|30|Skill|122905,,,,,,IdleRepeat|10800|Skill|232511,,,,,
3151,(普通)克拉伍德身体实验室-黑暗魔爪王克拉伍德(1050)(BOSS),stand,12,0,40,1,122911|122912,50|50,IdleTime|5|Skill|232511,BattleRepeat|21|Skill|122914,MyHP|80|Skill|122916,MyHP|50|Skill|122916,MyHP|20|Skill|122916,BattleRepeat|17|Skill|122913,,,,IdleRepeat|10800|Skill|232511,,,,,
3160,(普通)火龙巢穴-龙之魔爪(9010),wander,12,3,40,1,123281|123282,50|50,MyHP|30|Skill|123283,,,,,,,,,,,,,,
3161,(普通)火龙巢穴-龙之尸毒(5006),wander,12,3,40,1,123291|123292,50|50,BattleRepeat|14|Skill|123293,,,,,,,,,,,,,,
3162,(普通)火龙巢穴-熔岩山脉一族德莱伊克(9012),wander,12,3,40,1,123301|123302,50|50,BattleRepeat|14|Skill|123303,,,,,,,,,,,,,,
3163,(普通)火龙巢穴-熔岩山脉一族歪伊芬(9018),wander,12,3,40,1,123311|123312,50|50,BattleRepeat|14|Skill|123313,,,,,,,,,,,,,,
3164,(普通)火龙巢穴-火焰山脉一族歪伊芬(9018),wander,12,3,40,1,123321|123322,50|50,BattleRepeat|14|Skill|123323,,,,,,,,,,,,,,
3165,(普通)火龙巢穴-火焰山脉一族德莱伊克(9013),wander,12,3,40,1,123331|123332,50|50,MyHP|70|Skill|123333,MyHP|30|Skill|123333,,,,,,,,,,,,,
3166,(普通)火龙巢穴-火焰山脉一族德雷昆(9004),wander,12,3,40,1,123341|123342,50|50,BattleRepeat|14|Skill|123343,,,,,,,,,,,,,,
3167,(普通)火龙巢穴-鲜红的克夏特利阿(指定)(5008),stand,12,0,40,1,123351|123352,50|50,IdleTime|5|Skill|232511,BattleRepeat|17|Skill|123353,MyHP|80|Skill|123355,MyHP|50|Skill|123355,MyHP|20|Skill|123355,MyHP|30|Skill|123356,,,,IdleRepeat|10800|Skill|232511,,,,,
3168,(普通)火龙巢穴-红焰卡特尼尔(指定)(9014),stand,12,0,40,1,123361|123362,50|50,IdleTime|5|Skill|232511,MyHP|80|Skill|123363,MyHP|50|Skill|123363,MyHP|20|Skill|123363,BattleRepeat|17|Skill|123364,MyHP|30|Skill|123366,,,,IdleRepeat|10800|Skill|232511,,,,,
3169,(普通)火龙巢穴-鳞之翼塞尔斯特(指定)(9003),stand,12,0,40,1,123371|123372,50|50,IdleTime|5|Skill|232511,MyHP|80|Skill|123373,MyHP|50|Skill|123373,MyHP|20|Skill|123373,BattleRepeat|17|Skill|123375,MyHP|30|Skill|123377,,,,IdleRepeat|10800|Skill|232511,,,,,
3170,(普通)火龙巢穴-大族长卡山德拉(指定)(9005),stand,12,0,40,1,123381|123382,50|50,IdleTime|5|Skill|232511,MyHP|80|Skill|123383,MyHP|50|Skill|123383,MyHP|20|Skill|123383,BattleRepeat|17|Skill|123386,,,,,IdleRepeat|10800|Skill|232511,,,,,
3171,(普通)火龙巢穴-愤怒火龙雷泽乐(BOSS)(1036),stand,25,0,40,1,123391|123392,50|50,IdleTime|5|Skill|232511,BattleRepeat|21|Skill|123393,MyHP|80|Skill|123395,MyHP|50|Skill|123395,MyHP|20|Skill|123395,MyHP|30|Skill|123397,,,BattleTime|0|Skill|123393,IdleRepeat|10800|Skill|232511,,,,,
3180,(普通)恶灵之谷-Lv.47雾气触手(精锐)(5063),wander,12,3,40,1,128971|128972,50|50,BattleRepeat|10|Skill|128973,,,,,,,,,,,,,,
3181,(普通)恶灵之谷-Lv.47戴特拉的祭品(精锐)(3024),wander,12,3,40,1,128981|128982,50|50,BattleRepeat|10|Skill|128983,Die|0|TriggerSkill|128984,,,,,,,,,,,,,
3182,(普通)恶灵之谷-Lv.47戴特拉雕像(精锐)(5064),wander,12,3,40,1,128991|128992,50|50,BattleRepeat|10|Skill|128993,,,,,,,,,,,,,,
3183,(普通)恶灵之谷-Lv.47刺之触手戴特拉(指定)(5065),stand,12,0,40,1,129001|129002,50|50,BattleRepeat|17|Skill|129003,MyHP|80|Skill|129004,MyHP|50|Skill|129004,MyHP|20|Skill|129004,MyHP|30|Skill|129005,,,,IdleTime|5|Skill|232511,IdleRepeat|10800|Skill|232511,,,,,
3184,(普通)恶灵之谷-Lv.47尸虫(精锐)(9067),wander,12,3,40,1,129011|129012,50|50,BattleRepeat|10|Skill|129013,,,,,,,,,,,,,,
3185,(普通)恶灵之谷-Lv.47受痛苦的冤魂(精锐)(3025),wander,12,3,40,1,129021|129022,50|50,MyHP|50|Skill|129023,,,,,,,,,,,,,,
3186,(普通)恶灵之谷-Lv.47遗忘的管理者莱卡图斯(指定)(7129),stand,12,0,40,1,129031|129032,50|50,BattleRepeat|17|Skill|129033,MyHP|80|Skill|129034,MyHP|50|Skill|129034,MyHP|20|Skill|129034,MyHP|30|Skill|129035,,,,IdleTime|5|Skill|232511,IdleRepeat|10800|Skill|232511,,,,,
3187,(普通)恶灵之谷-Lv.47鲁伍林执行者(精锐)(7057),wander,12,3,40,1,129041|129042,50|50,BattleRepeat|10|Skill|129043,,,,,,,,,,,,,,
3188,(普通)恶灵之谷-Lv.47鲁伍林的行刑者(精锐)(7058),wander,12,3,40,1,129051|129052,50|50,BattleRepeat|10|Skill|129053,,,,,,,,,,,,,,
3189,(普通)恶灵之谷-Lv.47刽子手鲁伍林(指定)(7059),stand,12,0,40,1,129061|129062,50|50,BattleRepeat|17|Skill|129063,MyHP|70|Skill|129065,MyHP|30|Skill|129065,,,,,,IdleTime|5|Skill|232511,IdleRepeat|10800|Skill|232511,,,,,
3190,(普通) 恶灵山谷-Lv.47贝纳贝勒的奴隶(精英)(7066),wander,12,3,40,1,129071|129072,50|50,BattleRepeat|10|Skill|129073,,,,,,,,,,,,,,
3191,(普通) 恶灵山谷-Lv.47贝纳贝勒的下属(精英)(7060),wander,12,3,40,1,129081|129082,50|50,BattleRepeat|10|Skill|129083,,,,,,,,,,,,,,
3192,(普通) 恶灵山谷-Lv.47黑暗的管理者贝纳贝勒(队长)(7135),stand,12,0,40,1,129091|129092,50|50,BattleRepeat|17|Skill|129093,MyHP|70|Skill|129094,MyHP|30|Skill|129094,MyHP|30|Skill|129095,,,,,IdleTime|5|Skill|232511,IdleRepeat|10800|Skill|232511,,,,,
3193,(普通) 恶灵山谷-Lv.47丢拉汗(精英)(3003),wander,12,3,40,1,129101|129102,50|50,BattleRepeat|10|Skill|129103,,,,,,,,,,,,,,
3194,(普通) 恶灵山谷-Lv.47丢拉汗骑士(精英)(3005),wander,12,3,40,1,129111|129112,50|50,BattleRepeat|10|Skill|129113,,,,,,,,,,,,,,
3195,(普通) 恶灵山谷-Lv.47死去的管理者克瓦特里卡(BOSS)(1052),stand,12,0,40,1,129121|129122,50|50,BattleRepeat|17|Skill|129123,MyHP|80|Skill|129124,MyHP|50|Skill|129124,MyHP|20|Skill|129124,MyHP|10|Skill|129125,,,,IdleTime|5|Skill|232511,IdleRepeat|10800|Skill|232511,,,,,
3200,(普通) 黑暗要塞-Lv.50分裂的清洁工(精英)(9057),wander,12,3,40,1,130171|130172,50|50,BattleRepeat|10|Skill|130173,,,,,,,,,,,,,,
3201,(普通) 黑暗要塞-Lv.50茶园清洁工(精英)(9058),wander,12,3,40,1,130181|130182,50|50,BattleRepeat|10|Skill|130183,,,,,,,,,,,,,,
3202,(普通) 黑暗要塞-Lv.50分裂的恢复者拉克拉德(队长)(9065),stand,12,0,40,1,130191|130192,50|50,BattleRepeat|17|Skill|130193,MyHP|80|Skill|130194,MyHP|50|Skill|130194,MyHP|20|Skill|130194,MyHP|10|Skill|130196,,,,IdleTime|5|Skill|232511,IdleRepeat|10800|Skill|232511,,,,,
3203,(普通) 黑暗要塞-Lv.50黑暗战士(精英)(1002),wander,12,3,40,1,130201|130202,50|50,BattleRepeat|10|Skill|130203,,,,,,,,,,,,,,
3204,(普通) 黑暗要塞-Lv.50黑暗弓箭手(精英)(7065),wander,12,3,40,1,130211|130212,50|50,BattleRepeat|10|Skill|130213,,,,,,,,,,,,,,
3205,(普通) 黑暗要塞-Lv.50黑暗指挥者拉克诺亚(队长)(7061),stand,12,0,40,1,130221|130222,50|50,BattleRepeat|17|Skill|130223,MyHP|80|Skill|130225,MyHP|50|Skill|130225,MyHP|20|Skill|130225,MyHP|30|Skill|130226,,,,IdleTime|5|Skill|232511,IdleRepeat|10800|Skill|232511,,,,,
3206,(普通) 黑暗要塞-Lv.50诺丝夸储存体(精英)(12089),stand,0,0,40,1,,,Die|0|TriggerSkill|130231,,,,,,,,,,,,,,
3207,(普通) 黑暗要塞-Lv.50黑暗的诺丝夸(精英)(5005),wander,12,3,40,1,130241|130242,50|50,BattleRepeat|10|Skill|130243,,,,,,,,,,,,,,
3208,(普通) 黑暗要塞-Lv.50堕落的生命体(精英)(1031),wander,12,3,40,1,130251|130252,50|50,BattleRepeat|10|Skill|130253,,,,,,,,,,,,,,
3209,(普通) 黑暗要塞-Lv.50扭曲的生命体(精英)(1032),wander,12,3,40,1,130261|130262,50|50,BattleRepeat|10|Skill|130263,,,,,,,,,,,,,,
3210,(普通) 黑暗要塞-Lv.50堕落的指挥者拉克雷顿(队长)(7058),stand,12,0,40,1,130271|130272,50|50,BattleRepeat|17|Skill|130273,MyHP|70|Skill|130275,MyHP|30|Skill|130275,MyHP|30|Skill|130277,,,,,IdleTime|5|Skill|232511,IdleRepeat|10800|Skill|232511,,,,,
3211,(普通) 黑暗要塞-Lv.50被洗脑的艾因哈伊战士(精英)(50108),wander,12,3,40,1,130281|130282,50|50,BattleRepeat|10|Skill|130283,,,,,,,,,,,,,,
3212,(普通) 黑暗要塞-Lv.50被洗脑的艾因哈伊魔法师(精英)(50611),wander,12,3,40,1,130291|130292,50|50,BattleRepeat|10|Skill|130293,,,,,,,,,,,,,,
3213,(普通) 黑暗要塞-Lv.50被洗脑的戴力姆伸战士(精英)(53008),wander,12,3,40,1,130301|130302,50|50,BattleRepeat|10|Skill|130303,,,,,,,,,,,,,,
3214,(普通) 黑暗要塞-Lv.50被洗脑的戴力姆伸魔法师(精英)(53511),wander,12,3,40,1,130311|130312,50|50,BattleRepeat|10|Skill|130313,,,,,,,,,,,,,,
3215,(普通) 黑暗要塞-Lv.50混乱的指挥者拉克里撒(队长)(7134),stand,12,0,40,1,130321|130322,50|50,MyHP|70|Skill|130323,MyHP|30|Skill|130323,MyHP|30|Skill|130325,,,,,,IdleTime|5|Skill|232511,IdleRepeat|10800|Skill|232511,,,,,
3216,(普通) 黑暗要塞-Lv.50扭曲的茶园管理者(精英)(3015),wander,12,3,40,1,130331|130332,50|50,MyHP|50|Skill|130333,,,,,,,,,,,,,,
3217,(普通) 黑暗要塞-Lv.50扭曲的茶园守护者(精英)(3016),wander,12,3,40,1,130341|130342,50|50,MyHP|30|Skill|130343,,,,,,,,,,,,,,
3218,(普通) 黑暗要塞-Lv.50俄比斯的守护者拉克雷阿(BOSS)(1037),stand,12,0,40,1,130351|130352,50|50,BattleRepeat|17|Skill|130353,MyHP|80|Skill|130354,MyHP|50|Skill|130354,MyHP|20|Skill|130354,MyHP|10|Skill|130356,,,,IdleTime|5|Skill|232511,IdleRepeat|10800|Skill|232511,,,,,
3500,(普通) 弗勒德米尔饲养场-毒蛆虫特利皮特(7014),wander,12,3,40,1,125001|125002,50|50,MyHP|75|Skill|125003,,,,,,,,,,,,,,
3501,(普通) 弗勒德米尔饲养场-血雨腥风之花(队长)(5020),stand,12,0,40,1,125011|125012,50|50,IdleTime|5|Skill|232511,MyHP|75|Skill|125013,,,,,,,,IdleRepeat|10800|Skill|232511,,,,,
3502,(普通) 弗勒德米尔饲养场-老树哥布林园丁(7003),wander,12,3,40,1,125021|125022,50|50,MyHP|75|Skill|125023,,,,,,,,,,,,,,
3503,(普通) 弗勒德米尔饲养场-老树哥布林饲养员(7004),wander,12,3,40,1,125031|125032,50|50,MyHP|75|Skill|125033,,,,,,,,,,,,,,
3504,(普通) 弗勒德米尔饲养场-斯帕特斯卡(5023),wander,12,3,40,1,125041|125042,50|50,MyHP|75|Skill|125043,,,,,,,,,,,,,,
3505,(普通) 弗勒德米尔饲养场-老树哥布林咒师(队长)(7032),stand,12,0,40,1,125051|125052|125053,45|45|10,IdleTime|5|Skill|232511,MyHP|75|Skill|125053,,,,,,,,IdleRepeat|10800|Skill|232511,,,,,
3506,(普通) 弗勒德米尔饲养场-老树哥布林祭司帕帕勒(BOSS)(1045),stand,12,0,40,1,125061|125062|125063,45|45|10,IdleTime|5|Skill|232511,MyHP|50|Skill|125064,,,,,,,,IdleRepeat|10800|Skill|232511,,,,,
3520,(普通) 恩蒂温的圣所-毒性博马(3001),wander,12,3,40,1,125281|125282,50|50,MyHP|75|Skill|125283,,,,,,,,,,,,,,
3521,(普通) 恩蒂温的圣所-蝮蛇博马(3002),wander,12,3,40,1,125291|125292,50|50,MyHP|75|Skill|125293,,,,,,,,,,,,,,
3522,(普通) 恩蒂温的圣所-痛苦的年轻宪兵(1022),wander,12,3,40,1,125301|125302,50|50,MyHP|75|Skill|125303,,,,,,,,,,,,,,
3523,(普通) 恩蒂温的圣所-伤痕累累的宪兵(1023),wander,12,3,40,1,125311|125312,50|50,MyHP|75|Skill|125313,,,,,,,,,,,,,,
3524,(普通) 恩蒂温的圣所-愤怒的安提兰斯(5013),wander,12,3,40,1,125321|125322,50|50,MyHP|75|Skill|125323,,,,,,,,,,,,,,
3525,(普通) 恩蒂温的圣所-被激怒的安提兰斯(5014),wander,12,3,40,1,125331|125332,50|50,MyHP|75|Skill|125333,,,,,,,,,,,,,,
3526,(普通) 恩蒂温的圣所-供品(队长)(1023),stand,12,0,40,1,125341|125342|125343,45|45|10,IdleTime|5|Skill|232511,MyHP|75|Skill|125343,,,,,,,,IdleRepeat|10800|Skill|232511,,,,,
3527,(普通) 恩蒂温的圣所-暴伊巴(队长)(3002),stand,12,0,40,1,125351|125352|125353,45|45|10,IdleTime|5|Skill|232511,MyHP|75|Skill|125353,MyHP|50|Skill|125354,,,,,,,IdleRepeat|10800|Skill|232511,,,,,
3528,(普通) 恩蒂温的圣所-恩蒂温(BOSS)(3030),stand,12,0,40,1,125361|125362,90|10,IdleTime|5|Skill|232511,MyHP|50|Skill|125364,,,,,,BattleTime|15|Talk|1,BattleTime|30|Talk|2,IdleRepeat|10800|Skill|232511,~~~~ ~~~~. ~~~ ~~~~~ ~~ ~~~~!,~ ~~ ~~ ~~ ~~~~~. ~号~ ~ ~~~ ~~~~~,,,
3540,(普通) 冰冷的洞穴-希尔朋德巡逻兵(9006),wander,12,3,40,1,125641|125642,50|50,MyHP|75|Skill|125643,,,,,,,BattleTime|15|Talk|1,BattleTime|30|Talk|2,,,,,,
3541,(普通) 冰冷的洞穴-希尔朋德猎人(9007),wander,12,3,40,1,125651|125652,50|50,MyHP|75|Skill|125653,,,,,,,BattleTime|15|Talk|1,BattleTime|30|Talk|2,,,,,,
3542,(普通) 冰冷的洞穴-时皮琪叶尔(9009),wander,12,3,40,1,125661|125662,50|50,MyHP|75|Skill|125663,,,,,,,BattleTime|15|Talk|1,BattleTime|30|Talk|2,,,,,,
3543,(普通) 冰冷的洞穴-希尔朋德警卫兵(9006),wander,12,3,40,1,125671|125672,50|50,MyHP|75|Skill|125673,,,,,,,,,,,,,,
3544,(普通) 冰冷的洞穴-时皮琪叶尔近卫队(9010),wander,12,3,40,1,125681|125682,50|50,MyHP|75|Skill|125683,,,,,,,,,,,,,,
3545,(普通) 冰冷的洞穴-希尔朋德魔法师(9007),wander,12,3,40,1,125691|125692,50|50,MyHP|75|Skill|125693,,,,,,,,,,,,,,
3546,(普通) 冰冷的洞穴-希尔朋德高级魔法师阿伊西德(队长)(9008),stand,12,0,40,1,125701|125702|125703,45|45|10,IdleTime|5|Skill|232511,MyHP|75|Skill|125703,,,,,,,,IdleRepeat|10800|Skill|232511,,,,,
3547,(普通) 冰冷的洞穴-监狱负责人希尔皮兹(队长)(9011),stand,12,0,40,1,125711|125712|125713,45|45|10,IdleTime|5|Skill|232511,MyHP|75|Skill|125713,,,,,,,,IdleRepeat|10800|Skill|232511,,,,,
3548,(普通) 冰冷的洞穴-希尔朋德血液管理者希尔德勒(队长)(9008),stand,12,0,40,1,125721|125722|125723,45|45|10,IdleTime|5|Skill|232511,MyHP|75|Skill|125723,,,,,,,,IdleRepeat|10800|Skill|232511,,,,,
3549,(普通) 冰冷的洞穴-希尔朋德守护队长佳盆德(队长)(5053),stand,12,0,40,1,125731|125735,90|10,IdleTime|5|Skill|232511,MyHP|75|RandomSkill|125735,MyHP|50|Skill|125733,,,,,,,IdleRepeat|10800|Skill|232511,,,,,
3550,(普通) 冰冷的洞穴-希尔朋德王子阿酷雷克斯(BOSS)(1043),stand,12,0,40,1,125741|125742|125743,45|45|10,IdleTime|5|Skill|232511,MyHP|50|Skill|125745,,,,,,,,IdleRepeat|10800|Skill|232511,,,,,
3560,(普通) 冰狼城堡-冰尾警卫兵(9033),wander,12,3,40,1,126081|126082,50|50,MyHP|75|Skill|126083,,,,,,,,,,,,,,
3561,(普通) 冰狼城堡-冰尾战士(9028),wander,12,3,40,1,126091|126092,50|50,MyHP|75|Skill|126093,,,,,,,,,,,,,,
3562,(普通) 冰狼城堡-冰尾饲养员(9028),wander,12,3,40,1,126101|126102,50|50,MyHP|75|Skill|126103,,,,,,,,,,,,,,
3563,(普通) 冰狼城堡-驯服的客迈拉(7020),wander,12,3,40,1,126111|126112,50|50,MyHP|75|Skill|126113,,,,,,,,,,,,,,
3564,(普通) 冰狼城堡-奴隶砂轮(7048),wander,12,3,40,1,126121|126122,50|50,MyHP|75|Skill|126123,,,,,,,,,,,,,,
3565,(普通) 冰狼城堡-冰尾咒师(9034),wander,12,3,40,1,126131|126132,50|50,MyHP|75|Skill|126133,,,,,,,,,,,,,,
3566,(普通) 冰狼城堡-冰尾近卫队(9028),wander,12,3,40,1,126141|126142,50|50,MyHP|75|Skill|126143,,,,,,,,,,,,,,
3567,(普通) 冰狼城堡-近卫队队长白臼齿于尔特(队长)(9029),stand,12,0,40,1,126151|126152|126153,45|45|10,IdleTime|5|Skill|232511,,,,,,,,,IdleRepeat|10800|Skill|232511,,,,,
3568,(普通) 冰狼城堡-木工黑犬齿于尔雷(队长)(9029),stand,12,0,40,1,126161|126162|126163,45|45|10,IdleTime|5|Skill|232511,,,,,,,,,IdleRepeat|10800|Skill|232511,,,,,
3569,(普通) 冰狼城堡-技术师黑门牙于尔莱伊(队长)(9029),stand,12,0,40,1,126171|126172|126173,45|45|10,IdleTime|5|Skill|232511,,,,,,,,,IdleRepeat|10800|Skill|232511,,,,,
3570,(普通) 冰狼城堡-咒师蓝下巴的于尔夯特(队长)(9029),stand,12,0,40,1,126181|126182|126183,45|45|10,IdleTime|5|Skill|232511,,,,,,,,,IdleRepeat|10800|Skill|232511,,,,,
3571,(普通) 冰狼城堡-冰尾狼王子夏卡尔(BOSS)(1038),stand,12,0,40,1,126191|126192,90|10,IdleTime|5|Skill|232511,MyHP|50|Skill|126194,,,,,,,,IdleRepeat|10800|Skill|232511,,,,,
3580,(普通) 哈比的乐园-被洗脑的贝伊内俄(5070),wander,12,3,40,1,126561|126562,50|50,MyHP|70|Skill|126563,,,,,,,,,,,,,,
3581,(普通) 哈比的乐园-被洗脑的贝伊诺夫(5067),wander,12,3,40,1,126571|126572,50|50,MyHP|70|Skill|126573,,,,,,,,,,,,,,
3582,(普通) 哈比的乐园-掠夺者哈比(7022),wander,12,3,40,1,126581|126582,50|50,MyHP|70|Skill|126583,,,,,,,,,,,,,,
3583,(普通) 哈比的乐园-被洗脑的哈比一伙人(7022),wander,12,3,40,1,126591|126592,50|50,MyHP|70|Skill|126593,,,,,,,,,,,,,,
3584,(普通) 哈比的乐园-眼神似剑的关键骑士(1001),wander,12,3,40,1,126601|126602,50|50,MyHP|70|Skill|126603,,,,,,,,,,,,,,
3585,(普通) 哈比的乐园-受欢迎的智慧门(1025),wander,12,3,40,1,126611|126612,50|50,MyHP|70|Skill|126613,,,,,,,,,,,,,,
3586,(普通) 哈比的乐园-女王的守护兵(7022),wander,12,3,40,1,126621|126622,50|50,MyHP|70|Skill|126623,,,,,,,,,,,,,,
3587,(普通) 哈比的乐园-红色眼神的关键骑士(1001),wander,12,3,40,1,126631|126632,50|50,MyHP|70|Skill|126633,,,,,,,,,,,,,,
3588,(普通) 哈比的乐园-狂乱的智慧门(1025),wander,12,3,40,1,126641|126642,50|50,MyHP|70|Skill|126643,,,,,,,,,,,,,,
3589,(普通) 哈比的乐园-野兽驯养师贝斯提亚(队长)(7023),stand,12,0,40,1,126651|126652|126653,45|45|10,IdleTime|5|Skill|232511,,,,,,,,,IdleRepeat|10800|Skill|232511,,,,,
3590,(普通) 哈比的乐园-仓库知音博纳(队长)(7023),stand,12,0,40,1,126661|126662|126663,45|45|10,IdleTime|5|Skill|232511,,,,,,,,,IdleRepeat|10800|Skill|232511,,,,,
3591,(普通) 哈比的乐园-监督人卢杜斯(队长)(1002),stand,12,0,40,1,126671|126672|126673,45|45|10,IdleTime|5|Skill|232511,,,,,,,,,IdleRepeat|10800|Skill|232511,,,,,
3592,(普通) 哈比的乐园-指挥官考勒奴(队长)(1026),stand,12,0,40,1,126681|126682,50|50,IdleTime|5|Skill|232511,,,,,,,,,IdleRepeat|10800|Skill|232511,,,,,
3593,(普通) 哈比的乐园-哈比的女王居里它(BOSS)(1048),stand,12,0,40,1,126691|126692|126693,45|45|10,IdleTime|5|Skill|232511,MyHP|70|Skill|126694,,,,,,,,IdleRepeat|10800|Skill|232511,,,,,
3600,(普通) 风暴古城-关键骑士警卫兵(1001),wander,12,3,40,1,127121|127122,50|50,MyHP|70|Skill|127123,,,,,,,,,,,,,,
3601,(普通) 风暴古城-雕像士兵警卫兵(1007),wander,12,3,40,1,127131|127132,50|50,MyHP|70|Skill|127133,,,,,,,,,,,,,,
3602,(普通) 风暴古城-绝望的海马斯特(5016),wander,12,3,40,1,127141|127142,50|50,MyHP|70|Skill|127143,,,,,,,,,,,,,,
3603,(普通) 风暴古城-仇恨的布雷斯莱斯(3019),wander,12,3,40,1,127151|127152,50|50,MyHP|70|Skill|127153,,,,,,,,,,,,,,
3604,(普通) 风暴古城-奥迪温的亲信(1004),wander,12,3,40,1,127161|127162,50|50,MyHP|70|Skill|127163,,,,,,,,,,,,,,
3605,(普通) 风暴古城-布雷斯莱斯监视兵(3019),wander,12,3,40,1,127171|127172,50|50,MyHP|70|Skill|127173,,,,,,,,,,,,,,
3606,(普通) 风暴古城-关键骑士亲卫兵(7064),wander,12,3,40,1,127181|127182,50|50,MyHP|70|Skill|127183,,,,,,,,,,,,,,
3607,(普通) 风暴古城-雕像士兵亲卫兵(1007),wander,12,3,40,1,127191|127192,50|50,MyHP|70|Skill|127193,,,,,,,,,,,,,,
3608,(普通) 风暴古城-深渊的海马斯特(5016),wander,12,3,40,1,127201|127202,50|50,MyHP|70|Skill|127203,,,,,,,,,,,,,,
3609,(普通) 风暴古城-浓雾的戴奥斯沃夫(1004),wander,12,3,40,1,127211|127212,50|50,MyHP|70|Skill|127213,,,,,,,,,,,,,,
3610,(普通) 风暴古城-守门人弗尔拉佳(队长)(3020),stand,12,0,40,1,127221|127222|127223,45|45|10,IdleTime|5|Skill|232511,,,,,,,,,IdleRepeat|10800|Skill|232511,,,,,
3611,(普通) 风暴古城-掠夺者耐克罗(队长)(5017),stand,12,0,40,1,127231|127232|127233,45|45|10,IdleTime|5|Skill|232511,,,,,,,,,IdleRepeat|10800|Skill|232511,,,,,
3612,(普通) 风暴古城-尸体术士奥迪温(队长)(1005),stand,12,0,40,1,127241|127242|127243,45|45|10,IdleTime|5|Skill|232511,,,,,,,,,IdleRepeat|10800|Skill|232511,,,,,
3613,(普通) 风暴古城-无名英雄(队长)(9062),stand,12,0,40,1,127251|127252|127253,45|45|10,IdleTime|5|Skill|232511,,,,,,,,,IdleRepeat|10800|Skill|232511,,,,,
3614,(普通) 风暴古城-堕落的贝勒泽斯(BOSS)(1040),stand,12,0,40,1,127261|127262|127263,45|45|10,IdleTime|5|Skill|232511,,,,,,,,,IdleRepeat|10800|Skill|232511,,,,,
3620,(普通) 战士们的圣地-贝伊哈特侦察兵(3016),wander,12,3,40,1,127721|127722,50|50,MyHP|50|Rate|30|Skill|127723,,,,,,,,,,,,,,
3621,(普通) 战士们的圣地-门卫拉蓬提普(9016),wander,12,3,40,1,127731|127732,50|50,MyHP|30|Rate|30|Skill|127733,,,,,,,,,,,,,,
3622,(普通) 战士们的圣地-奎里奥德饲养员(1010),wander,12,3,40,1,127741|127742,50|50,BattleRepeat|14|Rate|30|Skill|127743,,,,,,,,,,,,,,
3623,(普通) 战士们的圣地-被洗脑的奎里奥德（1019),wander,12,3,40,1,127751|127752,50|50,MyHP|30|Rate|30|Skill|127753,,,,,,,,,,,,,,
3624,(普通) 战士们的圣地-博劳于岛反对派一伙人(1010),wander,12,3,40,1,127761|127762,50|50,MyHP|30|Rate|30|Skill|127763,,,,,,,,,,,,,,
3625,(普通) 战士们的圣地-贝伊哈特上等级咒师 (3016),wander,12,3,40,1,127771|127772,50|50,MyHP|70|Rate|30|Skill|127773,MyHP|30|Rate|30|Skill|127773,,,,,,,,,,,,,
3626,(普通) 战士们的圣地-博劳于岛反对派战士(1013),wander,12,3,40,1,127781|127782,50|50,MyHP|30|Rate|30|Skill|127783,,,,,,,,,,,,,,
3627,(普通) 战士们的圣地-圣地守护兵(3016),wander,12,3,40,1,127791|127792,50|50,MyHP|30|Rate|30|Skill|127793,,,,,,,,,,,,,,
3628,(普通) 战士们的圣地-饲养的拉蓬提普(9016),wander,12,3,40,1,127801|127802,50|50,MyHP|70|Rate|30|Skill|127803,,,,,,,,,,,,,,
3629,(普通) 战士们的圣地-守门人库斯托斯(队长)(3017),stand,12,0,40,1,127811|127812,50|50,IdleTime|5|Skill|232511,BattleRepeat|17|Skill|127813,MyHP|80|Skill|127814,MyHP|50|Skill|127814,MyHP|20|Skill|127814,MyHP|30|Skill|127815,,,,IdleRepeat|10800|Skill|232511,,,,,
3630,(普通) 战士们的圣地-巨大的奎里奥(队长)(1020),stand,12,0,40,1,127821|127822,50|50,IdleTime|5|Skill|232511,BattleRepeat|17|Skill|127823,MyHP|80|Skill|127824,MyHP|50|Skill|127824,MyHP|20|Skill|127824,MyHP|30|Skill|127825,,,,IdleRepeat|10800|Skill|232511,,,,,
3631,(普通) 战士们的圣地-叛徒门达克斯(队长)(1011),stand,12,0,40,1,127831|127832,50|50,IdleTime|5|Skill|232511,BattleRepeat|17|Skill|127833,MyHP|30|Skill|127834,MyHP|30|Skill|127835,,,,,,IdleRepeat|10800|Skill|232511,,,,,
3632,(普通) 战士们的圣地-屠杀者泰纳克斯(队长)(1011),stand,12,0,40,1,127841|127842,50|50,IdleTime|5|Skill|232511,MyHP|80|Skill|127843,MyHP|50|Skill|127843,MyHP|20|Skill|127843,MyHP|30|Skill|127844,MyHP|30|Skill|127845,,,,IdleRepeat|10800|Skill|232511,,,,,
3633,(普通) 战士们的圣地-咒师阿鲁干斯(队长)(3017),stand,12,0,40,1,127851|127852,50|50,IdleTime|5|Skill|232511,BattleRepeat|17|Skill|127853,MyHP|80|Skill|127854,MyHP|50|Skill|127854,MyHP|20|Skill|127854,MyHP|30|Skill|127855,,,,IdleRepeat|10800|Skill|232511,,,,,
3634,(普通) 战士们的圣地-灵泉的守护者保勒米度(BOSS)(1047),stand,12,0,40,1,127861|127862,50|50,IdleTime|5|Skill|232511,MyHP|80|Skill|127863,MyHP|50|Skill|127863,MyHP|20|Skill|127863,BattleRepeat|17|Skill|127865,MyHP|30|Skill|127866,,,,IdleRepeat|10800|Skill|232511,,,,,
3640,(普通) 红头火山洞穴-布莱士罗茵采矿工(1031),wander,12,3,40,1,128321|128322,50|50,BattleRepeat|14|Skill|128323,,,,,,,,,,,,,,
3641,(普通) 红头火山洞穴-博劳于岛反对派采矿工(1013),wander,12,3,40,1,128331|128332,50|50,MyHP|30|Skill|128333,,,,,,,,,,,,,,
3642,(普通) 红头火山洞穴-博劳于岛反对派特种兵(1010),wander,12,3,40,1,128341|128342,50|50,MyHP|30|Skill|128343,,,,,,,,,,,,,,
3643,(普通) 红头火山洞穴-门卫凯尔布鲁斯(5028),wander,12,3,40,1,128351|128352,50|50,MyHP|70|Skill|128353,,,,,,,,,,,,,,
3644,(普通) 红头火山洞穴-狂乱的布莱士罗茵(1031),wander,12,3,40,1,128361|128362,50|50,MyHP|30|Skill|128363,,,,,,,,,,,,,,
3645,(普通) 红头火山洞穴-燃烧愤怒的魔像(7001),wander,12,3,40,1,128371|128372,50|50,MyHP|70|Skill|128373,MyHP|30|Skill|128373,,,,,,,,,,,,,
3646,(普通) 红头火山洞穴-热气腾腾的凯尔布鲁斯(5028),wander,12,3,40,1,128381|128382,50|50,BattleRepeat|14|Skill|128383,,,,,,,,,,,,,,
3647,(普通) 红头火山洞穴-炽热的魔像(7001),wander,12,3,40,1,128391|128392,50|50,MyHP|30|Skill|128393,,,,,,,,,,,,,,
3648,(普通) 红头火山洞穴-剑上冒烟的魔像(7001),wander,12,3,40,1,128401|128402,50|50,MyHP|30|Skill|128403,,,,,,,,,,,,,,
3649,(普通) 红头火山洞穴-熔岩沸腾的魔像(7001),wander,12,3,40,1,128411|128412,50|50,MyHP|50|Skill|128413,,,,,,,,,,,,,,
3650,(普通) 红头火山洞穴-博劳于岛反对派刽子手(1010),wander,12,3,40,1,128421|128422,50|50,MyHP|30|Skill|128423,,,,,,,,,,,,,,
3651,(普通) 红头火山洞穴-破坏者普勒卡(队长)(1011),stand,12,0,40,1,128431|128432,50|50,IdleTime|5|Skill|232511,BattleRepeat|17|Skill|128433,MyHP|29|Skill|128434,MyHP|30|Skill|128435,,,,,,IdleRepeat|10800|Skill|232511,,,,,
3652,(普通) 红头火山洞穴-主宰者莫突斯(队长)(7002),stand,12,0,40,1,128441|128442,50|50,IdleTime|5|Skill|232511,MyHP|80|Skill|128443,MyHP|50|Skill|128443,MyHP|20|Skill|128443,BattleRepeat|17|Skill|128445,BattleRepeat|21|Skill|128446,,,,IdleRepeat|10800|Skill|232511,,,,,
3653,(普通) 红头火山洞穴-主宰者卡尔利夺斯(队长)(7002),stand,12,0,40,1,128451|128452,50|50,IdleTime|5|Skill|232511,MyHP|80|Skill|128453,MyHP|50|Skill|128453,MyHP|20|Skill|128453,BattleRepeat|17|Skill|128455,MyHP|30|Skill|128456,,,,IdleRepeat|10800|Skill|232511,,,,,
3654,(普通) 红头火山洞穴-主宰者普木斯(队长)(7002),stand,12,0,40,1,128461|128462,50|50,IdleTime|5|Skill|232511,MyHP|80|Skill|128463,MyHP|50|Skill|128463,MyHP|20|Skill|128463,BattleRepeat|17|Skill|128465,MyHP|30|Skill|128466,,,,IdleRepeat|10800|Skill|232511,,,,,
3655,(普通) 红头火山洞穴-毁灭的石像(BOSS)(1039),stand,12,0,40,1,128471|128472,50|50,IdleTime|5|Skill|232511,MyHP|75|Skill|128475,MyHP|50|Skill|128475,MyHP|25|Skill|128475,BattleRepeat|17|Skill|128473,MyHP|20|Skill|128477,,,,IdleRepeat|10800|Skill|232511,,,,,
3660,(普通) Lv.47暗灰肯塔伍露丝小村-Lv.47暗灰肯塔伍露丝突击兵(精英)(7027),wander,12,1,40,1,129611|129612,50|50,BattleRepeat|10|Skill|129613,,,,,,,,,,,,,,
3661,(普通) Lv.47暗灰肯塔伍露丝小村-Lv.47暗灰肯塔伍露丝巡逻兵(精英)(7028),patrol,12,0,40,1,129621|129622,50|50,BattleRepeat|10|Skill|129623,,,,,,,,,,,,,,
3662,(普通) Lv.47暗灰肯塔伍露丝小村-Lv.47暗灰肯塔伍露丝祭司(精英)(7029),wander,12,1,40,1,129631|129632,50|50,BattleRepeat|12|Skill|129633,,,,,,,,,,,,,,
3663,(普通) Lv.47暗灰肯塔伍露丝小村-Lv.47暗灰肯塔伍露丝近卫兵(精英)(7042),stand,12,0,40,1,129641|129642,50|50,BattleTime|10|Skill|129643,BattleTime|20|Skill|129644,,,,,,,,,,,,,
3664,(普通) Lv.47暗灰肯塔伍露丝小村-Lv.47噩梦凯尔布鲁斯(精英)(5027),wander,12,5,40,1,129651|129652,50|50,MyHp|50|Skill|129653,,,,,,,,,,,,,,
3665,(普通) Lv.47暗灰肯塔伍露丝小村-Lv.47地狱凯尔布鲁斯(精英)(5029),wander,12,5,40,1,129661|129662,50|50,BattleRepeat|10|Skill|129663,,,,,,,,,,,,,,
3666,(普通) Lv.47暗灰肯塔伍露丝小村-Lv.47红色智慧门实习魔法师(精英)(1024),patrol,12,0,40,1,129671|129672,50|50,,,,,,,,,,,,,,,
3667,(普通) Lv.47暗灰肯塔伍露丝小村-Lv.47红色智慧门上等级魔法师(精英)(1025),stand,12,0,40,1,129681|129682,50|50,BattleRepeat|5|RandomSkill|129683,,,,,,,,,,,,,,
3668,(普通) Lv.47暗灰肯塔伍露丝小村-Lv.47红色智慧门高级魔法师(精英)(1025),wander,12,1,40,1,129691|129692,50|50,,,,,,,,,,,,,,,
3669,(普通) Lv.47暗灰肯塔伍露丝小村-Lv.47暗灰肯塔伍露丝警卫队长浩于斯(队长)(7046),stand,12,0,40,1,129701|129702,50|50,BattleRepeat|17|Skill|129703,,,,,,BattleTime|0|Talk|1,BattleTime|0|Call|20,IdleTime|5|Skill|232511,IdleRepeat|10800|Skill|232511,~~~~!! ,,,,
3670,(普通) Lv.47暗灰肯塔伍露丝小村-Lv.47暗灰肯塔伍露丝近卫队长扎伊克雷斯(队长)(7045),stand,12,0,40,1,129711|129712,50|50,BattleRepeat|17|Skill|129713,BattleTime|30|Skill|129715,BattleTime|60|Skill|129716,,,,BattleTime|0|Talk|1,BattleTime|0|Call|20,IdleTime|5|Skill|232511,IdleRepeat|10800|Skill|232511,~~~~!! ,,,,
3671,(普通) Lv.47暗灰肯塔伍露丝小村-Lv.47红色智慧门最强魔法师梅伊斯(队长)(1005),stand,12,0,40,1,129721|129722,50|50,BattleRepeat|17|RandomSkill|129723,,,,,,BattleTime|0|Talk|1,BattleTime|0|Call|20,IdleTime|5|Skill|232511,IdleRepeat|10800|Skill|232511,~~~~!! ,,,,
3672,(普通) Lv.47暗灰肯塔伍露丝小村-Lv.47魔法大师戴奥斯沃夫玛西斯(队长)(1005),stand,12,0,40,1,129731|129732,50|50,BattleRepeat|17|Skill|129733,BattleRepeat|21|Skill|129734,,,,,BattleTime|0|Talk|1,BattleTime|0|Call|20,IdleTime|5|Skill|232511,IdleRepeat|10800|Skill|232511,~~~~!! ,,,,
3673,(普通) Lv.47暗灰肯塔伍露丝小村-Lv.47暗灰肯塔伍露丝酋长扎伊伦(BOSS)(1051),stand,12,0,40,1,129741|129742,50|50,BattleRepeat|30|Skill|129743,MyHP|80|Skill|129744,MyHP|60|Skill|129744,MyHP|40|Skill|129744,MyHP|20|Skill|129744,BattleRepeat|90|Skill|129746,BattleTime|0|Talk|1,BattleTime|0|Call|100,IdleTime|5|Skill|232511,IdleRepeat|10800|Skill|232511,~~~~!! ,,,,
3680,(普通) Lv.50光之地下庭院-Lv.50疯狂稻田(精英)(5002),patrol,12,0,40,1,130931|130932,50|50,BattleRepeat|10|Skill|130933,,,,,,BattleTime|0|Talk|1,BattleTime|0|Call|20,,,,,,,
3681,(普通) Lv.50光之地下庭院-Lv.50犬齿凯尔布鲁斯(精英)(5027),wander,12,3,40,1,130941|130942,50|50,MyHP|50|Skill|130943,,,,,,,,,,,,,,
3682,(普通) Lv.50光之地下庭院-Lv.50嗜血的伊尔内斯特(精英)(5003),stand,12,0,40,1,130951|130952,50|50,BattleRepeat|10|Skill|130953,,,,,,,,,,,,,,
3683,(普通) Lv.50光之地下庭院-Lv.50黑暗智慧门(精英)(1024),stand,12,0,40,1,130961|130962,50|50,MyHP|30|Skill|130963,,,,,,,,,,,,,,
3684,(普通) Lv.50光之地下庭院-Lv.50云之思克诺曹(精英)(3012),wander,12,3,40,1,130971|130972,50|50,BattleRepeat|10|Skill|130973,,,,,,,,,,,,,,
3685,(普通) Lv.50光之地下庭院-Lv.50鳞甲歪伊芬(精英)(9018),wander,12,3,40,1,130981|130982,50|50,BattleRepeat|10|Skill|130983,,,,,,,,,,,,,,
3686,(普通) Lv.50光之地下庭院-Lv.50混沌的德莱伊克(精英)(9003),wander,12,3,40,1,130991|130992,50|50,BattleRepeat|10|Skill|130993,,,,,,,,,,,,,,
3687,(普通) Lv.50光之地下庭院-Lv.50塔伦(精英)(5002),stand,12,0,40,1,131001|131002,50|50,BattleRepeat|10|Skill|131003,,,,,,,,,,,,,,
3688,(普通) Lv.50光之地下庭院-Lv.50扎伊斯特(队长)(5005),stand,12,0,40,1,131011|131012,50|50,BattleRepeat|21|Skill|131013,MyHP|70|Skill|131014,MyHP|50|Skill|131014,MyHP|30|Skill|131014,BattleRepeat|60|Skill|131015,,BattleTime|0|Talk|1,BattleTime|0|Call|20,IdleTime|5|Skill|232511,IdleRepeat|10800|Skill|232511,,,,,
3689,(普通) Lv.50光之地下庭院-Lv.50贝伊邹(队长)(3014),stand,12,0,40,1,131021|131022,50|50,BattleRepeat|21|Skill|131023,BattleRepeat|21|Skill|131024,BattleRepeat|60|Skill|131025,,,,BattleTime|0|Talk|1,BattleTime|0|Call|20,IdleTime|5|Skill|232511,IdleRepeat|10800|Skill|232511,,,,,
3690,(普通) Lv.50光之地下庭院-Lv.50贝恩跌克(队长)(9020),stand,12,0,40,1,131031|131032,50|50,BattleRepeat|17|Skill|131033,BattleRepeat|60|Skill|131035,,,,,BattleTime|0|Talk|1,BattleTime|0|Call|20,IdleTime|5|Skill|232511,IdleRepeat|10800|Skill|232511,,,,,
3691,(普通) Lv.50光之地下庭院-Lv.50戴修德(BOSS)(1041),stand,25,0,40,1,131041,100,BattleRepeat|17|Skill|131042,BattleRepeat|21|Skill|131044,MyHP|70|Skill|131046,MyHP|30|Skill|131046,BattleRepeat|60|Skill|131047,,BattleTime|0|Talk|1,BattleTime|0|Call|100,IdleTime|5|Skill|232511,IdleRepeat|10800|Skill|232511,,,,,
3692,(普通) Lv.50光之地下庭院-Lv.50赛特(队长)(1026),stand,12,0,40,1,131411|131412,50|50,BattleRepeat|17|RandomSkill|131414,,,,,,BattleTime|0|Talk|1,BattleTime|0|Call|100,IdleTime|5|Skill|232511,IdleRepeat|10800|Skill|232511,,,,,
4000,(困难) 洛坎的实验室-哥布林博斯克(7030),wander,15,10,300,1,120101|120102,50|50,MyHP|75|Skill|120103,,,,,,,,,,,,,,
4001,(困难) 洛坎的实验室-哥布林斯耐颇(7031),wander,15,10,300,1,120111|120112|120113,45|45|10,BattleRepeat|15|Skill|120113,,,,,,,,,,,,,,
4002,(困难) 洛坎的实验室-受到诅咒的实验体(7011),wander,15,10,300,1,120121|120122|120123,45|45|10,BattleRepeat|15|Skill|120123,,,,,,,,,,,,,,
4003,(困难) 洛坎的实验室-北神(7006),wander,15,10,300,1,120131|120132|120133,45|45|10,BattleRepeat|15|Skill|120133,,,,,,,,,,,,,,
4004,(困难) 洛坎的实验室-指挥官布拉伊安(队长)(7039),stand,15,0,300,1,120141|120142|120143,45|45|10,IdleTime|5|Skill|232511,BattleRepeat|15|Skill|120143,BattleRepeat|30|Skill|120145,,,,,,,IdleRepeat|10800|Skill|232511,,,,,
4005,(困难) 洛坎的实验室-扭曲的实验体(7011),wander,15,10,300,1,120151|120152|120153,45|45|10,BattleRepeat|15|Skill|120153,,,,,,,,,,,,,,
4006,(困难) 洛坎的实验室-实验室的守望者(5029),wander,15,10,300,1,120161|120162|120163,45|45|10,BattleRepeat|15|Skill|120163,,,,,,,,,,,,,,
4007,(困难) 洛坎的实验室-实验体玛格莫斯(队长)(1032),stand,15,0,300,1,120171|120172|120173,45|45|10,IdleTime|5|Skill|232511,BattleRepeat|15|Skill|120173,BattleRepeat|30|Skill|120174,,,,,,,IdleRepeat|10800|Skill|232511,,,,,
4008,(困难) 洛坎的实验室-扭曲的实验体(7011),wander,15,10,300,1,120181|120182|120183,45|45|10,BattleRepeat|15|Skill|120183,,,,,,,,,,,,,,
4009,(困难) 洛坎的实验室-堕落的炼金术士洛坎德纳勒(BOSS)(1044),stand,15,0,300,1,120191|120192|120193,45|45|10,IdleTime|5|Skill|232511,MyHP|75|Skill|120196,MyHP|50|Skill|120196,MyHP|25|Skill|120196,,,,,,IdleRepeat|10800|Skill|232511,,,,,
4020,(困难) 深渊的神殿-茶园恶灵(5004),wander,15,10,300,1,120481|120482|120483,45|45|10,BattleRepeat|15|Skill|120483,,,,,,,,,,,,,,
4021,(困难) 深渊的神殿-巡逻恶灵(5005),wander,15,10,300,1,120491|120492|120493,45|45|10,BattleRepeat|15|Skill|120493,,,,,,,,,,,,,,
4022,(困难) 深渊的神殿-分裂的守护者贝内迪克特(队长)(7017),stand,15,0,300,1,120501|120502|120503,45|45|10,IdleTime|5|Skill|232511,BattleRepeat|30|Skill|120505,,,,,,,,IdleRepeat|10800|Skill|232511,,,,,
4023,(困难) 深渊的神殿-灵魂骑士(3004),wander,15,10,300,1,120511|120512|120513,45|45|10,BattleRepeat|15|Skill|120513,,,,,,,,,,,,,,
4024,(困难) 深渊的神殿-恶灵骑士(3005),wander,15,10,300,1,120521|120522|120523,45|45|10,BattleRepeat|15|Skill|120523,,,,,,,,,,,,,,
4025,(困难) 深渊的神殿-暗红屠杀者莱安特(队长)(5017),stand,15,0,300,1,120531|120532|120533,45|45|10,IdleTime|5|Skill|232511,BattleRepeat|30|Skill|120535,,,,,,,,IdleRepeat|10800|Skill|232511,,,,,
4026,(困难) 深渊的神殿-堕落的茶园守护者(5016),wander,15,10,300,1,120541|120542|120543,45|45|10,BattleRepeat|15|Skill|120543,,,,,,,,,,,,,,
4027,(困难) 深渊的神殿-堕落的守门人萨麦尔(BOSS)(1033),stand,15,0,300,1,120551|120552|120555,45|45|10,IdleTime|5|Skill|232511,BattleRepeat|60|Skill|120556,,,,,,,,IdleRepeat|10800|Skill|232511,,,,,
4040,(困难) 奎里奥德矿山-古代水晶(12014),stand,0,0,300,0,,,,,,,,,,,,,,,,,
4041,(困难) 奎里奥德矿山-土匪团战士(5035),wander,15,10,300,1,120801|120802|120803,45|45|10,BattleRepeat|15|Skill|120803,,,,,,,,,,,,,,
4042,(困难) 奎里奥德矿山-土匪团团狙击手(5038),wander,15,10,300,1,120811|120812,50|50,BattleRepeat|15|RandomSkill|120813,,,,,,,,,,,,,,
4043,(困难) 奎里奥德矿山-采矿魔克里奥德(队长)(1020),stand,15,0,300,1,120821|120822|120823,45|45|10,IdleTime|5|Skill|232511,BattleRepeat|30|Skill|120824,,,,,,,,IdleRepeat|10800|Skill|232511,,,,,
4044,(困难) 奎里奥德矿山-采矿魔克里莫(1019),wander,15,10,300,1,120831|120832|120833,45|45|10,BattleRepeat|15|Skill|120833,,,,,,,,,,,,,,
4045,(困难) 奎里奥德矿山-蔡官古雷姆克里德(1020),wander,15,10,300,1,120841|120842|120843,45|45|10,BattleRepeat|15|Skill|120843,,,,,,,,,,,,,,
4046,(困难) 奎里奥德矿山-指挥官古雷姆贝勒纳克(队长)(7002),stand,15,0,300,1,120851|120852|120853,45|45|10,IdleTime|5|Skill|232511,BattleRepeat|30|Skill|120854,,,,,,,,IdleRepeat|10800|Skill|232511,,,,,
4047,(困难) 奎里奥德矿山-红色警卫古雷姆(7001),wander,15,10,300,1,120861|120862|120863,45|45|10,BattleRepeat|15|Skill|120863,,,,,,,,,,,,,,
4048,(困难) 奎里奥德矿山-矿山守护者诺亚拉克(BOSS)(1042),stand,15,0,300,1,120871|120872|120873,45|45|10,IdleTime|5|Skill|232511,BattleRepeat|90|Skill|120876,BattleRepeat|45|RandomSkill|120875,,,,,,,IdleRepeat|10800|Skill|232511,,,,,
4049,(困难) 奎里奥德矿山-土匪团长官(队长)(5035),stand,15,0,300,1,121461|121462|121463,45|45|10,IdleTime|5|Skill|232511,BattleRepeat|30|Skill|121464,,,,,,,,IdleRepeat|10800|Skill|232511,,,,,
4050,(困难) 奎里奥德矿山-古雷姆卡勒泰(队长)(1020),stand,15,0,300,1,121471|121472|121473,45|45|10,IdleTime|5|Skill|232511,BattleRepeat|30|Skill|121474,,,,,,,,IdleRepeat|10800|Skill|232511,,,,,
4060,(困难) 火焰祭坛-奴隶一伙人(5001),wander,15,10,300,1,121121|121122|121123,45|45|10,BattleRepeat|15|Skill|121123,,,,,,,,,,,,,,
4061,(困难) 火焰祭坛-海尔雷伊德监督人(5028),wander,15,10,300,1,121131|121132|121133,45|45|10,BattleRepeat|15|Skill|121133,,,,,,,,,,,,,,
4062,(困难) 火焰祭坛-罗干泰斯(队长)(5029),stand,15,0,300,1,121141|121142|121143,45|45|10,IdleTime|5|Skill|232511,BattleRepeat|15|Skill|121144,,,,,,,,IdleRepeat|10800|Skill|232511,,,,,
4063,(困难) 火焰祭坛-奴隶建筑师(5002),wander,15,10,300,1,121151|121152|121153,45|45|10,BattleRepeat|15|Skill|121153,,,,,,,,,,,,,,
4064,(困难) 火焰祭坛-普尔莱茵 歪伊芬(7016),wander,15,10,300,1,121161|121162|121163,45|45|10,BattleRepeat|15|Skill|121163,,,,,,,,,,,,,,
4065,(困难) 火焰祭坛-红焰之眼(12027),stand,0,0,300,0,,,,,,,,,,,,,,,,,
4066,(困难) 火焰祭坛-红焰守护者(队长)(9014),stand,15,0,300,1,121181|121182|121185,45|45|10,IdleTime|5|Skill|232511,BattleRepeat|30|Skill|121183,,,,,,,,IdleRepeat|10800|Skill|232511,,,,,
4067,(困难) 火焰祭坛-哈利伊德(BOSS)(1034),stand,15,0,300,1,121191,100,IdleTime|5|Skill|232511,BattleRepeat|120|RandomSkill|121195,BattleRepeat|45|Skill|121193,BattleRepeat|90|Skill|121196,,,,,,IdleRepeat|10800|Skill|232511,,,,,
4068,(困难) 火焰祭坛-死神滴水嘴兽(队长)(7017),stand,15,0,300,1,121381|121382|121383,45|45|10,IdleTime|5|Skill|232511,BattleRepeat|30|Skill|121385,,,,,,,,IdleRepeat|10800|Skill|232511,,,,,
4069,(困难) 火焰祭坛-凯尔贝鲁斯(队长)(5029),stand,15,0,300,1,121391|121392|121393,45|45|10,IdleTime|5|Skill|232511,BattleRepeat|30|Skill|121394,,,,,,,,IdleRepeat|10800|Skill|232511,,,,,
4080,(困难) 死亡的职员-分裂的魔爪(7015),wander,15,10,300,1,121701|121702,50|50,BattleRepeat|15|Skill|121703,,,,,,,,,,,,,,
4081,(困难) 死亡的职员-分裂的破坏者(7016),wander,15,10,300,1,121711|121712,50|50,BattleRepeat|15|Skill|121713,,,,,,,,,,,,,,
4082,(困难) 死亡的职员-战士的灵魂(7088),wander,15,10,300,1,121721|121722,50|50,BattleRepeat|15|Skill|121723,,,,,,,,,,,,,,
4083,(困难) 死亡的职员-弓箭手的灵魂(7089),wander,15,10,300,1,121731|121732,50|50,BattleRepeat|15|Skill|121733,,,,,,,,,,,,,,
4084,(困难) 死亡的职员-魔法师的灵魂(7090),wander,15,10,300,1,121741|121742,50|50,BattleRepeat|15|Skill|121743,,,,,,,,,,,,,,
4085,(困难) 死亡的职员-睡不着的战士(7076),wander,15,10,300,1,121751|121752,50|50,BattleRepeat|15|Skill|121753,,,,,,,,,,,,,,
4086,(困难) 死亡的职员-睡不着的弓箭手(7077),wander,15,10,300,1,121761|121762,50|50,BattleRepeat|15|Skill|121763,,,,,,,,,,,,,,
4087,(困难) 死亡的职员-睡不着的魔法师(7078),wander,15,10,300,1,121771|121772,50|50,BattleRepeat|15|Skill|121773,,,,,,,,,,,,,,
4088,(困难) 死亡的职员-黑暗精灵(5004),wander,15,10,300,1,121781|121782,50|50,BattleRepeat|15|Skill|121783,,,,,,,,,,,,,,
4089,(困难) 死亡的职员-安息的灵魂(5005),wander,15,10,300,1,121791|121792,50|50,BattleRepeat|15|Skill|121793,,,,,,,,,,,,,,
4090,(困难) 死亡的职员-沉默的魔爪(7019),wander,15,10,300,1,121801|121802,50|50,BattleRepeat|15|Skill|121803,,,,,,,,,,,,,,
4091,(困难) 死亡的职员-巴勒西亚的下属(1009),wander,15,10,300,1,121811|121812,50|50,BattleRepeat|15|Skill|121813,,,,,,,,,,,,,,
4092,(困难) 死亡的职员-巴勒西亚的监督人(5028),wander,15,10,300,1,121821|121822,50|50,BattleRepeat|15|Skill|121823,,,,,,,,,,,,,,
4093,(困难) 死亡的职员-分裂的支配者拉琪亚斯(队长)(7017),stand,15,0,300,1,121831|121832|121833,45|45|10,IdleTime|5|Skill|232511,MyHP|85|Skill|121836,BattleRepeat|30|Skill|125834,,,,,,,IdleRepeat|10800|Skill|232511,,,,,
4094,(困难) 死亡的职员-灵魂管理者派利特(队长)(7090),stand,15,0,300,1,121841|121842|121843,45|45|10,IdleTime|5|Skill|232511,MyHP|85|Skill|121846,BattleRepeat|30|Skill|125844,,,,,,,IdleRepeat|10800|Skill|232511,,,,,
4095,(困难) 死亡的职员-平静的主管世雷亚(队长)(5005),stand,15,0,300,1,121851|121852|121853,45|45|10,IdleTime|5|Skill|232511,MyHP|85|Skill|121856,BattleRepeat|30|Skill|125854,,,,,,,IdleRepeat|10800|Skill|232511,,,,,
4096,(困难) 死亡的职员-沉默的管理者贝尔利塔(队长)(7020),stand,15,0,300,1,121861|121862|121863,45|45|10,IdleTime|5|Skill|232511,MyHP|85|Skill|121865,BattleRepeat|30|Skill|125864,,,,,,,IdleRepeat|10800|Skill|232511,,,,,
4097,(困难) 死亡的职员-贪吃的巴勒西亚(BOSS)(1049),stand,15,0,300,1,121871|121872|121873,45|45|10,IdleTime|5|Skill|232511,MyHP|85|Skill|121876,MyHP|50|Skill|121874,,,,,,,IdleRepeat|10800|Skill|232511,,,,,
4110,(困难) 阿拉汉的浮游城-被激怒的战士(50108),wander,15,10,300,1,122381|122382,50|50,BattleRepeat|15|Skill|122383,,,,,,,,,,,,,,
4111,(困难) 阿拉汉的浮游城-冷静的弓箭手(50609),wander,15,10,300,1,122391|122392,50|50,BattleRepeat|15|Skill|122393,,,,,,,,,,,,,,
4112,(困难) 阿拉汉的浮游城-训练教官世勒克(队长)(50110),stand,15,0,300,1,122401|122402|122403,45|45|10,IdleTime|5|Skill|232511,BattleRepeat|30|Skill|122403,Die|0|TriggerSkill|200202,MyHP|50|Skill|122406,,,,,,IdleRepeat|10800|Skill|232511,,,,,
4113,(困难) 阿拉汉的浮游城-堕落的灵光祭司(101),wander,15,10,300,1,122411|122412,50|50,BattleRepeat|15|Skill|122413,,,,,,,,,,,,,,
4114,(困难) 阿拉汉的浮游城-受污染的的灵光祭司(104),wander,15,10,300,1,122421|122422,50|50,BattleRepeat|15|Skill|122423,,,,,,,,,,,,,,
4115,(困难) 阿拉汉的浮游城-贺喜的主管者玫乃斯(队长)(105) ,stand,15,0,300,1,122431|122432|122433,45|45|10,IdleTime|5|Skill|232511,BattleRepeat|30|Skill|122433,Die|0|TriggerSkill|200206,MyHP|50|Skill|122436,,,,,,IdleRepeat|10800|Skill|232511,,,,,
4116,(困难) 阿拉汉的浮游城-魔力管理者(1024),wander,15,10,300,1,122441|122442,50|50,BattleRepeat|15|Skill|122443,,,,,,,,,,,,,,
4117,(困难) 阿拉汉的浮游城-魔力守护者(1025),wander,15,10,300,1,122451|122452,50|50,BattleRepeat|15|Skill|122453,,,,,,,,,,,,,,
4118,(困难) 阿拉汉的浮游城-堕落的灵魂(3013),wander,15,10,300,1,122461|122462,50|50,BattleRepeat|15|Skill|122463,,,,,,,,,,,,,,
4119,(困难) 阿拉汉的浮游城-世克洛的黑暗(3014),wander,15,10,300,1,122471|122472,50|50,BattleRepeat|15|Skill|122473,,,,,,,,,,,,,,
4120,(困难) 阿拉汉的浮游城-玫乃斯的黑暗(1025),wander,15,10,300,1,122481|122482,50|50,BattleRepeat|30|Skill|122483,,,,,,,,,,,,,,
4121,(困难) 阿拉汉的浮游城-魔力的主人格利赛尔德(队长)(1026),stand,15,0,300,1,122491|122492,50|50,IdleTime|5|Skill|232511,BattleRepeat|30|Skill|122493,MyHP|75|Skill|122495,,,,,,,IdleRepeat|10800|Skill|232511,,,,,
4122,(困难) 阿拉汉的浮游城-堕落的影子贝尔拉斯特(队长)(3014),stand,15,0,300,1,122501|122502|122503,45|45|10,IdleTime|5|Skill|232511,BattleRepeat|30|Skill|122503,MyHP|75|Skill|122506,,,,,,,IdleRepeat|10800|Skill|232511,,,,,
4123,(困难) 阿拉汉的浮游城-堕落的英雄阿拉汉(BOSS)(1035),stand,15,0,300,1,122511|122512|122513,45|45|10,IdleTime|5|Skill|232511,BattleRepeat|30|Skill|122513,MyHP|75|Skill|122516,,,,,,,IdleRepeat|10800|Skill|232511,,,,,
4140,(困难) 克拉伍德生物体实验室-黑暗监视者(5039),wander,15,10,300,1,122921|122922,50|50,BattleRepeat|12|Rate|70|Skill|122923,,,,,,,,,,,,,,
4141,(困难) 克拉伍德生物体实验室-黑暗巡逻者(5042),wander,15,10,300,1,122931|122932,50|50,BattleRepeat|12|Rate|70|Skill|122933,,,,,,,,,,,,,,
4142,(困难) 克拉伍德生物体实验室-黑暗之狼(5068),wander,15,10,300,1,122941|122942,50|50,BattleRepeat|12|Rate|70|Skill|122943,,,,,,,,,,,,,,
4143,(困难) 克拉伍德生物体实验室-变异的士兵(7009),wander,15,10,300,1,122951|122952,50|50,BattleRepeat|12|Rate|70|Skill|122953,,,,,,,,,,,,,,
4144,(困难) 克拉伍德生物体实验室-复活的士兵(7009),wander,15,10,300,1,122961|122962,50|50,BattleRepeat|12|Rate|70|Skill|122963,,,,,,,,,,,,,,
4145,(困难) 克拉伍德生物体实验室-克拉伍德的强化兵(3015),wander,15,10,300,1,122971|122972,50|50,MyHP|50|Rate|70|Skill|122973,,,,,,,,,,,,,,
4146,(困难) 克拉伍德生物体实验室-克拉伍德?合成树脂(3000),wander,15,10,300,1,122981|122982,50|50,BattleRepeat|14|Rate|70|Skill|122983,,,,,,,,,,,,,,
4147,(困难) 克拉伍德生物体实验室-受污染的狼王子鲁卡斯(5068)(队长),stand,15,0,300,1,122991|122992,50|50,IdleTime|5|Skill|232511,BattleRepeat|17|Skill|122993,BattleRepeat|21|Skill|122994,MyHP|80|Skill|122996,MyHP|30|Skill|122996,,,,,IdleRepeat|10800|Skill|232511,,,,,
4148,(困难) 克拉伍德生物体实验室-团长虎梅伦(5041)(队长),stand,15,0,300,1,123001|123002,50|50,IdleTime|5|Skill|232511,BattleRepeat|21|Skill|123003,BattleRepeat|17|Skill|123005,MyHP|30|Skill|123006,,,,,,IdleRepeat|10800|Skill|232511,,,,,
4149,(困难) 克拉伍德生物体实验室-贝内伊德(3017)(队长),stand,15,0,300,1,123011|123012,50|50,IdleTime|5|Skill|232511,MyHP|75|Skill|123015,MyHP|55|Skill|123015,MyHP|15|Skill|123015,MyHP|70|Skill|123013,MyHP|50|Skill|123013,MyHP|10|Skill|123013,MyHP|30|Skill|123016,,IdleRepeat|10800|Skill|232511,,,,,
4150,(困难) 克拉伍德生物体实验室-合成树脂贝诺伊德(3002)(队长),stand,15,0,300,1,123021|123022,50|50,IdleTime|5|Skill|232511,BattleRepeat|17|Skill|123023,BattleRepeat|21|Skill|123024,MyHP|30|Skill|123025,,,,,,IdleRepeat|10800|Skill|232511,,,,,
4151,(困难) 克拉伍德生物体实验室-黑暗魔爪王子克拉伍德(1050)(BOSS),stand,15,0,300,1,123031|123032,50|50,IdleTime|5|Skill|232511,BattleRepeat|21|Skill|123034,MyHP|80|Skill|123036,MyHP|50|Skill|123036,MyHP|20|Skill|123036,BattleRepeat|17|Skill|123033,,,,IdleRepeat|10800|Skill|232511,,,,,
4160,(困难) 火龙的巢穴-龙魔爪(9010),wander,15,10,300,1,123411|123412,50|50,MyHP|30|Skill|123413,,,,,,,,,,,,,,
4161,(困难) 火龙的巢穴-龙魔人(5006),wander,15,10,300,1,123421|123422,50|50,BattleRepeat|12|Skill|123423,,,,,,,,,,,,,,
4162,(困难) 火龙的巢穴-熔岩山脉一族德莱伊克(9012),wander,15,10,300,1,123431|123432,50|50,BattleRepeat|12|Skill|123433,,,,,,,,,,,,,,
4163,(困难) 火龙的巢穴-熔岩山脉一族歪伊芬(9018),wander,15,10,300,1,123441|123442,50|50,BattleRepeat|12|Skill|123443,,,,,,,,,,,,,,
4164,(困难) 火龙的巢穴-火焰山一族歪伊芬(9018),wander,15,10,300,1,123451|123452,50|50,BattleRepeat|12|Skill|123453,,,,,,,,,,,,,,
4165,(困难) 火龙的巢穴-火焰山一族德莱伊克(9013),wander,15,10,300,1,123461|123462,50|50,MyHP|70|Skill|123463,MyHP|30|Skill|123463,,,,,,,,,,,,,
4166,(困难) 火龙的巢穴-火焰山一族德雷昆(9004),wander,15,10,300,1,123471|123472,50|50,BattleRepeat|12|Skill|123473,,,,,,,,,,,,,,
4167,(困难) 火龙的巢穴-鲜红的克夏特利阿(队长)(5008),stand,15,0,300,1,123481|123482,50|50,IdleTime|5|Skill|232511,BattleRepeat|17|Skill|123483,MyHP|80|Skill|123485,MyHP|50|Skill|123485,MyHP|20|Skill|123485,MyHP|30|Skill|123486,,,,IdleRepeat|10800|Skill|232511,,,,,
4168,(困难) 火龙的巢穴-红焰卡德尼尔(队长)(9014),stand,15,0,300,1,123491|123492,50|50,IdleTime|5|Skill|232511,MyHP|80|Skill|123493,MyHP|50|Skill|123493,MyHP|20|Skill|123493,BattleRepeat|17|Skill|123494,MyHP|30|Skill|123496,,,,IdleRepeat|10800|Skill|232511,,,,,
4169,(困难) 火龙的巢穴-岩石之翅塞尔斯特(队长)(9003),stand,15,0,300,1,123501|123502,50|50,IdleTime|5|Skill|232511,MyHP|80|Skill|123503,MyHP|50|Skill|123503,MyHP|20|Skill|123503,BattleRepeat|17|Skill|123505,MyHP|30|Skill|123507,,,,IdleRepeat|10800|Skill|232511,,,,,
4170,(困难) 火龙的巢穴-大酋长卡山德拉(队长)(9005),stand,15,0,300,1,123511|123512,50|50,IdleTime|5|Skill|232511,MyHP|80|Skill|123513,MyHP|50|Skill|123513,MyHP|20|Skill|123513,BattleRepeat|17|Skill|123516,,,,,IdleRepeat|10800|Skill|232511,,,,,
4171,(困难) 火龙的巢穴-烦恼的火龙雷泽乐(BOSS)(1036),stand,25,0,300,1,123521|123522,50|50,IdleTime|5|Skill|232511,BattleRepeat|21|Skill|123523,MyHP|80|Skill|123525,MyHP|50|Skill|123525,MyHP|20|Skill|123525,MyHP|30|Skill|123527,,,BattleTime|0|Skill|123523,IdleRepeat|10800|Skill|232511,,,,,
4180,(困难) 恶灵山谷-Lv.47浓雾触须(精英)(5063),wander,15,10,300,1,129131|129132,50|50,BattleRepeat|10|Skill|129133,,,,,,,,,,,,,,
4181,(困难) 恶灵山谷-Lv.47戴特拉的祭品(精英)(3024),wander,15,10,300,1,129141|129142,50|50,BattleRepeat|10|Skill|129143,Die|0|TriggerSkill|129144,,,,,,,,,,,,,
4182,(困难) 恶灵山谷-Lv.47戴特拉的雕像(精英)(5064),wander,15,10,300,1,129151|129152,50|50,BattleRepeat|10|Skill|129153,,,,,,,,,,,,,,
4183,(困难) 恶灵山谷-Lv.47触须带刺的戴特拉(队长)(5065),stand,15,0,300,1,129161|129162,50|50,BattleRepeat|17|Skill|129163,MyHP|80|Skill|129164,MyHP|50|Skill|129164,MyHP|20|Skill|129164,MyHP|30|Skill|129165,,,,IdleTime|5|Skill|232511,IdleRepeat|10800|Skill|232511,,,,,
4184,(困难) 恶灵山谷-Lv.47尸虫(精英)(9067),wander,15,10,300,1,129171|129172,50|50,BattleRepeat|10|Skill|129173,,,,,,,,,,,,,,
4185,(困难) 恶灵山谷-Lv.47痛苦的冤魂(精英)(3025),wander,15,10,300,1,129181|129182,50|50,MyHP|50|Skill|129183,,,,,,,,,,,,,,
4186,(困难) 恶灵山谷-Lv.47被遗忘的管理者莱卡图斯(队长)(7129),stand,15,0,300,1,129191|129192,50|50,BattleRepeat|17|Skill|129193,MyHP|80|Skill|129194,MyHP|50|Skill|129194,MyHP|20|Skill|129194,MyHP|30|Skill|129195,,,,IdleTime|5|Skill|232511,IdleRepeat|10800|Skill|232511,,,,,
4187,(困难) 恶灵山谷-Lv.47鲁伍林的执行官(精英)(7057),wander,15,10,300,1,129201|129202,50|50,BattleRepeat|10|Skill|129203,,,,,,,,,,,,,,
4188,(困难) 恶灵山谷-Lv.47鲁伍林的刽子手(精英)(7058),wander,15,10,300,1,129211|129212,50|50,BattleRepeat|10|Skill|129213,,,,,,,,,,,,,,
4189,(困难) 恶灵山谷-Lv.47屠杀者鲁伍林(队长)(7059),stand,15,0,300,1,129221|129222,50|50,BattleRepeat|17|Skill|129223,MyHP|70|Skill|129225,MyHP|30|Skill|129225,,,,,,IdleTime|5|Skill|232511,IdleRepeat|10800|Skill|232511,,,,,
4190,(困难) 恶灵山谷-Lv.47贝纳贝勒的奴隶(精英)(7066),wander,15,10,300,1,129231|129232,50|50,BattleRepeat|10|Skill|129233,,,,,,,,,,,,,,
4191,(困难) 恶灵山谷-Lv.47贝纳贝勒的下属(精英)(7060),wander,15,10,300,1,129241|129242,50|50,BattleRepeat|10|Skill|129243,,,,,,,,,,,,,,
4192,(困难) 恶灵山谷-Lv.47黑暗的管理者贝纳贝勒(队长)(7135),stand,15,0,300,1,129251|129252,50|50,BattleRepeat|17|Skill|129253,MyHP|70|Skill|129254,MyHP|30|Skill|129254,MyHP|30|Skill|129255,,,,,IdleTime|5|Skill|232511,IdleRepeat|10800|Skill|232511,,,,,
4193,(困难) 恶灵山谷-Lv.47丢拉汗(精英)(3003),wander,15,10,300,1,129261|129262,50|50,BattleRepeat|10|Skill|129263,,,,,,,,,,,,,,
4194,(困难) 恶灵山谷-Lv.47丢拉汗骑士(精英)(3005),wander,15,10,300,1,129271|129272,50|50,BattleRepeat|10|Skill|129273,,,,,,,,,,,,,,
4195,(困难) 恶灵山谷-Lv.47死去的管理者克瓦特里卡(BOSS)(1052),stand,15,0,300,1,129281|129282,50|50,BattleRepeat|17|Skill|129283,MyHP|80|Skill|129284,MyHP|50|Skill|129284,MyHP|20|Skill|129284,MyHP|10|Skill|129285,,,,IdleTime|5|Skill|232511,IdleRepeat|10800|Skill|232511,,,,,
4200,(困难) 黑暗要塞-Lv.50分裂的清洁工(精英)(9057),wander,15,10,300,1,130361|130362,50|50,BattleRepeat|10|Skill|130363,,,,,,,,,,,,,,
4201,(困难) 黑暗要塞-Lv.50茶园清洁工(精英)(9058),wander,15,10,300,1,130371|130372,50|50,BattleRepeat|10|Skill|130373,,,,,,,,,,,,,,
4202,(困难) 黑暗要塞-Lv.50分裂的恢复者拉克拉德(队长)(9065),stand,15,0,300,1,130381|130382,50|50,BattleRepeat|17|Skill|130383,MyHP|80|Skill|130384,MyHP|50|Skill|130384,MyHP|20|Skill|130384,MyHP|10|Skill|130386,,,,IdleTime|5|Skill|232511,IdleRepeat|10800|Skill|232511,,,,,
4203,(困难) 黑暗要塞-Lv.50黑暗战士(精英)(1002),wander,15,10,300,1,130391|130392,50|50,BattleRepeat|10|Skill|130393,,,,,,,,,,,,,,
4204,(困难) 黑暗要塞-Lv.50黑暗弓箭手(精英)(7065),wander,15,10,300,1,130401|130402,50|50,BattleRepeat|10|Skill|130403,,,,,,,,,,,,,,
4205,(困难) 黑暗要塞-Lv.50黑暗指挥者拉克诺亚(队长)(7061),stand,15,0,300,1,130411|130412,50|50,BattleRepeat|17|Skill|130413,MyHP|80|Skill|130415,MyHP|50|Skill|130415,MyHP|20|Skill|130415,MyHP|30|Skill|130416,,,,IdleTime|5|Skill|232511,IdleRepeat|10800|Skill|232511,,,,,
4206,(困难) 黑暗要塞-Lv.50诺丝夸储存体(精英)(12089),stand,0,0,0,1,,,Die|0|TriggerSkill|130421,,,,,,,,,,,,,,
4207,(困难) 黑暗要塞-Lv.50黑暗的诺丝夸(精英)(5005),wander,15,10,300,1,130431|130432,50|50,BattleRepeat|10|Skill|130433,,,,,,,,,,,,,,
4208,(困难) 黑暗要塞-Lv.50堕落的生命体(精英)(1031),wander,15,10,300,1,130441|130442,50|50,BattleRepeat|10|Skill|130443,,,,,,,,,,,,,,
4209,(困难) 黑暗要塞-Lv.50扭曲的生命体(精英)(1032),wander,15,10,300,1,130451|130452,50|50,BattleRepeat|10|Skill|130453,,,,,,,,,,,,,,
4210,(困难) 黑暗要塞-Lv.50堕落的指挥者拉克雷顿(队长)(7058),stand,15,0,300,1,130461|130462,50|50,BattleRepeat|17|Skill|130463,MyHP|70|Skill|130465,MyHP|30|Skill|130465,MyHP|30|Skill|130467,,,,,IdleTime|5|Skill|232511,IdleRepeat|10800|Skill|232511,,,,,
4211,(困难) 黑暗要塞-Lv.50被洗脑的艾因哈伊战士(精英)(50108),wander,15,10,300,1,130471|130472,50|50,BattleRepeat|10|Skill|130473,,,,,,,,,,,,,,
4212,(困难) 黑暗要塞-Lv.50被洗脑的艾因哈伊魔法师(精英)(50611),wander,15,10,300,1,130481|130482,50|50,BattleRepeat|10|Skill|130483,,,,,,,,,,,,,,
4213,(困难) 黑暗要塞-Lv.50被洗脑的戴力姆伸战士(精英)(53008),wander,15,10,300,1,130491|130492,50|50,BattleRepeat|10|Skill|130493,,,,,,,,,,,,,,
4214,(困难) 黑暗要塞-Lv.50被洗脑的戴力姆伸魔法师(精英)(53511),wander,15,10,300,1,130501|130502,50|50,BattleRepeat|10|Skill|130503,,,,,,,,,,,,,,
4215,(困难) 黑暗要塞-Lv.50混乱的指挥者拉克里撒(队长)(7134),stand,15,0,300,1,130511|130512,50|50,MyHP|70|Skill|130513,MyHP|30|Skill|130513,MyHP|30|Skill|130515,,,,,,IdleTime|5|Skill|232511,IdleRepeat|10800|Skill|232511,,,,,
4216,(困难) 黑暗要塞-Lv.50扭曲的茶园管理者(精英)(3015),wander,15,10,300,1,130521|130522,50|50,MyHP|50|Skill|130523,,,,,,,,,,,,,,
4217,(困难) 黑暗要塞-Lv.50扭曲的茶园守护者(精英)(3016),wander,15,10,300,1,130531|130532,50|50,MyHP|30|Skill|130533,,,,,,,,,,,,,,
4218,(困难) 黑暗要塞-Lv.50俄比斯的守护者拉克雷阿(BOSS)(1037),stand,15,0,300,1,130541|130542,50|50,BattleRepeat|17|Skill|130543,MyHP|80|Skill|130544,MyHP|50|Skill|130544,MyHP|20|Skill|130544,MyHP|10|Skill|130546,,,,IdleTime|5|Skill|232511,IdleRepeat|10800|Skill|232511,,,,,
4500,(困难) 弗勒德米尔饲养场-毒蛆虫特利皮特(7014),wander,15,10,300,1,125071|125072|125073,45|45|10,BattleRepeat|15|Skill|125073,,,,,,,,,,,,,,
4501,(困难) 弗勒德米尔饲养场-血雨腥风之花(队长)(5020),stand,15,0,300,1,125081|125082,50|50,IdleTime|5|Skill|232511,,,,,,,,,IdleRepeat|10800|Skill|232511,,,,,
4502,(困难) 弗勒德米尔饲养场-老树哥布林园丁(7003),wander,15,10,300,1,125091|125092|125093,45|45|10,BattleRepeat|15|Skill|125093,,,,,,,,,,,,,,
4503,(困难) 弗勒德米尔饲养场-老树哥布林饲养员(7004),wander,15,10,300,1,125101|125102|125103,45|45|10,BattleRepeat|15|Skill|125103,,,,,,,,,,,,,,
4504,(困难) 弗勒德米尔饲养场-斯帕特斯卡(5023),wander,15,10,300,1,125111|125112|125113,45|45|10,BattleRepeat|15|Skill|125113,,,,,,,,,,,,,,
4505,(困难) 弗勒德米尔饲养场-老树哥布林咒师(队长)(7032),stand,15,0,300,1,125121|125122|125123,45|45|10,IdleTime|5|Skill|232511,BattleRepeat|30|Skill|125124,,,,,,,,IdleRepeat|10800|Skill|232511,,,,,
4506,(困难) 弗勒德米尔饲养场-老树哥布林祭司帕帕勒(BOSS)(1045),stand,15,0,300,1,125131|125132|125133,45|45|10,IdleTime|5|Skill|232511,BattleRepeat|30|Skill|125134,BattleRepeat|50|Skill|125135,,,,,,,IdleRepeat|10800|Skill|232511,,,,,
4520,(困难) 恩蒂温的圣所-毒性博马(3001),wander,15,10,300,1,125371|125372|125373,45|45|10,BattleRepeat|15|Skill|125373,,,,,,,,,,,,,,
4521,(困难) 恩蒂温的圣所-蝮蛇博马(3002),wander,15,10,300,1,125381|125382|125383,45|45|10,BattleRepeat|15|Skill|125383,,,,,,,,,,,,,,
4522,(困难) 恩蒂温的圣所-痛苦的年轻宪兵(1022),wander,15,10,300,1,125391|125392|125393,45|45|10,BattleRepeat|15|Skill|125393,,,,,,,,,,,,,,
4523,(困难) 恩蒂温的圣所-伤痕累累的宪兵(1023),wander,15,10,300,1,125401|125402,50|50,BattleRepeat|15|Skill|125403,,,,,,,,,,,,,,
4524,(困难) 恩蒂温的圣所-愤怒的安提兰斯(5013),wander,15,10,300,1,125411|125412|125413,45|45|10,BattleRepeat|15|Skill|125413,,,,,,,,,,,,,,
4525,(困难) 恩蒂温的圣所-被激怒的安提兰斯(5014),wander,15,10,300,1,125421|125422|125423,45|45|10,BattleRepeat|15|Skill|125423,,,,,,,,,,,,,,
4526,(困难) 恩蒂温的圣所-供品(队长)(1023),stand,15,0,300,1,125431|125432|125433,45|45|10,IdleTime|5|Skill|232511,BattleRepeat|30|Skill|125434,,,,,,,,IdleRepeat|10800|Skill|232511,,,,,
4527,(困难) 恩蒂温的圣所-暴伊巴(队长)(3002),stand,15,0,300,1,125441|125442|125443,45|45|10,IdleTime|5|Skill|232511,BattleRepeat|30|Skill|125444,,,,,,,,IdleRepeat|10800|Skill|232511,,,,,
4528,(困难) 恩蒂温的圣所-恩蒂温(BOSS)(3030),stand,15,0,300,1,125451|125452,90|10,IdleTime|5|Skill|232511,BattleRepeat|30|Skill|125454,BattleRepeat|45|Skill|125456,,,,,BattleTime|15|Talk|1,BattleTime|30|Talk|2,IdleRepeat|10800|Skill|232511,~~~~ ~~~~. ~~~ ~~~~~ ~~ ~~~~!,~ ~~ ~~ ~~ ~~~~~. ~号~ ~ ~~~ ~~~~~,,,
4540,(困难) 冰冷的洞穴-希尔朋德巡逻兵(9006),wander,15,10,300,1,125751|125752|125753,45|45|10,BattleRepeat|15|Skill|125753,,,,,,,,,,,,,,
4541,(困难) 冰冷的洞穴-希尔朋德猎人(9007),wander,15,10,300,1,125761|125762|125763,45|45|10,BattleRepeat|15|Skill|125763,,,,,,,,,,,,,,
4542,(困难) 冰冷的洞穴-时皮琪叶尔(9009),wander,15,10,300,1,125771|125772|125773,45|45|10,BattleRepeat|15|Skill|125773,,,,,,,,,,,,,,
4543,(困难) 冰冷的洞穴-希尔朋德警卫兵(9006),wander,15,10,300,1,125781|125782|125783,45|45|10,BattleRepeat|15|Skill|125783,,,,,,,,,,,,,,
4544,(困难) 冰冷的洞穴-时皮琪叶尔近卫队(9010),wander,15,10,300,1,125791|125792|125793,45|45|10,BattleRepeat|15|Skill|125793,,,,,,,,,,,,,,
4545,(困难) 冰冷的洞穴-希尔朋德魔法师(9007),wander,15,10,300,1,125801|125802,50|50,BattleRepeat|15|Skill|125803,,,,,,,,,,,,,,
4546,(困难) 冰冷的洞穴-希尔朋德高级魔法师阿伊西德(队长)(9008),stand,15,0,300,1,125811|125812|125813,45|45|10,IdleTime|5|Skill|232511,BattleRepeat|30|Skill|125815,,,,,,,,IdleRepeat|10800|Skill|232511,,,,,
4547,(困难) 冰冷的洞穴-监狱负责人希尔皮兹(队长)(9011),stand,15,0,300,1,125821|125822|125823,45|45|10,IdleTime|5|Skill|232511,BattleRepeat|30|Skill|125824,,,,,,,,IdleRepeat|10800|Skill|232511,,,,,
4548,(困难) 冰冷的洞穴-希尔朋德血液管理者希尔德勒(队长)(9008),stand,15,0,300,1,125831|125832|125833,45|45|10,IdleTime|5|Skill|232511,BattleRepeat|30|Skill|125835,,,,,,,,IdleRepeat|10800|Skill|232511,,,,,
4549,(困难) 冰冷的洞穴-希尔朋德守护队长佳盆德(队长)(5053),stand,15,0,300,1,125841|125735,90|10,IdleTime|5|Skill|232511,BattleRepeat|30|Skill|125843,,,,,,,,IdleRepeat|10800|Skill|232511,,,,,
4550,(困难) 冰冷的洞穴-希尔朋德王子阿酷雷克斯(BOSS)(1043),stand,15,0,300,1,125851|125852|125853,45|45|10,IdleTime|5|Skill|232511,BattleRepeat|30|Skill|125855,MyHP|75|Skill|125856,MyHP|50|Skill|125856,,,,,,IdleRepeat|10800|Skill|232511,,,,,
4560,(困难) 冰狼城堡-冰尾警卫兵(9033),wander,15,10,300,1,126201|126202|126203,45|45|10,BattleRepeat|15|Skill|126203,,,,,,,,,,,,,,
4561,(困难) 冰狼城堡-冰尾战士(9028),wander,15,10,300,1,126211|126212|126213,45|45|10,BattleRepeat|15|Skill|126213,,,,,,,,,,,,,,
4562,(困难) 冰狼城堡-冰尾饲养员(9028),wander,15,10,300,1,126221|126222|126223,45|45|10,BattleRepeat|15|Skill|126223,,,,,,,,,,,,,,
4563,(困难) 冰狼城堡-驯服的客迈拉(7020),wander,15,10,300,1,126231|126232|126233,45|45|10,BattleRepeat|15|Skill|126233,,,,,,,,,,,,,,
4564,(困难) 冰狼城堡-奴隶砂轮(7048),wander,15,10,300,1,126241|126242|126243,45|45|10,BattleRepeat|15|Skill|126243,,,,,,,,,,,,,,
4565,(困难) 冰狼城堡-冰尾咒师(9034),wander,15,10,300,1,126251|126252|126253,45|45|10,BattleRepeat|15|Skill|126253,,,,,,,,,,,,,,
4566,(困难) 冰狼城堡-冰尾近卫队(9028),wander,15,10,300,1,126261|126262|126263,45|45|10,BattleRepeat|15|Skill|126263,,,,,,,,,,,,,,
4567,(困难) 冰狼城堡-近卫队长白臼齿于尔特(队长)(9029),stand,15,0,300,1,126271|126272|126273,45|45|10,IdleTime|5|Skill|232511,BattleRepeat|30|Skill|126274,,,,,,,,IdleRepeat|10800|Skill|232511,,,,,
4568,(困难) 冰狼城堡-木工匠黑犬齿于尔雷(队长)(9029),stand,15,0,300,1,126281|126283,90|10,IdleTime|5|Skill|232511,BattleRepeat|30|Skill|126284,BattleRepeat|60|Skill|126286,,,,,,,IdleRepeat|10800|Skill|232511,,,,,
4569,(困难) 冰狼城堡-技术师黑门牙于尔莱伊(队长)(9029),stand,15,0,300,1,126291|126292|126293,45|45|10,IdleTime|5|Skill|232511,BattleRepeat|30|Skill|126294,,,,,,,,IdleRepeat|10800|Skill|232511,,,,,
4570,(困难) 冰狼城堡-咒师蓝下巴的于尔夯特(队长)(9029),stand,15,0,300,1,126301|126302|126303,45|45|10,IdleTime|5|Skill|232511,BattleRepeat|30|Skill|126305,,,,,,,,IdleRepeat|10800|Skill|232511,,,,,
4571,(困难) 冰狼城堡-冰尾狼王子夏卡尔(BOSS)(1038),stand,15,0,300,1,126311|126312,90|10,IdleTime|5|Skill|232511,BattleRepeat|45|Skill|126314,,,,,,,,IdleRepeat|10800|Skill|232511,,,,,
4580,(困难) 哈比的乐园-被洗脑的贝伊内俄(5070),wander,15,10,300,1,126701|126702,50|50,BattleRepeat|30|Skill|126703,,,,,,,,,,,,,,
4581,(困难) 哈比的乐园-被洗脑的贝伊诺夫(5067),wander,15,10,300,1,126711|126712,50|50,BattleRepeat|30|Skill|126713,,,,,,,,,,,,,,
4582,(困难) 哈比的乐园-掠夺者哈比(7022),wander,15,10,300,1,126721|126722,50|50,BattleRepeat|30|Skill|126723,,,,,,,,,,,,,,
4583,(困难) 哈比的乐园-被洗脑的哈比一伙人(7022),wander,15,10,300,1,126731|126732,50|50,BattleRepeat|30|Skill|126733,,,,,,,,,,,,,,
4584,(困难) 哈比的乐园-眼神似剑的关键骑士(1001),wander,15,10,300,1,126741|126742,50|50,BattleRepeat|30|Skill|126743,,,,,,,,,,,,,,
4585,(困难) 哈比的乐园-受欢迎的智慧门(1025),wander,15,10,300,1,126751|126752,50|50,BattleRepeat|30|Skill|126753,,,,,,,,,,,,,,
4586,(困难) 哈比的乐园-女王的守护兵(7022),wander,15,10,300,1,126761|126762,50|50,BattleRepeat|30|Skill|126763,,,,,,,,,,,,,,
4587,(困难) 哈比的乐园-红色眼神的关键骑士(1001),wander,15,10,300,1,126771|126772,50|50,BattleRepeat|30|Skill|126773,,,,,,,,,,,,,,
4588,(困难) 哈比的乐园-狂乱的智慧门(1025),wander,15,10,300,1,126781|126782,50|50,BattleRepeat|30|Skill|126783,,,,,,,,,,,,,,
4589,(困难) 哈比的乐园-野兽驯养师贝斯提亚(队长)(7023),stand,15,0,300,1,126791|126792|126793,45|45|10,IdleTime|5|Skill|232511,BattleRepeat|30|Skill|126794,MyHP|50|Skill|126796,,,,,,,IdleRepeat|10800|Skill|232511,,,,,
4590,(困难) 哈比的乐园-仓库知音博纳(队长)(7023),stand,15,0,300,1,126801|126802|126803,45|45|10,IdleTime|5|Skill|232511,BattleRepeat|30|Skill|126804,MyHP|50|Skill|126806,,,,,,,IdleRepeat|10800|Skill|232511,,,,,
4591,(困难) 哈比的乐园-监督人卢杜斯(队长)(1002),stand,15,0,300,1,126811|126812|126813,45|45|10,IdleTime|5|Skill|232511,BattleRepeat|30|Skill|126814,MyHP|50|Skill|126816,,,,,,,IdleRepeat|10800|Skill|232511,,,,,
4592,(困难) 哈比的乐园-指挥官铁链的考勒奴(队长)(1026),stand,15,0,300,1,126821|126822,50|50,IdleTime|5|Skill|232511,BattleTime|30|Skill|126824,MyHP|50|Skill|126825,,,,,,,IdleRepeat|10800|Skill|232511,,,,,
4593,(困难) 哈比的乐园-哈比的女王居里它(BOSS)(1048),stand,15,0,300,1,126831|126832|126833,45|45|10,IdleTime|5|Skill|232511,BattleRepeat|30|Skill|126834,MyHP|50|Skill|126836,,,,,,,IdleRepeat|10800|Skill|232511,,,,,
4600,(困难) 风暴古城-关键骑士警卫兵(1001),wander,15,10,300,1,127271|127272,50|50,BattleRepeat|30|Skill|127273,,,,,,,,,,,,,,
4601,(困难) 风暴古城-雕像士兵警卫兵(1007),wander,15,10,300,1,127281|127282,50|50,BattleRepeat|30|Skill|127283,,,,,,,,,,,,,,
4602,(困难) 风暴古城-绝望的海马斯特(5016),wander,15,10,300,1,127291|127292,50|50,BattleRepeat|30|Skill|127293,,,,,,,,,,,,,,
4603,(困难) 风暴古城-仇恨的布雷斯莱斯(3019),wander,15,10,300,1,127301|127302,50|50,BattleRepeat|30|Skill|127303,,,,,,,,,,,,,,
4604,(困难) 风暴古城-奥迪温的亲信(1004),wander,15,10,300,1,127311|127312,50|50,BattleRepeat|30|Skill|127313,,,,,,,,,,,,,,
4605,(困难) 风暴古城-布雷斯莱斯监视兵(3019),wander,15,10,300,1,127321|127322,50|50,BattleRepeat|30|Skill|127323,,,,,,,,,,,,,,
4606,(困难) 风暴古城-关键骑士亲卫兵(7064),wander,15,10,300,1,127331|127332,50|50,BattleRepeat|30|Skill|127333,,,,,,,,,,,,,,
4607,(困难) 风暴古城-雕像士兵亲卫兵(1007),wander,15,10,300,1,127341|127342,50|50,BattleRepeat|30|Skill|127343,,,,,,,,,,,,,,
4608,(困难) 风暴古城-深渊的海马斯特(5016),wander,15,10,300,1,127351|127352,50|50,BattleRepeat|30|Skill|127353,,,,,,,,,,,,,,
4609,(困难) 风暴古城-浓雾的戴奥斯沃夫(1004),wander,15,10,300,1,127361|127362,50|50,BattleRepeat|30|Skill|127363,,,,,,,,,,,,,,
4610,(困难) 风暴古城-守门人弗尔拉佳(队长)(3020),stand,15,0,300,1,127371|127372|127373,45|45|10,IdleTime|5|Skill|232511,BattleRepeat|30|Skill|127374,MyHP|50|Skill|127376,,,,,,,IdleRepeat|10800|Skill|232511,,,,,
4611,(困难) 风暴古城-掠夺者耐克罗(队长)(5017),stand,15,0,300,1,127381|127382|127383,45|45|10,IdleTime|5|Skill|232511,BattleRepeat|30|Skill|127384,MyHP|50|Skill|127386,,,,,,,IdleRepeat|10800|Skill|232511,,,,,
4612,(困难) 风暴古城-尸体术士奥迪温(队长)(1005),stand,15,0,300,1,127391|127392|127393,45|45|10,IdleTime|5|Skill|232511,BattleRepeat|30|Skill|127394,MyHP|50|Skill|127396,,,,,,,IdleRepeat|10800|Skill|232511,,,,,
4613,(困难) 风暴古城-无名英雄(队长)(9062),stand,15,0,300,1,127401|127402|127403,45|45|10,IdleTime|5|Skill|232511,BattleRepeat|30|Skill|127404,MyHP|50|Skill|127406,,,,,,,IdleRepeat|10800|Skill|232511,,,,,
4614,(困难) 风暴古城-堕落的贝勒泽斯(BOSS)(1040),stand,15,0,300,1,127411|127412|127413,45|45|10,IdleTime|5|Skill|232511,BattleRepeat|30|Skill|127414,MyHP|50|Skill|127416,,,,,,,IdleRepeat|10800|Skill|232511,,,,,
4620,(困难) 战士们的圣地-贝伊哈特侦察兵(3016),wander,15,10,300,1,127871|127872,50|50,MyHP|50|Rate|70|Skill|127873,,,,,,,,,,,,,,
4621,(困难) 战士们的圣地-门卫拉蓬提普(9016),wander,15,10,300,1,127881|127882,50|50,MyHP|30|Rate|70|Skill|127883,,,,,,,,,,,,,,
4622,(困难) 战士们的圣地-奎里奥德饲养员(1010),wander,15,10,300,1,127891|127892,50|50,BattleRepeat|12|Rate|70|Skill|127893,,,,,,,,,,,,,,
4623,(困难) 战士们的圣地-被洗脑的奎里奥 1019),wander,15,10,300,1,127901|127902,50|50,MyHP|30|Rate|70|Skill|127903,,,,,,,,,,,,,,
4624,(困难) 战士们的圣地-博劳于岛反对派一伙人(1010),wander,15,10,300,1,127911|127912,50|50,MyHP|30|Rate|70|Skill|127913,,,,,,,,,,,,,,
4625,(困难) 战士们的圣地-贝伊哈特上等级咒师 (3016),wander,15,10,300,1,127921|127922,50|50,MyHP|70|Rate|70|Skill|127923,MyHP|30|Rate|70|Skill|127923,,,,,,,,,,,,,
4626,(困难) 战士们的圣地-博劳于岛反对派战士(1013),wander,15,10,300,1,127931|127932,50|50,MyHP|30|Rate|70|Skill|127933,,,,,,,,,,,,,,
4627,(困难) 战士们的圣地-圣地守护兵(3016),wander,15,10,300,1,127941|127942,50|50,MyHP|30|Rate|70|Skill|127943,,,,,,,,,,,,,,
4628,(困难) 战士们的圣地-饲养的拉蓬提普(9016),wander,15,10,300,1,127951|127952,50|50,MyHP|70|Rate|70|Skill|127953,,,,,,,,,,,,,,
4629,(困难) 战士们的圣地-守门人库斯托斯(队长)(3017),stand,15,0,300,1,127961|127962,50|50,IdleTime|5|Skill|232511,BattleRepeat|17|Skill|127963,MyHP|80|Skill|127964,MyHP|50|Skill|127964,MyHP|20|Skill|127964,MyHP|30|Skill|127965,,,,IdleRepeat|10800|Skill|232511,,,,,
4630,(困难) 战士们的圣地-巨大的奎里奥(队长)(1020),stand,15,0,300,1,127971|127972,50|50,IdleTime|5|Skill|232511,BattleRepeat|17|Skill|127973,MyHP|80|Skill|127974,MyHP|50|Skill|127974,MyHP|20|Skill|127974,MyHP|30|Skill|127975,,,,IdleRepeat|10800|Skill|232511,,,,,
4631,(困难) 战士们的圣地-叛徒门达克斯(队长)(1011),stand,15,0,300,1,127981|127982,50|50,IdleTime|5|Skill|232511,BattleRepeat|17|Skill|127983,MyHP|30|Skill|127984,MyHP|30|Skill|127985,,,,,,IdleRepeat|10800|Skill|232511,,,,,
4632,(困难) 战士们的圣地-屠杀者泰纳克斯(队长)(1011),stand,15,0,300,1,127991|127992,50|50,IdleTime|5|Skill|232511,MyHP|80|Skill|127993,MyHP|50|Skill|127993,MyHP|20|Skill|127993,MyHP|30|Skill|127994,MyHP|30|Skill|127995,,,,IdleRepeat|10800|Skill|232511,,,,,
4633,(困难) 战士们的圣地-咒师阿鲁干斯(队长)(3017),stand,15,0,300,1,128001|128002,50|50,IdleTime|5|Skill|232511,BattleRepeat|17|Skill|128003,MyHP|80|Skill|128004,MyHP|50|Skill|128004,MyHP|20|Skill|128004,MyHP|30|Skill|128005,,,,IdleRepeat|10800|Skill|232511,,,,,
4634,(困难) 战士们的圣地-灵泉的守护者保勒米度(BOSS)(1047),stand,15,0,300,1,128011|128012,50|50,IdleTime|5|Skill|232511,MyHP|80|Skill|128013,MyHP|50|Skill|128013,MyHP|20|Skill|128013,BattleRepeat|17|Skill|128015,MyHP|30|Skill|128016,,,,IdleRepeat|10800|Skill|232511,,,,,
4640,(困难) 红头火山洞穴-布莱士罗茵采矿工(1031),wander,15,10,300,1,128481|128482,50|50,BattleRepeat|12|Skill|128483,,,,,,,,,,,,,,
4641,(困难) 红头火山洞穴-博劳于岛反对派采矿工(1013),wander,15,10,300,1,128491|128492,50|50,MyHP|30|Skill|128493,,,,,,,,,,,,,,
4642,(困难) 红头火山洞穴-博劳于岛反对派特种兵(1010),wander,15,10,300,1,128501|128502,50|50,MyHP|30|Skill|128503,,,,,,,,,,,,,,
4643,(困难) 红头火山洞穴-门卫凯尔布鲁斯(5028),wander,15,10,300,1,128511|128512,50|50,MyHP|70|Skill|128513,,,,,,,,,,,,,,
4644,(困难) 红头火山洞穴-狂乱的布莱士罗茵(1031),wander,15,10,300,1,128521|128522,50|50,MyHP|30|Skill|128523,,,,,,,,,,,,,,
4645,(困难) 红头火山洞穴-燃烧愤怒的魔像(7001),wander,15,10,300,1,128531|128532,50|50,MyHP|70|Skill|128533,MyHP|30|Skill|128533,,,,,,,,,,,,,
4646,(困难) 红头火山洞穴-热气腾腾的凯尔布鲁斯(5028),wander,15,10,300,1,128541|128542,50|50,BattleRepeat|12|Skill|128543,,,,,,,,,,,,,,
4647,(困难) 红头火山洞穴-炽热的魔像(7001),wander,15,10,300,1,128551|128552,50|50,MyHP|30|Skill|128553,,,,,,,,,,,,,,
4648,(困难) 红头火山洞穴-剑上冒烟的魔像(7001),wander,15,10,300,1,128561|128562,50|50,MyHP|30|Skill|128563,,,,,,,,,,,,,,
4649,(困难) 红头火山洞穴-熔岩沸腾的魔像(7001),wander,15,10,300,1,128571|128572,50|50,MyHP|50|Skill|128573,,,,,,,,,,,,,,
4650,(困难) 红头火山洞穴-博劳于岛反对派刽子手(1010),wander,15,10,300,1,128581|128582,50|50,MyHP|30|Skill|128583,,,,,,,,,,,,,,
4651,(困难) 红头火山洞穴-破坏者普勒卡(队长)(1011),stand,15,0,300,1,128591|128592,50|50,IdleTime|5|Skill|232511,BattleRepeat|17|Skill|128593,MyHP|29|Skill|128594,MyHP|30|Skill|128595,,,,,,IdleRepeat|10800|Skill|232511,,,,,
4652,(困难) 红头火山洞穴-主宰者莫突斯(队长)(7002),stand,15,0,300,1,128601|128602,50|50,IdleTime|5|Skill|232511,MyHP|80|Skill|128603,MyHP|50|Skill|128603,MyHP|20|Skill|128603,BattleRepeat|17|Skill|128605,BattleRepeat|21|Skill|128606,,,,IdleRepeat|10800|Skill|232511,,,,,
4653,(困难) 红头火山洞穴-主宰者卡尔利夺斯(队长)(7002),stand,15,0,300,1,128611|128612,50|50,IdleTime|5|Skill|232511,MyHP|80|Skill|128613,MyHP|50|Skill|128613,MyHP|20|Skill|128613,BattleRepeat|17|Skill|128615,MyHP|30|Skill|128616,,,,IdleRepeat|10800|Skill|232511,,,,,
4654,(困难) 红头火山洞穴-主宰者普木斯(队长)(7002),stand,15,0,300,1,128621|128622,50|50,IdleTime|5|Skill|232511,MyHP|80|Skill|128623,MyHP|50|Skill|128623,MyHP|20|Skill|128623,BattleRepeat|17|Skill|128625,MyHP|30|Skill|128626,,,,IdleRepeat|10800|Skill|232511,,,,,
4655,(困难) 红头火山洞穴-毁灭的石像(BOSS)(1039),stand,15,0,300,1,128631|128632,50|50,IdleTime|5|Skill|232511,MyHP|75|Skill|128635,MyHP|50|Skill|128635,MyHP|25|Skill|128635,BattleRepeat|17|Skill|128633,MyHP|20|Skill|128637,,,,IdleRepeat|10800|Skill|232511,,,,,
4660,(困难) Lv.47暗灰肯塔伍露丝小村-Lv.47暗灰肯塔伍露丝突击兵(精英)(7027),wander,15,1,300,1,129751|129752,50|50,BattleRepeat|10|Skill|129753,,,,,,,,,,,,,,
4661,(困难) Lv.47暗灰肯塔伍露丝小村-Lv.47暗灰肯塔伍露丝巡逻兵(精英)(7028),patrol,15,0,300,1,129761|129762,50|50,BattleRepeat|10|Skill|129763,BattleTime|0|Skill|129764,,,,,BattleTime|0|Talk|1,BattleTime|0|Call|20,,,~~~~!! ,,,,
4662,(困难) Lv.47暗灰肯塔伍露丝小村-Lv.47暗灰肯塔伍露丝祭司(精英)(7029),wander,15,1,300,1,129771|129772,50|50,BattleRepeat|10|Skill|129773,,,,,,,,,,,,,,
4663,(困难) Lv.47暗灰肯塔伍露丝小村-Lv.47暗灰肯塔伍露丝近卫兵(精英)(7042),stand,15,0,300,1,129781|129782,50|50,BattleTime|0|Skill|129783,BattleTime|10|Skill|129784,BattleTime|20|Skill|129785,,,,BattleTime|0|Talk|1,BattleTime|0|Call|20,,,~~~~!! ,,,,
4664,(困难) Lv.47暗灰肯塔伍露丝小村-Lv.47噩梦凯尔布鲁斯(精英)(5027),wander,15,5,300,1,129791|129792,50|50,MyHp|50|Skill|129793,,,,,,,,,,,,,,
4665,(困难) Lv.47暗灰肯塔伍露丝小村-Lv.47地狱凯尔布鲁斯(精英)(5029),wander,15,5,300,1,129801|129802,50|50,BattleRepeat|10|Skill|129803,,,,,,,,,,,,,,
4666,(困难) Lv.47暗灰肯塔伍露丝小村-Lv.47红色智慧门实习魔法师(精英)(1024),patrol,15,0,300,1,129811|129812,50|50,MyHP|20|Skill|129813,BattleTime|0|Skill|129813,,,,,BattleTime|0|Talk|1,BattleTime|0|Call|20,,,~~~~!! ,,,,
4667,(困难) Lv.47暗灰肯塔伍露丝小村-Lv.47红色智慧门上等级魔法师(精英)(1025),stand,15,0,300,1,129821|129822,50|50,BattleRepeat|5|RandomSkill|129823,,,,,,BattleTime|0|Talk|1,BattleTime|0|Call|20,,,~~~~!! ,,,,
4668,(困难) Lv.47暗灰肯塔伍露丝小村-Lv.47红色智慧门高级魔法师(精英)(1025),wander,15,1,300,1,129831|129832,50|50,MyHP|50|Skill|129833,,,,,,,,,,,,,,
4669,(困难) Lv.47暗灰肯塔伍露丝小村-Lv.47暗灰肯塔伍露丝警卫队长浩于斯(队长)(7046),stand,15,0,300,1,129841|129842,50|50,BattleRepeat|17|Skill|129843,MyHP|30|Skill|129845,BattleTime|0|Skill|129846,,,,BattleTime|0|Talk|1,BattleTime|0|Call|100,IdleTime|5|Skill|232511,IdleRepeat|10800|Skill|232511,~~~~!! ,,,,
4670,(困难) Lv.47暗灰肯塔伍露丝小村-Lv.47暗灰肯塔伍露丝近卫队?扎伊克雷斯(队长)(7045),stand,15,0,300,1,129851|129852,50|50,BattleRepeat|17|Skill|129853,BattleTime|0|Skill|129855,BattleTime|30|Skill|129856,BattleTime|60|Skill|129857,,,BattleTime|0|Talk|1,BattleTime|0|Call|100,IdleTime|5|Skill|232511,IdleRepeat|10800|Skill|232511,~~~~!! ,,,,
4671,(困难) Lv.47暗灰肯塔伍露丝小村-Lv.47红色智慧门最强魔法师梅伊斯(队长)(1005),stand,15,0,300,1,129861|129862,50|50,BattleRepeat|17|RandomSkill|129863,MyHP|80|Skill|129864,MyHP|50|Skill|129864,MyHP|20|Skill|129864,,,BattleTime|0|Talk|1,BattleTime|0|Call|100,IdleTime|5|Skill|232511,IdleRepeat|10800|Skill|232511,~~~~!! ,,,,
4672,(困难) Lv.47暗灰肯塔伍露丝小村-Lv.47魔法大师戴奥斯沃夫玛西斯(队长)(1005),stand,15,0,300,1,129871|129872,50|50,BattleRepeat|17|Skill|129873,BattleRepeat|21|Skill|129874,BattleRepeat|30|Skill|129875,,,,BattleTime|0|Talk|1,BattleTime|0|Call|100,IdleTime|5|Skill|232511,IdleRepeat|10800|Skill|232511,~~~~!! ,,,,
4673,(困难) Lv.47暗灰肯塔伍露丝小村-Lv.47暗灰肯塔伍露丝酋长扎伊伦(BOSS)(1051),stand,15,0,300,1,129881|129882,50|50,BattleRepeat|30|Skill|129883,MyHP|80|Skill|129884,MyHP|60|Skill|129884,MyHP|40|Skill|129884,MyHP|20|Skill|129884,BattleRepeat|90|Skill|129886,BattleTime|0|Talk|1,BattleTime|0|Call|100,IdleTime|5|Skill|232511,IdleRepeat|10800|Skill|232511,~~~~!! ,,,,
4680,(困难) Lv.50光之地下庭院-Lv.50疯狂稻田(精英)(5002),patrol,15,0,300,1,131051|131052,50|50,BattleRepeat|10|Skill|131053,,,,,,BattleTime|0|Talk|1,BattleTime|0|Call|20,,,,,,,
4681,(困难) Lv.50光之地下庭院-Lv.50犬齿凯尔布鲁斯(精英)(5027),wander,15,10,300,1,131061|131062,50|50,MyHP|50|Skill|131063,,,,,,,,,,,,,,
4682,(困难) Lv.50光之地下庭院-Lv.50嗜血的伊尔内斯特(精英)(5003),stand,15,0,300,1,131071|131072,50|50,BattleRepeat|10|Skill|131073,,,,,,BattleTime|0|Talk|1,BattleTime|0|Call|20,,,,,,,
4683,(困难) Lv.50光之地下庭院-Lv.50黑暗智慧门(精英)(1024),stand,15,0,300,1,131081|131082,50|50,MyHP|30|Skill|131083,BattleTime|0|Skill|131083,,,,,,,,,,,,,
4684,(困难) Lv.50光之地下庭院-Lv.50云之思克诺曹(精英)(3012),wander,15,3,300,1,131091|131092,50|50,BattleRepeat|10|Skill|131093,,,,,,,,,,,,,,
4685,(困难) Lv.50光之地下庭院-Lv.50鳞甲歪伊芬(精英)(9018),wander,15,10,300,1,131101|131102,50|50,BattleRepeat|10|Skill|131103,,,,,,,,,,,,,,
4686,(困难) Lv.50光之地下庭院-Lv.50混乱的德莱伊克(精英)(9003),wander,15,10,300,1,131111|131112,50|50,BattleRepeat|10|Skill|131113,,,,,,,,,,,,,,
4687,(困难) Lv.50光之地下庭院-Lv.50塔伦(精英)(5002),stand,15,0,300,1,131121|131122,50|50,BattleRepeat|10|Skill|131123,,,,,,,,,,,,,,
4688,(困难) Lv.50光之地下庭院-Lv.50扎伊斯特(队长)(5005),stand,15,0,300,1,131131|131132,50|50,BattleRepeat|21|Skill|131133,MyHP|70|Skill|131134,MyHP|50|Skill|131134,MyHP|30|Skill|131134,BattleRepeat|60||Skill|131135,,BattleTime|0|Talk|1,BattleTime|0|Call|20,IdleTime|5|Skill|232511,IdleRepeat|10800|Skill|232511,,,,,
4689,(困难) Lv.50光之地下庭院-Lv.50贝伊邹(队长)(3014),stand,15,0,300,1,131141|131142,50|50,BattleRepeat|21|Skill|131143,BattleRepeat|21|Skill|131144,BattleRepeat|60|Skill|131145,,,,BattleTime|0|Talk|1,BattleTime|0|Call|20,IdleTime|5|Skill|232511,IdleRepeat|10800|Skill|232511,,,,,
4690,(困难) Lv.50光之地下庭院-Lv.50贝恩跌克(队长)(9020),stand,15,0,300,1,131151|131152,50|50,BattleRepeat|17|Skill|131153,BattleRepeat|60|Skill|131155,,,,,BattleTime|0|Talk|1,BattleTime|0|Call|20,IdleTime|5|Skill|232511,IdleRepeat|10800|Skill|232511,,,,,
4691,(困难) Lv.50光之地下庭院-Lv.50戴修德(BOSS)(1041),stand,25,0,300,1,131161,100,BattleRepeat|17|Skill|131162,BattleRepeat|21|Skill|131164,MyHP|70|Skill|131166,MyHP|30|Skill|131166,BattleRepeat|60|Skill|131167,,BattleTime|0|Talk|1,BattleTime|0|Call|100,IdleTime|5|Skill|232511,IdleRepeat|10800|Skill|232511,,,,,
4692,(困难) Lv.50光之地下庭院-Lv.50赛特(队长)(1026),stand,15,0,300,1,131421|131422,50|50,BattleRepeat|17|RandomSkill|131424,MyHP|30|Skill|131423,,,,,BattleTime|0|Talk|1,BattleTime|0|Call|100,IdleTime|5|Skill|232511,IdleRepeat|10800|Skill|232511,,,,,
5000,(极困难) 洛坎的实验室-哥布林博斯克(7030),wander,15,10,300,1,120201|120202,50|50,MyHP|75|Skill|120203,,,,,,,,,,,,,,
5001,(极困难) 洛坎的实验室-哥布林斯耐颇(7031),wander,15,10,300,1,120211|120212|120213,45|45|10,BattleRepeat|15|Skill|120213,,,,,,,,,,,,,,
5002,(极困难) 洛坎的实验室-该死的实验体(7011),wander,15,10,300,1,120221|120222|120223,45|45|10,BattleRepeat|15|Skill|120223,,,,,,,,,,,,,,
5003,(极困难) 洛坎的实验室-北神(7006),wander,15,10,300,1,120231|120232|120233,45|45|10,BattleRepeat|15|Skill|120233,,,,,,,,,,,,,,
5004,(极困难) 洛坎的实验室-指挥官布拉伊安(队长)(7039),stand,15,0,300,1,120241|120242|120243,45|45|10,IdleTime|5|Skill|232511,BattleRepeat|30|Skill|120245,MyHP|25|Skill|120246,,,,,,,IdleRepeat|10800|Skill|232511,,,,,
5005,(极困难) 洛坎的实验室-扭曲的实验体(7011),wander,15,10,300,1,120251|120252|120253,45|45|10,BattleRepeat|15|Skill|120253,,,,,,,,,,,,,,
5006,(极困难) 洛坎的实验室-实验室的守望者(5029),wander,15,10,300,1,120261|120262|120263,45|45|10,BattleRepeat|15|Skill|120263,,,,,,,,,,,,,,
5007,(极困难) 洛坎的实验室-实验体玛格莫斯(队长)(1032),stand,15,0,300,1,120271|120272|120273,45|45|10,IdleTime|5|Skill|232511,BattleRepeat|30|Skill|120274,MyHP|75|Skill|120276,MyHP|50|Skill|120276,MyHP|25|Skill|120276,,,,,IdleRepeat|10800|Skill|232511,,,,,
5008,(极困难) 洛坎的实验室-扭曲的实验体(7011),wander,15,10,300,1,120281|120282|120283,45|45|10,BattleRepeat|15|Skill|120283,,,,,,,,,,,,,,
5009,(极困难) 洛坎的实验室-堕落的炼金术士洛坎德纳勒(BOSS)(1044),stand,15,0,300,1,120291|120292|120293,45|45|10,IdleTime|5|Skill|232511,MyHP|75|Skill|120296,MyHP|50|Skill|120296,MyHP|25|Skill|120296,,,,,,IdleRepeat|10800|Skill|232511,,,,,
5020,(极困难) 深渊的神殿-茶园恶灵(5004),wander,15,10,300,1,120561|120562|120563,45|45|10,BattleRepeat|15|Skill|120563,,,,,,,,,,,,,,
5021,(极困难) 深渊的神殿-巡逻恶灵(5005),wander,15,10,300,1,120571|120572|120573,45|45|10,BattleRepeat|15|Skill|120573,,,,,,,,,,,,,,
5022,(极困难) 深渊的神殿-分裂的守护者贝内迪克特(队长)(7017),stand,15,0,300,1,120581|120582|120583,45|45|10,IdleTime|5|Skill|232511,BattleRepeat|30|Skill|120585,MyHP|60|Skill|120586,MyHP|30|Skill|120586,,,,,,IdleRepeat|10800|Skill|232511,,,,,
5023,(极困难) 深渊的神殿-灵魂骑士(3004),wander,15,10,300,1,120591|120592|120593,45|45|10,BattleRepeat|15|Skill|120593,,,,,,,,,,,,,,
5024,(极困难) 深渊的神殿-恶灵骑士(3005),wander,15,10,300,1,120601|120602|120603,45|45|10,BattleRepeat|15|Skill|120603,,,,,,,,,,,,,,
5025,(极困难) 深渊的神殿-红色屠杀者莱安特(队长)(5017),stand,15,0,300,1,120611|120612|120613,45|45|10,IdleTime|5|Skill|232511,BattleRepeat|30|Skill|120615,,,,,,,,IdleRepeat|10800|Skill|232511,,,,,
5026,(极困难) 深渊的神殿-堕落的茶园守护者(5016),wander,15,10,300,1,120621|120622|120623,45|45|10,BattleRepeat|15|Skill|120623,,,,,,,,,,,,,,
5027,(极困难) 深渊的神殿-堕落的守门人萨麦尔(BOSS)(1033),stand,15,0,300,1,120631|120632|120635,45|45|10,IdleTime|5|Skill|232511,BattleRepeat|60|Skill|120636,MyHP|75|Skill|120637,MyHP|50|Skill|120637,MyHP|25|Skill|120637,,,,,IdleRepeat|10800|Skill|232511,,,,,
5040,(极困难) 奎里奥德矿山-古代水晶(12014),stand,0,0,300,0,,,,,,,,,,,,,,,,,
5041,(极困难) 奎里奥德矿山-土匪团战士(5035),wander,15,10,300,1,120881|120882|120883,45|45|10,BattleRepeat|15|Skill|120883,,,,,,,,,,,,,,
5042,(极困难) 奎里奥德矿山-土匪团团狙击手(5038),wander,15,10,300,1,120891|120892,50|50,BattleRepeat|15|RandomSkill|120893,,,,,,,,,,,,,,
5043,(极困难) 奎里奥德矿山-采矿魔克里奥德(队长)(1020),stand,15,0,300,1,120901|120902|120903,45|45|10,IdleTime|5|Skill|232511,BattleRepeat|30|Skill|120904,MyHP|60|Skill|120905,MyHP|30|Skill|120905,,,,,,IdleRepeat|10800|Skill|232511,,,,,
5044,(极困难) 奎里奥德矿山-采矿魔克利莫(1019),wander,15,10,300,1,120911|120912|120913,45|45|10,BattleRepeat|15|Skill|120913,,,,,,,,,,,,,,
5045,(极困难) 奎里奥德矿山-蔡官古雷姆克里德(1020),wander,15,10,300,1,120921|120922|120923,45|45|10,BattleRepeat|15|Skill|120923,,,,,,,,,,,,,,
5046,(极困难) 奎里奥德矿山-指挥官古雷姆贝勒纳克(队长)(7002),stand,15,0,300,1,120931|120932|120933,45|45|10,IdleTime|5|Skill|232511,BattleRepeat|30|Skill|120935,MyHP|60|Skill|120934,MyHP|30|Skill|120774,,,,,,IdleRepeat|10800|Skill|232511,,,,,
5047,(极困难) 奎里奥德矿山-红色警卫古雷姆(7001),wander,15,10,300,1,120941|120942|120943,45|45|10,BattleRepeat|15|Skill|120943,,,,,,,,,,,,,,
5048,(极困难) 奎里奥德矿山-矿山守护者诺亚拉克(BOSS)(1042),stand,15,0,300,1,120951|120952|120953,45|45|10,IdleTime|5|Skill|232511,BattleRepeat|90|Skill|120956,BattleRepeat|45|RandomSkill|120955,MyHP|60|Skill|120957,MyHP|30|Skill|120957,,,,,IdleRepeat|10800|Skill|232511,,,,,
5049,(极困难) 奎里奥德矿山-土匪团长官(队长)(5035),stand,15,0,300,1,121481|121482|121483,45|45|10,IdleTime|5|Skill|232511,BattleRepeat|30|Skill|121484,MyHP|60|Skill|121485,MyHP|30|Skill|121485,,,,,,IdleRepeat|10800|Skill|232511,,,,,
5050,(极困难) 奎里奥德矿山-古雷姆卡勒泰(队长)(1020),stand,15,0,300,1,121491|121492|121493,45|45|10,IdleTime|5|Skill|232511,BattleRepeat|30|Skill|121494,MyHP|60|Skill|121495,MyHP|30|Skill|121495,,,,,,IdleRepeat|10800|Skill|232511,,,,,
5060,(极困难) 火焰祭坛-奴隶一伙人(5001),wander,15,10,300,1,121201|121202|121203,45|45|10,BattleRepeat|15|Skill|121203,,,,,,,,,,,,,,
5061,(极困难) 火焰祭坛-海尔雷伊德监督人(5028),wander,15,10,300,1,121211|121212|121213,45|45|10,BattleRepeat|15|Skill|121213,,,,,,,,,,,,,,
5062,(极困难) 火焰祭坛-罗干泰斯(队长)(5029),stand,15,0,300,1,121221|121222|121223,45|45|10,IdleTime|5|Skill|232511,BattleRepeat|15|Skill|121224,MyHP|60|Skill|121226,MyHP|30|Skill|121226,,,,,,IdleRepeat|10800|Skill|232511,,,,,
5063,(极困难) 火焰祭坛-奴隶建筑师(5002),wander,15,10,300,1,121231|121232|121233,45|45|10,BattleRepeat|15|Skill|121233,,,,,,,,,,,,,,
5064,(极困难) 火焰祭坛-普尔莱茵歪伊芬(7016),wander,15,10,300,1,121241|121242|121243,45|45|10,BattleRepeat|15|Skill|121243,,,,,,,,,,,,,,
5065,(极困难) 火焰祭坛-红焰之眼(12027),stand,0,0,300,0,,,,,,,,,,,,,,,,,
5066,(极困难) 火焰祭坛-红焰守护者(队长)(9014),stand,15,0,300,1,121261|121262|121265,45|45|10,IdleTime|5|Skill|232511,BattleRepeat|30|Skill|121263,MyHP|60|Skill|121264,MyHP|30|Skill|121264,,,,,,IdleRepeat|10800|Skill|232511,,,,,
5067,(极困难) 火焰祭坛-哈利伊德(BOSS)(1034),stand,15,0,300,1,121271,100,IdleTime|5|Skill|232511,BattleRepeat|120|RandomSkill|121275,BattleRepeat|45|Skill|121273,BattleRepeat|90|Skill|121276,,,,,,IdleRepeat|10800|Skill|232511,,,,,
5068,(极困难) 火焰祭坛-死神滴水嘴兽(队长)(7017),stand,15,0,300,1,121401|121402|121403,45|45|10,IdleTime|5|Skill|232511,BattleRepeat|30|Skill|121405,BattleTime|90|Skill|121406,,,,,,,IdleRepeat|10800|Skill|232511,,,,,
5069,(极困难) 火焰祭坛-凯尔贝鲁斯(队长)(5029),stand,15,0,300,1,121411|121412|121413,45|45|10,IdleTime|5|Skill|232511,BattleRepeat|30|Skill|121414,MyHP|60|Skill|121415,MyHP|30|Skill|121415,,,,,,IdleRepeat|10800|Skill|232511,,,,,
5080,(极困难) 死亡的职员-分裂的魔爪(7015),wander,15,10,300,1,121881|121882|121883,45|45|10,BattleRepeat|15|Skill|121883,,,,,,,,,,,,,,
5081,(极困难) 死亡的职员-分裂的破坏者(7016),wander,15,10,300,1,121891|121892|121893,45|45|10,BattleRepeat|15|Skill|121893,,,,,,,,,,,,,,
5082,(极困难) 死亡的职员-战士的灵魂(7088),wander,15,10,300,1,121901|121902|121903,45|45|10,BattleRepeat|15|Skill|121903,,,,,,,,,,,,,,
5083,(极困难) 死亡的职员-弓箭手的灵魂(7089),wander,15,10,300,1,121911|121912|121913,45|45|10,BattleRepeat|15|Skill|121913,,,,,,,,,,,,,,
5084,(极困难) 死亡的职员-魔法师的灵魂(7090),wander,15,10,300,1,121921|121922|121923,45|45|10,BattleRepeat|15|Skill|121923,,,,,,,,,,,,,,
5085,(极困难) 死亡的职员-睡不着的战士(7076),wander,15,10,300,1,121931|121932|121933,45|45|10,BattleRepeat|15|Skill|121933,,,,,,,,,,,,,,
5086,(极困难) 死亡的职员-睡不着的弓箭手(7077),wander,15,10,300,1,121941|121942|121943,45|45|10,BattleRepeat|15|Skill|121943,,,,,,,,,,,,,,
5087,(极困难) 死亡的职员-睡不着的魔法师(7078),wander,15,10,300,1,121951|121952|121953,45|45|10,BattleRepeat|15|Skill|121953,,,,,,,,,,,,,,
5088,(极困难) 死亡的职员-黑暗精灵(5004),wander,15,10,300,1,121961|121962|121963,45|45|10,BattleRepeat|15|Skill|121963,,,,,,,,,,,,,,
5089,(极困难) 死亡的职员-安息的灵魂(5005),wander,15,10,300,1,121971|121972|121973,45|45|10,BattleRepeat|15|Skill|121973,,,,,,,,,,,,,,
5090,(极困难) 死亡的职员-沉默的魔爪(7019),wander,15,10,300,1,121981|121982|121983,45|45|10,BattleRepeat|15|Skill|121983,,,,,,,,,,,,,,
5091,(极困难) 死亡的职员-巴勒西亚的下属(1009),wander,15,10,300,1,121991|121992|121993,45|45|10,BattleRepeat|15|Skill|121993,,,,,,,,,,,,,,
5092,(极困难) 死亡的职员-巴勒西亚的监督人(5028),wander,15,10,300,1,122001|122002|122003,45|45|10,BattleRepeat|15|Skill|122003,,,,,,,,,,,,,,
5093,(极困难) 死亡的职员-分裂的支配者拉琪亚斯(队长)(7017),stand,15,0,300,1,122011|122012|122013,45|45|10,IdleTime|5|Skill|232511,BattleRepeat|30|Skill|122014,MyHP|75|Skill|122017,MyHP|50|Skill|122018,,,,,,IdleRepeat|10800|Skill|232511,,,,,
5094,(极困难) 死亡的职员-灵魂的管理者派利特(队长)(7090),stand,15,0,300,1,122021|122022|122023,45|45|10,IdleTime|5|Skill|232511,BattleRepeat|30|Skill|122024,MyHP|75|Skill|122027,BattleTime|50|Skill|122028,,,,,,IdleRepeat|10800|Skill|232511,,,,,
5095,(极困难) 死亡的职员-平静的主管世雷亚(队长)(5005),stand,15,0,300,1,122031|122032|122033,45|45|10,IdleTime|5|Skill|232511,BattleRepeat|30|Skill|122034,MyHP|75|Skill|122037,MyHP|50|Skill|122038,,,,,,IdleRepeat|10800|Skill|232511,,,,,
5096,(极困难) 死亡的职员-沉默的管理者贝尔利塔(队长)(7020),stand,15,0,300,1,122041|122042|122043,45|45|10,IdleTime|5|Skill|232511,BattleRepeat|30|Skill|122044,MyHP|75|Skill|122046,MyHP|50|Skill|122047,,,,,,IdleRepeat|10800|Skill|232511,,,,,
5097,(极困难) 死亡的职员-贪吃的巴勒西亚(BOSS)(1049),stand,15,0,300,1,122051|122052|122053,45|45|10,IdleTime|5|Skill|232511,BattleRepeat|30|Skill|122054,MyHP|75|Skill|122056,MyHP|50|Skill|122057,,,,,,IdleRepeat|10800|Skill|232511,,,,,
5110,(极困难) 阿拉汉的浮游城-被激怒的战士(50108),wander,15,10,300,1,122521|122522|122523,45|45|10,BattleRepeat|15|Skill|122523,,,,,,,,,,,,,,
5111,(极困难) 阿拉汉的浮游城-冷静的弓箭手(50609),wander,15,10,300,1,122531|122532|122533,45|45|10,BattleRepeat|15|Skill|122533,,,,,,,,,,,,,,
5112,(极困难) 阿拉汉的浮游城-训练教官世勒克(队长)(50110),stand,15,0,300,1,122541|122542|122543,45|45|10,IdleTime|5|Skill|232511,BattleRepeat|30|Skill|122545,MyHP|75|Skill|122546,MyHP|50|Skill|122547,Die|0|TriggerSkill|200203,,,,,IdleRepeat|10800|Skill|232511,,,,,
5113,(极困难) 阿拉汉的浮游城-堕落的灵光祭司(101),wander,15,10,300,1,122551|122552|122553,45|45|10,BattleRepeat|15|Skill|122553,,,,,,,,,,,,,,
5114,(极困难) 阿拉汉的浮游城-受污染的的灵光祭司(104),wander,15,10,300,1,122561|122562|122563,45|45|10,BattleRepeat|15|Skill|122563,,,,,,,,,,,,,,
5115,(极困难) 阿拉汉的浮游城-贺喜的主管者玫乃斯(队长)(105) ,stand,15,0,300,1,122571|122572|122573,45|45|10,IdleTime|5|Skill|232511,BattleRepeat|30|Skill|122574,MyHP|75|Skill|122576,MyHP|50|Skill|122577,Die|0|TriggerSkill|200207,,,,,IdleRepeat|10800|Skill|232511,,,,,
5116,(极困难) 阿拉汉的浮游城-魔力管理者(1024),wander,15,10,300,1,122581|122582|122583,45|45|10,BattleRepeat|15|Skill|122583,,,,,,,,,,,,,,
5117,(极困难) 阿拉汉的浮游城-魔力守护者(1025),wander,15,10,300,1,122591|122592|122593,45|45|10,BattleRepeat|15|Skill|122593,,,,,,,,,,,,,,
5118,(极困难) 阿拉汉的浮游城-堕落的灵魂(3013),wander,15,10,300,1,122601|122602|122603,45|45|10,BattleRepeat|15|Skill|122603,,,,,,,,,,,,,,
5119,(极困难) 阿拉汉的浮游城-世克洛的黑暗(3014),wander,15,10,300,1,122611|122612|122613,45|45|10,BattleRepeat|30|Skill|122613,,,,,,,,,,,,,,
5120,(极困难) 阿拉汉的浮游城-玫乃斯的黑暗(1025),wander,15,10,300,1,122621|122622|122623,45|45|10,BattleRepeat|30|Skill|122623,,,,,,,,,,,,,,
5121,(极困难) 阿拉汉的浮游城-魔力的主人格利赛尔德(队长)(1026),stand,15,0,300,1,122631|122632|122633,45|45|10,IdleTime|5|Skill|232511,BattleRepeat|30|Skill|122634,MyHP|75|Skill|122495,MyHP|50|Skill|122636,MyHP|35|Skill|122637,,,,,IdleRepeat|10800|Skill|232511,,,,,
5122,(极困难) 阿拉汉的浮游城-堕落的影子贝尔拉斯特(队长)(3014),stand,15,0,300,1,122641|122642|122643,45|45|10,IdleTime|5|Skill|232511,BattleRepeat|40|Skill|122644,MyHP|75|Skill|122506,MyHP|50|Skill|122647,MyHP|35|Skill|122648,,,,,IdleRepeat|10800|Skill|232511,,,,,
5123,(极困难) 阿拉汉的浮游城-堕落的英雄阿拉汉(BOSS)(1035),stand,15,0,300,1,122651|122652|122653,45|45|10,IdleTime|5|Skill|232511,BattleRepeat|30|Skill|122654,MyHP|75|Skill|122516,MyHP|50|Skill|122657,MyHP|35|Skill|122659,,,,,IdleRepeat|10800|Skill|232511,,,,,
5140,(极困难) 克拉伍德生物体实验室-黑暗监视者(5039),wander,15,10,300,1,123041|123042,50|50,BattleRepeat|10|Skill|123043,,,,,,,,,,,,,,
5141,(极困难) 克拉伍德生物体实验室-黑暗巡逻者(5042),wander,15,10,300,1,123051|123052,50|50,BattleRepeat|10|Skill|123053,,,,,,,,,,,,,,
5142,(极困难) 克拉伍德生物体实验室-黑暗之狼(5068),wander,15,10,300,1,123061|123062,50|50,BattleRepeat|10|Skill|123063,,,,,,,,,,,,,,
5143,(极困难) 克拉伍德生物体实验室-变异的士兵(7009),wander,15,10,300,1,123071|123072,50|50,BattleRepeat|10|Skill|123073,,,,,,,,,,,,,,
5144,(极困难) 克拉伍德生物体实验室-复活的士兵(7009),wander,15,10,300,1,123081|123082,50|50,BattleRepeat|10|Skill|123083,,,,,,,,,,,,,,
5145,(极困难) 克拉伍德生物体实验室-克拉伍德的强化兵(3015),wander,15,10,300,1,123091|123092,50|50,MyHP|50|Skill|123093,,,,,,,,,,,,,,
5146,(极困难) 克拉伍德生物体实验室-克拉伍德的合成树脂(3000),wander,15,10,300,1,123101|123102,50|50,BattleRepeat|10|Skill|123103,,,,,,,,,,,,,,
5147,(极困难) 克拉伍德生物体实验室-受污染的狼王子鲁卡斯(5068)(队长),stand,15,0,300,1,123111|123112,50|50,IdleTime|5|Skill|232511,BattleRepeat|17|Skill|123113,BattleRepeat|21|Skill|123114,MyHP|80|Skill|123116,MyHP|30|Skill|123116,,,,,IdleRepeat|10800|Skill|232511,,,,,
5148,(极困难) 克拉伍德生物体实验室-团长虎梅伦(5041)(队长),stand,15,0,300,1,123121|123122,50|50,IdleTime|5|Skill|232511,BattleRepeat|21|Skill|123123,BattleRepeat|17|Skill|123125,MyHP|30|Skill|123126,,,,,,IdleRepeat|10800|Skill|232511,,,,,
5149,(极困难) 克拉伍德生物体实验室-贝内伊德(3017)(队长),stand,15,0,300,1,123131|123132,50|50,IdleTime|5|Skill|232511,MyHP|75|Skill|123135,MyHP|55|Skill|123135,MyHP|15|Skill|123135,MyHP|70|Skill|123133,MyHP|50|Skill|123133,MyHP|10|Skill|123133,MyHP|30|Skill|123136,,IdleRepeat|10800|Skill|232511,,,,,
5150,(极困难) 克拉伍德生物体实验室-合成树脂贝诺伊德(3002)(队长),stand,15,0,300,1,123141|123142,50|50,IdleTime|5|Skill|232511,BattleRepeat|17|Skill|123143,BattleRepeat|21|Skill|123144,MyHP|30|Skill|123145,,,,,,IdleRepeat|10800|Skill|232511,,,,,
5151,(极困难) 克拉伍德生物体实验室-黑暗魔爪王子克拉伍德(1050)(BOSS),stand,15,0,300,1,123151|123152,50|50,IdleTime|5|Skill|232511,BattleRepeat|21|Skill|123154,MyHP|80|Skill|123156,MyHP|50|Skill|123156,MyHP|20|Skill|123156,BattleRepeat|17|Skill|123153,,,,IdleRepeat|10800|Skill|232511,,,,,
5160,(极困难) 火龙的巢穴-龙魔爪(9010),wander,15,10,300,1,123541|123542,50|50,MyHP|30|Skill|123543,,,,,,,,,,,,,,
5161,(极困难) 火龙的巢穴-龙魔人(5006),wander,15,10,300,1,123551|123552,50|50,BattleRepeat|10|Skill|123553,,,,,,,,,,,,,,
5162,(极困难) 火龙的巢穴-熔岩山脉一族德莱伊克(9012),wander,15,10,300,1,123561|123562,50|50,BattleRepeat|10|Skill|123563,,,,,,,,,,,,,,
5163,(极困难) 火龙的巢穴-熔岩山脉一族歪伊芬(9018),wander,15,10,300,1,123571|123572,50|50,BattleRepeat|10|Skill|123573,,,,,,,,,,,,,,
5164,(极困难) 火龙的巢穴-火焰山一族歪伊芬(9018),wander,15,10,300,1,123581|123582,50|50,BattleRepeat|10|Skill|123583,,,,,,,,,,,,,,
5165,(极困难) 火龙的巢穴-火焰山一族德莱伊克(9013),wander,15,10,300,1,123591|123592,50|50,MyHP|70|Skill|123593,MyHP|30|Skill|123593,,,,,,,,,,,,,
5166,(极困难) 火龙的巢穴-火焰山一族德雷昆(9004),wander,15,10,300,1,123601|123602,50|50,BattleRepeat|10|Skill|123603,,,,,,,,,,,,,,
5167,(极困难) 火龙的巢穴-鲜红的克夏特利阿(队长)(5008),stand,15,0,300,1,123611|123612,50|50,IdleTime|5|Skill|232511,BattleRepeat|17|Skill|123613,MyHP|80|Skill|123615,MyHP|50|Skill|123615,MyHP|20|Skill|123615,MyHP|30|Skill|123616,,,,IdleRepeat|10800|Skill|232511,,,,,
5168,(极困难) 火龙的巢穴-红焰卡德尼尔(队长)(9014),stand,15,0,300,1,123621|123622,50|50,IdleTime|5|Skill|232511,MyHP|80|Skill|123623,MyHP|50|Skill|123623,MyHP|20|Skill|123623,BattleRepeat|17|Skill|123624,MyHP|30|Skill|123626,,,,IdleRepeat|10800|Skill|232511,,,,,
5169,(极困难) 火龙的巢穴-岩石之翅塞尔斯特(队长)(9003),stand,15,0,300,1,123631|123632,50|50,IdleTime|5|Skill|232511,MyHP|80|Skill|123633,MyHP|50|Skill|123633,MyHP|20|Skill|123633,BattleRepeat|17|Skill|123635,MyHP|30|Skill|123637,,,,IdleRepeat|10800|Skill|232511,,,,,
5170,(极困难) 火龙的巢穴-大酋长卡山德拉(队长)(9005),stand,15,0,300,1,123641|123642,50|50,IdleTime|5|Skill|232511,MyHP|80|Skill|123643,MyHP|50|Skill|123643,MyHP|20|Skill|123643,BattleRepeat|17|Skill|123646,,,,,IdleRepeat|10800|Skill|232511,,,,,
5171,(极困难) 火龙的巢穴-烦恼的火龙雷泽乐(BOSS)(1036),stand,25,0,35,1,123651|123652,50|50,IdleTime|5|Skill|232511,BattleRepeat|21|Skill|123653,MyHP|80|Skill|123655,MyHP|50|Skill|123655,MyHP|20|Skill|123655,MyHP|30|Skill|123657,MyHP|75|CreatePlace|51190|51191|51192|51193|51194|51195,MyHP|25|CreatePlace|51190|51191|51192|51193|51194|51195,BattleTime|0|Skill|123653,IdleRepeat|10800|Skill|232511,,,,,
5172,(极困难) 克拉伍德生物体实验室-黑暗 诺丝夸储存体(12027),stand,0,0,0,1,,,Die|0|TriggerSkill|123801,,,,,,,,,,,,,,
5173,(极困难) 克拉伍德生物体实验室-Lv.42黑暗诺丝夸(精英) (5005),wander,15,10,300,1,123811|123812,50|50,BattleRepeat|14|Skill|123813,,,,,,,,,,,,,,
5714,(极困难) 火龙的巢穴-火龙的蛋(12070),stand,50,0,50,0,,,IdleTime|0|Skill|123821,IdleTime|0|TriggerSkill|123823,,,,,,,,,,,,,
5715,(极困难) 火龙的巢穴-小德雷昆(9004),wander,50,10,300,0,123831|123832,50|50,BattleRepeat|14|Skill|123833,IdleRepeat|10|TriggerSkill|123822,,,,,,,,,,,,,
5720,(极困难) 恶灵山谷-Lv.47浓雾触须(精英)(5063),wander,15,10,300,1,129291|129292,50|50,BattleRepeat|10|Skill|129293,,,,,,,,,,,,,,
5721,(极困难) 恶灵山谷-Lv.47戴特拉的祭品(精英)(3024),wander,15,10,300,1,129301|129302,50|50,BattleRepeat|10|Skill|129303,Die|0|TriggerSkill|129304,,,,,,,,,,,,,
5722,(极困难) 恶灵山谷-Lv.47戴特拉的雕像(精英)(5064),wander,15,10,300,1,129311|129312,50|50,BattleRepeat|10|Skill|129313,,,,,,,,,,,,,,
5723,(极困难) 恶灵山谷-Lv.47触须带刺的戴特拉(队长)(5065),stand,15,0,300,1,129321|129322,50|50,BattleRepeat|17|Skill|129323,MyHP|80|Skill|129324,MyHP|50|Skill|129324,MyHP|20|Skill|129324,MyHP|30|Skill|129325,,,,IdleTime|5|Skill|232511,IdleRepeat|10800|Skill|232511,,,,,
5724,(极困难) 恶灵山谷-Lv.47尸虫(精英)(9067),wander,15,10,300,1,129331|129332,50|50,BattleRepeat|10|Skill|129333,,,,,,,,,,,,,,
5725,(极困难) 恶灵山谷-Lv.47痛苦的冤魂(精英)(3025),wander,15,10,300,1,129341|129342,50|50,MyHP|50|Skill|129343,,,,,,,,,,,,,,
5726,(极困难) 恶灵山谷-Lv.47被遗忘的管理者莱卡图斯(队长)(7129),stand,15,0,300,1,129351|129352,50|50,BattleRepeat|17|Skill|129353,MyHP|80|Skill|129354,MyHP|50|Skill|129354,MyHP|20|Skill|129354,MyHP|30|Skill|129355,,,,IdleTime|5|Skill|232511,IdleRepeat|10800|Skill|232511,,,,,
5727,(极困难) 恶灵山谷-Lv.47鲁伍林的执行官(精英)(7057),wander,15,10,300,1,129361|129362,50|50,BattleRepeat|10|Skill|129363,,,,,,,,,,,,,,
5728,(极困难) 恶灵山谷-Lv.47鲁伍林的刽子手(精英)(7058),wander,15,10,300,1,129371|129372,50|50,BattleRepeat|10|Skill|129373,,,,,,,,,,,,,,
5729,(极困难) 恶灵山谷-Lv.47屠杀者鲁伍林(队长)(7059),stand,15,0,300,1,129381|129382,50|50,BattleRepeat|17|Skill|129383,MyHP|70|Skill|129385,MyHP|30|Skill|129385,,,,,,IdleTime|5|Skill|232511,IdleRepeat|10800|Skill|232511,,,,,
5730,(极困难) 恶灵山谷-Lv.47贝纳贝勒的奴隶(精英)(7066),wander,15,10,300,1,129391|129392,50|50,BattleRepeat|10|Skill|129393,,,,,,,,,,,,,,
5731,(极困难) 恶灵山谷-Lv.47贝纳贝勒的下属(精英)(7060),wander,15,10,300,1,129401|129402,50|50,BattleRepeat|10|Skill|129403,,,,,,,,,,,,,,
5732,(极困难) 恶灵山谷-Lv.47黑暗的管理者贝纳贝勒(队长)(7135),stand,15,0,300,1,129411|129412,50|50,BattleRepeat|17|Skill|129413,MyHP|70|Skill|129414,MyHP|30|Skill|129414,MyHP|30|Skill|129415,,,,,IdleTime|5|Skill|232511,IdleRepeat|10800|Skill|232511,,,,,
5733,(极困难) 恶灵山谷-Lv.47丢拉汗(精英)(3003),wander,15,10,300,1,129421|129422,50|50,BattleRepeat|10|Skill|129423,,,,,,,,,,,,,,
5734,(极困难) 恶灵山谷-Lv.47丢拉汗骑士(精英)(3005),wander,15,10,300,1,129431|129432,50|50,BattleRepeat|10|Skill|129433,,,,,,,,,,,,,,
5735,(极困难) 恶灵山谷-Lv.47死去的管理者克瓦特里卡(BOSS)(1052),stand,15,0,300,1,129441|129442,50|50,BattleRepeat|17|Skill|129443,MyHP|80|Skill|129444,MyHP|50|Skill|129444,MyHP|20|Skill|129444,MyHP|10|Skill|129445,MyHP|75|CreatePlace|53473|53474,MyHP|45|CreatePlace|53475|53476,,IdleTime|5|Skill|232511,IdleRepeat|10800|Skill|232511,,,,,
5736,(极困难) 恶灵山谷-无敌的塔(12014),stand,50,0,50,0,270201,100,IdleTime|5|Skill|232511,,,,,,,,,IdleRepeat|10800|Skill|232511,,,,,
5737,(极困难) 恶灵山谷-攻击之塔(12014),stand,50,0,50,0,270201,100,IdleTime|5|Skill|232511,,,,,,,,,IdleRepeat|10800|Skill|232511,,,,,
5740,(极困难) 黑暗要塞-Lv.50分裂的清洁工(精英)(9057),wander,15,10,300,1,130551|130552,50|50,BattleRepeat|10|Skill|130553,,,,,,,,,,,,,,
5741,(极困难) 黑暗要塞-Lv.50茶园清洁工(精英)(9058),wander,15,10,300,1,130561|130562,50|50,BattleRepeat|10|Skill|130563,,,,,,,,,,,,,,
5742,(极困难) 黑暗要塞-Lv.50分裂的恢复者拉克拉德(队长)(9065),stand,15,0,300,1,130571|130572,50|50,BattleRepeat|17|Skill|130573,MyHP|80|Skill|130574,MyHP|50|Skill|130574,MyHP|20|Skill|130574,MyHP|10|Skill|130576,,,,IdleTime|5|Skill|232511,IdleRepeat|10800|Skill|232511,,,,,
5743,(极困难) 黑暗要塞-Lv.50黑暗战士(精英)(1002),wander,15,10,300,1,130581|130582,50|50,BattleRepeat|10|Skill|130583,,,,,,,,,,,,,,
5744,(极困难) 黑暗要塞-Lv.50黑暗弓箭手(精英)(7065),wander,15,10,300,1,130591|130592,50|50,BattleRepeat|10|Skill|130593,,,,,,,,,,,,,,
5745,(极困难) 黑暗要塞-Lv.50黑暗指挥者拉克诺亚(队长)(7061),stand,15,0,300,1,130601|130602,50|50,BattleRepeat|17|Skill|130603,MyHP|80|Skill|130605,MyHP|50|Skill|130605,MyHP|20|Skill|130605,MyHP|30|Skill|130606,,,,IdleTime|5|Skill|232511,IdleRepeat|10800|Skill|232511,,,,,
5746,(极困难) 黑暗要塞-Lv.50诺丝夸储存体(精英)(12089),stand,0,0,0,1,,,Die|0|TriggerSkill|130611,,,,,,,,,,,,,,
5747,(极困难) 黑暗要塞-Lv.50黑暗的诺丝夸(精英)(5005),wander,15,10,300,1,130621|130622,50|50,BattleRepeat|10|Skill|130623,,,,,,,,,,,,,,
5748,(极困难) 黑暗要塞-Lv.50堕落的生命体(精英)(1031),wander,15,10,300,1,130631|130632,50|50,BattleRepeat|10|Skill|130633,,,,,,,,,,,,,,
5749,(极困难) 黑暗要塞-Lv.50扭曲的生命体(精英)(1032),wander,15,10,300,1,130641|130642,50|50,BattleRepeat|10|Skill|130643,,,,,,,,,,,,,,
5750,(极困难) 黑暗要塞-Lv.50堕落的指挥者拉克雷顿(队长)(7058),stand,15,0,300,1,130651|130652,50|50,BattleRepeat|17|Skill|130653,MyHP|70|Skill|130655,MyHP|30|Skill|130655,MyHP|30|Skill|130657,,,,,IdleTime|5|Skill|232511,IdleRepeat|10800|Skill|232511,,,,,
5751,(极困难) 黑暗要塞-Lv.50被洗脑的艾因哈伊战士(精英)(50108),wander,15,10,300,1,130661|130662,50|50,BattleRepeat|10|Skill|130663,,,,,,,,,,,,,,
5752,(极困难) 黑暗要塞-Lv.50被洗脑的艾因哈伊魔法师(精英)(50611),wander,15,10,300,1,130671|130672,50|50,BattleRepeat|10|Skill|130673,,,,,,,,,,,,,,
5753,(极困难) 黑暗要塞-Lv.50被洗脑的戴力姆伸战士(精英)(53008),wander,15,10,300,1,130681|130682,50|50,BattleRepeat|10|Skill|130683,,,,,,,,,,,,,,
5754,(极困难) 黑暗要塞-Lv.50被洗脑的戴力姆伸魔法师(精英)(53511),wander,15,10,300,1,130691|130692,50|50,BattleRepeat|10|Skill|130693,,,,,,,,,,,,,,
5755,(极困难) 黑暗要塞-Lv.50混乱的指挥者拉克里撒(队长)(7134),stand,15,0,300,1,130701|130702,50|50,MyHP|70|Skill|130703,MyHP|30|Skill|130703,MyHP|30|Skill|130705,,,,,,IdleTime|5|Skill|232511,IdleRepeat|10800|Skill|232511,,,,,
5756,(极困难) 黑暗要塞-Lv.50扭曲的茶园管理者(精英)(3015),wander,15,10,300,1,130711|130712,50|50,MyHP|50|Skill|130713,,,,,,,,,,,,,,
5757,(极困难)-黑暗要塞-Lv.50扭曲的茶园守护者(精英)(3016),wander,15,10,300,1,130721|130722,50|50,MyHP|30|Skill|130723,,,,,,,,,,,,,,
5758,(极困难) 黑暗要塞-Lv.50俄比斯的守护者拉克雷阿(BOSS)(1037),stand,15,0,300,1,130731|130732,50|50,BattleRepeat|17|Skill|130733,MyHP|80|Skill|130734,MyHP|50|Skill|130734,MyHP|20|Skill|130734,MyHP|10|Skill|130736,MyHP|90|CreatePlace|53735,MyHP|50|CreatePlace|53736,,IdleTime|5|Skill|232511,IdleRepeat|10800|Skill|232511,,,,,
5759,(极困难) 黑暗要塞-Lv.50混乱的控制装置(12092),stand,0,0,0,0,,,TimeRepeat|15|CreatePlace|53725,TimeRepeat|15|CreatePlace|53726,TimeRepeat|15|CreatePlace|53727,TimeRepeat|15|CreatePlace|53728,TimeRepeat|15|CreatePlace|53729,IdleTime|1|Skill|270011,,,,,,,,,
5760,(极困难) 黑暗要塞-Lv.50堕落的控制装置(12092),stand,0,0,0,0,,,TimeRepeat|15|CreatePlace|53730,TimeRepeat|15|CreatePlace|53731,TimeRepeat|15|CreatePlace|53732,TimeRepeat|15|CreatePlace|53733,TimeRepeat|15|CreatePlace|53734,IdleTime|1|Skill|270011,IdleTime|1|Skill|231031,,,,,,,,
5761,(极困难) 黑暗要塞-Lv.50混乱的僵尸(7009),patrol,10,0,40,1,131501|131502,50|50,MyHP|80|Rate|30|Skill|131503,IdleTime|15|Out|0,,,,,,,,,,,,,
5762,(极困难) 黑暗要塞-Lv.50堕落的僵尸(7010),patrol,10,0,40,1,131504|131505,50|50,MyHP|80|Rate|30|Skill|131506,IdleTime|15|Out|0,,,,,,,,,,,,,
5500,(极困难) 弗勒德米尔饲养场-毒蛆虫特利皮特(7014),wander,15,10,300,1,125141|125142|125143,45|45|10,BattleRepeat|15|Skill|125143,,,,,,,,,,,,,,
5501,(极困难) 弗勒德米尔饲养场-血雨腥风之花(队长)(5020),stand,15,0,300,1,125151|125152,50|50,IdleTime|5|Skill|232511,BattleRepeat|30|Skill|125155,,,,,,,,IdleRepeat|10800|Skill|232511,,,,,
5502,(极困难) 弗勒德米尔饲养场-老树哥布林园丁(7003),wander,15,10,300,1,125161|125162|125163,45|45|10,BattleRepeat|15|Skill|125163,,,,,,,,,,,,,,
5503,(极困难) 弗勒德米尔饲养场-老树哥布林饲养员(7004),wander,15,10,300,1,125171|125172|125173,45|45|10,BattleRepeat|15|Skill|125173,,,,,,,,,,,,,,
5504,(极困难) 弗勒德米尔饲养场-斯帕特斯卡(5023),wander,15,10,300,1,125181|125182|125183,45|45|10,BattleRepeat|15|Skill|125183,,,,,,,,,,,,,,
5505,(极困难) 弗勒德米尔饲养场-老树哥布林咒师(队长)(7032),stand,15,0,300,1,125191|125192|125195,45|45|10,IdleTime|5|Skill|232511,BattleRepeat|30|Skill|125194,,,,,,,,IdleRepeat|10800|Skill|232511,,,,,
5506,(极困难) 弗勒德米尔饲养场-老树哥布林祭司帕帕勒(BOSS)(1045),stand,15,0,300,1,125201|125202|125203,45|45|10,IdleTime|5|Skill|232511,BattleRepeat|30|Skill|125204,BattleRepeat|50|Skill|125205,MyHP|75|Skill|125207,MyHP|50|Skill|125207,MyHP|25|Skill|125207,,,,IdleRepeat|10800|Skill|232511,,,,,
5520,(极困难) 恩蒂温的圣所-毒性博马(3001),wander,15,10,300,1,125461|125462|125463,45|45|10,BattleRepeat|15|Skill|125463,,,,,,,,,,,,,,
5521,(极困难) 恩蒂温的圣所-蝮蛇博马(3002),wander,15,10,300,1,125471|125472|125473,45|45|10,BattleRepeat|15|Skill|125473,,,,,,,,,,,,,,
5522,(极困难) 恩蒂温的圣所-痛苦的年轻宪兵(1022),wander,15,10,300,1,125481|125482|125483,45|45|10,BattleRepeat|15|Skill|125483,,,,,,,,,,,,,,
5523,(极困难) 恩蒂温的圣所-伤痕累累的宪兵(1023),wander,15,10,300,1,125491|125492,50|50,BattleRepeat|15|Skill|125493,,,,,,,,,,,,,,
5524,(极困难) 恩蒂温的圣所-愤怒的安提兰斯(5013),wander,15,10,300,1,125501|125502|125503,45|45|10,BattleRepeat|15|Skill|125503,,,,,,,,,,,,,,
5525,(极困难) 恩蒂温的圣所-被激怒的安提兰斯(5014),wander,15,10,300,1,125511|125512|125513,45|45|10,BattleRepeat|15|Skill|125513,,,,,,,,,,,,,,
5526,(极困难) 恩蒂温的圣所-供品(队长)(1023),stand,15,0,300,1,125521|125522|125523,45|45|10,IdleTime|5|Skill|232511,BattleRepeat|30|Skill|125524,BattleRepeat|30|Skill|125525,,,,,,,IdleRepeat|10800|Skill|232511,,,,,
5527,(极困难) 恩蒂温的圣所-暴伊巴(队长)(3002),stand,15,0,300,1,125531|125532|125533,45|45|10,IdleTime|5|Skill|232511,BattleRepeat|30|Skill|125534,MyHP|60|Skill|125535,MyHP|30|Skill|125535,,,,,,IdleRepeat|10800|Skill|232511,,,,,
5528,(极困难) 恩蒂温的圣所-恩蒂温(BOSS)(3030),stand,15,0,300,1,125541|125542,90|10,IdleTime|5|Skill|232511,BattleRepeat|30|Skill|125544,BattleRepeat|45|Skill|125546,BattleTime|90|Skill|125547,,,,BattleTime|15|Talk|1,BattleTime|30|Talk|2,IdleRepeat|10800|Skill|232511,~~~~ ~~~~. ~~~ ~~~~~ ~~ ~~~~!,~ ~~ ~~ ~~ ~~~~~. ~号~ ~ ~~~ ~~~~~,,,
5540,(极困难) 冰冷的洞穴-希尔朋德巡逻兵(9006),wander,15,10,300,1,125861|125862|125863,45|45|10,BattleRepeat|15|Skill|125863,,,,,,,,,,,,,,
5541,(极困难) 冰冷的洞穴-希尔朋德猎人(9007),wander,15,10,300,1,125871|125872|125873,45|45|10,BattleRepeat|15|Skill|125873,,,,,,,,,,,,,,
5542,(极困难) 冰冷的洞穴-时皮琪叶尔(9009),wander,15,10,300,1,125881|125882|125883,45|45|10,BattleRepeat|15|Skill|125883,,,,,,,,,,,,,,
5543,(极困难) 冰冷的洞穴-希尔朋德警卫兵(9006),wander,15,10,300,1,125891|125892|125893,45|45|10,BattleRepeat|15|Skill|125893,,,,,,,,,,,,,,
5544,(极困难) 冰冷的洞穴-时皮琪叶尔近卫队(9010),wander,15,10,300,1,125901|125902|125903,45|45|10,BattleRepeat|15|Skill|125903,,,,,,,,,,,,,,
5545,(极困难) 冰冷的洞穴-希尔朋德魔法师(9007),wander,15,10,300,1,125911|125912,50|50,BattleRepeat|15|Skill|125913,,,,,,,,,,,,,,
5546,(极困难) 冰冷的洞穴-希尔朋德高级魔法师阿伊西德(队长)(9008),stand,15,0,300,1,125921|125922|125923,45|45|10,IdleTime|5|Skill|232511,BattleRepeat|30|Skill|125925,MyHP|60|Skill|125926,MyHP|30|Skill|125926,,,,,,IdleRepeat|10800|Skill|232511,,,,,
5547,(极困难) 冰冷的洞穴-监狱负责人希尔皮兹(队长)(9011),stand,15,0,300,1,125931|125932|125933,45|45|10,IdleTime|5|Skill|232511,BattleRepeat|30|Skill|125934,BattleRepeat|30|Skill|125934,,,,,,,IdleRepeat|10800|Skill|232511,,,,,
5548,(极困难) 冰冷的洞穴-希尔朋德血液管理者希尔德勒(队长)(9008),stand,15,0,300,1,125941|125942|125943,45|45|10,IdleTime|5|Skill|232511,BattleRepeat|30|Skill|125945,BattleRepeat|30|Skill|125946,,,,,,,IdleRepeat|10800|Skill|232511,,,,,
5549,(极困难) 冰冷的洞穴-希尔朋德守护队长佳盆德(队长)(5053),stand,15,0,300,1,125951|125735,90|10,IdleTime|5|Skill|232511,BattleRepeat|30|Skill|125953,BattleRepeat|60|Skill|125954,,,,,,,IdleRepeat|10800|Skill|232511,,,,,
5550,(极困难) 冰冷的洞穴-希尔朋德王子阿酷雷克斯(BOSS)(1043),stand,15,0,300,1,125961|125962|125963,45|45|10,IdleTime|5|Skill|232511,BattleRepeat|30|Skill|125965,MyHP|75|Skill|125966,MyHP|50|Skill|125966,MyHP|30|Skill|125967,,,,,IdleRepeat|10800|Skill|232511,,,,,
5560,(极困难) 冰狼城堡-冰尾警卫兵(9033),wander,15,10,300,1,126321|126322|126323,45|45|10,BattleRepeat|15|Skill|126323,,,,,,,,,,,,,,
5561,(极困难) 冰狼城堡-冰尾战士(9028),wander,15,10,300,1,126331|126332|126333,45|45|10,BattleRepeat|15|Skill|126333,,,,,,,,,,,,,,
5562,(极困难) 冰狼城堡-冰尾饲养员(9028),wander,15,10,300,1,126341|126342|126343,45|45|10,BattleRepeat|15|Skill|126343,,,,,,,,,,,,,,
5563,(极困难) 冰狼城堡-驯服的客迈拉(7020),wander,15,10,300,1,126351|126352|126353,45|45|10,BattleRepeat|15|Skill|126353,,,,,,,,,,,,,,
5564,(极困难) 冰狼城堡-奴隶砂轮(7048),wander,15,10,300,1,126361|126362|126363,45|45|10,BattleRepeat|15|Skill|126363,,,,,,,,,,,,,,
5565,(极困难) 冰狼城堡-冰尾咒师(9034),wander,15,10,300,1,126371|126372|126373,45|45|10,BattleRepeat|15|Skill|126373,,,,,,,,,,,,,,
5566,(极困难) 冰狼城堡-冰尾近卫队(9028),wander,15,10,300,1,126381|126382|126383,45|45|10,BattleRepeat|15|Skill|126383,,,,,,,,,,,,,,
5567,(极困难) 冰狼城堡-近卫队长白臼齿于尔特(队长)(9029),stand,15,0,300,1,126391|126392|126393,45|45|10,IdleTime|5|Skill|232511,BattleRepeat|30|Skill|126394,BattleRepeat|30|Skill|126396,,,,,,,IdleRepeat|10800|Skill|232511,,,,,
5568,(极困难) 冰狼城堡-木工匠黑犬齿于尔雷(队长)(9029),stand,15,0,300,1,126401|126403,90|10,IdleTime|5|Skill|232511,BattleRepeat|30|Skill|126404,BattleRepeat|60|Skill|126406,,,,,,,IdleRepeat|10800|Skill|232511,,,,,
5569,(极困难) 冰狼城堡-技术师黑门牙于尔莱伊(队长)(9029),stand,15,0,300,1,126411|126412|126413,45|45|10,IdleTime|5|Skill|232511,BattleRepeat|30|Skill|126415,MyHP|60|Skill|126416,MyHP|30|Skill|126416,,,,,,IdleRepeat|10800|Skill|232511,,,,,
5570,(极困难) 冰狼城堡-咒师蓝下巴的于尔夯特(队长)(9029),stand,15,0,300,1,126421|126422|126423,45|45|10,IdleTime|5|Skill|232511,BattleRepeat|30|Skill|126425,MyHP|50|Skill|126426,,,,,,,IdleRepeat|10800|Skill|232511,,,,,
5571,(极困难) 冰狼城堡-冰尾狼王子夏卡尔(BOSS)(1038),stand,15,0,300,1,126431|126432,90|10,IdleTime|5|Skill|232511,BattleRepeat|45|Skill|126434,BattleRepeat|90|Skill|126436,MyHP|75|Skill|126438,MyHP|50|Skill|126438,MyHP|25|Skill|126439,,,,IdleRepeat|10800|Skill|232511,,,,,
5580,(极困难) 哈比的乐园-被洗脑的贝伊内俄(5070),wander,15,10,300,1,126841|126842,50|50,BattleRepeat|15|Skill|126843,,,,,,,,,,,,,,
5581,(极困难) 哈比的乐园-被洗脑的贝伊诺夫(5067),wander,15,10,300,1,126851|126852,50|50,BattleRepeat|15|Skill|126853,,,,,,,,,,,,,,
5582,(极困难) 哈比的乐园-掠夺者哈比(7022),wander,15,10,300,1,126861|126862,50|50,BattleRepeat|15|Skill|126863,,,,,,,,,,,,,,
5583,(极困难) 哈比的乐园-被洗脑的哈比一伙人(7022),wander,15,10,300,1,126871|126872,50|50,BattleRepeat|15|Skill|126873,,,,,,,,,,,,,,
5584,(极困难) 哈比的乐园-眼神似剑的关键骑士(1001),wander,15,10,300,1,126881|126882,50|50,BattleRepeat|15|Skill|126883,,,,,,,,,,,,,,
5585,(极困难) 哈比的乐园-受欢迎的智慧门(1025),wander,15,10,300,1,126891|126892,50|50,BattleRepeat|15|Skill|126893,,,,,,,,,,,,,,
5586,(极困难) 哈比的乐园-女王的守护兵(7022),wander,15,10,300,1,126901|126902,50|50,BattleRepeat|15|Skill|126903,,,,,,,,,,,,,,
5587,(极困难) 哈比的乐园-红色眼神的关键骑士(1001),wander,15,10,300,1,126911|126912,50|50,BattleRepeat|15|Skill|126913,,,,,,,,,,,,,,
5588,(极困难) 哈比的乐园-狂乱的智慧门(1025),wander,15,10,300,1,126921|126922,50|50,BattleRepeat|15|Skill|126923,,,,,,,,,,,,,,
5589,(极困难) 哈比的乐园-野兽驯养师贝斯提亚(队长)(7023),stand,15,0,300,1,126931|126932|126933,45|45|10,IdleTime|5|Skill|232511,BattleRepeat|30|Skill|126934,MyHP|75|Skill|126936,MyHP|40|Skill|126937,BattleTime|50|Skill|126938,,,,,IdleRepeat|10800|Skill|232511,,,,,
5590,(极困难) 哈比的乐园-仓库知音博纳(队长)(7023),stand,15,0,300,1,126941|126942|126943,45|45|10,IdleTime|5|Skill|232511,BattleRepeat|30|Skill|126944,MyHP|75|Skill|126946,MyHP|40|Skill|126947,BattleTime|50|Skill|126948,,,,,IdleRepeat|10800|Skill|232511,,,,,
5591,(极困难) 哈比的乐园-监督人卢杜斯(队长)(1002),stand,15,0,300,1,126951|126952|126953,45|45|10,IdleTime|5|Skill|232511,BattleRepeat|30|Skill|126954,MyHP|75|Skill|126956,MyHP|40|Skill|126957,BattleTime|50|Skill|126958,,,,,IdleRepeat|10800|Skill|232511,,,,,
5592,(极困难) 哈比的乐园-指挥官铁链的考勒奴(队长)(1026),stand,15,0,300,1,126961|126962,50|50,IdleTime|5|Skill|232511,BattleRepeat|60|Skill|126964,MyHP|75|Skill|126965,MyHP|40|Skill|126966,BattleTime|50|Skill|126967,,,,,IdleRepeat|10800|Skill|232511,,,,,
5593,(极困难) 哈比的乐园-哈比女王王居里它(BOSS)(1048),stand,15,0,300,1,126971|126972|126973,45|45|10,IdleTime|5|Skill|232511,BattleRepeat|30|Skill|126974,MyHP|75|Skill|126976,MyHP|40|Skill|126967,BattleTime|50|Skill|126968,,,,,IdleRepeat|10800|Skill|232511,,,,,
5600,(极困难) 风暴古城-关键骑士警卫兵(1001),wander,15,10,300,1,127421|127422,50|50,BattleRepeat|15|Skill|127423,,,,,,,,,,,,,,
5601,(极困难) 风暴古城-雕像士兵警卫兵(1007),wander,15,10,300,1,127431|127432,50|50,BattleRepeat|15|Skill|127433,,,,,,,,,,,,,,
5602,(极困难) 风暴古城-绝望的海马斯特(5016),wander,15,10,300,1,127441|127442,50|50,BattleRepeat|15|Skill|127443,,,,,,,,,,,,,,
5603,(极困难) 风暴古城-仇恨的布雷斯莱斯(3019),wander,15,10,300,1,127451|127452,50|50,BattleRepeat|15|Skill|127453,,,,,,,,,,,,,,
5604,(极困难) 风暴古城-奥迪温的亲信(1004),wander,15,10,300,1,127461|127462,50|50,BattleRepeat|15|Skill|127463,,,,,,,,,,,,,,
5605,(极困难) 风暴古城-布雷斯莱斯监视兵(3019),wander,15,10,300,1,127471|127472,50|50,BattleRepeat|15|Skill|127473,,,,,,,,,,,,,,
5606,(极困难) 风暴古城-关键骑士亲卫兵(7064),wander,15,10,300,1,127481|127482,50|50,BattleRepeat|15|Skill|127483,,,,,,,,,,,,,,
5607,(极困难) 风暴古城-雕像士兵亲卫兵(1007),wander,15,10,300,1,127491|127492,50|50,BattleRepeat|15|Skill|127493,,,,,,,,,,,,,,
5608,(极困难) 风暴古城-深渊的海马斯特(5016),wander,15,10,300,1,127501|127502,50|50,BattleRepeat|15|Skill|127503,,,,,,,,,,,,,,
5609,(极困难) 风暴古城-浓雾的戴奥斯沃夫(1004),wander,15,10,300,1,127511|127512,50|50,BattleRepeat|15|Skill|127513,,,,,,,,,,,,,,
5610,(极困难) 风暴古城-守门人弗尔拉佳(队长)(3020),stand,15,0,300,1,127521|127522|127523,45|45|10,IdleTime|5|Skill|232511,BattleRepeat|30|Skill|127524,MyHP|70|Skill|127527,MyHP|40|Skill|127527,BattleTime|40|Skill|127528,,,,,IdleRepeat|10800|Skill|232511,,,,,
5611,(极困难) 风暴古城-掠夺者耐克罗(队长)(5017),stand,15,0,300,1,127531|127532|127533,45|45|10,IdleTime|5|Skill|232511,BattleRepeat|30|Skill|127534,MyHP|70|Skill|127537,MyHP|40|Skill|127537,BattleTime|40|Skill|127538,,,,,IdleRepeat|10800|Skill|232511,,,,,
5612,(极困难) 风暴古城-尸体术士奥迪温(队长)(1005),stand,15,0,300,1,127541|127542|127543,45|45|10,IdleTime|5|Skill|232511,BattleRepeat|30|Skill|127544,MyHP|70|Skill|127547,MyHP|40|Skill|127547,BattleTime|40|Skill|127548,,,,,IdleRepeat|10800|Skill|232511,,,,,
5613,(极困难) 风暴古城-无名英雄(队长)(9062),stand,15,0,300,1,127551|127552|127553,45|45|10,IdleTime|5|Skill|232511,BattleRepeat|30|Skill|127554,MyHP|70|Skill|127557,MyHP|40|Skill|127557,BattleTime|40|Skill|127558,,,,,IdleRepeat|10800|Skill|232511,,,,,
5614,(极困难) 风暴古城-堕落的贝勒泽斯(BOSS)(1040),stand,15,0,300,1,127561|127562|127563,45|45|10,IdleTime|5|Skill|232511,BattleRepeat|30|Skill|127564,MyHP|70|Skill|127567,MyHP|40|Skill|127567,BattleTime|40|Skill|127569,,,,,IdleRepeat|10800|Skill|232511,,,,,
5620,(极困难) 战士们的圣地-贝伊哈特侦察兵(3016),wander,15,10,300,1,128021|128022,50|50,MyHP|50|Skill|128023,,,,,,,,,,,,,,
5621,(极困难) 战士们的圣地-门卫拉蓬提普(9016),wander,15,10,300,1,128031|128032,50|50,MyHP|30|Skill|128033,,,,,,,,,,,,,,
5622,(极困难) 战士们的圣地-奎里奥德饲养员(1010),wander,15,10,300,1,128041|128042,50|50,BattleRepeat|10|Skill|128043,,,,,,,,,,,,,,
5623,(极困难) 战士们的圣地-被洗脑的奎里奥(1019),wander,15,10,300,1,128051|128052,50|50,MyHP|30|Skill|128053,,,,,,,,,,,,,,
5624,(极困难) 战士们的圣地-博劳于岛反对派一伙人(1010),wander,15,10,300,1,128061|128062,50|50,MyHP|30|Skill|128063,,,,,,,,,,,,,,
5625,(极困难) 战士们的圣地-贝伊哈特上等级咒师 (3016),wander,15,10,300,1,128071|128072,50|50,MyHP|70|Skill|128073,MyHP|30|Skill|128073,,,,,,,,,,,,,
5626,(极困难) 战士们的圣地-博劳于岛反对派战士(1013),wander,15,10,300,1,128081|128082,50|50,MyHP|30|Skill|128083,,,,,,,,,,,,,,
5627,(极困难) 战士们的圣地-圣地守护兵(3016),wander,15,10,300,1,128091|128092,50|50,MyHP|30|Skill|128093,,,,,,,,,,,,,,
5628,(极困难) 战士们的圣地-饲养的拉蓬提普(9016),wander,15,10,300,1,128101|128102,50|50,MyHP|70|Skill|128103,,,,,,,,,,,,,,
5629,(极困难) 战士们的圣地-守门人库斯托斯(队长)(3017),stand,15,0,300,1,128111|128112,50|50,IdleTime|5|Skill|232511,BattleRepeat|17|Skill|128113,MyHP|80|Skill|128114,MyHP|50|Skill|128114,MyHP|20|Skill|128114,MyHP|30|Skill|128115,,,,IdleRepeat|10800|Skill|232511,,,,,
5630,(极困难) 战士们的圣地-巨大的奎里奥(队长)(1020),stand,15,0,300,1,128121|128122,50|50,IdleTime|5|Skill|232511,BattleRepeat|17|Skill|128123,MyHP|80|Skill|128124,MyHP|50|Skill|128124,MyHP|20|Skill|128124,MyHP|30|Skill|128125,,,,IdleRepeat|10800|Skill|232511,,,,,
5631,(极困难) 战士们的圣地-叛徒门达克斯(队长)(1011),stand,15,0,300,1,128131|128132,50|50,IdleTime|5|Skill|232511,BattleRepeat|17|Skill|128133,MyHP|30|Skill|128134,MyHP|30|Skill|128135,,,,,,IdleRepeat|10800|Skill|232511,,,,,
5632,(极困难) 战士们的圣地-屠杀者泰纳克斯(队长)(1011),stand,15,0,300,1,128141|128142,50|50,IdleTime|5|Skill|232511,MyHP|80|Skill|128143,MyHP|50|Skill|128143,MyHP|20|Skill|128143,MyHP|30|Skill|128144,MyHP|30|Skill|128145,,,,IdleRepeat|10800|Skill|232511,,,,,
5633,(极困难) 战士们的圣地-咒师阿鲁干斯(队长)(3017),stand,15,0,300,1,128151|128152,50|50,IdleTime|5|Skill|232511,BattleRepeat|17|Skill|128153,MyHP|80|Skill|128154,MyHP|50|Skill|128154,MyHP|20|Skill|128154,MyHP|30|Skill|128155,,,,IdleRepeat|10800|Skill|232511,,,,,
5634,(极困难) 战士们的圣地-灵泉的守护者保勒米度(BOSS)(1047),stand,15,0,300,1,128161|128162,50|50,IdleTime|5|Skill|232511,MyHP|80|Skill|128163,MyHP|50|Skill|128163,MyHP|20|Skill|128163,BattleRepeat|17|Skill|128165,MyHP|30|Skill|128166,,,,IdleRepeat|10800|Skill|232511,,,,,
5640,(极困难) 红头火山洞穴-布莱士罗茵采矿工(1031),wander,15,10,300,1,128641|128642,50|50,BattleRepeat|10|Skill|128643,,,,,,,,,,,,,,
5641,(极困难) 红头火山洞穴-博劳于岛反对派采矿工(1013),wander,15,10,300,1,128651|128652,50|50,MyHP|30|Skill|128653,,,,,,,,,,,,,,
5642,(极困难) 红头火山洞穴-博劳于岛反对派特种兵(1010),wander,15,10,300,1,128661|128662,50|50,MyHP|30|Skill|128663,,,,,,,,,,,,,,
5643,(极困难) 红头火山洞穴-门卫凯尔布鲁斯(5028),wander,15,10,300,1,128671|128672,50|50,MyHP|70|Skill|128673,,,,,,,,,,,,,,
5644,(极困难) 红头火山洞穴-狂乱的布莱士罗茵(1031),wander,15,10,300,1,128681|128682,50|50,MyHP|30|Skill|128683,,,,,,,,,,,,,,
5645,(极困难) 红头火山洞穴-燃烧愤怒的魔像(7001),wander,15,10,300,1,128691|128692,50|50,MyHP|70|Skill|128693,MyHP|30|Skill|128693,,,,,,,,,,,,,
5646,(极困难) 红头火山洞穴-热气腾腾的凯尔布鲁斯(5028),wander,15,10,300,1,128701|128702,50|50,BattleRepeat|10|Skill|128703,,,,,,,,,,,,,,
5647,(极困难) 红头火山洞穴-炽热的魔像(7001),wander,15,10,300,1,128711|128712,50|50,MyHP|30|Skill|128713,,,,,,,,,,,,,,
5648,(极困难) 红头火山洞穴-剑上冒烟的魔像(7001),wander,15,10,300,1,128721|128722,50|50,MyHP|30|Skill|128723,,,,,,,,,,,,,,
5649,(极困难) 红头火山洞穴-熔岩沸腾的魔像(7001),wander,15,10,300,1,128731|128732,50|50,MyHP|50|Skill|128733,,,,,,,,,,,,,,
5650,(极困难) 红头火山洞穴-博劳于岛反对派刽子手(1010),wander,15,10,300,1,128741|128742,50|50,MyHP|30|Skill|128743,,,,,,,,,,,,,,
5651,(极困难) 红头火山洞穴-破坏者普勒卡(队长)(1011),stand,15,0,300,1,128751|128752,50|50,IdleTime|5|Skill|232511,BattleRepeat|17|Skill|128753,MyHP|29|Skill|128754,MyHP|30|Skill|128755,,,,,,IdleRepeat|10800|Skill|232511,,,,,
5652,(极困难) 红头火山洞穴-主宰者莫突斯(队长)(7002),stand,15,0,300,1,128761|128762,50|50,IdleTime|5|Skill|232511,MyHP|80|Skill|128763,MyHP|50|Skill|128763,MyHP|20|Skill|128763,BattleRepeat|17|Skill|128765,BattleRepeat|21|Skill|128766,,,,IdleRepeat|10800|Skill|232511,,,,,
5653,(极困难) 红头火山洞穴-主宰者卡尔利夺斯(队长)(7002),stand,15,0,300,1,128771|128772,50|50,IdleTime|5|Skill|232511,MyHP|80|Skill|128773,MyHP|50|Skill|128773,MyHP|20|Skill|128773,BattleRepeat|17|Skill|128775,MyHP|30|Skill|128776,,,,IdleRepeat|10800|Skill|232511,,,,,
5654,(极困难) 红头火山洞穴-主宰者普木斯(队长)(7002),stand,15,0,300,1,128781|128782,50|50,IdleTime|5|Skill|232511,MyHP|80|Skill|128783,MyHP|50|Skill|128783,MyHP|20|Skill|128783,BattleRepeat|17|Skill|128785,MyHP|30|Skill|128786,,,,IdleRepeat|10800|Skill|232511,,,,,
5655,(极困难) 红头火山洞穴-毁灭的石像(BOSS)(1039),stand,15,0,300,1,128791|128792,50|50,IdleTime|5|Skill|232511,MyHP|75|Skill|128795,MyHP|50|Skill|128795,MyHP|25|Skill|128795,BattleRepeat|17|Skill|128793,MyHP|20|Skill|128797,MyHP|75|CreatePlace|51196|51197|51198,MyHP|50|CreatePlace|51196|51197|51198,MyHP|25|CreatePlace|51196|51197|51198,IdleRepeat|10800|Skill|232511,,,,,
5656,(极困难) 红头火山洞穴-保护的石碑(12075),stand,50,0,50,0,,,IdleTime|15|Out|0,IdleTime|1|Skill|128961,,,,,,,,,,,,,
5660,(极困难) Lv.47暗灰肯塔伍露丝小村-Lv.47暗灰肯塔伍露丝突击兵(精英)(7027),wander,15,1,300,1,129891|129892,50|50,BattleRepeat|10|Skill|129893,,,,,,,,,,,,,,
5661,(极困难) Lv.47暗灰肯塔伍露丝小村-Lv.47暗灰肯塔伍露丝巡逻兵(精英)(7028),patrol,15,0,300,1,129901|129902,50|50,BattleRepeat|10|Skill|129903,BattleTime|0|Skill|129904,,,,,BattleTime|0|Talk|1,BattleTime|0|Call|20,,,~~~~!! ,,,,
5662,(极困难) Lv.47暗灰肯塔伍露丝小村-Lv.47暗灰肯塔伍露丝祭司(精英)(7029),wander,15,1,300,1,129911|129912,50|50,BattleRepeat|8|Skill|129913,,,,,,,,,,,,,,
5663,(极困难) Lv.47暗灰肯塔伍露丝小村-Lv.47暗灰肯塔伍露丝近卫兵(精英)(7042),stand,15,0,300,1,129921|129922,50|50,BattleTime|0|Skill|129923,BattleTime|10|Skill|129924,BattleTime|20|Skill|129925,BattleTime|30|Skill|129926,BattleTime|40|Skill|129927,,BattleTime|0|Talk|1,BattleTime|0|Call|20,,,~~~~!! ,,,,
5664,(极困难) Lv.47暗灰肯塔伍露丝小村-Lv.47噩梦凯尔布鲁斯(精英)(5027),wander,15,5,300,1,129931|129932,50|50,MyHp|50|Skill|129933,,,,,,,,,,,,,,
5665,(极困难) Lv.47暗灰肯塔伍露丝小村-Lv.47地狱凯尔布鲁斯(精英)(5029),wander,15,5,300,1,129941|129942,50|50,BattleRepeat|10|Skill|129943,,,,,,,,,,,,,,
5666,(极困难) Lv.47暗灰肯塔伍露丝小村-Lv.47红色智慧门实习魔法师(精英)(1024),patrol,15,0,300,1,129951|129952,50|50,MyHP|20|Skill|129953,BattleTime|0|Skill|129953,,,,,BattleTime|0|Talk|1,BattleTime|0|Call|20,,,~~~~!! ,,,,
5667,(极困难) Lv.47暗灰肯塔伍露丝小村-Lv.47红色智慧门上等级魔法师(精英)(1025),stand,15,0,300,1,129961|129962,50|50,BattleRepeat|5|RandomSkill|129963,,,,,,BattleTime|0|Talk|1,BattleTime|0|Call|20,,,~~~~!! ,,,,
5668,(极困难) Lv.47暗灰肯塔伍露丝小村-Lv.47红色智慧门高级魔法师(精英)(1025),wander,15,1,300,1,129971|129972,50|50,MyHP|50|Skill|129973,,,,,,,,,,,,,,
5669,(极困难) Lv.47暗灰肯塔伍露丝小村-Lv.47暗灰肯塔伍露丝警卫队长浩于斯(队长)(7046),stand,15,0,300,1,129981|129982,50|50,BattleRepeat|17|Skill|129983,MyHP|30|Skill|129985,BattleTime|0|Skill|129986,,,,BattleTime|0|Talk|1,BattleTime|0|Call|100,IdleTime|5|Skill|232511,IdleRepeat|10800|Skill|232511,~~~~!! ,,,,
5670,(极困难) Lv.47暗灰肯塔伍露丝小村-Lv.47暗灰肯塔伍露丝近卫队长扎伊克雷斯(队长)(7045),stand,15,0,300,1,129991|129992,50|50,BattleRepeat|17|Skill|129993,BattleTime|0|Skill|129995,BattleTime|30|Skill|129996,BattleTime|60|Skill|129997,BattleTime|90|Skill|129998,BattleTime|120|Skill|129999,BattleTime|0|Talk|1,BattleTime|0|Call|100,IdleTime|5|Skill|232511,IdleRepeat|10800|Skill|232511,~~~~!! ,,,,
5671,(极困难) Lv.47暗灰肯塔伍露丝小村-Lv.47红色智慧门最强魔法师梅伊斯(队长)(1005),stand,15,0,300,1,130001|130002,50|50,BattleRepeat|17|RandomSkill|130003,MyHP|80|Skill|130004,MyHP|50|Skill|130004,MyHP|20|Skill|130004,,,BattleTime|0|Talk|1,BattleTime|0|Call|100,IdleTime|5|Skill|232511,IdleRepeat|10800|Skill|232511,~~~~!! ,,,,
5672,(极困难) Lv.47暗灰肯塔伍露丝小村-Lv.47魔法大师戴奥斯沃夫玛西斯(队长)(1005),stand,15,0,300,1,130011|130012,50|50,BattleRepeat|17|Skill|130013,BattleRepeat|21|Skill|130014,BattleRepeat|25|Skill|130015,,,,BattleTime|0|Talk|1,BattleTime|0|Call|100,IdleTime|5|Skill|232511,IdleRepeat|10800|Skill|232511,~~~~!! ,,,,
5673,(极困难) Lv.47暗灰肯塔伍露丝小村-Lv.47暗灰肯塔伍露丝酋长扎伊伦(BOSS)(1051),stand,15,0,300,1,130021|130022,50|50,BattleRepeat|30|Skill|130023,MyHP|80|Skill|130024,MyHP|60|Skill|130024,MyHP|40|Skill|130024,MyHP|20|Skill|130024,BattleRepeat|60|Skill|130026,BattleTime|0|Talk|1,BattleTime|0|Call|100,IdleTime|5|Skill|232511,IdleRepeat|10800|Skill|232511,~~~~!! ,,,,
5674,(极困难) Lv.47暗灰肯塔伍露丝小村-Lv.47黑暗的魔力装置(12014),stand,15,0,0,0,,,IdleRepeat|0|Skill|131451,,,,,,,,,,,,,,
5680,(极困难) Lv.50光之地下庭院-Lv.50疯狂稻田(精英)(5002),patrol,15,0,300,1,131171|131172,50|50,BattleRepeat|10|Skill|131173,,,,,,BattleTime|0|Talk|1,BattleTime|0|Call|20,,,,,,,
5681,(极困难) Lv.50光之地下庭院-Lv.50犬齿凯尔布鲁斯(精英)(5027),wander,15,10,300,1,131181|131182,50|50,MyHP|50|Skill|131183,,,,,,,,,,,,,,
5682,(极困难) Lv.50光之地下庭院-Lv.50嗜血的伊尔内斯特(精英)(5003),stand,15,0,300,1,131191|131192,50|50,BattleRepeat|10|Skill|131193,,,,,,BattleTime|0|Talk|1,BattleTime|0|Call|20,,,,,,,
5683,(极困难) Lv.50光之地下庭院-Lv.50黑暗智慧门(精英)(1024),stand,15,0,300,1,131201|131202,50|50,MyHP|30|Skill|131203,BattleTime|0|Skill|131203,,,,,,,,,,,,,
5684,(极困难) Lv.50光之地下庭院-Lv.50云之思克诺曹(精英)(3012),wander,15,3,300,1,131211|131212,50|50,BattleRepeat|10|Skill|131213,,,,,,,,,,,,,,
5685,(极困难) Lv.50光之地下庭院-Lv.50鳞甲歪伊芬(精英)(9018),wander,15,10,300,1,131221|131222,50|50,BattleRepeat|10|Skill|131223,,,,,,,,,,,,,,
5686,(极困难) Lv.50光之地下庭院-Lv.50混乱的德莱伊克(精英)(9003),wander,15,10,300,1,131231|131232,50|50,BattleRepeat|10|Skill|131233,,,,,,,,,,,,,,
5687,(极困难) Lv.50光之地下庭院-Lv.50塔伦(精英)(5002),stand,15,0,300,1,131241|131242,50|50,BattleRepeat|10|Skill|131243,,,,,,,,,,,,,,
5688,(极困难) Lv.50光之地下庭院-Lv.50扎伊斯特(队长)(5005),stand,15,0,300,1,131251|131252,50|50,BattleRepeat|21|Skill|131253,MyHP|70|Skill|131254,MyHP|50|Skill|131254,MyHP|30|Skill|131254,BattleRepeat|60|Skill|131255,,BattleTime|0|Talk|1,BattleTime|0|Call|20,IdleTime|5|Skill|232511,IdleRepeat|10800|Skill|232511,,,,,
5689,(极困难) Lv.50光之地下庭院-Lv.50贝伊邹(队长)(3014),stand,15,0,300,1,131261|131262,50|50,BattleRepeat|21|Skill|131263,BattleRepeat|21|Skill|131264,BattleRepeat|60|Skill|131265,,,,BattleTime|0|Talk|1,BattleTime|0|Call|20,IdleTime|5|Skill|232511,IdleRepeat|10800|Skill|232511,,,,,
5690,(极困难) Lv.50光之地下庭院-Lv.50贝恩跌克(队长)(9020),stand,15,0,300,1,131271|131272,50|50,BattleRepeat|17|Skill|131273,BattleRepeat|60|Skill|131275,,,,,BattleTime|0|Talk|1,BattleTime|0|Call|20,IdleTime|5|Skill|232511,IdleRepeat|10800|Skill|232511,,,,,
5691,(极困难) Lv.50光之地下庭院-Lv.50戴修德(BOSS)(1041),stand,25,0,300,1,131281,100,BattleRepeat|17|Skill|131282,BattleRepeat|21|Skill|131284,MyHP|70|Skill|131286,MyHP|30|Skill|131286,BattleRepeat|60|Skill|131287,,BattleTime|0|Talk|1,BattleTime|0|Call|100,IdleTime|5|Skill|232511,IdleRepeat|10800|Skill|232511,,,,,
5692,(极困难) Lv.50光之地下庭院-Lv.50赛特(队长)(1026),stand,15,0,300,1,131431|131432,50|50,BattleRepeat|17|RandomSkill|131434,MyHP|30|Skill|131433,,,,,BattleTime|0|Talk|1,BattleTime|0|Call|100,IdleTime|5|Skill|232511,IdleRepeat|10800|Skill|232511,,,,,
6000,(极恶) 洛坎的实验室-哥布林博斯克(7030),wander,15,10,300,1,120301|120302,50|50,MyHP|75|Skill|120303,,,,,,,,,,,,,,
6001,(极恶) 洛坎的实验室-哥布林斯耐颇(7031),wander,15,10,300,1,120311|120312|120313,45|45|10,BattleRepeat|15|Skill|120313,,,,,,,,,,,,,,
6002,(极恶) 洛坎的实验室-该死的实验体(7011),wander,15,10,300,1,120321|120322|120323,45|45|10,BattleRepeat|15|Skill|120323,,,,,,,,,,,,,,
6003,(极恶) 洛坎的实验室-北神(7006),wander,15,10,300,1,120331|120332|120333,45|45|10,BattleRepeat|15|Skill|120333,,,,,,,,,,,,,,
6004,(极恶) 洛坎的实验室-指挥官布拉伊安(队长)(7039),stand,15,0,300,1,120341|120342|120343,45|45|10,IdleTime|5|Skill|232511,BattleRepeat|30|Skill|120345,MyHP|25|Skill|120346,,,,,,,IdleRepeat|10800|Skill|232511,,,,,
6005,(极恶) 洛坎的实验室-扭曲的实验体(7011),wander,15,10,300,1,120351|120352|120353,45|45|10,BattleRepeat|15|Skill|120353,,,,,,,,,,,,,,
6006,(极恶) 洛坎的实验室-实验室的守望者(5029),wander,15,10,300,1,120361|120362|120363,45|45|10,BattleRepeat|15|Skill|120363,,,,,,,,,,,,,,
6007,(极恶) 洛坎的实验室-实验体玛格莫斯(队长)(1032),stand,15,0,300,1,120371|120372|120373,45|45|10,IdleTime|5|Skill|232511,BattleRepeat|30|Skill|120374,MyHP|75|Skill|120376,MyHP|50|Skill|120376,MyHP|25|Skill|120376,,,,,IdleRepeat|10800|Skill|232511,,,,,
6008,(极恶) 洛坎的实验室-扭曲的实验体(7011),wander,15,10,300,1,120381|120382|120383,45|45|10,BattleRepeat|15|Skill|120383,,,,,,,,,,,,,,
6009,(极恶) 洛坎的实验室-堕落的炼金术士洛坎德纳勒(BOSS)(1044),stand,15,0,300,1,120391|120392|120393,45|45|10,IdleTime|5|Skill|232511,MyHP|75|Skill|120396,MyHP|50|Skill|120396,MyHP|25|Skill|120396,BattleRepeat|30|Skill|120398,,,,,IdleRepeat|10800|Skill|232511,,,,,
6020,(极恶) 深渊的神殿-茶园恶灵(5004),wander,15,10,300,1,120641|120642|120643,45|45|10,BattleRepeat|15|Skill|120643,,,,,,,,,,,,,,
6021,(极恶) 深渊的神殿-巡逻恶灵(5005),wander,15,10,300,1,120651|120652|120653,45|45|10,BattleRepeat|15|Skill|120653,,,,,,,,,,,,,,
6022,(极恶) 深渊的神殿-分裂的守护者贝内迪克特(队长)(7017),stand,15,0,300,1,120661|120662|120663,45|45|10,IdleTime|5|Skill|232511,BattleRepeat|30|Skill|120665,MyHP|60|Skill|120666,MyHP|30|Skill|120666,,,,,,IdleRepeat|10800|Skill|232511,,,,,
6023,(极恶) 深渊的神殿-灵魂骑士(3004),wander,15,10,300,1,120671|120672|120673,45|45|10,BattleRepeat|15|Skill|120673,,,,,,,,,,,,,,
6024,(极恶) 深渊的神殿-恶灵骑士(3005),wander,15,10,300,1,120681|120682|120683,45|45|10,BattleRepeat|15|Skill|120683,,,,,,,,,,,,,,
6025,(极恶) 深渊的神殿-红色屠杀者莱安特(队长)(5017),stand,15,0,300,1,120691|120692|120693,45|45|10,IdleTime|5|Skill|232511,BattleRepeat|30|Skill|120695,,,,,,,,IdleRepeat|10800|Skill|232511,,,,,
6026,(极恶) 深渊的神殿-堕落的茶园守护者(5016),wander,15,10,300,1,120701|120702|120703,45|45|10,BattleRepeat|15|Skill|120703,,,,,,,,,,,,,,
6027,(极恶) 深渊的神殿-堕落的守门人萨麦尔(BOSS)(1033),stand,15,0,300,1,120711|120712|120715,45|45|10,IdleTime|5|Skill|232511,BattleRepeat|60|Skill|120716,MyHP|75|Skill|120717,MyHP|50|Skill|120717,MyHP|25|Skill|120717,,,,,IdleRepeat|10800|Skill|232511,,,,,
6040,(极恶) 奎里奥德矿山-古代水晶(12014),stand,0,0,300,0,,,,,,,,,,,,,,,,,
6041,(极恶) 奎里奥德矿山-土匪团战士(5035),wander,15,10,300,1,120961|120962|120963,45|45|10,BattleRepeat|15|Skill|120963,,,,,,,,,,,,,,
6042,(极恶) 奎里奥德矿山-土匪团团狙击手(5038),wander,15,10,300,1,120971|120972,50|50,BattleRepeat|15|RandomSkill|120973,,,,,,,,,,,,,,
6043,(极恶) 奎里奥德矿山-采矿魔克里奥德(队长)(1020),stand,15,0,300,1,120981|120982|120983,45|45|10,IdleTime|5|Skill|232511,BattleRepeat|30|Skill|120984,MyHP|60|Skill|120985,MyHP|30|Skill|120985,,,,,,IdleRepeat|10800|Skill|232511,,,,,
6044,(极恶) 奎里奥德矿山-采矿魔克利莫(1019),wander,15,10,300,1,120991|120992|120993,45|45|10,BattleRepeat|15|Skill|120993,,,,,,,,,,,,,,
6045,(极恶) 奎里奥德矿山-蔡官古雷姆克里德(1020),wander,15,10,300,1,121001|121002|121003,45|45|10,BattleRepeat|15|Skill|121003,,,,,,,,,,,,,,
6046,(极恶) 奎里奥德矿山-指挥官古雷姆贝勒纳克(队长)(7002),stand,15,0,300,1,121011|121012|121013,45|45|10,IdleTime|5|Skill|232511,BattleRepeat|15|Skill|121015,MyHP|60|Skill|121014,MyHP|30|Skill|121014,,,,,,IdleRepeat|10800|Skill|232511,,,,,
6047,(极恶) 奎里奥德矿山-红色警卫古雷姆(7001),wander,15,10,300,1,121021|121022|121023,45|45|10,BattleRepeat|15|Skill|121023,,,,,,,,,,,,,,
6048,(极恶) 奎里奥德矿山-矿山守护者诺亚拉克(BOSS)(1042),stand,15,0,300,1,121031|121032|121033,45|45|10,IdleTime|5|Skill|232511,BattleRepeat|90|Skill|121036,BattleRepeat|45|RandomSkill|121035,MyHP|60|Skill|121037,MyHP|30|Skill|121037,,,,,IdleRepeat|10800|Skill|232511,,,,,
6049,(极恶) 奎里奥德矿山-土匪团长官(队长)(5035),stand,15,0,300,1,121501|121502|121503,45|45|10,IdleTime|5|Skill|232511,BattleRepeat|30|Skill|121504,MyHP|60|Skill|121505,MyHP|30|Skill|121505,,,,,,IdleRepeat|10800|Skill|232511,,,,,
6050,(极恶) 奎里奥德矿山-古雷姆卡勒泰(队长)(1020),stand,15,0,300,1,121511|121512|121513,45|45|10,IdleTime|5|Skill|232511,BattleRepeat|30|Skill|121514,MyHP|60|Skill|121515,MyHP|30|Skill|121515,,,,,,IdleRepeat|10800|Skill|232511,,,,,
6060,(极恶) 火焰祭坛-奴隶(5001),wander,15,10,300,1,121281|121282|121283,45|45|10,BattleRepeat|15|Skill|121283,,,,,,,,,,,,,,
6061,(极恶) 火焰祭坛-海尔雷伊德监督人(5028),wander,15,10,300,1,121291|121292|121293,45|45|10,BattleRepeat|15|Skill|121293,,,,,,,,,,,,,,
6062,(极恶) 火焰祭坛-罗干泰斯(队长)(5029),stand,15,0,300,1,121301|121302|121303,45|45|10,IdleTime|5|Skill|232511,BattleRepeat|15|Skill|121304,MyHP|60|Skill|121306,MyHP|30|Skill|121306,,,,,,IdleRepeat|10800|Skill|232511,,,,,
6063,(极恶) 火焰祭坛-奴隶建筑师(5002),wander,15,10,300,1,121311|121312|121313,45|45|10,BattleRepeat|15|Skill|121313,,,,,,,,,,,,,,
6064,(极恶) 火焰祭坛-普尔莱茵 歪伊芬(7016),wander,15,10,300,1,121321|121322|121323,45|45|10,BattleRepeat|15|Skill|121323,,,,,,,,,,,,,,
6065,(极恶) 火焰祭坛-红焰眼睛(12027),stand,0,0,300,0,,,,,,,,,,,,,,,,,
6066,(极恶) 火焰祭坛-红焰守护者(队长)(9014),stand,15,0,300,1,121341|121342|121345,45|45|10,IdleTime|5|Skill|232511,BattleRepeat|30|Skill|121343,MyHP|60|Skill|121344,MyHP|30|Skill|121344,,,,,,IdleRepeat|10800|Skill|232511,,,,,
6067,(极恶) 火焰祭坛-哈利伊德(BOSS)(1034),stand,15,0,300,1,121351,100,IdleTime|5|Skill|232511,BattleRepeat|120|RandomSkill|121355,BattleRepeat|45|Skill|121353,BattleRepeat|90|Skill|121356,,,,,,IdleRepeat|10800|Skill|232511,,,,,
6068,(极恶) 火焰祭坛-死神滴水嘴兽(队长)(7017),stand,15,0,300,1,121421|121422|121423,45|45|10,IdleTime|5|Skill|232511,BattleRepeat|30|Skill|121425,BattleTime|90|Skill|121426,,,,,,,IdleRepeat|10800|Skill|232511,,,,,
6069,(极恶) 火焰祭坛-凯尔贝鲁斯(队长)(5029),stand,15,0,300,1,121431|121432|121433,45|45|10,IdleTime|5|Skill|232511,BattleRepeat|30|Skill|121434,MyHP|60|Skill|121435,MyHP|30|Skill|121435,,,,,,IdleRepeat|10800|Skill|232511,,,,,
6080,(极恶) 死亡的职员-分裂的魔爪(7015),wander,15,10,300,1,122061|122062|122063,45|45|10,MyHP|90|Skill|122063,MyHP|50|Skill|122063,,,,,,,,,,,,,
6081,(极恶) 死亡的职员-分裂的破坏者(7016),wander,15,10,300,1,122071|122072|122073,45|45|10,MyHP|90|Skill|122073,MyHP|50|Skill|122073,,,,,,,,,,,,,
6082,(极恶) 死亡的职员-战士的灵魂(7088),wander,15,10,300,1,122081|122082|122083,45|45|10,MyHP|90|Skill|122083,MyHP|50|Skill|122083,,,,,,,,,,,,,
6083,(极恶) 死亡的职员-弓箭手的灵魂(7089),wander,15,10,300,1,122091|122092|122093,45|45|10,MyHP|90|Skill|122093,MyHP|50|Skill|122093,,,,,,,,,,,,,
6084,(极恶) 死亡的职员-魔法师的灵魂(7090),wander,15,10,300,1,122101|122102|122103,45|45|10,MyHP|90|Skill|122103,MyHP|50|Skill|122103,,,,,,,,,,,,,
6085,(极恶) 死亡的职员-睡不着的战士(7076),wander,15,10,300,1,122111|122112|122113,45|45|10,MyHP|90|Skill|122113,MyHP|50|Skill|122113,,,,,,,,,,,,,
6086,(极恶) 死亡的职员-睡不着的弓箭手(7077),wander,15,10,300,1,122121|122122|122123,45|45|10,MyHP|90|Skill|122123,MyHP|50|Skill|122123,,,,,,,,,,,,,
6087,(极恶) 死亡的职员-睡不着的魔法师(7078),wander,15,10,300,1,122131|122132|122133,45|45|10,MyHP|90|Skill|122133,MyHP|50|Skill|122133,,,,,,,,,,,,,
6088,(极恶) 死亡的职员-黑暗精灵(5004),wander,15,10,300,1,122141|122142|122143,45|45|10,MyHP|90|Skill|122143,MyHP|50|Skill|122143,,,,,,,,,,,,,
6089,(极恶) 死亡的职员-安息的灵魂(5005),wander,15,10,300,1,122151|122152|122153,45|45|10,MyHP|90|Skill|122153,MyHP|50|Skill|122153,,,,,,,,,,,,,
6090,(极恶) 死亡的职员-沉默的魔爪(7019),wander,15,10,300,1,122161|122162|122163,45|45|10,MyHP|90|Skill|122163,MyHP|50|Skill|122163,,,,,,,,,,,,,
6091,(极恶) 死亡的职员-巴勒西亚的下属(1009),wander,15,10,300,1,122171|122172|122173,45|45|10,MyHP|90|Skill|122173,MyHP|50|Skill|122173,,,,,,,,,,,,,
6092,(极恶) 死亡的职员-巴勒西亚的监督人(5028),wander,15,10,300,1,122181|122182|122183,45|45|10,MyHP|90|Skill|122183,MyHP|50|Skill|122183,,,,,,,,,,,,,
6093,(极恶) 死亡的职员-分裂的支配者拉琪亚斯(队长)(7017),stand,15,0,300,1,122191|122192|122193,45|45|10,IdleTime|5|Skill|232511,MyHP|90|Skill|122196,BattleRepeat|30|Skill|122194,MyHP|50|Skill|122198,,,,,,IdleRepeat|10800|Skill|232511,,,,,
6094,(极恶) 死亡的职员-灵魂管理者派利特(队长)(7090),stand,15,0,300,1,122201|122202|122203,45|45|10,IdleTime|5|Skill|232511,MyHP|90|Skill|122206,BattleRepeat|30|Skill|122204,MyHP|50|Skill|122208,,,,,,IdleRepeat|10800|Skill|232511,,,,,
6095,(极恶) 死亡的职员-平静的主管世雷亚(队长)(5005),stand,15,0,300,1,122211|122212|122213,45|45|10,IdleTime|5|Skill|232511,MyHP|90|Skill|122216,BattleRepeat|30|Skill|122214,MyHP|50|Skill|122218,,,,,,IdleRepeat|10800|Skill|232511,,,,,
6096,(极恶) 死亡的职员-沉默的管理者贝尔利塔(队长)(7020),stand,15,0,300,1,122221|122222|122223,45|45|10,IdleTime|5|Skill|232511,MyHP|90|Skill|122225,BattleRepeat|30|Skill|122224,MyHP|50|Skill|122227,,,,,,IdleRepeat|10800|Skill|232511,,,,,
6097,(极恶) 死亡的职员-贪吃的巴勒西亚(BOSS)(1049),stand,15,0,300,1,122231|122232|122233,45|45|10,IdleTime|5|Skill|232511,MyHP|90|Skill|122236,BattleRepeat|30|Skill|122234,MyHP|50|Skill|122237,,,,,,IdleRepeat|10800|Skill|232511,,,,,
6110,(极恶) 阿拉汉的浮游城-被激怒的战士(50108),wander,15,10,300,1,122661|122662|122663,45|45|10,BattleRepeat|15|Skill|122663,,,,,,,,,,,,,,
6111,(极恶) 阿拉汉的浮游城-冷静的弓箭手(50609),wander,15,10,300,1,122671|122672|122673,45|45|10,BattleRepeat|15|Skill|122673,,,,,,,,,,,,,,
6112,(极恶) 阿拉汉的浮游城-训练教官世勒克(队长)(50110),stand,15,0,300,1,122681|122682|122683,45|45|10,IdleTime|5|Skill|232511,BattleRepeat|30|Skill|122683,MyHP|90|Skill|122686,MyHP|50|Skill|122687,Die|0|TriggerSkill|200204,,,,,IdleRepeat|10800|Skill|232511,,,,,
6113,(极恶) 阿拉汉的浮游城-堕落光芒下的祭司(101),wander,15,10,300,1,122691|122692|122693,45|45|10,BattleRepeat|15|Skill|122693,,,,,,,,,,,,,,
6114,(极恶) 阿拉汉的浮游城-污染光泽下的祭司(104),wander,15,10,300,1,122701|122702|122703,45|45|10,BattleRepeat|15|Skill|122703,,,,,,,,,,,,,,
6115,(极恶) 阿拉汉的浮游城-主管玫乃斯(队长)(105) ,stand,15,0,300,1,122711|122712|122713,45|45|10,IdleTime|5|Skill|232511,BattleRepeat|30|Skill|122714,MyHP|90|Skill|122716,MyHP|50|Skill|122717,Die|0|TriggerSkill|200208,,,,,IdleRepeat|10800|Skill|232511,,,,,
6116,(极恶) 阿拉汉的浮游城-魔力管理者(1024),wander,15,10,300,1,122721|122722|122723,45|45|10,BattleRepeat|15|Skill|122723,,,,,,,,,,,,,,
6117,(极恶) 阿拉汉的浮游城-魔力守护者(1025),wander,15,10,300,1,122731|122732|122733,45|45|10,BattleRepeat|15|Skill|122733,,,,,,,,,,,,,,
6118,(极恶) 阿拉汉的浮游城-堕落的灵魂(3013),wander,15,10,300,1,122741|122742|122743,45|45|10,BattleRepeat|15|Skill|122743,,,,,,,,,,,,,,
6119,(极恶) 阿拉汉的浮游城-世克洛的黑暗(3014),wander,15,10,300,1,122751|122752|122753,45|45|10,BattleRepeat|15|Skill|122753,,,,,,,,,,,,,,
6120,(极恶) 阿拉汉的浮游城-玫乃斯的黑暗(1025),wander,15,10,300,1,122761|122762|122763,45|45|10,BattleRepeat|15|Skill|122763,,,,,,,,,,,,,,
6121,(极恶) 阿拉汉的浮游城-魔力的主人格利赛尔德(队长)(1026),stand,15,0,300,1,122771|122772|122773,45|45|10,IdleTime|5|Skill|232511,BattleRepeat|15|Skill|122774,MyHP|90|Skill|122775,MyHP|70|Skill|122776,MyHP|40|Skill|122777,,,,,IdleRepeat|10800|Skill|232511,,,,,
6122,(极恶) 阿拉汉的浮游城-堕落的影子贝尔拉斯特(队长)(3014),stand,15,0,300,1,122781|122782|122783,45|45|10,IdleTime|5|Skill|232511,BattleRepeat|15|Skill|122784,MyHP|90|Skill|122786,MyHP|70|Skill|122787,MyHP|40|Skill|122788,,,,,IdleRepeat|10800|Skill|232511,,,,,
6123,(极恶) 阿拉汉的浮游城-堕落的英雄阿拉汉(BOSS)(1035),stand,15,0,300,1,122791|122792|122793,45|45|10,IdleTime|5|Skill|232511,BattleRepeat|15|Skill|122794,MyHP|90|Skill|122796,MyHP|70|Skill|122797,MyHP|40|Skill|122799,,,,,IdleRepeat|10800|Skill|232511,,,,,
6140,(极恶) 克拉伍德生物体实验室-黑暗监视者(5039),wander,15,10,300,1,122801|122802,50|50,BattleRepeat|10|Skill|122803,,,,,,,,,,,,,,
6141,(极恶) 克拉伍德生物体实验室-黑暗巡逻者(5042),wander,15,10,300,1,122811|122812,50|50,BattleRepeat|10|Skill|123053,,,,,,,,,,,,,,
6142,(极恶) 克拉伍德生物体实验室-黑暗之狼(5068),wander,15,10,300,1,122821|122822,50|50,BattleRepeat|10|Skill|123063,,,,,,,,,,,,,,
6143,(极恶) 克拉伍德生物体实验室-变异的士兵(7009),wander,15,10,300,1,122831|122832,50|50,BattleRepeat|10|Skill|123073,,,,,,,,,,,,,,
6144,(极恶) 克拉伍德生物体实验室-复活的士兵(7009),wander,15,10,300,1,122841|122842,50|50,BattleRepeat|10|Skill|123083,,,,,,,,,,,,,,
6145,(极恶) 克拉伍德生物体实验室-克拉伍德的强化兵(3015),wander,15,10,300,1,122851|122852,50|50,MyHP|50|Skill|123093,,,,,,,,,,,,,,
6146,(极恶) 克拉伍德生物体实验室-克拉伍德的合成树脂(3000),wander,15,10,300,1,122861|122862,50|50,BattleRepeat|10|Skill|123103,,,,,,,,,,,,,,
6147,(极恶) 克拉伍德生物体实验室-受污染的狼王子鲁卡斯(5068)(队长),stand,15,0,300,1,122871|122872,50|50,IdleTime|5|Skill|232511,BattleRepeat|17|Skill|123113,BattleRepeat|21|Skill|123114,MyHP|80|Skill|123116,MyHP|30|Skill|123116,,,,,IdleRepeat|10800|Skill|232511,,,,,
6148,(极恶) 克拉伍德生物体实验室-团长虎梅伦(5041)(队长),stand,15,0,300,1,122881|122882,50|50,IdleTime|5|Skill|232511,BattleRepeat|21|Skill|123123,BattleRepeat|17|Skill|123125,MyHP|30|Skill|123126,,,,,,IdleRepeat|10800|Skill|232511,,,,,
6149,(极恶) 克拉伍德生物体实验室-强化兵贝内伊德(3017)(队长),stand,15,0,300,1,122891|122892,50|50,IdleTime|5|Skill|232511,MyHP|75|Skill|123135,MyHP|55|Skill|123135,MyHP|15|Skill|123135,MyHP|70|Skill|123133,MyHP|50|Skill|123133,MyHP|10|Skill|123133,MyHP|30|Skill|123136,,IdleRepeat|10800|Skill|232511,,,,,
6150,(极恶) 克拉伍德生物体实验室-合成树脂贝诺伊德(3002)(队长),stand,15,0,300,1,122901|122902,50|50,IdleTime|5|Skill|232511,BattleRepeat|17|Skill|123143,BattleRepeat|21|Skill|123144,MyHP|30|Skill|123145,,,,,,IdleRepeat|10800|Skill|232511,,,,,
6151,(极恶) 克拉伍德生物体实验室-黑暗之魔王子克拉伍德(1050)(BOSS),stand,15,0,300,1,122911|122912,50|50,IdleTime|5|Skill|232511,BattleRepeat|21|Skill|123154,MyHP|80|Skill|123156,MyHP|50|Skill|123156,MyHP|20|Skill|123156,BattleRepeat|17|Skill|123153,,,,IdleRepeat|10800|Skill|232511,,,,,
6160,(极恶) 火龙的巢穴-龙魔爪(9010),wander,15,10,300,1,123281|123282,50|50,MyHP|30|Skill|123543,,,,,,,,,,,,,,
6161,(极恶) 火龙的巢穴-龙魔人(5006),wander,15,10,300,1,123291|123292,50|50,BattleRepeat|10|Skill|123553,,,,,,,,,,,,,,
6162,(极恶) 火龙的巢穴-熔岩山脉一族德莱伊克(9012),wander,15,10,300,1,123301|123302,50|50,BattleRepeat|10|Skill|123563,,,,,,,,,,,,,,
6163,(极恶) 火龙的巢穴-熔岩山脉一族歪伊芬(9018),wander,15,10,300,1,123311|123312,50|50,BattleRepeat|10|Skill|123573,,,,,,,,,,,,,,
6164,(极恶) 火龙的巢穴-火焰山一族歪伊芬(9018),wander,15,10,300,1,123321|123322,50|50,BattleRepeat|10|Skill|123583,,,,,,,,,,,,,,
6165,(极恶) 火龙的巢穴-火焰山一族德莱伊克(9013),wander,15,10,300,1,123331|123332,50|50,MyHP|70|Skill|123593,MyHP|30|Skill|123593,,,,,,,,,,,,,
6166,(极恶) 火龙的巢穴-火焰山一族德雷昆(9004),wander,15,10,300,1,123341|123342,50|50,BattleRepeat|10|Skill|123603,,,,,,,,,,,,,,
6167,(极恶) 火龙的巢穴-鲜红的克夏特利阿(队长)(5008),stand,15,0,300,1,123351|123352,50|50,IdleTime|5|Skill|232511,BattleRepeat|17|Skill|123613,MyHP|80|Skill|123615,MyHP|50|Skill|123615,MyHP|20|Skill|123615,MyHP|30|Skill|123616,,,,IdleRepeat|10800|Skill|232511,,,,,
6168,(极恶) 火龙的巢穴-红焰卡德尼尔(队长)(9014),stand,15,0,300,1,123361|123362,50|50,IdleTime|5|Skill|232511,MyHP|80|Skill|123623,MyHP|50|Skill|123623,MyHP|20|Skill|123623,BattleRepeat|17|Skill|123624,MyHP|30|Skill|123626,,,,IdleRepeat|10800|Skill|232511,,,,,
6169,(极恶) 火龙的巢穴-岩石之翅塞尔斯特(队长)(9003),stand,15,0,300,1,123371|123372,50|50,IdleTime|5|Skill|232511,MyHP|80|Skill|123633,MyHP|50|Skill|123633,MyHP|20|Skill|123633,BattleRepeat|17|Skill|123635,MyHP|30|Skill|123637,,,,IdleRepeat|10800|Skill|232511,,,,,
6170,(极恶) 火龙的巢穴-大酋长卡山德拉(队长)(9005),stand,15,0,300,1,123381|123382,50|50,IdleTime|5|Skill|232511,MyHP|80|Skill|123643,MyHP|50|Skill|123643,MyHP|20|Skill|123643,BattleRepeat|17|Skill|123646,,,,,IdleRepeat|10800|Skill|232511,,,,,
6171,(极恶) 火龙的巢穴-烦恼的火龙雷泽乐(BOSS)(1036),stand,25,0,300,1,123391|123392,50|50,IdleTime|5|Skill|232511,BattleRepeat|21|Skill|123653,MyHP|80|Skill|123655,MyHP|50|Skill|123655,MyHP|20|Skill|123655,MyHP|30|Skill|123657,MyHP|75|CreatePlace|51190|51191|51192|51193|51194|51195,MyHP|25|CreatePlace|51190|51191|51192|51193|51194|51195,BattleTime|0|Skill|123653,IdleRepeat|10800|Skill|232511,,,,,
6180,(极恶) 恶灵山谷-Lv.47浓雾触须(精英)(5063),wander,15,10,300,1,129451|129452,50|50,BattleRepeat|10|Skill|129453,,,,,,,,,,,,,,
6181,(极恶) 恶灵山谷-Lv.47戴特拉的祭品(精英)(3024),wander,15,10,300,1,129461|129462,50|50,BattleRepeat|10|Skill|129463,Die|0|TriggerSkill|129464,,,,,,,,,,,,,
6182,(极恶) 恶灵山谷-Lv.47戴特拉的雕像(精英)(5064),wander,15,10,300,1,129471|129472,50|50,BattleRepeat|10|Skill|129473,,,,,,,,,,,,,,
6183,(极恶) 恶灵山谷-Lv.47触须带刺的戴特拉(队长)(5065),stand,15,0,300,1,129481|129482,50|50,BattleRepeat|17|Skill|129483,MyHP|80|Skill|129484,MyHP|50|Skill|129484,MyHP|20|Skill|129484,MyHP|30|Skill|129485,,,,IdleTime|5|Skill|232511,IdleRepeat|10800|Skill|232511,,,,,
6184,(极恶) 恶灵山谷-Lv.47尸虫(精英)(9067),wander,15,10,300,1,129491|129492,50|50,BattleRepeat|10|Skill|129493,,,,,,,,,,,,,,
6185,(极恶) 恶灵山谷-Lv.47痛苦的冤魂(精英)(3025),wander,15,10,300,1,129501|129502,50|50,MyHP|50|Skill|129503,,,,,,,,,,,,,,
6186,(极恶) 恶灵山谷-Lv.47被遗忘的管理者莱卡图斯(队长)(7129),stand,15,0,300,1,129511|129512,50|50,BattleRepeat|17|Skill|129513,MyHP|80|Skill|129514,MyHP|50|Skill|129514,MyHP|20|Skill|129514,MyHP|30|Skill|129515,,,,IdleTime|5|Skill|232511,IdleRepeat|10800|Skill|232511,,,,,
6187,(极恶) 恶灵山谷-Lv.47鲁伍林的执行官(精英)(7057),wander,15,10,300,1,129521|129522,50|50,BattleRepeat|10|Skill|129523,,,,,,,,,,,,,,
6188,(极恶) 恶灵山谷-Lv.47鲁伍林的刽子手(精英)(7058),wander,15,10,300,1,129531|129532,50|50,BattleRepeat|10|Skill|129533,,,,,,,,,,,,,,
6189,(极恶) 恶灵山谷-Lv.47屠杀者鲁伍林(队长)(7059),stand,15,0,300,1,129541|129542,50|50,BattleRepeat|17|Skill|129543,MyHP|70|Skill|129545,MyHP|30|Skill|129545,,,,,,IdleTime|5|Skill|232511,IdleRepeat|10800|Skill|232511,,,,,
6190,(极恶) 恶灵山谷-Lv.47贝纳贝勒的奴隶(精英)(7066),wander,15,10,300,1,129551|129552,50|50,BattleRepeat|10|Skill|129553,,,,,,,,,,,,,,
6191,(极恶) 恶灵山谷-Lv.47贝纳贝勒的下属(精英)(7060),wander,15,10,300,1,129561|129562,50|50,BattleRepeat|10|Skill|129563,,,,,,,,,,,,,,
6192,(极恶) 恶灵山谷-Lv.47黑暗的管理者贝纳贝勒(队长)(7135),stand,15,0,300,1,129571|129572,50|50,BattleRepeat|17|Skill|129573,MyHP|70|Skill|129574,MyHP|30|Skill|129574,MyHP|30|Skill|129575,,,,,IdleTime|5|Skill|232511,IdleRepeat|10800|Skill|232511,,,,,
6193,(极恶) 恶灵山谷-Lv.47丢拉汗(精英)(3003),wander,15,10,300,1,129581|129582,50|50,BattleRepeat|10|Skill|129583,,,,,,,,,,,,,,
6194,(极恶) 恶灵山谷-Lv.47丢拉汗骑士(精英)(3005),wander,15,10,300,1,129591|129592,50|50,BattleRepeat|10|Skill|129593,,,,,,,,,,,,,,
6195,(极恶) 恶灵山谷-Lv.47死去的管理者克瓦特里卡(BOSS)(1052),stand,15,0,300,1,129601|129602,50|50,BattleRepeat|17|Skill|129603,MyHP|80|Skill|129604,MyHP|50|Skill|129604,MyHP|20|Skill|129604,MyHP|10|Skill|129605,,,,IdleTime|5|Skill|232511,IdleRepeat|10800|Skill|232511,,,,,
6200,(极恶) 黑暗要塞-Lv.50分裂的清洁工(精英)(9057),wander,15,10,300,1,130741|130742,50|50,BattleRepeat|10|Skill|130743,,,,,,,,,,,,,,
6201,(极恶) 黑暗要塞-Lv.50茶园清洁工(精英)(9058),wander,15,10,300,1,130751|130752,50|50,BattleRepeat|10|Skill|130753,,,,,,,,,,,,,,
6202,(极恶) 黑暗要塞-Lv.50分裂的恢复者拉克拉德(队长)(9065),stand,15,0,300,1,130761|130762,50|50,BattleRepeat|17|Skill|130763,MyHP|80|Skill|130764,MyHP|50|Skill|130764,MyHP|20|Skill|130764,MyHP|10|Skill|130766,,,,IdleTime|5|Skill|232511,IdleRepeat|10800|Skill|232511,,,,,
6203,(极恶) 黑暗要塞-Lv.50黑暗战士(精英)(1002),wander,15,10,300,1,130771|130772,50|50,BattleRepeat|10|Skill|130773,,,,,,,,,,,,,,
6204,(极恶) 黑暗要塞-Lv.50黑暗弓箭手(精英)(7065),wander,15,10,300,1,130781|130782,50|50,BattleRepeat|10|Skill|130783,,,,,,,,,,,,,,
6205,(极恶) 黑暗要塞-Lv.50黑暗指挥者拉克诺亚(队长)(7061),stand,15,0,300,1,130791|130792,50|50,BattleRepeat|17|Skill|130793,MyHP|80|Skill|130795,MyHP|50|Skill|130795,MyHP|20|Skill|130795,MyHP|30|Skill|130796,,,,IdleTime|5|Skill|232511,IdleRepeat|10800|Skill|232511,,,,,
6206,(极恶) 黑暗要塞-Lv.50诺丝夸储存体(精英)(12089),stand,0,0,0,1,,,Die|0|TriggerSkill|130801,,,,,,,,,,,,,,
6207,(极恶) 黑暗要塞-Lv.50黑暗的诺丝夸(精英)(5005),wander,15,10,300,1,130811|130812,50|50,BattleRepeat|10|Skill|130813,,,,,,,,,,,,,,
6208,(极恶) 黑暗要塞-Lv.50堕落的生命体(精英)(1031),wander,15,10,300,1,130821|130822,50|50,BattleRepeat|10|Skill|130823,,,,,,,,,,,,,,
6209,(极恶) 黑暗要塞-Lv.50扭曲的生命体(精英)(1032),wander,15,10,300,1,130831|130832,50|50,BattleRepeat|10|Skill|130833,,,,,,,,,,,,,,
6210,(极恶) 黑暗要塞-Lv.50堕落的指挥者拉克雷顿(队长)(7058),stand,15,0,300,1,130841|130842,50|50,BattleRepeat|17|Skill|130843,MyHP|70|Skill|130845,MyHP|30|Skill|130845,MyHP|30|Skill|130847,,,,,IdleTime|5|Skill|232511,IdleRepeat|10800|Skill|232511,,,,,
6211,(极恶) 黑暗要塞-Lv.50被洗脑的艾因哈伊战士(精英)(50108),wander,15,10,300,1,130851|130852,50|50,BattleRepeat|10|Skill|130853,,,,,,,,,,,,,,
6212,(极恶) 黑暗要塞-Lv.50被洗脑的艾因哈伊魔法师(精英)(50611),wander,15,10,300,1,130861|130862,50|50,BattleRepeat|10|Skill|130863,,,,,,,,,,,,,,
6213,(极恶) 黑暗要塞-Lv.50被洗脑的戴力姆伸战士(精英)(53008),wander,15,10,300,1,130871|130872,50|50,BattleRepeat|10|Skill|130873,,,,,,,,,,,,,,
6214,(极恶) 黑暗要塞-Lv.50被洗脑的戴力姆伸魔法师(精英)(53511),wander,15,10,300,1,130881|130882,50|50,BattleRepeat|10|Skill|130883,,,,,,,,,,,,,,
6215,(极恶) 黑暗的 要塞-Lv.50混沌的 指挥者 拉克利萨 (内伊德)(7134),stand,15,0,300,1,130891|130892,50|50,MyHP|70|Skill|130893,MyHP|30|Skill|130893,MyHP|30|Skill|130895,,,,,,IdleTime|5|Skill|232511,IdleRepeat|10800|Skill|232511,,,,,
6216,(极恶) 黑暗的 要塞-Lv.50扭曲的 次元 管理者 (精锐)(3015),wander,15,10,300,1,130901|130902,50|50,MyHP|50|Skill|130903,,,,,,,,,,,,,,
6217,(极恶)-黑暗的 要塞-Lv.50扭曲的 次元 守卫者 (精锐)(3016),wander,15,10,300,1,130911|130912,50|50,MyHP|30|Skill|130913,,,,,,,,,,,,,,
6218,(极恶) 黑暗的 要塞-Lv.50奥比斯的 守卫者 拉克莱亚 (BOSS)(1037),stand,15,0,300,1,130921|130922,50|50,BattleRepeat|17|Skill|130923,MyHP|80|Skill|130924,MyHP|50|Skill|130924,MyHP|20|Skill|130924,MyHP|10|Skill|130926,,,,IdleTime|5|Skill|232511,IdleRepeat|10800|Skill|232511,,,,,
6500,(极恶) 布勒德米 饲养场-毒刺 特利皮特(7014),wander,15,10,300,1,125211|125212|125213,45|45|10,BattleRepeat|15|Skill|125213,,,,,,,,,,,,,,
6501,(极恶) 布勒德米 饲养场-腥风血雨花 (内伊德)(5020),stand,15,0,300,1,125221|125222,50|50,IdleTime|5|Skill|232511,BattleRepeat|30|Skill|125225,,,,,,,,IdleRepeat|10800|Skill|232511,,,,,
6502,(极恶) 布勒德米 饲养场-老树 哥布林 园丁(7003),wander,15,10,300,1,125231|125232|125233,45|45|10,BattleRepeat|15|Skill|125233,,,,,,,,,,,,,,
6503,(极恶) 布勒德米 饲养场-老树 哥布林 饲养员(7004),wander,15,10,300,1,125241|125242|125243,45|45|10,BattleRepeat|15|Skill|125243,,,,,,,,,,,,,,
6504,(极恶) 布勒德米 饲养场-斯帕特斯卡(5023),wander,15,10,300,1,125251|125252|125253,45|45|10,BattleRepeat|15|Skill|125253,,,,,,,,,,,,,,
6505,(极恶) 布勒德米 饲养场-老树 哥布林 巫师 (内伊德)(7032),stand,15,0,300,1,125261|125262|125265,45|45|10,IdleTime|5|Skill|232511,BattleRepeat|30|Skill|125264,,,,,,,,IdleRepeat|10800|Skill|232511,,,,,
6506,(极恶) 布勒德米 饲养场-老树 哥布林 祭司 帕帕勒 (BOSS)(1045),stand,15,0,300,1,125271|125272|125273,45|45|10,IdleTime|5|Skill|232511,BattleRepeat|30|Skill|125274,BattleRepeat|50|Skill|125275,MyHP|75|Skill|125277,MyHP|50|Skill|125277,MyHP|25|Skill|125277,,,,IdleRepeat|10800|Skill|232511,,,,,
6520,(极恶) 恩蒂温的 圣所-毒性博马(3001),wander,15,10,300,1,125551|125552|125553,45|45|10,BattleRepeat|15|Skill|125553,,,,,,,,,,,,,,
6521,(极恶) 恩蒂温的 圣所-蝮蛇博马(3002),wander,15,10,300,1,125561|125562|125563,45|45|10,BattleRepeat|15|Skill|125563,,,,,,,,,,,,,,
6522,(极恶) 恩蒂温的 圣所-苦痛小宪兵(1022),wander,15,10,300,1,125571|125572|125573,45|45|10,BattleRepeat|15|Skill|125573,,,,,,,,,,,,,,
6523,(极恶) 恩蒂温的 圣所-伤痕宪兵(1023),wander,15,10,300,1,125581|125582,50|50,BattleRepeat|15|Skill|125583,,,,,,,,,,,,,,
6524,(极恶) 恩蒂温的 圣所-愤怒? 安提兰斯(5013),wander,15,10,300,1,125591|125592|125593,45|45|10,BattleRepeat|15|Skill|125593,,,,,,,,,,,,,,
6525,(极恶) 恩蒂温的 圣所-狂怒的 安提兰斯(5014),wander,15,10,300,1,125601|125602|125603,45|45|10,BattleRepeat|15|Skill|125603,,,,,,,,,,,,,,
6526,(极恶) 恩蒂温的 圣所-小米 (内伊德)(1023),stand,15,0,300,1,125611|125612|125613,45|45|10,IdleTime|5|Skill|232511,BattleRepeat|30|Skill|125614,BattleRepeat|30|Skill|125615,,,,,,,IdleRepeat|10800|Skill|232511,,,,,
6527,(极恶) 恩蒂温的 圣所-暴伊巴(内伊德)(3002),stand,15,0,300,1,125621|125622|125623,45|45|10,IdleTime|5|Skill|232511,BattleRepeat|30|Skill|125624,MyHP|60|Skill|125625,MyHP|30|Skill|125625,,,,,,IdleRepeat|10800|Skill|232511,,,,,
6528,(极恶) 恩蒂温的 圣所-恩蒂温 (BOSS)(3030),stand,15,0,300,1,125631|125632,90|10,IdleTime|5|Skill|232511,BattleRepeat|30|Skill|125634,BattleRepeat|45|Skill|125636,BattleTime|90|Skill|125637,,,,BattleTime|15|Talk|1,BattleTime|30|Talk|2,IdleRepeat|10800|Skill|232511,~~~~ ~~~~. ~~~ ~~~~~ ~~ ~~~~!,~ ~~ ~~ ~~ ~~~~~. ~号~ ~ ~~~ ~~~~~,,,
6540,(极恶) 冰冷的 洞穴-希尔朋德 巡查兵(9006),wander,15,10,300,1,125971|125972|125973,45|45|10,BattleRepeat|15|Skill|125973,,,,,,,,,,,,,,
6541,(极恶) 冰冷的 洞穴-希尔朋德 猎人(9007),wander,15,10,300,1,125981|125982|125983,45|45|10,BattleRepeat|15|Skill|125983,,,,,,,,,,,,,,
6542,(极恶) 冰冷的 洞穴-西比凯尔(9009),wander,15,10,300,1,125991|125992|125993,45|45|10,BattleRepeat|15|Skill|125993,,,,,,,,,,,,,,
6543,(极恶) 冰冷的 洞穴-希尔朋德 警备兵(9006),wander,15,10,300,1,126001|126002|126003,45|45|10,BattleRepeat|15|Skill|126003,,,,,,,,,,,,,,
6544,(极恶) 冰冷的 洞穴-西比凯尔 亲卫队(9010),wander,15,10,300,1,126011|126012|126013,45|45|10,BattleRepeat|15|Skill|126013,,,,,,,,,,,,,,
6545,(极恶) 冰冷的 洞穴-希尔朋德 魔法师(9007),wander,15,10,300,1,126021|126022,50|50,BattleRepeat|15|Skill|126023,,,,,,,,,,,,,,
6546,(极恶) 冰冷的 洞穴-希尔朋德 高级 魔法师 阿伊西德(内伊德)(9008),stand,15,0,300,1,126031|126032|126033,45|45|10,IdleTime|5|Skill|232511,BattleRepeat|30|Skill|126035,MyHP|60|Skill|126036,MyHP|30|Skill|126036,,,,,,IdleRepeat|10800|Skill|232511,,,,,
6547,(极恶) 冰冷的 洞穴-监狱 责任人 希皮兹 (内伊德)(9011),stand,15,0,300,1,126041|126042|126043,45|45|10,IdleTime|5|Skill|232511,BattleRepeat|30|Skill|126044,BattleRepeat|30|Skill|126044,,,,,,,IdleRepeat|10800|Skill|232511,,,,,
6548,(极恶) 冰冷的 洞穴-希尔朋德 血脉管理者 希劳德 (内伊德)(9008),stand,15,0,300,1,126051|126052|126053,45|45|10,IdleTime|5|Skill|232511,BattleRepeat|30|Skill|126055,BattleRepeat|30|Skill|126056,,,,,,,IdleRepeat|10800|Skill|232511,,,,,
6549,(极恶) 冰冷的 洞穴-希尔朋德 守护队长 加蓬德 (内伊德)(5053),stand,15,0,300,1,126061|125735,90|10,IdleTime|5|Skill|232511,BattleRepeat|30|Skill|126063,BattleRepeat|60|Skill|126064,,,,,,,IdleRepeat|10800|Skill|232511,,,,,
6550,(极恶) 冰冷的 洞穴-希尔朋德王 雅库雅 雷克斯 (BOSS)(1043),stand,15,0,300,1,126071|126072|126073,45|45|10,IdleTime|5|Skill|232511,BattleRepeat|30|Skill|126075,MyHP|75|Skill|126076,MyHP|50|Skill|126076,MyHP|30|Skill|126077,,,,,IdleRepeat|10800|Skill|232511,,,,,
6560,(极恶) 冰冻狼城-冰尾警备兵(9033),wander,15,10,300,1,126441|126442|126443,45|45|10,BattleRepeat|15|Skill|126443,,,,,,,,,,,,,,
6561,(极恶) 冰冻狼城-冰尾战士(9028),wander,15,10,300,1,126451|126452|126453,45|45|10,BattleRepeat|15|Skill|126453,,,,,,,,,,,,,,
6562,(极恶) 冰冻狼城-冰尾 饲养员(9028),wander,15,10,300,1,126461|126462|126463,45|45|10,BattleRepeat|15|Skill|126463,,,,,,,,,,,,,,
6563,(极恶) 冰冻狼城-驯服的科迈拉(7020),wander,15,10,300,1,126471|126472|126473,45|45|10,BattleRepeat|15|Skill|126473,,,,,,,,,,,,,,
6564,(极恶) 冰冻狼城-奴隶 格拉茵德(7048),wander,15,10,300,1,126481|126482|126483,45|45|10,BattleRepeat|15|Skill|126483,,,,,,,,,,,,,,
6565,(极恶) 冰冻狼城-冰尾 巫师(9034),wander,15,10,300,1,126491|126492|126493,45|45|10,BattleRepeat|15|Skill|126493,,,,,,,,,,,,,,
6566,(极恶) 冰冻狼城-冰尾 近卫队(9028),wander,15,10,300,1,126501|126502|126503,45|45|10,BattleRepeat|15|Skill|126503,,,,,,,,,,,,,,
6567,(极恶) 冰冻狼城-近卫队长洁白槽牙伍尔特(内伊德)(9029),stand,15,0,300,1,126511|126512|126513,45|45|10,IdleTime|5|Skill|232511,BattleRepeat|30|Skill|126514,BattleRepeat|30|Skill|126516,,,,,,,IdleRepeat|10800|Skill|232511,,,,,
6568,(极恶) 冰冻狼城-木工将黑色犬齿伍尔莱 (内伊德)(9029),stand,15,0,300,1,126521|126523,90|10,IdleTime|5|Skill|232511,BattleRepeat|30|Skill|126524,BattleRepeat|60|Skill|126526,,,,,,,IdleRepeat|10800|Skill|232511,,,,,
6569,(极恶) 冰冻狼城-技术者灰色门牙伍尔莱伊(内伊德)(9029),stand,15,0,300,1,126531|126532|126533,45|45|10,IdleTime|5|Skill|232511,BattleRepeat|30|Skill|126535,MyHP|60|Skill|126536,MyHP|30|Skill|126536,,,,,,IdleRepeat|10800|Skill|232511,,,,,
6570,(极恶) 冰冻狼城-巫师 波浪   伍尔号特 (内伊德)(9029),stand,15,0,300,1,126541|126542|126543,45|45|10,IdleTime|5|Skill|232511,BattleRepeat|30|Skill|126545,MyHP|50|Skill|126546,,,,,,,IdleRepeat|10800|Skill|232511,,,,,
6571,(极恶) 冰冻狼城-冰尾 狼王 夏卡尔 (BOSS)(1038),stand,15,0,300,1,126551|126552,90|10,IdleTime|5|Skill|232511,,BattleRepeat|45|Skill|126554,BattleRepeat|90|Skill|126556,MyHP|75|Skill|126558,MyHP|50|Skill|126558,MyHP|25|Skill|126559,,,IdleRepeat|10800|Skill|232511,,,,,
6580,(极恶) 哈比的乐园- 洗脑 贝伊内尔(5070),wander,15,10,300,1,126981|126982|126983,45|45|10,BattleRepeat|30|Skill|126983,,,,,,,,,,,,,,
6581,(极恶) 哈比的乐园- 洗脑 贝伊诺普(5067),wander,15,10,300,1,126991|126992|126993,45|45|10,BattleRepeat|30|Skill|126993,,,,,,,,,,,,,,
6582,(极恶) 哈比的乐园- 掠夺者哈比(7022),wander,15,10,300,1,127001|127002|127003,45|45|10,BattleRepeat|30|Skill|127003,,,,,,,,,,,,,,
6583,(极恶) 哈比的乐园- 洗脑哈比人手(7022),wander,15,10,300,1,127011|127012|127013,45|45|10,BattleRepeat|30|Skill|127013,,,,,,,,,,,,,,
6584,(极恶) 哈比的乐园- 黑色目光的钥匙骑士(1001),wander,15,10,300,1,127021|127022|127023,45|45|10,BattleRepeat|30|Skill|127023,,,,,,,,,,,,,,
6585,(极恶) 哈比的乐园- 幻影的智慧门(1025),wander,15,10,300,1,127031|127032|127033,45|45|10,BattleRepeat|30|Skill|127033,,,,,,,,,,,,,,
6586,(极恶) 哈比的乐园- 女王的守卫兵(7022),wander,15,10,300,1,127041|127042|127043,45|45|10,BattleRepeat|30|Skill|127043,,,,,,,,,,,,,,
6587,(极恶) 哈比的乐园- 赤红色目光的钥匙骑士(1001),wander,15,10,300,1,127051|127052|127053,45|45|10,BattleRepeat|30|Skill|127053,,,,,,,,,,,,,,
6588,(极恶) 哈比的乐园- 狂乱的智慧门(1025),wander,15,10,300,1,127061|127062|127063,45|45|10,BattleRepeat|30|Skill|127063,,,,,,,,,,,,,,
6589,(极恶) 哈比的乐园- 野兽驯兽师贝斯提亚(内伊德)(7023),stand,15,0,300,1,127071|127072|127073,45|45|10,IdleTime|5|Skill|232511,BattleRepeat|30|Skill|127074,MyHP|70|Skill|127076,MyHP|50|Skill|127077,MyHP|40|Skill|127078,,,,,IdleRepeat|10800|Skill|232511,,,,,
6590,(极恶) 哈比的乐园- 仓库地气博那(内伊德)(7023),stand,15,0,300,1,127081|127082|127083,45|45|10,IdleTime|5|Skill|232511,BattleRepeat|30|Skill|127084,MyHP|70|Skill|127086,MyHP|50|Skill|127087,BattleTime|50|Skill|127088,,,,,IdleRepeat|10800|Skill|232511,,,,,
6591,(极恶) 哈比的乐园- 监察员卢杜思(内伊德)(1002),stand,15,0,300,1,127091|127092|127093,45|45|10,IdleTime|5|Skill|232511,BattleRepeat|30|Skill|127094,MyHP|70|Skill|127096,MyHP|50|Skill|127097,MyHP|40|Skill|127098,,,,,IdleRepeat|10800|Skill|232511,,,,,
6592,(极恶) 哈比的乐园- 指挥官铁链的库勒奴 (内伊德)(1026),stand,15,0,300,1,127101|127102|127103,45|45|10,IdleTime|5|Skill|232511,BattleRepeat|30|Skill|127104,MyHP|70|Skill|127105,MyHP|50|Skill|127106,MyHP|40|Skill|127107,,,,,IdleRepeat|10800|Skill|232511,,,,,
6593,(极恶) 哈比的乐园- 哈比的女王居里它 (BOSS)(1048),stand,15,0,300,1,127111|127112|127113,45|45|10,IdleTime|5|Skill|232511,BattleRepeat|30|Skill|127114,MyHP|70|Skill|127116,MyHP|50|Skill|127117,BattleTime|50|Skill|127118,,,,,IdleRepeat|10800|Skill|232511,,,,,
6600,(极恶) 暴风古城- 钥匙骑士警备兵(1001),wander,15,10,300,1,127571|127572,50|50,BattleRepeat|30|Skill|127573,,,,,,,,,,,,,,
6601,(极恶) 暴风古城- 碎片士兵警备兵(1007),wander,15,10,300,1,127581|127582,50|50,BattleRepeat|30|Skill|127583,,,,,,,,,,,,,,
6602,(极恶) 暴风古城- 绝望的赫尔马斯特(5016),wander,15,10,300,1,127591|127592,50|50,BattleRepeat|30|Skill|127593,,,,,,,,,,,,,,
6603,(极恶) 暴风古城- 怨恨的布雷斯莱斯(3019),wander,15,10,300,1,127601|127602,50|50,BattleRepeat|30|Skill|127603,,,,,,,,,,,,,,
6604,(极恶) 暴风古城- 欧迪伍的侧近(1004),wander,15,10,300,1,127611|127612,50|50,BattleRepeat|30|Skill|127613,,,,,,,,,,,,,,
6605,(极恶) 暴风古城- 布雷斯莱斯监视兵(3019),wander,15,10,300,1,127621|127622,50|50,BattleRepeat|30|Skill|127623,,,,,,,,,,,,,,
6606,(极恶) 暴风古城- 钥匙骑士近卫兵(7064),wander,15,10,300,1,127631|127632,50|50,BattleRepeat|30|Skill|127633,,,,,,,,,,,,,,
6607,(极恶) 暴风古城- 碎片士兵近卫兵(1007),wander,15,10,300,1,127641|127642,50|50,BattleRepeat|30|Skill|127643,,,,,,,,,,,,,,
6608,(极恶) 暴风古城- 深渊的赫尔马斯特(5016),wander,15,10,300,1,127651|127652,50|50,BattleRepeat|30|Skill|127653,,,,,,,,,,,,,,
6609,(极恶) 暴风古城- ??的戴奥斯沃夫(1004),wander,15,10,300,1,127661|127662,50|50,BattleRepeat|30|Skill|127663,,,,,,,,,,,,,,
6610,(极恶) 暴风古城- 手门将普拉卡(内伊德)(3020),stand,15,0,300,1,127671|127672|127673,45|45|10,IdleTime|5|Skill|232511,BattleRepeat|30|Skill|127674,MyHP|50|Skill|127677,BattleTime|40|Skill|127678,MyHP|20|Skill|127677,,,,,IdleRepeat|10800|Skill|232511,,,,,
6611,(极恶) 暴风古城- 抢夺者耐克罗(内伊德)(5017),stand,15,0,300,1,127681|127682|127683,45|45|10,IdleTime|5|Skill|232511,BattleRepeat|30|Skill|127684,MyHP|50|Skill|127687,BattleTime|40|Skill|127688,MyHP|20|Skill|127687,,,,,IdleRepeat|10800|Skill|232511,,,,,
6612,(极恶) 暴风古城- 尸体术士欧迪伍(内伊德)(1005),stand,15,0,300,1,127691|127692|127693,45|45|10,IdleTime|5|Skill|232511,BattleRepeat|30|Skill|127694,MyHP|50|Skill|127697,BattleTime|40|Skill|127698,MyHP|20|Skill|127697,,,,,IdleRepeat|10800|Skill|232511,,,,,
6613,(极恶) 暴风古城- 无名灵魂(内伊德)(9062),stand,15,0,300,1,127701|127702|127703,45|45|10,IdleTime|5|Skill|232511,BattleRepeat|30|Skill|127704,MyHP|50|Skill|127707,BattleTime|40|Skill|127708,MyHP|20|Skill|127707,,,,,IdleRepeat|10800|Skill|232511,,,,,
6614,(极恶) 暴风古城- 堕落者贝尔特克斯 (BOSS)(1040),stand,15,0,300,1,127711|127712|127713,45|45|10,IdleTime|5|Skill|232511,BattleRepeat|30|Skill|127714,MyHP|50|Skill|127717,BattleTime|40|Skill|127719,MyHP|20|Skill|127717,,,,,IdleRepeat|10800|Skill|232511,,,,,
6620,(极恶)战士们的圣地- 维奥哈特侦察兵 (3016),wander,15,10,300,1,127721|127722,50|50,MyHP|50|Skill|127723,,,,,,,,,,,,,,
6621,(极恶)战士们的圣地- 看门人拉蓬提普 (9016),wander,15,10,300,1,127731|127732,50|50,MyHP|30|Skill|127733,,,,,,,,,,,,,,
6622,(极恶)战士们的圣地- 奎里奥饲养员 (1010),wander,15,10,300,1,127741|127742,50|50,BattleRepeat|10|Skill|127743,,,,,,,,,,,,,,
6623,(极恶)战士们的圣地- 受洗脑的奎里奥 1019),wander,15,10,300,1,127751|127752,50|50,MyHP|30|Skill|127753,,,,,,,,,,,,,,
6624,(极恶)战士们的圣地- 布洛伍森 敌对派 人手 (1010),wander,15,10,300,1,127761|127762,50|50,MyHP|30|Skill|127763,,,,,,,,,,,,,,
6625,(极恶)战士们的圣地- 维奥哈特 上级 巫师 (3016),wander,15,10,300,1,127771|127772,50|50,MyHP|70|Skill|127773,MyHP|30|Skill|127773,,,,,,,,,,,,,
6626,(极恶)战士们的圣地- 布洛伍森 敌对派战士 (1013),wander,15,10,300,1,127781|127782,50|50,MyHP|30|Skill|127783,,,,,,,,,,,,,,
6627,(极恶)战士们的圣地- 圣地 守卫兵 (3016),wander,15,10,300,1,127791|127792,50|50,MyHP|30|Skill|127793,,,,,,,,,,,,,,
6628,(极恶)战士们的圣地- 饲养的 拉蓬提普 (9016),wander,15,10,300,1,127801|127802,50|50,MyHP|70|Skill|127803,,,,,,,,,,,,,,
6629,(极恶)战士们的圣地- 守门将 库斯图斯 (内伊德) (3017),stand,15,0,300,1,127811|127812,50|50,IdleTime|5|Skill|232511,BattleRepeat|17|Skill|127813,MyHP|80|Skill|127814,MyHP|50|Skill|127814,MyHP|20|Skill|127814,MyHP|30|Skill|127815,,,,IdleRepeat|10800|Skill|232511,,,,,
6630,(极恶)战士们的圣地- 巨大 奎里奥 (内伊德) (1020),stand,15,0,300,1,127821|127822,50|50,IdleTime|5|Skill|232511,BattleRepeat|17|Skill|127823,MyHP|80|Skill|127824,MyHP|50|Skill|127824,MyHP|20|Skill|127824,MyHP|30|Skill|127825,,,,IdleRepeat|10800|Skill|232511,,,,,
6631,(极恶)战士们的圣地- 背叛者 缅达斯 (内伊德) (1011),stand,15,0,300,1,127831|127832,50|50,IdleTime|5|Skill|232511,BattleRepeat|17|Skill|127833,MyHP|30|Skill|127834,MyHP|30|Skill|127835,,,,,,IdleRepeat|10800|Skill|232511,,,,,
6632,(极恶)战士们的圣地- 屠杀者 泰纳斯 (内伊德) (1011),stand,15,0,300,1,127841|127842,50|50,IdleTime|5|Skill|232511,MyHP|80|Skill|127843,MyHP|50|Skill|127843,MyHP|20|Skill|127843,MyHP|30|Skill|127844,MyHP|30|Skill|127845,,,,IdleRepeat|10800|Skill|232511,,,,,
6633,(极恶)战士们的圣地- 巫师 阿鲁坎斯 (内伊德) (3017),stand,15,0,300,1,127851|127852,50|50,IdleTime|5|Skill|232511,BattleRepeat|17|Skill|127853,MyHP|80|Skill|127854,MyHP|50|Skill|127854,MyHP|20|Skill|127854,MyHP|30|Skill|127855,,,,IdleRepeat|10800|Skill|232511,,,,,
6634,(极恶)战士们的圣地- 三姆的 守卫者 保勒米度 (BOSS) (1047),stand,15,0,300,1,127861|127862,50|50,IdleTime|5|Skill|232511,MyHP|80|Skill|127863,MyHP|50|Skill|127863,MyHP|20|Skill|127863,BattleRepeat|17|Skill|127865,MyHP|30|Skill|127866,,,,IdleRepeat|10800|Skill|232511,,,,,
6640,(极恶) 赤红色 火山 洞穴- 布莱伊士 拉茵 开采军 (1031),wander,15,10,300,1,128321|128322,50|50,BattleRepeat|10|Skill|128643,,,,,,,,,,,,,,
6641,(极恶) 赤红色 火山 洞穴- 布洛伍森 敌对派 开采军 (1013),wander,15,10,300,1,128331|128332,50|50,MyHP|30|Skill|128653,,,,,,,,,,,,,,
6642,(极恶) 赤红色 火山 洞穴- 布洛伍森 敌对派 特工兵 (1010),wander,15,10,300,1,128341|128342,50|50,MyHP|30|Skill|128663,,,,,,,,,,,,,,
6643,(极恶) 赤红色 火山 洞穴- 看门人凯尔贝鲁斯 (5028),wander,15,10,300,1,128351|128352,50|50,MyHP|70|Skill|128673,,,,,,,,,,,,,,
6644,(极恶) 赤红色 火山 洞穴- 狂乱的布莱伊士 拉茵 (1031),wander,15,10,300,1,128391|128392,50|50,MyHP|30|Skill|128683,,,,,,,,,,,,,,
6645,(极恶) 赤红色 火山 洞穴- 燃烧的愤怒魔像 (7001),wander,15,10,300,1,128371|128372,50|50,MyHP|70|Skill|128693,MyHP|30|Skill|128693,,,,,,,,,,,,,
6646,(极恶) 赤红色 火山 洞穴- 热浪的凯尔贝鲁斯 (5028),wander,15,10,300,1,128381|128382,50|50,BattleRepeat|10|Skill|128703,,,,,,,,,,,,,,
6647,(极恶) 赤红色 火山 洞穴- 炎炎热浪的魔像 (7001),wander,15,10,300,1,128391|128392,50|50,MyHP|30|Skill|128713,,,,,,,,,,,,,,
6648,(极恶) 赤红色 火山 洞穴- 黑色烟气的魔像 (7001),wander,15,10,300,1,128401|128402,50|50,MyHP|30|Skill|128723,,,,,,,,,,,,,,
6649,(极恶) 赤红色 火山 洞穴- 沸腾 熔岩的 魔像 (7001),wander,15,10,300,1,128411|128412,50|50,MyHP|50|Skill|128733,,,,,,,,,,,,,,
6650,(极恶) 赤红色 火山 洞穴- 布洛伍森 敌对派 ??? (1010),wander,15,10,300,1,128421|128422,50|50,MyHP|30|Skill|128743,,,,,,,,,,,,,,
6651,(极恶) 赤红色 火山 洞穴- 破坏者 普勒卡 (内伊德) (1011),stand,15,0,300,1,128431|128432,50|50,IdleTime|5|Skill|232511,BattleRepeat|17|Skill|128753,MyHP|29|Skill|128754,MyHP|30|Skill|128755,,,,,,IdleRepeat|10800|Skill|232511,,,,,
6652,(极恶) 赤红色 火山 洞穴- 主宰者 木图斯 (内伊德) (7002),stand,15,0,300,1,128441|128442,50|50,IdleTime|5|Skill|232511,MyHP|80|Skill|128763,MyHP|50|Skill|128763,MyHP|20|Skill|128763,BattleRepeat|17|Skill|128765,BattleRepeat|21|Skill|128766,,,,IdleRepeat|10800|Skill|232511,,,,,
6653,(极恶) 赤红色 火山 洞穴- 主宰者 卡尔里图斯 (内伊德) (7002),stand,15,0,300,1,128451|128452,50|50,IdleTime|5|Skill|232511,MyHP|80|Skill|128773,MyHP|50|Skill|128773,MyHP|20|Skill|128773,BattleRepeat|17|Skill|128775,MyHP|30|Skill|128776,,,,IdleRepeat|10800|Skill|232511,,,,,
6654,(极恶) 赤红色 火山 洞穴- 主宰者 普姆斯 (内伊德) (7002),stand,15,0,300,1,128461|128462,50|50,IdleTime|5|Skill|232511,MyHP|80|Skill|128783,MyHP|50|Skill|128783,MyHP|20|Skill|128783,BattleRepeat|17|Skill|128785,MyHP|30|Skill|128786,,,,IdleRepeat|10800|Skill|232511,,,,,
6655,(极恶) 赤红色 火山 洞穴- 破裂的 石像 (BOSS) (1039),stand,15,0,300,1,128471|128472,50|50,IdleTime|5|Skill|232511,MyHP|75|Skill|128795,MyHP|50|Skill|128795,MyHP|25|Skill|128795,BattleRepeat|17|Skill|128793,MyHP|20|Skill|128797,MyHP|75|CreatePlace|51196|51197|51198,MyHP|50|CreatePlace|51196|51197|51198,MyHP|25|CreatePlace|51196|51197|51198,IdleRepeat|10800|Skill|232511,,,,,
6660,(极恶) Lv.47 灰色 肯塔伍露丝村庄- Lv.47灰色 肯塔伍露丝 突击兵 (精锐)(7027),wander,15,1,300,1,130031|130032,50|50,BattleRepeat|10|Skill|130033,,,,,,,,,,,,,,
6661,(极恶) Lv.47 灰色 肯塔伍露丝村庄- Lv.47灰色 肯塔伍露丝 巡查兵 (精锐)(7028),patrol,15,0,300,1,130041|130042,50|50,BattleRepeat|10|Skill|130043,BattleTime|0|Skill|130044,,,,,BattleTime|0|Talk|1,BattleTime|0|Call|20,,,~~~~!! ,,,,
6662,(极恶) Lv.47 灰色 肯塔伍露丝村庄- Lv.47灰色 肯塔伍露丝 司祭 (精锐)(7029),wander,15,1,300,1,130051|130052,50|50,BattleRepeat|8|Skill|130053,,,,,,,,,,,,,,
6663,(极恶) Lv.47 灰色 肯塔伍露丝村庄- Lv.47灰色 肯塔伍露丝 近卫兵 (精锐)(7042),stand,15,0,300,1,130061|130062,50|50,BattleTime|0|Skill|130063,BattleTime|10|Skill|130064,BattleTime|20|Skill|130065,BattleTime|30|Skill|130066,BattleTime|40|Skill|130067,,BattleTime|0|Talk|1,BattleTime|0|Call|20,,,~~~~!! ,,,,
6664,(极恶) Lv.47 灰色 肯塔伍露丝村庄- Lv.47噩梦 凯尔贝鲁斯 (精锐)(5027),wander,15,5,300,1,130071|130072,50|50,MyHp|50|Skill|130073,,,,,,,,,,,,,,
6665,(极恶) Lv.47 灰色 肯塔伍露丝村庄- Lv.47地狱 凯尔贝鲁斯 (精锐)(5029),wander,15,5,300,1,130081|130082,50|50,BattleRepeat|10|Skill|130083,,,,,,,,,,,,,,
6666,(极恶) Lv.47 灰色 肯塔伍露丝村庄- Lv.47赤红色 智慧门 ?? 魔法师 (精锐)(1024),patrol,15,0,300,1,130091|130092,50|50,MyHP|20|Skill|130093,BattleTime|0|Skill|130093,,,,,BattleTime|0|Talk|1,BattleTime|0|Call|20,,,~~~~!! ,,,,
6667,(极恶) Lv.47 灰色 肯塔伍露丝村庄- Lv.47赤红色 智慧门 上级 魔法师 (精锐)(1025),stand,15,0,300,1,130101|130102,50|50,BattleRepeat|5|RandomSkill|130103,,,,,,BattleTime|0|Talk|1,BattleTime|0|Call|20,,,~~~~!! ,,,,
6668,(极恶) Lv.47 灰色 肯塔伍露丝村庄- Lv.47赤红色 智慧门 高级 魔法师 (精锐)(1025),wander,15,1,300,1,130111|130112,50|50,MyHP|50|Skill|130113,,,,,,,,,,,,,,
6669,(极恶) Lv.47 灰色 肯塔伍露丝村庄- Lv.47灰色 肯塔伍露丝 警备队长 马乌斯 (内伊德)(7046),stand,15,0,300,1,130121|130122,50|50,BattleRepeat|17|Skill|130123,MyHP|30|Skill|130125,BattleTime|0|Skill|130126,,,,BattleTime|0|Talk|1,BattleTime|0|Call|100,IdleTime|5|Skill|232511,IdleRepeat|10800|Skill|232511,~~~~!! ,,,,
6670,(极恶) Lv.47 灰色 肯塔伍露丝村庄- Lv.47灰色 肯塔伍露丝 近卫队长 扎伊格莱斯 (内伊德)(7045),stand,15,0,300,1,130131|130132,50|50,BattleRepeat|17|Skill|130133,BattleTime|0|Skill|130135,BattleTime|30|Skill|130136,BattleTime|60|Skill|130137,BattleTime|90|Skill|130138,BattleTime|120|Skill|130139,BattleTime|0|Talk|1,BattleTime|0|Call|100,IdleTime|5|Skill|232511,IdleRepeat|10800|Skill|232511,~~~~!! ,,,,
6671,(极恶) Lv.47 灰色 肯塔伍露丝村庄- Lv.47赤红色 智慧门 最高 魔法师 梅伊思 (内伊德)(1005),stand,15,0,300,1,130141|130142,50|50,BattleRepeat|17|RandomSkill|130143,MyHP|80|Skill|130144,MyHP|50|Skill|130144,MyHP|20|Skill|130144,,,BattleTime|0|Talk|1,BattleTime|0|Call|100,IdleTime|5|Skill|232511,IdleRepeat|10800|Skill|232511,~~~~!! ,,,,
6672,(极恶) Lv.47 灰色 肯塔伍露丝村庄- Lv.47魔法 大师 戴奥斯沃夫 马西斯 (内伊德)(1005),stand,15,0,300,1,130151|130152,50|50,BattleRepeat|17|Skill|130153,BattleRepeat|21|Skill|130154,BattleRepeat|20|Skill|130155,,,,BattleTime|0|Talk|1,BattleTime|0|Call|100,IdleTime|5|Skill|232511,IdleRepeat|10800|Skill|232511,~~~~!! ,,,,
6673,(极恶) Lv.47 灰色 肯塔伍露丝村庄- Lv.47灰色 肯塔伍露丝 族长 扎伊? (BOSS)(1051),stand,15,0,300,1,130161|130162,50|50,BattleRepeat|30|Skill|130163,MyHP|80|Skill|130164,MyHP|60|Skill|130164,MyHP|40|Skill|130164,MyHP|20|Skill|130164,BattleRepeat|60|Skill|130166,BattleTime|0|Talk|1,BattleTime|0|Call|100,IdleTime|5|Skill|232511,IdleRepeat|10800|Skill|232511,~~~~!! ,,,,
6680,(极恶) Lv.50 光之地下庭院- Lv.50狂气 眼 (精锐)(5002),patrol,15,0,300,1,131291|131292,50|50,BattleRepeat|10|Skill|131293,,,,,,BattleTime|0|Talk|1,BattleTime|0|Call|20,,,,,,,
6681,(极恶) Lv.50 光之地下庭院- Lv.50犬齿凯尔贝鲁斯 (精锐)(5027),wander,15,10,300,1,131301|131302,50|50,MyHP|50|Skill|131303,,,,,,,,,,,,,,
6682,(极恶) Lv.50 光之地下庭院- Lv.50血之伊耐斯特 (精锐)(5003),stand,15,0,300,1,131311|131312,50|50,BattleRepeat|10|Skill|131313,,,,,,BattleTime|0|Talk|1,BattleTime|0|Call|20,,,,,,,
6683,(极恶) Lv.50 光之地下庭院- Lv.50黑暗 智慧门 (精锐)(1024),stand,15,0,300,1,131321|131322,50|50,MyHP|30|Skill|131323,BattleTime|0|Skill|131323,,,,,,,,,,,,,
6684,(极恶) Lv.50 光之地下庭院- Lv.50云彩 斯奇诺族 (精锐)(3012),wander,15,3,300,1,131331|131332,50|50,BattleRepeat|10|Skill|131333,,,,,,,,,,,,,,
6685,(极恶) Lv.50 光之地下庭院- Lv.50鳞片 瓦伊号 (精锐)(9018),wander,15,10,300,1,131341|131342,50|50,BattleRepeat|10|Skill|131343,,,,,,,,,,,,,,
6686,(极恶) Lv.50 光之地下庭院- Lv.50混沌 德雷克 (精锐)(9003),wander,15,10,300,1,131351|131352,50|50,BattleRepeat|10|Skill|131353,,,,,,,,,,,,,,
6687,(极恶) Lv.50 光之地下庭院- Lv.50塔伦 (精锐)(5002),stand,15,0,300,1,131361|131362,50|50,BattleRepeat|10|Skill|131363,,,,,,,,,,,,,,
6688,(极恶) Lv.50 光之地下庭院- Lv.50扎伊斯特 (内伊德)(5005),stand,15,0,300,1,131371|131372,50|50,BattleRepeat|21|Skill|131373,MyHP|70|Skill|131374,MyHP|50|Skill|131374,MyHP|30|Skill|131374,BattleRepeat|60|Skill|131375,,BattleTime|0|Talk|1,BattleTime|0|Call|20,IdleTime|5|Skill|232511,IdleRepeat|10800|Skill|232511,,,,,
6689,(极恶) Lv.50 光之地下庭院- Lv.50贝伊祖 (内伊德)(3014),stand,15,0,300,1,131381|131382,50|50,BattleRepeat|21|Skill|131383,BattleRepeat|21|Skill|131384,BattleRepeat|60|Skill|131385,,,,BattleTime|0|Talk|1,BattleTime|0|Call|20,IdleTime|5|Skill|232511,IdleRepeat|10800|Skill|232511,,,,,
6690,(极恶) Lv.50 光之地下庭院- Lv.50班德伊克 (内伊德)(9020),stand,15,0,300,1,131391|131392,50|50,BattleRepeat|17|Skill|131393,BattleRepeat|60|Skill|131395,,,,,BattleTime|0|Talk|1,BattleTime|0|Call|20,IdleTime|5|Skill|232511,IdleRepeat|10800|Skill|232511,,,,,
6691,(极恶) Lv.50 光之地下庭院- Lv.50戴绪德 (BOSS)(1041),stand,25,0,300,1,131401,100,BattleRepeat|17|Skill|131402,BattleRepeat|21|Skill|131404,MyHP|70|Skill|131406,MyHP|30|Skill|131406,BattleRepeat|60|Skill|131407,,BattleTime|0|Talk|1,BattleTime|0|Call|100,IdleTime|5|Skill|232511,IdleRepeat|10800|Skill|232511,,,,,
6692,(极恶) Lv.50 光之地下庭院- Lv.50塞一德 (内伊德)(1026),stand,15,0,300,1,131441|131442,50|50,BattleRepeat|17|RandomSkill|131444,MyHP|30|Skill|131443,,,,,BattleTime|0|Talk|1,BattleTime|0|Call|100,IdleTime|5|Skill|232511,IdleRepeat|10800|Skill|232511,,,,,
8000,Lv.5钢铁旗帜部队技术兵(50101),wander,10,10,40,1,190001|190002,50|50,MyHP|50|Skill|190003,,,,,,,,,,,,,,
8001,Lv.5钢铁旗帜部队突击兵(50202),wander,10,10,40,1,190011|190012,50|50,MyHP|50|Skill|190013,,,,,,,,,,,,,,
8002,Lv.5钢铁旗帜部队治疗兵(50503),wander,10,10,40,1,190021|190022,50|50,MyHP|50|Skill|190023,,,,,,,,,,,,,,
8003,Lv.15太阳气息部队侦察兵(50105),wander,10,10,40,1,190031|190032,50|50,MyHP|50|Skill|190033,,,,,,,,,,,,,,
8004,Lv.15太阳气息部队强袭兵(50204),wander,10,10,40,1,190041|190042,50|50,MyHP|50|Skill|190043,,,,,,,,,,,,,,
8005,Lv.15太阳气息部队恢复士(50507),wander,10,10,40,1,190051|190052,50|50,MyHP|50|Skill|190053,,,,,,,,,,,,,,
8006,Lv.15太阳气息部队大队长 拉伊特文德(50206),wander,10,10,40,1,190061|190062,50|50,MyHP|50|Skill|190063,,,,,,,,,,,,,,
8007,Lv.25钢铁旗帜部队狙击兵(50109),wander,10,10,40,1,190071|190072,50|50,MyHP|50|Skill|190073,,,,,,,,,,,,,,
8008,Lv.25钢铁旗帜部队铁甲兵(50208),wander,10,10,40,1,190081|190082,50|50,MyHP|50|Skill|190083,,,,,,,,,,,,,,
8009,Lv.25钢铁旗帜部队治疗士(50511),wander,10,10,40,1,190091|190092,50|50,MyHP|50|Skill|190093,,,,,,,,,,,,,,
8010,Lv.25钢铁旗帜部队萨那一轮(50210),wander,10,10,40,1,190101|190102,50|50,MyHP|50|Skill|190103,,,,,,,,,,,,,,
8011,Lv.35风箱部队战士(50102),wander,10,10,40,1,190111|190112,50|50,MyHP|50|Skill|190113,,,,,,,,,,,,,,
8012,Lv.35风箱部队治疗士(50703),wander,10,10,40,1,190121|190122,50|50,MyHP|50|Skill|190123,,,,,,,,,,,,,,
8013,Lv.35风箱部队弓士(50705),wander,10,10,40,1,190131|190132,50|50,MyHP|50|Skill|190133,,,,,,,,,,,,,,
8014,Lv.35风箱部队拉伊特斯蒂(50208),wander,10,10,40,1,190141|190142,50|50,MyHP|50|Skill|190143,,,,,,,,,,,,,,
8015,Lv.42龙卢部队士兵(50702),wander,10,10,40,1,190151|190152,50|50,MyHP|50|Skill|190153,,,,,,,,,,,,,,
8016,Lv.42龙卢部队卫生兵(50203),wander,10,10,40,1,190161|190162,50|50,MyHP|50|Skill|190163,,,,,,,,,,,,,,
8017,Lv.42龙卢部队狙击兵(50205),wander,10,10,40,1,190171|190172,50|50,MyHP|50|Skill|190173,,,,,,,,,,,,,,
8018,Lv.42龙卢部队拉塞德(50710),wander,10,10,40,1,190181|190182,50|50,MyHP|50|Skill|190183,,,,,,,,,,,,,,
8100,Lv.5风之歌谣部队技术兵(53101),wander,10,10,40,1,191001|191002,50|50,MyHP|50|Skill|191003,,,,,,,,,,,,,,
8101,Lv.5风之歌谣部队突击兵(53202),wander,10,10,40,1,191011|191012,50|50,MyHP|50|Skill|191013,,,,,,,,,,,,,,
8102,Lv.5风之歌谣部队治疗兵(53503),wander,10,10,40,1,191021|191022,50|50,MyHP|50|Skill|191023,,,,,,,,,,,,,,
8103,Lv.15大地的 斧子 部队技术兵(53105),wander,10,10,40,1,191031|191032,50|50,MyHP|50|Skill|191033,,,,,,,,,,,,,,
8104,Lv.15大地的 斧子 部队突击兵(53204),wander,10,10,40,1,191041|191042,50|50,MyHP|50|Skill|191043,,,,,,,,,,,,,,
8105,Lv.15大地的 斧子 部队恢复士(53507),wander,10,10,40,1,191051|191052,50|50,MyHP|50|Skill|191053,,,,,,,,,,,,,,
8106,Lv.15大地的 斧子 部队打克伍德(53206),wander,10,10,40,1,191061|191062,50|50,MyHP|50|Skill|191063,,,,,,,,,,,,,,
8107,Lv.25风之歌谣部队技术兵(53109),wander,10,10,40,1,191071|191072,50|50,MyHP|50|Skill|191073,,,,,,,,,,,,,,
8108,Lv.25风之歌谣部队突击兵(53208),wander,10,10,40,1,191081|191082,50|50,MyHP|50|Skill|191083,,,,,,,,,,,,,,
8109,Lv.25风之歌谣部队治疗兵(53511),wander,10,10,40,1,191091|191092,50|50,MyHP|50|Skill|191093,,,,,,,,,,,,,,
8110,Lv.25风之歌谣部队队长 布利斯伍德(53210),wander,10,10,40,1,191101|191102,50|50,MyHP|50|Skill|191103,,,,,,,,,,,,,,
8111,Lv.35破裂的 撤退 部队突击兵(53004),wander,10,10,40,1,191111|191112,50|50,MyHP|50|Skill|191113,,,,,,,,,,,,,,
8112,Lv.35破裂的 撤退 部队狙击手(53505),wander,10,10,40,1,191121|191122,50|50,MyHP|50|Skill|191123,,,,,,,,,,,,,,
8113,Lv.35破裂的 撤退 部队恢复士(53507),wander,10,10,40,1,191131|191132,50|50,MyHP|50|Skill|191133,,,,,,,,,,,,,,
8114,Lv.35破裂的 撤退 部队士兵官莱布利斯(53010),wander,10,10,40,1,191141|191142,50|50,MyHP|50|Skill|191143,,,,,,,,,,,,,,
8115,Lv.42士?的 恶魂 部队狂战士(53008),wander,10,10,40,1,191151|191152,50|50,MyHP|50|Skill|191153,,,,,,,,,,,,,,
8116,Lv.42士?的 恶魂 部队暗杀者(53509),wander,10,10,40,1,191161|191162,50|50,MyHP|50|Skill|191163,,,,,,,,,,,,,,
8117,Lv.42士?的 恶魂 部队恢复士(53011),wander,10,10,40,1,191171|191172,50|50,MyHP|50|Skill|191173,,,,,,,,,,,,,,
8118,Lv.42士?的 恶魂 部队指挥官 赛义阿西(53510),wander,10,10,40,1,191181|191182,50|50,MyHP|50|Skill|191183,,,,,,,,,,,,,,
8119,?战地 Lv.45 虚无的炼金术术 哈坎德纳勒(1044) (BOSS),stand,20,0,40,1,191191|191192,50|50,BattleRepeat|30|Skill|191193,BattleRepeat|17|Skill|191195,BattleRepeat|60|Skill|191196,,,,,BattleTime|0|Skill|232511,IdleTime|0|Skill|232511,IdleRepeat|10800|Skill|232511,,,,,
8120,分?-Lv.50细灰 北神战士(7039),wander,0,10,40,1,191201|191202,50|50,MyHP|70|Skill|191203,,,,,,,,,,,,,,
8121,分?-Lv.50细灰 北神术士(7040),wander,10,10,40,1,191211|191212,50|50,MyHP|70|Skill|191213,,,,,,,,,,,,,,
8122,分?-Lv.50德鲁鲁(7041)(精锐),stand,10,0,40,1,191221|191222,50|50,MyHP|70|Skill|191223,,,,,,,BattleTime|0|Skill|232511,IdleTime|0|Skill|232511,IdleRepeat|10800|Skill|232511,,,,,
8123,分?-Lv.50死亡 布雷斯莱斯(3018),wander,0,10,40,1,191231|191232,50|50,MyHP|70|Skill|191233,,,,,,,,,,,,,,
8124,分?-Lv.50暗杀 布雷斯莱斯(3019),wander,10,10,40,1,191241|191242,50|50,MyHP|70|Skill|191243,,,,,,,,,,,,,,
8125,分?-Lv.50莱塞斯(3020)(精锐),stand,10,0,40,1,191251|191252,50|50,MyHP|70|Skill|191253,,,,,,,BattleTime|0|Skill|232511,IdleTime|0|Skill|232511,IdleRepeat|10800|Skill|232511,,,,,
8126,??-Lv.50暗黑 火花 戴奥斯沃夫(1003),wander,0,10,40,1,191261|191262,50|50,MyHP|70|Skill|191263,,,,,,,,,,,,,,
8127,??-Lv.50暗黑 寒流 戴奥斯沃夫(1004),wander,10,10,40,1,191271|191272,50|50,MyHP|70|Skill|191273,,,,,,,,,,,,,,
8128,??-Lv.50伊斯库特(1005)(精锐),stand,10,0,40,1,191281|191282,50|50,MyHP|70|Skill|191283,,,,,,,BattleTime|0|Skill|232511,IdleTime|0|Skill|232511,IdleRepeat|10800|Skill|232511,,,,,
8129,??-Lv.50蒙地 斯卡伊哥布林(3027),wander,0,10,40,1,191291|191292,50|50,MyHP|70|Skill|191293,,,,,,,,,,,,,,
8130,??-Lv.50狂气 斯卡伊哥布林(3028),wander,10,10,40,1,191301|191302,50|50,MyHP|70|Skill|191303,,,,,,,,,,,,,,
8131,??-Lv.50卡卡鲁(3029)(精锐),stand,10,0,40,1,191311|191312,50|50,MyHP|70|Skill|191313,,,,,,,BattleTime|0|Skill|232511,IdleTime|0|Skill|232511,IdleRepeat|10800|Skill|232511,,,,,
8132,??-Lv.50铁锤 眼(5000),wander,0,10,40,1,191321|191322,50|50,MyHP|70|Skill|191323,,,,,,,,,,,,,,
8133,??-Lv.50爆发 眼(5001),wander,10,10,40,1,191331|191332,50|50,MyHP|70|Skill|191333,,,,,,,,,,,,,,
8134,??-Lv.50斯蒂稻田(5002)(精锐),stand,10,0,40,1,191341|191342,50|50,MyHP|70|Skill|191343,,,,,,,BattleTime|0|Skill|232511,IdleTime|0|Skill|232511,IdleRepeat|10800|Skill|232511,,,,,
9000,破怪龙任务 NPC 战用,stand,0,0,0,1,,,,,,,,,,,,,,,,,
9001,爆发 NPC 战用 自爆 斯库,stand,0,0,0,1,,,IdleRepeat|3|Skill|232521,BattleRepeat|4|Skill|232521,,,,,,,,,,,,,
12001,"战士 哥布林(7003,7030,7033)",wander,10,10,40,1,100001|100002,50|50,BattleTime|2|Talk|1,BattleTime|7|Talk|2,,,,,,,,,~~~.~~~ ~~ ~~ ~~~!,~~~ ~~~ ~~!,,,
12003,伊尔奈斯特(5003),wander,10,10,40,1,100351|100352,50|50,,,,,,,,,,,,,,,
12004,人类 女 皇家嘉德 弓箭手(104),stand,0,0,40,1,260041|260042,50|50,IdleTime|2|Talk|1,,,,,,,,,,~~~ ~~~~~. ~~~~~!,,,,
12005,怪兽-人类 嘉德 弓箭手 (9043),stand,0,0,40,1,260011|260012,50|50,IdleTime|2|Skill|200016,IdleTime|4|Talk|1,IdleTime|10|Talk|2,,,,,,,,~~~ ~~ ~~. ~~~ ~~~~~,~~ ~~~~ ~~~~.~~ ~~~ ~~~ ~~~ ~~ ~~ ~~~.,,,
12006,蜘蛛(9030),wander,10,10,40,1,100261|100262,50|50,,,,,,,,,,,,,,,
12007,人类女 皇家嘉德 弓箭手(104),wander,10,10,40,1,260041|260042,50|50,IdleTime|2|Talk|1,IdleTime|6|Talk|2,,,,,,,,,~~~ ~~~ ~~~~ ~~~., ~~~ ~~~~~!,,,
12008,怪兽-橡木 嘉德 魔法师 (702),wander,10,10,40,1,260531|260532,50|50,BattleTime|2|Talk|1,BattleTime|5|Talk|2,BattleTime|5|Talk|3,,,,,,,,~~~ ~~ ~~~….,~~~ ~~ ~~~!,~~~ ~~~ ~~~~ ~~~!,,
12009,狼人(9027),wander,0,10,40,1,100311|100311,50|50,IdleTime|2|Talk|1,IdleTime|6|Talk|2,,,,,,,,,~~~ ~~~~~ ~~~~….,~~~ ~~~~ ~~….,,,
12010,怪兽-橡木 嘉德 弓箭手 (701),wander,10,10,40,1,260521|260522,50|50,BattleTime|2|Talk|1,BattleTime|6|Talk|2,,,,,,,,,~~~ ~~~ ~~~~~~!,~~ ~~~ ~~~ ~~!,,,
12011,怪兽-人类 嘉德战士 (9042),wander,10,10,40,1,260001|260002,50|50,IdleTime|2|Talk|1,IdleTime|6|Talk|2,,,,,,,,,~~~~~ ~~~!, ~~~ ~~~~~,,,
12012,NPC-自爆军龙 (???),stand,0,0,0,1,,,IdleTime|2|Skill|200032,,,,,,,,,,,,,,
12013,怪兽-噩梦的 奴隶(7010),wander,10,10,40,1,100411|100412,50|50,BattleTime|2|Rate|30|Talk|1,BattleTime|6|Rate|30|Talk|2,,,,,,,,,~~… ~~~~ ~~~~…,~~… ~~~~ ~~~…,,,
12014,怪兽-堕落的 内特(1003),wander,10,10,40,1,106191|106192,50|50,BattleTime|2|Talk|1,BattleTime|6|Talk|2,BattleTime|10|Talk|3,,,,,,,,~~ ~~ ~~~~!,~~~ ~~~ ~~ ~~~!,~~ ~~~ ~~~!,,
12015,怪兽-岩石古雷姆(7000),wander,10,10,40,1,100821|100822,50|50,BattleTime|2|Talk|1,,,,,,,,,,~~ ~~ ~~! ~~ ~~!,,,,
12016,NPC-岩石古雷姆(7001),wander,0,10,40,1,100731|100732,50|50,IdleTime|2|Talk|1,,,,,,,,,,~~ ~~~!,,,,
12017,NPC-岩石古雷姆(7002),wander,0,10,40,1,101051|101052,50|50,IdleTime|2|Talk|1,,,,,,,,,,~~~ ~~~ ~~~~~!,,,,
12018,NPC-哈利伊德 幻影(1034),stand,0,0,0,1,121111|121112,50|50,IdleTime|2|Talk|1,IdleTime|6|Talk|2,IdleTime|10|Talk|3,,,,,,,,~~~. ~~~ ~ ~~ ~~ ~~~ ~~~~~ ~~~~ ~~~!,~~ ~~~ ~~~ ~~~ ~~ ~~~. ~~~ ~ ~~~ ~~~ ~~~ ~~~~ ~~~ ~~ ~~ ~ ~~~. ,~~ ~~~~ ~~~ ~~~ ~~~~ ~~~. ~~~~,,
12019,NPC-格拉希安 的 幻影(9042),wander,0,10,40,1,260001|260002,50|50,IdleTime|2|Talk|1,IdleTime|6|Talk|2,IdleTime|10|Talk|3,,,,,,,,~~… ~~~ ~~~~~,~~ ~~~ ~~~~,~~~~ ~~. ~~ ~~~ ~~!,,
12020,NPC-召唤的 警备 古雷姆(7001),wander,0,10,40,1,100731|100732,50|50,IdleTime|2|Talk|1,,,,,,,,,,~~~~ ~~!,,,,
12021,怪兽-赤红色 战刀 盗贼团监视者(5035),wander,10,10,40,1,110081|110082,50|50,BattleTime|2|Talk|1,,,,,,,,,,~~~ ~~~~. ~~ ~~~ ~~~~!,,,,
12022,怪兽-赤红色 战刀 盗贼团监视者(5035),wander,10,10,40,1,110081|110082,50|50,BattleTime|5|Talk|1,BattleTime|10|Talk|2,BattleTime|15|Talk|3,,,,,,,,~~~ ~~~ ~~~ ~ ~~!,~~ ~~~ ~~ ~ ~~. ~~~ ~~ ~~~!,~~~~ ~~~! ~ ~~~ ~~~ ~~~~!,,
12023,NPC-艾汀的 马卫兵(9044),wander,10,10,40,1,260021|260022,50|50,BattleTime|2|Skill|200047,BattleTime|5|Rate|30|Talk|1,BattleTime|10|Rate|30|Talk|2,BattleTime|15|Rate|30|Talk|3,,,,,,,~~~~ ~~~!,~~~~ ~~~~!,~~~~~ ~~~ ~~~!,,
12024,NPC-斯蒂尔普瑞 近卫兵(9042),wander,10,10,40,1,260001|260002,50|50,IdleTime|2|Skill|200048,BattleTime|5|Rate|30|Talk|1,BattleTime|10|Rate|30|Talk|2,,,,,,,,~~~ ~~~~ ~~~ ~~~~~~ ~~~~!,~~~~~ ~~~ ~~~!,,,
12026,怪兽-赤红色 战刀 盗贼团 警备兵(5035),wander,10,10,40,1,110081|110082,50|50,BattleTime|2|Talk|1,BattleTime|5|Talk|2,,,,,,,,,~~ ~~~~ ~ ~~~ ~~~~ ~ ~~~,~…. ~~~~ ~~~!,,,
12027,NPC-强袭兵(9042),wander,10,10,40,1,260001|260002,50|50,IdleTime|2|Talk|1,IdleTime|8|Talk|2,,,,,,,,,~~~ ~~~~!,~~~~~ ~~~ ~~~!,,,
12028,怪兽-黑暗的 暗杀者(701),wander,10,10,40,1,260521|260522,50|50,BattleTime|2|Talk|1,BattleTime|8|Talk|2,,,,,,,,,~~~. ~~~ ~~~ ~~~~!,~~~~ ~~ ~~~ ~~ ~~ ~~~~~!,,,
12029,怪兽-暴走的 采矿 古雷姆 克里莫(1018),wander,10,10,40,1,100571|100572,50|50,BattleTime|2|Talk|1,BattleTime|8|Talk|2,,,,,,,,,~~ ~~. ~~ ~~…,~~! ~~!,,,
12030,NPC-采矿 古雷姆 克里莫(1018),stand,0,0,0,1,,,IdleTime|2|Talk|1,,,,,,,,,,~~ ~~ ~. ~~~ ~~~~~.,,,,
12031,NPC-拉皮兹的音波炮弹(???),stand,0,0,0,1,,,IdleTime|2|Skill|200064,,,,,,,,,,,,,,
12032,怪兽-召唤的赫尔红追随者(5015),wander,10,10,40,1,100831|100832,50|50,BattleTime|2|Talk|1,BattleTime|8|Talk|2,,,,,,,,,~~~~ ~~~ ~~~ ~~~~ ~~~~!,"~~~ ~~~ ~~ ~~~~~, ~~~~ ~~~~!",,,
12033,NPC-赤红色 岩石军团的 旗帜(???) - 任务名 : 赤红色岩石军团的旗帜阿莱,stand,0,0,0,1,,,IdleTime|2|Skill|200078,,,,,,,,,,,,,,
12034,NPC-突击兵(9042) - 任务名 : 赤红色 岩石军团的 旗帜阿莱,wander,0,10,0,1,,,IdleTime|2|Rate|30|Talk|1,IdleTime|6|Rate|30|Talk|2,,,,,,,,,~~~ ~~~ ~~~ ~~~~!,~~~~~ ~~ ~~ ~~~ ~~~ ~~~!,,,
12035,NPC-赤红色 岩石军团的 旗帜(???) - 任务名 : 滴水兽丘陵的战斗,stand,0,0,0,1,,,IdleTime|2|Skill|200076,,,,,,,,,,,,,,
12037,怪兽-召唤的 赤红色 岩石 滴水兽(7016) - 任务名 :  滴水兽丘陵战斗,wander,10,10,40,1,121081|121082,50|50,,,,,,,,,,,,,,,
12038,NPC-突击兵(9042) - 任务名 :滴水兽丘陵战斗,wander,10,10,40,1,260001|260002,50|50,BattleTime|2|Talk|1,BattleTime|8|Talk|2,,,,,,,,,~~~~~ ~~ ~~ ~~~ ~~~ ~~~!,~~~ ~~~~ ~~ ~~ ~~~ ~~~!,,,
12039,NPC-哈利伊德的 幻影(1034),stand,0,0,0,1,,,IdleTime|2|Talk|1,IdleTime|6|Talk|2,IdleTime|10|Talk|3,IdleTime|14|Talk|4,,,,,,,~~~~ ~~~~ ~~~ ~~~~~.,~~~~~~~ ~~~ ~~ ~~~~~,"~~~ ~~~ ~~~ ~~ ~~ ~~~~, ~~~~ ~~~ ~~~~~. ",~~~… ~~ ~~ ~~~~ ~~~ ~~~~ ~~~ ~~~~.,
12040,NPC-召唤的警备古雷姆(7001),stand,0,0,0,1,,,IdleTime|2|Talk|1,,,,,,,,,,~~ ~~! ~~ ~~ ~~!,,,,
12041,NPC-强袭兵(9042),wander,10,10,40,1,260001|260002,50|50,BattleTime|2|Talk|1,BattleTime|8|Talk|2,,,,,,,,,~~~~~ ~~ ~~ ~~~ ~~~ ~~~!,~~~ ~~~~ ~~ ~~ ~~~ ~~~!,,,
12042,怪兽-卢安克将军克莱塔斯(5048),wander,10,10,40,1,100621|100622,50|50,BattleTime|6|Skill|200042,BattleTime|4|Skill|200081,,,,,,,,,,,,,
12043,怪兽-艾克泰克 姗提奈尔领导贝内伊拉(5054),wander,10,10,40,1,100691|100692,50|50,,,,,,,,,,,,,,,
12044,怪兽-崽子 内克洛斯(5046),wander,10,10,40,1,100791|100792,50|50,,,,,,,,,,,,,,,
12045,怪兽-哈利伊德的 分身(1034),wander,10,10,40,1,121111|121112,50|50,,,,,,,,,,,,,,,
12046,堕落的守门将的幻影 (精锐)-1033,wander,10,10,50,1,120471|120472,50|50,IdleTime|2|Talk|1,BattleTime|5|Talk|2,BattleTime|8|Talk|3,MyHP|50|Skill|150811,MyHP|30|Skill|150821,EnemyHP|30|Talk|2,Die|0|Talk|3,,,,~~~ ~~~~ ~~ ~~ ~~ ~~~~~,~~ ~~~ ~~ ~~~ ~~~ ~!,~~ ~~ ~ ~~~ ~~~ ~~~ ~~~!,,
12047,怪兽-奈克卢女王卡里那克(5049),wander,10,10,40,1,100631|100632,50|50,,,,,,,,,,,,,,,
12048,怪兽-布雷斯莱斯输送马车(12023),stand,0,0,0,1,,,MyHP|50|Rate|50|Call|10,,,,,,,,,,,,,,
12049,NPC-斯蒂尔普瑞近卫兵(9042),wander,0,10,40,1,260001|260002,50|50,IdleTime|3|Talk|1,IdleTime|12|Talk|2,,,,,,,,,~~ ~~ ~~ ~ ~~~~~~ 哥布林~~ ~~ ~~~,~ ~~~ ~~ ~~~~ ~~~.~~ ~~!,,,
12050,不完整的私念(5003),wander,0,10,40,1,100351|100352,50|50,BattleTime|2|Rate|30|Talk|1,BattleTime|7|Rate|30|Talk|2,,,,,,,,,~~~… ~~ ~~~ ~~~ ~~~~~!,~~~ ~~ ~~~ ~~~ ~~~ ~~ ~~~. ,,,
12051,Npc-不完整的私念(5003),wander,10,10,40,1,100351|100352,50|50,IdleTime|2|Talk|1,IdleTime|6|Talk|2,,,,,,,,,~~~.~~~ ~~ ~~ ~~~!,~~~ ~~~ ~~!,,,
12052,怪兽-混沌的存在(5003),wander,10,10,40,1,100351|100352,50|50,BattleTime|2|Talk|1,BattleTime|6|Talk|2,,,,,,,,,~~ ~~~ ~~~~ ~~~!,~~~ ~~ ~~~~ ~~ ~~~~ ~~ ~~~!,,,
12053,怪兽-空虚的私念(5003),wander,10,10,40,1,100351|100352,50|50,BattleTime|2|Talk|1,BattleTime|6|Talk|2,BattleTime|10|Talk|3,,,,,,,,~~~ ~~~ ~~ ~~ ~ ~~!,~~~ ~~~ ~~ ~~~~~.,~~~ ~~ ~~~ ~~~ ~~~!,,
12054,NPC-暗黑术士的幻影(702),stand,0,0,0,1,,,IdleTime|2|Talk|1,IdleTime|6|Talk|2,IdleTime|10|Talk|3,IdleTime|14|Talk|4,IdleTime|18|Talk|5,,,,,,~~ ~ ~~~ ~~~~~,~~ ~~~~~~ ~~ ~~ ~~~~~,~~~~~. ~~ ~~~~ ~~~~.,~~ ~~~~~ ~~~~ ~~~~~ ~~~~.,~~~ ~~~ ~~ ~~~~~. ~~ ~~ ~~~~~~.
12055,NPC-被遗忘之辈的精神(30004),stand,0,0,0,1,,,IdleTime|2|Talk|1,IdleTime|6|Talk|2,IdleTime|10|Talk|3,,,,,,,,~~~ ~~ ~~~~~,~~… ~~~ ~~ ~~ ~~~ ~~~ ~~~.,~~~ ~~~ ~~~ ~~~ ~~ ~~~. ~~~ ~~~~~.,,
12056,NPC-被遗忘之辈的精神(30004),stand,0,0,0,1,,,IdleTime|2|Talk|1,IdleTime|5|Talk|2,IdleTime|9|Talk|3,IdleTime|12|Talk|4,IdleTime|15|TriggerSkill|200121,,,,,,~~ ~~~~ ~~~~,~~~ ~~~ ~~~~ ~~~ ~~~~ ~~~.,~~~ ~~~~ ~~ ~ ~~ ~~~ ~~~ ~~~ ~~~ ~~~.,~~~ ~~~~!,
12057,怪兽-被遗忘之辈的私念(1033),wander,10,10,40,1,120471|120472,50|50,BattleTime|2|Talk|1,BattleTime|6|Talk|2,Die|0|TriggerSkill|200122,,,,,,,,~~~~ ~~~ ~~~ ~~~ ~~~ ~~.,~~~ ~~ ~~~ ~~~~!,,,
12058,怪兽-被遗忘之辈的的地(1034),wander,10,10,40,1,121111|121112,50|50,BattleTime|2|Talk|1,BattleTime|6|Talk|2,Die|0|TriggerSkill|200123,,,,,,,,~~~ ~~~ ~~~ ~~~ ~~ ~~.,~~~~ ~~~ ~~~ ~~~~~ ~~~~!,,,
12059,NPC-被遗忘之辈的精神(30004),stand,0,0,0,1,,,IdleTime|2|Talk|1,IdleTime|6|Talk|2,IdleTime|10|Talk|3,,,,,,,,~~~ ~~~~ ~~~ ~~~~.,~~~ ~~~ ~~~~ ~~~~.,~~~ ~~~ ~~~ ~~ ~~~!,,
12060,NPC-被遗忘村庄的旗帜(12030),stand,0,0,0,1,,,IdleTime|2|Skill|200124,,,,,,,,,,,,,,
12061,NPC-被遗忘之辈(9043),wander,10,10,40,1,260011|260012,50|50,BattleTime|2|Talk|1,BattleTime|6|Talk|2,IdleTime|2|Talk|1,IdleTime|6|Talk|2,,,,,,,~~~ ~~~~ ~~~ ~~~!,~~~ ~~~~ ~~~!,,,
12062,NPC-巨大 蜘蛛(9032),wander,10,10,40,1,100371|100372,50|50,,,,,,,,,,,,,,,
12063,NPC-凯雷恩的香炉(12029),stand,0,0,0,1,,,,,,,,,,,,,,,,,
12064,NPC-召唤的岩石古雷姆(7001),stand,0,0,0,1,101041|101042,50|50,IdleTime|2|Talk|1,BattleTime|2|Talk|1,,,,,,,,,~~ ~~. ~~ ~~ ~~!,,,,
12065,NPC-召唤的岩石古雷姆(7002),stand,0,0,0,1,101051|101052,50|50,IdleTime|2|Talk|1,,,,,,,,,,~~ ~~~. ~~~~ ~~.,,,,
12066,怪兽-召唤的岩石古雷姆(7002),stand,10,0,40,1,101051|101052,50|50,BattleTime|2|Talk|1,MyHP|80|Skill|101053,,,,,,,,,~~ ~~ ~~!,,,,
12067,NPC-召唤的岩石古雷姆(7002),wander,10,10,40,1,101051|101052,50|50,BattleTime|2|Talk|1,BattleTime|6|Talk|2,MyHP|80|Skill|101053,IdleTime|2|Talk|1,IdleTime|6|Talk|2,,,,,,~~~ ~~~ ~~.,~~~~ ~~~ ~~ ~~~~ ~~.,,,
12068,怪兽-格鲁利阿上端的岩石古雷姆(7001) -软弱,stand,10,0,40,1,101041|101042,50|50,BattleTime|2|Talk|1,BattleTime|6|Talk|2,MyHP|80|Skill|101043,,,,,,,,~~! ~~!,~~ ~~~~ ~~!,,,
12069,怪兽-召唤的 奈泰伦的 居民(7011) -软弱,stand,10,0,40,1,101071|101072,50|50,BattleTime|2|Talk|1,BattleTime|6|Talk|2,MyHP|80|Skill|101073,,,,,,,,~~~~. ~~~!,~~~! ~~ ~~~ ~~~ ~~~~~!,,,
12070,怪兽-受到诅咒的树木(12006),stand,0,0,0,1,,,Die|0|TriggerSkill|200126,,,,,,,,,,,,,,
12071,怪兽-受到诅咒的恶鬼(1027),stand,10,0,40,1,101421|101422,50|50,MyHP|80|Skill|101423,,,,,,,,,,,,,,
12072,NPC-小树木精灵(5012),stand,0,0,0,1,101091|101092,50|50,IdleTime|2|Talk|1,,,,,,,,,,~~~ ~~ ~~ ~~~~,,,,
12073,怪兽-次元龟裂(12060),stand,10,0,40,1,,,,,,,,,,,,,,,,,
12074,NPC-召唤的岩石古雷姆(7002),wander,10,10,40,1,101051|101052,50|50,IdleTime|2|Talk|1,,,,,,,,,,~~~~! ~~~~!,,,,
12075,怪兽-受污染守卫者贝勒皿(5014),stand,10,0,40,1,101101|101102,50|50,Die|0|TriggerSkill|200134,,,,,,,,,,,,,,
12076,NPC-摆脱堕落的树木精灵(5012),stand,0,0,0,1,101091|101092,50|50,IdleTime|2|Talk|1,,,,,,,,,,~~~… ~~ ~~~ ~~~…,,,,
12077,NPC-堕落的自然精灵 / 贝尔特拉斯(1023),stand,10,0,40,1,110441|110442,50|50,BattleTime|2|Talk|1,BattleTime|6|Talk|2,BattleTime|10|Talk|3,MyHP|80|Rate|30|Skill|110443,,,,,,,~~ ~~~ ~~~ ~~~~~!,~~~ ~~~ ~~~! ,~~ ~~ ~~~~ ~~!,,
12078,NPC-诺亚(30004),stand,0,0,0,1,,,IdleTime|2|Talk|1,IdleTime|6|Talk|2,IdleTime|10|Talk|3,,,,,,,,~~~ ~~~~ ~~ ~~ ~~~ ~~ ~~.,~~ ~~~ ~~~~ ~~~ ~~ ~ ~~ ~ ~~~ ~ ~~~~~~ ,~~~~ ~~ ~~~.. ~~~ ~~~…,,
12079,NPC- 火焰,wander,0,10,0,1,,,IdleTime|4|Skill|200128,,,,,,,,,,,,,,
12080,怪兽 - 血的斧子部队警备兵(700) (软弱),wander,0,10,40,1,260511|260512,50|50,IdleTime|2|Talk|1,BattleTime|2|Talk|1,IdleTime|6|Talk|2,BattleTime|6|Talk|2,,,,,,,~~~! ~~~ ~~~ ~~~ ~~!,~~ ~~ ~~! ~~!,,,
12081,怪兽 - 可疑的警备兵(先攻)(9042),stand,0,0,40,1,101681|101682,50|50,Die|0|TriggerSkill|200129,,,,,,,,,,,,,,
12082,怪兽 - 空虚的私念(5003),stand,10,0,40,1,100351|100352,50|50,BattleTime|2|Talk|1,BattleTime|6|Talk|2,,,,,,,,,~~ ~~~ ~~~~~!,~~~ ~~~ ~~~ ~~ ~ ~~!,,,
12083,怪兽 - 分队长海瑟簕(701),stand,10,0,40,1,260521|260522,50|50,Die|0|TriggerSkill|200131,,,,,,,,,,,,,,
12084,怪兽 - 空虚的极地(5005),stand,10,0,40,1,120411|120412,50|50,BattleTime|2|Talk|1,BattleTime|6|Talk|2,BattleTime|10|Talk|3,,,,,,,,~~~~ ~~~ ~~~~~,~~~~ ~~~~. ~~~ ~~~~~!,~~~ ~~~ ~~~ ~~~~!,,
12085,怪兽 - 血的斧子部队屠杀者(700),stand,10,0,40,1,101671|101672,50|50,Die|0|TriggerSkill|200132,,,,,,,,,,,,,,
12086,怪兽 - 空虚的恶魂(5004),stand,10,0,40,1,120401|120402,50|50,BattleTime|2|Talk|1,BattleTime|6|Talk|2,,,,,,,,,~~ ~~~ ~~~~~!,~~~ ~~~ ~~~ ~~ ~ ~~!,,,
12087,NPC- 无名之辈的旗帜(12030),stand,0,0,0,1,,,IdleTime|2|Skill|200133,,,,,,,,,,,,,,
12088,NPC- 隐居者的村庄 / 自卫队(9042),wander,0,10,0,1,260001|260002,50|50,IdleTime|2|Talk|1,IdleTime|6|Talk|2,,,,,,,,,~~~ ~~~ ~~~ ~~~~!,~~~~ ~~~ ~~~ ~~~ ~~!,,,
12089,NPC- 召唤的警备 古雷姆(7001),stand,0,0,0,1,101041|101042,50|50,IdleTime|2|Talk|1,,,,,,,,,,~~ ~~! ~~ ~~ ~~!,,,,
12090,NPC- 戴姆里伸兵士的灵魂(700),stand,0,0,0,1,260511|260512,50|50,IdleTime|2|Talk|1,IdleTime|6|Talk|2,IdleTime|10|Talk|3,IdleTime|14|Talk|4,,,,,,,~~ ~~~… ~~~ ~~ ~~~ ~~~~~…,~~~ ~ ~~~~ ~~~~ ,~ ~~~ ~~ ~ ~~ ~~... ~~~~ ~~~~…,~~~~… ~~ ~~ ~~~… ~~~… ~~~~ ~~~… ~~ ~~~ ~~~…,
12091,怪兽-次元龟裂(12006),stand,0,0,0,1,,,IdleTime|2|Skill|200135,,,,,,,,,,,,,,
12092,怪兽-死亡者的主人佩纳茵(3005),stand,10,0,40,1,101411|101412,50|50,MyHP|80|Skill|101413,,,,,,,,,,,,,,
12093,怪兽 -可疑的魔法师,wander,10,10,40,1,101661|101662,50|50,Die|0|TriggerSkill|200129,,,,,,,,,,,,,,
12094,怪兽 - 戴姆里伸巡查兵 (701) 非成功邀请,wander,0,10,40,1,260521|260522,50|50,MyHP|50|Rate|20|Skill|260523,,,,,,,,,,,,,,
12095,NPC-母亲的 最后记忆(30504),stand,0,0,0,1,,,IdleTime|2|Talk|1,IdleTime|6|Talk|2,IdleTime|10|Talk|3,IdleTime|14|Talk|4,IdleTime|18|Talk|5,,,,,,~~ ~~ ~~~ ~~~~ ~~~~ ~~~ ~ ~~~~~,~~~ ~ ~~. ~~~~ ~~~ ~~ ~~~~~!,~~~… ~~~ ~~~ ~~ ~~ ~~ ~~~ ~~~ ~~~~~~,~~~ ~~ ~~~ ~~~ ~~~~~ ~~ ~~~,~… ~~… ~.. ~~ ~~~ ~~~~~… ~~!
12096,NPC- Lv.42 副团长德伊勒(30002),follow,0,0,0,1,,,IdleTime|2|Talk|1,,,,,,,,,,~~… ~~ ~ ~~~~.,,,,
12098,NPC- Lv.45 [火焰]正道德莱提克(9012),follow,0,0,0,1,,,IdleTime|2|Talk|1,,,,,,,,,,~~~ ~~~ ~~ ~~~ ~~~~~,,,,
12099,怪兽 - Lv.46 不正当的存在 (一般) (5004),wander,0,10,40,1,,,IdleTime|2|Talk|1,IdleTime|6|Talk|2,,,,,,,,,~~~~ ~~~ ~~~~~~ ~~ ~~~!,~~~ ~~~ ~~~~!,,,
12100,怪兽 - Lv.46 深渊的守卫者 (精锐) (1037),wander,10,10,40,1,,,IdleTime|2|Talk|1,IdleTime|6|Talk|2,,,,,,,,,~~~~! ~~~ ~~~~~~!,~~~ ~~ ~~ ~~ ~~ ~~~~!,,,
12101,怪兽 - Lv.47 受污染布莱恩马杜克 (精锐) (3020),wander,10,10,40,1,,,IdleTime|2|Talk|1,IdleTime|6|Talk|2,,,,,,,,,~~~~… ~~ ~~~ ~~~ ~~~~…,~~~ ~~~ ~~ ~~~~~…,,,
12102,怪兽 - Lv.47 赤红色暗杀者 (一般) (5017),wander,10,10,40,1,,,IdleTime|2|Talk|1,IdleTime|6|Talk|2,,,,,,,,,~~~. ~~~~ ~~~!,~~~ ~~ ~~~ ~~ ~ ~~ ~~. ~~~ ~~ ~~~~~!,,,
12103,怪兽 - Lv.47 巨大骸骨兵士 (精锐) (7070),wander,10,10,40,1,,,IdleTime|2|Talk|1,,,,,,,,,,~~ ~~… ~~… ~~~…,,,,
12104,NPC - Lv.99  黑暗的记忆 (一般) (1040),wander,0,10,40,1,,,IdleTime|2|Talk|1,IdleTime|6|Talk|2,,,,,,,,,~~ ~~~ ~~~~~. ~~~ ~~ ~~~.,~~~~~ ~~~~ ~ ~~ ~~ ~~~~~ ~~~~~ ~~~ ~~~~!,,,
12105,怪兽 - Lv.46 混沌的存在 (精锐) (5005),wander,10,10,40,1,,,IdleTime|2|Talk|1,IdleTime|6|Talk|2,,,,,,,,,"~~~. ~~, ~~~~ ~~~~ ~~~ ~~~ ~~ ~~~~~!",~ ~~~ ~~~ ~~~~ ~~ ~~~. ~~~ ~~ ~~~ ~~ ~~~~!,,,
12106,怪兽 - Lv.46 不成熟的骸骨兵士 (一般) (7011),wander,10,10,40,1,,,IdleTime|2|Talk|1,,,,,,,,,,~~~… ~~~.. ~~ ~~~… ~~ ~~ ~~…,,,,
12107,怪兽 - Lv.47 黑暗的魔道士贝尔派勒 (精锐) (1040),wander,10,10,40,1,,,IdleTime|2|Talk|1,IdleTime|6|Talk|2,BattleTime|2|Talk|1,BattleTime|6|Talk|2,,,,,,,~~.. ~~~ ~~ ~~ ~~~~ ~~~ ~~~ ~~~,~~~ ~~ ~~~~. ~~~ ~~~ ~~~~ ~~~ ~~ ~~~!,,,
12108,NPC - Lv.99  骸骨骑士的幻影 (精锐) (7076),wander,0,10,40,1,,,IdleTime|2|Talk|1,IdleTime|6|Talk|2,,,,,,,,,~~~… ~~.. ~~ ~~~~~,~~ ~~… ~~ ~~~ ~ ~~…,,,
12109,怪兽 - Lv.48 扭曲灵魂的模样 (一般) (1032),wander,10,10,40,1,,,IdleTime|2|Talk|1,IdleTime|6|Talk|2,,,,,,,,,~~~! ~~~ ~~. ~~ ~~~~ ~~~~!,~~~ ~~~~! ~~~~ ~~ ~~ ~~~~!,,,
12110,NPC - Lv.99 被净化狼的灵魂(一般) (5053),wander,0,10,40,1,,,IdleTime|2|Talk|1,,,,,,,,,,~~~~. (~~ ~~~ ~ ~ ~~~ ~~~~~ ~~ ~~~~.),,,,
12111,NPC - Lv.55 光之士员 / 战斗 司祭 (一般) (105),wander,10,10,40,1,,,IdleTime|2|Talk|1,,,,,,,,,,~~~~ ~~~ ~~~~~~~.,,,,
12112,怪兽 - Lv.51召唤的 梦捕食者 (一般) (),wander,10,10,40,1,,,IdleTime|2|Talk|1,,,,,,,,,,~~~… ~~~~ ~~ ~~ ~~~~~,,,,
12113,NPC - Lv.55 梦的 大地 (一般) (),stand,0,0,40,1,,,IdleTime|2|Talk|1,IdleTime|6|Talk|2,IdleTime|10|Talk|3,,,,,,,,~~ ~~~ ~~~ ~~~…,~~~ ~~~~ ~~~…,~ ~~ ~~… ~~~…,,
12114,怪兽 - Lv.51召唤的噩梦痕迹 (一般) (),wander,10,10,40,1,,,IdleTime|2|Talk|1,IdleTime|6|Talk|2,,,,,,,,,~~~~ ~~~~ ~~ ~~ ~~~~~,~~~ ~~~ ~~ ~~ ~~~~ ~~~ ~ ~~ ~~ ~~~ ~~~~,,,
12115,NPC - Lv.51 强袭兵 (一般) (9042),wander,10,10,40,1,,,IdleTime|2|Talk|1,IdleTime|6|Talk|2,,,,,,,,,~~~ ~~~~! ~~ ~~~~!,~~~~ ~~! ~~~ ~ ~~~!,,,
12116,NPC - Lv.51 小守卫者 (码威容) (一般) (7012),follow,0,0,0,1,,,,,,,,,,,,,,,,,
12117,NPC - Lv.51 柴伊斯的炮弹 (一般) (12028),stand,0,0,0,1,,,IdleTime|3|Skill|200217,,,,,,,,,,,,,,
12118,怪兽 - Lv.52 日落的阿尔凯茵 (一般) (),wander,10,10,40,1,,,IdleTime|2|Talk|1,IdleTime|6|Talk|2,IdleTime|10|Talk|3,,,,,,,,~~~~. ~~ ~~~ ~~~,~~~ ~ ~~ ~~~ ~~~~~,~~~ ~~~~ ~~~ ~~~~ ~~~~ ~~~!,,
12119,怪兽 - Lv.52 格拉基奥的噩梦 (一般) (),wander,10,10,40,1,,,IdleTime|2|Talk|1,IdleTime|6|Talk|2,,,,,,,,,~~~… ~~~ ~~ ~~~~!,~~~ ~~~ ~~~ ~~~!,,,
12120,怪兽 - Lv.51 召唤的梦捕食者 (一般) (),wander,10,10,40,1,,,IdleTime|2|Talk|1,IdleTime|6|Talk|2,,,,,,,,,~~~ ~~ ~~~~ ~~~ ~ ~~.,~~~ ~~~ ~~~!,,,
12121,怪兽 - Lv.52 噩梦的痕迹(软弱) (一般) (),wander,10,10,40,1,,,IdleTime|2|Talk|1,,,,,,,,,,~…. ~~…. ~~~ ~~…,,,,
12122,NPC - Lv.52 火焰(一般) (),stand,0,0,40,1,,,,,,,,,,,,,,,,,
12123,NPC - Lv.51 强袭兵(一般) (9042),wander,10,10,40,1,,,IdleTime|2|Talk|1,IdleTime|6|Talk|2,,,,,,,,,~~~ ~~~~! ~~ ~~~~!,~~~~ ~~! ~~~ ~ ~~~!,,,
12124,怪兽 - Lv.53 扭曲梦的气息 (一般) (),wander,10,10,40,1,,,IdleTime|2|Talk|1,IdleTime|6|Talk|2,,,,,,,,,~~… ~~… ~~…,~~ ~~ ~~~~ ~~~~!,,,
12125,NPC - Lv.53 梦的精灵(码威容) (一般) (),follow,0,0,0,1,,,IdleTime|2|Talk|1,IdleTime|6|Talk|2,,,,,,,,,~~~~ ~~~. ~~ ~~~ ~~~~.,~ ~~~ ~~~ ~~~ ~~ ~~~ ~~~ ~~~.,,,
12126,NPC - Lv.55 隐藏的 材料箱子 (一般) (12002),stand,0,0,0,1,,,,,,,,,,,,,,,,,
12127,NPC - Lv.99 解放了 梦的 痕迹 (一般) (30503) ↓ 召唤,wander,0,10,0,1,,,IdleTime|2|Talk|1,IdleTime|6|Talk|2,IdleTime|10|Talk|3,IdleTime|3|Skill|200229,,,,,,,~~~… ~~~~~~ ~~~ ~~ ~~~~,~~~~ ~~~~ ~~~ ~~~~~. ~~~ ~~~~~~,~~ ~~~ ~~~~ ~~~~~.,,
12128,NPC - Lv.99 解放了 梦的 痕迹 (一般) (30004) ↓ 召唤,wander,0,10,0,1,,,IdleTime|2|Talk|1,IdleTime|6|Talk|2,,IdleTime|3|Skill|200230,,,,,,,~~~ ~~ ~~~ ~~~~,~~ ~ ~~ ~~~ ~~~~~,,,
12129,NPC - Lv.99 解放了 梦的 痕迹 (一般) (30001) ↓ 召唤,wander,0,10,0,1,,,IdleTime|2|Talk|1,IdleTime|6|Talk|2,,IdleTime|3|Skill|200231,,,,,,,~~~ ~~~~ ~~~ ~~… ,~~~ ~~ ~~ ~~~~~ ~~~ ~~~~~,,,
12130,NPC - Lv.99 解放了 梦的 痕迹 (一般) (30502),wander,0,10,0,1,,,IdleTime|2|Talk|1,,,,,,,,,,~~~~~. ~~ ~~~ ~~~ ~ ~ ~~~~.,,,,
12131,怪兽 - Lv.53 ? 诞生 赤红色 眼的空虚 (一般) (),wander,10,10,40,1,,,,,,,,,,,,,,,,,
12132,NPC - Lv.99 维恩的 幻影 (一般) (),stand,0,0,0,1,,,IdleTime|2|Talk|1,IdleTime|6|Talk|2,IdleTime|10|Talk|3,,,,,,,,~ ~~~~ ~~~ ~~ ~~~~ ~~ ~~~.,~~ ~~ ~~~ ~~~~ ~~~~ ~~~~ ~~~ ~~.,,,
12133,NPC - Lv.55 暴走的 北神 兵士 (一般) (7036) ↓ 召唤,wander,10,10,40,1,,,IdleTime|2|Talk|1,IdleTime|6|Skill|200236,,,,,,,,,~~~~. ~~~~,,,,
12134,怪兽 - Lv.53 赤红色 火焰 部队 / 北神 训练士 (一般) (701),wander,10,10,40,1,,,IdleTime|2|Talk|1,IdleTime|6|Talk|2,,,,,,,,,~~~ ~~~ ~~~ ~~~,~~~! ~~~ ~~~ ~~~!,,,
12135,怪兽 - Lv.53 日落的 罗德里戈 (一般) (),wander,10,10,40,1,,,IdleTime|2|Talk|1,IdleTime|6|Talk|2,IdleTime|10|Talk|3,,,,,,,,~~~~ ~~~~~~ ~~~~ ~~ ~~~~~ ~~~~…,~~ ~ ~~ ~~~ ~~~~ ~~~~~…,~~~~ ~~~ ~~~~ ~~~ ~~ ~~~ ~~~ ~~ ~ ~~.,,
12136,NPC - Lv.51  树木守卫者 (炼楚龙) (一般) (7012),wander,0,10,0,1,,,,,,,,,,,,,,,,,
12137,怪兽 - Lv.47 万德雷克 (精锐) (7014),wander,10,10,40,1,,,,,,,,,,,,,,,,,
12138,怪兽 - Lv.49 (先攻) 混沌的存在 (精锐) (5005),wander,10,10,40,1,,,IdleTime|2|Talk|1,IdleTime|6|Talk|2,BattleTime|2|Talk|1,BattleTime|6|Talk|2,,,,,,,"~~~. ~~, ~~~~ ~~~~ ~~~ ~~~ ~~ ~~~~~!",~ ~~~ ~~~ ~~~~ ~~ ~~~. ~~~ ~~ ~~~ ~~ ~~~~!,,,
12139,怪兽 - Lv.49 (先攻) 混沌的 恶魂 (一般) (5004),wander,10,10,40,1,,,,,,,,,,,,,,,,,
12140,怪兽 - Lv.49 (先攻) 混沌的 大地 (精锐) (5005),wander,10,10,40,1,,,IdleTime|2|Talk|1,BattleTime|2|Talk|1,,,,,,,,,~~~~ ~~~. ~~ ~~~~ ~~ ~~~~~,,,,
12141,怪兽 - Lv.49 (先攻) 混沌的 私念 (一般) (5004),wander,10,10,40,1,,,IdleTime|2|Talk|1,BattleTime|2|Talk|1,,,,,,,,,~~~~ ~~~ ~~~!,,,,
12142,怪兽 - Lv.49 (先攻) 堕落之 鲜血守卫者 (一般) (5017),wander,10,10,40,1,,,IdleTime|2|Talk|1,BattleTime|2|Talk|1,,,,,,,,,~~~ ~~~~ ~~~ ~ ~~!,,,,
12143,怪兽 - Lv.49 (先攻) 堕落之 灵魂守卫者 (一般) (1032),wander,10,10,40,1,,,,,,,,,,,,,,,,,
12144,怪兽 - Lv.50 (先攻) 黑暗的 灵魂(精锐) (5005),wander,10,10,40,1,102971|102972,50|50,MyHP|80|Rate|30|Skill|102973,,,,,,,,,,,,,,
12145,怪兽 - Lv.50 (先攻) 堕落的 灵魂(一般) (5004),wander,10,10,40,1,102821|102822,50|50,MyHP|80|Rate|30|Skill|102823,IdleTime|2|Talk|1,IdleTime|6|Talk|2,BattleTime|2|Talk|1,BattleTime|6|Talk|2,,,,,,~ ~~~ ~~~ ~~ ~~~ ~ ~~.,~~~~~~ ~~ ~~~!,,,
12146,怪兽 - Lv.50 (先攻) 月影 要塞的 守卫者 (精锐) (1039),wander,10,10,40,1,,,IdleTime|2|Talk|1,BattleTime|2|Talk|1,,,,,,,,,~ ~~~ ~~~~ ~~~ ~~~ ~ ~~!,,,,
12147,怪兽 - Lv.50 (先攻) 黑色 太阳的 守卫者 (精锐) (1033),wander,10,10,40,1,,,IdleTime|2|Talk|1,BattleTime|2|Talk|1,,,,,,,,,~~~~~ ~~ ~~~~ ~~ ~~~~~,,,,
12148,NPC - Lv.49 (先攻) 光之士员/ 光之司祭 (一般) (104),wander,10,10,40,1,260041|260042,50|50,IdleTime|2|Talk|1,BattleTime|2|Talk|1,,,,,,,,,~~~ ~~~~!,,,,
12149,NPC - Lv.49 (先攻) 光之士员/ 光之司祭 (一般)(周围 怪兽 处置) (104),follow,10,0,40,1,260041|260042,50|50,IdleTime|2|Talk|1,IdleTime|6|Talk|2,BattleTime|2|Talk|1,BattleTime|6|Talk|2,,,,,,,~~~~ ~~~ ~~~~ ~~!,~~~~~ ~~~ ~~~!,,,
12150,敌对 NPC - Lv.40 - (先攻) 赫尔马斯特 上级 警备兵 (5015),wander,10,10,40,1,107091|107092,50|50,MyHP|80|Rate|30|Skill|107093,,,,,,,,,,,,,,
12151,敌对 NPC - Lv.36 - (先攻) 智慧门 袭击兵 (1024),wander,10,10,40,1,107061|107062,50|50,MyHP|80|Rate|30|Skill|107063,,,,,,,,,,,,,,
12152,敌对 NPC - Lv.37 - (先攻) 哈比 上级 巫师 (7022),wander,10,10,40,1,107071|107072,50|50,MyHP|80|Rate|30|Skill|107073,,,,,,,,,,,,,,
12153,敌对 NPC - Lv.36 - (先攻) 戴奥斯沃夫 袭击兵 (1003),wander,10,10,40,1,107081|107082,50|50,MyHP|80|Rate|30|Skill|107083,,,,,,,,,,,,,,
12154,敌对 NPC - Lv.41 - (先攻)受迷惑的毒蜘蛛,wander,10,10,40,1,107961|107962,50|50,Die|0|TriggerSkill|210059,MyHP|80|Rate|30|Skill|107963,,,,,,,,,,,,,
12155,敌对 NPC - Lv.41 - (先攻)奇怪的毒蜘蛛,wander,10,10,40,1,107971|107972,50|50,MyHP|80|Rate|30|Skill|107973,,,,,,,,,,,,,,
12156,敌对 NPC - Lv.45 - (先攻)燃烧的西莫诺,wander,10,10,40,1,108081|108082,50|50,MyHP|80|Rate|30|Skill|108083,,,,,,,,,,,,,,
12157,敌对 NPC - Lv.45 - (先攻) 敏捷的西莫诺 (9013),wander,10,10,40,1,108031|108032,50|50,MyHP|80|Rate|30|Skill|108033,,,,,,,,,,,,,,
12158,敌对 NPC - Lv.41 - (先攻) 粗角 拉蓬提普 (9016),wander,10,10,40,1,107981|107982,50|50,Die|0|TriggerSkill|210009,MyHP|80|Rate|30|Skill|107983,,,,,,,,,,,,,
12159,敌对 NPC - Lv.42 - (先攻) 布洛伍森 袭击兵 (1012),wander,10,10,40,1,108001|108002,50|50,MyHP|80|Rate|30|Skill|108003,,,,,,,,,,,,,,
12160,敌对 NPC - Lv.45 - (先攻)敏捷的西莫诺 (9013),wander,10,10,40,1,108021|108022,50|50,Die|0|TriggerSkill|210029,MyHP|80|Rate|30|Skill|108023,,,,,,,,,,,,,
12161,敌对 NPC - Lv.44 - (先攻)毒脑的马拉 (5028),wander,10,10,40,1,108041|108042,50|50,MyHP|80|Rate|30|Skill|108043,,,,,,,,,,,,,,
12162,Lv.41 [愤怒的 山脉]召唤用-敏捷的布鲁特 (精锐)(1029),wander,10,10,40,1,111071|111072,50|50,MyHP|80|Rate|30|Skill|111073,,,,,,,,,,,,,,
12163,Lv.42 [愤怒的 山脉]召唤用-钢铁趾甲 沙尔祖克(精锐)(9021),wander,10,10,40,1,111081|111082,50|50,MyHP|80|Rate|30|Skill|111083,,,,,,,,,,,,,,
12164,Lv.43 [愤怒的 山脉]召唤用-艾因哈伊 补充兵 (50002),stand,10,0,40,1,102981|102982,50|50,MyHP|80|Rate|30|Skill|102983,IdleTime|2|Talk|1,IdleTime|6|Talk|2,,,,,,,,~~~ ~~~~!,~~ ~~~ ~~~~ ~~.,,,
12165,Lv.43 [愤怒的 山脉]召唤用-祸难眼泪林 特利皮特 (7013),wander,10,10,40,1,102991|102992,50|50,MyHP|80|Rate|30|Skill|102993,,,,,,,,,,,,,,
12166,Lv.43 [愤怒的 山脉]召唤用-温暖的眼泪林 特利皮特 (7012),stand,0,0,0,0,102991|102992,50|50,MyHP|80|Rate|30|Skill|102993,,,,,,,,,,,,,,
12167,Lv.43 [愤怒的 山脉]召唤用-熔岩山脉 发怒 德雷昆 (9005),wander,10,10,40,1,103011|103012,50|50,MyHP|80|Rate|30|Skill|103013,BattleTime|2|Talk|1,,,,,,,,,kar shak rah fur da,,,,
12168,Lv.44 [愤怒的 山脉]召唤用-山脉侦察队 巡查组 魔法师 (53503),wander,10,10,40,1,103021|103022,50|50,MyHP|80|Rate|30|Skill|103023,BattleTime|2|Talk|1,,,,,,,,,~~~~ ~ ~~~~ ~~~!,,,,
12169,Lv.45 [愤怒的 山脉]召唤用-熔岩山脉 强暴的 德雷昆 (9005),wander,10,10,40,1,103031|103032,50|50,MyHP|80|Rate|30|Skill|103033,BattleTime|2|Talk|1,,,,,,,,,~~ ~ ~~~~~~!,,,,
12170,Lv.45 [愤怒的 山脉]召唤用-熔岩山脉 教化的 德雷昆 (9005),wander,10,10,40,1,103041|103042,50|50,MyHP|80|Rate|30|Skill|103043,,,,,,,,,,,,,,
12171,Lv.45 [愤怒的 山脉]召唤用-魔法阵 水魔 德雷昆 (9005),wander,10,10,40,1,103051|103052,50|50,MyHP|80|Rate|30|Skill|103053,BattleTime|2|Talk|1,,,,,,,,,~~~~~ ~~ ~ ~~ ~~!,,,,
12172,Lv.45 [愤怒的 山脉]召唤用-精神出窍 柯尔特 (精锐) (1017),wander,10,10,40,1,111091|111092,50|50,MyHP|80|Rate|30|Skill|111093,BattleTime|2|Talk|1,,,,,,,,,~~~~ ~ ~~~~ ~~~!,,,,
12173,阿克卢德 斯库-本 德雷昆(1041),wander,25,10,40,0,233101|233102|233103,40|40|20,MyHP|80|Rate|40|Skill|233105,,,,,,,,,,,,,,
12174,(先攻) 暗黑的 精灵,wander,0,10,0,1,,,IdleTime|2|Talk|1,IdleTime|6|Talk|2,,,,,,,,,~~~~ ~~~ ~~~~~~ ~~ ~~~!,~~~ ~~~ ~~~~!,,,
12501,怪兽-幽灵 安提兰斯(5012),wander,0,10,40,1,101091|101092,50|50,IdleTime|5|Talk|1,,,,,,,,,,"~, ~~ ~~ ~~~~. ~ ~~~~. ~ ~~ ~~~.",,,,
12502,NPC-冰玫瑰 祭坛(12036),stand,0,0,0,1,,,IdleTime|2|Skill|210016,,,,,,,,,,,,,,
12503,NPC-伍尔号特(9033),wander,0,10,0,1,,,IdleTime|3|Talk|1,IdleTime|9|Talk|1,,,,,,,,,~~~.~~ ~~ ~~~~~~.. ~ ~~ ~~~~~ ~~ ~~~ ~~~ ~ ~~~~~ ~~~~.,~ ~~ ~~~ ~~~~~ ~. ~~~ ~~ ~~ ~~~ ~~~~~ ~~~ ~~~~ ~~~~~.,,,
12504,疑心的兵士 (先攻),stand,0,0,40,1,100911|100912,50|50,MyHP|50|Rate|20|Skill|100913,,,,,,,,,,,,,,
12505,怪兽 - 狂乱的 魔道士 摩斯 (精锐) (1003),wander,10,10,40,1,115731|115732,50|50,MyHP|80|Rate|30|Skill|115733,IdleTime|5|Skill|232511,,,,,,,,IdleRepeat|10800|Skill|232511,,,,,
12506,怪兽 - 坚固的 鳞片桶 (5009),wander,10,10,40,1,107041|107042,50|50,MyHP|80|Rate|30|Skill|107043,,,,,,,,,,,,,,
12507,怪兽 - 智慧门 袭击者 (1024),wander,10,10,40,1,107061|107062,50|50,MyHP|80|Rate|30|Skill|107063,Die|0|TriggerSkill|210006,,,,,,,,,,,,,
12508,怪兽 - 智慧门 造香士 (1025),wander,10,10,40,1,107051|107052,50|50,MyHP|80|Rate|30|Skill|107053,,,,,,,,,,,,,,
12509,怪兽 - 哈比 巫师 (7022),wander,10,10,40,1,107071|107072,50|50,MyHP|80|Rate|30|Skill|107073,Die|0|TriggerSkill|210007,,,,,,,,,,,,,
12510,怪兽 - 戴奥斯沃夫 奇袭兵 (1003),wander,10,10,40,1,107081|107082,50|50,MyHP|80|Rate|30|Skill|107083,Die|0|TriggerSkill|210008,,,,,,,,,,,,,
12511,怪兽 - 赫尔马斯特 警备兵 (5015),wander,10,10,40,1,107091|107092,50|50,MyHP|80|Rate|30|Skill|107093,Die|0|TriggerSkill|210005,,,,,,,,,,,,,
12512,敌对 NPC - Lv.41 - (先攻) 粗暴 铁蹄 拉蓬提普 (9016),wander,10,10,40,1,107991|107992,50|50,MyHP|80|Rate|30|Skill|107993,,,,,,,,,,,,,,
12513,敌对 NPC - Lv.43 - (先攻) 流传的 内克洛斯 (5046),wander,10,10,40,1,108011|108012,50|50,MyHP|80|Rate|30|Skill|108013,,,,,,,,,,,,,,
12514,敌对 NPC - Lv.44 - (先攻) ??的 巫师 (3015),wander,10,10,40,1,108051|108052,50|50,MyHP|80|Rate|30|Skill|108053,,,,,,,,,,,,,,
12515,敌对 NPC - Lv.44 - (先攻) 狡猾的 阿勒孙 (7054),wander,10,10,40,1,108061|108062,50|50,MyHP|80|Rate|30|Skill|108063,,,,,,,,,,,,,,
12516,敌对 NPC - Lv.44 - (先攻) 智慧门 传令士 (1024),wander,10,10,40,1,108071|108072,50|50,MyHP|80|Rate|30|Skill|108073,,,,,,,,,,,,,,
12517,敌对 NPC - Lv.45 (先攻) 燃烧的 西莫诺 (9012),wander,10,10,40,1,108081|108082,50|50,MyHP|80|Rate|30|Skill|108083,,,,,,,,,,,,,,
12518,怪兽 - 布洛伍森 隐身兵(1012),wander,10,10,40,1,107101|107102,50|50,MyHP|80|Rate|30|Skill|107103,Die|0|TriggerSkill|210027,,,,,,,,,,,,,
12519,怪兽 - 彷徨的 内克洛斯 (,wander,10,10,40,1,107111|107112,50|50,MyHP|80|Rate|30|Skill|107113,Die|0|TriggerSkill|210028,,,,,,,,,,,,,
13001,战士 人类 嘉德 骑士(106),stand,10,0,40,1,260001|260002,50|50,MyHP|50|Rate|20|Skill|260003,,,,,,,,,,,,,,
13002,战士 人类 嘉德 弓箭手(107),stand,10,0,40,1,260011|260012,50|50,MyHP|50|Rate|20|Skill|260013,,,,,,,,,,,,,,
13003,战士 人类 嘉德 魔法师(108),stand,10,0,40,1,260021|260022,50|50,MyHP|50|Rate|20|Skill|260023,,,,,,,,,,,,,,
13004,人类 皇家嘉德 女骑士(101),stand,10,0,40,1,260031|260032,50|50,MyHP|50|Rate|20|Skill|260033,,,,,,,,,,,,,,
13005,人类 皇家嘉德 女弓箭手(104),stand,10,0,40,1,260041|260042,50|50,MyHP|50|Rate|20|Skill|260043,,,,,,,,,,,,,,
13006,人类 皇家嘉德 女魔法师(105),stand,10,0,40,1,260051|260052,50|50,MyHP|50|Rate|20|Skill|260053,,,,,,,,,,,,,,
13007,战士 橡木 嘉德战士(700),stand,10,0,40,1,260511|260512,50|50,MyHP|50|Rate|20|Skill|260513,,,,,,,,,,,,,,
13008,战士 橡木 嘉德 弓箭手(701),stand,10,0,40,1,260521|260522,50|50,MyHP|50|Rate|20|Skill|260523,,,,,,,,,,,,,,
13009,战士 橡木 嘉德 魔法师(702),stand,10,0,40,1,260531|260532,50|50,MyHP|50|Rate|20|Skill|260533,,,,,,,,,,,,,,
13010,门艾尔普 皇家嘉德 女战士(303),stand,10,0,40,1,260541|260542,50|50,MyHP|50|Rate|20|Skill|260543,,,,,,,,,,,,,,
13011,门艾尔普 皇家嘉德 女弓箭手(304),stand,10,0,40,1,260551|260552,50|50,MyHP|50|Rate|20|Skill|260553,,,,,,,,,,,,,,
13012,门艾尔普 皇家嘉德 女奥弗(305),stand,10,0,40,1,260561|260562,50|50,MyHP|50|Rate|20|Skill|260563,,,,,,,,,,,,,,
13101,战士 人类 嘉德骑士(106),wander,0,10,40,1,260001|260002,50|50,MyHP|50|Rate|20|Skill|300013,,,,,,,,,,,,,,
13102,战士 人类 嘉德弓箭手(107),wander,0,10,40,1,260011|260012,50|50,MyHP|50|Rate|20|Skill|260013,,,,,,,,,,,,,,
13103,战士 人类 嘉德魔法师(108),wander,0,10,40,1,260021|260022,50|50,MyHP|50|Rate|20|Skill|260023,,,,,,,,,,,,,,
13104,人类 皇家嘉德 女骑士(101),wander,0,10,40,1,260031|260032,50|50,MyHP|50|Rate|20|Skill|260033,,,,,,,,,,,,,,
13105,人类 皇家嘉德 女弓箭手(104),wander,0,10,40,1,260041|260042,50|50,MyHP|50|Rate|20|Skill|260043,,,,,,,,,,,,,,
13106,人类 皇家嘉德 女魔法师(105),wander,0,10,40,1,260051|260052,50|50,MyHP|50|Rate|20|Skill|260053,,,,,,,,,,,,,,
13107,战士 橡木 嘉德战士(700),wander,0,10,40,1,260511|260512,50|50,MyHP|50|Rate|20|Skill|260513,,,,,,,,,,,,,,
13108,战士 橡木 嘉德弓箭手(701),wander,0,10,40,1,260521|260522,50|50,MyHP|50|Rate|20|Skill|260523,,,,,,,,,,,,,,
13109,战士 橡木 嘉德魔法师(702),wander,0,10,40,1,260531|260532,50|50,MyHP|50|Rate|20|Skill|260533,,,,,,,,,,,,,,
13110,门艾尔普 皇家嘉德 女战士(303),wander,0,10,40,1,260541|260542,50|50,MyHP|50|Rate|20|Skill|260543,,,,,,,,,,,,,,
13111,门艾尔普 皇家嘉德 女弓箭手(304),wander,0,10,40,1,260551|260552,50|50,MyHP|50|Rate|20|Skill|260553,,,,,,,,,,,,,,
13112,门艾尔普 皇家嘉德 女奥弗(305),wander,0,10,40,1,260561|260562,50|50,MyHP|50|Rate|20|Skill|260563,,,,,,,,,,,,,,
13201,战士 人类 嘉德 骑士(106),wander,10,10,40,1,260001|260002,50|50,MyHP|50|Rate|20|Skill|300013,,,,,,,,,,,,,,
13202,战士 人类 嘉德 弓箭手(107),wander,10,10,40,1,260011|260012,50|50,MyHP|50|Rate|20|Skill|260013,,,,,,,,,,,,,,
13203,战士 人类 嘉德 魔法师(108),wander,10,10,40,1,260021|260022,50|50,MyHP|50|Rate|20|Skill|260023,,,,,,,,,,,,,,
13204,人类 皇家嘉德 女骑士(101),wander,10,10,40,1,260031|260032,50|50,MyHP|50|Rate|20|Skill|260033,,,,,,,,,,,,,,
13205,人类 皇家嘉德 女弓箭手(104),wander,10,10,40,1,260041|260042,50|50,MyHP|50|Rate|20|Skill|260043,,,,,,,,,,,,,,
13206,人类 皇家嘉德 女魔法师(105),wander,10,10,40,1,260051|260052,50|50,MyHP|50|Rate|20|Skill|260053,,,,,,,,,,,,,,
13207,战士 橡木 嘉德战士(700),wander,10,10,40,1,260511|260512,50|50,MyHP|50|Rate|20|Skill|260513,,,,,,,,,,,,,,
13208,战士 橡木 嘉德 弓箭手(701),wander,10,10,40,1,260521|260522,50|50,MyHP|50|Rate|20|Skill|260523,,,,,,,,,,,,,,
13209,战士 橡木 嘉德 魔法师(702),wander,10,10,40,1,260531|260532,50|50,MyHP|50|Rate|20|Skill|260533,,,,,,,,,,,,,,
13210,门艾尔普 皇家嘉德 女战士(303),wander,10,10,40,1,260541|260542,50|50,MyHP|50|Rate|20|Skill|260543,,,,,,,,,,,,,,
13211,门艾尔普 皇家嘉德 女弓箭手(304),wander,10,10,40,1,260551|260552,50|50,MyHP|50|Rate|20|Skill|260553,,,,,,,,,,,,,,
13212,门艾尔普 皇家嘉德 女奥弗(305),wander,10,10,40,1,260561|260562,50|50,MyHP|50|Rate|20|Skill|260563,,,,,,,,,,,,,,
13301,战士 人类 嘉德 骑士(106),patrol,10,0,60,1,260001|260002,50|50,MyHP|50|Rate|20|Skill|300013,,,,,,,,,,,,,,
13302,战士 人类 嘉德 弓箭手(107),patrol,10,0,60,1,260011|260012,50|50,MyHP|50|Rate|20|Skill|260013,,,,,,,,,,,,,,
13303,战士 人类 嘉德 魔法师(108),patrol,10,0,60,1,260021|260022,50|50,MyHP|50|Rate|20|Skill|260023,,,,,,,,,,,,,,
13304,人类 皇家嘉德 女骑士(101),patrol,10,0,60,1,260031|260032,50|50,MyHP|50|Rate|20|Skill|260033,,,,,,,,,,,,,,
13305,人类 皇家嘉德 女弓箭手(104),patrol,10,0,60,1,260041|260042,50|50,MyHP|50|Rate|20|Skill|260043,,,,,,,,,,,,,,
13306,人类 皇家嘉德 女魔法师(105),patrol,10,0,60,1,260051|260052,50|50,MyHP|50|Rate|20|Skill|260053,,,,,,,,,,,,,,
13307,战士 橡木 嘉德战士(700),wander,10,10,40,1,260511|260512,50|50,MyHP|50|Rate|20|Skill|260513,,,,,,,,,,,,,,
13308,战士 橡木 嘉德弓箭手(701),wander,10,10,40,1,260521|260522,50|50,MyHP|50|Rate|20|Skill|260523,,,,,,,,,,,,,,
13309,战士 橡木 嘉德魔法师(702),wander,10,10,40,1,260531|260532,50|50,MyHP|50|Rate|20|Skill|260533,,,,,,,,,,,,,,
13310,门艾尔普 皇家嘉德女战士(303),patrol,10,0,60,1,260541|260542,50|50,MyHP|50|Rate|20|Skill|260543,,,,,,,,,,,,,,
13311,门艾尔普 皇家嘉德女弓箭手(304),patrol,10,0,60,1,260551|260552,50|50,MyHP|50|Rate|20|Skill|260553,,,,,,,,,,,,,,
13312,门艾尔普 皇家嘉德女奥弗(305),patrol,10,0,60,1,260561|260562,50|50,MyHP|50|Rate|20|Skill|260563,,,,,,,,,,,,,,
13401,艾因哈伊 代表(900),stand,10,0,40,1,,,,,,,,,,,,,,,,,
13402,戴姆里伸 代表(901),stand,10,0,40,1,,,,,,,,,,,,,,,,,
20001,Lv.1 伤痕的 陷阱(20000),stand,5,0,0,1,33121,100,,,,,,,,,,,,,,,
20002,Lv.2 伤痕的 陷阱(20000),stand,5,0,0,1,33122,100,,,,,,,,,,,,,,,
20003,Lv.3 伤痕的 陷阱(20000),stand,5,0,0,1,33123,100,,,,,,,,,,,,,,,
20004,Lv.4 伤痕的 陷阱(20000),stand,5,0,0,1,33124,100,,,,,,,,,,,,,,,
20005,Lv.5 伤痕的 陷阱(20000),stand,5,0,0,1,33125,100,,,,,,,,,,,,,,,
20011,L.v.1 刀锋 陷阱(20000),stand,5,0,0,1,33191,100,,,,,,,,,,,,,,,
20012,L.v.2 刀锋 陷阱(20000),stand,5,0,0,1,33192,100,,,,,,,,,,,,,,,
20013,L.v.3 刀锋 陷阱(20000),stand,5,0,0,1,33193,100,,,,,,,,,,,,,,,
20014,L.v.4 刀锋 陷阱(20000),stand,5,0,0,1,33194,100,,,,,,,,,,,,,,,
20015,L.v.5 刀锋 陷阱(20000),stand,5,0,0,1,33195,100,,,,,,,,,,,,,,,
20021,L.v.1 混沌的 陷阱(20000),stand,5,0,0,1,33251|33261,100,,,,,,,,,,,,,,,
20022,L.v.2 混沌的 陷阱(20000),stand,5,0,0,1,33252|33262,100,,,,,,,,,,,,,,,
20023,L.v.3 混沌的 陷阱(20000),stand,5,0,0,1,33253|33263,100,,,,,,,,,,,,,,,
20024,L.v.4 混沌的 陷阱(20000),stand,5,0,0,1,33254|33264,100,,,,,,,,,,,,,,,
20025,L.v.5 混沌的 陷阱(20000),stand,5,0,0,1,33255|33265,100,,,,,,,,,,,,,,,
20031,L.v.1 诅咒的 陷阱(20000),stand,5,0,0,1,33321,100,,,,,,,,,,,,,,,
20032,L.v.2 诅咒的 陷阱(20000),stand,5,0,0,1,33322,100,,,,,,,,,,,,,,,
20033,L.v.3 诅咒的 陷阱(20000),stand,5,0,0,1,33323,100,,,,,,,,,,,,,,,
20034,L.v.4 诅咒的 陷阱(20000),stand,5,0,0,1,33324,100,,,,,,,,,,,,,,,
20035,L.v.5 诅咒的 陷阱(20000),stand,5,0,0,1,33325,100,,,,,,,,,,,,,,,
20041,Lv.1 出血的 陷阱(20000),stand,5,0,0,1,33511|33521,100,,,,,,,,,,,,,,,
20042,Lv.2 出血的 陷阱(20000),stand,5,0,0,1,33512|33522,100,,,,,,,,,,,,,,,
20043,Lv.3 出血的 陷阱(20000),stand,5,0,0,1,33513|33523,100,,,,,,,,,,,,,,,
20044,Lv.4 出血的 陷阱(20000),stand,5,0,0,1,33514|33524,100,,,,,,,,,,,,,,,
20045,Lv.5 出血的 陷阱(20000),stand,5,0,0,1,33515|33525,100,,,,,,,,,,,,,,,
20051,L.v.1 死亡的 陷阱(20000),stand,5,0,0,1,33541|33551,100,,,,,,,,,,,,,,,
20052,L.v.2 死亡的 陷阱(20000),stand,5,0,0,1,33542|33552,100,,,,,,,,,,,,,,,
20053,L.v.3 死亡的 陷阱(20000),stand,5,0,0,1,33543|33553,100,,,,,,,,,,,,,,,
20054,L.v.4 死亡的 陷阱(20000),stand,5,0,0,1,33544|33554,100,,,,,,,,,,,,,,,
20055,L.v.5 死亡的 陷阱(20000),stand,5,0,0,1,33545|33555,100,,,,,,,,,,,,,,,
20251,L.v.1 破碎的 陷阱(20000),stand,3,0,0,1,9121,100,,,,,,,,,,,,,,,
20252,L.v.2 破碎的 陷阱(20000),stand,3,0,0,1,9122,100,,,,,,,,,,,,,,,
20253,L.v.3 破碎的 陷阱(20000),stand,3,0,0,1,9123,100,,,,,,,,,,,,,,,
20254,L.v.4 破碎的 陷阱(20000),stand,3,0,0,1,9124,100,,,,,,,,,,,,,,,
20255,L.v.5 破碎的 陷阱(20000),stand,3,0,0,1,9125,100,,,,,,,,,,,,,,,
20261,L.v.1 猎人 陷阱(20000),stand,3,0,0,1,9191,100,,,,,,,,,,,,,,,
20262,L.v.2 猎人 陷阱(20000),stand,3,0,0,1,9192,100,,,,,,,,,,,,,,,
20263,L.v.3 猎人 陷阱(20000),stand,3,0,0,1,9193,100,,,,,,,,,,,,,,,
20264,L.v.4 猎人 陷阱(20000),stand,3,0,0,1,9194,100,,,,,,,,,,,,,,,
20265,L.v.5 猎人 陷阱(20000),stand,3,0,0,1,9195,100,,,,,,,,,,,,,,,
20271,L.v.1 脚镣的 陷阱(20000),stand,3,0,0,1,9251|9261,100,,,,,,,,,,,,,,,
20272,L.v.2 脚镣的 陷阱(20000),stand,3,0,0,1,9252|9262,100,,,,,,,,,,,,,,,
20273,L.v.3 脚镣的 陷阱(20000),stand,3,0,0,1,9253|9263,100,,,,,,,,,,,,,,,
20274,L.v.4 脚镣的 陷阱(20000),stand,3,0,0,1,9254|9264,100,,,,,,,,,,,,,,,
20275,L.v.5 脚镣的 陷阱(20000),stand,3,0,0,1,9255|9265,100,,,,,,,,,,,,,,,
20281,L.v.1 睡眠的 陷阱(20000),stand,3,0,0,1,9321,100,,,,,,,,,,,,,,,
20282,L.v.2 睡眠的 陷阱(20000),stand,3,0,0,1,9322,100,,,,,,,,,,,,,,,
20283,L.v.3 睡眠的 陷阱(20000),stand,3,0,0,1,9323,100,,,,,,,,,,,,,,,
20284,L.v.4 睡眠的 陷阱(20000),stand,3,0,0,1,9324,100,,,,,,,,,,,,,,,
20285,L.v.5 睡眠的 陷阱(20000),stand,3,0,0,1,9325,100,,,,,,,,,,,,,,,
20291,L.v.1 猛毒的 陷阱(20000),stand,3,0,0,1,9511|9521,100,,,,,,,,,,,,,,,
20292,L.v.2 猛毒的 陷阱(20000),stand,3,0,0,1,9512|9522,100,,,,,,,,,,,,,,,
20293,L.v.3 猛毒的 陷阱(20000),stand,3,0,0,1,9513|9523,100,,,,,,,,,,,,,,,
20294,L.v.4 猛毒的 陷阱(20000),stand,3,0,0,1,9514|9524,100,,,,,,,,,,,,,,,
20295,L.v.5 猛毒的 陷阱(20000),stand,3,0,0,1,9515|9525,100,,,,,,,,,,,,,,,
20301,L.v.1 暗杀者的 陷阱(20000),stand,3,0,0,1,9541|9551,100,,,,,,,,,,,,,,,
20302,L.v.2 暗杀者的 陷阱(20000),stand,3,0,0,1,9542|9552,100,,,,,,,,,,,,,,,
20303,L.v.3 暗杀者的 陷阱(20000),stand,3,0,0,1,9543|9553,100,,,,,,,,,,,,,,,
20304,L.v.4 暗杀者的 陷阱(20000),stand,3,0,0,1,9544|9554,100,,,,,,,,,,,,,,,
20305,L.v.5 暗杀者的 陷阱(20000),stand,3,0,0,1,9545|9555,100,,,,,,,,,,,,,,,
20501,L.v.1 恢复的 魔法阵-图腾(20001),stand,5,0,0,1,3371,100,,,,,,,,,,,,,,,
20502,L.v.2 恢复的 魔法阵-图腾(20001),stand,5,0,0,1,3372,100,,,,,,,,,,,,,,,
20503,L.v.3 恢复的 魔法阵-图腾(20001),stand,5,0,0,1,3373,100,,,,,,,,,,,,,,,
20504,L.v.4 恢复的 魔法阵-图腾(20001),stand,5,0,0,1,3374,100,,,,,,,,,,,,,,,
20505,L.v.5 恢复的 魔法阵-图腾(20001),stand,5,0,0,1,3375,100,,,,,,,,,,,,,,,
20511,L.v.1 魔力 循环子弹-图腾(20001),stand,5,0,0,1,24151,100,,,,,,,,,,,,,,,
20512,L.v.2 魔力 循环子弹-图腾(20001),stand,5,0,0,1,24152,100,,,,,,,,,,,,,,,
20513,L.v.3 魔力 循环子弹-图腾(20001),stand,5,0,0,1,24153,100,,,,,,,,,,,,,,,
20514,L.v.4 魔力 循环子弹-图腾(20001),stand,5,0,0,1,24154,100,,,,,,,,,,,,,,,
20515,L.v.5 魔力 循环子弹-图腾(20001),stand,5,0,0,1,24155,100,,,,,,,,,,,,,,,
20521,L.v.1 打击的子弹-图腾(20001),stand,5,0,0,1,24211,100,,,,,,,,,,,,,,,
20522,L.v.2 打击的子弹-图腾(20001),stand,5,0,0,1,24212,100,,,,,,,,,,,,,,,
20523,L.v.3 打击的子弹-图腾(20001),stand,5,0,0,1,24213,100,,,,,,,,,,,,,,,
20524,L.v.4 打击的子弹-图腾(20001),stand,5,0,0,1,24214,100,,,,,,,,,,,,,,,
20525,L.v.5 打击的子弹-图腾(20001),stand,5,0,0,1,24215,100,,,,,,,,,,,,,,,
20531,L.v.1 贤者的子弹-图腾(20001),stand,5,0,0,1,24281,100,,,,,,,,,,,,,,,
20532,L.v.2 贤者的子弹-图腾(20001),stand,5,0,0,1,24282,100,,,,,,,,,,,,,,,
20533,L.v.3 贤者的子弹-图腾(20001),stand,5,0,0,1,24283,100,,,,,,,,,,,,,,,
20534,L.v.4 贤者的子弹-图腾(20001),stand,5,0,0,1,24284,100,,,,,,,,,,,,,,,
20535,L.v.5 贤者的子弹-图腾(20001),stand,5,0,0,1,24285,100,,,,,,,,,,,,,,,
20541,L.v.1 疾风的子弹-图腾(20001),stand,5,0,0,1,24371,100,,,,,,,,,,,,,,,
20542,L.v.2 疾风的子弹-图腾(20001),stand,5,0,0,1,24372,100,,,,,,,,,,,,,,,
20543,L.v.3 疾风的子弹-图腾(20001),stand,5,0,0,1,24373,100,,,,,,,,,,,,,,,
20544,L.v.4 疾风的子弹-图腾(20001),stand,5,0,0,1,24374,100,,,,,,,,,,,,,,,
20545,L.v.5 疾风的子弹-图腾(20001),stand,5,0,0,1,24375,100,,,,,,,,,,,,,,,
20751,L.v.1 治疗的 魔法阵-图腾(20001),stand,5,0,0,1,36371,100,,,,,,,,,,,,,,,
20752,L.v.2 治疗的 魔法阵-图腾(20001),stand,5,0,0,1,36372,100,,,,,,,,,,,,,,,
20753,L.v.3 治疗的 魔法阵-图腾(20001),stand,5,0,0,1,36373,100,,,,,,,,,,,,,,,
20754,L.v.4 治疗的 魔法阵-图腾(20001),stand,5,0,0,1,36374,100,,,,,,,,,,,,,,,
20755,L.v.5 治疗的 魔法阵-图腾(20001),stand,5,0,0,1,36375,100,,,,,,,,,,,,,,,
20761,L.v.1 魔力 循环 奥弗-图腾(20001),stand,5,0,0,1,12151,100,,,,,,,,,,,,,,,
20762,L.v.2 魔力 循环 奥弗-图腾(20001),stand,5,0,0,1,12152,100,,,,,,,,,,,,,,,
20763,L.v.3 魔力 循环 奥弗-图腾(20001),stand,5,0,0,1,12153,100,,,,,,,,,,,,,,,
20764,L.v.4 魔力 循环 奥弗-图腾(20001),stand,5,0,0,1,12154,100,,,,,,,,,,,,,,,
20765,L.v.5 魔力 循环 奥弗-图腾(20001),stand,5,0,0,1,12155,100,,,,,,,,,,,,,,,
20771,L.v.1 打击的 奥弗-图腾(20001),stand,5,0,0,1,12211,100,,,,,,,,,,,,,,,
20772,L.v.2 打击的 奥弗-图腾(20001),stand,5,0,0,1,12212,100,,,,,,,,,,,,,,,
20773,L.v.3 打击的 奥弗-图腾(20001),stand,5,0,0,1,12213,100,,,,,,,,,,,,,,,
20774,L.v.4 打击的 奥弗-图腾(20001),stand,5,0,0,1,12214,100,,,,,,,,,,,,,,,
20775,L.v.5 打击的 奥弗-图腾(20001),stand,5,0,0,1,12215,100,,,,,,,,,,,,,,,
20781,L.v.1 贤者的 奥弗-图腾(20001),stand,5,0,0,1,12281,100,,,,,,,,,,,,,,,
20782,L.v.2 贤者的 奥弗-图腾(20001),stand,5,0,0,1,12282,100,,,,,,,,,,,,,,,
20783,L.v.3 贤者的 奥弗-图腾(20001),stand,5,0,0,1,12283,100,,,,,,,,,,,,,,,
20784,L.v.4 贤者的 奥弗-图腾(20001),stand,5,0,0,1,12284,100,,,,,,,,,,,,,,,
20785,L.v.5 贤者的 奥弗-图腾(20001),stand,5,0,0,1,12285,100,,,,,,,,,,,,,,,
20791,L.v.1 疾风的 奥弗-图腾(20001),stand,5,0,0,1,12371,100,,,,,,,,,,,,,,,
20792,L.v.2 疾风的 奥弗-图腾(20001),stand,5,0,0,1,12372,100,,,,,,,,,,,,,,,
20793,L.v.3 疾风的 奥弗-图腾(20001),stand,5,0,0,1,12373,100,,,,,,,,,,,,,,,
20794,L.v.4 疾风的 奥弗-图腾(20001),stand,5,0,0,1,12374,100,,,,,,,,,,,,,,,
20795,L.v.5 疾风的 奥弗-图腾(20001),stand,5,0,0,1,12375,100,,,,,,,,,,,,,,,
21000,Lv.32 哈利伊德(BOSS)(1034)-怪兽 士龙,stand,5,0,0,1,121119,100,,,,,,,,,,,,,,,
22001,雪警-人类 嘉德战士 (106),patrol,10,0,20,1,260001|260002,50|50,IdleRepeat|20|Rate|30|Talk|1,,,,,,,,,,~~~~ ~~~ ~~~ ~~~!,,,,
22002,雪警-人类 嘉德 弓箭手 (107),patrol,10,0,20,1,260011|260012,50|50,IdleRepeat|25|Rate|30|Talk|1,,,,,,,,,,~~~~ ~~~ ~~~ ~~ ~~~!,,,,
22003,雪警-人类 嘉德 魔法师 (108),patrol,10,0,20,1,260021|260022,50|50,IdleRepeat|30|Rate|30|Talk|1,,,,,,,,,,~~ ~~~~~~~~ ~~!,,,,
22004,"雪警-居民 (30001,30100)",patrol,10,0,20,1,,,,,,,,,,,,,,,,,
22501,雪警-橡木 嘉德战士 (700),patrol,10,0,20,1,260511|260512,50|50,IdleRepeat|20|Rate|30|Talk|1,,,,,,,,,,~~~~ ~~~ ~~~ ~~ ~~~ ~!,,,,
22502,雪警-橡木 嘉德 弓箭手 (701),patrol,10,0,20,1,260521|260522,50|50,IdleRepeat|25|Rate|30|Talk|1,,,,,,,,,,~~~~ ~~~ ~~~ ~~ ~~~!,,,,
22503,雪警-橡木 嘉德 魔法师 (702),patrol,10,0,20,1,260531|260532,50|50,IdleRepeat|30|Rate|30|Talk|1,,,,,,,,,,~~~~~~ ~~!,,,,
22504,"雪警-居民 (33012,33600,12)",patrol,0,0,0,1,,,,,,,,,,,,,~~~~ ~~~~~~ ~~~ ~~~~.,,,,
23000,环境 NPC,stand,0,0,0,1,305031|305032,50|50,,,,,,,,,,,,,,,
24001,双手剑 (休眠),wander,10,10,40,1,30011|30021,50|50,,,,,,,,,,,,,,,
24002,石弓 (艾因哈伊),wander,10,10,40,1,33011|33021,50|50,,,,,,,,,,,,,,,
24003,单手剑 (艾因哈伊),wander,10,10,40,1,27011|27021,50|50,,,,,,,,,,,,,,,
24004,手杖(艾因哈伊),wander,10,10,40,1,3011|3021,50|50,,,,,,,,,,,,,,,
24101,斧子 (橡木),wander,10,10,40,1,6011|6021,50|50,,,,,,,,,,,,,,,
24102,弓 (戴姆里伸),wander,10,10,40,1,9011|9021,50|50,,,,,,,,,,,,,,,
24103,兰斯 (戴姆里伸),wander,10,10,40,1,1|11,50|50,,,,,,,,,,,,,,,
24104,万德 (戴姆里伸),wander,10,10,40,1,36011|36021,50|50,,,,,,,,,,,,,,,
24503,迷路的少女(npc号码 30503),follow,0,0,0,1,,,IdleTime|15|Talk|1,IdleTime|25|Talk|2,,,,,,,,,~~~ ~~~~~ ~~~~ ~~ ~~~~,粉碎机~ ~~~~. ~~~ ~~~.,,,
24504,被活捉的 居民(npc号码 30000),follow,0,0,0,1,,,IdleTime|15|Talk|1,IdleTime|25|Talk|2,,,,,,,,,~~. ~~~ ~~~ ~~~. ,~~ ~~~ ~~~ ~~~~. ~~ ~~~~~~.,,,
24505,流亡者 格兰卡伦(npc号码 5035),follow,0,0,0,1,104901|104902,50|50,IdleTime|15|Talk|1,IdleTime|25|Talk|2,,,,,,,,,~. ~~ ~~~~ ~~.,~~~. ~~~ ~~ ~~~ ~~~~~ ~. ~~ ~~~~,,,
24506,光之司祭 利尔李斯(npc号码 104),follow,0,0,0,1,260041|260042,50|50,IdleTime|15|Talk|1,IdleTime|25|Talk|2,,,,,,,,,~~~~ ~~~ ~~~.,~~~ ~~ ~~~ ~~~.,,,
24507,小牛(npc号码 13002),follow,0,0,0,1,,,,,,,,,,,,,,,,,
24508,被遗忘村庄 生存者(码?npc 30004),follow,0,0,0,1,,,,,,,,,,,,,,,,,
24509,强毒 乐德普(4162),follow,0,0,0,1,,,,,,,,,,,,,,,,,
24510,炼金术士 鲁克利(4165),follow,0,0,0,1,,,,,,,,,,,,,,,,,
25001,胡安(npc号码 51200),patrol,0,0,20,1,260511|260512,50|50,IdleTime|15|Talk|1,IdleTime|25|Talk|2,,,,,,,,,~ ~~~ ~~~ ~~ ~~ ~~~ ~ ~ ~~ ~~~.,~ ~~~~!,,,
25002,拉伊(npc号码 51201),follow,0,0,20,1,260511|260512,50|50,IdleTime|15|Talk|1,IdleTime|25|Talk|2,,,,,,,,,哥布林 ~~~~ ~~~~~ ~~~~ ~~~~~.,~ ~~~ ~~~~~~. ~~~~~.,,,
25003,??(npc号码 51202),patrol,0,0,20,1,260511|260512,50|50,,,,,,,,,,,,,,,
25004,伊欧贝的 儿子 鲁斯 (700),follow,0,0,0,1,,,IdleTime|15|Talk|1,IdleTime|25|Talk|2,IdleTime|35|Talk|3,,,,,,,,"~~, ~~ ~~~ ~~ ~~~~.",~ ~~~ ~~~ ~~~. ~~~~.,~~~~ ~~ ~~~.,,
25005,幽灵 努拉(702),follow,0,0,0,1,,,IdleTime|15|Talk|1,IdleTime|25|Talk|2,IdleTime|35|Talk|3,,,,,,,,~~ ~~ ~~~~ ~~~ ~~~.,~~~ ~~~ ~~~~ ~~~.,~~ ~~~ ~~ ~~~~~~,,
25006,村庄少女艾林 (33004),follow,0,0,0,1,,,IdleTime|15|Talk|1,IdleTime|25|Talk|2,,,,,,,,,~ ~~~ ~~~~ ~~~~.,~~~ ~~ ~~~ ~~~~.,,,
25007,朴拉 (54080),follow,0,0,0,1,,,IdleTime|5|Talk|1,IdleTime|15|Talk|2,IdleTime|25|Talk|3,,,,,,,,~~~ ~~~ ~~~ ~~~~~.,~ ~~~ ~~~~~~~.,~~ ~~~ ~~~~ ~~~~.,,
25008,波谷尔 (54081),follow,0,0,0,1,,,IdleTime|5|Talk|1,IdleTime|15|Talk|2,IdleTime|25|Talk|3,,,,,,,,~~ ~~ ~ ~~ ~~ ~~~~ ~~~~ ~~.,~~ ~~~ ~ ~ ~~ ~~ ~~.,~~ ~~ ~ ~~~~~ ~~.,,
25009,阿尔斯拉血斯 (702),follow,0,0,0,1,,,,,,,,,,,,,,,,,
25010,扎伊 (33501),follow,0,0,0,1,,,,,,,,,,,,,,,,,
25011,胡安 (700),follow,0,0,0,1,,,,,,,,,,,,,,,,,
40000,技术者,stand,0,0,0,1,,,IdleRepeat|20|Rate|30|Talk|1,,,,,,,,,,~~ ~~~ ~~~~~~ ~~~ ~~~.,,,,
40001,铁匠,stand,0,0,0,1,,,IdleRepeat|25|Rate|30|Talk|1,,,,,,,,,,~~~ ~~~~~ ~~~ ~~~~ ~~~ ~~~.,,,,
40002,仓库,stand,0,0,0,1,,,IdleRepeat|30|Rate|30|Talk|1,,,,,,,,,,~~~~ ~~~ ~~~~~.,,,,
40003,杂货商人,stand,0,0,0,1,,,IdleRepeat|35|Rate|30|Talk|1,,,,,,,,,,~~ ~~ ~~ ~~~.,,,,
40004,狗 (13000) 的成语,wander,0,10,0,1,,,IdleRepeat|35|Rate|30|Talk|1,,,,,,,,,,~~ ~~,,,,
40005,鸭子 (13001) 的成语,wander,0,10,0,1,,,IdleRepeat|35|Rate|30|Talk|1,,,,,,,,,,~~ ~~,,,,
40006,小牛 (13002) 的成语,wander,0,10,0,1,,,IdleRepeat|35|Rate|30|Talk|1,,,,,,,,,,~~~~,,,,
40007,鹿 (13003) 的成语,wander,0,10,0,1,,,IdleRepeat|35|Rate|30|Talk|1,,,,,,,,,,~~~,,,,
40008,猪 (13004) 的成语,wander,0,10,0,1,,,IdleRepeat|35|Rate|30|Talk|1,,,,,,,,,,~~ ~~,,,,
40009,马 (13015) 的成语,wander,0,10,0,1,,,IdleRepeat|35|Rate|30|Talk|1,,,,,,,,,,~~~,,,,
40010,艾因 秘密商人,stand,0,0,0,1,,,Die|0|TriggerSkill|200245 ,IdleTime|0|Skill|232511,IdleRepeat|10800|Skill|232511,,,,,,,,,,,,
40011,戴姆 秘密商人,stand,0,0,0,1,,,Die|0|TriggerSkill|210076,IdleTime|0|Skill|232511,IdleRepeat|10800|Skill|232511,,,,,,,,,,,,
40012,?战地NPC 拉抵抗,,0,0,0,1,,,IdleTime|0|Skill|232511,IdleRepeat|10800|Skill|232511,,,,,,,,,,,,,
40050,组合师,stand,0,0,0,1,,,IdleRepeat|35|Rate|30|Talk|1,,,,,,,,,,"~~ ~~~, ~~~~ ~~~~~~.",,,,
40051,情报军官 鲁哈奈尔(108),stand,0,0,40,1,260021|260022,50|50,MyHP|50|Rate|20|Skill|260023,,,,,,,,,,,,,,
40100,Lv.5 钢铁旗帜部队-艾因哈伊 炼楚龙(50101),wander,10,10,40,1,190001|190002,50|50,BattleTime|8|Rate|30|Talk|1,IdleRepeat|10|Rate|30|Talk|2,,,,,,,,,~~ ~~~ ~~~ ~~~!,~~~~ ~~~ ~~~ ~~!,,,
40101,Lv.5 钢铁旗帜部队-艾因哈伊 炼楚龙(50202),wander,10,10,40,1,190011|190012,50|50,BattleTime|8|Rate|30|Talk|1,IdleRepeat|10|Rate|30|Talk|2,,,,,,,,,~~~~ ~~ ~~ ~~~~~!,~~ ~~~~!,,,
40102,Lv.5 钢铁旗帜部队-艾因哈伊 炼楚龙(50503),wander,10,10,40,1,190021|190022,50|50,BattleTime|8|Rate|30|Talk|1,IdleRepeat|10|Rate|30|Talk|2,,,,,,,,,~~ ~~ ~~!,~~ ~~ ~~~ ~~~~~!,,,
40110,Lv.5 风之歌谣部队-戴姆里伸 炼楚龙(53101),wander,10,10,40,1,191001|191002,50|50,BattleTime|8|Rate|30|Talk|1,IdleRepeat|10|Rate|30|Talk|2,,,,,,,,,~~~~~!,~~! ~~!,,,
40111,Lv.5 风之歌谣部队-戴姆里伸 炼楚龙(53202),wander,10,10,40,1,191011|191012,50|50,BattleTime|8|Rate|30|Talk|1,IdleRepeat|10|Rate|30|Talk|2,,,,,,,,,~~~ ~~ ~~~!,~~~~ ~~ ~!,,,
40112,Lv.5 风之歌谣部队-戴姆里伸 炼楚龙(53503),wander,10,10,40,1,191021|191022,50|50,BattleTime|8|Rate|30|Talk|1,IdleRepeat|10|Rate|30|Talk|2,,,,,,,,,~~~ ~~~ ~~ ~~!,~~~~….!,,,
40120,Lv.15太阳气息部队-艾因哈伊 炼楚龙(50105),wander,10,10,40,1,190031|190032,50|50,BattleTime|8|Rate|30|Talk|1,IdleRepeat|10|Rate|30|Talk|2,,,,,,,,,~~ ~~~ ~~~ ~~~!,~~~~ ~~~ ~~~ ~~!,,,
40121,Lv.15太阳气息部队-艾因哈伊 炼楚龙(50204),wander,10,10,40,1,190041|190042,50|50,BattleTime|8|Rate|30|Talk|1,IdleRepeat|10|Rate|30|Talk|2,,,,,,,,,~~~~ ~~ ~~ ~~~~~!,~~ ~~~~!,,,
40122,Lv.15太阳气息部队-艾因哈伊 炼楚龙(50507),wander,10,10,40,1,190051|190052,50|50,BattleTime|8|Rate|30|Talk|1,IdleRepeat|10|Rate|30|Talk|2,,,,,,,,,~~ ~~ ~~!,~~ ~~ ~~~ ~~~~~!,,,
40130,Lv.15大地斧头部队-戴姆里伸 炼楚龙(53105),wander,10,10,40,1,191031|191032,50|50,BattleTime|8|Rate|30|Talk|1,IdleRepeat|10|Rate|30|Talk|2,,,,,,,,,~~~~~!,~~! ~~!,,,
40131,Lv.15大地斧头部队-戴姆里伸 炼楚龙(53204),wander,10,10,40,1,191041|191042,50|50,BattleTime|8|Rate|30|Talk|1,IdleRepeat|10|Rate|30|Talk|2,,,,,,,,,~~~ ~~ ~~~!,~~~~ ~~ ~!,,,
40132,Lv.15大地斧头部队-戴姆里伸 炼楚龙(53507),wander,10,10,40,1,191051|191052,50|50,BattleTime|8|Rate|30|Talk|1,IdleRepeat|10|Rate|30|Talk|2,,,,,,,,,~~~ ~~~ ~~ ~~!,~~~~….!,,,
40140,Lv.25钢铁旗帜部队 炼楚龙(50109),wander,10,10,40,1,190071|190072,50|50,BattleTime|8|Rate|30|Talk|1,IdleRepeat|10|Rate|30|Talk|2,,,,,,,,,~~ ~~~ ~~~ ~~~!,~~~~ ~~~ ~~~ ~~!,,,
40141,Lv.25钢铁旗帜部队 炼楚龙(50109),wander,10,10,40,1,190081|190082,50|50,BattleTime|8|Rate|30|Talk|1,IdleRepeat|10|Rate|30|Talk|2,,,,,,,,,~~~~ ~~ ~~ ~~~~~!,~~ ~~~~!,,,
40142,Lv.25钢铁旗帜部队 炼楚龙(50109),wander,10,10,40,1,190091|190092,50|50,BattleTime|8|Rate|30|Talk|1,IdleRepeat|10|Rate|30|Talk|2,,,,,,,,,~~ ~~ ~~!,~~ ~~ ~~~ ~~~~~!,,,
40150,Lv.25 风之歌谣部队-戴姆里伸 炼楚龙(53109),wander,10,10,40,1,191071|191072,50|50,BattleTime|8|Rate|30|Talk|1,IdleRepeat|10|Rate|30|Talk|2,,,,,,,,,~~~~~!,~~! ~~!,,,
40151,Lv.25 风之歌谣部队-戴姆里伸 炼楚龙(53208),wander,10,10,40,1,191081|191082,50|50,BattleTime|8|Rate|30|Talk|1,IdleRepeat|10|Rate|30|Talk|2,,,,,,,,,~~~ ~~ ~~~!,~~~~ ~~ ~!,,,
40152,Lv.25 风之歌谣部队-戴姆里伸 炼楚龙(53511),wander,10,10,40,1,191091|191092,50|50,BattleTime|8|Rate|30|Talk|1,IdleRepeat|10|Rate|30|Talk|2,,,,,,,,,~~~ ~~~ ~~ ~~!,~~~~….!,,,
50000,暗杀战-威利(101),patrol,10,0,40,0,261001|261002|261003,40|40|20,IdleTime|5|Skill|232511,BattleRepeat|30|Skill|261004,MyHP|75|Skill|261006,MyHP|50|Skill|261006,MyHP|25|Skill|261006,BattleTime|1|Call|20,,,,IdleRepeat|10800|Skill|232511,,,,,
50001,暗杀战-夏克艾尔(104),patrol,10,0,40,0,261011|261012|261013,40|40|20,IdleTime|5|Skill|232511,BattleRepeat|30|Skill|261014,MyHP|75|Skill|261016,MyHP|50|Skill|261016,MyHP|25|Skill|261016,BattleTime|1|Call|20,,,,IdleRepeat|10800|Skill|232511,,,,,
50002,暗杀战-埃尔林(105),patrol,10,0,40,0,261021|261022|261023,40|40|20,IdleTime|5|Skill|232511,BattleRepeat|30|Skill|261024,MyHP|75|Skill|261027,MyHP|60|Skill|261027,MyHP|40|Skill|261027,BattleTime|1|Call|20,,,,IdleRepeat|10800|Skill|232511,,,,,
50003,暗杀战-戴妮丝(303),patrol,10,0,40,0,261201|261202|261203,40|40|20,IdleTime|5|Skill|232511,BattleRepeat|30|Skill|261204,MyHP|75|Skill|261206,MyHP|50|Skill|261206,MyHP|25|Skill|261206,BattleTime|1|Call|20,,,,IdleRepeat|10800|Skill|232511,,,,,
50004,暗杀战-码勒(304),patrol,10,0,40,0,261211|261212|261213,40|40|20,IdleTime|5|Skill|232511,BattleRepeat|30|Skill|261214,MyHP|75|Skill|261216,MyHP|50|Skill|261216,MyHP|25|Skill|261216,BattleTime|1|Call|20,,,,IdleRepeat|10800|Skill|232511,,,,,
50005,暗杀战-监护人(305),patrol,10,0,40,0,261221|261222|261223,40|40|20,IdleTime|5|Skill|232511,BattleRepeat|30|Skill|261224,MyHP|75|Skill|261227,MyHP|60|Skill|261227,MyHP|40|Skill|261227,BattleTime|1|Call|20,,,,IdleRepeat|10800|Skill|232511,,,,,
50006,暗杀战-海利(103),patrol,10,0,40,0,261041|261042|261043,40|40|20,IdleTime|5|Skill|232511,BattleRepeat|30|Skill|261044,MyHP|75|Skill|261046,MyHP|50|Skill|261046,MyHP|25|Skill|261046,BattleTime|1|Call|20,,,,IdleRepeat|10800|Skill|232511,,,,,
50007,暗杀战-艾因哈伊 大臣官 海蒂博塔里温 (BOSS)(903),stand,10,0,40,0,261051|261052|261053,40|40|20,IdleTime|5|Skill|232511,BattleRepeat|30|Skill|261054,BattleRepeat|17|Skill|261055,MyHP|75|Skill|261056,MyHP|50|Skill|261056,MyHP|25|Skill|261056,MyHP|10|Skill|261057,BattleTime|1|Call|20,,IdleRepeat|10800|Skill|232511,,,,,
50008,暗杀战-玛琳(723),patrol,10,0,40,0,261241|261242|261243,40|40|20,IdleTime|5|Skill|232511,BattleRepeat|30|Skill|261244,MyHP|75|Skill|261246,MyHP|50|Skill|261246,MyHP|25|Skill|261246,BattleTime|1|Call|20,,,,IdleRepeat|10800|Skill|232511,,,,,
50009,暗杀战-戴姆里伸 监察队 队长 高里亚斯 (BOSS)(904),stand,10,0,40,0,261251|261252|261253,40|40|20,IdleTime|5|Skill|232511,BattleRepeat|30|Skill|261254,BattleRepeat|17|Skill|261255,MyHP|75|Skill|261256,MyHP|50|Skill|261256,MyHP|25|Skill|261256,MyHP|10|Skill|261257,BattleTime|1|Call|20,,IdleRepeat|10800|Skill|232511,,,,,
50010,暗杀战-亲卫队检查 (100),stand,10,0,40,0,261061|261062,50|50,BattleRepeat|30|Skill|261063,MyHP|75|Skill|261064,MyHP|50|Skill|261064,MyHP|25|Skill|261064,MyHP|20|Skill|261065,,,,,,,,,,
50011,暗杀战-亲卫队 弓箭手 (102),stand,10,0,40,0,261071|261072,50|50,BattleRepeat|30|Skill|261073,MyHP|75|Skill|261074,MyHP|50|Skill|261074,MyHP|25|Skill|261074,MyHP|20|Skill|261075,,,,,,,,,,
50012,暗杀战-亲卫队 魔法师 (103),stand,10,0,40,0,261081|261082,50|50,BattleRepeat|30|Skill|261083,MyHP|75|Skill|261084,MyHP|50|Skill|261084,MyHP|25|Skill|261084,MyHP|20|Skill|261085,,,,,,,,,,
50013,暗杀战-亲卫队战士 (718),stand,10,0,40,0,261261|261262,50|50,BattleRepeat|30|Skill|261263,MyHP|75|Skill|261264,MyHP|50|Skill|261264,MyHP|25|Skill|261264,MyHP|20|Skill|261265,,,,,,,,,,
50014,暗杀战-亲卫队 弓箭手 (719),stand,10,0,40,0,261271|261272,50|50,BattleRepeat|30|Skill|261273,MyHP|75|Skill|261274,MyHP|50|Skill|261274,MyHP|25|Skill|261274,MyHP|20|Skill|261275,,,,,,,,,,
50015,暗杀战-亲卫队 魔法师 (720),stand,10,0,40,0,261281|261282,50|50,BattleRepeat|30|Skill|261283,MyHP|75|Skill|261284,MyHP|50|Skill|261284,MyHP|25|Skill|261284,MyHP|20|Skill|261285,,,,,,,,,,
50030,暗杀战-护卫队 侦察兵(9042) -艾因,patrol,10,0,40,0,263001|263002|263003,40|40|20,,,,,,,,,,,,,,,
50031,暗杀战-护卫队检查(9042) -艾因,patrol,10,0,40,0,263011|263012|263013,40|40|20,,,,,,,,,,,,,,,
50032,暗杀战-护卫队 弓箭手(9043) -艾因,patrol,10,0,40,0,263021|263022|263023,40|40|20,,,,,,,,,,,,,,,
50033,暗杀战-护卫队 魔法师(9044) -艾因,patrol,10,0,40,0,263031|263032|263033,40|40|20,,,,,,,,,,,,,,,
50034,暗杀战-护卫队 守卫兵(105) -艾因,patrol,10,0,40,0,263051|263052|263053,40|40|20,,,,,,,,,,,,,,,
50035,暗杀战-护卫队 守卫兵(104) -艾因,patrol,10,0,40,0,263041|263042|263043,40|40|20,,,,,,,,,,,,,,,
50060,暗杀战-护卫队 侦察兵(700) -戴姆,patrol,10,0,40,0,263101|263102|263103,40|40|20,,,,,,,,,,,,,,,
50061,暗杀战-护卫队检查(700) -戴姆,patrol,10,0,40,0,263111|263112|263113,40|40|20,,,,,,,,,,,,,,,
50062,暗杀战-护卫队 弓箭手(701) -戴姆,patrol,10,0,40,0,263121|263122|263123,40|40|20,,,,,,,,,,,,,,,
50063,暗杀战-护卫队 魔法师(702) -戴姆,patrol,10,0,40,0,263131|263132|263133,40|40|20,,,,,,,,,,,,,,,
50064,暗杀战-护卫队 守卫兵(303) -戴姆,patrol,10,0,40,0,263141|263142|263143,40|40|20,,,,,,,,,,,,,,,
50065,暗杀战-护卫队 守卫兵(304) -戴姆,patrol,10,0,40,0,263151|263152|263153,40|40|20,,,,,,,,,,,,,,,
50066,暗杀战-突击兵(7076),wander,5,10,40,0,263211|263212|263213,40|40|20,,,,,,,,,,,,,,,
50067,暗杀战-弓箭手(7077),wander,5,10,40,0,263221|263222|263223,40|40|20,,,,,,,,,,,,,,,
50068,暗杀战-司祭(7078),wander,5,10,40,0,263231|263232|263233,40|40|20,,,,,,,,,,,,,,,
50069,暗杀战-???(5015),patrol,5,0,40,0,263241|263242|263243,40|40|20,,,,,,,,,,,,,,,
50070,暗杀战-突击兵(7130),wander,5,10,40,0,263251|263252|263253,40|40|20,,,,,,,,,,,,,,,
50071,暗杀战-弓箭手(7131),wander,5,10,40,0,263261|263262|263263,40|40|20,,,,,,,,,,,,,,,
50072,暗杀战-司祭(7132),wander,5,10,40,0,263271|263272|263273,40|40|20,,,,,,,,,,,,,,,
50073,暗杀战-???(5016),patrol,5,0,40,0,263281|263282|263283,40|40|20,,,,,,,,,,,,,,,
50074,暗杀战-地狱的 看门人(3003),wander,10,10,40,0,263291|263292|263293,40|40|20,,,,,,,,,,,,,,,
50075,暗杀战-暗黑的 骑士(3018),wander,10,10,40,0,263301|263302|263303,40|40|20,,,,,,,,,,,,,,,
50076,暗杀战-暗黑的战士(3019),wander,10,10,40,0,263311|263312|263313,40|40|20,,,,,,,,,,,,,,,
50077,暗杀战-马乐库(1033),patrol,25,0,40,0,263321|263322|263323,40|40|20,IdleTime|5|Skill|232511,BattleRepeat|30|Skill|263334,MyHP|75|Skill|263336,MyHP|50|Skill|263336,MyHP|50|Skill|263336,,,,,IdleRepeat|10800|Skill|232511,,,,,
50078,暗杀战-恐怖的 看门人(9062),wander,10,10,40,0,263331|263332|263333,40|40|20,,,,,,,,,,,,,,,
50079,暗杀战-恐怖的 骑士(9060),wander,10,10,40,0,263341|263342|263343,40|40|20,,,,,,,,,,,,,,,
50080,暗杀战-恐怖的战士(9061),wander,10,10,40,0,263351|263352|263353,40|40|20,,,,,,,,,,,,,,,
50081,暗杀战-贝斯迪安(1035),patrol,25,0,40,0,263361|263362|263363,40|40|20,IdleTime|5|Skill|232511,BattleRepeat|30|Skill|263364,MyHP|75|Skill|263366,MyHP|50|Skill|263366,MyHP|50|Skill|263366,,,,,IdleRepeat|10800|Skill|232511,,,,,
50082,暗杀战-马库尼(5004),patrol,5,0,40,0,263371|263372|263373,40|40|20,,,,,,,,,,,,,,,
50083,暗杀战-美狄亚(5005),patrol,5,0,40,0,263381|263382|263383,40|40|20,,,,,,,,,,,,,,,
50090,暗杀战-光之圣物(艾因哈伊),stand,0,0,0,0,,,IdleTime|5|Skill|232511,,,,,,,,,IdleRepeat|10800|Skill|232511,,,,,
50091,暗杀战-光之圣物(戴姆里伸),stand,0,0,0,0,,,IdleTime|5|Skill|232511,,,,,,,,,IdleRepeat|10800|Skill|232511,,,,,
50100,圣物占领战-本 德雷昆(1041),wander,25,10,40,0,261401|261402|261403,40|40|20,IdleTime|5|Skill|232511,BattleRepeat|30|Skill|261405,,,,,,,,IdleRepeat|10800|Skill|232511,,,,,
50101,圣物占领战-维奥哈特(3015),wander,10,10,40,0,261411|261412|261413,40|40|20,IdleTime|5|Skill|232511,BattleRepeat|30|Skill|261414,,,,,,,,IdleRepeat|10800|Skill|232511,,,,,
50102,圣物占领战-碎片士兵(1006),wander,10,10,40,0,261421|261422|261423,40|40|20,IdleTime|5|Skill|232511,,,,,,,,,IdleRepeat|10800|Skill|232511,,,,,
50103,圣物占领战-滴水兽(7015),wander,10,10,100,0,261431|261432|261433,40|40|20,IdleTime|5|Skill|232511,BattleRepeat|30|Skill|261434,,,,,,,,IdleRepeat|10800|Skill|232511,,,,,
50104,圣物占领战-赫尔马斯特(5015),wander,10,10,40,0,261441|261442|261443,40|40|20,IdleTime|5|Skill|232511,BattleRepeat|30|Skill|261444,,,,,,,,IdleRepeat|10800|Skill|232511,,,,,
50105,圣物占领战-看守之链(1009),wander,10,10,40,0,261451|261452|261453,40|40|20,IdleTime|5|Skill|232511,,,,,,,,,IdleRepeat|10800|Skill|232511,,,,,
50106,圣物占领战-风沙(40007),patrol,0,0,0,1,,,IdleRepeat|1|Skill|290101,BattleRepeat|1|Skill|290101,,,,,,,,,,,,,
50111,圣物占领战-移速增加(魔法阵),stand,0,0,0,1,290401,100,IdleTime|1|TriggerSkill|294101,,,,,,,,,,,,,,
50121,圣物占领战-移速增加(弹珠),stand,0,0,0,1,294102,100,TimeRepeat|1|TriggerSkill|294102,,,,,,,,,,,,,,
50204,全面战-巴哈(101) 艾因哈伊 副司令官,patrol,10,0,60,0,261611|261612|261613,40|40|20,IdleTime|5|Skill|232511,BattleRepeat|30|Skill|261614,BattleRepeat|50|Skill|261616,,,,,,,IdleRepeat|10800|Skill|232511,,,,,
50205,全面战-??(105) 艾因哈伊 总司令官,patrol,10,0,60,0,261601|261602|261603,40|40|20,IdleTime|5|Skill|232511,BattleRepeat|30|Skill|261604,BattleRepeat|50|Skill|261607,,,,,,,IdleRepeat|10800|Skill|232511,,,,,
50210,全面战-库埃尔(9042) 艾因哈伊 战斗兵,patrol,10,0,40,0,261631|261632|261633,40|40|20,IdleTime|5|Skill|232511,BattleRepeat|30|Skill|261634,,,,,,,,IdleRepeat|10800|Skill|232511,,,,,
50211,全面战-坎赞(9044) 艾因哈伊 战斗兵,patrol,10,0,40,0,261621|261622|261623,40|40|20,IdleTime|5|Skill|232511,BattleRepeat|30|Skill|261624,,,,,,,,IdleRepeat|10800|Skill|232511,,,,,
50206,全面战-加卡尔(303) 戴姆里伸 副司令官,patrol,10,0,60,0,261811|261812|261813,40|40|20,IdleTime|5|Skill|232511,BattleRepeat|30|Skill|261814,BattleRepeat|50|Skill|261816,,,,,,,IdleRepeat|10800|Skill|232511,,,,,
50207,全面战-戴迈塔(305) 戴姆里伸 总司令官,patrol,10,0,60,0,261801|261802|261803,40|40|20,IdleTime|5|Skill|232511,BattleRepeat|30|Skill|261804,BattleRepeat|50|Skill|261807,,,,,,,IdleRepeat|10800|Skill|232511,,,,,
50208,全面战-迈哈勒(700) 戴姆里伸 战斗兵,patrol,10,0,60,0,261831|261832|261833,40|40|20,IdleTime|5|Skill|232511,BattleRepeat|30|Skill|261834,,,,,,,,IdleRepeat|10800|Skill|232511,,,,,
50209,全面战-库单(702) 戴姆里伸 战斗兵,patrol,10,0,40,0,261821|261822|261823,40|40|20,IdleTime|5|Skill|232511,BattleRepeat|30|Skill|261824,,,,,,,,IdleRepeat|10800|Skill|232511,,,,,
50230,全面战-突击队战士(9042) - 艾因,patrol,10,0,40,0,266001|266002|266003,40|40|20,,,,,,,,,,,,,,,
50231,全面战-突击队 弓箭手(9043) - 艾因,patrol,10,0,40,0,266011|266012|266013,40|40|20,,,,,,,,,,,,,,,
50260,全面战-突击队战士(700) - 戴姆,patrol,10,0,40,0,266101|266102|266103,40|40|20,,,,,,,,,,,,,,,
50261,全面战-突击队 弓箭手(701) - 戴姆,patrol,10,0,40,0,266111|266112|266113,40|40|20,,,,,,,,,,,,,,,
50300,都市 进攻战-艾因 种族代表-艾汀 拉伊特柏林奥(900),stand,10,0,40,0,262001|262002|262003|262005,40|40|10|10,IdleTime|5|Skill|232511,BattleRepeat|30|Skill|262007,BattleRepeat|50|Skill|262010,BattleRepeat|120|Skill|262012,MyHP|60|Skill|262013,MyHP|30|Skill|262014,,,,IdleRepeat|10800|Skill|232511,,,,,
50301,都市 进攻战-戴姆 种族代表-赫尔拉奥(901),stand,10,0,40,0,262101|262102|262103|262105,40|40|10|10,IdleTime|5|Skill|232511,BattleRepeat|30|Skill|262107,BattleRepeat|50|Skill|262109,BattleRepeat|120|Skill|262110,MyHP|60|Skill|262111,MyHP|30|Skill|262112,,,,IdleRepeat|10800|Skill|232511,,,,,
50400,英雄战- 艾因 塔嘉德(12014),stand,30,0,30,1,262201,100,IdleTime|5|Skill|232511,,,,,,,,,IdleRepeat|10800|Skill|232511,,,,,
50401,英雄战- 戴姆 塔嘉德(12014),stand,30,0,30,1,262301,100,IdleTime|5|Skill|232511,,,,,,,,,IdleRepeat|10800|Skill|232511,,,,,
50402,英雄战- 暴风雪(40014),patrol,0,0,0,1,,,IdleRepeat|1|Skill|290001,BattleRepeat|1|Skill|290001,,,,,,,,,,,,,
50410,英雄战- 攻击力增加(魔法阵) ,stand,0,0,0,1,294001,100,IdleTime|1|TriggerSkill|294001,,,,,,,,,,,,,,
50411,英雄战- 致命打击 增加(魔法阵),stand,0,0,0,1,294011,100,IdleTime|1|TriggerSkill|294011,,,,,,,,,,,,,,
50412,英雄战-持续 体力 恢复(魔法阵),stand,0,0,0,1,294021,100,IdleTime|1|TriggerSkill|294021,,,,,,,,,,,,,,
50413,英雄战-最大 HP 增加(魔法阵),stand,0,0,0,1,294031,100,IdleTime|1|TriggerSkill|294031,,,,,,,,,,,,,,
50420,英雄战- 攻击力增加(弹珠) ,stand,0,0,0,1,294002,100,TimeRepeat|1|TriggerSkill|294002,,,,,,,,,,,,,,
50421,英雄战- 致命打击 增加(弹珠),stand,0,0,0,1,294012,100,TimeRepeat|1|TriggerSkill|294012,,,,,,,,,,,,,,
50422,英雄战-持续 体力 恢复(弹珠),stand,0,0,0,1,294022,100,TimeRepeat|1|TriggerSkill|294022,,,,,,,,,,,,,,
50423,英雄战-最大 HP 增加(弹珠),stand,0,0,0,1,294032,100,TimeRepeat|1|TriggerSkill|294032,,,,,,,,,,,,,,
50500,圣物 破坏战-艾因 圣物(10006),stand,1,0,0,0,262401,100,IdleTime|5|Skill|232511,MyHP|80|TriggerSkill|262406,MyHP|60|TriggerSkill|262405,MyHP|40|TriggerSkill|262404,,,,,,IdleRepeat|10800|Skill|232511,,,,,
50501,圣物 破坏战-戴姆 圣物(10006),stand,1,0,0,0,262501,100,IdleTime|5|Skill|232511,MyHP|80|TriggerSkill|262506,MyHP|60|TriggerSkill|262505,MyHP|40|TriggerSkill|262504,,,,,,IdleRepeat|10800|Skill|232511,,,,,
50510,圣物 破坏战-本 德雷昆(1041),follow,25,0,40,0,264001|264002|264003,40|40|20,IdleTime|5|Skill|232511,BattleRepeat|30|Skill|264005,,,,,,,,IdleRepeat|10800|Skill|232511,,,,,
50511,圣物 破坏战-维奥哈特(3015),follow,25,0,40,0,264011|264012|264013,40|40|20,IdleTime|5|Skill|232511,BattleRepeat|30|Skill|264014,,,,,,,,IdleRepeat|10800|Skill|232511,,,,,
50512,圣物 破坏战-碎片士兵(1006),follow,25,0,40,0,264021|264022|264023,40|40|20,IdleTime|5|Skill|232511,,,,,,,,,IdleRepeat|10800|Skill|232511,,,,,
50513,圣物 破坏战-滴水兽(7015),follow,25,0,100,0,264031|264032|264033,40|40|20,IdleTime|5|Skill|232511,BattleRepeat|30|Skill|264034,,,,,,,,IdleRepeat|10800|Skill|232511,,,,,
50514,圣物 破坏战-赫尔马斯特(5015),follow,25,0,40,0,264041|264042|264043,40|40|20,IdleTime|5|Skill|232511,BattleRepeat|30|Skill|264044,,,,,,,,IdleRepeat|10800|Skill|232511,,,,,
50515,圣物 破坏战-看守之链(1009),follow,25,0,40,0,264051|264052|264053,40|40|20,IdleTime|5|Skill|232511,,,,,,,,,IdleRepeat|10800|Skill|232511,,,,,
51000,Lv.40 嘉德 塔(9044) (艾因) - 小型战场(lol)- 赤红色 眼泪大地,stand,23,0,23,0,270001,100,IdleTime|1|Skill|231031,IdleTime|5|Skill|232511,,,,,,,,IdleRepeat|10800|Skill|232511,,,,,
51001,Lv.40 召唤门 1号(10003) (艾因) - 小型战场(lol) - 赤红色 眼泪大地,stand,0,0,0,0,,,TimeRepeat|60|CreatePlace|33465,TimeRepeat|60|CreatePlace|33466,TimeRepeat|60|CreatePlace|33443,TimeRepeat|60|CreatePlace|33445,TimeRepeat|60|CreatePlace|33446,IdleTime|1|Skill|270011,,,,,,,,,
51002,Lv.40 艾因哈伊战士(9042) (艾因) - 小型战场(lol)- 赤红色 眼泪大地,patrol,10,0,10,0,270021|270022,50|50,BattleRepeat|15|Skill|270023,,,,,,,,,,,,,,
51003,Lv.40 艾因哈伊 弓箭手(9043) (艾因) - 小型战场(lol)- 赤红色 眼泪大地,patrol,10,0,10,0,270031|270032,50|50,BattleRepeat|15|Skill|270033,,,,,,,,,,,,,,
51004,Lv.40 艾因哈伊 魔法师(9044) (艾因) - 小型战场(lol)- 赤红色 眼泪大地,patrol,10,0,10,0,270041|270042,50|50,BattleRepeat|15|Skill|270043,,,,,,,,,,,,,,
51005,Lv40 召唤门 2号(10003) (艾因) - 小型战场(lol)- 赤红色 眼泪大地,stand,0,0,0,0,,,TimeRepeat|60|CreatePlace|33435,TimeRepeat|60|CreatePlace|33438,TimeRepeat|60|CreatePlace|33436,TimeRepeat|60|CreatePlace|33468,TimeRepeat|60|CreatePlace|33467,IdleTime|1|Skill|270011,,,,,,,,,
51006,Lv.40 召唤门 3号(10003) (艾因) - 小型战场(lol)- 赤红色 眼泪大地,stand,0,0,0,0,,,TimeRepeat|60|CreatePlace|33432,TimeRepeat|60|CreatePlace|33433,TimeRepeat|60|CreatePlace|33434,TimeRepeat|60|CreatePlace|33470,TimeRepeat|60|CreatePlace|33469,IdleTime|1|Skill|270011,,,,,,,,,
51007,Lv.40 塞德利亚3号(10005) (艾因) - 小型战场(lol)- 赤红色 眼泪大地,stand,0,0,0,0,,,IdleTime|1|Skill|231031,IdleTime|5|Skill|232511,,,,,,,,IdleRepeat|10800|Skill|232511,,,,,
51008,Lv40 赤红色 德雷昆(9005) (艾因) - 小型战场(lol)- 赤红色 眼泪大地,stand,10,0,7,1,270061|270062,50|50,IdleTime|1|Skill|270051,BattleRepeat|20|Skill|270063,,,,,,,,,,,,,
51009,Lv.40 魔力 水晶(12027) (艾因) - 小型战场(lol)- 赤红色 眼泪大地,stand,0,0,0,1,,,IdleTime|1|Skill|270051,,,,,,,,,,,,,,
51100,Lv.45 嘉德 塔(9044) (艾因) - 小型战场(lol)- 赤红色 眼泪大地,stand,23,0,23,0,270201,100,IdleTime|1|Skill|231031,IdleTime|5|Skill|232511,,,,,,,,IdleRepeat|10800|Skill|232511,,,,,
51101,Lv.45 召唤门 1号(14514) (艾因) - 小型战场(lol) - 赤红色 眼泪大地,stand,0,0,0,0,,,TimeRepeat|60|CreatePlace|30649,TimeRepeat|60|CreatePlace|30624,TimeRepeat|60|CreatePlace|30648,TimeRepeat|60|CreatePlace|30626,TimeRepeat|60|CreatePlace|30627,IdleTime|1|Skill|270011,,,,,,,,,
51102,Lv.45 艾因哈伊战士(9042) (艾因) - 小型战场(lol)- 赤红色 眼泪大地,patrol,10,0,10,0,270211|270212,50|50,BattleRepeat|15|Skill|270213,,,,,,,,,,,,,,
51103,Lv.45 艾因哈伊 弓箭手(9043) (艾因) - 小型战场(lol)- 赤红色 眼泪大地,patrol,10,0,10,0,270221|270222,50|50,BattleRepeat|15|Skill|270223,,,,,,,,,,,,,,
51104,Lv.45 艾因哈伊 魔法师(9044) (艾因) - 小型战场(lol)- 赤红色 眼泪大地,patrol,10,0,10,0,270231|270232,50|50,BattleRepeat|15|Skill|270233,,,,,,,,,,,,,,
51105,Lv45 召唤门 2号(14514) (艾因) - 小型战场(lol)- 赤红色 眼泪大地,stand,0,0,0,0,,,TimeRepeat|60|CreatePlace|30616,TimeRepeat|60|CreatePlace|30619,TimeRepeat|60|CreatePlace|30617,TimeRepeat|60|CreatePlace|30650,TimeRepeat|60|CreatePlace|30651,IdleTime|1|Skill|270011,,,,,,,,,
51106,Lv.45 召唤门 3号(14514) (艾因) - 小型战场(lol)- 赤红色 眼泪大地,stand,0,0,0,0,,,TimeRepeat|60|CreatePlace|30613,TimeRepeat|60|CreatePlace|30614,TimeRepeat|60|CreatePlace|30615,TimeRepeat|60|CreatePlace|30652,TimeRepeat|60|CreatePlace|30653,IdleTime|1|Skill|270011,,,,,,,,,
51107,Lv.45 塞德利亚3号(10005) (艾因) - 小型战场(lol)- 赤红色 眼泪大地,stand,0,0,0,0,,,IdleTime|1|Skill|231031,IdleTime|5|Skill|232511,,,,,,,,IdleRepeat|10800|Skill|232511,,,,,
51108,Lv.45 赤红色 德雷昆(9005) (艾因) - 小型战场(lol)- 赤红色 眼泪大地,stand,10,0,7,1,270241|270242,50|50,IdleTime|1|Skill|270051,BattleRepeat|20|Skill|270243,,,,,,,,,,,,,
51109,Lv.45 魔力 水晶(12027) (艾因) - 小型战场(lol)- 赤红色 眼泪大地,stand,0,0,0,1,,,IdleTime|1|Skill|270051,,,,,,,,,,,,,,
51156,"Lv.45 最大体力, 攻击力增加 魔法阵(艾因)- 赤红色 眼泪大地",stand,0,0,0,0,296232,100,IdleTime|1|Skill|296232,,,,,,,,,,,,,,
51157,"Lv.45 最大体力, 攻击力增加 弹珠(艾因)- 赤红色 眼泪大地",stand,0,0,0,0,296233,100,TimeRepeat|1|Skill|296233,,,,,,,,,,,,,,
51200,Lv.50 嘉德 塔(9044) (艾因) - 小型战场(lol)- 赤红色 眼泪大地,stand,23,0,23,0,270401,100,IdleTime|1|Skill|231031,IdleTime|5|Skill|232511,,,,,,,,IdleRepeat|10800|Skill|232511,,,,,
51201,Lv.50 召唤门 1号(15014) (艾因) - 小型战场(lol) - 赤红色 眼泪大地,stand,0,0,0,0,,,TimeRepeat|60|CreatePlace|41525,TimeRepeat|60|CreatePlace|41524,TimeRepeat|60|CreatePlace|41522,TimeRepeat|60|CreatePlace|41544,TimeRepeat|60|CreatePlace|41545,IdleTime|1|Skill|270011,,,,,,,,,
51202,Lv.50 艾因哈伊战士(9042) (艾因) - 小型战场(lol)- 赤红色 眼泪大地,patrol,10,0,10,0,270411|270412,50|50,BattleRepeat|15|Skill|270413,,,,,,,,,,,,,,
51203,Lv.50 艾因哈伊 弓箭手(9043) (艾因) - 小型战场(lol)- 赤红色 眼泪大地,patrol,10,0,10,0,270421|270422,50|50,BattleRepeat|15|Skill|270423,,,,,,,,,,,,,,
51204,Lv..50 艾因哈伊 魔法师(9044) (艾因) - 小型战场(lol)- 赤红色 眼泪大地,patrol,10,0,10,0,270431|270432,50|50,BattleRepeat|15|Skill|270433,,,,,,,,,,,,,,
51205,Lv50 召唤门 2号(15014) (艾因) - 小型战场(lol)- 赤红色 眼泪大地,stand,0,0,0,0,,,TimeRepeat|60|CreatePlace|41546,TimeRepeat|60|CreatePlace|41547,TimeRepeat|60|CreatePlace|41514,TimeRepeat|60|CreatePlace|41515,TimeRepeat|60|CreatePlace|41517,IdleTime|1|Skill|270011,,,,,,,,,
51206,Lv.50 召唤门 3号(15014) (艾因) - 小型战场(lol)- 赤红色 眼泪大地,stand,0,0,0,0,,,TimeRepeat|60|CreatePlace|41548,TimeRepeat|60|CreatePlace|41549,TimeRepeat|60|CreatePlace|41511,TimeRepeat|60|CreatePlace|41512,TimeRepeat|60|CreatePlace|41513,IdleTime|1|Skill|270011,,,,,,,,,
51207,Lv.50 塞德利亚3号(10005) (艾因) - 小型战场(lol)- 赤红色 眼泪大地,stand,0,0,0,0,,,IdleTime|1|Skill|231031,IdleTime|5|Skill|232511,,,,,,,,IdleRepeat|10800|Skill|232511,,,,,
51208,Lv.50 赤红色 德雷昆(9005) (艾因) - 小型战场(lol)- 赤红色 眼泪大地,stand,10,0,7,1,270441|270442,50|50,IdleTime|1|Skill|270051,BattleRepeat|20|Skill|270443,,,,,,,,,,,,,
51209,Lv.50 魔力 水晶(12027) (艾因) - 小型战场(lol)- 赤红色 眼泪大地,stand,0,0,0,1,,,IdleTime|1|Skill|270051,,,,,,,,,,,,,,
51300,Lv.55 嘉德 塔(9044) (艾因) - 小型战场(lol)- 赤红色 眼泪大地,stand,23,0,23,0,270601,100,IdleTime|1|Skill|231031,IdleTime|5|Skill|232511,,,,,,,,IdleRepeat|10800|Skill|232511,,,,,
51301,Lv.55 召唤门 1号(15514) (艾因) - 小型战场(lol) - 赤红色 眼泪大地,stand,0,0,0,0,,,TimeRepeat|60|CreatePlace|41604,TimeRepeat|60|CreatePlace|41605,TimeRepeat|60|CreatePlace|41582,TimeRepeat|60|CreatePlace|41584,TimeRepeat|60|CreatePlace|41585,IdleTime|1|Skill|270011,,,,,,,,,
51302,Lv.55 艾因哈伊战士(9042) (艾因) - 小型战场(lol)- 赤红色 眼泪大地,patrol,10,0,10,0,270611|270612,50|50,BattleRepeat|15|Skill|270613,,,,,,,,,,,,,,
51303,Lv.55 艾因哈伊 弓箭手(9043) (艾因) - 小型战场(lol)- 赤红色 眼泪大地,patrol,10,0,10,0,270621|270622,50|50,BattleRepeat|15|Skill|270623,,,,,,,,,,,,,,
51304,Lv.55 艾因哈伊 魔法师(9044) (艾因) - 小型战场(lol)- 赤红色 眼泪大地,patrol,10,0,10,0,270631|270632,50|50,BattleRepeat|15|Skill|270633,,,,,,,,,,,,,,
51305,Lv55 召唤门 2号(15514) (艾因) - 小型战场(lol)- 赤红色 眼泪大地,stand,0,0,0,0,,,TimeRepeat|60|CreatePlace|41606,TimeRepeat|60|CreatePlace|41607,TimeRepeat|60|CreatePlace|41574,TimeRepeat|60|CreatePlace|41575,TimeRepeat|60|CreatePlace|41577,IdleTime|1|Skill|270011,,,,,,,,,
51306,Lv.55 召唤门 3号(15514) (艾因) - 小型战场(lol)- 赤红色 眼泪大地,stand,0,0,0,0,,,TimeRepeat|60|CreatePlace|41608,TimeRepeat|60|CreatePlace|41609,TimeRepeat|60|CreatePlace|41571,TimeRepeat|60|CreatePlace|41572,TimeRepeat|60|CreatePlace|41573,IdleTime|1|Skill|270011,,,,,,,,,
51307,Lv.55 塞德利亚3号(10005) (艾因) - 小型战场(lol)- 赤红色 眼泪大地,stand,0,0,0,0,,,IdleTime|1|Skill|231031,IdleTime|5|Skill|232511,,,,,,,,IdleRepeat|10800|Skill|232511,,,,,
51308,Lv.55 赤红色 德雷昆(9005) (艾因) - 小型战场(lol)- 赤红色 眼泪大地,stand,10,0,7,1,270641|270642,50|50,IdleTime|1|Skill|270051,BattleRepeat|20|Skill|270643,,,,,,,,,,,,,
51309,Lv.55 魔力 水晶(12027) (艾因) - 小型战场(lol)- 赤红色 眼泪大地,stand,0,0,0,1,,,IdleTime|1|Skill|270051,,,,,,,,,,,,,,
52000,Lv.40 嘉德 塔(9044) (戴姆) - 小型战场(lol)- 赤红色 眼泪大地,stand,23,0,23,0,270101,100,IdleTime|1|Skill|231031,IdleTime|5|Skill|232511,,,,,,,,IdleRepeat|10800|Skill|232511,,,,,
52001,Lv.40 召唤门 1号(14014) (戴姆) - 小型战场(lol) - 赤红色 眼泪大地,stand,0,0,0,0,,,TimeRepeat|60|CreatePlace|33444,TimeRepeat|60|CreatePlace|33442,TimeRepeat|60|CreatePlace|33441,TimeRepeat|60|CreatePlace|33472,TimeRepeat|60|CreatePlace|33471,IdleTime|1|Skill|270111,,,,,,,,,
52002,Lv.40 戴姆里伸战士(9042) (戴姆) - 小型战场(lol)- 赤红色 眼泪大地,patrol,10,0,10,0,270121|270122,50|50,BattleRepeat|15|Skill|270123,,,,,,,,,,,,,,
52003,Lv.40 戴姆里伸 弓箭手(9043) (戴姆) - 小型战场(lol)- 赤红色 眼泪大地,patrol,10,0,10,0,270131|270132,50|50,BattleRepeat|15|Skill|270133,,,,,,,,,,,,,,
52004,Lv.40 戴姆里伸 魔法师(9044) (戴姆) - 小型战场(lol)- 赤红色 眼泪大地,patrol,10,0,10,0,270141|270142,50|50,BattleRepeat|15|Skill|270143,,,,,,,,,,,,,,
52005,Lv40 召唤门 2号(14014) (戴姆) - 小型战场(lol)- 赤红色 眼泪大地,stand,0,0,0,0,,,TimeRepeat|60|CreatePlace|33473,TimeRepeat|60|CreatePlace|33437,TimeRepeat|60|CreatePlace|33439,TimeRepeat|60|CreatePlace|33474,TimeRepeat|60|CreatePlace|33440,IdleTime|1|Skill|270111,,,,,,,,,
52006,Lv.40 召唤门 3号(14014) (戴姆) - 小型战场(lol)- 赤红色 眼泪大地,stand,0,0,0,0,,,TimeRepeat|60|CreatePlace|33429,TimeRepeat|60|CreatePlace|33476,TimeRepeat|60|CreatePlace|33431,TimeRepeat|60|CreatePlace|33430,TimeRepeat|60|CreatePlace|33475,IdleTime|1|Skill|270111,,,,,,,,,
52007,Lv.40 塞德利亚3号(10005) (戴姆) - 小型战场(lol)- 赤红色 眼泪大地,stand,0,0,0,0,,,IdleTime|1|Skill|231031,IdleTime|5|Skill|232511,,,,,,,,IdleRepeat|10800|Skill|232511,,,,,
52008,Lv.40 赤红色 德雷昆(9005) (戴姆) - 小型战场(lol)- 赤红色 眼泪大地,stand,10,0,7,1,270161|270162,50|50,IdleTime|1|Skill|270151,BattleRepeat|20|Skill|270163,,,,,,,,,,,,,
52009,Lv.40 魔力 水晶(12027) (戴姆) - 小型战场(lol)- 赤红色 眼泪大地,stand,0,0,0,1,,,IdleTime|1|Skill|270151,,,,,,,,,,,,,,
52100,Lv.45 嘉德 塔(9044) (戴姆) - 小型战场(lol)- 赤红色 眼泪大地,stand,23,0,23,0,270301,100,IdleTime|1|Skill|231031,IdleTime|5|Skill|232511,,,,,,,,IdleRepeat|10800|Skill|232511,,,,,
52101,Lv.45 召唤门 1号(14514) (戴姆) - 小型战场(lol) - 赤红色 眼泪大地,stand,0,0,0,0,,,TimeRepeat|60|CreatePlace|30654,TimeRepeat|60|CreatePlace|30623,TimeRepeat|60|CreatePlace|30622,TimeRepeat|60|CreatePlace|30625,TimeRepeat|60|CreatePlace|30655,IdleTime|1|Skill|270111,,,,,,,,,
52102,Lv.45 戴姆里伸战士(9042) (戴姆) - 小型战场(lol)- 赤红色 眼泪大地,patrol,10,0,10,0,270311|270312,50|50,BattleRepeat|15|Skill|270313,,,,,,,,,,,,,,
52103,Lv.45 戴姆里伸 弓箭手(9043) (戴姆) - 小型战场(lol)- 赤红色 眼泪大地,patrol,10,0,10,0,270321|270322,50|50,BattleRepeat|15|Skill|270323,,,,,,,,,,,,,,
52104,Lv.45 戴姆里伸 魔法师(9044) (戴姆) - 小型战场(lol)- 赤红色 眼泪大地,patrol,10,0,10,0,270331|270332,50|50,BattleRepeat|15|Skill|270333,,,,,,,,,,,,,,
52105,Lv45 召唤门 2号(14514) (戴姆) - 小型战场(lol)- 赤红色 眼泪大地,stand,0,0,0,0,,,TimeRepeat|60|CreatePlace|30657,TimeRepeat|60|CreatePlace|30621,TimeRepeat|60|CreatePlace|30620,TimeRepeat|60|CreatePlace|30618,TimeRepeat|60|CreatePlace|30656,IdleTime|1|Skill|270111,,,,,,,,,
52106,Lv.45 召唤门 3号(14514) (戴姆) - 小型战场(lol)- 赤红色 眼泪大地,stand,0,0,0,0,,,TimeRepeat|60|CreatePlace|30611,TimeRepeat|60|CreatePlace|30658,TimeRepeat|60|CreatePlace|30612,TimeRepeat|60|CreatePlace|30659,TimeRepeat|60|CreatePlace|30610,IdleTime|1|Skill|270111,,,,,,,,,
52107,Lv.45 塞德利亚3号(10005) (戴姆) - 小型战场(lol)- 赤红色 眼泪大地,stand,0,0,0,0,,,IdleTime|1|Skill|231031,IdleTime|5|Skill|232511,,,,,,,,IdleRepeat|10800|Skill|232511,,,,,
52108,Lv.45 赤红色 德雷昆(9005) (戴姆) - 小型战场(lol)- 赤红色 眼泪大地,stand,10,0,7,1,270341|270342,50|50,IdleTime|1|Skill|270151,BattleRepeat|20|Skill|270343,,,,,,,,,,,,,
52109,Lv.45 魔力 水晶(12027) (戴姆) - 小型战场(lol)- 赤红色 眼泪大地,stand,0,0,0,1,,,IdleTime|1|Skill|270151,,,,,,,,,,,,,,
52156,"Lv.45 最大体力, 攻击力增加 魔法阵(戴姆)- 赤红色 眼泪大地",stand,0,0,0,0,296332,100,IdleTime|1|Skill|296332,,,,,,,,,,,,,,
52157,"Lv.45 最大体力, 攻击力增加 弹珠(戴姆)- 赤红色 眼泪大地",stand,0,0,0,0,296333,100,TimeRepeat|1|Skill|296333,,,,,,,,,,,,,,
52200,Lv.50 嘉德 塔(9044) (戴姆) - 小型战场(lol)- 赤红色 眼泪大地,stand,23,0,23,0,270501,100,IdleTime|1|Skill|231031,IdleTime|5|Skill|232511,,,,,,,,IdleRepeat|10800|Skill|232511,,,,,
52201,Lv.50 召唤门 1号(15014) (戴姆) - 小型战场(lol) - 赤红色 眼泪大地,stand,0,0,0,0,,,TimeRepeat|60|CreatePlace|41523,TimeRepeat|60|CreatePlace|41521,TimeRepeat|60|CreatePlace|41520,TimeRepeat|60|CreatePlace|41550,TimeRepeat|60|CreatePlace|41551,IdleTime|1|Skill|270111,,,,,,,,,
52202,Lv.50 戴姆里伸战士(9042) (戴姆) - 小型战场(lol)- 赤红色 眼泪大地,patrol,10,0,10,0,270511|270512,50|50,BattleRepeat|15|Skill|270513,,,,,,,,,,,,,,
52203,Lv.50 戴姆里伸 弓箭手(9043) (戴姆) - 小型战场(lol)- 赤红色 眼泪大地,patrol,10,0,10,0,270521|270522,50|50,BattleRepeat|15|Skill|270523,,,,,,,,,,,,,,
52204,Lv.50 戴姆里伸 魔法师(9044) (戴姆) - 小型战场(lol)- 赤红色 眼泪大地,patrol,10,0,10,0,270531|270532,50|50,BattleRepeat|15|Skill|270533,,,,,,,,,,,,,,
52205,Lv50 召唤门 2号(15014) (戴姆) - 小型战场(lol)- 赤红色 眼泪大地,stand,0,0,0,0,,,TimeRepeat|60|CreatePlace|41552,TimeRepeat|60|CreatePlace|41553,TimeRepeat|60|CreatePlace|41516,TimeRepeat|60|CreatePlace|41519,TimeRepeat|60|CreatePlace|41518,IdleTime|1|Skill|270111,,,,,,,,,
52206,Lv.50 召唤门 3号(15014) (戴姆) - 小型战场(lol)- 赤红色 眼泪大地,stand,0,0,0,0,,,TimeRepeat|60|CreatePlace|41508,TimeRepeat|60|CreatePlace|41509,TimeRepeat|60|CreatePlace|41510,TimeRepeat|60|CreatePlace|41554,TimeRepeat|60|CreatePlace|41555,IdleTime|1|Skill|270111,,,,,,,,,
52207,Lv.50 塞德利亚3号(10005) (戴姆) - 小型战场(lol)- 赤红色 眼泪大地,stand,0,0,0,0,,,IdleTime|1|Skill|231031,IdleTime|5|Skill|232511,,,,,,,,IdleRepeat|10800|Skill|232511,,,,,
52208,Lv.50 赤红色 德雷昆(9005) (戴姆) - 小型战场(lol)- 赤红色 眼泪大地,stand,10,0,7,1,270541|270542,50|50,IdleTime|1|Skill|270151,BattleRepeat|20|Skill|270543,,,,,,,,,,,,,
52209,Lv.50 魔力 水晶(12027) (戴姆) - 小型战场(lol)- 赤红色 眼泪大地,stand,0,0,0,1,,,IdleTime|1|Skill|270151,,,,,,,,,,,,,,
52300,Lv.55 嘉德 塔(9044) (戴姆) - 小型战场(lol)- 赤红色 眼泪大地,stand,23,0,23,0,270701,100,IdleTime|1|Skill|231031,IdleTime|5|Skill|232511,,,,,,,,IdleRepeat|10800|Skill|232511,,,,,
52301,Lv.55 召唤门 1号(15514) (戴姆) - 小型战场(lol) - 赤红色 眼泪大地,stand,0,0,0,0,,,TimeRepeat|60|CreatePlace|41611,TimeRepeat|60|CreatePlace|41610,TimeRepeat|60|CreatePlace|41583,TimeRepeat|60|CreatePlace|41580,TimeRepeat|60|CreatePlace|41581,IdleTime|1|Skill|270111,,,,,,,,,
52302,Lv.55 戴姆里伸战士(9042) (戴姆) - 小型战场(lol)- 赤红色 眼泪大地,patrol,10,0,10,0,270711|270712,50|50,BattleRepeat|15|Skill|270713,,,,,,,,,,,,,,
52303,Lv.55 戴姆里伸 弓箭手(9043) (戴姆) - 小型战场(lol)- 赤红色 眼泪大地,patrol,10,0,10,0,270721|270722,50|50,BattleRepeat|15|Skill|270723,,,,,,,,,,,,,,
52304,Lv.55 戴姆里伸 魔法师(9044) (戴姆) - 小型战场(lol)- 赤红色 眼泪大地,patrol,10,0,10,0,270731|270732,50|50,BattleRepeat|15|Skill|270733,,,,,,,,,,,,,,
52305,Lv55 召唤门 2号(15514) (戴姆) - 小型战场(lol)- 赤红色 眼泪大地,stand,0,0,0,0,,,TimeRepeat|60|CreatePlace|41579,TimeRepeat|60|CreatePlace|41578,TimeRepeat|60|CreatePlace|41576,TimeRepeat|60|CreatePlace|41612,TimeRepeat|60|CreatePlace|41613,IdleTime|1|Skill|270111,,,,,,,,,
52306,Lv.55 召唤门 3号(15514) (戴姆) - 小型战场(lol)- 赤红色 眼泪大地,stand,0,0,0,0,,,TimeRepeat|60|CreatePlace|41614,TimeRepeat|60|CreatePlace|41615,TimeRepeat|60|CreatePlace|41568,TimeRepeat|60|CreatePlace|41569,TimeRepeat|60|CreatePlace|41570,IdleTime|1|Skill|270111,,,,,,,,,
52307,Lv.55 塞德利亚3号(10005) (戴姆) - 小型战场(lol)- 赤红色 眼泪大地,stand,0,0,0,0,,,IdleTime|1|Skill|231031,IdleTime|5|Skill|232511,,,,,,,,IdleRepeat|10800|Skill|232511,,,,,
52308,Lv.55 赤红色 德雷昆(9005) (戴姆) - 小型战场(lol)- 赤红色 眼泪大地,stand,10,0,7,1,270741|270742,50|50,IdleTime|1|Skill|270151,BattleRepeat|20|Skill|270743,,,,,,,,,,,,,
52309,Lv.55 魔力 水晶(12027) (戴姆) - 小型战场(lol)- 赤红色 眼泪大地,stand,0,0,0,1,,,IdleTime|1|Skill|270151,,,,,,,,,,,,,,
53000,Lv.40 坠落的 蒽特罗思(5013)- 小型 战场(叹息的山谷 ),wander,10,10,40,0,273001|273002,50|50,BattleRepeat|10|Skill|273003,,,,,,,,,,,,,,
53001,Lv.40 混沌的 宪兵(1022)- 小型 战场(叹息的山谷 ),wander,10,10,40,0,273011|273012,50|50,BattleRepeat|10|Skill|273013,,,,,,,,,,,,,,
53002,Lv.40 坠落的 魔像(7001)- 小型 战场(叹息的山谷 ),stand,10,0,40,0,273021|273022,50|50,BattleRepeat|10|Skill|273023,,,,,,,,,,,,,,
53003,Lv.40 混沌的 德雷克(9003)- 小型 战场(叹息的山谷 ),wander,15,10,40,0,273031|273032,50|50,BattleRepeat|10|Skill|273033,,,,,,,,,,,,,,
53010,Lv.45 坠落的 蒽特罗思(5013)- 小型 战场(叹息的山谷 ),wander,10,10,40,0,273101|273102,50|50,BattleRepeat|10|Skill|273103,,,,,,,,,,,,,,
53011,Lv.45 混沌的 宪兵(1022)- 小型 战场(叹息的山谷 ),wander,10,10,40,0,273111|273112,50|50,BattleRepeat|10|Skill|273113,,,,,,,,,,,,,,
53012,Lv.45 坠落的 魔像(7001)- 小型 战场(叹息的山谷 ),stand,10,0,40,0,273121|273122,50|50,BattleRepeat|10|Skill|273123,,,,,,,,,,,,,,
53013,Lv.45 混沌的 德雷克(9003)- 小型 战场(叹息的山谷 ),wander,15,10,40,0,273131|273132,50|50,BattleRepeat|10|Skill|273133,,,,,,,,,,,,,,
53020,Lv.50 坠落的 蒽特罗思(5013)- 小型 战场(叹息的山谷 ),wander,10,10,40,0,273201|273202,50|50,BattleRepeat|10|Skill|273203,,,,,,,,,,,,,,
53021,Lv.50 混沌的 宪兵(1022)- 小型 战场(叹息的山谷 ),wander,10,10,40,0,273211|273212,50|50,BattleRepeat|10|Skill|273213,,,,,,,,,,,,,,
53022,Lv.50 坠落的 魔像(7001)- 小型 战场(叹息的山谷 ),stand,10,0,40,0,273221|273222,50|50,BattleRepeat|10|Skill|273223,,,,,,,,,,,,,,
53023,Lv.50 混沌的 德雷克(9003)- 小型 战场(叹息的山谷 ),wander,15,10,40,0,273231|273232,50|50,BattleRepeat|10|Skill|273233,,,,,,,,,,,,,,
53030,Lv.55 坠落的 蒽特罗思(5013)- 小型 战场(叹息的山谷 ),wander,10,10,40,0,273301|273302,50|50,BattleRepeat|10|Skill|273303,,,,,,,,,,,,,,
53031,Lv.55 混沌的 宪兵(1022)- 小型 战场(叹息的山谷 ),wander,10,10,40,0,273311|273312,50|50,BattleRepeat|10|Skill|273313,,,,,,,,,,,,,,
53032,Lv.55 坠落的 魔像(7001)- 小型 战场(叹息的山谷 ),stand,10,0,40,0,273321|273322,50|50,BattleRepeat|10|Skill|273323,,,,,,,,,,,,,,
53033,Lv.55 混沌的 德雷克(9003)- 小型 战场(叹息的山谷 ),wander,15,10,40,0,273331|273332,50|50,BattleRepeat|10|Skill|273333,,,,,,,,,,,,,,
53050,Lv.40 地狱 看门人(1037) - 小型 战场(叹息的山谷 ),wander,10,10,40,0,273241|273242,50|50,IdleTime|5|Skill|232511,BattleRepeat|10|Skill|273243,BattleRepeat|23|Skill|273244,,,,,,,IdleRepeat|10800|Skill|232511,,,,,
53051,Lv.45 地狱 看门人(1037) - 小型 战场(叹息的山谷 ),wander,10,10,40,0,273341|273342,50|50,IdleTime|5|Skill|232511,BattleRepeat|10|Skill|273343,BattleRepeat|23|Skill|273344,,,,,,,IdleRepeat|10800|Skill|232511,,,,,
53052,Lv.50 地狱 看门人(1037) - 小型 战场(叹息的山谷 ),wander,10,10,40,0,273441|273442,50|50,IdleTime|5|Skill|232511,BattleRepeat|10|Skill|273443,BattleRepeat|23|Skill|273444,,,,,,,IdleRepeat|10800|Skill|232511,,,,,
53053,Lv.55 地狱 看门人(1037) - 小型 战场(叹息的山谷 ),wander,10,10,40,0,273541|273542,50|50,IdleTime|5|Skill|232511,BattleRepeat|10|Skill|273543,BattleRepeat|23|Skill|273544,,,,,,,IdleRepeat|10800|Skill|232511,,,,,
60000,恶人 1号,wander,0,10,200,1,120951|120952,50|50,IdleTime|5|Skill|120954,MyHP|80|Skill|120953,MyHP|60|Skill|120955,MyHP|40|Skill|120957,MyHP|20|Skill|120958,,,,,,,,,,
60001,恶人 2号,wander,10,10,40,1,105001|105002,50|50,BattleRepeat|2|Skill|105003,BattleRepeat|5|Skill|105004,BattleRepeat|12|Skill|105005,,,,,,,,,,,,
60002,恶人 3号,wander,0,10,40,1,120471|120472,50|50,IdleTime|10|Skill|90115,,,,,,,,,,,,,,
60003,活动怪兽,stand,0,0,40,0,,,IdleTime|1|Skill|232531,,,,,,,,,,,,,,
