TID,ProductType,ProductKind,Comment,ItemTID,ProductLevel,RecipeExp,CostGhelld,CompleteItemTID,SourceItem01,Value01,SourceItem02,Value02,SourceItem03,Value03,SourceItem04,Value04,SourceItem05,Value05,SourceItem06,Value06,SourceItem07,Value07,SourceItem08,Value08
标识号,配方类产品种类,完成品的种类,项目号码的规划作用,项目号码作用,所需的技能等级,经验获得的最大额,手续费,完成项目,01#材料项目,01#材料统计,02#材料项目,02#材料统计,03#材料项目,03#材料统计,04#材料项目,04#材料统计,05#材料项目,05#材料统计,06#材料项目,06#材料统计,07#材料项目,07#材料统计,08#材料项目,08#材料统计
,,,,,,,,,,,,,,,,,,,,,,,,
U16,U8,U8,CBwString,U32,U8,U32,U32,U32,U32,U16,U32,U16,U32,U16,U32,U16,U32,U16,U32,U16,U32,U16,U32,U16
1001,1,1,模式：破旧的枪,60000,1,230,300,1010251,37100,9,,,,,,,,,,,,,,
1002,1,1,模式：普通技术矛,60001,1,290,330,1010252,37100,9,42000,1,,,,,,,,,,,,
1003,1,1,模式：高级的矛,60002,5,313,450,1010253,37100,10,42000,1,42005,1,,,,,,,,,,
1004,1,1,模式：罕见的,60003,5,403,600,1010254,37100,11,42205,1,42005,1,39100,1,,,,,,,,
1005,1,1,模式：不起眼的试验矛,60004,10,460,1200,1010451,37102,10,,,,,,,,,,,,,,
1006,1,1,模式：普通试验,60005,10,580,1320,1010452,37102,10,42000,1,,,,,,,,,,,,
1007,1,1,模式：高级的试验,60006,10,866,1800,1010453,37102,11,42000,3,42005,1,,,,,,,,,,
1008,1,1,模式：难得的审判,60007,10,2292,2400,1010454,37102,12,42205,3,42005,1,39100,5,,,,,,,,
1009,1,1,模式：疼痛寒酸枪,60008,15,690,2700,1010651,37103,10,,,,,,,,,,,,,,
1010,1,1,模式：普通的枪患,60009,15,930,2970,1010652,37103,10,42001,1,,,,,,,,,,,,
1011,1,1,模式：疼痛高级的枪,60010,15,1240,4050,1010653,37103,11,42001,2,42005,2,,,,,,,,,,
1012,1,1,模式：一种罕见的枪,60011,15,6249,5400,1010654,37103,12,42205,6,42005,2,39101,1,,,,,,,,
1013,1,1,模式：不起眼的恐惧矛,60012,20,920,4800,1010851,37104,10,,,,,,,,,,,,,,
1014,1,1,模式：喷枪,60013,20,1240,5280,1010852,37104,10,42001,1,,,,,,,,,,,,
1015,1,1,模式：恐惧矛高级的,60014,20,1972,7200,1010853,37104,11,42001,3,42005,3,,,,,,,,,,
1016,1,1,模式：罕见的恐怖,60015,20,4912,9600,1010854,37104,12,42206,3,42005,4,39101,3,,,,,,,,
1017,1,1,模式：寒酸之怒,60016,25,1150,7500,1011051,37105,10,,,,,,,,,,,,,,
1018,1,1,模式：巫妖王之怒.普通枪,60017,25,1650,8250,1011052,37105,10,42002,1,,,,,,,,,,,,
1019,1,1,模式：高级的矛,60018,25,2265,11250,1011053,37105,11,42002,2,42005,5,,,,,,,,,,
1020,1,1,模式：罕见的暴怒枪,60019,25,9603,15000,1011054,37105,12,42206,4,42005,6,39101,4,,,,,,,,
1021,1,1,模式：喷枪的疯狂,60020,30,1380,10800,1011251,37106,10,,,,,,,,,,,,,,
1022,1,1,模式：喷枪普通疯狂,60021,30,1980,11880,1011252,37106,10,42002,1,,,,,,,,,,,,
1023,1,1,模式：高级的疯狂矛,60022,30,3318,16200,1011253,37106,11,42002,3,42005,7,,,,,,,,,,
1024,1,1,模式：喷枪罕见的疯狂,60023,30,9755,21600,1011254,37106,12,42207,3,42005,9,39101,6,,,,,,,,
1025,1,1,模式：特殊疯狂矛,60024,30,19900,32400,1011255,37106,15,43010,4,42005,13,39101,9,,,,,,,,
1026,1,1,模式：不起眼的豹矛,60025,35,1610,14700,1011451,37107,10,,,,,,,,,,,,,,
1027,1,1,模式：普通豹矛,60026,35,2450,16170,1011452,37107,10,42003,1,,,,,,,,,,,,
1028,1,1,模式：奢华的豹纹矛,60027,35,3451,22050,1011453,37107,11,42003,2,42005,9,,,,,,,,,,
1029,1,1,模式：罕见的豹子,60028,35,14581,29400,1011454,37107,12,42207,4,42005,12,39102,1,,,,,,,,
1030,1,1,模式：豹子专用枪,60029,35,22713,44100,1011455,37107,15,43011,4,42005,18,39102,2,,,,,,,,
1031,1,1,模式：不起眼的冠军矛,60030,40,1840,19200,1011651,37108,10,,,,,,,,,,,,,,
1032,1,1,模式：冠军的普通枪,60031,40,2800,21120,1011652,37108,10,42003,1,,,,,,,,,,,,
1033,1,1,模式：奢华的冠军矛,60032,40,4904,28800,1011653,37108,11,42003,3,42005,12,,,,,,,,,,
1034,1,1,模式：矛难得的战士,60033,40,13244,38400,1011654,37108,12,42208,3,42005,16,39102,2,,,,,,,,
1035,1,1,模式：冠军的特殊喷枪,60034,40,26589,57600,1011655,37108,15,43012,4,42005,24,39102,3,,,,,,,,
1036,1,1,模式：冠军的矛寒酸,60035,45,2070,24300,1011851,37109,10,,,,,,,,,,,,,,
1037,1,1,模式：普通老兵矛,60036,45,3330,26730,1011852,37109,10,42004,1,,,,,,,,,,,,
1038,1,1,模式：高级的强大的枪,60037,45,4797,36450,1011853,37109,11,42004,2,42005,15,,,,,,,,,,
1039,1,1,模式：矛一个难得的勇士,60038,45,17060,48600,1011854,37109,12,42208,3,42005,20,39102,2,,,,,,,,
1040,1,1,模式：特殊喷枪的老兵,60039,45,34942,72900,1011855,37109,15,43013,4,42005,30,39102,4,,,,,,,,
1041,1,1,模式：主权寒酸矛,60040,50,2300,30000,1012051,37110,10,,,,,,,,,,,,,,
1042,1,1,模式：主权普通枪,60041,50,3700,33000,1012052,37110,10,42004,1,,,,,,,,,,,,
1043,1,1,模式：奢华的君主矛,60042,50,6730,45000,1012053,37110,11,42004,3,42005,18,,,,,,,,,,
1044,1,1,模式：矛难得的君主,60043,50,19481,60000,1012054,37110,12,42209,3,42005,25,39102,3,,,,,,,,
1045,1,1,模式：主权的特殊喷枪,60044,50,38824,90000,1012055,37110,15,43014,4,42005,37,39102,4,,,,,,,,
1046,1,1,模式：破旧的霸王长矛,60045,52,2392,32448,1010251,37110,11,,,,,,,,,,,,,,
1047,1,1,模式：普通的霸王长矛,60046,52,4056,35694,1010251,37110,11,42006,1,,,,,,,,,,,,
1048,1,1,模式：高级的的霸王长矛,60047,52,7623,48672,1010251,37110,12,42006,2,42005,20,,,,,,,,,,
1049,1,1,模式：罕见的霸王长矛,60048,52,22756,64896,1010251,37110,13,42209,5,42005,27,39102,3,,,,,,,,
1050,1,1,模式：特殊的霸王长矛,60049,52,45369,97344,1010251,37110,16,43014,6,42005,40,39102,5,,,,,,,,
1051,1,1,模式：不起眼的最强的矛,60050,55,2530,36300,1012251,37111,10,,,,,,,,,,,,,,
1052,1,1,模式：普通的终极矛,60051,55,4290,39930,1012252,37111,10,42006,1,,,,,,,,,,,,
1053,1,1,模式：极致奢华的长矛,60052,55,8063,54450,1012253,37111,11,42006,2,42005,22,,,,,,,,,,
1054,1,1,模式：罕见的终极矛,60053,55,24069,72600,1012254,37111,12,42209,7,42005,30,39103,2,,,,,,,,
1055,1,1,模式：特殊的最好的枪,60054,55,47987,108900,1012255,37111,15,43014,8,42005,45,39103,3,,,,,,,,
1101,1,2,模式：一个谦虚的人,60100,1,230,300,1030251,37100,9,,,,,,,,,,,,,,
1102,1,2,模式：普通技术手杖,60101,1,290,330,1030252,37100,9,42000,1,,,,,,,,,,,,
1103,1,2,模式：高级的,60102,5,313,450,1030253,37100,10,42000,1,42005,1,,,,,,,,,,
1104,1,2,模式：一种罕见的在,60103,5,403,600,1030254,37100,11,42205,1,42005,1,39100,1,,,,,,,,
1105,1,2,模式：不起眼的试验,60104,10,460,1200,1030451,37102,10,,,,,,,,,,,,,,
1106,1,2,模式：普通试验,60105,10,580,1320,1030452,37102,10,42000,1,,,,,,,,,,,,
1107,1,2,模式：坚持高级的试验,60106,10,866,1800,1030453,37102,11,42000,3,42005,1,,,,,,,,,,
1108,1,2,模式：员工罕见试验,60107,10,2292,2400,1030454,37102,12,42205,3,42005,1,39100,5,,,,,,,,
1109,1,2,模式：寒酸疼痛,60108,15,690,2700,1030651,37103,10,,,,,,,,,,,,,,
1110,1,2,模式：普通的痛,60109,15,930,2970,1030652,37103,10,42001,1,,,,,,,,,,,,
1111,1,2,模式：藤高级的痛苦,60110,15,1240,4050,1030653,37103,11,42001,2,42005,2,,,,,,,,,,
1112,1,2,模式：魔杖最稀有的痛,60111,15,6249,5400,1030654,37103,12,42205,6,42005,2,39101,1,,,,,,,,
1113,1,2,模式：不起眼的恐惧魔杖,60112,20,920,4800,1030851,37104,10,,,,,,,,,,,,,,
1114,1,2,模式：棒的平原恐惧,60113,20,1240,5280,1030852,37104,10,42001,1,,,,,,,,,,,,
1115,1,2,模式：高级的恐惧魔杖,60114,20,1972,7200,1030853,37104,11,42001,3,42005,3,,,,,,,,,,
1116,1,2,模式：员工罕见的恐怖,60115,20,4912,9600,1030854,37104,12,42206,3,42005,4,39101,3,,,,,,,,
1117,1,2,模式：破旧的愤怒棒,60116,25,1150,7500,1031051,37105,10,,,,,,,,,,,,,,
1118,1,2,模式：巫妖王之怒的普通,60117,25,1650,8250,1031052,37105,10,42002,1,,,,,,,,,,,,
1119,1,2,模式：奢华之怒魔杖,60118,25,2265,11250,1031053,37105,11,42002,2,42005,5,,,,,,,,,,
1120,1,2,模式：一种罕见的暴怒棒,60119,25,9603,15000,1031054,37105,12,42206,4,42005,6,39101,4,,,,,,,,
1121,1,2,模式：不起眼的疯狂棒,60120,30,1380,10800,1031251,37106,10,,,,,,,,,,,,,,
1122,1,2,模式：普通疯狂棒,60121,30,1980,11880,1031252,37106,10,42002,1,,,,,,,,,,,,
1123,1,2,模式：高级的疯狂棒,60122,30,3318,16200,1031253,37106,11,42002,3,42005,7,,,,,,,,,,
1124,1,2,模式：魔杖稀有疯狂,60123,30,9755,21600,1031254,37106,12,42207,3,42005,9,39101,6,,,,,,,,
1125,1,2,模式：特棒疯狂,60124,30,19900,32400,1031255,37106,15,43010,4,42005,13,39101,9,,,,,,,,
1126,1,2,模式：不起眼的豹棒,60125,35,1610,14700,1031451,37107,10,,,,,,,,,,,,,,
1127,1,2,模式：豹普通,60126,35,2450,16170,1031452,37107,10,42003,1,,,,,,,,,,,,
1128,1,2,模式：员工奢华豹纹,60127,35,3451,22050,1031453,37107,11,42003,2,42005,9,,,,,,,,,,
1129,1,2,模式：罕见的豹子,60128,35,14581,29400,1031454,37107,12,42207,4,42005,12,39102,1,,,,,,,,
1130,1,2,模式：工作人员的特殊密封件,60129,35,22713,44100,1031455,37107,15,43011,4,42005,18,39102,2,,,,,,,,
1131,1,2,模式：不起眼的武士棒,60130,40,1840,19200,1031651,37108,10,,,,,,,,,,,,,,
1132,1,2,模式：冠军的普通,60131,40,2800,21120,1031652,37108,10,42003,1,,,,,,,,,,,,
1133,1,2,模式：冠军高级的棒,60132,40,4904,28800,1031653,37108,11,42003,3,42005,12,,,,,,,,,,
1134,1,2,模式：棒的罕见冠军,60133,40,13244,38400,1031654,37108,12,42208,3,42005,16,39102,2,,,,,,,,
1135,1,2,模式：冠军的特殊魔杖,60134,40,26589,57600,1031655,37108,15,43012,4,42005,24,39102,3,,,,,,,,
1136,1,2,模式：破旧的强大魔杖,60135,45,2070,24300,1031851,37109,10,,,,,,,,,,,,,,
1137,1,2,模式：普通战士棒,60136,45,3330,26730,1031852,37109,10,42004,1,,,,,,,,,,,,
1138,1,2,模式：高级的强大的魔杖,60137,45,4797,36450,1031853,37109,11,42004,2,42005,15,,,,,,,,,,
1139,1,2,模式：冠军的魔杖稀有,60138,45,17060,48600,1031854,37109,12,42208,3,42005,20,39102,2,,,,,,,,
1140,1,2,模式：特别棒的退伍军人,60139,45,34942,72900,1031855,37109,15,43013,4,42005,30,39102,4,,,,,,,,
1141,1,2,模式：主权破旧的魔杖,60140,50,2300,30000,1032051,37110,10,,,,,,,,,,,,,,
1142,1,2,模式：主权普通,60141,50,3700,33000,1032052,37110,10,42004,1,,,,,,,,,,,,
1143,1,2,模式：高级的的君枝,60142,50,6730,45000,1032053,37110,11,42004,3,42005,18,,,,,,,,,,
1144,1,2,模式：员工罕见的君主,60143,50,19481,60000,1032054,37110,12,42209,3,42005,25,39102,3,,,,,,,,
1145,1,2,模式：君主专用法杖,60144,50,38824,90000,1032055,37110,15,43014,4,42005,37,39102,4,,,,,,,,
1146,1,2,模式：破旧的霸王之棒,60145,52,2392,32448,1010251,37110,11,,,,,,,,,,,,,,
1147,1,2,模式：普通霸王之棒,60146,52,4056,35694,1010251,37110,11,42006,1,,,,,,,,,,,,
1148,1,2,模式：高级的霸王之的棒,60147,52,7623,48672,1010251,37110,12,42006,2,42005,20,,,,,,,,,,
1149,1,2,模式：罕见霸王之棒,60148,52,22756,64896,1010251,37110,13,42209,5,42005,27,39102,3,,,,,,,,
1150,1,2,模式：特殊霸王之棒,60149,52,45369,97344,1010251,37110,16,43014,6,42005,40,39102,5,,,,,,,,
1151,1,2,模式：最强工作人员,60150,55,2530,36300,1032251,37111,10,,,,,,,,,,,,,,
1152,1,2,模式：普通最强手杖,60151,55,4290,39930,1032252,37111,10,42006,1,,,,,,,,,,,,
1153,1,2,模式：极致奢华,60152,55,8063,54450,1032253,37111,11,42006,2,42005,22,,,,,,,,,,
1154,1,2,模式：罕见的最强队伍,60153,55,24069,72600,1032254,37111,12,42209,7,42005,30,39103,2,,,,,,,,
1155,1,2,模式：员工最强的特,60154,55,47987,108900,1032255,37111,15,43014,8,42005,45,39103,3,,,,,,,,
1201,1,3,模式：一个谦虚的人精通,60200,1,230,300,1040251,37100,9,,,,,,,,,,,,,,
1202,1,3,模式：普通的,60201,1,290,330,1040252,37100,9,42000,1,,,,,,,,,,,,
1203,1,3,模式：高级的,60202,5,313,450,1040253,37100,10,42000,1,42005,1,,,,,,,,,,
1204,1,3,模式：罕见的专家,60203,5,403,600,1040254,37100,11,42205,1,42005,1,39100,1,,,,,,,,
1205,1,3,模式：破旧的审判,60204,10,460,1200,1040451,37102,10,,,,,,,,,,,,,,
1206,1,3,模式：普通试验,60205,10,580,1320,1040452,37102,10,42000,1,,,,,,,,,,,,
1207,1,3,模式：高级的试验,60206,10,866,1800,1040453,37102,11,42000,3,42005,1,,,,,,,,,,
1208,1,3,模式：罕见的审判,60207,10,2292,2400,1040454,37102,12,42205,3,42005,1,39100,5,,,,,,,,
1209,1,3,模式：破旧的痛,60208,15,690,2700,1040651,37103,10,,,,,,,,,,,,,,
1210,1,3,模式：普通疼痛,60209,15,930,2970,1040652,37103,10,42001,1,,,,,,,,,,,,
1211,1,3,模式：高级的疼痛,60210,15,1240,4050,1040653,37103,11,42001,2,42005,2,,,,,,,,,,
1212,1,3,模式：罕见的疼痛,60211,15,6249,5400,1040654,37103,12,42205,6,42005,2,39101,1,,,,,,,,
1213,1,3,模式：简陋的恐怖,60212,20,920,4800,1040851,37104,10,,,,,,,,,,,,,,
1214,1,3,模式：平庸的恐怖,60213,20,1240,5280,1040852,37104,10,42001,1,,,,,,,,,,,,
1215,1,3,模式：高级的恐惧,60214,20,1972,7200,1040853,37104,11,42001,3,42005,3,,,,,,,,,,
1216,1,3,模式：罕见的恐怖,60215,20,4912,9600,1040854,37104,12,42206,3,42005,4,39101,3,,,,,,,,
1217,1,3,模式：怒寒酸,60216,25,1150,7500,1041051,37105,10,,,,,,,,,,,,,,
1218,1,3,模式：巫妖王之怒普通,60217,25,1650,8250,1041052,37105,10,42002,1,,,,,,,,,,,,
1219,1,3,模式：奢华之怒,60218,25,2265,11250,1041053,37105,11,42002,2,42005,5,,,,,,,,,,
1220,1,3,模式：一种罕见的暴怒,60219,25,9603,15000,1041054,37105,12,42206,4,42005,6,39101,4,,,,,,,,
1221,1,3,模式：寒酸疯狂,60220,30,1380,10800,1041251,37106,10,,,,,,,,,,,,,,
1222,1,3,模式：普通疯狂,60221,30,1980,11880,1041252,37106,10,42002,1,,,,,,,,,,,,
1223,1,3,模式：高级的的疯狂,60222,30,3318,16200,1041253,37106,11,42002,3,42005,7,,,,,,,,,,
1224,1,3,模式：罕见的疯狂,60223,30,9755,21600,1041254,37106,12,42207,3,42005,9,39101,6,,,,,,,,
1225,1,3,模式：特别疯狂,60224,30,19900,32400,1041255,37106,15,43010,4,42005,13,39101,9,,,,,,,,
1226,1,3,模式：寒酸豹,60225,35,1610,14700,1041451,37107,10,,,,,,,,,,,,,,
1227,1,3,模式：普通豹,60226,35,2450,16170,1041452,37107,10,42003,1,,,,,,,,,,,,
1228,1,3,模式：高级的豹,60227,35,3451,22050,1041453,37107,11,42003,2,42005,9,,,,,,,,,,
1229,1,3,模式：罕见的豹子,60228,35,14581,29400,1041454,37107,12,42207,4,42005,12,39102,1,,,,,,,,
1230,1,3,模式：的特殊密封件,60229,35,22713,44100,1041455,37107,15,43011,4,42005,18,39102,2,,,,,,,,
1231,1,3,模式：不起眼的战士,60230,40,1840,19200,1041651,37108,10,,,,,,,,,,,,,,
1232,1,3,模式：冠军的普通,60231,40,2800,21120,1041652,37108,10,42003,1,,,,,,,,,,,,
1233,1,3,模式：高级的战士,60232,40,4904,28800,1041653,37108,11,42003,3,42005,12,,,,,,,,,,
1234,1,3,模式：罕见的战士,60233,40,13244,38400,1041654,37108,12,42208,3,42005,16,39102,2,,,,,,,,
1235,1,3,模式：特殊战士的头,60234,40,26589,57600,1041655,37108,15,43012,4,42005,24,39102,3,,,,,,,,
1236,1,3,模式：一个不起眼的战士,60235,45,2070,24300,1041851,37109,10,,,,,,,,,,,,,,
1237,1,3,模式：一个普通的战士,60236,45,3330,26730,1041852,37109,10,42004,1,,,,,,,,,,,,
1238,1,3,模式：高级的威猛,60237,45,4797,36450,1041853,37109,11,42004,2,42005,15,,,,,,,,,,
1239,1,3,模式：罕见的武士,60238,45,17060,48600,1041854,37109,12,42208,3,42005,20,39102,2,,,,,,,,
1240,1,3,模式：特殊的退伍军人,60239,45,34942,72900,1041855,37109,15,43013,4,42005,30,39102,4,,,,,,,,
1241,1,3,模式：破旧的君主,60240,50,2300,30000,1042051,37110,10,,,,,,,,,,,,,,
1242,1,3,模式：主权普通,60241,50,3700,33000,1042052,37110,10,42004,1,,,,,,,,,,,,
1243,1,3,模式：奢华的君主,60242,50,6730,45000,1042053,37110,11,42004,3,42005,18,,,,,,,,,,
1244,1,3,模式：罕见的君主,60243,50,19481,60000,1042054,37110,12,42209,3,42005,25,39102,3,,,,,,,,
1245,1,3,模式：主权的特殊,60244,50,38824,90000,1042055,37110,15,43014,4,42005,37,39102,4,,,,,,,,
1246,1,3,模式：寒酸霸王之的,60245,52,2392,32448,1010251,37110,11,,,,,,,,,,,,,,
1247,1,3,模式：普通霸王之,60246,52,4056,35694,1010251,37110,11,42006,1,,,,,,,,,,,,
1248,1,3,模式：高级的霸王之的,60247,52,7623,48672,1010251,37110,12,42006,2,42005,20,,,,,,,,,,
1249,1,3,模式：罕见霸王之的,60248,52,22756,64896,1010251,37110,13,42209,5,42005,27,39102,3,,,,,,,,
1250,1,3,模式：特殊霸王之,60249,52,45369,97344,1010251,37110,16,43014,6,42005,40,39102,5,,,,,,,,
1251,1,3,模式：最强,60250,55,2530,36300,1042251,37111,10,,,,,,,,,,,,,,
1252,1,3,模式：普通最强,60251,55,4290,39930,1042252,37111,10,42006,1,,,,,,,,,,,,
1253,1,3,模式：极致奢华,60252,55,8063,54450,1042253,37111,11,42006,2,42005,22,,,,,,,,,,
1254,1,3,模式：罕见的最强,60253,55,24069,72600,1042254,37111,12,42209,7,42005,30,39103,2,,,,,,,,
1255,1,3,模式：特殊最强,60254,55,47987,108900,1042255,37111,15,43014,8,42005,45,39103,3,,,,,,,,
1301,1,4,模式：简陋的弓,60300,1,230,300,1050251,37100,9,,,,,,,,,,,,,,
1302,1,4,模式：普通的弓,60301,1,290,330,1050252,37100,9,42000,1,,,,,,,,,,,,
1303,1,4,模式：高级的弓,60302,5,313,450,1050253,37100,10,42000,1,42005,1,,,,,,,,,,
1304,1,4,模式：弓罕见,60303,5,403,600,1050254,37100,11,42205,1,42005,1,39100,1,,,,,,,,
1305,1,4,模式：弓破旧试验,60304,10,460,1200,1050451,37102,10,,,,,,,,,,,,,,
1306,1,4,模式：弓普通试验,60305,10,580,1320,1050452,37102,10,42000,1,,,,,,,,,,,,
1307,1,4,模式：弓高级的试验,60306,10,866,1800,1050453,37102,11,42000,3,42005,1,,,,,,,,,,
1308,1,4,模式：弓罕见试验,60307,10,2292,2400,1050454,37102,12,42205,3,42005,1,39100,5,,,,,,,,
1309,1,4,模式：一个破旧的痛苦弓,60308,15,690,2700,1050651,37103,10,,,,,,,,,,,,,,
1310,1,4,模式：普通疼痛弓,60309,15,930,2970,1050652,37103,10,42001,1,,,,,,,,,,,,
1311,1,4,模式：弓高级的疼痛,60310,15,1240,4050,1050653,37103,11,42001,2,42005,2,,,,,,,,,,
1312,1,4,模式：弓罕见疼痛,60311,15,6249,5400,1050654,37103,12,42205,6,42005,2,39101,1,,,,,,,,
1313,1,4,模式：一个不起眼的恐惧之弓,60312,20,920,4800,1050851,37104,10,,,,,,,,,,,,,,
1314,1,4,模式：平庸的恐怖之弓,60313,20,1240,5280,1050852,37104,10,42001,1,,,,,,,,,,,,
1315,1,4,模式：弓高级的恐惧,60314,20,1972,7200,1050853,37104,11,42001,3,42005,3,,,,,,,,,,
1316,1,4,模式：罕见的恐怖之弓,60315,20,4912,9600,1050854,37104,12,42206,3,42005,4,39101,3,,,,,,,,
1317,1,4,模式：愤怒破旧的弓,60316,25,1150,7500,1051051,37105,10,,,,,,,,,,,,,,
1318,1,4,模式：巫妖王之怒普通弓,60317,25,1650,8250,1051052,37105,10,42002,1,,,,,,,,,,,,
1319,1,4,模式：高级的弓,60318,25,2265,11250,1051053,37105,11,42002,2,42005,5,,,,,,,,,,
1320,1,4,模式：活动难得一见的愤怒,60319,25,9603,15000,1051054,37105,12,42206,4,42005,6,39101,4,,,,,,,,
1321,1,4,模式：一个破旧的疯狂之弓,60320,30,1380,10800,1051251,37106,10,,,,,,,,,,,,,,
1322,1,4,模式：普通疯狂弓,60321,30,1980,11880,1051252,37106,10,42002,1,,,,,,,,,,,,
1323,1,4,模式：弓高级的的疯狂,60322,30,3318,16200,1051253,37106,11,42002,3,42005,7,,,,,,,,,,
1324,1,4,模式：弓罕见的疯狂,60323,30,9755,21600,1051254,37106,12,42207,3,42005,9,39101,6,,,,,,,,
1325,1,4,模式：一种特殊的疯狂弓,60324,30,19900,32400,1051255,37106,15,43010,4,42005,13,39101,9,,,,,,,,
1326,1,4,模式：一个破旧的豹纹蝴蝶结,60325,35,1610,14700,1051451,37107,10,,,,,,,,,,,,,,
1327,1,4,模式：普通豹纹蝴蝶结,60326,35,2450,16170,1051452,37107,10,42003,1,,,,,,,,,,,,
1328,1,4,模式：弓高级的豹,60327,35,3451,22050,1051453,37107,11,42003,2,42005,9,,,,,,,,,,
1329,1,4,模式：一种罕见的豹纹蝴蝶结,60328,35,14581,29400,1051454,37107,12,42207,4,42005,12,39102,1,,,,,,,,
1330,1,4,模式：弓的特殊密封件,60329,35,22713,44100,1051455,37107,15,43011,4,42005,18,39102,2,,,,,,,,
1331,1,4,模式：一个不起眼的武士弓,60330,40,1840,19200,1051651,37108,10,,,,,,,,,,,,,,
1332,1,4,模式：一个普通战士的弓,60331,40,2800,21120,1051652,37108,10,42003,1,,,,,,,,,,,,
1333,1,4,模式：弓高级的战士,60332,40,4904,28800,1051653,37108,11,42003,3,42005,12,,,,,,,,,,
1334,1,4,模式：弓的罕见勇士,60333,40,13244,38400,1051654,37108,12,42208,3,42005,16,39102,2,,,,,,,,
1335,1,4,模式：一种特殊的武士弓,60334,40,26589,57600,1051655,37108,15,43012,4,42005,24,39102,3,,,,,,,,
1336,1,4,模式：强大的简陋的弓,60335,45,2070,24300,1051851,37109,10,,,,,,,,,,,,,,
1337,1,4,模式：一个普通战士的弓,60336,45,3330,26730,1051852,37109,10,42004,1,,,,,,,,,,,,
1338,1,4,模式：弓高级的老兵,60337,45,4797,36450,1051853,37109,11,42004,2,42005,15,,,,,,,,,,
1339,1,4,模式：弓罕见老兵,60338,45,17060,48600,1051854,37109,12,42208,3,42005,20,39102,2,,,,,,,,
1340,1,4,模式：一种特殊的武士弓,60339,45,34942,72900,1051855,37109,15,43013,4,42005,30,39102,4,,,,,,,,
1341,1,4,模式：一个破旧的君主之弓,60340,50,2300,30000,1052051,37110,10,,,,,,,,,,,,,,
1342,1,4,模式：一个平庸的君主之弓,60341,50,3700,33000,1052052,37110,10,42004,1,,,,,,,,,,,,
1343,1,4,模式：弓奢华的君主,60342,50,6730,45000,1052053,37110,11,42004,3,42005,18,,,,,,,,,,
1344,1,4,模式：罕见的君主之弓,60343,50,19481,60000,1052054,37110,12,42209,3,42005,25,39102,3,,,,,,,,
1345,1,4,模式：一个特定的君主之弓,60344,50,38824,90000,1052055,37110,15,43014,4,42005,37,39102,4,,,,,,,,
1346,1,4,模式：一个破旧霸王之的弓,60345,52,2392,32448,1010251,37110,11,,,,,,,,,,,,,,
1347,1,4,模式：普通霸王之弓,60346,52,4056,35694,1010251,37110,11,42006,1,,,,,,,,,,,,
1348,1,4,模式：弓高级的霸王之的,60347,52,7623,48672,1010251,37110,12,42006,2,42005,20,,,,,,,,,,
1349,1,4,模式：弓罕见霸王之的,60348,52,22756,64896,1010251,37110,13,42209,5,42005,27,39102,3,,,,,,,,
1350,1,4,模式：一种特殊的霸王之的弓,60349,52,45369,97344,1010251,37110,16,43014,6,42005,40,39102,5,,,,,,,,
1351,1,4,模式：最强弓,60350,55,2530,36300,1052251,37111,10,,,,,,,,,,,,,,
1352,1,4,模式：普通最强弓,60351,55,4290,39930,1052252,37111,10,42006,1,,,,,,,,,,,,
1353,1,4,模式：极致奢华之弓,60352,55,8063,54450,1052253,37111,11,42006,2,42005,22,,,,,,,,,,
1354,1,4,模式：弓罕见最强,60353,55,24069,72600,1052254,37111,12,42209,7,42005,30,39103,2,,,,,,,,
1355,1,4,模式：一种特殊的最强弓,60354,55,47987,108900,1052255,37111,15,43014,8,42005,45,39103,3,,,,,,,,
1401,1,5,模式：一个谦虚的人查克兰姆,60400,1,230,300,1060251,37100,9,,,,,,,,,,,,,,
1402,1,5,模式：普通的查克兰姆,60401,1,290,330,1060252,37100,9,42000,1,,,,,,,,,,,,
1403,1,5,模式：高级的查克兰姆,60402,5,313,450,1060253,37100,10,42000,1,42005,1,,,,,,,,,,
1404,1,5,模式：查克兰姆稀有,60403,5,403,600,1060254,37100,11,42205,1,42005,1,39100,1,,,,,,,,
1405,1,5,模式：不起眼的试验查克兰姆,60404,10,460,1200,1060451,37102,10,,,,,,,,,,,,,,
1406,1,5,模式：查克兰姆普通试验,60405,10,580,1320,1060452,37102,10,42000,1,,,,,,,,,,,,
1407,1,5,模式：查克兰姆高级的试验,60406,10,866,1800,1060453,37102,11,42000,3,42005,1,,,,,,,,,,
1408,1,5,模式：罕见的审判查克兰姆,60407,10,2292,2400,1060454,37102,12,42205,3,42005,1,39100,5,,,,,,,,
1409,1,5,模式：寒酸查克兰姆疼痛,60408,15,690,2700,1060651,37103,10,,,,,,,,,,,,,,
1410,1,5,模式：查克兰姆患普通,60409,15,930,2970,1060652,37103,10,42001,1,,,,,,,,,,,,
1411,1,5,模式：痛苦查克兰姆高级的,60410,15,1240,4050,1060653,37103,11,42001,2,42005,2,,,,,,,,,,
1412,1,5,模式：从稀有查克兰姆患,60411,15,6249,5400,1060654,37103,12,42205,6,42005,2,39101,1,,,,,,,,
1413,1,5,模式：不起眼的恐惧查克兰姆,60412,20,920,4800,1060851,37104,10,,,,,,,,,,,,,,
1414,1,5,模式：平庸的恐怖查克兰姆,60413,20,1240,5280,1060852,37104,10,42001,1,,,,,,,,,,,,
1415,1,5,模式：奢华查克兰姆恐怖,60414,20,1972,7200,1060853,37104,11,42001,3,42005,3,,,,,,,,,,
1416,1,5,模式：罕见的恐怖查克兰姆,60415,20,4912,9600,1060854,37104,12,42206,3,42005,4,39101,3,,,,,,,,
1417,1,5,模式：查克兰姆寒酸之怒,60416,25,1150,7500,1061051,37105,10,,,,,,,,,,,,,,
1418,1,5,模式：巫妖王之怒普通查克兰姆的,60417,25,1650,8250,1061052,37105,10,42002,1,,,,,,,,,,,,
1419,1,5,模式：巫妖王之怒高级的查克兰姆的,60418,25,2265,11250,1061053,37105,11,42002,2,42005,5,,,,,,,,,,
1420,1,5,模式：一种罕见的暴怒查克兰姆,60419,25,9603,15000,1061054,37105,12,42206,4,42005,6,39101,4,,,,,,,,
1421,1,5,模式：查克兰姆破旧的疯狂,60420,30,1380,10800,1061251,37106,10,,,,,,,,,,,,,,
1422,1,5,模式：普通疯狂查克兰姆,60421,30,1980,11880,1061252,37106,10,42002,1,,,,,,,,,,,,
1423,1,5,模式：查克兰姆高级的疯狂,60422,30,3318,16200,1061253,37106,11,42002,3,42005,7,,,,,,,,,,
1424,1,5,模式：查克兰姆罕见的疯狂,60423,30,9755,21600,1061254,37106,12,42207,3,42005,9,39101,6,,,,,,,,
1425,1,5,模式：查克兰姆特别疯狂,60424,30,19900,32400,1061255,37106,15,43010,4,42005,13,39101,9,,,,,,,,
1426,1,5,模式：不起眼的豹查克兰姆,60425,35,1610,14700,1061451,37107,10,,,,,,,,,,,,,,
1427,1,5,模式：普通豹查克兰姆,60426,35,2450,16170,1061452,37107,10,42003,1,,,,,,,,,,,,
1428,1,5,模式：奢华的豹纹查克兰姆,60427,35,3451,22050,1061453,37107,11,42003,2,42005,9,,,,,,,,,,
1429,1,5,模式：查克兰姆稀有豹,60428,35,14581,29400,1061454,37107,12,42207,4,42005,12,39102,1,,,,,,,,
1430,1,5,模式：豹子专用查克兰姆,60429,35,22713,44100,1061455,37107,15,43011,4,42005,18,39102,2,,,,,,,,
1431,1,5,模式：查克兰姆谦虚战士,60430,40,1840,19200,1061651,37108,10,,,,,,,,,,,,,,
1432,1,5,模式：查克兰姆普通战士,60431,40,2800,21120,1061652,37108,10,42003,1,,,,,,,,,,,,
1433,1,5,模式：高级的查克兰姆冠军,60432,40,4904,28800,1061653,37108,11,42003,3,42005,12,,,,,,,,,,
1434,1,5,模式：罕见查克兰姆冠军,60433,40,13244,38400,1061654,37108,12,42208,3,42005,16,39102,2,,,,,,,,
1435,1,5,模式：查克兰姆特殊战士,60434,40,26589,57600,1061655,37108,15,43012,4,42005,24,39102,3,,,,,,,,
1436,1,5,模式：不起眼的战士查克兰姆,60435,45,2070,24300,1061851,37109,10,,,,,,,,,,,,,,
1437,1,5,模式：查克兰姆普通战士,60436,45,3330,26730,1061852,37109,10,42004,1,,,,,,,,,,,,
1438,1,5,模式：查克兰姆高级的老兵,60437,45,4797,36450,1061853,37109,11,42004,2,42005,15,,,,,,,,,,
1439,1,5,模式：老兵查克兰姆稀有,60438,45,17060,48600,1061854,37109,12,42208,3,42005,20,39102,2,,,,,,,,
1440,1,5,模式：查克兰姆特殊的退伍军人,60439,45,34942,72900,1061855,37109,15,43013,4,42005,30,39102,4,,,,,,,,
1441,1,5,模式：查克兰姆破旧的君主,60440,50,2300,30000,1062051,37110,10,,,,,,,,,,,,,,
1442,1,5,模式：主权普通查克兰姆的,60441,50,3700,33000,1062052,37110,10,42004,1,,,,,,,,,,,,
1443,1,5,模式：奢华的君主查克兰姆,60442,50,6730,45000,1062053,37110,11,42004,3,42005,18,,,,,,,,,,
1444,1,5,模式：查克兰姆罕见的君主,60443,50,19481,60000,1062054,37110,12,42209,3,42005,25,39102,3,,,,,,,,
1445,1,5,模式：查克兰姆特别君主,60444,50,38824,90000,1062055,37110,15,43014,4,42005,37,39102,4,,,,,,,,
1446,1,5,模式：不起眼的霸王之 查克兰姆,60445,52,2392,32448,1010251,37110,11,,,,,,,,,,,,,,
1447,1,5,模式：查克兰姆普通霸王之,60446,52,4056,35694,1010251,37110,11,42006,1,,,,,,,,,,,,
1448,1,5,模式：查克兰姆高级的霸王之,60447,52,7623,48672,1010251,37110,12,42006,2,42005,20,,,,,,,,,,
1449,1,5,模式：霸王之的查克兰姆稀有,60448,52,22756,64896,1010251,37110,13,42209,5,42005,27,39102,3,,,,,,,,
1450,1,5,模式：查克兰姆特殊霸王之,60449,52,45369,97344,1010251,37110,16,43014,6,42005,40,39102,5,,,,,,,,
1451,1,5,模式：不起眼的最强查克兰姆,60450,55,2530,36300,1062251,37111,10,,,,,,,,,,,,,,
1452,1,5,模式：普通的终极查克兰姆,60451,55,4290,39930,1062252,37111,10,42006,1,,,,,,,,,,,,
1453,1,5,模式：极致奢华查克兰姆,60452,55,8063,54450,1062253,37111,11,42006,2,42005,22,,,,,,,,,,
1454,1,5,模式：罕见的终极查克兰姆,60453,55,24069,72600,1062254,37111,12,42209,7,42005,30,39103,2,,,,,,,,
1455,1,5,模式：罕见的终极查克兰姆,60454,55,47987,108900,1062255,37111,15,43014,8,42005,45,39103,3,,,,,,,,
1501,1,8,模式：破旧的修炼者的欧付,60500,1,230,300,1090251,37100,9,,,,,,,,,,,,,,
1502,1,8,模式：普通的修炼者的欧付,60501,1,290,330,1090252,37100,9,42000,1,,,,,,,,,,,,
1503,1,8,模式：高级的欧付,60502,5,313,450,1090253,37100,10,42000,1,42005,1,,,,,,,,,,
1504,1,8,模式：罕见的的欧付,60503,5,403,600,1090254,37100,11,42205,1,42005,1,39100,1,,,,,,,,
1505,1,8,模式：破旧的审判,60504,10,460,1200,1090451,37102,10,,,,,,,,,,,,,,
1506,1,8,模式：普通试验,60505,10,580,1320,1090452,37102,10,42000,1,,,,,,,,,,,,
1507,1,8,模式：高级的试验,60506,10,866,1800,1090453,37102,11,42000,3,42005,1,,,,,,,,,,
1508,1,8,模式：罕见的试验之一,60507,10,2292,2400,1090454,37102,12,42205,3,42005,1,39100,5,,,,,,,,
1509,1,8,模式：破旧的痛,60508,15,690,2700,1090651,37103,10,,,,,,,,,,,,,,
1510,1,8,模式：普通的痛,60509,15,930,2970,1090652,37103,10,42001,1,,,,,,,,,,,,
1511,1,8,模式：奢华的痛苦,60510,15,1240,4050,1090653,37103,11,42001,2,42005,2,,,,,,,,,,
1512,1,8,模式：罕见痛得厉害,60511,15,6249,5400,1090654,37103,12,42205,6,42005,2,39101,1,,,,,,,,
1513,1,8,模式：怕寒酸,60512,20,920,4800,1090851,37104,10,,,,,,,,,,,,,,
1514,1,8,模式：怕普通的,60513,20,1240,5280,1090852,37104,10,42001,1,,,,,,,,,,,,
1515,1,8,模式：恐惧的高级的,60514,20,1972,7200,1090853,37104,11,42001,3,42005,3,,,,,,,,,,
1516,1,8,模式：罕见的恐怖之一,60515,20,4912,9600,1090854,37104,12,42206,3,42005,4,39101,3,,,,,,,,
1517,1,8,模式：愤怒的寒酸,60516,25,1150,7500,1091051,37105,10,,,,,,,,,,,,,,
1518,1,8,模式：巫妖王之怒的普通,60517,25,1650,8250,1091052,37105,10,42002,1,,,,,,,,,,,,
1519,1,8,模式：愤怒的高级的,60518,25,2265,11250,1091053,37105,11,42002,2,42005,5,,,,,,,,,,
1520,1,8,模式：一种罕见的暴怒,60519,25,9603,15000,1091054,37105,12,42206,4,42005,6,39101,4,,,,,,,,
1521,1,8,模式：不起眼的疯狂,60520,30,1380,10800,1091251,37106,10,,,,,,,,,,,,,,
1522,1,8,模式：普通疯狂,60521,30,1980,11880,1091252,37106,10,42002,1,,,,,,,,,,,,
1523,1,8,模式：疯狂的高级的,60522,30,3318,16200,1091253,37106,11,42002,3,42005,7,,,,,,,,,,
1524,1,8,模式：罕见的疯狂的一个,60523,30,9755,21600,1091254,37106,12,42207,3,42005,9,39101,6,,,,,,,,
1525,1,8,模式：特别疯狂,60524,30,19900,32400,1091255,37106,15,43010,4,42005,13,39101,9,,,,,,,,
1526,1,8,模式：不起眼的豹,60525,35,1610,14700,1091451,37107,10,,,,,,,,,,,,,,
1527,1,8,模式：普通的豹,60526,35,2450,16170,1091452,37107,10,42003,1,,,,,,,,,,,,
1528,1,8,模式：豹纹的奢华,60527,35,3451,22050,1091453,37107,11,42003,2,42005,9,,,,,,,,,,
1529,1,8,模式：罕见的豹子之一,60528,35,14581,29400,1091454,37107,12,42207,4,42005,12,39102,1,,,,,,,,
1530,1,8,模式：特殊的豹,60529,35,22713,44100,1091455,37107,15,43011,4,42005,18,39102,2,,,,,,,,
1531,1,8,模式：破旧的冠军,60530,40,1840,19200,1091651,37108,10,,,,,,,,,,,,,,
1532,1,8,模式：普通的冠军,60531,40,2800,21120,1091652,37108,10,42003,1,,,,,,,,,,,,
1533,1,8,模式：冠军的奢华,60532,40,4904,28800,1091653,37108,11,42003,3,42005,12,,,,,,,,,,
1534,1,8,模式：罕见的战士,60533,40,13244,38400,1091654,37108,12,42208,3,42005,16,39102,2,,,,,,,,
1535,1,8,模式：特殊的冠军,60534,40,26589,57600,1091655,37108,15,43012,4,42005,24,39102,3,,,,,,,,
1536,1,8,模式：不起眼的战士,60535,45,2070,24300,1091851,37109,10,,,,,,,,,,,,,,
1537,1,8,模式：普通的退伍军人,60536,45,3330,26730,1091852,37109,10,42004,1,,,,,,,,,,,,
1538,1,8,模式：老兵的高级的,60537,45,4797,36450,1091853,37109,11,42004,2,42005,15,,,,,,,,,,
1539,1,8,模式：罕见的战士之一,60538,45,17060,48600,1091854,37109,12,42208,3,42005,20,39102,2,,,,,,,,
1540,1,8,模式：特殊的退伍军人,60539,45,34942,72900,1091855,37109,15,43013,4,42005,30,39102,4,,,,,,,,
1541,1,8,模式：主权破旧的,60540,50,2300,30000,1092051,37110,10,,,,,,,,,,,,,,
1542,1,8,模式：主权普通的,60541,50,3700,33000,1092052,37110,10,42004,1,,,,,,,,,,,,
1543,1,8,模式：君主的奢侈,60542,50,6730,45000,1092053,37110,11,42004,3,42005,18,,,,,,,,,,
1544,1,8,模式：罕见的君主,60543,50,19481,60000,1092054,37110,12,42209,3,42005,25,39102,3,,,,,,,,
1545,1,8,模式：主权的特,60544,50,38824,90000,1092055,37110,15,43014,4,42005,37,39102,4,,,,,,,,
1546,1,8,模式：破旧的霸王之中,60545,52,2392,32448,1010251,37110,11,,,,,,,,,,,,,,
1547,1,8,模式：普通霸王之,60546,52,4056,35694,1010251,37110,11,42006,1,,,,,,,,,,,,
1548,1,8,模式：高级的霸王之,60547,52,7623,48672,1010251,37110,12,42006,2,42005,20,,,,,,,,,,
1549,1,8,模式：罕见霸王之之一,60548,52,22756,64896,1010251,37110,13,42209,5,42005,27,39102,3,,,,,,,,
1550,1,8,模式：特殊霸王之,60549,52,45369,97344,1010251,37110,16,43014,6,42005,40,39102,5,,,,,,,,
1551,1,8,模式：最强的寒酸,60550,55,2530,36300,1092251,37111,10,,,,,,,,,,,,,,
1552,1,8,模式：最强的普通,60551,55,4290,39930,1092252,37111,10,42006,1,,,,,,,,,,,,
1553,1,8,模式：极致奢华,60552,55,8063,54450,1092253,37111,11,42006,2,42005,22,,,,,,,,,,
1554,1,8,模式：其中一个最强大的罕见,60553,55,24069,72600,1092254,37111,12,42209,7,42005,30,39103,2,,,,,,,,
1555,1,8,模式：特殊最强,60554,55,47987,108900,1092255,37111,15,43014,8,42005,45,39103,3,,,,,,,,
1601,1,9,模式：马坦共寒酸技能,60600,1,230,300,1100251,37100,9,,,,,,,,,,,,,,
1602,1,9,模式：在马坦枪普通技术,60601,1,290,330,1100252,37100,9,42000,1,,,,,,,,,,,,
1603,1,9,模式：高级的马坦枪,60602,5,313,450,1100253,37100,10,42000,1,42005,1,,,,,,,,,,
1604,1,9,模式：拍了一个罕见的技能马坦的,60603,5,403,600,1100254,37100,11,42205,1,42005,1,39100,1,,,,,,,,
1605,1,9,模式：马坦共寒酸试验,60604,10,460,1200,1100451,37102,10,,,,,,,,,,,,,,
1606,1,9,模式：马坦共有普通试验,60605,10,580,1320,1100452,37102,10,42000,1,,,,,,,,,,,,
1607,1,9,模式：一个镜头马坦高级的试验,60606,10,866,1800,1100453,37102,11,42000,3,42005,1,,,,,,,,,,
1608,1,9,模式：马坦打出了罕见的审判,60607,10,2292,2400,1100454,37102,12,42205,3,42005,1,39100,5,,,,,,,,
1609,1,9,模式：破旧的马坦共苦,60608,15,690,2700,1100651,37103,10,,,,,,,,,,,,,,
1610,1,9,模式：马坦总的普通疼痛,60609,15,930,2970,1100652,37103,10,42001,1,,,,,,,,,,,,
1611,1,9,模式：高级的马坦共苦,60610,15,1240,4050,1100653,37103,11,42001,2,42005,2,,,,,,,,,,
1612,1,9,模式：马坦打出了罕见的痛苦,60611,15,6249,5400,1100654,37103,12,42205,6,42005,2,39101,1,,,,,,,,
1613,1,9,模式：马坦总寒酸恐怖,60612,20,920,4800,1100851,37104,10,,,,,,,,,,,,,,
1614,1,9,模式：马坦总平庸恐怖,60613,20,1240,5280,1100852,37104,10,42001,1,,,,,,,,,,,,
1615,1,9,模式：一个镜头马坦高级的恐惧,60614,20,1972,7200,1100853,37104,11,42001,3,42005,3,,,,,,,,,,
1616,1,9,模式：马坦拍摄的罕见的恐怖,60615,20,4912,9600,1100854,37104,12,42206,3,42005,4,39101,3,,,,,,,,
1617,1,9,模式：狂暴寒酸马坦枪,60616,25,1150,7500,1101051,37105,10,,,,,,,,,,,,,,
1618,1,9,模式：巫妖王之怒普通马坦枪,60617,25,1650,8250,1101052,37105,10,42002,1,,,,,,,,,,,,
1619,1,9,模式：巫妖王之怒高级的马坦枪,60618,25,2265,11250,1101053,37105,11,42002,2,42005,5,,,,,,,,,,
1620,1,9,模式：一种罕见的暴怒马坦枪,60619,25,9603,15000,1101054,37105,12,42206,4,42005,6,39101,4,,,,,,,,
1621,1,9,模式：马坦总破旧的疯狂,60620,30,1380,10800,1101251,37106,10,,,,,,,,,,,,,,
1622,1,9,模式：马坦共有普通的疯狂,60621,30,1980,11880,1101252,37106,10,42002,1,,,,,,,,,,,,
1623,1,9,模式：高级的马坦总的疯狂,60622,30,3318,16200,1101253,37106,11,42002,3,42005,7,,,,,,,,,,
1624,1,9,模式：马坦总罕见的疯狂,60623,30,9755,21600,1101254,37106,12,42207,3,42005,9,39101,6,,,,,,,,
1625,1,9,模式：马坦枪特别疯狂,60624,30,19900,32400,1101255,37106,15,43010,4,42005,13,39101,9,,,,,,,,
1626,1,9,模式：马坦总寒酸豹,60625,35,1610,14700,1101451,37107,10,,,,,,,,,,,,,,
1627,1,9,模式：马坦总的普通豹,60626,35,2450,16170,1101452,37107,10,42003,1,,,,,,,,,,,,
1628,1,9,模式：奢华的豹纹马坦枪,60627,35,3451,22050,1101453,37107,11,42003,2,42005,9,,,,,,,,,,
1629,1,9,模式：豹子难得出手马坦的,60628,35,14581,29400,1101454,37107,12,42207,4,42005,12,39102,1,,,,,,,,
1630,1,9,模式：马坦共特殊密封件,60629,35,22713,44100,1101455,37107,15,43011,4,42005,18,39102,2,,,,,,,,
1631,1,9,模式：马坦总谦虚战士,60630,40,1840,19200,1101651,37108,10,,,,,,,,,,,,,,
1632,1,9,模式：马坦总的普通战士,60631,40,2800,21120,1101652,37108,10,42003,1,,,,,,,,,,,,
1633,1,9,模式：冠军的高级的马坦枪,60632,40,4904,28800,1101653,37108,11,42003,3,42005,12,,,,,,,,,,
1634,1,9,模式：马坦稀土总量战士,60633,40,13244,38400,1101654,37108,12,42208,3,42005,16,39102,2,,,,,,,,
1635,1,9,模式：马坦共特殊战士,60634,40,26589,57600,1101655,37108,15,43012,4,42005,24,39102,3,,,,,,,,
1636,1,9,模式：马坦总谦虚战士,60635,45,2070,24300,1101851,37109,10,,,,,,,,,,,,,,
1637,1,9,模式：冠军的马坦总的普通,60636,45,3330,26730,1101852,37109,10,42004,1,,,,,,,,,,,,
1638,1,9,模式：高级的老兵马坦枪,60637,45,4797,36450,1101853,37109,11,42004,2,42005,15,,,,,,,,,,
1639,1,9,模式：马坦打出了罕见的战士,60638,45,17060,48600,1101854,37109,12,42208,3,42005,20,39102,2,,,,,,,,
1640,1,9,模式：一个镜头马坦特殊的退伍军人,60639,45,34942,72900,1101855,37109,15,43013,4,42005,30,39102,4,,,,,,,,
1641,1,9,模式：马坦总破旧的君主,60640,50,2300,30000,1102051,37110,10,,,,,,,,,,,,,,
1642,1,9,模式：马坦总平庸的君主,60641,50,3700,33000,1102052,37110,10,42004,1,,,,,,,,,,,,
1643,1,9,模式：一个镜头马坦奢华的君主,60642,50,6730,45000,1102053,37110,11,42004,3,42005,18,,,,,,,,,,
1644,1,9,模式：马坦拍摄的罕见的君主,60643,50,19481,60000,1102054,37110,12,42209,3,42005,25,39102,3,,,,,,,,
1645,1,9,模式：一个镜头马坦特别君主,60644,50,38824,90000,1102055,37110,15,43014,4,42005,37,39102,4,,,,,,,,
1646,1,9,模式：马坦总寒酸霸王之的,60645,52,2392,32448,1010251,37110,11,,,,,,,,,,,,,,
1647,1,9,模式：马坦总的普通霸王之,60646,52,4056,35694,1010251,37110,11,42006,1,,,,,,,,,,,,
1648,1,9,模式：一个镜头马坦高级的霸王之,60647,52,7623,48672,1010251,37110,12,42006,2,42005,20,,,,,,,,,,
1649,1,9,模式：马坦打出了罕见的霸王之的,60648,52,22756,64896,1010251,37110,13,42209,5,42005,27,39102,3,,,,,,,,
1650,1,9,模式：一个镜头马坦特殊霸王之,60649,52,45369,97344,1010251,37110,16,43014,6,42005,40,39102,5,,,,,,,,
1651,1,9,模式：马坦共寒酸最强,60650,55,2530,36300,1102251,37111,10,,,,,,,,,,,,,,
1652,1,9,模式：马坦总的普通最强,60651,55,4290,39930,1102252,37111,10,42006,1,,,,,,,,,,,,
1653,1,9,模式：马坦总极致奢华,60652,55,8063,54450,1102253,37111,11,42006,2,42005,22,,,,,,,,,,
1654,1,9,模式：一种罕见的拍最强的马坦的,60653,55,24069,72600,1102254,37111,12,42209,7,42005,30,39103,2,,,,,,,,
1655,1,9,模式：一个镜头马坦特殊最强,60654,55,47987,108900,1102255,37111,15,43014,8,42005,45,39103,3,,,,,,,,
1701,1,10,模式：简陋的单手剑,60700,1,230,300,1110251,37100,9,,,,,,,,,,,,,,
1702,1,10,模式：单手的普通剑,60701,1,290,330,1110252,37100,9,42000,1,,,,,,,,,,,,
1703,1,10,模式：单手剑豪华的技能,60702,5,313,450,1110253,37100,10,42000,1,42005,1,,,,,,,,,,
1704,1,10,模式：剑一手一个罕见的技能,60703,5,403,600,1110254,37100,11,42205,1,42005,1,39100,1,,,,,,,,
1705,1,10,模式：单手寒酸审判之剑,60704,10,460,1200,1110451,37102,10,,,,,,,,,,,,,,
1706,1,10,模式：单手的普通审判之剑,60705,10,580,1320,1110452,37102,10,42000,1,,,,,,,,,,,,
1707,1,10,模式：单手剑豪华试验,60706,10,866,1800,1110453,37102,11,42000,3,42005,1,,,,,,,,,,
1708,1,10,模式：剑一手一个难得的审判,60707,10,2292,2400,1110454,37102,12,42205,3,42005,1,39100,5,,,,,,,,
1709,1,10,模式：破旧的疼痛单手剑,60708,15,690,2700,1110651,37103,10,,,,,,,,,,,,,,
1710,1,10,模式：普通疼痛单手剑,60709,15,930,2970,1110652,37103,10,42001,1,,,,,,,,,,,,
1711,1,10,模式：高级的单手痛之剑,60710,15,1240,4050,1110653,37103,11,42001,2,42005,2,,,,,,,,,,
1712,1,10,模式：剑一手一个难得的痛,60711,15,6249,5400,1110654,37103,12,42205,6,42005,2,39101,1,,,,,,,,
1713,1,10,模式：单手剑怕寒碜,60712,20,920,4800,1110851,37104,10,,,,,,,,,,,,,,
1714,1,10,模式：平庸的恐怖单手剑,60713,20,1240,5280,1110852,37104,10,42001,1,,,,,,,,,,,,
1715,1,10,模式：单手剑豪华的恐惧,60714,20,1972,7200,1110853,37104,11,42001,3,42005,3,,,,,,,,,,
1716,1,10,模式：罕见的恐怖单手剑,60715,20,4912,9600,1110854,37104,12,42206,3,42005,4,39101,3,,,,,,,,
1717,1,10,模式：单手怒破旧的剑,60716,25,1150,7500,1111051,37105,10,,,,,,,,,,,,,,
1718,1,10,模式：普通愤怒单手剑,60717,25,1650,8250,1111052,37105,10,42002,1,,,,,,,,,,,,
1719,1,10,模式：高级的愤怒手剑,60718,25,2265,11250,1111053,37105,11,42002,2,42005,5,,,,,,,,,,
1720,1,10,模式：剑一手一个罕见的暴怒,60719,25,9603,15000,1111054,37105,12,42206,4,42005,6,39101,4,,,,,,,,
1721,1,10,模式：破旧的疯狂单手剑,60720,30,1380,10800,1111251,37106,10,,,,,,,,,,,,,,
1722,1,10,模式：普通疯狂单手剑,60721,30,1980,11880,1111252,37106,10,42002,1,,,,,,,,,,,,
1723,1,10,模式：单手剑豪华疯狂,60722,30,3318,16200,1111253,37106,11,42002,3,42005,7,,,,,,,,,,
1724,1,10,模式：罕见的疯狂单手剑,60723,30,9755,21600,1111254,37106,12,42207,3,42005,9,39101,6,,,,,,,,
1725,1,10,模式：剑一手一个特殊的疯狂,60724,30,19900,32400,1111255,37106,15,43010,4,42005,13,39101,9,,,,,,,,
1726,1,10,模式：破旧的豹纹单手剑,60725,35,1610,14700,1111451,37107,10,,,,,,,,,,,,,,
1727,1,10,模式：普通豹单手剑,60726,35,2450,16170,1111452,37107,10,42003,1,,,,,,,,,,,,
1728,1,10,模式：密封件奢侈的单手长剑,60727,35,3451,22050,1111453,37107,11,42003,2,42005,9,,,,,,,,,,
1729,1,10,模式：单手剑稀有豹,60728,35,14581,29400,1111454,37107,12,42207,4,42005,12,39102,1,,,,,,,,
1730,1,10,模式：单手的特殊密封剑,60729,35,22713,44100,1111455,37107,15,43011,4,42005,18,39102,2,,,,,,,,
1731,1,10,模式：单手不起眼的勇士之剑,60730,40,1840,19200,1111651,37108,10,,,,,,,,,,,,,,
1732,1,10,模式：普通的单手剑斗士,60731,40,2800,21120,1111652,37108,10,42003,1,,,,,,,,,,,,
1733,1,10,模式：奢华单手剑斗士,60732,40,4904,28800,1111653,37108,11,42003,3,42005,12,,,,,,,,,,
1734,1,10,模式：剑一手一个难得的战士,60733,40,13244,38400,1111654,37108,12,42208,3,42005,16,39102,2,,,,,,,,
1735,1,10,模式：剑一手一个特殊的战士,60734,40,26589,57600,1111655,37108,15,43012,4,42005,24,39102,3,,,,,,,,
1736,1,10,模式：单手不起眼的勇士之剑,60735,45,2070,24300,1111851,37109,10,,,,,,,,,,,,,,
1737,1,10,模式：单手的普通战士的剑,60736,45,3330,26730,1111852,37109,10,42004,1,,,,,,,,,,,,
1738,1,10,模式：单手剑豪华老兵,60737,45,4797,36450,1111853,37109,11,42004,2,42005,15,,,,,,,,,,
1739,1,10,模式：剑一手一个难得的战士,60738,45,17060,48600,1111854,37109,12,42208,3,42005,20,39102,2,,,,,,,,
1740,1,10,模式：剑一手一个特殊的退伍军人,60739,45,34942,72900,1111855,37109,15,43013,4,42005,30,39102,4,,,,,,,,
1741,1,10,模式：破旧的君主单手剑,60740,50,2300,30000,1112051,37110,10,,,,,,,,,,,,,,
1742,1,10,模式：普通君主单手剑,60741,50,3700,33000,1112052,37110,10,42004,1,,,,,,,,,,,,
1743,1,10,模式：单手奢华的君主之剑,60742,50,6730,45000,1112053,37110,11,42004,3,42005,18,,,,,,,,,,
1744,1,10,模式：单手剑罕见的君主,60743,50,19481,60000,1112054,37110,12,42209,3,42005,25,39102,3,,,,,,,,
1745,1,10,模式：剑一手一个特殊的君主,60744,50,38824,90000,1112055,37110,15,43014,4,42005,37,39102,4,,,,,,,,
1746,1,10,模式：霸王之单手剑,60745,52,2392,32448,1010251,37110,11,,,,,,,,,,,,,,
1747,1,10,模式：普通霸王之单手剑,60746,52,4056,35694,1010251,37110,11,42006,1,,,,,,,,,,,,
1748,1,10,模式：单手剑豪华霸王之,60747,52,7623,48672,1010251,37110,12,42006,2,42005,20,,,,,,,,,,
1749,1,10,模式：罕见霸王之单手剑,60748,52,22756,64896,1010251,37110,13,42209,5,42005,27,39102,3,,,,,,,,
1750,1,10,模式：特殊霸王之单手剑,60749,52,45369,97344,1010251,37110,16,43014,6,42005,40,39102,5,,,,,,,,
1751,1,10,模式：寒酸最强手剑,60750,55,2530,36300,1112251,37111,10,,,,,,,,,,,,,,
1752,1,10,模式：普通最强手剑,60751,55,4290,39930,1112252,37111,10,42006,1,,,,,,,,,,,,
1753,1,10,模式：极致奢华的单手长剑,60752,55,8063,54450,1112253,37111,11,42006,2,42005,22,,,,,,,,,,
1754,1,10,模式：罕见的最强手剑,60753,55,24069,72600,1112254,37111,12,42209,7,42005,30,39103,2,,,,,,,,
1755,1,10,模式：特殊最强手剑,60754,55,47987,108900,1112255,37111,15,43014,8,42005,45,39103,3,,,,,,,,
1801,1,11,模式：破旧的双手巨剑,60800,1,230,300,1120251,37100,9,,,,,,,,,,,,,,
1802,1,11,模式：普通的双手巨剑,60801,1,290,330,1120252,37100,9,42000,1,,,,,,,,,,,,
1803,1,11,模式：奢华之剑的手,60802,5,313,450,1120253,37100,10,42000,1,42005,1,,,,,,,,,,
1804,1,11,模式：稀有技能双手剑,60803,5,403,600,1120254,37100,11,42205,1,42005,1,39100,1,,,,,,,,
1805,1,11,模式：手中破旧的审判之剑,60804,10,460,1200,1120451,37102,10,,,,,,,,,,,,,,
1806,1,11,模式：普通的审判之剑的手,60805,10,580,1320,1120452,37102,10,42000,1,,,,,,,,,,,,
1807,1,11,模式：手中的高级的审判之剑,60806,10,866,1800,1120453,37102,11,42000,3,42005,1,,,,,,,,,,
1808,1,11,模式：一种罕见的审判之剑手,60807,10,2292,2400,1120454,37102,12,42205,3,42005,1,39100,5,,,,,,,,
1809,1,11,模式：痛破旧的双手剑,60808,15,690,2700,1120651,37103,10,,,,,,,,,,,,,,
1810,1,11,模式：普通疼痛剑的手,60809,15,930,2970,1120652,37103,10,42001,1,,,,,,,,,,,,
1811,1,11,模式：高级的双手剑痛苦之剑,60810,15,1240,4050,1120653,37103,11,42001,2,42005,2,,,,,,,,,,
1812,1,11,模式：剑双手难得一见的苦恼,60811,15,6249,5400,1120654,37103,12,42205,6,42005,2,39101,1,,,,,,,,
1813,1,11,模式：恐怖破旧的双手剑,60812,20,920,4800,1120851,37104,10,,,,,,,,,,,,,,
1814,1,11,模式：平庸的恐怖之剑的手,60813,20,1240,5280,1120852,37104,10,42001,1,,,,,,,,,,,,
1815,1,11,模式：高级的双手剑恐怖,60814,20,1972,7200,1120853,37104,11,42001,3,42005,3,,,,,,,,,,
1816,1,11,模式：一种罕见的恐怖之剑的手,60815,20,4912,9600,1120854,37104,12,42206,3,42005,4,39101,3,,,,,,,,
1817,1,11,模式：愤怒破旧双手剑,60816,25,1150,7500,1121051,37105,10,,,,,,,,,,,,,,
1818,1,11,模式：之怒平庸双手剑,60817,25,1650,8250,1121052,37105,10,42002,1,,,,,,,,,,,,
1819,1,11,模式：奢华之怒双手剑,60818,25,2265,11250,1121053,37105,11,42002,2,42005,5,,,,,,,,,,
1820,1,11,模式：一种罕见的暴怒之剑手,60819,25,9603,15000,1121054,37105,12,42206,4,42005,6,39101,4,,,,,,,,
1821,1,11,模式：破旧两手疯狂之剑,60820,30,1380,10800,1121251,37106,10,,,,,,,,,,,,,,
1822,1,11,模式：普通疯狂剑的手,60821,30,1980,11880,1121252,37106,10,42002,1,,,,,,,,,,,,
1823,1,11,模式：剑用双手高级的疯狂,60822,30,3318,16200,1121253,37106,11,42002,3,42005,7,,,,,,,,,,
1824,1,11,模式：罕见的疯狂双手剑,60823,30,9755,21600,1121254,37106,12,42207,3,42005,9,39101,6,,,,,,,,
1825,1,11,模式：特殊的疯狂双手剑,60824,30,19900,32400,1121255,37106,15,43010,4,42005,13,39101,9,,,,,,,,
1826,1,11,模式：一个不起眼的豹子双手剑,60825,35,1610,14700,1121451,37107,10,,,,,,,,,,,,,,
1827,1,11,模式：普通的剑豹纹手,60826,35,2450,16170,1121452,37107,10,42003,1,,,,,,,,,,,,
1828,1,11,模式：奢华的豹纹双手剑,60827,35,3451,22050,1121453,37107,11,42003,2,42005,9,,,,,,,,,,
1829,1,11,模式：难得一见豹之剑手,60828,35,14581,29400,1121454,37107,12,42207,4,42005,12,39102,1,,,,,,,,
1830,1,11,模式：一个特殊的剑豹纹手,60829,35,22713,44100,1121455,37107,15,43011,4,42005,18,39102,2,,,,,,,,
1831,1,11,模式：破旧的双手剑战士的剑,60830,40,1840,19200,1121651,37108,10,,,,,,,,,,,,,,
1832,1,11,模式：剑战士的纯手,60831,40,2800,21120,1121652,37108,10,42003,1,,,,,,,,,,,,
1833,1,11,模式：高级的战士的剑用双手,60832,40,4904,28800,1121653,37108,11,42003,3,42005,12,,,,,,,,,,
1834,1,11,模式：罕见的战士手中之剑,60833,40,13244,38400,1121654,37108,12,42208,3,42005,16,39102,2,,,,,,,,
1835,1,11,模式：双手特殊的战士与剑,60834,40,26589,57600,1121655,37108,15,43012,4,42005,24,39102,3,,,,,,,,
1836,1,11,模式：不起眼的强大的双手剑,60835,45,2070,24300,1121851,37109,10,,,,,,,,,,,,,,
1837,1,11,模式：普通战士的剑手中,60836,45,3330,26730,1121852,37109,10,42004,1,,,,,,,,,,,,
1838,1,11,模式：一个高级的的双手剑战士,60837,45,4797,36450,1121853,37109,11,42004,2,42005,15,,,,,,,,,,
1839,1,11,模式：罕见的威武双手剑,60838,45,17060,48600,1121854,37109,12,42208,3,42005,20,39102,2,,,,,,,,
1840,1,11,模式：特殊战士的双手剑,60839,45,34942,72900,1121855,37109,15,43013,4,42005,30,39102,4,,,,,,,,
1841,1,11,模式：破旧的君主手的剑,60840,50,2300,30000,1122051,37110,10,,,,,,,,,,,,,,
1842,1,11,模式：普通君主手中长剑,60841,50,3700,33000,1122052,37110,10,42004,1,,,,,,,,,,,,
1843,1,11,模式：高级的双手剑君主,60842,50,6730,45000,1122053,37110,11,42004,3,42005,18,,,,,,,,,,
1844,1,11,模式：罕见的君主手的剑,60843,50,19481,60000,1122054,37110,12,42209,3,42005,25,39102,3,,,,,,,,
1845,1,11,模式：一个特殊的剑君主手中,60844,50,38824,90000,1122055,37110,15,43014,4,42005,37,39102,4,,,,,,,,
1846,1,11,模式：破旧两手霸王之之剑,60845,52,2392,32448,1010251,37110,11,,,,,,,,,,,,,,
1847,1,11,模式：平庸的手霸王之剑,60846,52,4056,35694,1010251,37110,11,42006,1,,,,,,,,,,,,
1848,1,11,模式：高级的双手剑霸王之,60847,52,7623,48672,1010251,37110,12,42006,2,42005,20,,,,,,,,,,
1849,1,11,模式：罕见的双手霸王之剑,60848,52,22756,64896,1010251,37110,13,42209,5,42005,27,39102,3,,,,,,,,
1850,1,11,模式：双手剑专用霸王之,60849,52,45369,97344,1010251,37110,16,43014,6,42005,40,39102,5,,,,,,,,
1851,1,11,模式：寒酸最强的双手剑,60850,55,2530,36300,1122251,37111,10,,,,,,,,,,,,,,
1852,1,11,模式：普通最强的双手剑,60851,55,4290,39930,1122252,37111,10,42006,1,,,,,,,,,,,,
1853,1,11,模式：极致奢华的双手剑,60852,55,8063,54450,1122253,37111,11,42006,2,42005,22,,,,,,,,,,
1854,1,11,模式：罕见的最强手剑,60853,55,24069,72600,1122254,37111,12,42209,7,42005,30,39103,2,,,,,,,,
1855,1,11,模式：特殊最强的剑用双手,60854,55,47987,108900,1122255,37111,15,43014,8,42005,45,39103,3,,,,,,,,
1901,1,12,模式：不起眼的弩,60900,1,230,300,1130251,37100,9,,,,,,,,,,,,,,
1902,1,12,模式：普通技术弩,60901,1,290,330,1130252,37100,9,42000,1,,,,,,,,,,,,
1903,1,12,模式：高级的弩,60902,5,313,450,1130253,37100,10,42000,1,42005,1,,,,,,,,,,
1904,1,12,模式：弩稀有技能的,60903,5,403,600,1130254,37100,11,42205,1,42005,1,39100,1,,,,,,,,
1905,1,12,模式：弩寒酸试验,60904,10,460,1200,1130451,37102,10,,,,,,,,,,,,,,
1906,1,12,模式：普通弩的试验,60905,10,580,1320,1130452,37102,10,42000,1,,,,,,,,,,,,
1907,1,12,模式：高级的弩试验,60906,10,866,1800,1130453,37102,11,42000,3,42005,1,,,,,,,,,,
1908,1,12,模式：弩稀有试验,60907,10,2292,2400,1130454,37102,12,42205,3,42005,1,39100,5,,,,,,,,
1909,1,12,模式：弩破旧的痛,60908,15,690,2700,1130651,37103,10,,,,,,,,,,,,,,
1910,1,12,模式：普通弩的痛苦,60909,15,930,2970,1130652,37103,10,42001,1,,,,,,,,,,,,
1911,1,12,模式：高级的弩疼痛,60910,15,1240,4050,1130653,37103,11,42001,2,42005,2,,,,,,,,,,
1912,1,12,模式：稀有弩疼痛,60911,15,6249,5400,1130654,37103,12,42205,6,42005,2,39101,1,,,,,,,,
1913,1,12,模式：弩破旧的恐怖,60912,20,920,4800,1130851,37104,10,,,,,,,,,,,,,,
1914,1,12,模式：弩普通恐怖,60913,20,1240,5280,1130852,37104,10,42001,1,,,,,,,,,,,,
1915,1,12,模式：高级的弩恐惧,60914,20,1972,7200,1130853,37104,11,42001,3,42005,3,,,,,,,,,,
1916,1,12,模式：弩罕见的恐怖,60915,20,4912,9600,1130854,37104,12,42206,3,42005,4,39101,3,,,,,,,,
1917,1,12,模式：愤怒破旧弩,60916,25,1150,7500,1131051,37105,10,,,,,,,,,,,,,,
1918,1,12,模式：巫妖王之怒普通弩,60917,25,1650,8250,1131052,37105,10,42002,1,,,,,,,,,,,,
1919,1,12,模式：狂暴高级的弩,60918,25,2265,11250,1131053,37105,11,42002,2,42005,5,,,,,,,,,,
1920,1,12,模式：一种罕见的暴怒弩,60919,25,9603,15000,1131054,37105,12,42206,4,42005,6,39101,4,,,,,,,,
1921,1,12,模式：弩破旧的疯狂,60920,30,1380,10800,1131251,37106,10,,,,,,,,,,,,,,
1922,1,12,模式：弩普通疯狂,60921,30,1980,11880,1131252,37106,10,42002,1,,,,,,,,,,,,
1923,1,12,模式：高级的疯狂弩,60922,30,3318,16200,1131253,37106,11,42002,3,42005,7,,,,,,,,,,
1924,1,12,模式：弩罕见的疯狂,60923,30,9755,21600,1131254,37106,12,42207,3,42005,9,39101,6,,,,,,,,
1925,1,12,模式：弩特别疯狂,60924,30,19900,32400,1131255,37106,15,43010,4,42005,13,39101,9,,,,,,,,
1926,1,12,模式：不起眼的豹弩,60925,35,1610,14700,1131451,37107,10,,,,,,,,,,,,,,
1927,1,12,模式：普通豹弩,60926,35,2450,16170,1131452,37107,10,42003,1,,,,,,,,,,,,
1928,1,12,模式：高级的豹弩,60927,35,3451,22050,1131453,37107,11,42003,2,42005,9,,,,,,,,,,
1929,1,12,模式：弩罕见的豹子,60928,35,14581,29400,1131454,37107,12,42207,4,42005,12,39102,1,,,,,,,,
1930,1,12,模式：弩专用豹,60929,35,22713,44100,1131455,37107,15,43011,4,42005,18,39102,2,,,,,,,,
1931,1,12,模式：不起眼的战士弩,60930,40,1840,19200,1131651,37108,10,,,,,,,,,,,,,,
1932,1,12,模式：冠军的普通弩,60931,40,2800,21120,1131652,37108,10,42003,1,,,,,,,,,,,,
1933,1,12,模式：奢华弩冠军,60932,40,4904,28800,1131653,37108,11,42003,3,42005,12,,,,,,,,,,
1934,1,12,模式：弩罕见的战士,60933,40,13244,38400,1131654,37108,12,42208,3,42005,16,39102,2,,,,,,,,
1935,1,12,模式：弩特殊战士,60934,40,26589,57600,1131655,37108,15,43012,4,42005,24,39102,3,,,,,,,,
1936,1,12,模式：弩破旧的老战士,60935,45,2070,24300,1131851,37109,10,,,,,,,,,,,,,,
1937,1,12,模式：普通战士弩,60936,45,3330,26730,1131852,37109,10,42004,1,,,,,,,,,,,,
1938,1,12,模式：高级的战士弩,60937,45,4797,36450,1131853,37109,11,42004,2,42005,15,,,,,,,,,,
1939,1,12,模式：弩难得的战士,60938,45,17060,48600,1131854,37109,12,42208,3,42005,20,39102,2,,,,,,,,
1940,1,12,模式：特殊的战士弩,60939,45,34942,72900,1131855,37109,15,43013,4,42005,30,39102,4,,,,,,,,
1941,1,12,模式：弩破旧的君主,60940,50,2300,30000,1132051,37110,10,,,,,,,,,,,,,,
1942,1,12,模式：主权普通弩,60941,50,3700,33000,1132052,37110,10,42004,1,,,,,,,,,,,,
1943,1,12,模式：主权高级的弩,60942,50,6730,45000,1132053,37110,11,42004,3,42005,18,,,,,,,,,,
1944,1,12,模式：弩罕见的君主,60943,50,19481,60000,1132054,37110,12,42209,3,42005,25,39102,3,,,,,,,,
1945,1,12,模式：弩特别君主,60944,50,38824,90000,1132055,37110,15,43014,4,42005,37,39102,4,,,,,,,,
1946,1,12,模式：弩寒酸霸王之,60945,52,2392,32448,1010251,37110,11,,,,,,,,,,,,,,
1947,1,12,模式：普通霸王之弩,60946,52,4056,35694,1010251,37110,11,42006,1,,,,,,,,,,,,
1948,1,12,模式：高级的弩霸王之,60947,52,7623,48672,1010251,37110,12,42006,2,42005,20,,,,,,,,,,
1949,1,12,模式：弩罕见霸王之的,60948,52,22756,64896,1010251,37110,13,42209,5,42005,27,39102,3,,,,,,,,
1950,1,12,模式：弩专用霸王之,60949,52,45369,97344,1010251,37110,16,43014,6,42005,40,39102,5,,,,,,,,
1951,1,12,模式：最强弩,60950,55,2530,36300,1132251,37111,10,,,,,,,,,,,,,,
1952,1,12,模式：普通强大的弩,60951,55,4290,39930,1132252,37111,10,42006,1,,,,,,,,,,,,
1953,1,12,模式：极致奢华弩,60952,55,8063,54450,1132253,37111,11,42006,2,42005,22,,,,,,,,,,
1954,1,12,模式：罕见的最强弩,60953,55,24069,72600,1132254,37111,12,42209,7,42005,30,39103,2,,,,,,,,
1955,1,12,模式：弩专用最强,60954,55,47987,108900,1132255,37111,15,43014,8,42005,45,39103,3,,,,,,,,
2001,1,13,模式：一个谦虚的人棒,61000,1,230,300,1140251,37100,9,,,,,,,,,,,,,,
2002,1,13,模式：普通技术魔杖,61001,1,290,330,1140252,37100,9,42000,1,,,,,,,,,,,,
2003,1,13,模式：高级的的魔杖,61002,5,313,450,1140253,37100,10,42000,1,42005,1,,,,,,,,,,
2004,1,13,模式：的魔杖稀有,61003,5,403,600,1140254,37100,11,42205,1,42005,1,39100,1,,,,,,,,
2005,1,13,模式：破旧的试验棒,61004,10,460,1200,1140451,37102,10,,,,,,,,,,,,,,
2006,1,13,模式：普通试验魔杖,61005,10,580,1320,1140452,37102,10,42000,1,,,,,,,,,,,,
2007,1,13,模式：高级的试验棒,61006,10,866,1800,1140453,37102,11,42000,3,42005,1,,,,,,,,,,
2008,1,13,模式：罕见的审判之杖,61007,10,2292,2400,1140454,37102,12,42205,3,42005,1,39100,5,,,,,,,,
2009,1,13,模式：破旧的痛苦魔杖,61008,15,690,2700,1140651,37103,10,,,,,,,,,,,,,,
2010,1,13,模式：普通痛苦魔杖,61009,15,930,2970,1140652,37103,10,42001,1,,,,,,,,,,,,
2011,1,13,模式：高级的魔杖疼痛,61010,15,1240,4050,1140653,37103,11,42001,2,42005,2,,,,,,,,,,
2012,1,13,模式：权杖罕见的苦恼,61011,15,6249,5400,1140654,37103,12,42205,6,42005,2,39101,1,,,,,,,,
2013,1,13,模式：破旧的恐怖之杖,61012,20,920,4800,1140851,37104,10,,,,,,,,,,,,,,
2014,1,13,模式：权杖普通恐惧,61013,20,1240,5280,1140852,37104,10,42001,1,,,,,,,,,,,,
2015,1,13,模式：恐惧高级的魔杖,61014,20,1972,7200,1140853,37104,11,42001,3,42005,3,,,,,,,,,,
2016,1,13,模式：罕见的恐怖魔杖,61015,20,4912,9600,1140854,37104,12,42206,3,42005,4,39101,3,,,,,,,,
2017,1,13,模式：愤怒破旧的魔杖,61016,25,1150,7500,1141051,37105,10,,,,,,,,,,,,,,
2018,1,13,模式：巫妖王之怒普通魔杖,61017,25,1650,8250,1141052,37105,10,42002,1,,,,,,,,,,,,
2019,1,13,模式：奢华之怒魔杖,61018,25,2265,11250,1141053,37105,11,42002,2,42005,5,,,,,,,,,,
2020,1,13,模式：一种罕见的暴怒棒,61019,25,9603,15000,1141054,37105,12,42206,4,42005,6,39101,4,,,,,,,,
2021,1,13,模式：破旧的疯狂魔杖,61020,30,1380,10800,1141251,37106,10,,,,,,,,,,,,,,
2022,1,13,模式：普通的疯狂魔杖,61021,30,1980,11880,1141252,37106,10,42002,1,,,,,,,,,,,,
2023,1,13,模式：高级的疯狂魔杖,61022,30,3318,16200,1141253,37106,11,42002,3,42005,7,,,,,,,,,,
2024,1,13,模式：权杖一种罕见的疯狂,61023,30,9755,21600,1141254,37106,12,42207,3,42005,9,39101,6,,,,,,,,
2025,1,13,模式：特棒疯狂,61024,30,19900,32400,1141255,37106,15,43010,4,42005,13,39101,9,,,,,,,,
2026,1,13,模式：不起眼的豹棒,61025,35,1610,14700,1141451,37107,10,,,,,,,,,,,,,,
2027,1,13,模式：普通豹魔杖,61026,35,2450,16170,1141452,37107,10,42003,1,,,,,,,,,,,,
2028,1,13,模式：奢华的豹纹魔杖,61027,35,3451,22050,1141453,37107,11,42003,2,42005,9,,,,,,,,,,
2029,1,13,模式：罕见的豹子魔杖,61028,35,14581,29400,1141454,37107,12,42207,4,42005,12,39102,1,,,,,,,,
2030,1,13,模式：豹子专用法杖,61029,35,22713,44100,1141455,37107,15,43011,4,42005,18,39102,2,,,,,,,,
2031,1,13,模式：谦虚战士魔杖,61030,40,1840,19200,1141651,37108,10,,,,,,,,,,,,,,
2032,1,13,模式：冠军的普通魔杖,61031,40,2800,21120,1141652,37108,10,42003,1,,,,,,,,,,,,
2033,1,13,模式：冠军的高级的魔杖,61032,40,4904,28800,1141653,37108,11,42003,3,42005,12,,,,,,,,,,
2034,1,13,模式：罕见的武士之杖,61033,40,13244,38400,1141654,37108,12,42208,3,42005,16,39102,2,,,,,,,,
2035,1,13,模式：冠军的特殊魔杖,61034,40,26589,57600,1141655,37108,15,43012,4,42005,24,39102,3,,,,,,,,
2036,1,13,模式：冠军的寒酸魔杖,61035,45,2070,24300,1141851,37109,10,,,,,,,,,,,,,,
2037,1,13,模式：普通战士棒,61036,45,3330,26730,1141852,37109,10,42004,1,,,,,,,,,,,,
2038,1,13,模式：高级的强大的魔杖,61037,45,4797,36450,1141853,37109,11,42004,2,42005,15,,,,,,,,,,
2039,1,13,模式：老兵的魔杖稀有,61038,45,17060,48600,1141854,37109,12,42208,3,42005,20,39102,2,,,,,,,,
2040,1,13,模式：特殊的退伍军人魔杖,61039,45,34942,72900,1141855,37109,15,43013,4,42005,30,39102,4,,,,,,,,
2041,1,13,模式：主权破旧的魔杖,61040,50,2300,30000,1142051,37110,10,,,,,,,,,,,,,,
2042,1,13,模式：主权普通魔杖,61041,50,3700,33000,1142052,37110,10,42004,1,,,,,,,,,,,,
2043,1,13,模式：奢华的君主魔杖,61042,50,6730,45000,1142053,37110,11,42004,3,42005,18,,,,,,,,,,
2044,1,13,模式：罕见的君主魔杖,61043,50,19481,60000,1142054,37110,12,42209,3,42005,25,39102,3,,,,,,,,
2045,1,13,模式：君主专用法杖,61044,50,38824,90000,1142055,37110,15,43014,4,42005,37,39102,4,,,,,,,,
2046,1,13,模式：霸王之魔杖,61045,52,2392,32448,1010251,37110,11,,,,,,,,,,,,,,
2047,1,13,模式：普通霸王之魔杖,61046,52,4056,35694,1010251,37110,11,42006,1,,,,,,,,,,,,
2048,1,13,模式：高级的霸王之魔杖,61047,52,7623,48672,1010251,37110,12,42006,2,42005,20,,,,,,,,,,
2049,1,13,模式：罕见霸王之魔杖,61048,52,22756,64896,1010251,37110,13,42209,5,42005,27,39102,3,,,,,,,,
2050,1,13,模式：特殊霸王之魔杖,61049,52,45369,97344,1010251,37110,16,43014,6,42005,40,39102,5,,,,,,,,
2051,1,13,模式：不起眼的最强魔杖,61050,55,2530,36300,1142251,37111,10,,,,,,,,,,,,,,
2052,1,13,模式：普通的终极魔杖,61051,55,4290,39930,1142252,37111,10,42006,1,,,,,,,,,,,,
2053,1,13,模式：极致奢华棒,61052,55,8063,54450,1142253,37111,11,42006,2,42005,22,,,,,,,,,,
2054,1,13,模式：罕见的最强魔杖,61053,55,24069,72600,1142254,37111,12,42209,7,42005,30,39103,2,,,,,,,,
2055,1,13,模式：特殊的最强魔杖,61054,55,47987,108900,1142255,37111,15,43014,8,42005,45,39103,3,,,,,,,,
2801,1,0,模式：的寒酸之盾,61800,1,230,300,1020251,37100,9,,,,,,,,,,,,,,
2802,1,0,模式：普通之盾,61801,1,290,330,1020252,37100,9,42000,1,,,,,,,,,,,,
2803,1,0,模式：奢华之盾,61802,5,313,450,1020253,37100,10,42000,1,42005,1,,,,,,,,,,
2804,1,0,模式：稀有技能之盾,61803,5,403,600,1020254,37100,11,42205,1,42005,1,39100,1,,,,,,,,
2805,1,0,模式：盾寒酸试验,61804,10,460,1200,1020451,37102,10,,,,,,,,,,,,,,
2806,1,0,模式：普通审判之盾,61805,10,580,1320,1020452,37102,10,42000,1,,,,,,,,,,,,
2807,1,0,模式：奢华的审判之盾,61806,10,866,1800,1020453,37102,11,42000,3,42005,1,,,,,,,,,,
2808,1,0,模式：罕见的审判之盾,61807,10,2292,2400,1020454,37102,12,42205,3,42005,1,39100,5,,,,,,,,
2809,1,0,模式：盾破旧的痛,61808,15,690,2700,1020651,37103,10,,,,,,,,,,,,,,
2810,1,0,模式：疼痛的纯盾,61809,15,930,2970,1020652,37103,10,42001,1,,,,,,,,,,,,
2811,1,0,模式：高级的疼痛盾,61810,15,1240,4050,1020653,37103,11,42001,2,42005,2,,,,,,,,,,
2812,1,0,模式：罕见的疼痛盾,61811,15,6249,5400,1020654,37103,12,42205,6,42005,2,39101,1,,,,,,,,
2813,1,0,模式：怕寒碜盾,61812,20,920,4800,1020851,37104,10,,,,,,,,,,,,,,
2814,1,0,模式：恐惧纯盾,61813,20,1240,5280,1020852,37104,10,42001,1,,,,,,,,,,,,
2815,1,0,模式：高级的恐惧盾,61814,20,1972,7200,1020853,37104,11,42001,3,42005,3,,,,,,,,,,
2816,1,0,模式：罕见的恐怖之盾,61815,20,4912,9600,1020854,37104,12,42206,3,42005,4,39101,3,,,,,,,,
2817,1,0,模式：寒酸之怒盾,61816,25,1150,7500,1021051,37105,10,,,,,,,,,,,,,,
2818,1,0,模式：巫妖王之怒普通盾,61817,25,1650,8250,1021052,37105,10,42002,1,,,,,,,,,,,,
2819,1,0,模式：巫妖王之怒高级的盾牌,61818,25,2265,11250,1021053,37105,11,42002,2,42005,5,,,,,,,,,,
2820,1,0,模式：一种罕见的愤怒屏蔽,61819,25,9603,15000,1021054,37105,12,42206,4,42005,6,39101,4,,,,,,,,
2821,1,0,模式：疯狂的寒酸盾,61820,30,1380,10800,1021251,37106,10,,,,,,,,,,,,,,
2822,1,0,模式：普通疯狂盾,61821,30,1980,11880,1021252,37106,10,42002,1,,,,,,,,,,,,
2823,1,0,模式：高级的的疯狂之盾,61822,30,3318,16200,1021253,37106,11,42002,3,42005,7,,,,,,,,,,
2824,1,0,模式：罕见的疯狂之盾,61823,30,9755,21600,1021254,37106,12,42207,3,42005,9,39101,6,,,,,,,,
2825,1,0,模式：特殊的疯狂之盾,61824,30,19900,32400,1021255,37106,15,43010,4,42005,13,39101,9,,,,,,,,
2826,1,0,模式：豹寒酸盾,61825,35,1610,14700,1021451,37107,10,,,,,,,,,,,,,,
2827,1,0,模式：普通豹盾,61826,35,2450,16170,1021452,37107,10,42003,1,,,,,,,,,,,,
2828,1,0,模式：盾高级的豹,61827,35,3451,22050,1021453,37107,11,42003,2,42005,9,,,,,,,,,,
2829,1,0,模式：罕见的豹子之盾,61828,35,14581,29400,1021454,37107,12,42207,4,42005,12,39102,1,,,,,,,,
2830,1,0,模式：特殊的密封盾,61829,35,22713,44100,1021455,37107,15,43011,4,42005,18,39102,2,,,,,,,,
2831,1,0,模式：不起眼的战士盾,61830,40,1840,19200,1021651,37108,10,,,,,,,,,,,,,,
2832,1,0,模式：勇士普通屏蔽,61831,40,2800,21120,1021652,37108,10,42003,1,,,,,,,,,,,,
2833,1,0,模式：高级的战士盾,61832,40,4904,28800,1021653,37108,11,42003,3,42005,12,,,,,,,,,,
2834,1,0,模式：一种罕见的战士盾,61833,40,13244,38400,1021654,37108,12,42208,3,42005,16,39102,2,,,,,,,,
2835,1,0,模式：冠军的特殊盾,61834,40,26589,57600,1021655,37108,15,43012,4,42005,24,39102,3,,,,,,,,
2836,1,0,模式：不起眼的战士盾,61835,45,2070,24300,1021851,37109,10,,,,,,,,,,,,,,
2837,1,0,模式：强大的普通盾牌,61836,45,3330,26730,1021852,37109,10,42004,1,,,,,,,,,,,,
2838,1,0,模式：高级的战士盾,61837,45,4797,36450,1021853,37109,11,42004,2,42005,15,,,,,,,,,,
2839,1,0,模式：一种罕见的战士盾,61838,45,17060,48600,1021854,37109,12,42208,3,42005,20,39102,2,,,,,,,,
2840,1,0,模式：特种战士盾牌,61839,45,34942,72900,1021855,37109,15,43013,4,42005,30,39102,4,,,,,,,,
2841,1,0,模式：主权寒酸盾,61840,50,2300,30000,1022051,37110,10,,,,,,,,,,,,,,
2842,1,0,模式：主权普通屏蔽,61841,50,3700,33000,1022052,37110,10,42004,1,,,,,,,,,,,,
2843,1,0,模式：奢华的君主之盾,61842,50,6730,45000,1022053,37110,11,42004,3,42005,18,,,,,,,,,,
2844,1,0,模式：罕见的君主之盾,61843,50,19481,60000,1022054,37110,12,42209,3,42005,25,39102,3,,,,,,,,
2845,1,0,模式：主权的特殊盾,61844,50,38824,90000,1022055,37110,15,43014,4,42005,37,39102,4,,,,,,,,
2846,1,0,模式：盾寒酸霸王之,61845,52,2392,32448,1010251,37110,11,,,,,,,,,,,,,,
2847,1,0,模式：普通霸王之盾,61846,52,4056,35694,1010251,37110,11,42006,1,,,,,,,,,,,,
2848,1,0,模式：高级的霸王之之盾,61847,52,7623,48672,1010251,37110,12,42006,2,42005,20,,,,,,,,,,
2849,1,0,模式：罕见霸王之之盾,61848,52,22756,64896,1010251,37110,13,42209,5,42005,27,39102,3,,,,,,,,
2850,1,0,模式：特殊霸王之盾,61849,52,45369,97344,1010251,37110,16,43014,6,42005,40,39102,5,,,,,,,,
2851,1,0,模式：不起眼的最坚固的盾,61850,55,2530,36300,1022251,37111,10,,,,,,,,,,,,,,
2852,1,0,模式：普通最强的盾,61851,55,4290,39930,1022252,37111,10,42006,1,,,,,,,,,,,,
2853,1,0,模式：盾极致奢华,61852,55,8063,54450,1022253,37111,11,42006,2,42005,22,,,,,,,,,,
2854,1,0,模式：罕见的最强之盾,61853,55,24069,72600,1022254,37111,12,42209,7,42005,30,39103,2,,,,,,,,
2855,1,0,模式：特别坚固的盾,61854,55,47987,108900,1022255,37111,15,43014,8,42005,45,39103,3,,,,,,,,
2901,1,0,模式：的寒酸之盾,61900,1,230,300,1025251,37100,9,,,,,,,,,,,,,,
2902,1,0,模式：普通之盾,61901,1,290,330,1025252,37100,9,42000,1,,,,,,,,,,,,
2903,1,0,模式：奢华之盾,61902,5,313,450,1025253,37100,10,42000,1,42005,1,,,,,,,,,,
2904,1,0,模式：稀有技能之盾,61903,5,403,600,1025254,37100,11,42205,1,42005,1,39100,1,,,,,,,,
2905,1,0,模式：盾寒酸试验,61904,10,460,1200,1025451,37102,10,,,,,,,,,,,,,,
2906,1,0,模式：普通审判之盾,61905,10,580,1320,1025452,37102,10,42000,1,,,,,,,,,,,,
2907,1,0,模式：奢华的审判之盾,61906,10,866,1800,1025453,37102,11,42000,3,42005,1,,,,,,,,,,
2908,1,0,模式：罕见的审判之盾,61907,10,2292,2400,1025454,37102,12,42205,3,42005,1,39100,5,,,,,,,,
2909,1,0,模式：盾破旧的痛,61908,15,690,2700,1025651,37103,10,,,,,,,,,,,,,,
2910,1,0,模式：疼痛的纯盾,61909,15,930,2970,1025652,37103,10,42001,1,,,,,,,,,,,,
2911,1,0,模式：高级的疼痛盾,61910,15,1240,4050,1025653,37103,11,42001,2,42005,2,,,,,,,,,,
2912,1,0,模式：罕见的疼痛盾,61911,15,6249,5400,1025654,37103,12,42205,6,42005,2,39101,1,,,,,,,,
2913,1,0,模式：怕寒碜盾,61912,20,920,4800,1025851,37104,10,,,,,,,,,,,,,,
2914,1,0,模式：恐惧纯盾,61913,20,1240,5280,1025852,37104,10,42001,1,,,,,,,,,,,,
2915,1,0,模式：高级的恐惧盾,61914,20,1972,7200,1025853,37104,11,42001,3,42005,3,,,,,,,,,,
2916,1,0,模式：罕见的恐怖之盾,61915,20,4912,9600,1025854,37104,12,42206,3,42005,4,39101,3,,,,,,,,
2917,1,0,模式：寒酸之怒盾,61916,25,1150,7500,1026051,37105,10,,,,,,,,,,,,,,
2918,1,0,模式：巫妖王之怒普通盾,61917,25,1650,8250,1026052,37105,10,42002,1,,,,,,,,,,,,
2919,1,0,模式：巫妖王之怒高级的盾牌,61918,25,2265,11250,1026053,37105,11,42002,2,42005,5,,,,,,,,,,
2920,1,0,模式：一种罕见的愤怒屏蔽,61919,25,9603,15000,1026054,37105,12,42206,4,42005,6,39101,4,,,,,,,,
2921,1,0,模式：疯狂的寒酸盾,61920,30,1380,10800,1026251,37106,10,,,,,,,,,,,,,,
2922,1,0,模式：普通疯狂盾,61921,30,1980,11880,1026252,37106,10,42002,1,,,,,,,,,,,,
2923,1,0,模式：高级的的疯狂之盾,61922,30,3318,16200,1026253,37106,11,42002,3,42005,7,,,,,,,,,,
2924,1,0,模式：罕见的疯狂之盾,61923,30,9755,21600,1026254,37106,12,42207,3,42005,9,39101,6,,,,,,,,
2925,1,0,模式：特殊的疯狂之盾,61924,30,19900,32400,1026255,37106,15,43010,4,42005,13,39101,9,,,,,,,,
2926,1,0,模式：豹寒酸盾,61925,35,1610,14700,1026451,37107,10,,,,,,,,,,,,,,
2927,1,0,模式：普通豹盾,61926,35,2450,16170,1026452,37107,10,42003,1,,,,,,,,,,,,
2928,1,0,模式：盾高级的豹,61927,35,3451,22050,1026453,37107,11,42003,2,42005,9,,,,,,,,,,
2929,1,0,模式：罕见的豹子之盾,61928,35,14581,29400,1026454,37107,12,42207,4,42005,12,39102,1,,,,,,,,
2930,1,0,模式：特殊的密封盾,61929,35,22713,44100,1026455,37107,15,43011,4,42005,18,39102,2,,,,,,,,
2931,1,0,模式：不起眼的战士盾,61930,40,1840,19200,1026651,37108,10,,,,,,,,,,,,,,
2932,1,0,模式：勇士普通屏蔽,61931,40,2800,21120,1026652,37108,10,42003,1,,,,,,,,,,,,
2933,1,0,模式：高级的战士盾,61932,40,4904,28800,1026653,37108,11,42003,3,42005,12,,,,,,,,,,
2934,1,0,模式：一种罕见的战士盾,61933,40,13244,38400,1026654,37108,12,42208,3,42005,16,39102,2,,,,,,,,
2935,1,0,模式：冠军的特殊盾,61934,40,26589,57600,1026655,37108,15,43012,4,42005,24,39102,3,,,,,,,,
2936,1,0,模式：不起眼的战士盾,61935,45,2070,24300,1026851,37109,10,,,,,,,,,,,,,,
2937,1,0,模式：强大的普通盾牌,61936,45,3330,26730,1026852,37109,10,42004,1,,,,,,,,,,,,
2938,1,0,模式：高级的战士盾,61937,45,4797,36450,1026853,37109,11,42004,2,42005,15,,,,,,,,,,
2939,1,0,模式：一种罕见的战士盾,61938,45,17060,48600,1026854,37109,12,42208,3,42005,20,39102,2,,,,,,,,
2940,1,0,模式：特种战士盾牌,61939,45,34942,72900,1026855,37109,15,43013,4,42005,30,39102,4,,,,,,,,
2941,1,0,模式：主权寒酸盾,61940,50,2300,30000,1027051,37110,10,,,,,,,,,,,,,,
2942,1,0,模式：主权普通屏蔽,61941,50,3700,33000,1027052,37110,10,42004,1,,,,,,,,,,,,
2943,1,0,模式：奢华的君主之盾,61942,50,6730,45000,1027053,37110,11,42004,3,42005,18,,,,,,,,,,
2944,1,0,模式：罕见的君主之盾,61943,50,19481,60000,1027054,37110,12,42209,3,42005,25,39102,3,,,,,,,,
2945,1,0,模式：主权的特殊盾,61944,50,38824,90000,1027055,37110,15,43014,4,42005,37,39102,4,,,,,,,,
2946,1,0,模式：盾寒酸霸王之,61945,52,2392,32448,1010251,37110,11,,,,,,,,,,,,,,
2947,1,0,模式：普通霸王之盾,61946,52,4056,35694,1010251,37110,11,42006,1,,,,,,,,,,,,
2948,1,0,模式：高级的霸王之之盾,61947,52,7623,48672,1010251,37110,12,42006,2,42005,20,,,,,,,,,,
2949,1,0,模式：罕见霸王之之盾,61948,52,22756,64896,1010251,37110,13,42209,5,42005,27,39102,3,,,,,,,,
2950,1,0,模式：特殊霸王之盾,61949,52,45369,97344,1010251,37110,16,43014,6,42005,40,39102,5,,,,,,,,
2951,1,0,模式：不起眼的最坚固的盾,61950,55,2530,36300,1027251,37111,10,,,,,,,,,,,,,,
2952,1,0,模式：普通最强的盾,61951,55,4290,39930,1027252,37111,10,42006,1,,,,,,,,,,,,
2953,1,0,模式：盾极致奢华,61952,55,8063,54450,1027253,37111,11,42006,2,42005,22,,,,,,,,,,
2954,1,0,模式：罕见的最强之盾,61953,55,24069,72600,1027254,37111,12,42209,7,42005,30,39103,2,,,,,,,,
2955,1,0,模式：特别坚固的盾,61954,55,47987,108900,1027255,37111,15,43014,8,42005,45,39103,3,,,,,,,,
5000,2,1,模式：一个不起眼的学徒护腿铠甲的头部保护,62000,1,92,120,2110151,37101,4,,,,,,,,,,,,,,
5001,2,1,1模式：普通护腿铠甲头部保护,62001,1,152,132,2110152,37101,4,42200,1,,,,,,,,,,,,
5002,2,1,2模式：普通护腿铠甲头部保护,62002,1,152,132,2110153,37101,4,42200,1,,,,,,,,,,,,
5003,2,1,1模式：高级的巴德头部保护,62003,5,212,180,2110154,37101,4,42200,1,42210,1,,,,,,,,,,
5004,2,1,2模式：高级的巴德头部保护,62004,5,212,180,2110155,37101,4,42200,1,42210,1,,,,,,,,,,
5005,2,1,1模式：罕见的头部保护护腿铠甲,62005,5,492,240,2110156,37101,4,43000,1,42210,1,39100,1,,,,,,,,
5006,2,1,2模式：罕见的头部保护护腿铠甲,62006,5,492,240,2110157,37101,4,43000,1,42210,1,39100,1,,,,,,,,
5007,2,1,模式：护腿铠甲的技能破旧的头部保护,62007,10,184,480,2110251,37102,4,,,,,,,,,,,,,,
5008,2,1,1模式：的护腿铠甲头的普通准备金,62008,10,304,528,2110252,37102,4,42200,1,,,,,,,,,,,,
5009,2,1,2模式：保护普通技术护腿铠甲头,62009,10,304,528,2110253,37102,4,42200,1,,,,,,,,,,,,
5010,2,1,1模式：高级的的头发的护腿铠甲保护,62010,10,424,720,2110254,37102,4,42200,1,42210,1,,,,,,,,,,
5011,2,1,2模式：高级的的头发的护腿铠甲保护,62011,10,424,720,2110255,37102,4,42200,1,42210,1,,,,,,,,,,
5012,2,1,1模式：的护腿铠甲头的罕见储备,62012,10,1220,960,2110256,37102,5,43000,1,42210,1,39100,2,,,,,,,,
5013,2,1,2模式：的护腿铠甲头的罕见储备,62013,10,1220,960,2110257,37102,5,43000,1,42210,1,39100,2,,,,,,,,
5014,2,1,模式：护腿铠甲铠甲破旧的头部保护,62014,15,276,1080,2110351,37103,4,,,,,,,,,,,,,,
5015,2,1,1模式：普通铠甲头部保护护腿铠甲,62015,15,516,1188,2110352,37103,4,42201,1,,,,,,,,,,,,
5016,2,1,2模式：护腿铠甲普通铠甲头部保护,62016,15,516,1188,2110353,37103,4,42201,1,,,,,,,,,,,,
5017,2,1,1模式：护腿铠甲头部防护高级的铠甲,62017,15,756,1620,2110354,37103,4,42201,1,42210,1,,,,,,,,,,
5018,2,1,2模式：护腿铠甲头部防护高级的铠甲,62018,15,756,1620,2110355,37103,4,42201,1,42210,1,,,,,,,,,,
5019,2,1,1模式：罕见铠甲的头部保护护腿铠甲,62019,15,2825,2160,2110356,37103,5,43000,2,42210,1,39101,1,,,,,,,,
5020,2,1,2模式：罕见铠甲的头部保护护腿铠甲,62020,15,2825,2160,2110357,37103,5,43000,2,42210,1,39101,1,,,,,,,,
5021,2,1,模式：护腿铠甲的寒酸头储备,62021,20,368,1920,2110451,37104,4,,,,,,,,,,,,,,
5022,2,1,1模式：护腿铠甲头部保护普通意向,62022,20,688,2112,2110452,37104,4,42201,1,,,,,,,,,,,,
5023,2,1,2模式：护腿铠甲头部保护普通意向,62023,20,688,2112,2110453,37104,4,42201,1,,,,,,,,,,,,
5024,2,1,1模式：护腿铠甲头部防护高级的,62024,20,1008,2880,2110454,37104,4,42201,1,42210,1,,,,,,,,,,
5025,2,1,2模式：护腿铠甲头部防护高级的,62025,20,1008,2880,2110455,37104,4,42201,1,42210,1,,,,,,,,,,
5026,2,1,1模式：头部保护了难得的护腿铠甲,62026,20,2327,3840,2110456,37104,5,43001,1,42210,2,39101,1,,,,,,,,
5027,2,1,2模式：头部保护了难得的护腿铠甲,62027,20,2327,3840,2110457,37104,5,43001,1,42210,2,39101,1,,,,,,,,
5028,2,1,模式：破旧的护腿铠甲头部保护,62028,25,460,3000,2110551,37105,4,,,,,,,,,,,,,,
5029,2,1,1模式：护腿铠甲头部保护普通坚韧,62029,25,960,3300,2110552,37105,4,42202,1,,,,,,,,,,,,
5030,2,1,2模式：纯护腿铠甲头部保护,62030,25,960,3300,2110553,37105,4,42202,1,,,,,,,,,,,,
5031,2,1,1模式：高级的巴德头部保护,62031,25,1460,4500,2110554,37105,4,42202,1,42210,2,,,,,,,,,,
5032,2,1,2模式：高级的巴德头部保护,62032,25,1460,4500,2110555,37105,4,42202,1,42210,2,,,,,,,,,,
5033,2,1,1模式：护腿铠甲头部保护的珍稀坚韧,62033,25,6200,6000,2110556,37105,5,43001,2,42210,2,39101,2,,,,,,,,
5034,2,1,2模式：护腿铠甲头部保护的珍稀坚韧,62034,25,6200,6000,2110557,37105,5,43001,2,42210,2,39101,2,,,,,,,,
5035,2,1,模式：不屈的护腿铠甲破旧的头部保护,62035,30,552,4320,2110651,37106,4,,,,,,,,,,,,,,
5036,2,1,1模式：普通坚韧的护腿铠甲头部保护,62036,30,1152,4752,2110652,37106,4,42202,1,,,,,,,,,,,,
5037,2,1,2模式：普通坚韧的护腿铠甲头部保护,62037,30,1152,4752,2110653,37106,4,42202,1,,,,,,,,,,,,
5038,2,1,1模式：高级的坚韧的护腿铠甲头部保护,62038,30,1752,6480,2110654,37106,4,42202,1,42210,3,,,,,,,,,,
5039,2,1,2模式：高级的坚韧的护腿铠甲头部保护,62039,30,1752,6480,2110655,37106,4,42202,1,42210,3,,,,,,,,,,
5040,2,1,1模式：罕见的毅力护腿铠甲头部保护,62040,30,4740,8640,2110656,37106,5,43002,1,42210,4,39101,2,,,,,,,,
5041,2,1,2模式：罕见的毅力护腿铠甲头部保护,62041,30,4740,8640,2110657,37106,5,43002,1,42210,4,39101,2,,,,,,,,
5042,2,1,1模式：特别坚韧的护腿铠甲头部保护,62042,30,8274,12960,2110658,37106,6,43015,2,42210,5,39101,3,,,,,,,,
5043,2,1,2模式：特别坚韧的护腿铠甲头部保护,62043,30,8274,12960,2110659,37106,6,43015,2,42210,5,39101,3,,,,,,,,
5044,2,1,模式：护腿铠甲的毅力寒酸头储备,62044,35,644,5880,2110751,37107,4,,,,,,,,,,,,,,
5045,2,1,1模式：耐性的护腿铠甲头的普通准备金,62045,35,1484,6468,2110752,37107,4,42203,1,,,,,,,,,,,,
5046,2,1,2模式：耐性的护腿铠甲头的普通准备金,62046,35,1484,6468,2110753,37107,4,42203,1,,,,,,,,,,,,
5047,2,1,1模式：高级的耐性的护腿铠甲头部保护,62047,35,2324,8820,2110754,37107,4,42203,1,42210,4,,,,,,,,,,
5048,2,1,2模式：高级的耐性的护腿铠甲头部保护,62048,35,2324,8820,2110755,37107,4,42203,1,42210,4,,,,,,,,,,
5049,2,1,1模式：罕见的耐性的头部保护护腿铠甲,62049,35,5333,11760,2110756,37107,5,43002,1,42210,5,39102,1,,,,,,,,
5050,2,1,2模式：罕见的耐性的头部保护护腿铠甲,62050,35,5333,11760,2110757,37107,5,43002,1,42210,5,39102,1,,,,,,,,
5051,2,1,1模式：特殊的忍护腿铠甲头部保护,62051,35,9257,17640,2110758,37107,6,43016,2,42210,7,39102,1,,,,,,,,
5052,2,1,2模式：特殊的忍护腿铠甲头部保护,62052,35,9257,17640,2110759,37107,6,43016,2,42210,7,39102,1,,,,,,,,
5053,2,1,模式：护腿铠甲储备寒碜头部保护,62053,40,736,7680,2110951,37108,4,,,,,,,,,,,,,,
5054,2,1,1模式：护腿铠甲的头平原保护储备,62054,40,1696,8448,2110952,37108,4,42203,1,,,,,,,,,,,,
5055,2,1,2模式：护腿铠甲的头平原保护储备,62055,40,1696,8448,2110953,37108,4,42203,1,,,,,,,,,,,,
5056,2,1,1模式：护腿铠甲头部防护高级的保护,62056,40,2656,11520,2110954,37108,4,42203,1,42210,5,,,,,,,,,,
5057,2,1,2模式：护腿铠甲头部防护高级的保护,62057,40,2656,11520,2110955,37108,4,42203,1,42210,5,,,,,,,,,,
5058,2,1,1模式：护腿铠甲头部保护的珍稀,62058,40,6094,15360,2110956,37108,5,43003,1,42210,6,39102,1,,,,,,,,
5059,2,1,2模式：护腿铠甲头部保护的珍稀,62059,40,6094,15360,2110957,37108,5,43003,1,42210,6,39102,1,,,,,,,,
5060,2,1,1模式：特别保护头部保护护腿铠甲,62060,40,10580,23040,2110958,37108,6,43017,2,42210,9,39102,1,,,,,,,,
5061,2,1,2模式：特别保护头部保护护腿铠甲,62061,40,10580,23040,2110959,37108,6,43017,2,42210,9,39102,1,,,,,,,,
5062,2,1,模式：巴德寒酸头储备,62062,45,828,9720,2111151,37109,4,,,,,,,,,,,,,,
5063,2,1,1模式：普通的牧民头部保护护腿铠甲,62063,45,2088,10692,2111152,37109,4,42204,1,,,,,,,,,,,,
5064,2,1,2模式：普通的牧民头部保护护腿铠甲,62064,45,2088,10692,2111153,37109,4,42204,1,,,,,,,,,,,,
5065,2,1,1模式：奢华的护腿铠甲头部保护,62065,45,3348,14580,2111154,37109,4,42204,1,42210,6,,,,,,,,,,
5066,2,1,2模式：奢华的护腿铠甲头部保护,62066,45,3348,14580,2111155,37109,4,42204,1,42210,6,,,,,,,,,,
5067,2,1,1模式：头部护腿铠甲的罕见储备,62067,45,7666,19440,2111156,37109,5,43003,1,42210,8,39102,1,,,,,,,,
5068,2,1,2模式：头部护腿铠甲的罕见储备,62068,45,7666,19440,2111157,37109,5,43003,1,42210,8,39102,1,,,,,,,,
5069,2,1,1模式：巴德专项储备的头,62069,45,13522,29160,2111158,37109,6,43018,2,42210,12,39102,1,,,,,,,,
5070,2,1,2模式：护腿铠甲专项储备的头,62070,45,13522,29160,2111159,37109,6,43018,2,42210,12,39102,1,,,,,,,,
5071,2,1,模式：不起眼的不朽的护腿铠甲头部保护,62071,50,920,12000,2111351,37110,4,,,,,,,,,,,,,,
5072,2,1,1模式：不朽的护腿铠甲头上的普通准备金,62072,50,2320,13200,2111352,37110,4,42204,1,,,,,,,,,,,,
5073,2,1,2模式：不朽的护腿铠甲头上的普通准备金,62073,50,2320,13200,2111353,37110,4,42204,1,,,,,,,,,,,,
5074,2,1,1模式：头部防护高级的不朽的护腿铠甲,62074,50,3720,18000,2111354,37110,4,42204,1,42210,7,,,,,,,,,,
5075,2,1,2模式：头部防护高级的不朽的护腿铠甲,62075,50,3720,18000,2111355,37110,4,42204,1,42210,7,,,,,,,,,,
5076,2,1,1模式：头部保护稀有不朽的护腿铠甲,62076,50,8518,24000,2111356,37110,5,43004,1,42210,10,39102,1,,,,,,,,
5077,2,1,2模式：头部保护稀有不朽的护腿铠甲,62077,50,8518,24000,2111357,37110,5,43004,1,42210,10,39102,1,,,,,,,,
5078,2,1,1模式：专项储备的不朽的护腿铠甲头,62078,50,16208,36000,2111358,37110,6,43019,2,42210,15,39102,2,,,,,,,,
5079,2,1,2模式：专项储备的不朽的护腿铠甲头,62079,50,16208,36000,2111359,37110,6,43019,2,42210,15,39102,2,,,,,,,,
5080,2,1,模式：不起眼的不朽的护腿铠甲头部保护,62080,55,1012,14520,2111551,37111,4,,,,,,,,,,,,,,
5081,2,1,1模式：不朽的护腿铠甲头上的普通准备金,62081,55,2772,15972,2111552,37111,4,42212,1,,,,,,,,,,,,
5082,2,1,2模式：不朽的护腿铠甲头上的普通准备金,62082,55,2772,15972,2111553,37111,4,42212,1,,,,,,,,,,,,
5083,2,1,1模式：头部防护高级的不朽的护腿铠甲,62083,55,4172,21780,2111554,37111,4,42212,1,42210,9,,,,,,,,,,
5084,2,1,2模式：头部防护高级的不朽的护腿铠甲,62084,55,4172,21780,2111555,37111,4,42212,1,42210,9,,,,,,,,,,
5085,2,1,1模式：头部保护稀有不朽的护腿铠甲,62085,55,10360,29040,2111556,37111,5,43004,2,42210,12,39103,1,,,,,,,,
5086,2,1,2模式：头部保护稀有不朽的护腿铠甲,62086,55,10360,29040,2111557,37111,5,43004,2,42210,12,39103,1,,,,,,,,
5087,2,1,1模式：专项储备的不朽的护腿铠甲头,62087,55,19808,43560,2111558,37111,6,43019,4,42210,18,39103,1,,,,,,,,
5088,2,1,2模式：专项储备的不朽的护腿铠甲头,62088,55,19808,43560,2111559,37111,6,43019,4,42210,18,39103,1,,,,,,,,
5200,2,1,模式：格里夫斯球场的破旧的,62100,1,92,120,2113151,37101,4,,,,,,,,,,,,,,
5201,2,1,1模式：普通的投球铠甲,62101,1,152,132,2113152,37101,4,42200,1,,,,,,,,,,,,
5202,2,1,2模式：普通的投球铠甲,62102,1,152,132,2113153,37101,4,42200,1,,,,,,,,,,,,
5203,2,1,1模式：高级的学员球场格里夫斯,62103,5,212,180,2113154,37101,4,42200,1,42210,1,,,,,,,,,,
5204,2,1,2模式：高级的学员球场格里夫斯,62104,5,212,180,2113155,37101,4,42200,1,42210,1,,,,,,,,,,
5205,2,1,1模式：格里夫斯头盔一个难得的实践者,62105,5,492,240,2113156,37101,4,43000,1,42210,1,39100,1,,,,,,,,
5206,2,1,2模式：学员格里夫斯稀有头盔,62106,5,492,240,2113157,37101,4,43000,1,42210,1,39100,1,,,,,,,,
5207,2,1,模式：格里夫斯谦虚的人精于投球,62107,10,184,480,2113251,37102,4,,,,,,,,,,,,,,
5208,2,1,1模式：普通技术沥青的铠甲,62108,10,304,528,2113252,37102,4,42200,1,,,,,,,,,,,,
5209,2,1,2模式：普通技术沥青的铠甲,62109,10,304,528,2113253,37102,4,42200,1,,,,,,,,,,,,
5210,2,1,1模式：高级的球场格里夫斯,62110,10,424,720,2113254,37102,4,42200,1,42210,1,,,,,,,,,,
5211,2,1,2模式：高级的球场格里夫斯,62111,10,424,720,2113255,37102,4,42200,1,42210,1,,,,,,,,,,
5212,2,1,1模式：格里夫斯稀有头盔技能,62112,10,1220,960,2113256,37102,5,43000,1,42210,1,39100,2,,,,,,,,
5213,2,1,2模式：格里夫斯稀有头盔技能,62113,10,1220,960,2113257,37102,5,43000,1,42210,1,39100,2,,,,,,,,
5214,2,1,模式：格里夫斯球场破旧铠甲,62114,15,276,1080,2113351,37103,4,,,,,,,,,,,,,,
5215,2,1,1模式：平庸的投球铠甲格里夫斯,62115,15,516,1188,2113352,37103,4,42201,1,,,,,,,,,,,,
5216,2,1,2模式：平庸的投球铠甲格里夫斯,62116,15,516,1188,2113353,37103,4,42201,1,,,,,,,,,,,,
5217,2,1,1模式：格里夫斯投高级的铠甲,62117,15,756,1620,2113354,37103,4,42201,1,42210,1,,,,,,,,,,
5218,2,1,2模式：格里夫斯投高级的铠甲,62118,15,756,1620,2113355,37103,4,42201,1,42210,1,,,,,,,,,,
5219,2,1,1模式：格里夫斯稀有头盔铠甲,62119,15,2825,2160,2113356,37103,5,43000,2,42210,1,39101,1,,,,,,,,
5220,2,1,2模式：格里夫斯稀有头盔铠甲,62120,15,2825,2160,2113357,37103,5,43000,2,42210,1,39101,1,,,,,,,,
5221,2,1,模式：格里夫斯球场破旧的,62121,20,368,1920,2113451,37104,4,,,,,,,,,,,,,,
5222,2,1,1模式：平庸的投球格里夫斯,62122,20,688,2112,2113452,37104,4,42201,1,,,,,,,,,,,,
5223,2,1,2模式：平庸的投球格里夫斯,62123,20,688,2112,2113453,37104,4,42201,1,,,,,,,,,,,,
5224,2,1,1模式：格里夫斯投高级的,62124,20,1008,2880,2113454,37104,4,42201,1,42210,1,,,,,,,,,,
5225,2,1,2模式：格里夫斯投高级的,62125,20,1008,2880,2113455,37104,4,42201,1,42210,1,,,,,,,,,,
5226,2,1,1模式：格里夫斯头盔一种罕见的,62126,20,2327,3840,2113456,37104,5,43001,1,42210,2,39101,1,,,,,,,,
5227,2,1,2模式：格里夫斯头盔一种罕见的,62127,20,2327,3840,2113457,37104,5,43001,1,42210,2,39101,1,,,,,,,,
5228,2,1,模式：格里夫斯破旧的投球,62128,25,460,3000,2113551,37105,4,,,,,,,,,,,,,,
5229,2,1,1模式：平庸的投手格里夫斯,62129,25,960,3300,2113552,37105,4,42202,1,,,,,,,,,,,,
5230,2,1,2模式：平庸的投手格里夫斯,62130,25,960,3300,2113553,37105,4,42202,1,,,,,,,,,,,,
5231,2,1,1模式：高级的格里夫斯球场,62131,25,1460,4500,2113554,37105,4,42202,1,42210,2,,,,,,,,,,
5232,2,1,2模式：高级的格里夫斯球场,62132,25,1460,4500,2113555,37105,4,42202,1,42210,2,,,,,,,,,,
5233,2,1,1模式：格里夫斯球场,62133,25,6200,6000,2113556,37105,5,43001,2,42210,2,39101,2,,,,,,,,
5234,2,1,2模式：格里夫斯球场,62134,25,6200,6000,2113557,37105,5,43001,2,42210,2,39101,2,,,,,,,,
5235,2,1,模式：格里夫斯寒碜坚韧的球场,62135,30,552,4320,2113651,37106,4,,,,,,,,,,,,,,
5236,2,1,1模式：普通刚毅间距格里夫斯,62136,30,1152,4752,2113652,37106,4,42202,1,,,,,,,,,,,,
5237,2,1,2模式：普通刚毅间距格里夫斯,62137,30,1152,4752,2113653,37106,4,42202,1,,,,,,,,,,,,
5238,2,1,1模式：格里夫斯高级的坚韧的球场,62138,30,1752,6480,2113654,37106,4,42202,1,42210,3,,,,,,,,,,
5239,2,1,2模式：高级的坚韧的格里夫斯球场,62139,30,1752,6480,2113655,37106,4,42202,1,42210,3,,,,,,,,,,
5240,2,1,1模式：罕见的刚毅间距格里夫斯,62140,30,4740,8640,2113656,37106,5,43002,1,42210,4,39101,2,,,,,,,,
5241,2,1,2模式：罕见的刚毅间距格里夫斯,62141,30,4740,8640,2113657,37106,5,43002,1,42210,4,39101,2,,,,,,,,
5242,2,1,1模式：格里夫斯不屈不挠特制的头盔,62142,30,8274,12960,2113658,37106,6,43015,2,42210,5,39101,3,,,,,,,,
5243,2,1,2模式：格里夫斯不屈不挠特制的头盔,62143,30,8274,12960,2113659,37106,6,43015,2,42210,5,39101,3,,,,,,,,
5244,2,1,计划：头盔不起眼的耐性的格里夫斯的,62144,35,644,5880,2113751,37107,4,,,,,,,,,,,,,,
5245,2,1,1模式：平庸的投球耐性的格里夫斯,62145,35,1484,6468,2113752,37107,4,42203,1,,,,,,,,,,,,
5246,2,1,2模式：平庸的投球耐性的格里夫斯,62146,35,1484,6468,2113753,37107,4,42203,1,,,,,,,,,,,,
5247,2,1,1模式：格里夫斯投高级的耐性的,62147,35,2324,8820,2113754,37107,4,42203,1,42210,4,,,,,,,,,,
5248,2,1,2模式：格里夫斯投高级的耐性的,62148,35,2324,8820,2113755,37107,4,42203,1,42210,4,,,,,,,,,,
5249,2,1,1模式：格里夫斯头盔罕见的耐性的,62149,35,5333,11760,2113756,37107,5,43002,1,42210,5,39102,1,,,,,,,,
5250,2,1,2模式：格里夫斯头盔罕见的耐性的,62150,35,5333,11760,2113757,37107,5,43002,1,42210,5,39102,1,,,,,,,,
5251,2,1,1模式：特殊耐性的球场格里夫斯,62151,35,9257,17640,2113758,37107,6,43016,2,42210,7,39102,1,,,,,,,,
5252,2,1,2模式：特殊耐性的球场格里夫斯,62152,35,9257,17640,2113759,37107,6,43016,2,42210,7,39102,1,,,,,,,,
5253,2,1,模式：破旧的防护头盔,62153,40,736,7680,2113951,37108,4,,,,,,,,,,,,,,
5254,2,1,1模式：普通防护头盔的,62154,40,1696,8448,2113952,37108,4,42203,1,,,,,,,,,,,,
5255,2,1,2模式：普通防护头盔的,62155,40,1696,8448,2113953,37108,4,42203,1,,,,,,,,,,,,
5256,2,1,1模式：格里夫斯投高级的保护,62156,40,2656,11520,2113954,37108,4,42203,1,42210,5,,,,,,,,,,
5257,2,1,2模式：格里夫斯投高级的保护,62157,40,2656,11520,2113955,37108,4,42203,1,42210,5,,,,,,,,,,
5258,2,1,1模式：稀有头盔保护格里夫斯,62158,40,6094,15360,2113956,37108,5,43003,1,42210,6,39102,1,,,,,,,,
5259,2,1,2模式：稀有头盔保护格里夫斯,62159,40,6094,15360,2113957,37108,5,43003,1,42210,6,39102,1,,,,,,,,
5260,2,1,1模式：特殊的防护头盔,62160,40,10580,23040,2113958,37108,6,43017,2,42210,9,39102,1,,,,,,,,
5261,2,1,2模式：特殊的防护头盔,62161,40,10580,23040,2113959,37108,6,43017,2,42210,9,39102,1,,,,,,,,
5262,2,1,模式：格里夫斯球场破旧的饲养,62162,45,828,9720,2114151,37109,4,,,,,,,,,,,,,,
5263,2,1,1模式：平庸的投球格里夫斯,62163,45,2088,10692,2114152,37109,4,42204,1,,,,,,,,,,,,
5264,2,1,2模式：平庸的投球格里夫斯,62164,45,2088,10692,2114153,37109,4,42204,1,,,,,,,,,,,,
5265,2,1,1模式：高级的间距格里夫斯,62165,45,3348,14580,2114154,37109,4,42204,1,42210,6,,,,,,,,,,
5266,2,1,2模式：高级的间距格里夫斯,62166,45,3348,14580,2114155,37109,4,42204,1,42210,6,,,,,,,,,,
5267,2,1,1模式：格里夫斯稀有头盔,62167,45,7666,19440,2114156,37109,5,43003,1,42210,8,39102,1,,,,,,,,
5268,2,1,2模式：头盔一种罕见的遵守格里夫斯,62168,45,7666,19440,2114157,37109,5,43003,1,42210,8,39102,1,,,,,,,,
5269,2,1,1模式：特殊的纪念球场格里夫斯,62169,45,13522,29160,2114158,37109,6,43018,2,42210,12,39102,1,,,,,,,,
5270,2,1,2模式：特殊的纪念球场格里夫斯,62170,45,13522,29160,2114159,37109,6,43018,2,42210,12,39102,1,,,,,,,,
5271,2,1,模式：头盔寒碜不朽格里夫斯,62171,50,920,12000,2114351,37110,4,,,,,,,,,,,,,,
5272,2,1,1模式：普通的投球腿甲不朽,62172,50,2320,13200,2114352,37110,4,42204,1,,,,,,,,,,,,
5273,2,1,2模式：普通的投球腿甲不朽,62173,50,2320,13200,2114353,37110,4,42204,1,,,,,,,,,,,,
5274,2,1,1模式：高级的不朽的球场格里夫斯,62174,50,3720,18000,2114354,37110,4,42204,1,42210,7,,,,,,,,,,
5275,2,1,2模式：高级的不朽的球场格里夫斯,62175,50,3720,18000,2114355,37110,4,42204,1,42210,7,,,,,,,,,,
5276,2,1,1模式：头盔罕见的不朽格里夫斯,62176,50,8518,24000,2114356,37110,5,43004,1,42210,10,39102,1,,,,,,,,
5277,2,1,2模式：头盔罕见的不朽格里夫斯,62177,50,8518,24000,2114357,37110,5,43004,1,42210,10,39102,1,,,,,,,,
5278,2,1,1模式：特殊的不朽铠甲头盔,62178,50,16208,36000,2114358,37110,6,43019,2,42210,15,39102,2,,,,,,,,
5279,2,1,2模式：特殊的不朽铠甲头盔,62179,50,16208,36000,2114359,37110,6,43019,2,42210,15,39102,2,,,,,,,,
5280,2,1,模式：头盔寒碜不朽格里夫斯,62180,55,1012,14520,2114551,37111,4,,,,,,,,,,,,,,
5281,2,1,1模式：普通的投球腿甲不朽,62181,55,2772,15972,2114552,37111,4,42212,1,,,,,,,,,,,,
5282,2,1,2模式：普通的投球腿甲不朽,62182,55,2772,15972,2114553,37111,4,42212,1,,,,,,,,,,,,
5283,2,1,1模式：高级的不朽的球场格里夫斯,62183,55,4172,21780,2114554,37111,4,42212,1,42210,9,,,,,,,,,,
5284,2,1,2模式：高级的不朽的球场格里夫斯,62184,55,4172,21780,2114555,37111,4,42212,1,42210,9,,,,,,,,,,
5285,2,1,1模式：头盔罕见的不朽格里夫斯,62185,55,10360,29040,2114556,37111,5,43004,2,42210,12,39103,1,,,,,,,,
5286,2,1,2模式：头盔罕见的不朽格里夫斯,62186,55,10360,29040,2114557,37111,5,43004,2,42210,12,39103,1,,,,,,,,
5287,2,1,1模式：特殊的不朽铠甲头盔,62187,55,19808,43560,2114558,37111,6,43019,4,42210,18,39103,1,,,,,,,,
5288,2,1,2模式：特殊的不朽铠甲头盔,62188,55,19808,43560,2114559,37111,6,43019,4,42210,18,39103,1,,,,,,,,
5400,2,1,模式：破旧的重盔,62200,1,92,120,2116151,37101,4,,,,,,,,,,,,,,
5401,2,1,1模式：普通的重盔,62201,1,152,132,2116152,37101,4,42200,1,,,,,,,,,,,,
5402,2,1,2模式：普通的重盔,62202,1,152,132,2116153,37101,4,42200,1,,,,,,,,,,,,
5403,2,1,1模式：高级的学员重盔,62203,5,212,180,2116154,37101,4,42200,1,42210,1,,,,,,,,,,
5404,2,1,2模式：高级的学员重盔,62204,5,212,180,2116155,37101,4,42200,1,42210,1,,,,,,,,,,
5405,2,1,1模式：罕见的重盔,62205,5,492,240,2116156,37101,4,43000,1,42210,1,39100,1,,,,,,,,
5406,2,1,2模式：罕见的重盔,62206,5,492,240,2116157,37101,4,43000,1,42210,1,39100,1,,,,,,,,
5407,2,1,模式：简陋的重盔,62207,10,184,480,2116251,37102,4,,,,,,,,,,,,,,
5408,2,1,1模式：普通的重盔,62208,10,304,528,2116252,37102,4,42200,1,,,,,,,,,,,,
5409,2,1,2模式：普通的重盔,62209,10,304,528,2116253,37102,4,42200,1,,,,,,,,,,,,
5410,2,1,1模式：高级的的重盔,62210,10,424,720,2116254,37102,4,42200,1,42210,1,,,,,,,,,,
5411,2,1,2模式：高级的的重盔,62211,10,424,720,2116255,37102,4,42200,1,42210,1,,,,,,,,,,
5412,2,1,1模式：稀有技能的重盔,62212,10,1220,960,2116256,37102,5,43000,1,42210,1,39100,2,,,,,,,,
5413,2,1,2模式：稀有技能的重盔,62213,10,1220,960,2116257,37102,5,43000,1,42210,1,39100,2,,,,,,,,
5414,2,1,模式：铠甲的重盔,62214,15,276,1080,2116351,37103,4,,,,,,,,,,,,,,
5415,2,1,1模式：普通铠甲重盔,62215,15,516,1188,2116352,37103,4,42201,1,,,,,,,,,,,,
5416,2,1,2模式：普通铠甲重盔,62216,15,516,1188,2116353,37103,4,42201,1,,,,,,,,,,,,
5417,2,1,1模式：高级的铠甲的重盔,62217,15,756,1620,2116354,37103,4,42201,1,42210,1,,,,,,,,,,
5418,2,1,2模式：高级的铠甲的重盔,62218,15,756,1620,2116355,37103,4,42201,1,42210,1,,,,,,,,,,
5419,2,1,1模式：罕见铠甲的重盔,62219,15,2825,2160,2116356,37103,5,43000,2,42210,1,39101,1,,,,,,,,
5420,2,1,2模式：罕见铠甲的重盔,62220,15,2825,2160,2116357,37103,5,43000,2,42210,1,39101,1,,,,,,,,
5421,2,1,模式：破旧的重盔,62221,20,368,1920,2116451,37104,4,,,,,,,,,,,,,,
5422,2,1,1模式：普通重盔,62222,20,688,2112,2116452,37104,4,42201,1,,,,,,,,,,,,
5423,2,1,2模式：普通重盔,62223,20,688,2112,2116453,37104,4,42201,1,,,,,,,,,,,,
5424,2,1,1模式：高级的重盔,62224,20,1008,2880,2116454,37104,4,42201,1,42210,1,,,,,,,,,,
5425,2,1,2模式：高级的的重盔,62225,20,1008,2880,2116455,37104,4,42201,1,42210,1,,,,,,,,,,
5426,2,1,1模式：重盔一个难得的,62226,20,2327,3840,2116456,37104,5,43001,1,42210,2,39101,1,,,,,,,,
5427,2,1,2模式：重盔一个难得的,62227,20,2327,3840,2116457,37104,5,43001,1,42210,2,39101,1,,,,,,,,
5428,2,1,模式：重型球场破旧的,62228,25,460,3000,2116551,37105,4,,,,,,,,,,,,,,
5429,2,1,1模式：重型球场平庸的,62229,25,960,3300,2116552,37105,4,42202,1,,,,,,,,,,,,
5430,2,1,2模式：重型球场平庸的,62230,25,960,3300,2116553,37105,4,42202,1,,,,,,,,,,,,
5431,2,1,1模式：重型球场高级的,62231,25,1460,4500,2116554,37105,4,42202,1,42210,2,,,,,,,,,,
5432,2,1,2模式：重型球场高级的,62232,25,1460,4500,2116555,37105,4,42202,1,42210,2,,,,,,,,,,
5433,2,1,1模式：球场的重稀土坚韧,62233,25,6200,6000,2116556,37105,5,43001,2,42210,2,39101,2,,,,,,,,
5434,2,1,2模式：沥青的重稀土坚韧,62234,25,6200,6000,2116557,37105,5,43001,2,42210,2,39101,2,,,,,,,,
5435,2,1,模式：重型球场破旧的不屈,62235,30,552,4320,2116651,37106,4,,,,,,,,,,,,,,
5436,2,1,1模式：普通刚毅重盔,62236,30,1152,4752,2116652,37106,4,42202,1,,,,,,,,,,,,
5437,2,1,2模式：普通刚毅重盔,62237,30,1152,4752,2116653,37106,4,42202,1,,,,,,,,,,,,
5438,2,1,1模式：头盔高级的一往无前,62238,30,1752,6480,2116654,37106,4,42202,1,42210,3,,,,,,,,,,
5439,2,1,2模式：高级的坚韧的重型球场,62239,30,1752,6480,2116655,37106,4,42202,1,42210,3,,,,,,,,,,
5440,2,1,1模式：重稀土刚毅间距,62240,30,4740,8640,2116656,37106,5,43002,1,42210,4,39101,2,,,,,,,,
5441,2,1,2模式：重稀土刚毅间距,62241,30,4740,8640,2116657,37106,5,43002,1,42210,4,39101,2,,,,,,,,
5442,2,1,1模式：非凡毅力的重盔,62242,30,8274,12960,2116658,37106,6,43015,2,42210,5,39101,3,,,,,,,,
5443,2,1,2模式：非凡毅力的重盔,62243,30,8274,12960,2116659,37106,6,43015,2,42210,5,39101,3,,,,,,,,
5444,2,1,模式：破旧的耐性好的重盔,62244,35,644,5880,2116751,37107,4,,,,,,,,,,,,,,
5445,2,1,1模式：普通耐性的重盔,62245,35,1484,6468,2116752,37107,4,42203,1,,,,,,,,,,,,
5446,2,1,2模式：普通耐性的重盔,62246,35,1484,6468,2116753,37107,4,42203,1,,,,,,,,,,,,
5447,2,1,1模式：高级的耐性好的重盔,62247,35,2324,8820,2116754,37107,4,42203,1,42210,4,,,,,,,,,,
5448,2,1,2模式：高级的耐性好的重盔,62248,35,2324,8820,2116755,37107,4,42203,1,42210,4,,,,,,,,,,
5449,2,1,1模式：罕见的耐性的重盔,62249,35,5333,11760,2116756,37107,5,43002,1,42210,5,39102,1,,,,,,,,
5450,2,1,2模式：罕见的耐性的重盔,62250,35,5333,11760,2116757,37107,5,43002,1,42210,5,39102,1,,,,,,,,
5451,2,1,1模式：非凡的耐性好的重盔,62251,35,9257,17640,2116758,37107,6,43016,2,42210,7,39102,1,,,,,,,,
5452,2,1,2模式：非凡的耐性好的重盔,62252,35,9257,17640,2116759,37107,6,43016,2,42210,7,39102,1,,,,,,,,
5453,2,1,模式：保护的重盔,62253,40,736,7680,2116951,37108,4,,,,,,,,,,,,,,
5454,2,1,1模式：普通保护重盔,62254,40,1696,8448,2116952,37108,4,42203,1,,,,,,,,,,,,
5455,2,1,2模式：普通保护重盔,62255,40,1696,8448,2116953,37108,4,42203,1,,,,,,,,,,,,
5456,2,1,1模式：高级的保护重盔,62256,40,2656,11520,2116954,37108,4,42203,1,42210,5,,,,,,,,,,
5457,2,1,2模式：高级的保护重盔,62257,40,2656,11520,2116955,37108,4,42203,1,42210,5,,,,,,,,,,
5458,2,1,1模式：罕见的重型头盔保护,62258,40,6094,15360,2116956,37108,5,43003,1,42210,6,39102,1,,,,,,,,
5459,2,1,2模式：罕见的重型头盔保护,62259,40,6094,15360,2116957,37108,5,43003,1,42210,6,39102,1,,,,,,,,
5460,2,1,1模式：特殊保护的重盔,62260,40,10580,23040,2116958,37108,6,43017,2,42210,9,39102,1,,,,,,,,
5461,2,1,2模式：特殊保护的重盔,62261,40,10580,23040,2116959,37108,6,43017,2,42210,9,39102,1,,,,,,,,
5462,2,1,模式：的重盔,62262,45,828,9720,2117151,37109,4,,,,,,,,,,,,,,
5463,2,1,1模式：普通的牧民重盔,62263,45,2088,10692,2117152,37109,4,42204,1,,,,,,,,,,,,
5464,2,1,2模式：普通的牧民重盔,62264,45,2088,10692,2117153,37109,4,42204,1,,,,,,,,,,,,
5465,2,1,1模式：高级的守护的重盔,62265,45,3348,14580,2117154,37109,4,42204,1,42210,6,,,,,,,,,,
5466,2,1,2模式：高级的饲养的重盔,62266,45,3348,14580,2117155,37109,4,42204,1,42210,6,,,,,,,,,,
5467,2,1,1模式：罕见的重盔,62267,45,7666,19440,2117156,37109,5,43003,1,42210,8,39102,1,,,,,,,,
5468,2,1,2模式：罕见的重盔,62268,45,7666,19440,2117157,37109,5,43003,1,42210,8,39102,1,,,,,,,,
5469,2,1,1模式：特殊的纪念重盔,62269,45,13522,29160,2117158,37109,6,43018,2,42210,12,39102,1,,,,,,,,
5470,2,1,2模式：特殊的纪念重盔,62270,45,13522,29160,2117159,37109,6,43018,2,42210,12,39102,1,,,,,,,,
5471,2,1,模式：不朽简陋的重盔,62271,50,920,12000,2117351,37110,4,,,,,,,,,,,,,,
5472,2,1,1模式：不朽普通的重盔,62272,50,2320,13200,2117352,37110,4,42204,1,,,,,,,,,,,,
5473,2,1,2模式：不朽普通的重盔,62273,50,2320,13200,2117353,37110,4,42204,1,,,,,,,,,,,,
5474,2,1,1模式：不朽的高级的重盔,62274,50,3720,18000,2117354,37110,4,42204,1,42210,7,,,,,,,,,,
5475,2,1,2模式：不朽的高级的重盔,62275,50,3720,18000,2117355,37110,4,42204,1,42210,7,,,,,,,,,,
5476,2,1,1模式：不朽罕见的重盔,62276,50,8518,24000,2117356,37110,5,43004,1,42210,10,39102,1,,,,,,,,
5477,2,1,2模式：不朽罕见的重盔,62277,50,8518,24000,2117357,37110,5,43004,1,42210,10,39102,1,,,,,,,,
5478,2,1,1模式：不朽特殊的重盔,62278,50,16208,36000,2117358,37110,6,43019,2,42210,15,39102,2,,,,,,,,
5479,2,1,2模式：不朽特殊的重盔,62279,50,16208,36000,2117359,37110,6,43019,2,42210,15,39102,2,,,,,,,,
5480,2,1,模式：不朽简陋的重盔,62280,55,1012,14520,2117551,37111,4,,,,,,,,,,,,,,
5481,2,1,1模式：不朽普通的重盔,62281,55,2772,15972,2117552,37111,4,42212,1,,,,,,,,,,,,
5482,2,1,2模式：不朽普通的重盔,62282,55,2772,15972,2117553,37111,4,42212,1,,,,,,,,,,,,
5483,2,1,1模式：不朽的高级的重盔,62283,55,4172,21780,2117554,37111,4,42212,1,42210,9,,,,,,,,,,
5484,2,1,2模式：不朽的高级的重盔,62284,55,4172,21780,2117555,37111,4,42212,1,42210,9,,,,,,,,,,
5485,2,1,1模式：不朽罕见的重盔,62285,55,10360,29040,2117556,37111,5,43004,2,42210,12,39103,1,,,,,,,,
5486,2,1,2模式：不朽罕见的重盔,62286,55,10360,29040,2117557,37111,5,43004,2,42210,12,39103,1,,,,,,,,
5487,2,1,1模式：不朽特殊的重盔,62287,55,19808,43560,2117558,37111,6,43019,4,42210,18,39103,1,,,,,,,,
5488,2,1,2模式：不朽特殊的重盔,62288,55,19808,43560,2117559,37111,6,43019,4,42210,18,39103,1,,,,,,,,
5600,2,2,模式：学员一个不起眼的护腿铠甲胸部,62300,1,92,90,2120151,37100,3,,,,,,,,,,,,,,
5601,2,2,1模式：普通护腿铠甲的护胸,62301,1,152,96,2120152,37100,3,42200,1,,,,,,,,,,,,
5602,2,2,2模式：普通护腿铠甲的护胸,62302,1,152,96,2120153,37100,3,42200,1,,,,,,,,,,,,
5603,2,2,1模式：高级的巴德胸部,62303,4,212,132,2120154,37100,3,42200,1,42210,1,,,,,,,,,,
5604,2,2,2模式：高级的巴德胸部,62304,4,212,132,2120155,37100,3,42200,1,42210,1,,,,,,,,,,
5605,2,2,1模式：护腿铠甲的护胸一种罕见的,62305,4,492,174,2120156,37100,3,43000,1,42210,1,39100,1,,,,,,,,
5606,2,2,2模式：护腿铠甲的护胸一种罕见的,62306,4,492,174,2120157,37100,3,43000,1,42210,1,39100,1,,,,,,,,
5607,2,2,模式：破旧的的护腿铠甲的护胸,62307,9,184,438,2120251,37102,4,,,,,,,,,,,,,,
5608,2,2,1模式：普通技能的护腿铠甲胸部,62308,9,304,486,2120252,37102,4,42200,1,,,,,,,,,,,,
5609,2,2,2模式：普通技能的护腿铠甲胸部,62309,9,304,486,2120253,37102,4,42200,1,,,,,,,,,,,,
5610,2,2,1模式：的护腿铠甲,62310,9,424,660,2120254,37102,4,42200,1,42210,1,,,,,,,,,,
5611,2,2,2模式：的护腿铠甲,62311,9,424,660,2120255,37102,4,42200,1,42210,1,,,,,,,,,,
5612,2,2,1模式：稀有技能胸护甲,62312,9,1220,876,2120256,37102,4,43000,1,42210,1,39100,2,,,,,,,,
5613,2,2,2模式：稀有技能胸护甲,62313,9,1220,876,2120257,37102,4,43000,1,42210,1,39100,2,,,,,,,,
5614,2,2,模式：不起眼的护腿铠甲铠甲胸部,62314,14,276,1062,2120351,37103,4,,,,,,,,,,,,,,
5615,2,2,1模式：普通铠甲胸护甲,62315,14,516,1170,2120352,37103,4,42201,1,,,,,,,,,,,,
5616,2,2,2模式：普通铠甲胸护甲,62316,14,516,1170,2120353,37103,4,42201,1,,,,,,,,,,,,
5617,2,2,1模式：高级的铠甲胸护甲,62317,14,756,1590,2120354,37103,4,42201,1,42210,1,,,,,,,,,,
5618,2,2,2模式：高级的铠甲胸护甲,62318,14,756,1590,2120355,37103,4,42201,1,42210,1,,,,,,,,,,
5619,2,2,1模式：罕见铠甲胸护甲,62319,14,2825,2118,2120356,37103,5,43000,2,42210,1,39101,1,,,,,,,,
5620,2,2,2模式：罕见铠甲胸护甲,62320,14,2825,2118,2120357,37103,5,43000,2,42210,1,39101,1,,,,,,,,
5621,2,2,模式：胸护甲的破旧的,62321,19,368,1950,2120451,37104,4,,,,,,,,,,,,,,
5622,2,2,1模式：护腿铠甲胸部纯意向,62322,19,688,2148,2120452,37104,4,42201,1,,,,,,,,,,,,
5623,2,2,2模式：护腿铠甲胸部纯意向,62323,19,688,2148,2120453,37104,4,42201,1,,,,,,,,,,,,
5624,2,2,1模式：护腿铠甲胸部高级的,62324,19,1008,2928,2120454,37104,4,42201,1,42210,1,,,,,,,,,,
5625,2,2,2模式：护腿铠甲胸部高级的,62325,19,1008,2928,2120455,37104,4,42201,1,42210,1,,,,,,,,,,
5626,2,2,1模式：胸护甲一个难得的,62326,19,2327,3900,2120456,37104,5,43001,1,42210,2,39101,1,,,,,,,,
5627,2,2,2模式：胸护甲一个难得的,62327,19,2327,3900,2120457,37104,5,43001,1,42210,2,39101,1,,,,,,,,
5628,2,2,模式：破旧的护腿铠甲胸部,62328,24,460,3114,2120551,37105,4,,,,,,,,,,,,,,
5629,2,2,1模式：护腿铠甲胸部平原坚韧,62329,24,960,3426,2120552,37105,4,42202,1,,,,,,,,,,,,
5630,2,2,2模式：纯胸护甲,62330,24,960,3426,2120553,37105,4,42202,1,,,,,,,,,,,,
5631,2,2,1模式：高级的护腿铠甲胸部,62331,24,1460,4668,2120554,37105,5,42202,1,42210,2,,,,,,,,,,
5632,2,2,2模式：高级的护腿铠甲胸部,62332,24,1460,4668,2120555,37105,5,42202,1,42210,2,,,,,,,,,,
5633,2,2,1模式：护腿铠甲胸部,62333,24,6200,6222,2120556,37105,5,43001,2,42210,3,39101,2,,,,,,,,
5634,2,2,2模式：护腿铠甲胸部,62334,24,6200,6222,2120557,37105,5,43001,2,42210,3,39101,2,,,,,,,,
5635,2,2,模式：破旧的坚韧的护腿铠甲胸部,62335,30,552,4860,2120651,37106,4,,,,,,,,,,,,,,
5636,2,2,1模式：普通坚韧的护腿铠甲胸部,62336,30,1152,5346,2120652,37106,5,42202,1,,,,,,,,,,,,
5637,2,2,2模式：普通坚韧的护腿铠甲胸部,62337,30,1152,5346,2120653,37106,5,42202,1,,,,,,,,,,,,
5638,2,2,1模式：高级的坚韧的护腿铠甲胸部,62338,30,1752,7290,2120654,37106,5,42202,1,42210,3,,,,,,,,,,
5639,2,2,2模式：高级的坚韧的护腿铠甲胸部,62339,30,1752,7290,2120655,37106,5,42202,1,42210,3,,,,,,,,,,
5640,2,2,1模式：护腿铠甲胸部,62340,30,4740,9720,2120656,37106,5,43002,1,42210,4,39101,3,,,,,,,,
5641,2,2,2模式：护腿铠甲胸部,62341,30,4740,9720,2120657,37106,5,43002,1,42210,4,39101,3,,,,,,,,
5642,2,2,1模式：特别坚韧的护腿铠甲胸部,62342,30,8274,14580,2120658,37106,7,43015,2,42210,6,39101,4,,,,,,,,
5643,2,2,2模式：特别坚韧的护腿铠甲胸部,62343,30,8274,14580,2120659,37106,7,43015,2,42210,6,39101,4,,,,,,,,
5644,2,2,模式：护腿铠甲的护胸破旧的耐性的,62344,35,644,6618,2120751,37107,4,,,,,,,,,,,,,,
5645,2,2,1模式：普通的毅力护腿铠甲的护胸,62345,35,1484,7278,2120752,37107,5,42203,1,,,,,,,,,,,,
5646,2,2,2模式：普通耐性的胸护甲,62346,35,1484,7278,2120753,37107,5,42203,1,,,,,,,,,,,,
5647,2,2,1模式：高级的耐性的胸护甲,62347,35,2324,9924,2120754,37107,5,42203,1,42210,4,,,,,,,,,,
5648,2,2,2模式：高级的耐性的胸护甲,62348,35,2324,9924,2120755,37107,5,42203,1,42210,4,,,,,,,,,,
5649,2,2,3模式：高级的耐性的胸护甲,62349,35,5333,13230,2120756,37107,5,43002,2,42210,5,39102,1,,,,,,,,
5650,2,2,4模式：高级的耐性的胸护甲,62350,35,5333,13230,2120757,37107,5,43002,2,42210,5,39102,1,,,,,,,,
5651,2,2,5模式：高级的耐性的胸护甲,62351,35,9257,19848,2120758,37107,7,43016,2,42210,8,39102,1,,,,,,,,
5652,2,2,6模式：高级的耐性的胸护甲,62352,35,9257,19848,2120759,37107,7,43016,2,42210,8,39102,1,,,,,,,,
5653,2,2,7模式：高级的耐性的胸护甲,62353,40,736,8640,2120951,37108,4,,,,,,,,,,,,,,
5654,2,2,1模式：普通胸护甲,62354,40,1696,9504,2120952,37108,5,42203,1,,,,,,,,,,,,
5655,2,2,2模式：普通胸护甲,62355,40,1696,9504,2120953,37108,5,42203,1,,,,,,,,,,,,
5656,2,2,1模式：护腿铠甲胸部高级的保护,62356,40,2656,12960,2120954,37108,5,42203,1,42210,5,,,,,,,,,,
5657,2,2,2模式：护腿铠甲胸部高级的保护,62357,40,2656,12960,2120955,37108,5,42203,1,42210,5,,,,,,,,,,
5658,2,2,1模式：罕见胸护甲保护,62358,40,6094,17280,2120956,37108,5,43003,1,42210,7,39102,1,,,,,,,,
5659,2,2,2模式：罕见胸护甲保护,62359,40,6094,17280,2120957,37108,5,43003,1,42210,7,39102,1,,,,,,,,
5660,2,2,1模式：特别胸护甲,62360,40,10580,25920,2120958,37108,7,43017,2,42210,11,39102,1,,,,,,,,
5661,2,2,2模式：特别胸护甲,62361,40,10580,25920,2120959,37108,7,43017,2,42210,11,39102,1,,,,,,,,
5662,2,2,模式：低级的胸护甲,62362,45,828,10938,2121151,37109,4,,,,,,,,,,,,,,
5663,2,2,1模式：普通的牧民胸护甲,62363,45,2088,12030,2121152,37109,5,42204,1,,,,,,,,,,,,
5664,2,2,2模式：普通的牧民胸护甲,62364,45,2088,12030,2121153,37109,5,42204,1,,,,,,,,,,,,
5665,2,2,1模式：高级的胸部铠甲,62365,45,3348,16404,2121154,37109,5,42204,1,42210,7,,,,,,,,,,
5666,2,2,2模式：高级的胸护甲,62366,45,3348,16404,2121155,37109,5,42204,1,42210,7,,,,,,,,,,
5667,2,2,1模式：难得的胸护甲,62367,45,7666,21870,2121156,37109,5,43003,2,42210,9,39102,1,,,,,,,,
5668,2,2,2模式：难得的胸护甲,62368,45,7666,21870,2121157,37109,5,43003,2,42210,9,39102,1,,,,,,,,
5669,2,2,3模式：难得的胸护甲,62369,45,13522,32808,2121158,37109,7,43018,2,42210,13,39102,2,,,,,,,,
5670,2,2,1模式：普通的牧民胸护甲,62370,45,13522,32808,2121159,37109,7,43018,2,42210,13,39102,2,,,,,,,,
5671,2,2,2模式：普通的牧民胸护甲,62371,50,920,13500,2121351,37110,4,,,,,,,,,,,,,,
5672,2,2,1模式：普通胸护甲,62372,50,2320,14850,2121352,37110,5,42204,1,,,,,,,,,,,,
5673,2,2,2模式：普通胸护甲,62373,50,2320,14850,2121353,37110,5,42204,1,,,,,,,,,,,,
5674,2,2,1模式：不朽的护腿铠甲,62374,50,3720,20250,2121354,37110,5,42204,1,42210,8,,,,,,,,,,
5675,2,2,2模式：不朽的护腿铠甲,62375,50,3720,20250,2121355,37110,5,42204,1,42210,8,,,,,,,,,,
5676,2,2,1模式：罕见的不朽胸护甲,62376,50,8518,27000,2121356,37110,5,43004,1,42210,11,39102,1,,,,,,,,
5677,2,2,2模式：罕见的不朽胸护甲,62377,50,8518,27000,2121357,37110,5,43004,1,42210,11,39102,1,,,,,,,,
5678,2,2,1模式：特殊不朽的护腿铠甲的护胸,62378,50,16208,40500,2121358,37110,7,43019,2,42210,17,39102,2,,,,,,,,
5679,2,2,2模式：特殊不朽的护腿铠甲的护胸,62379,50,16208,40500,2121359,37110,7,43019,2,42210,17,39102,2,,,,,,,,
5680,2,2,模式：不起眼的不朽的护腿铠甲胸部,62380,55,1012,16338,2121551,37111,4,,,,,,,,,,,,,,
5681,2,2,1模式：普通的胸护甲,62381,55,2772,17970,2121552,37111,5,42212,1,,,,,,,,,,,,
5682,2,2,2模式：普通的胸护甲,62382,55,2772,17970,2121553,37111,5,42212,1,,,,,,,,,,,,
5683,2,2,1模式：高级的胸护甲,62383,55,4172,24504,2121554,37111,5,42212,1,42210,10,,,,,,,,,,
5684,2,2,2模式：高级的胸护甲,62384,55,4172,24504,2121555,37111,5,42212,1,42210,10,,,,,,,,,,
5685,2,2,1模式：罕见的不朽胸护甲,62385,55,10360,32670,2121556,37111,5,43004,2,42210,13,39103,1,,,,,,,,
5686,2,2,2模式：罕见的不朽胸护甲,62386,55,10360,32670,2121557,37111,5,43004,2,42210,13,39103,1,,,,,,,,
5687,2,2,1模式：特殊不朽的护胸,62387,55,19808,49008,2121558,37111,7,43019,4,42210,20,39103,1,,,,,,,,
5688,2,2,2模式：特殊不朽的护胸,62388,55,19808,49008,2121559,37111,7,43019,4,42210,20,39103,1,,,,,,,,
5800,2,2,模式：战胜者破旧的铠甲,62400,1,92,90,2123151,37100,3,,,,,,,,,,,,,,
5801,2,2,1模式：普通战胜者铠甲,62401,1,152,96,2123152,37100,3,42200,1,,,,,,,,,,,,
5802,2,2,2模式：普通战胜者铠甲,62402,1,152,96,2123153,37100,3,42200,1,,,,,,,,,,,,
5803,2,2,1模式：战胜者高级的铠甲,62403,4,212,132,2123154,37100,3,42200,1,42210,1,,,,,,,,,,
5804,2,2,2模式：战胜者高级的铠甲,62404,4,212,132,2123155,37100,3,42200,1,42210,1,,,,,,,,,,
5805,2,2,1模式：罕见的护腿铠甲甲,62405,4,492,174,2123156,37100,3,43000,1,42210,1,39100,1,,,,,,,,
5806,2,2,2模式：罕见的护腿铠甲甲,62406,4,492,174,2123157,37100,3,43000,1,42210,1,39100,1,,,,,,,,
5807,2,2,模式：战胜者寒碜技能,62407,9,184,438,2123251,37102,4,,,,,,,,,,,,,,
5808,2,2,1模式：普通技术战胜者,62408,9,304,486,2123252,37102,4,42200,1,,,,,,,,,,,,
5809,2,2,2模式：普通技术战胜者,62409,9,304,486,2123253,37102,4,42200,1,,,,,,,,,,,,
5810,2,2,1模式：战胜者高级的,62410,9,424,660,2123254,37102,4,42200,1,42210,1,,,,,,,,,,
5811,2,2,2模式：战胜者高级的,62411,9,424,660,2123255,37102,4,42200,1,42210,1,,,,,,,,,,
5812,2,2,1模式：罕见的铠甲,62412,9,1220,876,2123256,37102,4,43000,1,42210,1,39100,2,,,,,,,,
5813,2,2,2模式：罕见的铠甲,62413,9,1220,876,2123257,37102,4,43000,1,42210,1,39100,2,,,,,,,,
5814,2,2,模式：战胜者破旧的铠甲,62414,14,276,1062,2123351,37103,4,,,,,,,,,,,,,,
5815,2,2,1模式：战胜者普通铠甲,62415,14,516,1170,2123352,37103,4,42201,1,,,,,,,,,,,,
5816,2,2,2模式：战胜者普通铠甲,62416,14,516,1170,2123353,37103,4,42201,1,,,,,,,,,,,,
5817,2,2,1模式：战胜者高级的铠甲,62417,14,756,1590,2123354,37103,4,42201,1,42210,1,,,,,,,,,,
5818,2,2,2模式：战胜者高级的铠甲,62418,14,756,1590,2123355,37103,4,42201,1,42210,1,,,,,,,,,,
5819,2,2,1模式：罕见的铠甲铠甲格里夫斯,62419,14,2825,2118,2123356,37103,5,43000,2,42210,1,39101,1,,,,,,,,
5820,2,2,2模式：罕见的铠甲铠甲格里夫斯,62420,14,2825,2118,2123357,37103,5,43000,2,42210,1,39101,1,,,,,,,,
5821,2,2,模式：战胜者破旧的,62421,19,368,1950,2123451,37104,4,,,,,,,,,,,,,,
5822,2,2,1模式：战胜者普通,62422,19,688,2148,2123452,37104,4,42201,1,,,,,,,,,,,,
5823,2,2,2模式：战胜者普通,62423,19,688,2148,2123453,37104,4,42201,1,,,,,,,,,,,,
5824,2,2,1模式：战胜者高级的,62424,19,1008,2928,2123454,37104,4,42201,1,42210,1,,,,,,,,,,
5825,2,2,2模式：战胜者高级的,62425,19,1008,2928,2123455,37104,4,42201,1,42210,1,,,,,,,,,,
5826,2,2,1模式：战胜者一种罕见的,62426,19,2327,3900,2123456,37104,5,43001,1,42210,2,39101,1,,,,,,,,
5827,2,2,2模式：战胜者一种罕见的,62427,19,2327,3900,2123457,37104,5,43001,1,42210,2,39101,1,,,,,,,,
5828,2,2,模式：破旧的战胜者,62428,24,460,3114,2123551,37105,4,,,,,,,,,,,,,,
5829,2,2,1模式：纯战胜者,62429,24,960,3426,2123552,37105,4,42202,1,,,,,,,,,,,,
5830,2,2,2模式：纯战胜者,62430,24,960,3426,2123553,37105,4,42202,1,,,,,,,,,,,,
5831,2,2,1模式：高级的战胜者,62431,24,1460,4668,2123554,37105,5,42202,1,42210,2,,,,,,,,,,
5832,2,2,2模式：高级的战胜者,62432,24,1460,4668,2123555,37105,5,42202,1,42210,2,,,,,,,,,,
5833,2,2,1模式：罕见战胜者,62433,24,6200,6222,2123556,37105,5,43001,2,42210,3,39101,2,,,,,,,,
5834,2,2,2模式：罕见战胜者,62434,24,6200,6222,2123557,37105,5,43001,2,42210,3,39101,2,,,,,,,,
5835,2,2,模式：破旧的铠甲不屈格里夫斯,62435,30,552,4860,2123651,37106,4,,,,,,,,,,,,,,
5836,2,2,1模式：普通铜墙铁壁格里夫斯,62436,30,1152,5346,2123652,37106,5,42202,1,,,,,,,,,,,,
5837,2,2,2模式：普通刚毅盔甲,62437,30,1152,5346,2123653,37106,5,42202,1,,,,,,,,,,,,
5838,2,2,1模式：高级的坚韧的战胜者,62438,30,1752,7290,2123654,37106,5,42202,1,42210,3,,,,,,,,,,
5839,2,2,2模式：高级的坚韧的战胜者,62439,30,1752,7290,2123655,37106,5,42202,1,42210,3,,,,,,,,,,
5840,2,2,1模式：罕见的刚毅盔甲,62440,30,4740,9720,2123656,37106,5,43002,1,42210,4,39101,3,,,,,,,,
5841,2,2,2模式：罕见的刚毅盔甲,62441,30,4740,9720,2123657,37106,5,43002,1,42210,4,39101,3,,,,,,,,
5842,2,2,1模式：特殊的铠甲不屈格里夫斯,62442,30,8274,14580,2123658,37106,7,43015,2,42210,6,39101,4,,,,,,,,
5843,2,2,2模式：特殊的铠甲不屈格里夫斯,62443,30,8274,14580,2123659,37106,7,43015,2,42210,6,39101,4,,,,,,,,
5844,2,2,模式：格里夫斯耐性的破旧的铠甲,62444,35,644,6618,2123751,37107,4,,,,,,,,,,,,,,
5845,2,2,1模式：战胜者普通耐性的,62445,35,1484,7278,2123752,37107,5,42203,1,,,,,,,,,,,,
5846,2,2,2模式：战胜者普通耐性的,62446,35,1484,7278,2123753,37107,5,42203,1,,,,,,,,,,,,
5847,2,2,1模式：战胜者高级的耐性的,62447,35,2324,9924,2123754,37107,5,42203,1,42210,4,,,,,,,,,,
5848,2,2,2模式：战胜者高级的耐性的,62448,35,2324,9924,2123755,37107,5,42203,1,42210,4,,,,,,,,,,
5849,2,2,1模式：战胜者罕见的耐性的,62449,35,5333,13230,2123756,37107,5,43002,2,42210,5,39102,1,,,,,,,,
5850,2,2,2模式：战胜者罕见的耐性的,62450,35,5333,13230,2123757,37107,5,43002,2,42210,5,39102,1,,,,,,,,
5851,2,2,1模式：特殊耐性的战胜者,62451,35,9257,19848,2123758,37107,7,43016,2,42210,8,39102,1,,,,,,,,
5852,2,2,2模式：特殊耐性的战胜者,62452,35,9257,19848,2123759,37107,7,43016,2,42210,8,39102,1,,,,,,,,
5853,2,2,模式：破旧的装甲防护格里夫斯,62453,40,736,8640,2123951,37108,4,,,,,,,,,,,,,,
5854,2,2,1模式：传统的装甲防护腿甲,62454,40,1696,9504,2123952,37108,5,42203,1,,,,,,,,,,,,
5855,2,2,2模式：传统的装甲防护腿甲,62455,40,1696,9504,2123953,37108,5,42203,1,,,,,,,,,,,,
5856,2,2,1模式：战胜者高级的保护,62456,40,2656,12960,2123954,37108,5,42203,1,42210,5,,,,,,,,,,
5857,2,2,2模式：战胜者高级的保护,62457,40,2656,12960,2123955,37108,5,42203,1,42210,5,,,,,,,,,,
5858,2,2,1模式：罕见的装甲防护格里夫斯,62458,40,6094,17280,2123956,37108,5,43003,1,42210,7,39102,1,,,,,,,,
5859,2,2,2模式：罕见的装甲防护格里夫斯,62459,40,6094,17280,2123957,37108,5,43003,1,42210,7,39102,1,,,,,,,,
5860,2,2,1模式：格里夫斯特殊的装甲防护之一,62460,40,10580,25920,2123958,37108,7,43017,2,42210,11,39102,1,,,,,,,,
5861,2,2,2模式：特别保护战胜者,62461,40,10580,25920,2123959,37108,7,43017,2,42210,11,39102,1,,,,,,,,
5862,2,2,模式：战胜者寒酸守护,62462,45,828,10938,2124151,37109,4,,,,,,,,,,,,,,
5863,2,2,1模式：战胜者普通的牧民,62463,45,2088,12030,2124152,37109,5,42204,1,,,,,,,,,,,,
5864,2,2,2模式：战胜者普通的牧民,62464,45,2088,12030,2124153,37109,5,42204,1,,,,,,,,,,,,
5865,2,2,1模式：高级的战胜者,62465,45,3348,16404,2124154,37109,5,42204,1,42210,7,,,,,,,,,,
5866,2,2,2模式：高级的战胜者,62466,45,3348,16404,2124155,37109,5,42204,1,42210,7,,,,,,,,,,
5867,2,2,1模式：罕见的铠甲和腿甲,62467,45,7666,21870,2124156,37109,5,43003,2,42210,9,39102,1,,,,,,,,
5868,2,2,2模式：罕见的铠甲和腿甲,62468,45,7666,21870,2124157,37109,5,43003,2,42210,9,39102,1,,,,,,,,
5869,2,2,1模式：特殊的纪念战胜者,62469,45,13522,32808,2124158,37109,7,43018,2,42210,13,39102,2,,,,,,,,
5870,2,2,2模式：特殊的纪念战胜者,62470,45,13522,32808,2124159,37109,7,43018,2,42210,13,39102,2,,,,,,,,
5871,2,2,模式：战胜者寒碜不朽,62471,50,920,13500,2124351,37110,4,,,,,,,,,,,,,,
5872,2,2,1模式：普通的不朽装甲,62472,50,2320,14850,2124352,37110,5,42204,1,,,,,,,,,,,,
5873,2,2,2模式：普通的不朽装甲,62473,50,2320,14850,2124353,37110,5,42204,1,,,,,,,,,,,,
5874,2,2,1模式：战胜者高级的不朽,62474,50,3720,20250,2124354,37110,5,42204,1,42210,8,,,,,,,,,,
5875,2,2,2模式：战胜者高级的不朽,62475,50,3720,20250,2124355,37110,5,42204,1,42210,8,,,,,,,,,,
5876,2,2,1模式：罕见的不朽的护腿铠甲,62476,50,8518,27000,2124356,37110,5,43004,1,42210,11,39102,1,,,,,,,,
5877,2,2,2模式：罕见的不朽护腿铠甲,62477,50,8518,27000,2124357,37110,5,43004,1,42210,11,39102,1,,,,,,,,
5878,2,2,1模式：特殊不朽的铠甲,62478,50,16208,40500,2124358,37110,7,43019,2,42210,17,39102,2,,,,,,,,
5879,2,2,2模式：特殊不朽的铠甲,62479,50,16208,40500,2124359,37110,7,43019,2,42210,17,39102,2,,,,,,,,
5880,2,2,模式：战胜者寒碜不朽,62480,55,1012,16338,2124551,37111,4,,,,,,,,,,,,,,
5881,2,2,1模式：普通的不朽装甲,62481,55,2772,17970,2124552,37111,5,42212,1,,,,,,,,,,,,
5882,2,2,2模式：普通的不朽装甲,62482,55,2772,17970,2124553,37111,5,42212,1,,,,,,,,,,,,
5883,2,2,1模式：战胜者高级的不朽,62483,55,4172,24504,2124554,37111,5,42212,1,42210,10,,,,,,,,,,
5884,2,2,2模式：战胜者高级的不朽,62484,55,4172,24504,2124555,37111,5,42212,1,42210,10,,,,,,,,,,
5885,2,2,1模式：罕见的不朽的护腿铠甲,62485,55,10360,32670,2124556,37111,5,43004,2,42210,13,39103,1,,,,,,,,
5886,2,2,2模式：罕见的不朽护腿铠甲,62486,55,10360,32670,2124557,37111,5,43004,2,42210,13,39103,1,,,,,,,,
5887,2,2,1模式：特殊不朽的铠甲,62487,55,19808,49008,2124558,37111,7,43019,4,42210,20,39103,1,,,,,,,,
5888,2,2,2模式：特殊不朽的铠甲,62488,55,19808,49008,2124559,37111,7,43019,4,42210,20,39103,1,,,,,,,,
6000,2,2,模式：破旧的,62500,1,92,90,2126151,37100,3,,,,,,,,,,,,,,
6001,2,2,1模式：普通,62501,1,152,96,2126152,37100,3,42200,1,,,,,,,,,,,,
6002,2,2,2模式：普通,62502,1,152,96,2126153,37100,3,42200,1,,,,,,,,,,,,
6003,2,2,1模式：奢华的,62503,4,212,132,2126154,37100,3,42200,1,42210,1,,,,,,,,,,
6004,2,2,2模式：奢华的,62504,4,212,132,2126155,37100,3,42200,1,42210,1,,,,,,,,,,
6005,2,2,1模式：一个难得的实践者,62505,4,492,174,2126156,37100,3,43000,1,42210,1,39100,1,,,,,,,,
6006,2,2,2模式：一个难得的实践者,62506,4,492,174,2126157,37100,3,43000,1,42210,1,39100,1,,,,,,,,
6007,2,2,模式：寒碜技能,62507,9,184,438,2126251,37102,4,,,,,,,,,,,,,,
6008,2,2,1模式：普通技术,62508,9,304,486,2126252,37102,4,42200,1,,,,,,,,,,,,
6009,2,2,2模式：普通技术,62509,9,304,486,2126253,37102,4,42200,1,,,,,,,,,,,,
6010,2,2,1模式：的高级的,62510,9,424,660,2126254,37102,4,42200,1,42210,1,,,,,,,,,,
6011,2,2,2模式：的高级的,62511,9,424,660,2126255,37102,4,42200,1,42210,1,,,,,,,,,,
6012,2,2,1模式：一个难得的高手,62512,9,1220,876,2126256,37102,4,43000,1,42210,1,39100,2,,,,,,,,
6013,2,2,2模式：一个难得的高手,62513,9,1220,876,2126257,37102,4,43000,1,42210,1,39100,2,,,,,,,,
6014,2,2,模式：破旧铠甲,62514,14,276,1062,2126351,37103,4,,,,,,,,,,,,,,
6015,2,2,1模式：普通铠甲,62515,14,516,1170,2126352,37103,4,42201,1,,,,,,,,,,,,
6016,2,2,2模式：普通铠甲,62516,14,516,1170,2126353,37103,4,42201,1,,,,,,,,,,,,
6017,2,2,1模式：的高级的铠甲,62517,14,756,1590,2126354,37103,4,42201,1,42210,1,,,,,,,,,,
6018,2,2,2模式：的高级的铠甲,62518,14,756,1590,2126355,37103,4,42201,1,42210,1,,,,,,,,,,
6019,2,2,1模式：一种罕见的铠甲,62519,14,2825,2118,2126356,37103,5,43000,2,42210,1,39101,1,,,,,,,,
6020,2,2,2模式：一种罕见的铠甲,62520,14,2825,2118,2126357,37103,5,43000,2,42210,1,39101,1,,,,,,,,
6021,2,2,模式：破旧的,62521,19,368,1950,2126451,37104,4,,,,,,,,,,,,,,
6022,2,2,1模式：普通的,62522,19,688,2148,2126452,37104,4,42201,1,,,,,,,,,,,,
6023,2,2,2模式：普通的,62523,19,688,2148,2126453,37104,4,42201,1,,,,,,,,,,,,
6024,2,2,1模式：奢华的,62524,19,1008,2928,2126454,37104,4,42201,1,42210,1,,,,,,,,,,
6025,2,2,2模式：奢华的,62525,19,1008,2928,2126455,37104,4,42201,1,42210,1,,,,,,,,,,
6026,2,2,1模式：一种罕见的,62526,19,2327,3900,2126456,37104,5,43001,1,42210,2,39101,1,,,,,,,,
6027,2,2,2模式：一种罕见的,62527,19,2327,3900,2126457,37104,5,43001,1,42210,2,39101,1,,,,,,,,
6028,2,2,模式：破旧的,62528,24,460,3114,2126551,37105,4,,,,,,,,,,,,,,
6029,2,2,1模式：普通的,62529,24,960,3426,2126552,37105,4,42202,1,,,,,,,,,,,,
6030,2,2,2模式：普通的,62530,24,960,3426,2126553,37105,4,42202,1,,,,,,,,,,,,
6031,2,2,1模式：奢华的,62531,24,1460,4668,2126554,37105,5,42202,1,42210,2,,,,,,,,,,
6032,2,2,2模式：奢华的,62532,24,1460,4668,2126555,37105,5,42202,1,42210,2,,,,,,,,,,
6033,2,2,1模式：罕见的,62533,24,6200,6222,2126556,37105,5,43001,2,42210,3,39101,2,,,,,,,,
6034,2,2,2模式：罕见的,62534,24,6200,6222,2126557,37105,5,43001,2,42210,3,39101,2,,,,,,,,
6035,2,2,模式：重型装甲坚韧的寒酸,62535,30,552,4860,2126651,37106,4,,,,,,,,,,,,,,
6036,2,2,1模式：一般的刚毅,62536,30,1152,5346,2126652,37106,5,42202,1,,,,,,,,,,,,
6037,2,2,2模式：一般的刚毅,62537,30,1152,5346,2126653,37106,5,42202,1,,,,,,,,,,,,
6038,2,2,1模式：坚韧的高级的,62538,30,1752,7290,2126654,37106,5,42202,1,42210,3,,,,,,,,,,
6039,2,2,2模式：坚韧的高级的,62539,30,1752,7290,2126655,37106,5,42202,1,42210,3,,,,,,,,,,
6040,2,2,1模式：,62540,30,4740,9720,2126656,37106,5,43002,1,42210,4,39101,3,,,,,,,,
6041,2,2,2模式：,62541,30,4740,9720,2126657,37106,5,43002,1,42210,4,39101,3,,,,,,,,
6042,2,2,1模式：非凡的毅力,62542,30,8274,14580,2126658,37106,7,43015,2,42210,6,39101,4,,,,,,,,
6043,2,2,2模式：非凡的毅力,62543,30,8274,14580,2126659,37106,7,43015,2,42210,6,39101,4,,,,,,,,
6044,2,2,模式：谦虚耐性的,62544,35,644,6618,2126751,37107,4,,,,,,,,,,,,,,
6045,2,2,1模式：普通的耐性的,62545,35,1484,7278,2126752,37107,5,42203,1,,,,,,,,,,,,
6046,2,2,2模式：普通的耐性的,62546,35,1484,7278,2126753,37107,5,42203,1,,,,,,,,,,,,
6047,2,2,1模式：的高级的耐性的,62547,35,2324,9924,2126754,37107,5,42203,1,42210,4,,,,,,,,,,
6048,2,2,2模式：的高级的耐性的,62548,35,2324,9924,2126755,37107,5,42203,1,42210,4,,,,,,,,,,
6049,2,2,1模式：一种罕见的耐性的,62549,35,5333,13230,2126756,37107,5,43002,2,42210,5,39102,1,,,,,,,,
6050,2,2,2模式：一种罕见的耐性的,62550,35,5333,13230,2126757,37107,5,43002,2,42210,5,39102,1,,,,,,,,
6051,2,2,1模式：特殊耐性的,62551,35,9257,19848,2126758,37107,7,43016,2,42210,8,39102,1,,,,,,,,
6052,2,2,2模式：特殊耐性的,62552,35,9257,19848,2126759,37107,7,43016,2,42210,8,39102,1,,,,,,,,
6053,2,2,模式：破旧的保护,62553,40,736,8640,2126951,37108,4,,,,,,,,,,,,,,
6054,2,2,1模式：普通保护,62554,40,1696,9504,2126952,37108,5,42203,1,,,,,,,,,,,,
6055,2,2,2模式：普通保护,62555,40,1696,9504,2126953,37108,5,42203,1,,,,,,,,,,,,
6056,2,2,1模式：高级的保护,62556,40,2656,12960,2126954,37108,5,42203,1,42210,5,,,,,,,,,,
6057,2,2,2模式：高级的保护,62557,40,2656,12960,2126955,37108,5,42203,1,42210,5,,,,,,,,,,
6058,2,2,1模式：珍稀,62558,40,6094,17280,2126956,37108,5,43003,1,42210,7,39102,1,,,,,,,,
6059,2,2,2模式：珍稀,62559,40,6094,17280,2126957,37108,5,43003,1,42210,7,39102,1,,,,,,,,
6060,2,2,1模式：特殊保护的,62560,40,10580,25920,2126958,37108,7,43017,2,42210,11,39102,1,,,,,,,,
6061,2,2,2模式：特殊保护的,62561,40,10580,25920,2126959,37108,7,43017,2,42210,11,39102,1,,,,,,,,
6062,2,2,模式：破旧的保管,62562,45,828,10938,2127151,37109,4,,,,,,,,,,,,,,
6063,2,2,1模式：普通的牧民,62563,45,2088,12030,2127152,37109,5,42204,1,,,,,,,,,,,,
6064,2,2,2模式：普通的牧民,62564,45,2088,12030,2127153,37109,5,42204,1,,,,,,,,,,,,
6065,2,2,1模式：高级的守护的,62565,45,3348,16404,2127154,37109,5,42204,1,42210,7,,,,,,,,,,
6066,2,2,2模式：高级的饲养的,62566,45,3348,16404,2127155,37109,5,42204,1,42210,7,,,,,,,,,,
6067,2,2,1模式：一种罕见的纪念,62567,45,7666,21870,2127156,37109,5,43003,2,42210,9,39102,1,,,,,,,,
6068,2,2,2模式：一种罕见的纪念,62568,45,7666,21870,2127157,37109,5,43003,2,42210,9,39102,1,,,,,,,,
6069,2,2,1模式：特殊纪念,62569,45,13522,32808,2127158,37109,7,43018,2,42210,13,39102,2,,,,,,,,
6070,2,2,2模式：特殊纪念,62570,45,13522,32808,2127159,37109,7,43018,2,42210,13,39102,2,,,,,,,,
6071,2,2,模式：破旧的不朽,62571,50,920,13500,2127351,37110,4,,,,,,,,,,,,,,
6072,2,2,1模式：普通,62572,50,2320,14850,2127352,37110,5,42204,1,,,,,,,,,,,,
6073,2,2,2模式：普通,62573,50,2320,14850,2127353,37110,5,42204,1,,,,,,,,,,,,
6074,2,2,1模式：的高级的不朽,62574,50,3720,20250,2127354,37110,5,42204,1,42210,8,,,,,,,,,,
6075,2,2,2模式：的高级的不朽,62575,50,3720,20250,2127355,37110,5,42204,1,42210,8,,,,,,,,,,
6076,2,2,1模式：一种罕见的不朽,62576,50,8518,27000,2127356,37110,5,43004,1,42210,11,39102,1,,,,,,,,
6077,2,2,2模式：一种罕见的不朽,62577,50,8518,27000,2127357,37110,5,43004,1,42210,11,39102,1,,,,,,,,
6078,2,2,1模式：特殊不朽,62578,50,16208,40500,2127358,37110,7,43019,2,42210,17,39102,2,,,,,,,,
6079,2,2,2模式：特殊不朽,62579,50,16208,40500,2127359,37110,7,43019,2,42210,17,39102,2,,,,,,,,
6080,2,2,模式：破旧的不朽,62580,55,1012,16338,2127551,37111,4,,,,,,,,,,,,,,
6081,2,2,1模式：普通,62581,55,2772,17970,2127552,37111,5,42212,1,,,,,,,,,,,,
6082,2,2,2模式：普通,62582,55,2772,17970,2127553,37111,5,42212,1,,,,,,,,,,,,
6083,2,2,1模式：的高级的不朽,62583,55,4172,24504,2127554,37111,5,42212,1,42210,10,,,,,,,,,,
6084,2,2,2模式：的高级的不朽,62584,55,4172,24504,2127555,37111,5,42212,1,42210,10,,,,,,,,,,
6085,2,2,1模式：一种罕见的不朽,62585,55,10360,32670,2127556,37111,5,43004,2,42210,13,39103,1,,,,,,,,
6086,2,2,2模式：一种罕见的不朽,62586,55,10360,32670,2127557,37111,5,43004,2,42210,13,39103,1,,,,,,,,
6087,2,2,1模式：特殊不朽,62587,55,19808,49008,2127558,37111,7,43019,4,42210,20,39103,1,,,,,,,,
6088,2,2,2模式：特殊不朽,62588,55,19808,49008,2127559,37111,7,43019,4,42210,20,39103,1,,,,,,,,
6200,2,3,模式：不起眼的护腿铠甲手套,62600,1,92,108,2130151,37101,3,,,,,,,,,,,,,,
6201,2,3,1模式：护腿铠甲普通手套,62601,1,152,120,2130152,37101,3,42200,1,,,,,,,,,,,,
6202,2,3,2模式：护腿铠甲普通手套,62602,1,152,120,2130153,37101,3,42200,1,,,,,,,,,,,,
6203,2,3,1模式：高级的护腿铠甲手套,62603,6,212,162,2130154,37101,4,42200,1,42210,1,,,,,,,,,,
6204,2,3,2模式：高级的护腿铠甲手套,62604,6,212,162,2130155,37101,4,42200,1,42210,1,,,,,,,,,,
6205,2,3,1模式：护腿铠甲罕见的手套,62605,6,492,216,2130156,37101,4,43000,1,42210,1,39100,1,,,,,,,,
6206,2,3,2模式：护腿铠甲手套难得的实践者,62606,6,492,216,2130157,37101,4,43000,1,42210,1,39100,1,,,,,,,,
6207,2,3,模式：的护腿铠甲手套,62607,11,184,366,2130251,37102,3,,,,,,,,,,,,,,
6208,2,3,1模式：普通技能的护腿铠甲手套,62608,11,304,402,2130252,37102,3,42200,1,,,,,,,,,,,,
6209,2,3,2模式：普通技能的护腿铠甲手套,62609,11,304,402,2130253,37102,3,42200,1,,,,,,,,,,,,
6210,2,3,1模式：高级的的护腿铠甲手套,62610,11,424,546,2130254,37102,3,42200,1,42210,1,,,,,,,,,,
6211,2,3,2模式：高级的的护腿铠甲手套,62611,11,424,546,2130255,37102,3,42200,1,42210,1,,,,,,,,,,
6212,2,3,1模式：稀有技能的护腿铠甲手套,62612,11,1220,726,2130256,37102,4,43000,1,42210,1,39100,2,,,,,,,,
6213,2,3,2模式：稀有技能的护腿铠甲手套,62613,11,1220,726,2130257,37102,4,43000,1,42210,1,39100,2,,,,,,,,
6214,2,3,模式：一个不起眼的护腿铠甲铠甲手套,62614,16,276,768,2130351,37103,3,,,,,,,,,,,,,,
6215,2,3,1模式：普通的护腿铠甲铠甲手套,62615,16,516,846,2130352,37103,3,42201,1,,,,,,,,,,,,
6216,2,3,2模式：普通的护腿铠甲铠甲手套,62616,16,516,846,2130353,37103,3,42201,1,,,,,,,,,,,,
6217,2,3,1模式：护腿铠甲的高级的铠甲手套,62617,16,756,1152,2130354,37103,3,42201,1,42210,1,,,,,,,,,,
6218,2,3,2模式：护腿铠甲的高级的铠甲手套,62618,16,756,1152,2130355,37103,3,42201,1,42210,1,,,,,,,,,,
6219,2,3,1模式：护腿铠甲罕见铠甲手套,62619,16,2825,1536,2130356,37103,3,43000,2,42210,1,39101,1,,,,,,,,
6220,2,3,2模式：护腿铠甲罕见铠甲手套,62620,16,2825,1536,2130357,37103,3,43000,2,42210,1,39101,1,,,,,,,,
6221,2,3,模式：一个不起眼的护腿铠甲的手套,62621,21,368,1326,2130451,37104,3,,,,,,,,,,,,,,
6222,2,3,1模式：普通护腿铠甲的手套,62622,21,688,1458,2130452,37104,3,42201,1,,,,,,,,,,,,
6223,2,3,2模式：普通护腿铠甲的手套,62623,21,688,1458,2130453,37104,3,42201,1,,,,,,,,,,,,
6224,2,3,1模式：的护腿铠甲高级的手套,62624,21,1008,1986,2130454,37104,3,42201,1,42210,1,,,,,,,,,,
6225,2,3,2模式：高级的护腿铠甲手套,62625,21,1008,1986,2130455,37104,3,42201,1,42210,1,,,,,,,,,,
6226,2,3,1模式：护腿铠甲的手套一种罕见的,62626,21,2327,2646,2130456,37104,3,43001,1,42210,1,39101,1,,,,,,,,
6227,2,3,2模式：护腿铠甲的手套一种罕见的,62627,21,2327,2646,2130457,37104,3,43001,1,42210,1,39101,1,,,,,,,,
6228,2,3,模式：破旧的护腿铠甲手套,62628,26,460,2028,2130551,37105,3,,,,,,,,,,,,,,
6229,2,3,1模式：护腿铠甲手套平原坚韧,62629,26,960,2232,2130552,37105,3,42202,1,,,,,,,,,,,,
6230,2,3,2模式：纯护腿铠甲的手套,62630,26,960,2232,2130553,37105,3,42202,1,,,,,,,,,,,,
6231,2,3,1模式：高级的护腿铠甲手套,62631,26,1460,3042,2130554,37105,3,42202,1,42210,1,,,,,,,,,,
6232,2,3,2模式：高级的护腿铠甲手套,62632,26,1460,3042,2130555,37105,3,42202,1,42210,1,,,,,,,,,,
6233,2,3,1模式：护腿铠甲手套,62633,26,6200,4056,2130556,37105,3,43001,1,42210,2,39101,1,,,,,,,,
6234,2,3,2模式：护腿铠甲手套,62634,26,6200,4056,2130557,37105,3,43001,1,42210,2,39101,1,,,,,,,,
6235,2,3,模式：手套寒酸坚韧的护腿铠甲,62635,30,552,2700,2130651,37106,2,,,,,,,,,,,,,,
6236,2,3,1模式：普通坚韧的护腿铠甲手套,62636,30,1152,2970,2130652,37106,3,42202,1,,,,,,,,,,,,
6237,2,3,2模式：普通坚韧的护腿铠甲手套,62637,30,1152,2970,2130653,37106,3,42202,1,,,,,,,,,,,,
6238,2,3,1模式：高级的坚韧的护腿铠甲手套,62638,30,1752,4050,2130654,37106,3,42202,1,42210,2,,,,,,,,,,
6239,2,3,2模式：高级的坚韧的护腿铠甲手套,62639,30,1752,4050,2130655,37106,3,42202,1,42210,2,,,,,,,,,,
6240,2,3,1模式：护腿铠甲手套,62640,30,4740,5400,2130656,37106,3,43002,1,42210,2,39101,1,,,,,,,,
6241,2,3,2模式：护腿铠甲手套,62641,30,4740,5400,2130657,37106,3,43002,1,42210,2,39101,1,,,,,,,,
6242,2,3,1模式：特别坚韧的护腿铠甲手套,62642,30,8274,8100,2130658,37106,4,43015,1,42210,3,39101,2,,,,,,,,
6243,2,3,2模式：特别坚韧的护腿铠甲手套,62643,30,8274,8100,2130659,37106,4,43015,1,42210,3,39101,2,,,,,,,,
6244,2,3,模式：一个不起眼的护腿铠甲的毅力手套,62644,35,644,3678,2130751,37107,2,,,,,,,,,,,,,,
6245,2,3,1模式：普通的护腿铠甲的执着手套,62645,35,1484,4044,2130752,37107,3,42203,1,,,,,,,,,,,,
6246,2,3,2模式：普通的护腿铠甲的执着手套,62646,35,1484,4044,2130753,37107,3,42203,1,,,,,,,,,,,,
6247,2,3,1模式：护腿铠甲的高级的耐性的手套,62647,35,2324,5514,2130754,37107,3,42203,1,42210,2,,,,,,,,,,
6248,2,3,2模式：护腿铠甲的高级的耐性的手套,62648,35,2324,5514,2130755,37107,3,42203,1,42210,2,,,,,,,,,,
6249,2,3,1模式：护腿铠甲罕见的耐性的手套,62649,35,5333,7350,2130756,37107,3,43002,1,42210,3,39102,1,,,,,,,,
6250,2,3,2模式：护腿铠甲罕见的耐性的手套,62650,35,5333,7350,2130757,37107,3,43002,1,42210,3,39102,1,,,,,,,,
6251,2,3,1模式：特殊的护腿铠甲的执着手套,62651,35,9257,11028,2130758,37107,4,43016,1,42210,5,39102,1,,,,,,,,
6252,2,3,2模式：特殊的护腿铠甲的执着手套,62652,35,9257,11028,2130759,37107,4,43016,1,42210,5,39102,1,,,,,,,,
6253,2,3,模式：一个不起眼的护腿铠甲的保护手套,62653,40,736,4800,2130951,37108,2,,,,,,,,,,,,,,
6254,2,3,1模式：普通防护护手的护腿铠甲,62654,40,1696,5280,2130952,37108,3,42203,1,,,,,,,,,,,,
6255,2,3,2模式：普通防护护手的护腿铠甲,62655,40,1696,5280,2130953,37108,3,42203,1,,,,,,,,,,,,
6256,2,3,1模式：护腿铠甲的高级的保护手套,62656,40,2656,7200,2130954,37108,3,42203,1,42210,3,,,,,,,,,,
6257,2,3,2模式：护腿铠甲的高级的保护手套,62657,40,2656,7200,2130955,37108,3,42203,1,42210,3,,,,,,,,,,
6258,2,3,1模式：护腿铠甲罕见的手套保护,62658,40,6094,9600,2130956,37108,3,43003,1,42210,4,39102,1,,,,,,,,
6259,2,3,2模式：护腿铠甲罕见的手套保护,62659,40,6094,9600,2130957,37108,3,43003,1,42210,4,39102,1,,,,,,,,
6260,2,3,1模式：护腿铠甲特殊保护手套,62660,40,10580,14400,2130958,37108,4,43017,1,42210,6,39102,1,,,,,,,,
6261,2,3,2模式：护腿铠甲特殊保护手套,62661,40,10580,14400,2130959,37108,4,43017,1,42210,6,39102,1,,,,,,,,
6262,2,3,模式：一个不起眼的护腿铠甲手套,62662,45,828,6078,2131151,37109,2,,,,,,,,,,,,,,
6263,2,3,1模式：普通的护腿铠甲手套,62663,45,2088,6684,2131152,37109,3,42204,1,,,,,,,,,,,,
6264,2,3,2模式：普通的护腿铠甲手套,62664,45,2088,6684,2131153,37109,3,42204,1,,,,,,,,,,,,
6265,2,3,1模式：奢华的手套护腿铠甲,62665,45,3348,9114,2131154,37109,3,42204,1,42210,4,,,,,,,,,,
6266,2,3,2模式：奢华的手套护腿铠甲,62666,45,3348,9114,2131155,37109,3,42204,1,42210,4,,,,,,,,,,
6267,2,3,1模式：护腿铠甲手套罕见,62667,45,7666,12150,2131156,37109,3,43003,1,42210,5,39102,1,,,,,,,,
6268,2,3,2模式：护腿铠甲手套罕见,62668,45,7666,12150,2131157,37109,3,43003,1,42210,5,39102,1,,,,,,,,
6269,2,3,1模式：护腿铠甲专用遵守手套,62669,45,13522,18228,2131158,37109,4,43018,1,42210,7,39102,1,,,,,,,,
6270,2,3,2模式：护腿铠甲专用遵守手套,62670,45,13522,18228,2131159,37109,4,43018,1,42210,7,39102,1,,,,,,,,
6271,2,3,模式：破旧的不朽的护腿铠甲手套,62671,50,920,7500,2131351,37110,2,,,,,,,,,,,,,,
6272,2,3,1模式：普通护腿铠甲手套,62672,50,2320,8250,2131352,37110,3,42204,1,,,,,,,,,,,,
6273,2,3,2模式：普通护腿铠甲1手套,62673,50,2320,8250,2131353,37110,3,42204,1,,,,,,,,,,,,
6274,2,3,1模式：高级的不朽的护腿铠甲手套,62674,50,3720,11250,2131354,37110,3,42204,1,42210,5,,,,,,,,,,
6275,2,3,2模式：高级的不朽的护腿铠甲手套,62675,50,3720,11250,2131355,37110,3,42204,1,42210,5,,,,,,,,,,
6276,2,3,1模式：罕见的不朽的护腿铠甲手套,62676,50,8518,15000,2131356,37110,3,43004,1,42210,6,39102,1,,,,,,,,
6277,2,3,2模式：罕见的护腿铠甲手套,62677,50,8518,15000,2131357,37110,3,43004,1,42210,6,39102,1,,,,,,,,
6278,2,3,1模式：特殊不朽的护腿铠甲手套,62678,50,16208,22500,2131358,37110,4,43019,1,42210,9,39102,1,,,,,,,,
6279,2,3,2模式：特殊不朽的护腿铠甲手套,62679,50,16208,22500,2131359,37110,4,43019,1,42210,9,39102,1,,,,,,,,
6280,2,3,模式：破旧的不朽的护腿铠甲手套,62680,55,1012,9078,2131551,37111,2,,,,,,,,,,,,,,
6281,2,3,1模式：普通护腿铠甲手套,62681,55,2772,9984,2131552,37111,3,42212,1,,,,,,,,,,,,
6282,2,3,2模式：普通护腿铠甲手套,62682,55,2772,9984,2131553,37111,3,42212,1,,,,,,,,,,,,
6283,2,3,1模式：高级的不朽的护腿铠甲手套,62683,55,4172,13614,2131554,37111,3,42212,1,42210,6,,,,,,,,,,
6284,2,3,2模式：高级的不朽的护腿铠甲手套,62684,55,4172,13614,2131555,37111,3,42212,1,42210,6,,,,,,,,,,
6285,2,3,1模式：罕见的不朽的护腿铠甲手套,62685,55,10360,18150,2131556,37111,3,43004,2,42210,7,39103,1,,,,,,,,
6286,2,3,2模式：罕见的护腿铠甲手套,62686,55,10360,18150,2131557,37111,3,43004,2,42210,7,39103,1,,,,,,,,
6287,2,3,1模式：特殊不朽的护腿铠甲手套,62687,55,19808,27228,2131558,37111,4,43019,4,42210,11,39103,1,,,,,,,,
6288,2,3,2模式：特殊不朽的护腿铠甲手套,62688,55,19808,27228,2131559,37111,4,43019,4,42210,11,39103,1,,,,,,,,
6400,2,3,模式：手套寒碜格里夫斯,62700,1,92,108,2133151,37101,3,,,,,,,,,,,,,,
6401,2,3,1模式：普通铠甲手套,62701,1,152,120,2133152,37101,3,42200,1,,,,,,,,,,,,
6402,2,3,2模式：普通铠甲手套,62702,1,152,120,2133153,37101,3,42200,1,,,,,,,,,,,,
6403,2,3,1模式：格里夫斯高级的手套,62703,6,212,162,2133154,37101,4,42200,1,42210,1,,,,,,,,,,
6404,2,3,2模式：格里夫斯高级的手套,62704,6,212,162,2133155,37101,4,42200,1,42210,1,,,,,,,,,,
6405,2,3,1模式：格里夫斯手套罕见的,62705,6,492,216,2133156,37101,4,43000,1,42210,1,39100,1,,,,,,,,
6406,2,3,2模式：格里夫斯手套罕见的,62706,6,492,216,2133157,37101,4,43000,1,42210,1,39100,1,,,,,,,,
6407,2,3,模式：破旧的铠甲手套,62707,11,184,366,2133251,37102,3,,,,,,,,,,,,,,
6408,2,3,1模式：普通技能的手套,62708,11,304,402,2133252,37102,3,42200,1,,,,,,,,,,,,
6409,2,3,2模式：普通技能的手套,62709,11,304,402,2133253,37102,3,42200,1,,,,,,,,,,,,
6410,2,3,1模式：高级的的手套,62710,11,424,546,2133254,37102,3,42200,1,42210,1,,,,,,,,,,
6411,2,3,2模式：高级的的手套,62711,11,424,546,2133255,37102,3,42200,1,42210,1,,,,,,,,,,
6412,2,3,1模式：稀有技能的手套,62712,11,1220,726,2133256,37102,4,43000,1,42210,1,39100,2,,,,,,,,
6413,2,3,2模式：稀有技能的手套,62713,11,1220,726,2133257,37102,4,43000,1,42210,1,39100,2,,,,,,,,
6414,2,3,模式：破旧的手套,62714,16,276,768,2133351,37103,3,,,,,,,,,,,,,,
6415,2,3,1模式：普通手套,62715,16,516,846,2133352,37103,3,42201,1,,,,,,,,,,,,
6416,2,3,2模式：普通手套,62716,16,516,846,2133353,37103,3,42201,1,,,,,,,,,,,,
6417,2,3,1模式：格里夫斯高级的手套铠甲,62717,16,756,1152,2133354,37103,3,42201,1,42210,1,,,,,,,,,,
6418,2,3,2模式：格里夫斯高级的手套铠甲,62718,16,756,1152,2133355,37103,3,42201,1,42210,1,,,,,,,,,,
6419,2,3,1模式：格里夫斯手套罕见铠甲,62719,16,2825,1536,2133356,37103,3,43000,2,42210,1,39101,1,,,,,,,,
6420,2,3,2模式：格里夫斯手套罕见铠甲,62720,16,2825,1536,2133357,37103,3,43000,2,42210,1,39101,1,,,,,,,,
6421,2,3,模式：破旧的手套格里夫斯,62721,21,368,1326,2133451,37104,3,,,,,,,,,,,,,,
6422,2,3,1模式：普通手套格里夫斯,62722,21,688,1458,2133452,37104,3,42201,1,,,,,,,,,,,,
6423,2,3,2模式：普通手套格里夫斯,62723,21,688,1458,2133453,37104,3,42201,1,,,,,,,,,,,,
6424,2,3,1模式：格里夫斯高级的手套,62724,21,1008,1986,2133454,37104,3,42201,1,42210,1,,,,,,,,,,
6425,2,3,2模式：格里夫斯高级的手套,62725,21,1008,1986,2133455,37104,3,42201,1,42210,1,,,,,,,,,,
6426,2,3,1模式：一种罕见的手套,62726,21,2327,2646,2133456,37104,3,43001,1,42210,1,39101,1,,,,,,,,
6427,2,3,2模式：一种罕见的手套,62727,21,2327,2646,2133457,37104,3,43001,1,42210,1,39101,1,,,,,,,,
6428,2,3,模式：格里夫斯破旧的手套,62728,26,460,2028,2133551,37105,3,,,,,,,,,,,,,,
6429,2,3,1模式：普通手套格里夫斯,62729,26,960,2232,2133552,37105,3,42202,1,,,,,,,,,,,,
6430,2,3,2模式：普通手套格里夫斯,62730,26,960,2232,2133553,37105,3,42202,1,,,,,,,,,,,,
6431,2,3,1模式：高级的手套,62731,26,1460,3042,2133554,37105,3,42202,1,42210,1,,,,,,,,,,
6432,2,3,2模式：高级的手套,62732,26,1460,3042,2133555,37105,3,42202,1,42210,1,,,,,,,,,,
6433,2,3,1模式：罕见手套,62733,26,6200,4056,2133556,37105,3,43001,1,42210,2,39101,1,,,,,,,,
6434,2,3,2模式：罕见手套,62734,26,6200,4056,2133557,37105,3,43001,1,42210,2,39101,1,,,,,,,,
6435,2,3,模式：格里夫斯坚韧的破旧手套,62735,30,552,2700,2133651,37106,2,,,,,,,,,,,,,,
6436,2,3,1模式：普通刚毅手套,62736,30,1152,2970,2133652,37106,3,42202,1,,,,,,,,,,,,
6437,2,3,2模式：普通刚毅手套,62737,30,1152,2970,2133653,37106,3,42202,1,,,,,,,,,,,,
6438,2,3,1模式：高级的坚韧的铠甲手套,62738,30,1752,4050,2133654,37106,3,42202,1,42210,2,,,,,,,,,,
6439,2,3,2模式：高级的坚韧的铠甲手套,62739,30,1752,4050,2133655,37106,3,42202,1,42210,2,,,,,,,,,,
6440,2,3,1模式：罕见的刚毅手套,62740,30,4740,5400,2133656,37106,3,43002,1,42210,2,39101,1,,,,,,,,
6441,2,3,2模式：罕见的刚毅手套,62741,30,4740,5400,2133657,37106,3,43002,1,42210,2,39101,1,,,,,,,,
6442,2,3,1模式：格里夫斯特别坚韧的手套,62742,30,8274,8100,2133658,37106,4,43015,1,42210,3,39101,2,,,,,,,,
6443,2,3,2模式：特别坚韧的铠甲手套,62743,30,8274,8100,2133659,37106,4,43015,1,42210,3,39101,2,,,,,,,,
6444,2,3,模式：不起眼的耐性的铠甲手套,62744,35,644,3678,2133751,37107,2,,,,,,,,,,,,,,
6445,2,3,1模式：普通手套耐性的格里夫斯,62745,35,1484,4044,2133752,37107,3,42203,1,,,,,,,,,,,,
6446,2,3,2模式：普通手套耐性的格里夫斯,62746,35,1484,4044,2133753,37107,3,42203,1,,,,,,,,,,,,
6447,2,3,1模式：格里夫斯高级的手套耐性的,62747,35,2324,5514,2133754,37107,3,42203,1,42210,2,,,,,,,,,,
6448,2,3,2模式：格里夫斯高级的手套耐性的,62748,35,2324,5514,2133755,37107,3,42203,1,42210,2,,,,,,,,,,
6449,2,3,1模式：格里夫斯手套罕见的耐性的,62749,35,5333,7350,2133756,37107,3,43002,1,42210,3,39102,1,,,,,,,,
6450,2,3,2模式：格里夫斯手套罕见的耐性的,62750,35,5333,7350,2133757,37107,3,43002,1,42210,3,39102,1,,,,,,,,
6451,2,3,1模式：专用手套耐性的格里夫斯,62751,35,9257,11028,2133758,37107,4,43016,1,42210,5,39102,1,,,,,,,,
6452,2,3,2模式：特殊的手套耐性的格里夫斯,62752,35,9257,11028,2133759,37107,4,43016,1,42210,5,39102,1,,,,,,,,
6453,2,3,模式：破旧的防护手套,62753,40,736,4800,2133951,37108,2,,,,,,,,,,,,,,
6454,2,3,1模式：普通防护手套的,62754,40,1696,5280,2133952,37108,3,42203,1,,,,,,,,,,,,
6455,2,3,2模式：普通防护手套的,62755,40,1696,5280,2133953,37108,3,42203,1,,,,,,,,,,,,
6456,2,3,1模式：格里夫斯高级的手套保护,62756,40,2656,7200,2133954,37108,3,42203,1,42210,3,,,,,,,,,,
6457,2,3,2模式：格里夫斯高级的手套保护,62757,40,2656,7200,2133955,37108,3,42203,1,42210,3,,,,,,,,,,
6458,2,3,1模式：罕见的装甲防护格里夫斯,62758,40,6094,9600,2133956,37108,3,43003,1,42210,4,39102,1,,,,,,,,
6459,2,3,2模式：罕见的装甲防护格里夫斯,62759,40,6094,9600,2133957,37108,3,43003,1,42210,4,39102,1,,,,,,,,
6460,2,3,1模式：特殊的手套,62760,40,10580,14400,2133958,37108,4,43017,1,42210,6,39102,1,,,,,,,,
6461,2,3,2模式：特殊的手套,62761,40,10580,14400,2133959,37108,4,43017,1,42210,6,39102,1,,,,,,,,
6462,2,3,模式：寒碜手套,62762,45,828,6078,2134151,37109,2,,,,,,,,,,,,,,
6463,2,3,1模式：普通饲养手套,62763,45,2088,6684,2134152,37109,3,42204,1,,,,,,,,,,,,
6464,2,3,2模式：普通饲养手套,62764,45,2088,6684,2134153,37109,3,42204,1,,,,,,,,,,,,
6465,2,3,1模式：高级的手套,62765,45,3348,9114,2134154,37109,3,42204,1,42210,4,,,,,,,,,,
6466,2,3,2模式：高级的手套,62766,45,3348,9114,2134155,37109,3,42204,1,42210,4,,,,,,,,,,
6467,2,3,1模式：罕见的守护手套,62767,45,7666,12150,2134156,37109,3,43003,1,42210,5,39102,1,,,,,,,,
6468,2,3,2模式：罕见的守护手套,62768,45,7666,12150,2134157,37109,3,43003,1,42210,5,39102,1,,,,,,,,
6469,2,3,1模式：特殊的纪念铠甲手套,62769,45,13522,18228,2134158,37109,4,43018,1,42210,7,39102,1,,,,,,,,
6470,2,3,2模式：特殊的纪念铠甲手套,62770,45,13522,18228,2134159,37109,4,43018,1,42210,7,39102,1,,,,,,,,
6471,2,3,模式：破旧的不朽铠甲手套,62771,50,920,7500,2134351,37110,2,,,,,,,,,,,,,,
6472,2,3,1模式：普通铠甲手套,62772,50,2320,8250,2134352,37110,3,42204,1,,,,,,,,,,,,
6473,2,3,2模式：普通铠甲手套,62773,50,2320,8250,2134353,37110,3,42204,1,,,,,,,,,,,,
6474,2,3,1模式：格里夫斯高级的手套不朽,62774,50,3720,11250,2134354,37110,3,42204,1,42210,5,,,,,,,,,,
6475,2,3,2模式：高级的不朽铠甲手套,62775,50,3720,11250,2134355,37110,3,42204,1,42210,5,,,,,,,,,,
6476,2,3,1模式：格里夫斯手套罕见的不朽,62776,50,8518,15000,2134356,37110,3,43004,1,42210,6,39102,1,,,,,,,,
6477,2,3,2模式：格里夫斯手套罕见的不朽,62777,50,8518,15000,2134357,37110,3,43004,1,42210,6,39102,1,,,,,,,,
6478,2,3,1模式：特殊的手套不朽,62778,50,16208,22500,2134358,37110,4,43019,1,42210,9,39102,1,,,,,,,,
6479,2,3,2模式：特殊的手套不朽,62779,50,16208,22500,2134359,37110,4,43019,1,42210,9,39102,1,,,,,,,,
6480,2,3,模式：破旧的不朽铠甲手套,62780,55,1012,9078,2134551,37111,2,,,,,,,,,,,,,,
6481,2,3,1模式：普通铠甲手套,62781,55,2772,9984,2134552,37111,3,42212,1,,,,,,,,,,,,
6482,2,3,2模式：普通铠甲手套,62782,55,2772,9984,2134553,37111,3,42212,1,,,,,,,,,,,,
6483,2,3,1模式：格里夫斯高级的手套不朽,62783,55,4172,13614,2134554,37111,3,42212,1,42210,6,,,,,,,,,,
6484,2,3,2模式：高级的不朽铠甲手套,62784,55,4172,13614,2134555,37111,3,42212,1,42210,6,,,,,,,,,,
6485,2,3,1模式：格里夫斯手套罕见的不朽,62785,55,10360,18150,2134556,37111,3,43004,2,42210,7,39103,1,,,,,,,,
6486,2,3,2模式：格里夫斯手套罕见的不朽,62786,55,10360,18150,2134557,37111,3,43004,2,42210,7,39103,1,,,,,,,,
6487,2,3,1模式：特殊的手套不朽,62787,55,19808,27228,2134558,37111,4,43019,4,42210,11,39103,1,,,,,,,,
6488,2,3,2模式：特殊的手套不朽,62788,55,19808,27228,2134559,37111,4,43019,4,42210,11,39103,1,,,,,,,,
6600,2,3,模式：重型破旧的手套,62800,1,92,108,2136151,37101,3,,,,,,,,,,,,,,
6601,2,3,1模式：普通的铠甲,62801,1,152,120,2136152,37101,3,42200,1,,,,,,,,,,,,
6602,2,3,2模式：普通的铠甲,62802,1,152,120,2136153,37101,3,42200,1,,,,,,,,,,,,
6603,2,3,1模式：高级的重型装甲,62803,6,212,162,2136154,37101,4,42200,1,42210,1,,,,,,,,,,
6604,2,3,2模式：高级的重型装甲,62804,6,212,162,2136155,37101,4,42200,1,42210,1,,,,,,,,,,
6605,2,3,1模式：罕见的,62805,6,492,216,2136156,37101,4,43000,1,42210,1,39100,1,,,,,,,,
6606,2,3,2模式：罕见的,62806,6,492,216,2136157,37101,4,43000,1,42210,1,39100,1,,,,,,,,
6607,2,3,模式：重型手套寒碜技能,62807,11,184,366,2136251,37102,3,,,,,,,,,,,,,,
6608,2,3,1模式：普通技能的,62808,11,304,402,2136252,37102,3,42200,1,,,,,,,,,,,,
6609,2,3,2模式：普通技能的,62809,11,304,402,2136253,37102,3,42200,1,,,,,,,,,,,,
6610,2,3,1模式：高级的的,62810,11,424,546,2136254,37102,3,42200,1,42210,1,,,,,,,,,,
6611,2,3,2模式：高级的的,62811,11,424,546,2136255,37102,3,42200,1,42210,1,,,,,,,,,,
6612,2,3,1模式：一种罕见的的,62812,11,1220,726,2136256,37102,4,43000,1,42210,1,39100,2,,,,,,,,
6613,2,3,2模式：一种罕见的的,62813,11,1220,726,2136257,37102,4,43000,1,42210,1,39100,2,,,,,,,,
6614,2,3,模式：重型手套寒酸铠甲,62814,16,276,768,2136351,37103,3,,,,,,,,,,,,,,
6615,2,3,1模式：普通铠甲,62815,16,516,846,2136352,37103,3,42201,1,,,,,,,,,,,,
6616,2,3,2模式：普通铠甲,62816,16,516,846,2136353,37103,3,42201,1,,,,,,,,,,,,
6617,2,3,1模式：高级的铠甲的,62817,16,756,1152,2136354,37103,3,42201,1,42210,1,,,,,,,,,,
6618,2,3,2模式：高级的铠甲的,62818,16,756,1152,2136355,37103,3,42201,1,42210,1,,,,,,,,,,
6619,2,3,1模式：罕见铠甲的,62819,16,2825,1536,2136356,37103,3,43000,2,42210,1,39101,1,,,,,,,,
6620,2,3,2模式：罕见铠甲的,62820,16,2825,1536,2136357,37103,3,43000,2,42210,1,39101,1,,,,,,,,
6621,2,3,模式：重型手套破旧的,62821,21,368,1326,2136451,37104,3,,,,,,,,,,,,,,
6622,2,3,1模式：普通铠甲,62822,21,688,1458,2136452,37104,3,42201,1,,,,,,,,,,,,
6623,2,3,2模式：普通铠甲,62823,21,688,1458,2136453,37104,3,42201,1,,,,,,,,,,,,
6624,2,3,1模式：重型装甲高级,62824,21,1008,1986,2136454,37104,3,42201,1,42210,1,,,,,,,,,,
6625,2,3,2模式：重型装甲高级,62825,21,1008,1986,2136455,37104,3,42201,1,42210,1,,,,,,,,,,
6626,2,3,1模式：一种罕见的中性装甲,62826,21,2327,2646,2136456,37104,3,43001,1,42210,1,39101,1,,,,,,,,
6627,2,3,2模式：一种罕见的中性装甲,62827,21,2327,2646,2136457,37104,3,43001,1,42210,1,39101,1,,,,,,,,
6628,2,3,3模式：一种罕见的中性装甲,62828,26,460,2028,2136551,37105,3,,,,,,,,,,,,,,
6629,2,3,4模式：一种罕见的中性装甲,62829,26,960,2232,2136552,37105,3,42202,1,,,,,,,,,,,,
6630,2,3,5模式：一种罕见的中性装甲,62830,26,960,2232,2136553,37105,3,42202,1,,,,,,,,,,,,
6631,2,3,1模式：高级的厚手套,62831,26,1460,3042,2136554,37105,3,42202,1,42210,1,,,,,,,,,,
6632,2,3,2模式：高级的厚手套,62832,26,1460,3042,2136555,37105,3,42202,1,42210,1,,,,,,,,,,
6633,2,3,1模式：手套的重稀土坚韧,62833,26,6200,4056,2136556,37105,3,43001,1,42210,2,39101,1,,,,,,,,
6634,2,3,2模式：手套的重稀土坚韧,62834,26,6200,4056,2136557,37105,3,43001,1,42210,2,39101,1,,,,,,,,
6635,2,3,模式：重型坚韧的破旧手套,62835,30,552,2700,2136651,37106,2,,,,,,,,,,,,,,
6636,2,3,1模式：普通坚不可摧的厚手套,62836,30,1152,2970,2136652,37106,3,42202,1,,,,,,,,,,,,
6637,2,3,2模式：普通坚韧的厚手套,62837,30,1152,2970,2136653,37106,3,42202,1,,,,,,,,,,,,
6638,2,3,1模式：高级的坚韧的厚手套,62838,30,1752,4050,2136654,37106,3,42202,1,42210,2,,,,,,,,,,
6639,2,3,2模式：高级的坚韧的厚手套,62839,30,1752,4050,2136655,37106,3,42202,1,42210,2,,,,,,,,,,
6640,2,3,3模式：高级的坚韧的厚手套,62840,30,4740,5400,2136656,37106,3,43002,1,42210,2,39101,1,,,,,,,,
6641,2,3,4模式：高级的坚韧的厚手套,62841,30,4740,5400,2136657,37106,3,43002,1,42210,2,39101,1,,,,,,,,
6642,2,3,1模式：特别坚韧的厚手套,62842,30,8274,8100,2136658,37106,4,43015,1,42210,3,39101,2,,,,,,,,
6643,2,3,2模式：特别坚韧的厚手套,62843,30,8274,8100,2136659,37106,4,43015,1,42210,3,39101,2,,,,,,,,
6644,2,3,模式：耐性好的手套,62844,35,644,3678,2136751,37107,2,,,,,,,,,,,,,,
6645,2,3,1模式：普通耐性的手套,62845,35,1484,4044,2136752,37107,3,42203,1,,,,,,,,,,,,
6646,2,3,2模式：普通耐性的手套,62846,35,1484,4044,2136753,37107,3,42203,1,,,,,,,,,,,,
6647,2,3,1模式：高级的耐性好的手套,62847,35,2324,5514,2136754,37107,3,42203,1,42210,2,,,,,,,,,,
6648,2,3,2模式：高级的耐性好的手套,62848,35,2324,5514,2136755,37107,3,42203,1,42210,2,,,,,,,,,,
6649,2,3,1模式：罕见的耐性的手套,62849,35,5333,7350,2136756,37107,3,43002,1,42210,3,39102,1,,,,,,,,
6650,2,3,2模式：罕见的耐性的手套,62850,35,5333,7350,2136757,37107,3,43002,1,42210,3,39102,1,,,,,,,,
6651,2,3,1模式：特殊耐性的手套,62851,35,9257,11028,2136758,37107,4,43016,1,42210,5,39102,1,,,,,,,,
6652,2,3,2模式：特殊的耐性的手套,62852,35,9257,11028,2136759,37107,4,43016,1,42210,5,39102,1,,,,,,,,
6653,2,3,模式：重型防护手套寒酸,62853,40,736,4800,2136951,37108,2,,,,,,,,,,,,,,
6654,2,3,1模式：普通重型装甲防护,62854,40,1696,5280,2136952,37108,3,42203,1,,,,,,,,,,,,
6655,2,3,2模式：普通重型装甲防护,62855,40,1696,5280,2136953,37108,3,42203,1,,,,,,,,,,,,
6656,2,3,1模式：重手套保护的高级的,62856,40,2656,7200,2136954,37108,3,42203,1,42210,3,,,,,,,,,,
6657,2,3,2模式：重手套保护的高级的,62857,40,2656,7200,2136955,37108,3,42203,1,42210,3,,,,,,,,,,
6658,2,3,1模式：罕见的重型装甲防护,62858,40,6094,9600,2136956,37108,3,43003,1,42210,4,39102,1,,,,,,,,
6659,2,3,2模式：罕见的重型装甲防护,62859,40,6094,9600,2136957,37108,3,43003,1,42210,4,39102,1,,,,,,,,
6660,2,3,1模式：特殊保护的,62860,40,10580,14400,2136958,37108,4,43017,1,42210,6,39102,1,,,,,,,,
6661,2,3,2模式：特殊保护的,62861,40,10580,14400,2136959,37108,4,43017,1,42210,6,39102,1,,,,,,,,
6662,2,3,模式：重型手套寒酸守护,62862,45,828,6078,2137151,37109,2,,,,,,,,,,,,,,
6663,2,3,1模式：普通牧民,62863,45,2088,6684,2137152,37109,3,42204,1,,,,,,,,,,,,
6664,2,3,2模式：普通牧民,62864,45,2088,6684,2137153,37109,3,42204,1,,,,,,,,,,,,
6665,2,3,1模式：高级的守护手套,62865,45,3348,9114,2137154,37109,3,42204,1,42210,4,,,,,,,,,,
6666,2,3,2模式：高级的守护手套,62866,45,3348,9114,2137155,37109,3,42204,1,42210,4,,,,,,,,,,
6667,2,3,1模式：罕见的手套,62867,45,7666,12150,2137156,37109,3,43003,1,42210,5,39102,1,,,,,,,,
6668,2,3,2模式：罕见的手套,62868,45,7666,12150,2137157,37109,3,43003,1,42210,5,39102,1,,,,,,,,
6669,2,3,1模式：特殊的纪念手套,62869,45,13522,18228,2137158,37109,4,43018,1,42210,7,39102,1,,,,,,,,
6670,2,3,2模式：特殊的纪念手套,62870,45,13522,18228,2137159,37109,4,43018,1,42210,7,39102,1,,,,,,,,
6671,2,3,模式：不朽破旧的厚手套,62871,50,920,7500,2137351,37110,2,,,,,,,,,,,,,,
6672,2,3,1模式：普通的手套,62872,50,2320,8250,2137352,37110,3,42204,1,,,,,,,,,,,,
6673,2,3,2模式：普通的手套,62873,50,2320,8250,2137353,37110,3,42204,1,,,,,,,,,,,,
6674,2,3,1模式：高级的不朽的手套,62874,50,3720,11250,2137354,37110,3,42204,1,42210,5,,,,,,,,,,
6675,2,3,2模式：高级的不朽的手套,62875,50,3720,11250,2137355,37110,3,42204,1,42210,5,,,,,,,,,,
6676,2,3,1模式：罕见的不朽的手套,62876,50,8518,15000,2137356,37110,3,43004,1,42210,6,39102,1,,,,,,,,
6677,2,3,2模式：罕见的不朽的手套,62877,50,8518,15000,2137357,37110,3,43004,1,42210,6,39102,1,,,,,,,,
6678,2,3,1模式：特殊的不朽厚手套,62878,50,16208,22500,2137358,37110,4,43019,1,42210,9,39102,1,,,,,,,,
6679,2,3,2模式：特殊的不朽厚手套,62879,50,16208,22500,2137359,37110,4,43019,1,42210,9,39102,1,,,,,,,,
6680,2,3,模式：不朽破旧的厚手套,62880,55,1012,9078,2137551,37111,2,,,,,,,,,,,,,,
6681,2,3,1模式：普通的,62881,55,2772,9984,2137552,37111,3,42212,1,,,,,,,,,,,,
6682,2,3,2模式：普通的,62882,55,2772,9984,2137553,37111,3,42212,1,,,,,,,,,,,,
6683,2,3,1模式：高级的不朽的铠甲,62883,55,4172,13614,2137554,37111,3,42212,1,42210,6,,,,,,,,,,
6684,2,3,2模式：高级的不朽的铠甲,62884,55,4172,13614,2137555,37111,3,42212,1,42210,6,,,,,,,,,,
6685,2,3,1模式：罕见的不朽的手套,62885,55,10360,18150,2137556,37111,3,43004,2,42210,7,39103,1,,,,,,,,
6686,2,3,2模式：罕见的不朽的手套,62886,55,10360,18150,2137557,37111,3,43004,2,42210,7,39103,1,,,,,,,,
6687,2,3,1模式：特殊的不朽厚手套,62887,55,19808,27228,2137558,37111,4,43019,4,42210,11,39103,1,,,,,,,,
6688,2,3,2模式：特殊的不朽厚手套,62888,55,19808,27228,2137559,37111,4,43019,4,42210,11,39103,1,,,,,,,,
6800,2,4,模式：不起眼的护腿铠甲,62900,1,92,120,2140151,37101,4,,,,,,,,,,,,,,
6801,2,4,1模式：普通护腿护腿铠甲,62901,1,152,132,2140152,37101,4,42200,1,,,,,,,,,,,,
6802,2,4,2模式：普通护腿护腿铠甲,62902,1,152,132,2140153,37101,4,42200,1,,,,,,,,,,,,
6803,2,4,1模式：高级的巴德护腿,62903,5,212,180,2140154,37101,4,42200,1,42210,1,,,,,,,,,,
6804,2,4,2模式：高级的巴德护腿,62904,5,212,180,2140155,37101,4,42200,1,42210,1,,,,,,,,,,
6805,2,4,1模式：护腿铠甲罕见护腿,62905,5,492,240,2140156,37101,4,43000,1,42210,1,39100,1,,,,,,,,
6806,2,4,2模式：护腿铠甲罕见护腿,62906,5,492,240,2140157,37101,4,43000,1,42210,1,39100,1,,,,,,,,
6807,2,4,模式：护破旧的护腿铠甲的护腿铠甲,62907,10,184,480,2140251,37102,4,,,,,,,,,,,,,,
6808,2,4,1模式：普通技能的护腿铠甲,62908,10,304,528,2140252,37102,4,42200,1,,,,,,,,,,,,
6809,2,4,2模式：普通技能的护腿铠甲,62909,10,304,528,2140253,37102,4,42200,1,,,,,,,,,,,,
6810,2,4,1模式：高级的的护腿铠甲的护腿,62910,10,424,720,2140254,37102,4,42200,1,42210,1,,,,,,,,,,
6811,2,4,2模式：高级的的护腿铠甲,62911,10,424,720,2140255,37102,4,42200,1,42210,1,,,,,,,,,,
6812,2,4,1模式：稀有技能的护腿铠甲,62912,10,1220,960,2140256,37102,5,43000,1,42210,1,39100,2,,,,,,,,
6813,2,4,2模式：稀有技能的护腿铠甲,62913,10,1220,960,2140257,37102,5,43000,1,42210,1,39100,2,,,,,,,,
6814,2,4,模式：护腿不起眼的护腿铠甲铠甲,62914,15,276,1080,2140351,37103,4,,,,,,,,,,,,,,
6815,2,4,1模式：普通护腿铠甲铠甲,62915,15,516,1188,2140352,37103,4,42201,1,,,,,,,,,,,,
6816,2,4,2模式：普通护腿铠甲铠甲,62916,15,516,1188,2140353,37103,4,42201,1,,,,,,,,,,,,
6817,2,4,1模式：不起眼的铠甲,62917,15,756,1620,2140354,37103,4,42201,1,42210,1,,,,,,,,,,
6818,2,4,2模式：不起眼的铠甲,62918,15,756,1620,2140355,37103,4,42201,1,42210,1,,,,,,,,,,
6819,2,4,3模式：不起眼的铠甲,62919,15,2825,2160,2140356,37103,5,43000,2,42210,1,39101,1,,,,,,,,
6820,2,4,4模式：不起眼的铠甲,62920,15,2825,2160,2140357,37103,5,43000,2,42210,1,39101,1,,,,,,,,
6821,2,4,5模式：不起眼的铠甲,62921,20,368,1920,2140451,37104,4,,,,,,,,,,,,,,
6822,2,4,1模式：普通护腿铠甲,62922,20,688,2112,2140452,37104,4,42201,1,,,,,,,,,,,,
6823,2,4,2模式：普通护腿铠甲,62923,20,688,2112,2140453,37104,4,42201,1,,,,,,,,,,,,
6824,2,4,1模式：高级的护腿,62924,20,1008,2880,2140454,37104,4,42201,1,42210,1,,,,,,,,,,
6825,2,4,2模式：高级的护腿,62925,20,1008,2880,2140455,37104,4,42201,1,42210,1,,,,,,,,,,
6826,2,4,1模式：罕见的护腿铠甲,62926,20,2327,3840,2140456,37104,5,43001,1,42210,2,39101,1,,,,,,,,
6827,2,4,2模式：罕见的护腿铠甲,62927,20,2327,3840,2140457,37104,5,43001,1,42210,2,39101,1,,,,,,,,
6828,2,4,模式：破旧的护腿铠甲,62928,25,460,3000,2140551,37105,4,,,,,,,,,,,,,,
6829,2,4,1模式：坚韧的护腿铠甲,62929,25,960,3300,2140552,37105,4,42202,1,,,,,,,,,,,,
6830,2,4,2模式：坚韧的护腿铠甲,62930,25,960,3300,2140553,37105,4,42202,1,,,,,,,,,,,,
6831,2,4,1模式：高级的护腿铠甲,62931,25,1460,4500,2140554,37105,4,42202,1,42210,2,,,,,,,,,,
6832,2,4,2模式：高级的护腿铠甲,62932,25,1460,4500,2140555,37105,4,42202,1,42210,2,,,,,,,,,,
6833,2,4,1模式：护腿铠甲,62933,25,6200,6000,2140556,37105,5,43001,2,42210,2,39101,2,,,,,,,,
6834,2,4,2模式：护腿铠甲,62934,25,6200,6000,2140557,37105,5,43001,2,42210,2,39101,2,,,,,,,,
6835,2,4,模式：破旧的有韧性的护腿铠甲,62935,30,552,4320,2140651,37106,4,,,,,,,,,,,,,,
6836,2,4,1模式：普通坚韧的护腿铠甲,62936,30,1152,4752,2140652,37106,4,42202,1,,,,,,,,,,,,
6837,2,4,2模式：普通坚韧的护腿铠甲,62937,30,1152,4752,2140653,37106,4,42202,1,,,,,,,,,,,,
6838,2,4,1模式：高级的坚韧的护腿铠甲,62938,30,1752,6480,2140654,37106,4,42202,1,42210,3,,,,,,,,,,
6839,2,4,2模式：高级的坚韧的护腿铠甲,62939,30,1752,6480,2140655,37106,4,42202,1,42210,3,,,,,,,,,,
6840,2,4,1模式：护腿铠甲,62940,30,4740,8640,2140656,37106,5,43002,1,42210,4,39101,2,,,,,,,,
6841,2,4,2模式：护腿铠甲,62941,30,4740,8640,2140657,37106,5,43002,1,42210,4,39101,2,,,,,,,,
6842,2,4,1模式：特别坚韧的护腿铠甲,62942,30,8274,12960,2140658,37106,6,43015,2,42210,5,39101,3,,,,,,,,
6843,2,4,2模式：特别坚韧的护腿铠甲,62943,30,8274,12960,2140659,37106,6,43015,2,42210,5,39101,3,,,,,,,,
6844,2,4,3模式：特别坚韧的护腿铠甲,62944,35,644,5880,2140751,37107,4,,,,,,,,,,,,,,
6845,2,4,1模式：普通护腿铠甲的毅力护腿,62945,35,1484,6468,2140752,37107,4,42203,1,,,,,,,,,,,,
6846,2,4,2模式：普通护腿铠甲的毅力护腿,62946,35,1484,6468,2140753,37107,4,42203,1,,,,,,,,,,,,
6847,2,4,1模式：高级的有耐性的护腿铠甲,62947,35,2324,8820,2140754,37107,4,42203,1,42210,4,,,,,,,,,,
6848,2,4,2模式：高级的有耐性的护腿铠甲,62948,35,2324,8820,2140755,37107,4,42203,1,42210,4,,,,,,,,,,
6849,2,4,3模式：高级的有耐性的护腿铠甲,62949,35,5333,11760,2140756,37107,5,43002,1,42210,5,39102,1,,,,,,,,
6850,2,4,4模式：高级的有耐性的护腿铠甲,62950,35,5333,11760,2140757,37107,5,43002,1,42210,5,39102,1,,,,,,,,
6851,2,4,1模式：特殊的护腿铠甲,62951,35,9257,17640,2140758,37107,6,43016,2,42210,7,39102,1,,,,,,,,
6852,2,4,2模式：特殊的护腿铠甲,62952,35,9257,17640,2140759,37107,6,43016,2,42210,7,39102,1,,,,,,,,
6853,2,4,3模式：特殊的护腿铠甲,62953,40,736,7680,2140951,37108,4,,,,,,,,,,,,,,
6854,2,4,1模式：普通护腿铠甲保护护腿,62954,40,1696,8448,2140952,37108,4,42203,1,,,,,,,,,,,,
6855,2,4,2模式：普通护腿铠甲保护护腿,62955,40,1696,8448,2140953,37108,4,42203,1,,,,,,,,,,,,
6856,2,4,1模式：护腿铠甲的高级的保护护腿,62956,40,2656,11520,2140954,37108,4,42203,1,42210,5,,,,,,,,,,
6857,2,4,2模式：护腿铠甲的高级的保护护腿,62957,40,2656,11520,2140955,37108,4,42203,1,42210,5,,,,,,,,,,
6858,2,4,1模式：护腿铠甲的护腿珍稀,62958,40,6094,15360,2140956,37108,5,43003,1,42210,6,39102,1,,,,,,,,
6859,2,4,2模式：护腿铠甲的护腿珍稀,62959,40,6094,15360,2140957,37108,5,43003,1,42210,6,39102,1,,,,,,,,
6860,2,4,1模式：特别保护护腿护腿铠甲,62960,40,10580,23040,2140958,37108,6,43017,2,42210,9,39102,1,,,,,,,,
6861,2,4,2模式：特别保护护腿护腿铠甲,62961,40,10580,23040,2140959,37108,6,43017,2,42210,9,39102,1,,,,,,,,
6862,2,4,模式：护腿不起眼的护腿铠甲保管,62962,45,828,9720,2141151,37109,4,,,,,,,,,,,,,,
6863,2,4,1模式：普通护腿铠甲,62963,45,2088,10692,2141152,37109,4,42204,1,,,,,,,,,,,,
6864,2,4,2模式：普通护腿铠甲,62964,45,2088,10692,2141153,37109,4,42204,1,,,,,,,,,,,,
6865,2,4,1模式：奢华的护腿铠甲,62965,45,3348,14580,2141154,37109,4,42204,1,42210,6,,,,,,,,,,
6866,2,4,2模式：高级的护腿铠甲,62966,45,3348,14580,2141155,37109,4,42204,1,42210,6,,,,,,,,,,
6867,2,4,1模式：罕见的护腿铠甲,62967,45,7666,19440,2141156,37109,5,43003,1,42210,8,39102,1,,,,,,,,
6868,2,4,2模式：罕见的护腿铠甲,62968,45,7666,19440,2141157,37109,5,43003,1,42210,8,39102,1,,,,,,,,
6869,2,4,1模式：护腿铠甲专用遵守护腿,62969,45,13522,29160,2141158,37109,6,43018,2,42210,12,39102,1,,,,,,,,
6870,2,4,2模式：护腿铠甲专用遵守护腿,62970,45,13522,29160,2141159,37109,6,43018,2,42210,12,39102,1,,,,,,,,
6871,2,4,模式：护破旧的护腿铠甲不朽的护腿铠甲,62971,50,920,12000,2141351,37110,4,,,,,,,,,,,,,,
6872,2,4,1模式：普通护腿铠甲,62972,50,2320,13200,2141352,37110,4,42204,1,,,,,,,,,,,,
6873,2,4,2模式：普通护腿铠甲,62973,50,2320,13200,2141353,37110,4,42204,1,,,,,,,,,,,,
6874,2,4,1模式：高级的不朽的护腿铠甲,62974,50,3720,18000,2141354,37110,4,42204,1,42210,7,,,,,,,,,,
6875,2,4,2模式：高级的不朽的护腿铠甲,62975,50,3720,18000,2141355,37110,4,42204,1,42210,7,,,,,,,,,,
6876,2,4,1模式：罕见的不朽的护腿铠甲,62976,50,8518,24000,2141356,37110,5,43004,1,42210,10,39102,1,,,,,,,,
6877,2,4,2模式：罕见的不朽护腿铠甲,62977,50,8518,24000,2141357,37110,5,43004,1,42210,10,39102,1,,,,,,,,
6878,2,4,1模式：高级的不朽的护腿铠甲,62978,50,16208,36000,2141358,37110,6,43019,2,42210,15,39102,2,,,,,,,,
6879,2,4,2模式：高级的不朽的护腿铠甲,62979,50,16208,36000,2141359,37110,6,43019,2,42210,15,39102,2,,,,,,,,
6880,2,4,3模式：高级的不朽的护腿铠甲,62980,55,1012,14520,2141551,37111,4,,,,,,,,,,,,,,
6881,2,4,1模式：普通护腿铠甲,62981,55,2772,15972,2141552,37111,4,42212,1,,,,,,,,,,,,
6882,2,4,2模式：普通护腿铠甲,62982,55,2772,15972,2141553,37111,4,42212,1,,,,,,,,,,,,
6883,2,4,1模式：高级的不朽的护腿铠甲,62983,55,4172,21780,2141554,37111,4,42212,1,42210,9,,,,,,,,,,
6884,2,4,2模式：高级的不朽的护腿铠甲,62984,55,4172,21780,2141555,37111,4,42212,1,42210,9,,,,,,,,,,
6885,2,4,1模式：罕见的不朽的护腿铠甲,62985,55,10360,29040,2141556,37111,5,43004,2,42210,12,39103,1,,,,,,,,
6886,2,4,2模式：罕见的不朽护腿铠甲,62986,55,10360,29040,2141557,37111,5,43004,2,42210,12,39103,1,,,,,,,,
6887,2,4,1模式：特殊的不朽的护腿铠甲,62987,55,19808,43560,2141558,37111,6,43019,4,42210,18,39103,1,,,,,,,,
6888,2,4,2模式：特殊的不朽的护腿铠甲,62988,55,19808,43560,2141559,37111,6,43019,4,42210,18,39103,1,,,,,,,,
7000,2,4,模式：破旧的护腿铠甲,63000,1,92,120,2143151,37101,4,,,,,,,,,,,,,,
7001,2,4,1模式：普通的护腿铠甲,63001,1,152,132,2143152,37101,4,42200,1,,,,,,,,,,,,
7002,2,4,2模式：普通的护腿铠甲,63002,1,152,132,2143153,37101,4,42200,1,,,,,,,,,,,,
7003,2,4,1模式：格里夫斯英尺高级的的铠甲,63003,5,212,180,2143154,37101,4,42200,1,42210,1,,,,,,,,,,
7004,2,4,2模式：格里夫斯英尺高级的的铠甲,63004,5,212,180,2143155,37101,4,42200,1,42210,1,,,,,,,,,,
7005,2,4,1模式：罕见的护腿铠甲,63005,5,492,240,2143156,37101,4,43000,1,42210,1,39100,1,,,,,,,,
7006,2,4,2模式：罕见的护腿铠甲,63006,5,492,240,2143157,37101,4,43000,1,42210,1,39100,1,,,,,,,,
7007,2,4,模式：破旧的护腿铠甲,63007,10,184,480,2143251,37102,4,,,,,,,,,,,,,,
7008,2,4,1模式：普通技能的护腿铠甲,63008,10,304,528,2143252,37102,4,42200,1,,,,,,,,,,,,
7009,2,4,2模式：普通技能的护腿铠甲,63009,10,304,528,2143253,37102,4,42200,1,,,,,,,,,,,,
7010,2,4,1模式：高级的护腿铠甲,63010,10,424,720,2143254,37102,4,42200,1,42210,1,,,,,,,,,,
7011,2,4,2模式：高级的护腿铠甲,63011,10,424,720,2143255,37102,4,42200,1,42210,1,,,,,,,,,,
7012,2,4,1模式：罕见的护腿铠甲,63012,10,1220,960,2143256,37102,5,43000,1,42210,1,39100,2,,,,,,,,
7013,2,4,2模式：罕见的护腿铠甲,63013,10,1220,960,2143257,37102,5,43000,1,42210,1,39100,2,,,,,,,,
7014,2,4,模式：破旧的护腿铠甲,63014,15,276,1080,2143351,37103,4,,,,,,,,,,,,,,
7015,2,4,1模式：普通铠甲腿铠甲,63015,15,516,1188,2143352,37103,4,42201,1,,,,,,,,,,,,
7016,2,4,2模式：普通铠甲腿铠甲,63016,15,516,1188,2143353,37103,4,42201,1,,,,,,,,,,,,
7017,2,4,1模式：高级的铠甲,63017,15,756,1620,2143354,37103,4,42201,1,42210,1,,,,,,,,,,
7018,2,4,2模式：高级的铠甲,63018,15,756,1620,2143355,37103,4,42201,1,42210,1,,,,,,,,,,
7019,2,4,3模式：高级的铠甲,63019,15,2825,2160,2143356,37103,5,43000,2,42210,1,39101,1,,,,,,,,
7020,2,4,4模式：高级的铠甲,63020,15,2825,2160,2143357,37103,5,43000,2,42210,1,39101,1,,,,,,,,
7021,2,4,模式：破旧的铠甲,63021,20,368,1920,2143451,37104,4,,,,,,,,,,,,,,
7022,2,4,1模式：普通铠甲,63022,20,688,2112,2143452,37104,4,42201,1,,,,,,,,,,,,
7023,2,4,2模式：普通铠甲,63023,20,688,2112,2143453,37104,4,42201,1,,,,,,,,,,,,
7024,2,4,1模式：高级的护腿铠甲,63024,20,1008,2880,2143454,37104,4,42201,1,42210,1,,,,,,,,,,
7025,2,4,2模式：高级的护腿铠甲,63025,20,1008,2880,2143455,37104,4,42201,1,42210,1,,,,,,,,,,
7026,2,4,1模式：罕见的意愿腿铠甲,63026,20,2327,3840,2143456,37104,5,43001,1,42210,2,39101,1,,,,,,,,
7027,2,4,2模式：罕见的意愿腿铠甲,63027,20,2327,3840,2143457,37104,5,43001,1,42210,2,39101,1,,,,,,,,
7028,2,4,模式：破旧的护腿铠甲,63028,25,460,3000,2143551,37105,4,,,,,,,,,,,,,,
7029,2,4,1模式：纯铠甲,63029,25,960,3300,2143552,37105,4,42202,1,,,,,,,,,,,,
7030,2,4,2模式：纯铠甲,63030,25,960,3300,2143553,37105,4,42202,1,,,,,,,,,,,,
7031,2,4,1模式：高级的铠甲,63031,25,1460,4500,2143554,37105,4,42202,1,42210,2,,,,,,,,,,
7032,2,4,2模式：高级的铠甲,63032,25,1460,4500,2143555,37105,4,42202,1,42210,2,,,,,,,,,,
7033,2,4,1模式：罕见的铠甲,63033,25,6200,6000,2143556,37105,5,43001,2,42210,2,39101,2,,,,,,,,
7034,2,4,2模式：罕见的铠甲,63034,25,6200,6000,2143557,37105,5,43001,2,42210,2,39101,2,,,,,,,,
7035,2,4,模式：破旧的坚韧的铠甲,63035,30,552,4320,2143651,37106,4,,,,,,,,,,,,,,
7036,2,4,1模式：普通坚韧的铠甲,63036,30,1152,4752,2143652,37106,4,42202,1,,,,,,,,,,,,
7037,2,4,2模式：普通坚韧的铠甲,63037,30,1152,4752,2143653,37106,4,42202,1,,,,,,,,,,,,
7038,2,4,1模式：高级的坚韧的铠甲,63038,30,1752,6480,2143654,37106,4,42202,1,42210,3,,,,,,,,,,
7039,2,4,2模式：高级的坚韧的铠甲,63039,30,1752,6480,2143655,37106,4,42202,1,42210,3,,,,,,,,,,
7040,2,4,1模式：铠甲,63040,30,4740,8640,2143656,37106,5,43002,1,42210,4,39101,2,,,,,,,,
7041,2,4,2模式：铠甲,63041,30,4740,8640,2143657,37106,5,43002,1,42210,4,39101,2,,,,,,,,
7042,2,4,1模式：特别坚韧的铠甲,63042,30,8274,12960,2143658,37106,6,43015,2,42210,5,39101,3,,,,,,,,
7043,2,4,2模式：特别坚韧的铠甲,63043,30,8274,12960,2143659,37106,6,43015,2,42210,5,39101,3,,,,,,,,
7044,2,4,模式：谦虚耐性护腿铠甲,63044,35,644,5880,2143751,37107,4,,,,,,,,,,,,,,
7045,2,4,1模式：普通耐性的护腿铠甲,63045,35,1484,6468,2143752,37107,4,42203,1,,,,,,,,,,,,
7046,2,4,2模式：普通耐性的护腿铠甲,63046,35,1484,6468,2143753,37107,4,42203,1,,,,,,,,,,,,
7047,2,4,1模式：罕见的耐性护腿铠甲,63047,35,2324,8820,2143754,37107,4,42203,1,42210,4,,,,,,,,,,
7048,2,4,2模式：罕见的耐性护腿铠甲,63048,35,2324,8820,2143755,37107,4,42203,1,42210,4,,,,,,,,,,
7049,2,4,1模式：罕见的耐性护腿铠甲,63049,35,5333,11760,2143756,37107,5,43002,1,42210,5,39102,1,,,,,,,,
7050,2,4,2模式：罕见的耐性护腿铠甲,63050,35,5333,11760,2143757,37107,5,43002,1,42210,5,39102,1,,,,,,,,
7051,2,4,3模式：罕见的耐性护腿铠甲,63051,35,9257,17640,2143758,37107,6,43016,2,42210,7,39102,1,,,,,,,,
7052,2,4,4模式：罕见的耐性护腿铠甲,63052,35,9257,17640,2143759,37107,6,43016,2,42210,7,39102,1,,,,,,,,
7053,2,4,模式：破旧的保甲,63053,40,736,7680,2143951,37108,4,,,,,,,,,,,,,,
7054,2,4,1模式：普通防护装甲的护腿铠甲甲,63054,40,1696,8448,2143952,37108,4,42203,1,,,,,,,,,,,,
7055,2,4,2模式：普通防护装甲的护腿铠甲甲,63055,40,1696,8448,2143953,37108,4,42203,1,,,,,,,,,,,,
7056,2,4,1模式：高级的护腿铠甲保护,63056,40,2656,11520,2143954,37108,4,42203,1,42210,5,,,,,,,,,,
7057,2,4,2模式：高级的护腿铠甲保护,63057,40,2656,11520,2143955,37108,4,42203,1,42210,5,,,,,,,,,,
7058,2,4,1模式：罕见的装甲防甲,63058,40,6094,15360,2143956,37108,5,43003,1,42210,6,39102,1,,,,,,,,
7059,2,4,2模式：罕见的装甲防甲,63059,40,6094,15360,2143957,37108,5,43003,1,42210,6,39102,1,,,,,,,,
7060,2,4,1模式：特殊保护护腿铠甲,63060,40,10580,23040,2143958,37108,6,43017,2,42210,9,39102,1,,,,,,,,
7061,2,4,2模式：特殊保护护腿铠甲,63061,40,10580,23040,2143959,37108,6,43017,2,42210,9,39102,1,,,,,,,,
7062,2,4,模式：破旧的护腿铠甲,63062,45,828,9720,2144151,37109,4,,,,,,,,,,,,,,
7063,2,4,1模式：普通护腿铠甲,63063,45,2088,10692,2144152,37109,4,42204,1,,,,,,,,,,,,
7064,2,4,2模式：普通护腿铠甲,63064,45,2088,10692,2144153,37109,4,42204,1,,,,,,,,,,,,
7065,2,4,1模式：格里夫斯英尺的高级的护甲,63065,45,3348,14580,2144154,37109,4,42204,1,42210,6,,,,,,,,,,
7066,2,4,2模式：格里夫斯英尺的高级的护甲,63066,45,3348,14580,2144155,37109,4,42204,1,42210,6,,,,,,,,,,
7067,2,4,1模式：罕见的护腿铠甲,63067,45,7666,19440,2144156,37109,5,43003,1,42210,8,39102,1,,,,,,,,
7068,2,4,2模式：罕见的护腿铠甲,63068,45,7666,19440,2144157,37109,5,43003,1,42210,8,39102,1,,,,,,,,
7069,2,4,1模式：特殊的纪念腿铠甲,63069,45,13522,29160,2144158,37109,6,43018,2,42210,12,39102,1,,,,,,,,
7070,2,4,2模式：特殊的纪念腿铠甲,63070,45,13522,29160,2144159,37109,6,43018,2,42210,12,39102,1,,,,,,,,
7071,2,4,模式：破旧的不朽护腿铠甲,63071,50,920,12000,2144351,37110,4,,,,,,,,,,,,,,
7072,2,4,1模式：普通不朽的护腿铠甲,63072,50,2320,13200,2144352,37110,4,42204,1,,,,,,,,,,,,
7073,2,4,2模式：普通不朽的护腿铠甲,63073,50,2320,13200,2144353,37110,4,42204,1,,,,,,,,,,,,
7074,2,4,1模式：高级的不朽的护腿铠甲,63074,50,3720,18000,2144354,37110,4,42204,1,42210,7,,,,,,,,,,
7075,2,4,2模式：高级的不朽的护腿铠甲,63075,50,3720,18000,2144355,37110,4,42204,1,42210,7,,,,,,,,,,
7076,2,4,1模式：一种罕见的不朽的护腿铠甲,63076,50,8518,24000,2144356,37110,5,43004,1,42210,10,39102,1,,,,,,,,
7077,2,4,2模式：一种罕见的不朽的护腿铠甲,63077,50,8518,24000,2144357,37110,5,43004,1,42210,10,39102,1,,,,,,,,
7078,2,4,1模式：特殊的不朽护腿铠甲,63078,50,16208,36000,2144358,37110,6,43019,2,42210,15,39102,2,,,,,,,,
7079,2,4,2模式：特殊的不朽护腿铠甲,63079,50,16208,36000,2144359,37110,6,43019,2,42210,15,39102,2,,,,,,,,
7080,2,4,模式：破旧的不朽护腿铠甲,63080,55,1012,14520,2144551,37111,4,,,,,,,,,,,,,,
7081,2,4,1模式：普通不朽的护腿铠甲,63081,55,2772,15972,2144552,37111,4,42212,1,,,,,,,,,,,,
7082,2,4,2模式：普通不朽的护腿铠甲,63082,55,2772,15972,2144553,37111,4,42212,1,,,,,,,,,,,,
7083,2,4,1模式：高级的不朽的护腿铠甲,63083,55,4172,21780,2144554,37111,4,42212,1,42210,9,,,,,,,,,,
7084,2,4,2模式：高级的不朽的护腿铠甲,63084,55,4172,21780,2144555,37111,4,42212,1,42210,9,,,,,,,,,,
7085,2,4,1模式：一种罕见的不朽的护腿铠甲,63085,55,10360,29040,2144556,37111,5,43004,2,42210,12,39103,1,,,,,,,,
7086,2,4,2模式：一种罕见的不朽的护腿铠甲,63086,55,10360,29040,2144557,37111,5,43004,2,42210,12,39103,1,,,,,,,,
7087,2,4,1模式：特殊的不朽护腿铠甲,63087,55,19808,43560,2144558,37111,6,43019,4,42210,18,39103,1,,,,,,,,
7088,2,4,2模式：特殊的不朽护腿铠甲,63088,55,19808,43560,2144559,37111,6,43019,4,42210,18,39103,1,,,,,,,,
7200,2,4,模式：破旧的护腿铠甲,63100,1,92,120,2146151,37101,4,,,,,,,,,,,,,,
7201,2,4,模式：破旧的护腿铠甲,63101,1,152,132,2146152,37101,4,42200,1,,,,,,,,,,,,
7202,2,4,模式：破旧的护腿铠甲,63102,1,152,132,2146153,37101,4,42200,1,,,,,,,,,,,,
7203,2,4,1模式：高级的护腿铠甲,63103,5,212,180,2146154,37101,4,42200,1,42210,1,,,,,,,,,,
7204,2,4,2模式：高级的护腿铠甲,63104,5,212,180,2146155,37101,4,42200,1,42210,1,,,,,,,,,,
7205,2,4,1模式：罕见的护腿铠甲,63105,5,492,240,2146156,37101,4,43000,1,42210,1,39100,1,,,,,,,,
7206,2,4,2模式：罕见的护腿铠甲,63106,5,492,240,2146157,37101,4,43000,1,42210,1,39100,1,,,,,,,,
7207,2,4,模式：破旧的护腿铠甲,63107,10,184,480,2146251,37102,4,,,,,,,,,,,,,,
7208,2,4,1模式：普通的护腿铠甲,63108,10,304,528,2146252,37102,4,42200,1,,,,,,,,,,,,
7209,2,4,2模式：普通的护腿铠甲,63109,10,304,528,2146253,37102,4,42200,1,,,,,,,,,,,,
7210,2,4,1模式：高级的的护腿铠甲,63110,10,424,720,2146254,37102,4,42200,1,42210,1,,,,,,,,,,
7211,2,4,2模式：高级的的护腿铠甲,63111,10,424,720,2146255,37102,4,42200,1,42210,1,,,,,,,,,,
7212,2,4,1模式：罕见的的护腿铠甲,63112,10,1220,960,2146256,37102,5,43000,1,42210,1,39100,2,,,,,,,,
7213,2,4,2模式：罕见的的护腿铠甲,63113,10,1220,960,2146257,37102,5,43000,1,42210,1,39100,2,,,,,,,,
7214,2,4,模式：破旧的护腿铠甲,63114,15,276,1080,2146351,37103,4,,,,,,,,,,,,,,
7215,2,4,1模式：普通铠甲的护腿铠甲,63115,15,516,1188,2146352,37103,4,42201,1,,,,,,,,,,,,
7216,2,4,2模式：普通铠甲的护腿铠甲,63116,15,516,1188,2146353,37103,4,42201,1,,,,,,,,,,,,
7217,2,4,1模式：高级的铠甲的护腿铠甲,63117,15,756,1620,2146354,37103,4,42201,1,42210,1,,,,,,,,,,
7218,2,4,2模式：高级的铠甲的护腿铠甲,63118,15,756,1620,2146355,37103,4,42201,1,42210,1,,,,,,,,,,
7219,2,4,1模式：难得一见铠甲的护腿铠甲,63119,15,2825,2160,2146356,37103,5,43000,2,42210,1,39101,1,,,,,,,,
7220,2,4,2模式：难得一见铠甲的护腿铠甲,63120,15,2825,2160,2146357,37103,5,43000,2,42210,1,39101,1,,,,,,,,
7221,2,4,模式：破旧的护腿铠甲,63121,20,368,1920,2146451,37104,4,,,,,,,,,,,,,,
7222,2,4,1模式：普通的护腿铠甲,63122,20,688,2112,2146452,37104,4,42201,1,,,,,,,,,,,,
7223,2,4,2模式：普通的护腿铠甲,63123,20,688,2112,2146453,37104,4,42201,1,,,,,,,,,,,,
7224,2,4,1模式：高级的护腿铠甲,63124,20,1008,2880,2146454,37104,4,42201,1,42210,1,,,,,,,,,,
7225,2,4,2模式：高级的护腿铠甲,63125,20,1008,2880,2146455,37104,4,42201,1,42210,1,,,,,,,,,,
7226,2,4,1模式：罕见的护腿铠甲,63126,20,2327,3840,2146456,37104,5,43001,1,42210,2,39101,1,,,,,,,,
7227,2,4,2模式：罕见的护腿铠甲,63127,20,2327,3840,2146457,37104,5,43001,1,42210,2,39101,1,,,,,,,,
7228,2,4,模式：重型破旧的格里夫斯,63128,25,460,3000,2146551,37105,4,,,,,,,,,,,,,,
7229,2,4,1模式：普通护腿铠甲,63129,25,960,3300,2146552,37105,4,42202,1,,,,,,,,,,,,
7230,2,4,2模式：普通的护腿铠甲,63130,25,960,3300,2146553,37105,4,42202,1,,,,,,,,,,,,
7231,2,4,1模式：高级的护腿铠甲,63131,25,1460,4500,2146554,37105,4,42202,1,42210,2,,,,,,,,,,
7232,2,4,2模式：高级的护腿铠甲,63132,25,1460,4500,2146555,37105,4,42202,1,42210,2,,,,,,,,,,
7233,2,4,3模式：高级的护腿铠甲,63133,25,6200,6000,2146556,37105,5,43001,2,42210,2,39101,2,,,,,,,,
7234,2,4,4模式：高级的护腿铠甲,63134,25,6200,6000,2146557,37105,5,43001,2,42210,2,39101,2,,,,,,,,
7235,2,4,2模式：普通的护腿铠甲,63135,30,552,4320,2146651,37106,4,,,,,,,,,,,,,,
7236,2,4,3模式：普通的护腿铠甲,63136,30,1152,4752,2146652,37106,4,42202,1,,,,,,,,,,,,
7237,2,4,2模式：普通坚韧的护腿铠甲,63137,30,1152,4752,2146653,37106,4,42202,1,,,,,,,,,,,,
7238,2,4,1模式：高级的坚韧的护腿铠甲,63138,30,1752,6480,2146654,37106,4,42202,1,42210,3,,,,,,,,,,
7239,2,4,2模式：高级的坚韧的护腿铠甲,63139,30,1752,6480,2146655,37106,4,42202,1,42210,3,,,,,,,,,,
7240,2,4,1模式：重稀土刚毅格里夫斯,63140,30,4740,8640,2146656,37106,5,43002,1,42210,4,39101,2,,,,,,,,
7241,2,4,2模式：重稀土刚毅格里夫斯,63141,30,4740,8640,2146657,37106,5,43002,1,42210,4,39101,2,,,,,,,,
7242,2,4,1模式：特别坚韧的护腿铠甲,63142,30,8274,12960,2146658,37106,6,43015,2,42210,5,39101,3,,,,,,,,
7243,2,4,2模式：特别坚韧的护腿铠甲,63143,30,8274,12960,2146659,37106,6,43015,2,42210,5,39101,3,,,,,,,,
7244,2,4,模式：破旧的耐性好的护腿铠甲,63144,35,644,5880,2146751,37107,4,,,,,,,,,,,,,,
7245,2,4,1模式：普通耐性好的护腿铠甲,63145,35,1484,6468,2146752,37107,4,42203,1,,,,,,,,,,,,
7246,2,4,2模式：普通耐性好的护腿铠甲,63146,35,1484,6468,2146753,37107,4,42203,1,,,,,,,,,,,,
7247,2,4,1模式：高级的耐性好的护腿铠甲,63147,35,2324,8820,2146754,37107,4,42203,1,42210,4,,,,,,,,,,
7248,2,4,2模式：高级的耐性好的护腿铠甲,63148,35,2324,8820,2146755,37107,4,42203,1,42210,4,,,,,,,,,,
7249,2,4,1模式：难得一见的耐性护腿铠甲,63149,35,5333,11760,2146756,37107,5,43002,1,42210,5,39102,1,,,,,,,,
7250,2,4,2模式：难得一见的耐性护腿铠甲,63150,35,5333,11760,2146757,37107,5,43002,1,42210,5,39102,1,,,,,,,,
7251,2,4,1模式：特殊的护腿铠甲,63151,35,9257,17640,2146758,37107,6,43016,2,42210,7,39102,1,,,,,,,,
7252,2,4,2模式：特殊的护腿铠甲,63152,35,9257,17640,2146759,37107,6,43016,2,42210,7,39102,1,,,,,,,,
7253,2,4,模式：破旧的护腿铠甲部保护,63153,40,736,7680,2146951,37108,4,,,,,,,,,,,,,,
7254,2,4,1模式：普通保护的护腿铠甲,63154,40,1696,8448,2146952,37108,4,42203,1,,,,,,,,,,,,
7255,2,4,2模式：普通保护的护腿铠甲,63155,40,1696,8448,2146953,37108,4,42203,1,,,,,,,,,,,,
7256,2,4,1模式：高级的护腿铠甲,63156,40,2656,11520,2146954,37108,4,42203,1,42210,5,,,,,,,,,,
7257,2,4,2模式：高级的护腿铠甲,63157,40,2656,11520,2146955,37108,4,42203,1,42210,5,,,,,,,,,,
7258,2,4,1模式：罕见的护腿铠甲部保护,63158,40,6094,15360,2146956,37108,5,43003,1,42210,6,39102,1,,,,,,,,
7259,2,4,2模式：罕见的护腿铠甲部保护,63159,40,6094,15360,2146957,37108,5,43003,1,42210,6,39102,1,,,,,,,,
7260,2,4,1模式：特殊保护的护腿铠甲,63160,40,10580,23040,2146958,37108,6,43017,2,42210,9,39102,1,,,,,,,,
7261,2,4,2模式：特殊保护的护腿铠甲,63161,40,10580,23040,2146959,37108,6,43017,2,42210,9,39102,1,,,,,,,,
7262,2,4,模式：破旧的守护护腿铠甲,63162,45,828,9720,2147151,37109,4,,,,,,,,,,,,,,
7263,2,4,1模式：普通牧民的护腿铠甲,63163,45,2088,10692,2147152,37109,4,42204,1,,,,,,,,,,,,
7264,2,4,2模式：普通牧民的护腿铠甲,63164,45,2088,10692,2147153,37109,4,42204,1,,,,,,,,,,,,
7265,2,4,1模式：高级的守护的护腿铠甲,63165,45,3348,14580,2147154,37109,4,42204,1,42210,6,,,,,,,,,,
7266,2,4,2模式：高级的饲养的护腿铠甲,63166,45,3348,14580,2147155,37109,4,42204,1,42210,6,,,,,,,,,,
7267,2,4,1模式：难得一见的护腿铠甲,63167,45,7666,19440,2147156,37109,5,43003,1,42210,8,39102,1,,,,,,,,
7268,2,4,2模式：难得一见的护腿铠甲,63168,45,7666,19440,2147157,37109,5,43003,1,42210,8,39102,1,,,,,,,,
7269,2,4,1模式：特殊的护腿铠甲,63169,45,13522,29160,2147158,37109,6,43018,2,42210,12,39102,1,,,,,,,,
7270,2,4,2模式：特殊的护腿铠甲,63170,45,13522,29160,2147159,37109,6,43018,2,42210,12,39102,1,,,,,,,,
7271,2,4,模式：破旧的护腿铠甲不朽,63171,50,920,12000,2147351,37110,4,,,,,,,,,,,,,,
7272,2,4,1模式：普通不朽的护腿铠甲,63172,50,2320,13200,2147352,37110,4,42204,1,,,,,,,,,,,,
7273,2,4,2模式：普通不朽的护腿铠甲,63173,50,2320,13200,2147353,37110,4,42204,1,,,,,,,,,,,,
7274,2,4,1模式：高级的不朽的护腿铠甲,63174,50,3720,18000,2147354,37110,4,42204,1,42210,7,,,,,,,,,,
7275,2,4,2模式：高级的不朽的护腿铠甲,63175,50,3720,18000,2147355,37110,4,42204,1,42210,7,,,,,,,,,,
7276,2,4,1模式：一种罕见的护腿铠甲,63176,50,8518,24000,2147356,37110,5,43004,1,42210,10,39102,1,,,,,,,,
7277,2,4,2模式：一种罕见的护腿铠甲,63177,50,8518,24000,2147357,37110,5,43004,1,42210,10,39102,1,,,,,,,,
7278,2,4,1模式：特殊不朽的护腿铠甲,63178,50,16208,36000,2147358,37110,6,43019,2,42210,15,39102,2,,,,,,,,
7279,2,4,2模式：特殊不朽的护腿铠甲,63179,50,16208,36000,2147359,37110,6,43019,2,42210,15,39102,2,,,,,,,,
7280,2,4,模式：破旧的护腿铠甲不朽,63180,55,1012,14520,2147551,37111,4,,,,,,,,,,,,,,
7281,2,4,1模式：普通不朽的护腿铠甲,63181,55,2772,15972,2147552,37111,4,42212,1,,,,,,,,,,,,
7282,2,4,2模式：普通不朽的护腿铠甲,63182,55,2772,15972,2147553,37111,4,42212,1,,,,,,,,,,,,
7283,2,4,1模式：高级的不朽的护腿铠甲,63183,55,4172,21780,2147554,37111,4,42212,1,42210,9,,,,,,,,,,
7284,2,4,2模式：高级的不朽的护腿铠甲,63184,55,4172,21780,2147555,37111,4,42212,1,42210,9,,,,,,,,,,
7285,2,4,1模式：的一种罕见的护腿铠甲,63185,55,10360,29040,2147556,37111,5,43004,2,42210,12,39103,1,,,,,,,,
7286,2,4,2模式：的一种罕见的护腿铠甲,63186,55,10360,29040,2147557,37111,5,43004,2,42210,12,39103,1,,,,,,,,
7287,2,4,1模式：特殊不朽的护腿铠甲,63187,55,19808,43560,2147558,37111,6,43019,4,42210,18,39103,1,,,,,,,,
7288,2,4,2模式：特殊不朽的护腿铠甲,63188,55,19808,43560,2147559,37111,6,43019,4,42210,18,39103,1,,,,,,,,
7400,2,5,模式：不起眼的护腿铠甲之靴,63200,1,92,108,2150151,37101,3,,,,,,,,,,,,,,
7401,2,5,1模式：普通护腿铠甲之靴,63201,1,152,120,2150152,37101,3,42200,1,,,,,,,,,,,,
7402,2,5,2模式：普通护腿铠甲之靴,63202,1,152,120,2150153,37101,3,42200,1,,,,,,,,,,,,
7403,2,5,1模式：高级的护腿铠甲之靴,63203,6,212,162,2150154,37101,4,42200,1,42210,1,,,,,,,,,,
7404,2,5,2模式：高级的护腿铠甲之靴,63204,6,212,162,2150155,37101,4,42200,1,42210,1,,,,,,,,,,
7405,2,5,1模式：罕见的护腿铠甲之靴,63205,6,492,216,2150156,37101,4,43000,1,42210,1,39100,1,,,,,,,,
7406,2,5,2模式：罕见的护腿铠甲之靴,63206,6,492,216,2150157,37101,4,43000,1,42210,1,39100,1,,,,,,,,
7407,2,5,模式：护腿铠甲之靴,63207,11,184,366,2150251,37102,3,,,,,,,,,,,,,,
7408,2,5,1模式：普通技能的护腿铠甲之靴,63208,11,304,402,2150252,37102,3,42200,1,,,,,,,,,,,,
7409,2,5,2模式：普通技能的护腿铠甲之靴,63209,11,304,402,2150253,37102,3,42200,1,,,,,,,,,,,,
7410,2,5,1模式：高级的的护腿铠甲之靴,63210,11,424,546,2150254,37102,3,42200,1,42210,1,,,,,,,,,,
7411,2,5,2模式：高级的的护腿铠甲之靴,63211,11,424,546,2150255,37102,3,42200,1,42210,1,,,,,,,,,,
7412,2,5,1模式：稀有技能的护腿铠甲之靴,63212,11,1220,726,2150256,37102,4,43000,1,42210,1,39100,2,,,,,,,,
7413,2,5,2模式：稀有技能的护腿铠甲之靴,63213,11,1220,726,2150257,37102,4,43000,1,42210,1,39100,2,,,,,,,,
7414,2,5,模式：不起眼的护腿铠甲铠甲战靴,63214,16,276,768,2150351,37103,3,,,,,,,,,,,,,,
7415,2,5,1模式：普通护腿铠甲铠甲战靴,63215,16,516,846,2150352,37103,3,42201,1,,,,,,,,,,,,
7416,2,5,2模式：普通护腿铠甲铠甲战靴,63216,16,516,846,2150353,37103,3,42201,1,,,,,,,,,,,,
7417,2,5,1模式：护腿铠甲的高级的铠甲之靴,63217,16,756,1152,2150354,37103,3,42201,1,42210,1,,,,,,,,,,
7418,2,5,2模式：护腿铠甲的高级的铠甲之靴,63218,16,756,1152,2150355,37103,3,42201,1,42210,1,,,,,,,,,,
7419,2,5,1模式：罕见的护腿铠甲铠甲战靴,63219,16,2825,1536,2150356,37103,3,43000,2,42210,1,39101,1,,,,,,,,
7420,2,5,2模式：罕见的护腿铠甲铠甲战靴,63220,16,2825,1536,2150357,37103,3,43000,2,42210,1,39101,1,,,,,,,,
7421,2,5,模式：卑微的护腿铠甲战靴,63221,21,368,1326,2150451,37104,3,,,,,,,,,,,,,,
7422,2,5,1模式：普通护腿铠甲的战靴,63222,21,688,1458,2150452,37104,3,42201,1,,,,,,,,,,,,
7423,2,5,2模式：普通护腿铠甲的战靴,63223,21,688,1458,2150453,37104,3,42201,1,,,,,,,,,,,,
7424,2,5,1模式：高级的护腿铠甲战靴,63224,21,1008,1986,2150454,37104,3,42201,1,42210,1,,,,,,,,,,
7425,2,5,2模式：高级的护腿铠甲战靴,63225,21,1008,1986,2150455,37104,3,42201,1,42210,1,,,,,,,,,,
7426,2,5,1模式：护腿铠甲之靴一种罕见的,63226,21,2327,2646,2150456,37104,3,43001,1,42210,1,39101,1,,,,,,,,
7427,2,5,2模式：护腿铠甲之靴一种罕见的,63227,21,2327,2646,2150457,37104,3,43001,1,42210,1,39101,1,,,,,,,,
7428,2,5,模式：破旧的护腿铠甲之靴,63228,26,460,2028,2150551,37105,3,,,,,,,,,,,,,,
7429,2,5,1模式：护腿铠甲之靴平原坚韧,63229,26,960,2232,2150552,37105,3,42202,1,,,,,,,,,,,,
7430,2,5,2模式：纯护腿铠甲之靴,63230,26,960,2232,2150553,37105,3,42202,1,,,,,,,,,,,,
7431,2,5,1模式：高级的护腿铠甲之靴,63231,26,1460,3042,2150554,37105,3,42202,1,42210,1,,,,,,,,,,
7432,2,5,2模式：高级的护腿铠甲之靴,63232,26,1460,3042,2150555,37105,3,42202,1,42210,1,,,,,,,,,,
7433,2,5,1模式：罕见的坚韧的护腿铠甲之靴,63233,26,6200,4056,2150556,37105,3,43001,1,42210,2,39101,1,,,,,,,,
7434,2,5,2模式：罕见的坚韧的护腿铠甲之靴,63234,26,6200,4056,2150557,37105,3,43001,1,42210,2,39101,1,,,,,,,,
7435,2,5,3模式：罕见的坚韧的护腿铠甲之靴,63235,30,552,2700,2150651,37106,2,,,,,,,,,,,,,,
7436,2,5,1模式：普通坚韧的护腿铠甲之靴,63236,30,1152,2970,2150652,37106,3,42202,1,,,,,,,,,,,,
7437,2,5,2模式：普通坚韧的护腿铠甲之靴,63237,30,1152,2970,2150653,37106,3,42202,1,,,,,,,,,,,,
7438,2,5,1模式：高级的坚韧的护腿铠甲之靴,63238,30,1752,4050,2150654,37106,3,42202,1,42210,2,,,,,,,,,,
7439,2,5,2模式：高级的坚韧的护腿铠甲之靴,63239,30,1752,4050,2150655,37106,3,42202,1,42210,2,,,,,,,,,,
7440,2,5,1模式：护腿铠甲之靴,63240,30,4740,5400,2150656,37106,3,43002,1,42210,2,39101,1,,,,,,,,
7441,2,5,2模式：护腿铠甲之靴,63241,30,4740,5400,2150657,37106,3,43002,1,42210,2,39101,1,,,,,,,,
7442,2,5,1模式：特别坚韧的护腿铠甲之靴,63242,30,8274,8100,2150658,37106,4,43015,1,42210,3,39101,2,,,,,,,,
7443,2,5,2模式：特别坚韧的护腿铠甲之靴,63243,30,8274,8100,2150659,37106,4,43015,1,42210,3,39101,2,,,,,,,,
7444,2,5,模式：不起眼的护腿铠甲的毅力之靴,63244,35,644,3678,2150751,37107,2,,,,,,,,,,,,,,
7445,2,5,1模式：普通护腿铠甲的毅力战靴,63245,35,1484,4044,2150752,37107,3,42203,1,,,,,,,,,,,,
7446,2,5,2模式：普通护腿铠甲的毅力战靴,63246,35,1484,4044,2150753,37107,3,42203,1,,,,,,,,,,,,
7447,2,5,1模式：高级的护腿铠甲毅力战靴,63247,35,2324,5514,2150754,37107,3,42203,1,42210,2,,,,,,,,,,
7448,2,5,2模式：高级的护腿铠甲毅力战靴,63248,35,2324,5514,2150755,37107,3,42203,1,42210,2,,,,,,,,,,
7449,2,5,1模式：罕见的耐性的护腿铠甲之靴,63249,35,5333,7350,2150756,37107,3,43002,1,42210,3,39102,1,,,,,,,,
7450,2,5,2模式：罕见的耐性的护腿铠甲之靴,63250,35,5333,7350,2150757,37107,3,43002,1,42210,3,39102,1,,,,,,,,
7451,2,5,1模式：特殊的护腿铠甲的毅力靴,63251,35,9257,11028,2150758,37107,4,43016,1,42210,5,39102,1,,,,,,,,
7452,2,5,2模式：特殊的护腿铠甲的毅力靴,63252,35,9257,11028,2150759,37107,4,43016,1,42210,5,39102,1,,,,,,,,
7453,2,5,模式：不起眼的护腿铠甲保护靴,63253,40,736,4800,2150951,37108,2,,,,,,,,,,,,,,
7454,2,5,1模式：普通护腿铠甲保护靴,63254,40,1696,5280,2150952,37108,3,42203,1,,,,,,,,,,,,
7455,2,5,2模式：普通护腿铠甲保护靴,63255,40,1696,5280,2150953,37108,3,42203,1,,,,,,,,,,,,
7456,2,5,1模式：护腿铠甲的高级的保护靴,63256,40,2656,7200,2150954,37108,3,42203,1,42210,3,,,,,,,,,,
7457,2,5,2模式：护腿铠甲的高级的保护靴,63257,40,2656,7200,2150955,37108,3,42203,1,42210,3,,,,,,,,,,
7458,2,5,1模式：罕见的护腿铠甲之靴,63258,40,6094,9600,2150956,37108,3,43003,1,42210,4,39102,1,,,,,,,,
7459,2,5,2模式：罕见的护腿铠甲之靴,63259,40,6094,9600,2150957,37108,3,43003,1,42210,4,39102,1,,,,,,,,
7460,2,5,1模式：特殊的保护马甲,63260,40,10580,14400,2150958,37108,4,43017,1,42210,6,39102,1,,,,,,,,
7461,2,5,2模式：特殊的保护马甲,63261,40,10580,14400,2150959,37108,4,43017,1,42210,6,39102,1,,,,,,,,
7462,2,5,模式：不起眼的护腿铠甲之靴,63262,45,828,6078,2151151,37109,2,,,,,,,,,,,,,,
7463,2,5,1模式：普通护腿铠甲之靴,63263,45,2088,6684,2151152,37109,3,42204,1,,,,,,,,,,,,
7464,2,5,2模式：普通的护腿铠甲之靴,63264,45,2088,6684,2151153,37109,3,42204,1,,,,,,,,,,,,
7465,2,5,1模式：守护者护腿铠甲的高级之靴,63265,45,3348,9114,2151154,37109,3,42204,1,42210,4,,,,,,,,,,
7466,2,5,2模式：守护者护腿铠甲的高级之靴,63266,45,3348,9114,2151155,37109,3,42204,1,42210,4,,,,,,,,,,
7467,2,5,3模式：守护者护腿铠甲的高级之靴,63267,45,7666,12150,2151156,37109,3,43003,1,42210,5,39102,1,,,,,,,,
7468,2,5,4模式：守护者护腿铠甲的高级之靴,63268,45,7666,12150,2151157,37109,3,43003,1,42210,5,39102,1,,,,,,,,
7469,2,5,1模式：护腿铠甲特殊的纪念之靴,63269,45,13522,18228,2151158,37109,4,43018,1,42210,7,39102,1,,,,,,,,
7470,2,5,2模式：护腿铠甲特殊的纪念之靴,63270,45,13522,18228,2151159,37109,4,43018,1,42210,7,39102,1,,,,,,,,
7471,2,5,模式：破旧的不朽的护腿铠甲之靴,63271,50,920,7500,2151351,37110,2,,,,,,,,,,,,,,
7472,2,5,1模式：普通护腿铠甲之靴,63272,50,2320,8250,2151352,37110,3,42204,1,,,,,,,,,,,,
7473,2,5,2模式：普通护腿铠甲之靴,63273,50,2320,8250,2151353,37110,3,42204,1,,,,,,,,,,,,
7474,2,5,1模式：高级的不朽的护腿铠甲之靴,63274,50,3720,11250,2151354,37110,3,42204,1,42210,5,,,,,,,,,,
7475,2,5,2模式：高级的不朽的护腿铠甲之靴,63275,50,3720,11250,2151355,37110,3,42204,1,42210,5,,,,,,,,,,
7476,2,5,1模式：罕见的护腿铠甲之靴,63276,50,8518,15000,2151356,37110,3,43004,1,42210,6,39102,1,,,,,,,,
7477,2,5,2模式：罕见的护腿铠甲之靴,63277,50,8518,15000,2151357,37110,3,43004,1,42210,6,39102,1,,,,,,,,
7478,2,5,1模式：特殊不朽的护腿铠甲之靴,63278,50,16208,22500,2151358,37110,4,43019,1,42210,9,39102,1,,,,,,,,
7479,2,5,2模式：特殊不朽的护腿铠甲之靴,63279,50,16208,22500,2151359,37110,4,43019,1,42210,9,39102,1,,,,,,,,
7480,2,5,模式：破旧的不朽的护腿铠甲之靴,63280,55,1012,9078,2151551,37111,2,,,,,,,,,,,,,,
7481,2,5,1模式：普通护腿铠甲之靴,63281,55,2772,9984,2151552,37111,3,42212,1,,,,,,,,,,,,
7482,2,5,2模式：普通护腿铠甲之靴,63282,55,2772,9984,2151553,37111,3,42212,1,,,,,,,,,,,,
7483,2,5,1模式：高级的不朽的护腿铠甲之靴,63283,55,4172,13614,2151554,37111,3,42212,1,42210,6,,,,,,,,,,
7484,2,5,2模式：高级的不朽的护腿铠甲之靴,63284,55,4172,13614,2151555,37111,3,42212,1,42210,6,,,,,,,,,,
7485,2,5,1模式：罕见的护腿铠甲之靴,63285,55,10360,18150,2151556,37111,3,43004,2,42210,7,39103,1,,,,,,,,
7486,2,5,2模式：罕见的护腿铠甲之靴,63286,55,10360,18150,2151557,37111,3,43004,2,42210,7,39103,1,,,,,,,,
7487,2,5,1模式：特殊不朽的护腿铠甲之靴,63287,55,19808,27228,2151558,37111,4,43019,4,42210,11,39103,1,,,,,,,,
7488,2,5,2模式：特殊不朽的护腿铠甲之靴,63288,55,19808,27228,2151559,37111,4,43019,4,42210,11,39103,1,,,,,,,,
7600,2,5,模式：寒碜靴,63300,1,92,108,2153151,37101,3,,,,,,,,,,,,,,
7601,2,5,1模式：普通护腿靴,63301,1,152,120,2153152,37101,3,42200,1,,,,,,,,,,,,
7602,2,5,2模式：普通护腿靴,63302,1,152,120,2153153,37101,3,42200,1,,,,,,,,,,,,
7603,2,5,1模式：高级的铠甲长靴,63303,6,212,162,2153154,37101,4,42200,1,42210,1,,,,,,,,,,
7604,2,5,2模式：高级的护腿靴,63304,6,212,162,2153155,37101,4,42200,1,42210,1,,,,,,,,,,
7605,2,5,1模式：罕见的铠甲长靴,63305,6,492,216,2153156,37101,4,43000,1,42210,1,39100,1,,,,,,,,
7606,2,5,2模式：格里夫斯学员罕见靴,63306,6,492,216,2153157,37101,4,43000,1,42210,1,39100,1,,,,,,,,
7607,2,5,模式：格里夫斯破旧的靴子,63307,11,184,366,2153251,37102,3,,,,,,,,,,,,,,
7608,2,5,1模式：普通的铠甲长靴,63308,11,304,402,2153252,37102,3,42200,1,,,,,,,,,,,,
7609,2,5,2模式：普通的铠甲长靴,63309,11,304,402,2153253,37102,3,42200,1,,,,,,,,,,,,
7610,2,5,1模式：高级的的靴,63310,11,424,546,2153254,37102,3,42200,1,42210,1,,,,,,,,,,
7611,2,5,2模式：高级的的靴,63311,11,424,546,2153255,37102,3,42200,1,42210,1,,,,,,,,,,
7612,2,5,1模式：格里夫斯罕见靴,63312,11,1220,726,2153256,37102,4,43000,1,42210,1,39100,2,,,,,,,,
7613,2,5,2模式：格里夫斯罕见靴,63313,11,1220,726,2153257,37102,4,43000,1,42210,1,39100,2,,,,,,,,
7614,2,5,模式：护腿铠甲靴,63314,16,276,768,2153351,37103,3,,,,,,,,,,,,,,
7615,2,5,1模式：普通铠长靴,63315,16,516,846,2153352,37103,3,42201,1,,,,,,,,,,,,
7616,2,5,2模式：普通铠长靴,63316,16,516,846,2153353,37103,3,42201,1,,,,,,,,,,,,
7617,2,5,1模式：高级的护腿铠甲靴,63317,16,756,1152,2153354,37103,3,42201,1,42210,1,,,,,,,,,,
7618,2,5,2模式：格里夫斯高级铠甲长靴,63318,16,756,1152,2153355,37103,3,42201,1,42210,1,,,,,,,,,,
7619,2,5,1模式：罕见护腿铠甲靴,63319,16,2825,1536,2153356,37103,3,43000,2,42210,1,39101,1,,,,,,,,
7620,2,5,2模式：罕见护腿铠甲靴,63320,16,2825,1536,2153357,37103,3,43000,2,42210,1,39101,1,,,,,,,,
7621,2,5,模式：破旧的长靴,63321,21,368,1326,2153451,37104,3,,,,,,,,,,,,,,
7622,2,5,1模式：普通长靴,63322,21,688,1458,2153452,37104,3,42201,1,,,,,,,,,,,,
7623,2,5,2模式：普通长靴,63323,21,688,1458,2153453,37104,3,42201,1,,,,,,,,,,,,
7624,2,5,1模式：高级的护腿靴,63324,21,1008,1986,2153454,37104,3,42201,1,42210,1,,,,,,,,,,
7625,2,5,2模式：高级的护腿靴,63325,21,1008,1986,2153455,37104,3,42201,1,42210,1,,,,,,,,,,
7626,2,5,1模式：格里夫斯的罕见靴,63326,21,2327,2646,2153456,37104,3,43001,1,42210,1,39101,1,,,,,,,,
7627,2,5,2模式：格里夫斯的罕见靴,63327,21,2327,2646,2153457,37104,3,43001,1,42210,1,39101,1,,,,,,,,
7628,2,5,模式：格里夫斯破旧的靴子,63328,26,460,2028,2153551,37105,3,,,,,,,,,,,,,,
7629,2,5,1模式：纯长靴,63329,26,960,2232,2153552,37105,3,42202,1,,,,,,,,,,,,
7630,2,5,2模式：纯长靴,63330,26,960,2232,2153553,37105,3,42202,1,,,,,,,,,,,,
7631,2,5,1模式：高级的长靴,63331,26,1460,3042,2153554,37105,3,42202,1,42210,1,,,,,,,,,,
7632,2,5,2模式：高级的长靴,63332,26,1460,3042,2153555,37105,3,42202,1,42210,1,,,,,,,,,,
7633,2,5,1模式：罕见长靴,63333,26,6200,4056,2153556,37105,3,43001,1,42210,2,39101,1,,,,,,,,
7634,2,5,2模式：罕见长靴,63334,26,6200,4056,2153557,37105,3,43001,1,42210,2,39101,1,,,,,,,,
7635,2,5,模式：格里夫斯坚韧的破旧的靴子,63335,30,552,2700,2153651,37106,2,,,,,,,,,,,,,,
7636,2,5,1模式：普通刚毅靴格里夫斯,63336,30,1152,2970,2153652,37106,3,42202,1,,,,,,,,,,,,
7637,2,5,2模式：普通刚毅靴格里夫斯,63337,30,1152,2970,2153653,37106,3,42202,1,,,,,,,,,,,,
7638,2,5,1模式：高级的坚韧的铠甲长靴,63338,30,1752,4050,2153654,37106,3,42202,1,42210,2,,,,,,,,,,
7639,2,5,2模式：高级的坚韧的铠甲长靴,63339,30,1752,4050,2153655,37106,3,42202,1,42210,2,,,,,,,,,,
7640,2,5,1模式：格里夫斯罕见靴不屈,63340,30,4740,5400,2153656,37106,3,43002,1,42210,2,39101,1,,,,,,,,
7641,2,5,2模式：铠甲长靴,63341,30,4740,5400,2153657,37106,3,43002,1,42210,2,39101,1,,,,,,,,
7642,2,5,1模式：特别坚韧的铠甲长靴,63342,30,8274,8100,2153658,37106,4,43015,1,42210,3,39101,2,,,,,,,,
7643,2,5,2模式：特别坚韧的铠甲长靴,63343,30,8274,8100,2153659,37106,4,43015,1,42210,3,39101,2,,,,,,,,
7644,2,5,模式：不起眼的耐性的铠甲长靴,63344,35,644,3678,2153751,37107,2,,,,,,,,,,,,,,
7645,2,5,1模式：普通耐性的铠甲长靴,63345,35,1484,4044,2153752,37107,3,42203,1,,,,,,,,,,,,
7646,2,5,2模式：普通耐性的铠甲长靴,63346,35,1484,4044,2153753,37107,3,42203,1,,,,,,,,,,,,
7647,2,5,1模式：高级的耐性的铠甲长靴,63347,35,2324,5514,2153754,37107,3,42203,1,42210,2,,,,,,,,,,
7648,2,5,2模式：高级的耐性的铠甲长靴,63348,35,2324,5514,2153755,37107,3,42203,1,42210,2,,,,,,,,,,
7649,2,5,1模式：格里夫斯耐性的罕见靴,63349,35,5333,7350,2153756,37107,3,43002,1,42210,3,39102,1,,,,,,,,
7650,2,5,2模式：格里夫斯耐性的罕见靴,63350,35,5333,7350,2153757,37107,3,43002,1,42210,3,39102,1,,,,,,,,
7651,2,5,1模式：特殊耐性的铠甲长靴,63351,35,9257,11028,2153758,37107,4,43016,1,42210,5,39102,1,,,,,,,,
7652,2,5,2模式：特殊耐性的铠甲长靴,63352,35,9257,11028,2153759,37107,4,43016,1,42210,5,39102,1,,,,,,,,
7653,2,5,模式：破旧的保甲长靴,63353,40,736,4800,2153951,37108,2,,,,,,,,,,,,,,
7654,2,5,1模式：普通保甲长靴,63354,40,1696,5280,2153952,37108,3,42203,1,,,,,,,,,,,,
7655,2,5,2模式：普通保甲长靴,63355,40,1696,5280,2153953,37108,3,42203,1,,,,,,,,,,,,
7656,2,5,1模式：高级的保甲长靴,63356,40,2656,7200,2153954,37108,3,42203,1,42210,3,,,,,,,,,,
7657,2,5,2模式：高级的保甲长靴,63357,40,2656,7200,2153955,37108,3,42203,1,42210,3,,,,,,,,,,
7658,2,5,1模式：格里夫斯保护珍稀靴,63358,40,6094,9600,2153956,37108,3,43003,1,42210,4,39102,1,,,,,,,,
7659,2,5,2模式：格里夫斯保护珍稀靴,63359,40,6094,9600,2153957,37108,3,43003,1,42210,4,39102,1,,,,,,,,
7660,2,5,1模式：特别保甲长靴,63360,40,10580,14400,2153958,37108,4,43017,1,42210,6,39102,1,,,,,,,,
7661,2,5,2模式：特别保甲长靴,63361,40,10580,14400,2153959,37108,4,43017,1,42210,6,39102,1,,,,,,,,
7662,2,5,模式：简陋的铠甲长靴,63362,45,828,6078,2154151,37109,2,,,,,,,,,,,,,,
7663,2,5,1模式：普通牧民铠甲长靴,63363,45,2088,6684,2154152,37109,3,42204,1,,,,,,,,,,,,
7664,2,5,2模式：普通牧民铠甲长靴,63364,45,2088,6684,2154153,37109,3,42204,1,,,,,,,,,,,,
7665,2,5,1模式：高级的铠甲长靴,63365,45,3348,9114,2154154,37109,3,42204,1,42210,4,,,,,,,,,,
7666,2,5,2模式：高级的铠甲长靴,63366,45,3348,9114,2154155,37109,3,42204,1,42210,4,,,,,,,,,,
7667,2,5,1模式：格里夫斯罕见靴,63367,45,7666,12150,2154156,37109,3,43003,1,42210,5,39102,1,,,,,,,,
7668,2,5,2模式：格里夫斯罕见靴,63368,45,7666,12150,2154157,37109,3,43003,1,42210,5,39102,1,,,,,,,,
7669,2,5,1模式：特殊的纪念铠甲长靴,63369,45,13522,18228,2154158,37109,4,43018,1,42210,7,39102,1,,,,,,,,
7670,2,5,2模式：特殊的纪念铠甲长靴,63370,45,13522,18228,2154159,37109,4,43018,1,42210,7,39102,1,,,,,,,,
7671,2,5,模式：破旧的不朽铠甲长靴,63371,50,920,7500,2154351,37110,2,,,,,,,,,,,,,,
7672,2,5,1模式：普通不朽铠甲长靴,63372,50,2320,8250,2154352,37110,3,42204,1,,,,,,,,,,,,
7673,2,5,2模式：普通不朽铠甲长靴,63373,50,2320,8250,2154353,37110,3,42204,1,,,,,,,,,,,,
7674,2,5,1模式：高级的不朽的铠甲长靴,63374,50,3720,11250,2154354,37110,3,42204,1,42210,5,,,,,,,,,,
7675,2,5,2模式：高级的不朽的铠甲长靴,63375,50,3720,11250,2154355,37110,3,42204,1,42210,5,,,,,,,,,,
7676,2,5,1模式：格里夫斯不朽的罕见靴,63376,50,8518,15000,2154356,37110,3,43004,1,42210,6,39102,1,,,,,,,,
7677,2,5,2模式：格里夫斯不朽的罕见靴,63377,50,8518,15000,2154357,37110,3,43004,1,42210,6,39102,1,,,,,,,,
7678,2,5,1模式：特殊不朽铠甲长靴,63378,50,16208,22500,2154358,37110,4,43019,1,42210,9,39102,1,,,,,,,,
7679,2,5,2模式：特殊不朽铠甲长靴,63379,50,16208,22500,2154359,37110,4,43019,1,42210,9,39102,1,,,,,,,,
7680,2,5,模式：破旧的不朽铠甲长靴,63380,55,1012,9078,2154551,37111,2,,,,,,,,,,,,,,
7681,2,5,1模式：普通不朽铠甲长靴,63381,55,2772,9984,2154552,37111,3,42212,1,,,,,,,,,,,,
7682,2,5,2模式：普通不朽铠甲长靴,63382,55,2772,9984,2154553,37111,3,42212,1,,,,,,,,,,,,
7683,2,5,1模式：高级的不朽的铠甲长靴,63383,55,4172,13614,2154554,37111,3,42212,1,42210,6,,,,,,,,,,
7684,2,5,2模式：高级的不朽的铠甲长靴,63384,55,4172,13614,2154555,37111,3,42212,1,42210,6,,,,,,,,,,
7685,2,5,1模式：格里夫斯不朽的罕见靴,63385,55,10360,18150,2154556,37111,3,43004,2,42210,7,39103,1,,,,,,,,
7686,2,5,2模式：格里夫斯不朽的罕见靴,63386,55,10360,18150,2154557,37111,3,43004,2,42210,7,39103,1,,,,,,,,
7687,2,5,1模式：特殊不朽铠甲长靴,63387,55,19808,27228,2154558,37111,4,43019,4,42210,11,39103,1,,,,,,,,
7688,2,5,2模式：特殊不朽铠甲长靴,63388,55,19808,27228,2154559,37111,4,43019,4,42210,11,39103,1,,,,,,,,
7800,2,5,模式：长靴破旧的,63400,1,92,108,2156151,37101,3,,,,,,,,,,,,,,
7801,2,5,1模式：普通重靴,63401,1,152,120,2156152,37101,3,42200,1,,,,,,,,,,,,
7802,2,5,2模式：普通重靴,63402,1,152,120,2156153,37101,3,42200,1,,,,,,,,,,,,
7803,2,5,1模式：大雨高级的,63403,6,212,162,2156154,37101,4,42200,1,42210,1,,,,,,,,,,
7804,2,5,2模式：大雨高级的,63404,6,212,162,2156155,37101,4,42200,1,42210,1,,,,,,,,,,
7805,2,5,1模式：重罕见的之靴,63405,6,492,216,2156156,37101,4,43000,1,42210,1,39100,1,,,,,,,,
7806,2,5,2模式：重罕见的之靴,63406,6,492,216,2156157,37101,4,43000,1,42210,1,39100,1,,,,,,,,
7807,2,5,模式：寒酸沉重的靴子,63407,11,184,366,2156251,37102,3,,,,,,,,,,,,,,
7808,2,5,1模式：普通的沉重的靴子,63408,11,304,402,2156252,37102,3,42200,1,,,,,,,,,,,,
7809,2,5,2模式：普通的沉重的靴子,63409,11,304,402,2156253,37102,3,42200,1,,,,,,,,,,,,
7810,2,5,1模式：大雨高级的的技能,63410,11,424,546,2156254,37102,3,42200,1,42210,1,,,,,,,,,,
7811,2,5,2模式：大雨高级的的技能,63411,11,424,546,2156255,37102,3,42200,1,42210,1,,,,,,,,,,
7812,2,5,1模式：罕见的专家沉重的靴子,63412,11,1220,726,2156256,37102,4,43000,1,42210,1,39100,2,,,,,,,,
7813,2,5,2模式：罕见的专家沉重的靴子,63413,11,1220,726,2156257,37102,4,43000,1,42210,1,39100,2,,,,,,,,
7814,2,5,模式：长靴寒酸铠甲,63414,16,276,768,2156351,37103,3,,,,,,,,,,,,,,
7815,2,5,1模式：普通铠甲沉重的靴子,63415,16,516,846,2156352,37103,3,42201,1,,,,,,,,,,,,
7816,2,5,2模式：普通铠甲沉重的靴子,63416,16,516,846,2156353,37103,3,42201,1,,,,,,,,,,,,
7817,2,5,1模式：大雨高级的铠甲,63417,16,756,1152,2156354,37103,3,42201,1,42210,1,,,,,,,,,,
7818,2,5,2模式：大雨高级的铠甲,63418,16,756,1152,2156355,37103,3,42201,1,42210,1,,,,,,,,,,
7819,2,5,1模式：罕见铠甲的重靴,63419,16,2825,1536,2156356,37103,3,43000,2,42210,1,39101,1,,,,,,,,
7820,2,5,2模式：罕见铠甲的重靴,63420,16,2825,1536,2156357,37103,3,43000,2,42210,1,39101,1,,,,,,,,
7821,2,5,模式：长靴破旧的,63421,21,368,1326,2156451,37104,3,,,,,,,,,,,,,,
7822,2,5,1模式：重型普通靴,63422,21,688,1458,2156452,37104,3,42201,1,,,,,,,,,,,,
7823,2,5,2模式：重型普通靴,63423,21,688,1458,2156453,37104,3,42201,1,,,,,,,,,,,,
7824,2,5,1模式：大雨高级的,63424,21,1008,1986,2156454,37104,3,42201,1,42210,1,,,,,,,,,,
7825,2,5,2模式：大雨高级的,63425,21,1008,1986,2156455,37104,3,42201,1,42210,1,,,,,,,,,,
7826,2,5,1模式：在一个难得的大雨,63426,21,2327,2646,2156456,37104,3,43001,1,42210,1,39101,1,,,,,,,,
7827,2,5,2模式：在一个难得的大雨,63427,21,2327,2646,2156457,37104,3,43001,1,42210,1,39101,1,,,,,,,,
7828,2,5,模式：大雨破旧的,63428,26,460,2028,2156551,37105,3,,,,,,,,,,,,,,
7829,2,5,1模式：大雨平庸的,63429,26,960,2232,2156552,37105,3,42202,1,,,,,,,,,,,,
7830,2,5,2模式：大雨平庸的,63430,26,960,2232,2156553,37105,3,42202,1,,,,,,,,,,,,
7831,2,5,1模式：大雨高级的,63431,26,1460,3042,2156554,37105,3,42202,1,42210,1,,,,,,,,,,
7832,2,5,2模式：大雨高级的,63432,26,1460,3042,2156555,37105,3,42202,1,42210,1,,,,,,,,,,
7833,2,5,1模式：大雨罕见的,63433,26,6200,4056,2156556,37105,3,43001,1,42210,2,39101,1,,,,,,,,
7834,2,5,2模式：大雨罕见的,63434,26,6200,4056,2156557,37105,3,43001,1,42210,2,39101,1,,,,,,,,
7835,2,5,模式：大雨寒酸不屈,63435,30,552,2700,2156651,37106,2,,,,,,,,,,,,,,
7836,2,5,1模式：普通刚毅厚重的靴子,63436,30,1152,2970,2156652,37106,3,42202,1,,,,,,,,,,,,
7837,2,5,2模式：普通刚毅厚重的靴子,63437,30,1152,2970,2156653,37106,3,42202,1,,,,,,,,,,,,
7838,2,5,1模式：高级的不屈不挠大雨,63438,30,1752,4050,2156654,37106,3,42202,1,42210,2,,,,,,,,,,
7839,2,5,2模式：高级的不屈不挠大雨,63439,30,1752,4050,2156655,37106,3,42202,1,42210,2,,,,,,,,,,
7840,2,5,1模式：重稀土刚毅靴,63440,30,4740,5400,2156656,37106,3,43002,1,42210,2,39101,1,,,,,,,,
7841,2,5,2模式：重稀土刚毅靴,63441,30,4740,5400,2156657,37106,3,43002,1,42210,2,39101,1,,,,,,,,
7842,2,5,1模式：大雨特刚毅,63442,30,8274,8100,2156658,37106,4,43015,1,42210,3,39101,2,,,,,,,,
7843,2,5,2模式：特别坚韧的大雨,63443,30,8274,8100,2156659,37106,4,43015,1,42210,3,39101,2,,,,,,,,
7844,2,5,模式：长靴破旧的耐性的,63444,35,644,3678,2156751,37107,2,,,,,,,,,,,,,,
7845,2,5,1模式：重型普通耐性的靴,63445,35,1484,4044,2156752,37107,3,42203,1,,,,,,,,,,,,
7846,2,5,2模式：重型普通耐性的靴,63446,35,1484,4044,2156753,37107,3,42203,1,,,,,,,,,,,,
7847,2,5,1模式：大雨高级的耐性的,63447,35,2324,5514,2156754,37107,3,42203,1,42210,2,,,,,,,,,,
7848,2,5,2模式：大雨高级的耐性的,63448,35,2324,5514,2156755,37107,3,42203,1,42210,2,,,,,,,,,,
7849,2,5,1模式：罕见的耐性的沉重的靴子,63449,35,5333,7350,2156756,37107,3,43002,1,42210,3,39102,1,,,,,,,,
7850,2,5,2模式：罕见的耐性的沉重的靴子,63450,35,5333,7350,2156757,37107,3,43002,1,42210,3,39102,1,,,,,,,,
7851,2,5,1模式：特殊耐性的沉重的靴子,63451,35,9257,11028,2156758,37107,4,43016,1,42210,5,39102,1,,,,,,,,
7852,2,5,2模式：特殊的耐性的沉重的靴子,63452,35,9257,11028,2156759,37107,4,43016,1,42210,5,39102,1,,,,,,,,
7853,2,5,模式：长靴寒酸保护,63453,40,736,4800,2156951,37108,2,,,,,,,,,,,,,,
7854,2,5,1模式：普通保护沉重的靴子,63454,40,1696,5280,2156952,37108,3,42203,1,,,,,,,,,,,,
7855,2,5,2模式：普通保护沉重的靴子,63455,40,1696,5280,2156953,37108,3,42203,1,,,,,,,,,,,,
7856,2,5,1模式：大雨高级的保护,63456,40,2656,7200,2156954,37108,3,42203,1,42210,3,,,,,,,,,,
7857,2,5,2模式：大雨高级的保护,63457,40,2656,7200,2156955,37108,3,42203,1,42210,3,,,,,,,,,,
7858,2,5,1模式：罕见的沉重的靴子保护,63458,40,6094,9600,2156956,37108,3,43003,1,42210,4,39102,1,,,,,,,,
7859,2,5,2模式：罕见的沉重的靴子保护,63459,40,6094,9600,2156957,37108,3,43003,1,42210,4,39102,1,,,,,,,,
7860,2,5,1模式：特殊保护的沉重的靴子,63460,40,10580,14400,2156958,37108,4,43017,1,42210,6,39102,1,,,,,,,,
7861,2,5,2模式：特殊保护的沉重的靴子,63461,40,10580,14400,2156959,37108,4,43017,1,42210,6,39102,1,,,,,,,,
7862,2,5,模式：的重靴,63462,45,828,6078,2157151,37109,2,,,,,,,,,,,,,,
7863,2,5,1模式：普通牧民沉重的靴子,63463,45,2088,6684,2157152,37109,3,42204,1,,,,,,,,,,,,
7864,2,5,2模式：普通牧民沉重的靴子,63464,45,2088,6684,2157153,37109,3,42204,1,,,,,,,,,,,,
7865,2,5,1模式：高级的守护的重靴,63465,45,3348,9114,2157154,37109,3,42204,1,42210,4,,,,,,,,,,
7866,2,5,2模式：高级的了沉重的靴子,63466,45,3348,9114,2157155,37109,3,42204,1,42210,4,,,,,,,,,,
7867,2,5,1模式：重罕见遵守靴,63467,45,7666,12150,2157156,37109,3,43003,1,42210,5,39102,1,,,,,,,,
7868,2,5,2模式：重罕见遵守靴,63468,45,7666,12150,2157157,37109,3,43003,1,42210,5,39102,1,,,,,,,,
7869,2,5,1模式：特殊的纪念沉重的靴子,63469,45,13522,18228,2157158,37109,4,43018,1,42210,7,39102,1,,,,,,,,
7870,2,5,2模式：特殊的纪念沉重的靴子,63470,45,13522,18228,2157159,37109,4,43018,1,42210,7,39102,1,,,,,,,,
7871,2,5,模式：长靴寒碜不朽,63471,50,920,7500,2157351,37110,2,,,,,,,,,,,,,,
7872,2,5,1模式：普通不朽的重靴,63472,50,2320,8250,2157352,37110,3,42204,1,,,,,,,,,,,,
7873,2,5,2模式：普通不朽的重靴,63473,50,2320,8250,2157353,37110,3,42204,1,,,,,,,,,,,,
7874,2,5,1模式：大雨高级的不朽,63474,50,3720,11250,2157354,37110,3,42204,1,42210,5,,,,,,,,,,
7875,2,5,2模式：大雨高级的不朽,63475,50,3720,11250,2157355,37110,3,42204,1,42210,5,,,,,,,,,,
7876,2,5,1模式：罕见的不朽沉重的靴子,63476,50,8518,15000,2157356,37110,3,43004,1,42210,6,39102,1,,,,,,,,
7877,2,5,2模式：罕见的不朽沉重的靴子,63477,50,8518,15000,2157357,37110,3,43004,1,42210,6,39102,1,,,,,,,,
7878,2,5,1模式：特殊不朽沉重的靴子,63478,50,16208,22500,2157358,37110,4,43019,1,42210,9,39102,1,,,,,,,,
7879,2,5,2模式：特殊不朽沉重的靴子,63479,50,16208,22500,2157359,37110,4,43019,1,42210,9,39102,1,,,,,,,,
7880,2,5,模式：长靴寒碜不朽,63480,55,1012,9078,2157551,37111,2,,,,,,,,,,,,,,
7881,2,5,1模式：普通不朽的重靴,63481,55,2772,9984,2157552,37111,3,42212,1,,,,,,,,,,,,
7882,2,5,2模式：普通不朽的重靴,63482,55,2772,9984,2157553,37111,3,42212,1,,,,,,,,,,,,
7883,2,5,1模式：大雨高级的不朽,63483,55,4172,13614,2157554,37111,3,42212,1,42210,6,,,,,,,,,,
7884,2,5,2模式：大雨高级的不朽,63484,55,4172,13614,2157555,37111,3,42212,1,42210,6,,,,,,,,,,
7885,2,5,1模式：罕见的不朽沉重的靴子,63485,55,10360,18150,2157556,37111,3,43004,2,42210,7,39103,1,,,,,,,,
7886,2,5,2模式：罕见的不朽沉重的靴子,63486,55,10360,18150,2157557,37111,3,43004,2,42210,7,39103,1,,,,,,,,
7887,2,5,1模式：特殊不朽沉重的靴子,63487,55,19808,27228,2157558,37111,4,43019,4,42210,11,39103,1,,,,,,,,
7888,2,5,2模式：特殊不朽沉重的靴子,63488,55,19808,27228,2157559,37111,4,43019,4,42210,11,39103,1,,,,,,,,
8000,2,6,模式：不起眼的披风,63500,1,92,96,2160151,37100,3,,,,,,,,,,,,,,
8001,2,6,1模式：普通披风,63501,1,152,108,2160152,37100,3,42200,1,,,,,,,,,,,,
8002,2,6,2模式：普通披风,63502,1,152,108,2160153,37100,3,42200,1,,,,,,,,,,,,
8003,2,6,1模式：高级的学员披风,63503,4,212,144,2160154,37100,3,42200,1,42211,1,,,,,,,,,,
8004,2,6,2模式：高级的学员披风,63504,4,212,144,2160155,37100,3,42200,1,42211,1,,,,,,,,,,
8005,2,6,1模式：罕见的披风,63505,4,492,192,2160156,37100,3,43000,1,42211,1,39100,1,,,,,,,,
8006,2,6,2模式：罕见的披风,63506,4,492,192,2160157,37100,3,43000,1,42211,1,39100,1,,,,,,,,
8007,2,6,模式：破旧的披风,63507,9,184,486,2160251,37102,4,,,,,,,,,,,,,,
8008,2,6,1模式：普通的披风,63508,9,304,540,2160252,37102,4,42200,1,,,,,,,,,,,,
8009,2,6,2模式：普通的披风,63509,9,304,540,2160253,37102,4,42200,1,,,,,,,,,,,,
8010,2,6,1模式：高级的披风,63510,9,424,732,2160254,37102,4,42200,1,42211,1,,,,,,,,,,
8011,2,6,2模式：高级的披风,63511,9,424,732,2160255,37102,4,42200,1,42211,1,,,,,,,,,,
8012,2,6,1模式：罕见的专家披风,63512,9,1220,972,2160256,37102,5,43000,1,42211,1,39100,2,,,,,,,,
8013,2,6,2模式：罕见的专家披风,63513,9,1220,972,2160257,37102,5,43000,1,42211,1,39100,2,,,,,,,,
8014,2,6,模式：铠甲披风,63514,14,276,1176,2160351,37103,4,,,,,,,,,,,,,,
8015,2,6,1模式：普通铠甲披风,63515,14,516,1296,2160352,37103,4,42201,1,,,,,,,,,,,,
8016,2,6,2模式：普通铠甲披风,63516,14,516,1296,2160353,37103,4,42201,1,,,,,,,,,,,,
8017,2,6,1模式：高级的铠甲披风,63517,14,756,1764,2160354,37103,5,42201,1,42211,1,,,,,,,,,,
8018,2,6,2模式：高级的铠甲披风,63518,14,756,1764,2160355,37103,5,42201,1,42211,1,,,,,,,,,,
8019,2,6,1模式：罕见铠甲披风,63519,14,2825,2352,2160356,37103,5,43000,3,42211,1,39101,1,,,,,,,,
8020,2,6,2模式：罕见铠甲披风,63520,14,2825,2352,2160357,37103,5,43000,3,42211,1,39101,1,,,,,,,,
8021,2,6,模式：破旧的披风,63521,19,368,2166,2160451,37104,4,,,,,,,,,,,,,,
8022,2,6,1模式：普通披风,63522,19,688,2388,2160452,37104,5,42201,1,,,,,,,,,,,,
8023,2,6,2模式：普通披风,63523,19,688,2388,2160453,37104,5,42201,1,,,,,,,,,,,,
8024,2,6,1模式：高级的披风,63524,19,1008,3252,2160454,37104,5,42201,1,42211,1,,,,,,,,,,
8025,2,6,2模式：高级的披风,63525,19,1008,3252,2160455,37104,5,42201,1,42211,1,,,,,,,,,,
8026,2,6,1模式：罕见披风,63526,19,2327,4332,2160456,37104,5,43001,1,42211,2,39101,1,,,,,,,,
8027,2,6,2模式：罕见披风,63527,19,2327,4332,2160457,37104,5,43001,1,42211,2,39101,1,,,,,,,,
8028,2,6,模式：破旧的披风,63528,24,460,3456,2160551,37105,5,,,,,,,,,,,,,,
8029,2,6,1模式：普通披风,63529,24,960,3804,2160552,37105,5,42202,1,,,,,,,,,,,,
8030,2,6,2模式：普通披风,63530,24,960,3804,2160553,37105,5,42202,1,,,,,,,,,,,,
8031,2,6,1模式：披风高级的,63531,24,1460,5184,2160554,37105,5,42202,1,42211,2,,,,,,,,,,
8032,2,6,2模式：披风高级的,63532,24,1460,5184,2160555,37105,5,42202,1,42211,2,,,,,,,,,,
8033,2,6,1模式：斗篷,63533,24,6200,6912,2160556,37105,5,43001,2,42211,3,39101,2,,,,,,,,
8034,2,6,2模式：斗篷,63534,24,6200,6912,2160557,37105,5,43001,2,42211,3,39101,2,,,,,,,,
8035,2,6,模式：不屈的破旧斗篷,63535,30,552,5400,2160651,37106,5,,,,,,,,,,,,,,
8036,2,6,1模式：普通不屈披风,63536,30,1152,5940,2160652,37106,5,42202,1,,,,,,,,,,,,
8037,2,6,2模式：普通不屈披风,63537,30,1152,5940,2160653,37106,5,42202,1,,,,,,,,,,,,
8038,2,6,1模式：不屈披风高级的,63538,30,1752,8100,2160654,37106,6,42202,1,42211,3,,,,,,,,,,
8039,2,6,2模式：不屈披风高级的,63539,30,1752,8100,2160655,37106,6,42202,1,42211,3,,,,,,,,,,
8040,2,6,1模式：斗篷,63540,30,4740,10800,2160656,37106,6,43002,1,42211,4,39101,3,,,,,,,,
8041,2,6,2模式：斗篷,63541,30,4740,10800,2160657,37106,6,43002,1,42211,4,39101,3,,,,,,,,
8042,2,6,1模式：不屈披风特,63542,30,8274,16200,2160658,37106,7,43015,2,42211,7,39101,4,,,,,,,,
8043,2,6,2模式：不屈披风特,63543,30,8274,16200,2160659,37106,7,43015,2,42211,7,39101,4,,,,,,,,
8044,2,6,模式：破旧的耐性的披风,63544,35,644,7350,2160751,37107,5,,,,,,,,,,,,,,
8045,2,6,1模式：普通耐性的披风,63545,35,1484,8088,2160752,37107,5,42203,1,,,,,,,,,,,,
8046,2,6,2模式：普通耐性的披风,63546,35,1484,8088,2160753,37107,5,42203,1,,,,,,,,,,,,
8047,2,6,1模式：高级的耐性的披风,63547,35,2324,11028,2160754,37107,6,42203,1,42211,5,,,,,,,,,,
8048,2,6,2模式：高级的耐性的披风,63548,35,2324,11028,2160755,37107,6,42203,1,42211,5,,,,,,,,,,
8049,2,6,1模式：罕见的耐性的披风,63549,35,5333,14700,2160756,37107,6,43002,2,42211,6,39102,1,,,,,,,,
8050,2,6,2模式：罕见的耐性的披风,63550,35,5333,14700,2160757,37107,6,43002,2,42211,6,39102,1,,,,,,,,
8051,2,6,1模式：特殊耐性的披风,63551,35,9257,22050,2160758,37107,7,43016,2,42211,9,39102,1,,,,,,,,
8052,2,6,2模式：特殊耐性的披风,63552,35,9257,22050,2160759,37107,7,43016,2,42211,9,39102,1,,,,,,,,
8053,2,6,模式：破旧的保护披风,63553,40,736,9600,2160951,37108,5,,,,,,,,,,,,,,
8054,2,6,1模式：普通保护披风,63554,40,1696,10560,2160952,37108,5,42203,1,,,,,,,,,,,,
8055,2,6,2模式：普通保护披风,63555,40,1696,10560,2160953,37108,5,42203,1,,,,,,,,,,,,
8056,2,6,1模式：高级的保护披风,63556,40,2656,14400,2160954,37108,6,42203,1,42211,6,,,,,,,,,,
8057,2,6,2模式：高级的保护披风,63557,40,2656,14400,2160955,37108,6,42203,1,42211,6,,,,,,,,,,
8058,2,6,1模式：稀有披风保护,63558,40,6094,19200,2160956,37108,6,43003,1,42211,8,39102,1,,,,,,,,
8059,2,6,2模式：稀有披风保护,63559,40,6094,19200,2160957,37108,6,43003,1,42211,8,39102,1,,,,,,,,
8060,2,6,1模式：特别保护披风,63560,40,10580,28800,2160958,37108,7,43017,2,42211,12,39102,1,,,,,,,,
8061,2,6,2模式：特别保护披风,63561,40,10580,28800,2160959,37108,7,43017,2,42211,12,39102,1,,,,,,,,
8062,2,6,模式：破旧的外衣,63562,45,828,12150,2161151,37109,5,,,,,,,,,,,,,,
8063,2,6,1模式：普通牧民披风,63563,45,2088,13368,2161152,37109,5,42204,1,,,,,,,,,,,,
8064,2,6,2模式：普通牧民披风,63564,45,2088,13368,2161153,37109,5,42204,1,,,,,,,,,,,,
8065,2,6,1模式：高级的披风,63565,45,3348,18228,2161154,37109,6,42204,1,42211,7,,,,,,,,,,
8066,2,6,2模式：高级的披风,63566,45,3348,18228,2161155,37109,6,42204,1,42211,7,,,,,,,,,,
8067,2,6,1模式：稀有披风,63567,45,7666,24300,2161156,37109,6,43003,2,42211,10,39102,1,,,,,,,,
8068,2,6,2模式：稀有披风,63568,45,7666,24300,2161157,37109,6,43003,2,42211,10,39102,1,,,,,,,,
8069,2,6,1模式：特殊纪念披风,63569,45,13522,36450,2161158,37109,7,43018,2,42211,15,39102,2,,,,,,,,
8070,2,6,2模式：特殊纪念披风,63570,45,13522,36450,2161159,37109,7,43018,2,42211,15,39102,2,,,,,,,,
8071,2,6,模式：不朽的破旧斗篷,63571,50,920,15000,2161351,37110,5,,,,,,,,,,,,,,
8072,2,6,1模式：普通不朽的披风,63572,50,2320,16500,2161352,37110,5,42204,1,,,,,,,,,,,,
8073,2,6,2模式：普通不朽的披风,63573,50,2320,16500,2161353,37110,5,42204,1,,,,,,,,,,,,
8074,2,6,1模式：高级的不朽的披风,63574,50,3720,22500,2161354,37110,6,42204,1,42211,9,,,,,,,,,,
8075,2,6,2模式：不朽的高级的外衣,63575,50,3720,22500,2161355,37110,6,42204,1,42211,9,,,,,,,,,,
8076,2,6,1模式：罕见的不朽的披风,63576,50,8518,30000,2161356,37110,6,43004,1,42211,12,39102,1,,,,,,,,
8077,2,6,2模式：罕见的不朽的披风,63577,50,8518,30000,2161357,37110,6,43004,1,42211,12,39102,1,,,,,,,,
8078,2,6,1模式：特殊不朽披风,63578,50,16208,45000,2161358,37110,7,43019,2,42211,18,39102,2,,,,,,,,
8079,2,6,2模式：特殊不朽披风,63579,50,16208,45000,2161359,37110,7,43019,2,42211,18,39102,2,,,,,,,,
8080,2,6,模式：不朽的破旧斗篷,63580,55,1012,18150,2161551,37111,5,,,,,,,,,,,,,,
8081,2,6,1模式：普通不朽的披风,63581,55,2772,19968,2161552,37111,5,42212,1,,,,,,,,,,,,
8082,2,6,2模式：普通不朽的披风,63582,55,2772,19968,2161553,37111,5,42212,1,,,,,,,,,,,,
8083,2,6,1模式：高级的不朽的披风,63583,55,4172,27228,2161554,37111,6,42212,1,42211,11,,,,,,,,,,
8084,2,6,2模式：不朽的高级的外衣,63584,55,4172,27228,2161555,37111,6,42212,1,42211,11,,,,,,,,,,
8085,2,6,1模式：罕见的不朽的披风,63585,55,10360,36300,2161556,37111,6,43004,2,42211,15,39103,1,,,,,,,,
8086,2,6,2模式：罕见的不朽的披风,63586,55,10360,36300,2161557,37111,6,43004,2,42211,15,39103,1,,,,,,,,
8087,2,6,1模式：特殊不朽披风,63587,55,19808,54450,2161558,37111,7,43019,4,42211,22,39103,1,,,,,,,,
8088,2,6,2模式：特殊不朽披风,63588,55,19808,54450,2161559,37111,7,43019,4,42211,22,39103,1,,,,,,,,
10000,2,1,模式：一个不起眼的学徒护腿铠甲的头部保护,65000,1,92,120,2410151,37101,4,,,,,,,,,,,,,,
10001,2,1,1模式：普通护腿铠甲头部保护,65001,1,152,132,2410152,37101,4,42200,1,,,,,,,,,,,,
10002,2,1,2模式：普通护腿铠甲头部保护,65002,1,152,132,2410153,37101,4,42200,1,,,,,,,,,,,,
10003,2,1,1模式：高级的巴德头部保护,65003,5,212,180,2410154,37101,4,42200,1,42210,1,,,,,,,,,,
10004,2,1,2模式：高级的巴德头部保护,65004,5,212,180,2410155,37101,4,42200,1,42210,1,,,,,,,,,,
10005,2,1,1模式：罕见的头部保护护腿铠甲,65005,5,492,240,2410156,37101,4,43000,1,42210,1,39100,1,,,,,,,,
10006,2,1,2模式：罕见的头部保护护腿铠甲,65006,5,492,240,2410157,37101,4,43000,1,42210,1,39100,1,,,,,,,,
10007,2,1,模式：护腿铠甲的技能破旧的头部保护,65007,10,184,480,2410251,37102,4,,,,,,,,,,,,,,
10008,2,1,1模式：的护腿铠甲头的普通准备金,65008,10,304,528,2410252,37102,4,42200,1,,,,,,,,,,,,
10009,2,1,2模式：保护普通技术护腿铠甲头,65009,10,304,528,2410253,37102,4,42200,1,,,,,,,,,,,,
10010,2,1,1模式：高级的的头发的护腿铠甲保护,65010,10,424,720,2410254,37102,4,42200,1,42210,1,,,,,,,,,,
10011,2,1,2模式：高级的的头发的护腿铠甲保护,65011,10,424,720,2410255,37102,4,42200,1,42210,1,,,,,,,,,,
10012,2,1,1模式：的护腿铠甲头的罕见储备,65012,10,1220,960,2410256,37102,5,43000,1,42210,1,39100,2,,,,,,,,
10013,2,1,2模式：的护腿铠甲头的罕见储备,65013,10,1220,960,2410257,37102,5,43000,1,42210,1,39100,2,,,,,,,,
10014,2,1,模式：护腿铠甲铠甲破旧的头部保护,65014,15,276,1080,2410351,37103,4,,,,,,,,,,,,,,
10015,2,1,1模式：普通铠甲头部保护护腿铠甲,65015,15,516,1188,2410352,37103,4,42201,1,,,,,,,,,,,,
10016,2,1,2模式：护腿铠甲普通铠甲头部保护,65016,15,516,1188,2410353,37103,4,42201,1,,,,,,,,,,,,
10017,2,1,1模式：护腿铠甲头部防护高级的铠甲,65017,15,756,1620,2410354,37103,4,42201,1,42210,1,,,,,,,,,,
10018,2,1,2模式：护腿铠甲头部防护高级的铠甲,65018,15,756,1620,2410355,37103,4,42201,1,42210,1,,,,,,,,,,
10019,2,1,1模式：罕见铠甲的头部保护护腿铠甲,65019,15,2825,2160,2410356,37103,5,43000,2,42210,1,39101,1,,,,,,,,
10020,2,1,2模式：罕见铠甲的头部保护护腿铠甲,65020,15,2825,2160,2410357,37103,5,43000,2,42210,1,39101,1,,,,,,,,
10021,2,1,模式：护腿铠甲的寒酸头储备,65021,20,368,1920,2410451,37104,4,,,,,,,,,,,,,,
10022,2,1,1模式：护腿铠甲头部保护普通意向,65022,20,688,2112,2410452,37104,4,42201,1,,,,,,,,,,,,
10023,2,1,2模式：护腿铠甲头部保护普通意向,65023,20,688,2112,2410453,37104,4,42201,1,,,,,,,,,,,,
10024,2,1,1模式：护腿铠甲头部防护高级的,65024,20,1008,2880,2410454,37104,4,42201,1,42210,1,,,,,,,,,,
10025,2,1,2模式：护腿铠甲头部防护高级的,65025,20,1008,2880,2410455,37104,4,42201,1,42210,1,,,,,,,,,,
10026,2,1,1模式：头部保护了难得的护腿铠甲,65026,20,2327,3840,2410456,37104,5,43001,1,42210,2,39101,1,,,,,,,,
10027,2,1,2模式：头部保护了难得的护腿铠甲,65027,20,2327,3840,2410457,37104,5,43001,1,42210,2,39101,1,,,,,,,,
10028,2,1,模式：破旧的护腿铠甲头部保护,65028,25,460,3000,2410551,37105,4,,,,,,,,,,,,,,
10029,2,1,1模式：护腿铠甲头部保护普通坚韧,65029,25,960,3300,2410552,37105,4,42202,1,,,,,,,,,,,,
10030,2,1,2模式：纯护腿铠甲头部保护,65030,25,960,3300,2410553,37105,4,42202,1,,,,,,,,,,,,
10031,2,1,1模式：高级的巴德头部保护,65031,25,1460,4500,2410554,37105,4,42202,1,42210,2,,,,,,,,,,
10032,2,1,2模式：高级的巴德头部保护,65032,25,1460,4500,2410555,37105,4,42202,1,42210,2,,,,,,,,,,
10033,2,1,1模式：护腿铠甲头部保护的珍稀坚韧,65033,25,6200,6000,2410556,37105,5,43001,2,42210,2,39101,2,,,,,,,,
10034,2,1,2模式：护腿铠甲头部保护的珍稀坚韧,65034,25,6200,6000,2410557,37105,5,43001,2,42210,2,39101,2,,,,,,,,
10035,2,1,模式：不屈的护腿铠甲破旧的头部保护,65035,30,552,4320,2410651,37106,4,,,,,,,,,,,,,,
10036,2,1,1模式：普通坚韧的护腿铠甲头部保护,65036,30,1152,4752,2410652,37106,4,42202,1,,,,,,,,,,,,
10037,2,1,2模式：普通坚韧的护腿铠甲头部保护,65037,30,1152,4752,2410653,37106,4,42202,1,,,,,,,,,,,,
10038,2,1,1模式：高级的坚韧的护腿铠甲头部保护,65038,30,1752,6480,2410654,37106,4,42202,1,42210,3,,,,,,,,,,
10039,2,1,2模式：高级的坚韧的护腿铠甲头部保护,65039,30,1752,6480,2410655,37106,4,42202,1,42210,3,,,,,,,,,,
10040,2,1,1模式：罕见的毅力护腿铠甲头部保护,65040,30,4740,8640,2410656,37106,5,43002,1,42210,4,39101,2,,,,,,,,
10041,2,1,2模式：罕见的毅力护腿铠甲头部保护,65041,30,4740,8640,2410657,37106,5,43002,1,42210,4,39101,2,,,,,,,,
10042,2,1,1模式：特别坚韧的护腿铠甲头部保护,65042,30,8274,12960,2410658,37106,6,43015,2,42210,5,39101,3,,,,,,,,
10043,2,1,2模式：特别坚韧的护腿铠甲头部保护,65043,30,8274,12960,2410659,37106,6,43015,2,42210,5,39101,3,,,,,,,,
10044,2,1,模式：护腿铠甲的毅力寒酸头储备,65044,35,644,5880,2410751,37107,4,,,,,,,,,,,,,,
10045,2,1,1模式：耐性的护腿铠甲头的普通准备金,65045,35,1484,6468,2410752,37107,4,42203,1,,,,,,,,,,,,
10046,2,1,2模式：耐性的护腿铠甲头的普通准备金,65046,35,1484,6468,2410753,37107,4,42203,1,,,,,,,,,,,,
10047,2,1,1模式：高级的耐性的护腿铠甲头部保护,65047,35,2324,8820,2410754,37107,4,42203,1,42210,4,,,,,,,,,,
10048,2,1,2模式：高级的耐性的护腿铠甲头部保护,65048,35,2324,8820,2410755,37107,4,42203,1,42210,4,,,,,,,,,,
10049,2,1,1模式：罕见的耐性的头部保护护腿铠甲,65049,35,5333,11760,2410756,37107,5,43002,1,42210,5,39102,1,,,,,,,,
10050,2,1,2模式：罕见的耐性的头部保护护腿铠甲,65050,35,5333,11760,2410757,37107,5,43002,1,42210,5,39102,1,,,,,,,,
10051,2,1,1模式：特殊的忍护腿铠甲头部保护,65051,35,9257,17640,2410758,37107,6,43016,2,42210,7,39102,1,,,,,,,,
10052,2,1,2模式：特殊的忍护腿铠甲头部保护,65052,35,9257,17640,2410759,37107,6,43016,2,42210,7,39102,1,,,,,,,,
10053,2,1,模式：护腿铠甲储备寒碜头部保护,65053,40,736,7680,2410951,37108,4,,,,,,,,,,,,,,
10054,2,1,1模式：护腿铠甲的头平原保护储备,65054,40,1696,8448,2410952,37108,4,42203,1,,,,,,,,,,,,
10055,2,1,2模式：护腿铠甲的头平原保护储备,65055,40,1696,8448,2410953,37108,4,42203,1,,,,,,,,,,,,
10056,2,1,1模式：护腿铠甲头部防护高级的保护,65056,40,2656,11520,2410954,37108,4,42203,1,42210,5,,,,,,,,,,
10057,2,1,2模式：护腿铠甲头部防护高级的保护,65057,40,2656,11520,2410955,37108,4,42203,1,42210,5,,,,,,,,,,
10058,2,1,1模式：护腿铠甲头部保护的珍稀,65058,40,6094,15360,2410956,37108,5,43003,1,42210,6,39102,1,,,,,,,,
10059,2,1,2模式：护腿铠甲头部保护的珍稀,65059,40,6094,15360,2410957,37108,5,43003,1,42210,6,39102,1,,,,,,,,
10060,2,1,1模式：特别保护头部保护护腿铠甲,65060,40,10580,23040,2410958,37108,6,43017,2,42210,9,39102,1,,,,,,,,
10061,2,1,2模式：特别保护头部保护护腿铠甲,65061,40,10580,23040,2410959,37108,6,43017,2,42210,9,39102,1,,,,,,,,
10062,2,1,模式：巴德寒酸头储备,65062,45,828,9720,2411151,37109,4,,,,,,,,,,,,,,
10063,2,1,1模式：普通的牧民头部保护护腿铠甲,65063,45,2088,10692,2411152,37109,4,42204,1,,,,,,,,,,,,
10064,2,1,2模式：普通的牧民头部保护护腿铠甲,65064,45,2088,10692,2411153,37109,4,42204,1,,,,,,,,,,,,
10065,2,1,1模式：奢华的护腿铠甲头部保护,65065,45,3348,14580,2411154,37109,4,42204,1,42210,6,,,,,,,,,,
10066,2,1,2模式：奢华的护腿铠甲头部保护,65066,45,3348,14580,2411155,37109,4,42204,1,42210,6,,,,,,,,,,
10067,2,1,1模式：头部护腿铠甲的罕见储备,65067,45,7666,19440,2411156,37109,5,43003,1,42210,8,39102,1,,,,,,,,
10068,2,1,2模式：头部护腿铠甲的罕见储备,65068,45,7666,19440,2411157,37109,5,43003,1,42210,8,39102,1,,,,,,,,
10069,2,1,1模式：巴德专项储备的头,65069,45,13522,29160,2411158,37109,6,43018,2,42210,12,39102,1,,,,,,,,
10070,2,1,2模式：护腿铠甲专项储备的头,65070,45,13522,29160,2411159,37109,6,43018,2,42210,12,39102,1,,,,,,,,
10071,2,1,模式：不起眼的不朽的护腿铠甲头部保护,65071,50,920,12000,2411351,37110,4,,,,,,,,,,,,,,
10072,2,1,1模式：不朽的护腿铠甲头上的普通准备金,65072,50,2320,13200,2411352,37110,4,42204,1,,,,,,,,,,,,
10073,2,1,2模式：不朽的护腿铠甲头上的普通准备金,65073,50,2320,13200,2411353,37110,4,42204,1,,,,,,,,,,,,
10074,2,1,1模式：头部防护高级的不朽的护腿铠甲,65074,50,3720,18000,2411354,37110,4,42204,1,42210,7,,,,,,,,,,
10075,2,1,2模式：头部防护高级的不朽的护腿铠甲,65075,50,3720,18000,2411355,37110,4,42204,1,42210,7,,,,,,,,,,
10076,2,1,1模式：头部保护稀有不朽的护腿铠甲,65076,50,8518,24000,2411356,37110,5,43004,1,42210,10,39102,1,,,,,,,,
10077,2,1,2模式：头部保护稀有不朽的护腿铠甲,65077,50,8518,24000,2411357,37110,5,43004,1,42210,10,39102,1,,,,,,,,
10078,2,1,1模式：专项储备的不朽的护腿铠甲头,65078,50,16208,36000,2411358,37110,6,43019,2,42210,15,39102,2,,,,,,,,
10079,2,1,2模式：专项储备的不朽的护腿铠甲头,65079,50,16208,36000,2411359,37110,6,43019,2,42210,15,39102,2,,,,,,,,
10080,2,1,模式：不起眼的不朽的护腿铠甲头部保护,65080,55,1012,14520,2411551,37111,4,,,,,,,,,,,,,,
10081,2,1,1模式：不朽的护腿铠甲头上的普通准备金,65081,55,2772,15972,2411552,37111,4,42212,1,,,,,,,,,,,,
10082,2,1,2模式：不朽的护腿铠甲头上的普通准备金,65082,55,2772,15972,2411553,37111,4,42212,1,,,,,,,,,,,,
10083,2,1,1模式：头部防护高级的不朽的护腿铠甲,65083,55,4172,21780,2411554,37111,4,42212,1,42210,9,,,,,,,,,,
10084,2,1,2模式：头部防护高级的不朽的护腿铠甲,65084,55,4172,21780,2411555,37111,4,42212,1,42210,9,,,,,,,,,,
10085,2,1,1模式：头部保护稀有不朽的护腿铠甲,65085,55,10360,29040,2411556,37111,5,43004,2,42210,12,39103,1,,,,,,,,
10086,2,1,2模式：头部保护稀有不朽的护腿铠甲,65086,55,10360,29040,2411557,37111,5,43004,2,42210,12,39103,1,,,,,,,,
10087,2,1,1模式：专项储备的不朽的护腿铠甲头,65087,55,19808,43560,2411558,37111,6,43019,4,42210,18,39103,1,,,,,,,,
10088,2,1,2模式：专项储备的不朽的护腿铠甲头,65088,55,19808,43560,2411559,37111,6,43019,4,42210,18,39103,1,,,,,,,,
10200,2,1,模式：格里夫斯球场的破旧的,65100,1,92,120,2413151,37101,4,,,,,,,,,,,,,,
10201,2,1,1模式：普通的投球铠甲,65101,1,152,132,2413152,37101,4,42200,1,,,,,,,,,,,,
10202,2,1,2模式：普通的投球铠甲,65102,1,152,132,2413153,37101,4,42200,1,,,,,,,,,,,,
10203,2,1,1模式：高级的学员球场格里夫斯,65103,5,212,180,2413154,37101,4,42200,1,42210,1,,,,,,,,,,
10204,2,1,2模式：高级的学员球场格里夫斯,65104,5,212,180,2413155,37101,4,42200,1,42210,1,,,,,,,,,,
10205,2,1,1模式：格里夫斯头盔一个难得的实践者,65105,5,492,240,2413156,37101,4,43000,1,42210,1,39100,1,,,,,,,,
10206,2,1,2模式：学员格里夫斯稀有头盔,65106,5,492,240,2413157,37101,4,43000,1,42210,1,39100,1,,,,,,,,
10207,2,1,模式：格里夫斯谦虚的人精于投球,65107,10,184,480,2413251,37102,4,,,,,,,,,,,,,,
10208,2,1,1模式：普通技术沥青的铠甲,65108,10,304,528,2413252,37102,4,42200,1,,,,,,,,,,,,
10209,2,1,2模式：普通技术沥青的铠甲,65109,10,304,528,2413253,37102,4,42200,1,,,,,,,,,,,,
10210,2,1,1模式：高级的球场格里夫斯,65110,10,424,720,2413254,37102,4,42200,1,42210,1,,,,,,,,,,
10211,2,1,2模式：高级的球场格里夫斯,65111,10,424,720,2413255,37102,4,42200,1,42210,1,,,,,,,,,,
10212,2,1,1模式：格里夫斯稀有头盔技能,65112,10,1220,960,2413256,37102,5,43000,1,42210,1,39100,2,,,,,,,,
10213,2,1,2模式：格里夫斯稀有头盔技能,65113,10,1220,960,2413257,37102,5,43000,1,42210,1,39100,2,,,,,,,,
10214,2,1,模式：格里夫斯球场破旧铠甲,65114,15,276,1080,2413351,37103,4,,,,,,,,,,,,,,
10215,2,1,1模式：平庸的投球铠甲格里夫斯,65115,15,516,1188,2413352,37103,4,42201,1,,,,,,,,,,,,
10216,2,1,2模式：平庸的投球铠甲格里夫斯,65116,15,516,1188,2413353,37103,4,42201,1,,,,,,,,,,,,
10217,2,1,1模式：格里夫斯投高级的铠甲,65117,15,756,1620,2413354,37103,4,42201,1,42210,1,,,,,,,,,,
10218,2,1,2模式：格里夫斯投高级的铠甲,65118,15,756,1620,2413355,37103,4,42201,1,42210,1,,,,,,,,,,
10219,2,1,1模式：格里夫斯稀有头盔铠甲,65119,15,2825,2160,2413356,37103,5,43000,2,42210,1,39101,1,,,,,,,,
10220,2,1,2模式：格里夫斯稀有头盔铠甲,65120,15,2825,2160,2413357,37103,5,43000,2,42210,1,39101,1,,,,,,,,
10221,2,1,模式：格里夫斯球场破旧的,65121,20,368,1920,2413451,37104,4,,,,,,,,,,,,,,
10222,2,1,1模式：平庸的投球格里夫斯,65122,20,688,2112,2413452,37104,4,42201,1,,,,,,,,,,,,
10223,2,1,2模式：平庸的投球格里夫斯,65123,20,688,2112,2413453,37104,4,42201,1,,,,,,,,,,,,
10224,2,1,1模式：格里夫斯投高级的,65124,20,1008,2880,2413454,37104,4,42201,1,42210,1,,,,,,,,,,
10225,2,1,2模式：格里夫斯投高级的,65125,20,1008,2880,2413455,37104,4,42201,1,42210,1,,,,,,,,,,
10226,2,1,1模式：格里夫斯头盔一种罕见的,65126,20,2327,3840,2413456,37104,5,43001,1,42210,2,39101,1,,,,,,,,
10227,2,1,2模式：格里夫斯头盔一种罕见的,65127,20,2327,3840,2413457,37104,5,43001,1,42210,2,39101,1,,,,,,,,
10228,2,1,模式：格里夫斯破旧的投球,65128,25,460,3000,2413551,37105,4,,,,,,,,,,,,,,
10229,2,1,1模式：平庸的投手格里夫斯,65129,25,960,3300,2413552,37105,4,42202,1,,,,,,,,,,,,
10230,2,1,2模式：平庸的投手格里夫斯,65130,25,960,3300,2413553,37105,4,42202,1,,,,,,,,,,,,
10231,2,1,1模式：高级的格里夫斯球场,65131,25,1460,4500,2413554,37105,4,42202,1,42210,2,,,,,,,,,,
10232,2,1,2模式：高级的格里夫斯球场,65132,25,1460,4500,2413555,37105,4,42202,1,42210,2,,,,,,,,,,
10233,2,1,1模式：格里夫斯球场,65133,25,6200,6000,2413556,37105,5,43001,2,42210,2,39101,2,,,,,,,,
10234,2,1,2模式：格里夫斯球场,65134,25,6200,6000,2413557,37105,5,43001,2,42210,2,39101,2,,,,,,,,
10235,2,1,模式：格里夫斯寒碜坚韧的球场,65135,30,552,4320,2413651,37106,4,,,,,,,,,,,,,,
10236,2,1,1模式：普通刚毅间距格里夫斯,65136,30,1152,4752,2413652,37106,4,42202,1,,,,,,,,,,,,
10237,2,1,2模式：普通刚毅间距格里夫斯,65137,30,1152,4752,2413653,37106,4,42202,1,,,,,,,,,,,,
10238,2,1,1模式：格里夫斯高级的坚韧的球场,65138,30,1752,6480,2413654,37106,4,42202,1,42210,3,,,,,,,,,,
10239,2,1,2模式：高级的坚韧的格里夫斯球场,65139,30,1752,6480,2413655,37106,4,42202,1,42210,3,,,,,,,,,,
10240,2,1,1模式：罕见的刚毅间距格里夫斯,65140,30,4740,8640,2413656,37106,5,43002,1,42210,4,39101,2,,,,,,,,
10241,2,1,2模式：罕见的刚毅间距格里夫斯,65141,30,4740,8640,2413657,37106,5,43002,1,42210,4,39101,2,,,,,,,,
10242,2,1,1模式：格里夫斯不屈不挠特制的头盔,65142,30,8274,12960,2413658,37106,6,43015,2,42210,5,39101,3,,,,,,,,
10243,2,1,2模式：格里夫斯不屈不挠特制的头盔,65143,30,8274,12960,2413659,37106,6,43015,2,42210,5,39101,3,,,,,,,,
10244,2,1,计划：头盔不起眼的耐性的格里夫斯的,65144,35,644,5880,2413751,37107,4,,,,,,,,,,,,,,
10245,2,1,1模式：平庸的投球耐性的格里夫斯,65145,35,1484,6468,2413752,37107,4,42203,1,,,,,,,,,,,,
10246,2,1,2模式：平庸的投球耐性的格里夫斯,65146,35,1484,6468,2413753,37107,4,42203,1,,,,,,,,,,,,
10247,2,1,1模式：格里夫斯投高级的耐性的,65147,35,2324,8820,2413754,37107,4,42203,1,42210,4,,,,,,,,,,
10248,2,1,2模式：格里夫斯投高级的耐性的,65148,35,2324,8820,2413755,37107,4,42203,1,42210,4,,,,,,,,,,
10249,2,1,1模式：格里夫斯头盔罕见的耐性的,65149,35,5333,11760,2413756,37107,5,43002,1,42210,5,39102,1,,,,,,,,
10250,2,1,2模式：格里夫斯头盔罕见的耐性的,65150,35,5333,11760,2413757,37107,5,43002,1,42210,5,39102,1,,,,,,,,
10251,2,1,1模式：特殊耐性的球场格里夫斯,65151,35,9257,17640,2413758,37107,6,43016,2,42210,7,39102,1,,,,,,,,
10252,2,1,2模式：特殊耐性的球场格里夫斯,65152,35,9257,17640,2413759,37107,6,43016,2,42210,7,39102,1,,,,,,,,
10253,2,1,模式：破旧的防护头盔,65153,40,736,7680,2413951,37108,4,,,,,,,,,,,,,,
10254,2,1,1模式：普通防护头盔的,65154,40,1696,8448,2413952,37108,4,42203,1,,,,,,,,,,,,
10255,2,1,2模式：普通防护头盔的,65155,40,1696,8448,2413953,37108,4,42203,1,,,,,,,,,,,,
10256,2,1,1模式：格里夫斯投高级的保护,65156,40,2656,11520,2413954,37108,4,42203,1,42210,5,,,,,,,,,,
10257,2,1,2模式：格里夫斯投高级的保护,65157,40,2656,11520,2413955,37108,4,42203,1,42210,5,,,,,,,,,,
10258,2,1,1模式：稀有头盔保护格里夫斯,65158,40,6094,15360,2413956,37108,5,43003,1,42210,6,39102,1,,,,,,,,
10259,2,1,2模式：稀有头盔保护格里夫斯,65159,40,6094,15360,2413957,37108,5,43003,1,42210,6,39102,1,,,,,,,,
10260,2,1,1模式：特殊的防护头盔,65160,40,10580,23040,2413958,37108,6,43017,2,42210,9,39102,1,,,,,,,,
10261,2,1,2模式：特殊的防护头盔,65161,40,10580,23040,2413959,37108,6,43017,2,42210,9,39102,1,,,,,,,,
10262,2,1,模式：格里夫斯球场破旧的饲养,65162,45,828,9720,2414151,37109,4,,,,,,,,,,,,,,
10263,2,1,1模式：平庸的投球格里夫斯,65163,45,2088,10692,2414152,37109,4,42204,1,,,,,,,,,,,,
10264,2,1,2模式：平庸的投球格里夫斯,65164,45,2088,10692,2414153,37109,4,42204,1,,,,,,,,,,,,
10265,2,1,1模式：高级的间距格里夫斯,65165,45,3348,14580,2414154,37109,4,42204,1,42210,6,,,,,,,,,,
10266,2,1,2模式：高级的间距格里夫斯,65166,45,3348,14580,2414155,37109,4,42204,1,42210,6,,,,,,,,,,
10267,2,1,1模式：格里夫斯稀有头盔,65167,45,7666,19440,2414156,37109,5,43003,1,42210,8,39102,1,,,,,,,,
10268,2,1,2模式：头盔一种罕见的遵守格里夫斯,65168,45,7666,19440,2414157,37109,5,43003,1,42210,8,39102,1,,,,,,,,
10269,2,1,1模式：特殊的纪念球场格里夫斯,65169,45,13522,29160,2414158,37109,6,43018,2,42210,12,39102,1,,,,,,,,
10270,2,1,2模式：特殊的纪念球场格里夫斯,65170,45,13522,29160,2414159,37109,6,43018,2,42210,12,39102,1,,,,,,,,
10271,2,1,模式：头盔寒碜不朽格里夫斯,65171,50,920,12000,2414351,37110,4,,,,,,,,,,,,,,
10272,2,1,1模式：普通的投球腿甲不朽,65172,50,2320,13200,2414352,37110,4,42204,1,,,,,,,,,,,,
10273,2,1,2模式：普通的投球腿甲不朽,65173,50,2320,13200,2414353,37110,4,42204,1,,,,,,,,,,,,
10274,2,1,1模式：高级的不朽的球场格里夫斯,65174,50,3720,18000,2414354,37110,4,42204,1,42210,7,,,,,,,,,,
10275,2,1,2模式：高级的不朽的球场格里夫斯,65175,50,3720,18000,2414355,37110,4,42204,1,42210,7,,,,,,,,,,
10276,2,1,1模式：头盔罕见的不朽格里夫斯,65176,50,8518,24000,2414356,37110,5,43004,1,42210,10,39102,1,,,,,,,,
10277,2,1,2模式：头盔罕见的不朽格里夫斯,65177,50,8518,24000,2414357,37110,5,43004,1,42210,10,39102,1,,,,,,,,
10278,2,1,1模式：特殊的不朽铠甲头盔,65178,50,16208,36000,2414358,37110,6,43019,2,42210,15,39102,2,,,,,,,,
10279,2,1,2模式：特殊的不朽铠甲头盔,65179,50,16208,36000,2414359,37110,6,43019,2,42210,15,39102,2,,,,,,,,
10280,2,1,模式：头盔寒碜不朽格里夫斯,65180,55,1012,14520,2414551,37111,4,,,,,,,,,,,,,,
10281,2,1,1模式：普通的投球腿甲不朽,65181,55,2772,15972,2414552,37111,4,42212,1,,,,,,,,,,,,
10282,2,1,2模式：普通的投球腿甲不朽,65182,55,2772,15972,2414553,37111,4,42212,1,,,,,,,,,,,,
10283,2,1,1模式：高级的不朽的球场格里夫斯,65183,55,4172,21780,2414554,37111,4,42212,1,42210,9,,,,,,,,,,
10284,2,1,2模式：高级的不朽的球场格里夫斯,65184,55,4172,21780,2414555,37111,4,42212,1,42210,9,,,,,,,,,,
10285,2,1,1模式：头盔罕见的不朽格里夫斯,65185,55,10360,29040,2414556,37111,5,43004,2,42210,12,39103,1,,,,,,,,
10286,2,1,2模式：头盔罕见的不朽格里夫斯,65186,55,10360,29040,2414557,37111,5,43004,2,42210,12,39103,1,,,,,,,,
10287,2,1,1模式：特殊的不朽铠甲头盔,65187,55,19808,43560,2414558,37111,6,43019,4,42210,18,39103,1,,,,,,,,
10288,2,1,2模式：特殊的不朽铠甲头盔,65188,55,19808,43560,2414559,37111,6,43019,4,42210,18,39103,1,,,,,,,,
10400,2,1,模式：破旧的重盔,65200,1,92,120,2416151,37101,4,,,,,,,,,,,,,,
10401,2,1,1模式：普通的重盔,65201,1,152,132,2416152,37101,4,42200,1,,,,,,,,,,,,
10402,2,1,2模式：普通的重盔,65202,1,152,132,2416153,37101,4,42200,1,,,,,,,,,,,,
10403,2,1,1模式：高级的学员重盔,65203,5,212,180,2416154,37101,4,42200,1,42210,1,,,,,,,,,,
10404,2,1,2模式：高级的学员重盔,65204,5,212,180,2416155,37101,4,42200,1,42210,1,,,,,,,,,,
10405,2,1,1模式：罕见的重盔,65205,5,492,240,2416156,37101,4,43000,1,42210,1,39100,1,,,,,,,,
10406,2,1,2模式：罕见的重盔,65206,5,492,240,2416157,37101,4,43000,1,42210,1,39100,1,,,,,,,,
10407,2,1,模式：简陋的重盔,65207,10,184,480,2416251,37102,4,,,,,,,,,,,,,,
10408,2,1,1模式：普通的重盔,65208,10,304,528,2416252,37102,4,42200,1,,,,,,,,,,,,
10409,2,1,2模式：普通的重盔,65209,10,304,528,2416253,37102,4,42200,1,,,,,,,,,,,,
10410,2,1,1模式：高级的的重盔,65210,10,424,720,2416254,37102,4,42200,1,42210,1,,,,,,,,,,
10411,2,1,2模式：高级的的重盔,65211,10,424,720,2416255,37102,4,42200,1,42210,1,,,,,,,,,,
10412,2,1,1模式：稀有技能的重盔,65212,10,1220,960,2416256,37102,5,43000,1,42210,1,39100,2,,,,,,,,
10413,2,1,2模式：稀有技能的重盔,65213,10,1220,960,2416257,37102,5,43000,1,42210,1,39100,2,,,,,,,,
10414,2,1,模式：铠甲的重盔,65214,15,276,1080,2416351,37103,4,,,,,,,,,,,,,,
10415,2,1,1模式：普通铠甲重盔,65215,15,516,1188,2416352,37103,4,42201,1,,,,,,,,,,,,
10416,2,1,2模式：普通铠甲重盔,65216,15,516,1188,2416353,37103,4,42201,1,,,,,,,,,,,,
10417,2,1,1模式：高级的铠甲的重盔,65217,15,756,1620,2416354,37103,4,42201,1,42210,1,,,,,,,,,,
10418,2,1,2模式：高级的铠甲的重盔,65218,15,756,1620,2416355,37103,4,42201,1,42210,1,,,,,,,,,,
10419,2,1,1模式：罕见铠甲的重盔,65219,15,2825,2160,2416356,37103,5,43000,2,42210,1,39101,1,,,,,,,,
10420,2,1,2模式：罕见铠甲的重盔,65220,15,2825,2160,2416357,37103,5,43000,2,42210,1,39101,1,,,,,,,,
10421,2,1,模式：破旧的重盔,65221,20,368,1920,2416451,37104,4,,,,,,,,,,,,,,
10422,2,1,1模式：普通重盔,65222,20,688,2112,2416452,37104,4,42201,1,,,,,,,,,,,,
10423,2,1,2模式：普通重盔,65223,20,688,2112,2416453,37104,4,42201,1,,,,,,,,,,,,
10424,2,1,1模式：高级的重盔,65224,20,1008,2880,2416454,37104,4,42201,1,42210,1,,,,,,,,,,
10425,2,1,2模式：高级的的重盔,65225,20,1008,2880,2416455,37104,4,42201,1,42210,1,,,,,,,,,,
10426,2,1,1模式：重盔一个难得的,65226,20,2327,3840,2416456,37104,5,43001,1,42210,2,39101,1,,,,,,,,
10427,2,1,2模式：重盔一个难得的,65227,20,2327,3840,2416457,37104,5,43001,1,42210,2,39101,1,,,,,,,,
10428,2,1,模式：重型球场破旧的,65228,25,460,3000,2416551,37105,4,,,,,,,,,,,,,,
10429,2,1,1模式：重型球场平庸的,65229,25,960,3300,2416552,37105,4,42202,1,,,,,,,,,,,,
10430,2,1,2模式：重型球场平庸的,65230,25,960,3300,2416553,37105,4,42202,1,,,,,,,,,,,,
10431,2,1,1模式：重型球场高级的,65231,25,1460,4500,2416554,37105,4,42202,1,42210,2,,,,,,,,,,
10432,2,1,2模式：重型球场高级的,65232,25,1460,4500,2416555,37105,4,42202,1,42210,2,,,,,,,,,,
10433,2,1,1模式：球场的重稀土坚韧,65233,25,6200,6000,2416556,37105,5,43001,2,42210,2,39101,2,,,,,,,,
10434,2,1,2模式：沥青的重稀土坚韧,65234,25,6200,6000,2416557,37105,5,43001,2,42210,2,39101,2,,,,,,,,
10435,2,1,模式：重型球场破旧的不屈,65235,30,552,4320,2416651,37106,4,,,,,,,,,,,,,,
10436,2,1,1模式：普通刚毅重盔,65236,30,1152,4752,2416652,37106,4,42202,1,,,,,,,,,,,,
10437,2,1,2模式：普通刚毅重盔,65237,30,1152,4752,2416653,37106,4,42202,1,,,,,,,,,,,,
10438,2,1,1模式：头盔高级的一往无前,65238,30,1752,6480,2416654,37106,4,42202,1,42210,3,,,,,,,,,,
10439,2,1,2模式：高级的坚韧的重型球场,65239,30,1752,6480,2416655,37106,4,42202,1,42210,3,,,,,,,,,,
10440,2,1,1模式：重稀土刚毅间距,65240,30,4740,8640,2416656,37106,5,43002,1,42210,4,39101,2,,,,,,,,
10441,2,1,2模式：重稀土刚毅间距,65241,30,4740,8640,2416657,37106,5,43002,1,42210,4,39101,2,,,,,,,,
10442,2,1,1模式：非凡毅力的重盔,65242,30,8274,12960,2416658,37106,6,43015,2,42210,5,39101,3,,,,,,,,
10443,2,1,2模式：非凡毅力的重盔,65243,30,8274,12960,2416659,37106,6,43015,2,42210,5,39101,3,,,,,,,,
10444,2,1,模式：破旧的耐性好的重盔,65244,35,644,5880,2416751,37107,4,,,,,,,,,,,,,,
10445,2,1,1模式：普通耐性的重盔,65245,35,1484,6468,2416752,37107,4,42203,1,,,,,,,,,,,,
10446,2,1,2模式：普通耐性的重盔,65246,35,1484,6468,2416753,37107,4,42203,1,,,,,,,,,,,,
10447,2,1,1模式：高级的耐性好的重盔,65247,35,2324,8820,2416754,37107,4,42203,1,42210,4,,,,,,,,,,
10448,2,1,2模式：高级的耐性好的重盔,65248,35,2324,8820,2416755,37107,4,42203,1,42210,4,,,,,,,,,,
10449,2,1,1模式：罕见的耐性的重盔,65249,35,5333,11760,2416756,37107,5,43002,1,42210,5,39102,1,,,,,,,,
10450,2,1,2模式：罕见的耐性的重盔,65250,35,5333,11760,2416757,37107,5,43002,1,42210,5,39102,1,,,,,,,,
10451,2,1,1模式：非凡的耐性好的重盔,65251,35,9257,17640,2416758,37107,6,43016,2,42210,7,39102,1,,,,,,,,
10452,2,1,2模式：非凡的耐性好的重盔,65252,35,9257,17640,2416759,37107,6,43016,2,42210,7,39102,1,,,,,,,,
10453,2,1,模式：保护的重盔,65253,40,736,7680,2416951,37108,4,,,,,,,,,,,,,,
10454,2,1,1模式：普通保护重盔,65254,40,1696,8448,2416952,37108,4,42203,1,,,,,,,,,,,,
10455,2,1,2模式：普通保护重盔,65255,40,1696,8448,2416953,37108,4,42203,1,,,,,,,,,,,,
10456,2,1,1模式：高级的保护重盔,65256,40,2656,11520,2416954,37108,4,42203,1,42210,5,,,,,,,,,,
10457,2,1,2模式：高级的保护重盔,65257,40,2656,11520,2416955,37108,4,42203,1,42210,5,,,,,,,,,,
10458,2,1,1模式：罕见的重型头盔保护,65258,40,6094,15360,2416956,37108,5,43003,1,42210,6,39102,1,,,,,,,,
10459,2,1,2模式：罕见的重型头盔保护,65259,40,6094,15360,2416957,37108,5,43003,1,42210,6,39102,1,,,,,,,,
10460,2,1,1模式：特殊保护的重盔,65260,40,10580,23040,2416958,37108,6,43017,2,42210,9,39102,1,,,,,,,,
10461,2,1,2模式：特殊保护的重盔,65261,40,10580,23040,2416959,37108,6,43017,2,42210,9,39102,1,,,,,,,,
10462,2,1,模式：的重盔,65262,45,828,9720,2417151,37109,4,,,,,,,,,,,,,,
10463,2,1,1模式：普通的牧民重盔,65263,45,2088,10692,2417152,37109,4,42204,1,,,,,,,,,,,,
10464,2,1,2模式：普通的牧民重盔,65264,45,2088,10692,2417153,37109,4,42204,1,,,,,,,,,,,,
10465,2,1,1模式：高级的守护的重盔,65265,45,3348,14580,2417154,37109,4,42204,1,42210,6,,,,,,,,,,
10466,2,1,2模式：高级的饲养的重盔,65266,45,3348,14580,2417155,37109,4,42204,1,42210,6,,,,,,,,,,
10467,2,1,1模式：罕见的重盔,65267,45,7666,19440,2417156,37109,5,43003,1,42210,8,39102,1,,,,,,,,
10468,2,1,2模式：罕见的重盔,65268,45,7666,19440,2417157,37109,5,43003,1,42210,8,39102,1,,,,,,,,
10469,2,1,1模式：特殊的纪念重盔,65269,45,13522,29160,2417158,37109,6,43018,2,42210,12,39102,1,,,,,,,,
10470,2,1,2模式：特殊的纪念重盔,65270,45,13522,29160,2417159,37109,6,43018,2,42210,12,39102,1,,,,,,,,
10471,2,1,模式：不朽简陋的重盔,65271,50,920,12000,2417351,37110,4,,,,,,,,,,,,,,
10472,2,1,1模式：不朽普通的重盔,65272,50,2320,13200,2417352,37110,4,42204,1,,,,,,,,,,,,
10473,2,1,2模式：不朽普通的重盔,65273,50,2320,13200,2417353,37110,4,42204,1,,,,,,,,,,,,
10474,2,1,1模式：不朽的高级的重盔,65274,50,3720,18000,2417354,37110,4,42204,1,42210,7,,,,,,,,,,
10475,2,1,2模式：不朽的高级的重盔,65275,50,3720,18000,2417355,37110,4,42204,1,42210,7,,,,,,,,,,
10476,2,1,1模式：不朽罕见的重盔,65276,50,8518,24000,2417356,37110,5,43004,1,42210,10,39102,1,,,,,,,,
10477,2,1,2模式：不朽罕见的重盔,65277,50,8518,24000,2417357,37110,5,43004,1,42210,10,39102,1,,,,,,,,
10478,2,1,1模式：不朽特殊的重盔,65278,50,16208,36000,2417358,37110,6,43019,2,42210,15,39102,2,,,,,,,,
10479,2,1,2模式：不朽特殊的重盔,65279,50,16208,36000,2417359,37110,6,43019,2,42210,15,39102,2,,,,,,,,
10480,2,1,模式：不朽简陋的重盔,65280,55,1012,14520,2417551,37111,4,,,,,,,,,,,,,,
10481,2,1,1模式：不朽普通的重盔,65281,55,2772,15972,2417552,37111,4,42212,1,,,,,,,,,,,,
10482,2,1,2模式：不朽普通的重盔,65282,55,2772,15972,2417553,37111,4,42212,1,,,,,,,,,,,,
10483,2,1,1模式：不朽的高级的重盔,65283,55,4172,21780,2417554,37111,4,42212,1,42210,9,,,,,,,,,,
10484,2,1,2模式：不朽的高级的重盔,65284,55,4172,21780,2417555,37111,4,42212,1,42210,9,,,,,,,,,,
10485,2,1,1模式：不朽罕见的重盔,65285,55,10360,29040,2417556,37111,5,43004,2,42210,12,39103,1,,,,,,,,
10486,2,1,2模式：不朽罕见的重盔,65286,55,10360,29040,2417557,37111,5,43004,2,42210,12,39103,1,,,,,,,,
10487,2,1,1模式：不朽特殊的重盔,65287,55,19808,43560,2417558,37111,6,43019,4,42210,18,39103,1,,,,,,,,
10488,2,1,2模式：不朽特殊的重盔,65288,55,19808,43560,2417559,37111,6,43019,4,42210,18,39103,1,,,,,,,,
10600,2,2,模式：学员一个不起眼的护腿铠甲胸部,65300,1,92,90,2420151,37100,3,,,,,,,,,,,,,,
10601,2,2,1模式：普通护腿铠甲的护胸,65301,1,152,96,2420152,37100,3,42200,1,,,,,,,,,,,,
10602,2,2,2模式：普通护腿铠甲的护胸,65302,1,152,96,2420153,37100,3,42200,1,,,,,,,,,,,,
10603,2,2,1模式：高级的巴德胸部,65303,4,212,132,2420154,37100,3,42200,1,42210,1,,,,,,,,,,
10604,2,2,2模式：高级的巴德胸部,65304,4,212,132,2420155,37100,3,42200,1,42210,1,,,,,,,,,,
10605,2,2,1模式：护腿铠甲的护胸一种罕见的,65305,4,492,174,2420156,37100,3,43000,1,42210,1,39100,1,,,,,,,,
10606,2,2,2模式：护腿铠甲的护胸一种罕见的,65306,4,492,174,2420157,37100,3,43000,1,42210,1,39100,1,,,,,,,,
10607,2,2,模式：破旧的的护腿铠甲的护胸,65307,9,184,438,2420251,37102,4,,,,,,,,,,,,,,
10608,2,2,1模式：普通技能的护腿铠甲胸部,65308,9,304,486,2420252,37102,4,42200,1,,,,,,,,,,,,
10609,2,2,2模式：普通技能的护腿铠甲胸部,65309,9,304,486,2420253,37102,4,42200,1,,,,,,,,,,,,
10610,2,2,1模式：的护腿铠甲,65310,9,424,660,2420254,37102,4,42200,1,42210,1,,,,,,,,,,
10611,2,2,2模式：的护腿铠甲,65311,9,424,660,2420255,37102,4,42200,1,42210,1,,,,,,,,,,
10612,2,2,1模式：稀有技能胸护甲,65312,9,1220,876,2420256,37102,4,43000,1,42210,1,39100,2,,,,,,,,
10613,2,2,2模式：稀有技能胸护甲,65313,9,1220,876,2420257,37102,4,43000,1,42210,1,39100,2,,,,,,,,
10614,2,2,模式：不起眼的护腿铠甲铠甲胸部,65314,14,276,1062,2420351,37103,4,,,,,,,,,,,,,,
10615,2,2,1模式：普通铠甲胸护甲,65315,14,516,1170,2420352,37103,4,42201,1,,,,,,,,,,,,
10616,2,2,2模式：普通铠甲胸护甲,65316,14,516,1170,2420353,37103,4,42201,1,,,,,,,,,,,,
10617,2,2,1模式：高级的铠甲胸护甲,65317,14,756,1590,2420354,37103,4,42201,1,42210,1,,,,,,,,,,
10618,2,2,2模式：高级的铠甲胸护甲,65318,14,756,1590,2420355,37103,4,42201,1,42210,1,,,,,,,,,,
10619,2,2,1模式：罕见铠甲胸护甲,65319,14,2825,2118,2420356,37103,5,43000,2,42210,1,39101,1,,,,,,,,
10620,2,2,2模式：罕见铠甲胸护甲,65320,14,2825,2118,2420357,37103,5,43000,2,42210,1,39101,1,,,,,,,,
10621,2,2,模式：胸护甲的破旧的,65321,19,368,1950,2420451,37104,4,,,,,,,,,,,,,,
10622,2,2,1模式：护腿铠甲胸部纯意向,65322,19,688,2148,2420452,37104,4,42201,1,,,,,,,,,,,,
10623,2,2,2模式：护腿铠甲胸部纯意向,65323,19,688,2148,2420453,37104,4,42201,1,,,,,,,,,,,,
10624,2,2,1模式：护腿铠甲胸部高级的,65324,19,1008,2928,2420454,37104,4,42201,1,42210,1,,,,,,,,,,
10625,2,2,2模式：护腿铠甲胸部高级的,65325,19,1008,2928,2420455,37104,4,42201,1,42210,1,,,,,,,,,,
10626,2,2,1模式：胸护甲一个难得的,65326,19,2327,3900,2420456,37104,5,43001,1,42210,2,39101,1,,,,,,,,
10627,2,2,2模式：胸护甲一个难得的,65327,19,2327,3900,2420457,37104,5,43001,1,42210,2,39101,1,,,,,,,,
10628,2,2,模式：破旧的护腿铠甲胸部,65328,24,460,3114,2420551,37105,4,,,,,,,,,,,,,,
10629,2,2,1模式：护腿铠甲胸部平原坚韧,65329,24,960,3426,2420552,37105,4,42202,1,,,,,,,,,,,,
10630,2,2,2模式：纯胸护甲,65330,24,960,3426,2420553,37105,4,42202,1,,,,,,,,,,,,
10631,2,2,1模式：高级的护腿铠甲胸部,65331,24,1460,4668,2420554,37105,5,42202,1,42210,2,,,,,,,,,,
10632,2,2,2模式：高级的护腿铠甲胸部,65332,24,1460,4668,2420555,37105,5,42202,1,42210,2,,,,,,,,,,
10633,2,2,1模式：护腿铠甲胸部,65333,24,6200,6222,2420556,37105,5,43001,2,42210,3,39101,2,,,,,,,,
10634,2,2,2模式：护腿铠甲胸部,65334,24,6200,6222,2420557,37105,5,43001,2,42210,3,39101,2,,,,,,,,
10635,2,2,模式：破旧的坚韧的护腿铠甲胸部,65335,30,552,4860,2420651,37106,4,,,,,,,,,,,,,,
10636,2,2,1模式：普通坚韧的护腿铠甲胸部,65336,30,1152,5346,2420652,37106,5,42202,1,,,,,,,,,,,,
10637,2,2,2模式：普通坚韧的护腿铠甲胸部,65337,30,1152,5346,2420653,37106,5,42202,1,,,,,,,,,,,,
10638,2,2,1模式：高级的坚韧的护腿铠甲胸部,65338,30,1752,7290,2420654,37106,5,42202,1,42210,3,,,,,,,,,,
10639,2,2,2模式：高级的坚韧的护腿铠甲胸部,65339,30,1752,7290,2420655,37106,5,42202,1,42210,3,,,,,,,,,,
10640,2,2,1模式：护腿铠甲胸部,65340,30,4740,9720,2420656,37106,5,43002,1,42210,4,39101,3,,,,,,,,
10641,2,2,2模式：护腿铠甲胸部,65341,30,4740,9720,2420657,37106,5,43002,1,42210,4,39101,3,,,,,,,,
10642,2,2,1模式：特别坚韧的护腿铠甲胸部,65342,30,8274,14580,2420658,37106,7,43015,2,42210,6,39101,4,,,,,,,,
10643,2,2,2模式：特别坚韧的护腿铠甲胸部,65343,30,8274,14580,2420659,37106,7,43015,2,42210,6,39101,4,,,,,,,,
10644,2,2,模式：护腿铠甲的护胸破旧的耐性的,65344,35,644,6618,2420751,37107,4,,,,,,,,,,,,,,
10645,2,2,1模式：普通的毅力护腿铠甲的护胸,65345,35,1484,7278,2420752,37107,5,42203,1,,,,,,,,,,,,
10646,2,2,2模式：普通耐性的胸护甲,65346,35,1484,7278,2420753,37107,5,42203,1,,,,,,,,,,,,
10647,2,2,1模式：高级的耐性的胸护甲,65347,35,2324,9924,2420754,37107,5,42203,1,42210,4,,,,,,,,,,
10648,2,2,2模式：高级的耐性的胸护甲,65348,35,2324,9924,2420755,37107,5,42203,1,42210,4,,,,,,,,,,
10649,2,2,1模式：护腿铠甲的胸膛上罕见的耐性的储备,65349,35,5333,13230,2420756,37107,5,43002,2,42210,5,39102,1,,,,,,,,
10650,2,2,2模式：罕见的耐性的胸护甲,65350,35,5333,13230,2420757,37107,5,43002,2,42210,5,39102,1,,,,,,,,
10651,2,2,1模式：特殊的忍护腿铠甲的护胸,65351,35,9257,19848,2420758,37107,7,43016,2,42210,8,39102,1,,,,,,,,
10652,2,2,2模式：特殊的忍护腿铠甲的护胸,65352,35,9257,19848,2420759,37107,7,43016,2,42210,8,39102,1,,,,,,,,
10653,2,2,模式：不起眼的护腿铠甲胸部保护,65353,40,736,8640,2420951,37108,4,,,,,,,,,,,,,,
10654,2,2,1模式：普通胸护甲,65354,40,1696,9504,2420952,37108,5,42203,1,,,,,,,,,,,,
10655,2,2,2模式：普通胸护甲,65355,40,1696,9504,2420953,37108,5,42203,1,,,,,,,,,,,,
10656,2,2,1模式：护腿铠甲胸部高级的保护,65356,40,2656,12960,2420954,37108,5,42203,1,42210,5,,,,,,,,,,
10657,2,2,2模式：护腿铠甲胸部高级的保护,65357,40,2656,12960,2420955,37108,5,42203,1,42210,5,,,,,,,,,,
10658,2,2,1模式：罕见胸护甲保护,65358,40,6094,17280,2420956,37108,5,43003,1,42210,7,39102,1,,,,,,,,
10659,2,2,2模式：罕见胸护甲保护,65359,40,6094,17280,2420957,37108,5,43003,1,42210,7,39102,1,,,,,,,,
10660,2,2,1模式：特别胸护甲,65360,40,10580,25920,2420958,37108,7,43017,2,42210,11,39102,1,,,,,,,,
10661,2,2,2模式：特别胸护甲,65361,40,10580,25920,2420959,37108,7,43017,2,42210,11,39102,1,,,,,,,,
10662,2,2,模式：低级的胸护甲,65362,45,828,10938,2421151,37109,4,,,,,,,,,,,,,,
10663,2,2,1模式：普通的牧民胸护甲,65363,45,2088,12030,2421152,37109,5,42204,1,,,,,,,,,,,,
10664,2,2,2模式：普通的牧民胸护甲,65364,45,2088,12030,2421153,37109,5,42204,1,,,,,,,,,,,,
10665,2,2,1模式：高级的胸护甲,65365,45,3348,16404,2421154,37109,5,42204,1,42210,7,,,,,,,,,,
10666,2,2,2模式：高级的胸护甲,65366,45,3348,16404,2421155,37109,5,42204,1,42210,7,,,,,,,,,,
10667,2,2,1模式：难得的胸护甲,65367,45,7666,21870,2421156,37109,5,43003,2,42210,9,39102,1,,,,,,,,
10668,2,2,2模式：难得的胸护甲,65368,45,7666,21870,2421157,37109,5,43003,2,42210,9,39102,1,,,,,,,,
10669,2,2,1模式：胸护甲和专项储备,65369,45,13522,32808,2421158,37109,7,43018,2,42210,13,39102,2,,,,,,,,
10670,2,2,2模式：胸护甲和专项储备,65370,45,13522,32808,2421159,37109,7,43018,2,42210,13,39102,2,,,,,,,,
10671,2,2,模式：不起眼的不朽的护腿铠甲胸部,65371,50,920,13500,2421351,37110,4,,,,,,,,,,,,,,
10672,2,2,1模式：普通胸护甲,65372,50,2320,14850,2421352,37110,5,42204,1,,,,,,,,,,,,
10673,2,2,2模式：普通胸护甲,65373,50,2320,14850,2421353,37110,5,42204,1,,,,,,,,,,,,
10674,2,2,1模式：不朽的护腿铠甲,65374,50,3720,20250,2421354,37110,5,42204,1,42210,8,,,,,,,,,,
10675,2,2,2模式：不朽的护腿铠甲,65375,50,3720,20250,2421355,37110,5,42204,1,42210,8,,,,,,,,,,
10676,2,2,1模式：罕见的不朽胸护甲,65376,50,8518,27000,2421356,37110,5,43004,1,42210,11,39102,1,,,,,,,,
10677,2,2,2模式：罕见的不朽胸护甲,65377,50,8518,27000,2421357,37110,5,43004,1,42210,11,39102,1,,,,,,,,
10678,2,2,1模式：特殊不朽的护腿铠甲的护胸,65378,50,16208,40500,2421358,37110,7,43019,2,42210,17,39102,2,,,,,,,,
10679,2,2,2模式：特殊不朽的护腿铠甲的护胸,65379,50,16208,40500,2421359,37110,7,43019,2,42210,17,39102,2,,,,,,,,
10680,2,2,模式：不起眼的不朽的护腿铠甲胸部,65380,55,1012,16338,2421551,37111,4,,,,,,,,,,,,,,
10681,2,2,1模式：普通胸护甲,65381,55,2772,17970,2421552,37111,5,42212,1,,,,,,,,,,,,
10682,2,2,2模式：普通胸护甲,65382,55,2772,17970,2421553,37111,5,42212,1,,,,,,,,,,,,
10683,2,2,1模式：不朽的护腿铠甲,65383,55,4172,24504,2421554,37111,5,42212,1,42210,10,,,,,,,,,,
10684,2,2,2模式：不朽的护腿铠甲,65384,55,4172,24504,2421555,37111,5,42212,1,42210,10,,,,,,,,,,
10685,2,2,1模式：罕见的不朽胸护甲,65385,55,10360,32670,2421556,37111,5,43004,2,42210,13,39103,1,,,,,,,,
10686,2,2,2模式：罕见的不朽胸护甲,65386,55,10360,32670,2421557,37111,5,43004,2,42210,13,39103,1,,,,,,,,
10687,2,2,1模式：特殊不朽的护腿铠甲的护胸,65387,55,19808,49008,2421558,37111,7,43019,4,42210,20,39103,1,,,,,,,,
10688,2,2,2模式：特殊不朽的护腿铠甲的护胸,65388,55,19808,49008,2421559,37111,7,43019,4,42210,20,39103,1,,,,,,,,
10800,2,2,模式：战胜者破旧的,65400,1,92,90,2423151,37100,3,,,,,,,,,,,,,,
10801,2,2,1模式：普通战胜者,65401,1,152,96,2423152,37100,3,42200,1,,,,,,,,,,,,
10802,2,2,2模式：普通战胜者,65402,1,152,96,2423153,37100,3,42200,1,,,,,,,,,,,,
10803,2,2,1模式：战胜者高级的,65403,4,212,132,2423154,37100,3,42200,1,42210,1,,,,,,,,,,
10804,2,2,2模式：战胜者高级的,65404,4,212,132,2423155,37100,3,42200,1,42210,1,,,,,,,,,,
10805,2,2,1模式：罕见的护腿铠甲甲,65405,4,492,174,2423156,37100,3,43000,1,42210,1,39100,1,,,,,,,,
10806,2,2,2模式：罕见的护腿铠甲甲,65406,4,492,174,2423157,37100,3,43000,1,42210,1,39100,1,,,,,,,,
10807,2,2,模式：战胜者寒碜技能,65407,9,184,438,2423251,37102,4,,,,,,,,,,,,,,
10808,2,2,1模式：普通技术战胜者,65408,9,304,486,2423252,37102,4,42200,1,,,,,,,,,,,,
10809,2,2,2模式：普通技术战胜者,65409,9,304,486,2423253,37102,4,42200,1,,,,,,,,,,,,
10810,2,2,1模式：战胜者高级的,65410,9,424,660,2423254,37102,4,42200,1,42210,1,,,,,,,,,,
10811,2,2,2模式：战胜者高级的,65411,9,424,660,2423255,37102,4,42200,1,42210,1,,,,,,,,,,
10812,2,2,1模式：罕见的铠甲,65412,9,1220,876,2423256,37102,4,43000,1,42210,1,39100,2,,,,,,,,
10813,2,2,2模式：罕见的铠甲,65413,9,1220,876,2423257,37102,4,43000,1,42210,1,39100,2,,,,,,,,
10814,2,2,模式：战胜者破旧的铠甲,65414,14,276,1062,2423351,37103,4,,,,,,,,,,,,,,
10815,2,2,1模式：战胜者普通铠甲,65415,14,516,1170,2423352,37103,4,42201,1,,,,,,,,,,,,
10816,2,2,2模式：战胜者普通铠甲,65416,14,516,1170,2423353,37103,4,42201,1,,,,,,,,,,,,
10817,2,2,1模式：战胜者高级的铠甲,65417,14,756,1590,2423354,37103,4,42201,1,42210,1,,,,,,,,,,
10818,2,2,2模式：战胜者高级的铠甲,65418,14,756,1590,2423355,37103,4,42201,1,42210,1,,,,,,,,,,
10819,2,2,1模式：罕见的铠甲铠甲格里夫斯,65419,14,2825,2118,2423356,37103,5,43000,2,42210,1,39101,1,,,,,,,,
10820,2,2,2模式：罕见的铠甲铠甲格里夫斯,65420,14,2825,2118,2423357,37103,5,43000,2,42210,1,39101,1,,,,,,,,
10821,2,2,模式：战胜者破旧的,65421,19,368,1950,2423451,37104,4,,,,,,,,,,,,,,
10822,2,2,1模式：战胜者普通,65422,19,688,2148,2423452,37104,4,42201,1,,,,,,,,,,,,
10823,2,2,2模式：战胜者普通,65423,19,688,2148,2423453,37104,4,42201,1,,,,,,,,,,,,
10824,2,2,1模式：战胜者高级的,65424,19,1008,2928,2423454,37104,4,42201,1,42210,1,,,,,,,,,,
10825,2,2,2模式：战胜者高级的,65425,19,1008,2928,2423455,37104,4,42201,1,42210,1,,,,,,,,,,
10826,2,2,1模式：战胜者一种罕见的,65426,19,2327,3900,2423456,37104,5,43001,1,42210,2,39101,1,,,,,,,,
10827,2,2,2模式：战胜者一种罕见的,65427,19,2327,3900,2423457,37104,5,43001,1,42210,2,39101,1,,,,,,,,
10828,2,2,模式：破旧的战胜者,65428,24,460,3114,2423551,37105,4,,,,,,,,,,,,,,
10829,2,2,1模式：纯战胜者,65429,24,960,3426,2423552,37105,4,42202,1,,,,,,,,,,,,
10830,2,2,2模式：纯战胜者,65430,24,960,3426,2423553,37105,4,42202,1,,,,,,,,,,,,
10831,2,2,1模式：高级的战胜者,65431,24,1460,4668,2423554,37105,5,42202,1,42210,2,,,,,,,,,,
10832,2,2,2模式：高级的战胜者,65432,24,1460,4668,2423555,37105,5,42202,1,42210,2,,,,,,,,,,
10833,2,2,1模式：罕见战胜者,65433,24,6200,6222,2423556,37105,5,43001,2,42210,3,39101,2,,,,,,,,
10834,2,2,2模式：罕见战胜者,65434,24,6200,6222,2423557,37105,5,43001,2,42210,3,39101,2,,,,,,,,
10835,2,2,模式：破旧的铠甲不屈格里夫斯,65435,30,552,4860,2423651,37106,4,,,,,,,,,,,,,,
10836,2,2,1模式：普通铜墙铁壁格里夫斯,65436,30,1152,5346,2423652,37106,5,42202,1,,,,,,,,,,,,
10837,2,2,2模式：普通刚毅盔甲,65437,30,1152,5346,2423653,37106,5,42202,1,,,,,,,,,,,,
10838,2,2,1模式：高级的坚韧的战胜者,65438,30,1752,7290,2423654,37106,5,42202,1,42210,3,,,,,,,,,,
10839,2,2,2模式：高级的坚韧的战胜者,65439,30,1752,7290,2423655,37106,5,42202,1,42210,3,,,,,,,,,,
10840,2,2,1模式：罕见的刚毅盔甲,65440,30,4740,9720,2423656,37106,5,43002,1,42210,4,39101,3,,,,,,,,
10841,2,2,2模式：罕见的刚毅盔甲,65441,30,4740,9720,2423657,37106,5,43002,1,42210,4,39101,3,,,,,,,,
10842,2,2,1模式：特殊的铠甲不屈格里夫斯,65442,30,8274,14580,2423658,37106,7,43015,2,42210,6,39101,4,,,,,,,,
10843,2,2,2模式：特殊的铠甲不屈格里夫斯,65443,30,8274,14580,2423659,37106,7,43015,2,42210,6,39101,4,,,,,,,,
10844,2,2,模式：格里夫斯耐性的破旧的铠甲,65444,35,644,6618,2423751,37107,4,,,,,,,,,,,,,,
10845,2,2,1模式：战胜者普通耐性的,65445,35,1484,7278,2423752,37107,5,42203,1,,,,,,,,,,,,
10846,2,2,2模式：战胜者普通耐性的,65446,35,1484,7278,2423753,37107,5,42203,1,,,,,,,,,,,,
10847,2,2,1模式：战胜者高级的耐性的,65447,35,2324,9924,2423754,37107,5,42203,1,42210,4,,,,,,,,,,
10848,2,2,2模式：战胜者高级的耐性的,65448,35,2324,9924,2423755,37107,5,42203,1,42210,4,,,,,,,,,,
10849,2,2,1模式：战胜者罕见的耐性的,65449,35,5333,13230,2423756,37107,5,43002,2,42210,5,39102,1,,,,,,,,
10850,2,2,2模式：战胜者罕见的耐性的,65450,35,5333,13230,2423757,37107,5,43002,2,42210,5,39102,1,,,,,,,,
10851,2,2,1模式：特殊耐性的战胜者,65451,35,9257,19848,2423758,37107,7,43016,2,42210,8,39102,1,,,,,,,,
10852,2,2,2模式：特殊耐性的战胜者,65452,35,9257,19848,2423759,37107,7,43016,2,42210,8,39102,1,,,,,,,,
10853,2,2,模式：破旧的装甲防护格里夫斯,65453,40,736,8640,2423951,37108,4,,,,,,,,,,,,,,
10854,2,2,1模式：传统的装甲防护腿甲,65454,40,1696,9504,2423952,37108,5,42203,1,,,,,,,,,,,,
10855,2,2,2模式：传统的装甲防护腿甲,65455,40,1696,9504,2423953,37108,5,42203,1,,,,,,,,,,,,
10856,2,2,1模式：战胜者高级的保护,65456,40,2656,12960,2423954,37108,5,42203,1,42210,5,,,,,,,,,,
10857,2,2,2模式：战胜者高级的保护,65457,40,2656,12960,2423955,37108,5,42203,1,42210,5,,,,,,,,,,
10858,2,2,1模式：罕见的装甲防护格里夫斯,65458,40,6094,17280,2423956,37108,5,43003,1,42210,7,39102,1,,,,,,,,
10859,2,2,2模式：罕见的装甲防护格里夫斯,65459,40,6094,17280,2423957,37108,5,43003,1,42210,7,39102,1,,,,,,,,
10860,2,2,1模式：特别保护战胜者,65460,40,10580,25920,2423958,37108,7,43017,2,42210,11,39102,1,,,,,,,,
10861,2,2,2模式：特别保护战胜者,65461,40,10580,25920,2423959,37108,7,43017,2,42210,11,39102,1,,,,,,,,
10862,2,2,模式：战胜者寒酸守护,65462,45,828,10938,2424151,37109,4,,,,,,,,,,,,,,
10863,2,2,1模式：战胜者普通的牧民,65463,45,2088,12030,2424152,37109,5,42204,1,,,,,,,,,,,,
10864,2,2,2模式：战胜者普通的牧民,65464,45,2088,12030,2424153,37109,5,42204,1,,,,,,,,,,,,
10865,2,2,1模式：高级的战胜者,65465,45,3348,16404,2424154,37109,5,42204,1,42210,7,,,,,,,,,,
10866,2,2,2模式：高级的战胜者,65466,45,3348,16404,2424155,37109,5,42204,1,42210,7,,,,,,,,,,
10867,2,2,1模式：罕见的铠甲和腿甲,65467,45,7666,21870,2424156,37109,5,43003,2,42210,9,39102,1,,,,,,,,
10868,2,2,2模式：罕见的铠甲和腿甲,65468,45,7666,21870,2424157,37109,5,43003,2,42210,9,39102,1,,,,,,,,
10869,2,2,1模式：特殊的纪念战胜者,65469,45,13522,32808,2424158,37109,7,43018,2,42210,13,39102,2,,,,,,,,
10870,2,2,2模式：特殊的纪念战胜者,65470,45,13522,32808,2424159,37109,7,43018,2,42210,13,39102,2,,,,,,,,
10871,2,2,模式：战胜者寒碜不朽,65471,50,920,13500,2424351,37110,4,,,,,,,,,,,,,,
10872,2,2,1模式：普通的不朽装甲,65472,50,2320,14850,2424352,37110,5,42204,1,,,,,,,,,,,,
10873,2,2,2模式：普通的不朽装甲,65473,50,2320,14850,2424353,37110,5,42204,1,,,,,,,,,,,,
10874,2,2,1模式：战胜者高级的不朽,65474,50,3720,20250,2424354,37110,5,42204,1,42210,8,,,,,,,,,,
10875,2,2,2模式：战胜者高级的不朽,65475,50,3720,20250,2424355,37110,5,42204,1,42210,8,,,,,,,,,,
10876,2,2,1模式：罕见的不朽的护腿铠甲,65476,50,8518,27000,2424356,37110,5,43004,1,42210,11,39102,1,,,,,,,,
10877,2,2,2模式：罕见的不朽护腿铠甲,65477,50,8518,27000,2424357,37110,5,43004,1,42210,11,39102,1,,,,,,,,
10878,2,2,1模式：特殊不朽的铠甲,65478,50,16208,40500,2424358,37110,7,43019,2,42210,17,39102,2,,,,,,,,
10879,2,2,2模式：特殊不朽的铠甲,65479,50,16208,40500,2424359,37110,7,43019,2,42210,17,39102,2,,,,,,,,
10880,2,2,模式：战胜者寒碜不朽,65480,55,1012,16338,2424551,37111,4,,,,,,,,,,,,,,
10881,2,2,1模式：普通的不朽装甲,65481,55,2772,17970,2424552,37111,5,42212,1,,,,,,,,,,,,
10882,2,2,2模式：普通的不朽装甲,65482,55,2772,17970,2424553,37111,5,42212,1,,,,,,,,,,,,
10883,2,2,1模式：战胜者高级的不朽,65483,55,4172,24504,2424554,37111,5,42212,1,42210,10,,,,,,,,,,
10884,2,2,2模式：战胜者高级的不朽,65484,55,4172,24504,2424555,37111,5,42212,1,42210,10,,,,,,,,,,
10885,2,2,1模式：罕见的不朽的护腿铠甲,65485,55,10360,32670,2424556,37111,5,43004,2,42210,13,39103,1,,,,,,,,
10886,2,2,2模式：罕见的不朽护腿铠甲,65486,55,10360,32670,2424557,37111,5,43004,2,42210,13,39103,1,,,,,,,,
10887,2,2,1模式：特殊不朽的铠甲,65487,55,19808,49008,2424558,37111,7,43019,4,42210,20,39103,1,,,,,,,,
10888,2,2,2模式：特殊不朽的铠甲,65488,55,19808,49008,2424559,37111,7,43019,4,42210,20,39103,1,,,,,,,,
11000,2,2,模式：破旧的,65500,1,92,90,2426151,37100,3,,,,,,,,,,,,,,
11001,2,2,1模式：普通,65501,1,152,96,2426152,37100,3,42200,1,,,,,,,,,,,,
11002,2,2,2模式：普通,65502,1,152,96,2426153,37100,3,42200,1,,,,,,,,,,,,
11003,2,2,1模式：奢华的,65503,4,212,132,2426154,37100,3,42200,1,42210,1,,,,,,,,,,
11004,2,2,2模式：奢华的,65504,4,212,132,2426155,37100,3,42200,1,42210,1,,,,,,,,,,
11005,2,2,1模式：一个难得的实践者,65505,4,492,174,2426156,37100,3,43000,1,42210,1,39100,1,,,,,,,,
11006,2,2,2模式：一个难得的实践者,65506,4,492,174,2426157,37100,3,43000,1,42210,1,39100,1,,,,,,,,
11007,2,2,模式：寒碜技能,65507,9,184,438,2426251,37102,4,,,,,,,,,,,,,,
11008,2,2,1模式：普通技术,65508,9,304,486,2426252,37102,4,42200,1,,,,,,,,,,,,
11009,2,2,2模式：普通技术,65509,9,304,486,2426253,37102,4,42200,1,,,,,,,,,,,,
11010,2,2,1模式：的高级的,65510,9,424,660,2426254,37102,4,42200,1,42210,1,,,,,,,,,,
11011,2,2,2模式：的高级的,65511,9,424,660,2426255,37102,4,42200,1,42210,1,,,,,,,,,,
11012,2,2,1模式：一个难得的高手,65512,9,1220,876,2426256,37102,4,43000,1,42210,1,39100,2,,,,,,,,
11013,2,2,2模式：一个难得的高手,65513,9,1220,876,2426257,37102,4,43000,1,42210,1,39100,2,,,,,,,,
11014,2,2,模式：破旧铠甲,65514,14,276,1062,2426351,37103,4,,,,,,,,,,,,,,
11015,2,2,1模式：普通铠甲,65515,14,516,1170,2426352,37103,4,42201,1,,,,,,,,,,,,
11016,2,2,2模式：普通铠甲,65516,14,516,1170,2426353,37103,4,42201,1,,,,,,,,,,,,
11017,2,2,1模式：的高级的铠甲,65517,14,756,1590,2426354,37103,4,42201,1,42210,1,,,,,,,,,,
11018,2,2,2模式：的高级的铠甲,65518,14,756,1590,2426355,37103,4,42201,1,42210,1,,,,,,,,,,
11019,2,2,1模式：一种罕见的铠甲,65519,14,2825,2118,2426356,37103,5,43000,2,42210,1,39101,1,,,,,,,,
11020,2,2,2模式：一种罕见的铠甲,65520,14,2825,2118,2426357,37103,5,43000,2,42210,1,39101,1,,,,,,,,
11021,2,2,模式：破旧的手套,65521,19,368,1950,2426451,37104,4,,,,,,,,,,,,,,
11022,2,2,1模式：普通的手套,65522,19,688,2148,2426452,37104,4,42201,1,,,,,,,,,,,,
11023,2,2,2模式：普通的手套,65523,19,688,2148,2426453,37104,4,42201,1,,,,,,,,,,,,
11024,2,2,1模式：奢华的铠甲,65524,19,1008,2928,2426454,37104,4,42201,1,42210,1,,,,,,,,,,
11025,2,2,2模式：奢华的铠甲,65525,19,1008,2928,2426455,37104,4,42201,1,42210,1,,,,,,,,,,
11026,2,2,1模式：一种罕见的护腿甲,65526,19,2327,3900,2426456,37104,5,43001,1,42210,2,39101,1,,,,,,,,
11027,2,2,2模式：一种罕见的护腿甲,65527,19,2327,3900,2426457,37104,5,43001,1,42210,2,39101,1,,,,,,,,
11028,2,2,模式：破旧的护腿甲,65528,24,460,3114,2426551,37105,4,,,,,,,,,,,,,,
11029,2,2,1模式：普通的手套,65529,24,960,3426,2426552,37105,4,42202,1,,,,,,,,,,,,
11030,2,2,2模式：普通的手套,65530,24,960,3426,2426553,37105,4,42202,1,,,,,,,,,,,,
11031,2,2,1模式：奢华的铠甲,65531,24,1460,4668,2426554,37105,5,42202,1,42210,2,,,,,,,,,,
11032,2,2,2模式：奢华的铠甲,65532,24,1460,4668,2426555,37105,5,42202,1,42210,2,,,,,,,,,,
11033,2,2,1模式：罕见胸甲,65533,24,6200,6222,2426556,37105,5,43001,2,42210,3,39101,2,,,,,,,,
11034,2,2,2模式：罕见的胸甲,65534,24,6200,6222,2426557,37105,5,43001,2,42210,3,39101,2,,,,,,,,
11035,2,2,模式：重型装甲坚韧的寒酸,65535,30,552,4860,2426651,37106,4,,,,,,,,,,,,,,
11036,2,2,1模式：一般的刚毅,65536,30,1152,5346,2426652,37106,5,42202,1,,,,,,,,,,,,
11037,2,2,2模式：一般的刚毅,65537,30,1152,5346,2426653,37106,5,42202,1,,,,,,,,,,,,
11038,2,2,1模式：坚韧的高级的手套,65538,30,1752,7290,2426654,37106,5,42202,1,42210,3,,,,,,,,,,
11039,2,2,2模式：坚韧的高级的手套,65539,30,1752,7290,2426655,37106,5,42202,1,42210,3,,,,,,,,,,
11040,2,2,3模式：坚韧的高级的手套,65540,30,4740,9720,2426656,37106,5,43002,1,42210,4,39101,3,,,,,,,,
11041,2,2,4模式：坚韧的高级的手套,65541,30,4740,9720,2426657,37106,5,43002,1,42210,4,39101,3,,,,,,,,
11042,2,2,1模式：非凡的毅力,65542,30,8274,14580,2426658,37106,7,43015,2,42210,6,39101,4,,,,,,,,
11043,2,2,2模式：非凡的毅力,65543,30,8274,14580,2426659,37106,7,43015,2,42210,6,39101,4,,,,,,,,
11044,2,2,模式：耐性的护甲,65544,35,644,6618,2426751,37107,4,,,,,,,,,,,,,,
11045,2,2,1模式：普通的耐性的护甲,65545,35,1484,7278,2426752,37107,5,42203,1,,,,,,,,,,,,
11046,2,2,2模式：普通的耐性的护甲,65546,35,1484,7278,2426753,37107,5,42203,1,,,,,,,,,,,,
11047,2,2,1模式：高级的耐性的手套,65547,35,2324,9924,2426754,37107,5,42203,1,42210,4,,,,,,,,,,
11048,2,2,2模式：高级的耐性的手套,65548,35,2324,9924,2426755,37107,5,42203,1,42210,4,,,,,,,,,,
11049,2,2,3模式：高级的耐性的手套,65549,35,5333,13230,2426756,37107,5,43002,2,42210,5,39102,1,,,,,,,,
11050,2,2,4模式：高级的耐性的手套,65550,35,5333,13230,2426757,37107,5,43002,2,42210,5,39102,1,,,,,,,,
11051,2,2,1模式：特殊耐性的,65551,35,9257,19848,2426758,37107,7,43016,2,42210,8,39102,1,,,,,,,,
11052,2,2,2模式：特殊耐性的,65552,35,9257,19848,2426759,37107,7,43016,2,42210,8,39102,1,,,,,,,,
11053,2,2,模式：破旧的保护甲,65553,40,736,8640,2426951,37108,4,,,,,,,,,,,,,,
11054,2,2,1模式：普通保护甲,65554,40,1696,9504,2426952,37108,5,42203,1,,,,,,,,,,,,
11055,2,2,2模式：普通保护甲,65555,40,1696,9504,2426953,37108,5,42203,1,,,,,,,,,,,,
11056,2,2,1模式：高级的保护甲,65556,40,2656,12960,2426954,37108,5,42203,1,42210,5,,,,,,,,,,
11057,2,2,2模式：高级的保护甲,65557,40,2656,12960,2426955,37108,5,42203,1,42210,5,,,,,,,,,,
11058,2,2,1模式：珍稀手套,65558,40,6094,17280,2426956,37108,5,43003,1,42210,7,39102,1,,,,,,,,
11059,2,2,2模式：珍稀手套,65559,40,6094,17280,2426957,37108,5,43003,1,42210,7,39102,1,,,,,,,,
11060,2,2,1模式：特殊保护甲,65560,40,10580,25920,2426958,37108,7,43017,2,42210,11,39102,1,,,,,,,,
11061,2,2,2模式：特殊保护甲,65561,40,10580,25920,2426959,37108,7,43017,2,42210,11,39102,1,,,,,,,,
11062,2,2,模式：破旧的保护甲,65562,45,828,10938,2427151,37109,4,,,,,,,,,,,,,,
11063,2,2,1模式：普通的牧民手套,65563,45,2088,12030,2427152,37109,5,42204,1,,,,,,,,,,,,
11064,2,2,2模式：普通的牧民手套,65564,45,2088,12030,2427153,37109,5,42204,1,,,,,,,,,,,,
11065,2,2,1模式：高级的守护的,65565,45,3348,16404,2427154,37109,5,42204,1,42210,7,,,,,,,,,,
11066,2,2,2模式：高级的饲养的,65566,45,3348,16404,2427155,37109,5,42204,1,42210,7,,,,,,,,,,
11067,2,2,1模式：一种罕见的纪念,65567,45,7666,21870,2427156,37109,5,43003,2,42210,9,39102,1,,,,,,,,
11068,2,2,2模式：一种罕见的纪念,65568,45,7666,21870,2427157,37109,5,43003,2,42210,9,39102,1,,,,,,,,
11069,2,2,1模式：特殊纪念,65569,45,13522,32808,2427158,37109,7,43018,2,42210,13,39102,2,,,,,,,,
11070,2,2,2模式：特殊纪念,65570,45,13522,32808,2427159,37109,7,43018,2,42210,13,39102,2,,,,,,,,
11071,2,2,模式：破旧的不朽,65571,50,920,13500,2427351,37110,4,,,,,,,,,,,,,,
11072,2,2,1模式：普通,65572,50,2320,14850,2427352,37110,5,42204,1,,,,,,,,,,,,
11073,2,2,2模式：普通,65573,50,2320,14850,2427353,37110,5,42204,1,,,,,,,,,,,,
11074,2,2,1模式：的高级的不朽,65574,50,3720,20250,2427354,37110,5,42204,1,42210,8,,,,,,,,,,
11075,2,2,2模式：的高级的不朽,65575,50,3720,20250,2427355,37110,5,42204,1,42210,8,,,,,,,,,,
11076,2,2,1模式：一种罕见的不朽,65576,50,8518,27000,2427356,37110,5,43004,1,42210,11,39102,1,,,,,,,,
11077,2,2,2模式：一种罕见的不朽,65577,50,8518,27000,2427357,37110,5,43004,1,42210,11,39102,1,,,,,,,,
11078,2,2,1模式：特殊不朽,65578,50,16208,40500,2427358,37110,7,43019,2,42210,17,39102,2,,,,,,,,
11079,2,2,2模式：特殊不朽,65579,50,16208,40500,2427359,37110,7,43019,2,42210,17,39102,2,,,,,,,,
11080,2,2,模式：破旧的不朽,65580,55,1012,16338,2427551,37111,4,,,,,,,,,,,,,,
11081,2,2,1模式：普通,65581,55,2772,17970,2427552,37111,5,42212,1,,,,,,,,,,,,
11082,2,2,2模式：普通,65582,55,2772,17970,2427553,37111,5,42212,1,,,,,,,,,,,,
11083,2,2,1模式：的高级的不朽,65583,55,4172,24504,2427554,37111,5,42212,1,42210,10,,,,,,,,,,
11084,2,2,2模式：的高级的不朽,65584,55,4172,24504,2427555,37111,5,42212,1,42210,10,,,,,,,,,,
11085,2,2,1模式：一种罕见的不朽,65585,55,10360,32670,2427556,37111,5,43004,2,42210,13,39103,1,,,,,,,,
11086,2,2,2模式：一种罕见的不朽,65586,55,10360,32670,2427557,37111,5,43004,2,42210,13,39103,1,,,,,,,,
11087,2,2,1模式：特殊不朽,65587,55,19808,49008,2427558,37111,7,43019,4,42210,20,39103,1,,,,,,,,
11088,2,2,2模式：特殊不朽,65588,55,19808,49008,2427559,37111,7,43019,4,42210,20,39103,1,,,,,,,,
11200,2,3,模式：不起眼的护腿铠甲手套,65600,1,92,108,2430151,37101,3,,,,,,,,,,,,,,
11201,2,3,1模式：护腿铠甲普通手套,65601,1,152,120,2430152,37101,3,42200,1,,,,,,,,,,,,
11202,2,3,2模式：护腿铠甲普通手套,65602,1,152,120,2430153,37101,3,42200,1,,,,,,,,,,,,
11203,2,3,1模式：高级的护腿铠甲手套,65603,6,212,162,2430154,37101,4,42200,1,42210,1,,,,,,,,,,
11204,2,3,2模式：高级的护腿铠甲手套,65604,6,212,162,2430155,37101,4,42200,1,42210,1,,,,,,,,,,
11205,2,3,1模式：护腿铠甲罕见的手套,65605,6,492,216,2430156,37101,4,43000,1,42210,1,39100,1,,,,,,,,
11206,2,3,2模式：护腿铠甲手套难得的实践者,65606,6,492,216,2430157,37101,4,43000,1,42210,1,39100,1,,,,,,,,
11207,2,3,模式：的护腿铠甲手套,65607,11,184,366,2430251,37102,3,,,,,,,,,,,,,,
11208,2,3,1模式：普通技能的护腿铠甲手套,65608,11,304,402,2430252,37102,3,42200,1,,,,,,,,,,,,
11209,2,3,2模式：普通技能的护腿铠甲手套,65609,11,304,402,2430253,37102,3,42200,1,,,,,,,,,,,,
11210,2,3,1模式：高级的的护腿铠甲手套,65610,11,424,546,2430254,37102,3,42200,1,42210,1,,,,,,,,,,
11211,2,3,2模式：高级的的护腿铠甲手套,65611,11,424,546,2430255,37102,3,42200,1,42210,1,,,,,,,,,,
11212,2,3,1模式：稀有技能的护腿铠甲手套,65612,11,1220,726,2430256,37102,4,43000,1,42210,1,39100,2,,,,,,,,
11213,2,3,2模式：稀有技能的护腿铠甲手套,65613,11,1220,726,2430257,37102,4,43000,1,42210,1,39100,2,,,,,,,,
11214,2,3,模式：一个不起眼的护腿铠甲铠甲手套,65614,16,276,768,2430351,37103,3,,,,,,,,,,,,,,
11215,2,3,1模式：普通的护腿铠甲铠甲手套,65615,16,516,846,2430352,37103,3,42201,1,,,,,,,,,,,,
11216,2,3,2模式：普通的护腿铠甲铠甲手套,65616,16,516,846,2430353,37103,3,42201,1,,,,,,,,,,,,
11217,2,3,1模式：护腿铠甲的高级的铠甲手套,65617,16,756,1152,2430354,37103,3,42201,1,42210,1,,,,,,,,,,
11218,2,3,2模式：护腿铠甲的高级的铠甲手套,65618,16,756,1152,2430355,37103,3,42201,1,42210,1,,,,,,,,,,
11219,2,3,1模式：护腿铠甲罕见铠甲手套,65619,16,2825,1536,2430356,37103,3,43000,2,42210,1,39101,1,,,,,,,,
11220,2,3,2模式：护腿铠甲罕见铠甲手套,65620,16,2825,1536,2430357,37103,3,43000,2,42210,1,39101,1,,,,,,,,
11221,2,3,模式：一个不起眼的护腿铠甲的手套,65621,21,368,1326,2430451,37104,3,,,,,,,,,,,,,,
11222,2,3,1模式：普通护腿铠甲的手套,65622,21,688,1458,2430452,37104,3,42201,1,,,,,,,,,,,,
11223,2,3,2模式：普通护腿铠甲的手套,65623,21,688,1458,2430453,37104,3,42201,1,,,,,,,,,,,,
11224,2,3,1模式：的护腿铠甲高级的手套,65624,21,1008,1986,2430454,37104,3,42201,1,42210,1,,,,,,,,,,
11225,2,3,2模式：高级的护腿铠甲手套,65625,21,1008,1986,2430455,37104,3,42201,1,42210,1,,,,,,,,,,
11226,2,3,1模式：护腿铠甲的手套一种罕见的,65626,21,2327,2646,2430456,37104,3,43001,1,42210,1,39101,1,,,,,,,,
11227,2,3,2模式：护腿铠甲的手套一种罕见的,65627,21,2327,2646,2430457,37104,3,43001,1,42210,1,39101,1,,,,,,,,
11228,2,3,模式：破旧的护腿铠甲手套,65628,26,460,2028,2430551,37105,3,,,,,,,,,,,,,,
11229,2,3,1模式：护腿铠甲手套平原坚韧,65629,26,960,2232,2430552,37105,3,42202,1,,,,,,,,,,,,
11230,2,3,2模式：纯护腿铠甲的手套,65630,26,960,2232,2430553,37105,3,42202,1,,,,,,,,,,,,
11231,2,3,1模式：高级的护腿铠甲手套,65631,26,1460,3042,2430554,37105,3,42202,1,42210,1,,,,,,,,,,
11232,2,3,2模式：高级的护腿铠甲手套,65632,26,1460,3042,2430555,37105,3,42202,1,42210,1,,,,,,,,,,
11233,2,3,1模式：护腿铠甲手套,65633,26,6200,4056,2430556,37105,3,43001,1,42210,2,39101,1,,,,,,,,
11234,2,3,2模式：护腿铠甲手套,65634,26,6200,4056,2430557,37105,3,43001,1,42210,2,39101,1,,,,,,,,
11235,2,3,模式：手套寒酸坚韧的护腿铠甲,65635,30,552,2700,2430651,37106,2,,,,,,,,,,,,,,
11236,2,3,1模式：普通坚韧的护腿铠甲手套,65636,30,1152,2970,2430652,37106,3,42202,1,,,,,,,,,,,,
11237,2,3,2模式：普通坚韧的护腿铠甲手套,65637,30,1152,2970,2430653,37106,3,42202,1,,,,,,,,,,,,
11238,2,3,1模式：高级的坚韧的护腿铠甲手套,65638,30,1752,4050,2430654,37106,3,42202,1,42210,2,,,,,,,,,,
11239,2,3,2模式：高级的坚韧的护腿铠甲手套,65639,30,1752,4050,2430655,37106,3,42202,1,42210,2,,,,,,,,,,
11240,2,3,1模式：护腿铠甲手套,65640,30,4740,5400,2430656,37106,3,43002,1,42210,2,39101,1,,,,,,,,
11241,2,3,2模式：护腿铠甲手套,65641,30,4740,5400,2430657,37106,3,43002,1,42210,2,39101,1,,,,,,,,
11242,2,3,1模式：特别坚韧的护腿铠甲手套,65642,30,8274,8100,2430658,37106,4,43015,1,42210,3,39101,2,,,,,,,,
11243,2,3,2模式：特别坚韧的护腿铠甲手套,65643,30,8274,8100,2430659,37106,4,43015,1,42210,3,39101,2,,,,,,,,
11244,2,3,模式：一个不起眼的护腿铠甲的毅力手套,65644,35,644,3678,2430751,37107,2,,,,,,,,,,,,,,
11245,2,3,1模式：普通的护腿铠甲的执着手套,65645,35,1484,4044,2430752,37107,3,42203,1,,,,,,,,,,,,
11246,2,3,2模式：普通的护腿铠甲的执着手套,65646,35,1484,4044,2430753,37107,3,42203,1,,,,,,,,,,,,
11247,2,3,1模式：护腿铠甲的高级的耐性的手套,65647,35,2324,5514,2430754,37107,3,42203,1,42210,2,,,,,,,,,,
11248,2,3,2模式：护腿铠甲的高级的耐性的手套,65648,35,2324,5514,2430755,37107,3,42203,1,42210,2,,,,,,,,,,
11249,2,3,1模式：护腿铠甲罕见的耐性的手套,65649,35,5333,7350,2430756,37107,3,43002,1,42210,3,39102,1,,,,,,,,
11250,2,3,2模式：护腿铠甲罕见的耐性的手套,65650,35,5333,7350,2430757,37107,3,43002,1,42210,3,39102,1,,,,,,,,
11251,2,3,1模式：特殊的护腿铠甲的执着手套,65651,35,9257,11028,2430758,37107,4,43016,1,42210,5,39102,1,,,,,,,,
11252,2,3,2模式：特殊的护腿铠甲的执着手套,65652,35,9257,11028,2430759,37107,4,43016,1,42210,5,39102,1,,,,,,,,
11253,2,3,模式：一个不起眼的护腿铠甲的保护手套,65653,40,736,4800,2430951,37108,2,,,,,,,,,,,,,,
11254,2,3,1模式：普通防护护手的护腿铠甲,65654,40,1696,5280,2430952,37108,3,42203,1,,,,,,,,,,,,
11255,2,3,2模式：普通防护护手的护腿铠甲,65655,40,1696,5280,2430953,37108,3,42203,1,,,,,,,,,,,,
11256,2,3,1模式：护腿铠甲的高级的保护手套,65656,40,2656,7200,2430954,37108,3,42203,1,42210,3,,,,,,,,,,
11257,2,3,2模式：护腿铠甲的高级的保护手套,65657,40,2656,7200,2430955,37108,3,42203,1,42210,3,,,,,,,,,,
11258,2,3,1模式：护腿铠甲罕见的手套保护,65658,40,6094,9600,2430956,37108,3,43003,1,42210,4,39102,1,,,,,,,,
11259,2,3,2模式：护腿铠甲罕见的手套保护,65659,40,6094,9600,2430957,37108,3,43003,1,42210,4,39102,1,,,,,,,,
11260,2,3,1模式：护腿铠甲特殊保护手套,65660,40,10580,14400,2430958,37108,4,43017,1,42210,6,39102,1,,,,,,,,
11261,2,3,2模式：护腿铠甲特殊保护手套,65661,40,10580,14400,2430959,37108,4,43017,1,42210,6,39102,1,,,,,,,,
11262,2,3,模式：一个不起眼的护腿铠甲手套,65662,45,828,6078,2431151,37109,2,,,,,,,,,,,,,,
11263,2,3,1模式：普通的护腿铠甲手套,65663,45,2088,6684,2431152,37109,3,42204,1,,,,,,,,,,,,
11264,2,3,2模式：普通的护腿铠甲手套,65664,45,2088,6684,2431153,37109,3,42204,1,,,,,,,,,,,,
11265,2,3,1模式：奢华的手套护腿铠甲,65665,45,3348,9114,2431154,37109,3,42204,1,42210,4,,,,,,,,,,
11266,2,3,2模式：奢华的手套护腿铠甲,65666,45,3348,9114,2431155,37109,3,42204,1,42210,4,,,,,,,,,,
11267,2,3,1模式：护腿铠甲手套罕见,65667,45,7666,12150,2431156,37109,3,43003,1,42210,5,39102,1,,,,,,,,
11268,2,3,2模式：护腿铠甲手套罕见,65668,45,7666,12150,2431157,37109,3,43003,1,42210,5,39102,1,,,,,,,,
11269,2,3,1模式：护腿铠甲专用遵守手套,65669,45,13522,18228,2431158,37109,4,43018,1,42210,7,39102,1,,,,,,,,
11270,2,3,2模式：护腿铠甲专用遵守手套,65670,45,13522,18228,2431159,37109,4,43018,1,42210,7,39102,1,,,,,,,,
11271,2,3,模式：破旧的不朽的护腿铠甲手套,65671,50,920,7500,2431351,37110,2,,,,,,,,,,,,,,
11272,2,3,1模式：普通护腿铠甲手套,65672,50,2320,8250,2431352,37110,3,42204,1,,,,,,,,,,,,
11273,2,3,2模式：普通护腿铠甲手套,65673,50,2320,8250,2431353,37110,3,42204,1,,,,,,,,,,,,
11274,2,3,1模式：高级的不朽的护腿铠甲手套,65674,50,3720,11250,2431354,37110,3,42204,1,42210,5,,,,,,,,,,
11275,2,3,2模式：高级的不朽的护腿铠甲手套,65675,50,3720,11250,2431355,37110,3,42204,1,42210,5,,,,,,,,,,
11276,2,3,1模式：罕见的不朽的护腿铠甲手套,65676,50,8518,15000,2431356,37110,3,43004,1,42210,6,39102,1,,,,,,,,
11277,2,3,2模式：罕见的护腿铠甲手套,65677,50,8518,15000,2431357,37110,3,43004,1,42210,6,39102,1,,,,,,,,
11278,2,3,1模式：特殊不朽的护腿铠甲手套,65678,50,16208,22500,2431358,37110,4,43019,1,42210,9,39102,1,,,,,,,,
11279,2,3,2模式：特殊不朽的护腿铠甲手套,65679,50,16208,22500,2431359,37110,4,43019,1,42210,9,39102,1,,,,,,,,
11280,2,3,模式：破旧的不朽的护腿铠甲手套,65680,55,1012,9078,2431551,37111,2,,,,,,,,,,,,,,
11281,2,3,1模式：普通护腿铠甲手套,65681,55,2772,9984,2431552,37111,3,42212,1,,,,,,,,,,,,
11282,2,3,2模式：普通护腿铠甲手套,65682,55,2772,9984,2431553,37111,3,42212,1,,,,,,,,,,,,
11283,2,3,1模式：高级的不朽的护腿铠甲手套,65683,55,4172,13614,2431554,37111,3,42212,1,42210,6,,,,,,,,,,
11284,2,3,2模式：高级的不朽的护腿铠甲手套,65684,55,4172,13614,2431555,37111,3,42212,1,42210,6,,,,,,,,,,
11285,2,3,1模式：罕见的不朽的护腿铠甲手套,65685,55,10360,18150,2431556,37111,3,43004,2,42210,7,39103,1,,,,,,,,
11286,2,3,2模式：罕见的护腿铠甲手套,65686,55,10360,18150,2431557,37111,3,43004,2,42210,7,39103,1,,,,,,,,
11287,2,3,1模式：特殊不朽的护腿铠甲手套,65687,55,19808,27228,2431558,37111,4,43019,4,42210,11,39103,1,,,,,,,,
11288,2,3,2模式：特殊不朽的护腿铠甲手套,65688,55,19808,27228,2431559,37111,4,43019,4,42210,11,39103,1,,,,,,,,
11400,2,3,模式：手套寒碜格里夫斯,65700,1,92,108,2433151,37101,3,,,,,,,,,,,,,,
11401,2,3,1模式：普通铠甲手套,65701,1,152,120,2433152,37101,3,42200,1,,,,,,,,,,,,
11402,2,3,2模式：普通铠甲手套,65702,1,152,120,2433153,37101,3,42200,1,,,,,,,,,,,,
11403,2,3,1模式：格里夫斯高级的手套,65703,6,212,162,2433154,37101,4,42200,1,42210,1,,,,,,,,,,
11404,2,3,2模式：格里夫斯高级的手套,65704,6,212,162,2433155,37101,4,42200,1,42210,1,,,,,,,,,,
11405,2,3,1模式：格里夫斯手套罕见的,65705,6,492,216,2433156,37101,4,43000,1,42210,1,39100,1,,,,,,,,
11406,2,3,2模式：格里夫斯手套罕见的,65706,6,492,216,2433157,37101,4,43000,1,42210,1,39100,1,,,,,,,,
11407,2,3,模式：破旧的铠甲手套,65707,11,184,366,2433251,37102,3,,,,,,,,,,,,,,
11408,2,3,1模式：普通技能的手套,65708,11,304,402,2433252,37102,3,42200,1,,,,,,,,,,,,
11409,2,3,2模式：普通技能的手套,65709,11,304,402,2433253,37102,3,42200,1,,,,,,,,,,,,
11410,2,3,1模式：高级的的手套,65710,11,424,546,2433254,37102,3,42200,1,42210,1,,,,,,,,,,
11411,2,3,2模式：高级的的手套,65711,11,424,546,2433255,37102,3,42200,1,42210,1,,,,,,,,,,
11412,2,3,1模式：稀有技能的手套,65712,11,1220,726,2433256,37102,4,43000,1,42210,1,39100,2,,,,,,,,
11413,2,3,2模式：稀有技能的手套,65713,11,1220,726,2433257,37102,4,43000,1,42210,1,39100,2,,,,,,,,
11414,2,3,模式：破旧的手套,65714,16,276,768,2433351,37103,3,,,,,,,,,,,,,,
11415,2,3,1模式：普通手套,65715,16,516,846,2433352,37103,3,42201,1,,,,,,,,,,,,
11416,2,3,2模式：普通手套,65716,16,516,846,2433353,37103,3,42201,1,,,,,,,,,,,,
11417,2,3,1模式：格里夫斯高级的铠甲,65717,16,756,1152,2433354,37103,3,42201,1,42210,1,,,,,,,,,,
11418,2,3,2模式：格里夫斯高级的铠甲,65718,16,756,1152,2433355,37103,3,42201,1,42210,1,,,,,,,,,,
11419,2,3,1模式：格里夫斯罕见铠甲,65719,16,2825,1536,2433356,37103,3,43000,2,42210,1,39101,1,,,,,,,,
11420,2,3,2模式：格里夫斯罕见铠甲,65720,16,2825,1536,2433357,37103,3,43000,2,42210,1,39101,1,,,,,,,,
11421,2,3,模式：破旧的格里夫斯手套,65721,21,368,1326,2433451,37104,3,,,,,,,,,,,,,,
11422,2,3,1模式：普通手套格里夫斯,65722,21,688,1458,2433452,37104,3,42201,1,,,,,,,,,,,,
11423,2,3,2模式：普通手套格里夫斯,65723,21,688,1458,2433453,37104,3,42201,1,,,,,,,,,,,,
11424,2,3,1模式：格里夫斯高级的手套,65724,21,1008,1986,2433454,37104,3,42201,1,42210,1,,,,,,,,,,
11425,2,3,2模式：格里夫斯高级的手套,65725,21,1008,1986,2433455,37104,3,42201,1,42210,1,,,,,,,,,,
11426,2,3,1模式：一种罕见的手套,65726,21,2327,2646,2433456,37104,3,43001,1,42210,1,39101,1,,,,,,,,
11427,2,3,2模式：一种罕见的手套,65727,21,2327,2646,2433457,37104,3,43001,1,42210,1,39101,1,,,,,,,,
11428,2,3,模式：格里夫斯破旧的手套,65728,26,460,2028,2433551,37105,3,,,,,,,,,,,,,,
11429,2,3,1模式：普通手套格里夫斯,65729,26,960,2232,2433552,37105,3,42202,1,,,,,,,,,,,,
11430,2,3,2模式：普通手套格里夫斯,65730,26,960,2232,2433553,37105,3,42202,1,,,,,,,,,,,,
11431,2,3,1模式：高级的手套,65731,26,1460,3042,2433554,37105,3,42202,1,42210,1,,,,,,,,,,
11432,2,3,2模式：高级的手套,65732,26,1460,3042,2433555,37105,3,42202,1,42210,1,,,,,,,,,,
11433,2,3,1模式：罕见手套,65733,26,6200,4056,2433556,37105,3,43001,1,42210,2,39101,1,,,,,,,,
11434,2,3,2模式：罕见手套,65734,26,6200,4056,2433557,37105,3,43001,1,42210,2,39101,1,,,,,,,,
11435,2,3,模式：格里夫斯坚韧的破旧手套,65735,30,552,2700,2433651,37106,2,,,,,,,,,,,,,,
11436,2,3,1模式：普通刚毅手套,65736,30,1152,2970,2433652,37106,3,42202,1,,,,,,,,,,,,
11437,2,3,2模式：普通刚毅手套,65737,30,1152,2970,2433653,37106,3,42202,1,,,,,,,,,,,,
11438,2,3,1模式：高级的坚韧的铠甲手套,65738,30,1752,4050,2433654,37106,3,42202,1,42210,2,,,,,,,,,,
11439,2,3,2模式：高级的坚韧的铠甲手套,65739,30,1752,4050,2433655,37106,3,42202,1,42210,2,,,,,,,,,,
11440,2,3,1模式：罕见的刚毅手套,65740,30,4740,5400,2433656,37106,3,43002,1,42210,2,39101,1,,,,,,,,
11441,2,3,2模式：罕见的刚毅手套,65741,30,4740,5400,2433657,37106,3,43002,1,42210,2,39101,1,,,,,,,,
11442,2,3,1模式：格里夫斯特别坚韧的手套,65742,30,8274,8100,2433658,37106,4,43015,1,42210,3,39101,2,,,,,,,,
11443,2,3,2模式：特别坚韧的铠甲手套,65743,30,8274,8100,2433659,37106,4,43015,1,42210,3,39101,2,,,,,,,,
11444,2,3,模式：不起眼的耐性的铠甲手套,65744,35,644,3678,2433751,37107,2,,,,,,,,,,,,,,
11445,2,3,1模式：普通手套耐性的格里夫斯,65745,35,1484,4044,2433752,37107,3,42203,1,,,,,,,,,,,,
11446,2,3,2模式：普通手套耐性的格里夫斯,65746,35,1484,4044,2433753,37107,3,42203,1,,,,,,,,,,,,
11447,2,3,1模式：格里夫斯高级的手套耐性的,65747,35,2324,5514,2433754,37107,3,42203,1,42210,2,,,,,,,,,,
11448,2,3,2模式：格里夫斯高级的手套耐性的,65748,35,2324,5514,2433755,37107,3,42203,1,42210,2,,,,,,,,,,
11449,2,3,1模式：格里夫斯手套罕见的耐性的,65749,35,5333,7350,2433756,37107,3,43002,1,42210,3,39102,1,,,,,,,,
11450,2,3,2模式：格里夫斯手套罕见的耐性的,65750,35,5333,7350,2433757,37107,3,43002,1,42210,3,39102,1,,,,,,,,
11451,2,3,1模式：专用手套耐性的格里夫斯,65751,35,9257,11028,2433758,37107,4,43016,1,42210,5,39102,1,,,,,,,,
11452,2,3,2模式：特殊的手套耐性的格里夫斯,65752,35,9257,11028,2433759,37107,4,43016,1,42210,5,39102,1,,,,,,,,
11453,2,3,模式：破旧的防护手套,65753,40,736,4800,2433951,37108,2,,,,,,,,,,,,,,
11454,2,3,1模式：普通防护手套的,65754,40,1696,5280,2433952,37108,3,42203,1,,,,,,,,,,,,
11455,2,3,2模式：普通防护手套的,65755,40,1696,5280,2433953,37108,3,42203,1,,,,,,,,,,,,
11456,2,3,1模式：格里夫斯高级的手套保护,65756,40,2656,7200,2433954,37108,3,42203,1,42210,3,,,,,,,,,,
11457,2,3,2模式：格里夫斯高级的手套保护,65757,40,2656,7200,2433955,37108,3,42203,1,42210,3,,,,,,,,,,
11458,2,3,1模式：罕见的装甲防护格里夫斯,65758,40,6094,9600,2433956,37108,3,43003,1,42210,4,39102,1,,,,,,,,
11459,2,3,2模式：罕见的装甲防护格里夫斯,65759,40,6094,9600,2433957,37108,3,43003,1,42210,4,39102,1,,,,,,,,
11460,2,3,1模式：特殊的手套,65760,40,10580,14400,2433958,37108,4,43017,1,42210,6,39102,1,,,,,,,,
11461,2,3,2模式：特殊的手套,65761,40,10580,14400,2433959,37108,4,43017,1,42210,6,39102,1,,,,,,,,
11462,2,3,模式：寒碜手套,65762,45,828,6078,2434151,37109,2,,,,,,,,,,,,,,
11463,2,3,1模式：普通饲养手套,65763,45,2088,6684,2434152,37109,3,42204,1,,,,,,,,,,,,
11464,2,3,2模式：普通饲养手套,65764,45,2088,6684,2434153,37109,3,42204,1,,,,,,,,,,,,
11465,2,3,1模式：高级的手套,65765,45,3348,9114,2434154,37109,3,42204,1,42210,4,,,,,,,,,,
11466,2,3,2模式：高级的手套,65766,45,3348,9114,2434155,37109,3,42204,1,42210,4,,,,,,,,,,
11467,2,3,1模式：罕见的守护手套,65767,45,7666,12150,2434156,37109,3,43003,1,42210,5,39102,1,,,,,,,,
11468,2,3,2模式：罕见的守护手套,65768,45,7666,12150,2434157,37109,3,43003,1,42210,5,39102,1,,,,,,,,
11469,2,3,1模式：特殊的纪念铠甲手套,65769,45,13522,18228,2434158,37109,4,43018,1,42210,7,39102,1,,,,,,,,
11470,2,3,2模式：特殊的纪念铠甲手套,65770,45,13522,18228,2434159,37109,4,43018,1,42210,7,39102,1,,,,,,,,
11471,2,3,模式：破旧的不朽铠甲手套,65771,50,920,7500,2434351,37110,2,,,,,,,,,,,,,,
11472,2,3,1模式：普通铠甲手套,65772,50,2320,8250,2434352,37110,3,42204,1,,,,,,,,,,,,
11473,2,3,2模式：普通铠甲手套,65773,50,2320,8250,2434353,37110,3,42204,1,,,,,,,,,,,,
11474,2,3,1模式：格里夫斯高级的手套不朽,65774,50,3720,11250,2434354,37110,3,42204,1,42210,5,,,,,,,,,,
11475,2,3,2模式：高级的不朽铠甲手套,65775,50,3720,11250,2434355,37110,3,42204,1,42210,5,,,,,,,,,,
11476,2,3,1模式：格里夫斯手套罕见的不朽,65776,50,8518,15000,2434356,37110,3,43004,1,42210,6,39102,1,,,,,,,,
11477,2,3,2模式：格里夫斯手套罕见的不朽,65777,50,8518,15000,2434357,37110,3,43004,1,42210,6,39102,1,,,,,,,,
11478,2,3,1模式：特殊的手套不朽,65778,50,16208,22500,2434358,37110,4,43019,1,42210,9,39102,1,,,,,,,,
11479,2,3,2模式：特殊的手套不朽,65779,50,16208,22500,2434359,37110,4,43019,1,42210,9,39102,1,,,,,,,,
11480,2,3,模式：破旧的不朽铠甲手套,65780,55,1012,9078,2434551,37111,2,,,,,,,,,,,,,,
11481,2,3,1模式：普通铠甲手套,65781,55,2772,9984,2434552,37111,3,42212,1,,,,,,,,,,,,
11482,2,3,2模式：普通铠甲手套,65782,55,2772,9984,2434553,37111,3,42212,1,,,,,,,,,,,,
11483,2,3,1模式：格里夫斯高级的手套不朽,65783,55,4172,13614,2434554,37111,3,42212,1,42210,6,,,,,,,,,,
11484,2,3,2模式：高级的不朽铠甲手套,65784,55,4172,13614,2434555,37111,3,42212,1,42210,6,,,,,,,,,,
11485,2,3,1模式：格里夫斯手套罕见的不朽,65785,55,10360,18150,2434556,37111,3,43004,2,42210,7,39103,1,,,,,,,,
11486,2,3,2模式：格里夫斯手套罕见的不朽,65786,55,10360,18150,2434557,37111,3,43004,2,42210,7,39103,1,,,,,,,,
11487,2,3,1模式：特殊的手套不朽,65787,55,19808,27228,2434558,37111,4,43019,4,42210,11,39103,1,,,,,,,,
11488,2,3,2模式：特殊的手套不朽,65788,55,19808,27228,2434559,37111,4,43019,4,42210,11,39103,1,,,,,,,,
11600,2,3,模式：重型破旧的手套,65800,1,92,108,2436151,37101,3,,,,,,,,,,,,,,
11601,2,3,1模式：普通,65801,1,152,120,2436152,37101,3,42200,1,,,,,,,,,,,,
11602,2,3,2模式：普通,65802,1,152,120,2436153,37101,3,42200,1,,,,,,,,,,,,
11603,2,3,1模式：高级的重型装甲,65803,6,212,162,2436154,37101,4,42200,1,42210,1,,,,,,,,,,
11604,2,3,2模式：高级的重型装甲,65804,6,212,162,2436155,37101,4,42200,1,42210,1,,,,,,,,,,
11605,2,3,1模式：罕见的,65805,6,492,216,2436156,37101,4,43000,1,42210,1,39100,1,,,,,,,,
11606,2,3,2模式：罕见的,65806,6,492,216,2436157,37101,4,43000,1,42210,1,39100,1,,,,,,,,
11607,2,3,模式：重型手套寒碜技能,65807,11,184,366,2436251,37102,3,,,,,,,,,,,,,,
11608,2,3,1模式：普通技能的,65808,11,304,402,2436252,37102,3,42200,1,,,,,,,,,,,,
11609,2,3,2模式：普通技能的,65809,11,304,402,2436253,37102,3,42200,1,,,,,,,,,,,,
11610,2,3,1模式：高级的的,65810,11,424,546,2436254,37102,3,42200,1,42210,1,,,,,,,,,,
11611,2,3,2模式：高级的的,65811,11,424,546,2436255,37102,3,42200,1,42210,1,,,,,,,,,,
11612,2,3,1模式：一种罕见的的,65812,11,1220,726,2436256,37102,4,43000,1,42210,1,39100,2,,,,,,,,
11613,2,3,2模式：一种罕见的的,65813,11,1220,726,2436257,37102,4,43000,1,42210,1,39100,2,,,,,,,,
11614,2,3,模式：重型手套寒酸铠甲,65814,16,276,768,2436351,37103,3,,,,,,,,,,,,,,
11615,2,3,1模式：普通铠甲,65815,16,516,846,2436352,37103,3,42201,1,,,,,,,,,,,,
11616,2,3,2模式：普通铠甲,65816,16,516,846,2436353,37103,3,42201,1,,,,,,,,,,,,
11617,2,3,1模式：高级的铠甲的,65817,16,756,1152,2436354,37103,3,42201,1,42210,1,,,,,,,,,,
11618,2,3,2模式：高级的铠甲的,65818,16,756,1152,2436355,37103,3,42201,1,42210,1,,,,,,,,,,
11619,2,3,1模式：罕见铠甲的,65819,16,2825,1536,2436356,37103,3,43000,2,42210,1,39101,1,,,,,,,,
11620,2,3,2模式：罕见铠甲的,65820,16,2825,1536,2436357,37103,3,43000,2,42210,1,39101,1,,,,,,,,
11621,2,3,模式：重型手套破旧的,65821,21,368,1326,2436451,37104,3,,,,,,,,,,,,,,
11622,2,3,1模式：普通,65822,21,688,1458,2436452,37104,3,42201,1,,,,,,,,,,,,
11623,2,3,2模式：普通,65823,21,688,1458,2436453,37104,3,42201,1,,,,,,,,,,,,
11624,2,3,1模式：高级的重型装甲,65824,21,1008,1986,2436454,37104,3,42201,1,42210,1,,,,,,,,,,
11625,2,3,2模式：高级的重型装甲,65825,21,1008,1986,2436455,37104,3,42201,1,42210,1,,,,,,,,,,
11626,2,3,1模式：一种罕见的,65826,21,2327,2646,2436456,37104,3,43001,1,42210,1,39101,1,,,,,,,,
11627,2,3,2模式：一种罕见的,65827,21,2327,2646,2436457,37104,3,43001,1,42210,1,39101,1,,,,,,,,
11628,2,3,模式：重型手套破旧的,65828,26,460,2028,2436551,37105,3,,,,,,,,,,,,,,
11629,2,3,1模式：纯坚韧厚手套,65829,26,960,2232,2436552,37105,3,42202,1,,,,,,,,,,,,
11630,2,3,2模式：普通的韧性厚手套,65830,26,960,2232,2436553,37105,3,42202,1,,,,,,,,,,,,
11631,2,3,1模式：高级的厚手套,65831,26,1460,3042,2436554,37105,3,42202,1,42210,1,,,,,,,,,,
11632,2,3,2模式：高级的厚手套,65832,26,1460,3042,2436555,37105,3,42202,1,42210,1,,,,,,,,,,
11633,2,3,1模式：手套的重稀土坚韧,65833,26,6200,4056,2436556,37105,3,43001,1,42210,2,39101,1,,,,,,,,
11634,2,3,2模式：手套的重稀土坚韧,65834,26,6200,4056,2436557,37105,3,43001,1,42210,2,39101,1,,,,,,,,
11635,2,3,模式：重型坚韧的破旧手套,65835,30,552,2700,2436651,37106,2,,,,,,,,,,,,,,
11636,2,3,1模式：普通坚不可摧的厚手套,65836,30,1152,2970,2436652,37106,3,42202,1,,,,,,,,,,,,
11637,2,3,2模式：普通坚韧的厚手套,65837,30,1152,2970,2436653,37106,3,42202,1,,,,,,,,,,,,
11638,2,3,1模式：高级的坚韧的厚手套,65838,30,1752,4050,2436654,37106,3,42202,1,42210,2,,,,,,,,,,
11639,2,3,2模式：高级的坚韧的厚手套,65839,30,1752,4050,2436655,37106,3,42202,1,42210,2,,,,,,,,,,
11640,2,3,1模式：重稀土刚毅手套,65840,30,4740,5400,2436656,37106,3,43002,1,42210,2,39101,1,,,,,,,,
11641,2,3,2模式：重稀土刚毅手套,65841,30,4740,5400,2436657,37106,3,43002,1,42210,2,39101,1,,,,,,,,
11642,2,3,1模式：特别坚韧的厚手套,65842,30,8274,8100,2436658,37106,4,43015,1,42210,3,39101,2,,,,,,,,
11643,2,3,2模式：特别坚韧的厚手套,65843,30,8274,8100,2436659,37106,4,43015,1,42210,3,39101,2,,,,,,,,
11644,2,3,模式：耐性好的,65844,35,644,3678,2436751,37107,2,,,,,,,,,,,,,,
11645,2,3,1模式：普通耐性的,65845,35,1484,4044,2436752,37107,3,42203,1,,,,,,,,,,,,
11646,2,3,2模式：普通耐性的,65846,35,1484,4044,2436753,37107,3,42203,1,,,,,,,,,,,,
11647,2,3,1模式：高级的耐性好的,65847,35,2324,5514,2436754,37107,3,42203,1,42210,2,,,,,,,,,,
11648,2,3,2模式：高级的耐性好的,65848,35,2324,5514,2436755,37107,3,42203,1,42210,2,,,,,,,,,,
11649,2,3,1模式：罕见的耐性的,65849,35,5333,7350,2436756,37107,3,43002,1,42210,3,39102,1,,,,,,,,
11650,2,3,2模式：罕见的耐性的,65850,35,5333,7350,2436757,37107,3,43002,1,42210,3,39102,1,,,,,,,,
11651,2,3,1模式：特殊耐性的,65851,35,9257,11028,2436758,37107,4,43016,1,42210,5,39102,1,,,,,,,,
11652,2,3,2模式：特殊的耐性的,65852,35,9257,11028,2436759,37107,4,43016,1,42210,5,39102,1,,,,,,,,
11653,2,3,模式：重型防护手套寒酸,65853,40,736,4800,2436951,37108,2,,,,,,,,,,,,,,
11654,2,3,1模式：普通重型装甲防护,65854,40,1696,5280,2436952,37108,3,42203,1,,,,,,,,,,,,
11655,2,3,2模式：普通重型装甲防护,65855,40,1696,5280,2436953,37108,3,42203,1,,,,,,,,,,,,
11656,2,3,1模式：重手套保护的高级的,65856,40,2656,7200,2436954,37108,3,42203,1,42210,3,,,,,,,,,,
11657,2,3,2模式：重手套保护的高级的,65857,40,2656,7200,2436955,37108,3,42203,1,42210,3,,,,,,,,,,
11658,2,3,1模式：罕见的重型装甲防护,65858,40,6094,9600,2436956,37108,3,43003,1,42210,4,39102,1,,,,,,,,
11659,2,3,2模式：罕见的重型装甲防护,65859,40,6094,9600,2436957,37108,3,43003,1,42210,4,39102,1,,,,,,,,
11660,2,3,1模式：特殊保护的,65860,40,10580,14400,2436958,37108,4,43017,1,42210,6,39102,1,,,,,,,,
11661,2,3,2模式：特殊保护的,65861,40,10580,14400,2436959,37108,4,43017,1,42210,6,39102,1,,,,,,,,
11662,2,3,模式：重型手套寒酸守护,65862,45,828,6078,2437151,37109,2,,,,,,,,,,,,,,
11663,2,3,1模式：普通牧民,65863,45,2088,6684,2437152,37109,3,42204,1,,,,,,,,,,,,
11664,2,3,2模式：普通牧民,65864,45,2088,6684,2437153,37109,3,42204,1,,,,,,,,,,,,
11665,2,3,1模式：高级的守护的,65865,45,3348,9114,2437154,37109,3,42204,1,42210,4,,,,,,,,,,
11666,2,3,2模式：高级的饲养的,65866,45,3348,9114,2437155,37109,3,42204,1,42210,4,,,,,,,,,,
11667,2,3,1模式：罕见的,65867,45,7666,12150,2437156,37109,3,43003,1,42210,5,39102,1,,,,,,,,
11668,2,3,2模式：罕见的,65868,45,7666,12150,2437157,37109,3,43003,1,42210,5,39102,1,,,,,,,,
11669,2,3,1模式：特殊的纪念,65869,45,13522,18228,2437158,37109,4,43018,1,42210,7,39102,1,,,,,,,,
11670,2,3,2模式：特殊的纪念,65870,45,13522,18228,2437159,37109,4,43018,1,42210,7,39102,1,,,,,,,,
11671,2,3,模式：不朽破旧的厚手套,65871,50,920,7500,2437351,37110,2,,,,,,,,,,,,,,
11672,2,3,1模式：普通的,65872,50,2320,8250,2437352,37110,3,42204,1,,,,,,,,,,,,
11673,2,3,2模式：普通的,65873,50,2320,8250,2437353,37110,3,42204,1,,,,,,,,,,,,
11674,2,3,1模式：高级的不朽的,65874,50,3720,11250,2437354,37110,3,42204,1,42210,5,,,,,,,,,,
11675,2,3,2模式：高级的不朽的,65875,50,3720,11250,2437355,37110,3,42204,1,42210,5,,,,,,,,,,
11676,2,3,1模式：罕见的不朽的,65876,50,8518,15000,2437356,37110,3,43004,1,42210,6,39102,1,,,,,,,,
11677,2,3,2模式：罕见的不朽的,65877,50,8518,15000,2437357,37110,3,43004,1,42210,6,39102,1,,,,,,,,
11678,2,3,1模式：特殊的不朽厚手套,65878,50,16208,22500,2437358,37110,4,43019,1,42210,9,39102,1,,,,,,,,
11679,2,3,2模式：特殊的不朽厚手套,65879,50,16208,22500,2437359,37110,4,43019,1,42210,9,39102,1,,,,,,,,
11680,2,3,模式：不朽破旧的厚手套,65880,55,1012,9078,2437551,37111,2,,,,,,,,,,,,,,
11681,2,3,1模式：普通的,65881,55,2772,9984,2437552,37111,3,42212,1,,,,,,,,,,,,
11682,2,3,2模式：普通的,65882,55,2772,9984,2437553,37111,3,42212,1,,,,,,,,,,,,
11683,2,3,1模式：高级的不朽的,65883,55,4172,13614,2437554,37111,3,42212,1,42210,6,,,,,,,,,,
11684,2,3,2模式：高级的不朽的,65884,55,4172,13614,2437555,37111,3,42212,1,42210,6,,,,,,,,,,
11685,2,3,1模式：罕见的不朽的,65885,55,10360,18150,2437556,37111,3,43004,2,42210,7,39103,1,,,,,,,,
11686,2,3,2模式：罕见的不朽的,65886,55,10360,18150,2437557,37111,3,43004,2,42210,7,39103,1,,,,,,,,
11687,2,3,1模式：特殊的不朽厚手套,65887,55,19808,27228,2437558,37111,4,43019,4,42210,11,39103,1,,,,,,,,
11688,2,3,2模式：特殊的不朽厚手套,65888,55,19808,27228,2437559,37111,4,43019,4,42210,11,39103,1,,,,,,,,
11800,2,4,模式：不起眼的护腿铠甲的护腿,65900,1,92,120,2440151,37101,4,,,,,,,,,,,,,,
11801,2,4,1模式：普通护腿护腿铠甲,65901,1,152,132,2440152,37101,4,42200,1,,,,,,,,,,,,
11802,2,4,2模式：普通护腿护腿铠甲,65902,1,152,132,2440153,37101,4,42200,1,,,,,,,,,,,,
11803,2,4,1模式：高级的巴德护腿,65903,5,212,180,2440154,37101,4,42200,1,42210,1,,,,,,,,,,
11804,2,4,2模式：高级的巴德护腿,65904,5,212,180,2440155,37101,4,42200,1,42210,1,,,,,,,,,,
11805,2,4,1模式：护腿铠甲罕见护腿,65905,5,492,240,2440156,37101,4,43000,1,42210,1,39100,1,,,,,,,,
11806,2,4,2模式：护腿铠甲罕见护腿,65906,5,492,240,2440157,37101,4,43000,1,42210,1,39100,1,,,,,,,,
11807,2,4,模式：护破旧的护腿铠甲的护腿铠甲,65907,10,184,480,2440251,37102,4,,,,,,,,,,,,,,
11808,2,4,1模式：普通技能的护腿铠甲的护腿,65908,10,304,528,2440252,37102,4,42200,1,,,,,,,,,,,,
11809,2,4,2模式：普通技能的护腿铠甲的护腿,65909,10,304,528,2440253,37102,4,42200,1,,,,,,,,,,,,
11810,2,4,1模式：高级的的护腿铠甲的护腿,65910,10,424,720,2440254,37102,4,42200,1,42210,1,,,,,,,,,,
11811,2,4,2模式：高级的的护腿铠甲的护腿,65911,10,424,720,2440255,37102,4,42200,1,42210,1,,,,,,,,,,
11812,2,4,1模式：稀有技能的护腿铠甲的护腿,65912,10,1220,960,2440256,37102,5,43000,1,42210,1,39100,2,,,,,,,,
11813,2,4,2模式：稀有技能的护腿铠甲的护腿,65913,10,1220,960,2440257,37102,5,43000,1,42210,1,39100,2,,,,,,,,
11814,2,4,模式：护腿不起眼的护腿铠甲铠甲,65914,15,276,1080,2440351,37103,4,,,,,,,,,,,,,,
11815,2,4,1模式：普通护腿铠甲铠甲,65915,15,516,1188,2440352,37103,4,42201,1,,,,,,,,,,,,
11816,2,4,2模式：普通护腿铠甲铠甲,65916,15,516,1188,2440353,37103,4,42201,1,,,,,,,,,,,,
11817,2,4,1模式：护腿铠甲的高级的护腿铠甲,65917,15,756,1620,2440354,37103,4,42201,1,42210,1,,,,,,,,,,
11818,2,4,2模式：护腿铠甲的高级的护腿铠甲,65918,15,756,1620,2440355,37103,4,42201,1,42210,1,,,,,,,,,,
11819,2,4,1模式：护腿铠甲罕见护腿铠甲,65919,15,2825,2160,2440356,37103,5,43000,2,42210,1,39101,1,,,,,,,,
11820,2,4,2模式：护腿铠甲罕见护腿铠甲,65920,15,2825,2160,2440357,37103,5,43000,2,42210,1,39101,1,,,,,,,,
11821,2,4,模式：护腿不起眼的护腿铠甲的,65921,20,368,1920,2440451,37104,4,,,,,,,,,,,,,,
11822,2,4,1模式：普通护腿铠甲的护腿,65922,20,688,2112,2440452,37104,4,42201,1,,,,,,,,,,,,
11823,2,4,2模式：普通护腿铠甲的护腿,65923,20,688,2112,2440453,37104,4,42201,1,,,,,,,,,,,,
11824,2,4,1模式：的护腿铠甲高级的护腿,65924,20,1008,2880,2440454,37104,4,42201,1,42210,1,,,,,,,,,,
11825,2,4,2模式：的护腿铠甲高级的护腿,65925,20,1008,2880,2440455,37104,4,42201,1,42210,1,,,,,,,,,,
11826,2,4,1模式：罕见的护腿铠甲,65926,20,2327,3840,2440456,37104,5,43001,1,42210,2,39101,1,,,,,,,,
11827,2,4,2模式：罕见的护腿铠甲,65927,20,2327,3840,2440457,37104,5,43001,1,42210,2,39101,1,,,,,,,,
11828,2,4,模式：破旧的护腿铠甲,65928,25,460,3000,2440551,37105,4,,,,,,,,,,,,,,
11829,2,4,1模式：护腿铠甲平原坚韧,65929,25,960,3300,2440552,37105,4,42202,1,,,,,,,,,,,,
11830,2,4,2模式：纯护腿铠甲,65930,25,960,3300,2440553,37105,4,42202,1,,,,,,,,,,,,
11831,2,4,1模式：高级的护腿铠甲,65931,25,1460,4500,2440554,37105,4,42202,1,42210,2,,,,,,,,,,
11832,2,4,2模式：高级的护腿铠甲,65932,25,1460,4500,2440555,37105,4,42202,1,42210,2,,,,,,,,,,
11833,2,4,1模式：护腿铠甲,65933,25,6200,6000,2440556,37105,5,43001,2,42210,2,39101,2,,,,,,,,
11834,2,4,2模式：护腿铠甲,65934,25,6200,6000,2440557,37105,5,43001,2,42210,2,39101,2,,,,,,,,
11835,2,4,模式：破旧的有韧性的护腿铠甲,65935,30,552,4320,2440651,37106,4,,,,,,,,,,,,,,
11836,2,4,1模式：普通坚韧的护腿铠甲,65936,30,1152,4752,2440652,37106,4,42202,1,,,,,,,,,,,,
11837,2,4,2模式：普通坚韧的护腿铠甲,65937,30,1152,4752,2440653,37106,4,42202,1,,,,,,,,,,,,
11838,2,4,1模式：高级的坚韧的护腿铠甲,65938,30,1752,6480,2440654,37106,4,42202,1,42210,3,,,,,,,,,,
11839,2,4,2模式：高级的坚韧的护腿铠甲,65939,30,1752,6480,2440655,37106,4,42202,1,42210,3,,,,,,,,,,
11840,2,4,1模式：护腿铠甲,65940,30,4740,8640,2440656,37106,5,43002,1,42210,4,39101,2,,,,,,,,
11841,2,4,2模式：护腿铠甲,65941,30,4740,8640,2440657,37106,5,43002,1,42210,4,39101,2,,,,,,,,
11842,2,4,1模式：特别坚韧的护腿铠甲,65942,30,8274,12960,2440658,37106,6,43015,2,42210,5,39101,3,,,,,,,,
11843,2,4,2模式：特别坚韧的护腿铠甲,65943,30,8274,12960,2440659,37106,6,43015,2,42210,5,39101,3,,,,,,,,
11844,2,4,模式：护腿不起眼的护腿铠甲毅力,65944,35,644,5880,2440751,37107,4,,,,,,,,,,,,,,
11845,2,4,1模式：普通护腿铠甲的毅力护腿,65945,35,1484,6468,2440752,37107,4,42203,1,,,,,,,,,,,,
11846,2,4,2模式：普通护腿铠甲的毅力护腿,65946,35,1484,6468,2440753,37107,4,42203,1,,,,,,,,,,,,
11847,2,4,1模式：护腿铠甲的高级的耐性的护腿,65947,35,2324,8820,2440754,37107,4,42203,1,42210,4,,,,,,,,,,
11848,2,4,2模式：护腿铠甲的高级的耐性的护腿,65948,35,2324,8820,2440755,37107,4,42203,1,42210,4,,,,,,,,,,
11849,2,4,1模式：护腿铠甲罕见的耐性的护腿,65949,35,5333,11760,2440756,37107,5,43002,1,42210,5,39102,1,,,,,,,,
11850,2,4,2模式：护腿铠甲罕见的耐性的护腿,65950,35,5333,11760,2440757,37107,5,43002,1,42210,5,39102,1,,,,,,,,
11851,2,4,1模式：特殊的护腿铠甲的执着护腿,65951,35,9257,17640,2440758,37107,6,43016,2,42210,7,39102,1,,,,,,,,
11852,2,4,2模式：特殊的护腿铠甲的执着护腿,65952,35,9257,17640,2440759,37107,6,43016,2,42210,7,39102,1,,,,,,,,
11853,2,4,模式：护腿不起眼的护腿铠甲保护,65953,40,736,7680,2440951,37108,4,,,,,,,,,,,,,,
11854,2,4,1模式：普通护腿铠甲保护护腿,65954,40,1696,8448,2440952,37108,4,42203,1,,,,,,,,,,,,
11855,2,4,2模式：普通护腿铠甲保护护腿,65955,40,1696,8448,2440953,37108,4,42203,1,,,,,,,,,,,,
11856,2,4,1模式：护腿铠甲的高级的保护护腿,65956,40,2656,11520,2440954,37108,4,42203,1,42210,5,,,,,,,,,,
11857,2,4,2模式：护腿铠甲的高级的保护护腿,65957,40,2656,11520,2440955,37108,4,42203,1,42210,5,,,,,,,,,,
11858,2,4,1模式：护腿铠甲的护腿珍稀,65958,40,6094,15360,2440956,37108,5,43003,1,42210,6,39102,1,,,,,,,,
11859,2,4,2模式：护腿铠甲的护腿珍稀,65959,40,6094,15360,2440957,37108,5,43003,1,42210,6,39102,1,,,,,,,,
11860,2,4,1模式：特别保护护腿护腿铠甲,65960,40,10580,23040,2440958,37108,6,43017,2,42210,9,39102,1,,,,,,,,
11861,2,4,2模式：特别保护护腿护腿铠甲,65961,40,10580,23040,2440959,37108,6,43017,2,42210,9,39102,1,,,,,,,,
11862,2,4,模式：护腿不起眼的护腿铠甲保管,65962,45,828,9720,2441151,37109,4,,,,,,,,,,,,,,
11863,2,4,1模式：普通护腿铠甲,65963,45,2088,10692,2441152,37109,4,42204,1,,,,,,,,,,,,
11864,2,4,2模式：普通护腿铠甲,65964,45,2088,10692,2441153,37109,4,42204,1,,,,,,,,,,,,
11865,2,4,1模式：奢华的护腿护腿铠甲,65965,45,3348,14580,2441154,37109,4,42204,1,42210,6,,,,,,,,,,
11866,2,4,2模式：高级的护腿护腿铠甲,65966,45,3348,14580,2441155,37109,4,42204,1,42210,6,,,,,,,,,,
11867,2,4,1模式：罕见的护腿铠甲,65967,45,7666,19440,2441156,37109,5,43003,1,42210,8,39102,1,,,,,,,,
11868,2,4,2模式：罕见的护腿铠甲,65968,45,7666,19440,2441157,37109,5,43003,1,42210,8,39102,1,,,,,,,,
11869,2,4,1模式：护腿铠甲专用遵守护腿,65969,45,13522,29160,2441158,37109,6,43018,2,42210,12,39102,1,,,,,,,,
11870,2,4,2模式：护腿铠甲专用遵守护腿,65970,45,13522,29160,2441159,37109,6,43018,2,42210,12,39102,1,,,,,,,,
11871,2,4,模式：护破旧的护腿铠甲不朽的护腿铠甲,65971,50,920,12000,2441351,37110,4,,,,,,,,,,,,,,
11872,2,4,1模式：普通护腿铠甲的护腿,65972,50,2320,13200,2441352,37110,4,42204,1,,,,,,,,,,,,
11873,2,4,2模式：普通护腿铠甲的护腿,65973,50,2320,13200,2441353,37110,4,42204,1,,,,,,,,,,,,
11874,2,4,1模式：高级的不朽的护腿铠甲,65974,50,3720,18000,2441354,37110,4,42204,1,42210,7,,,,,,,,,,
11875,2,4,2模式：高级的不朽的护腿铠甲,65975,50,3720,18000,2441355,37110,4,42204,1,42210,7,,,,,,,,,,
11876,2,4,1模式：罕见的不朽的护腿铠甲,65976,50,8518,24000,2441356,37110,5,43004,1,42210,10,39102,1,,,,,,,,
11877,2,4,2模式：罕见的不朽护腿铠甲,65977,50,8518,24000,2441357,37110,5,43004,1,42210,10,39102,1,,,,,,,,
11878,2,4,1模式：护腿特殊不朽的护腿铠甲,65978,50,16208,36000,2441358,37110,6,43019,2,42210,15,39102,2,,,,,,,,
11879,2,4,2模式：护腿特殊不朽的护腿铠甲,65979,50,16208,36000,2441359,37110,6,43019,2,42210,15,39102,2,,,,,,,,
11880,2,4,模式：护破旧的护腿铠甲不朽的护腿铠甲,65980,55,1012,14520,2441551,37111,4,,,,,,,,,,,,,,
11881,2,4,1模式：普通护腿铠甲的护腿,65981,55,2772,15972,2441552,37111,4,42212,1,,,,,,,,,,,,
11882,2,4,2模式：普通护腿铠甲的护腿,65982,55,2772,15972,2441553,37111,4,42212,1,,,,,,,,,,,,
11883,2,4,1模式：高级的不朽的护腿铠甲,65983,55,4172,21780,2441554,37111,4,42212,1,42210,9,,,,,,,,,,
11884,2,4,2模式：高级的不朽的护腿铠甲,65984,55,4172,21780,2441555,37111,4,42212,1,42210,9,,,,,,,,,,
11885,2,4,1模式：罕见的不朽的护腿铠甲,65985,55,10360,29040,2441556,37111,5,43004,2,42210,12,39103,1,,,,,,,,
11886,2,4,2模式：罕见的不朽护腿铠甲,65986,55,10360,29040,2441557,37111,5,43004,2,42210,12,39103,1,,,,,,,,
11887,2,4,1模式：护腿特殊不朽的护腿铠甲,65987,55,19808,43560,2441558,37111,6,43019,4,42210,18,39103,1,,,,,,,,
11888,2,4,2模式：护腿特殊不朽的护腿铠甲,65988,55,19808,43560,2441559,37111,6,43019,4,42210,18,39103,1,,,,,,,,
12000,2,4,模式：格里夫斯破旧的护腿铠甲,66000,1,92,120,2443151,37101,4,,,,,,,,,,,,,,
12001,2,4,1模式：普通的护腿铠甲,66001,1,152,132,2443152,37101,4,42200,1,,,,,,,,,,,,
12002,2,4,2模式：普通的护腿铠甲,66002,1,152,132,2443153,37101,4,42200,1,,,,,,,,,,,,
12003,2,4,1模式：格里夫斯英尺高级的的铠甲,66003,5,212,180,2443154,37101,4,42200,1,42210,1,,,,,,,,,,
12004,2,4,2模式：格里夫斯英尺高级的的铠甲,66004,5,212,180,2443155,37101,4,42200,1,42210,1,,,,,,,,,,
12005,2,4,1模式：罕见的护腿铠甲甲,66005,5,492,240,2443156,37101,4,43000,1,42210,1,39100,1,,,,,,,,
12006,2,4,2模式：罕见的护腿铠甲甲,66006,5,492,240,2443157,37101,4,43000,1,42210,1,39100,1,,,,,,,,
12007,2,4,模式：破旧的护腿铠甲,66007,10,184,480,2443251,37102,4,,,,,,,,,,,,,,
12008,2,4,1模式：普通技能的护腿铠甲,66008,10,304,528,2443252,37102,4,42200,1,,,,,,,,,,,,
12009,2,4,2模式：普通技能的护腿铠甲,66009,10,304,528,2443253,37102,4,42200,1,,,,,,,,,,,,
12010,2,4,1模式：高级的护腿铠甲,66010,10,424,720,2443254,37102,4,42200,1,42210,1,,,,,,,,,,
12011,2,4,2模式：高级的护腿铠甲,66011,10,424,720,2443255,37102,4,42200,1,42210,1,,,,,,,,,,
12012,2,4,1模式：罕见的铠甲的护腿铠甲,66012,10,1220,960,2443256,37102,5,43000,1,42210,1,39100,2,,,,,,,,
12013,2,4,2模式：罕见的铠甲的护腿铠甲,66013,10,1220,960,2443257,37102,5,43000,1,42210,1,39100,2,,,,,,,,
12014,2,4,模式：寒碜铠甲腿铠甲,66014,15,276,1080,2443351,37103,4,,,,,,,,,,,,,,
12015,2,4,1模式：普通铠甲腿铠甲,66015,15,516,1188,2443352,37103,4,42201,1,,,,,,,,,,,,
12016,2,4,2模式：普通铠甲腿铠甲,66016,15,516,1188,2443353,37103,4,42201,1,,,,,,,,,,,,
12017,2,4,1模式：高级的铠,66017,15,756,1620,2443354,37103,4,42201,1,42210,1,,,,,,,,,,
12018,2,4,2模式：高级的铠,66018,15,756,1620,2443355,37103,4,42201,1,42210,1,,,,,,,,,,
12019,2,4,1模式：罕见的铠甲铠,66019,15,2825,2160,2443356,37103,5,43000,2,42210,1,39101,1,,,,,,,,
12020,2,4,2模式：罕见的铠甲铠,66020,15,2825,2160,2443357,37103,5,43000,2,42210,1,39101,1,,,,,,,,
12021,2,4,模式：破旧的甲,66021,20,368,1920,2443451,37104,4,,,,,,,,,,,,,,
12022,2,4,1模式：普通甲,66022,20,688,2112,2443452,37104,4,42201,1,,,,,,,,,,,,
12023,2,4,2模式：普通甲,66023,20,688,2112,2443453,37104,4,42201,1,,,,,,,,,,,,
12024,2,4,1模式：高级的护腿铠甲,66024,20,1008,2880,2443454,37104,4,42201,1,42210,1,,,,,,,,,,
12025,2,4,2模式：高级的护腿铠甲,66025,20,1008,2880,2443455,37104,4,42201,1,42210,1,,,,,,,,,,
12026,2,4,1模式：罕见的意愿腿铠甲,66026,20,2327,3840,2443456,37104,5,43001,1,42210,2,39101,1,,,,,,,,
12027,2,4,2模式：罕见的意愿腿铠甲,66027,20,2327,3840,2443457,37104,5,43001,1,42210,2,39101,1,,,,,,,,
12028,2,4,模式：破旧的,66028,25,460,3000,2443551,37105,4,,,,,,,,,,,,,,
12029,2,4,1模式：纯,66029,25,960,3300,2443552,37105,4,42202,1,,,,,,,,,,,,
12030,2,4,2模式：纯,66030,25,960,3300,2443553,37105,4,42202,1,,,,,,,,,,,,
12031,2,4,1模式：高级的,66031,25,1460,4500,2443554,37105,4,42202,1,42210,2,,,,,,,,,,
12032,2,4,2模式：高级的,66032,25,1460,4500,2443555,37105,4,42202,1,42210,2,,,,,,,,,,
12033,2,4,1模式：罕见,66033,25,6200,6000,2443556,37105,5,43001,2,42210,2,39101,2,,,,,,,,
12034,2,4,2模式：罕见,66034,25,6200,6000,2443557,37105,5,43001,2,42210,2,39101,2,,,,,,,,
12035,2,4,模式：破旧的坚韧的铠甲,66035,30,552,4320,2443651,37106,4,,,,,,,,,,,,,,
12036,2,4,1模式：普通坚韧的铠甲,66036,30,1152,4752,2443652,37106,4,42202,1,,,,,,,,,,,,
12037,2,4,2模式：普通坚韧的铠甲,66037,30,1152,4752,2443653,37106,4,42202,1,,,,,,,,,,,,
12038,2,4,1模式：高级的坚韧的铠甲,66038,30,1752,6480,2443654,37106,4,42202,1,42210,3,,,,,,,,,,
12039,2,4,2模式：高级的坚韧的铠甲,66039,30,1752,6480,2443655,37106,4,42202,1,42210,3,,,,,,,,,,
12040,2,4,1模式：铠甲,66040,30,4740,8640,2443656,37106,5,43002,1,42210,4,39101,2,,,,,,,,
12041,2,4,2模式：铠甲,66041,30,4740,8640,2443657,37106,5,43002,1,42210,4,39101,2,,,,,,,,
12042,2,4,1模式：特别坚韧的铠甲,66042,30,8274,12960,2443658,37106,6,43015,2,42210,5,39101,3,,,,,,,,
12043,2,4,2模式：特别坚韧的铠甲,66043,30,8274,12960,2443659,37106,6,43015,2,42210,5,39101,3,,,,,,,,
12044,2,4,模式：谦虚耐性护腿铠甲,66044,35,644,5880,2443751,37107,4,,,,,,,,,,,,,,
12045,2,4,1模式：普通耐性的护腿铠甲,66045,35,1484,6468,2443752,37107,4,42203,1,,,,,,,,,,,,
12046,2,4,2模式：普通耐性的护腿铠甲,66046,35,1484,6468,2443753,37107,4,42203,1,,,,,,,,,,,,
12047,2,4,1模式：格里夫斯英尺的高级的耐性的装甲,66047,35,2324,8820,2443754,37107,4,42203,1,42210,4,,,,,,,,,,
12048,2,4,2模式：格里夫斯英尺的高级的耐性的装甲,66048,35,2324,8820,2443755,37107,4,42203,1,42210,4,,,,,,,,,,
12049,2,4,1模式：罕见的耐性护腿铠甲,66049,35,5333,11760,2443756,37107,5,43002,1,42210,5,39102,1,,,,,,,,
12050,2,4,2模式：罕见的耐性护腿铠甲,66050,35,5333,11760,2443757,37107,5,43002,1,42210,5,39102,1,,,,,,,,
12051,2,4,1模式：罕见的耐性护腿铠甲,66051,35,9257,17640,2443758,37107,6,43016,2,42210,7,39102,1,,,,,,,,
12052,2,4,2模式：罕见的耐性护腿铠甲,66052,35,9257,17640,2443759,37107,6,43016,2,42210,7,39102,1,,,,,,,,
12053,2,4,模式：破旧的保甲,66053,40,736,7680,2443951,37108,4,,,,,,,,,,,,,,
12054,2,4,1模式：普通防护装甲的护腿铠甲甲,66054,40,1696,8448,2443952,37108,4,42203,1,,,,,,,,,,,,
12055,2,4,2模式：普通防护装甲的护腿铠甲甲,66055,40,1696,8448,2443953,37108,4,42203,1,,,,,,,,,,,,
12056,2,4,1模式：高级的护腿铠甲保护,66056,40,2656,11520,2443954,37108,4,42203,1,42210,5,,,,,,,,,,
12057,2,4,2模式：高级的护腿铠甲保护,66057,40,2656,11520,2443955,37108,4,42203,1,42210,5,,,,,,,,,,
12058,2,4,1模式：罕见的装甲防甲,66058,40,6094,15360,2443956,37108,5,43003,1,42210,6,39102,1,,,,,,,,
12059,2,4,2模式：罕见的装甲防甲,66059,40,6094,15360,2443957,37108,5,43003,1,42210,6,39102,1,,,,,,,,
12060,2,4,1模式：特殊保护护腿铠甲,66060,40,10580,23040,2443958,37108,6,43017,2,42210,9,39102,1,,,,,,,,
12061,2,4,2模式：特殊保护护腿铠甲,66061,40,10580,23040,2443959,37108,6,43017,2,42210,9,39102,1,,,,,,,,
12062,2,4,模式：破旧的护腿铠甲,66062,45,828,9720,2444151,37109,4,,,,,,,,,,,,,,
12063,2,4,1模式：普通护腿铠甲,66063,45,2088,10692,2444152,37109,4,42204,1,,,,,,,,,,,,
12064,2,4,2模式：普通护腿铠甲,66064,45,2088,10692,2444153,37109,4,42204,1,,,,,,,,,,,,
12065,2,4,1模式：格里夫斯英尺的高级的护甲,66065,45,3348,14580,2444154,37109,4,42204,1,42210,6,,,,,,,,,,
12066,2,4,2模式：格里夫斯英尺的高级的护甲,66066,45,3348,14580,2444155,37109,4,42204,1,42210,6,,,,,,,,,,
12067,2,4,1模式：罕见的护腿铠甲,66067,45,7666,19440,2444156,37109,5,43003,1,42210,8,39102,1,,,,,,,,
12068,2,4,2模式：罕见的护腿铠甲,66068,45,7666,19440,2444157,37109,5,43003,1,42210,8,39102,1,,,,,,,,
12069,2,4,1模式：特殊的纪念腿铠甲,66069,45,13522,29160,2444158,37109,6,43018,2,42210,12,39102,1,,,,,,,,
12070,2,4,2模式：特殊的纪念腿铠甲,66070,45,13522,29160,2444159,37109,6,43018,2,42210,12,39102,1,,,,,,,,
12071,2,4,模式：破旧的不朽护腿铠甲,66071,50,920,12000,2444351,37110,4,,,,,,,,,,,,,,
12072,2,4,1模式：普通不朽的护腿铠甲,66072,50,2320,13200,2444352,37110,4,42204,1,,,,,,,,,,,,
12073,2,4,2模式：普通不朽的护腿铠甲,66073,50,2320,13200,2444353,37110,4,42204,1,,,,,,,,,,,,
12074,2,4,1模式：高级的不朽的护腿铠甲,66074,50,3720,18000,2444354,37110,4,42204,1,42210,7,,,,,,,,,,
12075,2,4,2模式：高级的不朽的护腿铠甲,66075,50,3720,18000,2444355,37110,4,42204,1,42210,7,,,,,,,,,,
12076,2,4,1模式：一种罕见的不朽的护腿铠甲,66076,50,8518,24000,2444356,37110,5,43004,1,42210,10,39102,1,,,,,,,,
12077,2,4,2模式：一种罕见的不朽的护腿铠甲,66077,50,8518,24000,2444357,37110,5,43004,1,42210,10,39102,1,,,,,,,,
12078,2,4,1模式：特殊的不朽护腿铠甲,66078,50,16208,36000,2444358,37110,6,43019,2,42210,15,39102,2,,,,,,,,
12079,2,4,2模式：特殊的不朽护腿铠甲,66079,50,16208,36000,2444359,37110,6,43019,2,42210,15,39102,2,,,,,,,,
12080,2,4,模式：破旧的不朽护腿铠甲,66080,55,1012,14520,2444551,37111,4,,,,,,,,,,,,,,
12081,2,4,1模式：普通不朽的护腿铠甲,66081,55,2772,15972,2444552,37111,4,42212,1,,,,,,,,,,,,
12082,2,4,2模式：普通不朽的护腿铠甲,66082,55,2772,15972,2444553,37111,4,42212,1,,,,,,,,,,,,
12083,2,4,1模式：高级的不朽的护腿铠甲,66083,55,4172,21780,2444554,37111,4,42212,1,42210,9,,,,,,,,,,
12084,2,4,2模式：高级的不朽的护腿铠甲,66084,55,4172,21780,2444555,37111,4,42212,1,42210,9,,,,,,,,,,
12085,2,4,1模式：一种罕见的不朽的护腿铠甲,66085,55,10360,29040,2444556,37111,5,43004,2,42210,12,39103,1,,,,,,,,
12086,2,4,2模式：一种罕见的不朽的护腿铠甲,66086,55,10360,29040,2444557,37111,5,43004,2,42210,12,39103,1,,,,,,,,
12087,2,4,1模式：特殊的不朽护腿铠甲,66087,55,19808,43560,2444558,37111,6,43019,4,42210,18,39103,1,,,,,,,,
12088,2,4,2模式：特殊的不朽护腿铠甲,66088,55,19808,43560,2444559,37111,6,43019,4,42210,18,39103,1,,,,,,,,
12200,2,4,模式：破旧的护腿铠甲,66100,1,92,120,2446151,37101,4,,,,,,,,,,,,,,
12201,2,4,1模式：普通腿,66101,1,152,132,2446152,37101,4,42200,1,,,,,,,,,,,,
12202,2,4,2模式：普通腿,66102,1,152,132,2446153,37101,4,42200,1,,,,,,,,,,,,
12203,2,4,1模式：高级的护腿铠甲,66103,5,212,180,2446154,37101,4,42200,1,42210,1,,,,,,,,,,
12204,2,4,2模式：高级的护腿铠甲,66104,5,212,180,2446155,37101,4,42200,1,42210,1,,,,,,,,,,
12205,2,4,1模式：罕见的护腿铠甲,66105,5,492,240,2446156,37101,4,43000,1,42210,1,39100,1,,,,,,,,
12206,2,4,2模式：罕见的护腿铠甲,66106,5,492,240,2446157,37101,4,43000,1,42210,1,39100,1,,,,,,,,
12207,2,4,模式：破旧的护腿铠甲,66107,10,184,480,2446251,37102,4,,,,,,,,,,,,,,
12208,2,4,1模式：普通的护腿铠甲,66108,10,304,528,2446252,37102,4,42200,1,,,,,,,,,,,,
12209,2,4,2模式：普通的护腿铠甲,66109,10,304,528,2446253,37102,4,42200,1,,,,,,,,,,,,
12210,2,4,1模式：高级的的护腿铠甲,66110,10,424,720,2446254,37102,4,42200,1,42210,1,,,,,,,,,,
12211,2,4,2模式：高级的的护腿铠甲,66111,10,424,720,2446255,37102,4,42200,1,42210,1,,,,,,,,,,
12212,2,4,1模式：罕见的的护腿铠甲,66112,10,1220,960,2446256,37102,5,43000,1,42210,1,39100,2,,,,,,,,
12213,2,4,2模式：罕见的的护腿铠甲,66113,10,1220,960,2446257,37102,5,43000,1,42210,1,39100,2,,,,,,,,
12214,2,4,模式：破旧的护腿铠甲,66114,15,276,1080,2446351,37103,4,,,,,,,,,,,,,,
12215,2,4,1模式：普通铠甲的护腿铠甲,66115,15,516,1188,2446352,37103,4,42201,1,,,,,,,,,,,,
12216,2,4,2模式：普通铠甲的护腿铠甲,66116,15,516,1188,2446353,37103,4,42201,1,,,,,,,,,,,,
12217,2,4,1模式：高级的铠甲的护腿铠甲,66117,15,756,1620,2446354,37103,4,42201,1,42210,1,,,,,,,,,,
12218,2,4,2模式：高级的铠甲的护腿铠甲,66118,15,756,1620,2446355,37103,4,42201,1,42210,1,,,,,,,,,,
12219,2,4,1模式：难得一见铠甲的护腿铠甲,66119,15,2825,2160,2446356,37103,5,43000,2,42210,1,39101,1,,,,,,,,
12220,2,4,2模式：难得一见铠甲的护腿铠甲,66120,15,2825,2160,2446357,37103,5,43000,2,42210,1,39101,1,,,,,,,,
12221,2,4,模式：破旧的护腿铠甲,66121,20,368,1920,2446451,37104,4,,,,,,,,,,,,,,
12222,2,4,1模式：普通的护腿铠甲,66122,20,688,2112,2446452,37104,4,42201,1,,,,,,,,,,,,
12223,2,4,2模式：普通的护腿铠甲,66123,20,688,2112,2446453,37104,4,42201,1,,,,,,,,,,,,
12224,2,4,1模式：高级的护腿铠甲,66124,20,1008,2880,2446454,37104,4,42201,1,42210,1,,,,,,,,,,
12225,2,4,2模式：高级的护腿铠甲,66125,20,1008,2880,2446455,37104,4,42201,1,42210,1,,,,,,,,,,
12226,2,4,1模式：的罕见腿,66126,20,2327,3840,2446456,37104,5,43001,1,42210,2,39101,1,,,,,,,,
12227,2,4,2模式：的罕见腿,66127,20,2327,3840,2446457,37104,5,43001,1,42210,2,39101,1,,,,,,,,
12228,2,4,模式：重型破旧的格里夫斯,66128,25,460,3000,2446551,37105,4,,,,,,,,,,,,,,
12229,2,4,1模式：普通护腿铠甲,66129,25,960,3300,2446552,37105,4,42202,1,,,,,,,,,,,,
12230,2,4,2模式：普通的护腿铠甲,66130,25,960,3300,2446553,37105,4,42202,1,,,,,,,,,,,,
12231,2,4,1模式：高级的护腿铠甲,66131,25,1460,4500,2446554,37105,4,42202,1,42210,2,,,,,,,,,,
12232,2,4,2模式：高级的的护腿铠甲,66132,25,1460,4500,2446555,37105,4,42202,1,42210,2,,,,,,,,,,
12233,2,4,1模式：护甲重稀土坚韧,66133,25,6200,6000,2446556,37105,5,43001,2,42210,2,39101,2,,,,,,,,
12234,2,4,2模式：护甲重稀土坚韧,66134,25,6200,6000,2446557,37105,5,43001,2,42210,2,39101,2,,,,,,,,
12235,2,4,模式：护腿不屈寒酸,66135,30,552,4320,2446651,37106,4,,,,,,,,,,,,,,
12236,2,4,1模式：普通铜墙铁壁腿,66136,30,1152,4752,2446652,37106,4,42202,1,,,,,,,,,,,,
12237,2,4,2模式：普通坚韧的护腿铠甲,66137,30,1152,4752,2446653,37106,4,42202,1,,,,,,,,,,,,
12238,2,4,1模式：高级的坚韧的护腿铠甲,66138,30,1752,6480,2446654,37106,4,42202,1,42210,3,,,,,,,,,,
12239,2,4,2模式：高级的坚韧的护腿铠甲,66139,30,1752,6480,2446655,37106,4,42202,1,42210,3,,,,,,,,,,
12240,2,4,1模式：重稀土刚毅格里夫斯,66140,30,4740,8640,2446656,37106,5,43002,1,42210,4,39101,2,,,,,,,,
12241,2,4,2模式：重稀土刚毅格里夫斯,66141,30,4740,8640,2446657,37106,5,43002,1,42210,4,39101,2,,,,,,,,
12242,2,4,1模式：特别坚韧的护腿铠甲,66142,30,8274,12960,2446658,37106,6,43015,2,42210,5,39101,3,,,,,,,,
12243,2,4,2模式：特别坚韧的护腿铠甲,66143,30,8274,12960,2446659,37106,6,43015,2,42210,5,39101,3,,,,,,,,
12244,2,4,模式：破旧的耐性好的护腿铠甲,66144,35,644,5880,2446751,37107,4,,,,,,,,,,,,,,
12245,2,4,1模式：普通耐性好的护腿铠甲,66145,35,1484,6468,2446752,37107,4,42203,1,,,,,,,,,,,,
12246,2,4,2模式：普通耐性好的护腿铠甲,66146,35,1484,6468,2446753,37107,4,42203,1,,,,,,,,,,,,
12247,2,4,1模式：高级的耐性好的护腿铠甲,66147,35,2324,8820,2446754,37107,4,42203,1,42210,4,,,,,,,,,,
12248,2,4,2模式：高级的耐性好的护腿铠甲,66148,35,2324,8820,2446755,37107,4,42203,1,42210,4,,,,,,,,,,
12249,2,4,1模式：难得一见的耐性护腿铠甲,66149,35,5333,11760,2446756,37107,5,43002,1,42210,5,39102,1,,,,,,,,
12250,2,4,2模式：难得一见的耐性护腿铠甲,66150,35,5333,11760,2446757,37107,5,43002,1,42210,5,39102,1,,,,,,,,
12251,2,4,1模式：特殊的护腿铠甲,66151,35,9257,17640,2446758,37107,6,43016,2,42210,7,39102,1,,,,,,,,
12252,2,4,2模式：特殊的护腿铠甲,66152,35,9257,17640,2446759,37107,6,43016,2,42210,7,39102,1,,,,,,,,
12253,2,4,模式：破旧的护腿铠甲部保护,66153,40,736,7680,2446951,37108,4,,,,,,,,,,,,,,
12254,2,4,1模式：普通保护的护腿铠甲,66154,40,1696,8448,2446952,37108,4,42203,1,,,,,,,,,,,,
12255,2,4,2模式：普通保护的护腿铠甲,66155,40,1696,8448,2446953,37108,4,42203,1,,,,,,,,,,,,
12256,2,4,1模式：高级的护腿铠甲保护,66156,40,2656,11520,2446954,37108,4,42203,1,42210,5,,,,,,,,,,
12257,2,4,2模式：高级的护腿铠甲保护,66157,40,2656,11520,2446955,37108,4,42203,1,42210,5,,,,,,,,,,
12258,2,4,1模式：罕见的护腿铠甲部保护,66158,40,6094,15360,2446956,37108,5,43003,1,42210,6,39102,1,,,,,,,,
12259,2,4,2模式：罕见的护腿铠甲部保护,66159,40,6094,15360,2446957,37108,5,43003,1,42210,6,39102,1,,,,,,,,
12260,2,4,1模式：特殊保护的护腿铠甲,66160,40,10580,23040,2446958,37108,6,43017,2,42210,9,39102,1,,,,,,,,
12261,2,4,2模式：特殊保护的护腿铠甲,66161,40,10580,23040,2446959,37108,6,43017,2,42210,9,39102,1,,,,,,,,
12262,2,4,模式：腿寒酸守护,66162,45,828,9720,2447151,37109,4,,,,,,,,,,,,,,
12263,2,4,1模式：普通牧民的护腿铠甲,66163,45,2088,10692,2447152,37109,4,42204,1,,,,,,,,,,,,
12264,2,4,2模式：普通牧民的护腿铠甲,66164,45,2088,10692,2447153,37109,4,42204,1,,,,,,,,,,,,
12265,2,4,1模式：高级的守护的护腿铠甲,66165,45,3348,14580,2447154,37109,4,42204,1,42210,6,,,,,,,,,,
12266,2,4,2模式：高级的饲养的护腿铠甲,66166,45,3348,14580,2447155,37109,4,42204,1,42210,6,,,,,,,,,,
12267,2,4,1模式：难得一见的护腿铠甲,66167,45,7666,19440,2447156,37109,5,43003,1,42210,8,39102,1,,,,,,,,
12268,2,4,2模式：难得一见的护腿铠甲,66168,45,7666,19440,2447157,37109,5,43003,1,42210,8,39102,1,,,,,,,,
12269,2,4,1模式：特殊的护腿铠甲,66169,45,13522,29160,2447158,37109,6,43018,2,42210,12,39102,1,,,,,,,,
12270,2,4,2模式：特殊的护腿铠甲,66170,45,13522,29160,2447159,37109,6,43018,2,42210,12,39102,1,,,,,,,,
12271,2,4,模式：破旧的护腿铠甲不朽,66171,50,920,12000,2447351,37110,4,,,,,,,,,,,,,,
12272,2,4,1模式：普通不朽的护腿铠甲,66172,50,2320,13200,2447352,37110,4,42204,1,,,,,,,,,,,,
12273,2,4,2模式：普通不朽的护腿铠甲,66173,50,2320,13200,2447353,37110,4,42204,1,,,,,,,,,,,,
12274,2,4,1模式：高级的不朽的护腿铠甲,66174,50,3720,18000,2447354,37110,4,42204,1,42210,7,,,,,,,,,,
12275,2,4,2模式：高级的不朽的护腿铠甲,66175,50,3720,18000,2447355,37110,4,42204,1,42210,7,,,,,,,,,,
12276,2,4,1模式：的一种罕见的护腿铠甲,66176,50,8518,24000,2447356,37110,5,43004,1,42210,10,39102,1,,,,,,,,
12277,2,4,2模式：的一种罕见的护腿铠甲,66177,50,8518,24000,2447357,37110,5,43004,1,42210,10,39102,1,,,,,,,,
12278,2,4,1模式：特殊不朽的护腿铠甲,66178,50,16208,36000,2447358,37110,6,43019,2,42210,15,39102,2,,,,,,,,
12279,2,4,2模式：特殊不朽的护腿铠甲,66179,50,16208,36000,2447359,37110,6,43019,2,42210,15,39102,2,,,,,,,,
12280,2,4,模式：破旧的护腿铠甲不朽,66180,55,1012,14520,2447551,37111,4,,,,,,,,,,,,,,
12281,2,4,1模式：普通不朽的护腿铠甲,66181,55,2772,15972,2447552,37111,4,42212,1,,,,,,,,,,,,
12282,2,4,2模式：普通不朽的护腿铠甲,66182,55,2772,15972,2447553,37111,4,42212,1,,,,,,,,,,,,
12283,2,4,1模式：高级的不朽的护腿铠甲,66183,55,4172,21780,2447554,37111,4,42212,1,42210,9,,,,,,,,,,
12284,2,4,2模式：高级的不朽的护腿铠甲,66184,55,4172,21780,2447555,37111,4,42212,1,42210,9,,,,,,,,,,
12285,2,4,1模式：的一种罕见的护腿铠甲,66185,55,10360,29040,2447556,37111,5,43004,2,42210,12,39103,1,,,,,,,,
12286,2,4,2模式：的一种罕见的护腿铠甲,66186,55,10360,29040,2447557,37111,5,43004,2,42210,12,39103,1,,,,,,,,
12287,2,4,1模式：特殊不朽的护腿铠甲,66187,55,19808,43560,2447558,37111,6,43019,4,42210,18,39103,1,,,,,,,,
12288,2,4,2模式：特殊不朽的护腿铠甲,66188,55,19808,43560,2447559,37111,6,43019,4,42210,18,39103,1,,,,,,,,
12400,2,5,模式：不起眼的护腿铠甲之靴,66200,1,92,108,2450151,37101,3,,,,,,,,,,,,,,
12401,2,5,1模式：普通护腿铠甲之靴,66201,1,152,120,2450152,37101,3,42200,1,,,,,,,,,,,,
12402,2,5,2模式：普通护腿铠甲之靴,66202,1,152,120,2450153,37101,3,42200,1,,,,,,,,,,,,
12403,2,5,1模式：高级的护腿铠甲之靴,66203,6,212,162,2450154,37101,4,42200,1,42210,1,,,,,,,,,,
12404,2,5,2模式：高级的护腿铠甲之靴,66204,6,212,162,2450155,37101,4,42200,1,42210,1,,,,,,,,,,
12405,2,5,1模式：罕见的护腿铠甲之靴,66205,6,492,216,2450156,37101,4,43000,1,42210,1,39100,1,,,,,,,,
12406,2,5,2模式：罕见的护腿铠甲之靴,66206,6,492,216,2450157,37101,4,43000,1,42210,1,39100,1,,,,,,,,
12407,2,5,模式：的护腿铠甲之靴,66207,11,184,366,2450251,37102,3,,,,,,,,,,,,,,
12408,2,5,1模式：普通技能的护腿铠甲之靴,66208,11,304,402,2450252,37102,3,42200,1,,,,,,,,,,,,
12409,2,5,2模式：普通技能的护腿铠甲之靴,66209,11,304,402,2450253,37102,3,42200,1,,,,,,,,,,,,
12410,2,5,1模式：高级的的护腿铠甲之靴,66210,11,424,546,2450254,37102,3,42200,1,42210,1,,,,,,,,,,
12411,2,5,2模式：高级的的护腿铠甲之靴,66211,11,424,546,2450255,37102,3,42200,1,42210,1,,,,,,,,,,
12412,2,5,1模式：稀有技能的护腿铠甲之靴,66212,11,1220,726,2450256,37102,4,43000,1,42210,1,39100,2,,,,,,,,
12413,2,5,2模式：稀有技能的护腿铠甲之靴,66213,11,1220,726,2450257,37102,4,43000,1,42210,1,39100,2,,,,,,,,
12414,2,5,模式：不起眼的护腿铠甲铠甲战靴,66214,16,276,768,2450351,37103,3,,,,,,,,,,,,,,
12415,2,5,1模式：普通护腿铠甲铠甲战靴,66215,16,516,846,2450352,37103,3,42201,1,,,,,,,,,,,,
12416,2,5,2模式：普通护腿铠甲铠甲战靴,66216,16,516,846,2450353,37103,3,42201,1,,,,,,,,,,,,
12417,2,5,1模式：护腿铠甲的高级的铠甲之靴,66217,16,756,1152,2450354,37103,3,42201,1,42210,1,,,,,,,,,,
12418,2,5,2模式：护腿铠甲的高级的铠甲之靴,66218,16,756,1152,2450355,37103,3,42201,1,42210,1,,,,,,,,,,
12419,2,5,1模式：罕见的护腿铠甲铠甲战靴,66219,16,2825,1536,2450356,37103,3,43000,2,42210,1,39101,1,,,,,,,,
12420,2,5,2模式：罕见的护腿铠甲铠甲战靴,66220,16,2825,1536,2450357,37103,3,43000,2,42210,1,39101,1,,,,,,,,
12421,2,5,模式：卑微的护腿铠甲战靴,66221,21,368,1326,2450451,37104,3,,,,,,,,,,,,,,
12422,2,5,1模式：普通护腿铠甲的战靴,66222,21,688,1458,2450452,37104,3,42201,1,,,,,,,,,,,,
12423,2,5,2模式：普通护腿铠甲的战靴,66223,21,688,1458,2450453,37104,3,42201,1,,,,,,,,,,,,
12424,2,5,1模式：高级的护腿铠甲战靴,66224,21,1008,1986,2450454,37104,3,42201,1,42210,1,,,,,,,,,,
12425,2,5,2模式：高级的护腿铠甲战靴,66225,21,1008,1986,2450455,37104,3,42201,1,42210,1,,,,,,,,,,
12426,2,5,1模式：护腿铠甲之靴一种罕见的,66226,21,2327,2646,2450456,37104,3,43001,1,42210,1,39101,1,,,,,,,,
12427,2,5,2模式：护腿铠甲之靴一种罕见的,66227,21,2327,2646,2450457,37104,3,43001,1,42210,1,39101,1,,,,,,,,
12428,2,5,模式：破旧的护腿铠甲之靴,66228,26,460,2028,2450551,37105,3,,,,,,,,,,,,,,
12429,2,5,1模式：护腿铠甲之靴平原坚韧,66229,26,960,2232,2450552,37105,3,42202,1,,,,,,,,,,,,
12430,2,5,2模式：纯护腿铠甲之靴,66230,26,960,2232,2450553,37105,3,42202,1,,,,,,,,,,,,
12431,2,5,1模式：高级的护腿铠甲之靴,66231,26,1460,3042,2450554,37105,3,42202,1,42210,1,,,,,,,,,,
12432,2,5,2模式：高级的护腿铠甲之靴,66232,26,1460,3042,2450555,37105,3,42202,1,42210,1,,,,,,,,,,
12433,2,5,1模式：护腿铠甲之靴,66233,26,6200,4056,2450556,37105,3,43001,1,42210,2,39101,1,,,,,,,,
12434,2,5,2模式：护腿铠甲之靴,66234,26,6200,4056,2450557,37105,3,43001,1,42210,2,39101,1,,,,,,,,
12435,2,5,模式：破旧的坚韧的护腿铠甲之靴,66235,30,552,2700,2450651,37106,2,,,,,,,,,,,,,,
12436,2,5,1模式：普通坚韧的护腿铠甲之靴,66236,30,1152,2970,2450652,37106,3,42202,1,,,,,,,,,,,,
12437,2,5,2模式：普通坚韧的护腿铠甲之靴,66237,30,1152,2970,2450653,37106,3,42202,1,,,,,,,,,,,,
12438,2,5,1模式：高级的坚韧的护腿铠甲之靴,66238,30,1752,4050,2450654,37106,3,42202,1,42210,2,,,,,,,,,,
12439,2,5,2模式：高级的坚韧的护腿铠甲之靴,66239,30,1752,4050,2450655,37106,3,42202,1,42210,2,,,,,,,,,,
12440,2,5,1模式：护腿铠甲之靴,66240,30,4740,5400,2450656,37106,3,43002,1,42210,2,39101,1,,,,,,,,
12441,2,5,2模式：护腿铠甲之靴,66241,30,4740,5400,2450657,37106,3,43002,1,42210,2,39101,1,,,,,,,,
12442,2,5,1模式：特别坚韧的护腿铠甲之靴,66242,30,8274,8100,2450658,37106,4,43015,1,42210,3,39101,2,,,,,,,,
12443,2,5,2模式：特别坚韧的护腿铠甲之靴,66243,30,8274,8100,2450659,37106,4,43015,1,42210,3,39101,2,,,,,,,,
12444,2,5,模式：不起眼的护腿铠甲的毅力之靴,66244,35,644,3678,2450751,37107,2,,,,,,,,,,,,,,
12445,2,5,1模式：普通护腿铠甲的毅力战靴,66245,35,1484,4044,2450752,37107,3,42203,1,,,,,,,,,,,,
12446,2,5,2模式：普通护腿铠甲的毅力战靴,66246,35,1484,4044,2450753,37107,3,42203,1,,,,,,,,,,,,
12447,2,5,1模式：高级的护腿铠甲毅力战靴,66247,35,2324,5514,2450754,37107,3,42203,1,42210,2,,,,,,,,,,
12448,2,5,2模式：高级的护腿铠甲毅力战靴,66248,35,2324,5514,2450755,37107,3,42203,1,42210,2,,,,,,,,,,
12449,2,5,1模式：罕见的耐性的护腿铠甲之靴,66249,35,5333,7350,2450756,37107,3,43002,1,42210,3,39102,1,,,,,,,,
12450,2,5,2模式：罕见的耐性的护腿铠甲之靴,66250,35,5333,7350,2450757,37107,3,43002,1,42210,3,39102,1,,,,,,,,
12451,2,5,1模式：特殊的护腿铠甲的毅力靴,66251,35,9257,11028,2450758,37107,4,43016,1,42210,5,39102,1,,,,,,,,
12452,2,5,2模式：特殊的护腿铠甲的毅力靴,66252,35,9257,11028,2450759,37107,4,43016,1,42210,5,39102,1,,,,,,,,
12453,2,5,模式：不起眼的护腿铠甲保护靴,66253,40,736,4800,2450951,37108,2,,,,,,,,,,,,,,
12454,2,5,1模式：普通护腿铠甲保护靴,66254,40,1696,5280,2450952,37108,3,42203,1,,,,,,,,,,,,
12455,2,5,2模式：普通护腿铠甲保护靴,66255,40,1696,5280,2450953,37108,3,42203,1,,,,,,,,,,,,
12456,2,5,1模式：护腿铠甲的高级的保护靴,66256,40,2656,7200,2450954,37108,3,42203,1,42210,3,,,,,,,,,,
12457,2,5,2模式：护腿铠甲的高级的保护靴,66257,40,2656,7200,2450955,37108,3,42203,1,42210,3,,,,,,,,,,
12458,2,5,1模式：罕见的护腿铠甲之靴保护,66258,40,6094,9600,2450956,37108,3,43003,1,42210,4,39102,1,,,,,,,,
12459,2,5,2模式：罕见的护腿铠甲之靴保护,66259,40,6094,9600,2450957,37108,3,43003,1,42210,4,39102,1,,,,,,,,
12460,2,5,1模式：胎面的特殊保护护腿铠甲,66260,40,10580,14400,2450958,37108,4,43017,1,42210,6,39102,1,,,,,,,,
12461,2,5,2模式：胎面的特殊保护护腿铠甲,66261,40,10580,14400,2450959,37108,4,43017,1,42210,6,39102,1,,,,,,,,
12462,2,5,模式：不起眼的护腿铠甲之靴,66262,45,828,6078,2451151,37109,2,,,,,,,,,,,,,,
12463,2,5,1模式：普通护腿铠甲之靴,66263,45,2088,6684,2451152,37109,3,42204,1,,,,,,,,,,,,
12464,2,5,2模式：普通的护腿铠甲之靴,66264,45,2088,6684,2451153,37109,3,42204,1,,,,,,,,,,,,
12465,2,5,1模式：奢华之靴护腿铠甲,66265,45,3348,9114,2451154,37109,3,42204,1,42210,4,,,,,,,,,,
12466,2,5,2模式：奢华之靴护腿铠甲,66266,45,3348,9114,2451155,37109,3,42204,1,42210,4,,,,,,,,,,
12467,2,5,1模式：罕见的护腿铠甲之靴,66267,45,7666,12150,2451156,37109,3,43003,1,42210,5,39102,1,,,,,,,,
12468,2,5,2模式：罕见的护腿铠甲之靴,66268,45,7666,12150,2451157,37109,3,43003,1,42210,5,39102,1,,,,,,,,
12469,2,5,1模式：护腿铠甲特殊的纪念之靴,66269,45,13522,18228,2451158,37109,4,43018,1,42210,7,39102,1,,,,,,,,
12470,2,5,2模式：护腿铠甲特殊的纪念之靴,66270,45,13522,18228,2451159,37109,4,43018,1,42210,7,39102,1,,,,,,,,
12471,2,5,模式：破旧的不朽的护腿铠甲之靴,66271,50,920,7500,2451351,37110,2,,,,,,,,,,,,,,
12472,2,5,1模式：普通护腿铠甲之靴,66272,50,2320,8250,2451352,37110,3,42204,1,,,,,,,,,,,,
12473,2,5,2模式：普通护腿铠甲之靴,66273,50,2320,8250,2451353,37110,3,42204,1,,,,,,,,,,,,
12474,2,5,1模式：高级的不朽的护腿铠甲之靴,66274,50,3720,11250,2451354,37110,3,42204,1,42210,5,,,,,,,,,,
12475,2,5,2模式：高级的不朽的护腿铠甲之靴,66275,50,3720,11250,2451355,37110,3,42204,1,42210,5,,,,,,,,,,
12476,2,5,1模式：罕见的护腿铠甲之靴,66276,50,8518,15000,2451356,37110,3,43004,1,42210,6,39102,1,,,,,,,,
12477,2,5,2模式：罕见的护腿铠甲之靴,66277,50,8518,15000,2451357,37110,3,43004,1,42210,6,39102,1,,,,,,,,
12478,2,5,1模式：特殊不朽的护腿铠甲之靴,66278,50,16208,22500,2451358,37110,4,43019,1,42210,9,39102,1,,,,,,,,
12479,2,5,2模式：特殊不朽的护腿铠甲之靴,66279,50,16208,22500,2451359,37110,4,43019,1,42210,9,39102,1,,,,,,,,
12480,2,5,模式：破旧的不朽的护腿铠甲之靴,66280,55,1012,9078,2451551,37111,2,,,,,,,,,,,,,,
12481,2,5,1模式：普通护腿铠甲之靴,66281,55,2772,9984,2451552,37111,3,42212,1,,,,,,,,,,,,
12482,2,5,2模式：普通护腿铠甲之靴,66282,55,2772,9984,2451553,37111,3,42212,1,,,,,,,,,,,,
12483,2,5,1模式：高级的不朽的护腿铠甲之靴,66283,55,4172,13614,2451554,37111,3,42212,1,42210,6,,,,,,,,,,
12484,2,5,2模式：高级的不朽的护腿铠甲之靴,66284,55,4172,13614,2451555,37111,3,42212,1,42210,6,,,,,,,,,,
12485,2,5,1模式：罕见的护腿铠甲之靴,66285,55,10360,18150,2451556,37111,3,43004,2,42210,7,39103,1,,,,,,,,
12486,2,5,2模式：罕见的护腿铠甲之靴,66286,55,10360,18150,2451557,37111,3,43004,2,42210,7,39103,1,,,,,,,,
12487,2,5,1模式：特殊不朽的护腿铠甲之靴,66287,55,19808,27228,2451558,37111,4,43019,4,42210,11,39103,1,,,,,,,,
12488,2,5,2模式：特殊不朽的护腿铠甲之靴,66288,55,19808,27228,2451559,37111,4,43019,4,42210,11,39103,1,,,,,,,,
12600,2,5,模式：铠甲寒碜靴,66300,1,92,108,2453151,37101,3,,,,,,,,,,,,,,
12601,2,5,1模式：普通护腿靴,66301,1,152,120,2453152,37101,3,42200,1,,,,,,,,,,,,
12602,2,5,2模式：普通护腿靴,66302,1,152,120,2453153,37101,3,42200,1,,,,,,,,,,,,
12603,2,5,1模式：高级的铠甲长靴,66303,6,212,162,2453154,37101,4,42200,1,42210,1,,,,,,,,,,
12604,2,5,2模式：高级的护腿靴,66304,6,212,162,2453155,37101,4,42200,1,42210,1,,,,,,,,,,
12605,2,5,1模式：罕见的铠甲长靴,66305,6,492,216,2453156,37101,4,43000,1,42210,1,39100,1,,,,,,,,
12606,2,5,2模式：格里夫斯学员罕见靴,66306,6,492,216,2453157,37101,4,43000,1,42210,1,39100,1,,,,,,,,
12607,2,5,模式：格里夫斯破旧的靴子,66307,11,184,366,2453251,37102,3,,,,,,,,,,,,,,
12608,2,5,1模式：普通的铠甲长靴,66308,11,304,402,2453252,37102,3,42200,1,,,,,,,,,,,,
12609,2,5,2模式：普通的铠甲长靴,66309,11,304,402,2453253,37102,3,42200,1,,,,,,,,,,,,
12610,2,5,1模式：高级的的靴,66310,11,424,546,2453254,37102,3,42200,1,42210,1,,,,,,,,,,
12611,2,5,2模式：高级的的靴,66311,11,424,546,2453255,37102,3,42200,1,42210,1,,,,,,,,,,
12612,2,5,1模式：格里夫斯罕见靴,66312,11,1220,726,2453256,37102,4,43000,1,42210,1,39100,2,,,,,,,,
12613,2,5,2模式：格里夫斯罕见靴,66313,11,1220,726,2453257,37102,4,43000,1,42210,1,39100,2,,,,,,,,
12614,2,5,模式：护腿铠甲靴,66314,16,276,768,2453351,37103,3,,,,,,,,,,,,,,
12615,2,5,1模式：普通铠长靴,66315,16,516,846,2453352,37103,3,42201,1,,,,,,,,,,,,
12616,2,5,2模式：普通铠长靴,66316,16,516,846,2453353,37103,3,42201,1,,,,,,,,,,,,
12617,2,5,1模式：高级的护腿铠甲靴,66317,16,756,1152,2453354,37103,3,42201,1,42210,1,,,,,,,,,,
12618,2,5,2模式：格里夫斯长靴适合高级铠甲,66318,16,756,1152,2453355,37103,3,42201,1,42210,1,,,,,,,,,,
12619,2,5,1模式：罕见护腿铠甲靴,66319,16,2825,1536,2453356,37103,3,43000,2,42210,1,39101,1,,,,,,,,
12620,2,5,2模式：罕见护腿铠甲靴,66320,16,2825,1536,2453357,37103,3,43000,2,42210,1,39101,1,,,,,,,,
12621,2,5,模式：破旧的长靴,66321,21,368,1326,2453451,37104,3,,,,,,,,,,,,,,
12622,2,5,1模式：普通长靴,66322,21,688,1458,2453452,37104,3,42201,1,,,,,,,,,,,,
12623,2,5,2模式：普通长靴,66323,21,688,1458,2453453,37104,3,42201,1,,,,,,,,,,,,
12624,2,5,1模式：高级的护腿靴,66324,21,1008,1986,2453454,37104,3,42201,1,42210,1,,,,,,,,,,
12625,2,5,2模式：高级的护腿靴,66325,21,1008,1986,2453455,37104,3,42201,1,42210,1,,,,,,,,,,
12626,2,5,1模式：格里夫斯的罕见靴,66326,21,2327,2646,2453456,37104,3,43001,1,42210,1,39101,1,,,,,,,,
12627,2,5,2模式：格里夫斯的罕见靴,66327,21,2327,2646,2453457,37104,3,43001,1,42210,1,39101,1,,,,,,,,
12628,2,5,模式：格里夫斯破旧的靴子,66328,26,460,2028,2453551,37105,3,,,,,,,,,,,,,,
12629,2,5,1模式：纯长靴,66329,26,960,2232,2453552,37105,3,42202,1,,,,,,,,,,,,
12630,2,5,2模式：纯长靴,66330,26,960,2232,2453553,37105,3,42202,1,,,,,,,,,,,,
12631,2,5,1模式：高级的长靴,66331,26,1460,3042,2453554,37105,3,42202,1,42210,1,,,,,,,,,,
12632,2,5,2模式：高级的长靴,66332,26,1460,3042,2453555,37105,3,42202,1,42210,1,,,,,,,,,,
12633,2,5,1模式：罕见长靴,66333,26,6200,4056,2453556,37105,3,43001,1,42210,2,39101,1,,,,,,,,
12634,2,5,2模式：罕见长靴,66334,26,6200,4056,2453557,37105,3,43001,1,42210,2,39101,1,,,,,,,,
12635,2,5,模式：格里夫斯坚韧的破旧的靴子,66335,30,552,2700,2453651,37106,2,,,,,,,,,,,,,,
12636,2,5,1模式：普通刚毅靴格里夫斯,66336,30,1152,2970,2453652,37106,3,42202,1,,,,,,,,,,,,
12637,2,5,2模式：普通刚毅靴格里夫斯,66337,30,1152,2970,2453653,37106,3,42202,1,,,,,,,,,,,,
12638,2,5,1模式：高级的坚韧的铠甲长靴,66338,30,1752,4050,2453654,37106,3,42202,1,42210,2,,,,,,,,,,
12639,2,5,2模式：高级的坚韧的铠甲长靴,66339,30,1752,4050,2453655,37106,3,42202,1,42210,2,,,,,,,,,,
12640,2,5,1模式：格里夫斯罕见靴不屈,66340,30,4740,5400,2453656,37106,3,43002,1,42210,2,39101,1,,,,,,,,
12641,2,5,2模式：铠甲长靴,66341,30,4740,5400,2453657,37106,3,43002,1,42210,2,39101,1,,,,,,,,
12642,2,5,1模式：特别坚韧的铠甲长靴,66342,30,8274,8100,2453658,37106,4,43015,1,42210,3,39101,2,,,,,,,,
12643,2,5,2模式：特别坚韧的铠甲长靴,66343,30,8274,8100,2453659,37106,4,43015,1,42210,3,39101,2,,,,,,,,
12644,2,5,模式：不起眼的耐性的铠甲长靴,66344,35,644,3678,2453751,37107,2,,,,,,,,,,,,,,
12645,2,5,1模式：普通耐性的铠甲长靴,66345,35,1484,4044,2453752,37107,3,42203,1,,,,,,,,,,,,
12646,2,5,2模式：普通耐性的铠甲长靴,66346,35,1484,4044,2453753,37107,3,42203,1,,,,,,,,,,,,
12647,2,5,1模式：高级的耐性的铠甲长靴,66347,35,2324,5514,2453754,37107,3,42203,1,42210,2,,,,,,,,,,
12648,2,5,2模式：高级的耐性的铠甲长靴,66348,35,2324,5514,2453755,37107,3,42203,1,42210,2,,,,,,,,,,
12649,2,5,1模式：格里夫斯耐性的罕见靴,66349,35,5333,7350,2453756,37107,3,43002,1,42210,3,39102,1,,,,,,,,
12650,2,5,2模式：格里夫斯耐性的罕见靴,66350,35,5333,7350,2453757,37107,3,43002,1,42210,3,39102,1,,,,,,,,
12651,2,5,1模式：特殊耐性的铠甲长靴,66351,35,9257,11028,2453758,37107,4,43016,1,42210,5,39102,1,,,,,,,,
12652,2,5,2模式：特殊耐性的铠甲长靴,66352,35,9257,11028,2453759,37107,4,43016,1,42210,5,39102,1,,,,,,,,
12653,2,5,模式：破旧的保甲长靴,66353,40,736,4800,2453951,37108,2,,,,,,,,,,,,,,
12654,2,5,1模式：普通保甲长靴,66354,40,1696,5280,2453952,37108,3,42203,1,,,,,,,,,,,,
12655,2,5,2模式：普通保甲长靴,66355,40,1696,5280,2453953,37108,3,42203,1,,,,,,,,,,,,
12656,2,5,1模式：高级的保甲长靴,66356,40,2656,7200,2453954,37108,3,42203,1,42210,3,,,,,,,,,,
12657,2,5,2模式：高级的保甲长靴,66357,40,2656,7200,2453955,37108,3,42203,1,42210,3,,,,,,,,,,
12658,2,5,1模式：格里夫斯保护珍稀靴,66358,40,6094,9600,2453956,37108,3,43003,1,42210,4,39102,1,,,,,,,,
12659,2,5,2模式：格里夫斯保护珍稀靴,66359,40,6094,9600,2453957,37108,3,43003,1,42210,4,39102,1,,,,,,,,
12660,2,5,1模式：特别保甲长靴,66360,40,10580,14400,2453958,37108,4,43017,1,42210,6,39102,1,,,,,,,,
12661,2,5,2模式：特别保甲长靴,66361,40,10580,14400,2453959,37108,4,43017,1,42210,6,39102,1,,,,,,,,
12662,2,5,模式：简陋的铠甲长靴,66362,45,828,6078,2454151,37109,2,,,,,,,,,,,,,,
12663,2,5,1模式：普通牧民铠甲长靴,66363,45,2088,6684,2454152,37109,3,42204,1,,,,,,,,,,,,
12664,2,5,2模式：普通牧民铠甲长靴,66364,45,2088,6684,2454153,37109,3,42204,1,,,,,,,,,,,,
12665,2,5,1模式：高级的铠甲长靴,66365,45,3348,9114,2454154,37109,3,42204,1,42210,4,,,,,,,,,,
12666,2,5,2模式：高级的铠甲长靴,66366,45,3348,9114,2454155,37109,3,42204,1,42210,4,,,,,,,,,,
12667,2,5,1模式：格里夫斯罕见靴,66367,45,7666,12150,2454156,37109,3,43003,1,42210,5,39102,1,,,,,,,,
12668,2,5,2模式：格里夫斯罕见靴,66368,45,7666,12150,2454157,37109,3,43003,1,42210,5,39102,1,,,,,,,,
12669,2,5,1模式：特殊的纪念铠甲长靴,66369,45,13522,18228,2454158,37109,4,43018,1,42210,7,39102,1,,,,,,,,
12670,2,5,2模式：特殊的纪念铠甲长靴,66370,45,13522,18228,2454159,37109,4,43018,1,42210,7,39102,1,,,,,,,,
12671,2,5,模式：破旧的不朽铠甲长靴,66371,50,920,7500,2454351,37110,2,,,,,,,,,,,,,,
12672,2,5,1模式：普通不朽铠甲长靴,66372,50,2320,8250,2454352,37110,3,42204,1,,,,,,,,,,,,
12673,2,5,2模式：普通不朽铠甲长靴,66373,50,2320,8250,2454353,37110,3,42204,1,,,,,,,,,,,,
12674,2,5,1模式：高级的不朽的铠甲长靴,66374,50,3720,11250,2454354,37110,3,42204,1,42210,5,,,,,,,,,,
12675,2,5,2模式：高级的不朽的铠甲长靴,66375,50,3720,11250,2454355,37110,3,42204,1,42210,5,,,,,,,,,,
12676,2,5,1模式：格里夫斯不朽的罕见靴,66376,50,8518,15000,2454356,37110,3,43004,1,42210,6,39102,1,,,,,,,,
12677,2,5,2模式：格里夫斯不朽的罕见靴,66377,50,8518,15000,2454357,37110,3,43004,1,42210,6,39102,1,,,,,,,,
12678,2,5,1模式：特殊不朽铠甲长靴,66378,50,16208,22500,2454358,37110,4,43019,1,42210,9,39102,1,,,,,,,,
12679,2,5,2模式：特殊不朽铠甲长靴,66379,50,16208,22500,2454359,37110,4,43019,1,42210,9,39102,1,,,,,,,,
12680,2,5,模式：破旧的不朽铠甲长靴,66380,55,1012,9078,2454551,37111,2,,,,,,,,,,,,,,
12681,2,5,1模式：普通不朽铠甲长靴,66381,55,2772,9984,2454552,37111,3,42212,1,,,,,,,,,,,,
12682,2,5,2模式：普通不朽铠甲长靴,66382,55,2772,9984,2454553,37111,3,42212,1,,,,,,,,,,,,
12683,2,5,1模式：高级的不朽的铠甲长靴,66383,55,4172,13614,2454554,37111,3,42212,1,42210,6,,,,,,,,,,
12684,2,5,2模式：高级的不朽的铠甲长靴,66384,55,4172,13614,2454555,37111,3,42212,1,42210,6,,,,,,,,,,
12685,2,5,1模式：格里夫斯不朽的罕见靴,66385,55,10360,18150,2454556,37111,3,43004,2,42210,7,39103,1,,,,,,,,
12686,2,5,2模式：格里夫斯不朽的罕见靴,66386,55,10360,18150,2454557,37111,3,43004,2,42210,7,39103,1,,,,,,,,
12687,2,5,1模式：特殊不朽铠甲长靴,66387,55,19808,27228,2454558,37111,4,43019,4,42210,11,39103,1,,,,,,,,
12688,2,5,2模式：特殊不朽铠甲长靴,66388,55,19808,27228,2454559,37111,4,43019,4,42210,11,39103,1,,,,,,,,
12800,2,5,模式：长靴破旧的,66400,1,92,108,2456151,37101,3,,,,,,,,,,,,,,
12801,2,5,1模式：普通重靴,66401,1,152,120,2456152,37101,3,42200,1,,,,,,,,,,,,
12802,2,5,2模式：普通重靴,66402,1,152,120,2456153,37101,3,42200,1,,,,,,,,,,,,
12803,2,5,1模式：大雨高级的,66403,6,212,162,2456154,37101,4,42200,1,42210,1,,,,,,,,,,
12804,2,5,2模式：大雨高级的,66404,6,212,162,2456155,37101,4,42200,1,42210,1,,,,,,,,,,
12805,2,5,1模式：重罕见的之靴,66405,6,492,216,2456156,37101,4,43000,1,42210,1,39100,1,,,,,,,,
12806,2,5,2模式：重罕见的之靴,66406,6,492,216,2456157,37101,4,43000,1,42210,1,39100,1,,,,,,,,
12807,2,5,模式：寒酸沉重的靴子,66407,11,184,366,2456251,37102,3,,,,,,,,,,,,,,
12808,2,5,1模式：普通的沉重的靴子,66408,11,304,402,2456252,37102,3,42200,1,,,,,,,,,,,,
12809,2,5,2模式：普通的沉重的靴子,66409,11,304,402,2456253,37102,3,42200,1,,,,,,,,,,,,
12810,2,5,1模式：大雨高级的的技能,66410,11,424,546,2456254,37102,3,42200,1,42210,1,,,,,,,,,,
12811,2,5,2模式：大雨高级的的技能,66411,11,424,546,2456255,37102,3,42200,1,42210,1,,,,,,,,,,
12812,2,5,1模式：罕见的专家沉重的靴子,66412,11,1220,726,2456256,37102,4,43000,1,42210,1,39100,2,,,,,,,,
12813,2,5,2模式：罕见的专家沉重的靴子,66413,11,1220,726,2456257,37102,4,43000,1,42210,1,39100,2,,,,,,,,
12814,2,5,模式：长靴寒酸铠甲,66414,16,276,768,2456351,37103,3,,,,,,,,,,,,,,
12815,2,5,1模式：普通铠甲沉重的靴子,66415,16,516,846,2456352,37103,3,42201,1,,,,,,,,,,,,
12816,2,5,2模式：普通铠甲沉重的靴子,66416,16,516,846,2456353,37103,3,42201,1,,,,,,,,,,,,
12817,2,5,1模式：大雨高级的铠甲,66417,16,756,1152,2456354,37103,3,42201,1,42210,1,,,,,,,,,,
12818,2,5,2模式：大雨高级的铠甲,66418,16,756,1152,2456355,37103,3,42201,1,42210,1,,,,,,,,,,
12819,2,5,1模式：罕见铠甲的重靴,66419,16,2825,1536,2456356,37103,3,43000,2,42210,1,39101,1,,,,,,,,
12820,2,5,2模式：罕见铠甲的重靴,66420,16,2825,1536,2456357,37103,3,43000,2,42210,1,39101,1,,,,,,,,
12821,2,5,模式：长靴破旧的,66421,21,368,1326,2456451,37104,3,,,,,,,,,,,,,,
12822,2,5,1模式：重型普通靴,66422,21,688,1458,2456452,37104,3,42201,1,,,,,,,,,,,,
12823,2,5,2模式：重型普通靴,66423,21,688,1458,2456453,37104,3,42201,1,,,,,,,,,,,,
12824,2,5,1模式：大雨高级的,66424,21,1008,1986,2456454,37104,3,42201,1,42210,1,,,,,,,,,,
12825,2,5,2模式：大雨高级的,66425,21,1008,1986,2456455,37104,3,42201,1,42210,1,,,,,,,,,,
12826,2,5,1模式：在一个难得的大雨,66426,21,2327,2646,2456456,37104,3,43001,1,42210,1,39101,1,,,,,,,,
12827,2,5,2模式：在一个难得的大雨,66427,21,2327,2646,2456457,37104,3,43001,1,42210,1,39101,1,,,,,,,,
12828,2,5,模式：大雨破旧的,66428,26,460,2028,2456551,37105,3,,,,,,,,,,,,,,
12829,2,5,1模式：大雨平庸的,66429,26,960,2232,2456552,37105,3,42202,1,,,,,,,,,,,,
12830,2,5,2模式：大雨平庸的,66430,26,960,2232,2456553,37105,3,42202,1,,,,,,,,,,,,
12831,2,5,1模式：大雨高级的,66431,26,1460,3042,2456554,37105,3,42202,1,42210,1,,,,,,,,,,
12832,2,5,2模式：大雨高级的,66432,26,1460,3042,2456555,37105,3,42202,1,42210,1,,,,,,,,,,
12833,2,5,1模式：大雨罕见的,66433,26,6200,4056,2456556,37105,3,43001,1,42210,2,39101,1,,,,,,,,
12834,2,5,2模式：大雨罕见的,66434,26,6200,4056,2456557,37105,3,43001,1,42210,2,39101,1,,,,,,,,
12835,2,5,模式：大雨寒酸不屈,66435,30,552,2700,2456651,37106,2,,,,,,,,,,,,,,
12836,2,5,1模式：普通刚毅厚重的靴子,66436,30,1152,2970,2456652,37106,3,42202,1,,,,,,,,,,,,
12837,2,5,2模式：普通刚毅厚重的靴子,66437,30,1152,2970,2456653,37106,3,42202,1,,,,,,,,,,,,
12838,2,5,1模式：高级的不屈不挠大雨,66438,30,1752,4050,2456654,37106,3,42202,1,42210,2,,,,,,,,,,
12839,2,5,2模式：高级的不屈不挠大雨,66439,30,1752,4050,2456655,37106,3,42202,1,42210,2,,,,,,,,,,
12840,2,5,1模式：重稀土刚毅靴,66440,30,4740,5400,2456656,37106,3,43002,1,42210,2,39101,1,,,,,,,,
12841,2,5,2模式：重稀土刚毅靴,66441,30,4740,5400,2456657,37106,3,43002,1,42210,2,39101,1,,,,,,,,
12842,2,5,1模式：大雨特刚毅,66442,30,8274,8100,2456658,37106,4,43015,1,42210,3,39101,2,,,,,,,,
12843,2,5,2模式：特别坚韧的大雨,66443,30,8274,8100,2456659,37106,4,43015,1,42210,3,39101,2,,,,,,,,
12844,2,5,模式：长靴破旧的耐性的,66444,35,644,3678,2456751,37107,2,,,,,,,,,,,,,,
12845,2,5,1模式：重型普通耐性的靴,66445,35,1484,4044,2456752,37107,3,42203,1,,,,,,,,,,,,
12846,2,5,2模式：重型普通耐性的靴,66446,35,1484,4044,2456753,37107,3,42203,1,,,,,,,,,,,,
12847,2,5,1模式：大雨高级的耐性的,66447,35,2324,5514,2456754,37107,3,42203,1,42210,2,,,,,,,,,,
12848,2,5,2模式：大雨高级的耐性的,66448,35,2324,5514,2456755,37107,3,42203,1,42210,2,,,,,,,,,,
12849,2,5,1模式：罕见的耐性的沉重的靴子,66449,35,5333,7350,2456756,37107,3,43002,1,42210,3,39102,1,,,,,,,,
12850,2,5,2模式：罕见的耐性的沉重的靴子,66450,35,5333,7350,2456757,37107,3,43002,1,42210,3,39102,1,,,,,,,,
12851,2,5,1模式：特殊耐性的沉重的靴子,66451,35,9257,11028,2456758,37107,4,43016,1,42210,5,39102,1,,,,,,,,
12852,2,5,2模式：特殊的耐性的沉重的靴子,66452,35,9257,11028,2456759,37107,4,43016,1,42210,5,39102,1,,,,,,,,
12853,2,5,模式：长靴寒酸保护,66453,40,736,4800,2456951,37108,2,,,,,,,,,,,,,,
12854,2,5,1模式：普通保护沉重的靴子,66454,40,1696,5280,2456952,37108,3,42203,1,,,,,,,,,,,,
12855,2,5,2模式：普通保护沉重的靴子,66455,40,1696,5280,2456953,37108,3,42203,1,,,,,,,,,,,,
12856,2,5,1模式：大雨高级的保护,66456,40,2656,7200,2456954,37108,3,42203,1,42210,3,,,,,,,,,,
12857,2,5,2模式：大雨高级的保护,66457,40,2656,7200,2456955,37108,3,42203,1,42210,3,,,,,,,,,,
12858,2,5,1模式：罕见的沉重的靴子保护,66458,40,6094,9600,2456956,37108,3,43003,1,42210,4,39102,1,,,,,,,,
12859,2,5,2模式：罕见的沉重的靴子保护,66459,40,6094,9600,2456957,37108,3,43003,1,42210,4,39102,1,,,,,,,,
12860,2,5,1模式：特殊保护的沉重的靴子,66460,40,10580,14400,2456958,37108,4,43017,1,42210,6,39102,1,,,,,,,,
12861,2,5,2模式：特殊保护的沉重的靴子,66461,40,10580,14400,2456959,37108,4,43017,1,42210,6,39102,1,,,,,,,,
12862,2,5,模式：的重靴,66462,45,828,6078,2457151,37109,2,,,,,,,,,,,,,,
12863,2,5,1模式：普通牧民沉重的靴子,66463,45,2088,6684,2457152,37109,3,42204,1,,,,,,,,,,,,
12864,2,5,2模式：普通牧民沉重的靴子,66464,45,2088,6684,2457153,37109,3,42204,1,,,,,,,,,,,,
12865,2,5,1模式：高级的守护的重靴,66465,45,3348,9114,2457154,37109,3,42204,1,42210,4,,,,,,,,,,
12866,2,5,2模式：高级的了沉重的靴子,66466,45,3348,9114,2457155,37109,3,42204,1,42210,4,,,,,,,,,,
12867,2,5,1模式：重罕见遵守靴,66467,45,7666,12150,2457156,37109,3,43003,1,42210,5,39102,1,,,,,,,,
12868,2,5,2模式：重罕见遵守靴,66468,45,7666,12150,2457157,37109,3,43003,1,42210,5,39102,1,,,,,,,,
12869,2,5,1模式：特殊的纪念沉重的靴子,66469,45,13522,18228,2457158,37109,4,43018,1,42210,7,39102,1,,,,,,,,
12870,2,5,2模式：特殊的纪念沉重的靴子,66470,45,13522,18228,2457159,37109,4,43018,1,42210,7,39102,1,,,,,,,,
12871,2,5,模式：长靴寒碜不朽,66471,50,920,7500,2457351,37110,2,,,,,,,,,,,,,,
12872,2,5,1模式：普通不朽的重靴,66472,50,2320,8250,2457352,37110,3,42204,1,,,,,,,,,,,,
12873,2,5,2模式：普通不朽的重靴,66473,50,2320,8250,2457353,37110,3,42204,1,,,,,,,,,,,,
12874,2,5,1模式：大雨高级的不朽,66474,50,3720,11250,2457354,37110,3,42204,1,42210,5,,,,,,,,,,
12875,2,5,2模式：大雨高级的不朽,66475,50,3720,11250,2457355,37110,3,42204,1,42210,5,,,,,,,,,,
12876,2,5,1模式：罕见的不朽沉重的靴子,66476,50,8518,15000,2457356,37110,3,43004,1,42210,6,39102,1,,,,,,,,
12877,2,5,2模式：罕见的不朽沉重的靴子,66477,50,8518,15000,2457357,37110,3,43004,1,42210,6,39102,1,,,,,,,,
12878,2,5,1模式：特殊不朽沉重的靴子,66478,50,16208,22500,2457358,37110,4,43019,1,42210,9,39102,1,,,,,,,,
12879,2,5,2模式：特殊不朽沉重的靴子,66479,50,16208,22500,2457359,37110,4,43019,1,42210,9,39102,1,,,,,,,,
12880,2,5,模式：长靴寒碜不朽,66480,55,1012,9078,2457551,37111,2,,,,,,,,,,,,,,
12881,2,5,1模式：普通不朽的重靴,66481,55,2772,9984,2457552,37111,3,42212,1,,,,,,,,,,,,
12882,2,5,2模式：普通不朽的重靴,66482,55,2772,9984,2457553,37111,3,42212,1,,,,,,,,,,,,
12883,2,5,1模式：大雨高级的不朽,66483,55,4172,13614,2457554,37111,3,42212,1,42210,6,,,,,,,,,,
12884,2,5,2模式：大雨高级的不朽,66484,55,4172,13614,2457555,37111,3,42212,1,42210,6,,,,,,,,,,
12885,2,5,1模式：罕见的不朽沉重的靴子,66485,55,10360,18150,2457556,37111,3,43004,2,42210,7,39103,1,,,,,,,,
12886,2,5,2模式：罕见的不朽沉重的靴子,66486,55,10360,18150,2457557,37111,3,43004,2,42210,7,39103,1,,,,,,,,
12887,2,5,1模式：特殊不朽沉重的靴子,66487,55,19808,27228,2457558,37111,4,43019,4,42210,11,39103,1,,,,,,,,
12888,2,5,2模式：特殊不朽沉重的靴子,66488,55,19808,27228,2457559,37111,4,43019,4,42210,11,39103,1,,,,,,,,
13000,2,6,模式：不起眼的披风,66500,1,92,96,2460151,37100,3,,,,,,,,,,,,,,
13001,2,6,1模式：普通披风,66501,1,152,108,2460152,37100,3,42200,1,,,,,,,,,,,,
13002,2,6,2模式：普通披风,66502,1,152,108,2460153,37100,3,42200,1,,,,,,,,,,,,
13003,2,6,1模式：高级的学员披风,66503,4,212,144,2460154,37100,3,42200,1,42211,1,,,,,,,,,,
13004,2,6,2模式：高级的学员披风,66504,4,212,144,2460155,37100,3,42200,1,42211,1,,,,,,,,,,
13005,2,6,1模式：罕见的披风,66505,4,492,192,2460156,37100,3,43000,1,42211,1,39100,1,,,,,,,,
13006,2,6,2模式：罕见的披风,66506,4,492,192,2460157,37100,3,43000,1,42211,1,39100,1,,,,,,,,
13007,2,6,模式：破旧的披风,66507,9,184,486,2460251,37102,4,,,,,,,,,,,,,,
13008,2,6,1模式：普通的披风,66508,9,304,540,2460252,37102,4,42200,1,,,,,,,,,,,,
13009,2,6,2模式：普通的披风,66509,9,304,540,2460253,37102,4,42200,1,,,,,,,,,,,,
13010,2,6,1模式：高级的披风,66510,9,424,732,2460254,37102,4,42200,1,42211,1,,,,,,,,,,
13011,2,6,2模式：高级的披风,66511,9,424,732,2460255,37102,4,42200,1,42211,1,,,,,,,,,,
13012,2,6,1模式：罕见的专家披风,66512,9,1220,972,2460256,37102,5,43000,1,42211,1,39100,2,,,,,,,,
13013,2,6,2模式：罕见的专家披风,66513,9,1220,972,2460257,37102,5,43000,1,42211,1,39100,2,,,,,,,,
13014,2,6,模式：铠甲披风,66514,14,276,1176,2460351,37103,4,,,,,,,,,,,,,,
13015,2,6,1模式：普通铠甲披风,66515,14,516,1296,2460352,37103,4,42201,1,,,,,,,,,,,,
13016,2,6,2模式：普通铠甲披风,66516,14,516,1296,2460353,37103,4,42201,1,,,,,,,,,,,,
13017,2,6,1模式：高级的铠甲披风,66517,14,756,1764,2460354,37103,5,42201,1,42211,1,,,,,,,,,,
13018,2,6,2模式：高级的铠甲披风,66518,14,756,1764,2460355,37103,5,42201,1,42211,1,,,,,,,,,,
13019,2,6,1模式：罕见铠甲披风,66519,14,2825,2352,2460356,37103,5,43000,3,42211,1,39101,1,,,,,,,,
13020,2,6,2模式：罕见铠甲披风,66520,14,2825,2352,2460357,37103,5,43000,3,42211,1,39101,1,,,,,,,,
13021,2,6,模式：破旧的披风,66521,19,368,2166,2460451,37104,4,,,,,,,,,,,,,,
13022,2,6,1模式：普通披风,66522,19,688,2388,2460452,37104,5,42201,1,,,,,,,,,,,,
13023,2,6,2模式：普通披风,66523,19,688,2388,2460453,37104,5,42201,1,,,,,,,,,,,,
13024,2,6,1模式：高级的披风,66524,19,1008,3252,2460454,37104,5,42201,1,42211,1,,,,,,,,,,
13025,2,6,2模式：高级的披风,66525,19,1008,3252,2460455,37104,5,42201,1,42211,1,,,,,,,,,,
13026,2,6,1模式：罕见披风,66526,19,2327,4332,2460456,37104,5,43001,1,42211,2,39101,1,,,,,,,,
13027,2,6,2模式：罕见披风,66527,19,2327,4332,2460457,37104,5,43001,1,42211,2,39101,1,,,,,,,,
13028,2,6,模式：破旧的披风,66528,24,460,3456,2460551,37105,5,,,,,,,,,,,,,,
13029,2,6,1模式：普通披风,66529,24,960,3804,2460552,37105,5,42202,1,,,,,,,,,,,,
13030,2,6,2模式：普通披风,66530,24,960,3804,2460553,37105,5,42202,1,,,,,,,,,,,,
13031,2,6,1模式：披风高级的,66531,24,1460,5184,2460554,37105,5,42202,1,42211,2,,,,,,,,,,
13032,2,6,2模式：披风高级的,66532,24,1460,5184,2460555,37105,5,42202,1,42211,2,,,,,,,,,,
13033,2,6,1模式：斗篷,66533,24,6200,6912,2460556,37105,5,43001,2,42211,3,39101,2,,,,,,,,
13034,2,6,2模式：斗篷,66534,24,6200,6912,2460557,37105,5,43001,2,42211,3,39101,2,,,,,,,,
13035,2,6,模式：不屈的破旧斗篷,66535,30,552,5400,2460651,37106,5,,,,,,,,,,,,,,
13036,2,6,1模式：普通不屈披风,66536,30,1152,5940,2460652,37106,5,42202,1,,,,,,,,,,,,
13037,2,6,2模式：普通不屈披风,66537,30,1152,5940,2460653,37106,5,42202,1,,,,,,,,,,,,
13038,2,6,1模式：不屈披风高级的,66538,30,1752,8100,2460654,37106,6,42202,1,42211,3,,,,,,,,,,
13039,2,6,2模式：不屈披风高级的,66539,30,1752,8100,2460655,37106,6,42202,1,42211,3,,,,,,,,,,
13040,2,6,1模式：斗篷,66540,30,4740,10800,2460656,37106,6,43002,1,42211,4,39101,3,,,,,,,,
13041,2,6,2模式：斗篷,66541,30,4740,10800,2460657,37106,6,43002,1,42211,4,39101,3,,,,,,,,
13042,2,6,1模式：不屈披风特,66542,30,8274,16200,2460658,37106,7,43015,2,42211,7,39101,4,,,,,,,,
13043,2,6,2模式：不屈披风特,66543,30,8274,16200,2460659,37106,7,43015,2,42211,7,39101,4,,,,,,,,
13044,2,6,模式：破旧的耐性的披风,66544,35,644,7350,2460751,37107,5,,,,,,,,,,,,,,
13045,2,6,1模式：普通耐性的披风,66545,35,1484,8088,2460752,37107,5,42203,1,,,,,,,,,,,,
13046,2,6,2模式：普通耐性的披风,66546,35,1484,8088,2460753,37107,5,42203,1,,,,,,,,,,,,
13047,2,6,1模式：高级的耐性的披风,66547,35,2324,11028,2460754,37107,6,42203,1,42211,5,,,,,,,,,,
13048,2,6,2模式：高级的耐性的披风,66548,35,2324,11028,2460755,37107,6,42203,1,42211,5,,,,,,,,,,
13049,2,6,1模式：罕见的耐性的披风,66549,35,5333,14700,2460756,37107,6,43002,2,42211,6,39102,1,,,,,,,,
13050,2,6,2模式：罕见的耐性的披风,66550,35,5333,14700,2460757,37107,6,43002,2,42211,6,39102,1,,,,,,,,
13051,2,6,1模式：特殊耐性的披风,66551,35,9257,22050,2460758,37107,7,43016,2,42211,9,39102,1,,,,,,,,
13052,2,6,2模式：特殊耐性的披风,66552,35,9257,22050,2460759,37107,7,43016,2,42211,9,39102,1,,,,,,,,
13053,2,6,模式：破旧的保护披风,66553,40,736,9600,2460951,37108,5,,,,,,,,,,,,,,
13054,2,6,1模式：普通保护披风,66554,40,1696,10560,2460952,37108,5,42203,1,,,,,,,,,,,,
13055,2,6,2模式：普通保护披风,66555,40,1696,10560,2460953,37108,5,42203,1,,,,,,,,,,,,
13056,2,6,1模式：高级的保护披风,66556,40,2656,14400,2460954,37108,6,42203,1,42211,6,,,,,,,,,,
13057,2,6,2模式：高级的保护披风,66557,40,2656,14400,2460955,37108,6,42203,1,42211,6,,,,,,,,,,
13058,2,6,1模式：稀有披风保护,66558,40,6094,19200,2460956,37108,6,43003,1,42211,8,39102,1,,,,,,,,
13059,2,6,2模式：稀有披风保护,66559,40,6094,19200,2460957,37108,6,43003,1,42211,8,39102,1,,,,,,,,
13060,2,6,1模式：特别保护披风,66560,40,10580,28800,2460958,37108,7,43017,2,42211,12,39102,1,,,,,,,,
13061,2,6,2模式：特别保护披风,66561,40,10580,28800,2460959,37108,7,43017,2,42211,12,39102,1,,,,,,,,
13062,2,6,模式：破旧的外衣,66562,45,828,12150,2461151,37109,5,,,,,,,,,,,,,,
13063,2,6,1模式：普通牧民披风,66563,45,2088,13368,2461152,37109,5,42204,1,,,,,,,,,,,,
13064,2,6,2模式：普通牧民披风,66564,45,2088,13368,2461153,37109,5,42204,1,,,,,,,,,,,,
13065,2,6,1模式：高级的披风,66565,45,3348,18228,2461154,37109,6,42204,1,42211,7,,,,,,,,,,
13066,2,6,2模式：高级的披风,66566,45,3348,18228,2461155,37109,6,42204,1,42211,7,,,,,,,,,,
13067,2,6,1模式：稀有披风,66567,45,7666,24300,2461156,37109,6,43003,2,42211,10,39102,1,,,,,,,,
13068,2,6,2模式：稀有披风,66568,45,7666,24300,2461157,37109,6,43003,2,42211,10,39102,1,,,,,,,,
13069,2,6,1模式：特殊纪念披风,66569,45,13522,36450,2461158,37109,7,43018,2,42211,15,39102,2,,,,,,,,
13070,2,6,2模式：特殊纪念披风,66570,45,13522,36450,2461159,37109,7,43018,2,42211,15,39102,2,,,,,,,,
13071,2,6,模式：不朽的破旧斗篷,66571,50,920,15000,2461351,37110,5,,,,,,,,,,,,,,
13072,2,6,1模式：普通不朽的披风,66572,50,2320,16500,2461352,37110,5,42204,1,,,,,,,,,,,,
13073,2,6,2模式：普通不朽的披风,66573,50,2320,16500,2461353,37110,5,42204,1,,,,,,,,,,,,
13074,2,6,1模式：高级的不朽的披风,66574,50,3720,22500,2461354,37110,6,42204,1,42211,9,,,,,,,,,,
13075,2,6,2模式：不朽的高级的外衣,66575,50,3720,22500,2461355,37110,6,42204,1,42211,9,,,,,,,,,,
13076,2,6,1模式：罕见的不朽的披风,66576,50,8518,30000,2461356,37110,6,43004,1,42211,12,39102,1,,,,,,,,
13077,2,6,2模式：罕见的不朽的披风,66577,50,8518,30000,2461357,37110,6,43004,1,42211,12,39102,1,,,,,,,,
13078,2,6,1模式：特殊不朽披风,66578,50,16208,45000,2461358,37110,7,43019,2,42211,18,39102,2,,,,,,,,
13079,2,6,2模式：特殊不朽披风,66579,50,16208,45000,2461359,37110,7,43019,2,42211,18,39102,2,,,,,,,,
13080,2,6,模式：不朽的破旧斗篷,66580,55,1012,18150,2461551,37111,5,,,,,,,,,,,,,,
13081,2,6,1模式：普通不朽的披风,66581,55,2772,19968,2461552,37111,5,42212,1,,,,,,,,,,,,
13082,2,6,2模式：普通不朽的披风,66582,55,2772,19968,2461553,37111,5,42212,1,,,,,,,,,,,,
13083,2,6,1模式：高级的不朽的披风,66583,55,4172,27228,2461554,37111,6,42212,1,42211,11,,,,,,,,,,
13084,2,6,2模式：不朽的高级的外衣,66584,55,4172,27228,2461555,37111,6,42212,1,42211,11,,,,,,,,,,
13085,2,6,1模式：罕见的不朽的披风,66585,55,10360,36300,2461556,37111,6,43004,2,42211,15,39103,1,,,,,,,,
13086,2,6,2模式：罕见的不朽的披风,66586,55,10360,36300,2461557,37111,6,43004,2,42211,15,39103,1,,,,,,,,
13087,2,6,1模式：特殊不朽披风,66587,55,19808,54450,2461558,37111,7,43019,4,42211,22,39103,1,,,,,,,,
13088,2,6,2模式：特殊不朽披风,66588,55,19808,54450,2461559,37111,7,43019,4,42211,22,39103,1,,,,,,,,
15000,3,1,模式：泪清炒耳鼻喉科,70000,4,92,108,11000,38100,6,,,,,,,,,,,,,,
15001,3,1,食谱：炒deungkkot,70001,11,455,804,11001,38200,6,42402,1,,,,,,,,,,,,
15002,3,1,食谱：炒叶露秒,70002,18,580,2142,11002,38101,6,42402,2,,,,,,,,,,,,
15003,3,1,模式：搅拌可见鬼,70003,25,690,4128,11003,38201,6,42402,3,,,,,,,,,,,,
15004,3,1,食谱：炒面,70004,32,1724,6762,11004,38102,6,42402,6,39101,1,,,,,,,,,,
15005,3,1,模式：两个,70005,39,1922,10044,11005,38202,6,42402,8,39102,1,,,,,,,,,,
15006,3,1,食谱：炒五物,70006,46,2267,12060,11006,38103,6,42402,10,39102,1,,,,,,,,,,
15007,3,1,模式：搅拌冰刺,70007,53,2612,13860,11007,38203,6,42402,11,39102,1,,,,,,,,,,
15100,3,1,模式：泪蒸,70050,3,92,60,11010,38100,6,,,,,,,,,,,,,,
15101,3,1,食谱：清蒸,70051,10,455,660,11011,38200,6,42400,1,,,,,,,,,,,,
15102,3,1,食谱：蒸叶露秒,70052,17,580,1908,11012,38101,6,42400,2,,,,,,,,,,,,
15103,3,1,食谱：清蒸可见鬼,70053,24,690,3804,11013,38201,6,42400,3,,,,,,,,,,,,
15104,3,1,食谱：清蒸,70054,31,1724,6348,11014,38102,6,42400,5,39101,1,,,,,,,,,,
15105,3,1,模式：双蒸,70055,38,1922,9534,11015,38202,6,42400,8,39102,1,,,,,,,,,,
15106,3,1,食谱：清蒸五物,70056,45,2267,11442,11016,38103,6,42400,9,39102,1,,,,,,,,,,
15107,3,1,食谱：清蒸冰刺,70057,52,2612,13242,11017,38203,6,42400,11,39102,1,,,,,,,,,,
15200,3,1,食谱：烤眼泪,70100,1,92,12,11020,38100,6,,,,,,,,,,,,,,
15201,3,1,食谱：烤鸭腿,70101,8,455,426,11021,38200,6,42400,1,,,,,,,,,,,,
15202,3,1,食谱：烤叶露秒,70102,15,580,1488,11022,38101,6,42400,1,,,,,,,,,,,,
15203,3,1,食谱：烤可见鬼,70103,22,690,3198,11023,38201,6,42400,3,,,,,,,,,,,,
15204,3,1,食谱：烤月,70104,29,1724,5556,11024,38102,6,42400,5,39101,1,,,,,,,,,,
15205,3,1,模式：二烤,70105,36,1922,8556,11025,38202,6,42400,7,39102,1,,,,,,,,,,
15206,3,1,模式：哦香草烤,70106,43,2267,10260,11026,38103,6,42400,8,39102,1,,,,,,,,,,
15207,3,1,食谱：烤黑刺冰,70107,50,2612,12060,11027,38203,6,42400,10,39102,1,,,,,,,,,,
15300,3,1,模式：入口泪汁,70150,2,92,30,11030,38100,6,,,,,,,,,,,,,,
15301,3,1,模式：汁,70151,9,455,540,11031,38200,6,42401,1,,,,,,,,,,,,
15302,3,1,模式：露初叶汁,70152,16,580,1692,11032,38101,6,42401,1,,,,,,,,,,,,
15303,3,1,模式：鬼刺果汁,70153,23,690,3492,11033,38201,6,42401,3,,,,,,,,,,,,
15304,3,1,模式：月亮汁,70154,30,1724,5940,11034,38102,6,42401,5,39101,1,,,,,,,,,,
15305,3,1,模式：二汁,70155,37,1922,9036,11035,38202,6,42401,7,39102,1,,,,,,,,,,
15306,3,1,模式：草药汁,70156,44,2267,10842,11036,38103,6,42401,9,39102,1,,,,,,,,,,
15307,3,1,模式：冰刺果汁,70157,51,2612,12642,11037,38203,6,42401,10,39102,1,,,,,,,,,,
15400,3,1,食谱：沙拉眼泪,70200,5,110,168,11040,38100,6,,,,,,,,,,,,,,
15401,3,1,食谱：沙拉,70201,12,546,954,11041,38200,6,42405,1,42402,1,,,,,,,,,,
15402,3,1,模式：叶露,70202,19,696,2388,11042,38101,6,42405,1,42402,1,,,,,,,,,,
15403,3,1,食谱：闹鬼可见沙拉,70203,26,828,4464,11043,38201,6,42405,2,42402,2,,,,,,,,,,
15404,3,1,食谱：沙拉,70204,33,2069,7188,11044,38102,6,42405,3,42402,3,39101,1,,,,,,,,
15405,3,1,模式：两份沙拉,70205,40,2307,10560,11045,38202,6,42405,4,42402,4,39102,1,,,,,,,,
15406,3,1,模式：香草沙拉,70206,47,2267,12672,11046,38103,6,42405,5,42402,5,39102,1,,,,,,,,
15407,3,1,模式：冰刺沙拉,70207,54,2612,14472,11047,38203,6,42405,6,42402,6,39102,1,,,,,,,,
15500,3,1,模式：入口的眼泪,70250,6,110,240,11050,38100,6,,,,,,,,,,,,,,
15501,3,1,模式：汤,70251,13,546,1116,11051,38200,6,42404,1,42401,1,,,,,,,,,,
15502,3,1,模式：露初叶汤,70252,20,696,2640,11052,38101,6,42404,1,42401,1,,,,,,,,,,
15503,3,1,模式：鬼刺汤,70253,27,828,4812,11053,38201,6,42404,2,42401,2,,,,,,,,,,
15504,3,1,模式：汤月,70254,34,2069,7632,11054,38102,6,42404,3,42401,3,39101,1,,,,,,,,
15505,3,1,模式：汤,70255,41,2307,11100,11055,38202,6,42404,5,42401,5,39102,1,,,,,,,,
15506,3,1,模式：香草汤,70256,48,2267,13320,11056,38103,6,42404,5,42401,5,39102,1,,,,,,,,
15507,3,1,模式：冰刺汤,70257,55,2612,15120,11057,38203,6,42404,6,42401,6,39102,1,,,,,,,,
15600,3,1,模式：泪炒耳鼻喉科,70300,8,110,426,11060,38100,6,,,,,,,,,,,,,,
15601,3,1,食谱：炒deungkkot,70301,15,546,1488,11061,38200,6,42406,1,42403,1,,,,,,,,,,
15602,3,1,食谱：炒叶露秒,70302,22,696,3198,11062,38101,6,42406,1,42403,1,,,,,,,,,,
15603,3,1,食谱：炒可见鬼,70303,29,828,5556,11063,38201,6,42406,2,42403,2,,,,,,,,,,
15604,3,1,食谱：炒个月jongkkot,70304,36,2069,8556,11064,38102,6,42406,4,42403,4,39101,1,,,,,,,,
15605,3,1,模式：二煎,70305,43,2307,12204,11065,38202,6,42406,5,42403,5,39102,1,,,,,,,,
15606,3,1,模式：○炒药材,70306,50,2267,14640,11066,38103,6,42406,6,42403,6,39102,1,,,,,,,,
15607,3,1,食谱：炒冰刺,70307,55,2612,16440,11067,38203,6,42406,7,42403,7,39102,1,,,,,,,,
15700,3,1,模式：入口眼泪绿化,70350,7,110,324,11070,38100,6,,,,,,,,,,,,,,
15701,3,1,食谱：水煮deungkkot,70351,14,546,1296,11071,38200,6,42400,1,42401,1,,,,,,,,,,
15702,3,1,模式：早退露炖,70352,21,696,2916,11072,38101,6,42400,1,42401,1,,,,,,,,,,
15703,3,1,食谱：闹鬼可见植树造林,70353,28,828,5178,11073,38201,6,42400,2,42401,2,,,,,,,,,,
15704,3,1,食谱：水煮月jongkkot,70354,35,2069,8088,11074,38102,6,42400,3,42401,3,39101,1,,,,,,,,
15705,3,1,模式：两个煮,70355,42,2307,11646,11075,38202,6,42400,5,42401,5,39102,1,,,,,,,,
15706,3,1,模式：哦煮草药,70356,49,2267,13980,11076,38103,6,42400,6,42401,6,39102,1,,,,,,,,
15707,3,1,模式：冰刺造林,70357,55,2612,15780,11077,38203,6,42400,6,42401,6,39102,1,,,,,,,,
16000,4,1,模式：破旧的项链,71000,1,966,882,2070051,37201,20,,,,,,,,,,,,,,
16001,4,1,1模式：普通项链,71001,1,1008,972,2070052,37201,20,42600,1,,,,,,,,,,,,
16002,4,1,2模式：普通项链,71002,1,1008,972,2070053,37201,20,42600,1,,,,,,,,,,,,
16003,4,1,1模式：将奢华项链,71003,7,1188,1326,2070054,37201,22,42600,2,42605,1,,,,,,,,,,
16004,4,1,2模式：威尔高级的项链,71004,7,1188,1326,2070055,37201,22,42600,2,42605,1,,,,,,,,,,
16005,4,1,1模式：罕见项链,71005,7,3301,1764,2070056,37201,24,43005,2,42605,1,39100,4,,,,,,,,
16006,4,1,2模式：罕见项链,71006,7,3301,1764,2070057,37201,24,43005,2,42605,1,39100,4,,,,,,,,
16007,4,1,模式：破旧的项链,71007,14,3864,3528,2070151,37202,21,,,,,,,,,,,,,,
16008,4,1,1模式：纯坚韧项链,71008,14,4272,3882,2070152,37202,22,42601,1,,,,,,,,,,,,
16009,4,1,2模式：纯坚韧项链,71009,14,4272,3882,2070153,37202,22,42601,1,,,,,,,,,,,,
16010,4,1,1模式：高级的项链,71010,14,4864,5292,2070154,37202,24,42601,2,42605,2,,,,,,,,,,
16011,4,1,2模式：高级的项链,71011,14,4864,5292,2070155,37202,24,42601,2,42605,2,,,,,,,,,,
16012,4,1,1模式：罕见项链,71012,14,20143,7056,2070156,37202,25,43005,8,42605,3,39100,16,,,,,,,,
16013,4,1,2模式：罕见项链,71013,14,20143,7056,2070157,37202,25,43005,8,42605,3,39100,16,,,,,,,,
16014,4,1,模式：不屈寒酸项链,71014,21,3312,7938,2070251,37204,12,,,,,,,,,,,,,,
16015,4,1,1模式：普通坚韧的项链,71015,21,3732,8736,2070252,37204,12,42602,1,,,,,,,,,,,,
16016,4,1,2模式：普通坚韧的项链,71016,21,3732,8736,2070253,37204,12,42602,1,,,,,,,,,,,,
16017,4,1,1模式：刚烈奢华项链,71017,21,4428,11910,2070254,37204,13,42602,2,42605,5,,,,,,,,,,
16018,4,1,2模式：刚烈奢华项链,71018,21,4428,11910,2070255,37204,13,42602,2,42605,5,,,,,,,,,,
16019,4,1,1模式：项链,71019,21,16010,15876,2070256,37204,14,43006,4,42605,6,39101,4,,,,,,,,
16020,4,1,2模式：项链,71020,21,16010,15876,2070257,37204,14,43006,4,42605,6,39101,4,,,,,,,,
16021,4,1,模式：破旧的耐性好的项链,71021,28,5152,14112,2070351,37205,14,,,,,,,,,,,,,,
16022,4,1,1模式：普通耐性的项链,71022,28,5712,15528,2070352,37205,14,42602,1,,,,,,,,,,,,
16023,4,1,2模式：普通耐性的项链,71023,28,5712,15528,2070353,37205,14,42602,1,,,,,,,,,,,,
16024,4,1,1模式：高级的耐性的项链,71024,28,7760,21168,2070354,37205,15,42602,4,42605,9,,,,,,,,,,
16025,4,1,2模式：高级的耐性的项链,71025,28,7760,21168,2070355,37205,15,42602,4,42605,9,,,,,,,,,,
16026,4,1,1模式：罕见的耐性的项链,71026,28,39603,28224,2070356,37205,16,43006,8,42605,12,39101,7,,,,,,,,
16027,4,1,2模式：罕见的耐性的项链,71027,28,39603,28224,2070357,37205,16,43006,8,42605,12,39101,7,,,,,,,,
16028,4,1,模式：破旧的外壳项链,71028,35,5060,22050,2070451,37207,11,,,,,,,,,,,,,,
16029,4,1,1模式：普通的贝壳项链,71029,35,5900,24258,2070452,37207,11,42603,1,,,,,,,,,,,,
16030,4,1,2模式：普通的贝壳项链,71030,35,5900,24258,2070453,37207,11,42603,1,,,,,,,,,,,,
16031,4,1,1模式：奢华的贝壳项链,71031,35,8040,33078,2070454,37207,12,42603,3,42605,14,,,,,,,,,,
16032,4,1,2模式：奢华的贝壳项链,71032,35,8040,33078,2070455,37207,12,42603,3,42605,14,,,,,,,,,,
16033,4,1,1模式：罕见的贝壳项链,71033,35,40754,44100,2070456,37207,13,43007,6,42605,18,39102,2,,,,,,,,
16034,4,1,2模式：罕见的贝壳项链,71034,35,40754,44100,2070457,37207,13,43007,6,42605,18,39102,2,,,,,,,,
16035,4,1,1模式：特殊的贝壳项链,71035,35,54124,66150,2070458,37207,16,43021,8,42605,27,39102,3,,,,,,,,
16036,4,1,2模式：特殊的贝壳项链,71036,35,54124,66150,2070459,37207,16,43021,8,42605,27,39102,3,,,,,,,,
16037,4,1,模式：破旧的保护项链,71037,42,6624,31752,2070551,37208,12,,,,,,,,,,,,,,
16038,4,1,1模式：普通保护项链,71038,42,7800,34932,2070552,37208,12,42604,1,,,,,,,,,,,,
16039,4,1,2模式：普通保护项链,71039,42,7800,34932,2070553,37208,12,42604,1,,,,,,,,,,,,
16040,4,1,1模式：高级的保护项链,71040,42,10704,47628,2070554,37208,13,42604,3,42605,19,,,,,,,,,,
16041,4,1,2模式：高级的保护项链,71041,42,10704,47628,2070555,37208,13,42604,3,42605,19,,,,,,,,,,
16042,4,1,1模式：稀有项链保护,71042,42,40656,63504,2070556,37208,14,43008,4,42605,26,39102,3,,,,,,,,
16043,4,1,2模式：稀有项链保护,71043,42,40656,63504,2070557,37208,14,43008,4,42605,26,39102,3,,,,,,,,
16044,4,1,1模式：特别保护项链,71044,42,60211,95256,2070558,37208,18,43022,6,42605,39,39102,5,,,,,,,,
16045,4,1,2模式：特殊保护的项链,71045,42,60211,95256,2070559,37208,18,43022,6,42605,39,39102,5,,,,,,,,
16046,4,1,模式：破旧的守护者项链,71046,49,8372,43218,2070651,37209,13,,,,,,,,,,,,,,
16047,4,1,1模式：普通SU项链,71047,49,9744,47544,2070652,37209,13,42604,1,,,,,,,,,,,,
16048,4,1,2模式：普通SU项链,71048,49,9744,47544,2070653,37209,13,42604,1,,,,,,,,,,,,
16049,4,1,1模式：守护奢华项链,71049,49,14504,64830,2070654,37209,14,42604,4,42605,27,,,,,,,,,,
16050,4,1,2模式：守护奢华项链,71050,49,14504,64830,2070655,37209,14,42604,4,42605,27,,,,,,,,,,
16051,4,1,1模式：稀有守护项链,71051,49,48784,86436,2070656,37209,15,43009,4,42605,35,39102,4,,,,,,,,
16052,4,1,2模式：稀有守护项链,71052,49,48784,86436,2070657,37209,15,43009,4,42605,35,39102,4,,,,,,,,
16053,4,1,1模式：特别保障项链,71053,49,61995,129654,2070658,37209,19,43023,5,42605,53,39102,6,,,,,,,,
16054,4,1,2模式：特别保障项链,71054,49,61995,129654,2070659,37209,19,43023,5,42605,53,39102,6,,,,,,,,
16055,4,1,模式：简陋的项链,71055,52,8885,48672,2070751,37210,12,,,,,,,,,,,,,,
16056,4,1,1模式：普通牧民项链,71056,52,10549,53544,2070752,37210,12,42606,5,,,,,,,,,,,,
16057,4,1,2模式：普通牧民的项链,71057,52,10549,53544,2070753,37210,12,42606,5,,,,,,,,,,,,
16058,4,1,1模式：奢华项链,71058,52,16224,73008,2070754,37210,13,42606,5,42605,30,,,,,,,,,,
16059,4,1,2模式：奢华项链,71059,52,16224,73008,2070755,37210,13,42606,5,42605,30,,,,,,,,,,
16060,4,1,1模式：罕见遵守项链,71060,52,57595,97344,2070756,37210,14,43009,6,42605,40,39102,5,,,,,,,,
16061,4,1,2模式：罕见遵守项链,71061,52,57595,97344,2070757,37210,14,43009,6,42605,40,39102,5,,,,,,,,
16062,4,1,1模式：特殊纪念项链,71062,52,73070,146016,2070758,37210,18,43023,6,42605,60,39102,7,,,,,,,,
16063,4,1,2模式：特殊的纪念项链,71063,52,73070,146016,2070759,37210,18,43023,6,42605,60,39102,7,,,,,,,,
16064,4,1,模式：简陋的项链,71064,55,9397,54450,2070851,37211,11,,,,,,,,,,,,,,
16065,4,1,1模式：普通牧民项链,71065,55,11157,59898,2070852,37211,11,42606,5,,,,,,,,,,,,
16066,4,1,2模式：普通牧民的项链,71066,55,11157,59898,2070853,37211,11,42606,5,,,,,,,,,,,,
16067,4,1,1模式：奢华项链,71067,55,17160,81678,2070854,37211,12,42606,5,42605,33,,,,,,,,,,
16068,4,1,2模式：奢华项链,71068,55,17160,81678,2070855,37211,12,42606,5,42605,33,,,,,,,,,,
16069,4,1,1模式：罕见遵守项链,71069,55,60918,108900,2070856,37211,13,43009,8,42605,45,39103,3,,,,,,,,
16070,4,1,2模式：罕见遵守项链,71070,55,60918,108900,2070857,37211,13,43009,8,42605,45,39103,3,,,,,,,,
16071,4,1,1模式：特殊纪念项链,71071,55,77286,163350,2070858,37211,16,43023,8,42605,67,39103,4,,,,,,,,
16072,4,1,2模式：特殊的纪念项链,71072,55,77286,163350,2070859,37211,16,43023,8,42605,67,39103,4,,,,,,,,
16200,4,2,模式：破旧的戒指,71500,1,966,648,2080051,37200,15,,,,,,,,,,,,,,
16201,4,2,1模式：普通戒指,71501,1,1008,714,2080052,37200,15,42600,1,,,,,,,,,,,,
16202,4,2,2模式：普通戒指,71502,1,1008,714,2080053,37200,15,42600,1,,,,,,,,,,,,
16203,4,2,1模式：魔戒高级的意愿,71503,6,1188,972,2080054,37200,16,42600,2,42605,1,,,,,,,,,,
16204,4,2,2模式：魔戒高级的意愿,71504,6,1188,972,2080055,37200,16,42600,2,42605,1,,,,,,,,,,
16205,4,2,1模式：戒指难得的,71505,6,3301,1296,2080056,37200,17,43005,1,42605,1,39100,3,,,,,,,,
16206,4,2,2模式：戒指难得的,71506,6,3301,1296,2080057,37200,17,43005,1,42605,1,39100,3,,,,,,,,
16207,4,2,模式：破旧的戒指,71507,12,3864,2592,2080151,37202,16,,,,,,,,,,,,,,
16208,4,2,1模式：魔戒平滑坚韧,71508,12,4272,2856,2080152,37202,16,42601,1,,,,,,,,,,,,
16209,4,2,2模式：魔戒平原坚韧,71509,12,4272,2856,2080153,37202,16,42601,1,,,,,,,,,,,,
16210,4,2,1模式：高级的戒指,71510,12,4864,3888,2080154,37202,17,42601,2,42605,2,,,,,,,,,,
16211,4,2,2模式：高级的戒指,71511,12,4864,3888,2080155,37202,17,42601,2,42605,2,,,,,,,,,,
16212,4,2,1模式：魔戒,71512,12,20143,5184,2080156,37202,19,43005,6,42605,2,39100,12,,,,,,,,
16213,4,2,2模式：魔戒,71513,12,20143,5184,2080157,37202,19,43005,6,42605,2,39100,12,,,,,,,,
16214,4,2,模式：不屈简陋的戒指,71514,18,3312,5832,2080251,37203,15,,,,,,,,,,,,,,
16215,4,2,1模式：在戒指普通刚毅,71515,18,3732,6420,2080252,37203,16,42601,1,,,,,,,,,,,,
16216,4,2,2模式：中戒指普通刚毅,71516,18,3732,6420,2080253,37203,16,42601,1,,,,,,,,,,,,
16217,4,2,1模式：高级的坚韧的戒指,71517,18,4428,8748,2080254,37203,17,42601,4,42605,4,,,,,,,,,,
16218,4,2,2模式：高级的坚韧的戒指,71518,18,4428,8748,2080255,37203,17,42601,4,42605,4,,,,,,,,,,
16219,4,2,1模式：在戒指罕见的刚毅,71519,18,16010,11664,2080256,37203,19,43005,13,42605,5,39101,3,,,,,,,,
16220,4,2,2模式：在戒指罕见的刚毅,71520,18,16010,11664,2080257,37203,19,43005,13,42605,5,39101,3,,,,,,,,
16221,4,2,模式：谦虚耐性的之戒,71521,24,5152,10368,2080351,37204,16,,,,,,,,,,,,,,
16222,4,2,1模式：普通耐性的戒指,71522,24,5712,11406,2080352,37204,16,42602,1,,,,,,,,,,,,
16223,4,2,2模式：普通耐性的戒指,71523,24,5712,11406,2080353,37204,16,42602,1,,,,,,,,,,,,
16224,4,2,1模式：高级的耐性的戒指,71524,24,7760,15552,2080354,37204,17,42602,3,42605,6,,,,,,,,,,
16225,4,2,2模式：高级的耐性的之戒,71525,24,7760,15552,2080355,37204,17,42602,3,42605,6,,,,,,,,,,
16226,4,2,1模式：罕见的耐性的之戒,71526,24,39603,20736,2080356,37204,19,43006,6,42605,8,39101,5,,,,,,,,
16227,4,2,2模式：罕见的耐性的之戒,71527,24,39603,20736,2080357,37204,19,43006,6,42605,8,39101,5,,,,,,,,
16228,4,2,模式：破旧的外壳戒指,71528,30,5060,16200,2080451,37206,11,,,,,,,,,,,,,,
16229,4,2,1模式：普通炮弹的戒指,71529,30,5900,17820,2080452,37206,11,42602,1,,,,,,,,,,,,
16230,4,2,2模式：普通炮弹的戒指,71530,30,5900,17820,2080453,37206,11,42602,1,,,,,,,,,,,,
16231,4,2,1模式：奢华的外壳戒指,71531,30,8040,24300,2080454,37206,12,42602,4,42605,10,,,,,,,,,,
16232,4,2,2模式：高级的皮之戒,71532,30,8040,24300,2080455,37206,12,42602,4,42605,10,,,,,,,,,,
16233,4,2,1模式：罕见的贝壳戒指,71533,30,40754,32400,2080456,37206,13,43006,9,42605,13,39101,9,,,,,,,,
16234,4,2,2模式：罕见的贝壳戒指,71534,30,40754,32400,2080457,37206,13,43006,9,42605,13,39101,9,,,,,,,,
16235,4,2,1模式：特殊炮弹戒指,71535,30,54124,48600,2080458,37206,16,43021,6,42605,20,39101,13,,,,,,,,
16236,4,2,2模式：特殊炮弹戒指,71536,30,54124,48600,2080459,37206,16,43021,6,42605,20,39101,13,,,,,,,,
16237,4,2,3模式：特殊炮弹戒指,71537,36,6624,23328,2080551,37207,11,,,,,,,,,,,,,,
16238,4,2,4模式：特殊炮弹戒指,71538,36,7800,25662,2080552,37207,12,42603,1,,,,,,,,,,,,
16239,4,2,5模式：特殊炮弹戒指,71539,36,7800,25662,2080553,37207,12,42603,1,,,,,,,,,,,,
16240,4,2,6模式：特殊炮弹戒指,71540,36,10704,34992,2080554,37207,13,42603,4,42605,14,,,,,,,,,,
16241,4,2,7模式：特殊炮弹戒指,71541,36,10704,34992,2080555,37207,13,42603,4,42605,14,,,,,,,,,,
16242,4,2,8模式：特殊炮弹戒指,71542,36,40656,46656,2080556,37207,14,43007,6,42605,19,39102,2,,,,,,,,
16243,4,2,9模式：特殊炮弹戒指,71543,36,40656,46656,2080557,37207,14,43007,6,42605,19,39102,2,,,,,,,,
16244,4,2,10模式：特殊炮弹戒指,71544,36,60211,69984,2080558,37207,17,43021,8,42605,29,39102,3,,,,,,,,
16245,4,2,11模式：特殊炮弹戒指,71545,36,60211,69984,2080559,37207,17,43021,8,42605,29,39102,3,,,,,,,,
16246,4,2,模式：破旧的守护者之戒,71546,42,8372,31752,2080651,37208,12,,,,,,,,,,,,,,
16247,4,2,1模式：普通保护戒指,71547,42,9744,34932,2080652,37208,12,42604,1,,,,,,,,,,,,
16248,4,2,2模式：普通保护戒指,71548,42,9744,34932,2080653,37208,12,42604,1,,,,,,,,,,,,
16249,4,2,1模式：奢华的戒指,71549,42,14504,47628,2080654,37208,13,42604,3,42605,19,,,,,,,,,,
16250,4,2,2模式：高级的戒指,71550,42,14504,47628,2080655,37208,13,42604,3,42605,19,,,,,,,,,,
16251,4,2,1模式：罕见的戒指,71551,42,48784,63504,2080656,37208,14,43008,4,42605,26,39102,3,,,,,,,,
16252,4,2,2模式：罕见的戒指,71552,42,48784,63504,2080657,37208,14,43008,4,42605,26,39102,3,,,,,,,,
16253,4,2,1模式：特殊的戒指,71553,42,61995,95256,2080658,37208,18,43022,6,42605,39,39102,5,,,,,,,,
16254,4,2,2模式：特殊的戒指,71554,42,61995,95256,2080659,37208,18,43022,6,42605,39,39102,5,,,,,,,,
16255,4,2,模式：破旧的守护之戒,71555,48,1,41472,2080751,37209,12,,,,,,,,,,,,,,
16256,4,2,1模式：普通的守护之戒,71556,48,1,45624,2080752,37209,13,42604,1,,,,,,,,,,,,
16257,4,2,2模式：普通的守护之戒,71557,48,1,45624,2080753,37209,13,42604,1,,,,,,,,,,,,
16258,4,2,1模式：高级的守护之戒指,71558,48,1,62208,2080754,37209,14,42604,4,42605,25,,,,,,,,,,
16259,4,2,2模式：高级的守护之戒指,71559,48,1,62208,2080755,37209,14,42604,4,42605,25,,,,,,,,,,
16260,4,2,1模式：罕见的守护之戒,71560,48,1,82944,2080756,37209,15,43009,4,42605,34,39102,4,,,,,,,,
16261,4,2,2模式：罕见的守护之戒,71561,48,1,82944,2080757,37209,15,43009,4,42605,34,39102,4,,,,,,,,
16262,4,2,1模式：特殊的守护之戒,71562,48,1,124416,2080758,37209,18,43023,5,42605,51,39102,6,,,,,,,,
16263,4,2,2模式：特殊的守护之戒,71563,48,1,124416,2080759,37209,18,43023,5,42605,51,39102,6,,,,,,,,
16264,4,2,模式：普通的守护之戒,71564,52,8885,48672,2080851,37210,12,,,,,,,,,,,,,,
16265,4,2,1模式：普通牧民戒指,71565,52,10549,53544,2080852,37210,12,42606,1,,,,,,,,,,,,
16266,4,2,2模式：普通牧民戒指,71566,52,10549,53544,2080853,37210,12,42606,1,,,,,,,,,,,,
16267,4,2,1模式：高级的守护之戒,71567,52,16224,73008,2080854,37210,13,42606,3,42605,30,,,,,,,,,,
16268,4,2,2模式：高级的守护之戒,71568,52,16224,73008,2080855,37210,13,42606,3,42605,30,,,,,,,,,,
16269,4,2,1模式：罕见赫尔德的戒指,71569,52,57595,97344,2080856,37210,14,43009,6,42605,40,39102,5,,,,,,,,
16270,4,2,2模式：罕见赫尔德的戒指,71570,52,57595,97344,2080857,37210,14,43009,6,42605,40,39102,5,,,,,,,,
16271,4,2,1模式：特殊的纪念戒指,71571,52,73070,146016,2080858,37210,18,43023,6,42605,60,39102,7,,,,,,,,
16272,4,2,2模式：特殊的纪念戒指,71572,52,73070,146016,2080859,37210,18,43023,6,42605,60,39102,7,,,,,,,,
16273,4,2,模式：简陋的戒指,71573,55,9397,54450,2080951,37211,11,,,,,,,,,,,,,,
16274,4,2,1模式：普通牧民戒指,71574,55,11157,59898,2080952,37211,11,42606,1,,,,,,,,,,,,
16275,4,2,2模式：普通牧民戒指,71575,55,11157,59898,2080953,37211,11,42606,1,,,,,,,,,,,,
16276,4,2,1模式：高级的守护之戒,71576,55,17160,81678,2080954,37211,12,42606,4,42605,33,,,,,,,,,,
16277,4,2,2模式：高级的守护之戒,71577,55,17160,81678,2080955,37211,12,42606,4,42605,33,,,,,,,,,,
16278,4,2,1模式：罕见赫尔德的戒指,71578,55,60918,108900,2080956,37211,13,43009,8,42605,45,39103,3,,,,,,,,
16279,4,2,2模式：罕见赫尔德的戒指,71579,55,60918,108900,2080957,37211,13,43009,8,42605,45,39103,3,,,,,,,,
16280,4,2,1模式：特殊的纪念戒指,71580,55,77286,163350,2080958,37211,16,43023,8,42605,67,39103,4,,,,,,,,
16281,4,2,2模式：特殊的纪念戒指,71581,55,77286,163350,2080959,37211,16,43023,8,42605,67,39103,4,,,,,,,,
17000,5,1,模式：初级生命药剂,72000,1,14,30,10002,39004,3,42800,1,,,,,,,,,,,,
17001,5,1,模式：初级续命药剂,72001,1,14,24,10003,39000,3,42800,1,,,,,,,,,,,,
17002,5,1,模式：少量生命药剂,72002,10,138,96,10006,39003,3,42800,4,,,,,,,,,,,,
17003,5,1,模式：初级续命药剂,72003,10,138,84,10007,39002,3,42800,4,,,,,,,,,,,,
17004,5,1,模式：中级生命药剂,72004,20,276,264,10010,39010,3,42801,1,,,,,,,,,,,,
17005,5,1,模式：中级生命延续药剂,72005,20,276,216,10011,39007,3,42801,1,,,,,,,,,,,,
17006,5,1,模式：中级生命药剂,72006,30,414,672,10014,39009,3,42802,1,,,,,,,,,,,,
17007,5,1,模式：中级生命药剂,72007,30,414,576,10015,39008,3,42802,1,,,,,,,,,,,,
17008,5,1,模式：强效生命药剂,72008,40,552,1632,10018,39016,3,42803,1,,,,,,,,,,,,
17009,5,1,模式：强效生命延续药剂,72009,40,552,1344,10019,39013,3,42803,1,,,,,,,,,,,,
17010,5,1,模式: 最高级续命药剂,72010,50,690,3648,10022,39015,3,42804,1,,,,,,,,,,,,
17011,5,1,模式: 最高级续命药剂,72011,50,690,2880,10023,39014,3,42804,1,,,,,,,,,,,,
17012,5,1,模式: 最高级续命药剂,72012,55,759,4200,10022,39019,2,42804,1,,,,,,,,,,,,
17013,5,1,模式: 最高级续命药剂,72013,55,759,3600,10023,39019,2,42804,1,,,,,,,,,,,,
17100,5,2,模式: 最低级续命药剂,72100,1,14,30,10102,39001,3,42800,1,,,,,,,,,,,,
17101,5,2,模式:最低级法力药剂,72101,1,14,24,10103,39000,3,42800,1,,,,,,,,,,,,
17102,5,2,模式: 低级法力药剂,72102,10,138,132,10106,39003,3,42800,4,,,,,,,,,,,,
17103,5,2,模式: 低级法力药剂,72103,10,138,108,10107,39002,3,42800,4,,,,,,,,,,,,
17104,5,2,模式：中级法力药剂,72104,20,276,384,10110,39010,3,42801,1,,,,,,,,,,,,
17105,5,2,模式：中级法力药剂,72105,20,276,312,10111,39007,3,42801,1,,,,,,,,,,,,
17106,5,2,模式：中级法力药剂,72106,30,414,1056,10114,39009,3,42802,1,,,,,,,,,,,,
17107,5,2,模式：中级法力药剂,72107,30,414,864,10115,39008,3,42802,1,,,,,,,,,,,,
17108,5,2,模式：强效魔法药剂,72108,40,552,2688,10118,39016,3,42803,1,,,,,,,,,,,,
17109,5,2,模式：强效魔法药剂,72109,40,552,2112,10119,39013,3,42803,1,,,,,,,,,,,,
17110,5,2,模式：超级法力药剂,72110,50,690,5952,10122,39015,3,42804,1,,,,,,,,,,,,
17111,5,2,模式：超级法力药剂,72111,50,690,4800,10123,39014,3,42804,1,,,,,,,,,,,,
17112,5,2,模式：超级法力药剂,72112,55,759,6600,10122,39019,2,42804,1,,,,,,,,,,,,
17113,5,2,模式：超级法力药剂,72113,55,759,5400,10123,39019,2,42804,1,,,,,,,,,,,,
