TID,EngTitle,EngPurpose,LocalTitle,LocalPurpose,Type,Value,Value2,Count,RemoveItem,WorldTID,MapXYZ
索引,英文 目标,英文 提示,韩语 目标,韩语 提示,类型名称 1:狩猎(使用中) 2:对话(使用中) 3:项目收集(使用中) 4:项目使用(使用中) 5:护卫(使用中) 6:pvp 7:传达使用) 8:操作10：隐访问,Type不同而不同,Type不同而不同,任务数,项目删除,,怪兽属性
,,,,,,,,,,,
U32,CBwString,CBwString,CBwString,CBwString,U8,U32,U32,U32,U8,U16,F32:v
1,QMT_Title_000001,QMT_Purpose_000001,击杀哥布林后，收集掉落的可疑石雕塑。,石雕收集,3,20155,0,2,1,2000,1689.95|4741.98|71.50
4,QMT_Title_000002,QMT_Purpose_000002,村子南边遗迹碎片收集,收集遗迹碎片,3,20171,0,3,1,2000,1807.73|4687.71|63.41
5,QMT_Title_000003,QMT_Purpose_000003,营地旁边的空地上使用雷诺亚的粉末。,使用雷诺亚粉末,4,20173,0,1,1,2000,1785.60|4632.16|62.16
7,QMT_Title_000004,QMT_Purpose_000004,丘陵哥布林营地击杀黑魔法师。,击杀黑魔法师,1,514,0,1,0,2000,1930.44|4646.00|68.59
8,QMT_Title_000005,QMT_Purpose_000005,击杀黑魔法师后，获得第二封信条。,获得第二封信条,3,20174,0,1,1,2000,1930.44|4646.00|68.59
9,QMT_Title_000006,QMT_Purpose_000006,干掉剧毒翅膀,击杀剧毒翅膀,1,533,0,1,0,2000,1985.63|5080.63|142.18
10,QMT_Title_000007,QMT_Purpose_000007,找到哥布林的宝物箱。,找到哥布林的宝藏,3,20025,0,1,1,2000,1587.21|5070.45|75.15
11,QMT_Title_000008,QMT_Purpose_000008,处置北神驯兽师。,打死驯兽师,1,546,0,1,0,2000,1644.05|5028.34|64.89
12,QMT_Title_000009,QMT_Purpose_000009,杀死北神驯兽师，拿下首级。,取下驯兽师的脖子,3,20030,0,1,1,2000,1644.05|5028.34|64.89
13,QMT_Title_000010,QMT_Purpose_000010,击杀酋长艾尔克塔,击杀酋长,1,543,0,1,0,2000,1560.52|4797.58|79.74
14,QMT_Title_000011,QMT_Purpose_000011,处理酋长后收回不详之石,邪恶石雕收集,3,20027,0,1,1,2000,1560.52|4797.58|79.74
15,QMT_Title_000012,QMT_Purpose_000012,向我的方向移动,转到埃琳娜,2,1066,0,1,0,2000,1951.92|5221.59|63.68
16,QMT_Title_000013,QMT_Purpose_000013,移动后使用光之玉,使用光珠,4,20175,0,1,1,2000,1951.92|5221.59|63.68
19,QMT_Title_000014,QMT_Purpose_000014,击杀残酷的鲁卡鲁,击杀残酷的鲁卡鲁,1,564,0,1,0,2000,1893.19|5532.83|75.70
20,QMT_Title_000015,QMT_Purpose_000015,击杀刚强的鲁阿卡,击杀刚强的鲁阿卡,1,565,0,1,0,2000,1879.13|5487.02|72.03
21,QMT_Title_000016,QMT_Purpose_000016,击杀戴姆里伸黑魔法师,戴姆里伸黑魔法师,1,584,0,1,0,2000,1605.19|5204.33|77.98
22,QMT_Title_000017,QMT_Purpose_000017,拾取第三封信纸,拾取第三封信纸,3,20184,0,1,1,2000,1605.19|5204.33|77.98
25,QMT_Title_000018,QMT_Purpose_000018,分队长马凯乐,分队长马凯乐,1,593,0,1,0,2000,1289.81|5511.76|82.69
26,QMT_Title_000019,QMT_Purpose_000019,使用光之珠,使用光珠,4,20185,0,1,1,2000,1289.81|5511.76|82.69
27,QMT_Title_000020,QMT_Purpose_000020,绿阴林中幼林蜘蛛处置。,小蜘蛛丛林,1,601,0,3,0,2000,1408.02|5222.58|51.49
28,QMT_Title_000021,QMT_Purpose_000021,绿阴森林中的森林蜘蛛处置。,蜘蛛丛林,1,602,0,7,0,2000,1408.02|5222.58|51.49
29,QMT_Title_000022,QMT_Purpose_000022,处理国王后回收血石,血石回收,3,20070,0,1,1,2000,1161.39|5214.58|78.66
30,QMT_Title_000023,QMT_Purpose_000023,可疑的场所中使用真实的水晶,使用真理水晶,4,20189,0,1,1,2000,1176.91|4865.40|67.16
31,QMT_Title_000024,QMT_Purpose_000024,使用真实的修改被黑魔法师处置。,术士援助,1,350013,0,1,0,2000,1176.91|4865.40|67.16
10284,QMT_Title_000025,QMT_Purpose_000025,死者的坑中混沌的处置。,破坏混沌之树,1,634,0,1,0,2000,1409.81|4900.65|26.65
10285,QMT_Title_000026,QMT_Purpose_000026,死者的坑中处理。,干掉格拉伊德,1,633,0,1,0,2000,1391.13|4766.33|35.47
10304,QMT_Title_000027,QMT_Purpose_000027,女王的蜘蛛处置。,杀死蜘蛛女王,1,645,0,1,0,2000,1123.92|4700.95|48.37
32,QMT_Title_000028,QMT_Purpose_000028,黑魔法师的传能处置。,杀术士宠物,1,646,0,7,0,2000,1150.04|4812.27|40.86
33,QMT_Title_000029,QMT_Purpose_000029,真实的水晶使用隐藏的敌人的侦察兵找到。,使用真理水晶,4,20203,0,1,1,2000,1330.91|4392.98|61.13
34,QMT_Title_000030,QMT_Purpose_000030,堕落的侦察兵干掉,堕落侦察员,1,350017,0,1,0,2000,1330.91|4392.98|61.13
35,QMT_Title_000031,QMT_Purpose_000031,不兵营地中。应用健康狗的肉收藏,收集地狱猎犬肉块,3,20193,0,6,1,2000,1378.52|4338.09|61.41
10327,QMT_Title_000032,QMT_Purpose_000032,污染的墓地中使用圣水,使用圣水,4,20088,0,1,1,2000,1349.17|4184.64|67.44
10328,QMT_Title_000033,QMT_Purpose_000033,处置克兰戴斯。,击败三头犬,1,663,0,1,0,2000,1427.61|4118.22|78.93
63,QMT_Title_000034,QMT_Purpose_000034,堕落的护卫骑士消灭后收集古代的文章,古文收集,3,20097,0,7,1,2000,1180.47|4301.48|87.82
64,QMT_Title_000035,QMT_Purpose_000035,古代的书使用后伊丽莎白的处理。,萨麦尔,1,350005,0,1,0,2000,1179.54|4240.27|92.54
69,QMT_Title_000036,QMT_Purpose_000036,古代古代文中使用,使用一个古老的书,4,20099,0,1,1,2000,1179.54|4240.27|92.54
65,QMT_Title_000037,QMT_Purpose_000037,古代的门周围噩梦的花收集,收集噩梦之花,3,20166,0,7,1,2000,1139.03|4259.01|92.02
66,QMT_Title_000038,QMT_Purpose_000038,古代的门封条使用周围的订单,使用密封订单,4,20100,0,1,1,2000,1179.36|4168.49|105.46
67,QMT_Title_000039,QMT_Purpose_000039,使用封印订单被空洞的邪念处置。,杀空虚的邪念,1,350006,0,2,0,2000,1179.36|4168.49|105.46
68,QMT_Title_000040,QMT_Purpose_000040,使用移动订单后，伊丽莎白市红衣主教和对话。,使用移动订单,4,20221,0,1,1,2000,0
70,QMT_Title_000041,QMT_Purpose_000041,四狂战士处置。,地精狂战士杀,1,180001,0,1,0,2000,0
71,QMT_Title_000042,QMT_Purpose_000042,四者处置。,精灵刺客,1,180002,0,1,0,2000,0
72,QMT_Title_000043,QMT_Purpose_000043,魔鬼战斗法师处置。,精灵精灵对战援助,1,180003,0,1,0,2000,0
101,QMT_Title_000044,QMT_Purpose_000044,熙提的总参谋长爱德华和对话,爱德华和谈话,2,1043,0,1,0,2000,259.80|415.06|209.96
102,QMT_Title_000045,QMT_Purpose_000045,熙提的伊丽莎白市红衣主教和对话。,艾丽西亚和对话,2,1045,0,1,0,2000,242.83|236.21|165.30
103,QMT_Title_000046,QMT_Purpose_000046,伊丽莎白市的水晶珠子用红色岩石荒地移动,使用水晶球艾丽西亚的,4,20300,0,1,1,2000,0
111,QMT_Title_000047,QMT_Purpose_000047,阴沉的感觉的地方，州和对话,伊利亚·对话,2,2012,0,1,0,2000,2290.83|4846.26|165.30
112,QMT_Title_000048,QMT_Purpose_000048,阴沉的感觉的场所使用的决定。,土地使用决策,4,20309,0,1,1,2000,1663.61|4536.27|84.59
121,QMT_Title_000049,QMT_Purpose_000049,发掘团长韩对话。,与团长的对话,2,2034,0,1,0,2000,1807.64|4159.49|117.02
122,QMT_Title_000050,QMT_Purpose_000050,处置红蝎子盗贼团盗墓者。,干掉盗贼团盗墓者,1,1532,0,10,0,2000,1638.14|4172.03|111.09
123,QMT_Title_000051,QMT_Purpose_000051,在发掘的文件箱获得。,获得文件,3,20316,0,1,1,2000,1571.60|4175.91|116.83
131,QMT_Title_000052,QMT_Purpose_000052,用电弧窝里阴森的调查,调查阴沉的地方,2,2042,0,1,0,2000,1860.56|4228.11|107.07
132,QMT_Title_000053,QMT_Purpose_000053,来完成对话。,在Lua和对话。,2,2031,0,1,0,2000,1813.31|4162.88|117.11
134,QMT_Title_000054,QMT_Purpose_000054,用电弧巢的阴森的场所使用的决定。,土地使用决策,4,20330,0,1,1,2000,1860.56|4228.11|107.07
141,QMT_Title_000055,QMT_Purpose_000055,匪帮的藏身之处的阴森的场所使用的决定。,土地使用决策,4,20388,0,1,1,2000,1958.61|4070.61|128.92
151,QMT_Title_000056,QMT_Purpose_000056,移动使用紧急订单,使用紧急运行命令,4,20224,0,1,1,2000,1569.19|3947.07|148.66
152,QMT_Title_000057,QMT_Purpose_000057,使用瞬间移动订单熙提地地移动,使用即时运行命令,4,20339,0,1,1,2500,0
160,QMT_Title_000058,QMT_Purpose_000058,情报军官去个附近的可疑士兵干掉,可疑的士兵,1,1651,0,5,0,2500,381.60|427.17|192.52
154,QMT_Title_000059,QMT_Purpose_000059,第一章引言闸门在使用真实的珠子,使用珠真相,4,20340,0,1,1,2500,50.85|235.90|175.26
161,QMT_Title_000060,QMT_Purpose_000060,使用真实的珠子被获取监视者处置。,监控劫匪,1,350115,0,3,0,2500,50.85|235.90|175.26
156,QMT_Title_000061,QMT_Purpose_000061,情报军官用的秘密文件获得一次,在洛哈内尔获得的秘密文件,3,20341,0,1,1,2500,414.75|256.58|162.52
157,QMT_Title_000062,QMT_Purpose_000062,总参谋长爱德华面前自由使用的传票,使用引文普里莫的,4,20342,0,1,1,2500,257.04|414.54|209.96
158,QMT_Title_000063,QMT_Purpose_000063,总参谋长对爱德华在上部分的环和对话。,哲科带来光明的谈话EOWA,2,132,0,1,0,2500,255.85|424.19|209.96
159,QMT_Title_000064,QMT_Purpose_000064,订单使用瞬间移动（移动塔村,使用即时运行命令,4,20344,0,1,1,2000,0
163,QMT_Title_000065,QMT_Purpose_000065,绯红。在向上的环形语义传达密信。,深红交付给milseo,7,20343,0,1,1,2000,1617.48|3878.47|148.34
171,QMT_Title_000066,QMT_Purpose_000066,获取最近前燃烧的大地上，大地的决定使用。,土地使用决策,4,20351,0,1,1,2000,1257.00|3992.31|125.10
175,QMT_Title_000067,QMT_Purpose_000067,大地的决定使用被黑暗的暗杀者处置。,刺客杀死黑暗,1,350126,0,3,0,2000,1257.00|3992.31|125.10
172,QMT_Title_000068,QMT_Purpose_000068,获取堡垒中，红蝎子盗贼团战斗魔岩的核,战斗魔岩的核收集,3,20352,0,10,1,2000,1180.70|3907.12|131.16
174,QMT_Title_000069,QMT_Purpose_000069,匪帮头目在黑暗的拉我来处理,现在考虑暗拉试验治疗,1,350125,0,1,0,2000,1269.93|4035.97|141.55
173,QMT_Title_000070,QMT_Purpose_000070,卵器中的文件传送系统。,兰斯射线发射器利用的文献传递,7,20353,0,1,1,2000,1084.56|3914.63|130.94
181,QMT_Title_000071,QMT_Purpose_000071,从硫磺，硫磺烟雾收集快速眼动的核,硫磺石魔核集合,3,20374,0,12,1,2000,1676.00|3729.23|137.42
191,QMT_Title_000072,QMT_Purpose_000072,理大眼科,多利安和谈话,2,2101,0,1,0,2000,1724.63|3569.23|138.87
192,QMT_Title_000073,QMT_Purpose_000073,援助处理帮凶,消灭哈利伊德下手,1,1611,0,12,0,2000,1682.66|3549.07|141.44
196,QMT_Title_000074,QMT_Purpose_000074,哈利伊德的追随者处置。,消灭哈利伊德追随者,1,1612,0,12,0,2000,1682.66|3549.07|141.44
193,QMT_Title_000075,QMT_Purpose_000075,海尔德雷干掉后收集的邪念,恶念收集从海尔德雷,3,20375,0,1,1,2000,1624.27|3412.46|151.38
194,QMT_Title_000076,QMT_Purpose_000076,魔法的破坏为破坏鲜血水晶,鲜血水晶的破坏,1,1614,0,1,0,2000,1564.14|3536.46|155.15
195,QMT_Title_000077,QMT_Purpose_000077,红岩石军团要塞的草案和对话。,Geurasian谈话,2,2111,0,1,0,2000,1860.28|3418.77|154.39
201,QMT_Title_000078,QMT_Purpose_000078,破坏魔力水晶,魔力水晶的破坏,1,1635,0,1,0,2000,1944.91|3704.82|145.20
211,QMT_Title_000079,QMT_Purpose_000079,哨兵的院子里收集的石板。,哨兵的石板收集,3,20396,0,10,1,2000,1795.52|3139.47|160.51
212,QMT_Title_000080,QMT_Purpose_000080,指挥，快速眼动和对话和对话后僵硬,贝尔格莱德对话,2,2131,0,1,0,2000,2021.87|3201.55|143.66
213,QMT_Title_000081,QMT_Purpose_000081,处理戴姆里伸石魔术师。,魔像魔术师,1,1644,0,12,0,2000,1967.28|3178.49|150.00
214,QMT_Title_000082,QMT_Purpose_000082,古代水晶的使用,使用古老的水晶,4,20389,0,1,1,2000,1995.97|3250.63|144.88
215,QMT_Title_000083,QMT_Purpose_000083,绝望的水晶破坏,绝望水晶的毁灭,1,1645,0,1,0,2000,1921.20|3121.89|153.65
217,QMT_Title_000084,QMT_Purpose_000084,赫尔红分身的处置。,地狱一团突袭,1,350141,0,1,0,2000,1924.57|3126.20|153.65
216,QMT_Title_000085,QMT_Purpose_000085,叙利亚和对话,叙利亚和谈话,2,2114,0,1,0,2000,1856.39|3412.84|154.31
301,QMT_Title_000086,QMT_Purpose_000086,移动订单熙提正式使用移动,使用移动订单,4,20696,0,1,1,2000,0
302,QMT_Title_000087,QMT_Purpose_000087,你应该和哲科的气息仍然在谈。,艾丁谈话,2,132,0,1,0,2500,2305.67|5031.93|210.13
303,QMT_Title_000088,QMT_Purpose_000088,您应该普里莫的气息仍然在序言中守门员交谈。,普里莫和对话,2,1042,0,1,0,2500,52.34|235.98|175.24
304,QMT_Title_000089,QMT_Purpose_000089,去的顺序移动到被遗忘的人物的村庄。,使用移动订单,4,20697,0,1,1,2000,0
311,QMT_Title_000090,QMT_Purpose_000090,在一个村庄的支石墓西北使用被遗忘的一方。,使用被遗忘的人物,4,20698,0,1,1,2000,2304.50|4352.40|149.34
312,QMT_Title_000091,QMT_Purpose_000091,在古坛使用守护者灵魂石,使用守护者的灵魂石,4,20699,0,1,1,2000,2207.88|4344.49|138.48
313,QMT_Title_000092,QMT_Purpose_000092,杀死遗忘的人物的邪念,杀死遗忘的人物邪念,1,350238,0,1,0,2000,2207.88|4344.49|138.48
314,QMT_Title_000093,QMT_Purpose_000093,杀死遗忘的人物的意志,杀死遗忘的人物的意志,1,350239,0,1,0,2000,2207.88|4344.49|138.48
321,QMT_Title_000094,QMT_Purpose_000094,高旗其他用途村在被占领西山的。,标志使用被遗忘的小镇,4,20700,0,1,1,2000,2169.27|4263.53|130.71
322,QMT_Title_000095,QMT_Purpose_000095,消灭暗黑部队巫师,消灭暗黑部队巫师,1,2516,0,15,0,2000,2169.27|4263.53|130.71
323,QMT_Title_000096,QMT_Purpose_000096,混乱的核毁灭,混乱的核毁灭,1,2517,0,1,0,2000,2169.27|4263.53|130.71
333,QMT_Title_000097,QMT_Purpose_000097,请使用以下空缺席位在加盖阵营。,使用印记席,4,20703,0,1,1,2000,2419.38|3860.19|67.30
341,QMT_Title_000098,QMT_Purpose_000098,在斯特恩珥的废墟上消除这些谁前来收回黑暗收集他的货物的权力。,格雷戈里的秘密盒回收,3,20704,0,1,1,2000,2186.78|4020.91|74.03
351,QMT_Title_000099,QMT_Purpose_000099,交付到特拉布宗亚洲框。,货物运送到特拉布宗亚洲,7,20705,0,1,1,2000,2214.44|3790.40|69.05
352,QMT_Title_000100,QMT_Purpose_000100,收集古古纪念碑在入口的遗址的精华。,古恒采摘,3,20706,0,1,1,2000,2184.84|3655.43|73.58
361,QMT_Title_000101,QMT_Purpose_000101,在城南镇山上，你必须找到兰希尔自警团的遗物。,回收遗物,3,20717,0,8,1,2000,2222.53|3328.76|49.93
362,QMT_Title_000102,QMT_Purpose_000102,请干掉山镇南区的虚弱的宪兵。,处理虚弱的宪兵,1,2571,0,15,0,2000,2169.63|3366.96|46.19
363,QMT_Title_000103,QMT_Purpose_000103,请用真理的珠子。,使用真实弹珠,4,20707,0,1,1,2000,2168.64|3336.03|49.08
364,QMT_Title_000104,QMT_Purpose_000104,摧毁尺寸的裂纹召回。,破坏二维裂纹,1,350218,0,1,0,2000,2168.64|3336.03|49.08
371,QMT_Title_000105,QMT_Purpose_000105,你必须杀死混沌号角部队巫师。,混沌号角部队巫师,1,2583,0,15,0,2000,2166.97|3216.53|59.12
373,QMT_Title_000106,QMT_Purpose_000106,你必须杀死混沌号角部队召唤术。,混沌号角部队召唤师,1,2584,0,15,0,2000,2166.97|3216.53|59.12
372,QMT_Title_000107,QMT_Purpose_000107,请破坏龟裂水晶在鲜红色血的祭坛。,破坏龟裂水晶,1,2585,0,1,1,2000,2265.16|3190.20|58.76
381,QMT_Title_000108,QMT_Purpose_000108,顶部精神的祭坛使用精灵水晶。,使用精灵水晶,4,20709,0,1,1,2000,2670.52|3994.75|90.22
382,QMT_Title_000109,QMT_Purpose_000109,处理召唤的堕落自然精灵。,堕落的自然精灵,1,350221,0,1,0,2000,2670.52|3994.75|90.22
391,QMT_Title_000110,QMT_Purpose_000110,请斩杀断头台冤魂，回收他们的碎片。,冤魂碎片收藏,3,20710,0,15,1,2000,2668.21|3770.62|19.71
392,QMT_Title_000111,QMT_Purpose_000111,请帮助净化堕落指挥官纳塔雷斯。,纳塔雷斯,1,2593,0,1,0,2000,2747.47|3706.52|6.67
393,QMT_Title_000112,QMT_Purpose_000112,请杀断头台的牺牲者。,断头台的牺牲者,1,2591,0,15,0,2000,2682.73|3747.45|17.38
394,QMT_Title_000113,QMT_Purpose_000113,请斩杀断头台冤魂。,断头台冤魂,1,2592,0,15,0,2000,2682.73|3747.45|17.38
401,QMT_Title_000114,QMT_Purpose_000114,在倒下的门废墟和门艾尔普援助取悦获得他们的肉。,门艾尔普肉收集,3,20711,0,15,1,2000,2969.74|3739.64|4.30
402,QMT_Title_000115,QMT_Purpose_000115,在艾弗门的文件箱，请收集精灵的记录。,月亮精灵的记录收集,3,20712,0,5,1,2000,2953.50|3741.37|3.65
403,QMT_Title_000116,QMT_Purpose_000116,请摧毁破坏次元龟裂。,破坏次元龟裂,1,2614,0,2,0,2000,2959.01|3670.73|14.17
411,QMT_Title_000117,QMT_Purpose_000117,在村庄北面空地血之斧部队突击兵应被视为威胁。,血之斧部队突击兵,1,2625,0,15,0,2000,2782.08|3510.63|23.98
413,QMT_Title_000118,QMT_Purpose_000118,空地中北镇的血之斧部队狙击手援助。,血之斧部队狙击手,1,2626,0,15,0,2000,2782.08|3510.63|23.98
412,QMT_Title_000119,QMT_Purpose_000119,在血之斧部队驻军地消灭血之斧部队斧头兵,斧头兵,1,2621,0,15,0,2000,2715.85|3556.71|32.81
414,QMT_Title_000120,QMT_Purpose_000120,在血之斧部队驻军地消灭血之斧部队弓箭手,弓箭手,1,2622,0,15,0,2000,2715.85|3556.71|32.81
415,QMT_Title_000121,QMT_Purpose_000121,在血之斧部队驻军地消灭血之斧部队魔法师,魔法师,1,2623,0,15,0,2000,2715.85|3556.71|32.81
421,QMT_Title_000122,QMT_Purpose_000122,在镇东边的得分血淋淋的斧头侦察兵和侦察请空地，并收复了黑色的项链。,黑色项链集合,3,20713,0,17,1,2000,2880.59|3379.41|18.71
422,QMT_Title_000123,QMT_Purpose_000123,请净化可疑的魔法师汤普森农场。,净化可疑的魔法师,1,2636,0,3,0,2000,2997.85|3510.98|40.13
423,QMT_Title_000124,QMT_Purpose_000124,请干掉分队长海瑟簕。,分队长海瑟簕,1,2633,0,1,0,2000,3014.89|3528.41|42.81
424,QMT_Title_000125,QMT_Purpose_000125,请净化队长虚空的意志,虚空之意志,1,350228,0,1,0,2000,3014.89|3528.41|42.81
431,QMT_Title_000126,QMT_Purpose_000126,隐士镇消灭可疑的警卫兵。,可疑的警卫兵,1,2638,0,8,0,2000,2806.82|3386.57|10.17
432,QMT_Title_000127,QMT_Purpose_000127,净化他们召唤虚空中的邪恶想法,杀空虚的邪念,1,350227,0,8,0,2000,2806.82|3386.57|10.17
441,QMT_Title_000128,QMT_Purpose_000128,请使用魂珠的阵营。,使用珠和烈酒,4,20714,0,1,1,2000,2800.07|3192.26|58.52
451,QMT_Title_000129,QMT_Purpose_000129,请使用混沌弹珠在佩纳屋的中心。,使用混沌珠,4,20715,0,1,1,2000,2941.01|3243.12|61.30
452,QMT_Title_000130,QMT_Purpose_000130,请佩纳召见得分。,干掉佩纳,1,350236,0,1,0,2000,2941.01|3243.12|61.30
501,QMT_Title_000131,QMT_Purpose_000131,暴走哈拉兆普在东门附近,干掉暴走哈拉兆普,1,3501,0,19,0,2000,2756.13|4808.19|175.73
502,QMT_Title_000132,QMT_Purpose_000132,饱胀突伦在北方。,饱胀突伦,1,3504,0,1,0,2000,2732.79|4973.26|175.23
511,QMT_Title_000133,QMT_Purpose_000133,持怀疑态度决定收集红斑点哈拉兆普的结晶。,收集可疑的结晶,3,21013,0,19,1,2000,2809.60|4986.45|175.92
512,QMT_Title_000134,QMT_Purpose_000134,用马林果饵。,马林用的水果诱饵,4,20913,0,1,1,2000,2790.68|4973.73|175.71
513,QMT_Title_000135,QMT_Purpose_000135,快速处理召唤物，并收集赤红魔法石。,收集魔法石,3,20914,0,1,1,2000,2791.72|4972.75|175.73
521,QMT_Title_000136,QMT_Purpose_000136,从发怒贝伊内俄收集赤色的魔法石。,红色和黑色的魔法石雕塑作品,3,20918,0,19,1,2000,2791.31|4699.74|163.60
522,QMT_Title_000137,QMT_Purpose_000137,杀死红熊后收集魔法宝石。,收集碧波魔法石,3,20924,0,1,1,2000,2748.68|4707.94|163.28
531,QMT_Title_000138,QMT_Purpose_000138,对话和运输翻新美分。,交通翻新分和对话,2,4041,0,1,0,2000,2723.30|4186.22|154.11
541,QMT_Title_000139,QMT_Purpose_000139,拾取奈米亚的背包。,拾取奈米亚的背包,3,20931,0,1,1,2000,2604.26|4278.13|157.85
542,QMT_Title_000140,QMT_Purpose_000140,在指定地点使用了大量的多汁的肉。,使用了大量多汁的肉,4,20934,0,1,1,2000,2785.57|4271.85|163.98
543,QMT_Title_000141,QMT_Purpose_000141,黑暗马力沙阿点唱机钢铁利爪后领取援助席位。,收集黑暗魔法宝石,3,20935,0,1,1,2000,2785.57|4271.85|163.98
551,QMT_Title_000142,QMT_Purpose_000142,你问德怀特确定火焰,谈起德怀特,2,4051,0,1,0,2000,3030.05|4150.85|159.15
552,QMT_Title_000143,QMT_Purpose_000143,血光翼修利克的净化后收集花纹魔力石。,收集花纹魔力石,3,20941,0,1,1,2000,2897.39|4362.97|168.38
561,QMT_Title_000144,QMT_Purpose_000144,从警卫贝利特身上拿走他看守的钥匙。,寻找手铐钥匙串,3,20944,0,1,1,2000,2938.61|4660.13|188.79
562,QMT_Title_000145,QMT_Purpose_000145,使用神圣魔法石体内的囚犯的地方。,使用神圣魔法石,4,20947,0,1,1,2000,2930.24|4728.41|188.05
571,QMT_Title_000146,QMT_Purpose_000146,土地附近的残破的顶部，并收集神奇的蓝色石头。,蓝魔岩采摘,3,20949,0,12,1,2000,2973.94|4882.37|181.89
572,QMT_Title_000147,QMT_Purpose_000147,使用在塔的前提破魔石碑。,使用纯化魔力石,4,20953,0,1,1,2000,2870.47|4872.18|188.83
581,QMT_Title_000148,QMT_Purpose_000148,使用火焰结晶。,使用火焰结晶,4,20960,0,1,1,2000,3361.70|5049.58|234.73
582,QMT_Title_000149,QMT_Purpose_000149,在烧毁的森林利用纯化的土壤。,采用净化土壤,4,20963,0,1,1,2000,3178.94|5036.01|217.06
591,QMT_Title_000150,QMT_Purpose_000150,使用意识的水晶。,使用意识水晶,4,20965,0,1,1,2000,3219.14|4735.20|235.76
592,QMT_Title_000151,QMT_Purpose_000151,在哈比生境使用增强意识水晶。,使用增强意识的水晶,4,20971,0,1,1,2000,3196.51|4669.42|233.74
601,QMT_Title_000152,QMT_Purpose_000152,使用未完成的水晶在塔的土地。,使用未完成的水晶,4,20976,0,1,1,2000,3402.05|4662.53|259.03
602,QMT_Title_000153,QMT_Purpose_000153,从熔岩桥使用精确的地质探测。,使用精确的地质探测,4,20979,0,1,1,2000,3627.47|4959.42|269.86
611,QMT_Title_000154,QMT_Purpose_000154,熔岩山土地栖息地水晶使用。,使用大地水晶,4,20988,0,1,1,2000,3687.75|4789.25|279.95
612,QMT_Title_000155,QMT_Purpose_000155,带德雷克杜布罗夫尼克的尺度脱族长颜色。,肛门指诊需要杜布罗夫尼克的尺度。,7,20993,0,1,1,2000,3733.42|4716.75|293.61
613,QMT_Title_000156,QMT_Purpose_000156,侦察巡逻结肠克莱顿和对话的临时营地。,克莱顿和侦察结肠谈话,2,4151,0,1,0,2000,3859.27|4943.89|296.05
621,QMT_Title_000157,QMT_Purpose_000157,可疑的魔力石在栖息地。,收集可疑的魔力石,3,20995,0,12,1,2000,4006.77|4689.76|290.66
622,QMT_Title_000158,QMT_Purpose_000158,熔岩山中虚无魔力石的破坏。,破坏虚无魔力石,1,3704,0,15,0,2000,4006.77|4689.76|290.66
623,QMT_Title_000159,QMT_Purpose_000159,宾夕法尼亚州探险山谈光在认真祭司。,光宾夕法尼亚州牧师和对话。,2,4111,0,1,0,2000,3699.14|4898.28|280.38
631,QMT_Title_000160,QMT_Purpose_000160,寻找侦察杂志财物框。,寻找箱子的侦察杂志。,3,21012,0,1,1,2000,4016.90|4977.61|323.20
632,QMT_Title_000161,QMT_Purpose_000161,从血光智者特鲁安克收集密封报告。,收集密封报告,3,21001,0,1,1,2000,3923.63|5035.31|319.44
633,QMT_Title_000162,QMT_Purpose_000162,与红衣主教艾丽西亚谈话回到钢铁气息。,艾丽西亚和对话,2,1045,0,1,0,2000,242.83|236.21|165.30
634,QMT_Title_000163,QMT_Purpose_000163,使用传送卷轴。,使用传送卷轴。,4,21005,0,1,1,2000,0
701,QMT_Title_000164,QMT_Purpose_000164,使用艾丽西亚的水晶球，去不道德的土地。,使用水晶球艾丽西亚的,4,21101,0,1,1,2000,0
702,QMT_Title_000165,QMT_Purpose_000165,请谈谈安吉丽娜。,安吉丽娜和对话,2,5004,0,1,0,2000,3920.33|4162.06|255.67
711,QMT_Title_000166,QMT_Purpose_000166,你必须说话阿尔弗雷德。,阿尔弗雷德和谈话,2,5001,0,1,0,2000,3900.13|4182.61|255.67
715,QMT_Title_000167,QMT_Purpose_000167,攻击戴姆里伸灵魂破坏者与袭击者收集黑暗结晶。,获得黑暗结晶,3,21107,0,10,1,2000,3653.04|4181.42|235.75
721,QMT_Title_000168,QMT_Purpose_000168,请杀瘟疫管理者泰迪斯。,干掉瘟疫管理者,1,4516,0,1,0,2000,3825.05|4500.87|230.95
722,QMT_Title_000169,QMT_Purpose_000169,请摧毁泰迪斯的水晶球。,毁坏泰迪斯水晶球,1,4517,0,4,0,2000,3817.49|4482.81|230.81
725,QMT_Title_000170,QMT_Purpose_000170,请杀死堕落魔道师露丝皮尔在一片废墟的小镇。,干掉堕落魔道师,1,4524,0,1,0,2000,3695.09|4553.23|250.63
731,QMT_Title_000171,QMT_Purpose_000171,娄称为使用订单后，请聊天诺亚运动。,使用诺亚的举动订单,4,21121,0,1,1,2000,0
741,QMT_Title_000172,QMT_Purpose_000172,请销毁深渊封印石。,摧毁深渊封印石,1,4534,0,1,0,2000,4017.71|4419.34|253.61
861,QMT_Title_000173,QMT_Purpose_000173,请干掉传唤援助深渊的守护人。,干掉深渊的守护者,1,350403,0,1,0,2000,4017.71|4419.34|253.61
742,QMT_Title_000174,QMT_Purpose_000174,在当天的不是一个网关，则必须使用艾格尼丝交谈。,Agnes和对话,2,5031,0,1,0,2000,3998.74|4548.18|268.69
743,QMT_Title_000175,QMT_Purpose_000175,请使用守护石安吉丽娜。,安吉丽娜可以使用守护石,4,21132,0,1,1,2000,3880.74|4180.10|255.67
751,QMT_Title_000176,QMT_Purpose_000176,请在中央广场使用罗尼埃尔的秘术书。,使用罗尼埃尔的秘术书,4,21149,0,1,1,2000,3440.06|4092.88|190.55
755,QMT_Title_000177,QMT_Purpose_000177,请检索召唤物存在的记忆雕塑。,取得记忆雕塑,3,21154,0,1,1,2000,3310.82|4234.82|164.03
756,QMT_Title_000178,QMT_Purpose_000178,援助召唤混乱的存在,净化混乱的存在,1,350410,0,1,0,2000,3310.82|4234.82|164.03
761,QMT_Title_000179,QMT_Purpose_000179,请摧毁布什内尔公墓的泰利雅之茧。,破坏泰利雅之茧,1,4576,0,5,0,2000,3205.82|4464.87|182.94
862,QMT_Title_000180,QMT_Purpose_000180,请传唤援助消灭不成熟的骷髅兵。,消灭不成熟的骷髅士兵,1,350411,0,5,0,2000,3205.82|4464.87|182.94
762,QMT_Title_000181,QMT_Purpose_000181,在贝尔公墓，你必须杀死派皮勒下人泰利雅。,杀死大蜘蛛,1,4575,0,1,0,2000,3150.59|4340.47|182.49
771,QMT_Title_000182,QMT_Purpose_000182,请使用神圣净化石在中央公墓布什内尔维尔。,使用神圣净化石,4,21159,0,1,1,2000,3206.51|4390.24|173.88
863,QMT_Title_000183,QMT_Purpose_000183,请杀召唤出的黑暗魔道士。,黑暗魔道士,1,350412,0,1,0,2000,3206.51|4390.24|173.88
775,QMT_Title_000184,QMT_Purpose_000184,请大通的交谈。,大通和谈话,2,5071,0,1,0,2000,3357.88|3865.85|178.53
781,QMT_Title_000185,QMT_Purpose_000185,请杀了瘟疫雾主人拉扎露斯。,杀瘟疫雾主人,1,4593,0,1,0,2000,3490.74|3682.90|75.10
864,QMT_Title_000186,QMT_Purpose_000186,请采摘瘟疫雾主人拉扎露斯的口袋。,瘟疫口袋回收,3,21179,0,1,1,2000,3490.74|3682.90|75.10
785,QMT_Title_000187,QMT_Purpose_000187,请击杀亡者之主卡德尼尔。,击杀卡德尼尔,1,4604,0,1,0,2000,3185.16|3703.84|74.99
865,QMT_Title_000188,QMT_Purpose_000188,请击杀亡者之主卡德尼尔并收回他的灵魂雕塑。,回收卡德尼尔的灵魂雕塑,3,21186,0,1,1,2000,3185.16|3703.84|74.99
791,QMT_Title_000189,QMT_Purpose_000189,请用扭曲的灵魂结晶在村前一块空地。,使用扭曲灵魂结晶,4,21191,0,1,1,2000,3425.17|3800.45|182.05
866,QMT_Title_000190,QMT_Purpose_000190,请净化召唤的灵魂扭曲的外观。,净化灵魂的扭曲形象,1,350415,0,1,0,2000,3425.17|3800.45|182.05
795,QMT_Title_000191,QMT_Purpose_000191,请从空地上的深渊牺牲者收集扭曲灵魂石。,收集扭曲的灵魂石,3,21194,0,10,1,2000,3635.58|3971.79|218.45
801,QMT_Title_000192,QMT_Purpose_000192,请在空地用纯化的灵魂石。,使用纯净灵魂石,4,21196,0,1,1,2000,3616.16|3929.55|212.59
805,QMT_Title_000193,QMT_Purpose_000193,请在格莱德农场击杀混沌契约者罗兹伦。,击杀混沌契约者罗兹伦,1,4615,0,1,0,2000,3749.09|3903.84|231.01
867,QMT_Title_000194,QMT_Purpose_000194,请在格莱德农场击杀混沌契约者罗兹伦并拿到他的魔法石。,回收魔法石,3,21203,0,1,1,2000,3749.09|3903.84|231.01
811,QMT_Title_000195,QMT_Purpose_000195,杀红月部队的调查兵与暗杀者，并拿回指令书。,获得红月部队指令书,3,21206,0,7,1,2000,3894.93|3876.73|226.98
815,QMT_Title_000196,QMT_Purpose_000196,请击杀混沌契约者罗兹伦。,击杀混沌契约者罗兹伦,1,4624,0,1,0,2000,3992.31|4042.19|250.92
868,QMT_Title_000197,QMT_Purpose_000197,请击杀混沌契约者罗兹伦，并获得魔法书。,获得魔法书,3,21212,0,1,1,2000,3992.31|4042.19|250.92
821,QMT_Title_000198,QMT_Purpose_000198,杀红月部队突击兵，请收回混乱的结晶。,回收混沌结晶,3,21215,0,7,1,2000,3982.29|3802.56|230.03
831,QMT_Title_000199,QMT_Purpose_000199,请摧毁鲜血晶石。,破坏鲜血晶石,1,4651,0,1,0,2000,3729.01|3740.72|269.50
869,QMT_Title_000200,QMT_Purpose_000200,请击杀传唤出来的堕落鲜血的守护者。,杀堕落鲜血的守护者,1,350423,0,1,0,2000,3729.01|3740.72|269.50
870,QMT_Title_000201,QMT_Purpose_000201,请将堕落鲜血的守护者的鲜血刻印收取。,鲜血的刻印,3,21231,0,1,1,2000,3729.01|3740.72|269.50
832,QMT_Title_000202,QMT_Purpose_000202,请销毁灵魂晶石。,破坏灵魂晶石,1,4652,0,1,0,2000,3831.41|3802.37|269.51
871,QMT_Title_000203,QMT_Purpose_000203,请击杀传唤出来的堕落灵魂的守护者。,击杀灵魂的守护者,1,350424,0,1,0,2000,3831.41|3802.37|269.51
872,QMT_Title_000204,QMT_Purpose_000204,请带回堕落的灵魂守护者的记忆。,堕落灵魂的记忆,3,21232,0,1,1,2000,3831.41|3802.37|269.51
833,QMT_Title_000205,QMT_Purpose_000205,请摧毁黑暗的晶石。,破坏黑暗晶石,1,4653,0,1,0,2000,3917.75|3762.16|266.15
873,QMT_Title_000206,QMT_Purpose_000206,请杀死完全黑暗的灵魂。,杀死完整黑暗灵魂,1,4654,0,1,0,2000,3917.75|3762.16|266.15
874,QMT_Title_000207,QMT_Purpose_000207,请将完全黑暗的黑暗灵魂的记忆收集。,获得黑暗记忆,3,21233,0,1,1,2000,3917.75|3762.16|266.15
841,QMT_Title_000208,QMT_Purpose_000208,请使用雷伊封印石在城堡入口。,使用雷伊封印石,4,21236,0,1,1,2000,3731.07|3687.36|263.04
842,QMT_Title_000209,QMT_Purpose_000209,在克拉里奥斯营地宝物箱，请收回光之圣书。,获得圣经,3,21237,0,1,1,2000,3916.87|3734.95|266.46
851,QMT_Title_000210,QMT_Purpose_000210,请艾丽西亚交谈。,艾丽西亚和对话,2,1045,0,1,0,2500,242.83|236.21|165.30
852,QMT_Title_000211,QMT_Purpose_000211,请杀死四名士兵。,击杀首都防御师团士兵,1,4666,0,4,0,2500,111.62|427.27|192.71
875,QMT_Title_000212,QMT_Purpose_000212,请消灭士兵死后召唤的堕落灵魂。,杀死堕落灵魂,1,350427,0,4,0,2500,111.62|427.27|192.71
853,QMT_Title_000213,QMT_Purpose_000213,请使用钢铁的气息西北军营圣经的传票。,用圣经的传票,4,21239,0,1,1,2500,111.62|427.27|192.71
876,QMT_Title_000214,QMT_Purpose_000214,请杀死首都防御师团将军布雷伊德。,击杀将军,1,4665,0,1,1,2500,111.62|427.27|192.71
877,QMT_Title_000215,QMT_Purpose_000215,请消灭将军死后召唤出的黑暗的灵魂。,击杀黑暗之魂,1,350426,0,1,1,2500,111.62|427.27|192.71
854,QMT_Title_000216,QMT_Purpose_000216,请在空地使用的神圣卷轴。,使用神圣的卷轴,4,21240,0,1,1,2500,256.07|285.16|186.59
855,QMT_Title_000217,QMT_Purpose_000217,请哲科钢一口气谈。,艾丁谈话,2,132,0,1,0,2500,256.85|424.24|209.96
856,QMT_Title_000218,QMT_Purpose_000218,使用爱丁堡的移动顺序。,爱丁堡移动订单,4,21241,0,1,1,2000,0
901,QMT_Title_000219,QMT_Purpose_000219,得到驱逐舰藤蔓森林摆脱靛蓝。,藤驱逐舰,1,5501,0,10,0,2000,0
902,QMT_Title_000220,QMT_Purpose_000220,请收回藤蔓驱逐舰的财物。,藤杂志突破性物品回收,3,21406,0,10,1,2000,0
911,QMT_Title_000221,QMT_Purpose_000221,携带在CAS职业标本谁研究处理设施,随身携带的标本卡斯援助,1,5514,0,1,0,2000,0
915,QMT_Title_000222,QMT_Purpose_000222,召唤梦大鳄援助,召唤梦大鳄援助,1,350502,0,1,0,2000,0
912,QMT_Title_000223,QMT_Purpose_000223,日落在La缺失数据采集的援助后，,数据丢失,3,21418,0,1,1,2000,0
921,QMT_Title_000224,QMT_Purpose_000224,杀死在梦中梦中收集巢大鳄,梦幻收藏家援助,1,5521,0,10,0,2000,0
922,QMT_Title_000225,QMT_Purpose_000225,梦想物品收藏家援助poekdeuk后珍藏的梦想,收购珍藏梦想物品,3,21415,0,10,1,2000,0
926,QMT_Title_000226,QMT_Purpose_000226,在确定使用噩梦梦巢大鳄,确定使用噩梦,4,21429,0,1,1,2000,0
927,QMT_Title_000227,QMT_Purpose_000227,开拓者教会的召唤梦魇,开拓者教会的召唤梦魇,1,350504,0,1,0,2000,0
931,QMT_Title_000228,QMT_Purpose_000228,从阴影中使用珠真理箭头守军,使用珠真相,4,21436,0,1,1,2000,0
932,QMT_Title_000229,QMT_Purpose_000229,阿尔召唤日落凯恩援助,烷烃治疗日落,1,350508,0,1,0,2000,0
933,QMT_Title_000230,QMT_Purpose_000230,密封后的滚动回收烷烃治疗日落,密封滚动恢复,3,21437,0,1,1,2000,0
936,QMT_Title_000231,QMT_Purpose_000231,不祥的蔚蓝色湖泊湖猎人援助,倒霉的猎人湖,1,5543,0,10,0,2000,0
937,QMT_Title_000232,QMT_Purpose_000232,召唤梦大鳄援助,召唤梦大鳄,1,350510,0,10,0,2000,0
941,QMT_Title_000233,QMT_Purpose_000233,水晶球上采用蔚蓝色的湖水梗,使用水晶球梗,4,21441,0,1,1,2000,0
942,QMT_Title_000234,QMT_Purpose_000234,开拓者教会的召唤梦魇,开拓者教会的召唤梦魇,1,350511,0,1,0,2000,0
946,QMT_Title_000235,QMT_Purpose_000235,确定噩梦的破坏噩梦的山丘,确定一个噩梦的破坏,1,5566,0,1,0,2000,0
951,QMT_Title_000236,QMT_Purpose_000236,转发到梗机密文件,转发到梗机密文件,7,21458,0,1,1,2000,0
956,QMT_Title_000237,QMT_Purpose_000237,在噩梦巢土地使用决策,土地使用决策,4,21464,0,1,1,2000,0
961,QMT_Title_000238,QMT_Purpose_000238,名称reongseo收购莱文沃思的,名称reongseo收购莱文沃思的,3,21475,0,1,1,2000,0
966,QMT_Title_000239,QMT_Purpose_000239,使用珠真相,使用珠真相,4,21480,0,1,1,2000,0
967,QMT_Title_000240,QMT_Purpose_000240,罗德里戈教堂夕阳,罗德里戈教堂夕阳,1,350525,0,1,0,2000,0
971,QMT_Title_000241,QMT_Purpose_000241,德升在遗忘去升排量的治疗,湮灭德升援助,1,5592,0,5,0,2000,0
975,QMT_Title_000242,QMT_Purpose_000242,在升德驱逐舰援助德升排量,德升驱逐舰援助,1,5593,0,5,0,2000,0
972,QMT_Title_000243,QMT_Purpose_000243,德雷蒂罗在乌斯季升排量援助,视网膜内部处理,1,5594,0,1,0,2000,0
981,QMT_Title_000244,QMT_Purpose_000244,使用珠卡塔尼亚的袋子郊区恐惧净化,加州采用纯珠,4,21492,0,1,1,2000,0
985,QMT_Title_000245,QMT_Purpose_000245,红色的眼睛空洞召见治疗,空置治疗赤眼,1,350527,0,1,0,2000,0
982,QMT_Title_000246,QMT_Purpose_000246,日落严重承包商恐怖势力的治疗,夕阳的承包商援助,1,5604,0,5,0,2000,0
986,QMT_Title_000247,QMT_Purpose_000247,在夕阳的收购协议部队营地的恐惧,夕阳的收购协议,3,21494,0,5,1,2000,0
991,QMT_Title_000248,QMT_Purpose_000248,刀片术士援助认真部队,刀片术士势力的追杀,1,5613,0,5,0,2000,0
995,QMT_Title_000249,QMT_Purpose_000249,药剂收购术士,药剂收购术士,3,21497,0,5,1,2000,0
992,QMT_Title_000250,QMT_Purpose_000250,从刀片鲁真诚袋砂砾果实中提取,吕果砂砾收购,3,21499,0,5,1,2000,0
1001,QMT_Title_000251,QMT_Purpose_000251,阵亡黄昏的暮色中的鸟巢承包商,杀死在暮色承包商,1,5625,0,5,0,2000,0
1005,QMT_Title_000252,QMT_Purpose_000252,获取文件暮光之城,获取文件暮光之城,3,21502,0,5,1,2000,0
1002,QMT_Title_000253,QMT_Purpose_000253,睡觉睡到刺的荆棘的生产设备毁于巢,睡眠可见生产设备被毁,1,5626,0,5,0,2000,0
1006,QMT_Title_000254,QMT_Purpose_000254,召唤小睡眠援助的知名度,儿童睡眠援助的知名度,1,350529,0,5,0,2000,0
1011,QMT_Title_000255,QMT_Purpose_000255,在教会黎明巨头睡袋可见严重,沉睡的巨人刺治疗,1,5635,0,1,0,2000,0
1015,QMT_Title_000256,QMT_Purpose_000256,此次收购的核沉睡的巨人刺,此次收购的核沉睡的巨人刺,3,21511,0,1,1,2000,0
1012,QMT_Title_000257,QMT_Purpose_000257,在日升排量的力量黎明巨大的援助,巨德升援助,1,5636,0,1,0,2000,0
1016,QMT_Title_000258,QMT_Purpose_000258,收购核电巨头德升,收购核电巨头德升,3,21512,0,1,1,2000,0
1013,QMT_Title_000259,QMT_Purpose_000259,莎拉用来召唤订单,莎拉用来召唤订单,4,21516,0,1,1,2000,0
1017,QMT_Title_000260,QMT_Purpose_000260,召唤教会的黑暗起源,的暗处理的原点,1,350531,0,2,0,2000,0
1111,,,邪恶的援助空虚,虚无的恶灵,1,1702,0,1,0,2000,2444.43|5240.47|17.65
1112,,,黑暗中恢复件,黑暗雕塑,3,20267,0,1,1,2000,2444.43|5240.47|17.65
1115,,,洛聘魔法师,洛聘魔法师,1,1703,0,1,0,2000,2348.92|5250.51|15.77
1117,,,恢复黑暗的结晶,黑暗结晶,3,20228,0,1,1,2000,2348.92|5250.51|15.77
1121,,,使用利特拉传送卷,使用利特拉传送卷,4,20245,0,1,1,2000,0
1122,,,未知文件收集,未知文件收集,3,20244,0,1,1,2000,2481.92|5530.65|41.14
1123,,,堕落宁静湖,干掉堕落宁静湖,1,1706,0,1,0,2000,2502.65|5515.16|34.86
1131,,,使用莱伊拉传送卷,使用莱伊拉传送卷,4,20246,0,1,1,2000,0
1132,,,干掉理查德曼巫师,理查德曼巫师,1,713,0,1,0,2000,2440.56|5711.54|12.82
1141,,,夜幕暗杀组,夜幕暗杀组,1,722,0,3,0,2000,2296.84|5586.09|11.05
1142,,,黑暗指令,黑暗指令,3,20233,0,3,1,2000,2296.84|5586.09|11.05
1145,,,巨人布考拉,巨人布考拉,1,1710,0,1,0,2000,2361.04|5909.73|10.38
1147,,,巨人腕龙,巨人腕龙,3,20258,0,1,1,2000,2361.04|5909.73|10.38
1151,,,击败纯白卡尔坎,纯白卡尔坎,1,1713,0,1,0,2000,2501.03|6088.26|40.53
1153,,,拾取狼之精髓,狼之精髓,3,20263,0,1,1,2000,2501.03|6088.26|40.53
1152,,,董事赖安堂贝尔格莱德裂纹,董事赖安堂贝尔格莱德裂纹,1,1716,0,1,0,2000,2103.04|6085.41|14.42
1154,,,扭曲的空间核集合,扭曲的空间核集合,3,20264,0,1,1,2000,2103.04|6085.41|14.42
1155,,,龟裂的黑魔法师,龟裂的黑魔法师,1,1717,0,4,0,2000,2194.34|6024.81|15.18
1156,,,使用净化空间之核,使用净化空间之核,4,20266,0,1,1,2000,2157.53|5945.63|12.11
1157,,,击败召唤鲁坎之影子,召唤鲁坎之影子,1,350019,0,1,0,2000,2157.53|5945.63|12.11
1171,,,对于安德移动订单,对于安德移动订单,4,20247,0,1,1,2000,0
10001,QMT_Title_000271,QMT_Purpose_000271,在与罗德尼村西门口谈话,罗德尼和对话,2,1004,0,1,0,2000,1713.94|4760.07|68.67
10002,QMT_Title_000272,QMT_Purpose_000272,西边的哥布林营地击杀哥布林,击杀哥布林,1,501,0,2,0,2000,1689.95|4741.98|71.50
10003,QMT_Title_000273,QMT_Purpose_000273,哥布林营地击杀哥布林池塘抢夺者,击杀哥布林池塘抢夺者,1,502,0,1,0,2000,1632.49|4658.46|71.07
10007,QMT_Title_000274,QMT_Purpose_000274,消息传递是未知悄悄话给道格拉斯,道格拉斯发表消息,7,20001,0,1,1,2000,1735.75|4637.67|68.59
10008,QMT_Title_000275,QMT_Purpose_000275,克里斯货物交付给信息部分,克里斯货物交付给,7,20002,0,1,1,2000,1793.44|4749.93|70.26
10012,QMT_Title_000276,QMT_Purpose_000276,丘陵哥布林营地收集哥布林弓箭手的皮革,收集哥布林弓箭手的皮革,3,20007,0,3,1,2000,1797.97|4628.78|63.96
10013,QMT_Title_000277,QMT_Purpose_000277,丘陵哥布林营地收集哥布林袭击者的棍棒,收集哥布林袭击者的棍棒,3,20008,0,3,1,2000,1797.97|4628.78|63.96
10014,QMT_Title_000278,QMT_Purpose_000278,丘陵哥布林营地收集哥布林的粮食袋子,哥布林的食品袋收集,3,20009,0,4,1,2000,1871.47|4639.97|66.52
10021,QMT_Title_000279,QMT_Purpose_000279,去哥布林出没的周围找到项链坠,找回露西的项链坠,3,20010,0,1,1,2000,1797.97|4628.78|63.96
10028,QMT_Title_000280,QMT_Purpose_000280,丘陵哥布林营地击杀哥布林山丘抢夺者,击杀哥布林山丘抢夺者,1,513,0,1,0,2000,1867.20|4639.07|65.76
10024,QMT_Title_000281,QMT_Purpose_000281,指挥官道格拉斯和对话,道格拉斯和谈话,2,1001,0,1,0,2000,1735.75|4637.67|68.59
10025,QMT_Title_000282,QMT_Purpose_000282,丘陵哥布林营地搜寻侦察兵,搜索侦察兵,2,1021,0,1,0,2000,1925.00|4647.87|68.17
10026,QMT_Title_000283,QMT_Purpose_000283,为安抚冤魂，击杀哥布林袭击者,击杀哥布林袭击者,1,511,0,1,0,2000,1839.41|4654.54|64.79
10029,QMT_Title_000284,QMT_Purpose_000284,为安抚冤魂，击杀哥布林弓箭手,击杀哥布林弓箭手,1,512,0,1,0,2000,1839.41|4654.54|64.79
10030,QMT_Title_000285,QMT_Purpose_000285,供给品箱中收集食粮,收集用品,3,20012,0,1,1,2000,1747.76|4630.72|68.59
10035,QMT_Title_000286,QMT_Purpose_000286,丘陵哥布林营地击杀黑魔法师,击杀黑魔法师,1,514,0,1,0,2000,1930.44|4646.00|68.59
10051,QMT_Title_000287,QMT_Purpose_000287,使用后去识别紧急情况下的订单,使用紧急传送卷,4,20222,0,1,1,2000,0
10052,QMT_Title_000288,QMT_Purpose_000288,击杀周围的大贝斯帕德,击杀大贝斯帕德,1,531,0,3,0,2000,1874.33|5026.25|123.12
10053,QMT_Title_000289,QMT_Purpose_000289,击杀周围的铁甲贝斯帕德,击杀铁甲贝斯帕德,1,532,0,3,0,2000,1874.33|5026.25|123.12
10054,QMT_Title_000290,QMT_Purpose_000290,收集周围的补给马车碎片,收集马车碎片,3,20019,0,4,1,2000,1899.70|5052.73|127.87
10055,QMT_Title_000291,QMT_Purpose_000291,红色药草采集各地,红色药草采集,3,20020,0,4,1,2000,1939.13|5021.68|139.73
10062,QMT_Title_000292,QMT_Purpose_000292,使用屏障安装工具,使用屏障安装工具,4,20035,0,1,1,2000,1954.88|5043.91|137.86
10063,QMT_Title_000293,QMT_Purpose_000293,去破坏贝斯帕德窝里的蛋,破坏贝斯帕德的蛋,1,534,0,4,0,2000,1985.63|5080.63|142.18
10065,QMT_Title_000294,QMT_Purpose_000294,罗素通过挂件布鲁诺,布鲁诺货物交付给,7,20037,0,1,1,2000,1966.63|5027.50|140.03
10071,QMT_Title_000295,QMT_Purpose_000295,侦察员戴夫和谈话,戴夫和谈话,2,1031,0,1,0,2000,1716.81|5058.53|67.07
10072,QMT_Title_000296,QMT_Purpose_000296,迪诺球探搜查了河的地精营地,迪诺球探搜索,2,1033,0,1,0,2000,1621.91|5104.75|70.05
10073,QMT_Title_000297,QMT_Purpose_000297,使用艾林河信号弹，找到球探迪诺,使用信号弹,4,20176,0,1,1,2000,1621.91|5104.75|70.05
10074,QMT_Title_000298,QMT_Purpose_000298,戴夫发表了密码精灵,地精密码交付,7,20024,0,1,1,2000,1716.81|5058.53|67.07
10075,QMT_Title_000299,QMT_Purpose_000299,哥布林营地击杀哥布林抢夺者,干掉哥布林抢夺者,1,541,0,4,0,2000,1601.40|5059.06|74.24
10077,QMT_Title_000300,QMT_Purpose_000300,击杀哥布林，收集侦察兵徽章,收集徽章,3,20154,0,4,1,2000,1601.40|5059.06|74.24
10078,QMT_Title_000301,QMT_Purpose_000301,击杀受支配的北神,击杀受支配的北神,1,547,0,4,0,2000,1594.06|4978.41|68.56
10079,QMT_Title_000302,QMT_Purpose_000302,击杀哥布林营地的哥布林诅咒师,击杀哥布林诅咒师,1,542,0,3,0,2000,1596.41|4921.02|69.52
10080,QMT_Title_000303,QMT_Purpose_000303,击杀哥布林诅咒师后，回收黑暗弹珠,收集黑暗弹珠,3,20177,0,3,1,2000,1596.41|4921.02|69.52
10081,QMT_Title_000304,QMT_Purpose_000304,肉干从地精营地洗劫一空,肉干抢劫,3,20178,0,4,1,2000,1603.70|4915.16|70.29
10082,QMT_Title_000305,QMT_Purpose_000305,击杀哥布林战斗队长,击杀哥布林战斗队长,1,545,0,1,0,2000,1607.66|4837.45|67.12
10083,QMT_Title_000306,QMT_Purpose_000306,拿下哥布林战斗队长的首级,拿下哥布林战斗队长的首级,3,20031,0,1,1,2000,1607.66|4837.45|67.12
10085,QMT_Title_000307,QMT_Purpose_000307,密封宝箱加泰罗尼亚牧师传递到难民营,密封百宝箱交货,7,20026,0,1,1,2000,1766.48|5305.57|71.94
10087,QMT_Title_000308,QMT_Purpose_000308,为女孩护航,护送女孩去难民村,5,4410,0,1,0,2000,1760.52|5314.77|72.04
10090,QMT_Title_000309,QMT_Purpose_000309,民团领导劳埃德谈话,劳埃德和会话,2,1053,0,1,0,2000,1761.18|5306.00|69.28
10091,QMT_Title_000310,QMT_Purpose_000310,难民村前击杀刀牙一族追击者,击杀刀齿追击者,1,551,0,4,0,2000,1856.05|5273.82|66.63
10092,QMT_Title_000311,QMT_Purpose_000311,击杀刀牙一族追击者后，收集刀牙一族的武器,刀齿部族武器收缴,3,20038,0,4,1,2000,1856.05|5273.82|66.63
10093,QMT_Title_000312,QMT_Purpose_000312,使用屏障安装工具从营门口,使用屏障安装工具,4,20180,0,1,1,2000,1812.11|5258.02|67.47
10094,QMT_Title_000313,QMT_Purpose_000313,民团搜索,民团搜索,2,1063,0,1,0,2000,1912.98|5281.67|67.92
10096,QMT_Title_000314,QMT_Purpose_000314,罗尼与对话,罗尼与对话,2,1072,0,1,0,2000,1954.73|5359.19|60.77
10101,QMT_Title_000315,QMT_Purpose_000315,击杀钢牙鲁沛利,击杀钢牙鲁沛利,1,566,0,1,0,2000,1971|5450|75
10102,QMT_Title_000316,QMT_Purpose_000316,收集钢牙鲁沛利的脖子,拿下鲁沛利的首级,3,20043,0,1,1,2000,1971|5450|75
10105,QMT_Title_000317,QMT_Purpose_000317,击杀刀齿砂轮一族,击杀刀齿砂轮一族,1,561,0,3,0,2000,1944.37|5402.90|66.09
10106,QMT_Title_000318,QMT_Purpose_000318,击杀刀齿猎人一族,击杀刀齿猎人一族,1,562,0,3,0,2000,1944.37|5402.90|66.09
10107,QMT_Title_000319,QMT_Purpose_000319,击杀刀齿战士一族,击杀刀齿战士一族,1,563,0,3,0,2000,1944.37|5402.90|66.09
10108,QMT_Title_000320,QMT_Purpose_000320,收回酋长的头,取下酋长首级,3,20047,0,1,1,2000,1973|5538|83
10109,QMT_Title_000321,QMT_Purpose_000321,使用强袭兵传送卷,使用传送卷轴。,4,20179,0,1,1,2000,1973|5538|83
10111,QMT_Title_000322,QMT_Purpose_000322,刀片磨齿部族在城里头盔集合,刀片齿部族的头盔集合,3,20039,0,4,1,2000,1944.37|5402.90|66.09
10112,QMT_Title_000323,QMT_Purpose_000323,收集的刀片磨齿部族在城里盔甲,收集刀片齿部族的铠甲,3,20040,0,4,1,2000,1944.37|5402.90|66.09
10113,QMT_Title_000324,QMT_Purpose_000324,格林达村庄收集刀牙一族的掠夺品,刀齿部族赃物收集,3,20152,0,4,1,2000,1930.29|5453.38|72.71
10121,QMT_Title_000325,QMT_Purpose_000325,鲍里斯报告传递到营地西北,鲍里斯传递到报告,7,20048,0,1,1,2000,1703.45|5572.09|72.01
10125,QMT_Title_000326,QMT_Purpose_000326,布雷斯莱斯侦察员援助,布雷斯莱斯侦察员援助,1,571,0,5,0,2000,1709.78|5457.91|68.42
10127,QMT_Title_000327,QMT_Purpose_000327,拿下格兰卡勒的头,拿下格兰卡勒的头,3,20055,0,1,1,2000,1620.52|5351.55|86.61
10128,QMT_Title_000328,QMT_Purpose_000328,击杀副头目格兰卡勒,副头目格兰卡勒,1,572,0,1,0,2000,1620.52|5351.55|86.61
10130,QMT_Title_000329,QMT_Purpose_000329,盗贼团秘密材料箱,收集盗贼团材料,3,20051,0,1,1,2000,1616.20|5347.13|86.61
10131,QMT_Title_000330,QMT_Purpose_000330,摧毁盗贼团的运送马车,补给箱收集,3,20052,0,3,1,2000,1596.71|5436.56|65.56
10132,QMT_Title_000331,QMT_Purpose_000331,击败布雷斯莱斯护卫兵,布雷斯莱斯护卫兵,1,574,0,5,0,2000,1596.71|5436.56|65.56
10135,QMT_Title_000332,QMT_Purpose_000332,击杀布雷斯莱斯侦察兵获得戒指,获得雷伊拉戒指,3,20054,0,1,1,2000,1709.78|5457.91|68.42
10141,QMT_Title_000333,QMT_Purpose_000333,夹在磨床和对话抓获镇灰皮族难民,捕获的难民和谈话,2,1083,0,1,0,2000,1615.26|5299.13|65.37
10143,QMT_Title_000334,QMT_Purpose_000334,在灰皮肤砂轮一族身上取得钥匙,格拉阴德钥匙,3,20181,0,1,1,2000,1606.19|5285.73|63.21
10145,QMT_Title_000335,QMT_Purpose_000335,安全区域护送难民,难民护航,5,4409,0,1,0,2000,1639.59|5422.08|66.63
10147,QMT_Title_000336,QMT_Purpose_000336,残酷的克兰,残酷的克兰,1,575,0,1,0,2000,1700.78|5432.33|67.38
10149,QMT_Title_000337,QMT_Purpose_000337,暗杀酋长蒂尔卡多,酋长蒂尔卡多,1,583,0,1,0,2000,1600.96|5236.35|71.87
10151,QMT_Title_000338,QMT_Purpose_000338,从灰皮肤宗族村落收集,收集掠夺品箱子,3,20057,0,10,1,2000,1606.19|5285.73|63.21
10153,QMT_Title_000339,QMT_Purpose_000339,灰皮肤砂轮一族,灰皮肤砂轮一族,1,581,0,5,0,2000,1606.19|5285.73|63.21
10154,QMT_Title_000340,QMT_Purpose_000340,灰皮肤战士一族,灰皮肤战士一族,1,582,0,5,0,2000,1606.19|5285.73|63.21
10136,QMT_Title_000341,QMT_Purpose_000341,村德拉齐和会话的瀑布民团领袖,德拉齐和会话,2,1102,0,1,0,2000,1398.42|5428.90|64.43
10159,QMT_Title_000342,QMT_Purpose_000342,干掉盗贼团守望者,盗贼团守望者,1,592,0,7,0,2000,1398.30|5529.58|63.58
10160,QMT_Title_000343,QMT_Purpose_000343,干掉盗贼团战士,强盗战士,1,591,0,7,0,2000,1398.30|5529.58|63.58
10162,QMT_Title_000344,QMT_Purpose_000344,干掉盗贼团收缴武器,收缴武器,3,20191,0,12,1,2000,1398.30|5529.58|63.58
10164,QMT_Title_000345,QMT_Purpose_000345,干掉头目马凯乐,头目马凯乐,1,594,0,1,0,2000,1495.30|5527.32|81.04
10165,QMT_Title_000346,QMT_Purpose_000346,取下头目的首级,取下首级,3,20060,0,1,1,2000,1495.30|5527.32|81.04
10167,QMT_Title_000347,QMT_Purpose_000347,大强盗入内的对话和卡隆,大卡隆谈话,2,1101,0,1,0,2000,1474.23|5573.81|81.04
10169,QMT_Title_000348,QMT_Purpose_000348,干掉盗贼团战士获取监狱钥匙,取得盗贼团监狱钥匙,3,20053,0,1,1,2000,1483.26|5536.04|81.04
10171,QMT_Title_000349,QMT_Purpose_000349,大民团营护送卡隆,大护送卡隆,5,17599,0,1,0,2000,1398.42|5428.90|64.43
10173,QMT_Title_000350,QMT_Purpose_000350,休伯特和对话瀑布村头人,休伯特和对话,2,1091,0,1,0,2000,1213.78|5503.30|68.52
10175,QMT_Title_000351,QMT_Purpose_000351,交付给球探eimhayi用品,交货用品,7,20063,0,1,1,2000,1304.98|5238.24|57.23
10177,QMT_Title_000352,QMT_Purpose_000352,收集蜘蛛丛林的皮革在蜘蛛森林,收集蜘蛛丛林皮革,3,20064,0,7,1,2000,1408.02|5222.58|51.49
10182,QMT_Title_000353,QMT_Purpose_000353,毒液在蜘蛛森林树根下收集剧毒草,剧毒草收集,3,20182,0,5,1,2000,1439.93|5228.99|52.78
10185,QMT_Title_000354,QMT_Purpose_000354,在森林蜘蛛蜘蛛卵的破坏,破坏蜘蛛丛林之眼,1,604,0,7,0,2000,1406.57|5158.28|61.51
10187,QMT_Title_000355,QMT_Purpose_000355,击败蜘蛛丛林守护者,蜘蛛丛林守护者,1,603,0,1,0,2000,1403.39|5293.28|67.29
10189,QMT_Title_000356,QMT_Purpose_000356,缺少从粉碎机王国搜索使者,下落不明的使者搜索,2,1111,0,1,0,2000,1176.98|5149.90|51.11
10191,QMT_Title_000357,QMT_Purpose_000357,对使者丹尼斯的状态报告,报告丹尼斯,2,1121,0,1,0,2000,1304.98|5238.24|57.23
10193,QMT_Title_000358,QMT_Purpose_000358,在磨床蜘蛛王国使用封印石,使用封印石,4,20183,0,1,1,2000,1186.56|5195.16|49.63
10195,QMT_Title_000359,QMT_Purpose_000359,消灭砂轮王国战士,砂轮王国战士,1,611,0,5,0,2000,1186.56|5195.16|49.63
10196,QMT_Title_000360,QMT_Purpose_000360,消灭砂轮王国猎人,砂轮王国猎人,1,612,0,5,0,2000,1153.08|5304.49|57.69
10197,QMT_Title_000361,QMT_Purpose_000361,消灭砂轮王国无巫师,砂轮王国无巫师,1,613,0,5,0,2000,1153.08|5304.49|57.69
10199,QMT_Title_000362,QMT_Purpose_000362,干掉国王塔尔里多,国王塔尔里多,1,614,0,1,0,2000,1161.39|5214.58|78.66
10200,QMT_Title_000363,QMT_Purpose_000363,干掉国王取下首级,塔尔里多头,3,20153,0,1,1,2000,1161.39|5214.58|78.66
10205,QMT_Title_000364,QMT_Purpose_000364,从肉品烘干架掠夺干肉,得到干肉,3,20187,0,6,1,2000,1170.28|5313.84|55.75
10207,QMT_Title_000365,QMT_Purpose_000365,为了使用在营外魔,使用魔法已序,4,20071,0,1,1,2000,1325.18|5262.80|58.75
10209,QMT_Title_000366,QMT_Purpose_000366,创意的广告和谈话侦察员阵营,与Adnan创意对话,2,1141,0,1,0,2000,1164.88|5069.34|56.73
10211,QMT_Title_000367,QMT_Purpose_000367,狼查找山雾人接触,查找联系人,2,1151,0,0,0,2000,1370.27|5094.78|97.13
10213,QMT_Title_000368,QMT_Purpose_000368,收集附近清晨的露珠,清晨的露水收集,3,20188,0,5,1,2000,1367.01|5027.48|97.13
10215,QMT_Title_000369,QMT_Purpose_000369,药水是用在空地周围,使用埃尔德兰药水,4,20190,0,1,1,2000,1381.97|5094.84|97.13
10217,QMT_Title_000370,QMT_Purpose_000370,杀死小狼人,杀死小狼人,1,621,0,5,0,2000,1417.98|5072.73|74.22
10218,QMT_Title_000371,QMT_Purpose_000371,打死灰狼人,打死灰狼人,1,622,0,7,0,2000,1417.98|5072.73|74.22
10221,QMT_Title_000372,QMT_Purpose_000372,干掉族长泰斯拉格,干掉族长,1,623,0,1,0,2000,1325.35|5075.62|108.89
10225,QMT_Title_000373,QMT_Purpose_000373,使用狼人的守护石,使用狼人的守护石,4,20223,0,1,1,2000,0
10232,QMT_Title_000374,QMT_Purpose_000374,比安科所示的对话框。,比安科所示的对话框。,2,1163,0,1,1,2000,1286.18|4895.6|55.85
10233,QMT_Title_000375,QMT_Purpose_000375,找回丢失的戒指消除腐败尸体,找回丢失的戒指,3,20200,0,1,1,2000,1293.42|4854.85|49.45
10234,QMT_Title_000376,QMT_Purpose_000376,使用前鲁尼。,使用。,4,20410,0,1,1,2000,1278.94|4888.49|55.79
10281,QMT_Title_000377,QMT_Purpose_000377,缺少侦察搜索,侦察搜索的痕迹,2,1161,0,1,0,2000,1194.58|4859.87|67.16
10283,QMT_Title_000378,QMT_Purpose_000378,侦察员报告寻找特里的结果,特里和谈话,2,1162,0,1,0,2000,1283.54|4895.55|55.87
10286,QMT_Title_000379,QMT_Purpose_000379,基督城复活尸体,净化复活的尸体,1,631,0,7,0,2000,1293.42|4854.85|49.45
10292,QMT_Title_000380,QMT_Purpose_000380,基督城腐败尸体,净化腐烂的尸体,1,632,0,5,0,2000,1293.42|4854.85|49.45
10287,QMT_Title_000381,QMT_Purpose_000381,使用加勒比从我死人坑,比安科用我,4,20162,0,1,1,2000,1290.15|4860.19|50.32
10291,QMT_Title_000382,QMT_Purpose_000382,助剂的存在使用混乱比安科召唤我,援助召唤混乱的存在,1,350004,0,1,0,2000,1290.15|4860.19|50.32
10302,QMT_Title_000383,QMT_Purpose_000383,第四个对话和凯尔特人的球探营,凯尔特人和对话,2,1171,0,1,0,2000,1386.23|4690.83|57.39
10303,QMT_Title_000384,QMT_Purpose_000384,杀死蜘蛛茧蜘蛛巢,蜘蛛茧援助,1,641,0,7,0,2000,1180.60|4701.67|36.85
10305,QMT_Title_000385,QMT_Purpose_000385,帮助消灭大蜘蛛在蜘蛛的巢,大蜘蛛,1,642,0,7,0,2000,1309.94|4711.32|54.73
10306,QMT_Title_000386,QMT_Purpose_000386,蜘蛛巢中消灭大蜘蛛兵,大蜘蛛兵,1,643,0,5,0,2000,1209.15|4688.29|39.06
10307,QMT_Title_000387,QMT_Purpose_000387,在蜘蛛巢的贪吃的塞伊贝论援助,干掉贪吃的塞伊贝论,1,644,0,1,0,2000,1180.30|4748.42|32.08
10308,QMT_Title_000388,QMT_Purpose_000388,杀死在蜘蛛巢穴中的蜘蛛收集腿,蜘蛛腿收集,3,20204,0,12,1,2000,1309.94|4711.32|54.73
10341,QMT_Title_000389,QMT_Purpose_000389,三墓地叫做莱斯盐和对话,三个提到的谈话,2,1196,0,1,0,2000,1288.05|4555.97|53.36
10343,QMT_Title_000390,QMT_Purpose_000390,在Les对话莱斯盐盐的墓地幽灵,莱斯交谈盐的鬼,2,1195,0,1,0,2000,1196.12|4514.57|69.59
10344,QMT_Title_000391,QMT_Purpose_000391,援助复兴莱斯盐的墓地,干掉复活的骑士,1,671,0,5,0,2000,1154.47|4521.27|58.87
10345,QMT_Title_000392,QMT_Purpose_000392,援助幽灵在莱斯盐的墓地,干掉糊涂的骑士,1,672,0,7,0,2000,1154.47|4521.27|58.87
10346,QMT_Title_000393,QMT_Purpose_000393,对话和所谓三莱斯盐的墓地。,三个提到的谈话,2,1196,0,1,0,2000,1288.05|4555.97|53.36
10348,QMT_Title_000394,QMT_Purpose_000394,Hoseok从墓地恢复到莱斯盐西部,西部守护石回收,3,20167,0,1,1,2000,1121.72|4487.51|55.67
10349,QMT_Title_000395,QMT_Purpose_000395,hoseok北从莱斯盐的墓地恢复,北部守护石回收,3,20170,0,1,1,2000,1189.39|4564.87|54.04
10337,QMT_Title_000396,QMT_Purpose_000396,回收的莱斯盐hoseok墓地在南部,南部守护石回收,3,20169,0,1,1,2000,1158.97|4414.76|59.95
10311,QMT_Title_000397,QMT_Purpose_000397,希腊交谈军团驻军pulbit的大祭司,希腊和对话,2,1182,0,1,0,2000,1414.52|4394.99|75.91
10312,QMT_Title_000398,QMT_Purpose_000398,收集水雾花,水雾花采集,3,20163,0,6,1,2000,1424.61|4497.05|53.99
10313,QMT_Title_000399,QMT_Purpose_000399,获取贝斯帕德肉,获取贝斯帕德肉,3,20164,0,14,1,2000,1424.61|4497.05|53.99
10314,QMT_Title_000400,QMT_Purpose_000400,贝斯帕德取得鳞片,获得鳞片,3,20197,0,14,1,2000,1424.61|4497.05|53.99
10321,QMT_Title_000401,QMT_Purpose_000401,围绕堡去基督城胡蜂迷雾,处理贝斯帕德之雾,1,651,0,7,0,2000,1424.61|4497.05|53.99
10322,QMT_Title_000402,QMT_Purpose_000402,围绕堡去基督城胡蜂沼泽,处理贝斯帕德沼泽,1,652,0,7,0,2000,1424.61|4497.05|53.99
10315,QMT_Title_000403,QMT_Purpose_000403,堕落的驻军在教堂的正门,干掉堕落的突击兵,1,688,0,7,0,2000,1378.52|4338.09|61.41
10316,QMT_Title_000404,QMT_Purpose_000404,香格里拉不愿透露姓名的狗牌让我们到四天,表贩卖未命名交付,7,20194,0,1,1,2000,1428.98|4401.52|76.00
10323,QMT_Title_000405,QMT_Purpose_000405,班长菲利克斯和对话的新基地,班长费利克斯谈话,2,1191,0,1,0,2000,1296.67|4303.55|68.49
10324,QMT_Title_000406,QMT_Purpose_000406,被遗忘的尸体在墓地,净化被遗忘的尸体,1,661,0,7,0,2000,1332.72|4227.15|66.25
10325,QMT_Title_000407,QMT_Purpose_000407,被遗忘的尸体在墓地,净化被遗忘的尸体,1,661,0,5,0,2000,1332.72|4227.15|66.25
10326,QMT_Title_000408,QMT_Purpose_000408,帮助净化扭曲的尸体在墓地,净化扭曲的尸体,1,662,0,7,0,2000,1332.72|4227.15|66.25
10318,QMT_Title_000409,QMT_Purpose_000409,从僵尸墓地获得肉,僵尸肉收集,3,20192,0,12,1,2000,1332.72|4227.15|66.25
10336,QMT_Title_000410,QMT_Purpose_000410,在炸药的墓地获得丢失的背包,回收丢失的炸药文件,3,20165,0,1,1,2000,1343.76|4128.39|72.90
10319,QMT_Title_000411,QMT_Purpose_000411,使用近营盘屏障安装工具,使用屏障安装工具,4,20198,0,1,1,2000,1303.57|4311.23|66.85
10352,QMT_Title_000412,QMT_Purpose_000412,在古门消除侦察兵,戴姆里伸侦察兵,1,683,0,5,0,2000,1258.28|4360.44|74.59
10353,QMT_Title_000413,QMT_Purpose_000413,从古老的门消除巡查兵,戴姆里伸巡查兵,1,684,0,8,0,2000,1258.28|4360.44|74.59
10356,QMT_Title_000414,QMT_Purpose_000414,指挥员凯伊多,指挥官长,1,670,0,1,0,2000,1227.73|4298.31|88.72
10354,QMT_Title_000415,QMT_Purpose_000415,在倒下的防护门古老的教堂,堕落的护卫兵,1,681,0,7,0,2000,1180.47|4301.48|87.82
10355,QMT_Title_000416,QMT_Purpose_000416,在古老教堂堕落骑士,堕落的护卫骑士,1,682,0,7,0,2000,1180.47|4301.48|87.82
10357,QMT_Title_000417,QMT_Purpose_000417,从古代承门收集的信息,通过分析所收集的订单信息,4,20202,0,1,1,2000,1180.42|4314.14|86.94
10358,QMT_Title_000418,QMT_Purpose_000418,指令书交付问题,指令书交付问题,7,20205,0,1,1,2000,1293.29|4307.01|67.92
10359,QMT_Title_000419,QMT_Purpose_000419,拆迁掠夺物资,拆迁掠夺物资,3,20196,0,13,1,2000,1245.74|4357.06|76.84
11001,QMT_Title_000420,QMT_Purpose_000420,在密封冶炼厂消灭噩梦带路人,噩梦带路人,1,1501,0,9,0,2000,1873.51|4463.65|83.49
11002,QMT_Title_000421,QMT_Purpose_000421,检查后卫的情况在冶炼厂射线密封胶,检查球探的情况,2,2021,0,1,0,2000,1938.20|4475.51|86.50
11003,QMT_Title_000422,QMT_Purpose_000422,杀噩梦屠杀者,噩梦屠杀者,1,1502,0,9,0,2000,1873.51|4463.65|83.49
11004,QMT_Title_000423,QMT_Purpose_000423,使用圣水警惕的尸体,使用圣水警惕的尸体,4,20301,0,1,1,2000,1938.20|4475.51|86.50
11005,QMT_Title_000424,QMT_Purpose_000424,从冶炼厂雷胶耗材回收,耗材回收,3,20302,0,7,1,2000,1909.53|4450.01|86.39
11006,QMT_Title_000425,QMT_Purpose_000425,在冶炼厂使用的军用弹线密封胶,军用炸弹使用,4,20303,0,1,1,2000,1873.51|4463.65|83.49
11007,QMT_Title_000426,QMT_Purpose_000426,噩梦灵魂碎片来自梦魇的领导者和杀手,收集噩梦雕塑,3,20304,0,10,1,2000,1873.51|4463.65|83.49
11008,QMT_Title_000427,QMT_Purpose_000427,使用噩梦决定在旁边的一块空地,使用噩梦决定,4,20305,0,1,1,2000,1890.36|4380.56|99.73
11011,QMT_Title_000428,QMT_Purpose_000428,奴隶召唤梦魇净化,净化噩梦奴隶,1,350103,0,3,0,2000,1890.36|4380.56|99.73
11013,QMT_Title_000429,QMT_Purpose_000429,红衣教主杀死在雷轴密封冶炼厂,红衣教主引路人,1,1503,0,1,0,2000,1982.47|4477.40|87.03
11010,QMT_Title_000430,QMT_Purpose_000430,屠宰红色密封胶冶炼厂处理卡鲁斯,红色屠杀者,1,1504,0,1,0,2000,1930.45|4403.60|87.49
11021,QMT_Title_000431,QMT_Purpose_000431,对于噩梦掠夺者与袭击者的恶念的收集,邪恶的邪念收集,3,20306,0,10,1,2000,1655.60|4495.29|87.14
11022,QMT_Title_000432,QMT_Purpose_000432,在弥敦道的采石场用噩梦水晶,使用改良的噩梦,4,20307,0,1,1,2000,1603.17|4489.43|94.93
11028,QMT_Title_000433,QMT_Purpose_000433,内森回忆倒下的治疗修改噩梦,内森倒下的援助,1,350104,0,1,0,2000,1603.17|4489.43|94.93
11023,QMT_Title_000434,QMT_Purpose_000434,收集黄色粉末在采石场内火药箱,收集黄色粉末,3,20308,0,7,1,2000,1655.60|4495.29|87.14
11024,QMT_Title_000435,QMT_Purpose_000435,使用炸弹内森·克劳利的采石场,使用炸弹甲米,4,20390,0,1,1,2000,1597.29|4470.15|94.46
11025,QMT_Title_000436,QMT_Purpose_000436,在噩梦治疗弥敦道猎物捕食者,净化噩梦掠夺者,1,1511,0,9,0,2000,1655.60|4495.29|87.14
11029,QMT_Title_000437,QMT_Purpose_000437,攻略治疗的噩梦在弥敦道的采石场,净化噩梦袭击者,1,1512,0,9,0,2000,1655.60|4495.29|87.14
11026,QMT_Title_000438,QMT_Purpose_000438,采矿核集合中的内森魔像的采石场,采矿石魔核收集,3,20310,0,7,1,2000,1655.60|4495.29|87.14
11027,QMT_Title_000439,QMT_Purpose_000439,勒克瑙第二施华洛世奇对话球探营,勒克瑙苏对话,2,2032,0,1,0,2000,1827.85|4164.69|117.29
11031,QMT_Title_000440,QMT_Purpose_000440,彷徨的岩魔核收集,彷徨岩魔核的收集,3,20311,0,7,1,2000,1655.21|4329.65|100.68
11032,QMT_Title_000441,QMT_Purpose_000441,召唤石魔用在旁边巡逻营地的一块空地,召唤石魔使用,4,20312,0,1,1,2000,1759.74|4183.98|117.06
11037,QMT_Title_000442,QMT_Purpose_000442,召唤魔像石魔岩堂召见使用,魔像摇滚援助,1,350106,0,1,0,2000,1759.74|4183.98|117.06
11033,QMT_Title_000443,QMT_Purpose_000443,收购核去杀彷徨的格拉伊德,收集格拉伊德之核,3,20313,0,1,1,2000,1578.53|4281.11|111.83
11034,QMT_Title_000444,QMT_Purpose_000444,利用改进的球探阵营的空地前面召唤石魔,召唤石魔采用改进,4,20314,0,1,1,2000,1759.74|4183.98|117.06
11035,QMT_Title_000445,QMT_Purpose_000445,天涯石傀儡援助,彷徨的岩魔,1,1521,0,9,0,2000,1643.78|4183.80|110.36
11038,QMT_Title_000446,QMT_Purpose_000446,流浪红岩傀儡援助,彷徨的红岩魔,1,1522,0,9,0,2000,1643.78|4183.80|110.36
11036,QMT_Title_000447,QMT_Purpose_000447,补给品在红色岩石的供应货车,红色岩石军团补给品回收,3,20315,0,8,1,2000,1621.37|4227.23|108.58
11041,QMT_Title_000448,QMT_Purpose_000448,收集古代砖,古代石板收集,3,20317,0,8,1,2000,1615.34|4111.01|104.53
11042,QMT_Title_000449,QMT_Purpose_000449,古代水晶区的摧毁,摧毁古老的水晶球,1,1533,0,1,0,2000,1568.51|4193.14|116.99
11043,QMT_Title_000450,QMT_Purpose_000450,收集红蝎子盗贼团采矿员古雷姆的核,采矿员古雷姆之核的收集,3,20318,0,10,1,2000,1638.14|4172.03|111.09
11044,QMT_Title_000451,QMT_Purpose_000451,召唤使用的阵营石魔在一块空地前,召唤使用卢安的石魔,4,20319,0,1,1,2000,1863.33|4144.43|116.98
11051,QMT_Title_000452,QMT_Purpose_000452,干掉卢安克工人沙蚁,卢安克工人沙蚁,1,1541,0,7,0,2000,1885.43|4165.07|115.33
11062,QMT_Title_000453,QMT_Purpose_000453,干掉卢安克工人沙蚁,红色卢安克工人沙蚁,1,1542,0,10,0,2000,1885.43|4165.07|115.33
11052,QMT_Title_000454,QMT_Purpose_000454,收集卢阿科体液,收集卢阿科体液,3,20320,0,15,1,2000,1885.43|4165.07|115.33
11053,QMT_Title_000455,QMT_Purpose_000455,从沙蚁巢毒液收集,剧毒草的采样,3,20321,0,8,1,2000,1900.49|4206.67|114.69
11054,QMT_Title_000456,QMT_Purpose_000456,香利用安德森在营门口,使用香炉安德森,4,20322,0,1,1,2000,1830.33|4159.45|117.11
11055,QMT_Title_000457,QMT_Purpose_000457,侦察员特滨海，基弧停止对话,泰梅勒的对话,2,2041,0,1,0,2000,1943.19|4254.02|105.02
11056,QMT_Title_000458,QMT_Purpose_000458,状态报告传递给俄罗斯队奥格斯堡,交付给奥格斯堡俄罗斯报告,7,20323,0,1,1,2000,1827.85|4164.69|117.29
11057,QMT_Title_000459,QMT_Purpose_000459,在红色的鸟巢草药基弧,红色草药,3,20324,0,8,1,2000,1891.32|4215.45|112.64
11058,QMT_Title_000460,QMT_Purpose_000460,沙蚁孵化场蛋的处理,摧毁卢安克之眼,1,1544,0,12,0,2000,1962.14|4297.38|102.44
11059,QMT_Title_000461,QMT_Purpose_000461,女王的香囊采集,阿涅斯香囊回收,3,20325,0,1,1,2000,1972.73|4290.94|102.94
11063,QMT_Title_000462,QMT_Purpose_000462,卢安克女王阿奈斯在孵化场,杀死女王,1,1543,0,1,0,2000,1972.73|4290.94|102.94
11061,QMT_Title_000463,QMT_Purpose_000463,艾格尼丝使用香囊在一块空地精基弧巢南,艾格尼丝纯化使用小袋,4,20326,0,1,1,2000,1884.85|4116.42|122.93
11060,QMT_Title_000464,QMT_Purpose_000464,克里特基督城与傀儡,克里特岛基督城,1,350111,0,1,0,2000,1884.85|4116.42|122.93
11071,QMT_Title_000465,QMT_Purpose_000465,基督城红蝎子强盗劫匪藏身之处,红蝎子盗贼团窃贼,1,1552,0,7,0,2000,1891.16|4000.25|140.86
11083,QMT_Title_000466,QMT_Purpose_000466,在红蝎子强盗劫匪藏身之处歼灭,红蝎子盗贼团强盗,1,1553,0,10,0,2000,1891.16|4000.25|140.86
11072,QMT_Title_000467,QMT_Purpose_000467,从强盗劫匪藏身处获得的文件,文件获得,3,20331,0,1,1,2000,1967.70|4009.37|152.60
11073,QMT_Title_000468,QMT_Purpose_000468,获取战灵卡尔利格的秘密文件,获取机密文件,3,20332,0,1,1,2000,1971.59|3957.14|152.88
11074,QMT_Title_000469,QMT_Purpose_000469,干掉红蝎子盗贼团暗杀者,杀死暗杀者,1,1558,0,5,0,2000,1918.86|3912.81|152.70
11075,QMT_Title_000470,QMT_Purpose_000470,二当家本尼迪克特劫匪在教堂,二当家本尼迪克特,1,1555,0,1,0,2000,1969.23|3868.56|149.37
11076,QMT_Title_000471,QMT_Purpose_000471,收集红蝎子盗贼团警卫古雷姆的核,收集古雷姆之核,3,20333,0,10,1,2000,1932.20|3943.56|152.47
11077,QMT_Title_000472,QMT_Purpose_000472,在劫匪藏身处破坏古代的水晶区,古代水晶破坏,1,1557,0,10,0,2000,1972.20|3987.83|152.84
11078,QMT_Title_000473,QMT_Purpose_000473,使用炸弹在傀儡店,使用炸弹,4,20334,0,1,1,2000,1942.86|3857.14|148.07
11079,QMT_Title_000474,QMT_Purpose_000474,指挥石魔克拉德藏身之处去援助进行,指挥石魔援助,1,1556,0,1,0,2000,1952.73|3839.09|146.66
11080,QMT_Title_000475,QMT_Purpose_000475,从强盗劫匪藏身之处收集供给品箱,土匪的供给品收集,3,20335,0,7,1,2000,1958.46|3981.60|152.41
11082,QMT_Title_000476,QMT_Purpose_000476,劫匪铁匠杀害后拾取武器图画作品集,武器图纸收集,3,20337,0,1,1,2000,1965.50|3904.28|152.88
11091,QMT_Title_000477,QMT_Purpose_000477,埃克颈部哨兵在克里特岛,艾克奈克前哨战,1,1561,0,12,0,2000,1570.34|4037.23|133.78
11111,QMT_Title_000478,QMT_Purpose_000478,埃克颈部哨兵警卫队打死在克里特岛,艾克奈克前哨战警卫,1,1562,0,7,0,2000,1570.34|4037.23|133.78
11092,QMT_Title_000479,QMT_Purpose_000479,从沙巢杀死工蚁,内勒克工人沙蚁,1,1571,0,12,0,2000,1526.93|4031.20|133.07
11112,QMT_Title_000480,QMT_Purpose_000480,在沙巢杀死兵蚁,内勒克蚁兵沙蚁,1,1572,0,7,0,2000,1526.93|4031.20|133.07
11093,QMT_Title_000481,QMT_Purpose_000481,净化埃克脖子后收集哨兵体液,艾尔艾克体液,3,20345,0,15,1,2000,1570.34|4037.23|133.78
11113,QMT_Title_000482,QMT_Purpose_000482,处理后的体液采集杀工人蚂蚁,埃尔克体液,3,20346,0,5,1,2000,1526.93|4031.20|133.07
11094,QMT_Title_000483,QMT_Purpose_000483,使用纯净的脖子勒流体在克里特岛的孵化小山,使用纯净的脖子勒液,4,20348,0,1,1,2000,1772.01|4068.51|136.80
11114,QMT_Title_000484,QMT_Purpose_000484,使用纯净的脖子和体液勒召领导人呼吁贝内克赖斯特彻奇,沙蚁女王被内伊拉,1,350117,0,1,0,2000,1772.01|4068.51|136.80
11095,QMT_Title_000485,QMT_Purpose_000485,使用艾尔艾克体液在巢,使用纯净的艾尔艾克体液,4,20347,0,1,1,2000,1406.27|3936.37|129.87
11115,QMT_Title_000486,QMT_Purpose_000486,萨尔瓦多卡纳克体液后，召唤女王卡里援助,女王卡里卡纳克援助,1,350118,0,1,0,2000,1406.27|3936.37|129.87
11096,QMT_Title_000487,QMT_Purpose_000487,在克里特岛的小山胡蜂般的贝拉克,警卫贝拉克,1,1563,0,1,0,2000,1707.34|3988.40|142.58
11097,QMT_Title_000488,QMT_Purpose_000488,内勒克将军卡伊内德在巢,将军卡伊内德,1,1573,0,1,0,2000,1500.39|3911.94|133.56
11098,QMT_Title_000489,QMT_Purpose_000489,收集在克里特岛的小山小枝,小枝收集,3,20349,0,8,1,2000,1667.63|4001.27|137.94
11099,QMT_Title_000490,QMT_Purpose_000490,使用屏障安装工具的外镇,使用屏障安装工具,4,20350,0,1,1,2000,1547.99|4008.30|136.77
11101,QMT_Title_000491,QMT_Purpose_000491,临时伯努瓦堡垒苏对话红岩兵团班长,伯努瓦队苏对话,2,2061,0,1,0,2000,1068.30|3912.61|133.56
11102,QMT_Title_000492,QMT_Purpose_000492,水晶球摧毁了古老的要塞劫匪,摧毁古老的水晶球,1,1586,0,8,0,2000,1186.18|3988.36|130.37
11103,QMT_Title_000493,QMT_Purpose_000493,强盗劫匪的信号弹收集从红蝎侦察兵,红蝎子侦察兵收集信号弹,3,20354,0,10,1,2000,1180.70|3907.12|131.16
11104,QMT_Title_000494,QMT_Purpose_000494,在一块空地前援助净化红蝎子强盗劫匪突袭者,红蝎子盗贼突袭者援助,1,1583,0,12,0,2000,1180.70|3907.12|131.16
11105,QMT_Title_000495,QMT_Purpose_000495,从土匪山寨收集黑火药,黑色粉末收集,3,20355,0,10,1,2000,1191.64|4039.63|137.29
11107,QMT_Title_000496,QMT_Purpose_000496,从强盗劫匪堡的秘密文件,劫匪机密文件,3,20358,0,1,1,2000,1238.43|4041.30|137.15
11108,QMT_Title_000497,QMT_Purpose_000497,在劫匪要塞的物资仓库更好地使用炸弹枪发射器,一弹枪基础改进使用,4,20359,0,1,1,2000,1126.84|3994.21|136.80
11110,QMT_Title_000498,QMT_Purpose_000498,召唤卷轴召唤与gangseupbyeong,使用召唤令,4,20360,0,1,1,2000,1269.82|4040.32|141.72
11118,QMT_Title_000499,QMT_Purpose_000499,以弗所是误导老板劫匪援助,老板海湾误导援助,1,1585,0,1,0,2000,1269.82|4040.32|141.72
11120,QMT_Title_000500,QMT_Purpose_000500,在早期的煤矿布鲁尔腌料援助,教堂啤酒腌料,1,1592,0,9,0,2000,1205.75|3757.28|132.88
11121,QMT_Title_000501,QMT_Purpose_000501,腌制黑色鳞片布鲁尔有助于早期矿,腌制黑鳞布鲁尔援助,1,1593,0,9,0,2000,1205.75|3757.28|132.88
11122,QMT_Title_000502,QMT_Purpose_000502,在早期的收集者未知矿山,未知收集矿石,3,20369,0,8,1,2000,1180.80|3747.77|132.82
11123,QMT_Title_000503,QMT_Purpose_000503,早期采矿活动日志的数量,早期采矿活动日志的数量,3,20370,0,1,1,2000,1174.12|3669.34|137.45
11124,QMT_Title_000504,QMT_Purpose_000504,文物恢复初期开采,文物恢复初期开采,3,20371,0,1,1,2000,1256.21|3762.58|135.68
11125,QMT_Title_000505,QMT_Purpose_000505,的收集成本在早期矿井傀儡细胞核，拥塞,失控的傀儡核费,3,20361,0,10,1,2000,1205.75|3757.28|132.88
11126,QMT_Title_000506,QMT_Purpose_000506,召唤雷内斯的石魔更好地利用,使用召唤雷内斯石魔,4,20363,0,1,1,2000,1101.27|3858.67|132.85
11133,QMT_Title_000507,QMT_Purpose_000507,拥塞使用召唤石魔召唤后，改善照明信条所有援助傀儡,创意杀敌所有采矿失控的傀儡,1,350128,0,1,0,2000,1101.27|3858.67|132.85
11127,QMT_Title_000508,QMT_Purpose_000508,协助指挥获取核魔像在早期的矿,此次收购的核援助,3,20402,0,1,1,2000,1198.61|3651.57|137.94
11128,QMT_Title_000509,QMT_Purpose_000509,使用召唤雷内斯石魔,使用召唤雷内斯石魔,4,20364,0,1,1,2000,1101.09|3858.42|132.84
11129,QMT_Title_000510,QMT_Purpose_000510,傀儡的价值进行与用户通话,这里值得对话,2,2071,0,1,0,2000,1233.95|3686.26|139.15
11130,QMT_Title_000511,QMT_Purpose_000511,收购傀儡维修工具,收购傀儡维修工具,3,20365,0,8,1,2000,1208.59|3649.48|138.06
11131,QMT_Title_000512,QMT_Purpose_000512,配件收购魔像,配件收购魔像,3,20366,0,12,1,2000,1204.54|3793.07|130.67
11132,QMT_Title_000513,QMT_Purpose_000513,用来召唤古老的座位,用来召唤古老的座位,4,20367,0,1,1,2000,1208.37|3688.30|138.17
11135,QMT_Title_000514,QMT_Purpose_000514,利用运动的古承,利用运动的古承,4,20225,0,1,1,2000,0
11141,QMT_Title_000515,QMT_Purpose_000515,在高斯理论的荒地侦察员清莱交易搜索,侦察员莳萝荔搜索,2,2081,0,1,0,2000,1300.55|3836.08|131.57
11142,QMT_Title_000516,QMT_Purpose_000516,侦察兵的编号牌收回在高斯理论的荒地,侦察兵的编号牌收集,3,20372,0,10,1,2000,1354.78|3901.50|134.55
11143,QMT_Title_000517,QMT_Purpose_000517,远征报告递送至大肠rotoseu,报告传递到rotoseu,7,20373,0,1,1,2000,1549.15|3714.07|136.53
11144,QMT_Title_000518,QMT_Purpose_000518,消灭红色内克洛斯,红色内克洛斯,1,1601,0,10,0,2000,1545.34|3733.97|134.43
11159,QMT_Title_000519,QMT_Purpose_000519,消灭内克洛斯,内克洛斯,1,1602,0,10,0,2000,1545.34|3733.97|134.43
11145,QMT_Title_000520,QMT_Purpose_000520,光在拉普兰jeuwa交谈牧师,拉菲jeuwa谈话,2,2083,0,1,0,2000,1560.35|3713.33|136.19
11146,QMT_Title_000521,QMT_Purpose_000521,爆炸物废弃煤矿中回收火药箱,炸药回收废弃的盒子,3,20376,0,10,1,2000,1297.27|3678.78|138.09
11147,QMT_Title_000522,QMT_Purpose_000522,在旁边的营地一块空地使用声波炸弹,使用声波炸弹,4,20377,0,1,1,2000,1526.86|3694.17|136.62
11160,QMT_Title_000523,QMT_Purpose_000523,召唤幼仔内克洛斯援助,幼童内克洛斯援助,1,350132,0,3,0,2000,1526.86|3694.17|136.62
11148,QMT_Title_000524,QMT_Purpose_000524,干掉大王贝雷茵,干掉大王,1,1604,0,1,0,2000,1566.26|3777.04|139.55
11166,QMT_Title_000525,QMT_Purpose_000525,香囊收集在大王贝雷茵身上,大王的香囊,3,20378,0,1,1,2000,1566.26|3777.04|139.55
11149,QMT_Title_000526,QMT_Purpose_000526,使用周围巴林纯化远征小袋,巴林纯化使用小袋,4,20379,0,1,1,2000,1572.10|3705.24|136.19
11150,QMT_Title_000527,QMT_Purpose_000527,从硫磺山雾收集红色岩石,红岩采样,3,20397,0,8,1,2000,1697.25|3720.59|140.90
11151,QMT_Title_000528,QMT_Purpose_000528,召唤使用急流各地的探险石魔,召唤石魔急流,4,20380,0,1,1,2000,1572.10|3705.24|136.19
11152,QMT_Title_000529,QMT_Purpose_000529,收集红色内克洛斯的鳞片,内克洛斯的鳞片收集,3,20381,0,10,1,2000,1545.34|3733.97|134.43
11153,QMT_Title_000530,QMT_Purpose_000530,掉队者劫匪在废弃煤矿基督城,歼灭盗贼团掉队者,1,1603,0,12,0,2000,1368.37|3677.08|135.15
11154,QMT_Title_000531,QMT_Purpose_000531,孵化场破坏纳克洛斯之眼,破坏纳克洛斯的蛋,1,1606,0,15,0,2000,1718.46|3611.29|135.89
11155,QMT_Title_000532,QMT_Purpose_000532,援助干掉女王阿库叶尔,女王水族萨尔瓦多援助,1,1605,0,1,0,2000,1822.22|3641.07|138.89
11156,QMT_Title_000533,QMT_Purpose_000533,订购硫魔雾在该地区用于侦察,阶幻用于侦察,4,20398,0,1,1,2000,1676.00|3729.23|137.42
11157,QMT_Title_000534,QMT_Purpose_000534,从硫雾山雾口袋里获得硫,获得硫雾口袋,3,20383,0,8,1,2000,1725.76|3712.44|141.52
11158,QMT_Title_000535,QMT_Purpose_000535,硫磺石魔处理后的硫磺粉收集,硫磺粉收集,3,20384,0,12,1,2000,1676.00|3729.23|137.42
11161,QMT_Title_000536,QMT_Purpose_000536,补给品从村的供给品箱子回收,供给品收集,3,20385,0,10,1,2000,1611.45|3450.38|154.39
11162,QMT_Title_000537,QMT_Purpose_000537,在哈利伊德下手与追随者的树林集合处袭击收集,收集哈利伊德的邪念,3,20386,0,12,1,2000,1682.66|3549.07|141.44
11163,QMT_Title_000538,QMT_Purpose_000538,诺亚用红色水晶固定在一块空地，在城市里的尸体堆积,使用红水晶,4,20387,0,1,1,2000,1585.44|3403.96|150.95
11165,QMT_Title_000539,QMT_Purpose_000539,净化地狱里德援助召集追随者,净化地狱里德援助召集追随者,1,350135,0,3,0,2000,1585.44|3403.96|150.95
11164,QMT_Title_000540,QMT_Purpose_000540,光交谈多利安牧师。,光交谈多利安牧师。,2,2101,0,1,0,2000,1724.63|3569.23|138.87
11171,QMT_Title_000541,QMT_Purpose_000541,哈利伊德袭击者,哈利伊德袭击者,1,1621,0,12,0,2000,1954.40|3339.95|143.42
11173,QMT_Title_000542,QMT_Purpose_000542,巨石滴水嘴兽,巨石滴水嘴兽,1,1622,0,10,0,2000,1954.40|3339.95|143.42
11172,QMT_Title_000543,QMT_Purpose_000543,回收要塞守兵的编号牌,回收守卫编号牌,3,20399,0,10,1,2000,1934.59|3382.14|144.78
11181,QMT_Title_000544,QMT_Purpose_000544,在山上的灰色面貌古怪的石头怪兽援助,净化灰色石像鬼,1,1631,0,14,0,2000,1979.96|3424.43|135.85
11186,QMT_Title_000545,QMT_Purpose_000545,红色石像鬼在岩石山丘基督城,净化红岩石像鬼,1,1632,0,10,0,2000,1979.96|3424.43|135.85
11182,QMT_Title_000546,QMT_Purpose_000546,在山上插旗红色岩石怪兽军团标志,插上红岩军团标志,4,20391,0,1,1,2000,1869.24|3595.60|147.67
11183,QMT_Title_000547,QMT_Purpose_000547,干掉石像鬼屠杀者贝勒蒂内弗,屠宰贝勒蒂内弗,1,1633,0,1,0,2000,2003.62|3569.97|143.94
11187,QMT_Title_000548,QMT_Purpose_000548,干掉守护者贝尔加内弗,守护者贝尔加内弗,1,1634,0,1,0,2000,1962.49|3698.93|143.20
11185,QMT_Title_000549,QMT_Purpose_000549,报告转发给指挥官光明,明亮的报告交付,7,20393,0,1,1,2000,1859.36|3418.34|154.30
11191,QMT_Title_000550,QMT_Purpose_000550,用于侦察花园入口处的哨兵阶幻,阶幻用于侦察,4,20382,0,1,1,2000,1842.01|3215.28|158.00
11192,QMT_Title_000551,QMT_Purpose_000551,罗科教堂花园入口哨兵洛克斯姗提奈尔,罗科教堂哨兵,1,1641,0,12,0,2000,1842.01|3215.28|158.00
11193,QMT_Title_000552,QMT_Purpose_000552,使用强袭兵召唤卷轴从花园入口处,使用强袭兵召唤卷轴,4,20394,0,1,1,2000,1850.63|3118.71|156.39
11197,QMT_Title_000553,QMT_Purpose_000553,使用强袭兵召唤卷轴对哨兵指挥官的处理,哨兵指挥官的处理,1,1642,0,1,0,2000,1850.63|3118.71|156.39
11194,QMT_Title_000554,QMT_Purpose_000554,从哨兵的花园收集魔法石,收集魔法矿石,3,20400,0,10,1,2000,1842.01|3215.28|158.00
11195,QMT_Title_000555,QMT_Purpose_000555,Subibyeong使用傀儡召见叙利亚的座位在一个小地方,召唤石魔用于叙利亚,4,20395,0,1,1,2000,1837.94|3337.88|153.14
11196,QMT_Title_000556,QMT_Purpose_000556,收集花园中的哨兵姗提奈尔魔力石,收集哨兵的魔法宝石,3,20401,0,12,1,2000,1842.01|3215.28|158.00
11198,QMT_Title_000557,QMT_Purpose_000557,拉菲和对话与火焰印章,拉菲草和对话,2,2133,0,1,0,2000,1663.80|3273.71|132.07
12001,QMT_Title_000558,QMT_Purpose_000558,抓住雷伊谬特收集他的角,收集烈伊缪特角,3,20600,0,14,1,2000,2401.60|4409.69|160.73
12003,QMT_Title_000559,QMT_Purpose_000559,收集雷伊诺弗的牙齿,雷伊诺弗齿收藏,3,20601,0,10,1,2000,2401.60|4409.69|160.73
12002,QMT_Title_000560,QMT_Purpose_000560,此次回收贝勒内斯的头,贝勒内斯的脑袋,3,20602,0,1,1,2000,2384.78|4569.06|163.54
12004,QMT_Title_000561,QMT_Purpose_000561,草地伯尔尼村北的贝勒内斯,援助干掉贝勒内斯,1,2503,0,1,0,2000,2384.78|4569.06|163.54
12011,QMT_Title_000562,QMT_Purpose_000562,在东北镇的山上贝勒诺德援助,贝勒诺德援助,1,2504,0,1,0,2000,2480.08|4420.67|179.74
12021,QMT_Title_000563,QMT_Purpose_000563,收集特莱茵眼泪在村北草原,收集特莱茵眼泪,3,20603,0,10,1,2000,2377.60|4451.14|165.30
12022,QMT_Title_000564,QMT_Purpose_000564,香利用恐惧在村门口,香利用恐惧,4,20604,0,1,1,2000,2420.84|4383.46|158.00
12031,QMT_Title_000565,QMT_Purpose_000565,援助皮革收集从雷伊谬特,雷伊谬特皮革收集,3,20605,0,14,1,2000,2401.60|4409.69|160.73
12032,QMT_Title_000566,QMT_Purpose_000566,资助收购肉类和雷伊喷特,雷伊喷特的肉集合,3,20606,0,14,1,2000,2211.06|4420.30|138.95
12041,QMT_Title_000567,QMT_Purpose_000567,在北方草地村雷伊谬特援助,雷伊谬特援助,1,2501,0,10,0,2000,2401.60|4409.69|160.73
12044,QMT_Title_000568,QMT_Purpose_000568,雷伊诺弗援助草甸北部城镇,雷伊诺弗援助,1,2502,0,12,0,2000,2401.60|4409.69|160.73
12042,QMT_Title_000569,QMT_Purpose_000569,在镇西北草地雷伊喷特援助,雷伊喷特援助,1,2506,0,15,0,2000,2211.06|4420.30|138.95
12043,QMT_Title_000570,QMT_Purpose_000570,杀死夜警在草甸村西北,夜警的援助,1,2507,0,1,0,2000,2106.19|4553.56|155.52
12051,QMT_Title_000571,QMT_Purpose_000571,援助向西北从村草甸的雷伊喷特的象牙收藏,雷伊喷特的象牙收藏,3,20607,0,15,1,2000,2211.06|4420.30|138.95
12061,QMT_Title_000572,QMT_Purpose_000572,从枯死之树在乡村草地收集,收集枯树枝,3,20608,0,12,1,2000,2238.01|4443.07|144.07
12062,QMT_Title_000573,QMT_Purpose_000573,用在村里的草地北污染的木材,使用净化石,4,20609,0,1,1,2000,2226.44|4462.99|147.01
12071,QMT_Title_000574,QMT_Purpose_000574,使用烟火在被遗忘的村庄的耀斑在入口的南到村,使用信号弹在被遗忘的小镇,4,20611,0,1,1,2000,2364.84|4279.43|138.41
12072,QMT_Title_000575,QMT_Purpose_000575,供应来自一个破碎的货车存在于镇南部恢复,耗材回收,3,20612,0,2,1,2000,2370.27|4257.94|139.56
12081,QMT_Title_000576,QMT_Purpose_000576,在花王村南门攻击卡伦一族突击兵,卡伦一族突击兵,1,2508,0,15,0,2000,2419.08|4269.61|143.38
12083,QMT_Title_000577,QMT_Purpose_000577,突击队长罗伊蒂援助在城东南一块空地,罗伊蒂援助,1,2509,0,1,0,2000,2437.62|4293.61|149.24
12082,QMT_Title_000578,QMT_Purpose_000578,收集在一块空地，在城东南等赃物,战利品回收,3,20613,0,8,1,2000,2426.31|4277.34|145.51
12091,QMT_Title_000579,QMT_Purpose_000579,在村西南方暗黑部队侦察兵的援助,侦察兵的援助,1,2518,0,15,0,2000,2332.73|4289.67|138.73
12092,QMT_Title_000580,QMT_Purpose_000580,搜索一个空地在镇南部多明尼加童子军,多米尼克和对话,2,3006,0,1,0,2000,2403.36|4163.81|126.50
12101,QMT_Title_000581,QMT_Purpose_000581,交付给市长巴里·莫尔斯文件,巴里·莫尔斯将文档交付,7,20614,0,1,1,2000,2400.63|4351.74|155.03
12111,QMT_Title_000582,QMT_Purpose_000582,在镇南部军营扎伊德援助顾问,扎伊德援助,1,2515,0,1,0,2000,2480.67|4243.50|137.53
12112,QMT_Title_000583,QMT_Purpose_000583,卡伦一族的文件箱中调查扎耶德军营另一个氏族,采集文件,3,20616,0,1,1,2000,2475.05|4249.35|137.66
12121,QMT_Title_000584,QMT_Purpose_000584,杀死另一个部落的勇士,卡伦族战士援助,1,2511,0,9,0,2000,2353.31|4171.31|122.76
12122,QMT_Title_000585,QMT_Purpose_000585,卡伦猎人杀死在被占领土其他战队,卡伦族猎人援助,1,2512,0,7,0,2000,2353.31|4171.31|122.76
12123,QMT_Title_000586,QMT_Purpose_000586,卡伦一族巫师援助被占领土,卡伦族巫师援助,1,2513,0,9,0,2000,2353.31|4171.31|122.76
12131,QMT_Title_000587,QMT_Purpose_000587,被遗忘的村庄阵亡者在被占领土,拾取阵亡者编号牌,3,20617,0,8,1,2000,2236.46|4166.96|121.26
12142,QMT_Title_000588,QMT_Purpose_000588,在被占领土的族长凯内尔援助,凯内尔援助,1,2514,0,1,0,2000,2271.98|4240.02|117.98
12143,QMT_Title_000589,QMT_Purpose_000589,幸存者护航,幸存者护航,5,23861,0,1,0,2000,2403.09|4163.98|125.88
12151,QMT_Title_000590,QMT_Purpose_000590,卢卡斯和对话阵容,卢卡斯和谈话,2,3007,0,1,0,2000,2400.63|4351.74|155.03
12152,QMT_Title_000591,QMT_Purpose_000591,从约旦河滚动皋另一个利用信息收集,利用收集的信息卷轴,4,20618,0,1,1,2000,2174.76|4248.09|127.31
12161,QMT_Title_000592,QMT_Purpose_000592,草药在苔客房山,莫斯罗姆药草,3,20619,0,8,1,2000,2448.74|4110.93|111.53
12162,QMT_Title_000593,QMT_Purpose_000593,苔山间客房矛斯伦幼虫援助,矛斯伦游生援助,1,2524,0,15,0,2000,2448.74|4110.93|111.53
12163,QMT_Title_000594,QMT_Purpose_000594,南部丘陵援助另一个战队,幼小卡伦一族援助,1,2526,0,15,0,2000,2472.80|4052.99|91.21
12171,QMT_Title_000595,QMT_Purpose_000595,在莫斯间营地运送到凯雷恩其他用品,交付给凯雷恩其他用品,7,20620,0,1,1,2000,2437.81|3910.71|80.16
12181,QMT_Title_000596,QMT_Purpose_000596,使用中在莱恩·莫斯室孵化场,使用凯雷恩箱子,4,20621,0,1,1,2000,2518.25|3977.83|77.22
12184,QMT_Title_000597,QMT_Purpose_000597,在苔客房孵化卵的破坏,矛斯伦之眼销毁,1,2525,0,15,0,2000,2518.25|3977.83|77.22
12182,QMT_Title_000598,QMT_Purpose_000598,莫斯房眼泪聚集在难民营中罗托鲁瓦北部,收集卢亚的眼泪,3,20622,0,8,1,2000,2486.85|4030.22|89.08
12183,QMT_Title_000599,QMT_Purpose_000599,使用凯雷恩香炉在青苔山间,使用香炉,4,20623,0,1,1,2000,2387.37|3970.89|82.96
12185,QMT_Title_000600,QMT_Purpose_000600,苔室基督城室山,矛斯伦,1,2521,0,15,0,2000,2370.45|4021.83|90.12
12186,QMT_Title_000601,QMT_Purpose_000601,猎人杀死在苔客房山,矛斯伦哏特,1,2522,0,15,0,2000,2370.45|4021.83|90.12
12191,QMT_Title_000602,QMT_Purpose_000602,莫斯房基弗援助的矛斯伦门卫在莫斯室山,矛斯伦门卫,1,2523,0,1,0,2000,2345.59|3931.29|93.99
12201,QMT_Title_000603,QMT_Purpose_000603,捡矛斯伦苔客房,矛斯伦皮合集,3,20624,0,15,1,2000,2370.45|4021.83|90.12
12202,QMT_Title_000604,QMT_Purpose_000604,援助矛斯伦哏特的翅膀收集苔客房,矛斯伦翅膀集合,3,20625,0,15,1,2000,2370.45|4021.83|90.12
12212,QMT_Title_000605,QMT_Purpose_000605,使用召唤石在空地下来玛丽安营,使用玛丽安的召唤席位,4,20627,0,1,1,2000,2419.38|3860.19|67.30
12213,QMT_Title_000606,QMT_Purpose_000606,收集岩石碎片从贝罗德岩魔,收集岩石碎片,3,20628,0,15,1,2000,2349.84|3793.09|57.24
12214,QMT_Title_000607,QMT_Purpose_000607,魔力石从三大矿山伯尔尼哈特收集,伯尔尼哈特魔力石,3,20630,0,8,1,2000,2402.57|3804.44|54.29
12221,QMT_Title_000608,QMT_Purpose_000608,以弗所教会路的贝罗德岩魔,以弗所教堂路的岩石傀儡,1,2531,0,15,0,2000,2349.84|3793.09|57.24
12222,QMT_Title_000609,QMT_Purpose_000609,干掉岩魔克雷伊盾,岩魔克雷伊盾,1,2532,0,1,0,2000,2428.94|3751.77|57.11
12225,QMT_Title_000610,QMT_Purpose_000610,灵魂猎人伯恩哈德援助矿,杀死灵魂猎人,1,2533,0,15,0,2000,2349.84|3793.09|57.24
12226,QMT_Title_000611,QMT_Purpose_000611,援助在庞大的猎人灵魂伯恩哈德·雷,巨大灵魂猎人的援助,1,2534,0,1,0,2000,2365.55|3695.22|54.46
12234,QMT_Title_000612,QMT_Purpose_000612,贝卢德岩石古雷姆之核采集到石魔像傀儡,贝罗德岩魔之核集合,3,20632,0,15,1,2000,2349.84|3793.09|57.24
12233,QMT_Title_000613,QMT_Purpose_000613,使用召唤石在空地下来不来梅的训练营,使用不来梅传唤席,4,20634,0,1,1,2000,2419.38|3860.19|67.30
12241,QMT_Title_000614,QMT_Purpose_000614,在伯尔尼对话和露西艾拉营,露埃拉和对话,2,3024,0,1,1,2000,2218.11|3786.13|69.55
12251,QMT_Title_000615,QMT_Purpose_000615,圣水用在尸体堆在废墟的地方,使用露西埃拉圣水,4,20636,0,1,1,2000,2144.03|3934.93|69.59
12255,QMT_Title_000616,QMT_Purpose_000616,露西艾拉召见净化基督城居民,召见净化基督城居民,1,350213,0,3,0,2000,2144.03|3934.93|69.59
12252,QMT_Title_000617,QMT_Purpose_000617,内尔回收肉体死亡的动物在村里斯特恩,回收动物尸体的肉,3,20635,0,8,1,2000,2174.28|3878.27|65.49
12253,QMT_Title_000618,QMT_Purpose_000618,在特恩斯特恩的教堂的遗迹居民,奈泰伦住民,1,2541,0,10,0,2000,2204.33|3879.05|66.32
12256,QMT_Title_000619,QMT_Purpose_000619,援助的扭曲奈泰伦住民在特恩的废墟,援助净化扭曲奈泰伦住民,1,2542,0,12,0,2000,2204.33|3879.05|66.32
12254,QMT_Title_000620,QMT_Purpose_000620,使用光球在废墟东北布什内尔斯特恩,使用光珠,4,20637,0,1,1,2000,2170.22|3970.99|70.93
12261,QMT_Title_000621,QMT_Purpose_000621,黑项链从奈泰伦住民回收,黑色项链收集,3,20640,0,19,1,2000,2204.33|3879.05|66.32
12262,QMT_Title_000622,QMT_Purpose_000622,的品种露埃拉送箱,新娘盒交付,7,20639,0,1,1,2000,2218.11|3786.13|69.55
12263,QMT_Title_000623,QMT_Purpose_000623,聊天与新娘在伯尔尼营,新娘和对话,2,3025,0,1,0,2000,2228.26|3798.77|67.10
12264,QMT_Title_000624,QMT_Purpose_000624,从倒下的废墟救助堕落的阿泰伦,堕落的阿泰伦,1,2544,0,1,0,2000,2131.69|3991.79|68.12
12266,QMT_Title_000625,QMT_Purpose_000625,从倒下的废墟援助堕落的克里斯汀,堕落的克里斯汀,1,2545,0,1,0,2000,2131.69|3991.79|68.12
12267,QMT_Title_000626,QMT_Purpose_000626,从倒下的废墟援助堕落的艾伊兰,堕落的艾伊兰,1,2546,0,1,0,2000,2131.69|3991.79|68.12
12265,QMT_Title_000627,QMT_Purpose_000627,干掉堕落指挥者格雷高力,堕落指挥者格雷高力,1,2543,0,1,0,2000,2186.78|4020.91|74.03
12271,QMT_Title_000628,QMT_Purpose_000628,从堕落的树木精灵收回黑色的项链,黑色项链集合,3,20640,0,15,1,2000,2189.17|3812.99|63.97
12272,QMT_Title_000629,QMT_Purpose_000629,与亚洲的阵营贝隆特拉帕尼对话,特拉帕尼亚洲和谈话,2,3026,0,1,0,2000,2214.44|3790.40|69.05
12278,QMT_Title_000630,QMT_Purpose_000630,利亚纳在对话的废墟入口和,利亚纳和对话,2,3029,0,1,0,2000,2129.99|3734.17|71.36
12273,QMT_Title_000631,QMT_Purpose_000631,堕落的树木精灵杀死在废墟,杀死堕落的树木精灵,1,2551,0,15,0,2000,2143.27|3730.14|71.24
12274,QMT_Title_000632,QMT_Purpose_000632,堕落的守护者洛斯提雅援助,援助净化堕落的守护者,1,2552,0,1,0,2000,2123.41|3663.26|74.9
12276,QMT_Title_000633,QMT_Purpose_000633,从洛斯提雅的遗址采集的种子,收集在洛斯提雅的种子,3,20641,0,1,1,2000,2123.41|3663.26|74.9
12275,QMT_Title_000634,QMT_Purpose_000634,摧毁该诅咒的树条目中的废墟,摧毁受诅咒的树,1,2553,0,10,0,2000,2143.27|3730.14|71.24
12277,QMT_Title_000635,QMT_Purpose_000635,召唤恶魔诅咒援助净化,被诅咒的恶魔援助净化,1,350214,0,10,0,2000,2143.27|3730.14|71.24
12281,QMT_Title_000636,QMT_Purpose_000636,从堕落的树木精灵采集灵树种子在入口的废墟,收集树精灵种子,3,20642,0,15,1,2000,2143.27|3730.14|71.24
12282,QMT_Title_000637,QMT_Purpose_000637,从入门的废墟收集朦胧的花朵,采摘水雾花,3,20643,0,8,1,2000,2156.24|3732.35|71.55
12283,QMT_Title_000638,QMT_Purpose_000638,在空地使用,使用净化石,4,20644,0,1,1,2000,2123.17|3724.26|71.36
12291,QMT_Title_000639,QMT_Purpose_000639,在伯尔尼村干掉暗黑军队斧头兵,干掉斧头兵,1,2561,0,15,0,2000,2305.68|3677.48|64.04
12294,QMT_Title_000640,QMT_Purpose_000640,暗黑军队弓箭手援助在伯尔尼村,干掉弓箭手,1,2562,0,12,0,2000,2305.68|3677.48|64.04
12292,QMT_Title_000641,QMT_Purpose_000641,标志在伯尔尼城市广场,标志插旗被遗忘的小镇,4,20645,0,1,1,2000,2316.37|3657.21|64.38
12293,QMT_Title_000642,QMT_Purpose_000642,指挥官阵亡伯尔尼镇东克劳利内斯,克劳利内斯援助,1,2564,0,1,0,2000,2422.51|3643.55|60.91
12301,QMT_Title_000643,QMT_Purpose_000643,摧毁暗黑军队补给箱在伯尔尼,摧毁补给箱,1,2554,0,5,0,2000,2305.68|3677.48|64.04
12302,QMT_Title_000644,QMT_Purpose_000644,从黑帐篷部队粮食布袋收回食物,获得部队粮食,3,20646,0,8,1,2000,2305.68|3677.48|64.04
12311,QMT_Title_000645,QMT_Purpose_000645,在伯尔尼的东部城镇敌指挥所的作战计划书,拾取文件箱,3,20647,0,1,1,2000,2422.51|3643.55|60.91
12321,QMT_Title_000646,QMT_Purpose_000646,连镇的镇长ransel尼斯和对话,尼斯甚至对话,2,3041,0,1,0,2000,2177.63|3546.08|45.71
12322,QMT_Title_000647,QMT_Purpose_000647,痛苦之中的死者的援助从村遭受遗址前,痛苦死去的死者,1,2573,0,17,0,2000,2176.40|3475.72|41.12
12331,QMT_Title_000648,QMT_Purpose_000648,搜索在一块空地前幸存的牲畜村,小牛搜索,2,3051,0,1,0,2000,2202.31|3370.09|48.43
12332,QMT_Title_000649,QMT_Purpose_000649,Ransel护送镇小牛,小牛保驾护航,5,20794,0,1,0,2000,2171.95|3520.46|44.72
12341,QMT_Title_000650,QMT_Purpose_000650,收集在村庄的废墟前干草旅行车,干草采集,3,20718,0,8,1,2000,2182.25|3345.33|48.25
12351,QMT_Title_000651,QMT_Purpose_000651,食采于粮食的麻袋村的废墟前,粮食收购,3,20719,0,8,1,2000,2206.97|3337.83|48.86
12361,QMT_Title_000652,QMT_Purpose_000652,拉斐尔镇拉ransel报告交付,拉斐尔打电话报告交付,7,20648,0,1,1,2000,2185.01|3547.42|45.70
12362,QMT_Title_000653,QMT_Purpose_000653,火焰飞跃一堆尸体的用途,使用火焰秘药,4,20649,0,1,1,2000,2151.00|3488.24|41.82
12363,QMT_Title_000654,QMT_Purpose_000654,利用聚集在一块空地前在村里书信息,利用收集到的资料书,4,20722,0,1,1,2000,2200.31|3448.78|42.97
12371,QMT_Title_000655,QMT_Purpose_000655,净化山镇南杯的宪兵,宪兵的援助,1,2574,0,17,0,2000,2212.73|3346.20|48.77
12381,QMT_Title_000656,QMT_Purpose_000656,尼斯谈话即使是市长,尼斯甚至对话,2,3041,0,1,0,2000,2177.63|3546.08|45.71
12391,QMT_Title_000657,QMT_Purpose_000657,净化山镇南杯的宪兵,宪兵的援助,1,2574,0,17,0,2000,2212.73|3346.20|48.77
12393,QMT_Title_000658,QMT_Purpose_000658,小山在村南的援助虚弱的宪兵,处理虚弱的宪兵,1,2571,0,17,0,2000,2169.63|3366.96|46.19
12394,QMT_Title_000659,QMT_Purpose_000659,痛苦之中的死者的援助从村遭受遗址前,痛苦死去的死者,1,2573,0,17,0,2000,2176.40|3475.72|41.12
12392,QMT_Title_000660,QMT_Purpose_000660,斩杀者列凯勒特留山在村南,报复列凯勒特,1,2572,0,1,0,2000,2176.49|3295.77|53.69
12401,QMT_Title_000661,QMT_Purpose_000661,援助虚弱的宪兵，并获得混沌雕塑,收集混沌雕塑,3,20651,0,17,1,2000,2169.63|3366.96|46.19
12406,QMT_Title_000662,QMT_Purpose_000662,宪兵的净化和收购混沌弹珠,收购混沌弹珠,3,20650,0,17,1,2000,2212.73|3346.20|48.77
12402,QMT_Title_000663,QMT_Purpose_000663,利用数据采集之书,利用数据采集之书,4,20652,0,1,1,2000,2189.60|3194.93|56.34
12403,QMT_Title_000664,QMT_Purpose_000664,医疗补助维持治安的领导者和对话,医疗补助和对话,2,3045,0,1,0,2000,2193.59|3511.96|47.21
12404,QMT_Title_000665,QMT_Purpose_000665,尼斯甚至对话,尼斯甚至对话,2,3041,0,1,0,2000,2177.63|3546.08|45.71
12405,QMT_Title_000666,QMT_Purpose_000666,拉斐尔香格里拉对话,拉斐尔香格里拉对话,2,3042,0,1,0,2000,2185.01|3547.42|45.70
12411,QMT_Title_000667,QMT_Purpose_000667,使用紧急运行命令,使用紧急运行命令,4,20723,0,1,1,2000,0
12412,QMT_Title_000668,QMT_Purpose_000668,为了移动另一个使用一个炉,为了移动另一个使用一个炉,4,20724,0,1,1,2000,0
12421,QMT_Title_000669,QMT_Purpose_000669,香格里拉拉斐尔ransel老李,拉斐尔香格里拉对话,2,3042,0,1,0,2000,2185.01|3547.42|45.70
12422,QMT_Title_000670,QMT_Purpose_000670,收集树精灵种子，以消除在森林的被污染的树精灵,收集在树精灵种子,3,20654,0,17,1,2000,2403.24|3456.94|34.84
12423,QMT_Title_000671,QMT_Purpose_000671,阿克Tran和对话ransel镇,与阿克陈对话,2,3046,0,1,0,2000,2202.70|3509.29|47.17
12431,QMT_Title_000672,QMT_Purpose_000672,被污染的树精灵进入森林的治疗,受污染的木灵援助,1,2581,0,17,0,2000,2403.24|3456.94|34.84
12432,QMT_Title_000673,QMT_Purpose_000673,在进入监狱的贝勒民援助的森林污染监护人,被污染的守护者贝勒民援助,1,2582,0,1,0,2000,2380.01|3310.68|53.96
12433,QMT_Title_000674,QMT_Purpose_000674,英国人交谈与我的条目的的森林,英国人交谈与我,2,3052,0,1,0,2000,2334.66|3359.83|45.32
12441,QMT_Title_000675,QMT_Purpose_000675,得分在一棵树上精神污染的气体进入森林，并获得了被污染的灵魂碎片,购得一块被污染的烈酒,3,20655,0,17,1,2000,2401.20|3400.88|38.63
12442,QMT_Title_000676,QMT_Purpose_000676,从气体进入森林入口处收集月球雾中花,月亮雾花集合,3,20656,0,12,1,2000,2293.10|3419.90|37.64
12443,QMT_Title_000677,QMT_Purpose_000677,在利用森林的入口,使用,4,20657,0,1,1,2000,2360.84|3341.72|48.98
12445,QMT_Title_000678,QMT_Purpose_000678,生活在古代的纪念碑恒采摘,生活中恒采摘,3,20658,0,2,1,2000,2362.40|3339.62|49.43
12446,QMT_Title_000679,QMT_Purpose_000679,布里特用我yidongseok,布里特用我yidongseok,4,20725,0,1,1,2000,0
12447,QMT_Title_000680,QMT_Purpose_000680,英国人箱在森林的入口交给我,盒交付,7,20660,0,1,1,2000,2334.66|3359.83|45.32
12451,QMT_Title_000681,QMT_Purpose_000681,布里特用我yidongseok,布里特用我yidongseok,4,20726,0,1,1,2000,2571.68|3705.14|59.69
12455,QMT_Title_000682,QMT_Purpose_000682,耗材罗恩·克拉克送到营地科西嘉,克拉克提供物资,7,20661,0,1,1,2000,2571.68|3705.14|59.69
12461,QMT_Title_000683,QMT_Purpose_000683,营援助扭曲的突击者在一块空地前,扭曲的突击者援助,1,2594,0,17,0,2000,2564.36|3770.52|76.14
12471,QMT_Title_000684,QMT_Purpose_000684,克拉克和谈话,克拉克和谈话,2,3061,0,1,0,2000,2571.68|3705.14|59.69
12472,QMT_Title_000685,QMT_Purpose_000685,矩阵对话,矩阵对话,2,3062,0,1,0,2000,2581.55|3685.20|56.37
12473,QMT_Title_000686,QMT_Purpose_000686,杀死堕落精灵的守护者，在灵坛,堕落精灵的守护者援助,1,2595,0,17,0,2000,2663.65|3921.40|78.05
12481,QMT_Title_000687,QMT_Purpose_000687,杀死堕落精灵的守护者，并收集他们的皮,守护者的皮革收集,3,20662,0,17,1,2000,2663.65|3921.40|78.05
12482,QMT_Title_000688,QMT_Purpose_000688,纯白的阿特里斯在灵坛取下皮革,阿特里斯皮革收集,3,20663,0,1,1,2000,2600.00|3992.93|84.76
12491,QMT_Title_000689,QMT_Purpose_000689,祝福收集精灵的加护,精灵祝福聚集,3,20664,0,12,1,2000,2648.85|3926.50|78.98
12501,QMT_Title_000690,QMT_Purpose_000690,断头台的牺牲者净化和伯尔尼居民遗物的回收,村民伯尔尼遗物收集,3,20665,0,17,1,2000,2668.21|3770.62|19.71
12502,QMT_Title_000691,QMT_Purpose_000691,使用火焰的座位上断头台,使用克拉克席位火焰,4,20666,0,1,1,2000,2706.46|3725.54|17.01
12511,QMT_Title_000692,QMT_Purpose_000692,从营地东边堕落的诺亚援助,堕落的诺亚援助,1,2597,0,1,0,2000,2699.18|3788.04|19.52
12512,QMT_Title_000693,QMT_Purpose_000693,香格里拉亚洲和谈话,香格里拉亚洲和谈话,2,3032,0,1,0,2000,2699.17|3688.49|17.15
12513,QMT_Title_000694,QMT_Purpose_000694,灵魂之花收集,采摘灵魂的花朵,3,20667,0,12,1,2000,2698.62|3734.74|16.96
12514,QMT_Title_000695,QMT_Purpose_000695,使用灵魂石,使用灵魂石,4,20668,0,1,1,2000,2699.48|3691.21|17.09
12521,QMT_Title_000696,QMT_Purpose_000696,营格兰特利维鼠标和对话,利维可笑的对话,2,3066,0,1,0,2000,2826.62|3766.94|6.64
12531,QMT_Title_000697,QMT_Purpose_000697,贝伊诺夫援助从森林,贝伊诺夫援助,1,2601,0,17,0,2000,2813.45|3911.33|3.92
12533,QMT_Title_000698,QMT_Purpose_000698,贝伊内于援助从森林,贝伊内于援助,1,2602,0,17,0,2000,2813.45|3911.33|3.92
12532,QMT_Title_000699,QMT_Purpose_000699,援助钢铁脚趾克里德,钢铁脚趾克里德,1,2604,0,1,0,2000,2941.71|3978.94|15.68
12541,QMT_Title_000700,QMT_Purpose_000700,贝伊诺夫皮革收集在格兰特森林,贝伊诺夫皮革收集,3,20669,0,17,1,2000,2813.45|3911.33|3.92
12543,QMT_Title_000701,QMT_Purpose_000701,收集贝伊内于尖牙在格兰特森林,贝伊内于尖牙收集,3,20670,0,17,1,2000,2813.45|3911.33|3.92
12542,QMT_Title_000702,QMT_Purpose_000702,收集贝伊诺夫心脏,贝伊诺夫心脏收集,3,20671,0,17,1,2000,2813.45|3911.33|3.92
12544,QMT_Title_000703,QMT_Purpose_000703,贝伊内俄胆收集,胆囊采集贝伊内于的,3,20672,0,17,1,2000,2813.45|3911.33|3.92
12551,QMT_Title_000704,QMT_Purpose_000704,瘦死的树格兰特森林收集,收集树枝,3,20673,0,10,1,2000,2814.19|3921.39|3.97
12552,QMT_Title_000705,QMT_Purpose_000705,从森林红牙扎卡德援助，并获得突变肉,收集突变肉,3,20674,0,1,1,2000,2989.64|3918.86|21.62
12553,QMT_Title_000706,QMT_Purpose_000706,书收集的信息在森林深处授权使用,利用数据采集之书,4,20675,0,1,1,2000,2927.29|3850.94|20.78
12571,QMT_Title_000707,QMT_Purpose_000707,受诅咒的月亮精灵援助在遗迹,受诅咒的门艾尔普援助,1,2611,0,17,0,2000,2969.74|3739.64|4.30
12573,QMT_Title_000708,QMT_Purpose_000708,从黑月亮的废墟堕落月亮精灵援助,堕落的门艾尔普援助,1,2612,0,17,0,2000,2969.74|3739.64|4.30
12572,QMT_Title_000709,QMT_Purpose_000709,援助净化黑暗浸透艾伊内雅,援助黑暗浸透艾伊内雅,1,2613,0,1,0,2000,2920.45|3805.13|4.83
12582,QMT_Title_000710,QMT_Purpose_000710,干掉那些聚集在废墟的门艾尔普，并获得精灵的血肉,月亮精灵肉收集,3,20677,0,17,1,2000,2969.74|3739.64|4.30
12584,QMT_Title_000711,QMT_Purpose_000711,使用在授权伯特·贝尔深林马力席位,使用费尔贝特魔力石,4,20679,0,1,1,2000,2927.29|3850.94|20.78
12591,QMT_Title_000712,QMT_Purpose_000712,对应的隐士村交付给罗兰,对应交付给罗兰,7,20680,0,1,1,2000,2831.15|3407.74|12.66
12592,QMT_Title_000713,QMT_Purpose_000713,使用紧急运行命令,使用紧急运行命令,4,20727,0,1,1,2000,0
12601,QMT_Title_000714,QMT_Purpose_000714,在北部城镇空地攻击血之斧部队突击兵并获得斧头,斧头回收,3,20681,0,19,1,2000,2782.08|3510.63|23.98
12603,QMT_Title_000715,QMT_Purpose_000715,在村北的空置土地征用血之斧部队狙击手的弓箭,弓箭回收,3,20682,0,19,1,2000,2782.08|3510.63|23.98
12602,QMT_Title_000716,QMT_Purpose_000716,获得敌人血之斧的粮食麻袋在驻军部队,斧头帮的粮食收集,3,20683,0,5,1,2000,2666.60|3521.36|28.79
12611,QMT_Title_000717,QMT_Purpose_000717,破坏敌人的补给货车在血之斧部队驻军,破坏补给马车,1,2628,0,3,0,2000,2705.06|3539.19|30.50
12612,QMT_Title_000718,QMT_Purpose_000718,在驻军血腥之斧武器箱的销毁,血之斧部队的武器箱摧毁,1,2627,0,3,0,2000,2666.48|3450.63|28.85
12613,QMT_Title_000719,QMT_Purpose_000719,在血之斧头驻军使用火焰石,使用火焰石,4,20716,0,1,1,2000,2723.84|3491.32|27.49
12615,QMT_Title_000720,QMT_Purpose_000720,血之斧头民警卫队召唤援助,血之斧民警卫队净化,1,350226,0,3,0,2000,2723.84|3491.32|27.49
12614,QMT_Title_000721,QMT_Purpose_000721,指挥官阵亡雷伊莎克血腥斧头守军,指挥官雷伊莎克援助,1,2624,0,1,0,2000,2602.44|3455.45|29.27
12621,QMT_Title_000722,QMT_Purpose_000722,血淋淋的斧头援助侦察在东部城镇空缺,血之斧部队侦察兵援助,1,2631,0,19,0,2000,2880.59|3379.41|18.71
12624,QMT_Title_000723,QMT_Purpose_000723,血淋淋的斧头援助侦察在东部城镇空缺,血之斧部队侦察兵援助,1,2632,0,19,0,2000,2880.59|3379.41|18.71
12622,QMT_Title_000724,QMT_Purpose_000724,屠杀者布雷德洛斯援助空地镇上东,杀手布雷德洛斯援助,1,2634,0,1,0,2000,2991.99|3367.50|21.46
12625,QMT_Title_000725,QMT_Purpose_000725,屠杀者克纳勒在迪纳尔空地镇东边平等待遇,屠杀者克纳勒,1,2635,0,1,0,2000,2950.04|3336.16|19.26
12623,QMT_Title_000726,QMT_Purpose_000726,空地镇东边援助消灭敌人侦察兵和他们的战利品收回,农场赃物收回,3,20684,0,19,1,2000,2880.59|3379.41|18.71
12631,QMT_Title_000727,QMT_Purpose_000727,研究机构和财产的数量守卫农场警备兵的遗物,警卫纪念品回收,3,20685,0,8,1,2000,2896.85|3334.89|21.44
12632,QMT_Title_000728,QMT_Purpose_000728,在汤普森农场玉米田间采摘玉米,采摘玉米,3,20686,0,12,1,2000,2912.33|3424.34|27.87
12633,QMT_Title_000729,QMT_Purpose_000729,从堆放在汤普森农场食品盒食品收集,食品盒回收,3,20687,0,6,1,2000,3017.35|3497.80|43.82
12641,QMT_Title_000730,QMT_Purpose_000730,血之斧部队暗杀者杀死在空置单位的村西,血之斧部队暗杀者,1,2637,0,8,0,2000,2736.82|3337.08|13.04
12644,QMT_Title_000731,QMT_Purpose_000731,杀死召唤空邪灵,杀空的恶灵,1,350229,0,8,0,2000,2736.82|3337.08|13.04
12642,QMT_Title_000732,QMT_Purpose_000732,轻松的对话与贝尔纳隐士村牧师,贝尔纳和对话,2,3084,0,1,0,2000,2832.11|3403.46|12.50
12643,QMT_Title_000733,QMT_Purpose_000733,与roselrin在一个村庄隐居有点谈,Roselrin剂和谈话,2,3083,0,1,0,2000,2799.52|3425.20|12.92
12651,QMT_Title_000734,QMT_Purpose_000734,暗杀者击杀后召唤的恶灵援助，从虚空出现邪恶的恶灵收集,虚空获得冷酷的心灵,3,20688,0,8,1,2000,2736.82|3337.08|13.04
12652,QMT_Title_000735,QMT_Purpose_000735,山上的一个村南利用标志藏身之处,使用该标志藏身之处,4,20689,0,1,1,2000,2795.93|3185.03|58.51
12661,QMT_Title_000736,QMT_Purpose_000736,在临时区域进入壁垒使用安装工具,屏障安装工具,4,20690,0,1,1,2000,2794.87|3211.66|58.11
12662,QMT_Title_000737,QMT_Purpose_000737,混沌的骑士援助存在各地交会,净化混沌的骑士,1,2641,0,19,0,2000,2767.20|3229.40|55.12
12664,QMT_Title_000738,QMT_Purpose_000738,净化恐怖的骑士围绕交会,净化恐怖的骑士,1,2642,0,19,0,2000,2767.20|3229.40|55.12
12663,QMT_Title_000739,QMT_Purpose_000739,大道北兵营司令骑士布里建,骑士指挥官布里建,1,2643,0,1,0,2000,2835.89|3262.19|60.06
12671,QMT_Title_000740,QMT_Purpose_000740,召唤魔像用在大街空缺席位,召唤石魔使用,4,20691,0,1,1,2000,2779.06|3195.32|58.54
12672,QMT_Title_000741,QMT_Purpose_000741,在北方军营中调查戴穆里申的文件箱,获得文件,3,20692,0,1,1,2000,2773.21|3260.03|59.65
12673,QMT_Title_000742,QMT_Purpose_000742,从骷髅兵和士兵营房北侧获得骷髅的恶性心灵,骷髅士兵的恶念收集,3,20693,0,20,1,2000,2779.14|3262.37|59.93
12681,QMT_Title_000743,QMT_Purpose_000743,处理混沌和恐怖的骑士和收集骑士的灵魂石,收集骑士灵魂石,3,20694,0,20,1,2000,2767.20|3229.40|55.12
12682,QMT_Title_000744,QMT_Purpose_000744,骷髅弓箭手的灵魂石从佩纳的庄园获得,收集亡者灵魂石,3,20695,0,20,1,2000,2906.09|3260.08|59.68
12683,QMT_Title_000745,QMT_Purpose_000745,使用紧急运行命令,使用紧急运行命令,4,20728,0,1,1,0,0
13001,QMT_Title_000746,QMT_Purpose_000746,大门入口处Nathan和对话东的防守队长。,Nathan和对话,2,4001,0,1,0,2000,2727.02|4866.60|175.32
13012,QMT_Title_000747,QMT_Purpose_000747,使用呼吸运动钢厂订货。,使用移动订单,4,20901,0,1,1,0,0
13002,QMT_Title_000748,QMT_Purpose_000748,收集暴走哈拉兆普的标签。,护卫犬编号牌的收集,3,20902,0,20,1,2000,2756.13|4808.19|175.73
13003,QMT_Title_000749,QMT_Purpose_000749,回收东大门附近的武器。,警备队的武器回收,3,20903,0,12,1,2000,2773.19|4864.48|174.90
13004,QMT_Title_000750,QMT_Purpose_000750,净化馋嘴于聘后寻找菲利普的项链。,拾取菲利普项链,3,20904,0,1,1,2000,2780.37|4804.36|174.63
13005,QMT_Title_000751,QMT_Purpose_000751,馋嘴于聘近东大闸。,馋嘴于聘援助,1,3502,0,1,0,2000,2780.37|4804.36|174.63
13006,QMT_Title_000752,QMT_Purpose_000752,请干掉肆虐在东大门附近的发怒哈拉兆普。,发怒哈拉兆普援助,1,3503,0,19,0,2000,2720.95|4925.26|174.93
13007,QMT_Title_000753,QMT_Purpose_000753,从发怒哈拉兆普身上收集果子。,消化的麦林果子收集,3,20905,0,20,1,2000,2720.95|4925.26|174.93
13008,QMT_Title_000754,QMT_Purpose_000754,帕尔多需要一个强大的方士集中到东大闸,马林集中交付,7,20906,0,1,1,2000,2726.80|4870.85|175.00
13009,QMT_Title_000755,QMT_Purpose_000755,收集饱胀突伦的袋子。,消融书包收集,3,20907,0,1,1,2000,2728.54|4987.52|175.38
13010,QMT_Title_000756,QMT_Purpose_000756,炼金术士山地质调查局和手柄按钮，对话框。,汉考克按钮和对话框,2,4013,0,1,0,2000,2827.03|5044.13|175.22
13011,QMT_Title_000757,QMT_Purpose_000757,警卫焦油母鸡和对话的校友外门。,焦油母鸡和对话,2,4004,0,1,0,2000,2842.06|4799.81|176.48
13051,QMT_Title_000758,QMT_Purpose_000758,山地质西部和寻找皮卡德的痕迹。,寻找皮卡德的迹象,2,4014,0,1,0,2000,2749.52|5001.20|176.38
13052,QMT_Title_000759,QMT_Purpose_000759,让蓝哈拉兆普援助收集肉。,蓝哈拉兆普的肉集合,3,20908,0,19,1,2000,2761.26|5019.07|175.07
13053,QMT_Title_000760,QMT_Purpose_000760,是附近的蓝哈拉兆普援助。,蓝哈拉兆普援助,1,3511,0,20,0,2000,2761.26|5019.07|175.07
13054,QMT_Title_000761,QMT_Purpose_000761,皮卡德采取莱恩炼金术师塞尔山地质调查局的纪念。,交付皮卡德的纪念,7,20909,0,1,1,2000,2812.01|5047.44|174.83
13055,QMT_Title_000762,QMT_Purpose_000762,在攻击性尼克身上找到项链。,找回赛尔雷恩的项链,3,20910,0,1,1,2000,2745.69|5044.03|176.32
13056,QMT_Title_000763,QMT_Purpose_000763,附近的山区地质调查局积极治疗攻击性尼克,净化攻击性尼克,1,3512,0,1,0,2000,2745.69|5044.03|176.32
13057,QMT_Title_000764,QMT_Purpose_000764,附近山区地质局在研究红斑点哈拉兆普。,红斑点哈拉兆普援助,1,3513,0,20,0,2000,2796.40|4978.15|175.26
13058,QMT_Title_000765,QMT_Purpose_000765,收获麦林果实。,采摘麦林果实,3,20911,0,12,1,2000,2761.26|5019.07|175.07
13059,QMT_Title_000766,QMT_Purpose_000766,该对话框让诱饵水果和大量的小商贩山地质调查局。,与小批量交谈,2,4012,0,1,0,2000,2823.85|5025.68|174.83
13060,QMT_Title_000767,QMT_Purpose_000767,马林山需要一个果袋处理炼金按钮地质调查局。,马林果袋交付,7,20912,0,1,1,2000,2827.03|5044.13|175.22
13062,QMT_Title_000768,QMT_Purpose_000768,带按钮的报告处理炼金帕尔线至东大门大门。,手柄按钮，报表传递,7,21014,0,1,1,2000,2726.80|4870.85|175.00
13063,QMT_Title_000769,QMT_Purpose_000769,风买卖差价谷光祭司执行我的莉娜的疏散命令。,撤离的命令交付,7,20916,0,1,1,2000,2848.86|4661.58|163.06
13101,QMT_Title_000770,QMT_Purpose_000770,风之谷杀发怒贝伊内俄。,发怒贝伊内俄援助,1,3521,0,20,0,2000,2806.85|4705.31|164.29
13103,QMT_Title_000771,QMT_Purpose_000771,采摘接近风谷贸易站的蓝波叶草。,收集蓝波叶草,3,20917,0,12,1,2000,2783.31|4702.28|162.81
13104,QMT_Title_000772,QMT_Purpose_000772,净化贝伊内俄并收集他的爪子。,贝伊内俄的爪子集合,3,20919,0,20,1,2000,2783.31|4702.28|162.81
13105,QMT_Title_000773,QMT_Purpose_000773,问商家迪麻袋很多风的山谷有一个贸易站。,许多谈话D.,2,4023,0,1,0,2000,2827.38|4655.18|163.20
13106,QMT_Title_000774,QMT_Purpose_000774,净化发怒贝伊内俄与血脚趾贝伊内俄，收集他们的皮革。,贝伊内俄的皮革收集,3,20920,0,20,1,2000,2783.31|4702.28|162.81
13107,QMT_Title_000775,QMT_Purpose_000775,干掉发怒贝伊内俄与血脚趾贝伊内俄，收集他们的胆。,收集贝伊内俄的胆,3,20921,0,20,1,2000,2783.31|4702.28|162.81
13108,QMT_Title_000776,QMT_Purpose_000776,Swerin湾的风买卖差价谷neeo拿皮包。,皮包交付,7,20922,0,1,1,2000,2832.58|4651.87|163.27
13109,QMT_Title_000777,QMT_Purpose_000777,风的山谷和附近的贸易站将粮食回收。,粮食麻袋回收,3,20923,0,12,1,2000,2736.01|4646.76|162.52
13110,QMT_Title_000778,QMT_Purpose_000778,杀红熊瑞迪内于。,红熊瑞迪内于援助,1,3523,0,1,0,2000,2748.68|4707.94|163.28
13111,QMT_Title_000779,QMT_Purpose_000779,对风贸易站业主的风车谷汉克取袋麻袋。,袋包装交付,7,20925,0,1,1,2000,2670.45|4449.85|158.04
13112,QMT_Title_000780,QMT_Purpose_000780,风啊早期守卫工厂，并要求祭司的下落谷输了四光。,哦，在谈话中早期。,2,4032,0,1,0,2000,2669.37|4453.39|158.49
13102,QMT_Title_000781,QMT_Purpose_000781,附近的风谷贸易站，治理血脚趾贝伊内俄。,血脚趾贝伊内俄援助,1,3522,0,20,0,2000,2773.01|4683.94|163.47
13151,QMT_Title_000782,QMT_Purpose_000782,找到一个修理工在工作场所博尔顿博尔顿。,查找博尔顿的下落,2,4033,0,1,0,2000,2796.54|4546.02|158.24
13152,QMT_Title_000783,QMT_Purpose_000783,杀害年幼戴斯谬特。,年幼戴斯谬特援助,1,3532,0,20,0,2000,2735.10|4485.04|157.82
13153,QMT_Title_000784,QMT_Purpose_000784,该援助消灭山脉戴斯谬特。,援助山脉戴斯谬特,1,3531,0,20,0,2000,2719.31|4419.62|159.49
13154,QMT_Title_000785,QMT_Purpose_000785,在博尔顿的工作区工具箱的集合。,博尔顿的工具收集,3,20926,0,10,1,2000,2769.87|4525.71|158.18
13155,QMT_Title_000786,QMT_Purpose_000786,风的博尔顿谷取机的工具。,博尔顿交付工具,7,20926,0,1,1,2000,2669.08|4440.30|158.07
13156,QMT_Title_000787,QMT_Purpose_000787,在山谷收集戴斯谬特肉。,戴斯谬特的肉集合,3,20927,0,20,1,2000,2722.23|4431.36|159.87
13157,QMT_Title_000788,QMT_Purpose_000788,风的山谷回收修理的木材。,木材回收,3,20928,0,12,1,2000,2722.23|4431.36|159.87
13158,QMT_Title_000789,QMT_Purpose_000789,风的山谷防止无慈悲哉勒卡靠近工厂。,无慈悲哉勒卡,1,3533,0,1,0,2000,2813.09|4430.74|163.30
13159,QMT_Title_000790,QMT_Purpose_000790,收集狼王无慈悲哉勒卡的肋骨。,狼肋收集,3,20929,0,1,1,2000,2813.09|4430.74|163.30
13160,QMT_Title_000791,QMT_Purpose_000791,把面粉的麻袋运送物资运输阶段的翻新以上。,面粉袋交付,7,20930,0,1,1,2000,2723.30|4186.22|154.11
13201,QMT_Title_000792,QMT_Purpose_000792,回收团长账目。,拾取团长的账本,3,20932,0,1,1,2000,2613.72|4259.44|157.55
13202,QMT_Title_000793,QMT_Purpose_000793,蚂蚁山陷入山脉兵蚁的困境。,清除山脉兵蚁,1,3542,0,20,0,2000,2675.10|4161.75|149.93
13203,QMT_Title_000794,QMT_Purpose_000794,寻找材料从山上运的痕迹才狼吞虎咽,寻找运输阶段的痕迹,2,4044,0,1,0,2000,2793.94|4248.01|163.79
13204,QMT_Title_000795,QMT_Purpose_000795,清除饥饿山脉歪伊芬从高山到峡谷。,该援助饥饿山脉歪伊芬,1,3551,0,20,0,2000,2780.16|4235.96|161.82
13205,QMT_Title_000796,QMT_Purpose_000796,副德美分告诉告诉的最后一个。,美分，谈话,2,4041,0,1,0,2000,2723.30|4186.22|154.11
13206,QMT_Title_000797,QMT_Purpose_000797,群山峻岭帮助清除工蚁在蚁巢穴。,清除山脉蚁工,1,3541,0,20,0,2000,2625.27|4180.58|149.81
13207,QMT_Title_000798,QMT_Purpose_000798,在蚂蚁巢穴的蚂蚁山，摧毁山脉蚂蚁卵。,摧毁蚂蚁卵,1,3544,0,15,0,2000,2640.83|4165.77|149.75
13208,QMT_Title_000799,QMT_Purpose_000799,通过从巢山蚂蚁原油炸药，摧毁蚁巢。,使用原油炸药桶爆炸,4,20933,0,1,1,2000,2639.03|4145.25|149.48
13209,QMT_Title_000800,QMT_Purpose_000800,在山上蚁巢杀蚁女王克雷塔罗。,第二十女王克雷塔罗援助,1,3543,0,1,0,2000,2630.32|4151.74|149.31
13210,QMT_Title_000801,QMT_Purpose_000801,山商的董事告诉德怀特营地运输舞台的局面。,德怀特对话,2,4051,0,1,0,2000,3030.05|4150.85|159.15
13211,QMT_Title_000802,QMT_Purpose_000802,系列在山上的商人光对方牧师阵营提供的暗席位马力。,黑暗席位马力交付,7,20935,0,1,1,2000,3028.97|4158.09|159.22
13251,QMT_Title_000803,QMT_Purpose_000803,回收火焰决策框在采石场。,火焰决策框回收,3,20936,0,12,1,2000,2877.63|4167.05|149.60
13252,QMT_Title_000804,QMT_Purpose_000804,杀死采石场盗贼蚂蚁。,山脉盗贼蚂蚁,1,3561,0,20,0,2000,2907.67|4169.88|150.06
13253,QMT_Title_000805,QMT_Purpose_000805,杀蚂蚁山的蚂蚁战士。,山脉蚂蚁战士,1,3562,0,20,0,2000,2889.51|4197.93|150.28
13254,QMT_Title_000806,QMT_Purpose_000806,干掉针刺下颚贝利斯在采石场。,干掉贝利斯,1,3563,0,1,0,2000,2849.87|4185.71|151.63
13255,QMT_Title_000807,QMT_Purpose_000807,烈焰决定采取一系列掌上其他采石场在火焰的决定。,火焰决定口袋交付,7,20937,0,1,1,2000,3028.97|4158.09|159.22
13256,QMT_Title_000808,QMT_Purpose_000808,利用采石采矿炸药炸掉gaemigul。,矿山使用炸药,4,20938,0,1,1,2000,2874.45|4201.23|151.64
13257,QMT_Title_000809,QMT_Purpose_000809,在火焰中的采石场的粗下颚克劳尼斯援助。,粗下颚克劳尼斯援助,1,3564,0,1,0,2000,2883.61|4144.76|151.59
13258,QMT_Title_000810,QMT_Purpose_000810,在飞龙巢收集山脉歪伊芬的皮革。,飞龙皮革收集,3,20939,0,20,1,2000,2936.60|4343.16|168.01
13259,QMT_Title_000811,QMT_Purpose_000811,收集卵从飞龙的巢。,翼龙卵采集,3,20940,0,12,1,2000,2936.60|4343.16|168.01
13260,QMT_Title_000812,QMT_Purpose_000812,在飞龙山窝的山脉歪伊芬。,山脉歪伊芬援助,1,3571,0,20,0,2000,2936.60|4343.16|168.01
13261,QMT_Title_000813,QMT_Purpose_000813,在烈焰决定，以确定采石场采石主管达夫美元的命运。,美元达夫生丝鉴定,2,4055,0,1,0,2000,2823.97|4191.00|152.02
13262,QMT_Title_000814,QMT_Purpose_000814,山商需要采石场的营主任达夫美元的安全。,俄罗斯达夫护航,5,27958,0,1,0,2000,3016.23|4173.03|156.37
13263,QMT_Title_000815,QMT_Purpose_000815,在幼小山脉歪伊芬巢，收集飞龙翅膀。,飞龙翅膀收集,3,20942,0,20,1,2000,2936.60|4343.16|168.01
13264,QMT_Title_000816,QMT_Purpose_000816,在飞龙巢的幼小山脉歪伊芬。,幼小飞龙援助,1,3572,0,20,0,2000,2936.60|4343.16|168.01
13265,QMT_Title_000817,QMT_Purpose_000817,在鸟巢和至尊大树枝间杀血光翼修利克。,血光翼修利克援助,1,3573,0,1,0,2000,2908.13|4359.02|168.07
13266,QMT_Title_000818,QMT_Purpose_000818,简单bochungbyeong去跟以弗所文章湖军营。,文章贝雷帽湖谈话,2,4061,0,1,0,2000,2977.42|4481.34|175.86
13301,QMT_Title_000819,QMT_Purpose_000819,体内找出犯人区侦察员哈维的下落。,找到哈维的下落,2,4063,0,1,0,2000,2963.71|4662.13|187.07
13302,QMT_Title_000820,QMT_Purpose_000820,杀死警备链条之气在囚犯领域之中。,干掉警备链条之气,1,3581,0,20,0,2000,2970.12|4702.45|186.92
13303,QMT_Title_000821,QMT_Purpose_000821,杀死警备链条之气收集钥匙。,获取手铐钥匙,3,20943,0,20,1,2000,2970.12|4702.45|186.92
13304,QMT_Title_000822,QMT_Purpose_000822,哈维的死告诉亚军胡蜂湖。,文章贝雷帽湖谈话,2,4061,0,1,0,2000,2977.42|4481.34|175.86
13305,QMT_Title_000823,QMT_Purpose_000823,使用救援信号弹在监狱中的囚犯体内区前台。,使用救援信号弹,4,20945,0,1,1,2000,2992.27|4742.28|188.24
13306,QMT_Title_000824,QMT_Purpose_000824,杀死看守队长贝纳克斯并回收大魔力石。,收集大魔力石,3,20946,0,1,1,2000,2933.97|4725.20|188.05
13307,QMT_Title_000825,QMT_Purpose_000825,杀死看守链条之气在囚犯领域之中。,干掉看守链条之气,1,3582,0,20,0,2000,2970.12|4702.45|186.92
13308,QMT_Title_000826,QMT_Purpose_000826,杀死看守队长贝纳克斯。,干掉看守队长,1,3584,0,1,0,2000,2933.97|4725.20|188.05
13309,QMT_Title_000827,QMT_Purpose_000827,豪尔赫·大地之塔守卫，研究童军训练营，并要求阿尔瓦罗的下落。,豪尔赫·对话,2,4072,0,1,0,2000,2928.74|5001.42|186.52
13351,QMT_Title_000828,QMT_Purpose_000828,恢复无法从塔附近的房舍地质探头的故障勘测器恢复过来。,地质探测失败恢复,3,20948,0,3,1,2000,2962.11|4834.08|181.65
13352,QMT_Title_000829,QMT_Purpose_000829,不安定卢德比尔论的处理，防止附近的房屋倒塌。,干掉不安定卢德比尔论,1,3591,0,20,0,2000,2958.29|4873.70|181.60
13353,QMT_Title_000830,QMT_Purpose_000830,在塔附近的房屋倒塌了因为安定卢德比尔论。,杀死安定卢德比尔论,1,3592,0,20,0,2000,2958.29|4873.70|181.60
13354,QMT_Title_000831,QMT_Purpose_000831,找到奥马尔的下落，在塔的土地塌陷炼金术师南下。,找到奥马尔的下落,2,4074,0,1,0,2000,2884.73|4831.56|181.77
13355,QMT_Title_000832,QMT_Purpose_000832,奥古斯丁将告诉您如何获得探针修复。,区德斯坦交谈,2,4071,0,1,0,2000,2942.16|5012.02|186.42
13356,QMT_Title_000833,QMT_Purpose_000833,使用修复在靠近塔倒塌在地的脂质探头。,使用水文地质探测,4,20950,0,1,1,2000,2877.23|4947.00|185.66
13357,QMT_Title_000834,QMT_Purpose_000834,清除在山上的山脉魔像。,山脉魔像援助,1,3601,0,20,0,2000,3046.30|4944.01|198.54
13358,QMT_Title_000835,QMT_Purpose_000835,清除在山中的炎炎热气魔像。,炎炎热气魔像援助,1,3602,0,20,0,2000,3063.90|5005.68|198.55
13359,QMT_Title_000836,QMT_Purpose_000836,收集在山上魔像傀儡区的魔像碎片。,魔像的雕塑收集,3,20951,0,20,1,2000,3063.90|5005.68|198.55
13360,QMT_Title_000837,QMT_Purpose_000837,处理火焰巨石克拉凯和收集克拉凯的关键核心。,收集克拉凯的核,3,20952,0,1,1,2000,3059.71|5055.65|198.60
13361,QMT_Title_000838,QMT_Purpose_000838,到火焰区干掉石魔岩克拉凯。,火焰巨石克拉凯重点援助,1,3603,0,1,0,2000,3059.71|5055.65|198.60
13362,QMT_Title_000839,QMT_Purpose_000839,在塔的倒塌土地杀死顶级破坏者迈巴克。,顶级破坏者迈巴克援助,1,3593,0,1,0,2000,2870.38|4881.29|188.95
13363,QMT_Title_000840,QMT_Purpose_000840,大地之塔拿顶尖的研究炼金术师9德斯坦的土地阵营进行了调查。,交付前土地调查,7,20954,0,1,1,2000,2942.16|5012.02|186.42
13364,QMT_Title_000841,QMT_Purpose_000841,炼金术士讲述的故事，以芝山位在树树脂酸的栖身之所。,芝山剂和谈话,2,4081,0,1,0,2000,3172.30|5085.19|217.37
13401,QMT_Title_000842,QMT_Purpose_000842,不要烧毁了森林，以帮助消灭干枯斯帕特斯卡。,干枯斯帕特斯卡援助,1,3611,0,20,0,2000,3197.31|5007.67|217.92
13402,QMT_Title_000843,QMT_Purpose_000843,对干燥特利皮特的净化在烧毁的森林。,干燥特利皮特援助,1,3612,0,20,0,2000,3245.63|4950.80|223.59
13403,QMT_Title_000844,QMT_Purpose_000844,收集干枯斯帕特斯卡的干树皮。,瘦壳收集,3,20955,0,20,1,2000,3197.31|5007.67|217.92
13404,QMT_Title_000845,QMT_Purpose_000845,处理后的干燥特利皮特收集干触角。,干触手收藏,3,20956,0,20,1,2000,3245.63|4950.80|223.59
13405,QMT_Title_000846,QMT_Purpose_000846,干掉红叶巴茵特。,红叶巴茵特援助,1,3613,0,1,0,2000,3217.67|4941.82|223.70
13406,QMT_Title_000847,QMT_Purpose_000847,净化红叶巴茵特后收集干燥大触须。,干旱大触手收藏,3,20957,0,1,1,2000,3217.67|4941.82|223.70
13407,QMT_Title_000848,QMT_Purpose_000848,炼金术士德尔对话框，并立即眼泪在森林里。,直接与戴尔洽谈,2,4083,0,1,0,2000,3281.07|5002.26|223.68
13408,QMT_Title_000849,QMT_Purpose_000849,从泪丛斯帕特斯卡采集湿润的表皮。,湿皮收集,3,20958,0,20,1,2000,3351.25|5017.39|234.73
13409,QMT_Title_000850,QMT_Purpose_000850,从泪丛特利皮特身上收集有活力的触须。,收集活泼的触角,3,20959,0,20,1,2000,3351.25|5017.39|234.73
13410,QMT_Title_000851,QMT_Purpose_000851,告诉炼金位在芝山最新调查结果芝山住宅。,芝山剂和谈话,2,4081,0,1,0,2000,3172.30|5085.19|217.37
13411,QMT_Title_000852,QMT_Purpose_000852,眼泪和实验，直接要求炼金德尔附近的森林。,直接与戴尔洽谈,2,4083,0,1,0,2000,3281.07|5002.26|223.68
13412,QMT_Title_000853,QMT_Purpose_000853,收集附近的眼泪丛林土壤。,眼泪丛林土壤取样,3,20961,0,12,1,2000,3351.25|5017.39|234.73
13413,QMT_Title_000854,QMT_Purpose_000854,把细化到芝山的住所更新的芝山炼金有点土的口袋。,纯化土壤口袋交付,7,20962,0,1,1,2000,3172.30|5085.19|217.37
13414,QMT_Title_000855,QMT_Purpose_000855,芝山更新，以任何七个炼金术士炼金术士小镇的报告。,树脂酸最新报告交付,7,20964,0,1,1,2000,3291.79|4712.81|239.63
13451,QMT_Title_000856,QMT_Purpose_000856,存在或亚马逊七炼金术士炼金术士小镇的故事意见。,七，谈话,2,4091,0,1,0,2000,3291.79|4712.81|239.63
13452,QMT_Title_000857,QMT_Purpose_000857,炼金炼金7天的建议或帮助村长介绍亚马逊。,演讲和对话加利福尼亚,2,4092,0,1,0,2000,3248.73|4747.07|236.31
13453,QMT_Title_000858,QMT_Purpose_000858,从战士哈比与士兵哈比收集她们的羽毛。,收集哈比的羽毛,3,20966,0,19,1,2000,3254.24|4833.31|229.59
13454,QMT_Title_000859,QMT_Purpose_000859,战士哈比的援助在冲突地区。,消灭战士哈比,1,3631,0,20,0,2000,3254.24|4833.31|229.59
13455,QMT_Title_000860,QMT_Purpose_000860,哈比士兵在冲突地区的援助。,杀士兵哈比,1,3632,0,20,0,2000,3254.24|4833.31|229.59
13456,QMT_Title_000861,QMT_Purpose_000861,收集红翅膀洞穴的蛋在盆地。,收集卵蛋,3,20967,0,12,1,2000,3242.24|4841.89|229.53
13457,QMT_Title_000862,QMT_Purpose_000862,杀死萨利伊娜在冲突地区。,萨利伊娜援助,1,3633,0,1,0,2000,3405.15|4867.06|247.81
13458,QMT_Title_000863,QMT_Purpose_000863,干掉堕落哈比在哈比的栖息地。,堕落哈比援助,1,3641,0,20,0,2000,3188.66|4693.54|233.34
13459,QMT_Title_000864,QMT_Purpose_000864,蛋从完整的哈比洞穴收集。,采摘完整的哈比洞穴,3,20968,0,12,1,2000,3170.61|4790.09|227.25
13460,QMT_Title_000865,QMT_Purpose_000865,在山龙哈比栖息地杀死袭击德雷昆后收集龙皮。,龙皮革收集,3,20969,0,20,1,2000,3175.66|4726.49|233.59
13461,QMT_Title_000866,QMT_Purpose_000866,摧毁堕落之穴。,堕落巢的破坏,1,3644,0,6,0,2000,3176.81|4676.39|234.08
13462,QMT_Title_000867,QMT_Purpose_000867,攻击德雷昆。,袭击德雷昆,1,3642,0,20,0,2000,3176.81|4676.39|234.08
13463,QMT_Title_000868,QMT_Purpose_000868,在山上干掉山脉脚趾之雷克。,干掉雷克,1,3643,0,1,0,2000,3140.78|4666.19|233.45
13464,QMT_Title_000869,QMT_Purpose_000869,把哈比的修改任何七??个炼金术士炼金术士小镇。,修改交货哈比,7,20970,0,1,1,2000,3291.79|4712.81|239.63
13465,QMT_Title_000870,QMT_Purpose_000870,山坡故事和调查单位炼金术师拜伦。,拜伦交谈,2,4101,0,1,0,2000,3527.10|4834.12|258.47
13466,QMT_Title_000871,QMT_Purpose_000871,山坡采取的一项调查投票减速器炼金术师拜伦。,道岔齿轮传递,7,20972,0,1,1,2000,3295.60|4740.83|239.63
13501,QMT_Title_000872,QMT_Purpose_000872,寻找在双子座附近地面塔台的炼金术士的下落。,找到双子座的下落,2,4103,0,1,0,2000,3538.97|4721.27|253.01
13502,QMT_Title_000873,QMT_Purpose_000873,阻止干枯安提兰斯。,干枯安提兰斯援助,1,3651,0,20,0,2000,3526.70|4664.45|253.10
13503,QMT_Title_000874,QMT_Purpose_000874,收集恩特罗思树枝附近地面上的基地。,收集树枝,3,20973,0,12,1,2000,3526.70|4664.45|253.10
13504,QMT_Title_000875,QMT_Purpose_000875,净化干枯安提兰斯后，采集恩特罗思根。,收集他的根,3,20974,0,20,1,2000,3526.70|4664.45|253.10
13505,QMT_Title_000876,QMT_Purpose_000876,从山脉古木特里囤身上收集古树的精髓。,古树精髓收集,3,20975,0,1,1,2000,3464.09|4661.29|252.35
13506,QMT_Title_000877,QMT_Purpose_000877,山坡故事和调查单位炼金术师拜伦。,拜伦交谈,2,4101,0,1,0,2000,3527.10|4834.12|258.47
13507,QMT_Title_000878,QMT_Purpose_000878,摧毁旧的地质探测器，在熔岩瀑布景区。,摧毁腐朽地质探查器,1,3666,0,3,0,2000,3495.76|4969.73|252.27
13508,QMT_Title_000879,QMT_Purpose_000879,杀死侦察组战士在熔岩地形。,侦察组战士,1,3661,0,20,0,2000,3495.76|4969.73|252.27
13509,QMT_Title_000880,QMT_Purpose_000880,杀侦察组弓箭手在熔岩瀑布景区。,侦察组弓箭手,1,3662,0,20,0,2000,3495.76|4969.73|252.27
13510,QMT_Title_000881,QMT_Purpose_000881,熔岩瀑布景区，收集那些侦察队员的口袋。,收集侦察队的口袋,3,20977,0,20,1,2000,3597.17|4923.10|269.42
13511,QMT_Title_000882,QMT_Purpose_000882,地质探测器，熔岩瀑布区域用于在指定位置。,利用地质探测,4,20978,0,1,1,2000,3485.27|4982.40|251.80
13512,QMT_Title_000883,QMT_Purpose_000883,杀侦察组魔法师在熔岩瀑布景区。,侦察组魔法师,1,3663,0,20,0,2000,3597.17|4923.10|269.42
13513,QMT_Title_000884,QMT_Purpose_000884,收集从熔岩瀑布发现的记录水晶。,水晶记录的集合,3,20980,0,20,1,2000,3597.17|4923.10|269.42
13514,QMT_Title_000885,QMT_Purpose_000885,发现了杰曼的尸体在熔岩瀑布地区，回收他的剑。,回收杰曼的剑,3,20981,0,1,1,2000,3635.60|4932.45|169.45
13515,QMT_Title_000886,QMT_Purpose_000886,杀了血光知奥勒格。,援助血光知奥勒格,1,3665,0,1,0,2000,3580.68|4991.37|269.56
13516,QMT_Title_000887,QMT_Purpose_000887,宾夕法尼亚州探险山谈光在认真祭司。,宾夕法尼亚州谈话,2,4111,0,1,0,2000,3699.14|4898.28|280.38
13517,QMT_Title_000888,QMT_Purpose_000888,山探险传递给牧师宾夕法尼亚州土地改变光的口袋认真。,土地转让修饰的口袋,7,20982,0,1,1,2000,3699.14|4898.28|280.38
13551,QMT_Title_000889,QMT_Purpose_000889,山探险认真的对话与炼金术士力表。,李表和对话,2,4112,0,1,0,2000,3720.37|4887.05|279.20
13552,QMT_Title_000890,QMT_Purpose_000890,找出在山里克·洛克炼金术师远征阵营的下落。,找出里克·洛克的下落。,2,4115,0,1,0,2000,3701.19|5088.23|291.16
13553,QMT_Title_000891,QMT_Purpose_000891,回收在山上的山脉派遣兵的编号牌。,收集山脉派遣兵编号牌,3,20983,0,12,1,2000,3754.23|5070.56|291.17
13554,QMT_Title_000892,QMT_Purpose_000892,杀顶级阵营中的精锐士兵。,干掉精英士兵,1,3671,0,20,0,2000,3754.23|5070.56|291.17
13555,QMT_Title_000893,QMT_Purpose_000893,杀山脉袭击队的精锐魔法师。,干掉精英魔法师,1,3672,0,20,0,2000,3754.23|5070.56|291.17
13556,QMT_Title_000894,QMT_Purpose_000894,进入山脉袭击队的范围，收缴他们的武器。,收集武器刀柄,3,20984,0,19,1,2000,3754.23|5070.56|291.17
13557,QMT_Title_000895,QMT_Purpose_000895,找到山脉研究资料。,获取研究数据,3,20985,0,6,1,2000,3720.03|5070.16|291.62
13558,QMT_Title_000896,QMT_Purpose_000896,探险队到??山上重视方士里克安全锁定。,护送里克·洛克,5,27964,0,1,0,2000,3677.35|4877.84|280.38
13559,QMT_Title_000897,QMT_Purpose_000897,除掉在山上的山脉屠杀者梓主克。,干掉山脉屠杀者,1,3673,0,1,0,2000,3744.06|5025.73|291.21
13560,QMT_Title_000898,QMT_Purpose_000898,搜刮山脉袭击队的食粮口袋。,食品袋收集,3,20986,0,19,1,2000,3754.23|5070.56|291.17
13561,QMT_Title_000899,QMT_Purpose_000899,干掉屠杀者后收集梓主克报告书。,需要一份报告书,3,20987,0,1,1,2000,3744.06|5025.73|291.21
13562,QMT_Title_000900,QMT_Purpose_000900,该报告详细介绍了神父经常更大的光宾夕法尼亚探险山认真的故事。,宾夕法尼亚州谈话,2,4111,0,1,0,2000,3699.14|4898.28|280.38
13563,QMT_Title_000901,QMT_Purpose_000901,这个故事是在熔岩山和栖息地龙骑士，指挥官本·花园。,本园的对话,2,4113,0,1,0,2000,3677.35|4877.84|280.38
13564,QMT_Title_000902,QMT_Purpose_000902,杀熔岩山中的石麟德雷昆。,干掉石麟德雷昆,1,3681,0,20,0,2000,3658.95|4792.20|279.17
13565,QMT_Title_000903,QMT_Purpose_000903,在山上栖息地红色石麟德雷昆。,杀死红石麟德雷昆,1,3682,0,20,0,2000,3658.95|4792.20|279.17
13566,QMT_Title_000904,QMT_Purpose_000904,净化石麟德雷昆后，并收集龙鳞。,收集龙鳞,3,20989,0,19,1,2000,3658.95|4792.20|279.17
13567,QMT_Title_000905,QMT_Purpose_000905,保存教廷为德瑞杜布罗夫尼克熔岩山栖息地的长老。,宾夕法尼亚州谈话,2,4111,0,1,0,2000,3699.14|4898.28|280.38
13568,QMT_Title_000906,QMT_Purpose_000906,长老杜布罗夫尼克排熔岩山栖息地采取了圣洁的光芒。,圣光传递,7,20990,0,1,1,2000,3623.67|4782.43|279.68
13569,QMT_Title_000907,QMT_Purpose_000907,从山上栖息地血腥的熔岩，以帮助血光甲卡勒扎克。,干掉卡勒扎克,1,3683,0,1,0,2000,3636.46|4742.92|279.95
13570,QMT_Title_000908,QMT_Purpose_000908,从血光甲卡勒扎克身上收集血液。,采集血样,3,20991,0,1,1,2000,3636.46|4742.92|279.95
13571,QMT_Title_000909,QMT_Purpose_000909,血腥的圣山栖息地利用早期熔岩圈。,血腥圣水使用,4,20992,0,1,1,2000,3623.28|4790.67|279.74
13572,QMT_Title_000910,QMT_Purpose_000910,山探险队营地发生漏长老偷偷安全。,护送肛门指诊杜布罗夫尼克,5,27894,0,1,0,2000,3699.14|4898.28|280.38
13601,QMT_Title_000911,QMT_Purpose_000911,处理温泉水旁的火麟德雷昆。,处理火麟德雷昆,1,3691,0,19,0,2000,3880.14|4676.28|288.92
13602,QMT_Title_000912,QMT_Purpose_000912,摧毁熔岩温泉区的熔岩山脉魔力石。,摧毁魔力石,1,3694,0,3,0,2000,3880.14|4676.28|288.92
13603,QMT_Title_000913,QMT_Purpose_000913,干掉苔藓麟德雷昆在水疗区。,苔藓麟德雷昆援助,1,3692,0,20,0,2000,3880.14|4676.28|288.92
13604,QMT_Title_000914,QMT_Purpose_000914,在水疗区使用烈火焰魔力石。,使用火焰魔力石,4,20994,0,1,1,2000,3880.39|4668.85|289.99
13605,QMT_Title_000915,QMT_Purpose_000915,援助击杀巨石麟戴鲁者在水疗区。,击杀巨石麟戴鲁者,1,3693,0,1,0,2000,3928.41|4641.76|290.43
13606,QMT_Title_000916,QMT_Purpose_000916,对话和伯努瓦科技教育的熔岩山附近巨大的栖息地。,伯努瓦科技教育谈话,2,4141,0,1,0,2000,3948.77|4732.46|305.30
13607,QMT_Title_000917,QMT_Purpose_000917,打击精锐熔岩德雷昆在巨大的栖息地。,熔岩龙精英的援助,1,3701,0,20,0,2000,4006.77|4686.76|290.66
13608,QMT_Title_000918,QMT_Purpose_000918,打击精锐山脉德雷昆在一个巨大的栖息地。,精锐山脉德雷昆援助,1,3702,0,20,0,2000,4006.77|4686.76|290.66
13609,QMT_Title_000919,QMT_Purpose_000919,杀死熔岩巨石绿雷伊克在巨大的栖息地。,熔岩巨石绿雷伊克,1,3703,0,1,0,2000,4035.37|4730.02|290.78
13610,QMT_Title_000920,QMT_Purpose_000920,对话与火焰翼领去的栖息地。,领德谈话,2,4132,0,1,0,2000,3733.42|4716.75|293.61
13651,QMT_Title_000921,QMT_Purpose_000921,山脉调查队的精锐侦察兵。,精英侦察员援助,1,3711,0,19,0,2000,4020.64|4947.30|323.17
13652,QMT_Title_000922,QMT_Purpose_000922,探险队发现的斥候营锁体的下落。,发现锁体的下落。,2,4153,0,1,0,2000,0
13653,QMT_Title_000923,QMT_Purpose_000923,侦察员采取损坏袋玩具去临时营地。,损坏的行李交付,7,20998,0,1,1,2000,3852.40|4951.05|296.03
13654,QMT_Title_000924,QMT_Purpose_000924,这次探险将使用简易爆炸物侦察营。,使用简易爆炸物,4,20999,0,1,1,2000,4016.71|4970.36|323.26
13655,QMT_Title_000925,QMT_Purpose_000925,探险队收集了一袋金币埋在土壤里。,口袋收集,3,21000,0,1,1,2000,4036.08|4960.34|323.17
13656,QMT_Title_000926,QMT_Purpose_000926,拆除营地的研究和消灭精英守卫。,精英卫兵援助,1,3721,0,20,0,2000,3969.90|5019.51|314.98
13657,QMT_Title_000927,QMT_Purpose_000927,消灭精英保驾护航的弓箭手。,精英弓箭手援助,1,3722,0,20,0,2000,3969.90|5019.51|314.98
13658,QMT_Title_000928,QMT_Purpose_000928,摧毁侦察营内的武器陈列台。,拆除武器货架,1,3724,0,3,0,2000,3969.90|5019.51|314.98
13659,QMT_Title_000929,QMT_Purpose_000929,抢夺山脉调查队的铜币。,钱币收集,3,21002,0,22,1,2000,3971.68|5047.08|315.22
13660,QMT_Title_000930,QMT_Purpose_000930,山科考需要的光宾夕法尼亚州牧师在认真真弧的报告。,真正的弧报告交付,7,21003,0,1,1,2000,3699.14|4898.28|280.38
13661,QMT_Title_000931,QMT_Purpose_000931,请携带高山探险阵营系统生锈的零钱袋。,硬币袋交付,7,21004,0,1,1,2000,3691.21|4860.88|279.20
14001,QMT_Title_000932,QMT_Purpose_000932,要塞前清除被污染的士兵。,被污染的士兵,1,4501,0,10,0,2000,3775.81|4135.03|253.74
14007,QMT_Title_000933,QMT_Purpose_000933,要塞前清除堕落的士兵。,堕落的士兵,1,4502,0,10,0,2000,3775.81|4135.03|253.74
14002,QMT_Title_000934,QMT_Purpose_000934,请在郊区回收炮弹。,回收炮弹,3,21103,0,10,1,2000,3775.77|4127.90|253.89
14003,QMT_Title_000935,QMT_Purpose_000935,请将被破坏的发石车恢复。,发石车的恢复,3,21104,0,10,1,2000,3775.77|4127.90|253.89
14004,QMT_Title_000936,QMT_Purpose_000936,请在指定区域用圣经安吉丽娜。,使用圣经安吉丽娜,4,21102,0,1,1,2000,3891.71|4142.44|255.67
14008,QMT_Title_000937,QMT_Purpose_000937,请净化传唤的否定的存在。,净化否定的存在,1,350401,0,2,0,2000,3901.90|4196.22|255.67
14011,QMT_Title_000938,QMT_Purpose_000938,消除堕落的监视者，并请收回黑暗雕塑。,收集黑暗雕塑,3,21105,0,10,1,2000,3775.81|4135.03|253.74
14012,QMT_Title_000939,QMT_Purpose_000939,为了帮助堕落指挥者贝纳尔。,指挥者贝纳尔援助,1,4506,0,1,0,2000,3701.39|4169.04|238.91
14013,QMT_Title_000940,QMT_Purpose_000940,请从出现在空地的供给品箱子收集补给。,回收补给品,3,21106,0,10,1,2000,3775.77|4127.90|253.89
14014,QMT_Title_000941,QMT_Purpose_000941,请摧毁堡垒前的木栅。,屏障破坏,1,4504,0,4,0,2000,3686.24|4130.92|238.53
14015,QMT_Title_000942,QMT_Purpose_000942,你必须摧毁敌人的冲车在一块空地前面。,冲车破坏,1,4505,0,4,0,2000,3686.24|4130.92|238.53
14021,QMT_Title_000943,QMT_Purpose_000943,驱逐戴姆里伸灵魂破坏者。,灵魂破坏者,1,4507,0,10,0,2000,3653.04|4181.42|235.75
14025,QMT_Title_000944,QMT_Purpose_000944,驱逐戴姆里伸灵魂袭击者。,灵魂袭击者,1,4508,0,10,0,2000,3653.04|4181.42|235.75
14022,QMT_Title_000945,QMT_Purpose_000945,摆脱混沌奴隶诺伊艾勒,混沌奴隶诺伊艾勒,1,4509,0,1,0,2000,3649.53|4261.61|224.99
14026,QMT_Title_000946,QMT_Purpose_000946,获得混沌奴隶诺伊艾勒身上的作战计划。,获得作战计划,3,21108,0,1,1,2000,3649.53|4261.61|224.99
14023,QMT_Title_000947,QMT_Purpose_000947,杀死戴姆里伸灵魂破坏者与袭击者，回收他们的供给品。,获得补给品,3,21109,0,10,1,2000,3653.04|4181.42|235.75
14031,QMT_Title_000948,QMT_Purpose_000948,从农场牺牲者回收鲜血雕塑。,收集鲜血雕塑,3,21110,0,10,1,2000,3732.89|4315.12|227.14
14032,QMT_Title_000949,QMT_Purpose_000949,请从尼尔森农场收集枯死的树枝。,收集枯枝,3,21111,0,10,1,2000,3718.22|4311.00|225.58
14037,QMT_Title_000950,QMT_Purpose_000950,请收集农场尼尔森里受污染的土壤。,收集被污染的土壤,3,21112,0,10,1,2000,3718.22|4311.00|225.58
14033,QMT_Title_000951,QMT_Purpose_000951,请帮助尼尔森农场的牺牲者。,农场牺牲者,1,4512,0,10,0,2000,3732.89|4315.12|227.14
14034,QMT_Title_000952,QMT_Purpose_000952,帮助尼尔森农场瘟疫监视者的净化。,瘟疫监视者,1,4511,0,10,0,2000,3732.89|4315.12|227.14
14041,QMT_Title_000953,QMT_Purpose_000953,请净化尼尔森农场的泰迪斯祭物。,泰迪斯祭物,1,4513,0,1,0,2000,3800.35|4407.65|225.71
14042,QMT_Title_000954,QMT_Purpose_000954,从可疑的缸收集异常的气息。,探查异常的缸,3,21113,0,10,1,2000,3768.20|4378.84|229.73
14043,QMT_Title_000955,QMT_Purpose_000955,请自锁村口塞隆球探交谈。,塞隆和对话,2,5022,0,1,0,2000,3723.38|4443.19|234.11
14051,QMT_Title_000956,QMT_Purpose_000956,请摧毁存在于尼尔森农场的瘟疫罐子。,摧毁瘟疫缸,1,4515,0,10,0,2000,3837.88|4448.97|233.70
14052,QMT_Title_000957,QMT_Purpose_000957,请使用塞隆的火焰石在一个地方。,使用塞隆的火焰石,4,21114,0,1,1,2000,3768.56|4440.60|226.37
14053,QMT_Title_000958,QMT_Purpose_000958,请净化被污染的祭物。,被污染的祭物,1,4514,0,10,0,2000,3808.51|4440.72|226.24
14061,QMT_Title_000959,QMT_Purpose_000959,从瘟疫研究员身上获得研究刊物。,收集研究日志,3,21115,0,10,1,2000,3685.74|4498.69|244.67
14062,QMT_Title_000960,QMT_Purpose_000960,请使用搜集到洛克村广场的信息。,使用收集的诺亚情报卷轴,4,21116,0,1,1,2000,3681.63|4498.68|244.67
14063,QMT_Title_000961,QMT_Purpose_000961,请杀死露丝皮尔召唤术在一片废墟的小镇。,处理召唤来的宠物,1,4523,0,10,0,2000,3685.74|4498.69|244.67
14064,QMT_Title_000962,QMT_Purpose_000962,杀死怪物在瘟疫村。,杀死瘟疫怪物,1,4522,0,10,0,2000,3685.74|4498.69|244.67
14065,QMT_Title_000963,QMT_Purpose_000963,消除瘟疫怪物，请收回村民的财物。,村民遗物回收,3,21117,0,10,1,2000,3685.74|4498.69|244.67
14071,QMT_Title_000964,QMT_Purpose_000964,请使用诺亚的火焰石。,使用诺亚的火焰石,4,21119,0,1,1,2000,3781.57|4549.43|248.16
14072,QMT_Title_000965,QMT_Purpose_000965,请捕杀暴走派克斯。,暴走派克斯,1,4526,0,1,0,2000,3758.40|4538.75|245.05
14073,QMT_Title_000966,QMT_Purpose_000966,请摧毁露丝皮尔水晶球。,破坏露丝皮尔水晶球,1,4525,0,4,0,2000,3692.74|4536.57|250.93
14074,QMT_Title_000967,QMT_Purpose_000967,从村庄的物品箱回收繁杂物品。,杂货回收,3,21120,0,10,1,2000,3672.76|4473.57|242.69
14081,QMT_Title_000968,QMT_Purpose_000968,请杀死深渊的看门人。,深渊的守门人,1,4531,0,10,0,2000,3974.91|4422.05|250.53
14087,QMT_Title_000969,QMT_Purpose_000969,请杀红色深渊的看门人。,红色深渊的守门人,1,4532,0,10,0,2000,3974.91|4422.05|250.53
14082,QMT_Title_000970,QMT_Purpose_000970,请破坏次元龟裂。,破坏次元龟裂,1,4533,0,10,0,2000,3974.91|4422.05|250.53
14083,QMT_Title_000971,QMT_Purpose_000971,请清除深渊的看门人，并得到看门人的肉块。,获取看守者肉块,3,21122,0,10,1,2000,3974.91|4422.05|250.53
14084,QMT_Title_000972,QMT_Purpose_000972,请收集克尔锡矿石。,收集矿石,3,21123,0,10,1,2000,4000.18|4409.54|251.53
14091,QMT_Title_000973,QMT_Purpose_000973,拆除深渊封印石并获得次元石雕塑。,收集次元石雕塑,3,21124,0,1,1,2000,4017.71|4419.34|253.61
14092,QMT_Title_000974,QMT_Purpose_000974,杀死深渊的监护人，并请得到监护人的角。,收集守护者的角,3,21125,0,1,1,2000,4017.71|4419.34|253.61
14101,QMT_Title_000975,QMT_Purpose_000975,请告诉劳伦日的文章在框中，不莱斯饲料网关的前面。,交付货物的文章洛林,7,21126,0,1,1,2000,4011.33|4546.68|269.48
14111,QMT_Title_000976,QMT_Purpose_000976,请干掉守门将并获取他的核心。,收集次元石之核,3,21127,0,1,1,2000,4025.70|4509.12|269.01
14115,QMT_Title_000977,QMT_Purpose_000977,干掉守门将亚尔克茵。,守门将亚尔克茵,1,4535,0,1,0,2000,4025.70|4509.12|269.01
14112,QMT_Title_000978,QMT_Purpose_000978,请干掉亚尔克茵并拿回他的角。,拾取亚尔克茵的角,3,21128,0,1,1,2000,4025.70|4509.12|269.01
14113,QMT_Title_000979,QMT_Purpose_000979,请收回一块空地前被破坏的武器。,残破的武器收集,3,21129,0,10,1,2000,3986.19|4502.76|259.28
14121,QMT_Title_000980,QMT_Purpose_000980,请使用艾格尼丝移动顺序。,为了使用艾格尼丝移动,4,21130,0,1,1,2000,0
14131,QMT_Title_000981,QMT_Purpose_000981,请转发给神圣的安吉丽娜狮子。,交付货物的安吉丽娜,7,21131,0,1,1,2000,3920.33|4162.06|255.67
14141,QMT_Title_000982,QMT_Purpose_000982,请使用警卫移动的卷轴。,用于移动传送卷,4,21133,0,1,1,2000,0
14151,QMT_Title_000983,QMT_Purpose_000983,请净化进球被污染的士兵鬼。,净化被污染士兵的冤魂,1,4541,0,10,0,2000,3451.72|4499.39|181.63
14155,QMT_Title_000984,QMT_Purpose_000984,请净化扭曲的鬼兵。,净化扭曲士兵的冤魂,1,4542,0,10,0,2000,3451.72|4499.39|181.63
14152,QMT_Title_000985,QMT_Purpose_000985,从冤魂身上，请收集被污染的灵魂结晶。,收集被污染的灵魂结晶,3,21134,0,10,1,2000,3451.72|4499.39|181.63
14153,QMT_Title_000986,QMT_Purpose_000986,请在空地周围的营地收集曼德拉草。,曼德拉草收集,3,21135,0,10,1,2000,3456.40|4510.91|182.63
14161,QMT_Title_000987,QMT_Purpose_000987,请清除混沌冤魂克劳卡伊。,混沌冤魂克劳卡伊,1,4543,0,1,0,2000,3369.08|4479.78|177.83
14162,QMT_Title_000988,QMT_Purpose_000988,请使用纯净灵魂的结晶，在营门口。,使用纯化的灵魂结晶,4,21136,0,1,1,2000,3471.31|4504.77|184.27
14163,QMT_Title_000989,QMT_Purpose_000989,请使用精炼的曼陀罗旁边的一块空地。,使用纯净曼陀罗,4,21137,0,1,1,2000,3444.83|4529.60|181.55
14165,QMT_Title_000990,QMT_Purpose_000990,收集召唤物的汁液。,收集汁液,3,21138,0,1,1,2000,3444.83|4529.60|181.55
14171,QMT_Title_000991,QMT_Purpose_000991,请在南部丘陵摆脱马杜克劫匪侦察兵。,马杜克劫匪侦察员援助,1,4544,0,10,0,2000,3429.36|4391.05|178.81
14172,QMT_Title_000992,QMT_Purpose_000992,从马杜克盗贼团侦察兵收集忘却雕塑。,拾取雕塑,3,21139,0,10,1,2000,3429.36|4391.05|178.81
14173,QMT_Title_000993,QMT_Purpose_000993,从马杜克盗贼团突击兵回收掠夺品。,回收马杜克的掠夺品,3,21140,0,10,1,2000,3429.36|4391.05|178.81
14181,QMT_Title_000994,QMT_Purpose_000994,从马杜克劫匪突击兵收集强盗的印章。,马杜克劫匪的徽记,3,21141,0,10,1,2000,3429.36|4391.05|178.81
14182,QMT_Title_000995,QMT_Purpose_000995,请在南部山麓使用被遗忘的结晶。,使用忘却结晶,4,21142,0,1,1,2000,3431.46|4309.77|175.82
14185,QMT_Title_000996,QMT_Purpose_000996,净化召唤出来的马杜克布莱恩。,净化被污染的布莱恩马杜克,1,350406,0,1,0,2000,3431.46|4309.77|175.82
14183,QMT_Title_000997,QMT_Purpose_000997,请调查可疑的沙堆出现在营地的南部。,挖出马杜克的百宝箱,3,21143,0,1,1,2000,3384.52|4283.93|178.81
14191,QMT_Title_000998,QMT_Purpose_000998,请杀骷髅士兵凯尔索蒂亚墓地。,骷髅战士援助,1,4561,0,10,0,2000,3444.53|4043.97|190.56
14197,QMT_Title_000999,QMT_Purpose_000999,请杀骷髅弓箭手公墓凯尔索迪亚。,骷髅弓箭手援助,1,4565,0,10,0,2000,3444.53|4043.97|190.56
14198,QMT_Title_001000,QMT_Purpose_001000,请杀凯尔索蒂亚墓地骷髅魔法师。,骷髅魔法师援助,1,4562,0,10,0,2000,3444.53|4043.97|190.56
14192,QMT_Title_001001,QMT_Purpose_001001,请使用搜集到蒂亚凯尔墓地的信息。,通过分析所收集的订单信息,4,21144,0,1,1,2000,3432.08|4111.14|190.56
14199,QMT_Title_001002,QMT_Purpose_001002,请杀召唤来的红刺客。,红刺客援助,1,350407,0,2,0,2000,3432.08|4111.14|190.56
14193,QMT_Title_001003,QMT_Purpose_001003,请杀凯尔迪亚墓地的见习耐克罗迈西。,亡灵巫师学徒,1,4566,0,10,0,2000,3444.53|4043.97|190.56
14194,QMT_Title_001004,QMT_Purpose_001004,请收集死亡书板在凯尔索蒂亚墓地。,收集死亡书板,3,21145,0,10,1,2000,3444.03|4088.90|190.48
14201,QMT_Title_001005,QMT_Purpose_001005,骷髅骑士特拉卡，请杀死在一个墓地蒂亚凯尔。,骷髅骑士援助,1,4567,0,1,0,2000,3384.39|4131.18|201.39
14202,QMT_Title_001006,QMT_Purpose_001006,请击败港长雷姆利雅并取回她的手杖。,获得雷姆利雅手杖,3,21146,0,1,1,2000,3507.93|4150.85|197.85
14205,QMT_Title_001007,QMT_Purpose_001007,请摧毁司令之珠并带回核心。,取得司令弹珠之核,3,21147,0,1,1,2000,3507.93|4150.85|197.85
14203,QMT_Title_001008,QMT_Purpose_001008,请杀公墓中的骷髅士兵，回收黑暗之骨。,获得黑暗之骨,3,21148,0,10,1,2000,3444.53|4043.97|190.56
14211,QMT_Title_001009,QMT_Purpose_001009,请在营地使用不完整的黑暗珠子于周围空地。,使用有缺陷的黑暗弹珠,4,21150,0,1,1,2000,3502.74|4224.99|178.31
14212,QMT_Title_001010,QMT_Purpose_001010,请传唤援助的巨型骷髅兵。,巨型骷髅士兵丧生,1,350408,0,1,0,2000,3502.74|4224.99|178.31
14221,QMT_Title_001011,QMT_Purpose_001011,请谈谈琳达·贝尔博士能公墓在牧师面前。,琳达，为什么谈话,2,5062,0,1,0,2000,3239.92|4296.74|163.97
14231,QMT_Title_001012,QMT_Purpose_001012,请击杀月部队侦察兵。,月部队侦察兵,1,4546,0,10,0,2000,3271.98|4254.80|162.12
14235,QMT_Title_001013,QMT_Purpose_001013,请击杀红月部队护卫兵。,红月部队护卫兵,1,4547,0,10,0,2000,3271.98|4254.80|162.12
14232,QMT_Title_001014,QMT_Purpose_001014,请攻击红月亮部队士兵，以拿到密文。,获得红月亮的密文,3,21151,0,10,1,2000,3271.98|4254.80|162.12
14233,QMT_Title_001015,QMT_Purpose_001015,请杀了前面的红色月亮部队士兵并回收他们的武器。,收集红月亮的武器,3,21152,0,10,1,2000,3271.98|4254.80|162.12
14241,QMT_Title_001016,QMT_Purpose_001016,请击败分队长并拿下他的赤色月部队指令书,获取指令书,3,21153,0,1,1,2000,3310.82|4234.82|164.03
14242,QMT_Title_001017,QMT_Purpose_001017,击败分队长布劳德玛伍,分队长援助,1,4548,0,1,0,2000,3310.82|4234.82|164.03
14251,QMT_Title_001018,QMT_Purpose_001018,请杀死耐克罗迈西在内尔公墓。,死灵法师援助,1,4574,0,10,0,2000,3203.22|4437.07|173.56
14252,QMT_Title_001019,QMT_Purpose_001019,请杀暗法师港长布利斯在凡尔赛宫。,布利斯援助,1,4577,0,1,0,2000,3286.86|4353.01|182.59
14253,QMT_Title_001020,QMT_Purpose_001020,杀死强化骷髅士兵在内尔贝尔公墓。,强化骷髅士兵,1,4571,0,10,0,2000,3152.38|4418.41|180.05
14257,QMT_Title_001021,QMT_Purpose_001021,强化骷髅弓箭手杀死在墓地。,强化骷髅弓箭手,1,4572,0,10,0,2000,3152.38|4418.41|180.05
14258,QMT_Title_001022,QMT_Purpose_001022,杀死强化骷髅魔法师在内尔贝尔公墓。,强化骷髅魔法师,1,4573,0,10,0,2000,3187.98|4463.01|182.91
14254,QMT_Title_001023,QMT_Purpose_001023,请收集处在公墓四周地面上的结界石。,采集结界石雕,3,21155,0,10,1,2000,3210.68|4395.71|174.00
14255,QMT_Title_001024,QMT_Purpose_001024,请杀死耐克罗迈西并拾取黑暗的魔法书。,获得魔法书,3,21156,0,10,1,2000,3203.22|4437.07|173.56
14261,QMT_Title_001025,QMT_Purpose_001025,请获得死亡的花。,收集死亡之花,3,21157,0,10,1,2000,3210.68|4395.71|174.00
14262,QMT_Title_001026,QMT_Purpose_001026,请获得布什内尔维尔墓地陵园的土。,获取墓地的土壤,3,21158,0,10,1,2000,3210.68|4395.71|174.00
14271,QMT_Title_001027,QMT_Purpose_001027,请使用黑暗波动弹珠。,使用黑暗波动弹珠,4,21160,0,1,1,2000,3271.57|4298.58|163.18
14281,QMT_Title_001028,QMT_Purpose_001028,请使用琳达的发火石。,琳达用于起火,4,21161,0,1,1,2000,3191.68|4222.26|169.01
14282,QMT_Title_001029,QMT_Purpose_001029,请杀死骑士幽灵。,杀死骑士幽灵,1,4551,0,10,0,2000,3179.89|4217.71|168.93
14285,QMT_Title_001030,QMT_Purpose_001030,请将营地的骑士冤魂净化。,净化骑士冤魂,1,4552,0,10,0,2000,3179.89|4217.71|168.93
14283,QMT_Title_001031,QMT_Purpose_001031,处理骑士后，请收回铠甲雕塑。,获得骑士的铠甲,3,21162,0,10,1,2000,3179.89|4217.71|168.93
14291,QMT_Title_001032,QMT_Purpose_001032,处理了骑士幽灵鬼后，请回收被污染的灵魂结晶。,收集被污染的灵魂结晶,3,21163,0,10,1,2000,3179.89|4217.71|168.93
14292,QMT_Title_001033,QMT_Purpose_001033,请净化艾姆帕斯冤魂。,杀冤魂,1,4553,0,1,0,2000,3237.20|4166.45|165.66
14293,QMT_Title_001034,QMT_Purpose_001034,孟菲斯补给品从营地的供给箱收集。,获得补给品,3,21164,0,10,1,2000,3179.89|4217.71|168.93
14294,QMT_Title_001035,QMT_Purpose_001035,请将遗弃在恩帕斯营的武器收回。,被遗弃的武器回收,3,21165,0,10,1,2000,3179.89|4217.71|168.93
14301,QMT_Title_001036,QMT_Purpose_001036,存在于绝路的瘟疫雾洞，请收集瘟疫的痕迹。,获得瘟疫的证据,3,21166,0,10,1,2000,3252.48|4038.07|144.05
14302,QMT_Title_001037,QMT_Purpose_001037,请收集枯死的树枝。,枯枝收集,3,21167,0,10,1,2000,3252.48|4038.07|144.05
14303,QMT_Title_001038,QMT_Purpose_001038,请在真理营地的光传递报表。,大通报告交付,7,21168,0,1,1,2000,3357.88|3865.85|178.53
14304,QMT_Title_001039,QMT_Purpose_001039,请清除造成困扰的疫病狼。,疫病狼杀死,1,4581,0,10,0,2000,3252.48|4038.07|144.05
14305,QMT_Title_001040,QMT_Purpose_001040,请清除造成困扰的疫病熊。,驱逐疫病熊,1,4582,0,10,0,2000,3252.48|4038.07|144.05
14311,QMT_Title_001041,QMT_Purpose_001041,请使用水晶球附近的山谷。,使用水晶球克拉拉,4,21169,0,1,1,2000,3229.78|3818.01|171.10
14312,QMT_Title_001042,QMT_Purpose_001042,道路上请检查恶臭的土壤。,臭污物采样,3,21170,0,10,1,2000,3176.14|3885.71|158.63
14313,QMT_Title_001043,QMT_Purpose_001043,杀狼和熊，并请取得腐肉。,腐肉收集,3,21171,0,10,1,2000,3194.11|3865.91|165.36
14314,QMT_Title_001044,QMT_Purpose_001044,杀死巨疫病虫论劳克，并请获得论劳克疫病口袋。,收集论劳克疫病口袋,3,21172,0,1,1,2000,3157.49|3884.62|159.15
14315,QMT_Title_001045,QMT_Purpose_001045,杀死疫病狼，请收集变异狼的牙齿。,获得变异狼的牙齿,3,21173,0,10,1,2000,3194.11|3865.91|165.36
14316,QMT_Title_001046,QMT_Purpose_001046,杀疫病熊，请收集突变熊皮。,突变熊皮收集,3,21174,0,10,1,2000,3194.11|3865.91|165.36
14321,QMT_Title_001047,QMT_Purpose_001047,请使用枯雾区域运行命令。,使用瘟疫雾移动订单,4,21175,0,1,1,2000,0
14322,QMT_Title_001048,QMT_Purpose_001048,请使用罗莎移动顺序。,使用罗莎的移动顺序,4,21176,0,1,1,2000,0
14331,QMT_Title_001049,QMT_Purpose_001049,请杀死疫虫和收集它的肉。,收集疫虫肉,3,21177,0,10,1,2000,3430.33|3684.07|69.13
14332,QMT_Title_001050,QMT_Purpose_001050,请获得侦察兵的报告。,拾取报告,3,21178,0,1,1,2000,3464.31|3674.57|72.17
14333,QMT_Title_001051,QMT_Purpose_001051,请杀死疫虫。,杀死疫虫,1,4591,0,10,0,2000,3430.33|3684.07|69.13
14335,QMT_Title_001052,QMT_Purpose_001052,请杀死瘟疫骷髅虫子在瘟疫阴霾山谷。,杀死瘟疫骷髅虫子,1,4592,0,10,0,2000,3430.33|3684.07|69.13
14334,QMT_Title_001053,QMT_Purpose_001053,请破坏瘟疫雾霾山谷中的疫虫卵。,破坏疫虫卵,1,4594,0,10,0,2000,3425.73|3688.71|69.18
14341,QMT_Title_001054,QMT_Purpose_001054,请摧毁瘟疫之雾峡谷中的雾洞瘟疫。,摧毁雾洞,1,4595,0,10,0,2000,3425.73|3688.71|69.18
14351,QMT_Title_001055,QMT_Purpose_001055,克拉拉，报告交付,克拉拉，报告交付,7,21180,0,1,1,2000,3361.86|3813.98|178.53
14361,QMT_Title_001056,QMT_Purpose_001056,请使用谷死者移动的卷轴。,死谷为了移动使用,4,21181,0,1,1,2000,0
14362,QMT_Title_001057,QMT_Purpose_001057,使用订单蕾哈娜移动,使用订单蕾哈娜移动,4,21182,0,1,1,2000,0
14371,QMT_Title_001058,QMT_Purpose_001058,请击杀卡德尼尔的仆从和卡德尼尔的追随者，并收集亡者的邪念。,死的人的恶念集合,3,21183,0,10,1,2000,3280.56|3703.92|73.13
14372,QMT_Title_001059,QMT_Purpose_001059,请在亡者山谷采集染病的树枝。,获得染病的树枝,3,21184,0,1,1,2000,3236.48|3737.54|71.31
14373,QMT_Title_001060,QMT_Purpose_001060,请在亡者山谷采集黑暗结晶。,获得黑暗结晶,3,21185,0,1,1,2000,3237.92|3665.38|71.40
14374,QMT_Title_001061,QMT_Purpose_001061,请消灭卡德尼尔的仆从。,击杀卡德尼尔的下人,1,4601,0,10,0,2000,3280.56|3703.92|73.13
14377,QMT_Title_001062,QMT_Purpose_001062,请消灭卡德尼尔的追随者。,击杀卡德尼尔的追随者,1,4602,0,10,0,2000,3280.56|3703.92|73.13
14375,QMT_Title_001063,QMT_Purpose_001063,请在亡者山谷破坏装有骨头的缸。,破坏装有骨头的罐子,1,4605,0,10,0,2000,3260.93|3705.92|71.92
14381,QMT_Title_001064,QMT_Purpose_001064,请击杀亡者之主卡德尼尔。,击杀卡德尼尔,1,4604,0,1,0,2000,3185.16|3703.84|74.99
14385,QMT_Title_001065,QMT_Purpose_001065,请击杀卡德尼尔的护卫兵。,杀死卡尼尔护卫兵,1,4603,0,8,0,2000,3193.68|3677.98|74.71
14382,QMT_Title_001066,QMT_Purpose_001066,请击杀卡德尼尔的护卫兵，并回收附有黑暗的骨头碎片。,收集附有黑暗的骨头碎片,3,21187,0,8,1,2000,3193.68|3677.98|74.71
14391,QMT_Title_001067,QMT_Purpose_001067,请告诉邓丽君报告卢卡斯的训练营中的真理之光。,特里萨瑞安交付报告,7,21188,0,1,1,2000,3361.86|3813.98|178.53
14392,QMT_Title_001068,QMT_Purpose_001068,在真理营地的光大通的交谈。,邓丽君传给卢卡斯的报告,7,21189,0,1,1,2000,3361.86|3813.98|178.53
14401,QMT_Title_001069,QMT_Purpose_001069,请办理红狼瘟疫毁灭了的路东。,大通和谈话,2,5071,0,1,0,2000,3357.88|3865.85|178.53
14411,QMT_Title_001070,QMT_Purpose_001070,请在毁灭之路东侧处理染病的红狼。,击杀疫病红狼,1,4584,0,10,0,2000,3459.10|3793.38|182.84
14415,QMT_Title_001071,QMT_Purpose_001071,请在毁灭之路东侧处理染病的红熊。,击杀疫病红熊,1,4585,0,10,0,2000,3459.10|3793.38|182.84
14412,QMT_Title_001072,QMT_Purpose_001072,请从染病的红狼和染病的红熊身上回收变异的肉块。,获得变异的肉块,3,21190,0,10,1,2000,3459.10|3793.38|182.84
14421,QMT_Title_001073,QMT_Purpose_001073,请击杀巨疫病蜘蛛兰塞度勒。,击杀兰塞度勒,1,4587,0,1,0,2000,3510.43|3803.79|190.86
14422,QMT_Title_001074,QMT_Purpose_001074,请击杀巨疫病蜘蛛兰塞度勒后，收集他的疫病囊袋。,获得兰塞的疫病囊袋,3,21192,0,1,1,2000,3510.43|3803.79|190.86
14423,QMT_Title_001075,QMT_Purpose_001075,请破坏兰塞度勒的卵。,破坏卵,1,4586,0,10,0,2000,3505.88|3821.64|190.92
14431,QMT_Title_001076,QMT_Purpose_001076,请使用泰丽莎的水晶球.,使用泰丽莎的水晶球,4,21193,0,1,1,2000,0
14441,QMT_Title_001077,QMT_Purpose_001077,请破坏空地上散落的石堆，确保运输路线畅通。,摧毁岩石堆,1,4612,0,10,0,2000,3594.66|3953.85|213.98
14442,QMT_Title_001078,QMT_Purpose_001078,请在东部空地采集剧毒草。,采集剧毒草,3,21195,0,10,1,2000,3651.11|3975.74|220.50
14451,QMT_Title_001079,QMT_Purpose_001079,请在东部空地回收卢卡斯的身份牌。,获得卢卡斯的身份牌,3,21197,0,1,1,2000,3747.77|4015.85|226.46
14461,QMT_Title_001080,QMT_Purpose_001080,使用多米尼卡召唤石。,多米尼加使用召唤石,4,21198,0,1,1,2000,3609.80|3944.88|213.88
14471,QMT_Title_001081,QMT_Purpose_001081,请击杀克拉的牺牲者，并收集牺牲者的肉块。,获取牺牲者的肉,3,21199,0,10,1,2000,3669.81|3934.69|225.39
14475,QMT_Title_001082,QMT_Purpose_001082,请击杀克拉的监视者，并收集监视者的骨片。,获得监视者的骨片,3,21200,0,10,1,2000,3669.81|3934.69|225.39
14472,QMT_Title_001083,QMT_Purpose_001083,请在克拉德农场收集被污染的土壤。,收集被污染的土壤,3,21201,0,10,1,2000,3669.81|3934.69|225.39
14473,QMT_Title_001084,QMT_Purpose_001084,请使用卷轴。,通过分析所收集的订单信息,4,21202,0,1,1,2000,3700.36|3925.10|227.99
14481,QMT_Title_001085,QMT_Purpose_001085,请找到拉兹伦的文件箱拾取研究资料。,获得研究资料,3,21204,0,1,1,2000,3753.03|3898.46|231.11
14482,QMT_Title_001086,QMT_Purpose_001086,请在格拉德农场击杀杀罗兹伦幽灵。,杀罗兹伦幽灵,1,4616,0,1,0,2000,3718.79|3942.78|230.26
14491,QMT_Title_001087,QMT_Purpose_001087,请进球红月调查瓶袋。,交付给多米尼加莉娜报告,7,21205,0,1,1,2000,4029.54|3860.55|237.01
14501,QMT_Title_001088,QMT_Purpose_001088,请击杀红月部队侦察兵。,击杀红月部队侦察兵,1,4631,0,10,0,2000,3894.93|3876.73|226.98
14505,QMT_Title_001089,QMT_Purpose_001089,请击杀红月部队暗杀者。,击杀红月部队暗杀者,1,4632,0,10,0,2000,3894.93|3876.73|226.98
14502,QMT_Title_001090,QMT_Purpose_001090,请从周围的空地拾取红月部队丢弃的武器。,被遗弃的武器回收,3,21207,0,10,1,2000,3895.15|3859.23|226.15
14503,QMT_Title_001091,QMT_Purpose_001091,请在周围的空地获得无名香草。,收集无名香草,3,21208,0,10,1,2000,3895.15|3859.23|226.15
14511,QMT_Title_001092,QMT_Purpose_001092,请在艾林村庄废墟击杀混沌的契约者，并回收契约的证物。,获得契约的证物,3,21209,0,10,1,2000,3992.89|3963.29|246.78
14512,QMT_Title_001093,QMT_Purpose_001093,请在艾林村庄废墟消灭混沌的监视者。,击杀混沌监视者,1,4621,0,10,1,2000,3992.89|3963.29|246.78
14517,QMT_Title_001094,QMT_Purpose_001094,请在艾林村庄废墟消灭混沌的奴隶。,击杀混沌奴隶,1,4623,0,10,1,2000,3992.89|3963.29|246.78
14513,QMT_Title_001095,QMT_Purpose_001095,请从存在于艾林村庄废墟的侦察兵尸体上回收侦察兵的身份牌。,侦察兵的身份牌收集,3,21210,0,1,1,2000,3927.76|3950.51|249.02
14514,QMT_Title_001096,QMT_Purpose_001096,请从存在于艾林村庄废墟的文件箱中回收村庄经营日志。,回收村庄经营日志,3,21211,0,1,1,2000,3985.69|3986.92|248.02
14515,QMT_Title_001097,QMT_Purpose_001097,请击杀残酷布雷伊甸。,击杀残酷布雷伊甸,1,4625,0,1,0,2000,3927.16|4055.53|250.24
14516,QMT_Title_001098,QMT_Purpose_001098,请从存在于艾林村庄废墟的可疑箱子中回收金币袋。,找到金币袋,3,21213,0,1,1,2000,4002.12|4051.79|250.92
14521,QMT_Title_001099,QMT_Purpose_001099,请击杀红月部队黑魔法师，并回收红色水晶球。,得到红色水晶球,3,21214,0,1,1,2000,3982.29|3802.56|230.03
14522,QMT_Title_001100,QMT_Purpose_001100,请击杀红月部队黑魔法师。,击杀红月部队黑魔法师,1,4633,0,10,0,2000,3982.29|3802.56|230.03
14525,QMT_Title_001101,QMT_Purpose_001101,请击杀红月部队突击兵。,击杀红月部队突击兵,1,4634,0,10,0,2000,3982.29|3802.56|230.03
14523,QMT_Title_001102,QMT_Purpose_001102,请击杀分队长布雷德鲁迪。,击杀分队长,1,4635,0,1,0,2000,3954.01|3647.93|235.99
14527,QMT_Title_001103,QMT_Purpose_001103,请击杀被召唤的混沌存在。,击杀混沌存在,1,350418,0,1,0,2000,3954.01|3647.93|235.99
14524,QMT_Title_001104,QMT_Purpose_001104,在文章地球拉里城市广场，请使用艾莎的后检查的情况。,比希转移到GAILLARDE milseo,7,21216,0,1,1,2000,3906.15|3696.85|244.87
14531,QMT_Title_001105,QMT_Purpose_001105,请在格莱瑞厄斯村庄广场使用艾伊莎的净化石，然后确认状况。,使用阿伊莎的净化石,4,21217,0,1,1,2000,3834.68|3645.11|255.73
14532,QMT_Title_001106,QMT_Purpose_001106,请在格莱瑞厄斯村庄回收生活用品箱。,获取衣食住行盒,3,21218,0,10,1,2000,3896.77|3634.68|244.87
14533,QMT_Title_001107,QMT_Purpose_001107,请在格莱瑞厄斯村庄回收粮食袋子。,获得粮食袋,3,21219,0,10,1,2000,3896.77|3634.68|244.87
14541,QMT_Title_001108,QMT_Purpose_001108,请在格莱瑞厄斯村庄击杀村民。,将村民打死,1,4641,0,10,0,2000,3832.85|3644.40|255.73
14545,QMT_Title_001109,QMT_Purpose_001109,请将村民死后召唤出的混沌之恶杀死。,杀混乱的恶灵,1,350419,0,10,0,2000,3832.85|3644.40|255.73
14546,QMT_Title_001110,QMT_Purpose_001110,请在格莱瑞厄斯村庄击杀村妇。,击杀村妇,1,4642,0,10,0,2000,3832.85|3644.40|255.73
14542,QMT_Title_001111,QMT_Purpose_001111,请收集恶灵死后凝结的核心。,收集混沌之核,3,21220,0,10,1,2000,3832.85|3644.40|255.73
14543,QMT_Title_001112,QMT_Purpose_001112,请在格莱瑞厄斯村庄广场使用神圣发火石。,使用神圣发火石,4,21221,0,1,1,2000,3818.70|3652.71|255.73
14544,QMT_Title_001113,QMT_Purpose_001113,请消灭村长拉赫尔特。,击杀村长,1,4643,0,1,0,2000,3793.20|3625.98|255.73
14547,QMT_Title_001114,QMT_Purpose_001114,请消灭村长死后被召唤的混沌意志。,击杀混沌的意志,1,350420,0,1,0,2000,3793.20|3625.98|255.73
14551,QMT_Title_001115,QMT_Purpose_001115,请在格莱瑞厄斯城击杀堕落战士，并收集堕落战士的邪念。,收集堕落战士的邪念,3,21222,0,10,1,2000,3769.04|3716.09|262.90
14559,QMT_Title_001116,QMT_Purpose_001116,请在格莱瑞厄斯城击杀堕落弓箭手，并收集堕落弓箭手的邪念。,收集堕落弓箭手的邪念,3,21223,0,10,1,2000,3769.04|3716.09|262.90
14552,QMT_Title_001117,QMT_Purpose_001117,请消灭存在于格莱瑞厄斯城的堕落魔法师，并收集堕落魔法师的魔力石。,获得堕落魔法师的魔力石,3,21224,0,10,1,2000,3769.04|3716.09|262.90
14553,QMT_Title_001118,QMT_Purpose_001118,请从存在于格莱瑞厄斯城的堕落雾洞中采集堕落雾气。,采样堕落雾气,3,21225,0,10,1,2000,3771.68|3712.29|262.84
14554,QMT_Title_001119,QMT_Purpose_001119,请在格莱瑞厄斯城收集堕落结晶。,收集堕落结晶,3,21226,0,10,1,2000,3769.04|3716.09|262.90
14555,QMT_Title_001120,QMT_Purpose_001120,请在格莱瑞厄斯城击杀堕落战士。,击杀堕落战士,1,4644,0,10,0,2000,3769.04|3716.09|262.90
14567,QMT_Title_001121,QMT_Purpose_001121,请在格莱瑞厄斯城击杀堕落弓箭手。,击杀堕落弓箭手,1,4645,0,10,0,2000,3769.04|3716.09|262.90
14568,QMT_Title_001122,QMT_Purpose_001122,请在格莱瑞厄斯城击杀堕落魔法师。,击杀堕落魔法师,1,4646,0,10,0,2000,3769.04|3716.09|262.90
14556,QMT_Title_001123,QMT_Purpose_001123,请在格莱瑞厄斯城击杀堕落的灵魂。,击杀堕落灵魂,1,4647,0,10,0,2000,3769.04|3716.09|262.90
14557,QMT_Title_001124,QMT_Purpose_001124,请消灭堕落的灵魂，并回收堕落灵魂的结晶。,堕落灵魂的结晶收集,3,21227,0,10,1,2000,3769.04|3716.09|262.90
14558,QMT_Title_001125,QMT_Purpose_001125,请消灭堕落的战士，并回收堕落战士的剑。,获得阵亡战士的剑,3,21228,0,10,1,2000,3769.04|3716.09|262.90
14560,QMT_Title_001126,QMT_Purpose_001126,请消灭堕落的弓箭手，并回收堕落弓箭手的弓。,收集堕落弓箭手的弓,3,21229,0,10,1,2000,3769.04|3716.09|262.90
14561,QMT_Title_001127,QMT_Purpose_001127,在格莱瑞厄斯城击杀堕落克拉里奥斯侯爵。,击杀侯爵,1,4664,0,1,0,2000,3842.86|3727.56|263.09
14569,QMT_Title_001128,QMT_Purpose_001128,在格莱瑞厄斯城击杀堕落参谋长路伊兹。,击杀参谋长,1,4663,0,1,0,2000,3842.86|3727.56|263.09
14562,QMT_Title_001129,QMT_Purpose_001129,在格莱瑞厄斯城击杀堕落骑士团长格雷高力。,击杀团长,1,4661,0,1,0,2000,3732.05|3701.16|263.06
14570,QMT_Title_001130,QMT_Purpose_001130,在格莱瑞厄斯城击杀堕落副队长本尼迪克特。,击杀副队长,1,4662,0,1,0,2000,3732.58|3765.65|262.50
14563,QMT_Title_001131,QMT_Purpose_001131,请从存在于格莱瑞厄斯城的补给马车中回收钱币袋。,找到金币袋,3,21234,0,1,1,2000,3873.74|3741.38|266.19
14564,QMT_Title_001132,QMT_Purpose_001132,请消灭堕落克拉里奥斯侯爵，并回收侯爵的印章。,击杀侯爵后获得印章,3,21235,0,1,1,2000,3842.86|3727.56|263.09
14571,QMT_Title_001133,QMT_Purpose_001133,使用移动卷轴,使用移动卷轴,4,21238,0,1,1,2000,0
14581,QMT_Title_001134,QMT_Purpose_001134,请击杀黑月部队突击兵。,击杀黑月部队突击兵,1,4671,0,10,0,2000,3686.82|3372.16|236.27
14587,QMT_Title_001135,QMT_Purpose_001135,请击杀黑月部队战斗兵。,击杀黑月部队战斗兵,1,4672,0,10,0,2000,3686.82|3372.16|236.27
14582,QMT_Title_001136,QMT_Purpose_001136,请击杀黑月部队突击兵和战斗兵，并回收污染的肉块。,收集受污染的肉,3,21242,0,10,1,2000,3686.82|3372.16|236.27
14583,QMT_Title_001137,QMT_Purpose_001137,请在要塞前的空地上使用木栅设置工具。,使用屏障安装工具,4,21243,0,1,1,2000,3682.55|3347.59|238.11
14584,QMT_Title_001138,QMT_Purpose_001138,请在希望之光要塞的内部空地上使用发石机召唤卷轴。,使用发石机召唤卷轴,4,21244,0,1,1,2000,3683.35|3336.24|239.59
14585,QMT_Title_001139,QMT_Purpose_001139,请消灭黑月部队突击兵和战斗兵，并回收黑石雕塑。,黑色石雕收集,3,21245,0,10,1,2000,3686.82|3372.16|236.27
14586,QMT_Title_001140,QMT_Purpose_001140,请收集黑月部队遗弃的武器。,被遗弃的武器收集,3,21246,0,10,1,2000,3718.35|3394.97|234.47
14591,QMT_Title_001141,QMT_Purpose_001141,必须破坏黑月部队攻城槌。,破坏黑月部队攻城槌,1,4673,0,4,0,2000,3655.61|3424.38|234.34
14592,QMT_Title_001142,QMT_Purpose_001142,请击杀黑月部队突击兵和战斗兵，并回收污染的灵魂结晶。,收集污染的灵魂结晶,3,21247,0,10,1,2000,3686.82|3372.16|236.27
14593,QMT_Title_001143,QMT_Purpose_001143,请在要塞内的空地上使用岩石灵石。,使用岩石灵石,4,21248,0,1,1,2000,3677.16|3331.15|240.12
14594,QMT_Title_001144,QMT_Purpose_001144,请在黑月部队营地击杀黑月赛莱克。,击杀黑月赛莱克,1,4674,0,1,0,2000,3795.32|3460.67|218.77
14595,QMT_Title_001145,QMT_Purpose_001145,请从黑月部队营地内的文件箱中回收黑暗指令书。,获得黑暗指令书,3,21249,0,1,1,2000,3783.36|3432.11|219.99
14596,QMT_Title_001146,QMT_Purpose_001146,请在黑月部队营地击杀赛莱克，并回收他的污染灵魂石。,获得污染灵魂石,3,21250,0,1,1,2000,3795.32|3460.67|218.77
14601,QMT_Title_001147,QMT_Purpose_001147,使用紧急运行命令。,使用紧急运行命令,4,21251,0,1,1,2000,0
14611,QMT_Title_001148,QMT_Purpose_001148,告诉他库恩在临时营地圣经艾丽西亚。,交货圣经艾丽西亚库恩,7,21252,0,1,1,2000,3849.08|3425.22|216.15
14612,QMT_Title_001149,QMT_Purpose_001149,你应该在临时营地与佩雷斯交谈。,佩雷斯和谈话,2,5106,0,1,0,2000,3845.88|3422.79|217.08
14621,QMT_Title_001150,QMT_Purpose_001150,请在红月部队营地破坏红月部队木栅。,红月部队的屏障破坏,1,4684,0,4,0,2000,3859.15|3401.41|222.01
14622,QMT_Title_001151,QMT_Purpose_001151,请击杀红月部队的战士、弓箭手、魔法师，并回收变异的肉块。,获得变异肉块,3,21253,0,10,1,2000,3859.15|3401.41|222.01
14623,QMT_Title_001152,QMT_Purpose_001152,请在红月部队营地破坏红月部队投石机。,红月部队投石机的破坏,1,4685,0,4,0,2000,3819.59|3385.43|223.08
14624,QMT_Title_001153,QMT_Purpose_001153,请在红月部队营地破坏红月部队冲车。,摧毁红月部队冲车,1,4686,0,4,0,2000,3819.59|3385.43|223.08
14625,QMT_Title_001154,QMT_Purpose_001154,请在红月部队营地击杀红月部队战士。,击杀红月部队战士,1,4681,0,10,0,2000,3859.15|3401.41|222.01
14628,QMT_Title_001155,QMT_Purpose_001155,请在红月部队营地击杀红月部队弓箭手。,击杀红月部队弓箭手,1,4682,0,10,0,2000,3859.15|3401.41|222.01
14629,QMT_Title_001156,QMT_Purpose_001156,请在红月部队营地击杀红月部队魔法师。,击杀红月部队魔法师,1,4683,0,10,0,2000,3859.15|3401.41|222.01
14626,QMT_Title_001157,QMT_Purpose_001157,请从存在于红月部队营地的文件箱中回收红月部队文件。,获得红月部队文件,3,21254,0,10,1,2000,3969.77|3453.58|212.99
14627,QMT_Title_001158,QMT_Purpose_001158,请在红月部队营地击杀红月部队战士、弓箭手、魔法师，并回收他们的随身物品。,收集红月部队携带品,3,21255,0,10,1,2000,3859.15|3401.41|222.01
14631,QMT_Title_001159,QMT_Purpose_001159,请击杀铁壁之纳德利克。,击杀纳德利克,1,4695,0,1,0,2000,3950.89|3259.70|231.06
14655,QMT_Title_001160,QMT_Purpose_001160,请回收纳德利克的脖子。,获得纳德利克的脖子,3,21256,0,1,1,2000,3950.89|3259.70|231.06
14632,QMT_Title_001161,QMT_Purpose_001161,请击杀敏捷之贝勒内斯。,击杀贝勒内斯,1,4696,0,1,0,2000,3967.71|3312.10|229.94
14656,QMT_Title_001162,QMT_Purpose_001162,请回收敏捷之贝勒内斯的脖子。,获得贝勒内斯的脖子,3,21257,0,1,1,2000,3967.71|3312.10|229.94
14633,QMT_Title_001163,QMT_Purpose_001163,请击杀残忍诺伊雅奈。,击杀诺伊雅奈,1,4697,0,1,0,2000,4015.59|3354.54|235.57
14657,QMT_Title_001164,QMT_Purpose_001164,请回收残忍诺伊雅奈的脖子。,获得诺伊雅奈的脖子,3,21258,0,1,1,2000,4015.59|3354.54|235.57
14634,QMT_Title_001165,QMT_Purpose_001165,请击杀邪恶凯尔凯德。,击杀凯尔凯德,1,4698,0,1,0,2000,4029.01|3265.55|232.45
14658,QMT_Title_001166,QMT_Purpose_001166,请回收邪恶凯尔凯德的脖子。,获得凯尔凯德的脖子,3,21259,0,1,1,2000,4029.01|3265.55|232.45
14635,QMT_Title_001167,QMT_Purpose_001167,请击杀月影部队侦察兵。,击杀月影部队侦察兵,1,4691,0,10,0,2000,3877.64|3334.18|231.56
14636,QMT_Title_001168,QMT_Purpose_001168,请击杀月影部队猎人。,击杀月影部队猎人,1,4693,0,10,0,2000,3877.64|3334.18|231.56
14638,QMT_Title_001169,QMT_Purpose_001169,请从存在于月影部队的补给品箱中回收敌军的补给品。,获取月影部队物资,3,21260,0,10,1,2000,3939.68|3319.53|231.75
14639,QMT_Title_001170,QMT_Purpose_001170,请在月影要塞回收月影部队的炮弹。,收集月影部队的炮弹,3,21261,0,10,1,2000,3955.21|3353.01|231.67
14641,QMT_Title_001171,QMT_Purpose_001171,请在月影要塞破坏月影部队的帐篷。,摧毁兵营,1,4703,0,5,0,2000,3925.27|3311.03|231.61
14642,QMT_Title_001172,QMT_Purpose_001172,请击杀月影部队突击兵。,击杀突击兵,1,4692,0,10,0,2000,3877.64|3334.18|231.56
14646,QMT_Title_001173,QMT_Purpose_001173,请击杀月影部队巫师。,击杀巫师,1,4694,0,10,0,2000,3877.64|3334.18|231.56
14643,QMT_Title_001174,QMT_Purpose_001174,请破坏月影要塞的核心。,破坏核心,1,4702,0,1,0,2000,3961.30|3177.32|229.34
14647,QMT_Title_001175,QMT_Purpose_001175,请击杀被召唤的月影要塞守护者。,击杀月影要塞的守护者,1,350431,0,1,0,2000,3961.30|3177.32|229.34
14644,QMT_Title_001176,QMT_Purpose_001176,请在月影要塞击杀黑影贝尔贝鲁斯。,击杀贝尔贝鲁斯,1,4701,0,1,0,2000,4019.89|3197.04|237.55
14645,QMT_Title_001177,QMT_Purpose_001177,请从存在于月影要塞的秘密箱子中回收隐藏的钱币袋。,找到隐藏的钱币袋,3,21262,0,1,1,2000,3968.79|3243.96|232.69
14651,QMT_Title_001178,QMT_Purpose_001178,请在月影要塞击杀黑阳战士。,击杀黑阳战士,1,4711,0,10,0,2000,3832.06|3333.37|231.21
14701,QMT_Title_001179,QMT_Purpose_001179,请在月影要塞击杀黑阳弓箭手。,击杀黑阳弓箭手,1,4712,0,10,0,2000,3832.06|3333.37|231.21
14702,QMT_Title_001180,QMT_Purpose_001180,请在月影要塞击杀黑阳魔法师。,击杀黑阳魔法师,1,4713,0,10,0,2000,3832.06|3333.37|231.21
14652,QMT_Title_001181,QMT_Purpose_001181,请在月影要塞击杀黑阳灵魂，并回收黑暗太阳灵魂石。,收集灵魂石,3,21263,0,10,1,2000,3853.77|3239.74|231.27
14653,QMT_Title_001182,QMT_Purpose_001182,请在月影要塞击杀黑太阳的战士、弓箭手、魔法师，并回收艾林河联合会的身份证。,收集艾林河身份证,3,21264,0,10,1,2000,3832.06|3333.37|231.21
14661,QMT_Title_001183,QMT_Purpose_001183,请在月影要塞击杀黑阳鲁世德。,击杀鲁世德,1,4715,0,1,0,2000,3767.01|3338.19|224.57
14705,QMT_Title_001184,QMT_Purpose_001184,请回收黑阳鲁世德的脖子。,获得鲁世德的脖子,3,21265,0,1,1,2000,3767.01|3338.19|224.57
14662,QMT_Title_001185,QMT_Purpose_001185,请在月影要塞击杀黑阳海克斯。,击杀海克斯,1,4716,0,1,0,2000,3779.74|3273.83|222.71
14706,QMT_Title_001186,QMT_Purpose_001186,请回收黑阳海克斯的脖子。,获得海克斯的脖子,3,21266,0,1,1,2000,3779.74|3273.83|222.71
14663,QMT_Title_001187,QMT_Purpose_001187,请在月影要塞击杀黑阳巴勒卡。,击杀巴勒卡,1,4717,0,1,0,2000,3820.86|3241.18|232.55
14707,QMT_Title_001188,QMT_Purpose_001188,请回收黑阳巴勒卡的脖子。,获得巴勒卡的脖子,3,21267,0,1,1,2000,3820.86|3241.18|232.55
14664,QMT_Title_001189,QMT_Purpose_001189,请在月影要塞使用坤的净化石。,用库恩的净化石,4,21268,0,1,1,2000,3876.13|3346.38|231.51
14665,QMT_Title_001190,QMT_Purpose_001190,请从存在于月影要塞的黑太阳部队文件箱中回收黑太阳部队的文件。,获得黑太阳部队的文件,3,21269,0,2,1,2000,3838.79|3285.29|231.04
14671,QMT_Title_001191,QMT_Purpose_001191,请在月影要塞击杀欲望露西派伦。,击杀欲望露西派伦,1,4718,0,1,0,2000,3836.32|3152.14|226.05
14672,QMT_Title_001192,QMT_Purpose_001192,请在月影要塞破坏黑太阳的核心。,破坏黑太阳的核心,1,4719,0,1,0,2000,3888.23|3187.75|234.31
14709,QMT_Title_001193,QMT_Purpose_001193,请击杀被召唤的黑太阳守护者。,黑太阳的守护者处理,1,350432,0,1,0,2000,3888.23|3187.75|234.31
14681,QMT_Title_001194,QMT_Purpose_001194,请回光营地移动库恩已序的希望。,佩雷斯的报告传递到爱丁堡,7,21270,0,1,1,2000,3678.25|3299.66|240.95
14691,QMT_Title_001195,QMT_Purpose_001195,使用哲科感动瞬间令,库恩使用，以移动,4,21271,0,1,1,2000,0
15001,QMT_Title_001196,QMT_Purpose_001196,使用瞬间艾丽西亚以移动的,使用哲科感动瞬间令,3,21400,0,1,1,2000,0
15002,QMT_Title_001197,QMT_Purpose_001197,可见在监护人的援助靛蓝森林藤蔓,使用瞬间艾丽西亚以移动的,3,21401,0,1,1,2000,0
15011,QMT_Title_001198,QMT_Purpose_001198,木材保护援助靛蓝森林藤蔓,卫报可见援助,1,5502,0,10,0,2000,0
15017,QMT_Title_001199,QMT_Purpose_001199,杀死从可见的保护者得到靛蓝森林藤蔓和流体监护人可见,木材保护援助,1,5503,0,10,0,2000,0
15012,QMT_Title_001200,QMT_Purpose_001200,靛青树和树木流体采集保护藤林杀死守护者,监护人在可见体液中获得,3,21402,0,10,1,2000,0
15018,QMT_Title_001201,QMT_Purpose_001201,信息收集起来以靛蓝森林藤蔓,获得一棵树保护的体液,3,21403,0,10,1,2000,0
15013,QMT_Title_001202,QMT_Purpose_001202,侦察员阿尼尔·罗伊与藤蔓森林对话,通过分析所收集的订单信息,4,21404,0,1,1,2000,0
15014,QMT_Title_001203,QMT_Purpose_001203,从藤蔓收集隆德浆果靛林,侦察员罗伊和谈话,2,6011,0,1,0,2000,0
15015,QMT_Title_001204,QMT_Purpose_001204,杀死监护人，并获得种子荆棘树保护葡萄藤和监护人,隆德螺母采集,3,21408,0,10,1,2000,0
15016,QMT_Title_001205,QMT_Purpose_001205,罗莎·伯格援助靛蓝森林藤蔓,卫所获得的葡萄树的种子,3,21416,0,10,1,2000,0
15021,QMT_Title_001206,QMT_Purpose_001206,伯格杀害并获得罗莎罗莎伯格的种子,罗莎·伯格援助,1,5504,0,1,0,2000,0
15022,QMT_Title_001207,QMT_Purpose_001207,罗伊的报告传递到大通,获取罗莎伯格的种子,3,21405,0,1,1,2000,0
15023,QMT_Title_001208,QMT_Purpose_001208,清醒草药靛蓝葡萄树的森林,货物送达大通,7,21407,0,1,1,2000,0
15024,QMT_Title_001209,QMT_Purpose_001209,监护人护送一个年轻的落叶镇,清醒草药,3,21409,0,10,1,2000,0
15025,QMT_Title_001210,QMT_Purpose_001210,佛罗伦萨和谈话的落叶镇,年轻的后卫护送,5,350506,0,1,0,2000,0
15031,QMT_Title_001211,QMT_Purpose_001211,玛丽的交谈与我落叶镇,佛罗伦萨和谈话,2,6001,0,1,0,2000,0
15032,QMT_Title_001212,QMT_Purpose_001212,与新娘在卤汁的阵营聊天,玛丽的交谈与我,2,6004,0,1,0,2000,0
15041,QMT_Title_001213,QMT_Purpose_001213,玛丽用来召唤我的订单腌料营,新娘和对话,2,6021,0,1,0,2000,0
15042,QMT_Title_001214,QMT_Purpose_001214,杀死谁占领问题的研究设施僧侣,使用玛丽召唤我的订单,4,21410,0,1,1,2000,0
15051,QMT_Title_001215,QMT_Purpose_001215,援助授予谁占领研究设施一个和尚,僧侣援助问题,1,5511,0,10,0,2000,0
15055,QMT_Title_001216,QMT_Purpose_001216,在这项研究中获得的数据谁接手研究设施,援助授予和尚,1,5512,0,10,0,2000,0
15052,QMT_Title_001217,QMT_Purpose_001217,摧毁临时占用谁的马力在研究设施,研究数据采集,3,21417,0,10,1,2000,0
15053,QMT_Title_001218,QMT_Purpose_001218,谁占领了夕阳的援助在La研究设施,摧毁临时马力,1,5515,0,1,0,2000,0
15061,QMT_Title_001219,QMT_Purpose_001219,夕阳冠军的处理后得到的La声明,拉夕阳的教会,1,5513,0,1,0,2000,0
15062,QMT_Title_001220,QMT_Purpose_001220,援助授予谁占领研究设施一个和尚,获得句子颁发,3,21411,0,1,1,2000,0
15071,QMT_Title_001221,QMT_Purpose_001221,订单收购中标和尚僧援助后,援助授予和尚,1,5512,0,10,0,2000,0
15075,QMT_Title_001222,QMT_Purpose_001222,使用改良种子监护人谁在被占领的设施研究,获取僧侣订单,3,21419,0,10,1,2000,0
15072,QMT_Title_001223,QMT_Purpose_001223,大通的垃圾箱运送到新娘村,使用改良种子保护者,4,21420,0,1,1,2000,0
15081,QMT_Title_001224,QMT_Purpose_001224,用腌料的移动顺序,货物送达大通,7,21412,0,1,1,2000,0
15082,QMT_Title_001225,QMT_Purpose_001225,从巢捕食天敌梦援助,用腌料的移动顺序,4,21413,0,1,1,2000,0
15091,QMT_Title_001226,QMT_Purpose_001226,空巢的天敌捕食杀死在梦中,梦大鳄援助,1,5523,0,10,0,2000,0
15095,QMT_Title_001227,QMT_Purpose_001227,杀死梦想与梦想确定收购的天敌是梦巢大鳄,虚空大鳄援助,1,5524,0,10,0,2000,0
15092,QMT_Title_001228,QMT_Purpose_001228,援助用于收购的决定无效，空巢的天敌捕食在梦中,确定收购的梦想,3,21421,0,10,1,2000,0
15096,QMT_Title_001229,QMT_Purpose_001229,不要从自己的梦想巢大鳄捡枯枝,虚空收购的测定,3,21422,0,10,1,2000,0
15093,QMT_Title_001230,QMT_Purpose_001230,梦想上议院梦巢大鳄吞噬莱斯援助,不要捡枯枝,3,21414,0,10,1,2000,0
15101,QMT_Title_001231,QMT_Purpose_001231,Hwanmong秒，收集在梦中巢大鳄,乐萨援助,1,5526,0,1,0,2000,0
15102,QMT_Title_001232,QMT_Purpose_001232,噩梦的援助痕迹梦巢大鳄,Hwanmong秒的采样,3,21423,0,10,1,2000,0
15103,QMT_Title_001233,QMT_Purpose_001233,确定收购噩梦的噩梦线索援助后，,噩梦的援助痕迹,1,5525,0,10,0,2000,0
15107,QMT_Title_001234,QMT_Purpose_001234,修改收藏家的梦想在梦中巢大鳄摧毁珠,确定收购噩梦,3,21424,0,10,1,2000,0
15104,QMT_Title_001235,QMT_Purpose_001235,梦想毁灭后获得的水晶球珠,修改珠收藏家的梦想毁了,1,5522,0,10,0,2000,0
15108,QMT_Title_001236,QMT_Purpose_001236,文件得到收藏家的梦想在梦中巢大鳄,珠收购的梦想,3,21425,0,10,1,2000,0
15105,QMT_Title_001237,QMT_Purpose_001237,危险收购黄昏在梦中巢大鳄,文件得到收藏家的梦想,3,21426,0,10,1,2000,0
15106,QMT_Title_001238,QMT_Purpose_001238,为了召唤梦巢大鳄使用gangseupbyeong,危险收购暮光之城,3,21481,0,10,1,2000,0
15111,QMT_Title_001239,QMT_Purpose_001239,在梦中，梦的解释确定使用巢大鳄,使用gangseupbyeong召集令,4,21427,0,1,1,2000,0
15112,QMT_Title_001240,QMT_Purpose_001240,佛罗伦萨和叶镇对话,利用解梦的决定,4,21428,0,1,1,2000,0
15121,QMT_Title_001241,QMT_Purpose_001241,暗影箭影侦察员援助驻军部队,佛罗伦萨和谈话,2,6001,0,1,0,2000,0
15131,QMT_Title_001242,QMT_Purpose_001242,报告获取球探和侦察阴影援助,影侦察员援助,1,5532,0,10,0,2000,0
15132,QMT_Title_001243,QMT_Purpose_001243,在部队驻军的暗影箭可疑谈判援助,报告获取一个侦察兵,3,21430,0,1,1,2000,0
15133,QMT_Title_001244,QMT_Purpose_001244,援助授予获得可疑谈判一句后,可疑谈判援助,1,5535,0,10,0,2000,0
15136,QMT_Title_001245,QMT_Purpose_001245,暗影箭打掉障碍驻军,获得句子颁发,3,21431,0,10,1,2000,0
15134,QMT_Title_001246,QMT_Purpose_001246,shadow影子取得箭箭部队驻军用品,屏障破坏,1,5531,0,10,0,2000,0
15135,QMT_Title_001247,QMT_Purpose_001247,暗影箭童子军部队驻军城市大肠援助,暗影箭袋物资收购,3,21432,0,10,1,2000,0
15141,QMT_Title_001248,QMT_Purpose_001248,从肠道卢克暗影箭援助车队是一个驻军部队,球探大肠圣西罗援助,1,5534,0,1,0,2000,0
15145,QMT_Title_001249,QMT_Purpose_001249,露西亚和对话落叶镇,卢克是大肠援助车队,1,5537,0,1,0,2000,0
15142,QMT_Title_001250,QMT_Purpose_001250,使用炸弹大通驻军的暗影箭,Lucia和谈话,2,6005,0,1,0,2000,0
15143,QMT_Title_001251,QMT_Purpose_001251,在暗影箭守军子弹获得透析,使用炸弹大通,4,21433,0,1,1,2000,0
15144,QMT_Title_001252,QMT_Purpose_001252,暗影箭影侦察员援助驻军部队,子弹获得透析,3,21434,0,10,1,2000,0
15151,QMT_Title_001253,QMT_Purpose_001253,在部队驻军守卫暗影箭影援助,影侦察员援助,1,5532,0,10,0,2000,0
15153,QMT_Title_001254,QMT_Purpose_001254,暗影箭援助部队警备司令belje伯尔尼,影杀卫兵,1,5533,0,10,0,2000,0
15152,QMT_Title_001255,QMT_Purpose_001255,治疗belje belje伯尔尼后得到的颈部指挥官,指挥官belje伯尔尼援助,1,5538,0,1,0,2000,0
15154,QMT_Title_001256,QMT_Purpose_001256,佛罗伦萨和叶镇对话,周四收购belje伯尔尼,3,21435,0,1,1,2000,0
15161,QMT_Title_001257,QMT_Purpose_001257,低茄子和对话，在天湖营地,佛罗伦萨和谈话,2,6001,0,1,0,2000,0
15171,QMT_Title_001258,QMT_Purpose_001258,佛罗伦萨移动订单,低茄子和对话,2,6033,0,1,0,2000,0
15172,QMT_Title_001259,QMT_Purpose_001259,精神控制单元，在湛蓝的湖面被破坏,佛罗伦萨移动订单,4,21438,0,1,1,2000,0
15181,QMT_Title_001260,QMT_Purpose_001260,士兵从蔚蓝的湖泊研究机构,精神控制装置摧毁,1,5541,0,10,0,2000,0
15182,QMT_Title_001261,QMT_Purpose_001261,噩梦在获取了一块天蓝色的湖,战士的全身照射,2,6037,0,1,0,2000,0
15183,QMT_Title_001262,QMT_Purpose_001262,规模收购蔚蓝色的湖中湖卫,购得一块噩梦,3,21439,0,10,1,2000,0
15184,QMT_Title_001263,QMT_Purpose_001263,哦，在Loutraki的湛蓝湖水援助,湖卫获得秤,3,21440,0,10,1,2000,0
15191,QMT_Title_001264,QMT_Purpose_001264,噢，那Locky Locky五名急救治疗的噩梦后召唤,噢，那洛奇援助,1,5544,0,1,0,2000,0
15195,QMT_Title_001265,QMT_Purpose_001265,触怒在湛蓝的湖面湖水监护人援助,五洛基的梦魇治疗,1,350509,0,1,0,2000,0
15192,QMT_Title_001266,QMT_Purpose_001266,与reseuta在天湖营地通话,被激怒的湖卫援助,1,5542,0,10,0,2000,0
15201,QMT_Title_001267,QMT_Purpose_001267,在疯狂的疯狂部队新兵训练援助营地斧斧力,Reseuta谈话,2,6031,0,1,0,2000,0
15211,QMT_Title_001268,QMT_Purpose_001268,使用的席位拉娜火焰德的疯狂斧头袋阵营,斧杀疯狂部队招募,1,5551,0,10,0,2000,0
15212,QMT_Title_001269,QMT_Purpose_001269,在营地斧袋箱子疯狂的疯狂获得斧力,使用的拉娜德席位火焰,4,21442,0,1,1,2000,0
15213,QMT_Title_001270,QMT_Purpose_001270,斧势力疯狂使用水晶球梗营,获得斧力量箱子疯狂,3,21443,0,10,1,2000,0
15214,QMT_Title_001271,QMT_Purpose_001271,在收购战胸部部队疯狂的疯狂的阵营斧斧力,使用水晶球梗,4,21444,0,1,1,2000,0
15215,QMT_Title_001272,QMT_Purpose_001272,装修士兵阵亡的疯狂斧头袋营地,收购战胸袋斧疯狂,3,21445,0,10,1,2000,0
15221,QMT_Title_001273,QMT_Purpose_001273,从装修的兵营营地斧袋狂热的肉体获得,装修士兵丧生,1,5555,0,10,0,2000,0
15225,QMT_Title_001274,QMT_Purpose_001274,在装修营房营疯狂的流体获得斧力,果肉收购翻新营房,3,21446,0,10,1,2000,0
15222,QMT_Title_001275,QMT_Purpose_001275,从疯狂部队的斧子阵营获得罗德里戈文件,获得流体装修士兵,3,21482,0,10,1,2000,0
15223,QMT_Title_001276,QMT_Purpose_001276,在疯狂的阵营罗德里戈援助斧力,文件获得罗德里戈,3,21447,0,1,1,2000,0
15224,QMT_Title_001277,QMT_Purpose_001277,罗德里戈收购的斧头在疯狂部队的营地,罗德里戈援助,1,5557,0,1,0,2000,0
15226,QMT_Title_001278,QMT_Purpose_001278,与reseuta在天湖营地通话,收购罗德里戈头,3,21448,0,1,1,2000,0
15231,QMT_Title_001279,QMT_Purpose_001279,斧部队进攻疯狂疾病治疗的营地,Reseuta谈话,2,6031,0,1,0,2000,0
15241,QMT_Title_001280,QMT_Purpose_001280,红斧突击部队在疯狂疾病治疗的营地,斧头袭击疾病治疗,1,5553,0,10,0,2000,0
15245,QMT_Title_001281,QMT_Purpose_001281,装修士兵阵亡的疯狂斧头袋营地,红推力疾病治疗,1,5554,0,10,0,2000,0
15246,QMT_Title_001282,QMT_Purpose_001282,使用gangseupbyeong为了召集军队从疯狂斧营地,装修士兵丧生,1,5555,0,10,0,2000,0
15242,QMT_Title_001283,QMT_Purpose_001283,在疯狂的阵营援助rukeuresiah斧力,使用gangseupbyeong召集令,4,21449,0,1,1,2000,0
15243,QMT_Title_001284,QMT_Purpose_001284,在疯狂的阵营援助rukeuresiah斧力,Rukeuresiah援助,1,5556,0,1,0,2000,0
15244,QMT_Title_001285,QMT_Purpose_001285,获得斧斧势力疯狂攻击的阵营,斧突击收购,3,21450,0,10,1,2000,0
15247,QMT_Title_001286,QMT_Purpose_001286,斧的力量在一个小炮收购狂潮的营地,小炮收购,3,21451,0,10,1,2000,0
15251,QMT_Title_001287,QMT_Purpose_001287,研究人员在基督城的噩梦噩梦的山,研究人员的噩梦援助,1,5564,0,10,0,2000,0
15256,QMT_Title_001288,QMT_Purpose_001288,报告中获得的研究噩梦与治疗研究所,收购报告书的研究人员,3,21452,0,10,1,2000,0
15252,QMT_Title_001289,QMT_Purpose_001289,获取噩梦修饰噩梦的山丘,获取噩梦修改,3,21453,0,10,1,2000,0
15253,QMT_Title_001290,QMT_Purpose_001290,获得梦想的本质，恶梦的山丘,恒收购的梦想,3,21454,0,10,1,2000,0
15254,QMT_Title_001291,QMT_Purpose_001291,在恶梦梦魇的山丘仆人教堂,梦魇援助的仆人,1,5565,0,10,0,2000,0
15255,QMT_Title_001292,QMT_Purpose_001292,狮子杀死的噩梦丘陵噩梦,狮子杀死噩梦,1,5561,0,10,0,2000,0
15257,QMT_Title_001293,QMT_Purpose_001293,教会领袖在噩梦中的噩梦山,教会领袖的噩梦,1,5562,0,10,0,2000,0
15261,QMT_Title_001294,QMT_Purpose_001294,高知治疗的噩梦中的噩梦山,高知县治疗噩梦,1,5567,0,10,0,2000,0
15266,QMT_Title_001295,QMT_Purpose_001295,在噩梦的治疗安慰茧处理后召唤扭曲的梦想,扭曲的梦想欢呼治疗,1,350514,0,10,0,2000,0
15262,QMT_Title_001296,QMT_Purpose_001296,使用珠发现噩梦的山丘,使用珠粒导航,4,21455,0,1,1,2000,0
15263,QMT_Title_001297,QMT_Purpose_001297,购得一块梦想的噩梦的山丘,购得一块梦想,3,21456,0,10,1,2000,0
15264,QMT_Title_001298,QMT_Purpose_001298,研究人员获得了一个噩梦般的帮助和梦魇印记,收购梦魇印记,3,21457,0,10,1,2000,0
15265,QMT_Title_001299,QMT_Purpose_001299,维罗统治者诺亚处理的噩梦,维罗统治者诺亚处理的噩梦,1,5563,0,1,0,2000,0
15271,QMT_Title_001300,QMT_Purpose_001300,元素陪同下走进梦营天空湖,元素的梦想保驾护航,5,350515,0,1,0,2000,0
15281,QMT_Title_001301,QMT_Purpose_001301,使用瞬间移动命令梗,使用瞬间移动命令梗,4,21471,0,1,1,2000,0
15291,QMT_Title_001302,QMT_Purpose_001302,一般娄格兰特和防御阵地的对话,娄格兰特和对话,2,6041,0,1,0,2000,0
15301,QMT_Title_001303,QMT_Purpose_001303,在噩梦巢管理员处理的噩梦,帮助管理员的噩梦,1,5571,0,10,0,2000,0
15302,QMT_Title_001304,QMT_Purpose_001304,梅格从噩梦援助漏勺的巢里掉到地上,梅格下降漏勺援助,1,5575,0,10,0,2000,0
15303,QMT_Title_001305,QMT_Purpose_001305,布拉克大祭司杀死噩梦巢,大祭司，布拉克援助,1,5572,0,1,0,2000,0
15306,QMT_Title_001306,QMT_Purpose_001306,从管理者的噩梦巢获得的文件,得到的文档管理员,3,21459,0,1,1,2000,0
15304,QMT_Title_001307,QMT_Purpose_001307,从巢为了噩梦收集的信息,通过分析所收集的订单信息,4,21460,0,1,1,2000,0
15305,QMT_Title_001308,QMT_Purpose_001308,在收购噩梦噩梦的窝蛋,铝收购的噩梦,3,21461,0,10,1,2000,0
15311,QMT_Title_001309,QMT_Purpose_001309,莱斯托特强硬处理噩梦窝,强大的莱斯·托特援助,1,5579,0,1,0,2000,0
15312,QMT_Title_001310,QMT_Purpose_001310,从噩梦中的鸟巢获得的其他文件,杂项获取文件,3,21462,0,10,1,2000,0
15313,QMT_Title_001311,QMT_Purpose_001311,从一名后卫的噩梦噩梦和有疑问的句子巢获得援助,获得句子颁发,3,21463,0,10,1,2000,0
15314,QMT_Title_001312,QMT_Purpose_001312,使用孵化防御鸡蛋只是训练营之前，周围的空地,用鸡蛋刚刚孵化前,4,21465,0,1,1,2000,0
15315,QMT_Title_001313,QMT_Purpose_001313,空置治疗新生儿红眼睛,空置治疗新生儿红眼睛,1,350521,0,2,0,2000,0
15321,QMT_Title_001314,QMT_Purpose_001314,德升援助噩梦巢,德升援助,1,5577,0,10,0,2000,0
15326,QMT_Title_001315,QMT_Purpose_001315,从噩梦中的鸟巢水合??酶援助,援助合酶,1,5578,0,10,0,2000,0
15322,QMT_Title_001316,QMT_Purpose_001316,萨尔瓦多马斯在噩梦窝圆滑杀敌,萨尔瓦多马斯圆滑援助,1,5580,0,1,0,2000,0
15323,QMT_Title_001317,QMT_Purpose_001317,莱文沃思收购从秘密安全的订单在噩梦窝,莱文沃斯获得订单,3,21466,0,1,1,2000,0
15324,QMT_Title_001318,QMT_Purpose_001318,从噩梦中的巢酒吧男爵援助,酒吧男爵援助,1,5574,0,1,0,2000,0
15327,QMT_Title_001319,QMT_Purpose_001319,颈部收购巴尔男爵,颈部收购巴尔男爵,3,21467,0,1,1,2000,0
15325,QMT_Title_001320,QMT_Purpose_001320,在噩梦窝获得虚空之眼,虚空获得眼,3,21468,0,10,1,2000,0
15328,QMT_Title_001321,QMT_Purpose_001321,指甲德升收购巢噩梦,美甲收购德升,3,21469,0,10,1,2000,0
15329,QMT_Title_001322,QMT_Purpose_001322,Himjeul收购珍的另一个噩梦巢,Himjeul收购另一简,3,21470,0,10,1,2000,0
15331,QMT_Title_001323,QMT_Purpose_001323,与娄格兰特在防御阵地交谈,娄格兰特和对话,2,6041,0,1,0,2000,0
15341,QMT_Title_001324,QMT_Purpose_001324,增强火焰红玫瑰罗斯堡援助,增强的罗杰·罗斯援助,1,5583,0,1,0,2000,0
15342,QMT_Title_001325,QMT_Purpose_001325,士兵阵亡消防巨魔红堡,士兵杀巨魔,1,5581,0,10,0,2000,0
15343,QMT_Title_001326,QMT_Purpose_001326,在日落阵亡火红堡承包商,夕阳的承包商援助,1,5585,0,10,0,2000,0
15346,QMT_Title_001327,QMT_Purpose_001327,杀承包商获得的夕阳和黄昏的象征,获得暮光之城的象征,3,21472,0,10,1,2000,0
15344,QMT_Title_001328,QMT_Purpose_001328,获取钢呼吸耗材的红色火焰堡垒,获取钢呼吸用品,3,21473,0,10,1,2000,0
15345,QMT_Title_001329,QMT_Purpose_001329,订单收购单位在红色火焰红色火焰的堡垒,订单收购红火部队,3,21474,0,10,1,2000,0
15351,QMT_Title_001330,QMT_Purpose_001330,巨魔教练死于火灾红堡,巨魔教练打死,1,5582,0,10,0,2000,0
15352,QMT_Title_001331,QMT_Purpose_001331,成熟的玉米从火焰红堡收集,成熟的玉米采摘,3,21476,0,10,1,2000,0
15353,QMT_Title_001332,QMT_Purpose_001332,滚动使用红色火焰堡安德森,订购使用安德森,4,21477,0,1,1,2000,0
15361,QMT_Title_001333,QMT_Purpose_001333,红色消防部队从文件中凯奥克斯纳德火堡垒获得了红色框作战计划,红色消防部队作战计划收购,3,21478,0,1,1,2000,0
15362,QMT_Title_001334,QMT_Purpose_001334,凯援助奥克斯纳德火红堡,凯奥克斯纳德援助,1,5584,0,1,0,2000,0
15365,QMT_Title_001335,QMT_Purpose_001335,此次收购智领奥克斯纳德的,此次收购智领奥克斯纳德的,3,21479,0,1,1,2000,0
15363,QMT_Title_001336,QMT_Purpose_001336,在红堡火焰乐声治疗红眼病,乐声治疗赤眼,1,5586,0,1,0,2000,0
15364,QMT_Title_001337,QMT_Purpose_001337,在红色的火焰处理堡垒卢克巨大的侵蚀,卢克巨大的糜烂治疗,1,5587,0,1,0,2000,0
15371,QMT_Title_001338,QMT_Purpose_001338,订购翼营路易·格兰特娄交付,令娄格兰特交付,7,21483,0,1,1,2000,
15381,QMT_Title_001339,QMT_Purpose_001339,侦察兵的狗牌从德升排量恢复,侦察兵的狗牌收集,3,21484,0,5,1,2000,
15382,QMT_Title_001340,QMT_Purpose_001340,从日升排量恢复丢失的行李盒,行李丢失箱回收,3,21487,0,5,1,2000,
15391,QMT_Title_001341,QMT_Purpose_001341,从下拉升的去升排量的恢复组织的,组织恢复德升,3,21485,0,5,1,2000,
15392,QMT_Title_001342,QMT_Purpose_001342,回收的小鼠视网膜德升排量的皮肤组织,小鼠视网膜组织数,3,21488,0,1,1,2000,
15401,QMT_Title_001343,QMT_Purpose_001343,提取德升德升排量收购,提取德升收购,3,21486,0,5,1,2000,
15402,QMT_Title_001344,QMT_Purpose_001344,从去升尺度解升排量得到,德升获得秤,3,21489,0,5,1,2000,
15411,QMT_Title_001345,QMT_Purpose_001345,在香格里拉西安兵马俑代理援助恐惧部队营,香格里拉西安兵马俑代理援助,1,5601,0,5,0,2000,
15416,QMT_Title_001346,QMT_Purpose_001346,在包包射手处理剂冼啦恐怖训练营,拉弓箭手处理剂西安,1,5602,0,5,0,2000,
15417,QMT_Title_001347,QMT_Purpose_001347,在包包萨满治疗剂冼啦恐怖训练营,香格里拉萨满处理剂西安,1,5603,0,5,0,2000,
15412,QMT_Title_001348,QMT_Purpose_001348,红色的眼睛惊恐地空包处理严重,空置治疗赤眼,1,5605,0,4,0,2000,
15413,QMT_Title_001349,QMT_Purpose_001349,教会领袖担心我的手提袋严重,指挥官把我的治疗,1,5606,0,1,0,2000,
15415,QMT_Title_001350,QMT_Purpose_001350,香格里拉县获得更新的daegung,香格里拉县获得更新的daegung,3,21490,0,5,1,2000,
15418,QMT_Title_001351,QMT_Purpose_001351,香格里拉县位刺刀收购,香格里拉县位刺刀收购,3,21491,0,5,1,2000,
15421,QMT_Title_001352,QMT_Purpose_001352,收集在袋子严重恐惧丢弃武器,收集丢弃的武器,3,21493,0,5,1,2000,
15422,QMT_Title_001353,QMT_Purpose_001353,从部队认真收集虚空羽毛恐惧,空虚的羽毛集合,3,21495,0,4,1,2000,
15431,QMT_Title_001354,QMT_Purpose_001354,从严肃援助部队强制刀片的刀片检查,部队杀死叶片检验,1,5611,0,5,0,2000,
15435,QMT_Title_001355,QMT_Purpose_001355,部队部队狙击手杀死严重刀背,刀片部队狙击手杀死,1,5612,0,5,0,2000,
15432,QMT_Title_001356,QMT_Purpose_001356,刀片部队指挥官认认真真地三段弧援助,三国杀司令ARCS,1,5614,0,1,0,2000,
15433,QMT_Title_001357,QMT_Purpose_001357,获得三段弧的作战计划,获得三段弧的作战计划,3,21496,0,1,1,2000,
15434,QMT_Title_001358,QMT_Purpose_001358,供应军队摧毁了从叶片单元的叶片严重,刀片部队摧毁用品,1,5615,0,5,0,2000,
15441,QMT_Title_001359,QMT_Purpose_001359,严重的是刀背单位的装甲部队收购,刀片式装甲单位获得的,3,21498,0,5,1,2000,
15442,QMT_Title_001360,QMT_Purpose_001360,认真前沿部队单位daegung收购,获得刀片部队daegung,3,21501,0,5,1,2000,
15445,QMT_Title_001361,QMT_Purpose_001361,在刃剑囊袋阵营获得刀片,剑身单位收购,3,21500,0,5,1,2000,
15451,QMT_Title_001362,QMT_Purpose_001362,塔拉方对话,塔拉方对话,2,56151,0,1,0,2000,
15455,QMT_Title_001363,QMT_Purpose_001363,萨尔瓦多罗摩和谈话,萨尔瓦多罗摩和谈话,2,6061,0,1,0,2000,
15461,QMT_Title_001364,QMT_Purpose_001364,睡眠疯狂的援助知名度从睡眠刺窝,疯狂可见睡眠援助,1,55641,0,5,0,2000,
15462,QMT_Title_001365,QMT_Purpose_001365,在睡眠恐怖刺窝治疗睡眠刺,睡眠刺治疗恐怖,1,55642,0,5,0,2000,
15465,QMT_Title_001366,QMT_Purpose_001366,可见，以避免在鸟巢睡眠援助睡眠刺,可见注意避免睡眠援助,1,55643,0,5,0,2000,
15463,QMT_Title_001367,QMT_Purpose_001367,睡眠疯狂的援助知名度从睡眠刺窝,疯狂可见睡眠援助,1,55641,0,5,0,2000,
15466,QMT_Title_001368,QMT_Purpose_001368,在睡眠恐怖刺窝治疗睡眠刺,睡眠刺治疗恐怖,1,55642,0,5,0,2000,
15467,QMT_Title_001369,QMT_Purpose_001369,可见，以避免在鸟巢睡眠援助睡眠刺,可见注意避免睡眠援助,1,55643,0,5,0,2000,
15471,QMT_Title_001370,QMT_Purpose_001370,LN吠陀辅助睡眠，在荆棘窝,LN吠陀治疗,1,5624,0,1,0,2000,
15472,QMT_Title_001371,QMT_Purpose_001371,使用导航订单deuran,使用导航订单deuran,4,21505,0,1,1,2000,
15475,QMT_Title_001372,QMT_Purpose_001372,LN吠陀身体护理,LN吠陀身体护理,1,350528,0,1,0,2000,
15473,QMT_Title_001373,QMT_Purpose_001373,使用导航订单deuran,使用导航订单deuran,4,21508,0,1,1,2000,
15481,QMT_Title_001374,QMT_Purpose_001374,从睡眠刺窝收购受污染的分支机构,嫩枝污染的收购,3,21509,0,5,1,2000,
15482,QMT_Title_001375,QMT_Purpose_001375,从睡眠刺窝污染土壤收购,收购受污染的土壤,3,21510,0,5,1,2000,
15491,QMT_Title_001376,QMT_Purpose_001376,睡眠睡眠荆棘刺窝果实中提取,睡眠收购可见水果,3,21503,0,5,1,2000,
15492,QMT_Title_001377,QMT_Purpose_001377,收购的睡眠睡眠干刺荆棘谷,获得睡眠茎刺,3,21506,0,5,1,2000,
15501,QMT_Title_001378,QMT_Purpose_001378,收购睡在睡袋里刺孢刺窝,孢子多刺的口袋里收购的睡眠,3,21504,0,5,1,2000,
15502,QMT_Title_001379,QMT_Purpose_001379,扼杀在睡眼朦胧刺窝承包商,杀死在暮色承包商,1,5625,0,5,0,2000,
15505,QMT_Title_001380,QMT_Purpose_001380,从鸟巢获得睡觉可见魔法袋,魔术口袋收购,3,21507,0,5,1,2000,
15511,QMT_Title_001381,QMT_Purpose_001381,香格里拉县黎明剂刺客杀死生效严重,香格里拉刺客处理剂西安,1,5631,0,5,0,2000,
15515,QMT_Title_001382,QMT_Purpose_001382,枪手杀死在黎明洛杉矶县位严重部队,西安香格里拉更新狙击手杀死,1,5632,0,5,0,2000,
15516,QMT_Title_001383,QMT_Purpose_001383,香格里拉县位术士援助部队营地在黎明,香格里拉县位术士援助,1,5633,0,5,0,2000,
15512,QMT_Title_001384,QMT_Purpose_001384,黎明用于烟火认真部队,黎明用于烟火认真部队,4,21517,0,1,1,2000,
15513,QMT_Title_001385,QMT_Purpose_001385,报告传递到厄尔尼诺拉玛,报告传递到厄尔尼诺拉玛,7,21515,0,1,1,2000,
15521,QMT_Title_001386,QMT_Purpose_001386,部队在黎明百合阿斯达援助营,百合阿斯达援助,1,5639,0,1,0,2000,
15522,QMT_Title_001387,QMT_Purpose_001387,拆迁黎明杀伤性武器严重盒中袋,拆除武器销毁箱,1,5634,0,5,0,2000,
15531,QMT_Title_001388,QMT_Purpose_001388,在教会黎明巨头睡袋可见严重,沉睡的巨人刺治疗,1,5635,0,1,0,2000,
15532,QMT_Title_001389,QMT_Purpose_001389,在日升排量的力量黎明巨大的援助,巨德升援助,1,5636,0,1,0,2000,
15541,QMT_Title_001390,QMT_Purpose_001390,确定收购的黑暗势力在黎明营地,黑暗中获得晶体,3,21513,0,5,1,2000,
15542,QMT_Title_001391,QMT_Purpose_001391,从黎明部队认真得到的晶体,得到的结晶,3,21514,0,5,1,2000,
15551,QMT_Title_001392,QMT_Purpose_001392,Ganpeu谈话,Ganpeu谈话,2,56211,0,1,0,2000,
16011,,,杀沉默的恶灵,杀沉默的恶灵,1,1701,0,2,0,2000,2481.24|5241.47|23.15
16012,,,收集恶爪,恶鬼的趾甲,3,20268,0,2,1,2000,2444.43|5240.47|17.65
16015,,,突击兵手杖回收,突击兵手杖回收,3,20229,0,2,1,2000,2348.92|5250.51|15.77
16016,,,拾取洛聘魔法师鳞,洛聘魔法师鳞,3,20269,0,2,1,2000,2348.92|5250.51|15.77
16021,,,暴力沉默湖援助的数量,暴力沉默湖援助的数量,1,1704,0,3,0,2000,2502.65|5515.16|34.86
16025,,,野生湖其余援助的数量,野生湖其余援助的数量,1,1705,0,3,0,2000,2502.65|5515.16|34.86
16022,,,红色草药,红色草药,3,20243,0,4,1,2000,2473.38|5530.97|41.16
16023,,,珠宝收藏的沉默,珠宝收藏的沉默,3,20270,0,4,1,2000,2502.65|5515.16|34.86
16024,,,其余的能量回收,其余的能量回收,3,20271,0,4,1,2000,2502.65|5515.16|34.86
16031,,,小蜥蜴人丧生,小蜥蜴人丧生,1,711,0,3,0,2000,2393.84|5710.97|15.28
16037,,,蜥蜴勇士援助,蜥蜴勇士援助,1,712,0,4,0,2000,2393.84|5710.97|15.28
16032,,,从理查德曼战士身上,蜥蜴人鳞片收集,3,20230,0,4,1,2000,2393.84|5710.97|15.28
16033,,,蜥蜴人萨满援助,理查德曼巫师,1,713,0,1,0,2000,2440.56|5711.54|12.82
16034,,,食品包装袋,收集蜥蜴人的食品,3,20231,0,4,1,2000,2424.71|5722.15|12.82
16035,,,从理查德曼巫师身上,收集萨满指甲,3,20232,0,1,1,2000,2440.56|5711.54|12.82
16041,,,干掉夜幕渗透组,夜幕渗透组,1,721,0,4,0,2000,2296.84|5586.09|11.05
16042,,,夜幕军队补充,黑暗部队摧毁物资,1,724,0,3,0,2000,2296.84|5586.09|11.05
16043,,,拾取文件,文件箱,3,20234,0,1,1,2000,2309.71|5563.67|11.07
16044,,,幕教会的黑暗武士,干掉夜幕战士,1,723,0,2,0,2000,2296.84|5586.09|11.05
16045,,,烟火使用,烟火使用,4,20235,0,1,1,2000,2289.03|5512.97|10.97
16046,,,摧毁岩石,摧毁岩石,1,1707,0,3,0,2000,2309.84|5516.67|10.64
16051,,,干掉布拉考,布拉考,1,1708,0,5,0,2000,2292.43|5833.71|10.39
16052,,,布考拉获得五个腕龙,布考拉获得五个腕龙,3,20251,0,5,1,2000,2292.43|5833.71|10.39
16053,,,布考拉皮革获得四个,布考拉皮革获得四个,3,20252,0,4,1,2000,2292.43|5833.71|10.39
16054,,,文件恢复汤普森,文件恢复汤普森,3,20253,0,1,1,2000,2143.21|5871.02|11.88
16055,,,海藻采集,海藻采集,3,20254,0,5,1,2000,2293.20|5885.01|9.53
16056,,,猛禽收集从布考拉雷柏特,收集两个猛禽,3,20255,0,2,1,2000,2164.22|5864.07|11.34
16057,,,布考拉收集四个鱼鳍,布考拉收集四个鱼鳍,3,20256,0,4,1,2000,2292.43|5833.71|10.39
16058,,,侦察兵麦克斯,麦斯的编号牌收集,3,20257,0,1,1,2000,2342.27|5886.51|11.02
16061,,,使用布雷德传送卷,使用布雷德传送卷,4,20248,0,1,1,2000,0
16062,,,狼角家族收集,犄角狼家族,3,20259,0,5,1,2000,2417.31|6036.82|29.99
16063,,,年幼独角狼的肉类收藏,狼肉类收藏,3,20260,0,5,1,2000,2346.08|6059.27|27.35
16064,,,年幼独角狼杀死,年幼独角狼杀死,1,1711,0,3,0,2000,2346.08|6059.27|27.35
16068,,,杀狼角,杀狼角,1,1712,0,4,0,2000,2417.31|6036.82|29.99
16065,,,收集灰色角,收集灰角,3,20261,0,3,1,2000,2346.08|6059.27|27.35
16066,,,采集供给箱,采集供给箱,3,20262,0,5,1,2000,2367.31|6060.71|27.71
16067,,,击败纯白卡尔坎,纯白卡尔坎,1,1713,0,1,0,2000,2501.03|6088.26|40.53
16071,,,处理龟裂侵略者,杀死龟裂侵略者,1,1714,0,5,0,2000,2227.59|6095.61|18.65
16077,,,处理空间侵略者,杀死空间侵略者,1,1715,0,5,0,2000,2140.55|6085.61|12.77
16072,,,回收空间侵略者,回收空间侵略者,3,20273,0,5,1,2000,2140.55|6085.61|12.77
16073,,,大地的龟裂收集,收集裂缝的雕塑,3,20265,0,4,1,2000,2140.55|6085.61|12.77
16074,,,裂纹主贝尔格莱德瑞安教堂,裂纹主贝尔格莱德瑞安教堂,1,1716,0,1,0,2000,2103.04|6085.41|14.42
16075,,,收集被污染的土壤,收集被污染的土壤,3,20274,0,4,1,2000,2227.59|6095.61|18.65
16076,,,龟裂侵略者的鳞片,裂纹侵略者鳞,3,20275,0,5,1,2000,2227.59|6095.61|18.65
16081,,,被诅咒的北神,被诅咒的北神,1,1718,0,5,0,2000,2194.34|6024.81|15.18
16082,,,被污染的树枝收集,污染的树枝,3,20276,0,4,1,2000,2195.52|5973.85|11.39
16083,,,轻松的对话与神父安德,轻松的对话与神父安德,2,1463,0,1,0,2000,2319.27|6042.42|26.39
16084,,,术士的帐篷破坏,术士的帐篷破坏,1,1719,0,3,0,2000,2194.34|6024.81|15.18
16085,,,水晶球收集从魔法师,黑魔法师水晶球收集,3,20277,0,5,1,2000,2194.34|6024.81|15.18
30000,QMT_Title_001420,QMT_Purpose_001420,地狱突袭攻略援助,地狱突袭攻略援助,1,1621,0,5,0,2000,1966.46|3337.82|142.61
30009,QMT_Title_001421,QMT_Purpose_001421,石石像鬼援助,石石像鬼援助,1,1622,0,5,0,2000,1966.46|3337.82|142.61
30001,QMT_Title_001422,QMT_Purpose_001422,雷静音援助,雷静音援助,1,2501,0,25,0,2000,2401.60|4409.69|160.73
30002,QMT_Title_001423,QMT_Purpose_001423,雷nolpeu援助,雷nolpeu援助,1,2502,0,25,0,2000,2401.60|4409.69|160.73
30003,QMT_Title_001424,QMT_Purpose_001424,援助象牙雷人雷平底船和平底船的集合,雷朋特的象牙收藏,3,20607,0,25,1,2000,2211.06|4420.30|138.95
30011,QMT_Title_001425,QMT_Purpose_001425,黑10吨部队杀萨满,黑10吨部队杀萨满,1,2516,0,25,0,2000,2169.27|4263.53|130.71
30012,QMT_Title_001426,QMT_Purpose_001426,高另一个战士族援助,高另一个战士族援助,1,2511,0,16,0,2000,2353.31|4171.31|122.76
30014,QMT_Title_001427,QMT_Purpose_001427,高另一个族的猎人援助,高另一个族的猎人援助,1,2512,0,16,0,2000,2353.31|4171.31|122.76
30015,QMT_Title_001428,QMT_Purpose_001428,高另一个族萨满援助,高另一个族萨满援助,1,2513,0,16,0,2000,2353.31|4171.31|122.76
30013,QMT_Title_001429,QMT_Purpose_001429,狗牌收购伤亡,狗牌收购伤亡,3,20617,0,25,1,2000,2353.31|4171.31|122.76
30021,QMT_Title_001430,QMT_Purpose_001430,以弗所教堂路岩石傀儡,以弗所教堂路岩石傀儡,1,2531,0,25,0,2000,2349.84|3793.09|57.24
30022,QMT_Title_001431,QMT_Purpose_001431,灵魂猎人杀,灵魂猎人杀,1,2533,0,25,0,2000,2349.84|3793.09|57.24
30023,QMT_Title_001432,QMT_Purpose_001432,获得的苔治疗室室树皮后,收购树皮莫斯室,3,20624,0,25,1,2000,2370.45|4021.83|90.12
30031,QMT_Title_001433,QMT_Purpose_001433,斯特恩珥基督城居民,斯特恩珥基督城居民,1,2541,0,25,0,2000,2204.33|3879.05|66.32
30035,QMT_Title_001434,QMT_Purpose_001434,援助的居民扭曲内尔斯特恩,援助的居民扭曲内尔斯特恩,1,2542,0,25,0,2000,2204.33|3879.05|66.32
30032,QMT_Title_001435,QMT_Purpose_001435,倒下的树杀死的精神,倒下的树杀死的精神,1,2551,0,25,0,2000,2189.17|3812.99|63.97
30033,QMT_Title_001436,QMT_Purpose_001436,元素得分倒下的树木和树灵的收集种子,收集在树精神种子,3,20642,0,25,1,2000,2189.17|3812.99|63.97
30041,QMT_Title_001437,QMT_Purpose_001437,黑10吨袋斧疾病治疗,黑10吨袋斧疾病治疗,1,2561,0,25,0,2000,2305.68|3677.48|64.04
30045,QMT_Title_001438,QMT_Purpose_001438,黑10吨袋射手援助,黑10吨袋射手援助,1,2562,0,25,0,2000,2305.68|3677.48|64.04
30042,QMT_Title_001439,QMT_Purpose_001439,不同的处理易碎的玻璃,不同的处理易碎的玻璃,1,2571,0,25,0,2000,2169.63|3366.96|46.19
30046,QMT_Title_001440,QMT_Purpose_001440,不同的眼镜援助,不同的眼镜援助,1,2574,0,25,0,2000,2212.73|3346.20|48.77
30043,QMT_Title_001441,QMT_Purpose_001441,获得珠分歧杯乱治疗后,珠收购混沌,3,20650,0,25,1,2000,2212.73|3346.20|48.77
30047,QMT_Title_001442,QMT_Purpose_001442,获得了一块不同的治疗混乱易碎的玻璃后,收购混沌件,3,20651,0,25,1,2000,2169.63|3366.96|46.19
30051,QMT_Title_001443,QMT_Purpose_001443,混沌的萨满小号援助部队,混沌的萨满小号援助部队,1,2583,0,25,0,2000,2166.97|3216.53|59.12
30055,QMT_Title_001444,QMT_Purpose_001444,混沌宠物小号援助部队,混沌宠物小号援助部队,1,2584,0,25,0,2000,2166.97|3216.53|59.12
30052,QMT_Title_001445,QMT_Purpose_001445,受污染的木灵援助,受污染的木灵援助,1,2581,0,25,0,2000,2403.24|3456.94|34.84
30053,QMT_Title_001446,QMT_Purpose_001446,所获得的被污染的木雕处理受污染的元素之灵后,购得一块被污染的烈酒,3,20655,0,25,1,2000,2403.24|3456.94|34.84
30061,QMT_Title_001447,QMT_Purpose_001447,斩首一名受害者援助,斩首一名受害者援助,1,2591,0,25,0,2000,2668.21|3770.62|19.71
30065,QMT_Title_001448,QMT_Purpose_001448,它斩杀1鬼援助,它斩杀1鬼援助,1,2592,0,25,0,2000,2668.21|3770.62|19.71
30062,QMT_Title_001449,QMT_Purpose_001449,计分单斩首的受害者，并获得了一块幽灵鬼,购得一块鬼,3,20710,0,25,1,2000,2682.73|3747.45|17.38
30063,QMT_Title_001450,QMT_Purpose_001450,杀死堕落的守护精神，获得了皮革保护,获得监护人的皮甲,3,20662,0,25,1,2000,2663.65|3921.40|78.05
30071,QMT_Title_001451,QMT_Purpose_001451,湾nolpeu援助,湾nolpeu援助,1,2601,0,25,0,2000,2813.45|3911.33|3.92
30075,QMT_Title_001452,QMT_Purpose_001452,湾neeo援助,湾neeo援助,1,2602,0,25,0,2000,2813.45|3911.33|3.92
30072,QMT_Title_001453,QMT_Purpose_001453,被诅咒的月亮精灵援助,被诅咒的月亮精灵援助,1,2611,0,25,0,2000,2969.74|3739.64|4.30
30076,QMT_Title_001454,QMT_Purpose_001454,堕落精灵月亮援助,堕落精灵月亮援助,1,2612,0,25,0,2000,2969.74|3739.64|4.30
30073,QMT_Title_001455,QMT_Purpose_001455,收到并获得肉体堕落的门，门的精灵精灵月亮精灵的诅咒援助,月亮精灵肉收购,3,20677,0,25,1,2000,2969.74|3739.64|4.30
30081,QMT_Title_001456,QMT_Purpose_001456,血腥斧袋瓶援助,血腥斧袋瓶援助,1,2621,0,16,0,2000,2715.85|3556.71|32.81
30085,QMT_Title_001457,QMT_Purpose_001457,血淋淋的弓箭手斧急救箱包,血淋淋的弓箭手斧急救箱包,1,2622,0,16,0,2000,2715.85|3556.71|32.81
30086,QMT_Title_001458,QMT_Purpose_001458,血淋淋的斧头力量向导处理,血淋淋的斧头力量向导处理,1,2623,0,16,0,2000,2715.85|3556.71|32.81
30082,QMT_Title_001459,QMT_Purpose_001459,血淋淋的斧头袋侦察员援助,血淋淋的斧头袋侦察员援助,1,2631,0,25,0,2000,2880.59|3379.41|18.71
30087,QMT_Title_001460,QMT_Purpose_001460,血侦察援助小狗袋,血侦察援助小狗袋,1,2632,0,25,0,2000,2880.59|3379.41|18.71
30083,QMT_Title_001461,QMT_Purpose_001461,得分血腥斧头攻击部队，和血斧袋获得性疾病,血腥斧采集单元,3,20681,0,25,1,2000,2782.08|3510.63|23.98
30088,QMT_Title_001462,QMT_Purpose_001462,杀死狙击手，并获得血液血腥斧袋包装袋蝴蝶结,血腥斧弓袋采集,3,20682,0,25,1,2000,2782.08|3510.63|23.98
30091,QMT_Title_001463,QMT_Purpose_001463,文章治疗混沌,文章治疗混沌,1,2641,0,25,0,2000,2767.20|3229.40|55.12
30095,QMT_Title_001464,QMT_Purpose_001464,治疗篇恐怖,治疗篇恐怖,1,2642,0,25,0,2000,2767.20|3229.40|55.12
30092,QMT_Title_001465,QMT_Purpose_001465,骷髅弓箭手援助,骷髅弓箭手援助,1,2652,0,25,0,2000,2904.12|3217.39|59.68
30093,QMT_Title_001466,QMT_Purpose_001466,恶念收购的骷髅士兵和士兵丧生,恶念收购士兵,3,20693,0,25,1,2000,2904.12|3217.39|59.68
30101,QMT_Title_001467,QMT_Purpose_001467,蓝调杰夫援助,蓝调杰夫援助,1,3511,0,30,0,2000,2768.10|5009.25|175.66
30105,QMT_Title_001468,QMT_Purpose_001468,生气杰夫援助,生气杰夫援助,1,3503,0,30,0,2000,2756.85|4979.89|176.01
30106,QMT_Title_001469,QMT_Purpose_001469,做红色斑点杰夫援助,做红色斑点杰夫援助,1,3513,0,30,0,2000,2792.21|4979.03|176.44
30102,QMT_Title_001470,QMT_Purpose_001470,愤怒湾neeo援助,愤怒湾neeo援助,1,3521,0,25,0,2000,2806.85|4705.31|164.29
30107,QMT_Title_001471,QMT_Purpose_001471,避免爪湾neeo援助,避免爪湾neeo援助,1,3522,0,25,0,2000,2806.85|4705.31|164.29
30103,QMT_Title_001472,QMT_Purpose_001472,杀死气血EOWA四爪湾湾湾neeo和胆囊采集neeo,湾neeo胆收购,3,20921,0,25,1,2000,2806.85|4705.31|164.29
30111,QMT_Title_001473,QMT_Purpose_001473,贼山蚂蚁治疗,贼山蚂蚁治疗,1,3561,0,25,0,2000,2815.39|4165.29|149.42
30115,QMT_Title_001474,QMT_Purpose_001474,基督城战士蚂蚁山,基督城战士蚂蚁山,1,3562,0,25,0,2000,2815.39|4165.29|149.42
30112,QMT_Title_001475,QMT_Purpose_001475,小飞龙山援助,小飞龙山援助,1,3572,0,25,0,2000,2936.60|4343.16|168.01
30116,QMT_Title_001476,QMT_Purpose_001476,飞龙山援助,飞龙山援助,1,3571,0,25,0,2000,2936.60|4343.16|168.01
30113,QMT_Title_001477,QMT_Purpose_001477,年轻的群山峻岭得分翼龙翼龙翼龙和皮革收集,飞龙皮革收集,3,20939,0,30,1,2000,2936.60|4343.16|168.01
30121,QMT_Title_001478,QMT_Purpose_001478,山傀儡援助,山傀儡援助,1,3601,0,25,0,2000,3063.90|5005.68|198.55
30125,QMT_Title_001479,QMT_Purpose_001479,傀儡刷新援助,傀儡刷新援助,1,3602,0,25,0,2000,3063.90|5005.68|198.55
30122,QMT_Title_001480,QMT_Purpose_001480,订阅枯树援助,订阅枯树援助,1,3612,0,25,0,2000,3197.31|5007.67|217.92
30126,QMT_Title_001481,QMT_Purpose_001481,不要失去了火花大师援助,不要失去了火花大师援助,1,3611,0,25,0,2000,3197.31|5007.67|217.92
30123,QMT_Title_001482,QMT_Purpose_001482,不要放弃了教会和瘦壳收集的好东西火花,瘦壳收集,3,20955,0,25,1,2000,3197.31|5007.67|217.92
30127,QMT_Title_001483,QMT_Purpose_001483,帮助枯树干饲料触手收藏,干触手收藏,3,20956,0,25,1,2000,3197.31|5007.67|217.92
30131,QMT_Title_001484,QMT_Purpose_001484,士兵杀鹰身人,士兵杀鹰身人,1,3632,0,25,0,2000,3259.31|4779.52|231.56
30135,QMT_Title_001485,QMT_Purpose_001485,基督城战士哈比,基督城战士哈比,1,3631,0,25,0,2000,3259.31|4779.52|231.56
30132,QMT_Title_001486,QMT_Purpose_001486,基督城战士jeongchaljo,基督城战士jeongchaljo,1,3661,0,16,0,2000,3601.57|4938.48|269.59
30136,QMT_Title_001487,QMT_Purpose_001487,射手援助jeongchaljo,射手援助jeongchaljo,1,3662,0,16,0,2000,3601.57|4938.48|269.59
30137,QMT_Title_001488,QMT_Purpose_001488,Jeongchaljo向导基督城,Jeongchaljo向导基督城,1,3663,0,16,0,2000,3601.57|4938.48|269.59
30133,QMT_Title_001489,QMT_Purpose_001489,Jeongchaljo战士，弓箭手，法师和财物援助袋收集,收集物品的口袋,3,20977,0,25,1,2000,3601.57|4938.48|269.59
30141,QMT_Title_001490,QMT_Purpose_001490,精英龙山区援助,精英龙山区援助,1,3702,0,25,0,2000,3962.62|4669.91|289.34
30145,QMT_Title_001491,QMT_Purpose_001491,熔岩龙精英援助,熔岩龙精英援助,1,3701,0,25,0,2000,3962.62|4669.91|289.34
30142,QMT_Title_001492,QMT_Purpose_001492,精英卫兵援助,精英卫兵援助,1,3721,0,25,0,2000,3966.61|5004.61|315.21
30146,QMT_Title_001493,QMT_Purpose_001493,精英保驾护航弓箭手援助,精英保驾护航弓箭手援助,1,3722,0,25,0,2000,3966.61|5004.61|315.21
30143,QMT_Title_001494,QMT_Purpose_001494,杀死警卫和护送精英弓箭手和硬币收购山研究,山调查获取硬币,3,21002,0,25,1,2000,3966.61|5004.61|315.21
30151,QMT_Title_001495,QMT_Purpose_001495,瘟疫杀死一个怪物,瘟疫杀死一个怪物,1,4522,0,25,0,2000,3685.74|4498.69|244.67
30155,QMT_Title_001496,QMT_Purpose_001496,娄的宠物法术援助,娄的宠物法术援助,1,4523,0,25,0,2000,3685.74|4498.69|244.67
30152,QMT_Title_001497,QMT_Purpose_001497,评分鼠疫研究员获得鼠疫研究者的观察日记,杂志瘟疫研究员观察到收购,3,21115,0,25,1,2000,3685.74|4498.69|244.67
30153,QMT_Title_001498,QMT_Purpose_001498,深渊的看门人处理,深渊的看门人处理,1,4531,0,25,0,2000,3974.91|4422.05|250.53
30156,QMT_Title_001499,QMT_Purpose_001499,门童治疗的深红色,门童治疗的深红色,1,4532,0,25,0,2000,3974.91|4422.05|250.53
30154,QMT_Title_001500,QMT_Purpose_001500,网守和深渊的把关处理和获取看门的红瓤深渊,获取肉守门,3,21122,0,25,1,2000,3974.91|4422.05|250.53
30161,QMT_Title_001501,QMT_Purpose_001501,强化骷髅士兵丧生,强化骷髅士兵丧生,1,4571,0,25,0,2000,3152.38|4418.41|180.05
30165,QMT_Title_001502,QMT_Purpose_001502,骷髅弓箭手加强援助,骷髅弓箭手加强援助,1,4572,0,25,0,2000,3152.38|4418.41|180.05
30162,QMT_Title_001503,QMT_Purpose_001503,死灵法师援助,死灵法师援助,1,4574,0,25,0,2000,3271.42|4387.39|181.19
30166,QMT_Title_001504,QMT_Purpose_001504,强化骷髅精灵援助,强化骷髅精灵援助,1,4573,0,25,0,2000,3271.42|4387.39|181.19
30163,QMT_Title_001505,QMT_Purpose_001505,杀死文章的幽灵,杀死文章的幽灵,1,4551,0,25,0,2000,3179.89|4217.71|168.93
30167,QMT_Title_001506,QMT_Purpose_001506,杀鬼故事,杀鬼故事,1,4552,0,25,0,2000,3179.89|4217.71|168.93
30164,QMT_Title_001507,QMT_Purpose_001507,杀的鬼故事幽灵和收购骑士的铠甲片,购得一块装甲骑士,3,21162,0,25,1,2000,3179.89|4217.71|168.93
30171,QMT_Title_001508,QMT_Purpose_001508,该卡尼尔援助的仆人,该卡尼尔援助的仆人,1,4601,0,25,0,2000,3280.56|3703.92|73.13
30175,QMT_Title_001509,QMT_Purpose_001509,该卡尼尔援助追随者,该卡尼尔援助追随者,1,4602,0,25,0,2000,3280.56|3703.92|73.13
30172,QMT_Title_001510,QMT_Purpose_001510,杀尼尔卡的仆人和追随者，并收集死者的恶念,死的人的恶念集合,3,21183,0,25,1,2000,3280.56|3703.92|73.13
30173,QMT_Title_001511,QMT_Purpose_001511,瘟疫杀死虫,瘟疫杀死虫,1,4591,0,25,0,2000,3430.33|3684.07|69.13
30176,QMT_Title_001512,QMT_Purpose_001512,骷髅瘟疫杀死虫子,骷髅瘟疫杀死虫子,1,4592,0,25,0,2000,3430.33|3684.07|69.13
30174,QMT_Title_001513,QMT_Purpose_001513,昆虫鼠疫死亡和瘟疫虫肉集合,虫灾的肉集合,3,21177,0,25,1,2000,3430.33|3684.07|69.13
30181,QMT_Title_001514,QMT_Purpose_001514,监测治疗混沌,监测治疗混沌,1,4621,0,25,0,2000,3992.89|3963.29|246.78
30185,QMT_Title_001515,QMT_Purpose_001515,混沌的援助奴隶,混沌的援助奴隶,1,4623,0,25,0,2000,3992.89|3963.29|246.78
30182,QMT_Title_001516,QMT_Purpose_001516,承包商处理混沌,承包商处理混沌,1,4622,0,25,0,2000,3992.89|3963.29|246.78
30186,QMT_Title_001517,QMT_Purpose_001517,收集和处理的证明合同混沌的承包商,收集协议证明,3,21209,0,25,1,2000,3992.89|3963.29|246.78
30183,QMT_Title_001518,QMT_Purpose_001518,援助堕落勇士,援助堕落勇士,1,4644,0,16,0,2000,3769.04|3716.09|262.90
30187,QMT_Title_001519,QMT_Purpose_001519,堕落射手援助,堕落射手援助,1,4645,0,16,0,2000,3769.04|3716.09|262.90
30188,QMT_Title_001520,QMT_Purpose_001520,堕落精灵基督城,堕落精灵基督城,1,4646,0,16,0,2000,3769.04|3716.09|262.90
30184,QMT_Title_001521,QMT_Purpose_001521,援助阵亡战士和堕落战士的剑收购,获得阵亡战士的剑,3,21228,0,16,1,2000,3769.04|3716.09|262.90
30189,QMT_Title_001522,QMT_Purpose_001522,援助下降弓箭手弓和收购堕落弓箭手,收购堕落弓箭手的弓,3,21229,0,16,1,2000,3769.04|3716.09|262.90
30190,QMT_Title_001523,QMT_Purpose_001523,杀堕落精灵和魔杖收购堕落精灵,堕落精灵获得员工,3,21230,0,16,1,2000,3769.04|3716.09|262.90
30191,QMT_Title_001524,QMT_Purpose_001524,月影侦察治疗,月影侦察治疗,1,4691,0,25,0,2000,3877.64|3334.18|231.56
30195,QMT_Title_001525,QMT_Purpose_001525,月影猎人袋援助,月影猎人袋援助,1,4693,0,25,0,2000,3877.64|3334.18|231.56
30192,QMT_Title_001526,QMT_Purpose_001526,月影突击部队病的治疗,月影突击部队病的治疗,1,4692,0,25,0,2000,3877.64|3334.18|231.56
30196,QMT_Title_001527,QMT_Purpose_001527,月影萨满势力的追杀,月影萨满势力的追杀,1,4694,0,25,0,2000,3877.64|3334.18|231.56
30193,QMT_Title_001528,QMT_Purpose_001528,黑太阳基督城战士,黑太阳基督城战士,1,4711,0,16,0,2000,3832.06|3333.37|231.21
30197,QMT_Title_001529,QMT_Purpose_001529,黑太阳的射手援助,黑太阳的射手援助,1,4712,0,16,0,2000,3832.06|3333.37|231.21
30198,QMT_Title_001530,QMT_Purpose_001530,黑太阳的向导援助,黑太阳的向导援助,1,4713,0,16,0,2000,3832.06|3333.37|231.21
30194,QMT_Title_001531,QMT_Purpose_001531,基督城战士，弓箭手，法师，黑Sun的收购ID eimhayi联盟,采集ID eimhayi联盟,3,21264,0,25,1,2000,3832.06|3333.37|231.21
32002,QMT_Title_001532,QMT_Purpose_001532,请在黎明沙漠杀死敌人的用户在露水。,杀死敌人的用户。,6,2005,0,30,0,2005,254.44|255.81|10.91
32003,QMT_Title_001533,QMT_Purpose_001533,请明镜清扫杀死黑暗火焰碎片从地面。,杀死暗影烈焰DER清扫车。,1,110007,0,25,0,2006,516.08|255.92|41.22
32004,QMT_Title_001534,QMT_Purpose_001534,请明镜清扫碎片杀死黑暗冰冷的地面上。,杀死黑暗寒冷的DER清扫车。,1,110008,0,25,0,2006,516.08|255.92|41.22
32005,QMT_Title_001535,QMT_Purpose_001535,土地使用者不断从明星的待遇碎片,土地使用者不断从明星的待遇碎片,6,2006,0,30,0,2006,0
32011,QMT_Title_001536,QMT_Purpose_001536,41-46赢在地面红泪。,41-46赢在地面红泪。,12,1111,0,1,0,2000,0
32012,QMT_Title_001537,QMT_Purpose_001537,41-46败在了红泪地电平。,41-46败在了红泪地电平。,13,1111,0,1,0,2000,0
32013,QMT_Title_001538,QMT_Purpose_001538,41-46胜利水平谷叹了口气。,41-46胜利水平谷叹了口气。,12,1121,0,1,0,2000,0
32014,QMT_Title_001539,QMT_Purpose_001539,41-46失利水平谷叹了口气。,41-46失利水平谷叹了口气。,13,1121,0,1,0,2000,0
32015,QMT_Title_001540,QMT_Purpose_001540,41-46胜利章水平拉奎拉角斗士。,41-46胜利章水平拉奎拉角斗士。,12,1131,0,1,0,2000,0
32016,QMT_Title_001541,QMT_Purpose_001541,等级41-46惨败于拉奎拉角斗士的篇章。,等级41-46惨败于拉奎拉角斗士的篇章。,13,1131,0,1,0,2000,0
32021,QMT_Title_001542,QMT_Purpose_001542,41-46赢在地面红泪。,41-46赢在地面红泪。,12,1111,0,1,0,2000,0
32022,QMT_Title_001543,QMT_Purpose_001543,41-46败在了红泪地电平。,41-46败在了红泪地电平。,13,1111,0,1,0,2000,0
32023,QMT_Title_001544,QMT_Purpose_001544,41-46胜利水平谷叹了口气。,41-46胜利水平谷叹了口气。,12,1121,0,1,0,2000,0
32024,QMT_Title_001545,QMT_Purpose_001545,41-46失利水平谷叹了口气。,41-46失利水平谷叹了口气。,13,1121,0,1,0,2000,0
32025,QMT_Title_001546,QMT_Purpose_001546,41-46胜利章水平拉奎拉角斗士。,41-46胜利章水平拉奎拉角斗士。,12,1131,0,1,0,2000,0
32026,QMT_Title_001547,QMT_Purpose_001547,等级41-46惨败于拉奎拉角斗士的篇章。,等级41-46惨败于拉奎拉角斗士的篇章。,13,1131,0,1,0,2000,0
32031,QMT_Title_001548,QMT_Purpose_001548,41-46赢在地面红泪。,41-46赢在地面红泪。,12,1111,0,1,0,2000,0
32032,QMT_Title_001549,QMT_Purpose_001549,41-46败在了红泪地电平。,41-46败在了红泪地电平。,13,1111,0,1,0,2000,0
32033,QMT_Title_001550,QMT_Purpose_001550,41-46胜利水平谷叹了口气。,41-46胜利水平谷叹了口气。,12,1121,0,1,0,2000,0
32034,QMT_Title_001551,QMT_Purpose_001551,41-46失利水平谷叹了口气。,41-46失利水平谷叹了口气。,13,1121,0,1,0,2000,0
32035,QMT_Title_001552,QMT_Purpose_001552,41-46胜利章水平拉奎拉角斗士。,41-46胜利章水平拉奎拉角斗士。,12,1131,0,1,0,2000,0
32036,QMT_Title_001553,QMT_Purpose_001553,等级41-46惨败于拉奎拉角斗士的篇章。,等级41-46惨败于拉奎拉角斗士的篇章。,13,1131,0,1,0,2000,0
32041,QMT_Title_001554,QMT_Purpose_001554,41-46赢在地面红泪。,41-46赢在地面红泪。,12,1111,0,1,0,2000,0
32042,QMT_Title_001555,QMT_Purpose_001555,41-46败在了红泪地电平。,41-46败在了红泪地电平。,13,1111,0,1,0,2000,0
32043,QMT_Title_001556,QMT_Purpose_001556,41-46胜利水平谷叹了口气。,41-46胜利水平谷叹了口气。,12,1121,0,1,0,2000,0
32044,QMT_Title_001557,QMT_Purpose_001557,41-46失利水平谷叹了口气。,41-46失利水平谷叹了口气。,13,1121,0,1,0,2000,0
32045,QMT_Title_001558,QMT_Purpose_001558,41-46胜利章水平拉奎拉角斗士。,41-46胜利章水平拉奎拉角斗士。,12,1131,0,1,0,2000,0
32046,QMT_Title_001559,QMT_Purpose_001559,等级41-46惨败于拉奎拉角斗士的篇章。,等级41-46惨败于拉奎拉角斗士的篇章。,13,1131,0,1,0,2000,0
32051,QMT_Title_001560,QMT_Purpose_001560,41-46赢在地面红泪。,41-46赢在地面红泪。,12,1111,0,1,0,2000,0
32052,QMT_Title_001561,QMT_Purpose_001561,41-46败在了红泪地电平。,41-46败在了红泪地电平。,13,1111,0,1,0,2000,0
32053,QMT_Title_001562,QMT_Purpose_001562,41-46胜利水平谷叹了口气。,41-46胜利水平谷叹了口气。,12,1121,0,1,0,2000,0
32054,QMT_Title_001563,QMT_Purpose_001563,41-46失利水平谷叹了口气。,41-46失利水平谷叹了口气。,13,1121,0,1,0,2000,0
32055,QMT_Title_001564,QMT_Purpose_001564,41-46胜利章水平拉奎拉角斗士。,41-46胜利章水平拉奎拉角斗士。,12,1131,0,1,0,2000,0
32056,QMT_Title_001565,QMT_Purpose_001565,等级41-46惨败于拉奎拉角斗士的篇章。,等级41-46惨败于拉奎拉角斗士的篇章。,13,1131,0,1,0,2000,0
32061,QMT_Title_001566,QMT_Purpose_001566,据星辰碎片骨灰在地下巨魔战士援助,巨魔战士的骨灰援助,1,110001,0,25,0,2006,648.43|346.62|21.41
32062,QMT_Title_001567,QMT_Purpose_001567,巨魔萨满从废墟土地死于碎片,巨魔萨满骨灰援助,1,110002,0,25,0,2006,648.43|346.62|21.41
32063,QMT_Title_001568,QMT_Purpose_001568,土地使用者不断从明星的待遇碎片,土地使用者不断从明星的待遇碎片,6,2006,0,30,0,2006,0
33001,QMT_Title_001569,QMT_Purpose_001569,30-40赢在地面红泪。,30-40赢在地面红泪。,12,1110,0,1,0,2000,0
33002,QMT_Title_001570,QMT_Purpose_001570,胜利在30-40级的谷叹了口气。,胜利在30-40级的谷叹了口气。,12,1120,0,1,0,2000,0
33003,QMT_Title_001571,QMT_Purpose_001571,角斗士赢得了30-40级拉奎拉章。,角斗士赢得了30-40级拉奎拉章。,12,1130,0,1,0,2000,0
33011,QMT_Title_001572,QMT_Purpose_001572,30-40赢在地面红泪。,30-40赢在地面红泪。,12,1110,0,1,0,2000,0
33012,QMT_Title_001573,QMT_Purpose_001573,胜利在30-40级的谷叹了口气。,胜利在30-40级的谷叹了口气。,12,1120,0,1,0,2000,0
33013,QMT_Title_001574,QMT_Purpose_001574,角斗士赢得了30-40级拉奎拉章。,角斗士赢得了30-40级拉奎拉章。,12,1130,0,1,0,2000,0
33021,QMT_Title_001575,QMT_Purpose_001575,30-40赢在地面红泪。,30-40赢在地面红泪。,12,1110,0,1,0,2000,0
33022,QMT_Title_001576,QMT_Purpose_001576,胜利在30-40级的谷叹了口气。,胜利在30-40级的谷叹了口气。,12,1120,0,1,0,2000,0
33023,QMT_Title_001577,QMT_Purpose_001577,角斗士赢得了30-40级拉奎拉章。,角斗士赢得了30-40级拉奎拉章。,12,1130,0,1,0,2000,0
33031,QMT_Title_001578,QMT_Purpose_001578,30-40赢在地面红泪。,30-40赢在地面红泪。,12,1110,0,1,0,2000,0
33032,QMT_Title_001579,QMT_Purpose_001579,胜利在30-40级的谷叹了口气。,胜利在30-40级的谷叹了口气。,12,1120,0,1,0,2000,0
33033,QMT_Title_001580,QMT_Purpose_001580,角斗士赢得了30-40级拉奎拉章。,角斗士赢得了30-40级拉奎拉章。,12,1130,0,1,0,2000,0
33041,QMT_Title_001581,QMT_Purpose_001581,30-40赢在地面红泪。,30-40赢在地面红泪。,12,1110,0,1,0,2000,0
33042,QMT_Title_001582,QMT_Purpose_001582,胜利在30-40级的谷叹了口气。,胜利在30-40级的谷叹了口气。,12,1120,0,1,0,2000,0
33043,QMT_Title_001583,QMT_Purpose_001583,角斗士赢得了30-40级拉奎拉章。,角斗士赢得了30-40级拉奎拉章。,12,1130,0,1,0,2000,0
33051,QMT_Title_001584,QMT_Purpose_001584,30-40赢在地面红泪。,30-40赢在地面红泪。,12,1110,0,1,0,2000,0
33052,QMT_Title_001585,QMT_Purpose_001585,胜利在30-40级的谷叹了口气。,胜利在30-40级的谷叹了口气。,12,1120,0,1,0,2000,0
33053,QMT_Title_001586,QMT_Purpose_001586,角斗士赢得了30-40级拉奎拉章。,角斗士赢得了30-40级拉奎拉章。,12,1130,0,1,0,2000,0
33061,QMT_Title_001587,QMT_Purpose_001587,30-40赢在地面红泪。,30-40赢在地面红泪。,12,1110,0,1,0,2000,0
33062,QMT_Title_001588,QMT_Purpose_001588,胜利在30-40级的谷叹了口气。,胜利在30-40级的谷叹了口气。,12,1120,0,1,0,2000,0
33063,QMT_Title_001589,QMT_Purpose_001589,角斗士赢得了30-40级拉奎拉章。,角斗士赢得了30-40级拉奎拉章。,12,1130,0,1,0,2000,0
33071,QMT_Title_001590,QMT_Purpose_001590,30-40赢在地面红泪。,30-40赢在地面红泪。,12,1110,0,1,0,2000,0
33072,QMT_Title_001591,QMT_Purpose_001591,胜利在30-40级的谷叹了口气。,胜利在30-40级的谷叹了口气。,12,1120,0,1,0,2000,0
33073,QMT_Title_001592,QMT_Purpose_001592,角斗士赢得了30-40级拉奎拉章。,角斗士赢得了30-40级拉奎拉章。,12,1130,0,1,0,2000,0
33081,QMT_Title_001593,QMT_Purpose_001593,30-40赢在地面红泪。,30-40赢在地面红泪。,12,1110,0,1,0,2000,0
33082,QMT_Title_001594,QMT_Purpose_001594,胜利在30-40级的谷叹了口气。,胜利在30-40级的谷叹了口气。,12,1120,0,1,0,2000,0
33083,QMT_Title_001595,QMT_Purpose_001595,角斗士赢得了30-40级拉奎拉章。,角斗士赢得了30-40级拉奎拉章。,12,1130,0,1,0,2000,0
33091,QMT_Title_001596,QMT_Purpose_001596,30-40赢在地面红泪。,30-40赢在地面红泪。,12,1110,0,1,0,2000,0
33092,QMT_Title_001597,QMT_Purpose_001597,胜利在30-40级的谷叹了口气。,胜利在30-40级的谷叹了口气。,12,1120,0,1,0,2000,0
33093,QMT_Title_001598,QMT_Purpose_001598,角斗士赢得了30-40级拉奎拉章。,角斗士赢得了30-40级拉奎拉章。,12,1130,0,1,0,2000,0
33101,QMT_Title_001599,QMT_Purpose_001599,41-46赢在地面红泪。,41-46赢在地面红泪。,12,1111,0,1,0,2000,0
33102,QMT_Title_001600,QMT_Purpose_001600,41-46胜利水平谷叹了口气。,41-46胜利水平谷叹了口气。,12,1121,0,1,0,2000,0
33103,QMT_Title_001601,QMT_Purpose_001601,41-46胜利章水平拉奎拉角斗士。,41-46胜利章水平拉奎拉角斗士。,12,1131,0,1,0,2000,0
33111,QMT_Title_001602,QMT_Purpose_001602,41-46赢在地面红泪。,41-46赢在地面红泪。,12,1111,0,1,0,2000,0
33112,QMT_Title_001603,QMT_Purpose_001603,41-46胜利水平谷叹了口气。,41-46胜利水平谷叹了口气。,12,1121,0,1,0,2000,0
33113,QMT_Title_001604,QMT_Purpose_001604,41-46胜利章水平拉奎拉角斗士。,41-46胜利章水平拉奎拉角斗士。,12,1131,0,1,0,2000,0
33121,QMT_Title_001605,QMT_Purpose_001605,41-46赢在地面红泪。,41-46赢在地面红泪。,12,1111,0,1,0,2000,0
33122,QMT_Title_001606,QMT_Purpose_001606,41-46胜利水平谷叹了口气。,41-46胜利水平谷叹了口气。,12,1121,0,1,0,2000,0
33123,QMT_Title_001607,QMT_Purpose_001607,41-46胜利章水平拉奎拉角斗士。,41-46胜利章水平拉奎拉角斗士。,12,1131,0,1,0,2000,0
33131,QMT_Title_001608,QMT_Purpose_001608,41-46赢在地面红泪。,41-46赢在地面红泪。,12,1111,0,1,0,2000,0
33132,QMT_Title_001609,QMT_Purpose_001609,41-46胜利水平谷叹了口气。,41-46胜利水平谷叹了口气。,12,1121,0,1,0,2000,0
33133,QMT_Title_001610,QMT_Purpose_001610,41-46胜利章水平拉奎拉角斗士。,41-46胜利章水平拉奎拉角斗士。,12,1131,0,1,0,2000,0
33141,QMT_Title_001611,QMT_Purpose_001611,41-46赢在地面红泪。,41-46赢在地面红泪。,12,1111,0,1,0,2000,0
33142,QMT_Title_001612,QMT_Purpose_001612,41-46胜利水平谷叹了口气。,41-46胜利水平谷叹了口气。,12,1121,0,1,0,2000,0
33143,QMT_Title_001613,QMT_Purpose_001613,41-46胜利章水平拉奎拉角斗士。,41-46胜利章水平拉奎拉角斗士。,12,1131,0,1,0,2000,0
33151,QMT_Title_001614,QMT_Purpose_001614,46-50赢在地面红泪。,46-50赢在地面红泪。,12,1112,0,1,0,2000,0
33152,QMT_Title_001615,QMT_Purpose_001615,胜利在46-50级的谷叹了口气。,胜利在46-50级的谷叹了口气。,12,1122,0,1,0,2000,0
33153,QMT_Title_001616,QMT_Purpose_001616,46-50胜利章水平拉奎拉角斗士。,46-50胜利章水平拉奎拉角斗士。,12,1132,0,1,0,2000,0
33161,QMT_Title_001617,QMT_Purpose_001617,46-50赢在地面红泪。,46-50赢在地面红泪。,12,1112,0,1,0,2000,0
33162,QMT_Title_001618,QMT_Purpose_001618,胜利在46-50级的谷叹了口气。,胜利在46-50级的谷叹了口气。,12,1122,0,1,0,2000,0
33163,QMT_Title_001619,QMT_Purpose_001619,46-50胜利章水平拉奎拉角斗士。,46-50胜利章水平拉奎拉角斗士。,12,1132,0,1,0,2000,0
33171,QMT_Title_001620,QMT_Purpose_001620,46-50赢在地面红泪。,46-50赢在地面红泪。,12,1112,0,1,0,2000,0
33172,QMT_Title_001621,QMT_Purpose_001621,胜利在46-50级的谷叹了口气。,胜利在46-50级的谷叹了口气。,12,1122,0,1,0,2000,0
33173,QMT_Title_001622,QMT_Purpose_001622,46-50胜利章水平拉奎拉角斗士。,46-50胜利章水平拉奎拉角斗士。,12,1132,0,1,0,2000,0
33181,QMT_Title_001623,QMT_Purpose_001623,46-50赢在地面红泪。,46-50赢在地面红泪。,12,1112,0,1,0,2000,0
33182,QMT_Title_001624,QMT_Purpose_001624,胜利在46-50级的谷叹了口气。,胜利在46-50级的谷叹了口气。,12,1122,0,1,0,2000,0
33183,QMT_Title_001625,QMT_Purpose_001625,46-50胜利章水平拉奎拉角斗士。,46-50胜利章水平拉奎拉角斗士。,12,1132,0,1,0,2000,0
33191,QMT_Title_001626,QMT_Purpose_001626,46-50赢在地面红泪。,46-50赢在地面红泪。,12,1112,0,1,0,2000,0
33192,QMT_Title_001627,QMT_Purpose_001627,胜利在46-50级的谷叹了口气。,胜利在46-50级的谷叹了口气。,12,1122,0,1,0,2000,0
33193,QMT_Title_001628,QMT_Purpose_001628,46-50胜利章水平拉奎拉角斗士。,46-50胜利章水平拉奎拉角斗士。,12,1132,0,1,0,2000,0
36001,QMT_Title_001629,QMT_Purpose_001629,清除火焰困难难度或更高的S级的祭坛。,清除火焰困难难度或更高的S级的祭坛。,9,4030,3,1,0,2000,0
36002,QMT_Title_001630,QMT_Purpose_001630,清除火焰的S级至少有难度的祭坛。,清除火焰的S级至少有难度的祭坛。,9,4031,3,1,0,2000,0
36003,QMT_Title_001631,QMT_Purpose_001631,清除火焰到S级或更高的祭坛非常困难。,清除火焰到S级或更高的祭坛非常困难。,9,4032,3,1,0,2000,0
36005,QMT_Title_001632,QMT_Purpose_001632,清除火焰困难难度或更高的S级的祭坛。,清除火焰困难难度或更高的S级的祭坛。,9,4030,3,1,0,2000,0
36006,QMT_Title_001633,QMT_Purpose_001633,清除火焰的S级至少有难度的祭坛。,清除火焰的S级至少有难度的祭坛。,9,4031,3,1,0,2000,0
36007,QMT_Title_001634,QMT_Purpose_001634,清除火焰到S级或更高的祭坛非常困难。,清除火焰到S级或更高的祭坛非常困难。,9,4032,3,1,0,2000,0
36011,QMT_Title_001635,QMT_Purpose_001635,清除火焰困难难度或更高的S级的祭坛。,清除火焰困难难度或更高的S级的祭坛。,9,4030,3,1,0,2000,0
36012,QMT_Title_001636,QMT_Purpose_001636,清除火焰的S级至少有难度的祭坛。,清除火焰的S级至少有难度的祭坛。,9,4031,3,1,0,2000,0
36013,QMT_Title_001637,QMT_Purpose_001637,清除火焰到S级或更高的祭坛非常困难。,清除火焰到S级或更高的祭坛非常困难。,9,4032,3,1,0,2000,0
36015,QMT_Title_001638,QMT_Purpose_001638,清除火焰困难难度或更高的S级的祭坛。,清除火焰困难难度或更高的S级的祭坛。,9,4030,3,1,0,2000,0
36016,QMT_Title_001639,QMT_Purpose_001639,清除火焰的S级至少有难度的祭坛。,清除火焰的S级至少有难度的祭坛。,9,4031,3,1,0,2000,0
36017,QMT_Title_001640,QMT_Purpose_001640,清除火焰到S级或更高的祭坛非常困难。,清除火焰到S级或更高的祭坛非常困难。,9,4032,3,1,0,2000,0
36021,QMT_Title_001641,QMT_Purpose_001641,清除该雇员死亡，困难难度或更高的S级。,清除该雇员死亡，困难难度或更高的S级。,9,4040,3,1,0,2000,0
36022,QMT_Title_001642,QMT_Purpose_001642,清除该雇员死亡，至少难度军衔。,清除该雇员死亡，至少难度军衔。,9,4041,3,1,0,2000,0
36023,QMT_Title_001643,QMT_Purpose_001643,清除死亡的寺庙是非常困难向S级或更高。,清除死亡的寺庙是非常困难向S级或更高。,9,4042,3,1,0,2000,0
36025,QMT_Title_001644,QMT_Purpose_001644,清除该雇员死亡，困难难度或更高的S级。,清除该雇员死亡，困难难度或更高的S级。,9,4040,3,1,0,2000,0
36026,QMT_Title_001645,QMT_Purpose_001645,清除该雇员死亡，至少难度军衔。,清除该雇员死亡，至少难度军衔。,9,4041,3,1,0,2000,0
36027,QMT_Title_001646,QMT_Purpose_001646,清除死亡的寺庙是非常困难向S级或更高。,清除死亡的寺庙是非常困难向S级或更高。,9,4042,3,1,0,2000,0
36031,QMT_Title_001647,QMT_Purpose_001647,清除该雇员死亡，困难难度或更高的S级。,清除该雇员死亡，困难难度或更高的S级。,9,4040,3,1,0,2000,0
36032,QMT_Title_001648,QMT_Purpose_001648,清除该雇员死亡，至少难度军衔。,清除该雇员死亡，至少难度军衔。,9,4041,3,1,0,2000,0
36033,QMT_Title_001649,QMT_Purpose_001649,清除死亡的寺庙是非常困难向S级或更高。,清除死亡的寺庙是非常困难向S级或更高。,9,4042,3,1,0,2000,0
36035,QMT_Title_001650,QMT_Purpose_001650,清除该雇员死亡，困难难度或更高的S级。,清除该雇员死亡，困难难度或更高的S级。,9,4040,3,1,0,2000,0
36036,QMT_Title_001651,QMT_Purpose_001651,清除该雇员死亡，至少难度军衔。,清除该雇员死亡，至少难度军衔。,9,4041,3,1,0,2000,0
36037,QMT_Title_001652,QMT_Purpose_001652,清除死亡的寺庙是非常困难向S级或更高。,清除死亡的寺庙是非常困难向S级或更高。,9,4042,3,1,0,2000,0
36041,QMT_Title_001653,QMT_Purpose_001653,清除该雇员死亡，困难难度或更高的S级。,清除该雇员死亡，困难难度或更高的S级。,9,4040,3,1,0,2000,0
36042,QMT_Title_001654,QMT_Purpose_001654,清除该雇员死亡，至少难度军衔。,清除该雇员死亡，至少难度军衔。,9,4041,3,1,0,2000,0
36043,QMT_Title_001655,QMT_Purpose_001655,清除死亡的寺庙是非常困难向S级或更高。,清除死亡的寺庙是非常困难向S级或更高。,9,4042,3,1,0,2000,0
36045,QMT_Title_001656,QMT_Purpose_001656,暂停通常清零S级，至少难度罗汉。,暂停通常清零S级，至少难度罗汉。,9,4050,3,1,0,2000,0
36046,QMT_Title_001657,QMT_Purpose_001657,浮游罗汉清除难度军衔至少有难度。,浮游罗汉清除难度军衔至少有难度。,9,4051,3,1,0,2000,0
36047,QMT_Title_001658,QMT_Purpose_001658,清除带有S级或更高的罗汉的浮游非常困难。,清除带有S级或更高的罗汉的浮游非常困难。,9,4052,3,1,0,2000,0
36051,QMT_Title_001659,QMT_Purpose_001659,暂停通常清零S级，至少难度罗汉。,暂停通常清零S级，至少难度罗汉。,9,4050,3,1,0,2000,0
36052,QMT_Title_001660,QMT_Purpose_001660,浮游罗汉清除难度军衔至少有难度。,浮游罗汉清除难度军衔至少有难度。,9,4051,3,1,0,2000,0
36053,QMT_Title_001661,QMT_Purpose_001661,清除带有S级或更高的罗汉的浮游非常困难。,清除带有S级或更高的罗汉的浮游非常困难。,9,4052,3,1,0,2000,0
36055,QMT_Title_001662,QMT_Purpose_001662,人群生物实验室通常清除至少有难度的军衔。,人群生物实验室通常清除至少有难度的军衔。,9,4060,3,1,0,2000,0
36056,QMT_Title_001663,QMT_Purpose_001663,清除生物实验室人群军衔至少有难度。,清除生物实验室人群军衔至少有难度。,9,4061,3,1,0,2000,0
36057,QMT_Title_001664,QMT_Purpose_001664,人群生物实验室是非常清楚的困难军衔或更高。,人群生物实验室是非常清楚的困难军衔或更高。,9,4062,3,1,0,2000,0
36061,QMT_Title_001665,QMT_Purpose_001665,人群生物实验室通常清除至少有难度的军衔。,人群生物实验室通常清除至少有难度的军衔。,9,4060,3,1,0,2000,0
36062,QMT_Title_001666,QMT_Purpose_001666,清除生物实验室人群军衔至少有难度。,清除生物实验室人群军衔至少有难度。,9,4061,3,1,0,2000,0
36063,QMT_Title_001667,QMT_Purpose_001667,人群生物实验室是非常清楚的困难军衔或更高。,人群生物实验室是非常清楚的困难军衔或更高。,9,4062,3,1,0,2000,0
36065,QMT_Title_001668,QMT_Purpose_001668,人群生物实验室通常清除至少有难度的军衔。,人群生物实验室通常清除至少有难度的军衔。,9,4060,3,1,0,2000,0
36066,QMT_Title_001669,QMT_Purpose_001669,清除生物实验室人群军衔至少有难度。,清除生物实验室人群军衔至少有难度。,9,4061,3,1,0,2000,0
36067,QMT_Title_001670,QMT_Purpose_001670,人群生物实验室是非常清楚的困难军衔或更高。,人群生物实验室是非常清楚的困难军衔或更高。,9,4062,3,1,0,2000,0
36071,QMT_Title_001671,QMT_Purpose_001671,清除巢通常至少难以贺龙在S级。,清除巢通常至少难以贺龙在S级。,9,4070,3,1,0,2000,0
36072,QMT_Title_001672,QMT_Purpose_001672,清除巢至少难以贺龙在S级。,清除巢至少难以贺龙在S级。,9,4071,3,1,0,2000,0
36073,QMT_Title_001673,QMT_Purpose_001673,贺龙很清楚的已至少难度巢。,贺龙很清楚的已至少难度巢。,9,4072,3,1,0,2000,0
36075,QMT_Title_001674,QMT_Purpose_001674,清除巢通常至少难以贺龙在S级。,清除巢通常至少难以贺龙在S级。,9,4070,3,1,0,2000,0
36076,QMT_Title_001675,QMT_Purpose_001675,清除巢至少难以贺龙在S级。,清除巢至少难以贺龙在S级。,9,4071,3,1,0,2000,0
36077,QMT_Title_001676,QMT_Purpose_001676,贺龙很清楚的已至少难度巢。,贺龙很清楚的已至少难度巢。,9,4072,3,1,0,2000,0
36081,QMT_Title_001677,QMT_Purpose_001677,清除巢通常至少难以贺龙在S级。,清除巢通常至少难以贺龙在S级。,9,4080,3,1,0,2000,0
36082,QMT_Title_001678,QMT_Purpose_001678,清除巢至少难以贺龙在S级。,清除巢至少难以贺龙在S级。,9,4081,3,1,0,2000,0
36083,QMT_Title_001679,QMT_Purpose_001679,贺龙很清楚的已至少难度巢。,贺龙很清楚的已至少难度巢。,9,4082,3,1,0,2000,0
36085,QMT_Title_001680,QMT_Purpose_001680,清除邪恶的困难难度或更高的S级的山谷。,清除邪恶的困难难度或更高的S级的山谷。,9,4080,3,1,0,2000,0
36086,QMT_Title_001681,QMT_Purpose_001681,清除邪恶的困难难度或更高的S级的山谷。,清除邪恶的困难难度或更高的S级的山谷。,9,4081,3,1,0,2000,0
36087,QMT_Title_001682,QMT_Purpose_001682,很难难度结算邪恶的S级或更高的山谷。,很难难度结算邪恶的S级或更高的山谷。,9,4082,3,1,0,2000,0
36091,QMT_Title_001683,QMT_Purpose_001683,清除邪恶的困难难度或更高的S级的山谷。,清除邪恶的困难难度或更高的S级的山谷。,9,4080,3,1,0,2000,0
36092,QMT_Title_001684,QMT_Purpose_001684,清除邪恶的困难难度或更高的S级的山谷。,清除邪恶的困难难度或更高的S级的山谷。,9,4081,3,1,0,2000,0
36093,QMT_Title_001685,QMT_Purpose_001685,很难难度结算邪恶的S级或更高的山谷。,很难难度结算邪恶的S级或更高的山谷。,9,4082,3,1,0,2000,0
36095,QMT_Title_001686,QMT_Purpose_001686,清除黑暗Hard难度或要塞高于军衔。,清除黑暗Hard难度或要塞高于军衔。,9,4090,3,1,0,2000,0
36096,QMT_Title_001687,QMT_Purpose_001687,清除黑暗要塞，至少难度军衔。,清除黑暗要塞，至少难度军衔。,9,4091,3,1,0,2000,0
36097,QMT_Title_001688,QMT_Purpose_001688,清除黑暗中非常困难，向S级或更高的要塞。,清除黑暗中非常困难，向S级或更高的要塞。,9,4092,3,1,0,2000,0
36101,QMT_Title_001689,QMT_Purpose_001689,冰狼堡通常清除至少有难度的军衔。,冰狼堡通常清除至少有难度的军衔。,9,4430,3,1,0,2000,0
36102,QMT_Title_001690,QMT_Purpose_001690,沃尔夫故障排除至少在难度在S级的冰冠城堡。,沃尔夫故障排除至少在难度在S级的冰冠城堡。,9,4431,3,1,0,2000,0
36103,QMT_Title_001691,QMT_Purpose_001691,冰狼古堡很清楚难度军衔或更高。,冰狼古堡很清楚难度军衔或更高。,9,4432,3,1,0,2000,0
36105,QMT_Title_001692,QMT_Purpose_001692,冰狼堡通常清除至少有难度的军衔。,冰狼堡通常清除至少有难度的军衔。,9,4430,3,1,0,2000,0
36106,QMT_Title_001693,QMT_Purpose_001693,沃尔夫故障排除至少在难度在S级的冰冠城堡。,沃尔夫故障排除至少在难度在S级的冰冠城堡。,9,4431,3,1,0,2000,0
36107,QMT_Title_001694,QMT_Purpose_001694,冰狼古堡很清楚难度军衔或更高。,冰狼古堡很清楚难度军衔或更高。,9,4432,3,1,0,2000,0
36111,QMT_Title_001695,QMT_Purpose_001695,冰狼堡通常清除至少有难度的军衔。,冰狼堡通常清除至少有难度的军衔。,9,4430,3,1,0,2000,0
36112,QMT_Title_001696,QMT_Purpose_001696,沃尔夫故障排除至少在难度在S级的冰冠城堡。,沃尔夫故障排除至少在难度在S级的冰冠城堡。,9,4431,3,1,0,2000,0
36113,QMT_Title_001697,QMT_Purpose_001697,冰狼古堡很清楚难度军衔或更高。,冰狼古堡很清楚难度军衔或更高。,9,4432,3,1,0,2000,0
36115,QMT_Title_001698,QMT_Purpose_001698,冰狼堡通常清除至少有难度的军衔。,冰狼堡通常清除至少有难度的军衔。,9,4430,3,1,0,2000,0
36116,QMT_Title_001699,QMT_Purpose_001699,沃尔夫故障排除至少在难度在S级的冰冠城堡。,沃尔夫故障排除至少在难度在S级的冰冠城堡。,9,4431,3,1,0,2000,0
36117,QMT_Title_001700,QMT_Purpose_001700,冰狼古堡很清楚难度军衔或更高。,冰狼古堡很清楚难度军衔或更高。,9,4432,3,1,0,2000,0
36121,QMT_Title_001701,QMT_Purpose_001701,清除的鹰身人普通难度或更高的天堂带S级。,清除的鹰身人普通难度或更高的天堂带S级。,9,4440,3,1,0,2000,0
36122,QMT_Title_001702,QMT_Purpose_001702,哈比清除带有S级或更高的天堂难度。,哈比清除带有S级或更高的天堂难度。,9,4441,3,1,0,2000,0
36123,QMT_Title_001703,QMT_Purpose_001703,在哈比天堂很清楚，至少难度军衔。,在哈比天堂很清楚，至少难度军衔。,9,4442,3,1,0,2000,0
36125,QMT_Title_001704,QMT_Purpose_001704,清除的鹰身人普通难度或更高的天堂带S级。,清除的鹰身人普通难度或更高的天堂带S级。,9,4440,3,1,0,2000,0
36126,QMT_Title_001705,QMT_Purpose_001705,哈比清除带有S级或更高的天堂难度。,哈比清除带有S级或更高的天堂难度。,9,4441,3,1,0,2000,0
36127,QMT_Title_001706,QMT_Purpose_001706,在哈比天堂很清楚，至少难度军衔。,在哈比天堂很清楚，至少难度军衔。,9,4442,3,1,0,2000,0
36131,QMT_Title_001707,QMT_Purpose_001707,清除的鹰身人普通难度或更高的天堂带S级。,清除的鹰身人普通难度或更高的天堂带S级。,9,4440,3,1,0,2000,0
36132,QMT_Title_001708,QMT_Purpose_001708,哈比清除带有S级或更高的天堂难度。,哈比清除带有S级或更高的天堂难度。,9,4441,3,1,0,2000,0
36133,QMT_Title_001709,QMT_Purpose_001709,在哈比天堂很清楚，至少难度军衔。,在哈比天堂很清楚，至少难度军衔。,9,4442,3,1,0,2000,0
36135,QMT_Title_001710,QMT_Purpose_001710,清除的鹰身人普通难度或更高的天堂带S级。,清除的鹰身人普通难度或更高的天堂带S级。,9,4440,3,1,0,2000,0
36136,QMT_Title_001711,QMT_Purpose_001711,哈比清除带有S级或更高的天堂难度。,哈比清除带有S级或更高的天堂难度。,9,4441,3,1,0,2000,0
36137,QMT_Title_001712,QMT_Purpose_001712,在哈比天堂很清楚，至少难度军衔。,在哈比天堂很清楚，至少难度军衔。,9,4442,3,1,0,2000,0
36141,QMT_Title_001713,QMT_Purpose_001713,清除的鹰身人普通难度或更高的天堂带S级。,清除的鹰身人普通难度或更高的天堂带S级。,9,4440,3,1,0,2000,0
36142,QMT_Title_001714,QMT_Purpose_001714,哈比清除带有S级或更高的天堂难度。,哈比清除带有S级或更高的天堂难度。,9,4441,3,1,0,2000,0
36143,QMT_Title_001715,QMT_Purpose_001715,在哈比天堂很清楚，至少难度军衔。,在哈比天堂很清楚，至少难度军衔。,9,4442,3,1,0,2000,0
36145,QMT_Title_001716,QMT_Purpose_001716,清除风暴军衔至少普通难度的城堡。,清除风暴军衔至少普通难度的城堡。,9,4450,3,1,0,2000,0
36146,QMT_Title_001717,QMT_Purpose_001717,清除风暴军衔至少难度的城堡。,清除风暴军衔至少难度的城堡。,9,4451,3,1,0,2000,0
36147,QMT_Title_001718,QMT_Purpose_001718,风暴的城堡清除非常困难，向S级或更高。,风暴的城堡清除非常困难，向S级或更高。,9,4452,3,1,0,2000,0
36151,QMT_Title_001719,QMT_Purpose_001719,清除风暴军衔至少普通难度的城堡。,清除风暴军衔至少普通难度的城堡。,9,4450,3,1,0,2000,0
36152,QMT_Title_001720,QMT_Purpose_001720,清除风暴军衔至少难度的城堡。,清除风暴军衔至少难度的城堡。,9,4451,3,1,0,2000,0
36153,QMT_Title_001721,QMT_Purpose_001721,风暴的城堡清除非常困难，向S级或更高。,风暴的城堡清除非常困难，向S级或更高。,9,4452,3,1,0,2000,0
36155,QMT_Title_001722,QMT_Purpose_001722,清除土地上的困难难度或以上转移到S级。,清除土地上的困难难度或以上转移到S级。,9,4460,3,1,0,2000,0
36156,QMT_Title_001723,QMT_Purpose_001723,清除土地上的困难难度或以上转移到S级。,清除土地上的困难难度或以上转移到S级。,9,4461,3,1,0,2000,0
36157,QMT_Title_001724,QMT_Purpose_001724,勇士清理的非常困难军衔以上的土地。,勇士清理的非常困难军衔以上的土地。,9,4462,3,1,0,2000,0
36161,QMT_Title_001725,QMT_Purpose_001725,清除土地上的困难难度或以上转移到S级。,清除土地上的困难难度或以上转移到S级。,9,4460,3,1,0,2000,0
36162,QMT_Title_001726,QMT_Purpose_001726,清除土地上的困难难度或以上转移到S级。,清除土地上的困难难度或以上转移到S级。,9,4461,3,1,0,2000,0
36163,QMT_Title_001727,QMT_Purpose_001727,勇士清理的非常困难军衔以上的土地。,勇士清理的非常困难军衔以上的土地。,9,4462,3,1,0,2000,0
36165,QMT_Title_001728,QMT_Purpose_001728,清除土地上的困难难度或以上转移到S级。,清除土地上的困难难度或以上转移到S级。,9,4460,3,1,0,2000,0
36166,QMT_Title_001729,QMT_Purpose_001729,清除土地上的困难难度或以上转移到S级。,清除土地上的困难难度或以上转移到S级。,9,4461,3,1,0,2000,0
36167,QMT_Title_001730,QMT_Purpose_001730,勇士清理的非常困难军衔以上的土地。,勇士清理的非常困难军衔以上的土地。,9,4462,3,1,0,2000,0
36171,QMT_Title_001731,QMT_Purpose_001731,红头火山洞穴通常清除至少有难度的军衔。,红头火山洞穴通常清除至少有难度的军衔。,9,4470,3,1,0,2000,0
36172,QMT_Title_001732,QMT_Purpose_001732,红头火山洞穴清除至少有难度的军衔。,红头火山洞穴清除至少有难度的军衔。,9,4471,3,1,0,2000,0
36173,QMT_Title_001733,QMT_Purpose_001733,红头火山洞穴很清楚，至少难度军衔。,红头火山洞穴很清楚，至少难度军衔。,9,4472,3,1,0,2000,0
36175,QMT_Title_001734,QMT_Purpose_001734,红头火山洞穴通常清除至少有难度的军衔。,红头火山洞穴通常清除至少有难度的军衔。,9,4470,3,1,0,2000,0
36176,QMT_Title_001735,QMT_Purpose_001735,红头火山洞穴清除至少有难度的军衔。,红头火山洞穴清除至少有难度的军衔。,9,4471,3,1,0,2000,0
36177,QMT_Title_001736,QMT_Purpose_001736,红头火山洞穴很清楚，至少难度军衔。,红头火山洞穴很清楚，至少难度军衔。,9,4472,3,1,0,2000,0
36181,QMT_Title_001737,QMT_Purpose_001737,半人马镇通常灰清除至少有难度的军衔。,半人马镇通常灰清除至少有难度的军衔。,9,4480,3,1,0,2000,0
36182,QMT_Title_001738,QMT_Purpose_001738,灰清除半人马村困难已或更高。,灰清除半人马村困难已或更高。,9,4481,3,1,0,2000,0
36183,QMT_Title_001739,QMT_Purpose_001739,灰清除半人马村里很困难与S级或更高。,灰清除半人马村里很困难与S级或更高。,9,4482,3,1,0,2000,0
36185,QMT_Title_001740,QMT_Purpose_001740,半人马镇通常灰清除至少有难度的军衔。,半人马镇通常灰清除至少有难度的军衔。,9,4480,3,1,0,2000,0
36186,QMT_Title_001741,QMT_Purpose_001741,灰清除半人马村困难已或更高。,灰清除半人马村困难已或更高。,9,4481,3,1,0,2000,0
36187,QMT_Title_001742,QMT_Purpose_001742,灰清除半人马村里很困难与S级或更高。,灰清除半人马村里很困难与S级或更高。,9,4482,3,1,0,2000,0
36191,QMT_Title_001743,QMT_Purpose_001743,半人马镇通常灰清除至少有难度的军衔。,半人马镇通常灰清除至少有难度的军衔。,9,4480,3,1,0,2000,0
36192,QMT_Title_001744,QMT_Purpose_001744,灰清除半人马村困难已或更高。,灰清除半人马村困难已或更高。,9,4481,3,1,0,2000,0
36193,QMT_Title_001745,QMT_Purpose_001745,灰清除半人马村里很困难与S级或更高。,灰清除半人马村里很困难与S级或更高。,9,4482,3,1,0,2000,0
36195,QMT_Title_001746,QMT_Purpose_001746,清除，至少普通难度的军衔地下花园灯。,清除，至少普通难度的军衔地下花园灯。,9,4490,3,1,0,2000,0
36196,QMT_Title_001747,QMT_Purpose_001747,清除至少有困难的军衔地下花园灯。,清除至少有困难的军衔地下花园灯。,9,4491,3,1,0,2000,0
36197,QMT_Title_001748,QMT_Purpose_001748,地下公园清光的非常困难，向S级或更高。,地下公园清光的非常困难，向S级或更高。,9,4492,3,1,0,2000,0
39001,QMT_Title_001749,QMT_Purpose_001749,勇士黎明党在第2轮蜥蜴帮助,勇士黎明党在第2轮蜥蜴帮助,1,180012,0,2,0,2000,0
39002,QMT_Title_001750,QMT_Purpose_001750,在第二轮中，抛出攻略方帮助蜥蜴,在第二轮中，抛出攻略方帮助蜥蜴,1,180013,0,2,0,2000,0
39003,QMT_Title_001751,QMT_Purpose_001751,蜥蜴黎明党在第二轮援助的高手,蜥蜴黎明党在第二轮援助的高手,1,180014,0,1,0,2000,0
39011,QMT_Title_001752,QMT_Purpose_001752,勇士黎明党在第2轮蜥蜴帮助,勇士黎明党在第2轮蜥蜴帮助,1,180012,0,2,0,2000,0
39012,QMT_Title_001753,QMT_Purpose_001753,在第二轮中，抛出攻略方帮助蜥蜴,在第二轮中，抛出攻略方帮助蜥蜴,1,180013,0,2,0,2000,0
39013,QMT_Title_001754,QMT_Purpose_001754,蜥蜴黎明党在第二轮援助的高手,蜥蜴黎明党在第二轮援助的高手,1,180014,0,1,0,2000,0
39021,QMT_Title_001755,QMT_Purpose_001755,勇士黎明党在第2轮蜥蜴帮助,勇士黎明党在第2轮蜥蜴帮助,1,180012,0,2,0,2000,0
39022,QMT_Title_001756,QMT_Purpose_001756,在第二轮中，抛出攻略方帮助蜥蜴,在第二轮中，抛出攻略方帮助蜥蜴,1,180013,0,2,0,2000,0
39023,QMT_Title_001757,QMT_Purpose_001757,蜥蜴黎明党在第二轮援助的高手,蜥蜴黎明党在第二轮援助的高手,1,180014,0,1,0,2000,0
39031,QMT_Title_001758,QMT_Purpose_001758,勇士黎明党在第2轮蜥蜴帮助,勇士黎明党在第2轮蜥蜴帮助,1,180012,0,2,0,2000,0
39032,QMT_Title_001759,QMT_Purpose_001759,在第二轮中，抛出攻略方帮助蜥蜴,在第二轮中，抛出攻略方帮助蜥蜴,1,180013,0,2,0,2000,0
39033,QMT_Title_001760,QMT_Purpose_001760,蜥蜴黎明党在第二轮援助的高手,蜥蜴黎明党在第二轮援助的高手,1,180014,0,1,0,2000,0
39041,QMT_Title_001761,QMT_Purpose_001761,邓恩狂战士杀死第三方研磨轮,邓恩狂战士杀死第三方研磨轮,1,180021,0,2,0,2000,0
39042,QMT_Title_001762,QMT_Purpose_001762,第三方邓恩助磨剂杀手回合,第三方邓恩助磨剂杀手回合,1,180022,0,2,0,2000,0
39043,QMT_Title_001763,QMT_Purpose_001763,三助奇才在磨战斗回合黎明党,三助奇才在磨战斗回合黎明党,1,180023,0,2,0,2000,0
39051,QMT_Title_001764,QMT_Purpose_001764,邓恩狂战士杀死第三方研磨轮,邓恩狂战士杀死第三方研磨轮,1,180021,0,2,0,2000,0
39052,QMT_Title_001765,QMT_Purpose_001765,第三方邓恩助磨剂杀手回合,第三方邓恩助磨剂杀手回合,1,180022,0,2,0,2000,0
39053,QMT_Title_001766,QMT_Purpose_001766,三助奇才在磨战斗回合黎明党,三助奇才在磨战斗回合黎明党,1,180023,0,2,0,2000,0
39061,QMT_Title_001767,QMT_Purpose_001767,邓恩狂战士杀死第三方研磨轮,邓恩狂战士杀死第三方研磨轮,1,180021,0,2,0,2000,0
39062,QMT_Title_001768,QMT_Purpose_001768,第三方邓恩助磨剂杀手回合,第三方邓恩助磨剂杀手回合,1,180022,0,2,0,2000,0
39063,QMT_Title_001769,QMT_Purpose_001769,三助奇才在磨战斗回合黎明党,三助奇才在磨战斗回合黎明党,1,180023,0,2,0,2000,0
39071,QMT_Title_001770,QMT_Purpose_001770,邓恩狂战士杀死第三方研磨轮,邓恩狂战士杀死第三方研磨轮,1,180021,0,2,0,2000,0
39072,QMT_Title_001771,QMT_Purpose_001771,第三方邓恩助磨剂杀手回合,第三方邓恩助磨剂杀手回合,1,180022,0,2,0,2000,0
39073,QMT_Title_001772,QMT_Purpose_001772,三助奇才在磨战斗回合黎明党,三助奇才在磨战斗回合黎明党,1,180023,0,2,0,2000,0
39081,QMT_Title_001773,QMT_Purpose_001773,邓恩狂战士杀死第三方研磨轮,邓恩狂战士杀死第三方研磨轮,1,180021,0,2,0,2000,0
39082,QMT_Title_001774,QMT_Purpose_001774,第三方邓恩助磨剂杀手回合,第三方邓恩助磨剂杀手回合,1,180022,0,2,0,2000,0
39083,QMT_Title_001775,QMT_Purpose_001775,三助奇才在磨战斗回合黎明党,三助奇才在磨战斗回合黎明党,1,180023,0,2,0,2000,0
39091,QMT_Title_001776,QMT_Purpose_001776,四轮黎明党的人的狂战士杀死一头狼,四轮黎明党的人的狂战士杀死一头狼,1,180031,0,2,0,2000,0
39092,QMT_Title_001777,QMT_Purpose_001777,四轮狼人杀手杀黎明党,四轮狼人杀手杀黎明党,1,180032,0,2,0,2000,0
39093,QMT_Title_001778,QMT_Purpose_001778,四狼在第二轮歼人类黎明党谁援助,四狼在第二轮歼人类黎明党谁援助,1,180033,0,2,0,2000,0
39101,QMT_Title_001779,QMT_Purpose_001779,四轮黎明党的人的狂战士杀死一头狼,四轮黎明党的人的狂战士杀死一头狼,1,180031,0,2,0,2000,0
39102,QMT_Title_001780,QMT_Purpose_001780,四轮狼人杀手杀黎明党,四轮狼人杀手杀黎明党,1,180032,0,2,0,2000,0
39103,QMT_Title_001781,QMT_Purpose_001781,四狼在第二轮歼人类黎明党谁援助,四狼在第二轮歼人类黎明党谁援助,1,180033,0,2,0,2000,0
39111,QMT_Title_001782,QMT_Purpose_001782,四轮黎明党的人的狂战士杀死一头狼,四轮黎明党的人的狂战士杀死一头狼,1,180031,0,2,0,2000,0
39112,QMT_Title_001783,QMT_Purpose_001783,四轮狼人杀手杀黎明党,四轮狼人杀手杀黎明党,1,180032,0,2,0,2000,0
39113,QMT_Title_001784,QMT_Purpose_001784,四狼在第二轮歼人类黎明党谁援助,四狼在第二轮歼人类黎明党谁援助,1,180033,0,2,0,2000,0
39121,QMT_Title_001785,QMT_Purpose_001785,四轮黎明党的人的狂战士杀死一头狼,四轮黎明党的人的狂战士杀死一头狼,1,180031,0,2,0,2000,0
39122,QMT_Title_001786,QMT_Purpose_001786,四轮狼人杀手杀黎明党,四轮狼人杀手杀黎明党,1,180032,0,2,0,2000,0
39123,QMT_Title_001787,QMT_Purpose_001787,四狼在第二轮歼人类黎明党谁援助,四狼在第二轮歼人类黎明党谁援助,1,180033,0,2,0,2000,0
39131,QMT_Title_001788,QMT_Purpose_001788,四轮黎明党的人的狂战士杀死一头狼,四轮黎明党的人的狂战士杀死一头狼,1,180031,0,2,0,2000,0
39132,QMT_Title_001789,QMT_Purpose_001789,四轮狼人杀手杀黎明党,四轮狼人杀手杀黎明党,1,180032,0,2,0,2000,0
39133,QMT_Title_001790,QMT_Purpose_001790,四狼在第二轮歼人类黎明党谁援助,四狼在第二轮歼人类黎明党谁援助,1,180033,0,2,0,2000,0
39141,QMT_Title_001791,QMT_Purpose_001791,勇士援助南部第5轮重拉米亚方,勇士援助南部第5轮重拉米亚方,1,180041,0,2,0,2000,0
39142,QMT_Title_001792,QMT_Purpose_001792,拉米重型弓箭手邓恩党杀害的第5轮,拉米重型弓箭手邓恩党杀害的第5轮,1,180042,0,2,0,2000,0
39143,QMT_Title_001793,QMT_Purpose_001793,向导援助，在5轮拉米亚重甲黎明党,向导援助，在5轮拉米亚重甲黎明党,1,180043,0,2,0,2000,0
39151,QMT_Title_001794,QMT_Purpose_001794,勇士援助南部第5轮重拉米亚方,勇士援助南部第5轮重拉米亚方,1,180041,0,2,0,2000,0
39152,QMT_Title_001795,QMT_Purpose_001795,拉米重型弓箭手邓恩党杀害的第5轮,拉米重型弓箭手邓恩党杀害的第5轮,1,180042,0,2,0,2000,0
39153,QMT_Title_001796,QMT_Purpose_001796,向导援助，在5轮拉米亚重甲黎明党,向导援助，在5轮拉米亚重甲黎明党,1,180043,0,2,0,2000,0
39161,QMT_Title_001797,QMT_Purpose_001797,勇士援助南部第5轮重拉米亚方,勇士援助南部第5轮重拉米亚方,1,180041,0,2,0,2000,0
39162,QMT_Title_001798,QMT_Purpose_001798,拉米重型弓箭手邓恩党杀害的第5轮,拉米重型弓箭手邓恩党杀害的第5轮,1,180042,0,2,0,2000,0
39163,QMT_Title_001799,QMT_Purpose_001799,向导援助，在5轮拉米亚重甲黎明党,向导援助，在5轮拉米亚重甲黎明党,1,180043,0,2,0,2000,0
39171,QMT_Title_001800,QMT_Purpose_001800,勇士援助南部第5轮重拉米亚方,勇士援助南部第5轮重拉米亚方,1,180041,0,2,0,2000,0
39172,QMT_Title_001801,QMT_Purpose_001801,拉米重型弓箭手邓恩党杀害的第5轮,拉米重型弓箭手邓恩党杀害的第5轮,1,180042,0,2,0,2000,0
39173,QMT_Title_001802,QMT_Purpose_001802,向导援助，在5轮拉米亚重甲黎明党,向导援助，在5轮拉米亚重甲黎明党,1,180043,0,2,0,2000,0
39181,QMT_Title_001803,QMT_Purpose_001803,勇士援助南部第5轮重拉米亚方,勇士援助南部第5轮重拉米亚方,1,180041,0,2,0,2000,0
39182,QMT_Title_001804,QMT_Purpose_001804,拉米重型弓箭手邓恩党杀害的第5轮,拉米重型弓箭手邓恩党杀害的第5轮,1,180042,0,2,0,2000,0
39183,QMT_Title_001805,QMT_Purpose_001805,向导援助，在5轮拉米亚重甲黎明党,向导援助，在5轮拉米亚重甲黎明党,1,180043,0,2,0,2000,0
39191,QMT_Title_001806,QMT_Purpose_001806,六南部骑兵党，装甲半人马杀死在圆,六南部骑兵党，装甲半人马杀死在圆,1,180051,0,2,0,2000,0
39192,QMT_Title_001807,QMT_Purpose_001807,六援助半人马装甲狙击轮黎明党,六援助半人马装甲狙击轮黎明党,1,180052,0,2,0,2000,0
39193,QMT_Title_001808,QMT_Purpose_001808,六半人马指挥官战死沙场轮黎明党,六半人马指挥官战死沙场轮黎明党,1,180054,0,1,0,2000,0
40001,QMT_Title_001809,QMT_Purpose_001809,获得变异地精肉,获得变异地精肉,3,20206,0,2,1,4000,165.44|102.74|-5.54
40002,QMT_Title_001810,QMT_Purpose_001810,文胸伊恩援助,文胸伊恩援助,1,150005,0,1,0,4000,162.49|310.95|-0.47
40003,QMT_Title_001811,QMT_Purpose_001811,获取标本的突变肉,获取标本的突变肉,3,20207,0,2,1,4001,264.31|413.55|-11.39
40004,QMT_Title_001812,QMT_Purpose_001812,被诅咒的标本援助,被诅咒的标本援助,1,150023,0,4,0,4001,109.15|414.06|9.50
40008,QMT_Title_001813,QMT_Purpose_001813,援助扭曲的标本,援助扭曲的标本,1,150029,0,4,0,4001,264.31|413.55|-11.39
40005,QMT_Title_001814,QMT_Purpose_001814,马克思大官援助,马克思大官援助,1,150028,0,1,0,4001,426.94|232.12|-0.67
40006,QMT_Title_001815,QMT_Purpose_001815,rokan获得测试报告,rokan获得测试报告,3,20208,0,1,1,4002,438.37|121.60|2.18
40007,QMT_Title_001816,QMT_Purpose_001816,Rokan德迪纳尔援助,Rokan德迪纳尔援助,1,150050,0,1,0,4002,425.75|101.21|2.18
40011,QMT_Title_001817,QMT_Purpose_001817,邪灵的D-援助,邪灵的D-援助,1,150101,0,5,0,4010,80.52|389.04|75.60
40012,QMT_Title_001818,QMT_Purpose_001818,耗材回收,耗材回收,3,20209,0,3,1,4010,46.35|374.78|83.82
40013,QMT_Title_001819,QMT_Purpose_001819,购得一块裂纹,购得一块裂纹,3,20210,0,1,1,4011,58.80|133.66|112.02
40014,QMT_Title_001820,QMT_Purpose_001820,灵魂基督城骑手,灵魂基督城骑手,1,150124,0,5,0,4011,98.06|187.96|94.16
40019,QMT_Title_001821,QMT_Purpose_001821,邪灵赛马援助,邪灵赛马援助,1,150125,0,5,0,4011,98.06|187.96|94.16
40015,QMT_Title_001822,QMT_Purpose_001822,红蚂蚁杀手莱斯援助,红蚂蚁杀手莱斯援助,1,150146,0,1,0,4012,203.72|407.23|127.45
40016,QMT_Title_001823,QMT_Purpose_001823,倒下的捍卫者的D-援助,倒下的捍卫者的D-援助,1,150147,0,5,0,4012,375.38|432.29|135.62
40017,QMT_Title_001824,QMT_Purpose_001824,萨麦尔堕落门将援助,萨麦尔堕落门将援助,1,150148,0,1,0,4012,400.36|91.10|168.82
40020,QMT_Title_001825,QMT_Purpose_001825,质押获得证书,质押获得证书,3,20211,0,1,1,4012,400.36|91.10|168.82
40018,QMT_Title_001826,QMT_Purpose_001826,获取yigye的水果,获取yigye的水果,3,20212,0,3,1,4011,119.55|145.38|99.47
40031,QMT_Title_001827,QMT_Purpose_001827,突击队劫匪援助,突击队劫匪援助,1,150202,0,4,0,4020,337.48|165.08|7.12
40038,QMT_Title_001828,QMT_Purpose_001828,枪手杀死劫匪,枪手杀死劫匪,1,150203,0,4,0,4020,337.48|165.08|7.12
40032,QMT_Title_001829,QMT_Purpose_001829,创意采矿魔像淡援助,创意采矿魔像淡援助,1,150224,0,1,0,4021,174.01|133.03|16.88
40039,QMT_Title_001830,QMT_Purpose_001830,傀儡平等对待领导贝尔纳,傀儡平等对待领导贝尔纳,1,150227,0,1,0,4021,259.23|304.36|48.50
40033,QMT_Title_001831,QMT_Purpose_001831,保护诺亚云雀援助,保护诺亚云雀援助,1,150249,0,1,0,4022,284.61|476.92|50.31
40034,QMT_Title_001832,QMT_Purpose_001832,收购核克里奥的,收购核克里奥的,3,20403,0,3,1,4020,64.96|131.21|10.13
40040,QMT_Title_001833,QMT_Purpose_001833,收购核信条,收购核信条,3,20404,0,3,1,4020,64.96|131.21|10.13
40035,QMT_Title_001834,QMT_Purpose_001834,淡获得核创意,淡获得核创意,3,20405,0,1,1,4021,174.01|133.03|16.88
40041,QMT_Title_001835,QMT_Purpose_001835,此次收购核贝尔纳大小,此次收购核贝尔纳大小,3,20406,0,1,1,4021,259.23|304.36|48.50
40036,QMT_Title_001836,QMT_Purpose_001836,古代修改破坏,古代修改破坏,1,150241,0,1,0,4022,285.55|492.63|51.13
40037,QMT_Title_001837,QMT_Purpose_001837,Kyurioh德矿采选,Kyurioh德矿采选,3,20407,0,3,1,4022,129.52|333.85|48.64
40051,QMT_Title_001838,QMT_Purpose_001838,地狱里德频率援助犬,地狱里德频率援助犬,1,150302,0,4,0,4030,329.40|169.95|10.92
40052,QMT_Title_001839,QMT_Purpose_001839,拉甘试验治疗,拉甘试验治疗,1,150323,0,1,0,4031,421.60|329.56|54.14
40058,QMT_Title_001840,QMT_Purpose_001840,依赖获得图书,依赖获得图书,3,20409,0,1,1,4032,87.18|154.99|105.83
40054,QMT_Title_001841,QMT_Purpose_001841,火焰石像鬼堂,火焰石像鬼堂,1,150305,0,4,0,4030,408.88|398.89|62.99
40055,QMT_Title_001842,QMT_Purpose_001842,红色火焰的保护处理,红色火焰的保护处理,1,150327,0,1,0,4031,171.62|398.25|86.72
40059,QMT_Title_001843,QMT_Purpose_001843,红色火焰的雪破坏,红色火焰的雪破坏,1,150326,0,1,0,4031,171.62|398.25|86.72
40056,QMT_Title_001844,QMT_Purpose_001844,消防获得席位,消防获得席位,3,20408,0,3,1,4032,56.64|221.50|105.29
40057,QMT_Title_001845,QMT_Purpose_001845,地狱里德援助,地狱里德援助,1,150348,0,1,0,4032,87.18|154.99|105.83
40101,QMT_Title_001846,QMT_Purpose_001846,在死亡的寺庙普通难度下离合器开裂的,离合器治疗裂缝,1,150401,0,3,0,4040,358.84|96.25|-10.31
40121,QMT_Title_001847,QMT_Purpose_001847,汪达尔开裂的死亡神庙普通难度,驱逐舰裂缝援助,1,150402,0,1,0,4040,358.84|96.25|-10.31
40102,QMT_Title_001848,QMT_Purpose_001848,裂缝的死亡神庙普通难度上议院rakiah基督城,Rakiah基督城,1,150414,0,1,0,4040,106.61|122.22|-12.62
40103,QMT_Title_001849,QMT_Purpose_001849,杀死统治者的收购圣殿的死亡和rakiah开裂的核rakiah普通难度,Rakiah获取核,3,21272,0,1,1,4040,106.61|122.22|-12.62
40104,QMT_Title_001850,QMT_Purpose_001850,一个战士的死亡神庙困难援助的灵魂,基督城战士之魂,1,150423,0,4,0,4041,113.31|214.31|-4.62
40122,QMT_Title_001851,QMT_Purpose_001851,弓箭手杀死死者的灵魂在寺庙困难,射手座的援助灵魂,1,150424,0,4,0,4041,113.31|214.31|-4.62
40123,QMT_Title_001852,QMT_Purpose_001852,精灵的死亡神庙困难援助的灵魂,在向导的援助灵魂,1,150425,0,4,0,4041,113.31|214.31|-4.62
40105,QMT_Title_001853,QMT_Purpose_001853,确定存在于死亡的寺庙难度破旧木箱淡淡的回忆集合,确定淡淡的回忆集合,3,21273,0,4,1,4041,113.31|214.31|-4.62
40106,QMT_Title_001854,QMT_Purpose_001854,帕特里克得分经理灵魂的存在帕特里克去世的难度和收集寺庙,帕特里克集合,3,21274,0,1,1,4041,103.78|302.06|-6.45
40107,QMT_Title_001855,QMT_Purpose_001855,修改收集到的在寺庙休息的支柱，其余有死亡非常困难,收集改性的其余部分,3,21275,0,4,1,4042,130.39|412.66|-1.45
40108,QMT_Title_001856,QMT_Purpose_001856,安息日的死亡三个非常困难LEA援助寺主办单位,三利亚援助,1,150456,0,1,0,4042,130.39|412.66|-1.45
40124,QMT_Title_001857,QMT_Purpose_001857,肚皮其他援助管理员沉默的寺庙死亡非常困难,肚皮其他援助,1,150457,0,1,0,4042,371.88|428.33|-4.86
40125,QMT_Title_001858,QMT_Purpose_001858,巴塞罗亚洲援助在暴食的寺庙死亡非常困难,巴塞罗亚洲治疗暴食,1,150458,0,1,0,4042,258.34|253.44|50.92
40109,QMT_Title_001859,QMT_Purpose_001859,摆脱寂静山谷很辛苦难度经理存在于寺庙死亡之谷方向舵和收集电源,谷收集舵权威,3,21276,0,1,1,4042,371.88|428.33|-4.86
40201,QMT_Title_001860,QMT_Purpose_001860,在行星普通难度的罗汉来势汹汹的战士援助的一部分,狂暴战士援助,1,150501,0,4,0,4050,172.22|375.51|32.93
40221,QMT_Title_001861,QMT_Purpose_001861,在凉爽的射手座流星援助普通难度的罗汉的一部分,弓箭手冷处理,1,150502,0,4,0,4050,172.22|375.51|32.93
40202,QMT_Title_001862,QMT_Purpose_001862,在流星培训讲师的部分普通难度罗汉三段弧援助,三位导师培训的阿富汗红新月会援助,1,150503,0,1,0,4050,202.21|381.68|33.18
40222,QMT_Title_001863,QMT_Purpose_001863,三弧黑暗的罗汉的普通难度下中断急救,三弧黑暗援助,1,150510,0,1,0,4050,202.21|381.68|33.18
40203,QMT_Title_001864,QMT_Purpose_001864,罗汉石从富油性普通难度下收集的一部分,收集悬浮座椅,3,21277,0,5,1,4050,254.46|382.21|33.74
40204,QMT_Title_001865,QMT_Purpose_001865,祭司在堕落光的教堂暂停罗汉难度,倒下的光的牧师援助,1,150524,0,5,0,4051,364.43|369.51|42.26
40223,QMT_Title_001866,QMT_Purpose_001866,牧师治疗在光的难度罗汉被污染的暂停,牧师的治疗污染轻的,1,150525,0,5,0,4051,364.43|369.51|42.26
40205,QMT_Title_001867,QMT_Purpose_001867,在悬挂美国福的组织者帮助罗汉的尼斯难度,美国的援助内斯,1,150526,0,1,0,4051,379.21|358.21|42.29
40224,QMT_Title_001868,QMT_Purpose_001868,美国在罗汉的浮游难度黑暗内斯援助,美内斯黑暗援助,1,150531,0,1,0,4051,379.21|358.21|42.29
40206,QMT_Title_001869,QMT_Purpose_001869,光罗汉悬浮在困难难度堕落的牧师，经过牧师的承诺收集处理过的污染光片,收集意志件,3,21278,0,6,1,4051,364.43|369.51|42.26
40207,QMT_Title_001870,QMT_Purpose_001870,罗汉中一个非常活跃的难度管理员处理马力,帮助管理员马力,1,150547,0,4,0,4052,284.98|230.24|58.62
40225,QMT_Title_001871,QMT_Purpose_001871,罗汉中一个非常活跃的难度保护处理马力,电力援助的守护者,1,150548,0,4,0,4052,284.98|230.24|58.62
40208,QMT_Title_001872,QMT_Purpose_001872,马力浮游业主在最困难所以seldeo援助罗汉,所以店主seldeo援助马力,1,150552,0,1,0,4052,248.31|208.83|58.62
40226,QMT_Title_001873,QMT_Purpose_001873,阴影浮游腐败罗汉投就非常困难贝拉援助,贝拉投腐败援助的阴影,1,150553,0,1,0,4052,158.69|90.48|74.62
40209,QMT_Title_001874,QMT_Purpose_001874,罗汉援助罗汉的浮游非常困难倒下的英雄,罗汉倒下的英雄援助,1,150554,0,1,0,4052,403.58|106.99|86.78
40301,QMT_Title_001875,QMT_Purpose_001875,杀死黑暗看守人群体内实验室普通难度,监测治疗黑暗,1,150601,0,4,0,4060,446.86|359.63|18.51
40321,QMT_Title_001876,QMT_Purpose_001876,克劳德·Ranger在体内治疗的黑暗实验室普通难度,杀了黑暗游侠,1,150602,0,4,0,4060,446.86|359.63|18.51
40302,QMT_Title_001877,QMT_Purpose_001877,人群生物实验室通常难度狼王Rocas酒店处理,狼王Rocas酒店处理,1,150610,0,1,0,4060,289.11|320.41|23.27
40322,QMT_Title_001878,QMT_Purpose_001878,人群中采集Rocas酒店生物实验室在普通难度下的头,头发收购Rocas酒店的,3,21006,0,1,1,4060,289.11|320.41|23.27
40303,QMT_Title_001879,QMT_Purpose_001879,可疑目前在生物研究实验室普通难度下框的人群,可疑订单收购,3,21007,0,1,1,4060,368.57|239.44|0.07
40304,QMT_Title_001880,QMT_Purpose_001880,士兵们在对待生物实验室困难人群中的变化,援助突变士兵,1,150624,0,4,0,4061,376.41|280.28|0.43
40323,QMT_Title_001881,QMT_Purpose_001881,在生物实验室困难克劳德复活我杀战士,复活的士兵援助,1,150625,0,4,0,4061,376.41|280.28|0.43
40305,QMT_Title_001882,QMT_Purpose_001882,从士兵中存在的生物实验室困难体内采集的克劳德血液样本,血样采集,3,21008,0,4,1,4061,376.41|280.28|0.43
40306,QMT_Title_001883,QMT_Purpose_001883,通用汽车在人群生物实验室困难mereun援助呼叫,GM号mereun援助,1,150631,0,1,0,4061,376.41|280.28|0.43
40307,QMT_Title_001884,QMT_Purpose_001884,销毁保存在生物特征识别实验室黑暗陶努斯人群KWAM是非常困难,克努特KWAM保存摧毁黑暗,1,150646,0,2,0,4062,242.12|122.27|26.84
40324,QMT_Title_001885,QMT_Purpose_001885,在黑暗中很辛苦难度高德纳人群KWAM治疗生物实验室。,黑暗的克努特KWAM治疗,1,150647,0,4,0,4062,242.12|122.27|26.84
40308,QMT_Title_001886,QMT_Purpose_001886,加强实验室生物高端人群的威尼斯疾病治疗开斋节在一个非常困难,最后加强疾病治疗的威尼斯开斋节,1,150652,0,1,0,4062,78.57|252.33|48.91
40325,QMT_Title_001887,QMT_Purpose_001887,体内实验人群中，最后合成可以很困难海湾大麻素治疗,最后的合成大麻素治疗恩德培,1,150653,0,1,0,4062,162.51|254.03|48.11
40309,QMT_Title_001888,QMT_Purpose_001888,在众人援助的最困难的人群，生物实验室离合器王,王离合器人群援助,1,150654,0,1,0,4062,123.82|422.65|42.69
40401,QMT_Title_001889,QMT_Purpose_001889,通常巢的难度是可以治疗的贺龙龙马,龙马能够帮助,1,150701,0,5,0,4070,435.38|228.01|0.24
40421,QMT_Title_001890,QMT_Purpose_001890,通常龙马在鸟巢的治疗的难度和龙,该援助龙马,1,150702,0,5,0,4070,435.38|228.01|0.24
40402,QMT_Title_001891,QMT_Purpose_001891,Keusyateuriah治疗seonhong在龙巢普通难度,Keusyateuriah治疗seonhong的,1,150709,0,1,0,4070,353.76|257.45|-5.42
40422,QMT_Title_001892,QMT_Purpose_001892,从龙质押普通难度巢收集证据,收集在质证,3,21009,0,1,1,4070,353.76|257.45|-5.42
40403,QMT_Title_001893,QMT_Purpose_001893,通常情况下，岩石的难度从巢贺龙收集,岩石收集,3,21010,0,4,1,4070,412.07|416.75|0.49
40404,QMT_Title_001894,QMT_Purpose_001894,日珥和龙巢难度卡尼尔援助,日珥卡尼尔援助,1,150730,0,1,0,4071,323.21|375.28|3.34
40405,QMT_Title_001895,QMT_Purpose_001895,岩翅膀的龙蔚援助巢困难,蔚机翼摇滚基督城,1,150731,0,1,0,4071,104.73|386.29|15.23
40406,QMT_Title_001896,QMT_Purpose_001896,在龙巢的破坏难度双足飞龙的蛋,双足飞龙的蛋销毁,1,150725,0,4,0,4071,305.22|412.76|3.79
40407,QMT_Title_001897,QMT_Purpose_001897,在龙非常困难，取得了巨大的窝蛋,阿尔巨大的收购,3,21011,0,4,1,4072,299.35|419.23|3.14
40408,QMT_Title_001898,QMT_Purpose_001898,从巢河陇非常困难熔岩龙氏族山援助,熔岩龙氏族山援助,1,150748,0,5,0,4072,72.05|254.08|41.66
40423,QMT_Title_001899,QMT_Purpose_001899,从巢河陇非常困难酋长卡桑德拉援助,酋长卡桑德拉援助,1,150752,0,1,0,4072,100.46|58.44|19.61
40409,QMT_Title_001900,QMT_Purpose_001900,贺龙卡尔奎痛苦巢石棉治疗龙的很困难,贺龙治疗痛苦石棉卡尔奎,1,150753,0,1,0,4072,212.97|262.04|-53.79
40501,QMT_Title_001901,QMT_Purpose_001901,雾在邪恶的山谷普通难度触角援助,雾触角援助,1,150801,0,5,0,4080,56.06|167.96|-2.88
40502,QMT_Title_001902,QMT_Purpose_001902,在恶灵谷普通难度下获得识别标签拆迁联盟,拆迁获得狗牌联盟,3,21279,0,5,1,4080,56.06|167.96|-2.88
40503,QMT_Title_001903,QMT_Purpose_001903,利通常被鬼神谷难度,利援助,1,150804,0,1,0,4080,163.64|259.03|8.88
40511,QMT_Title_001904,QMT_Purpose_001904,在灵谷困难援助发票昆虫,发票蠕虫病毒治疗,1,150825,0,5,0,4081,293.43|99.89|4.81
40515,QMT_Title_001905,QMT_Purpose_001905,援助鬼从灵谷困难的人,苦难鬼援助,1,150826,0,5,0,4081,293.43|99.89|4.81
40512,QMT_Title_001906,QMT_Purpose_001906,在灵谷收购难度污染土壤,收购受污染的土壤,3,21280,0,5,1,4081,322.14|88.71|5.24
40513,QMT_Title_001907,QMT_Purpose_001907,雷加牙齿治疗困难恶灵谷,雷加牙齿治疗,1,150827,0,1,0,4081,324.74|139.52|11.32
40521,QMT_Title_001908,QMT_Purpose_001908,林的邪灵非常低难度谷援助执行人,高管待遇低霖,1,150848,0,5,0,4082,332.53|303.14|4.32
40525,QMT_Title_001909,QMT_Purpose_001909,谁执行的煞气低麟非常困难山谷的治疗,谁执行的低霖的治疗,1,150849,0,5,0,4082,332.53|303.14|4.32
40526,QMT_Title_001910,QMT_Purpose_001910,林治疗难度非常低度白酒谷,低琳援助,1,150850,0,1,0,4082,332.53|303.14|4.32
40522,QMT_Title_001911,QMT_Purpose_001911,克努特KWAM保存在非常困难的谷消灭恶灵,克努特KWAM保存销毁,1,150854,0,1,0,4082,439.26|345.73|25.41
40527,QMT_Title_001912,QMT_Purpose_001912,腔治疗奴隶的邪灵非常困难维尔山谷,腔治疗奴隶维尔的,1,150851,0,5,0,4082,340.43|401.21|5.31
40528,QMT_Title_001913,QMT_Purpose_001913,Ravenna市维尔河谷仆人教会精神的很困难,拉文纳维尔的仆人教堂,1,150852,0,5,0,4082,340.43|401.21|5.31
40523,QMT_Title_001914,QMT_Purpose_001914,腔维尔援助管理员辟邪的黑暗山谷非常困难,贝尔黑管理员贝娜齐尔援助,1,150853,0,1,0,4082,439.26|345.73|25.41
40529,QMT_Title_001915,QMT_Purpose_001915,死亡谷的煞气经理更大的功率哥斯达黎加援助非常困难,帮助管理员更大的功率哥斯达黎加的死亡,1,150857,0,1,0,4082,122.12|417.04|26.19
40601,QMT_Title_001916,QMT_Purpose_001916,裂缝在获得黑暗堡垒普通难度件,购得一块裂纹,3,21281,0,5,1,4090,415.88|142.01|-18.03
40602,QMT_Title_001917,QMT_Purpose_001917,清洁剂治疗的黑暗Hard难度要塞裂缝。,裂缝处理的清洁剂,1,150901,0,5,0,4090,415.88|142.01|-18.03
40605,QMT_Title_001918,QMT_Purpose_001918,清洁工普通难度的援助在黑暗堡垒,援助清洁尺寸,1,150902,0,5,0,4090,415.88|142.01|-18.03
40603,QMT_Title_001919,QMT_Purpose_001919,从黑暗堡垒抗辐射难度万卢比的援助,云雀猪油援助,1,150903,0,1,0,4090,410.81|271.62|-0.15
40611,QMT_Title_001920,QMT_Purpose_001920,杀害了黑暗堡垒难度堕落的人,援助堕落的人,1,150929,0,5,0,4091,180.22|433.86|27.63
40615,QMT_Title_001921,QMT_Purpose_001921,从难度的黑暗堡垒帮助扭曲的生物,援助扭曲的生物,1,150930,0,5,0,4091,180.22|433.86|27.63
40616,QMT_Title_001922,QMT_Purpose_001922,难度难易程度在La新月援助资金黑暗堡垒,香格里拉新月援助资金,1,150931,0,1,0,4091,96.71|411.51|31.59
40612,QMT_Title_001923,QMT_Purpose_001923,黑暗困难的黑暗堡垒基督城战士,黑暗基督城战士,1,150924,0,5,0,4091,415.64|407.82|2.28
40617,QMT_Title_001924,QMT_Purpose_001924,弓箭手杀死黑暗的黑暗堡垒困难,杀死黑暗射手,1,150925,0,5,0,4091,415.64|407.82|2.28
40618,QMT_Title_001925,QMT_Purpose_001925,从黑暗堡垒难度拉丁美洲的加勒比比诺援助,拉丁美洲的加勒比比诺援助,1,150926,0,1,0,4091,340.06|432.76|14.58
40613,QMT_Title_001926,QMT_Purpose_001926,黑暗陶努斯KWAM存储身体护理要塞难度,克努特KWAM存储身体护理,1,150927,0,4,0,4091,303.26|388.74|20.54
40619,QMT_Title_001927,QMT_Purpose_001927,在黑暗的黑暗堡垒难度高德纳KWAM援助,黑暗克努特KWAM破坏,1,150928,0,4,0,4091,303.26|388.74|20.54
40621,QMT_Title_001928,QMT_Purpose_001928,Eimhayi被洗脑的战士从黑暗堡垒的治疗非常困难,基督城战士谁被洗脑eimhayi,1,150952,0,5,0,4092,100.79|286.47|14.71
40626,QMT_Title_001929,QMT_Purpose_001929,援助精灵强化eimhayi被洗脑了在黑暗中很困难,Eimhayi被洗脑向导基督城,1,150953,0,5,0,4092,100.79|286.47|14.71
40622,QMT_Title_001930,QMT_Purpose_001930,拆迁战士谁在杀死堡洗脑很困难黑暗,拆迁被洗脑基督城战士,1,150954,0,5,0,4092,100.79|286.47|14.71
40628,QMT_Title_001931,QMT_Purpose_001931,谁在黑暗堡垒如此洗脑治疗难度拆迁向导,拆迁被洗脑向导基督城,1,150955,0,5,0,4092,100.79|286.47|14.71
40623,QMT_Title_001932,QMT_Purpose_001932,经理援助扭曲尺寸在黑暗中非常困难的堡垒,经理援助扭曲尺寸,1,150957,0,5,0,4092,242.21|301.18|1.95
40629,QMT_Title_001933,QMT_Purpose_001933,要塞守护者的援助扭曲尺寸在黑暗的很困难,保护援助扭曲尺寸,1,150958,0,5,0,4092,242.21|301.18|1.95
40630,QMT_Title_001934,QMT_Purpose_001934,在香格里拉肌酐难度援助非常黑暗堡垒,香格里拉肌酐援助,1,150959,0,1,0,4092,245.71|29.57|52.76
40624,QMT_Title_001935,QMT_Purpose_001935,精神控制装置摧毁黑暗很困难的堡垒,精神控制装置摧毁,1,150960,0,4,0,4092,245.24|173.78|13.46
46001,QMT_Title_001936,QMT_Purpose_001936,增强的单手长剑+2成功地增强,增强的单手长剑+2成功地增强,14,9073,2,1,1,2000,1775.69|5312.23|72.03
46004,QMT_Title_001937,QMT_Purpose_001937,增强错字涌向发货,增强错字涌向发货,7,9073,0,1,1,2000,1775.69|5312.23|72.03
46002,QMT_Title_001938,QMT_Purpose_001938,在安装成功元素石,在安装成功元素石,16,0,0,1,0,2000,1775.69|5312.23|72.03
46003,QMT_Title_001939,QMT_Purpose_001939,请注册与基地经理作为血液大本营。,避免大本营注册,15,104006,0,1,0,2000,1755.21|5307.22|72.03
46005,QMT_Title_001940,QMT_Purpose_001940,收购干草在干草堆里,干草采集,3,20226,0,4,1,2000,1597.51|5444.33|66.17
46006,QMT_Title_001941,QMT_Purpose_001941,玉米收购,玉米收购,3,20227,0,4,1,2000,1663.23|5535.64|70.87
46011,,,增强的单手长剑+2成功地增强,增强的单手长剑+2成功地增强,14,9073,2,1,1,2000,0
46014,,,增强文章发表,增强文章发表,7,9073,0,1,1,2000,0
46012,,,在安装成功元素石,在安装成功元素石,16,0,0,1,0,2000,0
46013,,,使用基本总经理请注册你的基地。,注册据点,15,104026,0,1,0,2000,0
47001,QMT_Title_001942,QMT_Purpose_001942,完成rokan在S级，至少普通难度的实验室。,已以上实验室清除rokan,9,4000,3,1,0,2000,0
47002,QMT_Title_001943,QMT_Purpose_001943,完成rokan的SS排名较高的实验室困难。,超过SS级别rokan实验室难以清除。,9,4001,4,1,0,2000,0
47003,QMT_Title_001944,QMT_Purpose_001944,完成实验室是rokan与SSS的非常困难的排名更高。,的SSS级实验室至少有难度rokan很清楚。,9,4002,5,1,0,2000,0
47004,QMT_Title_001945,QMT_Purpose_001945,完成深渊到S级的延伸，至少普通难度。,寺深渊军衔至少普通难度结算。,9,4010,3,1,0,2000,0
47005,QMT_Title_001946,QMT_Purpose_001946,完成深渊至少难以延伸到SS级。,SS等级在清理寺院的最困难的深处。,9,4011,4,1,0,2000,0
47006,QMT_Title_001947,QMT_Purpose_001947,完成寺庙的深渊到SSS的非常困难的排名更高。,寺深渊非常困难SSS的排名超过清楚。,9,4012,5,1,0,2000,0
47007,QMT_Title_001948,QMT_Purpose_001948,完成kyurioh去矿上Hard难度或更高的S级。,Kyurioh德已至少普通难度清除地雷。,9,4020,3,1,0,2000,0
47008,QMT_Title_001949,QMT_Purpose_001949,完成kyurioh脱矿SS等级至少难度。,Kyurioh扫雷SS等级至少难以清除。,9,4021,4,1,0,2000,0
47009,QMT_Title_001950,QMT_Purpose_001950,到SSS排名更高的完成矿业德kyurioh非常困难。,Kyurioh扫雷是很清楚的难度SSS级或更高。,9,4022,5,1,0,2000,0
47010,QMT_Title_001951,QMT_Purpose_001951,完成火焰困难难度或更高的S级的祭坛。,军衔在祭坛普通难度结算的火焰。,9,4030,3,1,0,2000,0
47011,QMT_Title_001952,QMT_Purpose_001952,完成SS级别的至少难以在火焰祭坛。,至少有难度结算坛SS等级的火焰。,9,4031,4,1,0,2000,0
47012,QMT_Title_001953,QMT_Purpose_001953,完成圣火的祭坛非常困难转移到SSS级。,火坛是非常困难的同店销售排名超过清楚。,9,4032,5,1,0,2000,0
48001,QMT_Title_001954,QMT_Purpose_001954,英雄赢,英雄赢,12,1007,0,1,0,2000,0
48002,QMT_Title_001955,QMT_Purpose_001955,杀害30人在敌方英雄,杀死敌人的用户30人英雄,6,1007,0,30,0,2000,0
48003,QMT_Title_001956,QMT_Purpose_001956,危险胜利前,危险胜利前,12,1008,0,1,0,2000,0
48004,QMT_Title_001957,QMT_Purpose_001957,造成10人死亡在以往的圣洁,来自各地的敌人危险用户杀死10人,6,1008,0,10,0,2000,0
48111,QMT_Title_001958,QMT_Purpose_001958,疾病治疗技术,疾病治疗技术,1,105001,0,2,0,2001,281.39|311.62|-1.66
48112,QMT_Title_001959,QMT_Purpose_001959,突击疾病治疗,突击疾病治疗,1,105002,0,2,0,2001,281.39|311.62|-1.66
48113,QMT_Title_001960,QMT_Purpose_001960,治疗瓶,治疗瓶,1,105003,0,2,0,2001,281.39|311.62|-1.66
48114,QMT_Title_001961,QMT_Purpose_001961,屏障破坏,屏障破坏,1,105004,0,3,0,2001,281.39|311.62|-1.66
48121,QMT_Title_001962,QMT_Purpose_001962,疾病治疗技术,疾病治疗技术,1,105201,0,3,0,2002,256.13|253.31|21.79
48122,QMT_Title_001963,QMT_Purpose_001963,突击疾病治疗,突击疾病治疗,1,105202,0,3,0,2002,256.13|253.31|21.79
48123,QMT_Title_001964,QMT_Purpose_001964,治疗瓶,治疗瓶,1,105203,0,3,0,2002,256.13|253.31|21.79
48124,QMT_Title_001965,QMT_Purpose_001965,销毁用品盒,销毁用品盒,1,105205,0,4,0,2002,257.17|322.12|26.02
48131,QMT_Title_001966,QMT_Purpose_001966,疾病治疗技术,疾病治疗技术,1,105401,0,4,0,2003,252.32|304.18|-1.68
48132,QMT_Title_001967,QMT_Purpose_001967,突击疾病治疗,突击疾病治疗,1,105402,0,4,0,2003,252.32|304.18|-1.68
48133,QMT_Title_001968,QMT_Purpose_001968,治疗瓶,治疗瓶,1,105403,0,4,0,2003,252.32|304.18|-1.68
48134,QMT_Title_001969,QMT_Purpose_001969,销毁用品盒,销毁用品盒,1,105405,0,5,0,2003,285.67|285.14|-1.65
48141,QMT_Title_001970,QMT_Purpose_001970,突击部队撤出治疗瓶销毁,突击疾病治疗,1,105601,0,6,0,2004,321.45|145.67|-12.97
48142,QMT_Title_001971,QMT_Purpose_001971,枪手杀死撤军破坏,枪手杀害,1,105602,0,6,0,2004,321.45|145.67|-12.97
48143,QMT_Title_001972,QMT_Purpose_001972,厄运之锤销毁储存袋马力,保存马力销毁,1,105604,0,6,0,2004,321.45|145.67|-12.97
48991,,,使用隐形传态已序,使用隐形传态已序,4,20249,0,1,1,2000,0
48992,,,使用隐形传态已序,使用隐形传态已序,4,20250,0,1,1,2000,0
49001,QMT_Title_001973,QMT_Purpose_001973,疾病治疗技术,疾病治疗技术,1,105001,0,2,0,2001,281.39|311.62|-1.66
49003,QMT_Title_001974,QMT_Purpose_001974,突击疾病治疗,突击疾病治疗,1,105002,0,2,0,2001,281.39|311.62|-1.66
49004,QMT_Title_001975,QMT_Purpose_001975,治疗瓶,治疗瓶,1,105003,0,2,0,2001,281.39|311.62|-1.66
49002,QMT_Title_001976,QMT_Purpose_001976,屏障破坏,屏障破坏,1,105004,0,3,0,2001,281.39|311.62|-1.66
49005,QMT_Title_001977,QMT_Purpose_001977,使用移动战场已序,使用移动战场已序,4,20213,0,1,1,2000,188.82|326.72|8.20
49006,QMT_Title_001978,QMT_Purpose_001978,现场使用退货订单,现场使用退货订单,4,20214,0,1,1,2001,1965.15|5031.05|139.60
49011,QMT_Title_001979,QMT_Purpose_001979,疾病治疗技术,疾病治疗技术,1,105201,0,3,0,2002,256.13|253.31|21.79
49016,QMT_Title_001980,QMT_Purpose_001980,突击疾病治疗,突击疾病治疗,1,105202,0,3,0,2002,256.13|253.31|21.79
49017,QMT_Title_001981,QMT_Purpose_001981,治疗瓶,治疗瓶,1,105203,0,3,0,2002,256.13|253.31|21.79
49012,QMT_Title_001982,QMT_Purpose_001982,销毁用品盒,销毁用品盒,1,105205,0,4,0,2002,257.17|322.12|26.02
49013,QMT_Title_001983,QMT_Purpose_001983,深色木材处理,深色木材处理,1,105204,0,1,0,2002,258.23|343.41|26.40
49018,QMT_Title_001984,QMT_Purpose_001984,拆迁徽章收购,拆迁徽章收购,3,20217,0,1,1,2002,258.23|343.41|26.40
49014,QMT_Title_001985,QMT_Purpose_001985,使用移动战场已序,使用移动战场已序,4,20215,0,1,1,2000,267.48|126.63|31.69
49015,QMT_Title_001986,QMT_Purpose_001986,现场使用退货订单,现场使用退货订单,4,20216,0,1,1,2002,1164.71|5071.42|56.59
49021,QMT_Title_001987,QMT_Purpose_001987,疾病治疗技术,疾病治疗技术,1,105401,0,4,0,2003,252.32|304.18|-1.68
49026,QMT_Title_001988,QMT_Purpose_001988,突击疾病治疗,突击疾病治疗,1,105402,0,4,0,2003,252.32|304.18|-1.68
49027,QMT_Title_001989,QMT_Purpose_001989,治疗瓶,治疗瓶,1,105403,0,4,0,2003,252.32|304.18|-1.68
49022,QMT_Title_001990,QMT_Purpose_001990,销毁用品盒,销毁用品盒,1,105405,0,5,0,2003,285.67|285.14|-1.65
49023,QMT_Title_001991,QMT_Purpose_001991,血木材处理,血木材处理,1,105404,0,1,0,2003,307.68|233.41|-0.56
49028,QMT_Title_001992,QMT_Purpose_001992,获取作战计划,获取作战计划,3,20220,0,1,1,2003,307.68|233.41|-0.56
49024,QMT_Title_001993,QMT_Purpose_001993,使用移动战场已序,使用移动战场已序,4,20218,0,1,1,2000,189.06|325.23|8.20
49025,QMT_Title_001994,QMT_Purpose_001994,现场使用退货订单,现场使用退货订单,4,20219,0,1,1,2003,1625.40|3893.50|148.52
49031,QMT_Title_001995,QMT_Purpose_001995,使用战场移动牛爬行,使用战场移动牛爬行,4,21015,0,1,1,2000,0
49032,QMT_Title_001996,QMT_Purpose_001996,现场使用滚动回,现场使用滚动回,4,21016,0,1,1,2000,0
49033,QMT_Title_001997,QMT_Purpose_001997,突击部队撤出治疗瓶销毁,突击疾病治疗,1,105601,0,6,0,2004,321.45|145.67|-12.97
49036,QMT_Title_001998,QMT_Purpose_001998,枪手杀死撤军破坏,枪手杀害,1,105602,0,6,0,2004,321.45|145.67|-12.97
49034,QMT_Title_001999,QMT_Purpose_001999,厄运之锤销毁储存袋马力,保存马力销毁,1,105604,0,6,0,2004,321.45|145.67|-12.97
49035,QMT_Title_002000,QMT_Purpose_002000,启租赁军队撤出杀伤性援助,冯租赁援助,1,105605,0,1,0,2004,312.17|337.44|38.53
49037,QMT_Title_002001,QMT_Purpose_002001,撤柜销毁收购计划的部队活动,撤柜销毁收购计划的部队活动,3,21017,0,1,1,2004,312.17|337.44|38.53
49041,QMT_Title_002002,QMT_Purpose_002002,使用滚动战场,使用滚动战场,4,21282,0,1,1,2000,0
49042,QMT_Title_002003,QMT_Purpose_002003,现场使用滚动回,现场使用滚动回,4,21283,0,1,1,2000,0
49043,QMT_Title_002004,QMT_Purpose_002004,邪恶的沙漠强制狂战士杀,狂战士杀,1,105801,0,20,0,2005,95.11|317.55|-11.17
49046,QMT_Title_002005,QMT_Purpose_002005,刺客援助沙漠恶势力,刺客杀,1,105802,0,20,0,2005,95.11|317.55|-11.17
49044,QMT_Title_002006,QMT_Purpose_002006,拆迁联盟水袋收集,拆迁联盟水袋收集,3,21284,0,20,1,2005,95.11|317.55|-11.17
49045,QMT_Title_002007,QMT_Purpose_002007,指挥官说，阿斯达援助,指挥官说，阿斯达援助,1,105804,0,1,0,2005,70.76|305.23|-9.85
49050,QMT_Title_002008,QMT_Purpose_002008,碎片的顺序移动请到了地上。,碎片的顺序移动请到了地上。,4,21518,0,1,1,2006,0
49051,QMT_Title_002009,QMT_Purpose_002009,请得分从地面锥子非特异性碎屑。,锥子非治疗。,1,110013,0,17,0,2006,333.23|166.28|21.37
49055,QMT_Title_002010,QMT_Purpose_002010,请从地面杂物非特异性得分爆炸。,爆炸杀死大米。,1,110014,0,17,0,2006,333.23|166.28|21.37
49052,QMT_Title_002011,QMT_Purpose_002011,请钢手柄从地面非特异性碎屑。,未处理的钢。,1,110015,0,1,0,2006,346.59|231.71|22.61
49053,QMT_Title_002012,QMT_Purpose_002012,星辰碎片得分锥子水稻从地面爆炸请收回了一块白色的星星。,白星片收集。,3,21519,0,30,1,2006,333.23|166.28|21.37
49054,QMT_Title_002013,QMT_Purpose_002013,请收集从星形接地得分钢和非特异性碎片珠。,分珠数量。,3,21520,0,1,1,2006,346.59|231.71|22.61
49061,QMT_Title_002014,QMT_Purpose_002014,请碎片的天空精灵从地得分灰尘。,灰尘精灵天空的注意。,1,110010,0,17,0,2006,324.97|373.64|26.76
49065,QMT_Title_002015,QMT_Purpose_002015,请进球疯狂的天空妖精地上的碎片。,哥布林天空疯狂的援助。,1,110011,0,17,0,2006,324.97|373.64|26.76
49062,QMT_Title_002016,QMT_Purpose_002016,请从前提援卡鲁嘉碎片。,汽车卡鲁援助。,1,110012,0,1,0,2006,378.85|367.49|32.64
49063,QMT_Title_002017,QMT_Purpose_002017,星星碎片得分灰尘天空疯狂的天空和地精和天空妖精妖精，请恢复暂停的席位。,地精天空恢复浮动席位。,3,21521,0,30,1,2006,324.97|373.64|26.76
49064,QMT_Title_002018,QMT_Purpose_002018,从汽车卡鲁处理和被污染的悬浮??座椅恢复地面请碎片。,污染悬浮三次。,3,21522,0,1,1,2006,378.85|367.49|32.64
49071,QMT_Title_002019,QMT_Purpose_002019,请明镜清扫杀死黑暗火焰碎片从地面。,黑暗火焰清扫车德的治疗。,1,110007,0,17,0,2006,516.08|255.92|41.22
49075,QMT_Title_002020,QMT_Purpose_002020,请明镜清扫碎片杀死黑暗冰冷的地面上。,杀死黑暗寒冷的DER清扫车。,1,110008,0,17,0,2006,516.08|255.92|41.22
49072,QMT_Title_002021,QMT_Purpose_002021,独家请杀kyuteo从地面的碎片。,至尊kyuteo援助。,1,110009,0,1,0,2006,516.08|255.92|41.22
49073,QMT_Title_002022,QMT_Purpose_002022,通过在土地明镜清扫机处理的薄片和请恢复扭曲的痕迹。,扭曲的痕迹收集。,3,21523,0,30,1,2006,516.08|255.92|41.22
49074,QMT_Title_002023,QMT_Purpose_002023,星辰碎片从地上爬，杀死至尊kyuteo请恢复失真。,扭曲恢复。,3,21524,0,1,1,2006,516.08|255.92|41.22
49081,QMT_Title_002024,QMT_Purpose_002024,请处理来自呼吸少地死星的碎片。,死亡气息少的过程。,1,110004,0,17,0,2006,604.53|164.78|32.71
49085,QMT_Title_002025,QMT_Purpose_002025,请处理气息从星星莱斯地上杂物的暗杀行动。,莱斯暗杀呼吸治疗。,1,110005,0,17,0,2006,604.53|164.78|32.71
49082,QMT_Title_002026,QMT_Purpose_002026,请从地面铁路通道杂物具体的援助。,莱斯处理工艺。,1,110006,0,1,0,2006,645.98|151.62|32.19
49083,QMT_Title_002027,QMT_Purpose_002027,经过呼吸，较少从该处处理碎片，请恢复黑暗的承诺。,质押恢复黑暗。,3,21525,0,30,1,2006,604.53|164.78|32.71
49084,QMT_Title_002028,QMT_Purpose_002028,莱斯从地面获得治疗碎片和请恢复心灵的承诺。,质押复苏的灵魂。,3,21526,0,1,1,2006,645.98|151.62|32.19
49091,QMT_Title_002029,QMT_Purpose_002029,星辰碎片的处所，请杀巨魔战士的骨灰。,巨魔战士援助灰烬。,1,110001,0,17,0,2006,648.43|346.62|21.41
49095,QMT_Title_002030,QMT_Purpose_002030,请从灰烬巨魔萨满地杀死被碎片。,巨魔萨满援助灰烬。,1,110002,0,17,0,2006,648.43|346.62|21.41
49092,QMT_Title_002031,QMT_Purpose_002031,通过从地面杂物请去rolrol得分。,德rolrol援助。,1,110003,0,1,0,2006,684.91|280.32|23.37
49093,QMT_Title_002032,QMT_Purpose_002032,从地面和灰巨魔部族碎片杀害，请恢复黑暗的决定。,确定黑暗的恢复。,3,21527,0,30,1,2006,648.43|346.62|21.41
49094,QMT_Title_002033,QMT_Purpose_002033,星辰碎片从地面和打分德rolrol请恢复在黑暗中珠。,珠复苏的黑暗。,3,21528,0,1,1,2006,684.91|280.32|23.37
500001,QMT_Title_002034,QMT_Purpose_002034,从骑士特利皮特身上得到叶子。,收集特利皮特的叶子,3,25000,0,2,1,2000,6909.55|7817.54|79.83
500002,QMT_Title_002035,QMT_Purpose_002035,所收集的斑蒂草在村子周围的灌木丛袋草中。,采集袋草,3,25001,0,2,1,2000,6967.13|7894.15|83.00
500003,QMT_Title_002036,QMT_Purpose_002036,在肥沃的土壤与非杰拉对话。,杰拉并在该处无脂肪的对话,2,51077,0,1,1,2000,7007.19|8002.17|91.16
500004,QMT_Title_002037,QMT_Purpose_002037,杀死古木哥布林长老，获得它的头部。,获得哥布林的头,3,25002,0,1,1,2000,7003.81|7987.67|91.16
500005,QMT_Title_002038,QMT_Purpose_002038,从深渊花采集花刺。,采集深渊花,3,25004,0,2,1,2000,6975.73|7990.05|90.70
500006,QMT_Title_002039,QMT_Purpose_002039,使用安全后订单转移。,使用移动哨所订购,4,25205,0,1,1,2000,0
501006,QMT_Title_002040,QMT_Purpose_002040,对话哦持有哨所。,呵呵坚持安全岗位对话,2,51003,0,1,0,2000,6932.07|8308.40|129.09
500007,QMT_Title_002041,QMT_Purpose_002041,击杀大笼波西肯，获得波西肯腿。,收集波西肯腿,3,25005,0,5,1,2000,7063.46|8476.18|125.58
500008,QMT_Title_002042,QMT_Purpose_002042,谈话与记者的嗡嗡声在藤蔓研究所。,按嗡嗡声和交谈的葡萄研究所,2,51010,0,1,0,2000,6993.39|8527.98|111.20
500009,QMT_Title_002043,QMT_Purpose_002043,击杀黑骑士布里德米尔。,黑骑士布里德米尔,1,50581,0,6,1,2000,7381.42|8624.76|165.00
500010,QMT_Title_002044,QMT_Purpose_002044,从错误计算瘟疫骷髅头骨虫眼。,虫眼骷髅收集,3,25006,0,5,1,2000,7558.11|8526.74|221.24
500011,QMT_Title_002045,QMT_Purpose_002045,从叶片根部获得饲料树根喂树。,叶根喂树根集合,3,25094,0,5,1,2000,7300.95|8284.46|140.00
500012,QMT_Title_002046,QMT_Purpose_002046,从入口入口被激怒的柏树获得纠正的灵魂。,入口灵魂修改集合,3,25095,0,5,1,2000,7560|8379|170
500013,QMT_Title_002047,QMT_Purpose_002047,在天空和勃兰登堡对话膨胀基地。,勃兰登堡和对话在天空中膨胀的,2,51019,0,1,0,2000,7286.11|8034.07|98.99
500014,QMT_Title_002048,QMT_Purpose_002048,计算辟邪一杯杯Seorin区别的差异本质。,不同的眼镜精华收集,3,25096,0,5,1,2000,7513.64|7910.64|119.00
500015,QMT_Title_002049,QMT_Purpose_002049,在收集来自湖附近的实体树的分支。,实体的分支机构收集,3,25097,0,5,1,2000,7350.80|7722.86|69.72
500016,QMT_Title_002050,QMT_Purpose_002050,SHINEE使用拐杖精神。,SHINEE使用拐杖精神,4,25098,0,1,1,2000,7350.82|7834.34|95.06
500017,QMT_Title_002051,QMT_Purpose_002051,在环检查站的对话和阿斯达。,Asda和中环的检查站进行对话,2,51024,0,1,0,2000,7244.56|7515.33|69.15
500018,QMT_Title_002052,QMT_Purpose_002052,杀红差异，计算心脏干眼镜。,不同的心脏收集杯,3,25099,0,6,1,2000,7398.79|7427.64|81.06
501018,QMT_Title_002053,QMT_Purpose_002053,血腥得分树枝的差异，并计算分支。,不同类型的眼镜收藏,3,25100,0,6,1,2000,7398.79|7427.64|81.06
500019,QMT_Title_002054,QMT_Purpose_002054,毒液是从七个步骤改性亡灵获得。,修改灵魂收集,3,25101,0,1,1,2000,7271.96|7263.98|88.00
500020,QMT_Title_002055,QMT_Purpose_002055,该得分是耳鼻喉科。,高考被视为,1,50683,0,1,0,2000,7549.06|7244.24|94.00
500021,QMT_Title_002056,QMT_Purpose_002056,击杀骑士特利皮特。,杀骑士特利皮特,1,50501,0,2,0,2000,6909.55|7817.54|79.83
500022,QMT_Title_002057,QMT_Purpose_002057,击杀饥饿骑士特利皮特，得到特利皮特花叶。,收集特利皮特花叶,3,25007,0,2,1,2000,6887.93|7866.48|62.00
500023,QMT_Title_002058,QMT_Purpose_002058,采集苔藓的岩石。,长满青苔的岩石收集,3,25008,0,2,1,2000,6962.56|7942.68|84.00
500024,QMT_Title_002059,QMT_Purpose_002059,对话和沃土gadeo,Gadeo和沃土对话,7,25009,0,1,1,2000,6889.79|8029.52|79.24
500025,QMT_Title_002060,QMT_Purpose_002060,从一棵小树收集树枝条。,小枝收集,3,25010,0,2,1,2000,6967.66|8022.70|90.13
500026,QMT_Title_002061,QMT_Purpose_002061,在丛林村庄的对话和gadeo,与gadeo在丛林村庄交谈,2,51006,0,1,0,2000,6889.79|8029.52|79.24
500027,QMT_Title_002062,QMT_Purpose_002062,击杀古木哥布林。,古木哥布林,1,50511,0,3,0,2000,6991.69|7953.15|84.00
500028,QMT_Title_002063,QMT_Purpose_002063,击杀古木哥布林猎人，获得巡查队之剑。,收集巡查队之剑,3,25011,0,3,1,2000,6969.31|7904.43|83.00
501028,QMT_Title_002064,QMT_Purpose_002064,击杀古木哥布林猎人，获得巡查队铠甲。,巡逻盔甲收藏,3,25012,0,3,1,2000,6969.31|7904.43|83.00
500029,QMT_Title_002065,QMT_Purpose_002065,击杀古木哥布林监视员。,古木哥布林监视员,1,50513,0,3,0,2000,6973.94|7968.95|84.00
500030,QMT_Title_002066,QMT_Purpose_002066,与岗亭和惠特克的对话,惠特克和安全岗位对话,2,51007,0,1,0,2000,6928.74|8308.39|129.13
500031,QMT_Title_002067,QMT_Purpose_002067,收集蛇草。,采摘蛇草,3,25202,0,2,1,2000,6906.88|8204.44|131.62
500032,QMT_Title_002068,QMT_Purpose_002068,毒材料从老树哥布林的皮革袋获得。,毒材料收集,3,25196,0,4,1,2000,6940.87|8163.97|127.35
500033,QMT_Title_002069,QMT_Purpose_002069,摧毁哥布林园地的毒药。,破坏剧毒之地,1,50684,0,5,0,2000,7041.20|8160.68|123.08
500034,QMT_Title_002070,QMT_Purpose_002070,击杀饥饿母体巨角特利皮特。,饥饿母体巨角特利皮特,1,50532,0,5,0,2000,6999.46|8133.97|116.60
501034,QMT_Title_002071,QMT_Purpose_002071,击杀古木哥布林样式。,古木哥布林样式,1,50523,0,5,0,2000,7021.13|8132.45|119.49
500035,QMT_Title_002072,QMT_Purpose_002072,击杀特利皮特女王贪吃之花。,特利皮特女王贪吃之花,1,50533,0,4,0,2000,6869.32|8165.78|136.00
500036,QMT_Title_002073,QMT_Purpose_002073,谈话来到哨所和reumi,Reumi整个谈话的哨位,2,51008,0,1,0,2000,6926.32|8299.79|121.88
500037,QMT_Title_002074,QMT_Purpose_002074,击杀恶臭布里德米尔。,恶臭布里德米尔,1,50551,0,5,0,2000,6820.03|8462.51|96.06
500038,QMT_Title_002075,QMT_Purpose_002075,击杀铁甲波西肯。,铁甲波西肯,1,50541,0,5,0,2000,7048.27|8365.69|129.00
500039,QMT_Title_002076,QMT_Purpose_002076,采集波西肯卵。,收集波西肯卵,3,25014,0,2,1,2000,7048.49|8369.35|130.11
500040,QMT_Title_002077,QMT_Purpose_002077,击杀五彩翅膀，获得五色翅膀心脏。,收集五色翅膀心脏,3,25015,0,1,1,2000,7027.50|8392.39|132.00
500041,QMT_Title_002078,QMT_Purpose_002078,击杀大笼波西肯，获得波西肯体液。,收集波西肯体液,3,25016,0,5,1,2000,7034.27|8384.25|130.00
500042,QMT_Title_002079,QMT_Purpose_002079,击杀铁甲波西肯，获得波西肯毒针。,收集波西肯毒针,3,25017,0,5,1,2000,6967.82|8320.45|130.00
500043,QMT_Title_002080,QMT_Purpose_002080,谈话与记者的嗡嗡声在藤蔓研究所。,按嗡嗡声和交谈的葡萄研究所,7,25018,0,1,1,2000,6996.19|8538.29|111.00
500044,QMT_Title_002081,QMT_Purpose_002081,击杀毒香布里德米尔，获得布里德米尔气味口袋。,收集布里德米尔气味口袋,3,25019,0,5,1,2000,6900.42|8567.22|90.48
500045,QMT_Title_002082,QMT_Purpose_002082,使用引厂气味口袋中的岩石。,使用香味袋,4,25019,0,1,1,2000,6819.00|8494.76|93.60
500046,QMT_Title_002083,QMT_Purpose_002083,击杀布里德米尔女王锯齿脚趾。,干掉女王,1,50553,0,1,0,2000,6772.10|8554.37|100.92
500047,QMT_Title_002084,QMT_Purpose_002084,在沼泽营地时尚机甲的对话。,机甲时尚和沼泽阵营对话,2,51013,0,1,0,2000,7202.75|8394.68|153.00
500048,QMT_Title_002085,QMT_Purpose_002085,击杀毒香布里德米尔，获得布里德米尔花粉。,收集布里德米尔花粉,3,25020,0,5,1,2000,6900.42|8567.22|90.48
500049,QMT_Title_002086,QMT_Purpose_002086,击杀养成布里德米尔，获得布里德米尔蜂蜜。,收集布里德米尔蜂蜜,3,25021,0,5,1,2000,7122.81|8490.24|132.64
500050,QMT_Title_002087,QMT_Purpose_002087,采摘疗伤草从地上的伤口草。,采集伤口草,3,25022,0,5,1,2000,7174.32|8570.37|138.63
500051,QMT_Title_002088,QMT_Purpose_002088,击杀古木哥布林战士。,古木哥布林战士,1,50571,0,6,0,2000,7167.23|8515.16|136.00
500052,QMT_Title_002089,QMT_Purpose_002089,击杀哥布林祭祀长可可鲁。,干掉可可鲁,1,50573,0,1,0,2000,7175.04|8590.43|138.77
500053,QMT_Title_002090,QMT_Purpose_002090,藤蔓对话趴在森林,在森林藤蔓清莱对话,2,51012,0,1,0,2000,7130.56|8440.18|131.65
500054,QMT_Title_002091,QMT_Purpose_002091,采集消肿草。,采集消肿草,3,25023,0,5,1,2000,7111.07|8523.91|130.99
500055,QMT_Title_002092,QMT_Purpose_002092,赖并护送到安全的地方。,清莱护航,5,4418,0,1,0,2000,6971.63|8539.68|111.20
500056,QMT_Title_002093,QMT_Purpose_002093,采集骷髅草。,收集骷髅草,3,25197,0,5,1,2000,7288.96|8378.12|136.00
500057,QMT_Title_002094,QMT_Purpose_002094,在营用驱蚊剂涂在骨架树。,用驱蚊剂涂头骨,4,25024,0,1,1,2000,7471.46|8540.77|186.36
500058,QMT_Title_002095,QMT_Purpose_002095,击杀恶臭骷髅蛆虫。,杀恶臭骷髅蛆虫,1,50591,0,6,0,2000,7454.00|8558.00|185.10
500059,QMT_Title_002096,QMT_Purpose_002096,击杀尸体巡查者。,击杀尸体巡查者,1,50592,0,1,0,2000,7457.31|8618.73|190.08
500060,QMT_Title_002097,QMT_Purpose_002097,击杀红骑士布里德米尔，并收集它的腿。,收集红骑士的腿,3,25025,0,5,1,2000,7363.88|8622.03|163.04
500061,QMT_Title_002098,QMT_Purpose_002098,击杀饥饿疫病骷髅蛆虫，并收集它的内脏。,收集骷髅虫内脏,3,25026,0,5,1,2000,7550.96|8599.03|230.96
500062,QMT_Title_002099,QMT_Purpose_002099,在沼泽阵营的ranhel和对话。,Ranhel和沼泽阵营对话,7,25027,0,1,1,2000,7192.91|8400.43|149.76
500063,QMT_Title_002100,QMT_Purpose_002100,采集月光草。,采集月光草,3,25028,0,5,1,2000,7300.18|8485.51|144.00
500064,QMT_Title_002101,QMT_Purpose_002101,击杀贪吃甲虫，并获得她的翅膀。,贪吃甲虫的翅膀收集,3,25029,0,1,1,2000,7534.36|8619.38|231.15
500065,QMT_Title_002102,QMT_Purpose_002102,使用引诱药剂引诱风驰骷髅虫。,使用引诱秘药,4,25030,0,1,1,2000,7595.71|8601.02|231.06
501065,QMT_Title_002103,QMT_Purpose_002103,杀死虫子寻求它的心脏。,取得骷髅虫心脏,3,25031,0,1,1,2000,7595.71|8601.02|231.06
500066,QMT_Title_002104,QMT_Purpose_002104,Lane和对话期间，悲伤沼泽。,当与悲伤沼泽里的对话,2,51017,0,1,0,2000,7386.88|8264.34|128.08
500067,QMT_Title_002105,QMT_Purpose_002105,从单日根得到的粉末喂树。,奇怪的粉末收集,3,25033,0,5,1,2000,7178.01|8340.40|138.46
500068,QMT_Title_002106,QMT_Purpose_002106,在塞尼卡利亚塞尼卡利亚皮娅皮娅池和收集池。,全采集皮娅塞尼卡利亚,3,25034,0,5,1,2000,7289.74|8237.61|134.34
500069,QMT_Title_002107,QMT_Purpose_002107,在沼泽阵营的ranhel和对话。,Ranhel和沼泽阵营对话,7,25035,0,1,1,2000,7234.09|8378.17|156.44
500070,QMT_Title_002108,QMT_Purpose_002108,刀杀死根部喂树。,叶根喂树援助,1,50612,0,6,0,2000,7247.83|8279.93|140.00
501070,QMT_Title_002109,QMT_Purpose_002109,钢援助根喂树。,钢铁树根和饲料援助,1,50613,0,6,0,2000,7220.23|8327.87|138.28
500071,QMT_Title_002110,QMT_Purpose_002110,Lane和对话期间，悲伤沼泽。,当与悲伤沼泽里的对话,7,25036,0,1,1,2000,7390.36|8249.88|127.00
500072,QMT_Title_002111,QMT_Purpose_002111,从石头堆里收集石雕像。,石雕收集,3,25037,0,5,1,2000,7528.26|8380.59|171.00
501072,QMT_Title_002112,QMT_Purpose_002112,从水晶堆里收集水晶雕像。,水晶雕像收集,3,25038,0,5,1,2000,7537.92|8409.22|172.00
500073,QMT_Title_002113,QMT_Purpose_002113,采集轻拂花叶。,采摘轻花,3,25217,0,5,1,2000,7357.19|8304.21|129.96
500074,QMT_Title_002114,QMT_Purpose_002114,使用唠叨卷轴。,使用唠叨卷轴,4,25040,0,1,1,2000,7526.63|8323.21|159.17
500075,QMT_Title_002115,QMT_Purpose_002115,从愤怒安提兰斯获得炸弹。,收集炸弹,3,25041,0,5,1,2000,7592.50|8228.80|138.73
500076,QMT_Title_002116,QMT_Purpose_002116,血石获得。,血石收集,3,25046,0,5,1,2000,7377.16|8189.70|120.00
500077,QMT_Title_002117,QMT_Purpose_002117,修改后的爆炸。,使用炸弹,4,25042,0,1,1,2000,7537.92|8409.22|172.00
500078,QMT_Title_002118,QMT_Purpose_002118,击杀永生树枝艾尔拉候。,击杀艾尔拉候,1,50623,0,1,0,2000,7583.80|8209.26|138.00
500079,QMT_Title_002119,QMT_Purpose_002119,在天空中膨胀的与帕森斯的对话。,在天空中膨胀的与帕森斯对话,2,51018,0,1,0,2000,7289.53|8024.56|98.00
500080,QMT_Title_002120,QMT_Purpose_002120,击杀愤怒老松树安提兰斯，并获得次元门雕像。,收集次元门雕像,3,25043,0,5,1,2000,7557|8338|168
500081,QMT_Title_002121,QMT_Purpose_002121,使用变幻追踪水晶。,使用转换跟踪水晶,4,25044,0,1,1,2000,7381.17|8242.00|126.91
500082,QMT_Title_002122,QMT_Purpose_002122,杀死愤怒安提兰斯，寻求魔法水晶。,收集变幻的魔法水晶,3,25045,0,5,1,2000,7530.77|8388.21|171.83
500083,QMT_Title_002123,QMT_Purpose_002123,摧毁长脚趾老虎蚁卵。,破坏长脚趾老虎蚁卵,1,50685,0,6,0,2000,7417.70|8049.27|101.10
500084,QMT_Title_002124,QMT_Purpose_002124,杀死长脚趾虎蜘蛛。,杀长脚趾虎蜘蛛,1,50631,0,6,0,2000,7409.22|8050.69|101.00
501084,QMT_Title_002125,QMT_Purpose_002125,杀死毒脚趾虎蜘蛛。,杀毒脚趾虎蜘蛛,1,50632,0,6,0,2000,7442.95|8051.38|105.00
500085,QMT_Title_002126,QMT_Purpose_002126,收集毒爪凶蜘蛛卵。,收集毒爪凶蜘蛛卵,3,25047,0,5,1,2000,7343.95|8077.41|99.09
500086,QMT_Title_002127,QMT_Purpose_002127,从枯树上收集古木草药。,采集枯树,3,25048,0,5,1,2000,7324.27|8120.15|109.73
500087,QMT_Title_002128,QMT_Purpose_002128,由钢铁脚趾虎蜘蛛的唾液腺得到。,蜘蛛收集唾液腺,3,25049,0,1,1,2000,7411.08|8038.99|100.93
500088,QMT_Title_002129,QMT_Purpose_002129,收集从栖树上的蜘蛛网。,收集蜘蛛网,3,25050,0,5,1,2000,7447.82|8039.12|104.91
500089,QMT_Title_002130,QMT_Purpose_002130,从红土收集。,红色的土壤取样,3,25051,0,5,1,2000,7399.00|7963.34|105.00
500090,QMT_Title_002131,QMT_Purpose_002131,从毒脚趾虎蜘蛛收集毒液。,蜘蛛毒液收集,3,25052,0,5,1,2000,7442.95|8051.38|105.00
500091,QMT_Title_002132,QMT_Purpose_002132,谈话抓杯的天空，在基地的面纱的差异。,区别与对话的捕获玻璃,7,25053,0,1,1,2000,7283.28|8026.44|98.00
500092,QMT_Title_002133,QMT_Purpose_002133,在天空中膨胀的与帕森斯的对话。,在天空中膨胀的与帕森斯对话,2,51018,0,1,0,2000,7289.53|8024.56|98.00
500093,QMT_Title_002134,QMT_Purpose_002134,天空谈话膨胀一半纪州基地。,纪州一半的谈话在天空中膨胀的,2,51021,0,1,0,2000,7343.24|7828.54|95.00
500094,QMT_Title_002135,QMT_Purpose_002135,拾取无名勇士的金斧。,获得金斧头,3,25055,0,1,1,2000,7474.73|8096.44|98.25
501094,QMT_Title_002136,QMT_Purpose_002136,拾取无名勇士的银斧。,获得银斧头,3,25056,0,1,1,2000,7473.96|8087.25|97.73
502094,QMT_Title_002137,QMT_Purpose_002137,拾取无名勇士的铁斧。,获得铁斧头,3,25057,0,1,1,2000,7468.62|8092.35|99.36
500095,QMT_Title_002138,QMT_Purpose_002138,采集黑石头。,黑石收集,3,25058,0,5,1,2000,7351.41|8102.52|109.45
500096,QMT_Title_002139,QMT_Purpose_002139,杰克和天空和膨胀的对话。,杰克和天空膨胀的对话,2,51020,0,1,0,2000,7284.82|8009.15|98.00
500097,QMT_Title_002140,QMT_Purpose_002140,检查湿度。,使用湿度棒,4,25062,0,1,1,2000,7508.45|7606.01|71.11
500098,QMT_Title_002141,QMT_Purpose_002141,得到一个奇怪的树枝，从一个奇怪的树的分支。,奇怪的树支收集,3,25059,0,5,1,2000,7519.50|7930.15|119.76
500099,QMT_Title_002142,QMT_Purpose_002142,收集绿肥草。,采集绿肥草,3,25060,0,6,1,2000,7375.64|7709.77|65.17
500100,QMT_Title_002143,QMT_Purpose_002143,使用吸收抑制剂到一个陌生的树在湖的深处。,采用吸收抑制剂,4,25061,0,1,1,2000,7536.13|7948.57|118.89
500101,QMT_Title_002144,QMT_Purpose_002144,击杀连锁杀人魔利颇。,杀连锁杀人魔利颇,1,50643,0,1,0,2000,7490.53|7902.16|119.06
500102,QMT_Title_002145,QMT_Purpose_002145,从恶鬼笼罩宪兵回收腐朽的遗物。,遗物回收,3,25063,0,6,1,2000,7513.64|7910.64|119.00
500103,QMT_Title_002146,QMT_Purpose_002146,从池边收集卡戎草。,采集卡戎草,3,25064,0,6,1,2000,7542.57|7818.91|103.58
500104,QMT_Title_002147,QMT_Purpose_002147,在湖滨联络与阿米娜谈话。,阿米娜在湖畔的联络和对话,7,25064,0,1,1,2000,7354.65|7836.27|95.07
500105,QMT_Title_002148,QMT_Purpose_002148,在湖滨联络与阿米娜谈话。,阿米娜在湖畔的联络和对话,7,25065,0,1,1,2000,7354.65|7836.27|95.07
500106,QMT_Title_002149,QMT_Purpose_002149,遗址天堂和奴役月神对话。,遗址天地对话，奴役月神,2,51032,0,1,0,2501,380.18|142.15|132.72
501106,QMT_Title_002150,QMT_Purpose_002150,月神使用萤火虫运动顺序。,使用萤火虫为了月神移动,4,12300,0,1,1,2000,0
500107,QMT_Title_002151,QMT_Purpose_002151,在湖滨联络与阿米娜谈话。,阿米娜在湖畔的联络和对话,7,25066,0,1,1,2000,7354.65|7836.27|95.07
501107,QMT_Title_002152,QMT_Purpose_002152,使用深湖运动订单。,使用深湖运动订单,4,12306,0,1,1,2000,0
500108,QMT_Title_002153,QMT_Purpose_002153,杀死蓝叶安提兰斯，取得古老的水晶。,收集古老的水晶,3,25067,0,6,1,2000,7512.64|7716.50|71.08
500109,QMT_Title_002154,QMT_Purpose_002154,谈话syayinigwa在湖滨联络。,Syayinigwa在湖滨联络谈话,2,51022,0,1,0,2000,7340.49|7829.91|95.00
500110,QMT_Title_002155,QMT_Purpose_002155,采集水的水晶。,收集水晶,3,25068,0,6,1,2000,7497.06|7954.62|119.90
500111,QMT_Title_002156,QMT_Purpose_002156,使用水之手杖。,使用水之手杖,4,25069,0,1,1,2000,7633.98|7640.09|92.15
500112,QMT_Title_002157,QMT_Purpose_002157,击杀发怒吼叫贝尔拉候。,杀贝尔拉候,1,50653,0,1,0,2000,7633.98|7640.09|92.15
500113,QMT_Title_002158,QMT_Purpose_002158,在环检查站的对话和阿斯达。,Asda和中环的检查站进行对话,7,25070,0,1,1,2000,7244.56|7515.33|69.15
500114,QMT_Title_002159,QMT_Purpose_002159,击杀红树干宪兵。,杀红树干宪兵,1,50661,0,7,0,2000,7278.51|7449.74|74.68
500115,QMT_Title_002160,QMT_Purpose_002160,从水晶团收集绿色水晶。,采集水晶团,3,25071,0,6,1,2000,7382.42|7367.24|99.32
500116,QMT_Title_002161,QMT_Purpose_002161,收集新鲜的枝叶从郁郁葱葱的树木。,新鲜的树枝收集,3,25073,0,6,1,2000,7326.90|7537.50|69.33
500117,QMT_Title_002162,QMT_Purpose_002162,种一棵泥树。,种树,4,25072,0,1,1,2000,7423.45|7430.16|77.94
500118,QMT_Title_002163,QMT_Purpose_002163,击杀流血木偶。,击杀流血木偶,1,50663,0,1,0,2000,7384.31|7383.01|99.30
500119,QMT_Title_002164,QMT_Purpose_002164,击杀血光树枝宪兵，获得宪兵的眼睛。,收集宪兵的眼睛,3,25074,0,6,1,2000,7379.90|7447.55|89.67
500120,QMT_Title_002165,QMT_Purpose_002165,采集绿茵草。,采集绿茵草,3,25075,0,6,1,2000,7339.88|7460.59|80.41
500121,QMT_Title_002166,QMT_Purpose_002166,使用人工宪兵树根。,使用人工宪兵树根,4,25076,0,1,1,2000,7357.05|7520.01|71.89
500122,QMT_Title_002167,QMT_Purpose_002167,在环检查站的对话和阿斯达。,Asda和中环的检查站进行对话,2,51024,0,1,0,2000,7244.56|7515.33|69.15
500123,QMT_Title_002168,QMT_Purpose_002168,Kanho与侦察分公司地址对话。,Kanho和盆地侦察牛对话,2,51026,0,1,0,2000,7453.00|7312.13|81.80
500124,QMT_Title_002169,QMT_Purpose_002169,博马阵营内收集奇怪的树枝。,采摘奇怪的树,3,25077,0,1,1,2000,7261.71|7244.82|108.39
500125,QMT_Title_002170,QMT_Purpose_002170,杀死失去理智古木安提兰斯，收集它的表皮。,安提兰斯表皮收集,3,25078,0,6,1,2000,7601.26|7324.58|90.63
500126,QMT_Title_002171,QMT_Purpose_002171,Kanho与侦察分公司地址对话。,Kanho和盆地侦察牛对话,2,51026,0,1,0,2000,7453.00|7312.13|81.80
500127,QMT_Title_002172,QMT_Purpose_002172,到博马阵营内销毁秘密装置。,销毁可疑秘密,1,50686,0,3,0,2000,7281.51|7256.49|109.10
500128,QMT_Title_002173,QMT_Purpose_002173,击杀七步贝诺恩，取得指令。,收集线索,3,25080,0,1,1,2000,7287|7238|108
500129,QMT_Title_002174,QMT_Purpose_002174,月神使用萤火虫运动顺序。,使用萤火虫为了月神移动,4,12300,0,1,1,2000,0
500130,QMT_Title_002175,QMT_Purpose_002175,希腊人随后与月神对话的束缚。,在与希腊人在奴役月神对话,7,25079,0,1,1,2501,259.95|260.22|198.47
500131,QMT_Title_002176,QMT_Purpose_002176,血液和雾胡安山谈话。,血腥胡安和雾山对话,2,51028,0,1,0,2000,7288.12|7266.17|108.45
500132,QMT_Title_002177,QMT_Purpose_002177,从博马阵营的坚硬箱子回收斧头。,找回胡安的斧头,3,25081,0,1,1,2000,7305.16|7282.07|86.67
501132,QMT_Title_002178,QMT_Purpose_002178,从博马营的僵硬箱子回收铠甲。,找回胡安的铠甲,3,25082,0,1,1,2000,7267.82|7244.33|108.45
500133,QMT_Title_002179,QMT_Purpose_002179,胡安将被护送到安全的地方。,胡安护航,5,4417,0,1,0,2000,7467.89|7297.97|81.80
500134,QMT_Title_002180,QMT_Purpose_002180,破坏博马阵营的毒箭木桶。,毒箭木桶破坏,1,50689,0,5,0,2000,7216.37|7284.90|97.46
500135,QMT_Title_002181,QMT_Purpose_002181,血液从剧毒博马获得。,采集博马血液,3,25083,0,6,1,2000,7294.79|7376.22|85.41
500136,QMT_Title_002182,QMT_Purpose_002182,从博马营找到他们的皮囊。,收集博马的皮,3,25085,0,6,1,2000,7228.67|7262.84|101.28
500137,QMT_Title_002183,QMT_Purpose_002183,武器获得从神经毒博马。,博马武器收缴,3,25084,0,6,1,2000,7269.59|7244.90|108.45
500138,QMT_Title_002184,QMT_Purpose_002184,交谈拉希德小流域侦察。,Rashid和盆地侦察牛对话,2,51029,0,1,0,2000,7467.63|7297.87|81.80
500139,QMT_Title_002185,QMT_Purpose_002185,击杀红色条纹博马。,杀红色条纹博马,1,50671,0,7,0,2000,7545.80|7433.38|102.56
500140,QMT_Title_002186,QMT_Purpose_002186,从帕萨迪纳池收集婆娑草。,采集婆娑草,3,25086,0,6,1,2000,7357.12|7290.12|61.44
500141,QMT_Title_002187,QMT_Purpose_002187,交谈拉希德小流域侦察。,Rashid和盆地侦察牛对话,7,25087,0,1,1,2000,7467.63|7297.87|81.80
500142,QMT_Title_002188,QMT_Purpose_002188,击杀黑舌蛮博。,杀黑舌蛮博,1,50673,0,1,0,2000,7539.08|7361.28|104.92
500143,QMT_Title_002189,QMT_Purpose_002189,从发光条纹博马收集毒液。,博马毒液收集,3,25088,0,6,1,2000,7538.36|7407.17|100.92
500144,QMT_Title_002190,QMT_Purpose_002190,收集解毒水晶。,收集解毒水晶,3,25089,0,6,1,2000,7276.85|7311.61|79.33
500145,QMT_Title_002191,QMT_Purpose_002191,月神使用萤火虫运动顺序。,使用萤火虫为了月神移动,4,12300,0,1,1,2000,0
500146,QMT_Title_002192,QMT_Purpose_002192,希腊人随后与月神对话的束缚。,在与希腊人在奴役月神对话,7,25090,0,1,1,2501,259.95|260.22|198.47
500147,QMT_Title_002193,QMT_Purpose_002193,吴见了踪影他的儿子。,吴遇见了他的儿子发现踪迹,2,51076,0,1,0,2000,7570.94|7483.11|87.06
500148,QMT_Title_002194,QMT_Purpose_002194,乌曼交谈与我的小盆地侦察。,与我在盆地侦察牛聊天乌曼,2,51031,0,1,0,2000,7432.79|7360.34|96.43
500149,QMT_Title_002195,QMT_Purpose_002195,月神使用萤火虫运动顺序。,使用萤火虫为了月神移动,4,12300,0,1,1,2000,0
500150,QMT_Title_002196,QMT_Purpose_002196,获得红浆果从博马阵营的木桶。,红色浆果采集,3,25091,0,5,1,2000,7541.25|7386.03|104.73
500151,QMT_Title_002197,QMT_Purpose_002197,Kanho与侦察分公司地址对话。,Kanho和盆地侦察牛对话,7,25092,0,1,1,2000,7453.00|7312.13|81.80
500152,QMT_Title_002198,QMT_Purpose_002198,谈话与记者的嗡嗡声在藤蔓研究所。,按嗡嗡声和交谈的葡萄研究所,2,51010,0,1,0,2000,6989.55|8525.89|111.20
500153,QMT_Title_002199,QMT_Purpose_002199,与五集在丛林村庄的对话。,聊天与五大总成在丛林村庄,2,51004,0,1,0,2000,7051.61|7820.22|91.00
500154,QMT_Title_002200,QMT_Purpose_002200,计算三叶三叶花从花,三叶花集合,3,25212,0,3,1,4400,186.53|91.08|95.67
501154,QMT_Title_002201,QMT_Purpose_002201,计算从出血开花花出血,出血花集合,3,25213,0,3,1,4400,242.61|220.47|85.69
500155,QMT_Title_002202,QMT_Purpose_002202,杀害毒荆棘树饲料,毒荆棘树提要援助,1,170021,0,6,0,4401,107.69|317.37|96.41
501155,QMT_Title_002203,QMT_Purpose_002203,计分忌baramkkot,避免baramkkot援助,1,170022,0,1,0,4401,169.64|347.55|103.46
500156,QMT_Title_002204,QMT_Purpose_002204,牧师爸爸勒杀,乐牧师爸爸援助,1,170047,0,1,0,4402,361.62|390.58|112.61
500157,QMT_Title_002205,QMT_Purpose_002205,入口获取干刺荆棘从入口干,入口干刺集合,3,25214,0,3,1,4410,152.01|104.82|5.17
500158,QMT_Title_002206,QMT_Purpose_002206,消旋的治疗,女中音援助,1,170127,0,1,0,4411,361.20|409.64|1.19
501158,QMT_Title_002207,QMT_Purpose_002207,该援助耳棒,坡伊普酒吧克赖斯特彻奇,1,170128,0,1,0,4411,464.14|126.85|3.05
500159,QMT_Title_002208,QMT_Purpose_002208,计分来到单位,ONT-治疗,1,170149,0,1,0,4412,209.02|458.59|32.29
500160,QMT_Title_002209,QMT_Purpose_002209,通常清除难度出血小麦农场使用S级或更高。,已完成,9,4400,3,1,0,0,0
500161,QMT_Title_002210,QMT_Purpose_002210,清除难度出血小麦农场SS排名更高。,SS等级满足,9,4401,4,1,0,0,0
500162,QMT_Title_002211,QMT_Purpose_002211,很清楚的难度出血小麦农场SSS排名更高。,SSS级完成,9,4402,5,1,0,0,0
500163,QMT_Title_002212,QMT_Purpose_002212,通常它会清除至少难度军衔的实体的庇护所。,已完成,9,4410,3,1,0,0,0
500164,QMT_Title_002213,QMT_Purpose_002213,清除在SS等级至少难度实体的庇护所。,SS等级满足,9,4411,4,1,0,0,0
500165,QMT_Title_002214,QMT_Purpose_002214,该保护区是非常明确的实体上的SSS级别更高的难度。,SSS级完成,9,4412,5,1,0,0,0
500166,QMT_Title_002215,QMT_Purpose_002215,加强新??闻的嗡嗡声的武器+2,+2武器，以加强新闻的嗡嗡声,14,9074,2,1,0,2000,6975.37|8524.04|111.20
501166,QMT_Title_002216,QMT_Purpose_002216,它提供武器按藤蔓的嗡嗡声研究所。,武器交付给巴兹新闻研究所的藤,7,9074,0,1,1,2000,6975.37|8524.04|111.20
500167,QMT_Title_002217,QMT_Purpose_002217,适合的元素石项目,灵石安装项目,16,0,0,1,0,2000,6975.37|8524.04|111.20
500168,QMT_Title_002218,QMT_Purpose_002218,使用冷冻天堂的举动令。,使用冷冻的天堂运行命令,4,12309,0,1,1,2000,0
500169,QMT_Title_002219,QMT_Purpose_002219,去找藤机构的管理器注册基地。,注册据点,15,104106,0,1,0,2000,6963.02|8528.31|111.20
500170,QMT_Title_002220,QMT_Purpose_002220,使用运行命令。,使用移动订单,4,12305,0,1,1,0,0
500171,QMT_Title_002221,QMT_Purpose_002221,使用运行命令。,使用移动订单,4,12307,0,1,1,0,0
500172,QMT_Title_002222,QMT_Purpose_002222,使用运行命令。,使用移动订单,4,12307,0,1,1,0,0
500173,QMT_Title_002223,QMT_Purpose_002223,在悲伤沼泽的对话和阿德利。,阿德利对话和悲伤沼泽,2,51072,0,1,0,2000,7381.87|8240.73|126.91
500174,QMT_Title_002224,QMT_Purpose_002224,血液和在雾kanho山对话。,血对话和kanho山在雾中,2,51026,0,1,0,2000,7453.00|7312.13|81.80
500175,QMT_Title_002225,QMT_Purpose_002225,击杀被诅咒的宪兵。,杀被诅咒的宪兵,1,50641,0,7,0,2000,7595.50|8053.21|112.79
500176,QMT_Title_002226,QMT_Purpose_002226,击杀粗枝安提兰斯。,杀粗枝安提兰斯,1,50652,0,7,0,2000,7624.84|7656.45|93.72
500177,QMT_Title_002227,QMT_Purpose_002227,击杀红树干宪兵。,杀红树干宪兵,1,50661,0,7,0,2000,7395.90|7457.89|91.16
500178,QMT_Title_002228,QMT_Purpose_002228,击杀古木哥布林萨满。,古木哥布林萨满,1,50572,0,4,0,2000,7256.30|8442.32|139.86
500179,QMT_Title_002229,QMT_Purpose_002229,捕捉小种斯帕特斯卡，收集斯帕特斯卡种子囊袋。,收集斯帕特斯卡种子囊袋,3,25218,0,3,1,2000,6424.89|8313.37|133.12
500180,QMT_Title_002230,QMT_Purpose_002230,捕捉大种斯帕特斯卡，收集斯帕特斯卡汁液。,收集斯帕特斯卡汁液,3,25219,0,3,1,2000,6465.76|8403.12|136.41
500181,QMT_Title_002231,QMT_Purpose_002231,电弧周围通行证准备心病展位。,与亭在树林月光绞纱豪尔对话,7,25220,0,1,1,2000,6245.16|8549.19|103.40
500182,QMT_Title_002232,QMT_Purpose_002232,击杀藤砂轮队长，收集树根雕塑。,收集树根雕塑,3,25221,0,3,1,2000,6256.80|8587.29|102.19
500183,QMT_Title_002233,QMT_Purpose_002233,采摘心情草。,采摘心草,3,25222,0,3,1,2000,6347.36|8548.70|92.44
500184,QMT_Title_002235,QMT_Purpose_002235,如何防暴阿杨的对话，并呼吁氧化钛。,香格里拉氧化钛和对话,2,51241,0,1,0,2000,6304.40|8827.04|114.40
500185,QMT_Title_002236,QMT_Purpose_002236,击杀小种斯帕特斯卡。,击杀小种斯帕特斯卡,1,50691,0,3,0,2000,6424.89|8313.37|133.12
500186,QMT_Title_002237,QMT_Purpose_002237,在月光下与卡蒂亚的谈话变成森林。,月光绞交谈卡蒂亚在森林,2,51238,0,1,0,2000,6245.90|8546.53|103.43
500187,QMT_Title_002238,QMT_Purpose_002238,击杀蛆虫树干斯帕特斯卡。,击杀蛆虫树干斯帕特斯卡,1,50693,0,3,0,2000,6456.75|8436.16|127.33
500188,QMT_Title_002239,QMT_Purpose_002239,击杀蛆虫树干斯帕特斯卡，收集斯帕特斯卡树干。,收集斯帕特斯卡树干,3,25223,0,3,1,2000,6456.75|8436.16|127.33
500189,QMT_Title_002240,QMT_Purpose_002240,收集光粉花。,收集光粉花,3,25224,0,3,1,2000,6329.61|8552.64|92.66
500190,QMT_Title_002241,QMT_Purpose_002241,击杀藤砂轮师,击杀藤砂轮师,1,50702,0,3,0,2000,6318.73|8567.48|100.11
500191,QMT_Title_002242,QMT_Purpose_002242,击杀藤砂轮,击杀藤砂轮,1,50701,0,3,0,2000,6252.86|8532.53|101.13
500192,QMT_Title_002243,QMT_Purpose_002243,杀死藤砂轮战士，收集斧头。,收集砂轮斧头,3,25225,0,3,1,2000,6376.36|8565.97|100.18
500193,QMT_Title_002244,QMT_Purpose_002244,在防暴训练营与索尼娅对话,半狄阵营与索尼娅对话,2,51243,0,1,0,2000,6309.67|8827.64|114.62
500194,QMT_Title_002245,QMT_Purpose_002245,击杀砂轮样式。,击杀砂轮样式,1,50712,0,3,0,2000,6457.87|8510.69|100.63
501194,QMT_Title_002246,QMT_Purpose_002246,击杀巨叶特利皮特。,击杀巨叶特利皮特,1,50711,0,3,0,2000,6473.87|8509.92|101.83
500195,QMT_Title_002247,QMT_Purpose_002247,击杀巨叶特利皮特。,击杀巨叶特利皮特,1,50713,0,3,0,2000,6596.41|8485.56|108.20
500196,QMT_Title_002248,QMT_Purpose_002248,破坏砂轮的药品。,销毁化学品,1,50714,0,5,0,2000,6560.30|8517.63|107.90
500197,QMT_Title_002249,QMT_Purpose_002249,采摘滴答草。,采摘滴答草,3,25226,0,5,1,2000,6617.13|8447.24|110.32
500198,QMT_Title_002250,QMT_Purpose_002250,杀愤怒之花。,杀愤怒的花,1,50715,0,3,0,2000,6530.80|8450.78|106.37
500199,,,击杀风翼矛斯伦，并收集矛斯伦眼睛,收集矛斯伦的眼睛,3,25227,0,6,1,2000,6359.38|8903.32|109.26
500200,,,在密克隆村与银河系的对话,密克隆并在银河系村的对话,2,51244,0,1,0,2000,6531.79|8899.57|112.26
500201,,,击杀黑骑士布里德米尔。,击杀黑骑士布里德米尔,1,50581,0,6,1,2000,7381.42|8624.76|165.00
500202,,,杀死矛斯伦饲养员。,杀死矛斯伦饲养员,1,50723,0,6,0,2000,6347.86|8960.94|108.76
500203,,,杀麟翼矛斯伦,杀麟翼矛斯伦,1,50721,0,6,0,2000,6342.73|8901.49|109.88
500204,,,矛斯伦之卵的破坏,摧毁矛斯伦的卵,1,50724,0,6,0,2000,6411.53|8943.29|110.91
500205,,,消灭灰眼睛,消灭灰眼睛,1,50722,0,6,0,2000,6374.33|8926.92|108.99
500206,,,击杀风翼矛斯伦，并收集矛斯伦血,收集矛斯伦血样,3,25228,0,6,1,2000,6359.38|8903.32|109.26
500207,,,杀麟翼矛斯伦，并收集矛斯伦毒液,矛斯伦毒的收集,3,25229,0,6,1,2000,6342.73|8901.49|109.88
500208,,,在天河村的对话和罗地亚,罗地亚和谈话,2,51245,0,1,0,2000,6539.70|8891.75|112.44
500209,,,击杀芳香布里德米尔，并收集它的叶子,收集叶子,3,25230,0,6,1,2000,6511.68|8825.08|113.84
500210,,,中和剂用于流血小麦,使用中和剂,4,25231,0,1,1,2000,6515.22|8802.11|111.79
500211,,,击杀香气布里德米尔,击杀香气布里德米尔,1,50726,0,6,0,2000,6515.40|8833.85|114.20
500212,,,击杀布里德米尔王锯齿脚趾,击杀布里德米尔王,1,50727,0,1,0,2000,6543.62|8785.42|120.64
500213,,,击杀幼苗布里德米尔，并收集果实,收集幼苗果实,3,25232,0,5,1,2000,6524.64|8959.24|122.66
500214,,,击杀幼苗布里德米尔,击杀幼苗布里德米尔,1,50730,0,6,0,2000,6524.64|8959.24|122.66
500215,,,击杀布里德米尔饲养员,击杀布里德米尔饲养员,1,50728,0,6,0,2000,6518.96|8966.91|122.91
500216,,,击杀祭司长查查鲁,除掉查查鲁,1,50731,0,1,0,2000,6564.81|9037.14|124.93
500217,,,与肯尼斯·对话,肯尼斯·对话,2,51248,0,1,0,2000,6580.40|8981.53|121.35
500218,,,杀萨满，并收集他的木棍。,收集萨满的木棍,3,25233,0,6,1,2000,6555.53|9027.61|124.93
500219,,,护送肯尼斯,肯尼斯护航,5,55331,0,1,0,2000,6539.36|8888.71|112.44
500220,,,去找经理注册一个要塞堡垒镇银河系。,注册据点,15,104126,0,1,0,2000,6564.23|8894.44|112.06
500221,,,在幼苗养殖地击杀萨满,击杀萨满,1,50729,0,6,0,2000,6555.53|9027.61|124.93
500222,,,加强密克隆群岛的武器+2,+2武器强化密克隆群岛,14,9074,2,1,0,2000,6550.95|8909.13|112.07
501222,,,银河系密克隆武器经过村。,武器运送到银河系，密克隆村,7,9074,0,1,1,2000,6531.79|8899.57|112.26
500223,,,适合的元素石项目,灵石安装项目,16,0,0,1,0,2000,6550.95|8909.13|112.07
500224,,,使用沼泽营地传送卷。,使用沼泽营地传送卷,4,12303,0,1,1,0,0
500225,,,随着国家在银河系大本营的对话。,在银河系大本营的国家对话,2,51225,0,1,0,2000,6470.92|8558.58|100.51
510001,QMT_Title_002251,QMT_Purpose_002251,从江边取样沉睡草。,采集沉睡草,3,25186,0,6,1,2000,6332.75|7296.42|109.53
510002,QMT_Title_002252,QMT_Purpose_002252,从砂轮箱子里获得记忆水晶。,找到记忆水晶,3,25187,0,1,1,2000,6475.45|7212.32|104.40
510003,QMT_Title_002253,QMT_Purpose_002253,手杖获得来自冰锥王普鲁鲁。,获得记忆提取手杖,3,25188,0,1,1,2000,6519.47|7207.63|102.50
510004,QMT_Title_002254,QMT_Purpose_002254,从山上找到被叫醒的水晶，采集回来。,收集清醒水晶,3,25189,0,6,1,2000,6359.65|7436.57|118.21
510005,QMT_Title_002255,QMT_Purpose_002255,雪域磨取胜，在营地的对话。,雪赢交谈碾阵营,2,52003,0,1,0,2000,6572.38|7437.96|125.56
510006,QMT_Title_002256,QMT_Purpose_002256,冰交谈阿黛尔在下降大本营。,冰交谈阿黛尔在下降大本营。,7,25203,0,1,1,2000,6984.96|7548.05|141.36
510007,QMT_Title_002257,QMT_Purpose_002257,采集伍罗伊特岩石。,采集伍罗伊特岩石,3,25191,0,6,1,2000,6919.02|7570.89|143.05
510008,QMT_Title_002258,QMT_Purpose_002258,从拖网木桶收集北神的皮革。,北神皮革收集,3,25192,0,6,1,2000,7093.30|7620.78|150.59
510009,QMT_Title_002259,QMT_Purpose_002259,在刀片哨所与Mets的对话。,梅斯和对叶片支柱对话,7,25203,0,1,1,2000,6887.28|7248.08|126.52
510010,QMT_Title_002260,QMT_Purpose_002260,采集突击岩石。,突击岩石取样,3,25193,0,7,1,2000,6732.31|6867.52|100.66
510011,QMT_Title_002261,QMT_Purpose_002261,使用闪电位置手杖。,使用拐杖闪电定位,4,25194,0,1,1,2000,6908.39|6901.49|96.73
510012,QMT_Title_002262,QMT_Purpose_002262,干掉黑角思克诺曹掠夺者。,杀黑角思克诺曹掠夺者,1,51575,0,1,0,2000,6786.28|6718.85|113.60
510013,QMT_Title_002263,QMT_Purpose_002263,使用冰尾短剑在湖的南部。,使用匕首,4,25190,0,1,1,2000,6839.93|6798.37|110.60
510014,QMT_Title_002264,QMT_Purpose_002264,MindTouch的头部提取和对话的阵营。,MindTouch的头提取的对话，并在营,2,52019,0,1,0,2000,7092.22|6881.37|98.65
510015,QMT_Title_002265,QMT_Purpose_002265,杀死客迈拉提克。,杀客迈拉提克,1,51581,0,8,0,2000,7230.35|6857.68|110.38
510016,QMT_Title_002266,QMT_Purpose_002266,采集雪草粉。,采集雪草粉,3,25195,0,7,1,2000,7536.70|6715.97|108.65
510017,QMT_Title_002267,QMT_Purpose_002267,破坏冷气装置。,破坏冷气装置,1,51631,0,3,0,2000,7528.04|6753.16|107.22
510018,QMT_Title_002268,QMT_Purpose_002268,杀死暴雪雪人。,杀暴雪雪人,1,51621,0,9,0,2000,7525.04|6864.23|108.91
510019,QMT_Title_002269,QMT_Purpose_002269,干掉极光思克诺曹。,杀极光思克诺曹,1,51622,0,9,0,2000,7494.27|6811.34|107.46
510020,QMT_Title_002270,QMT_Purpose_002270,杀死布尔卡勒。,杀布尔卡勒,1,51614,0,1,0,2000,7480.71|6823.90|108.37
510021,QMT_Title_002271,QMT_Purpose_002271,从饥饿野人哥布林获得血液。,采集哥布林的血,3,25102,0,6,1,2000,6232.85|7460.34|117.77
510022,QMT_Title_002272,QMT_Purpose_002272,从白雪皑皑的草地上收集雪原草。,采集雪原草,3,25103,0,6,1,2000,6469.86|7525.51|119.47
510023,QMT_Title_002273,QMT_Purpose_002273,使用防冻药在冰冻的树木。,使用防冻药,4,25104,0,1,1,2000,6196.23|7508.56|121.13
510024,QMT_Title_002274,QMT_Purpose_002274,从结冰的树收集冰封的树枝。,采摘冰冻的树枝,3,25105,0,6,1,2000,6248.25|7504.78|119.58
510025,QMT_Title_002275,QMT_Purpose_002275,从哥布林营地的原木堆获得液化之树。,采集原木堆,3,25106,0,6,1,2000,6474.38|7516.75|118.51
510026,QMT_Title_002276,QMT_Purpose_002276,击杀裸野人哥布林，获得钓鱼竿。,收集钓鱼竿,3,25107,0,6,1,2000,6250.60|7447.64|116.44
510027,QMT_Title_002277,QMT_Purpose_002277,从哥布林木箱获得诱饵。,收集诱饵,3,25108,0,6,1,2000,6497.41|7532.67|118.60
510028,QMT_Title_002278,QMT_Purpose_002278,该博-Mer的和冰冻的河对话。,博-Mer的和冰冻的河对话,2,52038,0,1,0,2000,6230.81|7263.46|104.68
510029,QMT_Title_002279,QMT_Purpose_002279,采摘万年雪花。,采集万年雪花,3,25109,0,6,1,2000,6428.10|7200.26|106.00
510030,QMT_Title_002280,QMT_Purpose_002280,在一个冰冻的河上的固定磨床的对话。,捕获的磨床和对话在冰冻的河,7,25110,0,1,1,2000,6232.48|7265.99|104.69
510031,QMT_Title_002281,QMT_Purpose_002281,该阿蒂瑞尔和冰冻的河对话。,阿蒂瑞尔的对话与冰冻的河,2,52037,0,1,0,2000,6251.64|7258.16|102.58
510032,QMT_Title_002282,QMT_Purpose_002282,在冰冻的河上的滑雪板的胜利和对话。,雪赢交谈一个冰冻的河,2,52003,0,1,0,2000,6564.25|7431.94|125.16
510033,QMT_Title_002283,QMT_Purpose_002283,收集冷气水晶在冰冷的江。,收集冷气水晶,3,25111,0,6,1,2000,6368.45|7331.18|113.84
510034,QMT_Title_002284,QMT_Purpose_002284,锤子是由冰锥牙砂轮获得。,收集砂轮锤,3,25112,0,6,1,2000,6517.62|7225.18|99.48
511034,QMT_Title_002285,QMT_Purpose_002285,从冰锥牙砂轮获得的钉子。,收集砂轮钉,3,25113,0,6,1,2000,6517.62|7225.18|99.48
510035,QMT_Title_002286,QMT_Purpose_002286,获得来自丘陵地的伍德尔矿石。,收集矿石,3,25114,0,6,1,2000,6444.20|7329.59|109.79
510036,QMT_Title_002287,QMT_Purpose_002287,该阿蒂瑞尔和冰冻的河对话。,阿蒂瑞尔的对话与冰冻的河,2,52037,0,1,0,2000,6251.64|7258.16|102.58
510037,QMT_Title_002288,QMT_Purpose_002288,从冰冷的江边的枯萎树木采集。,收集木屑,3,25115,0,6,1,2000,6475.64|7361.69|109.00
510038,QMT_Title_002289,QMT_Purpose_002289,测量流动温度到附近的裂纹东南流量计的温度。,使用温度流量计,4,25199,0,1,1,2000,6511.33|7477.35|113.90
510039,QMT_Title_002290,QMT_Purpose_002290,与他谈话ryune在冰冻的河。,他在冰冻的河ryune聊天,2,52004,0,1,0,2000,6567.21|7443.56|125.38
510040,QMT_Title_002291,QMT_Purpose_002291,从拖网箱子中收集藤蔓。,收集雪原藤,3,25116,0,6,1,2000,6543.69|7284.23|103.19
510041,QMT_Title_002292,QMT_Purpose_002292,从恶臭眼北神身上收集运输文件。,收集线索,3,25117,0,6,1,2000,6563.68|7288.26|104.33
510042,QMT_Title_002293,QMT_Purpose_002293,对话rugeu在kalbaram平原。,与rugeu在kalbaram平原交谈,7,25118,0,1,1,2000,6912.12|7469.57|134.28
510043,QMT_Title_002294,QMT_Purpose_002294,击杀馋涎欲滴之眼北神。,杀馋涎欲滴之眼北神,1,51522,0,8,0,2000,6470.07|7368.94|109.69
510044,QMT_Title_002295,QMT_Purpose_002295,北神朗姆酒从皮套里获得。,北神朗姆酒收集,3,25119,0,6,1,2000,6561.59|7313.17|106.43
510045,QMT_Title_002296,QMT_Purpose_002296,击杀鬃毛之眼族长岩石脚掌。,干掉族长,1,51523,0,1,0,2000,6476.99|7400.93|112.15
510046,QMT_Title_002297,QMT_Purpose_002297,击杀冰之队爪牙。,杀冰之队爪牙,1,51531,0,8,0,2000,6722.44|7462.40|131.88
510047,QMT_Title_002298,QMT_Purpose_002298,击杀冰之队抢夺者，拿到突袭作战文书。,收集文书,3,25120,0,6,1,2000,6833.03|7469.66|134.31
510048,QMT_Title_002299,QMT_Purpose_002299,杀死补给队长弗朗克。,干掉队长,1,51533,0,1,0,2000,6805.72|7455.42|133.18
510049,QMT_Title_002300,QMT_Purpose_002300,收集冰冻部队营内的粮食袋。,食品袋收集,3,25121,0,6,1,2000,6732|7471|132
510050,QMT_Title_002301,QMT_Purpose_002301,从冰之队抢夺者获得牙齿护身符。,收集牙齿护身符,3,25122,0,6,1,2000,6833.03|7469.66|134.31
510051,QMT_Title_002302,QMT_Purpose_002302,从冰冻部队木桶获得皮革。,冰袋皮革收集,3,25123,0,6,1,2000,6707.61|7466.92|132.41
510052,QMT_Title_002303,QMT_Purpose_002303,采集玛琅草。,采集玛琅草,3,25124,0,6,1,2000,6843.55|7515.88|136.55
510053,QMT_Title_002304,QMT_Purpose_002304,响应谈话kalbaram平原。,纯kalbaram响应对话,2,52008,0,1,0,2000,6981.30|7556.56|141.88
510054,QMT_Title_002305,QMT_Purpose_002305,摧毁大峡谷上的雪球。,毁灭雪球,1,51633,0,8,0,2000,7079.60|7513.66|141.68
510055,QMT_Title_002306,QMT_Purpose_002306,从吼叫艾伊斯北神获得木棍。,收集北神木棍,3,25125,0,6,1,2000,7012.17|7599.90|145.57
510056,QMT_Title_002307,QMT_Purpose_002307,桨篝火燃烧的北神棍子。,燃烧北神棒,4,25125,0,1,1,2000,7112.90|7540.83|144.00
510057,QMT_Title_002308,QMT_Purpose_002308,杀死首领尖叫的咆哮。,干掉首领,1,51543,0,1,0,2000,7111.36|7598.29|150.32
510058,QMT_Title_002309,QMT_Purpose_002309,收集雪花。,雪花收集,3,25126,0,6,1,2000,6970.38|7497.98|136.44
510059,QMT_Title_002310,QMT_Purpose_002310,击杀挑衅的艾伊斯北神。,杀挑衅的艾伊斯北神,1,51541,0,8,0,2000,7077.84|7624.27|149.98
510060,QMT_Title_002311,QMT_Purpose_002311,我期待伯尔尼纳小道kalbaram朋友平原的尸体。,朋友贝雷帽体步道,2,52011,0,1,0,2000,6985.02|7553.17|141.45
510061,QMT_Title_002312,QMT_Purpose_002312,杀死吼叫艾伊斯北神，得到订婚戒指。,订婚戒指回收,3,25127,0,1,1,2000,7012.17|7599.90|145.57
510062,QMT_Title_002313,QMT_Purpose_002313,Kalbaram瑞安在平原进行了订婚戒指。,结婚戒指送瑞恩在平原kalbaram,7,25127,0,1,1,2000,6887.86|7232.18|127.58
511062,QMT_Title_002314,QMT_Purpose_002314,它把罐子老蕾哈娜在kalbaram平原。,瑞安转嫁到老坛子平原kalbaram,7,25128,0,1,1,2000,6887.86|7232.18|127.58
510063,QMT_Title_002315,QMT_Purpose_002315,从雪花平原收集眼泪草。,采集眼泪草,3,25129,0,6,1,2000,6969.68|7287.88|128.32
510064,QMT_Title_002316,QMT_Purpose_002316,橡子从雪人口袋获得。,收集橡子,3,25130,0,6,1,2000,7071.44|7223.51|141.90
510065,QMT_Title_002317,QMT_Purpose_002317,与软管在kalbaram平原胡子的对话。,胡子与软管在平原kalbaram对话,2,52040,0,1,0,2000,6918.64|7441.54|133.33
510066,QMT_Title_002318,QMT_Purpose_002318,采集胶草。,采集胶草,3,25131,0,6,1,2000,7026.75|7227.00|133.33
510067,QMT_Title_002319,QMT_Purpose_002319,对话和脚本入口在kalbaram平原。,LETS对话和脚本平原kalbaram,7,25132,0,1,1,2000,6913.51|7438.77|133.09
510068,QMT_Title_002320,QMT_Purpose_002320,杀死棕色毛雪人。,杀棕色毛雪人,1,51551,0,8,1,2000,7122.53|7301.90|140.06
510069,QMT_Title_002321,QMT_Purpose_002321,杀兴奋棕色毛雪人，取得他的心脏。,收集雪人心脏,3,25134,0,6,1,2000,7111.71|7267.79|142.14
510070,QMT_Title_002322,QMT_Purpose_002322,杀死银光剑刃希尔朋德，获得希尔朋德皮肤。,收集皮肤,3,25133,0,7,1,2000,6846.02|7326.87|119.83
510071,QMT_Title_002323,QMT_Purpose_002323,在kalbaram平原与Mets的对话。,梅斯和在平原kalbaram对话,7,25136,0,1,1,2000,6882.29|7227.02|127.53
510072,QMT_Title_002324,QMT_Purpose_002324,杀死兴奋棕色毛雪人。,杀兴奋棕色毛雪人,1,51552,0,8,0,2000,7111.71|7267.79|142.14
510073,QMT_Title_002325,QMT_Purpose_002325,杀死雪崩库勒塔，获得雪人作战文书。,获得雪人作战文书,3,25137,0,1,1,2000,7093.30|7362.76|141.35
510074,QMT_Title_002326,QMT_Purpose_002326,杀死醉血希尔朋德。,杀醉血希尔朋德,1,51555,0,8,0,2000,6810.25|7277.26|115.67
510075,QMT_Title_002327,QMT_Purpose_002327,干掉杀戮魔失利颇德，获得希尔朋德作战文书。,获得作战文书,3,25138,0,1,1,2000,6753.80|7284.32|119.90
510076,QMT_Title_002328,QMT_Purpose_002328,在谈话中高斯乌尔霜在湖中。,冰霜交谈戈斯乌尔湖,2,52014,0,1,0,2000,6840.14|7042.41|103.06
510077,QMT_Title_002329,QMT_Purpose_002329,击杀水晶牙战士。,杀水晶牙战士,1,51561,0,8,0,2000,6914.12|6959.58|96.27
510078,QMT_Title_002330,QMT_Purpose_002330,从吗啡木桶找回被盗的武器。,找回武器,3,25139,0,7,1,2000,7060.17|7091.35|105.23
510079,QMT_Title_002331,QMT_Purpose_002331,木箱里装着粮食，请帮忙销毁。,破坏木箱,1,51632,0,3,0,2000,7076.88|7099.23|112.58
510080,QMT_Title_002332,QMT_Purpose_002332,摧毁奇怪的花露。,奇怪的炉销毁,1,51634,0,8,0,2000,6999.78|7028.01|96.41
510081,QMT_Title_002333,QMT_Purpose_002333,收集风水晶。,风水晶收集,3,25140,0,7,1,2000,6836.95|6921.44|96.68
510082,QMT_Title_002334,QMT_Purpose_002334,安装风枝城镇周围。,使用风棒,4,25141,0,1,1,2000,6816.17|7094.86|98.42
510083,QMT_Title_002335,QMT_Purpose_002335,干掉冰面马勒佳，获得魔尔聘作战文书。,拿到魔尔聘作战文书,3,25142,0,1,1,2000,7016.16|7101.14|107.18
510084,QMT_Title_002336,QMT_Purpose_002336,收集吗啡口袋。,吗啡口袋收集,3,25143,0,7,1,2000,7015.93|7037.37|96.67
510085,QMT_Title_002337,QMT_Purpose_002337,干掉水晶牙萨满，获得运输文书。,回收运输文书,3,25144,0,7,1,2000,6978.29|7087.49|105.48
510086,QMT_Title_002338,QMT_Purpose_002338,在谈话中高斯乌尔霜在湖中。,冰霜交谈戈斯乌尔湖,2,52014,0,1,0,2000,6840.14|7042.41|103.06
510087,QMT_Title_002339,QMT_Purpose_002339,卡林和霜冻湖对话。,卡林交谈冰霜湖,2,52016,0,1,0,2000,6897.76|6900.08|96.81
510088,QMT_Title_002340,QMT_Purpose_002340,霜对话和亮度在湖中。,在湖弗罗斯特对话和亮度,2,52017,0,1,0,2000,6902.52|6896.45|96.82
510089,QMT_Title_002341,QMT_Purpose_002341,得到一个斧头在一个吗啡箱。,斧头回收,3,25145,0,1,1,2000,6737.01|6862.99|99.96
510090,QMT_Title_002342,QMT_Purpose_002342,护送亮度。,罗马尼亚护航,5,38133,0,1,0,2000,6897.83|6897.89|96.78
510091,QMT_Title_002343,QMT_Purpose_002343,销毁吗啡阵营奇怪的装置。,一个奇怪的装置破坏,1,51635,0,5,0,2000,6758.48|6899.93|96.45
510092,QMT_Title_002344,QMT_Purpose_002344,击杀变异的钢铁鳍萨满。,杀变异的钢铁鳍萨满,1,51565,0,8,0,2000,6725.50|6901.06|97.65
510093,QMT_Title_002345,QMT_Purpose_002345,干掉被污染的钢铁鳍战士，收集魔尔聘的标记。,收集魔尔聘的标记,3,25146,0,7,1,2000,6821.38|6948.60|96.35
510094,QMT_Title_002346,QMT_Purpose_002346,使用魔尔聘的标记。,使用魔尔聘的标记,4,25146,0,1,1,2000,6882.24|6739.55|108.43
510095,QMT_Title_002347,QMT_Purpose_002347,干掉黑角思克诺曹战士。,杀黑角思克诺曹战士,1,51574,0,8,0,2000,6984.79|6819.23|102.32
510096,QMT_Title_002348,QMT_Purpose_002348,杀死黑闪电斯琪提佳。,杀黑闪电斯琪提佳,1,51576,0,1,0,2000,6704.85|6717.97|112.48
510097,QMT_Title_002349,QMT_Purpose_002349,H. MindTouch的和霜冻湖对话。,MindTouch的与H.冰霜湖谈话,2,52019,0,1,0,2000,7093.91|6873.44|98.24
510098,QMT_Title_002350,QMT_Purpose_002350,杀黑角思克诺曹掠夺者，收集羽毛。,收集思克诺曹的羽毛,3,25198,0,7,1,2000,6786.28|6718.85|113.60
510099,QMT_Title_002351,QMT_Purpose_002351,将在湖面上的探索裂缝酒吧。,使用探杆,4,25147,0,1,1,2000,6956.03|6865.22|97.94
510100,QMT_Title_002352,QMT_Purpose_002352,杀死凶残的冰耙雪人，收集雪人的皮革。,雪人皮革收集,3,25148,0,7,1,2000,7122.74|7034.56|104.31
510101,QMT_Title_002353,QMT_Purpose_002353,收集寒霜水晶。,收集霜水晶,3,25149,0,7,1,2000,7055.54|6957.40|96.89
510102,QMT_Title_002354,QMT_Purpose_002354,从雪人的箱子收集冰雪人。,雪人的冰收集,3,25150,0,7,1,2000,7145.91|7067.40|114.13
510103,QMT_Title_002355,QMT_Purpose_002355,哈希公司和辉霜冻和对话，在湖中。,在湖弗罗斯特对话和特鲁埃尔哈克,7,25151,0,1,1,2000,7268.47|6721.14|108.01
510104,QMT_Title_002356,QMT_Purpose_002356,从残酷的冰耙雪人，收集脚趾。,冰尾脚趾收集,3,25152,0,7,1,2000,7221.10|7038.92|102.80
510105,QMT_Title_002357,QMT_Purpose_002357,获得冻毒草。,冻毒草采集,3,25153,0,7,1,2000,7210|7025|102
510106,QMT_Title_002358,QMT_Purpose_002358,撒在雪人的口袋里的冷冻食品毒药。,使用毒药,4,25154,0,1,1,2000,7160.22|7087.85|110.39
510107,QMT_Title_002359,QMT_Purpose_002359,干掉冰冷气息克罗尔以获得命令书。,获得雪人命令书,3,25155,0,1,1,2000,7238.27|7107.28|112.93
510108,QMT_Title_002360,QMT_Purpose_002360,月神使用萤火虫运动顺序。,使用萤火虫为了月神移动,4,12300,0,1,1,2000,0
510109,QMT_Title_002361,QMT_Purpose_002361,使用耙子移动阵营已序。,使用耙子移动阵营订单,4,12308,0,1,1,2000,0
511109,QMT_Title_002362,QMT_Purpose_002362,采集雪花岩。,雪花岩收集,3,25156,0,7,1,2000,7141.38|6967.99|104.12
510110,QMT_Title_002363,QMT_Purpose_002363,寻找一转外套的迹象。,查找一转外套的迹象,2,52021,0,1,0,2000,7094.17|6854.47|100.90
510111,QMT_Title_002364,QMT_Purpose_002364,H. MindTouch的和霜冻湖对话。,MindTouch的与H.冰霜湖谈话,2,52019,0,1,0,2000,7093.91|6873.44|98.24
510112,QMT_Title_002365,QMT_Purpose_002365,在冰川峡谷的对话和特鲁埃尔哈克。,在峡谷冰川对话和特鲁埃尔哈克,2,52041,0,1,0,2000,7268.47|6721.14|108.01
510113,QMT_Title_002366,QMT_Purpose_002366,杀死客迈拉提克。,杀客迈拉提克,1,51581,0,9,1,2000,7230.35|6857.68|110.38
510114,QMT_Title_002367,QMT_Purpose_002367,杀客迈拉蛮博。,杀客迈拉蛮博,1,51582,0,9,1,2000,7310.48|6813.54|110.03
510115,QMT_Title_002368,QMT_Purpose_002368,采集冻结矿石。,冻结铁采集,3,25159,0,7,1,2000,7174.06|6694.26|108.57
510116,QMT_Title_002369,QMT_Purpose_002369,采集冰川石。,收集冰川石,3,25160,0,7,1,2000,7242.00|6785.59|109.44
510117,QMT_Title_002370,QMT_Purpose_002370,获得马罗草。,采集麻辣草,3,25161,0,7,1,2000,7258.75|6862.36|107.63
510118,QMT_Title_002371,QMT_Purpose_002371,不要在靠近约营地嵌合体岩石进行安装。,做药物使用,4,25162,0,1,1,2000,7255.57|6855.35|108.05
510119,QMT_Title_002372,QMT_Purpose_002372,回死者的亡灵战士。,的亡灵战士了的灵魂,4,25163,0,1,1,2000,7286.87|6861.39|107.59
510120,QMT_Title_002373,QMT_Purpose_002373,杀死三眼客迈拉艾琪德。,杀三眼客迈拉艾琪德,1,51583,0,1,0,2000,7314.61|6891.05|109.93
510121,QMT_Title_002374,QMT_Purpose_002374,萝卜到达冰川峡谷对话。,冰川表示，萝卜在峡谷交谈,7,25200,0,1,1,2000,7412.62|6980.01|107.34
510122,QMT_Title_002375,QMT_Purpose_002375,从黑铁锅收集冰之队补药。,收集补药,3,25164,0,1,1,2000,7418.60|7092.97|111.84
510123,QMT_Title_002376,QMT_Purpose_002376,采集脉石。,脉石收集,3,25165,0,7,1,2000,7439.06|6930.61|110.71
510124,QMT_Title_002377,QMT_Purpose_002377,疲倦草收集。,采集疲倦草,3,25166,0,7,1,2000,7433.62|6993.90|108.19
510125,QMT_Title_002378,QMT_Purpose_002378,冰采用了累了一块肉囊中约营地。,使用药水,4,25167,0,1,1,2000,7423.58|7079.32|110.77
510126,QMT_Title_002379,QMT_Purpose_002379,破坏食物箱在冰的部队营地。,食品盒破坏,1,51636,0,9,0,2000,7362.28|7122.38|110.70
510127,QMT_Title_002380,QMT_Purpose_002380,收集硫化水晶。,收集硫化水晶,3,25168,0,7,1,2000,7589.45|7006.38|115.41
510128,QMT_Title_002381,QMT_Purpose_002381,使用部队的粉状冰侵蚀营篝火。,用防腐粉末,4,25169,0,1,1,2000,7351.70|7110.49|108.48
510129,QMT_Title_002382,QMT_Purpose_002382,击杀冰之队弓箭手收集毛发。,冰之队毛发收集,3,25170,0,7,1,2000,7383.96|7001.35|108.55
510130,QMT_Title_002383,QMT_Purpose_002383,放置冰袋包含头营里之前。,使用包含头部的口袋,4,25171,0,1,1,2000,7396.99|7105.79|109.70
510131,QMT_Title_002384,QMT_Purpose_002384,在冰冻部队箱找到作战服。,获得冰之队战服,3,25172,0,1,1,2000,7392.01|7049.01|108.21
510132,QMT_Title_002385,QMT_Purpose_002385,从凶猛的红鬃狼族身上获得家庭的狼。,获得狼族后代,3,25173,0,7,1,2000,7498.95|7068.86|109.61
510133,QMT_Title_002386,QMT_Purpose_002386,将含手狼部落阵营的前袋。,用一只手包里装,4,25174,0,1,1,2000,7601.32|7034.59|111.35
510134,QMT_Title_002387,QMT_Purpose_002387,寻求狼族号角在箱子里。,获得狼族号角,3,25201,0,1,1,2000,7554.28|6955.24|107.98
510135,QMT_Title_002388,QMT_Purpose_002388,树下的家营前使用的冰袋狼战书。,使用冰袋战书,4,25172,0,1,1,2000,7467.17|7018.00|108.16
510136,QMT_Title_002389,QMT_Purpose_002389,干掉血光夏克尔鲁。,杀血光夏克尔鲁,1,51603,0,1,0,2000,7547.61|7112.29|111.66
510137,QMT_Title_002390,QMT_Purpose_002390,厄尔尼诺斯里前来洽谈的冰川峡谷。,萨尔瓦多斯里??前来洽谈的冰川峡谷,2,52028,0,1,0,2000,7644.89|6917.58|105.39
510138,QMT_Title_002391,QMT_Purpose_002391,收集黄金草。,采集黄金草,3,25175,0,7,1,2000,7567.05|7092.90|109.02
510139,QMT_Title_002392,QMT_Purpose_002392,从凶暴的红鬃狼族收集狼的牙齿。,狼的牙齿收集,3,25176,0,7,1,2000,7609.50|7056.28|110.50
510140,QMT_Title_002393,QMT_Purpose_002393,月神使用萤火虫运动顺序。,使用萤火虫为了月神移动,4,12300,0,1,1,2000,0
510141,QMT_Title_002394,QMT_Purpose_002394,灯柱，海域使用运行命令。,使用光洋发布的顺序移动,4,25216,0,1,1,2000,0
511141,QMT_Title_002395,QMT_Purpose_002395,从火花钻矿石采集获得。,火花钻石收集,3,25178,0,7,1,2000,7355.50|6773.98|110.51
510142,QMT_Title_002396,QMT_Purpose_002396,冰使用拐杖在纪念碑附近的纪念碑减弱。,使用碑减弱手杖,4,25180,0,1,1,2000,7549.36|6988.31|111.31
511142,QMT_Title_002397,QMT_Purpose_002397,摧毁纪念碑雕塑作品，并获得冰碑雕塑。,纪念碑雕塑作品,3,25182,0,7,1,2000,7549.36|6988.31|111.31
510143,QMT_Title_002398,QMT_Purpose_002398,收集灵魂石。,采摘灵魂石,3,25181,0,7,1,2000,7459.55|6996.61|107.09
510144,QMT_Title_002399,QMT_Purpose_002399,厄尔尼诺斯里前来洽谈的冰川峡谷。,萨尔瓦多斯里??前来洽谈的冰川峡谷,2,52028,0,1,0,2000,7353.51|6732.96|107.13
510145,QMT_Title_002400,QMT_Purpose_002400,从冰花获得冰花粉。,冰花粉采集,3,25183,0,7,1,2000,7629.04|6713.32|112.93
510146,QMT_Title_002401,QMT_Purpose_002401,摧毁暴风雪装备。,销毁暴风雪装备,1,51637,0,9,0,2000,7596.99|6694.59|110.10
510147,QMT_Title_002402,QMT_Purpose_002402,击杀寒霜犬齿狼族。,杀寒霜犬齿狼族,1,51612,0,9,0,2000,7609.52|6734.08|107.71
510148,QMT_Title_002403,QMT_Purpose_002403,击杀寒霜脚趾狼族。,杀寒霜脚趾狼族,1,51611,0,9,0,2000,7521.46|6699.65|107.10
510149,QMT_Title_002404,QMT_Purpose_002404,采集声音水晶。,声音水晶采样,3,25184,0,7,1,2000,7640.96|6844.60|110.23
510150,QMT_Title_002405,QMT_Purpose_002405,在岩石部落附近使用的呼喊狼管。,用哭声管,4,25185,0,1,1,2000,7629.66|6799.90|107.41
510151,QMT_Title_002406,QMT_Purpose_002406,杀戮syaki啊。,呵呵援助syaki,1,51613,0,1,0,2000,7594.90|6713.65|107.89
510152,QMT_Title_002407,QMT_Purpose_002407,该阿蒂瑞尔和冰冻的河对话。,阿蒂瑞尔的对话与冰冻的河,2,52037,0,1,0,2000,6251.64|7258.16|102.58
510153,QMT_Title_002408,QMT_Purpose_002408,普通难度下完成凉洞窟与S级或更高。,已完成,9,4420,3,1,0,0,0
510154,QMT_Title_002409,QMT_Purpose_002409,完成与寒窑难度SS级别更高。,SS等级满足,9,4421,4,1,0,0,0
510155,QMT_Title_002410,QMT_Purpose_002410,非常困难履行酷洞穴SSS排名更高。,SSS级完成,9,4422,5,1,0,0,0
510156,QMT_Title_002411,QMT_Purpose_002411,普通难度下完成冰狼性带S级或更高。,已完成,9,4430,3,1,0,0,0
510157,QMT_Title_002412,QMT_Purpose_002412,难度完成冰狼性与SS级别更高。,SS等级满足,9,4431,4,1,0,0,0
510158,QMT_Title_002413,QMT_Purpose_002413,非常困难履行冰狼性与SSS级别更高。,SSS级完成,9,4432,5,1,0,0,0
510159,QMT_Title_002414,QMT_Purpose_002414,从茧壳印章基金高知获取资金。,房资金茧壳,3,25215,0,3,1,4420,230.06|407.63|-58.28
510160,QMT_Title_002415,QMT_Purpose_002415,高级巫师孩??子种子处理。,海外援助的孩子,1,170227,0,1,0,4421,418.47|46.61|-20.35
511160,QMT_Title_002416,QMT_Purpose_002416,监狱总监萨基进球彼尔。,萨基彼尔援助,1,170228,0,1,0,4421,442.67|404.60|-22.61
512160,QMT_Title_002417,QMT_Purpose_002417,将处理过的血液管理员室陆克文。,陆克文治疗室,1,170229,0,1,0,4421,176.16|189.28|-24.58
510161,QMT_Title_002418,QMT_Purpose_002418,该援助水产雷克斯。,水族雷克斯援助,1,170251,0,1,0,4422,126.41|68.30|-18.95
510162,QMT_Title_002419,QMT_Purpose_002419,摧毁攻城武器。,攻城武器销毁,1,170313,0,5,0,4430,60.24|36.31|137.04
510163,QMT_Title_002420,QMT_Purpose_002420,处理后的羊毛短打。,毛被烧教堂,1,170331,0,1,0,4431,107.24|293.75|170.41
510164,QMT_Title_002421,QMT_Purpose_002421,羊毛线治疗。,羊毛线治疗,1,170350,0,1,0,4432,477.57|223.66|167.81
511164,QMT_Title_002422,QMT_Purpose_002422,狼杀死国王巴列维国王的碳酸盐。,狼王沙阿羧酸援助,1,170352,0,1,0,4432,196.26|443.90|204.52
510165,QMT_Title_002423,QMT_Purpose_002423,冰狼部落的部队营地前用喇叭在树上。,用狼部落号角,4,25201,0,1,1,2000,7364.25|7019.38|108.32
510166,QMT_Title_002424,QMT_Purpose_002424,而对海萝卜和对话的灯柱。,据称，在轻松的对话海萝卜岗位,2,52023,0,1,0,2000,7412.62|6980.01|107.34
510167,QMT_Title_002425,QMT_Purpose_002425,击杀乞丐哥布林牛头。,杀乞丐哥布林牛头,1,51503,0,1,0,2000,6517.53|7536.70|119.38
510168,QMT_Title_002426,QMT_Purpose_002426,击杀冰柱砂轮。,杀冰柱砂轮,1,51504,0,8,0,2000,6445.65|7311.74|107.47
511168,QMT_Title_002427,QMT_Purpose_002427,击杀冰柱部落萨满。,杀冰柱部落萨满,1,51505,0,8,0,2000,6428.46|7330.17|110.51
510169,QMT_Title_002428,QMT_Purpose_002428,该击杀副族长夏卡鲁。,杀副族长夏卡鲁,1,51506,0,1,0,2000,6401.30|7316.28|113.24
510170,QMT_Title_002429,QMT_Purpose_002429,击杀冰锥牙猎人。,杀冰锥牙猎人,1,51512,0,8,0,2000,6361.35|7211.45|105.12
510171,QMT_Title_002430,QMT_Purpose_002430,干掉失性魔尔聘秉性博尔托。,杀失性魔尔聘秉性博尔托,1,51566,0,1,0,2000,6740.26|6850.75|97.51
510172,QMT_Title_002431,QMT_Purpose_002431,杀死冰之队战士。,杀冰之队战士,1,51592,0,9,0,2000,7367.44|7013.85|109.07
510173,QMT_Title_002432,QMT_Purpose_002432,干掉冰之队突击队长西拉克。,攻击队长,1,51593,0,1,0,2000,7332.95|7114.67|110.77
510174,QMT_Title_002433,QMT_Purpose_002433,使用普通倒下的月光下运行命令。,使用移动订单,4,25888,0,1,1,2000,0
511174,QMT_Title_002434,QMT_Purpose_002434,船长巴顿和会话,队长巴顿和会话,2,53002,0,1,0,2000,6036.75|7513.41|101.44
530001,QMT_Title_002435,QMT_Purpose_002435,妇女在月光村的问题和对话。,妇女和交谈的问题在月光下村,2,53001,0,1,0,2000,6041.58|7558.74|98.89
530002,QMT_Title_002436,QMT_Purpose_002436,杀死饥饿的贝伊诺夫。,杀饥饿的贝伊诺夫,1,52504,0,14,0,2000,6076.67|7432.06|116.46
530003,QMT_Title_002437,QMT_Purpose_002437,干掉红色的犬齿。,击败红色的犬齿,1,52505,0,1,0,2000,6063.08|7480.09|117.00
530004,QMT_Title_002438,QMT_Purpose_002438,杀死软弱无力的僵尸。,杀软弱无力的僵尸,1,52501,0,14,0,2000,5947.04|7627.46|88.49
530005,QMT_Title_002439,QMT_Purpose_002439,对话和页面生成器在河的恶臭。,页面生成器和对话异味的河流,2,53036,0,1,0,2000,5964.61|6868.43|80.06
530006,QMT_Title_002440,QMT_Purpose_002440,收集的种子从水滴草。,闪亮的种子收集,3,25328,0,7,1,2000,5960.11|6987.58|77.04
530007,QMT_Title_002441,QMT_Purpose_002441,击杀螺旋鳞片贝莱，获得贝莱的黑核。,收集黑色核,3,25329,0,14,1,2000,6019.21|6983.76|73.08
530008,QMT_Title_002442,QMT_Purpose_002442,收集愤怒的塔里斯曼从不祥的土堆。,收集愤怒的塔里斯曼,3,25330,0,1,1,2000,6038.49|7037.23|71.78
531008,QMT_Title_002443,QMT_Purpose_002443,使用仙女池塘的净化。,使用净化药,4,25332,0,1,1,2000,6038.49|7037.23|71.78
530009,QMT_Title_002444,QMT_Purpose_002444,收集怨恨的塔里斯曼从怪异土堆。,收集怨恨的塔里斯曼,3,25331,0,1,1,2000,5794.98|6791.85|96.78
531009,QMT_Title_002445,QMT_Purpose_002445,使用周围的瀑布被污染的生活的洁净。,使用净化周围的瀑布,4,25427,0,1,1,2000,5794.98|6791.85|96.78
530010,QMT_Title_002446,QMT_Purpose_002446,大风和畈镇的对话。,盖尔和畈镇对话,2,53059,0,1,0,2000,6570.25|6963.68|74.45
530011,QMT_Title_002447,QMT_Purpose_002447,击杀智慧门监视兵。,杀智慧门监视兵,1,52556,0,14,0,2000,6393.53|6889.54|80.83
530012,QMT_Title_002448,QMT_Purpose_002448,收集憎恶的塔里斯曼从腐败土堆。,收集憎恶的塔里斯曼,3,25362,0,1,1,2000,6429.29|6826.23|86.52
531012,QMT_Title_002449,QMT_Purpose_002449,使用清洁关于树木的丰度。,用于医药收获木材的纯化,4,25428,0,1,1,2000,6426.81|6864.96|86.41
530013,QMT_Title_002450,QMT_Purpose_002450,在一个腐败种植面积的对话和piriah。,Piriah和腐败的种植面积对话,2,53053,0,1,0,2000,6563.74|6964.51|74.45
530014,QMT_Title_002451,QMT_Purpose_002451,处理不败的德利尔洛克。,杀不败的德利尔洛克,1,52578,0,14,0,2000,6428.08|6381.50|75.50
530015,QMT_Title_002452,QMT_Purpose_002452,干掉雕像士兵兵卒。,杀死雕像士兵兵卒,1,52574,0,14,0,2000,6485.47|6498.91|76.62
530016,QMT_Title_002453,QMT_Purpose_002453,让骄傲的英雄安息。,净化骄傲的英雄,1,52577,0,1,0,2000,6550.72|6519.06|79.60
530017,QMT_Title_002454,QMT_Purpose_002454,让勇猛的英雄安息。,净化勇猛的英雄,1,52584,0,1,0,2000,6527.18|6216.22|78.61
530018,QMT_Title_002455,QMT_Purpose_002455,摧毁吸引珠。,破坏吸引珠,1,52616,0,3,0,2000,5707.87|6349.00|111.80
530019,QMT_Title_002456,QMT_Purpose_002456,击杀海马斯特监视兵。,杀海马斯特监视兵,1,52611,0,15,0,2000,5742.70|6458.20|111.80
530020,QMT_Title_002457,QMT_Purpose_002457,堕落谁杀维尔文本。,堕落党韦尔比耶纺织品援助,1,170555,0,1,0,4452,203.16|267.95|22.36
530021,QMT_Title_002458,QMT_Purpose_002458,希腊人随后与月神对话的束缚。,在与希腊人在奴役月神对话,2,50032,0,1,0,2501,259.91|260.82|198.47
531021,QMT_Title_002459,QMT_Purpose_002459,月神使用萤火虫运动顺序。,使用萤火虫为了月神移动,4,12300,0,1,1,2000,0
530022,QMT_Title_002460,QMT_Purpose_002460,采集蜉蝣草。,蜉蝣草收集,3,25300,0,7,1,2000,5979.06|7591.23|95.33
530023,QMT_Title_002461,QMT_Purpose_002461,杀死软弱无力的僵尸。,杀软弱无力的僵尸,1,52501,0,14,0,2000,5947.04|7627.46|88.49
530024,QMT_Title_002462,QMT_Purpose_002462,杀饥饿的僵尸，获得月光村住民的遗物。,回收村民遗物,3,25301,0,14,1,2000,5917.07|7588.80|88.92
530025,QMT_Title_002463,QMT_Purpose_002463,消灭残忍的食人魔。,干掉残忍的食人魔,1,52506,0,1,0,2000,5921.20|7638.27|88.17
530026,QMT_Title_002464,QMT_Purpose_002464,收集坚硬树木的树枝。,坚硬树枝收集,3,25302,0,7,1,2000,6015.72|7478.51|105.31
530027,QMT_Title_002465,QMT_Purpose_002465,杀死幼小的贝伊诺夫，并收集贝伊诺夫的脚趾。,收集贝伊诺夫的脚趾,3,25303,0,14,1,2000,6058.77|7435.73|115.67
530028,QMT_Title_002466,QMT_Purpose_002466,安装在城镇周围月光下的特殊措施。,安装特别措施,4,25304,0,1,1,2000,6029.58|7498.72|102.93
530029,QMT_Title_002467,QMT_Purpose_002467,在城市的秋天的对话和piriah。,Piriah在城市的秋天对话,2,53011,0,1,0,2000,5778.79|7591.84|78.20
530030,QMT_Title_002468,QMT_Purpose_002468,杀死饥饿的贝伊诺夫，并收集贝伊诺夫的皮革。,收集贝伊诺夫的皮革,3,25305,0,14,1,2000,6080.22|7438.15|116.33
530031,QMT_Title_002469,QMT_Purpose_002469,杀死幼小的贝伊诺夫，并收集贝伊诺夫的牙齿。,收集贝伊诺夫的牙齿,3,25306,0,14,1,2000,6058.77|7435.73|115.67
530032,QMT_Title_002470,QMT_Purpose_002470,收集贵重物品在被丢弃的行李堆中。,收集丢弃的贵重物品,3,25307,0,7,1,2000,5956.55|7634.65|89.45
530033,QMT_Title_002471,QMT_Purpose_002471,租约通过小瓶中在月光下村玩。,租赁在月光下玩，村里传递到小瓶中,7,25308,0,1,1,2000,6004.58|7542.15|98.99
530034,QMT_Title_002472,QMT_Purpose_002472,使用有问题的药在街头僵尸。,使用异常的药,4,25326,0,1,1,2000,5933.46|7614.74|87.91
530035,QMT_Title_002473,QMT_Purpose_002473,从树上采集红色浆果。,红色果实采摘,3,25309,0,7,1,2000,6022.35|7408.71|113.82
530036,QMT_Title_002474,QMT_Purpose_002474,杀生锈铠甲的钥匙骑士，并获得皮里亚的报告书。,收集皮里亚的报告书,3,25310,0,20,1,2000,5919.50|7393.39|69.37
530037,QMT_Title_002475,QMT_Purpose_002475,杀死混乱心腹克尔鲁比。,杀混乱心腹克尔鲁比,1,52515,0,1,0,2000,5936.83|7403.65|68.63
530038,QMT_Title_002476,QMT_Purpose_002476,在乍得，并在城市的秋天的对话。,乍得和在城市的秋天对话,2,53010,0,1,0,2000,5717.02|7295.76|85.11
530039,QMT_Title_002477,QMT_Purpose_002477,杀凶残的僵尸，并收集僵尸骨头碎片。,收集僵尸骨头碎片,3,25311,0,14,1,2000,5911.72|7534.44|65.75
530040,QMT_Title_002478,QMT_Purpose_002478,该杀死腐烂的僵尸。,杀腐烂的僵尸,1,52512,0,14,0,2000,5930.16|7530.38|64.10
530041,QMT_Title_002479,QMT_Purpose_002479,收集在死者村庄的镜子草。,镜子草的采样,3,25313,0,7,1,2000,5863.80|7542.96|66.97
530042,QMT_Title_002480,QMT_Purpose_002480,交谈阿德拉月神的束缚。,与阿德拉月神束缚交谈,2,51002,0,1,0,2501,165.91|258.40|152.77
531042,QMT_Title_002481,QMT_Purpose_002481,月神使用萤火虫运动顺序。,使用萤火虫为了月神移动,4,12300,0,1,1,2000,0
530043,QMT_Title_002482,QMT_Purpose_002482,Piriah传递给阿黛拉在城市的秋天的数据。,阿黛拉的材料交付给piriah在全市倒塌,7,25314,0,1,1,2000,5778.79|7591.84|78.20
531043,QMT_Title_002483,QMT_Purpose_002483,使用这个城市的秋天移动的顺序。,使用手机城倒塌订单,4,25429,0,1,1,2000,0
530044,QMT_Title_002484,QMT_Purpose_002484,在城市与露丝的谈话崩溃了。,露丝和在城市的秋天对话,2,53013,0,1,0,2000,5888.50|7525.65|66.96
530045,QMT_Title_002485,QMT_Purpose_002485,收集分散的口袋里的奖牌。,勋章收藏,3,25315,0,7,1,2000,5910.53|7539.85|66.16
530046,QMT_Title_002486,QMT_Purpose_002486,露丝将被护送到安全的地方。,露丝护送到安全的地方,5,23786,0,1,0,2000,5777.38|7586.17|78.21
530047,QMT_Title_002487,QMT_Purpose_002487,收集阵亡者的武器在一堆武器。,收集阵亡者的武器,3,25316,0,15,1,2000,5798.78|7223.92|90.90
530048,QMT_Title_002488,QMT_Purpose_002488,击杀灰脚趾。,杀灰脚趾,1,52525,0,1,0,2000,5778.51|7236.78|89.92
530049,QMT_Title_002489,QMT_Purpose_002489,与气味的河流火焰的对话。,火焰和对话异味的河流,2,53032,0,1,0,2000,5917.27|7086.51|80.80
530050,QMT_Title_002490,QMT_Purpose_002490,杀死粗暴的僵尸。,杀粗暴的僵尸,1,52521,0,30,0,2000,5727.16|7429.09|99.63
530051,QMT_Title_002491,QMT_Purpose_002491,干掉破坏心腹肯迪诺斯。,杀破坏心腹肯迪诺斯,1,52523,0,1,0,2000,5725.06|7478.90|109.49
530052,QMT_Title_002492,QMT_Purpose_002492,收集样品从被破坏的水桶。,江的水样采集,3,25317,0,7,1,2000,5949.86|7037.77|76.52
531052,QMT_Title_002493,QMT_Purpose_002493,收集池塘水样从被丢弃的水桶。,池塘水体采样,3,25318,0,7,1,2000,5974.67|7064.22|69.39
530053,QMT_Title_002494,QMT_Purpose_002494,击杀池塘周边的贝莱，并收集它的体液。,收集贝莱的体液,3,25319,0,12,1,2000,5968.49|7096.84|70.14
530054,QMT_Title_002495,QMT_Purpose_002495,在桶桶栖息地使用驱虫剂。,使用驱蚊桶,4,25321,0,1,1,2000,6008.70|7081.12|66.64
530055,QMT_Title_002496,QMT_Purpose_002496,击杀毒素王皮雷吐斯。,杀毒素王皮雷吐斯,1,52535,0,1,0,2000,6073.63|7081.19|68.71
530056,QMT_Title_002497,QMT_Purpose_002497,击杀蓝尾巴贝伊内俄。,杀蓝尾巴贝伊内俄,1,52531,0,12,0,2000,5745.83|7076.02|84.30
530057,QMT_Title_002498,QMT_Purpose_002498,收集在热石堆的火焰石。,收集火焰石,3,25324,0,7,1,2000,5761.85|7100.54|84.75
530058,QMT_Title_002499,QMT_Purpose_002499,使用火焰炭。,使用火焰炭,4,25325,0,1,1,2000,5728.68|7074.64|84.06
530059,QMT_Title_002500,QMT_Purpose_002500,在河的恶臭与帕维尔的交谈。,帕维尔对话与河的恶臭,2,53035,0,1,0,2000,5954.01|6910.72|80.08
530060,QMT_Title_002501,QMT_Purpose_002501,击杀蓝尾巴贝伊内俄，并收集贝伊内俄假面雕塑。,收集雕塑,3,25322,0,12,1,2000,5745.83|7076.02|84.30
530061,QMT_Title_002502,QMT_Purpose_002502,杀红尾巴贝伊内俄，并收集戴穆里申的徽章。,徽章收集,3,25323,0,12,1,2000,5739.26|7098.13|84.19
530062,QMT_Title_002503,QMT_Purpose_002503,杀死黑脚趾的猛兽。,杀黑脚趾的猛兽,1,52536,0,1,0,2000,5735.21|7056.87|84.13
530063,QMT_Title_002504,QMT_Purpose_002504,击杀坚固鳞甲贝莱，获得皮珊短剑。,收集短剑,3,25327,0,12,1,2000,5968.49|7096.84|70.14
530064,QMT_Title_002505,QMT_Purpose_002505,采摘藤草。,采摘藤草,3,25320,0,7,1,2000,6031.37|7112.66|69.51
530065,QMT_Title_002506,QMT_Purpose_002506,击杀骑士鳞甲贝莱，获得贝莱的脚蹼。,收集贝莱的脚蹼,3,25426,0,12,1,2000,6023.13|7104.99|69.20
530066,QMT_Title_002507,QMT_Purpose_002507,收集檀木堆的炭。,木炭采集,3,25333,0,7,1,2000,5884.39|6838.15|95.54
530067,QMT_Title_002508,QMT_Purpose_002508,杀死凶狠贝伊诺夫，并获得它的骨头。,收集贝伊诺夫的骨头,3,25334,0,14,1,2000,5896.71|6911.80|92.38
530068,QMT_Title_002509,QMT_Purpose_002509,收集油木叶。,树油叶子收集,3,25344,0,7,1,2000,5876.82|6953.21|89.46
530069,QMT_Title_002510,QMT_Purpose_002510,在村里收集河边的加比草。,加比草采集,3,25336,0,7,1,2000,5916.52|6834.39|90.18
530070,QMT_Title_002511,QMT_Purpose_002511,撒上食物中毒的野兽的栖息地。,使用中毒的食物,4,25337,0,1,1,2000,5881.85|6937.42|89.74
530071,QMT_Title_002512,QMT_Purpose_002512,杀死黑尾贝伊内俄。,杀黑尾贝伊内俄,1,52541,0,14,1,2000,5873.90|6907.77|92.16
531071,QMT_Title_002513,QMT_Purpose_002513,杀死凶狠贝伊诺夫。,杀凶狠贝伊诺夫,1,52542,0,14,1,2000,5873.90|6907.77|92.16
530072,QMT_Title_002514,QMT_Purpose_002514,击杀赤红之眼野兽。,杀赤红之眼野兽,1,52543,0,1,0,2000,5909.44|6958.08|89.29
530073,QMT_Title_002515,QMT_Purpose_002515,在农场村与盟的对话。,盟的对话，并在畈镇,2,53051,0,1,0,2000,6174.93|7022.12|98.03
530074,QMT_Title_002516,QMT_Purpose_002516,击杀维洛帕尔。,杀维洛帕尔,1,52544,0,14,0,2000,5861.78|6779.44|96.53
530075,QMT_Title_002517,QMT_Purpose_002517,击杀维洛帕尔战斗员，并获得维洛帕尔的外核。,收集维洛帕尔的外核,3,25340,0,14,1,2000,5845.38|6757.52|100.23
530076,QMT_Title_002518,QMT_Purpose_002518,杀黑尾贝伊内俄，并收集贝伊内俄脚趾。,收集贝伊内俄脚趾,3,25341,0,14,1,2000,5873.90|6907.77|92.16
530077,QMT_Title_002519,QMT_Purpose_002519,使用反转信号装置引起授章凯莱艾斯出没。,使用反向信号装置,4,25342,0,1,1,2000,5817.53|6737.90|103.46
531077,QMT_Title_002520,QMT_Purpose_002520,杀授章凯莱艾斯。,杀授章凯莱艾斯,1,360101,0,1,0,2000,5817.53|6737.90|103.46
530078,QMT_Title_002521,QMT_Purpose_002521,杀死维洛帕尔，获得旧时英雄的雕像碎片。,收集老英雄的雕像碎片,3,25343,0,14,1,2000,5861.78|6779.44|96.53
530079,QMT_Title_002522,QMT_Purpose_002522,击杀维洛帕尔战斗员。,杀维洛帕尔战斗员,1,52545,0,14,1,2000,5845.38|6757.52|100.23
530080,QMT_Title_002523,QMT_Purpose_002523,击杀螺旋鳞片贝莱，获得贝莱表皮。,收集贝莱表皮,3,25345,0,14,1,2000,6019.21|6983.76|73.08
530081,QMT_Title_002524,QMT_Purpose_002524,收集月光草。,月光草的采样,3,25346,0,7,1,2000,6024.04|7012.52|73.17
530082,QMT_Title_002525,QMT_Purpose_002525,运用激励机制药材吸引了一个坚固的鳞片桶。,运用激励机制草药,4,25347,0,1,1,2000,6046.64|7008.46|72.48
531082,QMT_Title_002526,QMT_Purpose_002526,击杀召唤物获得鳞片。,收集坚固的鳞,3,25353,0,1,1,2000,6046.64|7008.46|72.48
530083,QMT_Title_002527,QMT_Purpose_002527,黑褐色的树在农场周围。,黑褐色树枝收集,3,25348,0,7,1,2000,6295.50|7022.40|75.44
530084,QMT_Title_002528,QMT_Purpose_002528,击杀破裂翼哈比。,杀破裂翼哈比,1,52551,0,14,0,2000,6325.17|7011.79|83.23
530085,QMT_Title_002529,QMT_Purpose_002529,摧毁哈比的基地。,摧毁哈比巢,1,52564,0,3,0,2000,6343.66|6996.64|84.83
530086,QMT_Title_002530,QMT_Purpose_002530,在一个腐败种植面积的对话和piriah。,Piriah和腐败的种植面积对话,2,53053,0,1,0,2000,6563.74|6964.51|74.45
531086,QMT_Title_002531,QMT_Purpose_002531,使用放牧住所运行命令。,使用放牧住所运行命令,4,25430,0,1,1,2000,0
530087,QMT_Title_002532,QMT_Purpose_002532,杀破裂翼哈比获得种子袋。,收集种子口袋,3,25349,0,14,1,2000,6325.17|7011.79|83.23
530088,QMT_Title_002533,QMT_Purpose_002533,从农场收集农用地村周围的土壤。,农业土壤收集,3,25350,0,7,1,2000,6270.85|7021.16|74.12
530089,QMT_Title_002534,QMT_Purpose_002534,杀死锋利脚趾哈比，获得哈比的翅膀碎片。,收集哈比的翅膀碎片,3,25351,0,14,1,2000,6363.24|7017.79|84.82
530090,QMT_Title_002535,QMT_Purpose_002535,用在农业土壤增强。,利用土壤增强,4,25352,0,1,1,2000,6266.88|7019.80|74.59
530091,QMT_Title_002536,QMT_Purpose_002536,干掉智慧门守卫，并收集还原石。,收集还原石,3,25372,0,14,1,2000,6492.16|7042.31|83.27
530092,QMT_Title_002537,QMT_Purpose_002537,该benwel交谈腐败种植面积。,Benwel交谈腐败种植面积,2,53063,0,1,1,2000,6494.53|6678.61|72.07
530093,QMT_Title_002538,QMT_Purpose_002538,收集附近的吸附草。,采集吸附草,3,25355,0,7,1,2000,6484.43|7068.12|82.11
530094,QMT_Title_002539,QMT_Purpose_002539,它要求附近的树木纷纷的吸收。,采用吸收,4,25356,0,1,1,2000,6467.20|6971.89|72.06
530095,QMT_Title_002540,QMT_Purpose_002540,找到聚集在可疑土堆中的僵尸的骨头。,收集僵尸的骨头,3,25357,0,7,1,2000,6394.93|6964.76|71.99
530096,QMT_Title_002541,QMT_Purpose_002541,交谈阿德拉月神的束缚。,与阿德拉月神束缚交谈,2,51002,0,1,0,2501,165.91|258.40|152.77
531096,QMT_Title_002542,QMT_Purpose_002542,月神使用萤火虫运动顺序。,使用萤火虫为了月神移动,4,12300,0,1,1,2000,0
530097,QMT_Title_002543,QMT_Purpose_002543,在一个腐败种植面积的对话和piriah。,Piriah和腐败的种植面积对话,2,53053,0,1,0,2000,6563.74|6964.51|74.45
531097,QMT_Title_002544,QMT_Purpose_002544,使用放牧住所运行命令。,使用放牧住所运行命令,4,25430,0,1,1,2000,0
530098,QMT_Title_002545,QMT_Purpose_002545,不要在风阀打击毒品使用的悬崖。,门不得使用驱蚊,4,25358,0,1,1,2000,6480.46|7002.39|73.92
530099,QMT_Title_002546,QMT_Purpose_002546,在一个腐败种植面积的对话和piriah。,Piriah和腐败的种植面积对话,2,53053,0,1,0,2000,6563.74|6964.51|74.45
530100,QMT_Title_002547,QMT_Purpose_002547,干掉智慧门侦察兵，获得智慧门装饰物。,收集智慧门装饰物,3,25359,0,14,1,2000,6506.26|7015.75|85.38
530101,QMT_Title_002548,QMT_Purpose_002548,干掉智慧门侦察兵，获得毒口袋。,毒口袋收集,3,25360,0,14,1,2000,6506.26|7015.75|85.38
530102,QMT_Title_002549,QMT_Purpose_002549,杀死野兽训练师和贝齐啊。,呵呵贝特西野兽训练师援助,1,170410,0,1,0,4440,413.51|121.68|123.66
530103,QMT_Title_002550,QMT_Purpose_002550,杀死警卫和娄陡厕。,官娄抖恻援助,1,170432,0,1,0,4441,211.31|327.54|131.26
530104,QMT_Title_002551,QMT_Purpose_002551,一个哈比女王居里其他的杀戮。,女王的哈比居里其他援助,1,170454,0,1,0,4442,313.19|138.76|156.40
530105,QMT_Title_002552,QMT_Purpose_002552,洗脑的物种的灭绝。,洗脑的物种毁灭,1,52565,0,3,0,4440,92.24|244.17|130.84
530106,QMT_Title_002553,QMT_Purpose_002553,记者雅链的治疗。,环雅新闻治疗,1,170433,0,1,0,4441,305.48|332.68|155.63
530107,QMT_Title_002554,QMT_Purpose_002554,杀死哈比捕食者和收复被洗劫一空武器。,谁洗劫的武器收集,3,25361,0,7,1,4440,391.61|133.81|124.64
530108,QMT_Title_002555,QMT_Purpose_002555,Vonage公司将摆脱仓库。,Vonage公司的仓库正在接受治疗,1,170431,0,1,0,4441,145.70|126.69|127.33
530109,QMT_Title_002556,QMT_Purpose_002556,采样时间草。,采集四季草,3,25363,0,7,1,2000,6333.72|6955.24|80.36
530110,QMT_Title_002557,QMT_Purpose_002557,杀死饥饿的哈比，回收被偷盗的芳香水晶。,找回被偷盗的芳香水晶,3,25387,0,14,1,2000,6388.87|6845.87|86.46
530111,QMT_Title_002558,QMT_Purpose_002558,使用水晶在木材采伐附近的方向。,使用芳香水晶,4,25364,0,1,1,2000,6370.16|6887.09|80.83
530112,QMT_Title_002559,QMT_Purpose_002559,杀死智慧门监视兵，找回被抢夺的补给品,收集被盗用品,3,25365,0,14,1,2000,6393.53|6889.54|80.83
530113,QMT_Title_002560,QMT_Purpose_002560,捕杀饥饿的哈比。,杀饥饿哈比,1,52555,0,14,1,2000,6388.87|6845.87|86.46
530114,QMT_Title_002561,QMT_Purpose_002561,杀死指挥官格利西纳。,干掉指挥官,1,52557,0,1,0,2000,6441.54|6834.31|86.45
530115,QMT_Title_002562,QMT_Purpose_002562,使用阴烛。,使用黑色蜡烛,4,25434,0,1,1,2000,6388.92|6847.20|86.46
531115,QMT_Title_002563,QMT_Purpose_002563,杀智慧门转向师，寻求毒香草。,毒香草收集,3,25368,0,1,1,2000,6388.92|6847.20|86.46
530116,QMT_Title_002564,QMT_Purpose_002564,杀死饥饿的哈比，并回收指甲。,收集哈比的指甲,3,25367,0,14,1,2000,6388.87|6845.87|86.46
530117,QMT_Title_002565,QMT_Purpose_002565,诺拉将被护送到凯尔闹鬼的地方。,护送到地方，诺拉·凯尔,5,23787,0,1,0,2000,6512.09|6680.61|72.07
530118,QMT_Title_002566,QMT_Purpose_002566,杀死智慧门萨满获取幻影草。,收集幻影草,3,25369,0,15,1,2000,6348.05|6678.71|79.71
530119,QMT_Title_002567,QMT_Purpose_002567,使用旧时的蜡烛。,用过去的蜡烛,4,25389,0,1,1,2000,6348.98|6694.54|80.80
531119,QMT_Title_002568,QMT_Purpose_002568,干掉智慧门袭击者,杀智慧门袭击者,1,360106,0,1,0,2000,6348.98|6694.54|80.80
532119,QMT_Title_002569,QMT_Purpose_002569,干掉智慧门突袭兵,杀智慧门突袭兵,1,360115,0,1,0,2000,6348.98|6694.54|80.80
530120,QMT_Title_002570,QMT_Purpose_002570,杀死智慧门萨满。,杀智慧门萨满,1,52561,0,20,1,2000,6340.04|6689.62|80.59
530121,QMT_Title_002571,QMT_Purpose_002571,从突出来的土堆中找到牧童手杖。,收集牧童手杖,3,25371,0,14,1,2000,6556.83|6716.22|76.86
530122,QMT_Title_002572,QMT_Purpose_002572,干掉智慧门突击队。,杀智慧门突击队,1,52562,0,20,0,2000,6555.35|6750.27|77.27
530123,QMT_Title_002573,QMT_Purpose_002573,杀死指挥官萨博拉。,干掉指挥官,1,52563,0,1,0,2000,6565.57|6764.18|77.15
530124,QMT_Title_002574,QMT_Purpose_002574,在英雄的庇护与亚瑟谈话。,与亚瑟在英雄的庇护所谈,2,53082,0,1,0,2000,6374.20|6377.87|77.83
530125,QMT_Title_002575,QMT_Purpose_002575,面包袋收集。,面包袋收集,3,25390,0,14,1,2000,6381.48|6640.59|73.63
530126,QMT_Title_002576,QMT_Purpose_002576,杀死智慧门突击队，获得名片。,名片收集,3,25373,0,15,1,2000,6555.35|6750.27|77.27
530127,QMT_Title_002577,QMT_Purpose_002577,问一个破裂铭牌上的森林入口。,破碎的标签使用,4,25417,0,1,1,2000,6545.57|6754.81|77.01
530128,QMT_Title_002578,QMT_Purpose_002578,从蓝光木头桩收集绳。,收集奇怪的绳,3,25377,0,7,1,2000,6565.54|6456.13|71.48
530129,QMT_Title_002579,QMT_Purpose_002579,从雕像士兵攻攻击兵得到哑弹。,收集哑弹,3,25432,0,14,1,2000,6491.19|6533.00|79.39
530130,QMT_Title_002580,QMT_Purpose_002580,使用炸弹修改树在蓝光的前面。,使用修改的炸弹,4,25379,0,1,1,2000,6559.92|6451.79|71.40
530131,QMT_Title_002581,QMT_Purpose_002581,杀死不败的德利尔洛克，并寻求吸附的种子。,收集吸附的种子,3,25380,0,14,1,2000,6428.08|6381.50|75.50
530132,QMT_Title_002582,QMT_Purpose_002582,使用喧嚣的钟。,用响亮的钟声,4,25435,0,1,1,2000,6563.24|6428.97|70.40
531132,QMT_Title_002583,QMT_Purpose_002583,杀哈比魔法师。,哈比魔法师,1,360108,0,1,0,2000,6563.24|6428.97|70.40
532132,QMT_Title_002584,QMT_Purpose_002584,杀哈比上级魔法师。,哈比上级魔法师,1,360116,0,1,0,2000,6563.24|6428.97|70.40
530133,QMT_Title_002585,QMT_Purpose_002585,干掉猛毒的德利尔洛克。,杀猛毒的德利尔洛克,1,52572,0,14,1,2000,6419.24|6400.08|78.59
530134,QMT_Title_002586,QMT_Purpose_002586,使用比亚的灵魂石。,使用比亚灵魂石,4,25381,0,1,1,2000,6377.10|6401.33|77.47
530135,QMT_Title_002587,QMT_Purpose_002587,杀死雕像士兵攻攻击兵。,杀雕像士兵攻攻击兵,1,52575,0,14,1,2000,6491.19|6533.00|79.39
530136,QMT_Title_002588,QMT_Purpose_002588,杀雕像士兵兵卒，并获得逝世的骨头。,逝世的骨头收集,3,25383,0,14,1,2000,6485.47|6498.91|76.62
530137,QMT_Title_002589,QMT_Purpose_002589,摧毁黑雾珠。,破坏黑雾之珠,1,52596,0,3,0,2000,6528.43|6532.31|79.60
530138,QMT_Title_002590,QMT_Purpose_002590,干掉黑骷髅卡博卢。,杀黑骷髅卡博卢,1,52576,0,1,0,2000,6514.46|6530.82|79.60
530139,QMT_Title_002591,QMT_Purpose_002591,杀死思科力顿小兵，获得思科力顿的剑。,骷髅之剑收集,3,25386,0,14,1,2000,6541.16|6282.75|77.69
530140,QMT_Title_002592,QMT_Purpose_002592,杀死思科力顿攻击兵，并获得思科力顿的铠甲碎片。,收集铠甲碎片,3,25418,0,14,1,2000,6566.49|6276.90|78.32
530141,QMT_Title_002593,QMT_Purpose_002593,老地图和交付框凯西在英雄的庇护所。,在英雄的庇护所交付给凯西旧地图盒,7,25419,0,1,1,2000,6386.36|6391.65|77.61
530142,QMT_Title_002594,QMT_Purpose_002594,魔术扣研究这个第一弧seungjeonbi。,使用此法术卡1号,4,25385,0,1,1,2000,6530.89|6249.85|77.07
530143,QMT_Title_002595,QMT_Purpose_002595,杀死雕像士兵特攻兵。,干掉雕像士兵特攻兵,1,52592,0,14,1,2000,6284.34|6235.95|79.40
530144,QMT_Title_002596,QMT_Purpose_002596,杀死思科力顿特攻兵，获得破碎的政绩碑雕像。,破碎的政绩碑雕像收集,3,25388,0,14,1,2000,6270.01|6271.07|79.39
530145,QMT_Title_002597,QMT_Purpose_002597,击杀盲眼之王婓乐基，获得盲目马安。,失明的马安集合,3,25391,0,1,1,2000,6235.63|6237.63|79.40
530146,QMT_Title_002598,QMT_Purpose_002598,凯西在英雄的庇护通行证浮空弹修改MK2。,炸弹修改MK2在英雄的庇护所交付给卡西,7,25392,0,1,1,2000,6386.36|6391.65|77.61
530147,QMT_Title_002599,QMT_Purpose_002599,杀死思科力顿小兵，并取得坚固封印的文书。,文书收集,3,25393,0,14,1,2000,6541.16|6282.75|77.69
530148,QMT_Title_002600,QMT_Purpose_002600,干掉钢铁战士拜尔仑。,杀钢铁战士拜尔仑,1,52583,0,1,0,2000,6550.50|6235.11|78.38
530149,QMT_Title_002601,QMT_Purpose_002601,击杀雕像士兵特攻兵，获得破旧武器。,回收破旧武器,3,25394,0,14,1,2000,6284.34|6235.95|79.40
530150,QMT_Title_002602,QMT_Purpose_002602,所收集的蓝色露珠草。,采集露珠草,3,25395,0,7,1,2000,6300.76|6282.59|78.64
530151,QMT_Title_002603,QMT_Purpose_002603,上面的对话，然后出兵指挥中心。,因此，在与总部的上述谈话出兵,2,53089,0,1,0,2000,6180.03|6471.65|79.72
530152,QMT_Title_002604,QMT_Purpose_002604,杀死猛毒的德利尔洛克，收集生灵之盾。,收集生灵之盾,3,25420,0,14,1,2000,6419.24|6400.08|78.59
530153,QMT_Title_002605,QMT_Purpose_002605,干掉思科力顿攻击兵。,杀思科力顿攻击兵,1,52582,0,14,0,2000,6566.49|6276.90|78.32
530154,QMT_Title_002606,QMT_Purpose_002606,凌晨之花的采摘。,采摘凌晨花,3,25422,0,7,1,2000,6514.30|6259.35|76.84
530155,QMT_Title_002607,QMT_Purpose_002607,在暮色中烧的灵魂聚集的地方去了。,使用黄昏之药,4,25423,0,1,1,2000,6277.43|6266.51|79.38
530156,QMT_Title_002608,QMT_Purpose_002608,干掉愤怒的布雷斯莱斯。,杀愤怒的布雷斯莱斯,1,52601,0,12,0,2000,5969.36|6483.93|72.06
530157,QMT_Title_002609,QMT_Purpose_002609,在热石收集石林。,采集热石,3,25398,0,7,1,2000,6113.13|6408.08|72.07
530158,QMT_Title_002610,QMT_Purpose_002610,安装热线陷阱呼吸莱斯阵营。,使用热线陷阱,4,25416,0,1,1,2000,5954.08|6506.92|72.06
530159,QMT_Title_002611,QMT_Purpose_002611,杀死鲜血狂战士克里尔罗。,杀鲜血狂战士,1,52603,0,1,0,2000,5920.38|6504.69|72.06
530160,QMT_Title_002612,QMT_Purpose_002612,杀死愤怒的布雷斯莱斯，获得机密文件。,机密文件收集,3,25399,0,12,1,2000,5947.63|6483.80|72.06
530161,QMT_Title_002613,QMT_Purpose_002613,杀死嗜血成性的布雷斯莱斯，获得警卫队的武器。,警卫队的武器收集,3,25400,0,12,1,2000,5954.72|6528.79|72.06
530162,QMT_Title_002614,QMT_Purpose_002614,杀戴奥斯沃夫萨满，拿回母亲的遗物。,母亲的遗物集合,3,25402,0,7,1,2000,5940.70|6294.90|72.06
530163,QMT_Title_002615,QMT_Purpose_002615,杀死戴奥斯沃夫首领，并寻求戴奥斯韦的望远镜。,望远镜收集,3,25433,0,12,1,2000,5946.90|6326.90|72.06
530164,QMT_Title_002616,QMT_Purpose_002616,在食品袋收集紧急配粮。,紧急粮食集合,3,25403,0,7,1,2000,5912.85|6542.79|72.06
530165,QMT_Title_002617,QMT_Purpose_002617,杀死嗜血成性的布雷斯莱斯，获得秘密的毒药。,收集秘密毒药,3,25424,0,12,1,2000,5954.72|6528.79|72.06
530166,QMT_Title_002618,QMT_Purpose_002618,在保管箱收集万能箱子。,获得万能箱子,3,25404,0,7,1,2000,5965.60|6517.28|72.06
530167,QMT_Title_002619,QMT_Purpose_002619,引领风暴的城堡应该通过一个通用的盒子。,铅风暴的城堡，提供全方位盒,7,25404,0,1,1,2000,5878.24|6390.62|82.24
530168,QMT_Title_002620,QMT_Purpose_002620,清杀死戴奥斯沃夫萨满，寻求戴奥斯韦手杖。,收集戴奥斯韦手杖,3,25405,0,12,1,2000,5931.86|6351.84|72.06
530169,QMT_Title_002621,QMT_Purpose_002621,使用覆盖膜去除。,使用隐形薄膜卸妆,4,25436,0,1,1,2000,6123.96|6417.39|72.07
531169,QMT_Title_002622,QMT_Purpose_002622,杀死戴奥斯沃夫侵袭兵。,戴奥斯沃夫侵袭兵,1,360109,0,1,0,2000,6123.96|6417.39|72.07
532169,QMT_Title_002623,QMT_Purpose_002623,杀死戴奥斯沃夫突袭兵。,戴奥斯沃夫突袭兵,1,360117,0,1,0,2000,6123.96|6417.39|72.07
530170,QMT_Title_002624,QMT_Purpose_002624,它提供魔抗棒磨机有关派遣军队指挥中心。,棒磨机派遣部队的指挥中心通过关于魔法抵抗,7,25407,0,1,1,2000,6163.66|6475.87|80.05
530171,QMT_Title_002625,QMT_Purpose_002625,杀死戴奥斯沃夫首领。,杀戴奥斯沃夫首领,1,52605,0,12,0,2000,5946.90|6326.90|72.06
530172,QMT_Title_002626,QMT_Purpose_002626,干掉贪婪的魔道师弗塞马。,杀贪婪的魔道师弗塞马,1,52606,0,1,0,2000,5950.14|6256.55|72.06
530173,QMT_Title_002627,QMT_Purpose_002627,在英雄的庇护寻求艾琳。,艾琳搜索在主人公的避难所,2,53088,0,1,0,2000,6225.49|6332.14|72.69
530174,QMT_Title_002628,QMT_Purpose_002628,艾琳deuren被护送到一个地方，那就是。,护送艾琳,5,23788,0,1,0,2000,6178.97|6466.69|79.72
530175,QMT_Title_002629,QMT_Purpose_002629,在闪亮草中找到项链碎片。,项链碎片收集,3,25396,0,7,1,2000,6259.59|6332.05|75.75
530176,QMT_Title_002630,QMT_Purpose_002630,它要求在那里艾琳音柱的地方的魅力。,护身符使用艾琳,4,25397,0,1,1,2000,6309.23|6371.89|72.01
530177,QMT_Title_002631,QMT_Purpose_002631,干掉恶臭的德利尔洛克。,消灭恶臭的德利尔洛克,1,52571,0,12,0,2000,6306.14|6409.78|72.50
530178,QMT_Title_002632,QMT_Purpose_002632,与出兵指挥中心端午节的对话。,端午的对话总部设在出兵,2,53102,0,1,0,2000,6190.61|6486.63|80.12
530179,QMT_Title_002633,QMT_Purpose_002633,采集夜行草。,采集夜行草,3,25375,0,7,1,2000,6310.94|6366.76|72.08
530180,QMT_Title_002634,QMT_Purpose_002634,破坏寄生兽的母体。,破坏寄生兽的母体,1,52595,0,12,0,2000,6289.51|6414.99|73.45
530181,QMT_Title_002635,QMT_Purpose_002635,干掉寄生兽母体特雷拉。,杀寄生兽母体特雷拉,1,52573,0,1,0,2000,6298.85|6433.62|74.04
530182,QMT_Title_002636,QMT_Purpose_002636,在风暴和平台升的城堡的谈话。,升水平和风暴的城堡对话,2,53113,0,1,0,2000,5885.89|6402.56|82.24
530183,QMT_Title_002637,QMT_Purpose_002637,在普拉亚援助门将。,该援助门将普拉塔,1,170511,0,1,0,4450,294.50|332.81|-0.05
530184,QMT_Title_002638,QMT_Purpose_002638,掠夺者亡灵巫师的治疗。,抢劫者亡灵法师援助,1,170532,0,1,0,4451,82.52|425.28|4.72
530185,QMT_Title_002639,QMT_Purpose_002639,计分无名英雄。,无名英雄治疗,1,170554,0,1,0,4452,424.77|192.41|18.34
530186,QMT_Title_002640,QMT_Purpose_002640,赢得五个助手体育场和寻求五个研究体育场的纪录。,五个研究球场记录集,3,25408,0,1,1,4450,129.87|296.61|13.86
530187,QMT_Title_002641,QMT_Purpose_002641,计分五具尸体在魔术体育场。,呵呵机构魔术师体育场克赖斯特彻奇,1,170533,0,1,0,4451,37.51|244.57|13.86
530188,QMT_Title_002642,QMT_Purpose_002642,破坏鸟巢的控制。,它控制巢的破坏,1,52614,0,3,0,4452,217.96|114.87|11.33
530189,QMT_Title_002643,QMT_Purpose_002643,使用回声桶。,使用回声桶,4,25409,0,1,1,2000,5743.39|6395.50|111.80
530190,QMT_Title_002644,QMT_Purpose_002644,击杀海马斯特监视兵。,杀海马斯特监视兵,1,52611,0,15,0,2000,5742.70|6458.20|111.80
531190,QMT_Title_002645,QMT_Purpose_002645,击杀海马斯特攻击兵。,杀海马斯特攻击兵,1,52612,0,15,0,2000,5755.37|6496.16|111.80
530191,QMT_Title_002646,QMT_Purpose_002646,击杀地域引导者斯纳托斯。,杀地域引导者,1,52613,0,1,0,2000,5746.89|6400.09|111.80
530192,QMT_Title_002647,QMT_Purpose_002647,击杀布雷斯莱斯运输兵，获得地图碎片。,地图碎片收集,3,25410,0,15,1,2000,5788.52|6546.65|92.25
530193,QMT_Title_002648,QMT_Purpose_002648,击杀海马斯特攻击兵。,杀海马斯特攻击兵,1,52612,0,15,0,2000,5730.22|6437.59|111.80
530194,QMT_Title_002649,QMT_Purpose_002649,使用破坏性装置关闭的秘密地下通道地下通道。,用地下通道的破坏装置,4,25411,0,1,1,2000,5796.09|6391.08|92.26
530195,QMT_Title_002650,QMT_Purpose_002650,击杀布雷斯莱斯运输兵，获得钥匙链。,获得钥匙链,3,25425,0,15,1,2000,5788.52|6546.65|92.25
530196,QMT_Title_002651,QMT_Purpose_002651,使用秘密密钥和开门到通道。,使用密钥,4,25412,0,1,1,2000,5720.33|6478.23|111.80
531196,QMT_Title_002652,QMT_Purpose_002652,击杀赫尔大师警备兵。,杀赫尔大师警备兵,1,360103,0,1,0,2000,5720.33|6478.23|111.80
532196,QMT_Title_002653,QMT_Purpose_002653,击杀赫尔大师上级警备兵。,杀赫尔大师上级警备兵,1,360114,0,1,0,2000,5720.33|6478.23|111.80
530197,QMT_Title_002654,QMT_Purpose_002654,快递搜索温盖特。,温盖特使者搜索,2,53115,0,1,0,2000,5952.00|6382.57|72.06
530198,QMT_Title_002655,QMT_Purpose_002655,使用乌紫的弩。,使用乌紫的弩,4,25413,0,1,1,2000,5857.79|6290.84|72.06
531198,QMT_Title_002656,QMT_Purpose_002656,击杀狂乱之魔道士末斯，获得风之纹样的箱子。,获得风之纹样的箱子,3,25414,0,1,1,2000,5857.79|6290.84|72.06
530199,QMT_Title_002657,QMT_Purpose_002657,它提供了一箱羊角风的模式在风暴的城堡来显示。,风羊角面包箱模式在风暴通过了城堡显示,7,25414,0,1,1,2000,5883.53|6394.11|82.24
530200,QMT_Title_002658,QMT_Purpose_002658,摧毁怪异的蛋。,破坏怪异的蛋,1,52615,0,3,0,2000,5681.10|6299.05|111.80
530201,QMT_Title_002659,QMT_Purpose_002659,使用腐败去除药品。,使用除腐剂,4,25415,0,1,1,2000,5882.18|6402.13|82.24
530202,QMT_Title_002660,QMT_Purpose_002660,通常清除的哈比困难军衔的天堂。,已清除,9,4440,3,1,0,2000,0
530203,QMT_Title_002661,QMT_Purpose_002661,清除困难的SS级别的哈比乐园。,SS居清除,9,4441,4,1,0,2000,0
530204,QMT_Title_002662,QMT_Purpose_002662,在SSS级哈比的很清楚困难的天堂。,SSS级清除,9,4442,5,1,0,2000,0
530205,QMT_Title_002663,QMT_Purpose_002663,通常情况下，强攻的难度清除与已城堡。,已清除,9,4450,3,1,0,2000,0
530206,QMT_Title_002664,QMT_Purpose_002664,清除风暴的困难SS级别的城堡。,SS居清除,9,4451,4,1,0,2000,0
530207,QMT_Title_002665,QMT_Purpose_002665,该城堡是困难的SSS风暴队伍很清楚。,SSS级清除,9,4452,5,1,0,2000,0
540000,QMT_Title_002666,QMT_Purpose_002666,分耳语字段用于移动的顺序。,使用耳语现场通过移动订单,4,25892,0,1,1,2501,0
541000,QMT_Title_002667,QMT_Purpose_002667,星星耳语bechel和对话的领域。,明星耳语bechel和对话领域,2,54001,0,1,1,2000,6028.56|7896.22|124.42
540001,QMT_Title_002668,QMT_Purpose_002668,击杀博劳于岛侦察兵，并寻求博劳于岛作战命令书。,收集作战命令书,3,25600,0,25,1,2000,5964.58|7974.29|122.21
540002,QMT_Title_002669,QMT_Purpose_002669,击杀灵动的博劳于岛。,杀灵动的博劳于岛,1,53502,0,20,0,2000,5987.75|8007.64|118.91
540003,QMT_Title_002670,QMT_Purpose_002670,在灵魂的瀑布的对话和Rok??u公司，公司。,Roku公司，公司本着对话和瀑布的精神,2,54031,0,1,0,2000,5400.84|7778.38|138.65
540004,QMT_Title_002671,QMT_Purpose_002671,击杀严酷的斯库拉。,干掉严酷的斯库拉,1,53573,0,14,0,2000,5426.82|7867.79|133.48
540005,QMT_Title_002672,QMT_Purpose_002672,击杀贝伊哈特监视兵，并寻求模板样式的装饰。,收集模板样式的装饰,3,25629,0,14,1,2000,5240.13|7831.02|133.71
540006,QMT_Title_002673,QMT_Purpose_002673,击杀圣地守护者盖托斯。,杀圣地守护者,1,53584,0,1,0,2000,5211.14|7869.48|140.25
540007,QMT_Title_002674,QMT_Purpose_002674,安装录音设备。,安装录音装置,4,25882,0,1,1,2000,5280.15|7822.04|132.16
540008,QMT_Title_002675,QMT_Purpose_002675,在休息的谷的对话和抛光。,抛光和在其他地区的山谷对话,2,54073,0,1,0,2000,4868.17|8608.63|129.49
540009,QMT_Title_002676,QMT_Purpose_002676,采集万德石。,采集万德石,3,25671,0,14,1,2000,4812.98|8547.31|105.99
540010,QMT_Title_002677,QMT_Purpose_002677,杀死粗暴的凯尔贝鲁斯，获得凯尔贝鲁斯之牙。,收集凯尔贝鲁斯之牙,3,25672,0,14,1,2000,4830.03|8470.31|124.18
540011,QMT_Title_002678,QMT_Purpose_002678,吹力打造护身符席位。,护身符用于创建席,4,25673,0,1,1,2000,4861.32|8612.50|129.49
540012,QMT_Title_002679,QMT_Purpose_002679,在火山红发的对话和交流。,分享红色头发的火山交谈,2,54091,0,1,0,2000,5316.63|8291.81|195.86
540013,QMT_Title_002680,QMT_Purpose_002680,击杀砂轮特攻兵，并寻求地下室的钥匙。,地下室的钥匙收集,3,25713,0,14,1,2000,5280.56|8442.45|177.19
540014,QMT_Title_002681,QMT_Purpose_002681,使用伪造的设计。,使用伪造的设计,4,25683,0,1,1,2000,5273.03|8487.05|159.68
541014,QMT_Title_002682,QMT_Purpose_002682,击杀召唤师汉阿勒孙，并获得设计图的一半。,获得设计图的一半,3,25684,0,1,1,2000,5273.03|8487.05|159.68
540015,QMT_Title_002683,QMT_Purpose_002683,该kansol交谈红发的火山。,Kansol交谈红发的火山,2,54097,0,1,0,2000,5394.29|8568.70|202.93
540016,QMT_Title_002684,QMT_Purpose_002684,击杀残忍西莫诺，寻求西莫诺的水晶眼珠。,收集西莫诺的水晶眼珠,3,25685,0,14,1,2000,5451.23|8632.88|205.33
540017,QMT_Title_002685,QMT_Purpose_002685,使用西莫诺的红色水晶。,使用西莫诺的红水晶,4,25686,0,1,1,2000,5369.90|8573.23|209.86
540018,QMT_Title_002686,QMT_Purpose_002686,击杀狠毒鲁塔虎，获得石像鬼的核心设计图。,获得核心设计图,3,25887,0,1,1,2000,5430.85|8516.68|226.08
540019,QMT_Title_002687,QMT_Purpose_002687,计分雕像破坏。,石像鬼堂厄运,1,170756,0,1,0,4472,468.39|165.50|6.87
540020,QMT_Title_002688,QMT_Purpose_002688,月神使用萤火虫运动顺序。,使用萤火虫为了月神移动,4,12300,0,1,1,2000,0
541020,QMT_Title_002689,QMT_Purpose_002689,希腊人随后与月神对话的束缚。,在与希腊人在奴役月神对话,2,50032,0,1,0,2501,259.91|260.82|198.47
540021,QMT_Title_002690,QMT_Purpose_002690,击杀博劳于岛侦察兵。,杀博劳于岛侦察兵,1,53503,0,20,0,2000,5964.58|7974.29|122.21
540022,QMT_Title_002691,QMT_Purpose_002691,击杀愚蠢的博劳于岛，并寻求透明的解毒药。,解毒药集合,3,25601,0,20,1,2000,5933.76|7980.56|121.51
540023,QMT_Title_002692,QMT_Purpose_002692,破坏毒蛛缸。,破坏毒蛛缸,1,53505,0,14,0,2000,5957.35|8017.40|119.56
540024,QMT_Title_002693,QMT_Purpose_002693,处理怒爆的斯卡德。,杀怒爆的斯卡德,1,53504,0,1,0,2000,5974.02|8029.64|119.03
540025,QMT_Title_002694,QMT_Purpose_002694,谈话脖子和耳语在各个领域。,明星的脖子和外地窃窃私语对话,2,54006,0,1,0,2000,5769.40|7962.63|128.92
540026,QMT_Title_002695,QMT_Purpose_002695,击杀恶臭毒蜘蛛。,杀恶臭毒蜘蛛,1,53513,0,15,0,2000,5929.85|7937.25|120.61
540027,QMT_Title_002696,QMT_Purpose_002696,收集倒下的树枝。,收集掉落的树枝,3,25602,0,14,1,2000,5951.99|7928.35|120.61
540028,QMT_Title_002697,QMT_Purpose_002697,破坏毒蜘蛛之眼。,蜘蛛卵的破坏,1,53515,0,30,0,2000,5917.48|7831.88|107.66
540029,QMT_Title_002698,QMT_Purpose_002698,杀死毒口袋阿鲁卡。,杀毒口袋阿鲁卡,1,53514,0,1,0,2000,5899.17|7845.15|107.39
540030,QMT_Title_002699,QMT_Purpose_002699,杀恶臭毒蜘蛛，收集毒蜘蛛的恶臭之源。,收集毒蜘蛛的恶臭之源,3,25603,0,20,1,2000,5929.85|7937.25|120.61
540031,QMT_Title_002700,QMT_Purpose_002700,击杀危险的毒蜘蛛。,杀危险的毒蜘蛛,1,53512,0,20,1,2000,5935.03|7940.18|120.64
540032,QMT_Title_002701,QMT_Purpose_002701,击杀危险的毒蜘蛛，并得到黑色的毒腺。,收集黑色的毒腺,3,25605,0,15,1,2000,5914.33|7870.87|107.54
540033,QMT_Title_002702,QMT_Purpose_002702,使用召唤蜘蛛的药。,用召唤蜘蛛的药,4,25606,0,1,1,2000,5945.85|7845.16|107.57
541033,QMT_Title_002703,QMT_Purpose_002703,击杀受迷惑的毒蜘蛛。,受迷惑的蜘蛛,1,360401,0,1,0,2000,5945.85|7845.16|107.57
542033,QMT_Title_002704,QMT_Purpose_002704,击杀可疑的毒蜘蛛。,可疑的蜘蛛,1,360402,0,1,0,2000,5945.85|7845.16|107.57
540034,QMT_Title_002705,QMT_Purpose_002705,采摘冰冷的石头。,冷石采摘,3,25607,0,10,1,2000,5985.93|7980.93|123.26
540035,QMT_Title_002706,QMT_Purpose_002706,击杀微小内克洛斯，获得它的壳。,收集内克洛斯之壳,3,25608,0,19,1,2000,5926.33|7908.34|119.00
540036,QMT_Title_002707,QMT_Purpose_002707,内克洛斯的体液收集来自果园的石头。,收集内克洛斯的体液,3,25609,0,14,1,2000,5937.68|7906.69|11915
540037,QMT_Title_002708,QMT_Purpose_002708,击杀愚蠢的博劳于岛，获得博劳于岛道具袋。,收集道具袋,3,25610,0,20,1,2000,5933.76|7980.56|121.51
540038,QMT_Title_002709,QMT_Purpose_002709,击杀微小内克洛斯并收回被盗矿物质。,找回被盗的矿物,3,25611,0,20,1,2000,5926.33|7908.34|119.00
540039,QMT_Title_002710,QMT_Purpose_002710,采集刺痛草。,采集刺痛草,3,25612,0,10,1,2000,6001.30|8017.11|118.88
540040,QMT_Title_002711,QMT_Purpose_002711,撒上周围的果园刺痛在仓库门前。,使用刺痛周围,4,25613,0,1,1,2000,6031.75|7897.41|124.42
540041,QMT_Title_002712,QMT_Purpose_002712,击杀虚弱的拉蓬提普。,杀虚弱的拉蓬提普,1,53521,0,15,0,2000,5799.66|7929.09|126.38
540042,QMT_Title_002713,QMT_Purpose_002713,击杀虚弱的拉蓬提普，并获得它的犄角。,收集拉蓬提普的犄角,3,25614,0,25,1,2000,5799.66|7929.09|126.38
540043,QMT_Title_002714,QMT_Purpose_002714,使用的角度粉末。,使用透视粉,4,25615,0,1,1,2000,5762.17|7955.83|128.89
540044,QMT_Title_002715,QMT_Purpose_002715,击杀螺旋角维托。,击杀螺旋角维托,1,53524,0,1,0,2000,5817.72|7862.40|128.50
540045,QMT_Title_002716,QMT_Purpose_002716,击杀迷途的拉蓬提普，并获得拉蓬提普的蹄子。,收集拉蓬提普的蹄子,3,25620,0,15,1,2000,5798.93|7986.03|126.04
540046,QMT_Title_002717,QMT_Purpose_002717,收集来自森林的土壤。,采集土堆,3,25617,0,10,1,2000,5805.63|7910.19|126.33
540047,QMT_Title_002718,QMT_Purpose_002718,使用绿色诱惑药。,用绿的诱惑药,4,25883,0,1,1,2000,5774.16|7903.94|125.01
541047,QMT_Title_002719,QMT_Purpose_002719,击杀粗糙的角拉蓬提普。,处理粗糙的角拉蓬提普,1,360411,0,1,0,2000,5774.16|7903.94|125.01
542047,QMT_Title_002720,QMT_Purpose_002720,击杀粗糙的蹄拉蓬提普。,处理粗糙的蹄拉蓬提普,1,360417,0,1,0,2000,5774.16|7903.94|125.01
540048,QMT_Title_002721,QMT_Purpose_002721,上屡获镇的对话和睾丸激素的配置文件。,在村庄奖斯托方案和对话,2,54010,0,1,0,2000,5666.28|7869.22|133.31
540049,QMT_Title_002722,QMT_Purpose_002722,击杀迷途的拉蓬提普，并寻求拉蓬提普的皮革,收集拉蓬提普的皮革,3,25619,0,25,1,2000,5798.93|7986.03|126.04
540050,QMT_Title_002723,QMT_Purpose_002723,击杀虚弱的拉蓬提普。,杀虚弱的拉蓬提普,1,53521,0,15,1,2000,5799.66|7929.09|126.38
540051,QMT_Title_002724,QMT_Purpose_002724,击杀坚硬鳞甲斯库拉。,杀坚硬鳞甲斯库拉,1,53531,0,15,0,2000,5673.59|7987.58|132.31
540052,QMT_Title_002725,QMT_Purpose_002725,击杀尖锐鳞甲斯库拉，获得斯库拉的分泌物。,收集分泌物,3,25618,0,25,1,2000,5715.12|7959.55|132.97
540053,QMT_Title_002726,QMT_Purpose_002726,安装的那一刻干燥剂。,即时干燥剂安装,4,25622,0,1,1,2000,5690.20|7985.33|130.52
540054,QMT_Title_002727,QMT_Purpose_002727,击杀浑浊的纳伊奥德。,杀浑浊的纳伊奥德,1,53534,0,1,0,2000,5682.82|8017.13|131.07
540055,QMT_Title_002728,QMT_Purpose_002728,杀尖锐鳞甲斯库拉，并寻求它的武器。,武器收集,3,25623,0,15,1,2000,5715.12|7959.55|132.97
540056,QMT_Title_002729,QMT_Purpose_002729,收集紫色石头。,收集紫色石头,3,25624,0,10,1,2000,5684.34|7951.00|129.82
540057,QMT_Title_002730,QMT_Purpose_002730,在森林里轻而易举的使用地热仪。,在森林里的微风使用地热仪,4,25625,0,1,1,2000,5706.67|7996.93|130.13
540058,QMT_Title_002731,QMT_Purpose_002731,佩尔瀑布的灵魂和露丝的交谈。,佩尔交谈与露丝在灵魂的瀑布,2,54037,0,1,0,2000,5385.50|7789.88|138.62
540059,QMT_Title_002732,QMT_Purpose_002732,击杀坚硬鳞甲斯库拉，收集它的眼睛。,收集斯库拉之眼,3,25626,0,25,1,2000,5673.59|7987.58|132.31
540060,QMT_Title_002733,QMT_Purpose_002733,击杀尖锐鳞甲斯库拉。,杀尖锐鳞甲斯库拉,1,53533,0,15,0,2000,5715.12|7959.55|132.97
540061,QMT_Title_002734,QMT_Purpose_002734,击杀博劳于岛小兵。,干掉博劳于岛小兵,1,53541,0,15,0,2000,5746.61|8031.56|129.84
540062,QMT_Title_002735,QMT_Purpose_002735,在敌对的机密箱，收集文件。,收集材料筒,3,25627,0,10,1,2000,5727.70|8072.93|133.26
540063,QMT_Title_002736,QMT_Purpose_002736,击杀博劳于岛小兵。,干掉博劳于岛小兵,1,53541,0,15,0,2000,5746.61|8031.56|129.84
540064,QMT_Title_002737,QMT_Purpose_002737,击杀博劳于岛养育师。,干掉博劳于岛养育师,1,53542,0,17,0,2000,5734.42|8038.60|130.49
540065,QMT_Title_002738,QMT_Purpose_002738,破坏炼药炉。,销毁炼药炉,1,53545,0,15,0,2000,5739.45|8055.12|133.17
540066,QMT_Title_002739,QMT_Purpose_002739,使用清醒剂。,使用清醒剂,4,25628,0,1,1,2000,5718.83|8036.71|131.04
541066,QMT_Title_002740,QMT_Purpose_002740,击杀博劳于岛隐身兵。,博劳于岛隐身兵,1,360403,0,1,0,2000,5718.83|8036.71|131.04
542066,QMT_Title_002741,QMT_Purpose_002741,击杀博劳于岛突袭兵。,博劳于岛突袭兵,1,360418,0,1,0,2000,5718.83|8036.71|131.04
540067,QMT_Title_002742,QMT_Purpose_002742,干掉轰鸣的巴克。,击杀轰鸣的巴克,1,53544,0,1,0,2000,5705.21|8051.29|133.16
540068,QMT_Title_002743,QMT_Purpose_002743,击杀敏捷斯皮克尔。,杀敏捷斯皮克尔,1,53561,0,17,0,2000,5344.60|7869.98|133.80
540069,QMT_Title_002744,QMT_Purpose_002744,击杀毒蛆虫斯皮克尔，并寻求它的毒刺。,收集斯皮克尔的毒刺,3,25630,0,15,1,2000,5356.64|7857.82|133.41
540070,QMT_Title_002745,QMT_Purpose_002745,采摘瀑布草。,采集瀑布草,3,25631,0,14,1,2000,5412.74|7868.83|132.40
540071,QMT_Title_002746,QMT_Purpose_002746,击杀族长斯派伊卡。,干掉族长,1,53564,0,1,0,2000,5374.79|7894.78|132.06
540072,QMT_Title_002747,QMT_Purpose_002747,该雷南的谈话与灵魂的瀑布。,雷南和精神瀑布对话,2,54040,0,1,0,2000,5441.75|8030.56|130.84
540073,QMT_Title_002748,QMT_Purpose_002748,击杀毒蛆虫斯皮克尔。,杀毒蛆虫斯皮克尔,1,53562,0,17,0,2000,5356.64|7857.82|133.41
540074,QMT_Title_002749,QMT_Purpose_002749,击杀残忍斯库拉。,杀残忍斯库拉,1,53572,0,17,0,2000,5337.56|7875.62|134.04
540075,QMT_Title_002750,QMT_Purpose_002750,击杀严酷的斯库拉，收集它的血。,收集斯库拉的血,3,25633,0,20,1,2000,5426.82|7867.79|133.48
540076,QMT_Title_002751,QMT_Purpose_002751,洒在不洁血在祭坛上。,使用不洁之血,4,25884,0,1,1,2000,5460.26|7898.33|144.77
541076,QMT_Title_002752,QMT_Purpose_002752,击杀目光逼人塞克塔。,目光逼人塞克塔,1,360412,0,1,0,2000,5460.26|7898.33|144.77
540077,QMT_Title_002753,QMT_Purpose_002753,杀死饥饿的布莱士罗茵，获得衣食道具。,收集意识道具,3,25634,0,20,1,2000,5547.44|7792.28|132.33
540078,QMT_Title_002754,QMT_Purpose_002754,击杀虚弱的布莱士罗茵。,杀虚弱的布莱士罗茵,1,53552,0,15,0,2000,5583.38|7819.81|132.50
540079,QMT_Title_002755,QMT_Purpose_002755,使用药物检测光。,用于检测周围光线,4,25635,0,1,1,2000,5404.75|7780.74|138.65
540080,QMT_Title_002756,QMT_Purpose_002756,收集古代衣食道具从发光的土堆。,收集古代衣食道具,3,25636,0,10,1,2000,5520.95|7791.12|131.65
540081,QMT_Title_002757,QMT_Purpose_002757,击杀饥饿的布莱士罗茵。,杀饥饿的布莱士罗茵,1,53551,0,15,0,2000,5547.44|7792.28|132.33
540082,QMT_Title_002758,QMT_Purpose_002758,击杀虚弱的布莱士罗茵，获得它的毛发。,收集布莱士罗茵的毛,3,25637,0,20,1,2000,5583.38|7819.81|132.50
540083,QMT_Title_002759,QMT_Purpose_002759,击杀饥饿的布莱士罗茵。,杀饥饿的布莱士罗茵,1,53551,0,15,1,2000,5547.44|7792.28|132.33
540084,QMT_Title_002760,QMT_Purpose_002760,使用防御魔法。,使用防御魔法,4,25639,0,1,1,2000,5569.93|7835.26|132.42
540085,QMT_Title_002761,QMT_Purpose_002761,击杀红颜迈尔基斯。,杀红颜迈尔基斯,1,53554,0,1,0,2000,5584.33|7783.62|131.77
540086,QMT_Title_002762,QMT_Purpose_002762,计分的熊心侦察兵。,心脏熊侦察员援助,1,170601,0,10,0,4460,202.63|79.65|48.11
540087,QMT_Title_002763,QMT_Purpose_002763,屠宰和杀戮泰迪诺克斯。,杀手泰迪诺克斯教堂,1,170633,0,1,0,4461,416.57|114.19|47.07
540088,QMT_Title_002764,QMT_Purpose_002764,未显示卫萨姆堡的教堂。,在萨姆堡监护人未显示援助,1,170655,0,1,0,4462,447.03|274.77|13.33
540089,QMT_Title_002765,QMT_Purpose_002765,愈合的纪念碑的破坏。,纪念碑修复的破坏,1,53555,0,5,0,4460,383.76|446.34|103.24
540090,QMT_Title_002766,QMT_Purpose_002766,杀萨满云集的线虫。,萨满云集线虫援助,1,170634,0,1,0,4461,438.99|430.53|102.92
540091,QMT_Title_002767,QMT_Purpose_002767,杀死巨人kyurioh并计算发光的岩石的脚。,到光泽岩石的集合,3,25640,0,1,1,4460,98.06|436.65|74.81
540092,QMT_Title_002768,QMT_Purpose_002768,杀死叛徒男人和达克斯。,男性叛徒达克斯援助,1,170632,0,1,0,4461,287.83|431.63|90.17
540093,QMT_Title_002769,QMT_Purpose_002769,杀死博劳于岛监视兵，获得瀑布地区的秘密地图。,秘密地图收集,3,25641,0,17,1,2000,5412.67|8091.81|130.85
540094,QMT_Title_002770,QMT_Purpose_002770,池中收集粘草。,采集粘草,3,25642,0,10,1,2000,5445.83|8117.42|132.08
540095,QMT_Title_002771,QMT_Purpose_002771,安装胶粘剂陷阱。,安装胶粘剂陷阱,4,25643,0,1,1,2000,5433.14|8114.17|131.88
540096,QMT_Title_002772,QMT_Purpose_002772,击杀博劳于岛战士。,杀博劳于岛战士,1,53603,0,15,0,2000,5430.85|8124.08|132.33
540097,QMT_Title_002773,QMT_Purpose_002773,Shah和对话，心灵的感下降。,Shah和对话灵魂瀑布的感觉,2,54043,0,1,0,2000,5275.64|8147.57|131.53
540098,QMT_Title_002774,QMT_Purpose_002774,测量气体从地球喷涌的浓度，它变成了浓度计。,使用浓度计,4,25644,0,1,1,2000,5577.62|8033.46|128.97
540099,QMT_Title_002775,QMT_Purpose_002775,击杀锋利脚趾歪伊芬，并获得飞龙的翅膀。,收集飞龙翅膀,3,25645,0,20,1,2000,5542.25|8000.44|131.48
540100,QMT_Title_002776,QMT_Purpose_002776,采集瀑布附近的水桶。,收集瀑布之水,3,25646,0,10,1,2000,5552.99|8069.49|129.22
540101,QMT_Title_002777,QMT_Purpose_002777,击杀贝伊哈特组合师。,杀贝伊哈特组合师,1,53583,0,15,0,2000,5240.39|7850.57|131.66
540102,QMT_Title_002778,QMT_Purpose_002778,收集粉碎的黑曜石来自黑曜石堆。,收集碎黑曜石,3,25647,0,11,1,2000,5509.37|8010.28|133.01
540103,QMT_Title_002779,QMT_Purpose_002779,击杀锋利脚趾歪伊芬。,杀锋利脚趾歪伊芬,1,53593,0,15,0,2000,5542.25|8000.44|131.48
540104,QMT_Title_002780,QMT_Purpose_002780,击杀愤怒的歪伊芬。,杀愤怒的歪伊芬,1,53592,0,15,0,2000,5535.91|8044.19|130.91
540105,QMT_Title_002781,QMT_Purpose_002781,干掉歪伊芬王雅尔卡托。,杀歪伊芬王雅尔卡托,1,53594,0,1,0,2000,5584.67|7965.53|129.39
540106,QMT_Title_002782,QMT_Purpose_002782,击杀愤怒的歪伊芬，收集它的皮革。,飞龙皮革收集,3,25648,0,20,1,2000,5535.91|8044.19|130.91
540107,QMT_Title_002783,QMT_Purpose_002783,击杀锋利脚趾歪伊芬，并获得龙的眼泪。,收集龙的眼泪,3,25649,0,14,1,2000,5542.25|8000.44|131.48
540108,QMT_Title_002784,QMT_Purpose_002784,干掉咆哮的科利马。,杀咆哮的科利马,1,53604,0,1,0,2000,5397.81|8114.14|131.88
540109,QMT_Title_002785,QMT_Purpose_002785,击杀砂轮败兵，并获得砂轮的徽章。,砂轮的徽章收集,3,25650,0,25,1,2000,5275.21|8021.14|131.55
540110,QMT_Title_002786,QMT_Purpose_002786,罗契卡树采摘果实。,采摘罗契卡果实,3,25651,0,10,1,2000,5264.45|8030.06|131.85
540111,QMT_Title_002787,QMT_Purpose_002787,使用在迷幻磨床阵营中和剂。,使用幻觉中和剂,4,25652,0,1,1,2000,5292.39|7995.06|131.12
540112,QMT_Title_002788,QMT_Purpose_002788,击杀不屈亚吐。,杀不屈亚吐,1,53614,0,1,0,2000,5322.19|7983.70|131.07
540113,QMT_Title_002789,QMT_Purpose_002789,科恩与硫村的谈话。,科恩在谈话中硫村,2,54061,0,1,0,2000,4854.04|8282.00|149.63
540114,QMT_Title_002790,QMT_Purpose_002790,击杀博劳于岛战士，获得医药品。,药品回收,3,25653,0,15,1,2000,5359.58|8078.33|132.15
540115,QMT_Title_002791,QMT_Purpose_002791,收集作战文件箱中被撕的材料。,收集破损的文档,3,25654,0,10,1,2000,5374.48|8117.18|132.00
540116,QMT_Title_002792,QMT_Purpose_002792,与枪的灵魂瀑布的对话。,兰斯在灵魂的瀑布交谈,2,54045,0,1,0,2000,5274.68|8160.67|131.95
540117,QMT_Title_002793,QMT_Purpose_002793,击杀残酷的布莱士罗茵，获得布莱士罗茵的尾巴。,收集布莱士罗茵的尾巴,3,25655,0,22,1,2000,4730.32|8286.55|136.08
540118,QMT_Title_002794,QMT_Purpose_002794,击杀博劳于岛上级养育师，获得迷药。,迷药的收集,3,25656,0,25,1,2000,4763.49|8297.31|136.07
540119,QMT_Title_002795,QMT_Purpose_002795,科恩考察了硫在这个山谷点击的魔力。,科恩使用的点击魔术,4,25657,0,1,1,2000,4752.58|8288.85|136.08
540120,QMT_Title_002796,QMT_Purpose_002796,在硫磺炸弹堆回收硫磺炸弹。,硫磺弹收集,3,25658,0,10,1,2000,4730.27|8323.06|135.89
540121,QMT_Title_002797,QMT_Purpose_002797,干掉白胡子达尔拉汉。,杀死白胡子,1,53653,0,1,0,2000,4744.44|8338.39|136.08
540122,QMT_Title_002798,QMT_Purpose_002798,采集硫磺结晶。,硫磺晶体收集,3,25659,0,12,1,2000,4740.04|8279.65|136.09
540123,QMT_Title_002799,QMT_Purpose_002799,击杀残酷的布莱士罗茵，获得布莱士罗茵的舌头。,收集布莱士罗茵之舌,3,25660,0,23,1,2000,4730.32|8286.55|136.08
540124,QMT_Title_002800,QMT_Purpose_002800,事实上，治愈你的瘾交付。,事实上，通过了瘾疗法，是,7,25661,0,1,1,2000,4834.31|8309.96|147.95
540125,QMT_Title_002801,QMT_Purpose_002801,击杀凶残的布莱士罗茵。,杀凶残的布莱士罗茵,1,53641,0,20,0,2000,4741.89|8324.67|135.47
540126,QMT_Title_002802,QMT_Purpose_002802,击杀博劳于岛上级养育师。,杀死博劳于岛上级养育师,1,53651,0,20,0,2000,4763.49|8297.31|136.07
540127,QMT_Title_002803,QMT_Purpose_002803,收集冰冷的石头。,采集冷气石头,3,25662,0,10,1,2000,4991.00|8349.40|130.78
540128,QMT_Title_002804,QMT_Purpose_002804,击杀坚固甲内克洛斯，获得内克洛斯之根。,收集内克洛斯之根,3,25663,0,25,1,2000,5051.90|8339.82|128.82
540129,QMT_Title_002805,QMT_Purpose_002805,使用约束之盖。,使用约束之盖,4,25885,0,1,1,2000,5069.00|8346.00|128.84
541129,QMT_Title_002806,QMT_Purpose_002806,击杀彷徨之内克洛斯。,彷徨之内克洛斯,1,360413,0,1,1,2000,5069.00|8346.00|128.84
542129,QMT_Title_002807,QMT_Purpose_002807,击杀道德内克洛斯。,道德内克洛斯,1,360419,0,1,1,2000,5069.00|8346.00|128.84
540130,QMT_Title_002808,QMT_Purpose_002808,干掉暴走的拉蓬提普。,杀暴走的拉蓬提普,1,53633,0,17,0,2000,5022.76|8318.36|128.82
540131,QMT_Title_002809,QMT_Purpose_002809,处理弯角斯道拉。,杀弯角斯道拉,1,53634,0,1,0,2000,5095.55|8332.05|129.06
540132,QMT_Title_002810,QMT_Purpose_002810,击杀暴走的拉蓬提普，获得地震观测仪。,收集地震观测仪,3,25665,0,25,1,2000,5022.76|8318.36|128.82
540133,QMT_Title_002811,QMT_Purpose_002811,从努斯树收集怒斯之树的汁液。,采集怒斯之树的汁液,3,25666,0,13,1,2000,5025.62|8285.68|128.82
540134,QMT_Title_002812,QMT_Purpose_002812,月神使用萤火虫运动顺序。,使用萤火虫为了月神移动,4,12300,0,1,1,2000,0
541134,QMT_Title_002813,QMT_Purpose_002813,交谈阿德拉月神的束缚。,与阿德拉月神束缚交谈,2,51002,0,1,0,2501,165.91|258.40|152.77
540135,QMT_Title_002814,QMT_Purpose_002814,使用硫新村运动已序。,使用硫新村运动订单,4,25879,0,1,1,2501,0
541135,QMT_Title_002815,QMT_Purpose_002815,蒙克传递给地震观测。,路过的地震观测数据蒙克,7,25667,0,1,1,2000,4868.10|8309.25|149.63
540136,QMT_Title_002816,QMT_Purpose_002816,使用共振的珠子。,使用共振珠,4,25668,0,1,1,2000,4956.21|8310.08|136.01
540137,QMT_Title_002817,QMT_Purpose_002817,与激励器卡在休息之谷的对话。,火用卡和对话在休息之谷,2,54074,0,1,0,2000,4856.02|8609.50|129.49
540138,QMT_Title_002818,QMT_Purpose_002818,寻求yakchokkun论坛。,Yakchokkun佛拉搜索,2,54066,0,1,0,2000,5006.36|8342.41|129.57
540139,QMT_Title_002819,QMT_Purpose_002819,击杀坚固甲内克洛斯，获得福拉的药草袋。,收集药草袋,3,25669,0,25,1,2000,5051.90|8339.82|128.82
540140,QMT_Title_002820,QMT_Purpose_002820,击杀暴走的拉蓬提普。,杀暴走的拉蓬提普,1,53633,0,20,1,2000,5022.76|8318.36|128.82
540141,QMT_Title_002821,QMT_Purpose_002821,该论坛来护送硫村庄。,论坛保驾护航,5,43649,0,1,0,2000,4862.55|8305.44|149.37
540142,QMT_Title_002822,QMT_Purpose_002822,从远藤的阵营使用的单元火用卡的魔力。,卡使用魔法卡火用,4,25674,0,1,1,2000,5040.34|8591.36|147.65
540143,QMT_Title_002823,QMT_Purpose_002823,击杀安多斯突击兵，并获得安多斯的箱子。,收集安多斯的箱子,3,25675,0,25,1,2000,5078.98|8608.12|148.50
540144,QMT_Title_002824,QMT_Purpose_002824,在路里尔树收集路里尔树之果实。,采摘路里尔树之果实,3,25676,0,9,1,2000,5051.96|8537.96|145.67
540145,QMT_Title_002825,QMT_Purpose_002825,击杀安多斯炮弹兵。,杀安多斯炮弹兵,1,53682,0,18,0,2000,5072.12|8516.73|145.71
540146,QMT_Title_002826,QMT_Purpose_002826,击杀安多斯锦衣卫。,杀安多斯锦衣卫,1,53683,0,17,0,2000,5118.04|8583.87|152.82
540147,QMT_Title_002827,QMT_Purpose_002827,干掉铁壁卡勒顿。,处理铁壁卡勒顿,1,53684,0,1,0,2000,5123.17|8558.63|152.98
540148,QMT_Title_002828,QMT_Purpose_002828,击杀安多斯战士。,杀安多斯战士,1,53671,0,17,0,2000,4774.44|8560.92|105.42
540149,QMT_Title_002829,QMT_Purpose_002829,击杀安多斯战士，获得火山的研究材料。,收集火山的研究资料,3,25677,0,19,1,2000,4774.44|8560.92|105.42
540150,QMT_Title_002830,QMT_Purpose_002830,使用闪光弹。,使用闪光弹,4,25678,0,1,1,2000,4836.13|8529.87|127.67
540151,QMT_Title_002831,QMT_Purpose_002831,击杀安多斯猎人。,杀安多斯猎人,1,53672,0,17,0,2000,4838.92|8484.53|124.17
540152,QMT_Title_002832,QMT_Purpose_002832,击杀无情的内尔肯。,杀无情的内尔肯,1,53673,0,1,0,2000,4753.39|8592.79|105.53
540153,QMT_Title_002833,QMT_Purpose_002833,收集间歇喷泉的热水从被污染的土壤。,收集热水,3,25679,0,9,1,2000,4829.75|8493.45|124.14
540154,QMT_Title_002834,QMT_Purpose_002834,击杀安多斯猎人。,杀安多斯猎人,1,53672,0,19,1,2000,4828.35|8579.71|110.83
540155,QMT_Title_002835,QMT_Purpose_002835,击杀粗暴的凯尔贝鲁斯，获得凯尔贝鲁斯的体液。,收集凯尔贝鲁斯的体液,3,25681,0,25,1,2000,4830.03|8470.31|124.18
540156,QMT_Title_002836,QMT_Purpose_002836,使用混乱的烟幕。,使用混乱的烟雾,4,25886,0,1,1,2000,4875.78|8506.39|124.19
541156,QMT_Title_002837,QMT_Purpose_002837,击杀毒之马洛。,毒之马洛,1,360414,0,1,0,2000,4875.78|8506.39|124.19
540157,QMT_Title_002838,QMT_Purpose_002838,选择要搜索的打击友好岛齐名的页面。,选择搜索页面,2,54078,0,1,0,2000,5018.44|8631.39|153.04
540158,QMT_Title_002839,QMT_Purpose_002839,击杀安多斯突击兵，并寻求解毒药。,收集安多斯的解毒药,3,25682,0,25,1,2000,5078.98|8608.12|148.50
540159,QMT_Title_002840,QMT_Purpose_002840,破坏封印石碑。,破坏封印石碑,1,53674,0,20,0,2000,5046.36|8636.37|148.45
540160,QMT_Title_002841,QMT_Purpose_002841,陪护者选择那些已经成熟的页面的地方。,选择页面护航,5,43650,0,1,0,2000,4861.91|8610.16|129.13
540161,QMT_Title_002842,QMT_Purpose_002842,击杀安多斯锦衣卫。,杀安多斯锦衣卫,1,53683,0,20,0,2000,5041.06|8612.78|147.42
540162,QMT_Title_002843,QMT_Purpose_002843,采集阿莱草。,阿莱草采集,3,25687,0,11,1,2000,5181.66|8425.82|168.80
540163,QMT_Title_002844,QMT_Purpose_002844,使用冰凉空气中的弩。,使用冰凉空气中的弩,4,25688,0,1,1,2000,5169.85|8419.50|169.31
541163,QMT_Title_002845,QMT_Purpose_002845,击杀魔器魔法师。,魔器魔法师,1,360404,0,1,0,2000,5169.85|8419.50|169.31
540164,QMT_Title_002846,QMT_Purpose_002846,摧毁蒸汽生产机。,破坏蒸汽生产机,1,53704,0,25,0,2000,5169.60|8413.42|170.67
540165,QMT_Title_002847,QMT_Purpose_002847,击杀贝伊哈特上级战士。,杀贝伊哈特上级战士,1,53702,0,25,0,2000,5240.69|8391.59|182.15
540166,QMT_Title_002848,QMT_Purpose_002848,击杀猛烈坤泰罗。,杀猛烈坤泰罗,1,53703,0,1,0,2000,5170.09|8475.76|171.08
540167,QMT_Title_002849,QMT_Purpose_002849,干掉砂轮支援兵。,杀砂轮支援兵,1,53713,0,13,1,2000,5243.40|8421.18|166.39
540168,QMT_Title_002850,QMT_Purpose_002850,击杀砂轮特攻兵，获得战利品袋子。,战利品袋收集,3,25690,0,20,1,2000,5251.19|8465.19|158.74
540169,QMT_Title_002851,QMT_Purpose_002851,击杀怒激曼陀拉。,杀怒激曼陀拉,1,53714,0,1,0,2000,5339.38|8497.63|181.96
540170,QMT_Title_002852,QMT_Purpose_002852,击杀猖獗的奎里奥。,杀猖獗的奎里奥,1,53692,0,25,0,2000,5179.26|8397.00|174.64
540171,QMT_Title_002853,QMT_Purpose_002853,击杀猖獗的奎里奥，获得叛军的作战书。,收集叛军的作战书,3,25691,0,30,1,2000,5179.26|8397.00|174.64
540172,QMT_Title_002854,QMT_Purpose_002854,红头发的火山kaswi对话。,红色头发的火山Kaswi对话,2,54093,0,1,0,2000,5292.20|8317.62|192.58
540173,QMT_Title_002855,QMT_Purpose_002855,收集诺克斯树的叶子。,诺克斯叶收集,3,25692,0,11,1,2000,5228.45|8464.20|159.33
540174,QMT_Title_002856,QMT_Purpose_002856,击杀砂轮支援兵，收集纤维硬化剂。,收集纤维硬化剂,3,25693,0,30,1,2000,5244.98|8480.21|158.77
540175,QMT_Title_002857,QMT_Purpose_002857,安装快车网。,使用特级网,4,25694,0,1,1,2000,5232.96|8326.93|191.02
540176,QMT_Title_002858,QMT_Purpose_002858,该kansol交谈红发的火山。,Kansol交谈红发的火山,2,54097,0,1,0,2000,5370.01|8576.25|210.46
540177,QMT_Title_002859,QMT_Purpose_002859,采集火山露珠草。,收集火山露珠草,3,25695,0,11,1,2000,5239.32|8417.74|165.64
540178,QMT_Title_002860,QMT_Purpose_002860,击杀砂轮支援兵。,杀砂轮支援兵,1,53713,0,17,1,2000,5244.98|8480.21|158.77
540179,QMT_Title_002861,QMT_Purpose_002861,使用可疑的召唤卷轴。,使用可疑的召唤卷轴,4,25697,0,1,1,2000,5222.67|8458.99|159.00
541179,QMT_Title_002862,QMT_Purpose_002862,击杀智慧门使者，获得卡里阿的命令书。,获得命令书,3,25698,0,1,1,2000,5222.67|8458.99|159.00
540180,QMT_Title_002863,QMT_Purpose_002863,采集古代花。,收集古代花,3,25699,0,12,1,2000,5413.88|8651.40|211.23
540181,QMT_Title_002864,QMT_Purpose_002864,使用暴风雪的卷轴。,使用暴风雪卷轴,4,25700,0,1,1,2000,5427.78|8619.53|204.60
541181,QMT_Title_002865,QMT_Purpose_002865,击杀迅捷的西莫诺。,迅捷的西莫诺,1,360415,0,1,1,2000,5427.78|8619.53|204.60
542181,QMT_Title_002866,QMT_Purpose_002866,击杀敏捷的西莫诺。,敏捷的西莫诺,1,360420,0,1,1,2000,5427.78|8619.53|204.60
540182,QMT_Title_002867,QMT_Purpose_002867,干掉残忍西莫诺。,杀残忍西莫诺,1,53731,0,14,0,2000,5432.30|8650.56|209.61
540183,QMT_Title_002868,QMT_Purpose_002868,击杀火山灰魔像。,杀火山灰魔像,1,53741,0,14,0,2000,5503.55|8540.33|226.61
540184,QMT_Title_002869,QMT_Purpose_002869,破坏热岩的结界石。,破坏热岩的结界石,1,53745,0,15,0,2000,5449.91|8524.93|219.03
540185,QMT_Title_002870,QMT_Purpose_002870,干掉火山守护者迪米奥斯。,击杀火山守护者,1,53744,0,1,0,2000,5536.44|8600.67|229.44
540186,QMT_Title_002871,QMT_Purpose_002871,击杀贝伊哈特锦衣卫，获得石像碎片。,收集石像碎片,3,25701,0,14,1,2000,5270.84|8649.40|199.67
540187,QMT_Title_002872,QMT_Purpose_002872,击杀贝伊哈特决死兵，获得救援申请。,收集救援申请,3,25702,0,14,1,2000,5276.76|8612.60|202.39
540188,QMT_Title_002873,QMT_Purpose_002873,使用光斑。,烟火使用,4,25703,0,1,1,2000,5266.17|8570.66|183.96
541188,QMT_Title_002874,QMT_Purpose_002874,击杀燃烧西莫诺。,燃烧西莫诺,1,360407,0,1,0,2000,5266.17|8570.66|183.96
540189,QMT_Title_002875,QMT_Purpose_002875,击杀贝伊哈特锦衣卫。,杀贝伊哈特锦衣卫,1,53721,0,14,0,2000,5270.84|8649.40|199.67
540190,QMT_Title_002876,QMT_Purpose_002876,击杀信念斗士巴尔蒂鲁。,杀巴尔蒂鲁,1,53724,0,1,0,2000,5245.46|8612.75|184.24
540191,QMT_Title_002877,QMT_Purpose_002877,破坏高温陷阱。,破坏高温陷阱,1,53735,0,14,0,2000,5433.45|8615.84|205.71
540192,QMT_Title_002878,QMT_Purpose_002878,杀死凶残西莫诺，并寻求西莫诺的指甲。,收集西莫诺的指甲,3,25704,0,14,1,2000,5480.61|8593.85|207.37
540193,QMT_Title_002879,QMT_Purpose_002879,采集法鲁里水晶。,采集法鲁里水晶,3,25705,0,14,1,2000,5460.69|8575.71|207.25
540194,QMT_Title_002880,QMT_Purpose_002880,西莫诺的蛋的破坏。,毁灭西莫诺的蛋,1,53736,0,14,0,2000,5503.13|8638.30|207.15
540195,QMT_Title_002881,QMT_Purpose_002881,击杀西莫诺族长泰勒塔。,干掉西莫诺族长,1,53734,0,1,0,2000,5508.60|8617.13|212.49
540196,QMT_Title_002882,QMT_Purpose_002882,收集冷点草。,采集冷点草,3,25706,0,14,1,2000,5310.01|8646.92|202.93
540197,QMT_Title_002883,QMT_Purpose_002883,击杀凶残西莫诺，并得到粉末。,收集西莫诺之粉,3,25707,0,14,1,2000,5480.61|8593.85|207.37
540198,QMT_Title_002884,QMT_Purpose_002884,在百奥哈特箱子中，收集有问题的药品。,收集可疑的药,3,25708,0,14,1,2000,5296.49|8608.52|198.78
540199,QMT_Title_002885,QMT_Purpose_002885,使用的耐热药。,对使用的耐热,4,25709,0,1,1,2000,5337.47|8553.19|210.98
540200,QMT_Title_002886,QMT_Purpose_002886,击杀熔岩魔像，获得熔岩的决定。,收集熔岩晶体,3,25710,0,14,1,2000,5521.81|8551.70|22821
540201,QMT_Title_002887,QMT_Purpose_002887,汪达尔人，更环保的汽车基督城。,汪达尔富尔卡援助,1,170712,0,1,0,4470,321.47|315.85|29.84
540202,QMT_Title_002888,QMT_Purpose_002888,杀死所有的jujaeja牙齿，并寻求一个仪式性文件。,收集食物，衣服和住所的文件,3,25711,0,1,1,4471,95.03|116.00|11.39
540203,QMT_Title_002889,QMT_Purpose_002889,杀害jujaeja卡利杜丝。,卡莉jujaeja杜丝援助,1,170754,0,1,0,4472,71.63|430.33|3.44
541203,QMT_Title_002890,QMT_Purpose_002890,Jujaeja杀富摩丝。,Jujaeja富慕斯援助,1,170755,0,1,0,4472,352.82|40.46|2.43
540204,QMT_Title_002891,QMT_Purpose_002891,闪耀线得分的运动员采矿并计算热阱的材料。,收集的材料中陷阱除霜器,3,25712,0,5,1,4470,230.02|136.60|10.21
540205,QMT_Title_002892,QMT_Purpose_002892,这一击岛上有史以来开采的洋葱得分的运动员。,吹曾经开采岛洋葱援助饮酒,1,170722,0,5,0,4471,281.58|124.19|5.85
540206,QMT_Title_002893,QMT_Purpose_002893,通常清除圣地至S级难度的转移。,已清除,9,4460,3,1,0,2000,0
540207,QMT_Title_002894,QMT_Purpose_002894,清除Hard难度的SS级的勇士的圣地。,SS居清除,9,4461,4,1,0,2000,0
540208,QMT_Title_002895,QMT_Purpose_002895,很清楚，在SSS级难度的勇士们的圣地。,SSS级清除,9,4462,5,1,0,2000,0
540209,QMT_Title_002896,QMT_Purpose_002896,通常清除红发的火山溶洞带S级的难度。,已清除,9,4470,3,1,0,2000,0
540210,QMT_Title_002897,QMT_Purpose_002897,火山洞穴，红发SS级别的清晰困难。,SS居清除,9,4471,4,1,0,2000,0
540211,QMT_Title_002898,QMT_Purpose_002898,火山洞穴，红色的头发SSS级的很清楚难度。,SSS级清除,9,4472,5,1,0,2000,0
550001,QMT_Title_002899,QMT_Purpose_002899,破坏风之水晶。,破坏风之水晶,1,54731,0,6,0,2000,4812.49|8092.01|135.73
550002,QMT_Title_002900,QMT_Purpose_002900,破坏天空之水晶。,破坏天空之水晶,1,54732,0,6,0,2000,4758.91|8029.37|129.55
550003,QMT_Title_002901,QMT_Purpose_002901,该deteo和对话。,Deteo谈话,2,55004,0,1,0,2000,4677.03|7868.48|118.95
550004,QMT_Title_002902,QMT_Purpose_002902,击败天空哥布林酋长来获得水晶半圆文书。,获得水晶半圆文书,3,25868,0,1,1,2000,4955.34|7814.29|128.55
550005,QMT_Title_002903,QMT_Purpose_002903,该jawoo和对话。,Jawoo谈话,2,55031,0,1,0,2000,4847.11|7556.39|118.36
550006,QMT_Title_002904,QMT_Purpose_002904,获取田野技术人员的蓝图。,收集田野设计图,3,25714,0,6,1,2000,4799.93|7495.79|115.19
550007,QMT_Title_002905,QMT_Purpose_002905,获得从族长携带的搬运田野的文书。,获得搬运田野的文书,3,25715,0,1,1,2000,4961.92|7517.25|117.58
550008,QMT_Title_002906,QMT_Purpose_002906,利钢和对话。,李钢铁和会话,2,55036,0,1,0,2000,4742.31|7308.66|101.31
550009,QMT_Title_002907,QMT_Purpose_002907,翼之草从叶片草采集。,叶片草的采样,3,25716,0,6,1,2000,4736.54|7368.01|103.68
550010,QMT_Title_002908,QMT_Purpose_002908,杀阿维卡勒巫师得到阿维卡勒灵魂的决策。,阿维卡勒巫师收集灵魂,3,25717,0,20,1,2000,4980.09|7448.63|101.84
550011,QMT_Title_002909,QMT_Purpose_002909,环阿斯达和对话。,阿斯达和对话圈,2,55064,0,1,0,2000,5203.55|7467.96|107.66
550012,QMT_Title_002910,QMT_Purpose_002910,收集来自礁石砂轮巫师。,止血草收集,3,25718,0,15,1,2000,5209.90|7368.09|100.01
550013,QMT_Title_002911,QMT_Purpose_002911,李氏芬特明和对话。,李芬特明和对话,2,55065,0,1,0,2000,5445.99|7408.27|101.80
550014,QMT_Title_002912,QMT_Purpose_002912,击杀灰色肯塔伍露丝驿站，获得俘虏移送文书。,获得俘虏移送文书,3,25719,0,6,1,2000,5473.46|7267.35|124.46
550015,QMT_Title_002913,QMT_Purpose_002913,击杀灰色肯塔伍露丝监视。,杀灰色肯塔伍露丝监视,1,54612,0,6,0,2000,5467.21|7216.53|135.12
550016,QMT_Title_002914,QMT_Purpose_002914,击杀伊尔内斯特侦察兵。,杀伊尔内斯特侦察兵,1,54631,0,6,0,2000,5196.14|6852.29|86.15
550017,QMT_Title_002915,QMT_Purpose_002915,李羲和兄弟芬特明和对话。,卫材和对话,2,55098,0,1,0,2000,5326.94|6975.35|65.98
550018,QMT_Title_002916,QMT_Purpose_002916,护送吉娜。,习护航,2,55091,0,1,0,2000,5201.89|7078.05|91.06
550019,QMT_Title_002917,QMT_Purpose_002917,该kyueon和对话。,Kyueon谈话,2,55094,0,1,0,2000,5424.74|6908.61|85.14
550020,QMT_Title_002918,QMT_Purpose_002918,所收集的绿色树叶从法拉的树。,收集法拉的树叶,3,25720,0,6,1,2000,5366.43|6859.24|81.38
550021,QMT_Title_002919,QMT_Purpose_002919,该talren钢和对话。,Talren钢和谈话,2,55121,0,1,0,2000,5017.82|6929.04|106.91
550022,QMT_Title_002920,QMT_Purpose_002920,击杀田野卫队。,打死田野卫队,1,54673,0,6,0,2000,4990.82|7032.35|100.35
550023,QMT_Title_002921,QMT_Purpose_002921,击杀田野之族，获得族长的密信。,得到密信,3,25721,0,1,1,2000,4934.48|7101.66|105.80
550024,QMT_Title_002922,QMT_Purpose_002922,环阿斯达和对话。,阿斯达和对话圈,2,55124,0,1,0,2000,4756.68|6773.36|126.41
550025,QMT_Title_002923,QMT_Purpose_002923,击杀焰火智慧门队长黑暗之翼，获得她的灵魂决定。,收集黑色之翼的灵魂决定,3,25722,0,1,1,2000,4879.81|6730.01|126.03
550026,QMT_Title_002924,QMT_Purpose_002924,击杀焰火智慧门看守者的堕落门。,焰火智慧门看守者的堕落门,1,54716,0,1,0,2000,4948.27|6752.27|126.03
550027,QMT_Title_002925,QMT_Purpose_002925,杀死藤蔓哥布林。,藤蔓哥布林,1,54501,0,6,0,2000,4947.25|8084.96|132.64
550028,QMT_Title_002926,QMT_Purpose_002926,消灭藤蔓哥布林炮弹兵。,藤蔓哥布林炮弹兵,1,54502,0,6,0,2000,4867.13|8078.28|134.86
550029,QMT_Title_002927,QMT_Purpose_002927,击杀藤蔓哥布林。,藤蔓哥布林,1,54501,0,6,0,2000,4896.77|8113.20|133.56
551029,QMT_Title_002928,QMT_Purpose_002928,击杀钢铁北神。,钢铁北神,1,54504,0,6,0,2000,4896.77|8113.20|133.56
550030,QMT_Title_002929,QMT_Purpose_002929,干掉藤蔓哥布林族长皮皮鲁。,藤蔓哥布林族长皮皮鲁,1,54505,0,1,0,2000,4970.95|8135.82|133.41
551030,QMT_Title_002930,QMT_Purpose_002930,干掉钢铁北神族长脚掌。,钢铁北神族长脚掌,1,54506,0,1,0,2000,4929.98|8119.48|132.84
550031,QMT_Title_002931,QMT_Purpose_002931,击杀藤曼哥布林获取。,收集樟脑丸,3,25723,0,6,1,2000,4968.81|8053.17|131.21
550032,QMT_Title_002932,QMT_Purpose_002932,收集闪亮水晶。,闪亮水晶收集,3,25724,0,6,1,2000,4749.55|8095.01|140.00
550033,QMT_Title_002933,QMT_Purpose_002933,击杀藤蔓哥布林炮弹兵拾取清新草。,收集清新草,3,25725,0,6,1,2000,4837.87|8060.70|136.32
550034,QMT_Title_002934,QMT_Purpose_002934,使用清新药。,使用清新药,4,25726,0,1,0,2000,4936.41|8011.95|143.62
550035,QMT_Title_002935,QMT_Purpose_002935,击杀风声法雷尔莱德，获得它的声音袋。,声音袋的收集,3,25727,0,6,1,2000,4704.50|8004.67|131.34
550036,QMT_Title_002936,QMT_Purpose_002936,击杀叮当脚法雷尔莱德.,叮当脚法雷尔莱德,1,54521,0,6,1,2000,4751.05|8048.19|133.73
550037,QMT_Title_002937,QMT_Purpose_002937,使用叮铃铃。,使用叮铃铃,4,25729,0,1,1,2000,4726.42|8048.96|135.37
550038,QMT_Title_002938,QMT_Purpose_002938,该文件将被转发到玛尼syaneu实验。,Syaneu通过测试文档玛尼,7,25730,0,1,1,2000,4682.64|7864.44|118.74
550039,QMT_Title_002939,QMT_Purpose_002939,击杀悲鸣声法雷尔莱德，寻求法雷尔莱德的犄角。,收集法雷尔莱德的犄角,3,25731,0,6,1,2000,4698.67|8096.01|145.37
550040,QMT_Title_002940,QMT_Purpose_002940,击杀一只叮当脚法雷尔莱德，获得法雷尔莱德鞍装。,获得法雷尔莱德鞍装,3,25732,0,1,1,2000,4701.13|8001.38|131.16
550041,QMT_Title_002941,QMT_Purpose_002941,击杀叮当脚法雷尔莱德。,杀叮当脚法雷尔莱德,1,54521,0,6,0,2000,4694.03|8147.35|150.14
550042,QMT_Title_002942,QMT_Purpose_002942,破坏两只嘴的树。,破坏两只嘴的树,1,54742,0,6,0,2000,4735.38|7901.96|116.45
550043,QMT_Title_002943,QMT_Purpose_002943,击杀法雷尔莱德队长艾玫拉岛斯。,干掉队长,1,54524,0,1,0,2000,4686.93|8076.33|152.11
550044,QMT_Title_002944,QMT_Purpose_002944,从水芭蕉芭蕉取水。,芭蕉水样采集,7,25736,0,1,1,2000,4817.87|7846.40|109.69
550045,QMT_Title_002945,QMT_Purpose_002945,击杀长触角矛斯伦。,长触角矛斯伦,1,54511,0,6,1,2000,4772.31|7825.84|112.49
550046,QMT_Title_002946,QMT_Purpose_002946,使用艾弗洒水。,用喷水,4,25735,0,1,0,2000,4751.09|7917.78|113.58
550047,QMT_Title_002947,QMT_Purpose_002947,杀死矛斯伦首领斯科托。,干掉首领,1,54514,0,1,0,2000,4791.65|7880.02|112.00
550048,QMT_Title_002948,QMT_Purpose_002948,击杀敏锐的触角矛斯伦。,敏锐的触角矛斯伦,1,54513,0,6,0,2000,4693.24|7816.88|114.15
550049,QMT_Title_002949,QMT_Purpose_002949,击杀长触角矛斯伦。,长触角矛斯伦,1,54511,0,6,0,2000,4732.17|7894.82|116.97
550050,QMT_Title_002950,QMT_Purpose_002950,击杀风车斯凯哥布林，获得草绿色的平和团研究文书。,研究文书收集,3,25737,0,6,1,2000,4815.47|7750.81|112.92
550051,QMT_Title_002951,QMT_Purpose_002951,干掉斯凯哥布林族长斯斯鲁。,族长斯斯鲁,1,54534,0,1,0,2000,4955.34|7814.29|128.55
550052,QMT_Title_002952,QMT_Purpose_002952,干掉长触角矛斯伦。,处理长触角矛斯伦,1,54511,0,6,0,2000,4710.69|7887.95|117.71
550053,QMT_Title_002953,QMT_Purpose_002953,处理粗触角矛斯伦，获得矛斯伦的腿。,收集矛斯伦的腿,3,25869,0,6,1,2000,4743.50|7883.58|116.21
550054,QMT_Title_002954,QMT_Purpose_002954,收集魔法钟月花。,采摘魔法钟月花,3,25738,0,6,1,2000,4731.67|7727.04|111.93
550055,QMT_Title_002955,QMT_Purpose_002955,击杀破坏斯凯哥布林。,杀破坏斯凯哥布林,1,54532,0,6,0,2000,4950.73|7759.15|131.71
550056,QMT_Title_002956,QMT_Purpose_002956,摩尼温度计测量温度。,玛尼温度计测量温度,4,25739,0,1,1,2000,4905.09|7724.18|129.28
550057,QMT_Title_002957,QMT_Purpose_002957,摧毁药物装置在天空哥布林营地。,销毁药物装置,1,54743,0,6,0,2000,4835.77|7780.13|112.71
550058,QMT_Title_002958,QMT_Purpose_002958,击杀旋风斯凯哥布林。,杀旋风斯凯哥布林,1,54533,0,6,0,2000,5034.62|7773.45|121.43
550059,QMT_Title_002959,QMT_Purpose_002959,摧毁哥布林炸弹。,哥布林炸弹,1,54741,0,6,1,2000,4752.18|7706.78|112.06
550060,QMT_Title_002960,QMT_Purpose_002960,栽一棵树。,种植幼苗,4,25741,0,1,0,2000,4822.57|7776.75|111.57
550061,QMT_Title_002961,QMT_Purpose_002961,Riseom提供了一个温度研究书。,温度研究书交付,7,25742,0,1,1,2000,4849.32|7569.55|118.36
550062,QMT_Title_002962,QMT_Purpose_002962,收集阵雨草。,采集阵雨草,3,25743,0,10,1,2000,4904.35|7495.05|114.65
550063,QMT_Title_002963,QMT_Purpose_002963,使用龙光破坏竹竿。,使用破坏炉条,4,25744,0,1,1,2000,4999.93|7597.48|126.65
550064,QMT_Title_002964,QMT_Purpose_002964,击杀田野族长木盖伦。,干掉族长,1,54544,0,1,0,2000,4961.92|7517.25|117.58
550065,QMT_Title_002965,QMT_Purpose_002965,击杀田野旷工。,杀田野旷工,1,54551,0,6,0,2000,4963.00|7634.20|126.93
550066,QMT_Title_002966,QMT_Purpose_002966,摧毁矿物桶。,破坏矿物桶,1,54744,0,6,0,2000,4913.89|7641.51|128.23
550067,QMT_Title_002967,QMT_Purpose_002967,干掉监督员。,田野监督员卫黁,1,54554,0,1,0,2000,5008.63|7618.10|126.85
550068,QMT_Title_002968,QMT_Purpose_002968,黑色的大锤是从田野铁匠获得。,收集黑锤,3,25745,0,14,1,2000,4829.64|7531.01|116.23
550069,QMT_Title_002969,QMT_Purpose_002969,从田野炼金师获得。,收集田野之燃料,3,25746,0,14,1,2000,4932.24|7483.82|114.28
550070,QMT_Title_002970,QMT_Purpose_002970,击杀田野道具师，获得田之矿山道具。,收集田之矿山道具,3,25747,0,14,1,2000,4954.83|7619.07|126.28
550071,QMT_Title_002971,QMT_Purpose_002971,从稻田树木箱中获得精心制作的水晶。,收集精心制作的水晶,3,25748,0,14,1,2000,4958.46|7644.71|126.80
550072,QMT_Title_002972,QMT_Purpose_002972,血花将从矿工的身上收集。,血花收集,3,25749,0,14,1,2000,4929.34|7634.28|127.52
550073,QMT_Title_002973,QMT_Purpose_002973,该jawoo和对话。,Jawoo谈话,2,55031,0,1,0,2000,4861.92|7560.40|118.26
550074,QMT_Title_002974,QMT_Purpose_002974,击杀田野炼金师。,杀田野炼金师,1,54543,0,14,0,2000,4896.73|7491.09|114.35
550075,QMT_Title_002975,QMT_Purpose_002975,采集夕阳水晶。,收集夕阳水晶,3,25750,0,14,1,2000,4786.58|7481.39|114.02
550076,QMT_Title_002976,QMT_Purpose_002976,星岛和对话。,星岛和会话,2,55032,0,1,0,2000,4840.79|7563.36|118.36
550077,QMT_Title_002977,QMT_Purpose_002977,击杀田野管理者，获得管理员颁发的文书。,获得管理员颁发的文书,3,25751,0,1,1,2000,4992.17|7644.57|127.00
550078,QMT_Title_002978,QMT_Purpose_002978,利钢和对话。,李钢铁和会话,2,55036,0,1,0,2000,4742.31|7308.66|101.31
550079,QMT_Title_002979,QMT_Purpose_002979,铝的阿亚隆和对话。,铝的交谈与青金石,2,55035,0,1,0,2000,4911.24|7659.87|128.84
550080,QMT_Title_002980,QMT_Purpose_002980,真理吊坠获得来自矿山的监督员。,真理挂坠,3,25752,0,1,1,2000,5008.43|7626.02|126.90
550081,QMT_Title_002981,QMT_Purpose_002981,它送往阿尔的。,铝的保驾护航,2,55034,0,1,0,2000,4853.24|7553.59|118.36
550082,QMT_Title_002982,QMT_Purpose_002982,干掉迎月特利皮特。,消灭迎月特利皮特,1,54561,0,14,0,2000,4693.15|7450.33|111.86
550083,QMT_Title_002983,QMT_Purpose_002983,从阿维卡勒战士收集发霉的矿石。,发霉的矿石收集,3,25753,0,14,1,2000,4962.98|7431.39|101.02
550084,QMT_Title_002984,QMT_Purpose_002984,使用树进料停止杆。,使用树挡住了进酒吧,4,25754,0,1,1,2000,4722.65|7345.38|101.14
550085,QMT_Title_002985,QMT_Purpose_002985,击杀太阳花特利皮特。,杀太阳花特利皮特,1,54563,0,14,0,2000,4709.60|7406.93|107.58
550086,QMT_Title_002986,QMT_Purpose_002986,使用干燥药。,使用干燥药,4,25870,0,1,0,2000,4832.77|7391.05|110.30
550087,QMT_Title_002987,QMT_Purpose_002987,击杀影子特利皮特。,杀影子特利皮特,1,54562,0,14,0,2000,4774.30|7456.69|111.86
550088,QMT_Title_002988,QMT_Purpose_002988,击杀阿维卡勒药师，获得雨粉草。,收集雨粉草,3,25755,0,14,1,2000,5048.51|7493.25|104.85
550089,QMT_Title_002989,QMT_Purpose_002989,处理影子特利皮特，获得画家特利皮特花瓣。,收集特利皮特的花瓣,3,25756,0,14,1,2000,4734.85|7483.86|112.93
550090,QMT_Title_002990,QMT_Purpose_002990,从阿维卡勒巫师收集流动的水晶。,流动的水晶收集,3,25757,0,14,1,2000,5001.05|7441.41|102.82
550091,QMT_Title_002991,QMT_Purpose_002991,使用流动的追踪水晶。,使用流动的追踪水晶,4,25758,0,1,1,2000,5091.09|7509.44|104.78
550092,QMT_Title_002992,QMT_Purpose_002992,击杀阿维卡勒战士。,杀阿维卡勒战士,1,54571,0,14,0,2000,4895.99|7370.30|98.27
550093,QMT_Title_002993,QMT_Purpose_002993,从迎月特里皮特收集。,湿粉收集,3,25759,0,14,1,2000,4820.75|7353.58|99.53
550094,QMT_Title_002994,QMT_Purpose_002994,采摘雷花。,采摘雷花,3,25760,0,8,1,2000,5004.83|7454.91|102.81
550095,QMT_Title_002995,QMT_Purpose_002995,关于雷鸣般的香味吸引了女中音茶。,使用雷鸣香气之药,4,25761,0,1,0,2000,4899.76|7384.52|98.95
551095,QMT_Title_002996,QMT_Purpose_002996,击杀哈比指挥官梅索缇。,干掉哈比指挥官,1,360408,0,1,0,2000,4899.76|7384.52|98.95
550096,QMT_Title_002997,QMT_Purpose_002997,镜之矿石获得从太阳花特利皮特。,收集镜之矿石,3,25762,0,14,1,2000,4725.34|7360.81|103.07
550097,QMT_Title_002998,QMT_Purpose_002998,使用镜子药。,使用镜子药,4,25763,0,1,0,2000,4817.81|7301.82|96.83
550098,QMT_Title_002999,QMT_Purpose_002999,从阿维卡勒巫师身上得到克拉斯实验机。,找回克拉斯实验机,3,25764,0,1,1,2000,5079.27|7371.74|103.36
550099,QMT_Title_003000,QMT_Purpose_003000,击杀阿维卡勒药师，获得阿贝卡勒的口袋。,阿贝卡勒的口袋收集,3,25765,0,14,1,2000,5026.61|7475.44|103.70
550100,QMT_Title_003001,QMT_Purpose_003001,收集翼之花从翅膀树。,采摘翅膀树,3,25766,0,14,1,2000,4912.13|7378.44|98.62
550101,QMT_Title_003002,QMT_Purpose_003002,在一月和对话。,一月谈话,2,55062,0,1,0,2000,5211.78|7477.59|107.66
550102,QMT_Title_003003,QMT_Purpose_003003,从暴乱之黑色布尔兰特收集尾巴。,收集布尔兰特的尾巴,3,25767,0,14,1,2000,5140.25|7535.63|102.61
550103,QMT_Title_003004,QMT_Purpose_003004,从猖狂的黑色布尔兰特收集到的水晶。,收集闪光的水晶,3,25768,0,14,1,2000,5192.40|7525.78|103.37
550104,QMT_Title_003005,QMT_Purpose_003005,使用秋天分析仪。,使用秋天分析仪,4,25769,0,1,1,2000,5237.82|7559.96|103.24
550105,QMT_Title_003006,QMT_Purpose_003006,获得经历黑色的布尔兰特的犄角。,收集布朗特犄角,3,25770,0,14,1,2000,5148.13|7479.43|103.59
550106,QMT_Title_003007,QMT_Purpose_003007,从礁石砂轮弓箭手收集到的。,马希塔水晶,3,25771,0,14,1,2000,5326.77|7504.88|96.12
550107,QMT_Title_003008,QMT_Purpose_003008,香树是从经历黑色的布尔兰特获得。,香树收集,3,25772,0,14,1,2000,5188.24|7441.60|107.58
550108,QMT_Title_003009,QMT_Purpose_003009,它提供未知月的菜,传递未知扬菜,7,25773,0,1,1,2000,5212.85|7475.00|107.66
550109,QMT_Title_003010,QMT_Purpose_003010,击杀猖狂的黑色布尔兰特。,杀猖狂的黑色布尔兰特,1,54583,0,14,0,2000,5151.70|7544.59|102.58
550110,QMT_Title_003011,QMT_Purpose_003011,采摘德莱草。,收集德莱草,3,25774,0,14,1,2000,5270.22|7549.85|105.13
550111,QMT_Title_003012,QMT_Purpose_003012,使用德莱振动器。,使用德莱振动器,4,25775,0,1,1,2000,5233.78|7553.87|102.32
550112,QMT_Title_003013,QMT_Purpose_003013,击杀布尔兰特首领。,干掉首领,1,54584,0,1,0,2000,5313.10|7551.38|104.49
550113,QMT_Title_003014,QMT_Purpose_003014,击杀礁石砂轮战士。,杀礁石砂轮战士,1,54591,0,14,0,2000,5296.21|7399.77|99.47
550114,QMT_Title_003015,QMT_Purpose_003015,采集光碟花。,收集光碟花,3,25776,0,8,1,2000,5296.43|7342.73|99.19
550115,QMT_Title_003016,QMT_Purpose_003016,利用光碟花簇来吸引岩石砂轮队长。,利用光碟花簇,4,25777,0,1,0,2000,5296.81|7381.35|99.38
551115,QMT_Title_003017,QMT_Purpose_003017,打败岩石砂轮队长福尔格拉，寻求布拉克秘密文书。,获得布拉克秘密文书,3,25877,0,1,1,2000,5296.81|7381.35|99.38
550116,QMT_Title_003018,QMT_Purpose_003018,半人马将与酋长特理论通话。,特理论和谈话,2,55066,0,1,0,2000,5387.27|7394.47|94.32
550117,QMT_Title_003019,QMT_Purpose_003019,击杀礁石砂轮巫师。,杀礁石砂轮巫师,1,54592,0,14,0,2000,5308.92|7375.06|99.59
550118,QMT_Title_003020,QMT_Purpose_003020,收集锻铁树上的树皮。,铁树之壳采集,3,25778,0,14,1,2000,5288.87|7469.25|97.07
550119,QMT_Title_003021,QMT_Purpose_003021,使用临时措施。,临时措施,4,25779,0,1,1,2000,5192.35|7476.96|106.53
550120,QMT_Title_003022,QMT_Purpose_003022,获取礁石砂轮弓箭手里的检察队粮食袋。,收集检察队粮食袋,3,25780,0,14,1,2000,5293.08|7466.42|96.92
550121,QMT_Title_003023,QMT_Purpose_003023,它从礁石砂轮战士身上获得奇妙的草药。,奇妙的草药收集,3,25781,0,14,1,2000,5284.93|7351.14|99.51
550122,QMT_Title_003024,QMT_Purpose_003024,从礁石砂轮巫师中携带证件获得。,获得药材运输单据,3,25782,0,1,1,2000,5285.61|7369.27|99.59
550123,QMT_Title_003025,QMT_Purpose_003025,从礁石砂轮巫师，得到黑色的项链。,收集黑色项链,3,25783,0,14,1,2000,5318.82|7338.92|99.06
550124,QMT_Title_003026,QMT_Purpose_003026,在一月和对话。,一月谈话,2,55062,0,1,0,2000,5212.85|7475.00|107.66
550125,QMT_Title_003027,QMT_Purpose_003027,击杀德利尔洛克之破坏。,杀德利尔洛克之破坏,1,54601,0,14,0,2000,5543.06|7552.03|111.19
550126,QMT_Title_003028,QMT_Purpose_003028,从德利尔洛克之阴影获得切割水晶。,切割水晶收集,3,25784,0,14,1,2000,5511.14|7458.88|102.79
550127,QMT_Title_003029,QMT_Purpose_003029,使用半人马腾电器。,使用半人马腾电器,4,25785,0,1,0,2000,5521.41|7578.75|111.42
550128,QMT_Title_003030,QMT_Purpose_003030,击杀德利尔洛克首领血风花。,干掉首领,1,54604,0,1,0,2000,5508.14|7583.58|111.36
550129,QMT_Title_003031,QMT_Purpose_003031,从德利尔洛克之刺获得。,收集风之草,3,25786,0,14,1,2000,5475.35|7427.74|97.13
550130,QMT_Title_003032,QMT_Purpose_003032,进入涡流发生器采用钻日志阵营。,使用涡流发生器,4,25787,0,1,1,2000,5547.43|7544.77|110.76
550131,QMT_Title_003033,QMT_Purpose_003033,击杀德利尔洛克之刺。,杀德利尔洛克之刺,1,54602,0,14,0,2000,5516.25|7592.49|111.46
550132,QMT_Title_003034,QMT_Purpose_003034,半人马埋下了种子。,半人马种子播种,4,25788,0,1,0,2000,5462.39|7475.97|99.19
550133,QMT_Title_003035,QMT_Purpose_003035,收集漆土石。,采集漆黑石,3,25789,0,14,1,2000,5439.75|7580.30|106.32
550134,QMT_Title_003036,QMT_Purpose_003036,使用粉末。,使用漆土粉末,4,25790,0,1,0,2000,5455.51|7585.53|107.96
550135,QMT_Title_003037,QMT_Purpose_003037,击杀德利尔洛克之阴影。,杀德利尔洛克之阴影,1,54603,0,14,0,2000,5533.32|7588.70|111.46
550136,QMT_Title_003038,QMT_Purpose_003038,从灰色肯塔伍露丝监视获得。,收集奇妙的水晶碎片,3,25791,0,14,1,2000,5552.59|7192.05|129.51
550137,QMT_Title_003039,QMT_Purpose_003039,收集马蹄水晶。,采摘马蹄水晶,3,25792,0,14,1,2000,5468.63|7200.36|135.42
550138,QMT_Title_003040,QMT_Purpose_003040,使用半人马魅力。,使用半人马魅力,4,25793,0,1,0,2000,5468.34|7199.60|135.14
550139,QMT_Title_003041,QMT_Purpose_003041,摧毁奇妙的水晶。,破坏奇妙的水晶,1,54751,0,14,0,2000,5403.42|7203.78|145.17
550140,QMT_Title_003042,QMT_Purpose_003042,干掉灰色肯塔伍露丝头领卡里伦。,干掉头领,1,54614,0,1,0,2000,5408.29|7211.50|145.03
550141,QMT_Title_003043,QMT_Purpose_003043,从矿石木桶收集西洋镜矿石。,收集西洋镜矿石,3,25794,0,14,1,2000,5512.55|7325.40|105.45
550142,QMT_Title_003044,QMT_Purpose_003044,从灰色肯塔伍露丝驿站获得西洋镜矿石搬运文书。,收集西洋镜矿石搬运文书,3,25795,0,14,1,2000,5466.61|7270.55|124.32
550143,QMT_Title_003045,QMT_Purpose_003045,特理论和交谈。,特理论和谈话,2,55066,0,1,0,2000,5387.27|7394.47|94.32
550144,QMT_Title_003046,QMT_Purpose_003046,击杀灰色肯塔伍露丝攻击者。,杀灰色肯塔伍露丝攻击者,1,54611,0,14,0,2000,5548.53|7283.15|116.32
550145,QMT_Title_003047,QMT_Purpose_003047,销毁毒品桶。,破坏药品桶,1,54752,0,14,0,2000,5404.57|7306.43|97.16
550146,QMT_Title_003048,QMT_Purpose_003048,大地水晶从灰色肯塔伍露丝攻击者收集。,大地水晶收集,3,25796,0,14,1,2000,5539.01|7298.34|114.89
550147,QMT_Title_003049,QMT_Purpose_003049,从宪兵皮囊袋中收集灰色的土。,灰色土的收集,3,25797,0,14,1,2000,5479.59|7058.63|97.82
550148,QMT_Title_003050,QMT_Purpose_003050,击杀藤之刺宪兵，以获得宪兵之灵魂石。,收集宪兵之灵魂石,3,25798,0,14,1,2000,5433.03|6995.01|85.36
550149,QMT_Title_003051,QMT_Purpose_003051,该nimeu和对话。,Nimeu谈话,2,55091,0,1,0,2000,5203.34|7077.62|91.06
550150,QMT_Title_003052,QMT_Purpose_003052,击杀宪兵队长陂灭穆。,干掉队长,1,54624,0,1,0,2000,5552.83|7030.54|98.53
550151,QMT_Title_003053,QMT_Purpose_003053,击杀夜之宪兵，获得它的根。,收集宪兵之根,3,25799,0,14,1,2000,5452.44|6992.86|85.98
550152,QMT_Title_003054,QMT_Purpose_003054,从伊尔内斯特暗杀者收集到紧张水晶。,紧张水晶收集,3,25800,0,14,1,2000,5212.22|6920.16|84.91
550153,QMT_Title_003055,QMT_Purpose_003055,用紧张手杖。,使用国王手杖,4,25871,0,1,1,2000,5473.69|7046.33|95.68
550154,QMT_Title_003056,QMT_Purpose_003056,所收集的树叶从天空哥布林医师。,收集无痛之树叶,3,25801,0,14,1,2000,5360.26|6852.95|80.99
550155,QMT_Title_003057,QMT_Purpose_003057,从财团中采集的土壤。,土壤取样,3,25802,0,14,1,2000,5432.27|7014.34|86.21
550156,QMT_Title_003058,QMT_Purpose_003058,击杀钢铁之宪兵，获得结实的宪兵之刺。,收集结实的宪兵之刺,3,25803,0,14,1,2000,5519.83|7067.46|98.01
550157,QMT_Title_003059,QMT_Purpose_003059,从池中收集笑声草。,采集笑草,3,25804,0,14,1,2000,5560.90|7008.24|97.99
550158,QMT_Title_003060,QMT_Purpose_003060,使用杰德木棍。,使用杰德木棍,4,25805,0,1,0,2000,5202.54|7070.99|91.06
550159,QMT_Title_003061,QMT_Purpose_003061,请使用火花弹。,使用火焰射,4,25806,0,1,0,2000,5281.25|6977.14|70.17
550160,QMT_Title_003062,QMT_Purpose_003062,摧毁伊尔内斯特脚镣。,破坏伊尔内斯特脚镣,1,54753,0,14,0,2000,5287.36|6964.21|67.03
551160,QMT_Title_003063,QMT_Purpose_003063,请使用防火nimeu做主。,使用火焰射,4,25806,0,1,0,2000,5281.25|6977.14|70.17
550161,QMT_Title_003064,QMT_Purpose_003064,摧毁财团。,打掉坛,1,54754,0,14,0,2000,5441.43|6991.80|85.72
551161,QMT_Title_003065,QMT_Purpose_003065,请使用防火nimeu做主。,使用火焰射,4,25806,0,1,0,2000,5281.25|6977.14|70.17
550162,QMT_Title_003066,QMT_Purpose_003066,击杀伊尔内斯特暗杀者。,伊尔内斯特暗杀者,1,54632,0,14,0,2000,5288.28|6959.96|65.15
551162,QMT_Title_003067,QMT_Purpose_003067,请使用防火nimeu做主。,使用火焰射,4,25806,0,1,1,2000,5281.25|6977.14|70.17
550163,QMT_Title_003068,QMT_Purpose_003068,击杀伊尔内斯特最高术士内米斯特，拿到黑色命令书。,获得黑色命令书,3,25807,0,1,1,2000,5286.84|6887.07|65.47
551163,QMT_Title_003069,QMT_Purpose_003069,火焰烧毁返回nimeu。,火焰烧毁交付,7,25806,0,1,1,2000,5201.89|7078.05|91.06
550164,QMT_Title_003070,QMT_Purpose_003070,从伊内斯特木箱中找到血色水晶。,收集血色水晶,3,25808,0,14,1,2000,5260.10|6998.60|79.83
550165,QMT_Title_003071,QMT_Purpose_003071,收集阳光水晶也可从伊尔内斯特炼金术士获得。,收集阳光水晶,3,25809,0,14,1,2000,5293.41|6967.76|66.75
550166,QMT_Title_003072,QMT_Purpose_003072,用灿烂的水晶。,使用灿烂的水晶,4,25810,0,1,0,2000,5324.39|6932.92|66.07
550167,QMT_Title_003073,QMT_Purpose_003073,击杀伊尔内斯特炼金术士。,杀伊尔内斯特炼金术士,1,54633,0,14,0,2000,5343.09|6949.73|66.33
550168,QMT_Title_003074,QMT_Purpose_003074,获得从伊尔内斯特暗杀者的剑。,收集伊尔内斯特暗杀剑,3,25811,0,14,1,2000,5304.33|6970.27|66.69
550169,QMT_Title_003075,QMT_Purpose_003075,从钢铁之宪兵回收灰色之铁。,灰铁收集,3,25812,0,14,1,2000,5542.00|7036.00|98.78
550170,QMT_Title_003076,QMT_Purpose_003076,从伊尔内斯特侦察兵身上找到雷弹。,雷弹收集,3,25813,0,14,1,2000,5280.44|6976.50|70.11
550171,QMT_Title_003077,QMT_Purpose_003077,开关和对话。,开关交谈,2,55095,0,1,0,2000,5424.79|6912.23|85.14
550172,QMT_Title_003078,QMT_Purpose_003078,从尸体上找回戴穆里申徽章。,回收戴穆里申徽章,3,25814,0,14,1,2000,5510.79|6875.02|85.17
550173,QMT_Title_003079,QMT_Purpose_003079,光魂之树枝收集从刃风尸体波西肯。,收集光魂之树枝,3,25815,0,14,1,2000,5424.17|6889.69|84.53
550174,QMT_Title_003080,QMT_Purpose_003080,B.S.I机构调查并对设备进行检查。,调查设备采用B.S.I,4,25816,0,1,1,2000,5499.15|6888.41|84.69
550175,QMT_Title_003081,QMT_Purpose_003081,击杀墓穴之尸波西肯。,处理墓穴之尸波西肯,1,54642,0,14,0,2000,5518.35|6972.12|84.99
550176,QMT_Title_003082,QMT_Purpose_003082,处理刃风尸体波西肯。,杀刃风尸体波西肯,1,54641,0,14,0,2000,5499.23|6909.97|83.52
550177,QMT_Title_003083,QMT_Purpose_003083,从墓穴之尸波西肯收集虚拟石。,收集虚拟石,3,25872,0,14,1,2000,5488.18|6962.63|84.27
550178,QMT_Title_003084,QMT_Purpose_003084,人工颅骨蠕虫使用一个生产单位。,人工颅骨昆虫的生产设备,4,25817,0,1,1,2000,5508.43|6901.76|84.17
550179,QMT_Title_003085,QMT_Purpose_003085,击杀波西肯首领赛肯。,干掉赛肯,1,54644,0,1,0,2000,5535.06|6884.43|86.74
550180,QMT_Title_003086,QMT_Purpose_003086,从罗网之翼波西肯获得普赛伊肯主事。,获得普赛伊肯主事,3,25818,0,14,1,2000,5492.96|6961.59|83.36
550181,QMT_Title_003087,QMT_Purpose_003087,从刃风尸体波西肯收集花虫之干。,收集花虫之干,3,25819,0,14,1,2000,5481.36|6935.08|82.23
550182,QMT_Title_003088,QMT_Purpose_003088,急速水晶从罗网之翼波西肯收集。,快速水晶收集,3,25820,0,14,1,2000,5473.19|6928.43|81.35
550183,QMT_Title_003089,QMT_Purpose_003089,使用黑色的火。,使用黑火,4,25821,0,1,1,2000,5426.70|6908.61|85.41
550184,QMT_Title_003090,QMT_Purpose_003090,使用奎恩魔法物品。,使用奎恩魔法物品,4,25822,0,1,1,2000,5383.06|6816.07|75.47
550185,QMT_Title_003091,QMT_Purpose_003091,从天空哥布林读术师获得不知名的药瓶。,收集不知名的药瓶,3,25823,0,14,1,2000,5449.48|6829.26|77.82
550186,QMT_Title_003092,QMT_Purpose_003092,处理天空哥布林读术师。,天空哥布林读术师,1,54652,0,14,0,2000,5438.24|6844.13|79.57
550187,QMT_Title_003093,QMT_Purpose_003093,击杀天空哥布林队长郜郜鲁。,干掉队长,1,54655,0,1,0,2000,5331.45|6826.85|77.49
550188,QMT_Title_003094,QMT_Purpose_003094,研究的水晶收集从天空哥布林医师获得。,探索水晶收集,3,25824,0,14,1,2000,5419.95|6882.10|83.34
550189,QMT_Title_003095,QMT_Purpose_003095,击杀天空哥布林炼金术士，获得剧毒草。,收集剧毒草,3,25825,0,14,1,2000,5440.78|6855.60|80.87
550190,QMT_Title_003096,QMT_Purpose_003096,杀死天空哥布林医师，获得毒药制造文档。,获得天空之哥布林制毒书,3,25826,0,14,1,2000,5277.70|6802.84|79.94
550191,QMT_Title_003097,QMT_Purpose_003097,使用有关净化孤独。,孤独的净化有关,4,25827,0,1,0,2000,5327.07|6828.12|77.46
550192,QMT_Title_003098,QMT_Purpose_003098,摧毁天空哥布林炼金台。,销毁天空哥布林炼金台,1,54656,0,14,0,2000,5441.64|6861.93|81.30
550193,QMT_Title_003099,QMT_Purpose_003099,所收集的树叶从天空哥布林炼金术士获得。,收集喷泉树之叶,3,25828,0,14,1,2000,5421.87|6813.40|75.32
550194,QMT_Title_003100,QMT_Purpose_003100,使用生机药。,使用生机药,4,25829,0,1,0,2000,5430.58|6847.92|80.46
550195,QMT_Title_003101,QMT_Purpose_003101,击杀天空哥布林医师。,杀天空哥布林医师,1,54654,0,14,0,2000,5468.50|6832.43|79.74
550196,QMT_Title_003102,QMT_Purpose_003102,贝克和对话。,Beck和谈话,2,55123,0,1,0,2000,5013.05|6933.51|106.91
550197,QMT_Title_003103,QMT_Purpose_003103,击杀荆棘之翼德雷伊克。,荆棘之翼德雷伊克,1,54661,0,14,0,2000,4966.82|6942.63|112.74
550200,QMT_Title_003106,QMT_Purpose_003106,破坏德雷伊克不利的装备。,破坏德雷伊克不利的装备,1,54761,0,14,0,2000,5047.31|6833.31|102.74
550201,QMT_Title_003107,QMT_Purpose_003107,杀死德雷伊克队长派伊斯诺。,干掉队长,1,54664,0,1,0,2000,5057.78|6831.87|102.74
550202,QMT_Title_003108,QMT_Purpose_003108,处理钢铁之翼德雷伊克。,钢铁之翼德雷伊克,1,54663,0,14,1,2000,5018.05|6857.11|105.60
550203,QMT_Title_003109,QMT_Purpose_003109,从思克诺曹突袭兵身上获得还俗草。,收集还俗草,3,25830,0,14,1,2000,4810.40|6944.01|117.40
550204,QMT_Title_003110,QMT_Purpose_003110,使用还俗药。,使用还俗药,4,25831,0,1,0,2000,5001.06|6871.03|110.39
550205,QMT_Title_003111,QMT_Purpose_003111,杀死碎片之翼德雷伊克，获得灵魂的决策。,收集德雷伊克的灵魂决定,3,25873,0,14,1,2000,5061.12|6859.44|102.74
550206,QMT_Title_003112,QMT_Purpose_003112,灰色花从荆棘之翼德雷伊克周围收集。,采摘灰色花,3,25832,0,14,1,2000,4939.51|6928.84|114.72
550207,QMT_Title_003113,QMT_Purpose_003113,贝克使用一个神奇的探测器。,贝克用魔器,4,25833,0,1,1,2000,4905.60|6991.69|113.06
550208,QMT_Title_003114,QMT_Purpose_003114,击杀钢铁之翼德雷伊克，获得德雷伊克之牙。,收集德雷伊克之牙,3,25874,0,14,1,2000,4888.20|6878.26|113.96
550209,QMT_Title_003115,QMT_Purpose_003115,链用于保护设备。,使用防护结界装置,4,25834,0,1,0,2000,5008.21|6952.71|106.93
550210,QMT_Title_003116,QMT_Purpose_003116,使用塔莱斯帝尔魔法物品。,使用塔莱斯帝尔魔法物品,4,25835,0,1,1,2000,4987.49|7043.19|100.35
550211,QMT_Title_003117,QMT_Purpose_003117,击杀田野工人，获得田野工学大锤。,收集田野工学大锤,3,25836,0,14,1,2000,4991.99|7075.56|100.30
550212,QMT_Title_003118,QMT_Purpose_003118,使用非工程锤包。,使用非工程锤捆绑,4,25837,0,1,0,2000,4921.79|7106.08|106.83
551212,QMT_Title_003119,QMT_Purpose_003119,援非认可的非官锤计算灵魂决策。,锤收集非亡灵的决定,3,25839,0,1,1,2000,4921.79|7106.08|106.83
550213,QMT_Title_003120,QMT_Purpose_003120,环阿斯达和对话。,阿斯达和对话圈,2,55124,0,1,0,2000,4756.68|6773.36|126.41
550214,QMT_Title_003121,QMT_Purpose_003121,摧毁德雷伊克不利的装备，并拾取碎片。,获得魔法装备碎片,3,25838,0,1,1,2000,5047.31|6833.31|102.74
550215,QMT_Title_003122,QMT_Purpose_003122,击杀火焰之床凯尔贝鲁斯。,杀火焰之床凯尔贝鲁斯,1,54681,0,14,0,2000,4962.13|7073.30|101.55
550216,QMT_Title_003123,QMT_Purpose_003123,从田野卫队身上收集温度水晶。,收集温度水晶,3,25840,0,14,1,2000,4965.89|6972.65|111.45
550217,QMT_Title_003124,QMT_Purpose_003124,使用温度之药。,使用温度之药,4,25841,0,1,1,2000,4916.65|7070.36|107.00
550218,QMT_Title_003125,QMT_Purpose_003125,田野的燃料桶的破坏。,破坏田野的燃料桶,1,54763,0,14,0,2000,5036.05|7053.95|100.28
550219,QMT_Title_003126,QMT_Purpose_003126,妨碍的德雷伊克，请击杀碎片之翼德雷伊克。,阻止碎片之翼德雷伊克,1,54662,0,14,1,2000,4887.28|6868.25|113.87
550220,QMT_Title_003127,QMT_Purpose_003127,击杀火焰之床凯尔贝鲁斯，获得凯尔贝鲁斯的头。,收集凯尔贝鲁斯的头,3,25843,0,14,1,2000,4904.10|7111.57|107.48
550221,QMT_Title_003128,QMT_Purpose_003128,从田野工人身上收集没有魔法的石头。,收集没有魔法的石头,3,25844,0,14,1,2000,5037.21|7053.02|100.28
550222,QMT_Title_003129,QMT_Purpose_003129,食物是从田野战士身上获得的。,地狱犬的食物收集,3,25845,0,14,1,2000,5012.82|7086.19|100.27
550223,QMT_Title_003130,QMT_Purpose_003130,使用地狱犬饲养左右加入。,使用地狱犬饲料,4,25846,0,1,1,2000,4918.08|7085.36|105.70
550224,QMT_Title_003131,QMT_Purpose_003131,击杀思克诺曹警备兵。,杀思克诺曹警备兵,1,54691,0,14,0,2000,4717.40|7013.98|120.60
550225,QMT_Title_003132,QMT_Purpose_003132,使用此卡环阿斯达法宝。,阿斯达魔卡环使用,4,25847,0,1,1,2000,4773.85|7028.69|119.78
550226,QMT_Title_003133,QMT_Purpose_003133,破坏思克诺曹不利的装备。,摧毁一个思克诺曹不利的装备,1,54764,0,1,0,2000,4784.06|7039.00|119.60
550227,QMT_Title_003134,QMT_Purpose_003134,击杀思克诺曹指挥官仙德提卡。,干掉指挥官,1,54694,0,1,0,2000,4709.18|7027.36|120.81
550228,QMT_Title_003135,QMT_Purpose_003135,击杀思克诺曹突袭兵。,思克诺曹突袭兵,1,54692,0,14,0,2000,4755.05|6983.12|120.81
551228,QMT_Title_003136,QMT_Purpose_003136,击杀思克诺曹战斗兵。,思克诺曹战斗兵,1,54693,0,14,0,2000,4757.68|7026.14|120.05
550229,QMT_Title_003137,QMT_Purpose_003137,击杀思克诺曹战斗兵，获得翼之草。,收集翼之草,3,25848,0,14,1,2000,4793.87|7031.41|119.86
550230,QMT_Title_003138,QMT_Purpose_003138,各地使用的翅膀。,使用翼之药,4,25849,0,1,0,2000,4772.52|6980.29|119.31
550231,QMT_Title_003139,QMT_Purpose_003139,击杀思克诺曹指挥官仙德提卡，获得赛博之头。,获得赛博之头,3,25875,0,1,1,2000,4717.39|7014.48|120.60
550232,QMT_Title_003140,QMT_Purpose_003140,破坏思克诺曹不利的装备。,破坏思克诺曹不利的装备,1,54764,0,14,0,2000,4762.98|7042.20|118.92
550233,QMT_Title_003141,QMT_Purpose_003141,安装坚固的栏杆。,安装坚固栏杆,4,25850,0,1,1,2000,4700.68|6785.03|120.00
550234,QMT_Title_003142,QMT_Purpose_003142,击杀思克诺曹突袭兵。,杀思克诺曹突袭兵,1,54692,0,6,0,2000,4684.04|6814.08|116.97
550235,QMT_Title_003143,QMT_Purpose_003143,采集静音草。,静音草的采样,3,25851,0,14,1,2000,4773.76|6958.39|119.02
550236,QMT_Title_003144,QMT_Purpose_003144,击杀思克诺曹警备兵，获得它的心脏。,飞龙心脏集合,3,25852,0,14,1,2000,4784.36|6839.79|114.89
550237,QMT_Title_003145,QMT_Purpose_003145,击杀荆棘之翼德雷伊克。,荆棘之翼德雷伊克,1,54661,0,14,0,2000,4899.50|6935.26|114.72
550238,QMT_Title_003146,QMT_Purpose_003146,天空水晶的收集从思克诺曹警备兵身上获得。,收集天空水晶,3,25853,0,14,1,2000,4765.58|6832.84|115.90
550239,QMT_Title_003147,QMT_Purpose_003147,请安装设备。,安装天空装置,4,25854,0,1,1,2000,4850.50|6797.21|126.04
550240,QMT_Title_003148,QMT_Purpose_003148,杀焰火智慧门看守者的堕落门，并获得刺之手杖。,获得刺之手杖,3,25876,0,1,1,2000,4971.28|6767.02|126.51
550241,QMT_Title_003149,QMT_Purpose_003149,在神的殿堂周围采集红焰花。,红焰花采摘,3,25855,0,8,1,2000,4937.86|6753.78|125.92
550242,QMT_Title_003150,QMT_Purpose_003150,使用监察长的炸弹，摧毁神奇的装置,使用监察长炸弹,4,25856,0,1,1,2000,4867.09|6753.76|126.03
550243,QMT_Title_003151,QMT_Purpose_003151,击杀焰火智慧门教练，并获得客迈拉操纵装置。,收集客迈拉操纵装置,3,25857,0,14,1,2000,4865.98|6766.14|126.03
550244,QMT_Title_003152,QMT_Purpose_003152,圈养抓住嵌合体和对话。,和被邪恶附身的客迈拉对话,2,55127,0,1,0,2000,4769.80|6793.36|126.41
550245,QMT_Title_003153,QMT_Purpose_003153,对话和kanho,Kanho谈话,2,55125,0,1,1,2000,4769.14|6784.76|126.41
550246,QMT_Title_003154,QMT_Purpose_003154,所收集的波长水晶从焰火智慧门魔法师获得。,收集波长水晶,3,25858,0,14,1,2000,4859.78|6786.53|126.03
550247,QMT_Title_003155,QMT_Purpose_003155,击杀蝮蛇客迈拉。,蝮蛇客迈拉,1,54721,0,14,0,2000,4855.80|6776.13|126.03
550248,QMT_Title_003156,QMT_Purpose_003156,击杀眼镜蛇客迈拉。,眼镜蛇客迈拉,1,54722,0,14,0,2000,4937.84|6767.41|125.78
550249,QMT_Title_003157,QMT_Purpose_003157,杀死焰火智慧门魔法师，并寻求旋转水晶。,收集旋转水晶,3,25859,0,14,1,2000,4932.33|6771.80|126.03
550250,QMT_Title_003158,QMT_Purpose_003158,安装旋转炸弹。,旋转弹安装,4,25860,0,1,1,2000,4861.95|6770.42|126.03
550251,QMT_Title_003159,QMT_Purpose_003159,击杀焰火智慧门魔法师。,焰火智慧门魔法师,1,54712,0,14,0,2000,4910.18|6754.29|126.03
550252,QMT_Title_003160,QMT_Purpose_003160,计分的攻击半人马瓶。,半人马瓶袭击援助,1,170801,0,5,0,2000,0
551252,QMT_Title_003161,QMT_Purpose_003161,得分半人马sunchalbyeong。,半人马sunchalbyeong援助,1,170802,0,5,0,2000,0
550253,QMT_Title_003162,QMT_Purpose_003162,半人马杀死教士和计算有关wooroseu。,Wooroseu有关集合,3,25861,0,5,1,2000,0
550254,QMT_Title_003163,QMT_Purpose_003163,不杀黑巫师门缓刑。,暗精灵页门见习援助,1,170847,0,5,0,2000,0
551254,QMT_Title_003164,QMT_Purpose_003164,大基督城门黑暗精灵页面。,大基督城向导页黑暗门,1,170848,0,5,0,2000,0
552254,QMT_Title_003165,QMT_Purpose_003165,不杀黑巫师高级大门。,暗精灵页门高级援助,1,170849,0,5,0,2000,0
550255,QMT_Title_003166,QMT_Purpose_003166,易援助门锤。,梅斯援助,1,170852,0,1,0,2000,0
550256,QMT_Title_003167,QMT_Purpose_003167,杀死半人马湖可笑和滑稽来电索取血液。,第小鼠血液采集,3,25862,0,1,1,2000,0
551256,QMT_Title_003168,QMT_Purpose_003168,半人马座级，并寻求西席类血液的帮助。,习班采血,3,25863,0,1,1,2000,0
550257,QMT_Title_003169,QMT_Purpose_003169,Jipangreul获得的神奇饮料。,饮料的魔法手杖集合,3,25864,0,1,1,2000,0
550258,QMT_Title_003170,QMT_Purpose_003170,得分党的理论。,现在的理论援助,1,170854,0,1,0,2000,0
550259,QMT_Title_003171,QMT_Purpose_003171,非计分的疯狂。,疯狂大米援助,1,170901,0,5,0,2000,0
550260,QMT_Title_003172,QMT_Purpose_003172,黑暗与不杀门。,易门黑暗援助,1,170904,0,5,0,2000,0
550261,QMT_Title_003173,QMT_Purpose_003173,从无菌粉末花园绞花的干花瓣得到的粉末。,星除尘花瓣,3,25865,0,5,1,2000,0
550262,QMT_Title_003174,QMT_Purpose_003174,圣教堂,圣援助,1,170950,0,1,1,2000,0
550263,QMT_Title_003175,QMT_Purpose_003175,宰斯特治疗，寻求广泛的数字。,广泛收集,3,25867,0,1,1,2000,0
550264,QMT_Title_003176,QMT_Purpose_003176,在杀死本·deyikeu。,本deyikeu援助,1,170931,0,1,0,2000,0
550265,QMT_Title_003177,QMT_Purpose_003177,抛光杀龙。,抛光，以帮助,1,170953,0,1,0,2000,0
550266,QMT_Title_003178,QMT_Purpose_003178,该nimeu和对话。,Nimeu谈话,2,55091,0,1,0,2000,5203.34|7077.62|91.06
550267,QMT_Title_003179,QMT_Purpose_003179,通常清除困难军衔的灰色半人马镇。,已清除,9,4480,3,1,0,2000,0
550268,QMT_Title_003180,QMT_Purpose_003180,清除难度灰色半人马镇的SS级。,SS居清除,9,4481,4,1,0,2000,0
550269,QMT_Title_003181,QMT_Purpose_003181,很清楚的灰色半人马城镇困难的SSS级的。,SSS级清除,9,4482,5,1,0,2000,0
550270,QMT_Title_003182,QMT_Purpose_003182,清除地下花园灯带S级的通常的难度。,已清除,9,4490,3,1,0,2000,0
550271,QMT_Title_003183,QMT_Purpose_003183,清除地下花园光SS级别的难度。,SS居清除,9,4491,4,1,0,2000,0
550272,QMT_Title_003184,QMT_Purpose_003184,清清淡淡的很困难，到SSS级地下花园。,SSS级清除,9,4492,5,1,0,2000,0
610001,QMT_Title_003185,QMT_Purpose_003185,Daetbaram谷用于移动战场订单。,未来的对话,4,25204,0,1,0,2001,323.99|207.06|8.08
610002,QMT_Title_003186,QMT_Purpose_003186,本病杀死山谷daetbaram的攻击,突击疾病治疗,1,100002,0,2,0,2001,218.64|265.54|-1.65
610003,QMT_Title_003187,QMT_Purpose_003187,在山谷和摧毁措施daetbaram,销毁措施,1,100004,0,3,0,2001,224.86|260.95|-1.63
610004,QMT_Title_003188,QMT_Purpose_003188,在得分上daetbaram谷治未病,治疗瓶,1,100003,0,2,0,2001,210.46|253.48|-1.63
610005,QMT_Title_003189,QMT_Purpose_003189,使用安全后订单转移。,拉菲和对话,4,25205,0,1,0,2000,6892.45|8033.51|79.24
610006,QMT_Title_003190,QMT_Purpose_003190,使用冷光源分支为移动战场。,光是谈话,4,25206,0,1,0,2002,272.85|380.44|35.03
610007,QMT_Title_003191,QMT_Purpose_003191,冷得分球探和轻钢瓶盆地并获得排名eimhayi,徽章收购eimhayi,3,25208,0,3,1,2002,220.25|240.15|19.89
610008,QMT_Title_003192,QMT_Purpose_003192,冷光箱盆地和销毁武器,武器销毁箱,1,100205,0,4,0,2002,240.99|189.20|25.93
610009,QMT_Title_003193,QMT_Purpose_003193,光风从营长，以帮助冷光盆,营长援助,1,100204,0,1,0,2002,252.30|167.88|25.67
610010,QMT_Title_003194,QMT_Purpose_003194,使用退货订单。,与胸罩的对话,4,25207,0,1,0,2000,7286.56|8025.29|98.96
610011,QMT_Title_003195,QMT_Purpose_003195,伤员在地下的对话和梅萨,梅萨和会话,4,25209,0,1,0,2003,323.99|207.06|8.08
610012,QMT_Title_003196,QMT_Purpose_003196,计分狙击手在地面受伤,狙击手杀死,1,100401,0,4,0,2003,211.17|274.78|-1.67
611012,QMT_Title_003197,QMT_Purpose_003197,从地面受伤的治疗师的治疗,小灵援助,1,100403,0,4,0,2003,210.46|253.48|-1.63
610013,QMT_Title_003198,QMT_Purpose_003198,身着地球理论seonah得分营长和使命受伤文件,文档收购的业务,3,25211,0,1,1,2003,207.08|301.31|-1.64
610014,QMT_Title_003199,QMT_Purpose_003199,伤者在地面和破坏食品盒,Sikrang盒破坏,1,100405,0,3,0,2003,219.29|257.32|-1.63
610015,QMT_Title_003200,QMT_Purpose_003200,使用退货订单。,清和谈话,4,25210,0,1,0,2000,6982.41|7559.14|141.87
610016,QMT_Title_003201,QMT_Purpose_003201,使用圆形地板此举令山。,使用移动订单,4,25439,0,1,1,0,0
611016,QMT_Title_003202,QMT_Purpose_003202,对话和jateu,Jateu谈话,2,105702,0,1,0,2004,451.26|405.86|46.10
610017,QMT_Title_003203,QMT_Purpose_003203,杀害战士波纹管袋,基督城战士波纹管袋,1,100602,0,6,0,2004,161.99|151.11|-6.70
611017,QMT_Title_003204,QMT_Purpose_003204,治疗师治疗的波纹管袋,强制治疗师热处理炉,1,100603,0,6,0,2004,148.87|341.29|42.31
610018,QMT_Title_003205,QMT_Purpose_003205,摧毁eimhayi标志。,Eimhayi标志被毁,1,100601,0,6,0,2004,132.46|280.07|32.45
610019,QMT_Title_003206,QMT_Purpose_003206,轻钢评分，并计算出位置的文件,放置文档集合,3,25437,0,1,1,2004,169.26|141.11|-6.70
610020,QMT_Title_003207,QMT_Purpose_003207,使用损坏的农庄运动订单,使用损坏的农庄运动订单,4,25438,0,1,1,0,0
611020,QMT_Title_003208,QMT_Purpose_003208,对话提出并,呈现对话框,2,105701,0,1,0,2000,6180.06|7014.38|98.03
610021,QMT_Title_003209,QMT_Purpose_003209,使用黎明沙漠露水运行命令,使用移动订单,4,25891,0,1,1,0,0
611021,QMT_Title_003210,QMT_Purpose_003210,与山的对话,山谈话,2,105902,0,1,0,2005,32.74|468.14|-20.67
610022,QMT_Title_003211,QMT_Purpose_003211,Yongro沙漠部队，以帮助瓶,Yongro部队沙漠疾病治疗,1,100801,0,20,0,2005,277.98|222.39|10.97
611022,QMT_Title_003212,QMT_Purpose_003212,Yongro和得分部队狙击手,Yongro部队狙击手杀死,1,100803,0,20,0,2005,463.04|257.14|-10.27
610023,QMT_Title_003213,QMT_Purpose_003213,Yongro得分部队军医，并计算水袋,水袋收集,3,25889,0,20,1,2005,276.44|57.57|-10.55
610024,QMT_Title_003214,QMT_Purpose_003214,干掉岩石砂磨,砂岩援助,1,100804,0,1,0,2005,283.08|59.69|-10.55
610025,QMT_Title_003215,QMT_Purpose_003215,使用瀑布以移魂,使用灵魂运动订单瀑布,4,25890,0,1,1,0,0
611025,QMT_Title_003216,QMT_Purpose_003216,对话和瑞士,瑞士和谈话,2,105901,0,1,0,2000,5380.71|7801.98|138.67
610026,QMT_Title_003217,QMT_Purpose_003217,该百叶窗和对话。,百叶窗和对话,2,54102,0,1,0,2005,5336.53|8568.31|210.98
610027,QMT_Title_003218,QMT_Purpose_003218,在清晨的露水的沙漠，以帮助敌人,派援助,6,2005,0,30,0,2005,0
610028,QMT_Title_003219,QMT_Purpose_003219,收集褪色的英雄任务的奖励收件人的迹象。,褪去英雄的迹象收集,3,25893,0,6,1,2005,32.74|468.14|-20.67
610029,QMT_Title_003220,QMT_Purpose_003220,用愤怒的移山订单。,山用于移动愤怒的顺序,4,,0,1,1,0,0
611029,QMT_Title_003221,QMT_Purpose_003221,在愤怒的山的得分科尔森。,科尔森援助,1,,0,1,0,2000,0
610030,QMT_Title_003222,QMT_Purpose_003222,计分骨灰巨魔酋长德rolrol,德rolrol援助,1,110003,0,1,0,2006,684.91|280.32|23.37
610031,QMT_Title_003223,QMT_Purpose_003223,该援助灰烬巨魔战士,巨魔战士的骨灰援助,1,110001,0,1,0,2006,660.47|288.07|20.78
610032,QMT_Title_003224,QMT_Purpose_003224,援助骨灰，并收集了巨魔巨魔萨满软膏,巨魔收集软膏,3,26009,0,1,0,2006,703.75|345.68|22.27
610033,QMT_Title_003225,QMT_Purpose_003225,该援助灰烬巨魔萨满,巨魔萨满骨灰援助,1,110002,0,1,0,2006,703.75|345.68|22.27
610034,QMT_Title_003226,QMT_Purpose_003226,援助，少死亡气息,死亡气息莱斯援助,1,110004,0,1,0,2006,625.33|157.49|32.02
611034,QMT_Title_003227,QMT_Purpose_003227,刺杀杀死莱斯气息,布雷斯莱斯暗杀援助,1,110005,0,1,0,2006,639.54|130.84|32.02
610035,QMT_Title_003228,QMT_Purpose_003228,援助，少死亡气息,死亡气息莱斯援助,1,110004,0,1,0,2006,625.33|157.49|32.02
610036,QMT_Title_003229,QMT_Purpose_003229,一口气杀，少口香糖收集剌剌地,收集暗杀搜索,3,26010,0,1,0,2006,639.54|130.84|32.02
610037,QMT_Title_003230,QMT_Purpose_003230,在一拉塞斯援助,拉塞斯援助,1,110006,0,1,0,2006,645.55|151.23|32.19
610038,QMT_Title_003231,QMT_Purpose_003231,杀死并收集至尊至尊kyuteo甘蔗kyuteo,至尊kyuteo甘蔗集合,3,26011,0,1,0,2006,516.08|255.92|41.22
610039,QMT_Title_003232,QMT_Purpose_003232,火焰DER清扫杀死黑暗,黑暗火焰DER扫杀,1,110007,0,1,0,2006,520.37|280.76|40.90
610040,QMT_Title_003233,QMT_Purpose_003233,黑暗寒冷的DER扫杀,深冷河畔清扫杀死,1,110008,0,1,0,2006,556.57|201.20|38.49
610041,QMT_Title_003234,QMT_Purpose_003234,极端kyuteo的援助,至尊kyuteo援助,1,110009,0,1,0,2006,516.08|255.92|41.22
610042,QMT_Title_003235,QMT_Purpose_003235,计分尘天空精灵,哥布林天空灰尘援助,1,110010,0,1,0,2006,397.95|364.69|32.47
611042,QMT_Title_003236,QMT_Purpose_003236,得分哥布林天空疯狂,哥布林天空疯狂的援助,1,110011,0,1,0,2006,374.46|348.29|32.44
610043,QMT_Title_003237,QMT_Purpose_003237,该援助嘉卡鲁,汽车卡鲁援助,1,110012,0,1,0,2006,377.48|367.86|32.64
610044,QMT_Title_003238,QMT_Purpose_003238,杀车，收集车卡鲁卡鲁魅力,汽车卡鲁魅力集合,3,26012,0,1,0,2006,377.48|367.86|32.64
610045,QMT_Title_003239,QMT_Purpose_003239,得分哥布林天空疯狂,哥布林天空疯狂的援助,1,110011,0,1,0,2006,374.46|348.29|32.44
610046,QMT_Title_003240,QMT_Purpose_003240,非得分钢,未处理的钢,1,110015,0,1,0,2006,346.59|231.70|22.61
610047,QMT_Title_003241,QMT_Purpose_003241,非得分锥子,锥子非援助,1,110013,0,1,0,2006,320.61|236.01|20.02
610048,QMT_Title_003242,QMT_Purpose_003242,非得分爆炸,爆炸杀死大米,1,110014,0,1,0,2006,289.36|225.72|21.56
610049,QMT_Title_003243,QMT_Purpose_003243,不计分，并收集N-炸弹爆炸,收集炸弹N-,3,26013,0,1,0,2006,289.36|225.72|21.56
610050,QMT_Title_003244,QMT_Purpose_003244,黑暗寒冷的DER扫杀,深冷河畔清扫杀死,1,110008,0,1,0,2006,556.57|201.20|38.49
610051,QMT_Title_003245,QMT_Purpose_003245,星面粉得分派在地面,派援助,6,2006,0,1,0,2006,0
610052,QMT_Title_003246,QMT_Purpose_003246,极端kyuteo的援助,至尊kyuteo援助,1,110009,0,1,0,2006,516.08|255.92|41.22
610053,QMT_Title_003247,QMT_Purpose_003247,星面粉得分派在地面,派援助,6,2006,0,1,0,2006,0
610054,QMT_Title_003248,QMT_Purpose_003248,非得分钢,未处理的钢,1,110015,0,1,0,2006,346.59|231.70|22.61
610055,QMT_Title_003249,QMT_Purpose_003249,本病杀死山谷daetbaram的攻击,突击疾病治疗,1,100002,0,2,0,2001,218.64|265.54|-1.65
610056,QMT_Title_003250,QMT_Purpose_003250,在山谷和摧毁措施daetbaram,销毁措施,1,100004,0,3,0,2001,224.86|260.95|-1.63
610057,QMT_Title_003251,QMT_Purpose_003251,冷得分球探和轻钢瓶盆地并获得排名eimhayi,徽章收购eimhayi,3,25208,0,3,1,2002,220.25|240.15|19.89
610058,QMT_Title_003252,QMT_Purpose_003252,冷光箱盆地和销毁武器,武器销毁箱,1,100205,0,4,0,2002,240.99|189.20|25.93
610059,QMT_Title_003253,QMT_Purpose_003253,计分狙击手在地面受伤,狙击手杀死,1,100401,0,4,0,2003,211.17|274.78|-1.67
611059,QMT_Title_003254,QMT_Purpose_003254,从地面受伤的治疗师的治疗,小灵援助,1,100403,0,4,0,2003,210.46|253.48|-1.63
610060,QMT_Title_003255,QMT_Purpose_003255,伤者在地面和破坏食品盒,Sikrang盒破坏,1,100405,0,3,0,2003,219.29|257.32|-1.63
610061,QMT_Title_003256,QMT_Purpose_003256,杀害战士波纹管袋,基督城战士波纹管袋,1,100602,0,6,0,2004,161.99|151.11|-6.70
611061,QMT_Title_003257,QMT_Purpose_003257,治疗师治疗的波纹管袋,强制治疗师热处理炉,1,100603,0,6,0,2004,148.87|341.29|42.31
610062,QMT_Title_003258,QMT_Purpose_003258,摧毁eimhayi标志。,Eimhayi标志被毁,1,100601,0,6,0,2004,132.46|280.07|32.45
610063,QMT_Title_003259,QMT_Purpose_003259,Yongro沙漠部队，以帮助瓶,Yongro部队沙漠疾病治疗,1,100801,0,20,0,2005,277.98|222.39|10.97
611063,QMT_Title_003260,QMT_Purpose_003260,Yongro和得分部队狙击手,Yongro部队狙击手杀死,1,100803,0,20,0,2005,463.04|257.14|-10.27
610064,QMT_Title_003261,QMT_Purpose_003261,Yongro得分部队军医，并计算水袋,水袋收集,3,25889,0,20,1,2005,276.44|57.57|-10.55
610065,QMT_Title_003262,QMT_Purpose_003262,干掉岩石砂磨,砂岩援助,1,100804,0,1,0,2005,283.08|59.69|-10.55
610066,,,Daetbaram谷用于移动战场订单。,使用daetbaram山谷战场的运动顺序,4,25204,0,1,0,2001,0
610067,,,使用银河系营运行命令。,使用银河系招营地已序,4,25234,0,1,0,2000,0
700001,QMT_Title_003263,QMT_Purpose_003263,杀死敌人，并进入土地粗糙的气息。,派援助,6,1008,0,10,0,0,0
700002,QMT_Title_003264,QMT_Purpose_003264,胜利去的处所粗糙的气息。,战斗胜利,12,1008,0,1,0,0,0
700003,QMT_Title_003265,QMT_Purpose_003265,杀死雪和勇敢的敌人。,派援助,6,1007,0,30,0,0,0
700004,QMT_Title_003266,QMT_Purpose_003266,在战斗中英勇雪的胜利。,战斗胜利,12,1007,0,1,0,0,0
700005,QMT_Title_003267,QMT_Purpose_003267,骷髅暗杀攻击部队，以帮助瓶子。,骷髅暗杀攻击部队病的治疗,1,200175,0,1,0,1012,80.27|441.37|39.45 
701005,QMT_Title_003268,QMT_Purpose_003268,杀死骷髅弓箭手杀了部队。,骷髅弓箭手暗杀势力的追杀,1,200172,0,1,0,1012,406.14|107.21|45.62
700006,QMT_Title_003269,QMT_Purpose_003269,圣光的破坏。,圣洁的光破坏,1,200008,0,1,0,1012,386.56|355.14|35.47
700007,QMT_Title_003270,QMT_Purpose_003270,塞浦路斯结eimhayi暗杀的治疗。,Eimhayi暗杀结肠塞浦路斯援助,1,200165,0,1,0,1012,256.07|71.95|76.43
700008,QMT_Title_003271,QMT_Purpose_003271,杀暗杀部队的骨骼和牧师。,骷髅部队暗杀牧师援助,1,200173,0,1,0,1012,84.41|86.08|45.64
701008,QMT_Title_003272,QMT_Purpose_003272,骷髅暗杀攻击部队，以帮助瓶子。,骷髅暗杀攻击部队病的治疗,1,200175,0,1,0,1012,432.00|441.04|39.58
700009,QMT_Title_003273,QMT_Purpose_003273,圣黑暗的破坏。,危险的暗黑破坏,1,200010,0,1,0,1012,124.75|353.49|35.44
700010,QMT_Title_003274,QMT_Purpose_003274,拆迁将被视为凯撒结肠的暗杀行动。,拆迁刺杀恺撒的，结肠治疗,1,200166,0,1,0,1012,255.68|468.63|71.15
800001,QMT_Title_003275,QMT_Purpose_003275,冷杀死的梦想大鳄。,梦爽大鳄援助,1,55512,0,3,0,2000,4766.03|6560.16|162.38
800002,QMT_Title_003276,QMT_Purpose_003276,用梦想破碎机。,梦破碎机使用,4,25998,0,1,1,2000,4719.60|6537.35|170.36
800003,QMT_Title_003277,QMT_Purpose_003277,对话和不同。,达累斯萨拉姆谈话,2,56031,0,1,0,2000,4788.50|6362.13|162.15
800004,QMT_Title_003278,QMT_Purpose_003278,Monrim快速得分和收集monrim翅膀。,Monrim翅膀集,3,25999,0,3,1,2000,4955.49|6285.95|153.05
800005,QMT_Title_003279,QMT_Purpose_003279,从砂的回收砂修改修改。,沙收集修改,3,26000,0,3,1,2000,0
800006,QMT_Title_003280,QMT_Purpose_003280,与明斯克对话,明斯克对话,2,56062,0,1,0,2000,4553.62|6408.31|182.71
800007,QMT_Title_003281,QMT_Purpose_003281,收集从苹果一扔库里的角。,号角收藏,3,26001,0,3,1,2000,4478.96|6588.12|198.15
800008,QMT_Title_003282,QMT_Purpose_003282,跟踪装置在收集盒eimhayi。,跟踪设备收集,3,26002,0,1,1,2000,4203.55|6579.83|198.35
800009,QMT_Title_003283,QMT_Purpose_003283,我会说话,我谈话,2,56091,0,1,0,2000,4264.60|6268.39|200.46
800010,QMT_Title_003284,QMT_Purpose_003284,收集从祭司长从动齿线索,收集线索,3,26003,0,1,1,2000,0
800011,QMT_Title_003285,QMT_Purpose_003285,塔拉谈话,塔拉瓦谈话,2,56124,0,1,0,2000,4183.59|6086.18|208.62
800012,QMT_Title_003286,QMT_Purpose_003286,抱着乱德升收集整。,德升恒集合,3,26004,0,3,1,2000,4535.36|6015.92|199.11
800013,QMT_Title_003287,QMT_Purpose_003287,使用白光器件。,白二手设备,4,26005,0,1,1,2000,4501.64|6015.04|198.35
800014,QMT_Title_003288,QMT_Purpose_003288,塔拉方对话,塔拉方对话,2,56151,0,1,0,2000,4445.60|5968.64|220.18
800015,QMT_Title_003289,QMT_Purpose_003289,狮子杀死夕阳的黑使徒。,黑使徒教堂,1,55614,0,3,0,2000,4516.90|5773.02|220.08
800016,QMT_Title_003290,QMT_Purpose_003290,斯坦因获得来自祭司长巴金监视文件。,斯坦因监控资料收集,3,26006,0,1,1,2000,0
800017,QMT_Title_003291,QMT_Purpose_003291,与杰西谈话,杰斯和对话,2,56123,0,1,0,2000,4187.29|6085.74|208.62
800018,QMT_Title_003292,QMT_Purpose_003292,令人担心的睡眠援助的知名度。,恐惧可见睡眠援助,1,55642,0,3,0,2000,3677.28|5934.62|239.64
800019,QMT_Title_003293,QMT_Purpose_003293,破坏睡眠刺生产单位。,睡眠可见生产设备被毁,1,55651,0,1,0,2000,3622.47|5933.50|239.64
800020,QMT_Title_003294,QMT_Purpose_003294,Ganpeu和交谈,Ganpeu谈话,2,56211,0,1,0,2000,3938.23|5961.99|223.86
800021,QMT_Title_003295,QMT_Purpose_003295,销毁斯坦赎回接收器。,斯坦因赎回破坏接收设备,1,55681,0,1,0,2000,0
800022,QMT_Title_003296,QMT_Purpose_003296,神庙大祭司收集来自尼罗河噩梦指导。,噩梦寺地图收集,3,26007,0,1,0,2000,0
800023,QMT_Title_003297,QMT_Purpose_003297,计分地面牙贼。,土地摩尔贼援助,1,55501,0,3,0,2000,4925.38|6423.18|150.31
800024,QMT_Title_003298,QMT_Purpose_003298,Syakal得分和收集磨牙土地书。,土地摩尔藏书,3,25900,0,1,1,2000,4972.97|6440.85|150.31
800025,QMT_Title_003299,QMT_Purpose_003299,杀死强盗和刺客地面牙齿。,土地摩尔刺客劫匪援助,1,55502,0,3,0,2000,5045.56|6524.07|144.82
800026,QMT_Title_003300,QMT_Purpose_003300,收集在地球摩尔劫匪中的丝绸口袋。,丝绸袋收集,3,25901,0,3,1,2000,0
800027,QMT_Title_003301,QMT_Purpose_003301,从黄昏gyeongreul收集土地摩尔劫匪狂战士。,收集暮光,3,25902,0,3,1,2000,4960.72|6510.92|146.62
800028,QMT_Title_003302,QMT_Purpose_003302,使用这个神奇的卡。,魔术扣使用,4,25903,0,1,1,2000,4969.94|6423.42|150.31
800029,QMT_Title_003303,QMT_Purpose_003303,收集在你的口袋里土匪的治疗手段。,治疗工具集,3,25904,0,3,1,2000,0
800030,QMT_Title_003304,QMT_Purpose_003304,土地摩尔劫匪销毁武器箱。,土地摩尔箱劫匪武器销毁,1,55511,0,3,0,2000,4967.83|6369.57|150.31
800031,QMT_Title_003305,QMT_Purpose_003305,援梦爽掠夺者和采集血液。,梦大鳄采血,3,25905,0,3,1,2000,4766.03|6560.16|162.38
800032,QMT_Title_003306,QMT_Purpose_003306,使用仪器。,使用仪器,4,25906,0,1,1,2000,4669.56|6577.01|175.38
800033,QMT_Title_003307,QMT_Purpose_003307,用梦想大鳄痛苦设备。,梦大鳄使用的设备疼痛,4,25907,0,1,1,2000,4816.66|6558.93|161.35
800034,QMT_Title_003308,QMT_Purpose_003308,疯狂吉恩提供信到了极致。,至尊谈话,2,56032,0,1,0,2000,4797.31|6414.42|169.87
800035,QMT_Title_003309,QMT_Purpose_003309,歹徒杀死一个可怕的梦。,捕食者帮助凶梦,1,55513,0,3,0,2000,4730.25|6491.37|155.29
800036,QMT_Title_003310,QMT_Purpose_003310,而寻求援助。,而寻求援助。,1,55515,0,1,0,2000,4679.52|6575.46|175.02
800037,QMT_Title_003311,QMT_Purpose_003311,歹徒破坏梦想机。,捕食者摧毁梦想机,1,55521,0,3,0,2000,4733.91|6521.20|155.29
800038,QMT_Title_003312,QMT_Purpose_003312,治疗黎明梦想的天敌。,黎明的梦想大鳄援助,1,55514,0,3,0,2000,4679.76|6587.65|175.02
800039,QMT_Title_003313,QMT_Purpose_003313,冷杀死的梦想大鳄。,梦爽大鳄援助,1,55512,0,3,0,2000,4766.03|6560.16|162.38
800040,QMT_Title_003314,QMT_Purpose_003314,得分快速monrim。,Monrim快速援助,1,55522,0,3,0,2000,4955.49|6285.95|153.05
800041,QMT_Title_003315,QMT_Purpose_003315,戏剧搞笑的治疗。,德拉乌斯援助,1,55525,0,1,0,2000,5025.37|6302.45|153.05
800042,QMT_Title_003316,QMT_Purpose_003316,圆滑monrim手的集合。,圆滑monrim之手收集,3,25909,0,3,1,2000,4883.24|6276.02|153.05
800043,QMT_Title_003317,QMT_Purpose_003317,从池中收集的星光星光游泳池。,全收集星光,3,25910,0,3,1,2000,0
800044,QMT_Title_003318,QMT_Purpose_003318,使用有关的渴望。,使用口渴约,4,25911,0,1,1,2000,4705.24|6234.72|164.61
800045,QMT_Title_003319,QMT_Purpose_003319,从未经审查未经审查的聚会。,未经审查的聚会,3,25912,0,3,1,2000,0
800046,QMT_Title_003320,QMT_Purpose_003320,摧毁月光席位。,月光破坏席,1,55531,0,3,0,2000,4939.36|6323.24|153.05
800047,QMT_Title_003321,QMT_Purpose_003321,得分犀利monrim。,帮助犀利monrim,1,55524,0,3,0,2000,5052.70|6276.30|153.05
800048,QMT_Title_003322,QMT_Purpose_003322,从心痛心碎池收集池。,全面收集心碎,3,25913,0,3,1,2000,0
800049,QMT_Title_003323,QMT_Purpose_003323,Eimhayi锤杀部队和收集狙击弩射手。,狙击弩集合,3,25914,0,3,1,2000,4730.29|6193.99|164.11
800050,QMT_Title_003324,QMT_Purpose_003324,该援助电刀。,剑电动援助,1,55535,0,1,0,2000,4782.41|6191.91|164.11
800051,QMT_Title_003325,QMT_Purpose_003325,计分eimhayi突击部队。,Eimhayi突击部队的治疗,1,55533,0,3,1,2000,4641.40|6352.91|173.00
800052,QMT_Title_003326,QMT_Purpose_003326,销毁eimhayi供应旅行车。,Eimhayi传播破坏旅行车,1,55541,0,3,0,2000,4746.86|6257.21|164.11
800053,QMT_Title_003327,QMT_Purpose_003327,在几十个和对话。,达斯交谈,2,56061,0,1,0,2000,4556.11|6392.31|182.71
800054,QMT_Title_003328,QMT_Purpose_003328,Eimhayi部队，以帮助锤向导。,Eimhayi锤部队向导基督城,1,55534,0,3,0,2000,4693.63|6263.61|164.11
800055,QMT_Title_003329,QMT_Purpose_003329,摧毁eimhayi标志。,Eimhayi标志被毁,1,55542,0,3,0,2000,4766.38|6214.55|164.11
800056,QMT_Title_003330,QMT_Purpose_003330,得分eimhayi攻击部队和武器收集拆迁无名英雄。,拆迁无名战士武器收缴,3,25915,0,3,1,2000,4641.40|6352.91|173.00
800057,QMT_Title_003331,QMT_Purpose_003331,拆迁烧无名战士的武器包。,拆迁无名战士使用的武器捆绑,4,25916,0,1,1,2000,4800.16|6353.35|162.15
800058,QMT_Title_003332,QMT_Purpose_003332,收集彩虹平原eimhayi箱地图。,彩虹收集平原地图,3,25917,0,1,1,2000,0
800059,QMT_Title_003333,QMT_Purpose_003333,在杀死灵活的Mac库里。,苹果柯里快速马贝教会援助,1,55543,0,3,0,2000,4524.57|6548.12|184.16
800060,QMT_Title_003334,QMT_Purpose_003334,Mac的攻击柯里治疗结肠癌马贝。,收集苹果库里心脏,1,55546,0,1,0,2000,4519.68|6628.80|208.43
800061,QMT_Title_003335,QMT_Purpose_003335,杀死快速居里和Mac收集心脏。,探索修改收集到的,3,25918,0,3,1,2000,4446.36|6553.74|192.87
800062,QMT_Title_003336,QMT_Purpose_003336,修改后的收集从导航修改搜索。,一扔苹果柯里援助,3,25919,0,3,1,2000,0
800063,QMT_Title_003337,QMT_Purpose_003337,该援助一扔Mac的库里。,使用导航装置,1,55544,0,3,0,2000,4467.02|6548.66|192.87
800064,QMT_Title_003338,QMT_Purpose_003338,利用导航装置的。,柯里尾静脉采集,4,25920,0,1,1,2000,4447.55|6397.27|179.76
800065,QMT_Title_003339,QMT_Purpose_003339,从野尾静脉库里库里苹果的集合。,M.魔法卡使用,3,25921,0,3,1,2000,4459.61|6406.71|179.76
800066,QMT_Title_003340,QMT_Purpose_003340,M的使用魔法的点击。,Nalhwang水果采摘,4,25922,0,1,1,2000,4441.49|6394.52|179.76
800067,QMT_Title_003341,QMT_Purpose_003341,Nalhwang采集树上的果子nalhwang。,波光粼粼的泳池收集,3,25923,0,3,1,2000,0
800068,QMT_Title_003342,QMT_Purpose_003342,从池收集闪亮波光粼粼的游泳池。,射手治疗趾甲部队eimhayi,3,25924,0,3,1,2000,0
800069,QMT_Title_003343,QMT_Purpose_003343,治疗趾甲袋eimhayi射手。,使用魔法装置gogeu,1,55551,0,3,0,2000,4270.74|6530.57|202.00
800070,QMT_Title_003344,QMT_Purpose_003344,使用gogeu魔器。,Eimhayi魔杖集合,4,25925,0,1,1,2000,4287.66|6448.07|186.92
800071,QMT_Title_003345,QMT_Purpose_003345,收集从爪eimhayi部队eimhayi魔杖向导。,Eimhayi锻锤集合,3,25926,0,3,1,2000,4310.85|6491.50|202.00
800072,QMT_Title_003346,QMT_Purpose_003346,在一个木箱收集eimhayi锻锤。,Eimhayi治疗趾甲部队战士,3,25927,0,3,1,2000,0
800073,QMT_Title_003347,QMT_Purpose_003347,趾甲治疗eimhayi部队战士。,马里奇援助,1,55553,0,3,0,2000,4173.73|6502.74|194.69
800074,QMT_Title_003348,QMT_Purpose_003348,得分马里奇。,我谈话,1,55554,0,1,0,2000,4314.35|6502.17|202.00
800075,QMT_Title_003349,QMT_Purpose_003349,我会说话,日和交谈,2,56091,0,1,0,2000,4264.60|6268.39|200.46
800076,QMT_Title_003350,QMT_Purpose_003350,与天对话,礼品eimhayi使用,2,56067,0,1,0,2000,4377.11|6548.38|187.53
800077,QMT_Title_003351,QMT_Purpose_003351,使用eimhayi存在。,塔伦谈话,4,25929,0,1,1,2000,4182.45|6527.72|198.35
800078,QMT_Title_003352,QMT_Purpose_003352,日和保驾护航。,Eimhayi精灵杀：,5,,0,1,0,2000,0
800079,QMT_Title_003353,QMT_Purpose_003353,杀戮eimhayi向导。,关于特殊法力集合,1,55552,0,3,0,2000,4310.85|6491.50|202.00
800080,QMT_Title_003354,QMT_Purpose_003354,在eimhayi箱，以收集有关的特殊法力。,日落狮子萨满援助,3,25930,0,3,1,2000,0
800081,QMT_Title_003355,QMT_Purpose_003355,狮子杀死在夕阳巫师。,我们梦想的天敌杀伤性,1,55561,0,3,0,2000,4531.89|6314.92|176.44
800082,QMT_Title_003356,QMT_Purpose_003356,摧毁我们的梦想大鳄。,梦食肉动物吃的破坏ittong,1,55571,0,3,0,2000,4378.82|6230.59|183.58
800083,QMT_Title_003357,QMT_Purpose_003357,Ittong吃天敌消灭的梦想。,狮子杀死夕阳的布道者,1,55572,0,3,0,2000,4546.03|6262.48|176.44
800084,QMT_Title_003358,QMT_Purpose_003358,死者传道夕阳的治疗。,援助牧师民都鲁,1,55562,0,3,0,2000,4547.41|6315.27|176.44
800085,QMT_Title_003359,QMT_Purpose_003359,民都鲁杀牧师。,夕阳的破坏狮子象征,1,55564,0,1,0,2000,4415.45|6256.20|190.57
800086,QMT_Title_003360,QMT_Purpose_003360,摧毁夕阳的狮子象征。,报告收集的崇拜,1,55573,0,3,0,2000,0
800087,QMT_Title_003361,QMT_Purpose_003361,为了收集来自落日的死神道祭祀报告。,梅罗魔术用卡扣,3,25931,0,3,1,2000,4407.89|6249.30|189.47
800088,QMT_Title_003362,QMT_Purpose_003362,使用此梅罗魔法卡。,辉收集gwangpul,4,25932,0,1,1,2000,4402.33|6213.41|183.73
800089,QMT_Title_003363,QMT_Purpose_003363,Gwangpul从灰灰gwangpul收集。,使用惠gwangyak,3,25933,0,3,1,2000,0
800090,QMT_Title_003364,QMT_Purpose_003364,使用惠gwangyak。,有关瓶援助Eimhayi头盔袋,4,25934,0,1,1,2000,4446.06|6194.30|183.58
800091,QMT_Title_003365,QMT_Purpose_003365,Eimhayi投球和周围的瓶得分部队。,指挥官宝内援助,1,55574,0,3,0,2000,4158.01|6409.86|192.45
800092,QMT_Title_003366,QMT_Purpose_003366,指挥官福伊和帮助你。,巴南和对话,1,55577,0,1,0,2000,4170.03|6367.88|192.45
800093,QMT_Title_003367,QMT_Purpose_003367,对话和巴南,Eimhayi头盔袋手套病的治疗,2,56121,0,1,0,2000,4172.81|6080.46|208.62
800094,QMT_Title_003368,QMT_Purpose_003368,Eimhayi投手和得分袋手套瓶。,使用出血装甲烧碱小麦,1,55575,0,3,0,2000,4153.65|6398.80|192.45
800095,QMT_Title_003369,QMT_Purpose_003369,使用出血烧碱小麦装甲。,Eimhayi头盔袋治愈疾病的治疗,4,25935,0,1,1,2000,4213.13|6369.11|192.45
800096,QMT_Title_003370,QMT_Purpose_003370,Eimhayi投手和得分单位治愈的疾病。,愈合法力药水瓶回收,1,55576,0,3,0,2000,4186.58|6373.54|192.45
800097,QMT_Title_003371,QMT_Purpose_003371,收集eimhayi愈合法力药水瓶在箱子里。,水瓶集合,3,25936,0,3,1,2000,0
800098,QMT_Title_003372,QMT_Purpose_003372,Eimhayi来自各地的瓶收集矿泉水瓶。,延迟睡眠袋材料收集,3,25937,0,3,1,2000,0
800099,QMT_Title_003373,QMT_Purpose_003373,睡袋，从烟箱收集素材。,睡眠烟的生产设备被毁,3,25938,0,3,1,2000,0
800100,QMT_Title_003374,QMT_Purpose_003374,破坏睡眠烟生产装置。,打哈欠全采集,1,55581,0,3,0,2000,4191.88|6349.70|192.45
800101,QMT_Title_003375,QMT_Purpose_003375,从池中收集的哈欠哈欠池。,混沌德升援助,3,25939,0,3,1,2000,0
800102,QMT_Title_003376,QMT_Purpose_003376,该援助德升混乱。,Redam援助,1,55582,0,3,0,2000,4535.36|6015.92|199.11
800103,QMT_Title_003377,QMT_Purpose_003377,该记录包含援助。,明亮的改性收集,1,55586,0,1,0,2000,4573.44|6069.20|202.70
800104,QMT_Title_003378,QMT_Purpose_003378,真理从修改修改明亮的收集。,采用真正的雪枝,3,25940,0,3,1,2000,0
800105,QMT_Title_003379,QMT_Purpose_003379,用真理的魔杖眼球。,风德升援助,4,25941,0,1,1,2000,4519.66|6046.34|198.35
801105,QMT_Title_003380,QMT_Purpose_003380,风德升的教堂。,全采集珠宝,1,360501,0,1,0,2000,0
800106,QMT_Title_003381,QMT_Purpose_003381,收集宝石和珠宝池池。,德升件收藏,3,25942,0,3,1,2000,0
800107,QMT_Title_003382,QMT_Purpose_003382,收集来自遗忘德升德升件。,德升指甲收藏,3,25943,0,3,1,2000,4396.52|6005.90|202.70
800108,QMT_Title_003383,QMT_Purpose_003383,摧毁德升收集德升指甲。,德升残渣收集,3,25944,0,3,1,2000,4557.32|6021.71|200.97
800109,QMT_Title_003384,QMT_Purpose_003384,残收集在脱升去升残基。,Eimhayi锤杀死轰炸机部队,3,25945,0,3,1,2000,0
800110,QMT_Title_003385,QMT_Purpose_003385,Eimhayi轰炸机部队，以帮助锤。,指挥官匠援助,1,55591,0,3,0,2000,4260.47|5759.88|215.82
800111,QMT_Title_003386,QMT_Purpose_003386,杀指挥官木匠。,Eimhayi锤部队gwangbeopsa援助,1,55594,0,1,0,2000,4184.75|5832.52|221.00
800112,QMT_Title_003387,QMT_Purpose_003387,Eimhayi锤援助部队gwangbeopsa。,Eimhayi军营销毁,1,55592,0,3,0,2000,4175.83|5689.02|218.12
800113,QMT_Title_003388,QMT_Purpose_003388,摧毁eimhayi军营。,固体树枝收集,1,55601,0,1,0,2000,4200.95|5734.82|218.12
800114,QMT_Title_003389,QMT_Purpose_003389,收集树枝从实木固体。,安装坚固的屏障,3,25946,0,3,1,2000,0
800115,QMT_Title_003390,QMT_Purpose_003390,安装了坚实的屏障。,Eimhayi屏障破坏,4,25947,0,1,1,2000,4209.26|6020.30|204.83
800116,QMT_Title_003391,QMT_Purpose_003391,Eimhayi摧毁障碍。,摇滚乐队聚集,1,55602,0,3,1,2000,4237.08|5804.53|216.95
800117,QMT_Title_003392,QMT_Purpose_003392,该小组收集岩石的摇滚乐队。,杰斯采用了特殊的绷带,3,25948,0,3,1,2000,0
800118,QMT_Title_003393,QMT_Purpose_003393,杰斯采用了特殊的绷带。,Eimhayi钢瓶魔法袋援助,4,25949,0,1,1,2000,4191.46|6066.87|208.62
800119,QMT_Title_003394,QMT_Purpose_003394,Eimhayi部队，以帮助钢铁魔瓶。,使用拐杖真相修改,1,55593,0,3,0,2000,4211.08|5762.26|218.12
800120,QMT_Title_003395,QMT_Purpose_003395,使用魔杖修改的道理。,Baerin透露援助,4,25950,0,3,0,2000,0
801120,QMT_Title_003396,QMT_Purpose_003396,计分baerin透露。,乐连击和对话,1,360502,0,1,0,2000,0
800121,QMT_Title_003397,QMT_Purpose_003397,万座的乐谈话长老面糊。,Eimhayi钢瓶袋技术处理,2,56152,0,1,0,2000,0
800122,QMT_Title_003398,QMT_Purpose_003398,计分技术eimhayi钢瓶袋。,Eimhayi维修工具集,1,55611,0,3,0,2000,4315.22|5756.34|218.22
800123,QMT_Title_003399,QMT_Purpose_003399,在皮袋收集eimhayi维修工具。,研究资料收集,3,25951,0,3,1,2000,0
800124,QMT_Title_003400,QMT_Purpose_003400,Eimhayi得分钢铁部队学院，并收集研究文献。,在夕阳的狮子杀死狂欢派对,3,25952,0,3,1,2000,4320.23|5746.22|218.21
800125,QMT_Title_003401,QMT_Purpose_003401,日落狮子忏悔字符的处理。,狮子与塞拉援助,1,55613,0,3,0,2000,4549.73|5819.32|206.61
800126,QMT_Title_003402,QMT_Purpose_003402,该援助狮子塞拉。,收集线索,1,55635,0,1,0,2000,0
800127,QMT_Title_003403,QMT_Purpose_003403,狮子杀死夕阳的黑使徒和寻找线索。,斯坦因收集的观察期,3,25953,0,1,1,2000,4516.90|5773.02|220.08
800128,QMT_Title_003404,QMT_Purpose_003404,在框中斯坦观察期在日落收集狮子。,暮光项链集合,3,25954,0,3,1,2000,0
800129,QMT_Title_003405,QMT_Purpose_003405,收集来自恐怖的使徒暮光项链。,耐用秒的采样,3,25955,0,3,1,2000,4530.87|5765.45|220.07
800130,QMT_Title_003406,QMT_Purpose_003406,所收集的早期从坚固，耐用秒。,使用不明血,3,25956,0,3,1,2000,0
800131,QMT_Title_003407,QMT_Purpose_003407,使用不明血。,夏普红色的眼睛空洞援助,4,25957,0,1,1,2000,4518.87|5789.64|218.42
800132,QMT_Title_003408,QMT_Purpose_003408,杀红了眼睛和锋利的空虚。,暗翼援助,1,55621,0,3,0,2000,4580.39|5885.38|206.88
800133,QMT_Title_003409,QMT_Purpose_003409,治疗目赤黑暗虚空翼头。,空虚的碎片收集,1,55624,0,1,0,2000,4580.67|5935.79|214.08
800134,QMT_Title_003410,QMT_Purpose_003410,援助刺入红眼睛空洞和虚无收集碎片。,使用万座的护符,3,25958,0,3,1,2000,4568.14|5937.25|214.08
800135,QMT_Title_003411,QMT_Purpose_003411,使用纳粹标志的护身符。,咬红了眼睛空洞援助,4,25959,0,1,1,2000,4574.10|5929.39|214.66
800136,QMT_Title_003412,QMT_Purpose_003412,杀红了眼睛和刺骨的空虚。,太阳水晶采集,1,55623,0,3,0,2000,4550.12|5865.91|206.88
800137,QMT_Title_003413,QMT_Purpose_003413,从太阳和日光修改改性收集。,做腌收集,3,25960,0,3,1,2000,0
800138,QMT_Title_003414,QMT_Purpose_003414,从村庄镇收集盐析盐析。,污染设备的破坏,3,25961,0,3,1,2000,0
800139,QMT_Title_003415,QMT_Purpose_003415,销毁被污染的设备。,研究人员处理的夕阳狮子的黑暗,1,55634,0,3,0,2000,4414.12|5812.35|221.11
800140,QMT_Title_003416,QMT_Purpose_003416,研究人员对待夕阳的狮子黑暗。,黄色的花削弱设备的破坏,1,55631,0,3,0,2000,4305.32|5858.84|214.27
800141,QMT_Title_003417,QMT_Purpose_003417,黄色的花削弱和损坏设备。,三掷援助,1,55636,0,1,0,2000,0
800142,QMT_Title_003418,QMT_Purpose_003418,其杀伤的Tris扔掉。,固全采集,1,55633,0,1,0,2000,4434.94|5818.14|221.11
800143,QMT_Title_003419,QMT_Purpose_003419,将收集的固体强劲池从池中。,基督城大萨满雄狮在日落,3,25962,0,3,1,2000,0
800144,QMT_Title_003420,QMT_Purpose_003420,狮子杀死夕阳的高级巫师。,全采集黄色,1,55632,0,3,0,2000,4303.33|5915.04|204.82
800145,QMT_Title_003421,QMT_Purpose_003421,从池中收集的黄色黄池。,使用黄光醇香,3,25963,0,3,1,2000,0
800146,QMT_Title_003422,QMT_Purpose_003422,使用黄灯圆润。,收集工单文件,4,25964,0,1,1,2000,4412.46|5868.22|221.66
800147,QMT_Title_003423,QMT_Purpose_003423,杀死狮子研究员在日落和黑暗采集工作单文件。,杰斯和对话,3,25965,0,3,1,2000,4305.32|5858.84|214.27
800148,QMT_Title_003424,QMT_Purpose_003424,与杰西谈话,疯狂可见睡眠援助,2,56123,0,1,0,2000,4187.29|6085.74|208.62
800149,QMT_Title_003425,QMT_Purpose_003425,疯狂睡眠援助的知名度。,阿拉瓦治疗马雷,1,55641,0,3,0,2000,3677.58|5951.41|239.85
800150,QMT_Title_003426,QMT_Purpose_003426,该援助俄斯特拉发马。,恒睡眠收集,1,55644,0,1,0,2000,3633.16|5944.04|239.64
800151,QMT_Title_003427,QMT_Purpose_003427,恐惧常睡上一觉可见的收集。,使用改装的量产可见睡,3,25966,0,3,1,2000,3677.28|5934.62|239.64
800152,QMT_Title_003428,QMT_Purpose_003428,谚语用于修改生产的可见性。,可见注意避免睡眠援助,4,25967,0,1,1,2000,0
800153,QMT_Title_003429,QMT_Purpose_003429,睡眠喝醉了血液有形的治疗。,全采集kkachil,1,55643,0,3,0,2000,3614.59|5904.35|239.64
800154,QMT_Title_003430,QMT_Purpose_003430,所收集的kkachil池。,睡眠可见采血,3,25968,0,3,1,2000,0
800155,QMT_Title_003431,QMT_Purpose_003431,在从可见光抽取的血液中采集的血液睡觉。,使用徒劳收集装置,3,25969,0,3,1,2000,3614.59|5904.35|239.64
800156,QMT_Title_003432,QMT_Purpose_003432,设备使用不切实际。,收集放松池,4,25970,0,1,1,2000,0
800157,QMT_Title_003433,QMT_Purpose_003433,收集来自放松池池松动。,用轻松的约,3,25971,0,3,1,2000,0
800158,QMT_Title_003434,QMT_Purpose_003434,使用轻松一下。,刺幼虫睡眠援助,4,25972,0,1,1,2000,0
801158,QMT_Title_003435,QMT_Purpose_003435,睡眠可见幼虫的治疗。,睡眠刺触角集合,1,360503,0,1,0,2000,0
800159,QMT_Title_003436,QMT_Purpose_003436,收集睡上一觉从疯狂可见明显的触角。,修改乌云笼罩,3,25973,0,3,1,2000,3677.58|5951.41|239.85
800160,QMT_Title_003437,QMT_Purpose_003437,在乌云笼罩在云中修改的修改。,Eimhayi砧势力暗杀疾病治疗,3,25974,0,3,1,2000,0
800161,QMT_Title_003438,QMT_Purpose_003438,Eimhayi和得分砧势力暗杀的瓶子。,这顶暗杀结肠治疗,1,55652,0,3,0,2000,3731.07|5738.15|229.45
800162,QMT_Title_003439,QMT_Purpose_003439,Eimhayi部队，以帮助砧顶部暗杀结肠。,真理的顶部长老ganpeu对话,1,55655,0,1,0,2000,3621.14|5755.16|229.45
800163,QMT_Title_003440,QMT_Purpose_003440,用真情塔的谈话，上古ganpeu,Eimhayi部队钢砧病的治疗,2,56211,0,1,0,2000,3938.23|5961.99|223.86
800164,QMT_Title_003441,QMT_Purpose_003441,Eimhayi和得分砧钢瓶袋。,盲修改收集到的,1,55653,0,3,0,2000,3611.71|5706.98|229.45
800165,QMT_Title_003442,QMT_Purpose_003442,黑修改从闭塞纠正收集。,Eimhayi砧部队恢复了一瓶已父,3,26008,0,3,1,2000,0
800166,QMT_Title_003443,QMT_Purpose_003443,Eimhayi和得分砧部队恢复瓶子。,全采集的猫,1,55654,0,3,0,2000,3637.19|5727.27|229.45
800167,QMT_Title_003444,QMT_Purpose_003444,从池中收集的猫咪猫咪池。,胡安和会话,3,25975,0,3,1,2000,0
800168,QMT_Title_003445,QMT_Purpose_003445,胡安谈话,Eimhayi业务文档集合,2,56184,0,1,0,2000,3676.64|5759.50|229.51
800169,QMT_Title_003446,QMT_Purpose_003446,Eimhayi任务收集秘密文件夹的文件。,Eimhayi武器销毁箱,3,25976,0,1,1,2000,0
800170,QMT_Title_003447,QMT_Purpose_003447,Eimhayi销毁武器箱。,胡安护航,1,55661,0,3,0,2000,3606.73|5727.40|229.45
800171,QMT_Title_003448,QMT_Purpose_003448,护送胡安。,魅集,5,,0,1,0,2000,0
800172,QMT_Title_003449,QMT_Purpose_003449,Eimhayi得分钢瓶和袋砧收集的护身符。,拆迁装甲收集,3,25977,0,3,1,2000,3671.06|5717.37|229.45
800173,QMT_Title_003450,QMT_Purpose_003450,收集拆迁装甲。,信息传播文档集合,3,25978,0,3,1,2000,0
800174,QMT_Title_003451,QMT_Purpose_003451,Eimhayi得分回收瓶和收集信息传播的文件,疼痛治疗合酶,3,25979,0,3,1,2000,3637.19|5727.27|229.45
800175,QMT_Title_003452,QMT_Purpose_003452,疼痛再夺剂。,拉特兰教堂,1,55662,0,3,0,2000,4007.20|5699.57|253.53
800176,QMT_Title_003453,QMT_Purpose_003453,拉特兰的得分。,生活珠集,1,55665,0,1,0,2000,4021.67|5668.65|257.05
800177,QMT_Title_003454,QMT_Purpose_003454,所收集的珠子出死入生等代理。,使用虚荣光环探头,3,25980,0,3,1,2000,3799.34|5775.77|230.93
800178,QMT_Title_003455,QMT_Purpose_003455,使用空探测的光环。,援助生活合酶,4,25981,0,1,1,2000,0
800179,QMT_Title_003456,QMT_Purpose_003456,简和计分另一种生活。,非洲大陆的历史收藏,1,55664,0,3,0,2000,3992.04|5667.90|253.53
800180,QMT_Title_003457,QMT_Purpose_003457,在一个皮袋elryo藏书。,研究古物收藏,3,25982,0,1,1,2000,0
801180,QMT_Title_003458,QMT_Purpose_003458,在一个皮袋elryo藏书。,易考古收藏,3,25983,0,1,1,2000,0
802180,QMT_Title_003459,QMT_Purpose_003459,在一个皮袋elryo藏书。,采集水合酶心脏,3,25984,0,1,1,2000,0
800181,QMT_Title_003460,QMT_Purpose_003460,其他得分简疼痛，并收集心脏。,绿叶收集网,3,25985,0,3,1,2000,4007.20|5699.57|253.53
800182,QMT_Title_003461,QMT_Purpose_003461,所收集的树叶由绿到绿网叶网。,援助合酶死亡,3,25986,0,3,1,2000,0
800183,QMT_Title_003462,QMT_Purpose_003462,简和再夺死亡。,老树绿树被毁,1,55663,0,3,0,2000,3799.34|5775.77|230.93
800184,QMT_Title_003463,QMT_Purpose_003463,破坏绿化树古树。,修改捡柴,1,55683,0,3,0,2000,0
800185,QMT_Title_003464,QMT_Purpose_003464,从收集甘蔗甘蔗修改的修改。,使用拐杖斯坦跟踪,3,25987,0,3,1,2000,0
800186,QMT_Title_003465,QMT_Purpose_003465,使用定点杆污点。,狮子日落血液神道援助,4,25988,0,1,1,2000,0
800187,QMT_Title_003466,QMT_Purpose_003466,死者神道日落血的治疗。,Ganpeu魔法卡使用,1,55671,0,3,0,2000,4001.02|6002.13|222.12
800188,QMT_Title_003467,QMT_Purpose_003467,Ganpeu使用这个神奇的点击。,暮光之城文档集合,4,25989,0,1,1,2000,0
800189,QMT_Title_003468,QMT_Purpose_003468,不要杀大祭司并收集暮文件。,收集神圣暮光片,3,25990,0,1,1,2000,4022.08|6064.06|227.08
800190,QMT_Title_003469,QMT_Purpose_003469,收集神圣的狮子雕塑文物黄昏日落。,日落圣经集合,3,25991,0,3,1,2000,0
800191,QMT_Title_003470,QMT_Purpose_003470,文章hyeolsa从死里复活的夕阳和收集夕阳经文。,收集夕阳sajebok,3,25992,0,3,1,2000,3998.64|5967.45|218.12
800192,QMT_Title_003471,QMT_Purpose_003471,从日落的狮子收集夕阳sajebok框。,日落狮子的治疗黑暗,3,25993,0,1,1,2000,0
800193,QMT_Title_003472,QMT_Purpose_003472,夕阳的死黑暗的治疗。,炼金术日落狮子的破坏,1,55673,0,3,0,2000,3970.14|6078.53|227.08
800194,QMT_Title_003473,QMT_Purpose_003473,杀狮炼丹的日落。,红色如何收集,1,55684,0,3,0,2000,0
800195,QMT_Title_003474,QMT_Purpose_003474,杀众血夕阳红的使者和收集各地。,全采集yikkeum,3,25994,0,1,1,2000,4069.71|5850.59|218.12
800196,QMT_Title_003475,QMT_Purpose_003475,池收集yikkeum yikkeum池。,夕阳狮高级萨满援助,3,25995,0,3,1,2000,0
800197,QMT_Title_003476,QMT_Purpose_003476,狮子杀死夕阳的高级巫师。,绿树摧毁削弱设备,1,55675,0,3,0,2000,3789.56|5828.72|223.86
800198,QMT_Title_003477,QMT_Purpose_003477,抽象的树削弱和损坏设备。,炼金治疗夕阳狮,1,55685,0,3,0,2000,0
800199,QMT_Title_003478,QMT_Purpose_003478,狮子杀死夕阳的炼金术士。,空置我的收藏,1,55686,0,3,0,2000,0
800200,QMT_Title_003479,QMT_Purpose_003479,收集空我的夕阳狮子炼金术士的口袋。,日落收集瓶,3,25996,0,3,1,2000,0
800201,QMT_Title_003480,QMT_Purpose_003480,收集夕阳小瓶从死里约日落的魔术师。,得分霜狼部落爪,3,25997,0,3,1,2000,3724.54|5809.01|223.86
910001,QMT_Title_003481,QMT_Purpose_003481,记分霜狼部落的爪子。,骨头碎片收集僵尸,1,51611,0,6,0,2000,7521.46|6699.65|107.10
930001,QMT_Title_003482,QMT_Purpose_003482,恶性僵尸杀僵尸，并计算出碎骨。,腐烂僵尸杀mundeureojin,3,25311,0,25,1,2000,5911.72|7534.44|65.75
930002,QMT_Title_003483,QMT_Purpose_003483,该援助mundeureojin腐烂僵尸。,饥饿僵尸援助,1,52512,0,25,0,2000,5930.16|7530.38|64.10
930003,QMT_Title_003484,QMT_Purpose_003484,该援助饥饿僵尸。,已清除,1,52502,0,25,0,2000,5917.07|7588.80|88.92
930004,QMT_Title_003485,QMT_Purpose_003485,狼通常清除带有S级难度的冰。,已清除,9,4430,3,1,0,2000,0
930005,QMT_Title_003486,QMT_Purpose_003486,清除带有S级难度的冰狼。,已清除,9,4431,3,1,0,2000,0
930006,QMT_Title_003487,QMT_Purpose_003487,清晰的冰狼性以S级非常困难。,已清除,9,4432,3,1,0,2000,0
930007,QMT_Title_003488,QMT_Purpose_003488,清除带有S级火焰难度的祭坛。,已清除,9,4030,3,1,0,2000,0
930008,QMT_Title_003489,QMT_Purpose_003489,清除困难军衔的圣火坛。,已清除,9,4031,3,1,0,2000,0
930009,QMT_Title_003490,QMT_Purpose_003490,难度是S级的祭坛非常清晰的火焰。,红泪土地胜,9,4032,3,1,0,2000,0
930010,QMT_Title_003491,QMT_Purpose_003491,在红色的胜利泪土地。,胜利叹息谷,12,1110,0,1,0,2000,0
930011,QMT_Title_003492,QMT_Purpose_003492,在叹息谷的胜利。,角斗士在拉奎拉章胜,12,1120,0,1,0,2000,0
930012,QMT_Title_003493,QMT_Purpose_003493,角斗士赢得拉奎拉领域。,piriah的报表集合,12,1130,0,1,0,2000,0
930013,QMT_Title_003494,QMT_Purpose_003494,杀生锈铠甲的主要条款，并重新获得piriah的报告。,主要治疗破甲的,3,25310,0,25,1,2000,5919.50|7393.39|69.37
930014,QMT_Title_003495,QMT_Purpose_003495,该得分破甲的主要条款。,主要治疗坚实的铠甲,1,52514,0,25,1,2000,5958.75|7349.70|71.11
930015,QMT_Title_003496,QMT_Purpose_003496,硬装甲的得分主要条款。,已清除,1,52522,0,25,1,2000,5697.58|7404.31|103.05
930016,QMT_Title_003497,QMT_Purpose_003497,狼通常清除带有S级难度的冰。,已清除,9,4430,3,1,0,2000,0
930017,QMT_Title_003498,QMT_Purpose_003498,清除带有S级难度的冰狼。,已清除,9,4431,3,1,0,2000,0
930018,QMT_Title_003499,QMT_Purpose_003499,清晰的冰狼性以S级非常困难。,已清除,9,4432,3,1,0,2000,0
930019,QMT_Title_003500,QMT_Purpose_003500,通常清除带有S级火焰难度的祭坛。,已清除,9,4030,3,1,0,2000,0
930020,QMT_Title_003501,QMT_Purpose_003501,清除困难军衔的圣火坛。,已清除,9,4031,3,1,0,2000,0
930021,QMT_Title_003502,QMT_Purpose_003502,难度是S级的祭坛非常清晰的火焰。,红泪土地胜,9,4032,3,1,0,2000,0
930022,QMT_Title_003503,QMT_Purpose_003503,在红色的胜利泪土地。,胜利叹息谷,12,1110,0,1,0,2000,0
930023,QMT_Title_003504,QMT_Purpose_003504,在叹息的山谷的胜利。,角斗士在拉奎拉章胜,12,1120,0,1,0,2000,0
930024,QMT_Title_003505,QMT_Purpose_003505,角斗士赢得拉奎拉领域。,蓝尾湾neeo援助,12,1130,0,1,0,2000,0
930025,QMT_Title_003506,QMT_Purpose_003506,neeo一个蓝色的尾巴海湾的援助。,桶装液体聚集,1,52531,0,25,0,2000,5745.83|7076.02|84.30
930026,QMT_Title_003507,QMT_Purpose_003507,可见打分尺度和计算的桶体液桶。,红尾湾neeo援助,3,25319,0,25,1,2000,5968.49|7096.84|70.14
930027,QMT_Title_003508,QMT_Purpose_003508,在杀死红尾湾neeo。,已清除,1,52532,0,25,1,2000,5739.26|7098.13|84.19
930028,QMT_Title_003509,QMT_Purpose_003509,狼通常清除带有S级难度的冰。,已清除,9,4430,3,1,0,2000,0
930029,QMT_Title_003510,QMT_Purpose_003510,清除带有S级难度的冰狼。,已清除,9,4431,3,1,0,2000,0
930030,QMT_Title_003511,QMT_Purpose_003511,清晰的冰狼性以S级非常困难。,已清除,9,4432,3,1,0,2000,0
930031,QMT_Title_003512,QMT_Purpose_003512,通常清除带有S级火焰难度的祭坛。,已清除,9,4030,3,1,0,2000,0
930032,QMT_Title_003513,QMT_Purpose_003513,清除困难军衔的圣火坛。,已清除,9,4031,3,1,0,2000,0
930033,QMT_Title_003514,QMT_Purpose_003514,难度是S级的祭坛非常清晰的火焰。,红泪土地胜,9,4032,3,1,0,2000,0
930034,QMT_Title_003515,QMT_Purpose_003515,在红色的胜利泪土地。,胜利叹息谷,12,1110,0,1,0,2000,0
930035,QMT_Title_003516,QMT_Purpose_003516,在叹息的山谷的胜利。,角斗士在拉奎拉章胜,12,1120,0,1,0,2000,0
930036,QMT_Title_003517,QMT_Purpose_003517,角斗士赢得拉奎拉领域。,消防柳外核心种质,12,1130,0,1,0,2000,0
930037,QMT_Title_003518,QMT_Purpose_003518,消防战士得分月和计算柳火的外核。,恶性湾nolpeu援助,3,25340,0,25,1,2000,5845.38|6757.52|100.23
930038,QMT_Title_003519,QMT_Purpose_003519,在杀死恶性湾nolpeu。,柳消防援助,1,52542,0,25,1,2000,5915.69|6925.75|90.36
930039,QMT_Title_003520,QMT_Purpose_003520,杨柳将有助于火。,已清除,1,52544,0,25,0,2000,5861.78|6779.44|96.53
930040,QMT_Title_003521,QMT_Purpose_003521,狼通常清除带有S级难度的冰。,已清除,9,4430,3,1,0,2000,0
930041,QMT_Title_003522,QMT_Purpose_003522,清除带有S级难度的冰狼。,已清除,9,4431,3,1,0,2000,0
930042,QMT_Title_003523,QMT_Purpose_003523,清晰的冰狼性以S级非常困难。,已清除,9,4432,3,1,0,2000,0
930043,QMT_Title_003524,QMT_Purpose_003524,通常清除带有S级火焰难度的祭坛。,已清除,9,4030,3,1,0,2000,0
930044,QMT_Title_003525,QMT_Purpose_003525,清除困难军衔的圣火坛。,已清除,9,4031,3,1,0,2000,0
930045,QMT_Title_003526,QMT_Purpose_003526,难度是S级的祭坛非常清晰的火焰。,红泪土地胜,9,4032,3,1,0,2000,0
930046,QMT_Title_003527,QMT_Purpose_003527,在红色的胜利泪土地。,胜利叹息谷,12,1110,0,1,0,2000,0
930047,QMT_Title_003528,QMT_Purpose_003528,在叹息的山谷的胜利。,角斗士在拉奎拉章胜,12,1120,0,1,0,2000,0
930048,QMT_Title_003529,QMT_Purpose_003529,角斗士赢得拉奎拉领域。,易门外景克赖斯特彻奇,12,1130,0,1,0,2000,0
930049,QMT_Title_003530,QMT_Purpose_003530,门卫不计分。,收集指甲哈比的,1,52556,0,25,0,2000,6423.49|6791.95|80.83
930050,QMT_Title_003531,QMT_Purpose_003531,杀死野鹰身女妖，并计算钉子。,杀死鹰身女妖的爪子,3,25367,0,25,1,2000,6388.87|6845.87|86.46
930051,QMT_Title_003532,QMT_Purpose_003532,哈比爪的治疗。,已清除,1,52552,0,25,1,2000,6408.50|7063.21|74.23
930052,QMT_Title_003533,QMT_Purpose_003533,通常清除的哈比困难军衔的天堂。,已清除,9,4440,3,1,0,2000,0
930053,QMT_Title_003534,QMT_Purpose_003534,困难已的清除哈比乐园。,已清除,9,4441,3,1,0,2000,0
930054,QMT_Title_003535,QMT_Purpose_003535,清晰的冰狼性以S级非常困难。,已清除,9,4442,3,1,0,2000,0
930055,QMT_Title_003536,QMT_Purpose_003536,通常清除困难军衔的死亡神庙。,已清除,9,4040,3,1,0,2000,0
930056,QMT_Title_003537,QMT_Purpose_003537,清除困难军衔的死亡神庙。,已清除,9,4041,3,1,0,2000,0
930057,QMT_Title_003538,QMT_Purpose_003538,困难的是在死亡的军衔寺庙很清楚。,红泪土地胜,9,4042,3,1,0,2000,0
930058,QMT_Title_003539,QMT_Purpose_003539,在红色的胜利泪土地。,胜利叹息谷,12,1110,0,1,0,2000,0
930059,QMT_Title_003540,QMT_Purpose_003540,在叹息的山谷的胜利。,角斗士在拉奎拉章胜,12,1120,0,1,0,2000,0
930060,QMT_Title_003541,QMT_Purpose_003541,角斗士赢得拉奎拉领域。,易门萨满援助,12,1130,0,1,0,2000,0
930061,QMT_Title_003542,QMT_Purpose_003542,容易杀??萨满门。,量名称标签集合,1,52561,0,25,1,2000,6340.04|6689.62|80.59
930062,QMT_Title_003543,QMT_Purpose_003543,杀死不栅极猛击和重新获得的量的铭牌。,易门外景克赖斯特彻奇,3,25373,0,25,1,2000,6555.35|6750.27|77.27
930063,QMT_Title_003544,QMT_Purpose_003544,门卫不计分。,已清除,1,52556,0,25,1,2000,6423.49|6791.95|80.83
930064,QMT_Title_003545,QMT_Purpose_003545,通常清除的哈比困难军衔的天堂。,已清除,9,4440,3,1,0,2000,0
930065,QMT_Title_003546,QMT_Purpose_003546,困难已的清除哈比乐园。,已清除,9,4441,3,1,0,2000,0
930066,QMT_Title_003547,QMT_Purpose_003547,清晰的冰狼性以S级非常困难。,已清除,9,4442,3,1,0,2000,0
930067,QMT_Title_003548,QMT_Purpose_003548,通常清除困难军衔的死亡神庙。,已清除,9,4040,3,1,0,2000,0
930068,QMT_Title_003549,QMT_Purpose_003549,清除困难军衔的死亡神庙。,已清除,9,4041,3,1,0,2000,0
930069,QMT_Title_003550,QMT_Purpose_003550,困难的是在死亡的军衔寺庙很清楚。,红泪土地胜,9,4042,3,1,0,2000,0
930070,QMT_Title_003551,QMT_Purpose_003551,在红色的胜利泪土地。,胜利叹息谷,12,1110,0,1,0,2000,0
930071,QMT_Title_003552,QMT_Purpose_003552,在叹息的山谷的胜利。,角斗士在拉奎拉章胜,12,1120,0,1,0,2000,0
930072,QMT_Title_003553,QMT_Purpose_003553,角斗士赢得拉奎拉领域。,钻原木毒治疗,12,1130,0,1,0,2000,0
930073,QMT_Title_003554,QMT_Purpose_003554,钻日志带毒的治疗。,魔法护甲收集死亡,1,52572,0,25,0,2000,6419.24|6400.08|78.59
930074,QMT_Title_003555,QMT_Purpose_003555,杀战士边境片，并计算出装甲居住死亡。,杀死士兵雕塑jolbyeong,3,25384,0,25,1,2000,6491.19|6533.00|79.39
930075,QMT_Title_003556,QMT_Purpose_003556,计分片jolbyeong士兵。,已清除,1,52574,0,25,0,2000,6487.42|6499.57|76.72
930076,QMT_Title_003557,QMT_Purpose_003557,通常清除的哈比困难军衔的天堂。,已清除,9,4440,3,1,0,2000,0
930077,QMT_Title_003558,QMT_Purpose_003558,困难已的清除哈比乐园。,已清除,9,4441,3,1,0,2000,0
930078,QMT_Title_003559,QMT_Purpose_003559,清晰的冰狼性以S级非常困难。,已清除,9,4442,3,1,0,2000,0
930079,QMT_Title_003560,QMT_Purpose_003560,通常清除困难军衔的死亡神庙。,已清除,9,4040,3,1,0,2000,0
930080,QMT_Title_003561,QMT_Purpose_003561,清除困难军衔的死亡神庙。,已清除,9,4041,3,1,0,2000,0
930081,QMT_Title_003562,QMT_Purpose_003562,困难的是在死亡的军衔寺庙很清楚。,红泪土地胜,9,4042,3,1,0,2000,0
930082,QMT_Title_003563,QMT_Purpose_003563,在红色的胜利泪土地。,胜利叹息谷,12,1110,0,1,0,2000,0
930083,QMT_Title_003564,QMT_Purpose_003564,在叹息的山谷的胜利。,角斗士在拉奎拉章胜,12,1120,0,1,0,2000,0
930084,QMT_Title_003565,QMT_Purpose_003565,角斗士赢得拉奎拉领域。,老收缴武器,12,1130,0,1,0,2000,0
930085,QMT_Title_003566,QMT_Purpose_003566,突击队士兵患病和求医件旧的武器。,骷髅条纹援助,3,25394,0,25,1,2000,6284.34|6235.95|79.40
930086,QMT_Title_003567,QMT_Purpose_003567,计分骨架房客。,骷髅突击队疾病治疗,1,52582,0,25,0,2000,6566.49|6276.90|78.32
930087,QMT_Title_003568,QMT_Purpose_003568,计分骨架突击队疾病。,已清除,1,52591,0,25,0,2000,6279.49|6253.25|79.40
930088,QMT_Title_003569,QMT_Purpose_003569,通常清除的哈比困难军衔的天堂。,已清除,9,4440,3,1,0,2000,0
930089,QMT_Title_003570,QMT_Purpose_003570,困难已的清除哈比乐园。,已清除,9,4441,3,1,0,2000,0
930090,QMT_Title_003571,QMT_Purpose_003571,清晰的冰狼性以S级非常困难。,已清除,9,4442,3,1,0,2000,0
930091,QMT_Title_003572,QMT_Purpose_003572,通常清除困难军衔的死亡神庙。,已清除,9,4040,3,1,0,2000,0
930092,QMT_Title_003573,QMT_Purpose_003573,清除困难军衔的死亡神庙。,已清除,9,4041,3,1,0,2000,0
930093,QMT_Title_003574,QMT_Purpose_003574,困难的是在死亡的军衔寺庙很清楚。,红泪土地胜,9,4042,3,1,0,2000,0
930094,QMT_Title_003575,QMT_Purpose_003575,在红色的胜利泪土地。,胜利叹息谷,12,1110,0,1,0,2000,0
930095,QMT_Title_003576,QMT_Purpose_003576,在叹息的山谷的胜利。,角斗士在拉奎拉章胜,12,1120,0,1,0,2000,0
930096,QMT_Title_003577,QMT_Purpose_003577,角斗士赢得拉奎拉领域。,明镜清扫车观察家援助,12,1130,0,1,0,2000,0
930097,QMT_Title_003578,QMT_Purpose_003578,该援助给出河畔清道夫角色。,国民警卫队的武器收集,1,52605,0,25,0,2000,5946.90|6326.90|72.06
930098,QMT_Title_003579,QMT_Purpose_003579,杀死饿了呼吸，血少重新获得武器的警卫。,明镜扫杀萨满,3,25400,0,25,1,2000,5954.72|6528.79|72.06
930099,QMT_Title_003580,QMT_Purpose_003580,清扫车杀鹿萨满。,已清除,1,52604,0,25,0,2000,5940.70|6294.90|72.06
930100,QMT_Title_003581,QMT_Purpose_003581,通常清除的哈比困难军衔的天堂。,已清除,9,4440,3,1,0,2000,0
930101,QMT_Title_003582,QMT_Purpose_003582,困难已的清除哈比乐园。,已清除,9,4441,3,1,0,2000,0
930102,QMT_Title_003583,QMT_Purpose_003583,清晰的冰狼性以S级非常困难。,已清除,9,4442,3,1,0,2000,0
930103,QMT_Title_003584,QMT_Purpose_003584,通常清除困难军衔的死亡神庙。,已清除,9,4040,3,1,0,2000,0
930104,QMT_Title_003585,QMT_Purpose_003585,清除困难军衔的死亡神庙。,已清除,9,4041,3,1,0,2000,0
930105,QMT_Title_003586,QMT_Purpose_003586,困难的是在死亡的军衔寺庙很清楚。,红泪土地胜,9,4042,3,1,0,2000,0
930106,QMT_Title_003587,QMT_Purpose_003587,在红色的胜利泪土地。,胜利叹息谷,12,1110,0,1,0,2000,0
930107,QMT_Title_003588,QMT_Purpose_003588,在叹息的山谷的胜利。,角斗士在拉奎拉章胜,12,1120,0,1,0,2000,0
930108,QMT_Title_003589,QMT_Purpose_003589,角斗士赢得拉奎拉领域。,地狱主外景克赖斯特彻奇,12,1130,0,1,0,2000,0
930109,QMT_Title_003590,QMT_Purpose_003590,得分地狱掌握望风。,地图碎片收集的,1,52611,0,25,0,2000,5742.70|6458.20|111.80
930110,QMT_Title_003591,QMT_Purpose_003591,援助少生气呼吸，计算地图的废墟。,地狱主人寄宿援助,3,25410,0,25,1,2000,5901.35|6475.92|82.24
930111,QMT_Title_003592,QMT_Purpose_003592,得分高手地狱边境。,已清除,1,52612,0,25,0,2000,5783.10|6331.95|92.25
930112,QMT_Title_003593,QMT_Purpose_003593,通常情况下，强攻的难度清除与已城堡。,已清除,9,4450,3,1,0,2000,0
930113,QMT_Title_003594,QMT_Purpose_003594,清除风暴的困难军衔城堡。,已清除,9,4451,3,1,0,2000,0
930114,QMT_Title_003595,QMT_Purpose_003595,清算风暴在S级城堡的非常困难。,已清除,9,4452,3,1,0,2000,0
930115,QMT_Title_003596,QMT_Purpose_003596,暂停通常清除罗汉一个S级的难度。,已清除,9,4050,3,1,0,2000,0
930116,QMT_Title_003597,QMT_Purpose_003597,清除浮游带S级难度的罗汉。,已清除,9,4051,3,1,0,2000,0
930117,QMT_Title_003598,QMT_Purpose_003598,以S级流星的罗汉很清楚的部分的难度。,红泪土地胜,9,4052,3,1,0,2000,0
930118,QMT_Title_003599,QMT_Purpose_003599,在红色的胜利泪土地。,胜利叹息谷,12,1110,0,1,0,2000,0
930119,QMT_Title_003600,QMT_Purpose_003600,在叹息的山谷的胜利。,角斗士在拉奎拉章胜,12,1120,0,1,0,2000,0
930120,QMT_Title_003601,QMT_Purpose_003601,角斗士赢得拉奎拉领域。,脆弱拉蓬蒂援助计划,12,1130,0,1,0,2000,0
940001,QMT_Title_003602,QMT_Purpose_003602,在援助脆弱的拉蓬蒂程序。,收集拉蓬蒂的蹄子印,1,53521,0,25,0,2000,5772.90|7885.05|125.77
940002,QMT_Title_003603,QMT_Purpose_003603,拉蓬蒂失去了援助计划，并计算拉蓬蒂的蹄打印。,蜘蛛气味处理,3,25620,0,25,1,2000,5812.58|7878.12|127.74
940003,QMT_Title_003604,QMT_Purpose_003604,该援助气味狼蛛。,已清除,1,53513,0,25,0,2000,5930.16|7937.03|120.66
940004,QMT_Title_003605,QMT_Purpose_003605,通常情况下，强攻的难度清除与已城堡。,已清除,9,4450,3,1,0,2000,0
940005,QMT_Title_003606,QMT_Purpose_003606,清除风暴的困难军衔城堡。,已清除,9,4451,3,1,0,2000,0
940006,QMT_Title_003607,QMT_Purpose_003607,清算风暴在S级城堡的非常困难。,已清除,9,4452,3,1,0,2000,0
940007,QMT_Title_003608,QMT_Purpose_003608,暂停通常清除罗汉一个S级的难度。,已清除,9,4050,3,1,0,2000,0
940008,QMT_Title_003609,QMT_Purpose_003609,清除浮游带S级难度的罗汉。,已清除,9,4051,3,1,0,2000,0
940009,QMT_Title_003610,QMT_Purpose_003610,以S级流星的罗汉很清楚的部分的难度。,红泪土地胜,9,4052,3,1,0,2000,0
940010,QMT_Title_003611,QMT_Purpose_003611,在红色的胜利泪土地。,胜利叹息谷,12,1111,0,1,0,2000,0
940011,QMT_Title_003612,QMT_Purpose_003612,在叹息的山谷的胜利。,角斗士在拉奎拉章胜,12,1121,0,1,0,2000,0
940012,QMT_Title_003613,QMT_Purpose_003613,角斗士赢得拉奎拉领域。,药品回收,12,1131,0,1,0,2000,0
940013,QMT_Title_003614,QMT_Purpose_003614,致命一击岛转录和恢复的药物。,吹岛观景台基督城,3,25653,0,25,1,2000,5360.18|8127.34|132.45
940014,QMT_Title_003615,QMT_Purpose_003615,计分的打击岛上了望。,大号水瓶助磨剂,1,53601,0,25,0,2000,5347.25|8073.80|131.97
940015,QMT_Title_003616,QMT_Purpose_003616,计分磨床大号玻璃瓶。,已清除,1,53611,0,25,1,2000,5331.09|8007.79|130.29
940016,QMT_Title_003617,QMT_Purpose_003617,通常明确转录圣地困难军衔的。,已清除,9,4460,3,1,0,2000,0
940017,QMT_Title_003618,QMT_Purpose_003618,清除困难军衔的圣地转录。,已清除,9,4461,3,1,0,2000,0
940018,QMT_Title_003619,QMT_Purpose_003619,清除圣地的转录是非常困难军衔。,已清除,9,4462,3,1,0,2000,0
940019,QMT_Title_003620,QMT_Purpose_003620,通常明确的人群生物实验室困难军衔。,已清除,9,4060,3,1,0,2000,0
940020,QMT_Title_003621,QMT_Purpose_003621,清除人群生物实验室困难军衔。,已清除,9,4061,3,1,0,2000,0
940021,QMT_Title_003622,QMT_Purpose_003622,人群中非常困难，清除了生物实验室在S级。,红泪土地胜,9,4062,3,1,0,2000,0
940022,QMT_Title_003623,QMT_Purpose_003623,在红色的胜利泪土地。,胜利叹息谷,12,1111,0,1,0,2000,0
940023,QMT_Title_003624,QMT_Purpose_003624,在叹息的山谷的胜利。,角斗士在拉奎拉章胜,12,1121,0,1,0,2000,0
940024,QMT_Title_003625,QMT_Purpose_003625,角斗士赢得拉奎拉领域。,体液的地狱犬集合,12,1131,0,1,0,2000,0
940025,QMT_Title_003626,QMT_Purpose_003626,而就诊的暴力地狱犬地狱犬的液体。,远藤的猎人杀死,3,25681,0,25,1,2000,4830.03|8470.31|124.18
940026,QMT_Title_003627,QMT_Purpose_003627,得分远藤的猎人。,远藤的冠军援助,1,53672,0,25,0,2000,4838.92|8484.53|124.17
940027,QMT_Title_003628,QMT_Purpose_003628,在杀死远藤的武士。,已清除,1,53671,0,25,0,2000,4774.44|8560.92|105.42
940028,QMT_Title_003629,QMT_Purpose_003629,通常明确转录圣地困难军衔的。,已清除,9,4460,3,1,0,2000,0
940029,QMT_Title_003630,QMT_Purpose_003630,清除困难军衔的圣地转录。,已清除,9,4461,3,1,0,2000,0
940030,QMT_Title_003631,QMT_Purpose_003631,清除圣地的转录是非常困难军衔。,已清除,9,4462,3,1,0,2000,0
940031,QMT_Title_003632,QMT_Purpose_003632,通常明确的人群生物实验室困难军衔。,已清除,9,4060,3,1,0,2000,0
940032,QMT_Title_003633,QMT_Purpose_003633,清除人群生物实验室困难军衔。,已清除,9,4061,3,1,0,2000,0
940033,QMT_Title_003634,QMT_Purpose_003634,人群中非常困难，清除了生物实验室在S级。,红泪土地胜,9,4062,3,1,0,2000,0
940034,QMT_Title_003635,QMT_Purpose_003635,在红色的胜利泪土地。,胜利叹息谷,12,1111,0,1,0,2000,0
940035,QMT_Title_003636,QMT_Purpose_003636,在叹息的山谷的胜利。,角斗士在拉奎拉章胜,12,1121,0,1,0,2000,0
940036,QMT_Title_003637,QMT_Purpose_003637,角斗士赢得拉奎拉领域。,大基督城战士心熊,12,1131,0,1,0,2000,0
940037,QMT_Title_003638,QMT_Purpose_003638,杀熊和心高级冠军。,收集纺织品硬化剂,1,53702,0,25,0,2000,5240.69|8391.59|182.15
940038,QMT_Title_003639,QMT_Purpose_003639,刻划粉碎机志愿者和收集纤维硬化剂。,磨床突击队疾病治疗,3,25693,0,25,1,2000,5321.79|8466.22|179.04
940039,QMT_Title_003640,QMT_Purpose_003640,计分磨床突击队疾病。,已清除,1,53711,0,25,0,2000,5285.38|8445.52|177.50
940040,QMT_Title_003641,QMT_Purpose_003641,通常明确转录圣地困难军衔的。,已清除,9,4460,3,1,0,2000,0
940041,QMT_Title_003642,QMT_Purpose_003642,清除困难军衔的圣地转录。,已清除,9,4461,3,1,0,2000,0
940042,QMT_Title_003643,QMT_Purpose_003643,清除圣地的转录是非常困难军衔。,已清除,9,4462,3,1,0,2000,0
940043,QMT_Title_003644,QMT_Purpose_003644,通常明确的人群生物实验室困难军衔。,已清除,9,4060,3,1,0,2000,0
940044,QMT_Title_003645,QMT_Purpose_003645,清除人群生物实验室困难军衔。,已清除,9,4061,3,1,0,2000,0
940045,QMT_Title_003646,QMT_Purpose_003646,人群中非常困难，清除了生物实验室在S级。,红泪土地胜,9,4062,3,1,0,2000,0
940046,QMT_Title_003647,QMT_Purpose_003647,在红色的胜利泪土地。,胜利叹息谷,12,1111,0,1,0,2000,0
940047,QMT_Title_003648,QMT_Purpose_003648,在叹息的山谷的胜利。,角斗士在拉奎拉章胜,12,1121,0,1,0,2000,0
940048,QMT_Title_003649,QMT_Purpose_003649,角斗士赢得拉奎拉领域。,召唤师残忍待遇,12,1131,0,1,0,2000,0
940049,QMT_Title_003650,QMT_Purpose_003650,残忍杀害召唤。,收集熔岩晶体,1,53731,0,25,0,2000,5432.30|8650.56|209.61
940050,QMT_Title_003651,QMT_Purpose_003651,熔岩魔像和就诊的熔岩的决心。,召唤师可怕的治疗,3,25710,0,25,1,2000,5509.37|8575.55|229.08
940051,QMT_Title_003652,QMT_Purpose_003652,该援助可怕的召唤。,已清除,1,53732,0,25,1,2000,5449.45|8615.89|206.74
940052,QMT_Title_003653,QMT_Purpose_003653,通常清除红发的火山溶洞带S级的难度。,已清除,9,4470,3,1,0,0,
940053,QMT_Title_003654,QMT_Purpose_003654,红发的火山溶洞带S级清晰的难度。,已清除,9,4471,3,1,0,0,
940054,QMT_Title_003655,QMT_Purpose_003655,一个很明显的红头发的火山溶洞带S级的难度。,已清除,9,4472,3,1,0,0,
940055,QMT_Title_003656,QMT_Purpose_003656,通常清除贺龙困难军衔巢。,已清除,9,4070,3,1,0,0,
940056,QMT_Title_003657,QMT_Purpose_003657,清除难度带有S级的龙的巢穴。,已清除,9,4071,3,1,0,0,
940057,QMT_Title_003658,QMT_Purpose_003658,困难已的龙非常明确的窝。,红泪土地胜,9,4072,3,1,0,0,
940058,QMT_Title_003659,QMT_Purpose_003659,在红色的胜利泪土地。,胜利叹息谷,12,1111,0,1,0,2000,0
940059,QMT_Title_003660,QMT_Purpose_003660,在叹息的山谷的胜利。,角斗士在拉奎拉章胜,12,1121,0,1,0,2000,0
940060,QMT_Title_003661,QMT_Purpose_003661,角斗士赢得拉奎拉领域。,红泪土地胜,12,1131,0,1,0,2000,0
940061,QMT_Title_003662,QMT_Purpose_003662,在红色的胜利泪土地。,红泪土地失利,12,1111,0,1,0,2000,0
940062,QMT_Title_003663,QMT_Purpose_003663,在地面上的失利红泪。,胜利叹息谷,13,1111,0,1,0,2000,0
940063,QMT_Title_003664,QMT_Purpose_003664,在叹息的山谷的胜利。,失败的叹息谷,12,1121,0,1,0,2000,0
940064,QMT_Title_003665,QMT_Purpose_003665,在叹息谷的失败。,角斗士在拉奎拉章胜,13,1121,0,1,0,2000,0
940065,QMT_Title_003666,QMT_Purpose_003666,角斗士赢得拉奎拉领域。,在第二章拉奎拉失利角斗士,12,1131,0,1,0,2000,0
940066,QMT_Title_003667,QMT_Purpose_003667,这次失败的角斗士在拉奎拉一章。,红泪土地胜,13,1131,0,1,0,2000,0
940067,QMT_Title_003668,QMT_Purpose_003668,在红色的胜利泪土地。,红泪土地失利,12,1111,0,1,0,2000,0
940068,QMT_Title_003669,QMT_Purpose_003669,在地面上的失利红泪。,胜利叹息谷,13,1111,0,1,0,2000,0
940069,QMT_Title_003670,QMT_Purpose_003670,在叹息的山谷的胜利。,失败的叹息谷,12,1121,0,1,0,2000,0
940070,QMT_Title_003671,QMT_Purpose_003671,在叹息谷的失败。,角斗士在拉奎拉章胜,13,1121,0,1,0,2000,0
940071,QMT_Title_003672,QMT_Purpose_003672,角斗士赢得拉奎拉领域。,在第二章拉奎拉失利角斗士,12,1131,0,1,0,2000,0
940072,QMT_Title_003673,QMT_Purpose_003673,这次失败的角斗士在拉奎拉一章。,红泪土地胜,13,1131,0,1,0,2000,0
940073,QMT_Title_003674,QMT_Purpose_003674,在红色的胜利泪土地。,红泪土地失利,12,1111,0,1,0,2000,0
940074,QMT_Title_003675,QMT_Purpose_003675,在地面上的失利红泪。,胜利叹息谷,13,1111,0,1,0,2000,0
940075,QMT_Title_003676,QMT_Purpose_003676,在叹息的山谷的胜利。,失败的叹息谷,12,1121,0,1,0,2000,0
940076,QMT_Title_003677,QMT_Purpose_003677,在叹息谷的失败。,角斗士在拉奎拉章胜,13,1121,0,1,0,2000,0
940077,QMT_Title_003678,QMT_Purpose_003678,角斗士赢得拉奎拉领域。,在第二章拉奎拉失利角斗士,12,1131,0,1,0,2000,0
940078,QMT_Title_003679,QMT_Purpose_003679,这次失败的角斗士在拉奎拉一章。,红泪土地胜,13,1131,0,1,0,2000,0
940079,QMT_Title_003680,QMT_Purpose_003680,在红色的胜利泪土地。,红泪土地失利,12,1111,0,1,0,2000,0
940080,QMT_Title_003681,QMT_Purpose_003681,在地面上的失利红泪。,胜利叹息谷,13,1111,0,1,0,2000,0
940081,QMT_Title_003682,QMT_Purpose_003682,在叹息的山谷的胜利。,失败的叹息谷,12,1121,0,1,0,2000,0
940082,QMT_Title_003683,QMT_Purpose_003683,在叹息谷的失败。,角斗士在拉奎拉章胜,13,1121,0,1,0,2000,0
940083,QMT_Title_003684,QMT_Purpose_003684,角斗士赢得拉奎拉领域。,在第二章拉奎拉失利角斗士,12,1131,0,1,0,2000,0
940084,QMT_Title_003685,QMT_Purpose_003685,这次失败的角斗士在拉奎拉一章。,红泪土地胜,13,1131,0,1,0,2000,0
940085,QMT_Title_003686,QMT_Purpose_003686,在红色的胜利泪土地。,红泪土地失利,12,1111,0,1,0,2000,0
940086,QMT_Title_003687,QMT_Purpose_003687,在地面上的失利红泪。,胜利叹息谷,13,1111,0,1,0,2000,0
940087,QMT_Title_003688,QMT_Purpose_003688,在叹息的山谷的胜利。,失败的叹息谷,12,1121,0,1,0,2000,0
940088,QMT_Title_003689,QMT_Purpose_003689,在叹息谷的失败。,角斗士在拉奎拉章胜,13,1121,0,1,0,2000,0
940089,QMT_Title_003690,QMT_Purpose_003690,角斗士赢得拉奎拉领域。,在第二章拉奎拉失利角斗士,12,1131,0,1,0,2000,0
940090,QMT_Title_003691,QMT_Purpose_003691,这次失败的角斗士在拉奎拉一章。,莫斯锐利的触角治疗室,13,1131,0,1,0,2000,0
950001,QMT_Title_003692,QMT_Purpose_003692,青苔房得分尖锐的触角。,莫斯房腿合,1,54513,0,25,0,2000,4693.24|7816.88|114.15
950002,QMT_Title_003693,QMT_Purpose_003693,按住厚厚的触角得到苔室的腿部空间。,哥布林天空旋风援助,3,25869,0,25,1,2000,4743.50|7883.58|116.21
950003,QMT_Title_003694,QMT_Purpose_003694,记分旋风天空精灵。,已清除,1,54533,0,25,0,2000,5034.62|7773.45|121.43
950004,QMT_Title_003695,QMT_Purpose_003695,通常清除红发的火山溶洞带S级的难度。,已清除,9,4470,3,1,0,0,
950005,QMT_Title_003696,QMT_Purpose_003696,红发的火山溶洞带S级清晰的难度。,已清除,9,4471,3,1,0,0,
950006,QMT_Title_003697,QMT_Purpose_003697,一个很明显的红头发的火山溶洞带S级的难度。,已清除,9,4472,3,1,0,0,
950007,QMT_Title_003698,QMT_Purpose_003698,通常清除贺龙困难军衔巢。,已清除,9,4070,3,1,0,0,
950008,QMT_Title_003699,QMT_Purpose_003699,清除难度带有S级的龙的巢穴。,已清除,9,4071,3,1,0,0,
950009,QMT_Title_003700,QMT_Purpose_003700,困难已的龙非常明确的窝。,红泪土地胜,9,4072,3,1,0,0,
950010,QMT_Title_003701,QMT_Purpose_003701,在红色的胜利泪土地。,胜利叹息谷,12,1112,0,1,0,2000,0
950011,QMT_Title_003702,QMT_Purpose_003702,在叹息的山谷的胜利。,角斗士在拉奎拉章胜,12,1122,0,1,0,2000,0
950012,QMT_Title_003703,QMT_Purpose_003703,角斗士赢得拉奎拉领域。,太阳花树辅助饲料,12,1132,0,1,0,2000,0
950013,QMT_Title_003704,QMT_Purpose_003704,该援助太阳树花源。,安倍晋三羧酸战士援助,1,54563,0,25,0,2000,4709.60|7406.93|107.58
950014,QMT_Title_003705,QMT_Purpose_003705,该援助阿贝羧酸战士。,安倍晋三羧酸袋收集,1,54571,0,25,0,2000,4836.70|7284.68|97.89
950015,QMT_Title_003706,QMT_Purpose_003706,安倍晋三安倍晋三是由碳酸盐口袋羧酸约魔术师获得。,已清除,3,25765,0,25,1,2000,5026.61|7475.44|103.70
950016,QMT_Title_003707,QMT_Purpose_003707,通常清除红发的火山溶洞带S级的难度。,已清除,9,4470,3,1,0,2000,
950017,QMT_Title_003708,QMT_Purpose_003708,红发的火山溶洞带S级清晰的难度。,已清除,9,4471,3,1,0,2000,
950018,QMT_Title_003709,QMT_Purpose_003709,一个很明显的红头发的火山溶洞带S级的难度。,已清除,9,4472,3,1,0,2000,
950019,QMT_Title_003710,QMT_Purpose_003710,通常清除贺龙困难军衔巢。,已清除,9,4070,3,1,0,2000,
950020,QMT_Title_003711,QMT_Purpose_003711,清除难度带有S级的龙的巢穴。,已清除,9,4071,3,1,0,2000,
950021,QMT_Title_003712,QMT_Purpose_003712,困难已的龙非常明确的窝。,红泪土地胜,9,4072,3,1,0,2000,
950022,QMT_Title_003713,QMT_Purpose_003713,在红色的胜利泪土地。,胜利叹息谷,12,1112,0,1,0,2000,0
950023,QMT_Title_003714,QMT_Purpose_003714,在叹息的山谷的胜利。,角斗士在拉奎拉章胜,12,1122,0,1,0,2000,0
950024,QMT_Title_003715,QMT_Purpose_003715,角斗士赢得拉奎拉领域。,收集神奇的玻璃矿石运输单据,12,1132,0,1,0,2000,0
950025,QMT_Title_003716,QMT_Purpose_003716,它从半人马pabalkkun一个神奇的玻璃矿石运输单据。,半人马掠夺者援助,3,25795,0,25,1,2000,5535.14|7213.79|129.51
950026,QMT_Title_003717,QMT_Purpose_003717,该援助半人马袭击字符。,可见钻记录援助,1,54611,0,25,0,2000,5467.16|7270.24|124.31
950027,QMT_Title_003718,QMT_Purpose_003718,该援助刺钻日志。,已清除,1,54602,0,25,0,2000,5516.25|7592.49|111.46
950028,QMT_Title_003719,QMT_Purpose_003719,通常清除困难军衔的灰色半人马镇。,已清除,9,4480,3,1,0,2000,0
950029,QMT_Title_003720,QMT_Purpose_003720,清除困难军衔的灰色半人马镇。,已清除,9,4481,3,1,0,2000,0
950030,QMT_Title_003721,QMT_Purpose_003721,困难的是灰色半人马镇已很清楚。,已清除,9,4482,3,1,0,2000,0
950031,QMT_Title_003722,QMT_Purpose_003722,通常它清除以S级难度的邪灵的山谷。,已清除,9,4080,3,1,0,2000,0
950032,QMT_Title_003723,QMT_Purpose_003723,清除带有S级难度的邪灵的山谷。,已清除,9,4081,3,1,0,2000,0
950033,QMT_Title_003724,QMT_Purpose_003724,很清楚困难的邪恶为S级的山谷。,红泪土地胜,9,4082,3,1,0,2000,0
950034,QMT_Title_003725,QMT_Purpose_003725,在红色的胜利泪土地。,胜利叹息谷,12,1112,0,1,0,2000,0
950035,QMT_Title_003726,QMT_Purpose_003726,在叹息谷的胜利。,角斗士在拉奎拉章胜,12,1122,0,1,0,2000,0
950036,QMT_Title_003727,QMT_Purpose_003727,角斗士赢得拉奎拉领域。,墓被遗忘者身体护理,12,1132,0,1,0,2000,0
950037,QMT_Title_003728,QMT_Purpose_003728,坟墓被遗忘者的身体。,哥布林天空收集毒液制造了,1,54642,0,25,0,2000,5456.77|6958.68|82.87
950038,QMT_Title_003729,QMT_Purpose_003729,杀死天空地精地精萨满和天空码头获得毒药,哥布林天空技术援助,3,25826,0,25,1,2000,5419.21|6825.64|76.62
950039,QMT_Title_003730,QMT_Purpose_003730,该援助天空地精的技术人员。,已清除,1,54651,0,25,0,2000,5273.45|6793.61|79.45
950040,QMT_Title_003731,QMT_Purpose_003731,通常清除困难军衔的灰色半人马镇。,已清除,9,4480,3,1,0,2000,0
950041,QMT_Title_003732,QMT_Purpose_003732,清除困难军衔的灰色半人马镇。,已清除,9,4481,3,1,0,2000,0
950042,QMT_Title_003733,QMT_Purpose_003733,困难的是灰色半人马镇已很清楚。,已清除,9,4482,3,1,0,2000,0
950043,QMT_Title_003734,QMT_Purpose_003734,通常它清除以S级难度的邪灵的山谷。,已清除,9,4080,3,1,0,2000,0
950044,QMT_Title_003735,QMT_Purpose_003735,清除带有S级难度的邪灵的山谷。,已清除,9,4081,3,1,0,2000,0
950045,QMT_Title_003736,QMT_Purpose_003736,很清楚困难的邪恶为S级的山谷。,红泪土地胜,9,4082,3,1,0,2000,0
950046,QMT_Title_003737,QMT_Purpose_003737,在红色的胜利泪土地。,胜利叹息谷,12,1112,0,1,0,2000,0
950047,QMT_Title_003738,QMT_Purpose_003738,在叹息谷的胜利。,角斗士在拉奎拉章胜,12,1122,0,1,0,2000,0
950048,QMT_Title_003739,QMT_Purpose_003739,角斗士赢得拉奎拉领域。,滑雪联盟的战士援助,12,1132,0,1,0,2000,0
950049,QMT_Title_003740,QMT_Purpose_003740,得分滑雪战士工会。,滑雪协会官员援助,1,54693,0,25,0,2000,4757.68|7026.14|120.05
950050,QMT_Title_003741,QMT_Purpose_003741,滑雪得分后卫工会。,修改集合旋转,1,54691,0,25,0,2000,4717.40|7013.98|120.60
950051,QMT_Title_003742,QMT_Purpose_003742,氯化物，杀得四个城门破坏，并寻求修改旋转。,已清除,3,25859,0,25,1,2000,4932.33|6771.80|126.03
950052,QMT_Title_003743,QMT_Purpose_003743,清除地下花园灯带S级的通常的难度。,已清除,9,4490,3,1,0,2000,0
950053,QMT_Title_003744,QMT_Purpose_003744,清除地下花园灯带S级难度的。,已清除,9,4491,3,1,0,2000,0
950054,QMT_Title_003745,QMT_Purpose_003745,清除地下花园灯带S级的非常困难。,已清除,9,4492,3,1,0,2000,0
950055,QMT_Title_003746,QMT_Purpose_003746,通常它清除的黑暗困难军衔的堡垒。,已清除,9,4090,3,1,0,2000,0
950056,QMT_Title_003747,QMT_Purpose_003747,清除黑暗Hard难度的S级的要塞。,已清除,9,4091,3,1,0,2000,0
950057,QMT_Title_003748,QMT_Purpose_003748,清除黑暗很困难军衔要塞。,红泪土地胜,9,4092,3,1,0,2000,0
950058,QMT_Title_003749,QMT_Purpose_003749,在红色的胜利泪土地。,胜利叹息谷,12,1112,0,1,0,2000,0
950059,QMT_Title_003750,QMT_Purpose_003750,在叹息的山谷的胜利。,角斗士在拉奎拉章胜,12,1122,0,1,0,2000,0
950060,QMT_Title_003751,QMT_Purpose_003751,角斗士赢得拉奎拉领域。,角斗士在拉奎拉章胜,12,1132,0,1,0,2000,0
