TID,Comment,SaleTID,slot,ItemTID,ItemMaxSale,ItemMaxBuy,SaleDay_01,SaleStart_01,SaleEnd_01,SaleDay_02,SaleStart_02,SaleEnd_02
区分者,企划自用,参考 TID,插槽号码,项目编号,最大销售数量,最大可能的购买数量,01#销售日期,01#销售开始时间,01#销售结束日期,02#销售日期,02#销售开始时间,02#销售结束时间
,,,,,,,,,,,,
U16,CBwString,U8,U8,U32,U16,U16,U8,U8,U8,U8,U8,U8
1,最低级精灵石柔性书(武器),1,0,41000,0,0,8,0,0,8,0,0
2,低级精灵石 柔性书(武器),1,1,41001,0,0,8,0,0,8,0,0
3,中级精灵石 柔性书(武器),1,2,41002,0,0,8,0,0,8,0,0
4,中高级精灵石柔性书(武器),1,3,41003,0,0,8,0,0,8,0,0
5,高级精灵石柔性书(武器),1,4,41004,0,0,8,0,0,8,0,0
6,最低级精灵石柔性书(防御型),1,5,41006,0,0,8,0,0,8,0,0
7,低级精灵石 柔性书(防御型),1,6,41007,0,0,8,0,0,8,0,0
8,中级精灵石 柔性书(防御型),1,7,41008,0,0,8,0,0,8,0,0
9,中高级精灵石柔性书(防御型),1,8,41009,0,0,8,0,0,8,0,0
10,高级精灵石柔性书(防御型),1,9,41010,0,0,8,0,0,8,0,0
11,最低级精灵石柔性书(装饰用具),1,10,41012,0,0,8,0,0,8,0,0
12,低级精灵石 柔性书(装饰用具),1,11,41013,0,0,8,0,0,8,0,0
13,中级精灵石柔性书(装饰用具),1,12,41014,0,0,8,0,0,8,0,0
14,高级精灵石柔性书(装饰用具),1,13,41015,0,0,8,0,0,8,0,0
15,高级精灵石柔性书(装饰用具),1,14,41016,0,0,8,0,0,8,0,0
16,名声销售 ,2,0,20,0,0,8,0,0,8,0,0
17,名声购进,2,1,21,0,0,8,0,0,8,0,0
18,人性化鞋 (吏属较快),2,2,2,0,0,8,0,0,8,0,0
19,高层次用具 Lv.30 武器箱,3,0,70,0,0,8,0,0,8,0,0
20,爆破用具 Lv.30 武器箱,3,1,71,0,0,8,0,0,8,0,0
21,高层次用具 Lv.30 马甲箱,3,2,80,0,0,8,0,0,8,0,0
22,高层次用具 Lv.30 颈甲箱,3,3,81,0,0,8,0,0,8,0,0
23,高层次用具 Lv.30 中甲箱,3,4,82,0,0,8,0,0,8,0,0
24,新鲜的肉,10,0,42400,0,0,8,0,0,8,0,0
25,矿泉水,10,1,42401,0,0,8,0,0,8,0,0
26,辛辣料,10,2,42402,0,0,8,0,0,8,0,0
27,炸用油,10,3,42403,0,0,8,0,0,8,0,0
28,汤 粉,10,4,42404,0,0,8,0,0,8,0,0
29,新鲜蔬菜,10,5,42405,0,0,8,0,0,8,0,0
30,面粉,10,6,42406,0,0,8,0,0,8,0,0
31,图案:恩特的眼泪烤的的食物,10,7,70100,0,0,8,0,0,8,0,0
32,图案:恩特的眼泪果汁,10,8,70150,0,0,8,0,0,8,0,0
33,图案:恩特的眼泪 炒的的食物,10,9,70000,0,0,8,0,0,8,0,0
34,图案:恩特的眼泪 炖的的食物,10,10,70050,0,0,8,0,0,8,0,0
35,图案:恩特的眼泪 汤,10,11,70250,0,0,8,0,0,8,0,0
36,图案:恩特的眼泪 罐头,10,12,70350,0,0,8,0,0,8,0,0
37,图案:恩特的眼泪 沙拉,10,13,70200,0,0,8,0,0,8,0,0
38,图案:恩特的眼泪 炸的食物,10,14,70300,0,0,8,0,0,8,0,0
39,图案: 藤花烤的的食物,10,15,70101,0,0,8,0,0,8,0,0
40,图案: 藤花果汁,10,16,70151,0,0,8,0,0,8,0,0
41,图案: 藤花 炒的的食物,10,17,70001,0,0,8,0,0,8,0,0
42,"图案: 藤花 炖的的食物,",10,18,70051,0,0,8,0,0,8,0,0
43,图案: 藤花 汤,10,19,70251,0,0,8,0,0,8,0,0
44,图案: 藤花 罐头,10,20,70351,0,0,8,0,0,8,0,0
45,图案: 藤花 沙拉,10,21,70201,0,0,8,0,0,8,0,0
46,图案: 藤花 炸的食物,10,22,70301,0,0,8,0,0,8,0,0
47,"图案: 露水草叶烤的的食物,",10,23,70102,0,0,8,0,0,8,0,0
48,图案: 露水草叶果汁,10,24,70152,0,0,8,0,0,8,0,0
49,图案: 露水草叶 炒的的食物,10,25,70002,0,0,8,0,0,8,0,0
50,图案: 露水草叶 炖的的食物,10,26,70052,0,0,8,0,0,8,0,0
51,图案: 露水草叶 汤,10,27,70252,0,0,8,0,0,8,0,0
52,图案: 露水草叶 罐头,10,28,70352,0,0,8,0,0,8,0,0
53,"图案: 露水草叶 沙拉,",10,29,70202,0,0,8,0,0,8,0,0
54,图案: 露水草叶 炸的食物,10,30,70302,0,0,8,0,0,8,0,0
55,图案: 鬼刺烤的的食物,10,31,70103,0,0,8,0,0,8,0,0
56,图案: 鬼刺果汁,10,32,70153,0,0,8,0,0,8,0,0
57,图案: 鬼刺 炒的的食物,10,33,70003,0,0,8,0,0,8,0,0
58,图案: 鬼刺 炖的的食物,10,34,70053,0,0,8,0,0,8,0,0
59,"图案: 鬼刺 汤,",10,35,70253,0,0,8,0,0,8,0,0
60,图案: 鬼刺 罐头,10,36,70353,0,0,8,0,0,8,0,0
61,图案: 鬼刺 沙拉,10,37,70203,0,0,8,0,0,8,0,0
62,图案: 鬼刺 炸的食物,10,38,70303,0,0,8,0,0,8,0,0
63,图案: 月中花烤的的食物,10,39,70104,0,0,8,0,0,8,0,0
64,图案: 月中花果汁,10,40,70154,0,0,8,0,0,8,0,0
65,图案: 月中花 炒的的食物,10,41,70004,0,0,8,0,0,8,0,0
66,图案: 月中花 炖的的食物,10,42,70054,0,0,8,0,0,8,0,0
67,图案: 月中花 汤,10,43,70254,0,0,8,0,0,8,0,0
68,图案: 月中花 罐头,10,44,70354,0,0,8,0,0,8,0,0
69,图案: 月中花 沙拉,10,45,70204,0,0,8,0,0,8,0,0
70,图案: 月中花 炸的食物8,10,46,70304,0,0,8,0,0,8,0,0
71,图案: 两段烤的的食物,10,47,70105,0,0,8,0,0,8,0,0
72,图案: 两段果汁,10,48,70155,0,0,8,0,0,8,0,0
73,图案: 两段 炒的的食物,10,49,70005,0,0,8,0,0,8,0,0
74,图案: 两段 炖的的食物,10,50,70055,0,0,8,0,0,8,0,0
75,图案: 两段 沙拉,10,51,70205,0,0,8,0,0,8,0,0
76,图案: 两段 ,10,52,70255,0,0,8,0,0,8,0,0
77,图案: 两段 罐头,10,53,70355,0,0,8,0,0,8,0,0
78,"图案: 两段 炸的食物,",10,54,70305,0,0,8,0,0,8,0,0
79,图案: 五香秒烤的的食物,10,55,70106,0,0,8,0,0,8,0,0
80,图案: 五香秒果汁,10,56,70156,0,0,8,0,0,8,0,0
81,图案: 五香秒 炖的的食物,10,57,70056,0,0,8,0,0,8,0,0
82,新鲜肉,11,0,42400,0,0,8,0,0,8,0,0
83,矿泉水,11,1,42401,0,0,8,0,0,8,0,0
84,辛辣料,11,2,42402,0,0,8,0,0,8,0,0
85,炸用油,11,3,42403,0,0,8,0,0,8,0,0
86,汤 粉,11,4,42404,0,0,8,0,0,8,0,0
87,新鲜蔬菜,11,5,42405,0,0,8,0,0,8,0,0
88,面粉,11,6,42406,0,0,8,0,0,8,0,0
89,图案:恩特的眼泪烤的的食物,11,7,70100,0,0,8,0,0,8,0,0
90,图案:恩特的眼泪果汁,11,8,70150,0,0,8,0,0,8,0,0
91,图案:恩特的眼泪 炒的的食物,11,9,70000,0,0,8,0,0,8,0,0
92,图案:恩特的眼泪 炖的的食物,11,10,70050,0,0,8,0,0,8,0,0
93,图案:恩特的眼泪 汤,11,11,70250,0,0,8,0,0,8,0,0
94,图案:恩特的眼泪 罐头,11,12,70350,0,0,8,0,0,8,0,0
95,图案:恩特的眼泪 沙拉,11,13,70200,0,0,8,0,0,8,0,0
96,图案:恩特的眼泪 炸的食物,11,14,70300,0,0,8,0,0,8,0,0
97,图案: 藤花烤的的食物,11,15,70101,0,0,8,0,0,8,0,0
98,图案: 藤花果汁,11,16,70151,0,0,8,0,0,8,0,0
99,图案: 藤花 炒的的食物,11,17,70001,0,0,8,0,0,8,0,0
100,图案: 藤花 炖的的食物,11,18,70051,0,0,8,0,0,8,0,0
101,图案: 藤花 汤,11,19,70251,0,0,8,0,0,8,0,0
102,图案: 藤花 罐头,11,20,70351,0,0,8,0,0,8,0,0
103,图案: 藤花 沙拉,11,21,70201,0,0,8,0,0,8,0,0
104,图案: 藤花 炸的食物,11,22,70301,0,0,8,0,0,8,0,0
105,图案: 露水草叶烤的的食物,11,23,70102,0,0,8,0,0,8,0,0
106,图案: 露水草叶果汁,11,24,70152,0,0,8,0,0,8,0,0
107,图案: 露水草叶 炒的的食物,11,25,70002,0,0,8,0,0,8,0,0
108,图案: 露水草叶 炖的的食物,11,26,70052,0,0,8,0,0,8,0,0
109,图案: 露水草叶 汤,11,27,70252,0,0,8,0,0,8,0,0
110,图案: 露水草叶 罐头,11,28,70352,0,0,8,0,0,8,0,0
111,图案: 露水草叶 沙拉,11,29,70202,0,0,8,0,0,8,0,0
112,图案: 露水草叶 炸的食物,11,30,70302,0,0,8,0,0,8,0,0
113,新鲜肉,12,0,42400,0,0,8,0,0,8,0,0
114,矿泉水,12,1,42401,0,0,8,0,0,8,0,0
115,辛辣料,12,2,42402,0,0,8,0,0,8,0,0
116,炸用油,12,3,42403,0,0,8,0,0,8,0,0
117,汤 粉,12,4,42404,0,0,8,0,0,8,0,0
118,新鲜蔬菜,12,5,42405,0,0,8,0,0,8,0,0
119,面粉,12,6,42406,0,0,8,0,0,8,0,0
120,图案: 露水草叶烤的的食物,12,7,70102,0,0,8,0,0,8,0,0
121,图案: 露水草叶果汁,12,8,70152,0,0,8,0,0,8,0,0
122,图案: 露水草叶 炒的的食物,12,9,70002,0,0,8,0,0,8,0,0
123,图案: 露水草叶 炖的的食物,12,10,70052,0,0,8,0,0,8,0,0
124,图案: 露水草叶 汤,12,11,70252,0,0,8,0,0,8,0,0
125,图案: 露水草叶 罐头,12,12,70352,0,0,8,0,0,8,0,0
126,图案: 露水草叶 沙拉,12,13,70202,0,0,8,0,0,8,0,0
127,图案: 露水草叶 炸的食物,12,14,70302,0,0,8,0,0,8,0,0
128,图案: 鬼刺烤的的食物,12,15,70103,0,0,8,0,0,8,0,0
129,图案: 鬼刺果汁,12,16,70153,0,0,8,0,0,8,0,0
130,图案: 鬼刺 炒的的食物,12,17,70003,0,0,8,0,0,8,0,0
131,图案: 鬼刺 炖的的食物,12,18,70053,0,0,8,0,0,8,0,0
132,图案: 鬼刺 汤,12,19,70253,0,0,8,0,0,8,0,0
133,图案: 鬼刺 罐头,12,20,70353,0,0,8,0,0,8,0,0
134,图案: 鬼刺 沙拉,12,21,70203,0,0,8,0,0,8,0,0
135,图案: 鬼刺 炸的食物,12,22,70303,0,0,8,0,0,8,0,0
136,图案: 月中花烤的的食物,12,23,70104,0,0,8,0,0,8,0,0
137,图案: 月中花果汁,12,24,70154,0,0,8,0,0,8,0,0
138,玻璃 药瓶,20,0,42800,0,0,8,0,0,8,0,0
139,石英 药瓶,20,1,42801,0,0,8,0,0,8,0,0
140,水晶 药瓶,20,2,42802,0,0,8,0,0,8,0,0
141,纯银 药瓶,20,3,42803,0,0,8,0,0,8,0,0
142,白金 药瓶,20,4,42804,0,0,8,0,0,8,0,0
143,图案: 最低级 甘露持续灵丹,20,5,72101,0,0,8,0,0,8,0,0
144,图案: 最低级 生命持续灵丹,20,6,72001,0,0,8,0,0,8,0,0
145,图案: 最低级 甘露灵药,20,7,72100,0,0,8,0,0,8,0,0
146,图案: 最低级 生命灵药,20,8,72000,0,0,8,0,0,8,0,0
147,图案: 低级 持续灵丹,20,9,72103,0,0,8,0,0,8,0,0
148,图案: 低级 生命持续灵丹,20,10,72003,0,0,8,0,0,8,0,0
149,图案: 低级 甘露灵药,20,11,72102,0,0,8,0,0,8,0,0
150,图案: 低级 生命灵药,20,12,72002,0,0,8,0,0,8,0,0
151,图案: 中级 持续灵丹,20,13,72105,0,0,8,0,0,8,0,0
152,图案: 中级 生命持续灵丹,20,14,72005,0,0,8,0,0,8,0,0
153,图案: 中级 甘露灵药,20,15,72104,0,0,8,0,0,8,0,0
154,图案: 中级 生命灵药,20,16,72004,0,0,8,0,0,8,0,0
155,图案: 中高级 持续灵丹,20,17,72107,0,0,8,0,0,8,0,0
156,图案: 中高级 生命持续灵丹,20,18,72007,0,0,8,0,0,8,0,0
157,图案: 中高级 甘露灵药,20,19,72106,0,0,8,0,0,8,0,0
158,图案: 中高级 生命灵药,20,20,72006,0,0,8,0,0,8,0,0
159,图案: 高级 持续灵丹,20,21,72109,0,0,8,0,0,8,0,0
160,图案: 高级 生命持续灵丹,20,22,72009,0,0,8,0,0,8,0,0
161,图案: 高级 甘露灵药,20,23,72108,0,0,8,0,0,8,0,0
162,图案: 高级 生命灵药,20,24,72008,0,0,8,0,0,8,0,0
163,玻璃 药瓶,21,0,42800,0,0,8,0,0,8,0,0
164,石英 药瓶,21,1,42801,0,0,8,0,0,8,0,0
165,水晶 药瓶,21,2,42802,0,0,8,0,0,8,0,0
166,纯银 药瓶,21,3,42803,0,0,8,0,0,8,0,0
167,白金 药瓶,21,4,42804,0,0,8,0,0,8,0,0
168,图案: 最低级 持续灵丹,21,5,72101,0,0,8,0,0,8,0,0
169,图案: 最低级 生命持续灵丹,21,6,72001,0,0,8,0,0,8,0,0
170,图案: 最低级 甘露灵药,21,7,72100,0,0,8,0,0,8,0,0
171,图案: 最低级 生命灵药,21,8,72000,0,0,8,0,0,8,0,0
172,图案: 低级 持续灵丹,21,9,72103,0,0,8,0,0,8,0,0
173,图案: 低级 生命持续灵丹,21,10,72003,0,0,8,0,0,8,0,0
174,图案: 低级 甘露灵药,21,11,72102,0,0,8,0,0,8,0,0
175,图案: 低级 生命灵药,21,12,72002,0,0,8,0,0,8,0,0
176,图案: 中级 持续灵丹,21,13,72105,0,0,8,0,0,8,0,0
177,图案: 中级 生命持续灵丹,21,14,72005,0,0,8,0,0,8,0,0
178,图案: 中级 甘露灵药,21,15,72104,0,0,8,0,0,8,0,0
179,图案: 中级 生命灵药,21,16,72004,0,0,8,0,0,8,0,0
180,玻璃 药瓶,22,0,42800,0,0,8,0,0,8,0,0
181,石英 药瓶,22,1,42801,0,0,8,0,0,8,0,0
182,水晶 药瓶,22,2,42802,0,0,8,0,0,8,0,0
183,纯银 药瓶,22,3,42803,0,0,8,0,0,8,0,0
184,白金 药瓶,22,4,42804,0,0,8,0,0,8,0,0
185,图案: 中级 持续灵丹,22,5,72105,0,0,8,0,0,8,0,0
186,图案: 中级 生命持续灵丹,22,6,72005,0,0,8,0,0,8,0,0
187,图案: 中级 甘露灵药,22,7,72104,0,0,8,0,0,8,0,0
188,图案: 中级 生命灵药,22,8,72004,0,0,8,0,0,8,0,0
189,图案: 中高级 持续灵丹,22,9,72107,0,0,8,0,0,8,0,0
190,图案: 中高级 生命持续灵丹,22,10,72007,0,0,8,0,0,8,0,0
191,图案: 中高级 甘露灵药,22,11,72106,0,0,8,0,0,8,0,0
192,图案: 中高级 生命灵药,22,12,72006,0,0,8,0,0,8,0,0
193,消泡剂,30,0,42605,0,0,8,0,0,8,0,0
194,图案: 褪色的戒指,30,1,71500,0,0,8,0,0,8,0,0
195,图案:维系的戒指,30,2,71501,0,0,8,0,0,8,0,0
196,图案: 决议戒指,30,3,71502,0,0,8,0,0,8,0,0
197,图案:维系的戒指,30,4,71503,0,0,8,0,0,8,0,0
198,图案: 决议戒指,30,5,71504,0,0,8,0,0,8,0,0
199,图案: 褪色的项链,30,6,71000,0,0,8,0,0,8,0,0
200,图案:信念的项链,30,7,71001,0,0,8,0,0,8,0,0
201,图案:意志的项链,30,8,71002,0,0,8,0,0,8,0,0
202,图案:信念的项链,30,9,71003,0,0,8,0,0,8,0,0
203,图案:意志的项链,30,10,71004,0,0,8,0,0,8,0,0
204,图案: 高级 戒指,30,11,71507,0,0,8,0,0,8,0,0
205,图案: 愤怒的 戒指,30,12,71508,0,0,8,0,0,8,0,0
206,图案: 平稳的 戒指,30,13,71509,0,0,8,0,0,8,0,0
207,图案: 愤怒的 戒指,30,14,71510,0,0,8,0,0,8,0,0
208,图案: 平稳的 戒指,30,15,71511,0,0,8,0,0,8,0,0
209,图案: 愤怒的 戒指,30,16,71512,0,0,8,0,0,8,0,0
210,图案: 平稳的 戒指,30,17,71513,0,0,8,0,0,8,0,0
211,图案: 高级项链,30,18,71007,0,0,8,0,0,8,0,0
212,图案: 斗争的项链,30,19,71008,0,0,8,0,0,8,0,0
213,图案:精神的项链,30,20,71009,0,0,8,0,0,8,0,0
214,图案: 斗争的项链,30,21,71010,0,0,8,0,0,8,0,0
215,图案:精神的项链,30,22,71011,0,0,8,0,0,8,0,0
216,图案: 斗争的项链,30,23,71012,0,0,8,0,0,8,0,0
217,图案:精神的项链,30,24,71013,0,0,8,0,0,8,0,0
218,图案: 精密的 戒指,30,25,71514,0,0,8,0,0,8,0,0
219,图案:震怒的 戒指,30,26,71515,0,0,8,0,0,8,0,0
220,图案:固有的 戒指,30,27,71516,0,0,8,0,0,8,0,0
221,图案:震怒的 戒指,30,28,71517,0,0,8,0,0,8,0,0
222,图案:固有的 戒指,30,29,71518,0,0,8,0,0,8,0,0
223,图案:震怒的 戒指,30,30,71519,0,0,8,0,0,8,0,0
224,图案:固有的 戒指,30,31,71520,0,0,8,0,0,8,0,0
225,图案: 宝石项链,30,32,71014,0,0,8,0,0,8,0,0
226,图案: 不屈的项链,30,33,71015,0,0,8,0,0,8,0,0
227,图案: 忍耐的项链,30,34,71016,0,0,8,0,0,8,0,0
228,图案: 不屈的项链,30,35,71017,0,0,8,0,0,8,0,0
229,图案: 忍耐的项链,30,36,71018,0,0,8,0,0,8,0,0
230,图案: 不屈的项链,30,37,71019,0,0,8,0,0,8,0,0
231,图案: 忍耐的项链,30,38,71020,0,0,8,0,0,8,0,0
232,图案: 宝石 戒指,30,39,71521,0,0,8,0,0,8,0,0
233,图案: 高涨的 戒指,30,40,71522,0,0,8,0,0,8,0,0
234,图案: 忏悔的 戒指,30,41,71523,0,0,8,0,0,8,0,0
235,图案: 高涨的 戒指,30,42,71524,0,0,8,0,0,8,0,0
236,图案: 忏悔的 戒指,30,43,71525,0,0,8,0,0,8,0,0
237,图案: 高涨的 戒指,30,44,71526,0,0,8,0,0,8,0,0
238,图案: 忏悔的 戒指,30,45,71527,0,0,8,0,0,8,0,0
239,图案: 徽章项链,30,46,71021,0,0,8,0,0,8,0,0
240,图案: 用猛的项链,30,47,71022,0,0,8,0,0,8,0,0
241,图案: 黎明的项链,30,48,71023,0,0,8,0,0,8,0,0
242,图案: 用猛的项链,30,49,71024,0,0,8,0,0,8,0,0
243,图案: 黎明的项链,30,50,71025,0,0,8,0,0,8,0,0
244,图案: 用猛的项链,30,51,71026,0,0,8,0,0,8,0,0
245,图案: 黎明的项链,30,52,71027,0,0,8,0,0,8,0,0
246,图案: 徽章 戒指,30,53,71528,0,0,8,0,0,8,0,0
247,图案: 勇气的 戒指,30,54,71529,0,0,8,0,0,8,0,0
248,图案:新鲜的 戒指,30,55,71530,0,0,8,0,0,8,0,0
249,图案: 勇气的 戒指,30,56,71531,0,0,8,0,0,8,0,0
250,图案:新鲜的 戒指,30,57,71532,0,0,8,0,0,8,0,0
251,图案: 勇气的 戒指,30,58,71533,0,0,8,0,0,8,0,0
252,图案:新鲜的 戒指,30,59,71534,0,0,8,0,0,8,0,0
253,图案: 勇气的 戒指,30,60,71535,0,0,8,0,0,8,0,0
254,图案:新鲜的 戒指,30,61,71536,0,0,8,0,0,8,0,0
255,图案: 陈旧的 老师的 戒指,30,62,71537,0,0,8,0,0,8,0,0
256,图案: 普通的 老师的 戒指,30,63,71538,0,0,8,0,0,8,0,0
257,图案: 普通的 老师的 戒指,30,64,71539,0,0,8,0,0,8,0,0
258,图案: 高级的 老师的 戒指,30,65,71540,0,0,8,0,0,8,0,0
259,图案: 高级的 老师的 戒指,30,66,71541,0,0,8,0,0,8,0,0
260,图案: 稀贵的 老师的 戒指,30,67,71542,0,0,8,0,0,8,0,0
261,图案: 稀贵的 老师的 戒指,30,68,71543,0,0,8,0,0,8,0,0
262,图案: 特别的 老师的 戒指,30,69,71544,0,0,8,0,0,8,0,0
263,图案: 特别的 老师的 戒指,30,70,71545,0,0,8,0,0,8,0,0
264,图案: 陈旧的 恶棍的项链,30,71,71028,0,0,8,0,0,8,0,0
265,图案: 普通的 探索的项链,30,72,71029,0,0,8,0,0,8,0,0
266,图案: 普通的 恩典的项链,30,73,71030,0,0,8,0,0,8,0,0
267,图案: 高级的 探索的项链,30,74,71031,0,0,8,0,0,8,0,0
268,图案: 高级的 恩典的项链,30,75,71032,0,0,8,0,0,8,0,0
269,图案: 稀贵的 探索的项链,30,76,71033,0,0,8,0,0,8,0,0
270,图案: 稀贵的 恩典的项链,30,77,71034,0,0,8,0,0,8,0,0
271,图案: 特别的 探索的项链,30,78,71035,0,0,8,0,0,8,0,0
272,图案: 特别的 恩典的项链,30,79,71036,0,0,8,0,0,8,0,0
273,图案: 陈旧的 恶棍的 戒指,30,80,71537,0,0,8,0,0,8,0,0
274,图案: 普通的 探索的 戒指,30,81,71538,0,0,8,0,0,8,0,0
275,图案: 普通的 恩典的 戒指,30,82,71539,0,0,8,0,0,8,0,0
276,图案: 高级的 探索的 戒指,30,83,71540,0,0,8,0,0,8,0,0
277,图案: 高级的 恩典的 戒指,30,84,71541,0,0,8,0,0,8,0,0
278,图案: 稀贵的 探索的 戒指,30,85,71542,0,0,8,0,0,8,0,0
279,图案: 稀贵的 恩典的 戒指,30,86,71543,0,0,8,0,0,8,0,0
280,图案: 特别的 探索的 戒指,30,87,71544,0,0,8,0,0,8,0,0
281,图案: 特别的 恩典的 戒指,30,88,71545,0,0,8,0,0,8,0,0
282,图案: 陈旧的 骑士大将项链,30,89,71037,0,0,8,0,0,8,0,0
283,图案: 普通的 出血的项链,30,90,71038,0,0,8,0,0,8,0,0
284,图案: 普通的 决斗的项链,30,91,71039,0,0,8,0,0,8,0,0
285,图案: 高级的 出血的项链,30,92,71040,0,0,8,0,0,8,0,0
286,图案: 高级的 决斗的项链,30,93,71041,0,0,8,0,0,8,0,0
287,图案: 稀贵的 出血的项链,30,94,71042,0,0,8,0,0,8,0,0
288,图案: 稀贵的 决斗的项链,30,95,71043,0,0,8,0,0,8,0,0
289,图案: 特别的 出血的项链,30,96,71044,0,0,8,0,0,8,0,0
290,图案: 特别的 决斗的项链,30,97,71045,0,0,8,0,0,8,0,0
291,图案: 陈旧的 骑士大将 戒指,30,98,71546,0,0,8,0,0,8,0,0
292,图案: 普通的 出血的 戒指,30,99,71547,0,0,8,0,0,8,0,0
293,图案: 普通的 决斗的 戒指,30,100,71548,0,0,8,0,0,8,0,0
294,图案: 高级的 出血的 戒指,30,101,71549,0,0,8,0,0,8,0,0
295,图案: 高级的 决斗的 戒指,30,102,71550,0,0,8,0,0,8,0,0
296,图案: 稀贵的 出血的 戒指,30,103,71551,0,0,8,0,0,8,0,0
297,图案: 稀贵的 决斗的 戒指,30,104,71552,0,0,8,0,0,8,0,0
298,图案: 特别的 出血的 戒指,30,105,71553,0,0,8,0,0,8,0,0
299,图案: 特别的 决斗的 戒指,30,106,71554,0,0,8,0,0,8,0,0
300,消泡剂,31,0,42605,0,0,8,0,0,8,0,0
301,图案: 褪色的戒指,31,1,71500,0,0,8,0,0,8,0,0
302,图案:维系的戒指,31,2,71501,0,0,8,0,0,8,0,0
303,图案: 决议戒指,31,3,71502,0,0,8,0,0,8,0,0
304,图案:维系的戒指,31,4,71503,0,0,8,0,0,8,0,0
305,图案: 决议戒指,31,5,71504,0,0,8,0,0,8,0,0
306,图案: 褪色的项链,31,6,71000,0,0,8,0,0,8,0,0
307,图案:信念的项链,31,7,71001,0,0,8,0,0,8,0,0
308,图案:意志的项链,31,8,71002,0,0,8,0,0,8,0,0
309,图案:信念的项链,31,9,71003,0,0,8,0,0,8,0,0
310,图案:意志的项链,31,10,71004,0,0,8,0,0,8,0,0
311,图案: 高级 戒指,31,11,71507,0,0,8,0,0,8,0,0
312,图案: 愤怒的 戒指,31,12,71508,0,0,8,0,0,8,0,0
313,图案: 平稳的 戒指,31,13,71509,0,0,8,0,0,8,0,0
314,图案: 愤怒的 戒指,31,14,71510,0,0,8,0,0,8,0,0
315,图案: 平稳的 戒指,31,15,71511,0,0,8,0,0,8,0,0
316,图案: 愤怒的 戒指,31,16,71512,0,0,8,0,0,8,0,0
317,图案: 平稳的 戒指,31,17,71513,0,0,8,0,0,8,0,0
318,图案: 高级项链,31,18,71007,0,0,8,0,0,8,0,0
319,图案: 斗争的项链,31,19,71008,0,0,8,0,0,8,0,0
320,图案:精神的项链,31,20,71009,0,0,8,0,0,8,0,0
321,图案: 斗争的项链,31,21,71010,0,0,8,0,0,8,0,0
322,图案:精神的项链,31,22,71011,0,0,8,0,0,8,0,0
323,图案: 斗争的项链,31,23,71012,0,0,8,0,0,8,0,0
324,图案:精神的项链,31,24,71013,0,0,8,0,0,8,0,0
325,图案: 精密的 戒指,31,25,71514,0,0,8,0,0,8,0,0
326,图案:震怒的 戒指,31,26,71515,0,0,8,0,0,8,0,0
327,图案:固有的 戒指,31,27,71516,0,0,8,0,0,8,0,0
328,图案:震怒的 戒指,31,28,71517,0,0,8,0,0,8,0,0
329,图案:固有的 戒指,31,29,71518,0,0,8,0,0,8,0,0
330,图案:震怒的 戒指,31,30,71519,0,0,8,0,0,8,0,0
331,图案:固有的 戒指,31,31,71520,0,0,8,0,0,8,0,0
332,消泡剂,32,0,42605,0,0,8,0,0,8,0,0
333,图案: 宝石项链,32,1,71014,0,0,8,0,0,8,0,0
334,图案: 不屈的项链,32,2,71015,0,0,8,0,0,8,0,0
335,图案: 忍耐的项链,32,3,71016,0,0,8,0,0,8,0,0
336,图案: 不屈的项链,32,4,71017,0,0,8,0,0,8,0,0
337,图案: 忍耐的项链,32,5,71018,0,0,8,0,0,8,0,0
338,图案: 不屈的项链,32,6,71019,0,0,8,0,0,8,0,0
339,图案: 忍耐的项链,32,7,71020,0,0,8,0,0,8,0,0
340,图案: 宝石 戒指,32,8,71521,0,0,8,0,0,8,0,0
341,图案: 高涨的 戒指,32,9,71522,0,0,8,0,0,8,0,0
342,图案: 忏悔的 戒指,32,10,71523,0,0,8,0,0,8,0,0
343,图案: 高涨的 戒指,32,11,71524,0,0,8,0,0,8,0,0
344,图案: 忏悔的 戒指,32,12,71525,0,0,8,0,0,8,0,0
345,图案: 高涨的 戒指,32,13,71526,0,0,8,0,0,8,0,0
346,图案: 忏悔的 戒指,32,14,71527,0,0,8,0,0,8,0,0
347,图案: 徽章项链,32,15,71021,0,0,8,0,0,8,0,0
348,图案: 用猛的项链,32,16,71022,0,0,8,0,0,8,0,0
349,图案: 黎明的项链,32,17,71023,0,0,8,0,0,8,0,0
350,图案: 用猛的项链,32,18,71024,0,0,8,0,0,8,0,0
351,图案: 黎明的项链,32,19,71025,0,0,8,0,0,8,0,0
352,图案: 用猛的项链,32,20,71026,0,0,8,0,0,8,0,0
353,图案: 黎明的项链,32,21,71027,0,0,8,0,0,8,0,0
354,图案: 徽章 戒指,32,22,71528,0,0,8,0,0,8,0,0
355,图案: 勇气的 戒指,32,23,71529,0,0,8,0,0,8,0,0
356,图案:新鲜的 戒指,32,24,71530,0,0,8,0,0,8,0,0
357,图案: 勇气的 戒指,32,25,71531,0,0,8,0,0,8,0,0
358,图案:新鲜的 戒指,32,26,71532,0,0,8,0,0,8,0,0
359,图案: 勇气的 戒指,32,27,71533,0,0,8,0,0,8,0,0
360,图案:新鲜的 戒指,32,28,71534,0,0,8,0,0,8,0,0
361,图案: 勇气的 戒指,32,29,71535,0,0,8,0,0,8,0,0
362,图案:新鲜的 戒指,32,30,71536,0,0,8,0,0,8,0,0
363,溶解剂,40,0,42005,0,0,8,0,0,8,0,0
364,图案: 熟练者的 单手剑,40,1,60700,0,0,8,0,0,8,0,0
365,图案: 熟练者的 单手剑,40,2,60701,0,0,8,0,0,8,0,0
366,图案: 熟练者的 单手剑,40,3,60702,0,0,8,0,0,8,0,0
367,图案: 熟练者的 盾牌,40,4,61800,0,0,8,0,0,8,0,0
368,图案: 熟练者的 盾牌,40,5,61801,0,0,8,0,0,8,0,0
369,图案: 熟练者的 盾牌,40,6,61802,0,0,8,0,0,8,0,0
370,图案: 熟练者的 双剑,40,7,60800,0,0,8,0,0,8,0,0
371,图案: 熟练者的 双剑,40,8,60801,0,0,8,0,0,8,0,0
372,图案: 熟练者的 双剑,40,9,60802,0,0,8,0,0,8,0,0
373,图案: 熟练者的 石弓,40,10,60900,0,0,8,0,0,8,0,0
374,图案: 熟练者的 石弓,40,11,60901,0,0,8,0,0,8,0,0
375,图案: 熟练者的 石弓,40,12,60902,0,0,8,0,0,8,0,0
376,图案: 熟练者的 拐杖,40,13,60100,0,0,8,0,0,8,0,0
377,图案: 熟练者的 拐杖,40,14,60101,0,0,8,0,0,8,0,0
378,图案: 熟练者的 拐杖,40,15,60102,0,0,8,0,0,8,0,0
379,图案: 考验的 单手剑,40,16,60704,0,0,8,0,0,8,0,0
380,图案: 考验的 单手剑,40,17,60705,0,0,8,0,0,8,0,0
381,图案: 考验的 单手剑,40,18,60706,0,0,8,0,0,8,0,0
382,图案: 牺牲的 单手剑,40,19,60707,0,0,8,0,0,8,0,0
383,图案: 考验的 盾牌,40,20,61804,0,0,8,0,0,8,0,0
384,图案: 考验的 盾牌,40,21,61805,0,0,8,0,0,8,0,0
385,图案: 考验的 盾牌,40,22,61806,0,0,8,0,0,8,0,0
386,图案: 幽灵 盾牌,40,23,61807,0,0,8,0,0,8,0,0
387,图案: 考验的 双剑,40,24,60804,0,0,8,0,0,8,0,0
388,图案: 考验的 双剑,40,25,60805,0,0,8,0,0,8,0,0
389,图案: 考验的 双剑,40,26,60806,0,0,8,0,0,8,0,0
390,图案: 盟誓的 双剑,40,27,60807,0,0,8,0,0,8,0,0
391,图案: 考验的 石弓,40,28,60904,0,0,8,0,0,8,0,0
392,图案: 考验的 石弓,40,29,60905,0,0,8,0,0,8,0,0
393,图案: 考验的 石弓,40,30,60906,0,0,8,0,0,8,0,0
394,图案: 柔和的 石弓,40,31,60907,0,0,8,0,0,8,0,0
395,图案: 考验的 拐杖,40,32,60104,0,0,8,0,0,8,0,0
396,图案: 考验的 拐杖,40,33,60105,0,0,8,0,0,8,0,0
397,图案: 考验的 拐杖,40,34,60106,0,0,8,0,0,8,0,0
398,图案: 胜利者的 拐杖,40,35,60107,0,0,8,0,0,8,0,0
399,图案: 熟练者的 马坦枪,40,36,60600,0,0,8,0,0,8,0,0
400,图案: 熟练者的 马坦枪,40,37,60601,0,0,8,0,0,8,0,0
401,图案: 熟练者的 马坦枪,40,38,60602,0,0,8,0,0,8,0,0
402,图案: 熟练者的 马坦枪,40,39,60603,0,0,8,0,0,8,0,0
403,图案: 考验的 马坦枪,40,40,60604,0,0,8,0,0,8,0,0
404,图案: 考验的 马坦枪,40,41,60605,0,0,8,0,0,8,0,0
405,图案: 考验的 马坦枪,40,42,60606,0,0,8,0,0,8,0,0
406,图案: 考验的 马坦枪,40,43,60607,0,0,8,0,0,8,0,0
407,溶解剂,41,0,42005,0,0,8,0,0,8,0,0
408,图案: 痛苦时的 单手剑,41,1,60708,0,0,8,0,0,8,0,0
409,图案: 痛苦时的 单手剑,41,2,60709,0,0,8,0,0,8,0,0
410,图案:  痛苦时的 单手剑,41,3,60710,0,0,8,0,0,8,0,0
411,图案: 继承者的 单手剑,41,4,60711,0,0,8,0,0,8,0,0
412,图案: 痛苦时的 盾牌,41,5,61808,0,0,8,0,0,8,0,0
413,图案: 痛苦时的 盾牌,41,6,61809,0,0,8,0,0,8,0,0
414,图案:  痛苦时的 盾牌,41,7,61810,0,0,8,0,0,8,0,0
415,图案: 逆境的 盾牌,41,8,61811,0,0,8,0,0,8,0,0
416,图案: 痛苦时的 双剑,41,9,60808,0,0,8,0,0,8,0,0
417,图案: 痛苦时的 双剑,41,10,60809,0,0,8,0,0,8,0,0
418,图案:  痛苦时的 双剑,41,11,60810,0,0,8,0,0,8,0,0
419,图案: 破坏者的 单手剑,41,12,60811,0,0,8,0,0,8,0,0
420,图案: 痛苦时的 石弓,41,13,60908,0,0,8,0,0,8,0,0
421,图案: 痛苦时的 石弓,41,14,60909,0,0,8,0,0,8,0,0
422,图案:  痛苦时的 石弓,41,15,60910,0,0,8,0,0,8,0,0
423,图案: 胜利者的 石弓,41,16,60911,0,0,8,0,0,8,0,0
424,图案: 痛苦时的 拐杖,41,17,60108,0,0,8,0,0,8,0,0
425,图案: 痛苦时的 拐杖,41,18,60109,0,0,8,0,0,8,0,0
426,图案:  痛苦时的 拐杖,41,19,60110,0,0,8,0,0,8,0,0
427,图案: 大师的 拐杖,41,20,60111,0,0,8,0,0,8,0,0
428,图案: 恐怖的单手剑,41,21,60712,0,0,8,0,0,8,0,0
429,图案: 恐怖的单手剑,41,22,60713,0,0,8,0,0,8,0,0
430,图案:  恐怖的单手剑,41,23,60714,0,0,8,0,0,8,0,0
431,图案: 劈刀单手剑,41,24,60715,0,0,8,0,0,8,0,0
432,图案: 恐怖的盾牌,41,25,61812,0,0,8,0,0,8,0,0
433,图案: 恐怖的盾牌,41,26,61813,0,0,8,0,0,8,0,0
434,图案:  恐怖的盾牌,41,27,61814,0,0,8,0,0,8,0,0
435,图案: 战斗盾牌,41,28,61815,0,0,8,0,0,8,0,0
436,图案: 恐怖的双剑,41,29,60812,0,0,8,0,0,8,0,0
437,图案: 恐怖的双剑,41,30,60813,0,0,8,0,0,8,0,0
438,图案:  恐怖的双剑,41,31,60814,0,0,8,0,0,8,0,0
439,图案: 石头犬齿双剑,41,32,60815,0,0,8,0,0,8,0,0
440,图案: 恐怖的石弓,41,33,60912,0,0,8,0,0,8,0,0
441,图案: 恐怖的石弓,41,34,60913,0,0,8,0,0,8,0,0
442,图案:  恐怖的石弓,41,35,60914,0,0,8,0,0,8,0,0
443,图案: 野兽杀害石弓,41,36,60915,0,0,8,0,0,8,0,0
444,图案: 恐怖的拐杖,41,37,60112,0,0,8,0,0,8,0,0
445,图案: 恐怖的拐杖,41,38,60113,0,0,8,0,0,8,0,0
446,图案:  恐怖的拐杖,41,39,60114,0,0,8,0,0,8,0,0
447,图案: 隐退者的拐杖,41,40,60115,0,0,8,0,0,8,0,0
448,图案: 痛苦时的 马坦枪,41,41,60608,0,0,8,0,0,8,0,0
449,图案: 痛苦时的 马坦枪,41,42,60609,0,0,8,0,0,8,0,0
450,图案:  痛苦时的 马坦枪,41,43,60610,0,0,8,0,0,8,0,0
451,图案:  痛苦时的 马坦枪,41,44,60611,0,0,8,0,0,8,0,0
452,图案: 恐怖的马坦枪,41,45,60612,0,0,8,0,0,8,0,0
453,图案: 恐怖的马坦枪,41,46,60613,0,0,8,0,0,8,0,0
454,图案:  恐怖的马坦枪,41,47,60614,0,0,8,0,0,8,0,0
455,图案: 恐怖的马坦枪,41,48,60615,0,0,8,0,0,8,0,0
456,溶解剂,42,0,42005,0,0,8,0,0,8,0,0
457,图案:震怒的 单手剑,42,1,60716,0,0,8,0,0,8,0,0
458,图案:震怒的 单手剑,42,2,60717,0,0,8,0,0,8,0,0
459,图案: 震怒的 单手剑,42,3,60718,0,0,8,0,0,8,0,0
460,图案:血红色的 单手剑,42,4,60719,0,0,8,0,0,8,0,0
461,图案:震怒的 盾牌,42,5,61816,0,0,8,0,0,8,0,0
462,图案:震怒的 盾牌,42,6,61817,0,0,8,0,0,8,0,0
463,图案: 震怒的 盾牌,42,7,61818,0,0,8,0,0,8,0,0
464,图案: 身经百战勇士 盾牌,42,8,61819,0,0,8,0,0,8,0,0
465,图案:震怒的 双剑,42,9,60816,0,0,8,0,0,8,0,0
466,图案:震怒的 双剑,42,10,60817,0,0,8,0,0,8,0,0
467,图案: 震怒的 双剑,42,11,60818,0,0,8,0,0,8,0,0
468,图案:绝望的 双剑,42,12,60819,0,0,8,0,0,8,0,0
469,图案:震怒的 石弓,42,13,60916,0,0,8,0,0,8,0,0
470,图案:震怒的 石弓,42,14,60917,0,0,8,0,0,8,0,0
471,图案: 震怒的 石弓,42,15,60918,0,0,8,0,0,8,0,0
472,图案:发怒犬齿 石弓,42,16,60919,0,0,8,0,0,8,0,0
473,图案:震怒的 拐杖,42,17,60116,0,0,8,0,0,8,0,0
474,图案:震怒的 拐杖,42,18,60117,0,0,8,0,0,8,0,0
475,图案: 震怒的 拐杖,42,19,60118,0,0,8,0,0,8,0,0
476,图案: 古松 拐杖,42,20,60119,0,0,8,0,0,8,0,0
477,图案: 发狂的 单手剑,42,21,60720,0,0,8,0,0,8,0,0
478,图案: 发狂的 单手剑,42,22,60721,0,0,8,0,0,8,0,0
479,图案: 发狂的 单手剑,42,23,60722,0,0,8,0,0,8,0,0
480,图案: 肌肉 截断 单手剑,42,24,60723,0,0,8,0,0,8,0,0
481,图案: 肌肉 截断 单手剑,42,25,60724,0,0,8,0,0,8,0,0
482,图案: 发狂的 盾牌,42,26,61820,0,0,8,0,0,8,0,0
483,图案: 发狂的 盾牌,42,27,61821,0,0,8,0,0,8,0,0
484,图案: 发狂的 盾牌,42,28,61822,0,0,8,0,0,8,0,0
485,图案: 发狂的 盾牌,42,29,61823,0,0,8,0,0,8,0,0
486,图案: 发狂的 盾牌,42,30,61824,0,0,8,0,0,8,0,0
487,图案: 发狂的 双剑,42,31,60820,0,0,8,0,0,8,0,0
488,图案: 发狂的 双剑,42,32,60821,0,0,8,0,0,8,0,0
489,图案: 发狂的 双剑,42,33,60822,0,0,8,0,0,8,0,0
490,图案: 火焰灵魂 双剑,42,34,60823,0,0,8,0,0,8,0,0
491,图案: 火焰灵魂 双剑,42,35,60824,0,0,8,0,0,8,0,0
492,图案: 发狂的 石弓,42,36,60920,0,0,8,0,0,8,0,0
493,图案: 发狂的 石弓,42,37,60921,0,0,8,0,0,8,0,0
494,图案: 发狂的 石弓,42,38,60922,0,0,8,0,0,8,0,0
495,图案: 雷声 石弓,42,39,60923,0,0,8,0,0,8,0,0
496,图案: 雷声 石弓,42,40,60924,0,0,8,0,0,8,0,0
497,图案: 发狂的 拐杖,42,41,60120,0,0,8,0,0,8,0,0
498,图案: 发狂的 拐杖,42,42,60121,0,0,8,0,0,8,0,0
499,图案: 发狂的 拐杖,42,43,60122,0,0,8,0,0,8,0,0
500,图案: 月光 拐杖,42,44,60123,0,0,8,0,0,8,0,0
501,图案: 月光 拐杖,42,45,60124,0,0,8,0,0,8,0,0
502,图案:震怒的 马坦枪,42,46,60616,0,0,8,0,0,8,0,0
503,图案:震怒的 马坦枪,42,47,60617,0,0,8,0,0,8,0,0
504,图案:震怒的 马坦枪,42,48,60618,0,0,8,0,0,8,0,0
505,图案:震怒的 马坦枪,42,49,60619,0,0,8,0,0,8,0,0
506,图案: 发狂的 马坦枪,42,50,60620,0,0,8,0,0,8,0,0
507,图案: 发狂的 马坦枪,42,51,60621,0,0,8,0,0,8,0,0
508,图案: 发狂的 马坦枪,42,52,60622,0,0,8,0,0,8,0,0
509,图案: 发狂的 马坦枪,42,53,60623,0,0,8,0,0,8,0,0
510,图案: 发狂的 马坦枪,42,54,60624,0,0,8,0,0,8,0,0
511,图案: 陈旧的豹子 单手剑,43,0,60725,0,0,8,0,0,8,0,0
512,图案: 普通的豹子 单手剑,43,1,60726,0,0,8,0,0,8,0,0
513,图案: 高级的豹子 单手剑,43,2,60727,0,0,8,0,0,8,0,0
514,图案: 稀贵的 黑暗截断 单手剑,43,3,60728,0,0,8,0,0,8,0,0
515,图案: 特别的 黑暗截断 单手剑,43,4,60729,0,0,8,0,0,8,0,0
516,图案: 陈旧的豹子 盾牌,43,5,61825,0,0,8,0,0,8,0,0
517,图案: 普通的豹子 盾牌,43,6,61826,0,0,8,0,0,8,0,0
518,图案: 高级的豹子 盾牌,43,7,61827,0,0,8,0,0,8,0,0
519,图案: 稀贵的 月保佑 盾牌,43,8,61828,0,0,8,0,0,8,0,0
520,图案: 特别的 月保佑 盾牌,43,9,61829,0,0,8,0,0,8,0,0
521,图案: 陈旧的豹子 双剑,43,10,60825,0,0,8,0,0,8,0,0
522,图案: 普通的豹子 双剑,43,11,60826,0,0,8,0,0,8,0,0
523,图案: 高级的豹子 双剑,43,12,60827,0,0,8,0,0,8,0,0
524,图案: 稀贵的 愤怒的心脏 双剑,43,13,60828,0,0,8,0,0,8,0,0
525,图案: 特别的 愤怒的心脏 双剑,43,14,60829,0,0,8,0,0,8,0,0
526,图案: 陈旧的豹子 石弓,43,15,60925,0,0,8,0,0,8,0,0
527,图案: 普通的豹子 石弓,43,16,60926,0,0,8,0,0,8,0,0
528,图案: 高级的豹子 石弓,43,17,60927,0,0,8,0,0,8,0,0
529,图案: 稀贵的 鹰眼 石弓,43,18,60928,0,0,8,0,0,8,0,0
530,图案: 特别的 鹰眼 石弓,43,19,60929,0,0,8,0,0,8,0,0
531,图案: 陈旧的豹子 拐杖,43,20,60125,0,0,8,0,0,8,0,0
532,图案: 普通的豹子 拐杖,43,21,60126,0,0,8,0,0,8,0,0
533,图案: 高级的豹子 拐杖,43,22,60127,0,0,8,0,0,8,0,0
534,图案: 稀贵的 黑暗流浪者 拐杖,43,23,60128,0,0,8,0,0,8,0,0
535,图案: 特别的 黑暗流浪者 拐杖,43,24,60129,0,0,8,0,0,8,0,0
536,图案: 陈旧的 战士的 单手剑,43,25,60730,0,0,8,0,0,8,0,0
537,图案: 普通的 战士的 单手剑,43,26,60731,0,0,8,0,0,8,0,0
538,图案: 高级的 战士的 单手剑,43,27,60732,0,0,8,0,0,8,0,0
539,图案: 稀贵的 使者心脏 单手剑,43,28,60733,0,0,8,0,0,8,0,0
540,图案: 特别的 使者心脏 单手剑,43,29,60734,0,0,8,0,0,8,0,0
541,图案: 陈旧的 战士的 盾牌,43,30,61830,0,0,8,0,0,8,0,0
542,图案: 普通的 战士的 盾牌,43,31,61831,0,0,8,0,0,8,0,0
543,图案: 高级的 战士的 盾牌,43,32,61832,0,0,8,0,0,8,0,0
544,图案: 稀贵的 大自然 盾牌,43,33,61833,0,0,8,0,0,8,0,0
545,图案: 特别的 大自然 盾牌,43,34,61834,0,0,8,0,0,8,0,0
546,图案: 陈旧的 战士的 双剑,43,35,60830,0,0,8,0,0,8,0,0
547,图案: 普通的 战士的 双剑,43,36,60831,0,0,8,0,0,8,0,0
548,图案: 高级的 战士的 双剑,43,37,60832,0,0,8,0,0,8,0,0
549,图案: 稀贵的 灵魂破坏 双剑,43,38,60833,0,0,8,0,0,8,0,0
550,图案: 特别的 灵魂破坏 双剑,43,39,60834,0,0,8,0,0,8,0,0
551,图案: 陈旧的 战士的 石弓,43,40,60930,0,0,8,0,0,8,0,0
552,图案: 普通的 战士的 石弓,43,41,60931,0,0,8,0,0,8,0,0
553,图案: 高级的 战士的 石弓,43,42,60932,0,0,8,0,0,8,0,0
554,图案: 稀贵的 灵魂穿透 石弓,43,43,60933,0,0,8,0,0,8,0,0
555,图案: 特别的 灵魂穿透 石弓,43,44,60934,0,0,8,0,0,8,0,0
556,图案: 陈旧的 战士的 拐杖,43,45,60130,0,0,8,0,0,8,0,0
557,图案: 普通的 战士的 拐杖,43,46,60131,0,0,8,0,0,8,0,0
558,图案: 高级的 战士的 拐杖,43,47,60132,0,0,8,0,0,8,0,0
559,图案: 稀贵的 智慧的 拐杖,43,48,60133,0,0,8,0,0,8,0,0
560,图案: 特别的 智慧的 拐杖,43,49,60134,0,0,8,0,0,8,0,0
561,图案: 陈旧的豹子 马坦枪,43,50,60625,0,0,8,0,0,8,0,0
562,图案: 普通的豹子 马坦枪,43,51,60626,0,0,8,0,0,8,0,0
563,图案: 高级的豹子 马坦枪,43,52,60627,0,0,8,0,0,8,0,0
564,图案: 稀贵的 豹子 马坦枪,43,53,60628,0,0,8,0,0,8,0,0
565,图案: 特别的 豹子 马坦枪,43,54,60629,0,0,8,0,0,8,0,0
566,图案: 陈旧的 战士的 马坦枪,43,55,60630,0,0,8,0,0,8,0,0
567,图案: 普通的 战士的 马坦枪,43,56,60631,0,0,8,0,0,8,0,0
568,图案: 高级的 战士的 马坦枪,43,57,60632,0,0,8,0,0,8,0,0
569,图案: 稀贵的 战士的 马坦枪,43,58,60633,0,0,8,0,0,8,0,0
570,图案: 特别的 战士的 马坦枪,43,59,60634,0,0,8,0,0,8,0,0
571,溶解剂,50,0,42005,0,0,8,0,0,8,0,0
572,图案: 熟练者的 长矛,50,1,60000,0,0,8,0,0,8,0,0
573,图案: 熟练者的 长矛,50,2,60001,0,0,8,0,0,8,0,0
574,图案: 熟练者的 长矛,50,3,60002,0,0,8,0,0,8,0,0
575,图案: 熟练者的 盾牌,50,4,61900,0,0,8,0,0,8,0,0
576,图案: 熟练者的 盾牌,50,5,61901,0,0,8,0,0,8,0,0
577,图案: 熟练者的 盾牌,50,6,61902,0,0,8,0,0,8,0,0
578,图案: 熟练者的 斧子,50,7,60200,0,0,8,0,0,8,0,0
579,图案: 熟练者的 斧子,50,8,60201,0,0,8,0,0,8,0,0
580,图案: 熟练者的 斧子,50,9,60202,0,0,8,0,0,8,0,0
581,图案: 熟练者的 弓,50,10,60300,0,0,8,0,0,8,0,0
582,图案: 熟练者的 弓,50,11,60301,0,0,8,0,0,8,0,0
583,图案: 熟练者的 弓,50,12,60302,0,0,8,0,0,8,0,0
584,图案: 熟练者的 木条靶射箭,50,13,61000,0,0,8,0,0,8,0,0
585,图案: 熟练者的 木条靶射箭,50,14,61001,0,0,8,0,0,8,0,0
586,图案: 熟练者的 木条靶射箭,50,15,61002,0,0,8,0,0,8,0,0
587,图案: 考验的 长矛,50,16,60004,0,0,8,0,0,8,0,0
588,图案: 考验的 长矛,50,17,60005,0,0,8,0,0,8,0,0
589,图案: 考验的 长矛,50,18,60006,0,0,8,0,0,8,0,0
590,图案: 战斗兵 长矛,50,19,60007,0,0,8,0,0,8,0,0
591,图案: 考验的 盾牌,50,20,61904,0,0,8,0,0,8,0,0
592,图案: 考验的 盾牌,50,21,61905,0,0,8,0,0,8,0,0
593,图案: 考验的 盾牌,50,22,61906,0,0,8,0,0,8,0,0
594,图案: 幽灵 盾牌,50,23,61907,0,0,8,0,0,8,0,0
595,图案: 考验的 斧子,50,24,60204,0,0,8,0,0,8,0,0
596,图案: 考验的 斧子,50,25,60205,0,0,8,0,0,8,0,0
597,图案: 考验的 斧子,50,26,60206,0,0,8,0,0,8,0,0
598,图案: 屠杀者 斧子,50,27,60207,0,0,8,0,0,8,0,0
599,图案: 考验的 弓,50,28,60304,0,0,8,0,0,8,0,0
600,图案: 考验的 弓,50,29,60305,0,0,8,0,0,8,0,0
601,图案: 考验的 弓,50,30,60306,0,0,8,0,0,8,0,0
602,图案: 猎人 弓,50,31,60307,0,0,8,0,0,8,0,0
603,图案: 考验的 木条靶射箭,50,32,61004,0,0,8,0,0,8,0,0
604,图案: 考验的 木条靶射箭,50,33,61005,0,0,8,0,0,8,0,0
605,图案: 考验的 木条靶射箭,50,34,61006,0,0,8,0,0,8,0,0
606,图案: 精化的 木条靶射箭,50,35,61007,0,0,8,0,0,8,0,0
607,图案: 陈旧的 熟练者的用具,50,36,60500,0,0,8,0,0,8,0,0
608,图案: 普通的 熟练者的用具,50,37,60501,0,0,8,0,0,8,0,0
609,图案: 高级的 熟练者的用具,50,38,60502,0,0,8,0,0,8,0,0
610,图案: 稀贵的 熟练者的用具,50,39,60503,0,0,8,0,0,8,0,0
611,图案: 陈旧的 考验的用具,50,40,60504,0,0,8,0,0,8,0,0
612,图案: 普通的 考验的用具,50,41,60505,0,0,8,0,0,8,0,0
613,图案: 高级的 考验的用具,50,42,60506,0,0,8,0,0,8,0,0
614,图案: 稀贵的 考验的用具,50,43,60507,0,0,8,0,0,8,0,0
615,溶解剂,51,0,42005,0,0,8,0,0,8,0,0
616,图案: 痛苦时的 长矛,51,1,60008,0,0,8,0,0,8,0,0
617,图案: 痛苦时的 长矛,51,2,60009,0,0,8,0,0,8,0,0
618,图案:  痛苦时的 长矛,51,3,60010,0,0,8,0,0,8,0,0
619,图案: 打猎用 长矛,51,4,60011,0,0,8,0,0,8,0,0
620,图案: 痛苦时的 盾牌,51,5,61908,0,0,8,0,0,8,0,0
621,图案: 痛苦时的 盾牌,51,6,61909,0,0,8,0,0,8,0,0
622,图案:  痛苦时的 盾牌,51,7,61910,0,0,8,0,0,8,0,0
623,图案: 逆境的 盾牌,51,8,61911,0,0,8,0,0,8,0,0
624,图案: 痛苦时的 斧子,51,9,60208,0,0,8,0,0,8,0,0
625,图案: 痛苦时的 斧子,51,10,60209,0,0,8,0,0,8,0,0
626,图案:  痛苦时的 斧子,51,11,60210,0,0,8,0,0,8,0,0
627,图案:骸骨粉碎 斧子,51,12,60211,0,0,8,0,0,8,0,0
628,图案: 痛苦时的 弓,51,13,60308,0,0,8,0,0,8,0,0
629,图案: 痛苦时的 弓,51,14,60309,0,0,8,0,0,8,0,0
630,图案:  痛苦时的 弓,51,15,60310,0,0,8,0,0,8,0,0
631,图案:巡察队 弓,51,16,60311,0,0,8,0,0,8,0,0
632,图案: 痛苦时的 木条靶射箭,51,17,61008,0,0,8,0,0,8,0,0
633,图案: 痛苦时的 木条靶射箭,51,18,61009,0,0,8,0,0,8,0,0
634,图案:  痛苦时的 木条靶射箭,51,19,61010,0,0,8,0,0,8,0,0
635,图案: 发光的 水晶 木条靶射箭,51,20,61011,0,0,8,0,0,8,0,0
636,图案: 恐怖的长矛,51,21,60012,0,0,8,0,0,8,0,0
637,图案: 恐怖的长矛,51,22,60013,0,0,8,0,0,8,0,0
638,图案:  恐怖的长矛,51,23,60014,0,0,8,0,0,8,0,0
639,图案: 魔法盾 长矛,51,24,60015,0,0,8,0,0,8,0,0
640,图案: 恐怖的盾牌,51,25,61912,0,0,8,0,0,8,0,0
641,图案: 恐怖的盾牌,51,26,61913,0,0,8,0,0,8,0,0
642,图案:  恐怖的盾牌,51,27,61914,0,0,8,0,0,8,0,0
643,图案: 战斗盾牌,51,28,61915,0,0,8,0,0,8,0,0
644,图案: 恐怖的斧子,51,29,60212,0,0,8,0,0,8,0,0
645,图案: 恐怖的斧子,51,30,60213,0,0,8,0,0,8,0,0
646,图案:  恐怖的斧子,51,31,60214,0,0,8,0,0,8,0,0
647,图案: 野蛮战士 斧子,51,32,60215,0,0,8,0,0,8,0,0
648,图案: 恐怖的弓,51,33,60312,0,0,8,0,0,8,0,0
649,图案: 恐怖的弓,51,34,60313,0,0,8,0,0,8,0,0
650,图案:  恐怖的弓,51,35,60314,0,0,8,0,0,8,0,0
651,图案: 领路者 弓,51,36,60315,0,0,8,0,0,8,0,0
652,图案: 恐怖的木条靶射箭,51,37,61012,0,0,8,0,0,8,0,0
653,图案: 恐怖的木条靶射箭,51,38,61013,0,0,8,0,0,8,0,0
654,图案:  恐怖的木条靶射箭,51,39,61014,0,0,8,0,0,8,0,0
655,图案: 愤怒火花 木条靶射箭,51,40,61015,0,0,8,0,0,8,0,0
656,图案: 陈旧的 痛苦时的用具,51,41,60508,0,0,8,0,0,8,0,0
657,图案: 普通的 痛苦时的用具,51,42,60509,0,0,8,0,0,8,0,0
658,图案: 高级的 痛苦时的用具,51,43,60510,0,0,8,0,0,8,0,0
659,图案: 稀贵的 痛苦时的用具,51,44,60511,0,0,8,0,0,8,0,0
660,图案: 陈旧的 恐怖的用具,51,45,60512,0,0,8,0,0,8,0,0
661,图案: 普通的 恐怖的用具,51,46,60513,0,0,8,0,0,8,0,0
662,图案: 高级的 恐怖的用具,51,47,60514,0,0,8,0,0,8,0,0
663,图案: 稀贵的 恐怖的用具,51,48,60515,0,0,8,0,0,8,0,0
664,溶解剂,52,0,42005,0,0,8,0,0,8,0,0
665,图案:震怒的 长矛,52,1,60016,0,0,8,0,0,8,0,0
666,图案:震怒的 长矛,52,2,60017,0,0,8,0,0,8,0,0
667,图案: 震怒的 长矛,52,3,60018,0,0,8,0,0,8,0,0
668,图案: 凿岩枪 长矛,52,4,60019,0,0,8,0,0,8,0,0
669,图案:震怒的 盾牌,52,5,61916,0,0,8,0,0,8,0,0
670,图案:震怒的 盾牌,52,6,61917,0,0,8,0,0,8,0,0
671,图案: 震怒的 盾牌,52,7,61918,0,0,8,0,0,8,0,0
672,图案: 身经百战勇士 盾牌,52,8,61919,0,0,8,0,0,8,0,0
673,图案:震怒的 斧子,52,9,60216,0,0,8,0,0,8,0,0
674,图案:震怒的 斧子,52,10,60217,0,0,8,0,0,8,0,0
675,图案: 震怒的 斧子,52,11,60218,0,0,8,0,0,8,0,0
676,图案:震怒的 斧子,52,12,60219,0,0,8,0,0,8,0,0
677,图案:震怒的 弓,52,13,60316,0,0,8,0,0,8,0,0
678,图案:震怒的 弓,52,14,60317,0,0,8,0,0,8,0,0
679,图案: 震怒的 弓,52,15,60318,0,0,8,0,0,8,0,0
680,图案: 苍穹的 弓,52,16,60319,0,0,8,0,0,8,0,0
681,图案:震怒的 木条靶射箭,52,17,61016,0,0,8,0,0,8,0,0
682,图案:震怒的 木条靶射箭,52,18,61017,0,0,8,0,0,8,0,0
683,图案: 震怒的 木条靶射箭,52,19,61018,0,0,8,0,0,8,0,0
684,图案: 漩涡木条靶射箭,52,20,61019,0,0,8,0,0,8,0,0
685,图案: 发狂的 长矛,52,21,60020,0,0,8,0,0,8,0,0
686,图案: 发狂的 长矛,52,22,60021,0,0,8,0,0,8,0,0
687,图案: 发狂的 长矛,52,23,60022,0,0,8,0,0,8,0,0
688,图案: 心脏穿透 长矛,52,24,60023,0,0,8,0,0,8,0,0
689,图案: 心脏穿透 长矛,52,25,60024,0,0,8,0,0,8,0,0
690,图案: 发狂的 盾牌,52,26,61920,0,0,8,0,0,8,0,0
691,图案: 发狂的 盾牌,52,27,61921,0,0,8,0,0,8,0,0
692,图案: 发狂的 盾牌,52,28,61922,0,0,8,0,0,8,0,0
693,图案: 发狂的 盾牌,52,29,61923,0,0,8,0,0,8,0,0
694,图案: 发狂的 盾牌,52,30,61924,0,0,8,0,0,8,0,0
695,图案: 发狂的 斧子,52,31,60220,0,0,8,0,0,8,0,0
696,图案: 发狂的 斧子,52,32,60221,0,0,8,0,0,8,0,0
697,图案: 发狂的 斧子,52,33,60222,0,0,8,0,0,8,0,0
698,图案: 无情 斧子,52,34,60223,0,0,8,0,0,8,0,0
699,图案: 无情 斧子,52,35,60224,0,0,8,0,0,8,0,0
700,图案: 发狂的 弓,52,36,60320,0,0,8,0,0,8,0,0
701,图案: 发狂的 弓,52,37,60321,0,0,8,0,0,8,0,0
702,图案: 发狂的 弓,52,38,60322,0,0,8,0,0,8,0,0
703,图案: 野生监督者的 弓,52,39,60323,0,0,8,0,0,8,0,0
704,图案: 野生监督者的 弓,52,40,60324,0,0,8,0,0,8,0,0
705,图案: 发狂的 木条靶射箭,52,41,61020,0,0,8,0,0,8,0,0
706,图案: 发狂的 木条靶射箭,52,42,61021,0,0,8,0,0,8,0,0
707,图案: 发狂的 木条靶射箭,52,43,61022,0,0,8,0,0,8,0,0
708,图案: 具有魔力的木条靶射箭,52,44,61023,0,0,8,0,0,8,0,0
709,图案: 具有魔力的木条靶射箭,52,45,61024,0,0,8,0,0,8,0,0
710,图案: 陈旧的震怒的用具,52,46,60516,0,0,8,0,0,8,0,0
711,图案: 普通的震怒的用具,52,47,60517,0,0,8,0,0,8,0,0
712,图案: 高级的震怒的用具,52,48,60518,0,0,8,0,0,8,0,0
713,图案: 稀贵的震怒的用具,52,49,60519,0,0,8,0,0,8,0,0
714,图案: 陈旧的 发狂的用具,52,50,60520,0,0,8,0,0,8,0,0
715,图案: 普通的 发狂的用具,52,51,60521,0,0,8,0,0,8,0,0
716,图案: 高级的 发狂的用具,52,52,60522,0,0,8,0,0,8,0,0
717,图案: 稀贵的 发狂的用具,52,53,60523,0,0,8,0,0,8,0,0
718,图案: 特别的 发狂的用具,52,54,60524,0,0,8,0,0,8,0,0
719,图案: 陈旧的豹子 长矛,53,0,60025,0,0,8,0,0,8,0,0
720,图案: 普通的豹子 长矛,53,1,60026,0,0,8,0,0,8,0,0
721,图案: 高级的豹子 长矛,53,2,60027,0,0,8,0,0,8,0,0
722,图案: 稀贵的 有毒的长矛,53,3,60028,0,0,8,0,0,8,0,0
723,图案: 特别的 有毒的长矛,53,4,60029,0,0,8,0,0,8,0,0
724,图案: 陈旧的豹子 盾牌,53,5,61925,0,0,8,0,0,8,0,0
725,图案: 普通的豹子 盾牌,53,6,61926,0,0,8,0,0,8,0,0
726,图案: 高级的豹子 盾牌,53,7,61927,0,0,8,0,0,8,0,0
727,图案: 稀贵的 月保佑 盾牌,53,8,61928,0,0,8,0,0,8,0,0
728,图案: 特别的 月保佑 盾牌,53,9,61929,0,0,8,0,0,8,0,0
729,图案: 陈旧的豹子 斧子,53,10,60225,0,0,8,0,0,8,0,0
730,图案: 普通的豹子 斧子,53,11,60226,0,0,8,0,0,8,0,0
731,图案: 高级的豹子 斧子,53,12,60227,0,0,8,0,0,8,0,0
732,图案: 稀贵的 有型的斧子,53,13,60228,0,0,8,0,0,8,0,0
733,图案: 特别的 有型的斧子,53,14,60229,0,0,8,0,0,8,0,0
734,图案: 陈旧的豹子 弓,53,15,60325,0,0,8,0,0,8,0,0
735,图案: 普通的豹子 弓,53,16,60326,0,0,8,0,0,8,0,0
736,图案: 高级的豹子 弓,53,17,60327,0,0,8,0,0,8,0,0
737,图案: 稀贵的 鹰翅膀弓,53,18,60328,0,0,8,0,0,8,0,0
738,图案: 特别的 鹰翅膀弓,53,19,60329,0,0,8,0,0,8,0,0
739,图案: 陈旧的豹子 木条靶射箭,53,20,61025,0,0,8,0,0,8,0,0
740,图案: 普通的豹子 木条靶射箭,53,21,61026,0,0,8,0,0,8,0,0
741,图案: 高级的豹子 木条靶射箭,53,22,61027,0,0,8,0,0,8,0,0
742,图案: 稀贵的 空间扭曲木条靶射箭,53,23,61028,0,0,8,0,0,8,0,0
743,图案: 特别的 空间扭曲木条靶射箭,53,24,61029,0,0,8,0,0,8,0,0
744,图案: 陈旧的 战士的 长矛,53,25,60030,0,0,8,0,0,8,0,0
745,图案: 普通的 战士的 长矛,53,26,60031,0,0,8,0,0,8,0,0
746,图案: 高级的 战士的 长矛,53,27,60032,0,0,8,0,0,8,0,0
747,图案: 稀贵的 监视者的长矛,53,28,60033,0,0,8,0,0,8,0,0
748,图案: 特别的 监视者的长矛,53,29,60034,0,0,8,0,0,8,0,0
749,图案: 陈旧的 战士的 盾牌,53,30,61930,0,0,8,0,0,8,0,0
750,图案: 普通的 战士的 盾牌,53,31,61931,0,0,8,0,0,8,0,0
751,图案: 高级的 战士的 盾牌,53,32,61932,0,0,8,0,0,8,0,0
752,图案: 稀贵的 大自然 盾牌,53,33,61933,0,0,8,0,0,8,0,0
753,图案: 特别的 大自然 盾牌,53,34,61934,0,0,8,0,0,8,0,0
754,图案: 陈旧的 战士的 斧子,53,35,60230,0,0,8,0,0,8,0,0
755,图案: 普通的 战士的 斧子,53,36,60231,0,0,8,0,0,8,0,0
756,图案: 高级的 战士的 斧子,53,37,60232,0,0,8,0,0,8,0,0
757,图案: 稀贵的 防压碎的 斧子,53,38,60233,0,0,8,0,0,8,0,0
758,图案: 特别的 防压碎的 斧子,53,39,60234,0,0,8,0,0,8,0,0
759,图案: 陈旧的 战士的 弓,53,40,60330,0,0,8,0,0,8,0,0
760,图案: 普通的 战士的 弓,53,41,60331,0,0,8,0,0,8,0,0
761,图案: 高级的 战士的 弓,53,42,60332,0,0,8,0,0,8,0,0
762,图案: 稀贵的 天空火花 弓,53,43,60333,0,0,8,0,0,8,0,0
763,图案: 特别的 天空火花 弓,53,44,60334,0,0,8,0,0,8,0,0
764,图案: 陈旧的 战士的 木条靶射箭,53,45,61030,0,0,8,0,0,8,0,0
765,图案: 普通的 战士的 木条靶射箭,53,46,61031,0,0,8,0,0,8,0,0
766,图案: 高级的 战士的 木条靶射箭,53,47,61032,0,0,8,0,0,8,0,0
767,图案: 稀贵的 黎明预言者的 木条靶射箭,53,48,61033,0,0,8,0,0,8,0,0
768,图案: 特别的 黎明预言者的 木条靶射箭,53,49,61034,0,0,8,0,0,8,0,0
769,图案: 陈旧的豹子用具,53,50,60525,0,0,8,0,0,8,0,0
770,图案: 普通的豹子用具,53,51,60526,0,0,8,0,0,8,0,0
771,图案: 高级的豹子用具,53,52,60527,0,0,8,0,0,8,0,0
772,图案: 稀贵的 豹子用具,53,53,60528,0,0,8,0,0,8,0,0
773,图案: 特别的 豹子用具,53,54,60529,0,0,8,0,0,8,0,0
774,图案: 陈旧的 战士的用具,53,55,60530,0,0,8,0,0,8,0,0
775,图案: 普通的 战士的用具,53,56,60531,0,0,8,0,0,8,0,0
776,图案: 高级的 战士的用具,53,57,60532,0,0,8,0,0,8,0,0
777,图案: 稀贵的 战士的用具,53,58,60533,0,0,8,0,0,8,0,0
778,图案: 特别的 战士的用具,53,59,60534,0,0,8,0,0,8,0,0
779,粘合剂,60,0,42210,0,0,8,0,0,8,0,0
780,弹力剂,60,1,42211,0,0,8,0,0,8,0,0
781,图案:厚厚的护头具,60,2,62000,0,0,8,0,0,8,0,0
782,图案:修道的护头具,60,3,62001,0,0,8,0,0,8,0,0
783,图案:探索的护头具,60,4,62002,0,0,8,0,0,8,0,0
784,图案:修道的护头具,60,5,62003,0,0,8,0,0,8,0,0
785,图案:探索的护头具,60,6,62004,0,0,8,0,0,8,0,0
786,图案:厚厚的心脏守护者具,60,7,62300,0,0,8,0,0,8,0,0
787,图案:修道的心脏守护者具,60,8,62301,0,0,8,0,0,8,0,0
788,图案:探索的心脏守护者具,60,9,62302,0,0,8,0,0,8,0,0
789,图案:修道的心脏守护者具,60,10,62303,0,0,8,0,0,8,0,0
790,图案:探索的心脏守护者具,60,11,62304,0,0,8,0,0,8,0,0
791,图案:厚厚的护手具,60,12,62600,0,0,8,0,0,8,0,0
792,图案:修道的护手具,60,13,62601,0,0,8,0,0,8,0,0
793,图案:探索的护手具,60,14,62602,0,0,8,0,0,8,0,0
794,图案:修道的护手具,60,15,62603,0,0,8,0,0,8,0,0
795,图案:探索的护手具,60,16,62604,0,0,8,0,0,8,0,0
796,图案:厚厚的 护腿具,60,17,62900,0,0,8,0,0,8,0,0
797,图案:修道的 护腿具,60,18,62901,0,0,8,0,0,8,0,0
798,图案:探索的 护腿具,60,19,62902,0,0,8,0,0,8,0,0
799,图案:修道的 护腿具,60,20,62903,0,0,8,0,0,8,0,0
800,图案:探索的 护腿具,60,21,62904,0,0,8,0,0,8,0,0
801,图案:厚厚的 护脚具,60,22,63200,0,0,8,0,0,8,0,0
802,图案:修道的 护脚具,60,23,63201,0,0,8,0,0,8,0,0
803,图案:探索的 护脚具,60,24,63202,0,0,8,0,0,8,0,0
804,图案:修道的 护脚具,60,25,63203,0,0,8,0,0,8,0,0
805,图案:探索的 护脚具,60,26,63204,0,0,8,0,0,8,0,0
806,图案: 强化的护头具,60,27,62007,0,0,8,0,0,8,0,0
807,图案: 自费的护头具,60,28,62008,0,0,8,0,0,8,0,0
808,图案: 学习的护头具,60,29,62009,0,0,8,0,0,8,0,0
809,图案: 自费的护头具,60,30,62010,0,0,8,0,0,8,0,0
810,图案: 学习的护头具,60,31,62011,0,0,8,0,0,8,0,0
811,图案: 自费的护头具,60,32,62012,0,0,8,0,0,8,0,0
812,图案: 学习的护头具,60,33,62013,0,0,8,0,0,8,0,0
813,图案: 强化的强化的护胸,60,34,62307,0,0,8,0,0,8,0,0
814,图案: 自费的心脏守护者具,60,35,62308,0,0,8,0,0,8,0,0
815,图案: 学习的心脏守护者具,60,36,62309,0,0,8,0,0,8,0,0
816,图案: 自费的心脏守护者具,60,37,62310,0,0,8,0,0,8,0,0
817,图案: 学习的心脏守护者具,60,38,62311,0,0,8,0,0,8,0,0
818,图案: 自费的心脏守护者具,60,39,62312,0,0,8,0,0,8,0,0
819,图案: 学习的心脏守护者具,60,40,62313,0,0,8,0,0,8,0,0
820,图案: 强化的护手具,60,41,62607,0,0,8,0,0,8,0,0
821,图案: 自费的护手具,60,42,62608,0,0,8,0,0,8,0,0
822,图案: 学习的护手具,60,43,62609,0,0,8,0,0,8,0,0
823,图案: 自费的护手具,60,44,62610,0,0,8,0,0,8,0,0
824,图案: 学习的护手具,60,45,62611,0,0,8,0,0,8,0,0
825,图案: 自费的护手具,60,46,62612,0,0,8,0,0,8,0,0
826,图案: 学习的护手具,60,47,62613,0,0,8,0,0,8,0,0
827,图案: 强化的护腿具,60,48,62907,0,0,8,0,0,8,0,0
828,图案: 自费的 护腿具,60,49,62908,0,0,8,0,0,8,0,0
829,图案: 学习的 护腿具,60,50,62909,0,0,8,0,0,8,0,0
830,图案: 自费的 护腿具,60,51,62910,0,0,8,0,0,8,0,0
831,图案: 学习的 护腿具,60,52,62911,0,0,8,0,0,8,0,0
832,图案: 自费的 护腿具,60,53,62912,0,0,8,0,0,8,0,0
833,图案: 学习的 护腿具,60,54,62913,0,0,8,0,0,8,0,0
834,图案: 强化的护脚具,60,55,63207,0,0,8,0,0,8,0,0
835,图案: 自费的 护脚具,60,56,63208,0,0,8,0,0,8,0,0
836,图案: 学习的 护脚具,60,57,63209,0,0,8,0,0,8,0,0
837,图案: 自费的 护脚具,60,58,63210,0,0,8,0,0,8,0,0
838,图案: 学习的 护脚具,60,59,63211,0,0,8,0,0,8,0,0
839,图案: 自费的 护脚具,60,60,63212,0,0,8,0,0,8,0,0
840,图案: 学习的 护脚具,60,61,63213,0,0,8,0,0,8,0,0
841,粘合剂,61,0,42210,0,0,8,0,0,8,0,0
842,弹力剂,61,1,42211,0,0,8,0,0,8,0,0
843,图案: 有光泽的护头具,61,2,62014,0,0,8,0,0,8,0,0
844,图案: 信徒的护头具,61,3,62015,0,0,8,0,0,8,0,0
845,图案: 监视的护头具,61,4,62016,0,0,8,0,0,8,0,0
846,图案: 信徒的护头具,61,5,62017,0,0,8,0,0,8,0,0
847,图案: 监视的护头具,61,6,62018,0,0,8,0,0,8,0,0
848,图案: 信徒的护头具,61,7,62019,0,0,8,0,0,8,0,0
849,图案: 监视的护头具,61,8,62020,0,0,8,0,0,8,0,0
850,图案: 有光泽的心脏守护者具,61,9,62314,0,0,8,0,0,8,0,0
851,图案: 信徒的心脏守护者具,61,10,62315,0,0,8,0,0,8,0,0
852,图案: 监视的心脏守护者具,61,11,62316,0,0,8,0,0,8,0,0
853,图案: 信徒的心脏守护者具,61,12,62317,0,0,8,0,0,8,0,0
854,图案: 监视的心脏守护者具,61,13,62318,0,0,8,0,0,8,0,0
855,图案: 信徒的心脏守护者具,61,14,62319,0,0,8,0,0,8,0,0
856,图案: 监视的心脏守护者具,61,15,62320,0,0,8,0,0,8,0,0
857,图案: 有光泽的护手具,61,16,62614,0,0,8,0,0,8,0,0
858,图案: 信徒的护手具,61,17,62615,0,0,8,0,0,8,0,0
859,图案: 监视的护手具,61,18,62616,0,0,8,0,0,8,0,0
860,图案: 信徒的护手具,61,19,62617,0,0,8,0,0,8,0,0
861,图案: 监视的护手具,61,20,62618,0,0,8,0,0,8,0,0
862,图案: 信徒的护手具,61,21,62619,0,0,8,0,0,8,0,0
863,图案: 监视的护手具,61,22,62620,0,0,8,0,0,8,0,0
864,图案: 有光泽的 护腿具,61,23,62914,0,0,8,0,0,8,0,0
865,图案: 信徒的 护腿具,61,24,62915,0,0,8,0,0,8,0,0
866,图案: 监视的 护腿具,61,25,62916,0,0,8,0,0,8,0,0
867,图案: 信徒的 护腿具,61,26,62917,0,0,8,0,0,8,0,0
868,图案: 监视的 护腿具,61,27,62918,0,0,8,0,0,8,0,0
869,图案: 信徒的 护腿具,61,28,62919,0,0,8,0,0,8,0,0
870,图案: 监视的 护腿具,61,29,62920,0,0,8,0,0,8,0,0
871,图案: 有光泽的 护脚具,61,30,63214,0,0,8,0,0,8,0,0
872,图案: 信徒的 护脚具,61,31,63215,0,0,8,0,0,8,0,0
873,图案: 监视的 护脚具,61,32,63216,0,0,8,0,0,8,0,0
874,图案: 信徒的 护脚具,61,33,63217,0,0,8,0,0,8,0,0
875,图案: 监视的 护脚具,61,34,63218,0,0,8,0,0,8,0,0
876,图案: 信徒的 护脚具,61,35,63219,0,0,8,0,0,8,0,0
877,图案: 监视的 护脚具,61,36,63220,0,0,8,0,0,8,0,0
878,图案: 值得信赖的护头具,61,37,62021,0,0,8,0,0,8,0,0
879,图案: 预言者的护头具,61,38,62022,0,0,8,0,0,8,0,0
880,图案: 先见者的护头具,61,39,62023,0,0,8,0,0,8,0,0
881,图案: 预言者的护头具,61,40,62024,0,0,8,0,0,8,0,0
882,图案: 先见者的护头具,61,41,62025,0,0,8,0,0,8,0,0
883,图案: 预言者的护头具,61,42,62026,0,0,8,0,0,8,0,0
884,图案: 先见者的护头具,61,43,62027,0,0,8,0,0,8,0,0
885,图案: 值得信赖的心脏守护者具,61,44,62321,0,0,8,0,0,8,0,0
886,图案: 预言者的心脏守护者具,61,45,62322,0,0,8,0,0,8,0,0
887,图案: 先见者的心脏守护者具,61,46,62323,0,0,8,0,0,8,0,0
888,图案: 预言者的心脏守护者具,61,47,62324,0,0,8,0,0,8,0,0
889,图案: 先见者的心脏守护者具,61,48,62325,0,0,8,0,0,8,0,0
890,图案: 预言者的心脏守护者具,61,49,62326,0,0,8,0,0,8,0,0
891,图案: 先见者的心脏守护者具,61,50,62327,0,0,8,0,0,8,0,0
892,图案: 值得信赖的护手具,61,51,62621,0,0,8,0,0,8,0,0
893,图案: 预言者的护手具,61,52,62622,0,0,8,0,0,8,0,0
894,图案: 先见者的护手具,61,53,62623,0,0,8,0,0,8,0,0
895,图案: 预言者的护手具,61,54,62624,0,0,8,0,0,8,0,0
896,图案: 先见者的护手具,61,55,62625,0,0,8,0,0,8,0,0
897,图案: 预言者的护手具,61,56,62626,0,0,8,0,0,8,0,0
898,图案: 先见者的护手具,61,57,62627,0,0,8,0,0,8,0,0
899,图案: 值得信赖的 护腿具,61,58,62921,0,0,8,0,0,8,0,0
900,图案: 预言者的 护腿具,61,59,62922,0,0,8,0,0,8,0,0
901,图案: 先见者的 护腿具,61,60,62923,0,0,8,0,0,8,0,0
902,图案: 预言者的 护腿具,61,61,62924,0,0,8,0,0,8,0,0
903,图案: 先见者的 护腿具,61,62,62925,0,0,8,0,0,8,0,0
904,图案: 预言者的 护腿具,61,63,62926,0,0,8,0,0,8,0,0
905,图案: 先见者的 护腿具,61,64,62927,0,0,8,0,0,8,0,0
906,图案: 值得信赖的 护脚具,61,65,63221,0,0,8,0,0,8,0,0
907,图案: 预言者的 护脚具,61,66,63222,0,0,8,0,0,8,0,0
908,图案: 先见者的 护脚具,61,67,63223,0,0,8,0,0,8,0,0
909,图案: 预言者的 护脚具,61,68,63224,0,0,8,0,0,8,0,0
910,图案: 先见者的 护脚具,61,69,63225,0,0,8,0,0,8,0,0
911,图案: 预言者的 护脚具,61,70,63226,0,0,8,0,0,8,0,0
912,图案: 先见者的 护脚具,61,71,63227,0,0,8,0,0,8,0,0
913,粘合剂,62,0,42210,0,0,8,0,0,8,0,0
914,弹力剂,62,1,42211,0,0,8,0,0,8,0,0
915,图案: 神秘的护头具,62,2,62028,0,0,8,0,0,8,0,0
916,图案: 信徒的护头具,62,3,62029,0,0,8,0,0,8,0,0
917,图案: 学者的护头具,62,4,62030,0,0,8,0,0,8,0,0
918,图案: 信徒的护头具,62,5,62031,0,0,8,0,0,8,0,0
919,图案: 学者的护头具,62,6,62032,0,0,8,0,0,8,0,0
920,图案: 信徒的护头具,62,7,62033,0,0,8,0,0,8,0,0
921,图案: 学者的护头具,62,8,62034,0,0,8,0,0,8,0,0
922,图案: 神秘的心脏守护者具,62,9,62328,0,0,8,0,0,8,0,0
923,图案: 信徒的心脏守护者具,62,10,62329,0,0,8,0,0,8,0,0
924,图案: 学者的心脏守护者具,62,11,62330,0,0,8,0,0,8,0,0
925,图案: 信徒的心脏守护者具,62,12,62331,0,0,8,0,0,8,0,0
926,图案: 学者的心脏守护者具,62,13,62332,0,0,8,0,0,8,0,0
927,图案: 信徒的心脏守护者具,62,14,62333,0,0,8,0,0,8,0,0
928,图案: 学者的心脏守护者具,62,15,62334,0,0,8,0,0,8,0,0
929,图案: 神秘的护手具,62,16,62628,0,0,8,0,0,8,0,0
930,图案: 信徒的护手具,62,17,62629,0,0,8,0,0,8,0,0
931,图案: 学者的护手具,62,18,62630,0,0,8,0,0,8,0,0
932,图案: 信徒的护手具,62,19,62631,0,0,8,0,0,8,0,0
933,图案: 学者的护手具,62,20,62632,0,0,8,0,0,8,0,0
934,图案: 信徒的护手具,62,21,62633,0,0,8,0,0,8,0,0
935,图案: 学者的护手具,62,22,62634,0,0,8,0,0,8,0,0
936,图案: 神秘的 护腿具,62,23,62928,0,0,8,0,0,8,0,0
937,图案: 信徒的 护腿具,62,24,62929,0,0,8,0,0,8,0,0
938,图案: 学者的 护腿具,62,25,62930,0,0,8,0,0,8,0,0
939,图案: 信徒的 护腿具,62,26,62931,0,0,8,0,0,8,0,0
940,图案: 学者的 护腿具,62,27,62932,0,0,8,0,0,8,0,0
941,图案: 信徒的 护腿具,62,28,62933,0,0,8,0,0,8,0,0
942,图案: 学者的 护腿具,62,29,62934,0,0,8,0,0,8,0,0
943,图案: 神秘的 护脚具,62,30,63228,0,0,8,0,0,8,0,0
944,图案: 信徒的 护脚具,62,31,63229,0,0,8,0,0,8,0,0
945,图案: 学者的 护脚具,62,32,63230,0,0,8,0,0,8,0,0
946,图案: 信徒的 护脚具,62,33,63231,0,0,8,0,0,8,0,0
947,图案: 学者的 护脚具,62,34,63232,0,0,8,0,0,8,0,0
948,图案: 信徒的 护脚具,62,35,63233,0,0,8,0,0,8,0,0
949,图案: 学者的 护脚具,62,36,63234,0,0,8,0,0,8,0,0
950,图案: 凝结的护头具,62,37,62035,0,0,8,0,0,8,0,0
951,图案: 治愈师的护头具,62,38,62036,0,0,8,0,0,8,0,0
952,图案: 魔术师的护头具,62,39,62037,0,0,8,0,0,8,0,0
953,图案: 治愈师的护头具,62,40,62038,0,0,8,0,0,8,0,0
954,图案: 魔术师的护头具,62,41,62039,0,0,8,0,0,8,0,0
955,图案: 治愈师的护头具,62,42,62040,0,0,8,0,0,8,0,0
956,图案: 魔术师的护头具,62,43,62041,0,0,8,0,0,8,0,0
957,图案: 治愈师的护头具,62,44,62042,0,0,8,0,0,8,0,0
958,图案: 魔术师的护头具,62,45,62043,0,0,8,0,0,8,0,0
959,图案: 凝结的心脏守护者具,62,46,62335,0,0,8,0,0,8,0,0
960,图案: 治愈师的心脏守护者具,62,47,62336,0,0,8,0,0,8,0,0
961,图案: 魔术师的心脏守护者具,62,48,62337,0,0,8,0,0,8,0,0
962,图案: 治愈师的心脏守护者具,62,49,62338,0,0,8,0,0,8,0,0
963,图案: 魔术师的心脏守护者具,62,50,62339,0,0,8,0,0,8,0,0
964,图案: 治愈师的心脏守护者具,62,51,62340,0,0,8,0,0,8,0,0
965,图案: 魔术师的心脏守护者具,62,52,62341,0,0,8,0,0,8,0,0
966,图案: 治愈师的心脏守护者具,62,53,62342,0,0,8,0,0,8,0,0
967,图案: 魔术师的心脏守护者具,62,54,62343,0,0,8,0,0,8,0,0
968,图案: 凝结的护手具,62,55,62635,0,0,8,0,0,8,0,0
969,图案: 治愈师的护手具,62,56,62636,0,0,8,0,0,8,0,0
970,图案: 魔术师的护手具,62,57,62637,0,0,8,0,0,8,0,0
971,图案: 治愈师的护手具,62,58,62638,0,0,8,0,0,8,0,0
972,图案: 魔术师的护手具,62,59,62639,0,0,8,0,0,8,0,0
973,图案: 治愈师的护手具,62,60,62640,0,0,8,0,0,8,0,0
974,图案: 魔术师的护手具,62,61,62641,0,0,8,0,0,8,0,0
975,图案: 治愈师的护手具,62,62,62642,0,0,8,0,0,8,0,0
976,图案: 魔术师的护手具,62,63,62643,0,0,8,0,0,8,0,0
977,图案: 凝结的 护腿具,62,64,62935,0,0,8,0,0,8,0,0
978,图案: 治愈师的 护腿具,62,65,62936,0,0,8,0,0,8,0,0
979,图案: 魔术师的 护腿具,62,66,62937,0,0,8,0,0,8,0,0
980,图案: 治愈师的 护腿具,62,67,62938,0,0,8,0,0,8,0,0
981,图案: 魔术师的 护腿具,62,68,62939,0,0,8,0,0,8,0,0
982,图案: 治愈师的 护腿具,62,69,62940,0,0,8,0,0,8,0,0
983,图案: 魔术师的 护腿具,62,70,62941,0,0,8,0,0,8,0,0
984,图案: 治愈师的 护腿具,62,71,62942,0,0,8,0,0,8,0,0
985,图案: 魔术师的 护腿具,62,72,62943,0,0,8,0,0,8,0,0
986,图案: 凝结的 护脚具,62,73,63235,0,0,8,0,0,8,0,0
987,图案: 治愈师的 护脚具,62,74,63236,0,0,8,0,0,8,0,0
988,图案: 魔术师的 护脚具,62,75,63237,0,0,8,0,0,8,0,0
989,图案: 治愈师的 护脚具,62,76,63238,0,0,8,0,0,8,0,0
990,图案: 魔术师的 护脚具,62,77,63239,0,0,8,0,0,8,0,0
991,图案: 治愈师的 护脚具,62,78,63240,0,0,8,0,0,8,0,0
992,图案: 魔术师的 护脚具,62,79,63241,0,0,8,0,0,8,0,0
993,图案: 治愈师的 护脚具,62,80,63242,0,0,8,0,0,8,0,0
994,图案: 魔术师的 护脚具,62,81,63243,0,0,8,0,0,8,0,0
995,图案: 阳光 披风,62,82,63535,0,0,8,0,0,8,0,0
996,图案: 悲痛的 披风,62,83,63536,0,0,8,0,0,8,0,0
997,图案: 深渊的 披风,62,84,63537,0,0,8,0,0,8,0,0
998,图案: 悲痛的 披风,62,85,63538,0,0,8,0,0,8,0,0
999,图案: 深渊的 披风,62,86,63539,0,0,8,0,0,8,0,0
1000,图案: 悲痛的 披风,62,87,63540,0,0,8,0,0,8,0,0
1001,图案: 深渊的 披风,62,88,63541,0,0,8,0,0,8,0,0
1002,图案: 悲痛的 披风,62,89,63542,0,0,8,0,0,8,0,0
1003,图案: 深渊的 披风,62,90,63543,0,0,8,0,0,8,0,0
1004,图案: 陈旧的 忍耐的马甲 头部守护者具,63,0,62044,0,0,8,0,0,8,0,0
1005,图案: 普通的 忍耐的马甲 头部守护者具,63,1,62045,0,0,8,0,0,8,0,0
1006,图案: 普通的 忍耐的马甲 头部守护者具,63,2,62046,0,0,8,0,0,8,0,0
1007,图案: 高级的 忍耐的马甲 头部守护者具,63,3,62047,0,0,8,0,0,8,0,0
1008,图案: 高级的 忍耐的马甲 头部守护者具,63,4,62048,0,0,8,0,0,8,0,0
1009,图案: 稀贵的 忍耐的马甲 头部守护者具,63,5,62049,0,0,8,0,0,8,0,0
1010,图案: 稀贵的 忍耐的马甲 头部守护者具,63,6,62050,0,0,8,0,0,8,0,0
1011,图案: 特别的 忍耐的马甲 头部守护者具,63,7,62051,0,0,8,0,0,8,0,0
1012,图案: 特别的 忍耐的马甲 头部守护者具,63,8,62052,0,0,8,0,0,8,0,0
1013,图案: 陈旧的 忍耐的马甲 心脏守护者具,63,9,62344,0,0,8,0,0,8,0,0
1014,图案: 普通的 忍耐的马甲 心脏守护者具,63,10,62345,0,0,8,0,0,8,0,0
1015,图案: 普通的 忍耐的马甲 心脏守护者具,63,11,62346,0,0,8,0,0,8,0,0
1016,图案: 高级的 忍耐的马甲 心脏守护者具,63,12,62347,0,0,8,0,0,8,0,0
1017,图案: 高级的 忍耐的马甲 心脏守护者具,63,13,62348,0,0,8,0,0,8,0,0
1018,图案: 稀贵的 忍耐的马甲 心脏守护者具,63,14,62349,0,0,8,0,0,8,0,0
1019,图案: 稀贵的 忍耐的马甲 心脏守护者具,63,15,62350,0,0,8,0,0,8,0,0
1020,图案: 特别的 忍耐的马甲 心脏守护者具,63,16,62351,0,0,8,0,0,8,0,0
1021,图案: 特别的 忍耐的马甲 心脏守护者具,63,17,62352,0,0,8,0,0,8,0,0
1022,图案: 陈旧的 忍耐的 马甲护手具,63,18,62644,0,0,8,0,0,8,0,0
1023,图案: 普通的 忍耐的 马甲护手具,63,19,62645,0,0,8,0,0,8,0,0
1024,图案: 普通的 忍耐的 马甲护手具,63,20,62646,0,0,8,0,0,8,0,0
1025,图案: 高级的 忍耐的 马甲护手具,63,21,62647,0,0,8,0,0,8,0,0
1026,图案: 高级的 忍耐的 马甲护手具,63,22,62648,0,0,8,0,0,8,0,0
1027,图案: 稀贵的 忍耐的 马甲护手具,63,23,62649,0,0,8,0,0,8,0,0
1028,图案: 稀贵的 忍耐的 马甲护手具,63,24,62650,0,0,8,0,0,8,0,0
1029,图案: 特别的 忍耐的 马甲护手具,63,25,62651,0,0,8,0,0,8,0,0
1030,图案: 特别的 忍耐的 马甲护手具,63,26,62652,0,0,8,0,0,8,0,0
1031,图案: 陈旧的 忍耐的 马甲 护腿具,63,27,62944,0,0,8,0,0,8,0,0
1032,图案: 普通的 忍耐的 马甲 护腿具,63,28,62945,0,0,8,0,0,8,0,0
1033,图案: 普通的 忍耐的 马甲 护腿具,63,29,62946,0,0,8,0,0,8,0,0
1034,图案: 高级的 忍耐的 马甲 护腿具,63,30,62947,0,0,8,0,0,8,0,0
1035,图案: 高级的 忍耐的 马甲 护腿具,63,31,62948,0,0,8,0,0,8,0,0
1036,图案: 稀贵的 忍耐的 马甲 护腿具,63,32,62949,0,0,8,0,0,8,0,0
1037,图案: 稀贵的 忍耐的 马甲 护腿具,63,33,62950,0,0,8,0,0,8,0,0
1038,图案: 特别的 忍耐的 马甲 护腿具,63,34,62951,0,0,8,0,0,8,0,0
1039,图案: 特别的 忍耐的 马甲 护腿具,63,35,62952,0,0,8,0,0,8,0,0
1040,图案: 陈旧的 忍耐的马甲 护脚具,63,36,63244,0,0,8,0,0,8,0,0
1041,图案: 普通的 忍耐的马甲 护脚具,63,37,63245,0,0,8,0,0,8,0,0
1042,图案: 普通的 忍耐的马甲 护脚具,63,38,63246,0,0,8,0,0,8,0,0
1043,图案: 高级的 忍耐的马甲 护脚具,63,39,63247,0,0,8,0,0,8,0,0
1044,图案: 高级的 忍耐的马甲 护脚具,63,40,63248,0,0,8,0,0,8,0,0
1045,图案: 稀贵的 忍耐的马甲 护脚具,63,41,63249,0,0,8,0,0,8,0,0
1046,图案: 稀贵的 忍耐的马甲 护脚具,63,42,63250,0,0,8,0,0,8,0,0
1047,图案: 特别的 忍耐的马甲 护脚具,63,43,63251,0,0,8,0,0,8,0,0
1048,图案: 特别的 忍耐的马甲 护脚具,63,44,63252,0,0,8,0,0,8,0,0
1049,图案: 陈旧的 忍耐的 披风,63,45,63544,0,0,8,0,0,8,0,0
1050,图案: 普通的 忍耐的 披风,63,46,63545,0,0,8,0,0,8,0,0
1051,图案: 普通的 忍耐的 披风,63,47,63546,0,0,8,0,0,8,0,0
1052,图案: 高级的 忍耐的 披风,63,48,63547,0,0,8,0,0,8,0,0
1053,图案: 高级的 忍耐的 披风,63,49,63548,0,0,8,0,0,8,0,0
1054,图案: 稀贵的 忍耐的 披风,63,50,63549,0,0,8,0,0,8,0,0
1055,图案: 稀贵的 忍耐的 披风,63,51,63550,0,0,8,0,0,8,0,0
1056,图案: 特别的 忍耐的 披风,63,52,63551,0,0,8,0,0,8,0,0
1057,图案: 特别的 忍耐的 披风,63,53,63552,0,0,8,0,0,8,0,0
1058,图案: 陈旧的 守护者马甲 头部守护者具,63,54,62053,0,0,8,0,0,8,0,0
1059,图案: 普通的 守护者马甲 头部守护者具,63,55,62054,0,0,8,0,0,8,0,0
1060,图案: 普通的 守护者马甲 头部守护者具,63,56,62055,0,0,8,0,0,8,0,0
1061,图案: 高级的 守护者马甲 头部守护者具,63,57,62056,0,0,8,0,0,8,0,0
1062,图案: 高级的 守护者马甲 头部守护者具,63,58,62057,0,0,8,0,0,8,0,0
1063,图案: 稀贵的 守护者马甲 头部守护者具,63,59,62058,0,0,8,0,0,8,0,0
1064,图案: 稀贵的 守护者马甲 头部守护者具,63,60,62059,0,0,8,0,0,8,0,0
1065,图案: 特别的 守护者马甲 头部守护者具,63,61,62060,0,0,8,0,0,8,0,0
1066,图案: 特别的 守护者马甲 头部守护者具,63,62,62061,0,0,8,0,0,8,0,0
1067,图案: 陈旧的 守护者马甲 心脏守护者具,63,63,62353,0,0,8,0,0,8,0,0
1068,图案: 普通的 守护者马甲 心脏守护者具,63,64,62354,0,0,8,0,0,8,0,0
1069,图案: 普通的 守护者马甲 心脏守护者具,63,65,62355,0,0,8,0,0,8,0,0
1070,图案: 高级的 守护者马甲 心脏守护者具,63,66,62356,0,0,8,0,0,8,0,0
1071,图案: 高级的 守护者马甲 心脏守护者具,63,67,62357,0,0,8,0,0,8,0,0
1072,图案: 稀贵的 守护者马甲 心脏守护者具,63,68,62358,0,0,8,0,0,8,0,0
1073,图案: 稀贵的 守护者马甲 心脏守护者具,63,69,62359,0,0,8,0,0,8,0,0
1074,图案: 特别的 守护者马甲 心脏守护者具,63,70,62360,0,0,8,0,0,8,0,0
1075,图案: 特别的 守护者马甲 心脏守护者具,63,71,62361,0,0,8,0,0,8,0,0
1076,图案: 陈旧的 守护者 马甲护手具,63,72,62653,0,0,8,0,0,8,0,0
1077,图案: 普通的 守护者 马甲护手具,63,73,62654,0,0,8,0,0,8,0,0
1078,图案: 普通的 守护者 马甲护手具,63,74,62655,0,0,8,0,0,8,0,0
1079,图案: 高级的 守护者 马甲护手具,63,75,62656,0,0,8,0,0,8,0,0
1080,图案: 高级的 守护者 马甲护手具,63,76,62657,0,0,8,0,0,8,0,0
1081,图案: 稀贵的 守护者 马甲护手具,63,77,62658,0,0,8,0,0,8,0,0
1082,图案: 稀贵的 守护者 马甲护手具,63,78,62659,0,0,8,0,0,8,0,0
1083,图案: 特别的 守护者 马甲护手具,63,79,62660,0,0,8,0,0,8,0,0
1084,图案: 特别的 守护者 马甲护手具,63,80,62661,0,0,8,0,0,8,0,0
1085,图案: 陈旧的 守护者 马甲 护腿具,63,81,62953,0,0,8,0,0,8,0,0
1086,图案: 普通的 守护者 马甲 护腿具,63,82,62954,0,0,8,0,0,8,0,0
1087,图案: 普通的 守护者 马甲 护腿具,63,83,62955,0,0,8,0,0,8,0,0
1088,图案: 高级的 守护者 马甲 护腿具,63,84,62956,0,0,8,0,0,8,0,0
1089,图案: 高级的 守护者 马甲 护腿具,63,85,62957,0,0,8,0,0,8,0,0
1090,图案: 稀贵的 守护者 马甲 护腿具,63,86,62958,0,0,8,0,0,8,0,0
1091,图案: 稀贵的 守护者 马甲 护腿具,63,87,62959,0,0,8,0,0,8,0,0
1092,图案: 特别的 守护者 马甲 护腿具,63,88,62960,0,0,8,0,0,8,0,0
1093,图案: 特别的 守护者 马甲 护腿具,63,89,62961,0,0,8,0,0,8,0,0
1094,图案: 陈旧的 守护者马甲 护脚具,63,90,63253,0,0,8,0,0,8,0,0
1095,图案: 普通的 守护者马甲 护脚具,63,91,63254,0,0,8,0,0,8,0,0
1096,图案: 普通的 守护者马甲 护脚具,63,92,63255,0,0,8,0,0,8,0,0
1097,图案: 高级的 守护者马甲 护脚具,63,93,63256,0,0,8,0,0,8,0,0
1098,图案: 高级的 守护者马甲 护脚具,63,94,63257,0,0,8,0,0,8,0,0
1099,图案: 稀贵的 守护者马甲 护脚具,63,95,63258,0,0,8,0,0,8,0,0
1100,图案: 稀贵的 守护者马甲 护脚具,63,96,63259,0,0,8,0,0,8,0,0
1101,图案: 特别的 守护者马甲 护脚具,63,97,63260,0,0,8,0,0,8,0,0
1102,图案: 特别的 守护者马甲 护脚具,63,98,63261,0,0,8,0,0,8,0,0
1103,图案: 陈旧的 守护者 披风,63,99,63553,0,0,8,0,0,8,0,0
1104,图案: 普通的 守护者 披风,63,100,63554,0,0,8,0,0,8,0,0
1105,图案: 普通的 守护者 披风,63,101,63555,0,0,8,0,0,8,0,0
1106,图案: 高级的 守护者 披风,63,102,63556,0,0,8,0,0,8,0,0
1107,图案: 高级的 守护者 披风,63,103,63557,0,0,8,0,0,8,0,0
1108,图案: 稀贵的 守护者 披风,63,104,63558,0,0,8,0,0,8,0,0
1109,图案: 稀贵的 守护者 披风,63,105,63559,0,0,8,0,0,8,0,0
1110,图案: 特别的 守护者 披风,63,106,63560,0,0,8,0,0,8,0,0
1111,图案: 特别的 守护者 披风,63,107,63561,0,0,8,0,0,8,0,0
1112,粘合剂,70,0,42210,0,0,8,0,0,8,0,0
1113,弹力剂,70,1,42211,0,0,8,0,0,8,0,0
1114,图案:厚厚的 面具,70,2,62100,0,0,8,0,0,8,0,0
1115,图案: 机动队 面具,70,3,62101,0,0,8,0,0,8,0,0
1116,图案: 抢劫队 面具,70,4,62102,0,0,8,0,0,8,0,0
1117,图案: 机动队 面具,70,5,62103,0,0,8,0,0,8,0,0
1118,图案: 抢劫队 面具,70,6,62104,0,0,8,0,0,8,0,0
1119,图案:厚厚的 心脏守护者具,70,7,62400,0,0,8,0,0,8,0,0
1120,图案: 机动队 心脏守护者具,70,8,62401,0,0,8,0,0,8,0,0
1121,图案: 抢劫队 心脏守护者具,70,9,62402,0,0,8,0,0,8,0,0
1122,图案: 机动队 心脏守护者具,70,10,62403,0,0,8,0,0,8,0,0
1123,图案: 抢劫队 心脏守护者具,70,11,62404,0,0,8,0,0,8,0,0
1124,图案:厚厚的 穿甲胄,70,12,62700,0,0,8,0,0,8,0,0
1125,图案: 机动队 穿甲胄,70,13,62701,0,0,8,0,0,8,0,0
1126,图案: 抢劫队 穿甲胄,70,14,62702,0,0,8,0,0,8,0,0
1127,图案: 机动队 穿甲胄,70,15,62703,0,0,8,0,0,8,0,0
1128,图案: 抢劫队 穿甲胄,70,16,62704,0,0,8,0,0,8,0,0
1129,图案:厚厚的 腿部守护者具,70,17,63000,0,0,8,0,0,8,0,0
1130,图案: 机动队 腿部守护者具,70,18,63001,0,0,8,0,0,8,0,0
1131,图案: 抢劫队 腿部守护者具,70,19,63002,0,0,8,0,0,8,0,0
1132,图案: 机动队 腿部守护者具,70,20,63003,0,0,8,0,0,8,0,0
1133,图案: 抢劫队 腿部守护者具,70,21,63004,0,0,8,0,0,8,0,0
1134,图案:厚厚的 脚部守护者具,70,22,63300,0,0,8,0,0,8,0,0
1135,图案: 机动队 脚部守护者具,70,23,63301,0,0,8,0,0,8,0,0
1136,图案: 抢劫队 脚部守护者具,70,24,63302,0,0,8,0,0,8,0,0
1137,图案: 机动队 脚部守护者具,70,25,63303,0,0,8,0,0,8,0,0
1138,图案: 抢劫队 脚部守护者具,70,26,63304,0,0,8,0,0,8,0,0
1139,图案: 强化的 面具,70,27,62107,0,0,8,0,0,8,0,0
1140,图案: 防冲击 面具,70,28,62108,0,0,8,0,0,8,0,0
1141,图案: 惩罚的 面具,70,29,62109,0,0,8,0,0,8,0,0
1142,图案: 防冲击 面具,70,30,62110,0,0,8,0,0,8,0,0
1143,图案: 惩罚的 面具,70,31,62111,0,0,8,0,0,8,0,0
1144,图案: 防冲击 面具,70,32,62112,0,0,8,0,0,8,0,0
1145,图案: 惩罚的 面具,70,33,62113,0,0,8,0,0,8,0,0
1146,图案: 强化的 心脏守护者具,70,34,62407,0,0,8,0,0,8,0,0
1147,图案: 防冲击 心脏守护者具,70,35,62408,0,0,8,0,0,8,0,0
1148,图案: 惩罚的 心脏守护者具,70,36,62409,0,0,8,0,0,8,0,0
1149,图案: 防冲击 心脏守护者具,70,37,62410,0,0,8,0,0,8,0,0
1150,图案: 惩罚的 心脏守护者具,70,38,62411,0,0,8,0,0,8,0,0
1151,图案: 防冲击 心脏守护者具,70,39,62412,0,0,8,0,0,8,0,0
1152,图案: 惩罚的 心脏守护者具,70,40,62413,0,0,8,0,0,8,0,0
1153,图案: 强化的 穿甲胄,70,41,62707,0,0,8,0,0,8,0,0
1154,图案: 防冲击 穿甲胄,70,42,62708,0,0,8,0,0,8,0,0
1155,图案: 惩罚的 穿甲胄,70,43,62709,0,0,8,0,0,8,0,0
1156,图案: 防冲击 穿甲胄,70,44,62710,0,0,8,0,0,8,0,0
1157,图案: 惩罚的 穿甲胄,70,45,62711,0,0,8,0,0,8,0,0
1158,图案: 防冲击 穿甲胄,70,46,62712,0,0,8,0,0,8,0,0
1159,图案: 惩罚的 穿甲胄,70,47,62713,0,0,8,0,0,8,0,0
1160,图案: 强化的 腿部守护者具,70,48,63007,0,0,8,0,0,8,0,0
1161,图案: 防冲击 腿部守护者具,70,49,63008,0,0,8,0,0,8,0,0
1162,图案: 惩罚的 腿部守护者具,70,50,63009,0,0,8,0,0,8,0,0
1163,图案: 防冲击 腿部守护者具,70,51,63010,0,0,8,0,0,8,0,0
1164,图案: 惩罚的 腿部守护者具,70,52,63011,0,0,8,0,0,8,0,0
1165,图案: 防冲击 腿部守护者具,70,53,63012,0,0,8,0,0,8,0,0
1166,图案: 惩罚的 腿部守护者具,70,54,63013,0,0,8,0,0,8,0,0
1167,图案: 强化的 脚部守护者具,70,55,63307,0,0,8,0,0,8,0,0
1168,图案: 防冲击 脚部守护者具,70,56,63308,0,0,8,0,0,8,0,0
1169,图案: 惩罚的 脚部守护者具,70,57,63309,0,0,8,0,0,8,0,0
1170,图案: 防冲击 脚部守护者具,70,58,63310,0,0,8,0,0,8,0,0
1171,图案: 惩罚的 脚部守护者具,70,59,63311,0,0,8,0,0,8,0,0
1172,图案: 防冲击 脚部守护者具,70,60,63312,0,0,8,0,0,8,0,0
1173,图案: 惩罚的 脚部守护者具,70,61,63313,0,0,8,0,0,8,0,0
1174,粘合剂,71,0,42210,0,0,8,0,0,8,0,0
1175,弹力剂,71,1,42211,0,0,8,0,0,8,0,0
1176,图案: 有光泽的 面具,71,2,62114,0,0,8,0,0,8,0,0
1177,图案: 轻快的 面具,71,3,62115,0,0,8,0,0,8,0,0
1178,图案: 精密的 面具,71,4,62116,0,0,8,0,0,8,0,0
1179,图案: 轻快的 面具,71,5,62117,0,0,8,0,0,8,0,0
1180,图案: 精密的 面具,71,6,62118,0,0,8,0,0,8,0,0
1181,图案: 轻快的 面具,71,7,62119,0,0,8,0,0,8,0,0
1182,图案: 精密的 面具,71,8,62120,0,0,8,0,0,8,0,0
1183,图案: 有光泽的 心脏守护者具,71,9,62414,0,0,8,0,0,8,0,0
1184,图案: 轻快的 心脏守护者具,71,10,62415,0,0,8,0,0,8,0,0
1185,图案: 精密的 心脏守护者具,71,11,62416,0,0,8,0,0,8,0,0
1186,图案: 轻快的 心脏守护者具,71,12,62417,0,0,8,0,0,8,0,0
1187,图案: 精密的 心脏守护者具,71,13,62418,0,0,8,0,0,8,0,0
1188,图案: 轻快的 心脏守护者具,71,14,62419,0,0,8,0,0,8,0,0
1189,图案: 精密的 心脏守护者具,71,15,62420,0,0,8,0,0,8,0,0
1190,图案: 有光泽的 穿甲胄,71,16,62714,0,0,8,0,0,8,0,0
1191,图案: 轻快的 穿甲胄,71,17,62715,0,0,8,0,0,8,0,0
1192,图案: 精密的 穿甲胄,71,18,62716,0,0,8,0,0,8,0,0
1193,图案: 轻快的 穿甲胄,71,19,62717,0,0,8,0,0,8,0,0
1194,图案: 精密的 穿甲胄,71,20,62718,0,0,8,0,0,8,0,0
1195,图案: 轻快的 穿甲胄,71,21,62719,0,0,8,0,0,8,0,0
1196,图案: 精密的 穿甲胄,71,22,62720,0,0,8,0,0,8,0,0
1197,图案: 有光泽的 腿部守护者具,71,23,63014,0,0,8,0,0,8,0,0
1198,图案: 轻快的 腿部守护者具,71,24,63015,0,0,8,0,0,8,0,0
1199,图案: 精密的 腿部守护者具,71,25,63016,0,0,8,0,0,8,0,0
1200,图案: 轻快的 腿部守护者具,71,26,63017,0,0,8,0,0,8,0,0
1201,图案: 精密的 腿部守护者具,71,27,63018,0,0,8,0,0,8,0,0
1202,图案: 轻快的 腿部守护者具,71,28,63019,0,0,8,0,0,8,0,0
1203,图案: 精密的 腿部守护者具,71,29,63020,0,0,8,0,0,8,0,0
1204,图案: 有光泽的 脚部守护者具,71,30,63314,0,0,8,0,0,8,0,0
1205,图案: 轻快的 脚部守护者具,71,31,63315,0,0,8,0,0,8,0,0
1206,图案: 精密的 脚部守护者具,71,32,63316,0,0,8,0,0,8,0,0
1207,图案: 轻快的 脚部守护者具,71,33,63317,0,0,8,0,0,8,0,0
1208,图案: 精密的 脚部守护者具,71,34,63318,0,0,8,0,0,8,0,0
1209,图案: 轻快的 脚部守护者具,71,35,63319,0,0,8,0,0,8,0,0
1210,图案: 精密的 脚部守护者具,71,36,63320,0,0,8,0,0,8,0,0
1211,图案: 值得信赖的 面具,71,37,62121,0,0,8,0,0,8,0,0
1212,图案: 豹眼 面具,71,38,62122,0,0,8,0,0,8,0,0
1213,图案: 鹰爪 面具,71,39,62123,0,0,8,0,0,8,0,0
1214,图案: 豹眼 面具,71,40,62124,0,0,8,0,0,8,0,0
1215,图案: 鹰爪 面具,71,41,62125,0,0,8,0,0,8,0,0
1216,图案: 豹眼 面具,71,42,62126,0,0,8,0,0,8,0,0
1217,图案: 鹰爪 面具,71,43,62127,0,0,8,0,0,8,0,0
1218,图案: 值得信赖的 心脏守护者具,71,44,62421,0,0,8,0,0,8,0,0
1219,图案: 豹眼 心脏守护者具,71,45,62422,0,0,8,0,0,8,0,0
1220,图案: 鹰爪 心脏守护者具,71,46,62423,0,0,8,0,0,8,0,0
1221,图案: 豹眼 心脏守护者具,71,47,62424,0,0,8,0,0,8,0,0
1222,图案: 鹰爪 心脏守护者具,71,48,62425,0,0,8,0,0,8,0,0
1223,图案: 豹眼 心脏守护者具,71,49,62426,0,0,8,0,0,8,0,0
1224,图案: 鹰爪 心脏守护者具,71,50,62427,0,0,8,0,0,8,0,0
1225,图案: 值得信赖的 穿甲胄,71,51,62721,0,0,8,0,0,8,0,0
1226,图案: 豹眼 穿甲胄,71,52,62722,0,0,8,0,0,8,0,0
1227,图案: 鹰爪 穿甲胄,71,53,62723,0,0,8,0,0,8,0,0
1228,图案: 豹眼 穿甲胄,71,54,62724,0,0,8,0,0,8,0,0
1229,图案: 鹰爪 穿甲胄,71,55,62725,0,0,8,0,0,8,0,0
1230,图案: 豹眼 穿甲胄,71,56,62726,0,0,8,0,0,8,0,0
1231,图案: 鹰爪 穿甲胄,71,57,62727,0,0,8,0,0,8,0,0
1232,图案: 值得信赖的 腿部守护者具,71,58,63021,0,0,8,0,0,8,0,0
1233,图案: 豹眼 腿部守护者具,71,59,63022,0,0,8,0,0,8,0,0
1234,图案: 鹰爪 腿部守护者具,71,60,63023,0,0,8,0,0,8,0,0
1235,图案: 豹眼 腿部守护者具,71,61,63024,0,0,8,0,0,8,0,0
1236,图案: 鹰爪 腿部守护者具,71,62,63025,0,0,8,0,0,8,0,0
1237,图案: 豹眼 腿部守护者具,71,63,63026,0,0,8,0,0,8,0,0
1238,图案: 鹰爪 腿部守护者具,71,64,63027,0,0,8,0,0,8,0,0
1239,图案: 值得信赖的 脚部守护者具,71,65,63321,0,0,8,0,0,8,0,0
1240,图案: 豹眼 脚部守护者具,71,66,63322,0,0,8,0,0,8,0,0
1241,图案: 鹰爪 脚部守护者具,71,67,63323,0,0,8,0,0,8,0,0
1242,图案: 豹眼 脚部守护者具,71,68,63324,0,0,8,0,0,8,0,0
1243,图案: 鹰爪 脚部守护者具,71,69,63325,0,0,8,0,0,8,0,0
1244,图案: 豹眼 脚部守护者具,71,70,63326,0,0,8,0,0,8,0,0
1245,图案: 鹰爪 脚部守护者具,71,71,63327,0,0,8,0,0,8,0,0
1246,粘合剂,72,0,42210,0,0,8,0,0,8,0,0
1247,弹力剂,72,1,42211,0,0,8,0,0,8,0,0
1248,图案: 神秘的 面具,72,2,62128,0,0,8,0,0,8,0,0
1249,图案: 迅速的 面具,72,3,62129,0,0,8,0,0,8,0,0
1250,图案: 透视的 面具,72,4,62130,0,0,8,0,0,8,0,0
1251,图案: 迅速的 面具,72,5,62131,0,0,8,0,0,8,0,0
1252,图案: 透视的 面具,72,6,62132,0,0,8,0,0,8,0,0
1253,图案: 迅速的 面具,72,7,62133,0,0,8,0,0,8,0,0
1254,图案: 透视的 面具,72,8,62134,0,0,8,0,0,8,0,0
1255,图案: 神秘的 心脏守护者具,72,9,62428,0,0,8,0,0,8,0,0
1256,图案: 迅速的 心脏守护者具,72,10,62429,0,0,8,0,0,8,0,0
1257,图案: 透视的 心脏守护者具,72,11,62430,0,0,8,0,0,8,0,0
1258,图案: 迅速的 心脏守护者具,72,12,62431,0,0,8,0,0,8,0,0
1259,图案: 透视的 心脏守护者具,72,13,62432,0,0,8,0,0,8,0,0
1260,图案: 迅速的 心脏守护者具,72,14,62433,0,0,8,0,0,8,0,0
1261,图案: 透视的 心脏守护者具,72,15,62434,0,0,8,0,0,8,0,0
1262,图案: 神秘的 穿甲胄,72,16,62728,0,0,8,0,0,8,0,0
1263,图案: 迅速的 穿甲胄,72,17,62729,0,0,8,0,0,8,0,0
1264,图案: 透视的 穿甲胄,72,18,62730,0,0,8,0,0,8,0,0
1265,图案: 迅速的 穿甲胄,72,19,62731,0,0,8,0,0,8,0,0
1266,图案: 透视的 穿甲胄,72,20,62732,0,0,8,0,0,8,0,0
1267,图案: 迅速的 穿甲胄,72,21,62733,0,0,8,0,0,8,0,0
1268,图案: 透视的 穿甲胄,72,22,62734,0,0,8,0,0,8,0,0
1269,图案: 神秘的 腿部守护者具,72,23,63028,0,0,8,0,0,8,0,0
1270,图案: 迅速的 腿部守护者具,72,24,63029,0,0,8,0,0,8,0,0
1271,图案: 透视的 腿部守护者具,72,25,63030,0,0,8,0,0,8,0,0
1272,图案: 迅速的 腿部守护者具,72,26,63031,0,0,8,0,0,8,0,0
1273,图案: 透视的 腿部守护者具,72,27,63032,0,0,8,0,0,8,0,0
1274,图案: 迅速的 腿部守护者具,72,28,63033,0,0,8,0,0,8,0,0
1275,图案: 透视的 腿部守护者具,72,29,63034,0,0,8,0,0,8,0,0
1276,图案: 神秘的 脚部守护者具,72,30,63328,0,0,8,0,0,8,0,0
1277,图案: 迅速的 脚部守护者具,72,31,63329,0,0,8,0,0,8,0,0
1278,图案: 透视的 脚部守护者具,72,32,63330,0,0,8,0,0,8,0,0
1279,图案: 迅速的 脚部守护者具,72,33,63331,0,0,8,0,0,8,0,0
1280,图案: 透视的 脚部守护者具,72,34,63332,0,0,8,0,0,8,0,0
1281,图案: 迅速的 脚部守护者具,72,35,63333,0,0,8,0,0,8,0,0
1282,图案: 透视的 脚部守护者具,72,36,63334,0,0,8,0,0,8,0,0
1283,图案: 凝结的 面具,72,37,62135,0,0,8,0,0,8,0,0
1284,图案: 猎人的 面具,72,38,62136,0,0,8,0,0,8,0,0
1285,图案: 暗杀者的 面具,72,39,62137,0,0,8,0,0,8,0,0
1286,图案: 猎人的 面具,72,40,62138,0,0,8,0,0,8,0,0
1287,图案: 暗杀者的 面具,72,41,62139,0,0,8,0,0,8,0,0
1288,图案: 猎人的 面具,72,42,62140,0,0,8,0,0,8,0,0
1289,图案: 暗杀者的 面具,72,43,62141,0,0,8,0,0,8,0,0
1290,图案: 猎人的 面具,72,44,62142,0,0,8,0,0,8,0,0
1291,图案: 暗杀者的 面具,72,45,62143,0,0,8,0,0,8,0,0
1292,图案: 凝结的 心脏守护者具,72,46,62435,0,0,8,0,0,8,0,0
1293,图案: 猎人的 心脏守护者具,72,47,62436,0,0,8,0,0,8,0,0
1294,图案: 暗杀者的 心脏守护者具,72,48,62437,0,0,8,0,0,8,0,0
1295,图案: 猎人的 心脏守护者具,72,49,62438,0,0,8,0,0,8,0,0
1296,图案: 暗杀者的 心脏守护者具,72,50,62439,0,0,8,0,0,8,0,0
1297,图案: 猎人的 心脏守护者具,72,51,62440,0,0,8,0,0,8,0,0
1298,图案: 暗杀者的 心脏守护者具,72,52,62441,0,0,8,0,0,8,0,0
1299,图案: 猎人的 心脏守护者具,72,53,62442,0,0,8,0,0,8,0,0
1300,图案: 暗杀者的 心脏守护者具,72,54,62443,0,0,8,0,0,8,0,0
1301,图案: 凝结的 穿甲胄,72,55,62735,0,0,8,0,0,8,0,0
1302,图案: 猎人的 穿甲胄,72,56,62736,0,0,8,0,0,8,0,0
1303,图案: 暗杀者的 穿甲胄,72,57,62737,0,0,8,0,0,8,0,0
1304,图案: 猎人的 穿甲胄,72,58,62738,0,0,8,0,0,8,0,0
1305,图案: 暗杀者的 穿甲胄,72,59,62739,0,0,8,0,0,8,0,0
1306,图案: 猎人的 穿甲胄,72,60,62740,0,0,8,0,0,8,0,0
1307,图案: 暗杀者的 穿甲胄,72,61,62741,0,0,8,0,0,8,0,0
1308,图案: 猎人的 穿甲胄,72,62,62742,0,0,8,0,0,8,0,0
1309,图案: 暗杀者的 穿甲胄,72,63,62743,0,0,8,0,0,8,0,0
1310,图案: 凝结的 腿部守护者具,72,64,63035,0,0,8,0,0,8,0,0
1311,图案: 猎人的 腿部守护者具,72,65,63036,0,0,8,0,0,8,0,0
1312,图案: 暗杀者的 腿部守护者具,72,66,63037,0,0,8,0,0,8,0,0
1313,图案: 猎人的 腿部守护者具,72,67,63038,0,0,8,0,0,8,0,0
1314,图案: 暗杀者的 腿部守护者具,72,68,63039,0,0,8,0,0,8,0,0
1315,图案: 猎人的 腿部守护者具,72,69,63040,0,0,8,0,0,8,0,0
1316,图案: 暗杀者的 腿部守护者具,72,70,63041,0,0,8,0,0,8,0,0
1317,图案: 猎人的 腿部守护者具,72,71,63042,0,0,8,0,0,8,0,0
1318,图案: 暗杀者的 腿部守护者具,72,72,63043,0,0,8,0,0,8,0,0
1319,图案: 凝结的 脚部守护者具,72,73,63335,0,0,8,0,0,8,0,0
1320,图案: 猎人的 脚部守护者具,72,74,63336,0,0,8,0,0,8,0,0
1321,图案: 暗杀者的 脚部守护者具,72,75,63337,0,0,8,0,0,8,0,0
1322,图案: 猎人的 脚部守护者具,72,76,63338,0,0,8,0,0,8,0,0
1323,图案: 暗杀者的 脚部守护者具,72,77,63339,0,0,8,0,0,8,0,0
1324,图案: 猎人的 脚部守护者具,72,78,63340,0,0,8,0,0,8,0,0
1325,图案: 暗杀者的 脚部守护者具,72,79,63341,0,0,8,0,0,8,0,0
1326,图案: 猎人的 脚部守护者具,72,80,63342,0,0,8,0,0,8,0,0
1327,图案: 暗杀者的 脚部守护者具,72,81,63343,0,0,8,0,0,8,0,0
1328,图案: 阳光 披风,72,82,63535,0,0,8,0,0,8,0,0
1329,图案: 悲痛的 披风,72,83,63536,0,0,8,0,0,8,0,0
1330,图案: 深渊的 披风,72,84,63537,0,0,8,0,0,8,0,0
1331,图案: 悲痛的 披风,72,85,63538,0,0,8,0,0,8,0,0
1332,图案: 深渊的 披风,72,86,63539,0,0,8,0,0,8,0,0
1333,图案: 悲痛的 披风,72,87,63540,0,0,8,0,0,8,0,0
1334,图案: 深渊的 披风,72,88,63541,0,0,8,0,0,8,0,0
1335,图案: 悲痛的 披风,72,89,63542,0,0,8,0,0,8,0,0
1336,图案: 深渊的 披风,72,90,63543,0,0,8,0,0,8,0,0
1337,图案: 陈旧的 忍耐的颈甲 头盔,73,0,62144,0,0,8,0,0,8,0,0
1338,图案: 普通的 忍耐的颈甲 头盔,73,1,62145,0,0,8,0,0,8,0,0
1339,图案: 普通的 忍耐的颈甲 头盔,73,2,62146,0,0,8,0,0,8,0,0
1340,图案: 高级的 忍耐的颈甲 头盔,73,3,62147,0,0,8,0,0,8,0,0
1341,图案: 高级的 忍耐的颈甲 头盔,73,4,62148,0,0,8,0,0,8,0,0
1342,图案: 稀贵的 忍耐的颈甲 头盔,73,5,62149,0,0,8,0,0,8,0,0
1343,图案: 稀贵的 忍耐的颈甲 头盔,73,6,62150,0,0,8,0,0,8,0,0
1344,图案: 特别的 忍耐的颈甲 头盔,73,7,62151,0,0,8,0,0,8,0,0
1345,图案: 特别的 忍耐的颈甲 头盔,73,8,62152,0,0,8,0,0,8,0,0
1346,图案: 陈旧的 忍耐的 颈甲 铠甲,73,9,62444,0,0,8,0,0,8,0,0
1347,图案: 普通的 忍耐的 颈甲 铠甲,73,10,62445,0,0,8,0,0,8,0,0
1348,图案: 普通的 忍耐的 颈甲 铠甲,73,11,62446,0,0,8,0,0,8,0,0
1349,图案: 高级的 忍耐的 颈甲 铠甲,73,12,62447,0,0,8,0,0,8,0,0
1350,图案: 高级的 忍耐的 颈甲 铠甲,73,13,62448,0,0,8,0,0,8,0,0
1351,图案: 稀贵的 忍耐的 颈甲 铠甲,73,14,62449,0,0,8,0,0,8,0,0
1352,图案: 稀贵的 忍耐的 颈甲 铠甲,73,15,62450,0,0,8,0,0,8,0,0
1353,图案: 特别的 忍耐的 颈甲 铠甲,73,16,62451,0,0,8,0,0,8,0,0
1354,图案: 特别的 忍耐的 颈甲 铠甲,73,17,62452,0,0,8,0,0,8,0,0
1355,图案: 陈旧的 忍耐的颈甲 穿甲胄,73,18,62744,0,0,8,0,0,8,0,0
1356,图案: 普通的 忍耐的颈甲 穿甲胄,73,19,62745,0,0,8,0,0,8,0,0
1357,图案: 普通的 忍耐的颈甲 穿甲胄,73,20,62746,0,0,8,0,0,8,0,0
1358,图案: 高级的 忍耐的颈甲 穿甲胄,73,21,62747,0,0,8,0,0,8,0,0
1359,图案: 高级的 忍耐的颈甲 穿甲胄,73,22,62748,0,0,8,0,0,8,0,0
1360,图案: 稀贵的 忍耐的颈甲 穿甲胄,73,23,62749,0,0,8,0,0,8,0,0
1361,图案: 稀贵的 忍耐的颈甲 穿甲胄,73,24,62750,0,0,8,0,0,8,0,0
1362,图案: 特别的 忍耐的颈甲 穿甲胄,73,25,62751,0,0,8,0,0,8,0,0
1363,图案: 特别的 忍耐的颈甲 穿甲胄,73,26,62752,0,0,8,0,0,8,0,0
1364,图案: 陈旧的 忍耐的 颈甲 腿铠甲,73,27,63044,0,0,8,0,0,8,0,0
1365,图案: 普通的 忍耐的 颈甲 腿铠甲,73,28,63045,0,0,8,0,0,8,0,0
1366,图案: 普通的 忍耐的 颈甲 腿铠甲,73,29,63046,0,0,8,0,0,8,0,0
1367,图案: 高级的 忍耐的 颈甲 腿铠甲,73,30,63047,0,0,8,0,0,8,0,0
1368,图案: 高级的 忍耐的 颈甲 腿铠甲,73,31,63048,0,0,8,0,0,8,0,0
1369,图案: 稀贵的 忍耐的 颈甲 腿铠甲,73,32,63049,0,0,8,0,0,8,0,0
1370,图案: 稀贵的 忍耐的 颈甲 腿铠甲,73,33,63050,0,0,8,0,0,8,0,0
1371,图案: 特别的 忍耐的 颈甲 腿铠甲,73,34,63051,0,0,8,0,0,8,0,0
1372,图案: 特别的 忍耐的 颈甲 腿铠甲,73,35,63052,0,0,8,0,0,8,0,0
1373,图案: 陈旧的 忍耐的 颈甲 高筒靴,73,36,63344,0,0,8,0,0,8,0,0
1374,图案: 普通的 忍耐的 颈甲 高筒靴,73,37,63345,0,0,8,0,0,8,0,0
1375,图案: 普通的 忍耐的 颈甲 高筒靴,73,38,63346,0,0,8,0,0,8,0,0
1376,图案: 高级的 忍耐的 颈甲 高筒靴,73,39,63347,0,0,8,0,0,8,0,0
1377,图案: 高级的 忍耐的 颈甲 高筒靴,73,40,63348,0,0,8,0,0,8,0,0
1378,图案: 稀贵的 忍耐的 颈甲 高筒靴,73,41,63349,0,0,8,0,0,8,0,0
1379,图案: 稀贵的 忍耐的 颈甲 高筒靴,73,42,63350,0,0,8,0,0,8,0,0
1380,图案: 特别的 忍耐的 颈甲 高筒靴,73,43,63351,0,0,8,0,0,8,0,0
1381,图案: 特别的 忍耐的 颈甲 高筒靴,73,44,63352,0,0,8,0,0,8,0,0
1382,图案: 陈旧的 忍耐的 披风,73,45,63544,0,0,8,0,0,8,0,0
1383,图案: 普通的 忍耐的 披风,73,46,63545,0,0,8,0,0,8,0,0
1384,图案: 普通的 忍耐的 披风,73,47,63546,0,0,8,0,0,8,0,0
1385,图案: 高级的 忍耐的 披风,73,48,63547,0,0,8,0,0,8,0,0
1386,图案: 高级的 忍耐的 披风,73,49,63548,0,0,8,0,0,8,0,0
1387,图案: 稀贵的 忍耐的 披风,73,50,63549,0,0,8,0,0,8,0,0
1388,图案: 稀贵的 忍耐的 披风,73,51,63550,0,0,8,0,0,8,0,0
1389,图案: 特别的 忍耐的 披风,73,52,63551,0,0,8,0,0,8,0,0
1390,图案: 特别的 忍耐的 披风,73,53,63552,0,0,8,0,0,8,0,0
1391,图案: 陈旧的 守护者颈甲 头盔,73,54,62153,0,0,8,0,0,8,0,0
1392,图案: 普通的 守护者颈甲 头盔,73,55,62154,0,0,8,0,0,8,0,0
1393,图案: 普通的 守护者颈甲 头盔,73,56,62155,0,0,8,0,0,8,0,0
1394,图案: 高级的 守护者颈甲 头盔,73,57,62156,0,0,8,0,0,8,0,0
1395,图案: 高级的 守护者颈甲 头盔,73,58,62157,0,0,8,0,0,8,0,0
1396,图案: 稀贵的 守护者颈甲 头盔,73,59,62158,0,0,8,0,0,8,0,0
1397,图案: 稀贵的 守护者颈甲 头盔,73,60,62159,0,0,8,0,0,8,0,0
1398,图案: 特别的 守护者颈甲 头盔,73,61,62160,0,0,8,0,0,8,0,0
1399,图案: 特别的 守护者颈甲 头盔,73,62,62161,0,0,8,0,0,8,0,0
1400,图案: 陈旧的 守护者 颈甲 铠甲,73,63,62453,0,0,8,0,0,8,0,0
1401,图案: 普通的 守护者 颈甲 铠甲,73,64,62454,0,0,8,0,0,8,0,0
1402,图案: 普通的 守护者 颈甲 铠甲,73,65,62455,0,0,8,0,0,8,0,0
1403,图案: 高级的 守护者 颈甲 铠甲,73,66,62456,0,0,8,0,0,8,0,0
1404,图案: 高级的 守护者 颈甲 铠甲,73,67,62457,0,0,8,0,0,8,0,0
1405,图案: 稀贵的 守护者 颈甲 铠甲,73,68,62458,0,0,8,0,0,8,0,0
1406,图案: 稀贵的 守护者 颈甲 铠甲,73,69,62459,0,0,8,0,0,8,0,0
1407,图案: 特别的 守护者 颈甲 铠甲,73,70,62460,0,0,8,0,0,8,0,0
1408,图案: 特别的 守护者 颈甲 铠甲,73,71,62461,0,0,8,0,0,8,0,0
1409,图案: 陈旧的 守护者颈甲 穿甲胄,73,72,62753,0,0,8,0,0,8,0,0
1410,图案: 普通的 守护者颈甲 穿甲胄,73,73,62754,0,0,8,0,0,8,0,0
1411,图案: 普通的 守护者颈甲 穿甲胄,73,74,62755,0,0,8,0,0,8,0,0
1412,图案: 高级的 守护者颈甲 穿甲胄,73,75,62756,0,0,8,0,0,8,0,0
1413,图案: 高级的 守护者颈甲 穿甲胄,73,76,62757,0,0,8,0,0,8,0,0
1414,图案: 稀贵的 守护者颈甲 穿甲胄,73,77,62758,0,0,8,0,0,8,0,0
1415,图案: 稀贵的 守护者颈甲 穿甲胄,73,78,62759,0,0,8,0,0,8,0,0
1416,图案: 特别的 守护者颈甲 穿甲胄,73,79,62760,0,0,8,0,0,8,0,0
1417,图案: 特别的 守护者颈甲 穿甲胄,73,80,62761,0,0,8,0,0,8,0,0
1418,图案: 陈旧的 守护者 颈甲 腿铠甲,73,81,63053,0,0,8,0,0,8,0,0
1419,图案: 普通的 守护者 颈甲 腿铠甲,73,82,63054,0,0,8,0,0,8,0,0
1420,图案: 普通的 守护者 颈甲 腿铠甲,73,83,63055,0,0,8,0,0,8,0,0
1421,图案: 高级的 守护者 颈甲 腿铠甲,73,84,63056,0,0,8,0,0,8,0,0
1422,图案: 高级的 守护者 颈甲 腿铠甲,73,85,63057,0,0,8,0,0,8,0,0
1423,图案: 稀贵的 守护者 颈甲 腿铠甲,73,86,63058,0,0,8,0,0,8,0,0
1424,图案: 稀贵的 守护者 颈甲 腿铠甲,73,87,63059,0,0,8,0,0,8,0,0
1425,图案: 特别的 守护者 颈甲 腿铠甲,73,88,63060,0,0,8,0,0,8,0,0
1426,图案: 特别的 守护者 颈甲 腿铠甲,73,89,63061,0,0,8,0,0,8,0,0
1427,图案: 陈旧的 守护者 颈甲 高筒靴,73,90,63353,0,0,8,0,0,8,0,0
1428,图案: 普通的 守护者 颈甲 高筒靴,73,91,63354,0,0,8,0,0,8,0,0
1429,图案: 普通的 守护者 颈甲 高筒靴,73,92,63355,0,0,8,0,0,8,0,0
1430,图案: 高级的 守护者 颈甲 高筒靴,73,93,63356,0,0,8,0,0,8,0,0
1431,图案: 高级的 守护者 颈甲 高筒靴,73,94,63357,0,0,8,0,0,8,0,0
1432,图案: 稀贵的 守护者 颈甲 高筒靴,73,95,63358,0,0,8,0,0,8,0,0
1433,图案: 稀贵的 守护者 颈甲 高筒靴,73,96,63359,0,0,8,0,0,8,0,0
1434,图案: 特别的 守护者 颈甲 高筒靴,73,97,63360,0,0,8,0,0,8,0,0
1435,图案: 特别的 守护者 颈甲 高筒靴,73,98,63361,0,0,8,0,0,8,0,0
1436,图案: 陈旧的 守护者 披风,73,99,63553,0,0,8,0,0,8,0,0
1437,图案: 普通的 守护者 披风,73,100,63554,0,0,8,0,0,8,0,0
1438,图案: 普通的 守护者 披风,73,101,63555,0,0,8,0,0,8,0,0
1439,图案: 高级的 守护者 披风,73,102,63556,0,0,8,0,0,8,0,0
1440,图案: 高级的 守护者 披风,73,103,63557,0,0,8,0,0,8,0,0
1441,图案: 稀贵的 守护者 披风,73,104,63558,0,0,8,0,0,8,0,0
1442,图案: 稀贵的 守护者 披风,73,105,63559,0,0,8,0,0,8,0,0
1443,图案: 特别的 守护者 披风,73,106,63560,0,0,8,0,0,8,0,0
1444,图案: 特别的 守护者 披风,73,107,63561,0,0,8,0,0,8,0,0
1445,粘合剂,80,0,42210,0,0,8,0,0,8,0,0
1446,弹力剂,80,1,42211,0,0,8,0,0,8,0,0
1447,图案:厚厚的 头盔,80,2,62200,0,0,8,0,0,8,0,0
1448,图案: 平安 头盔,80,3,62201,0,0,8,0,0,8,0,0
1449,图案: 激烈的 头盔,80,4,62202,0,0,8,0,0,8,0,0
1450,图案: 平安 头盔,80,5,62203,0,0,8,0,0,8,0,0
1451,图案: 激烈的 头盔,80,6,62204,0,0,8,0,0,8,0,0
1452,图案:厚厚的 胸甲,80,7,62500,0,0,8,0,0,8,0,0
1453,图案: 平安 胸甲,80,8,62501,0,0,8,0,0,8,0,0
1454,图案: 激烈的 胸甲,80,9,62502,0,0,8,0,0,8,0,0
1455,图案: 平安 胸甲,80,10,62503,0,0,8,0,0,8,0,0
1456,图案: 激烈的 胸甲,80,11,62504,0,0,8,0,0,8,0,0
1457,图案:厚厚的 护手具,80,12,62800,0,0,8,0,0,8,0,0
1458,图案: 平安 护手具,80,13,62801,0,0,8,0,0,8,0,0
1459,图案: 激烈的 护手具,80,14,62802,0,0,8,0,0,8,0,0
1460,图案: 平安 护手具,80,15,62803,0,0,8,0,0,8,0,0
1461,图案: 激烈的 护手具,80,16,62804,0,0,8,0,0,8,0,0
1462,图案:厚厚的 腿铠甲,80,17,63100,0,0,8,0,0,8,0,0
1463,图案: 平安 腿铠甲,80,18,63101,0,0,8,0,0,8,0,0
1464,图案: 激烈的 腿铠甲,80,19,63102,0,0,8,0,0,8,0,0
1465,图案: 平安 腿铠甲,80,20,63103,0,0,8,0,0,8,0,0
1466,图案: 激烈的 腿铠甲,80,21,63104,0,0,8,0,0,8,0,0
1467,图案:厚厚的 高筒靴,80,22,63400,0,0,8,0,0,8,0,0
1468,图案: 平安 高筒靴,80,23,63401,0,0,8,0,0,8,0,0
1469,图案: 激烈的 高筒靴,80,24,63402,0,0,8,0,0,8,0,0
1470,图案: 平安 高筒靴,80,25,63403,0,0,8,0,0,8,0,0
1471,图案: 激烈的 高筒靴,80,26,63404,0,0,8,0,0,8,0,0
1472,图案: 强化的 头盔,80,27,62207,0,0,8,0,0,8,0,0
1473,图案: 防御 头盔,80,28,62208,0,0,8,0,0,8,0,0
1474,图案: 战斗的 头盔,80,29,62209,0,0,8,0,0,8,0,0
1475,图案: 防御 头盔,80,30,62210,0,0,8,0,0,8,0,0
1476,图案: 战斗的 头盔,80,31,62211,0,0,8,0,0,8,0,0
1477,图案: 防御 头盔,80,32,62212,0,0,8,0,0,8,0,0
1478,图案: 战斗的 头盔,80,33,62213,0,0,8,0,0,8,0,0
1479,图案: 强化的 胸甲,80,34,62507,0,0,8,0,0,8,0,0
1480,图案: 防御 胸甲,80,35,62508,0,0,8,0,0,8,0,0
1481,图案: 战斗的 胸甲,80,36,62509,0,0,8,0,0,8,0,0
1482,图案: 防御 胸甲,80,37,62510,0,0,8,0,0,8,0,0
1483,图案: 战斗的 胸甲,80,38,62511,0,0,8,0,0,8,0,0
1484,图案: 防御 胸甲,80,39,62512,0,0,8,0,0,8,0,0
1485,图案: 战斗的 胸甲,80,40,62513,0,0,8,0,0,8,0,0
1486,图案: 强化的 护手具,80,41,62807,0,0,8,0,0,8,0,0
1487,图案: 防御 护手具,80,42,62808,0,0,8,0,0,8,0,0
1488,图案: 战斗的 护手具,80,43,62809,0,0,8,0,0,8,0,0
1489,图案: 防御 护手具,80,44,62810,0,0,8,0,0,8,0,0
1490,图案: 战斗的 护手具,80,45,62811,0,0,8,0,0,8,0,0
1491,图案: 防御 护手具,80,46,62812,0,0,8,0,0,8,0,0
1492,图案: 战斗的 护手具,80,47,62813,0,0,8,0,0,8,0,0
1493,图案: 强化的 腿铠甲,80,48,63107,0,0,8,0,0,8,0,0
1494,图案: 防御 腿铠甲,80,49,63108,0,0,8,0,0,8,0,0
1495,图案: 战斗的 腿铠甲,80,50,63109,0,0,8,0,0,8,0,0
1496,图案: 防御 腿铠甲,80,51,63110,0,0,8,0,0,8,0,0
1497,图案: 战斗的 腿铠甲,80,52,63111,0,0,8,0,0,8,0,0
1498,图案: 防御 腿铠甲,80,53,63112,0,0,8,0,0,8,0,0
1499,图案: 战斗的 腿铠甲,80,54,63113,0,0,8,0,0,8,0,0
1500,图案: 强化的 高筒靴,80,55,63407,0,0,8,0,0,8,0,0
1501,图案: 防御 高筒靴,80,56,63408,0,0,8,0,0,8,0,0
1502,图案: 战斗的 高筒靴,80,57,63409,0,0,8,0,0,8,0,0
1503,图案: 防御 高筒靴,80,58,63410,0,0,8,0,0,8,0,0
1504,图案: 战斗的 高筒靴,80,59,63411,0,0,8,0,0,8,0,0
1505,图案: 防御 高筒靴,80,60,63412,0,0,8,0,0,8,0,0
1506,图案: 战斗的 高筒靴,80,61,63413,0,0,8,0,0,8,0,0
1507,粘合剂,81,0,42210,0,0,8,0,0,8,0,0
1508,弹力剂,81,1,42211,0,0,8,0,0,8,0,0
1509,图案: 有光泽的 头盔,81,2,62214,0,0,8,0,0,8,0,0
1510,图案: 战士 头盔,81,3,62215,0,0,8,0,0,8,0,0
1511,图案: 斗士 头盔,81,4,62216,0,0,8,0,0,8,0,0
1512,图案: 战士 头盔,81,5,62217,0,0,8,0,0,8,0,0
1513,图案: 斗士 头盔,81,6,62218,0,0,8,0,0,8,0,0
1514,图案: 战士 头盔,81,7,62219,0,0,8,0,0,8,0,0
1515,图案: 斗士 头盔,81,8,62220,0,0,8,0,0,8,0,0
1516,图案: 有光泽的 胸甲,81,9,62514,0,0,8,0,0,8,0,0
1517,图案: 战士 胸甲,81,10,62515,0,0,8,0,0,8,0,0
1518,图案: 斗士 胸甲,81,11,62516,0,0,8,0,0,8,0,0
1519,图案: 战士 胸甲,81,12,62517,0,0,8,0,0,8,0,0
1520,图案: 斗士 胸甲,81,13,62518,0,0,8,0,0,8,0,0
1521,图案: 战士 胸甲,81,14,62519,0,0,8,0,0,8,0,0
1522,图案: 斗士 胸甲,81,15,62520,0,0,8,0,0,8,0,0
1523,图案: 有光泽的 护手具,81,16,62814,0,0,8,0,0,8,0,0
1524,图案: 战士 护手具,81,17,62815,0,0,8,0,0,8,0,0
1525,图案: 斗士 护手具,81,18,62816,0,0,8,0,0,8,0,0
1526,图案: 战士 护手具,81,19,62817,0,0,8,0,0,8,0,0
1527,图案: 斗士 护手具,81,20,62818,0,0,8,0,0,8,0,0
1528,图案: 战士 护手具,81,21,62819,0,0,8,0,0,8,0,0
1529,图案: 斗士 护手具,81,22,62820,0,0,8,0,0,8,0,0
1530,图案: 有光泽的 腿铠甲,81,23,63114,0,0,8,0,0,8,0,0
1531,图案: 战士 腿铠甲,81,24,63115,0,0,8,0,0,8,0,0
1532,图案: 斗士 腿铠甲,81,25,63116,0,0,8,0,0,8,0,0
1533,图案: 战士 腿铠甲,81,26,63117,0,0,8,0,0,8,0,0
1534,图案: 斗士 腿铠甲,81,27,63118,0,0,8,0,0,8,0,0
1535,图案: 战士 腿铠甲,81,28,63119,0,0,8,0,0,8,0,0
1536,图案: 斗士 腿铠甲,81,29,63120,0,0,8,0,0,8,0,0
1537,图案: 有光泽的 高筒靴,81,30,63414,0,0,8,0,0,8,0,0
1538,图案: 战士 高筒靴,81,31,63415,0,0,8,0,0,8,0,0
1539,图案: 斗士 高筒靴,81,32,63416,0,0,8,0,0,8,0,0
1540,图案: 战士 高筒靴,81,33,63417,0,0,8,0,0,8,0,0
1541,图案: 斗士 高筒靴,81,34,63418,0,0,8,0,0,8,0,0
1542,图案: 战士 高筒靴,81,35,63419,0,0,8,0,0,8,0,0
1543,图案: 斗士 高筒靴,81,36,63420,0,0,8,0,0,8,0,0
1544,图案: 值得信赖的 头盔,81,37,62221,0,0,8,0,0,8,0,0
1545,图案: 守护者 头盔,81,38,62222,0,0,8,0,0,8,0,0
1546,图案: 突击的 头盔,81,39,62223,0,0,8,0,0,8,0,0
1547,图案: 守护者 头盔,81,40,62224,0,0,8,0,0,8,0,0
1548,图案: 突击的 头盔,81,41,62225,0,0,8,0,0,8,0,0
1549,图案: 守护者 头盔,81,42,62226,0,0,8,0,0,8,0,0
1550,图案: 突击的 头盔,81,43,62227,0,0,8,0,0,8,0,0
1551,图案: 值得信赖的 胸甲,81,44,62521,0,0,8,0,0,8,0,0
1552,图案: 守护者 胸甲,81,45,62522,0,0,8,0,0,8,0,0
1553,图案: 突击的 胸甲,81,46,62523,0,0,8,0,0,8,0,0
1554,图案: 守护者 胸甲,81,47,62524,0,0,8,0,0,8,0,0
1555,图案: 突击的 胸甲,81,48,62525,0,0,8,0,0,8,0,0
1556,图案: 守护者 胸甲,81,49,62526,0,0,8,0,0,8,0,0
1557,图案: 突击的 胸甲,81,50,62527,0,0,8,0,0,8,0,0
1558,图案: 值得信赖的 护手具,81,51,62821,0,0,8,0,0,8,0,0
1559,图案: 守护者 护手具,81,52,62822,0,0,8,0,0,8,0,0
1560,图案: 突击的 护手具,81,53,62823,0,0,8,0,0,8,0,0
1561,图案: 守护者 护手具,81,54,62824,0,0,8,0,0,8,0,0
1562,图案: 突击的 护手具,81,55,62825,0,0,8,0,0,8,0,0
1563,图案: 守护者 护手具,81,56,62826,0,0,8,0,0,8,0,0
1564,图案: 突击的 护手具,81,57,62827,0,0,8,0,0,8,0,0
1565,图案: 值得信赖的 腿铠甲,81,58,63121,0,0,8,0,0,8,0,0
1566,图案: 守护者 腿铠甲,81,59,63122,0,0,8,0,0,8,0,0
1567,图案: 突击的 腿铠甲,81,60,63123,0,0,8,0,0,8,0,0
1568,图案: 守护者 腿铠甲,81,61,63124,0,0,8,0,0,8,0,0
1569,图案: 突击的 腿铠甲,81,62,63125,0,0,8,0,0,8,0,0
1570,图案: 守护者 腿铠甲,81,63,63126,0,0,8,0,0,8,0,0
1571,图案: 突击的 腿铠甲,81,64,63127,0,0,8,0,0,8,0,0
1572,图案: 值得信赖的 高筒靴,81,65,63421,0,0,8,0,0,8,0,0
1573,图案: 守护者 高筒靴,81,66,63422,0,0,8,0,0,8,0,0
1574,图案: 突击的 高筒靴,81,67,63423,0,0,8,0,0,8,0,0
1575,图案: 守护者 高筒靴,81,68,63424,0,0,8,0,0,8,0,0
1576,图案: 突击的 高筒靴,81,69,63425,0,0,8,0,0,8,0,0
1577,图案: 守护者 高筒靴,81,70,63426,0,0,8,0,0,8,0,0
1578,图案: 突击的 高筒靴,81,71,63427,0,0,8,0,0,8,0,0
1579,粘合剂,82,0,42210,0,0,8,0,0,8,0,0
1580,弹力剂,82,1,42211,0,0,8,0,0,8,0,0
1581,图案: 神秘的 头盔,82,2,62228,0,0,8,0,0,8,0,0
1582,图案: 站岗的 头盔,82,3,62229,0,0,8,0,0,8,0,0
1583,图案: 防压碎的 头盔,82,4,62230,0,0,8,0,0,8,0,0
1584,图案: 站岗的 头盔,82,5,62231,0,0,8,0,0,8,0,0
1585,图案: 防压碎的 头盔,82,6,62232,0,0,8,0,0,8,0,0
1586,图案: 站岗的 头盔,82,7,62233,0,0,8,0,0,8,0,0
1587,图案: 防压碎的 头盔,82,8,62234,0,0,8,0,0,8,0,0
1588,图案: 神秘的 胸甲,82,9,62528,0,0,8,0,0,8,0,0
1589,图案: 站岗的 胸甲,82,10,62529,0,0,8,0,0,8,0,0
1590,图案: 防压碎的 胸甲,82,11,62530,0,0,8,0,0,8,0,0
1591,图案: 站岗的 胸甲,82,12,62531,0,0,8,0,0,8,0,0
1592,图案: 防压碎的 胸甲,82,13,62532,0,0,8,0,0,8,0,0
1593,图案: 站岗的 胸甲,82,14,62533,0,0,8,0,0,8,0,0
1594,图案: 防压碎的 胸甲,82,15,62534,0,0,8,0,0,8,0,0
1595,图案: 神秘的 护手具,82,16,62828,0,0,8,0,0,8,0,0
1596,图案: 站岗的 护手具,82,17,62829,0,0,8,0,0,8,0,0
1597,图案: 防压碎的 护手具,82,18,62830,0,0,8,0,0,8,0,0
1598,图案: 站岗的 护手具,82,19,62831,0,0,8,0,0,8,0,0
1599,图案: 防压碎的 护手具,82,20,62832,0,0,8,0,0,8,0,0
1600,图案: 站岗的 护手具,82,21,62833,0,0,8,0,0,8,0,0
1601,图案: 防压碎的 护手具,82,22,62834,0,0,8,0,0,8,0,0
1602,图案: 神秘的 腿铠甲,82,23,63128,0,0,8,0,0,8,0,0
1603,图案: 站岗的 腿铠甲,82,24,63129,0,0,8,0,0,8,0,0
1604,图案: 防压碎的 腿铠甲,82,25,63130,0,0,8,0,0,8,0,0
1605,图案: 站岗的 腿铠甲,82,26,63131,0,0,8,0,0,8,0,0
1606,图案: 防压碎的 腿铠甲,82,27,63132,0,0,8,0,0,8,0,0
1607,图案: 站岗的 腿铠甲,82,28,63133,0,0,8,0,0,8,0,0
1608,图案: 防压碎的 腿铠甲,82,29,63134,0,0,8,0,0,8,0,0
1609,图案: 神秘的 高筒靴,82,30,63428,0,0,8,0,0,8,0,0
1610,图案: 站岗的 高筒靴,82,31,63429,0,0,8,0,0,8,0,0
1611,图案: 防压碎的 高筒靴,82,32,63430,0,0,8,0,0,8,0,0
1612,图案: 站岗的 高筒靴,82,33,63431,0,0,8,0,0,8,0,0
1613,图案: 防压碎的 高筒靴,82,34,63432,0,0,8,0,0,8,0,0
1614,图案: 站岗的 高筒靴,82,35,63433,0,0,8,0,0,8,0,0
1615,图案: 防压碎的 高筒靴,82,36,63434,0,0,8,0,0,8,0,0
1616,图案: 凝结的 头盔,82,37,62235,0,0,8,0,0,8,0,0
1617,图案: 守护者 头盔,82,38,62236,0,0,8,0,0,8,0,0
1618,图案: 破坏者 头盔,82,39,62237,0,0,8,0,0,8,0,0
1619,图案: 守护者 头盔,82,40,62238,0,0,8,0,0,8,0,0
1620,图案: 破坏者 头盔,82,41,62239,0,0,8,0,0,8,0,0
1621,图案: 守护者 头盔,82,42,62240,0,0,8,0,0,8,0,0
1622,图案: 破坏者 头盔,82,43,62241,0,0,8,0,0,8,0,0
1623,图案: 守护者 头盔,82,44,62242,0,0,8,0,0,8,0,0
1624,图案: 破坏者 头盔,82,45,62243,0,0,8,0,0,8,0,0
1625,图案: 凝结的 胸甲,82,46,62535,0,0,8,0,0,8,0,0
1626,图案: 守护者 胸甲,82,47,62536,0,0,8,0,0,8,0,0
1627,图案: 破坏者 胸甲,82,48,62537,0,0,8,0,0,8,0,0
1628,图案: 守护者 胸甲,82,49,62538,0,0,8,0,0,8,0,0
1629,图案: 破坏者 胸甲,82,50,62539,0,0,8,0,0,8,0,0
1630,图案: 守护者 胸甲,82,51,62540,0,0,8,0,0,8,0,0
1631,图案: 破坏者 胸甲,82,52,62541,0,0,8,0,0,8,0,0
1632,图案: 守护者 胸甲,82,53,62542,0,0,8,0,0,8,0,0
1633,图案: 破坏者 胸甲,82,54,62543,0,0,8,0,0,8,0,0
1634,图案: 凝结的 护手具,82,55,62835,0,0,8,0,0,8,0,0
1635,图案: 守护者 护手具,82,56,62836,0,0,8,0,0,8,0,0
1636,图案: 破坏者 护手具,82,57,62837,0,0,8,0,0,8,0,0
1637,图案: 守护者 护手具,82,58,62838,0,0,8,0,0,8,0,0
1638,图案: 破坏者 护手具,82,59,62839,0,0,8,0,0,8,0,0
1639,图案: 守护者 护手具,82,60,62840,0,0,8,0,0,8,0,0
1640,图案: 破坏者 护手具,82,61,62841,0,0,8,0,0,8,0,0
1641,图案: 守护者 护手具,82,62,62842,0,0,8,0,0,8,0,0
1642,图案: 破坏者 护手具,82,63,62843,0,0,8,0,0,8,0,0
1643,图案: 凝结的 腿铠甲,82,64,63135,0,0,8,0,0,8,0,0
1644,图案: 守护者 腿铠甲,82,65,63136,0,0,8,0,0,8,0,0
1645,图案: 破坏者 腿铠甲,82,66,63137,0,0,8,0,0,8,0,0
1646,图案: 守护者 腿铠甲,82,67,63138,0,0,8,0,0,8,0,0
1647,图案: 破坏者 腿铠甲,82,68,63139,0,0,8,0,0,8,0,0
1648,图案: 守护者 腿铠甲,82,69,63140,0,0,8,0,0,8,0,0
1649,图案: 破坏者 腿铠甲,82,70,63141,0,0,8,0,0,8,0,0
1650,图案: 守护者 腿铠甲,82,71,63142,0,0,8,0,0,8,0,0
1651,图案: 破坏者 腿铠甲,82,72,63143,0,0,8,0,0,8,0,0
1652,图案: 凝结的 高筒靴,82,73,63435,0,0,8,0,0,8,0,0
1653,图案: 守护者 高筒靴,82,74,63436,0,0,8,0,0,8,0,0
1654,图案: 破坏者 高筒靴,82,75,63437,0,0,8,0,0,8,0,0
1655,图案: 守护者 高筒靴,82,76,63438,0,0,8,0,0,8,0,0
1656,图案: 破坏者 高筒靴,82,77,63439,0,0,8,0,0,8,0,0
1657,图案: 守护者 高筒靴,82,78,63440,0,0,8,0,0,8,0,0
1658,图案: 破坏者 高筒靴,82,79,63441,0,0,8,0,0,8,0,0
1659,图案: 守护者 高筒靴,82,80,63442,0,0,8,0,0,8,0,0
1660,图案: 破坏者 高筒靴,82,81,63443,0,0,8,0,0,8,0,0
1661,图案: 阳光 披风,82,82,63535,0,0,8,0,0,8,0,0
1662,图案: 悲痛的 披风,82,83,63536,0,0,8,0,0,8,0,0
1663,图案: 深渊的 披风,82,84,63537,0,0,8,0,0,8,0,0
1664,图案: 悲痛的 披风,82,85,63538,0,0,8,0,0,8,0,0
1665,图案: 深渊的 披风,82,86,63539,0,0,8,0,0,8,0,0
1666,图案: 悲痛的 披风,82,87,63540,0,0,8,0,0,8,0,0
1667,图案: 深渊的 披风,82,88,63541,0,0,8,0,0,8,0,0
1668,图案: 悲痛的 披风,82,89,63542,0,0,8,0,0,8,0,0
1669,图案: 深渊的 披风,82,90,63543,0,0,8,0,0,8,0,0
1670,图案: 陈旧的 忍耐的重甲 头盔,83,0,62244,0,0,8,0,0,8,0,0
1671,图案: 普通的 忍耐的重甲 头盔,83,1,62245,0,0,8,0,0,8,0,0
1672,图案: 普通的 忍耐的重甲 头盔,83,2,62246,0,0,8,0,0,8,0,0
1673,图案: 高级的 忍耐的重甲 头盔,83,3,62247,0,0,8,0,0,8,0,0
1674,图案: 高级的 忍耐的重甲 头盔,83,4,62248,0,0,8,0,0,8,0,0
1675,图案: 稀贵的 忍耐的重甲 头盔,83,5,62249,0,0,8,0,0,8,0,0
1676,图案: 稀贵的 忍耐的重甲 头盔,83,6,62250,0,0,8,0,0,8,0,0
1677,图案: 特别的 忍耐的重甲 头盔,83,7,62251,0,0,8,0,0,8,0,0
1678,图案: 特别的 忍耐的重甲 头盔,83,8,62252,0,0,8,0,0,8,0,0
1679,图案: 陈旧的 忍耐的 重甲 铠甲,83,9,62544,0,0,8,0,0,8,0,0
1680,图案: 普通的 忍耐的 重甲 铠甲,83,10,62545,0,0,8,0,0,8,0,0
1681,图案: 普通的 忍耐的 重甲 铠甲,83,11,62546,0,0,8,0,0,8,0,0
1682,图案: 高级的 忍耐的 重甲 铠甲,83,12,62547,0,0,8,0,0,8,0,0
1683,图案: 高级的 忍耐的 重甲 铠甲,83,13,62548,0,0,8,0,0,8,0,0
1684,图案: 稀贵的 忍耐的 重甲 铠甲,83,14,62549,0,0,8,0,0,8,0,0
1685,图案: 稀贵的 忍耐的 重甲 铠甲,83,15,62550,0,0,8,0,0,8,0,0
1686,图案: 特别的 忍耐的 重甲 铠甲,83,16,62551,0,0,8,0,0,8,0,0
1687,图案: 特别的 忍耐的 重甲 铠甲,83,17,62552,0,0,8,0,0,8,0,0
1688,图案: 陈旧的 忍耐的 重甲 穿甲胄,83,18,62844,0,0,8,0,0,8,0,0
1689,图案: 普通的 忍耐的 重甲 穿甲胄,83,19,62845,0,0,8,0,0,8,0,0
1690,图案: 普通的 忍耐的 重甲 穿甲胄,83,20,62846,0,0,8,0,0,8,0,0
1691,图案: 高级的 忍耐的 重甲 穿甲胄,83,21,62847,0,0,8,0,0,8,0,0
1692,图案: 高级的 忍耐的 重甲 穿甲胄,83,22,62848,0,0,8,0,0,8,0,0
1693,图案: 稀贵的 忍耐的 重甲 穿甲胄,83,23,62849,0,0,8,0,0,8,0,0
1694,图案: 稀贵的 忍耐的 重甲 穿甲胄,83,24,62850,0,0,8,0,0,8,0,0
1695,图案: 特别的 忍耐的 重甲 穿甲胄,83,25,62851,0,0,8,0,0,8,0,0
1696,图案: 特别的 忍耐的 重甲 穿甲胄,83,26,62852,0,0,8,0,0,8,0,0
1697,图案: 陈旧的 忍耐的重甲 腿铠甲,83,27,63144,0,0,8,0,0,8,0,0
1698,图案: 普通的 忍耐的重甲 腿铠甲,83,28,63145,0,0,8,0,0,8,0,0
1699,图案: 普通的 忍耐的重甲 腿铠甲,83,29,63146,0,0,8,0,0,8,0,0
1700,图案: 高级的 忍耐的重甲 腿铠甲,83,30,63147,0,0,8,0,0,8,0,0
1701,图案: 高级的 忍耐的重甲 腿铠甲,83,31,63148,0,0,8,0,0,8,0,0
1702,图案: 稀贵的 忍耐的重甲 腿铠甲,83,32,63149,0,0,8,0,0,8,0,0
1703,图案: 稀贵的 忍耐的重甲 腿铠甲,83,33,63150,0,0,8,0,0,8,0,0
1704,图案: 特别的 忍耐的重甲 腿铠甲,83,34,63151,0,0,8,0,0,8,0,0
1705,图案: 特别的 忍耐的重甲 腿铠甲,83,35,63152,0,0,8,0,0,8,0,0
1706,图案: 陈旧的 忍耐的 重甲 高筒靴,83,36,63444,0,0,8,0,0,8,0,0
1707,图案: 普通的 忍耐的 重甲 高筒靴,83,37,63445,0,0,8,0,0,8,0,0
1708,图案: 普通的 忍耐的 重甲 高筒靴,83,38,63446,0,0,8,0,0,8,0,0
1709,图案: 高级的 忍耐的 重甲 高筒靴,83,39,63447,0,0,8,0,0,8,0,0
1710,图案: 高级的 忍耐的 重甲 高筒靴,83,40,63448,0,0,8,0,0,8,0,0
1711,图案: 稀贵的 忍耐的 重甲 高筒靴,83,41,63449,0,0,8,0,0,8,0,0
1712,图案: 稀贵的 忍耐的 重甲 高筒靴,83,42,63450,0,0,8,0,0,8,0,0
1713,图案: 特别的 忍耐的 重甲 高筒靴,83,43,63451,0,0,8,0,0,8,0,0
1714,图案: 特别的 忍耐的 重甲 高筒靴,83,44,63452,0,0,8,0,0,8,0,0
1715,图案: 陈旧的 忍耐的 披风,83,45,63544,0,0,8,0,0,8,0,0
1716,图案: 普通的 忍耐的 披风,83,46,63545,0,0,8,0,0,8,0,0
1717,图案: 普通的 忍耐的 披风,83,47,63546,0,0,8,0,0,8,0,0
1718,图案: 高级的 忍耐的 披风,83,48,63547,0,0,8,0,0,8,0,0
1719,图案: 高级的 忍耐的 披风,83,49,63548,0,0,8,0,0,8,0,0
1720,图案: 稀贵的 忍耐的 披风,83,50,63549,0,0,8,0,0,8,0,0
1721,图案: 稀贵的 忍耐的 披风,83,51,63550,0,0,8,0,0,8,0,0
1722,图案: 特别的 忍耐的 披风,83,52,63551,0,0,8,0,0,8,0,0
1723,图案: 特别的 忍耐的 披风,83,53,63552,0,0,8,0,0,8,0,0
1724,图案: 陈旧的 守护者重甲 头盔,83,54,62253,0,0,8,0,0,8,0,0
1725,图案: 普通的 守护者重甲 头盔,83,55,62254,0,0,8,0,0,8,0,0
1726,图案: 普通的 守护者重甲 头盔,83,56,62255,0,0,8,0,0,8,0,0
1727,图案: 高级的 守护者重甲 头盔,83,57,62256,0,0,8,0,0,8,0,0
1728,图案: 高级的 守护者重甲 头盔,83,58,62257,0,0,8,0,0,8,0,0
1729,图案: 稀贵的 守护者重甲 头盔,83,59,62258,0,0,8,0,0,8,0,0
1730,图案: 稀贵的 守护者重甲 头盔,83,60,62259,0,0,8,0,0,8,0,0
1731,图案: 特别的 守护者重甲 头盔,83,61,62260,0,0,8,0,0,8,0,0
1732,图案: 特别的 守护者重甲 头盔,83,62,62261,0,0,8,0,0,8,0,0
1733,图案: 陈旧的 守护者 重甲 铠甲,83,63,62553,0,0,8,0,0,8,0,0
1734,图案: 普通的 守护者 重甲 铠甲,83,64,62554,0,0,8,0,0,8,0,0
1735,图案: 普通的 守护者 重甲 铠甲,83,65,62555,0,0,8,0,0,8,0,0
1736,图案: 高级的 守护者 重甲 铠甲,83,66,62556,0,0,8,0,0,8,0,0
1737,图案: 高级的 守护者 重甲 铠甲,83,67,62557,0,0,8,0,0,8,0,0
1738,图案: 稀贵的 守护者 重甲 铠甲,83,68,62558,0,0,8,0,0,8,0,0
1739,图案: 稀贵的 守护者 重甲 铠甲,83,69,62559,0,0,8,0,0,8,0,0
1740,图案: 特别的 守护者 重甲 铠甲,83,70,62560,0,0,8,0,0,8,0,0
1741,图案: 特别的 守护者 重甲 铠甲,83,71,62561,0,0,8,0,0,8,0,0
1742,图案: 陈旧的 守护者 重甲 穿甲胄,83,72,62853,0,0,8,0,0,8,0,0
1743,图案: 普通的 守护者 重甲 穿甲胄,83,73,62854,0,0,8,0,0,8,0,0
1744,图案: 普通的 守护者 重甲 穿甲胄,83,74,62855,0,0,8,0,0,8,0,0
1745,图案: 高级的 守护者 重甲 穿甲胄,83,75,62856,0,0,8,0,0,8,0,0
1746,图案: 高级的 守护者 重甲 穿甲胄,83,76,62857,0,0,8,0,0,8,0,0
1747,图案: 稀贵的 守护者 重甲 穿甲胄,83,77,62858,0,0,8,0,0,8,0,0
1748,图案: 稀贵的 守护者 重甲 穿甲胄,83,78,62859,0,0,8,0,0,8,0,0
1749,图案: 特别的 守护者 重甲 穿甲胄,83,79,62860,0,0,8,0,0,8,0,0
1750,图案: 特别的 守护者 重甲 穿甲胄,83,80,62861,0,0,8,0,0,8,0,0
1751,图案: 陈旧的 守护者重甲 腿铠甲,83,81,63153,0,0,8,0,0,8,0,0
1752,图案: 普通的 守护者重甲 腿铠甲,83,82,63154,0,0,8,0,0,8,0,0
1753,图案: 普通的 守护者重甲 腿铠甲,83,83,63155,0,0,8,0,0,8,0,0
1754,图案: 高级的 守护者重甲 腿铠甲,83,84,63156,0,0,8,0,0,8,0,0
1755,图案: 高级的 守护者重甲 腿铠甲,83,85,63157,0,0,8,0,0,8,0,0
1756,图案: 稀贵的 守护者重甲 腿铠甲,83,86,63158,0,0,8,0,0,8,0,0
1757,图案: 稀贵的 守护者重甲 腿铠甲,83,87,63159,0,0,8,0,0,8,0,0
1758,图案: 特别的 守护者重甲 腿铠甲,83,88,63160,0,0,8,0,0,8,0,0
1759,图案: 特别的 守护者重甲 腿铠甲,83,89,63161,0,0,8,0,0,8,0,0
1760,图案: 陈旧的 守护者 重甲 高筒靴,83,90,63453,0,0,8,0,0,8,0,0
1761,图案: 普通的 守护者 重甲 高筒靴,83,91,63454,0,0,8,0,0,8,0,0
1762,图案: 普通的 守护者 重甲 高筒靴,83,92,63455,0,0,8,0,0,8,0,0
1763,图案: 高级的 守护者 重甲 高筒靴,83,93,63456,0,0,8,0,0,8,0,0
1764,图案: 高级的 守护者 重甲 高筒靴,83,94,63457,0,0,8,0,0,8,0,0
1765,图案: 稀贵的 守护者 重甲 高筒靴,83,95,63458,0,0,8,0,0,8,0,0
1766,图案: 稀贵的 守护者 重甲 高筒靴,83,96,63459,0,0,8,0,0,8,0,0
1767,图案: 特别的 守护者 重甲 高筒靴,83,97,63460,0,0,8,0,0,8,0,0
1768,图案: 特别的 守护者 重甲 高筒靴,83,98,63461,0,0,8,0,0,8,0,0
1769,图案: 陈旧的 守护者 披风,83,99,63553,0,0,8,0,0,8,0,0
1770,图案: 普通的 守护者 披风,83,100,63554,0,0,8,0,0,8,0,0
1771,图案: 普通的 守护者 披风,83,101,63555,0,0,8,0,0,8,0,0
1772,图案: 高级的 守护者 披风,83,102,63556,0,0,8,0,0,8,0,0
1773,图案: 高级的 守护者 披风,83,103,63557,0,0,8,0,0,8,0,0
1774,图案: 稀贵的 守护者 披风,83,104,63558,0,0,8,0,0,8,0,0
1775,图案: 稀贵的 守护者 披风,83,105,63559,0,0,8,0,0,8,0,0
1776,图案: 特别的 守护者 披风,83,106,63560,0,0,8,0,0,8,0,0
1777,图案: 特别的 守护者 披风,83,107,63561,0,0,8,0,0,8,0,0
1778,粘合剂,90,0,42210,0,0,8,0,0,8,0,0
1779,弹力剂,90,1,42211,0,0,8,0,0,8,0,0
1780,图案:厚厚的护头具,90,2,65000,0,0,8,0,0,8,0,0
1781,图案:修道的护头具,90,3,65001,0,0,8,0,0,8,0,0
1782,图案:探索的护头具,90,4,65002,0,0,8,0,0,8,0,0
1783,图案:修道的护头具,90,5,65003,0,0,8,0,0,8,0,0
1784,图案:探索的护头具,90,6,65004,0,0,8,0,0,8,0,0
1785,图案:厚厚的心脏守护者具,90,7,65300,0,0,8,0,0,8,0,0
1786,图案:修道的心脏守护者具,90,8,65301,0,0,8,0,0,8,0,0
1787,图案:探索的心脏守护者具,90,9,65302,0,0,8,0,0,8,0,0
1788,图案:修道的心脏守护者具,90,10,65303,0,0,8,0,0,8,0,0
1789,图案:探索的心脏守护者具,90,11,65304,0,0,8,0,0,8,0,0
1790,图案:厚厚的护手具,90,12,65600,0,0,8,0,0,8,0,0
1791,图案:修道的护手具,90,13,65601,0,0,8,0,0,8,0,0
1792,图案:探索的护手具,90,14,65602,0,0,8,0,0,8,0,0
1793,图案:修道的护手具,90,15,65603,0,0,8,0,0,8,0,0
1794,图案:探索的护手具,90,16,65604,0,0,8,0,0,8,0,0
1795,图案:厚厚的 护腿具,90,17,65900,0,0,8,0,0,8,0,0
1796,图案:修道的 护腿具,90,18,65901,0,0,8,0,0,8,0,0
1797,图案:探索的 护腿具,90,19,65902,0,0,8,0,0,8,0,0
1798,图案:修道的 护腿具,90,20,65903,0,0,8,0,0,8,0,0
1799,图案:探索的 护腿具,90,21,65904,0,0,8,0,0,8,0,0
1800,图案:厚厚的 护脚具,90,22,66200,0,0,8,0,0,8,0,0
1801,图案:修道的 护脚具,90,23,66201,0,0,8,0,0,8,0,0
1802,图案:探索的 护脚具,90,24,66202,0,0,8,0,0,8,0,0
1803,图案:修道的 护脚具,90,25,66203,0,0,8,0,0,8,0,0
1804,图案:探索的 护脚具,90,26,66204,0,0,8,0,0,8,0,0
1805,图案: 强化的护头具,90,27,65007,0,0,8,0,0,8,0,0
1806,图案: 自费的护头具,90,28,65008,0,0,8,0,0,8,0,0
1807,图案: 学习的护头具,90,29,65009,0,0,8,0,0,8,0,0
1808,图案: 自费的护头具,90,30,65010,0,0,8,0,0,8,0,0
1809,图案: 学习的护头具,90,31,65011,0,0,8,0,0,8,0,0
1810,图案: 自费的护头具,90,32,65012,0,0,8,0,0,8,0,0
1811,图案: 学习的护头具,90,33,65013,0,0,8,0,0,8,0,0
1812,图案: 强化的强化的护胸,90,34,65307,0,0,8,0,0,8,0,0
1813,图案: 自费的心脏守护者具,90,35,65308,0,0,8,0,0,8,0,0
1814,图案: 学习的心脏守护者具,90,36,65309,0,0,8,0,0,8,0,0
1815,图案: 自费的心脏守护者具,90,37,65310,0,0,8,0,0,8,0,0
1816,图案: 学习的心脏守护者具,90,38,65311,0,0,8,0,0,8,0,0
1817,图案: 自费的心脏守护者具,90,39,65312,0,0,8,0,0,8,0,0
1818,图案: 学习的心脏守护者具,90,40,65313,0,0,8,0,0,8,0,0
1819,图案: 强化的护手具,90,41,65607,0,0,8,0,0,8,0,0
1820,图案: 自费的护手具,90,42,65608,0,0,8,0,0,8,0,0
1821,图案: 学习的护手具,90,43,65609,0,0,8,0,0,8,0,0
1822,图案: 自费的护手具,90,44,65610,0,0,8,0,0,8,0,0
1823,图案: 学习的护手具,90,45,65611,0,0,8,0,0,8,0,0
1824,图案: 自费的护手具,90,46,65612,0,0,8,0,0,8,0,0
1825,图案: 学习的护手具,90,47,65613,0,0,8,0,0,8,0,0
1826,图案: 强化的护腿具,90,48,65907,0,0,8,0,0,8,0,0
1827,图案: 自费的 护腿具,90,49,65908,0,0,8,0,0,8,0,0
1828,图案: 学习的 护腿具,90,50,65909,0,0,8,0,0,8,0,0
1829,图案: 自费的 护腿具,90,51,65910,0,0,8,0,0,8,0,0
1830,图案: 学习的 护腿具,90,52,65911,0,0,8,0,0,8,0,0
1831,图案: 自费的 护腿具,90,53,65912,0,0,8,0,0,8,0,0
1832,图案: 学习的 护腿具,90,54,65913,0,0,8,0,0,8,0,0
1833,图案: 强化的护脚具,90,55,66207,0,0,8,0,0,8,0,0
1834,图案: 自费的 护脚具,90,56,66208,0,0,8,0,0,8,0,0
1835,图案: 学习的 护脚具,90,57,66209,0,0,8,0,0,8,0,0
1836,图案: 自费的 护脚具,90,58,66210,0,0,8,0,0,8,0,0
1837,图案: 学习的 护脚具,90,59,66211,0,0,8,0,0,8,0,0
1838,图案: 自费的 护脚具,90,60,66212,0,0,8,0,0,8,0,0
1839,图案: 学习的 护脚具,90,61,66213,0,0,8,0,0,8,0,0
1840,粘合剂,91,0,42210,0,0,8,0,0,8,0,0
1841,弹力剂,91,1,42211,0,0,8,0,0,8,0,0
1842,图案: 有光泽的护头具,91,2,65014,0,0,8,0,0,8,0,0
1843,图案: 信徒的护头具,91,3,65015,0,0,8,0,0,8,0,0
1844,图案: 监视的护头具,91,4,65016,0,0,8,0,0,8,0,0
1845,图案: 信徒的护头具,91,5,65017,0,0,8,0,0,8,0,0
1846,图案: 监视的护头具,91,6,65018,0,0,8,0,0,8,0,0
1847,图案: 信徒的护头具,91,7,65019,0,0,8,0,0,8,0,0
1848,图案: 监视的护头具,91,8,65020,0,0,8,0,0,8,0,0
1849,图案: 有光泽的心脏守护者具,91,9,65314,0,0,8,0,0,8,0,0
1850,图案: 信徒的心脏守护者具,91,10,65315,0,0,8,0,0,8,0,0
1851,图案: 监视的心脏守护者具,91,11,65316,0,0,8,0,0,8,0,0
1852,图案: 信徒的心脏守护者具,91,12,65317,0,0,8,0,0,8,0,0
1853,图案: 监视的心脏守护者具,91,13,65318,0,0,8,0,0,8,0,0
1854,图案: 信徒的心脏守护者具,91,14,65319,0,0,8,0,0,8,0,0
1855,图案: 监视的心脏守护者具,91,15,65320,0,0,8,0,0,8,0,0
1856,图案: 有光泽的护手具,91,16,65614,0,0,8,0,0,8,0,0
1857,图案: 信徒的护手具,91,17,65615,0,0,8,0,0,8,0,0
1858,图案: 监视的护手具,91,18,65616,0,0,8,0,0,8,0,0
1859,图案: 信徒的护手具,91,19,65617,0,0,8,0,0,8,0,0
1860,图案: 监视的护手具,91,20,65618,0,0,8,0,0,8,0,0
1861,图案: 信徒的护手具,91,21,65619,0,0,8,0,0,8,0,0
1862,图案: 监视的护手具,91,22,65620,0,0,8,0,0,8,0,0
1863,图案: 有光泽的 护腿具,91,23,65914,0,0,8,0,0,8,0,0
1864,图案: 信徒的 护腿具,91,24,65915,0,0,8,0,0,8,0,0
1865,图案: 监视的 护腿具,91,25,65916,0,0,8,0,0,8,0,0
1866,图案: 信徒的 护腿具,91,26,65917,0,0,8,0,0,8,0,0
1867,图案: 监视的 护腿具,91,27,65918,0,0,8,0,0,8,0,0
1868,图案: 信徒的 护腿具,91,28,65919,0,0,8,0,0,8,0,0
1869,图案: 监视的 护腿具,91,29,65920,0,0,8,0,0,8,0,0
1870,图案: 有光泽的 护脚具,91,30,66214,0,0,8,0,0,8,0,0
1871,图案: 信徒的 护脚具,91,31,66215,0,0,8,0,0,8,0,0
1872,图案: 监视的 护脚具,91,32,66216,0,0,8,0,0,8,0,0
1873,图案: 信徒的 护脚具,91,33,66217,0,0,8,0,0,8,0,0
1874,图案: 监视的 护脚具,91,34,66218,0,0,8,0,0,8,0,0
1875,图案: 信徒的 护脚具,91,35,66219,0,0,8,0,0,8,0,0
1876,图案: 监视的 护脚具,91,36,66220,0,0,8,0,0,8,0,0
1877,图案: 值得信赖的护头具,91,37,65021,0,0,8,0,0,8,0,0
1878,图案: 预言者的护头具,91,38,65022,0,0,8,0,0,8,0,0
1879,图案: 先见者的护头具,91,39,65023,0,0,8,0,0,8,0,0
1880,图案: 预言者的护头具,91,40,65024,0,0,8,0,0,8,0,0
1881,图案: 先见者的护头具,91,41,65025,0,0,8,0,0,8,0,0
1882,图案: 预言者的护头具,91,42,65026,0,0,8,0,0,8,0,0
1883,图案: 先见者的护头具,91,43,65027,0,0,8,0,0,8,0,0
1884,图案: 值得信赖的心脏守护者具,91,44,65321,0,0,8,0,0,8,0,0
1885,图案: 预言者的心脏守护者具,91,45,65322,0,0,8,0,0,8,0,0
1886,图案: 先见者的心脏守护者具,91,46,65323,0,0,8,0,0,8,0,0
1887,图案: 预言者的心脏守护者具,91,47,65324,0,0,8,0,0,8,0,0
1888,图案: 先见者的心脏守护者具,91,48,65325,0,0,8,0,0,8,0,0
1889,图案: 预言者的心脏守护者具,91,49,65326,0,0,8,0,0,8,0,0
1890,图案: 先见者的心脏守护者具,91,50,65327,0,0,8,0,0,8,0,0
1891,图案: 值得信赖的护手具,91,51,65621,0,0,8,0,0,8,0,0
1892,图案: 预言者的护手具,91,52,65622,0,0,8,0,0,8,0,0
1893,图案: 先见者的护手具,91,53,65623,0,0,8,0,0,8,0,0
1894,图案: 预言者的护手具,91,54,65624,0,0,8,0,0,8,0,0
1895,图案: 先见者的护手具,91,55,65625,0,0,8,0,0,8,0,0
1896,图案: 预言者的护手具,91,56,65626,0,0,8,0,0,8,0,0
1897,图案: 先见者的护手具,91,57,65627,0,0,8,0,0,8,0,0
1898,图案: 值得信赖的 护腿具,91,58,65921,0,0,8,0,0,8,0,0
1899,图案: 预言者的 护腿具,91,59,65922,0,0,8,0,0,8,0,0
1900,图案: 先见者的 护腿具,91,60,65923,0,0,8,0,0,8,0,0
1901,图案: 预言者的 护腿具,91,61,65924,0,0,8,0,0,8,0,0
1902,图案: 先见者的 护腿具,91,62,65925,0,0,8,0,0,8,0,0
1903,图案: 预言者的 护腿具,91,63,65926,0,0,8,0,0,8,0,0
1904,图案: 先见者的 护腿具,91,64,65927,0,0,8,0,0,8,0,0
1905,图案: 值得信赖的 护脚具,91,65,66221,0,0,8,0,0,8,0,0
1906,图案: 预言者的 护脚具,91,66,66222,0,0,8,0,0,8,0,0
1907,图案: 先见者的 护脚具,91,67,66223,0,0,8,0,0,8,0,0
1908,图案: 预言者的 护脚具,91,68,66224,0,0,8,0,0,8,0,0
1909,图案: 先见者的 护脚具,91,69,66225,0,0,8,0,0,8,0,0
1910,图案: 预言者的 护脚具,91,70,66226,0,0,8,0,0,8,0,0
1911,图案: 先见者的 护脚具,91,71,66227,0,0,8,0,0,8,0,0
1912,粘合剂,92,0,42210,0,0,8,0,0,8,0,0
1913,弹力剂,92,1,42211,0,0,8,0,0,8,0,0
1914,图案: 神秘的护头具,92,2,65028,0,0,8,0,0,8,0,0
1915,图案: 信徒的护头具,92,3,65029,0,0,8,0,0,8,0,0
1916,图案: 学者的护头具,92,4,65030,0,0,8,0,0,8,0,0
1917,图案: 信徒的护头具,92,5,65031,0,0,8,0,0,8,0,0
1918,图案: 学者的护头具,92,6,65032,0,0,8,0,0,8,0,0
1919,图案: 信徒的护头具,92,7,65033,0,0,8,0,0,8,0,0
1920,图案: 学者的护头具,92,8,65034,0,0,8,0,0,8,0,0
1921,图案: 神秘的心脏守护者具,92,9,65328,0,0,8,0,0,8,0,0
1922,图案: 信徒的心脏守护者具,92,10,65329,0,0,8,0,0,8,0,0
1923,图案: 学者的心脏守护者具,92,11,65330,0,0,8,0,0,8,0,0
1924,图案: 信徒的心脏守护者具,92,12,65331,0,0,8,0,0,8,0,0
1925,图案: 学者的心脏守护者具,92,13,65332,0,0,8,0,0,8,0,0
1926,图案: 信徒的心脏守护者具,92,14,65333,0,0,8,0,0,8,0,0
1927,图案: 学者的心脏守护者具,92,15,65334,0,0,8,0,0,8,0,0
1928,图案: 神秘的护手具,92,16,65628,0,0,8,0,0,8,0,0
1929,图案: 信徒的护手具,92,17,65629,0,0,8,0,0,8,0,0
1930,图案: 学者的护手具,92,18,65630,0,0,8,0,0,8,0,0
1931,图案: 信徒的护手具,92,19,65631,0,0,8,0,0,8,0,0
1932,图案: 学者的护手具,92,20,65632,0,0,8,0,0,8,0,0
1933,图案: 信徒的护手具,92,21,65633,0,0,8,0,0,8,0,0
1934,图案: 学者的护手具,92,22,65634,0,0,8,0,0,8,0,0
1935,图案: 神秘的 护腿具,92,23,65928,0,0,8,0,0,8,0,0
1936,图案: 信徒的 护腿具,92,24,65929,0,0,8,0,0,8,0,0
1937,图案: 学者的 护腿具,92,25,65930,0,0,8,0,0,8,0,0
1938,图案: 信徒的 护腿具,92,26,65931,0,0,8,0,0,8,0,0
1939,图案: 学者的 护腿具,92,27,65932,0,0,8,0,0,8,0,0
1940,图案: 信徒的 护腿具,92,28,65933,0,0,8,0,0,8,0,0
1941,图案: 学者的 护腿具,92,29,65934,0,0,8,0,0,8,0,0
1942,图案: 神秘的 护脚具,92,30,66228,0,0,8,0,0,8,0,0
1943,图案: 信徒的 护脚具,92,31,66229,0,0,8,0,0,8,0,0
1944,图案: 学者的 护脚具,92,32,66230,0,0,8,0,0,8,0,0
1945,图案: 信徒的 护脚具,92,33,66231,0,0,8,0,0,8,0,0
1946,图案: 学者的 护脚具,92,34,66232,0,0,8,0,0,8,0,0
1947,图案: 信徒的 护脚具,92,35,66233,0,0,8,0,0,8,0,0
1948,图案: 学者的 护脚具,92,36,66234,0,0,8,0,0,8,0,0
1949,图案: 凝结的护头具,92,37,65035,0,0,8,0,0,8,0,0
1950,图案: 治愈师的护头具,92,38,65036,0,0,8,0,0,8,0,0
1951,图案: 魔术师的护头具,92,39,65037,0,0,8,0,0,8,0,0
1952,图案: 治愈师的护头具,92,40,65038,0,0,8,0,0,8,0,0
1953,图案: 魔术师的护头具,92,41,65039,0,0,8,0,0,8,0,0
1954,图案: 治愈师的护头具,92,42,65040,0,0,8,0,0,8,0,0
1955,图案: 魔术师的护头具,92,43,65041,0,0,8,0,0,8,0,0
1956,图案: 治愈师的护头具,92,44,65042,0,0,8,0,0,8,0,0
1957,图案: 魔术师的护头具,92,45,65043,0,0,8,0,0,8,0,0
1958,图案: 凝结的心脏守护者具,92,46,65335,0,0,8,0,0,8,0,0
1959,图案: 治愈师的心脏守护者具,92,47,65336,0,0,8,0,0,8,0,0
1960,图案: 魔术师的心脏守护者具,92,48,65337,0,0,8,0,0,8,0,0
1961,图案: 治愈师的心脏守护者具,92,49,65338,0,0,8,0,0,8,0,0
1962,图案: 魔术师的心脏守护者具,92,50,65339,0,0,8,0,0,8,0,0
1963,图案: 治愈师的心脏守护者具,92,51,65340,0,0,8,0,0,8,0,0
1964,图案: 魔术师的心脏守护者具,92,52,65341,0,0,8,0,0,8,0,0
1965,图案: 治愈师的心脏守护者具,92,53,65342,0,0,8,0,0,8,0,0
1966,图案: 魔术师的心脏守护者具,92,54,65343,0,0,8,0,0,8,0,0
1967,图案: 凝结的护手具,92,55,65635,0,0,8,0,0,8,0,0
1968,图案: 治愈师的护手具,92,56,65636,0,0,8,0,0,8,0,0
1969,图案: 魔术师的护手具,92,57,65637,0,0,8,0,0,8,0,0
1970,图案: 治愈师的护手具,92,58,65638,0,0,8,0,0,8,0,0
1971,图案: 魔术师的护手具,92,59,65639,0,0,8,0,0,8,0,0
1972,图案: 治愈师的护手具,92,60,65640,0,0,8,0,0,8,0,0
1973,图案: 魔术师的护手具,92,61,65641,0,0,8,0,0,8,0,0
1974,图案: 治愈师的护手具,92,62,65642,0,0,8,0,0,8,0,0
1975,图案: 魔术师的护手具,92,63,65643,0,0,8,0,0,8,0,0
1976,图案: 凝结的 护腿具,92,64,65935,0,0,8,0,0,8,0,0
1977,图案: 治愈师的 护腿具,92,65,65936,0,0,8,0,0,8,0,0
1978,图案: 魔术师的 护腿具,92,66,65937,0,0,8,0,0,8,0,0
1979,图案: 治愈师的 护腿具,92,67,65938,0,0,8,0,0,8,0,0
1980,图案: 魔术师的 护腿具,92,68,65939,0,0,8,0,0,8,0,0
1981,图案: 治愈师的 护腿具,92,69,65940,0,0,8,0,0,8,0,0
1982,图案: 魔术师的 护腿具,92,70,65941,0,0,8,0,0,8,0,0
1983,图案: 治愈师的 护腿具,92,71,65942,0,0,8,0,0,8,0,0
1984,图案: 魔术师的 护腿具,92,72,65943,0,0,8,0,0,8,0,0
1985,图案: 凝结的 护脚具,92,73,66235,0,0,8,0,0,8,0,0
1986,图案: 治愈师的 护脚具,92,74,66236,0,0,8,0,0,8,0,0
1987,图案: 魔术师的 护脚具,92,75,66237,0,0,8,0,0,8,0,0
1988,图案: 治愈师的 护脚具,92,76,66238,0,0,8,0,0,8,0,0
1989,图案: 魔术师的 护脚具,92,77,66239,0,0,8,0,0,8,0,0
1990,图案: 治愈师的 护脚具,92,78,66240,0,0,8,0,0,8,0,0
1991,图案: 魔术师的 护脚具,92,79,66241,0,0,8,0,0,8,0,0
1992,图案: 治愈师的 护脚具,92,80,66242,0,0,8,0,0,8,0,0
1993,图案: 魔术师的 护脚具,92,81,66243,0,0,8,0,0,8,0,0
1994,图案: 阳光 披风,92,82,66535,0,0,8,0,0,8,0,0
1995,图案: 悲痛的 披风,92,83,66536,0,0,8,0,0,8,0,0
1996,图案: 深渊的 披风,92,84,66537,0,0,8,0,0,8,0,0
1997,图案: 悲痛的 披风,92,85,66538,0,0,8,0,0,8,0,0
1998,图案: 深渊的 披风,92,86,66539,0,0,8,0,0,8,0,0
1999,图案: 悲痛的 披风,92,87,66540,0,0,8,0,0,8,0,0
2000,图案: 深渊的 披风,92,88,66541,0,0,8,0,0,8,0,0
2001,图案: 悲痛的 披风,92,89,66542,0,0,8,0,0,8,0,0
2002,图案: 深渊的 披风,92,90,66543,0,0,8,0,0,8,0,0
2003,图案: 陈旧的 忍耐的马甲 头部守护者具,93,0,65044,0,0,8,0,0,8,0,0
2004,图案: 普通的 忍耐的马甲 头部守护者具,93,1,65045,0,0,8,0,0,8,0,0
2005,图案: 普通的 忍耐的马甲 头部守护者具,93,2,65046,0,0,8,0,0,8,0,0
2006,图案: 高级的 忍耐的马甲 头部守护者具,93,3,65047,0,0,8,0,0,8,0,0
2007,图案: 高级的 忍耐的马甲 头部守护者具,93,4,65048,0,0,8,0,0,8,0,0
2008,图案: 稀贵的 忍耐的马甲 头部守护者具,93,5,65049,0,0,8,0,0,8,0,0
2009,图案: 稀贵的 忍耐的马甲 头部守护者具,93,6,65050,0,0,8,0,0,8,0,0
2010,图案: 特别的 忍耐的马甲 头部守护者具,93,7,65051,0,0,8,0,0,8,0,0
2011,图案: 特别的 忍耐的马甲 头部守护者具,93,8,65052,0,0,8,0,0,8,0,0
2012,图案: 陈旧的 忍耐的马甲 心脏守护者具,93,9,65344,0,0,8,0,0,8,0,0
2013,图案: 普通的 忍耐的马甲 心脏守护者具,93,10,65345,0,0,8,0,0,8,0,0
2014,图案: 普通的 忍耐的马甲 心脏守护者具,93,11,65346,0,0,8,0,0,8,0,0
2015,图案: 高级的 忍耐的马甲 心脏守护者具,93,12,65347,0,0,8,0,0,8,0,0
2016,图案: 高级的 忍耐的马甲 心脏守护者具,93,13,65348,0,0,8,0,0,8,0,0
2017,图案: 稀贵的 忍耐的马甲 心脏守护者具,93,14,65349,0,0,8,0,0,8,0,0
2018,图案: 稀贵的 忍耐的马甲 心脏守护者具,93,15,65350,0,0,8,0,0,8,0,0
2019,图案: 特别的 忍耐的马甲 心脏守护者具,93,16,65351,0,0,8,0,0,8,0,0
2020,图案: 特别的 忍耐的马甲 心脏守护者具,93,17,65352,0,0,8,0,0,8,0,0
2021,图案: 陈旧的 忍耐的 马甲护手具,93,18,65644,0,0,8,0,0,8,0,0
2022,图案: 普通的 忍耐的 马甲护手具,93,19,65645,0,0,8,0,0,8,0,0
2023,图案: 普通的 忍耐的 马甲护手具,93,20,65646,0,0,8,0,0,8,0,0
2024,图案: 高级的 忍耐的 马甲护手具,93,21,65647,0,0,8,0,0,8,0,0
2025,图案: 高级的 忍耐的 马甲护手具,93,22,65648,0,0,8,0,0,8,0,0
2026,图案: 稀贵的 忍耐的 马甲护手具,93,23,65649,0,0,8,0,0,8,0,0
2027,图案: 稀贵的 忍耐的 马甲护手具,93,24,65650,0,0,8,0,0,8,0,0
2028,图案: 特别的 忍耐的 马甲护手具,93,25,65651,0,0,8,0,0,8,0,0
2029,图案: 特别的 忍耐的 马甲护手具,93,26,65652,0,0,8,0,0,8,0,0
2030,图案: 陈旧的 忍耐的 马甲 护腿具,93,27,65944,0,0,8,0,0,8,0,0
2031,图案: 普通的 忍耐的 马甲 护腿具,93,28,65945,0,0,8,0,0,8,0,0
2032,图案: 普通的 忍耐的 马甲 护腿具,93,29,65946,0,0,8,0,0,8,0,0
2033,图案: 高级的 忍耐的 马甲 护腿具,93,30,65947,0,0,8,0,0,8,0,0
2034,图案: 高级的 忍耐的 马甲 护腿具,93,31,65948,0,0,8,0,0,8,0,0
2035,图案: 稀贵的 忍耐的 马甲 护腿具,93,32,65949,0,0,8,0,0,8,0,0
2036,图案: 稀贵的 忍耐的 马甲 护腿具,93,33,65950,0,0,8,0,0,8,0,0
2037,图案: 特别的 忍耐的 马甲 护腿具,93,34,65951,0,0,8,0,0,8,0,0
2038,图案: 特别的 忍耐的 马甲 护腿具,93,35,65952,0,0,8,0,0,8,0,0
2039,图案: 陈旧的 忍耐的马甲 护脚具,93,36,66244,0,0,8,0,0,8,0,0
2040,图案: 普通的 忍耐的马甲 护脚具,93,37,66245,0,0,8,0,0,8,0,0
2041,图案: 普通的 忍耐的马甲 护脚具,93,38,66246,0,0,8,0,0,8,0,0
2042,图案: 高级的 忍耐的马甲 护脚具,93,39,66247,0,0,8,0,0,8,0,0
2043,图案: 高级的 忍耐的马甲 护脚具,93,40,66248,0,0,8,0,0,8,0,0
2044,图案: 稀贵的 忍耐的马甲 护脚具,93,41,66249,0,0,8,0,0,8,0,0
2045,图案: 稀贵的 忍耐的马甲 护脚具,93,42,66250,0,0,8,0,0,8,0,0
2046,图案: 特别的 忍耐的马甲 护脚具,93,43,66251,0,0,8,0,0,8,0,0
2047,图案: 特别的 忍耐的马甲 护脚具,93,44,66252,0,0,8,0,0,8,0,0
2048,图案: 陈旧的 忍耐的 披风,93,45,66544,0,0,8,0,0,8,0,0
2049,图案: 普通的 忍耐的 披风,93,46,66545,0,0,8,0,0,8,0,0
2050,图案: 普通的 忍耐的 披风,93,47,66546,0,0,8,0,0,8,0,0
2051,图案: 高级的 忍耐的 披风,93,48,66547,0,0,8,0,0,8,0,0
2052,图案: 高级的 忍耐的 披风,93,49,66548,0,0,8,0,0,8,0,0
2053,图案: 稀贵的 忍耐的 披风,93,50,66549,0,0,8,0,0,8,0,0
2054,图案: 稀贵的 忍耐的 披风,93,51,66550,0,0,8,0,0,8,0,0
2055,图案: 特别的 忍耐的 披风,93,52,66551,0,0,8,0,0,8,0,0
2056,图案: 特别的 忍耐的 披风,93,53,66552,0,0,8,0,0,8,0,0
2057,图案: 陈旧的 守护者马甲 头部守护者具,93,54,65053,0,0,8,0,0,8,0,0
2058,图案: 普通的 守护者马甲 头部守护者具,93,55,65054,0,0,8,0,0,8,0,0
2059,图案: 普通的 守护者马甲 头部守护者具,93,56,65055,0,0,8,0,0,8,0,0
2060,图案: 高级的 守护者马甲 头部守护者具,93,57,65056,0,0,8,0,0,8,0,0
2061,图案: 高级的 守护者马甲 头部守护者具,93,58,65057,0,0,8,0,0,8,0,0
2062,图案: 稀贵的 守护者马甲 头部守护者具,93,59,65058,0,0,8,0,0,8,0,0
2063,图案: 稀贵的 守护者马甲 头部守护者具,93,60,65059,0,0,8,0,0,8,0,0
2064,图案: 特别的 守护者马甲 头部守护者具,93,61,65060,0,0,8,0,0,8,0,0
2065,图案: 特别的 守护者马甲 头部守护者具,93,62,65061,0,0,8,0,0,8,0,0
2066,图案: 陈旧的 守护者马甲 心脏守护者具,93,63,65353,0,0,8,0,0,8,0,0
2067,图案: 普通的 守护者马甲 心脏守护者具,93,64,65354,0,0,8,0,0,8,0,0
2068,图案: 普通的 守护者马甲 心脏守护者具,93,65,65355,0,0,8,0,0,8,0,0
2069,图案: 高级的 守护者马甲 心脏守护者具,93,66,65356,0,0,8,0,0,8,0,0
2070,图案: 高级的 守护者马甲 心脏守护者具,93,67,65357,0,0,8,0,0,8,0,0
2071,图案: 稀贵的 守护者马甲 心脏守护者具,93,68,65358,0,0,8,0,0,8,0,0
2072,图案: 稀贵的 守护者马甲 心脏守护者具,93,69,65359,0,0,8,0,0,8,0,0
2073,图案: 特别的 守护者马甲 心脏守护者具,93,70,65360,0,0,8,0,0,8,0,0
2074,图案: 特别的 守护者马甲 心脏守护者具,93,71,65361,0,0,8,0,0,8,0,0
2075,图案: 陈旧的 守护者 马甲护手具,93,72,65653,0,0,8,0,0,8,0,0
2076,图案: 普通的 守护者 马甲护手具,93,73,65654,0,0,8,0,0,8,0,0
2077,图案: 普通的 守护者 马甲护手具,93,74,65655,0,0,8,0,0,8,0,0
2078,图案: 高级的 守护者 马甲护手具,93,75,65656,0,0,8,0,0,8,0,0
2079,图案: 高级的 守护者 马甲护手具,93,76,65657,0,0,8,0,0,8,0,0
2080,图案: 稀贵的 守护者 马甲护手具,93,77,65658,0,0,8,0,0,8,0,0
2081,图案: 稀贵的 守护者 马甲护手具,93,78,65659,0,0,8,0,0,8,0,0
2082,图案: 特别的 守护者 马甲护手具,93,79,65660,0,0,8,0,0,8,0,0
2083,图案: 特别的 守护者 马甲护手具,93,80,65661,0,0,8,0,0,8,0,0
2084,图案: 陈旧的 守护者 马甲 护腿具,93,81,65953,0,0,8,0,0,8,0,0
2085,图案: 普通的 守护者 马甲 护腿具,93,82,65954,0,0,8,0,0,8,0,0
2086,图案: 普通的 守护者 马甲 护腿具,93,83,65955,0,0,8,0,0,8,0,0
2087,图案: 高级的 守护者 马甲 护腿具,93,84,65956,0,0,8,0,0,8,0,0
2088,图案: 高级的 守护者 马甲 护腿具,93,85,65957,0,0,8,0,0,8,0,0
2089,图案: 稀贵的 守护者 马甲 护腿具,93,86,65958,0,0,8,0,0,8,0,0
2090,图案: 稀贵的 守护者 马甲 护腿具,93,87,65959,0,0,8,0,0,8,0,0
2091,图案: 特别的 守护者 马甲 护腿具,93,88,65960,0,0,8,0,0,8,0,0
2092,图案: 特别的 守护者 马甲 护腿具,93,89,65961,0,0,8,0,0,8,0,0
2093,图案: 陈旧的 守护者马甲 护脚具,93,90,66253,0,0,8,0,0,8,0,0
2094,图案: 普通的 守护者马甲 护脚具,93,91,66254,0,0,8,0,0,8,0,0
2095,图案: 普通的 守护者马甲 护脚具,93,92,66255,0,0,8,0,0,8,0,0
2096,图案: 高级的 守护者马甲 护脚具,93,93,66256,0,0,8,0,0,8,0,0
2097,图案: 高级的 守护者马甲 护脚具,93,94,66257,0,0,8,0,0,8,0,0
2098,图案: 稀贵的 守护者马甲 护脚具,93,95,66258,0,0,8,0,0,8,0,0
2099,图案: 稀贵的 守护者马甲 护脚具,93,96,66259,0,0,8,0,0,8,0,0
2100,图案: 特别的 守护者马甲 护脚具,93,97,66260,0,0,8,0,0,8,0,0
2101,图案: 特别的 守护者马甲 护脚具,93,98,66261,0,0,8,0,0,8,0,0
2102,图案: 陈旧的 守护者 披风,93,99,66553,0,0,8,0,0,8,0,0
2103,图案: 普通的 守护者 披风,93,100,66554,0,0,8,0,0,8,0,0
2104,图案: 普通的 守护者 披风,93,101,66555,0,0,8,0,0,8,0,0
2105,图案: 高级的 守护者 披风,93,102,66556,0,0,8,0,0,8,0,0
2106,图案: 高级的 守护者 披风,93,103,66557,0,0,8,0,0,8,0,0
2107,图案: 稀贵的 守护者 披风,93,104,66558,0,0,8,0,0,8,0,0
2108,图案: 稀贵的 守护者 披风,93,105,66559,0,0,8,0,0,8,0,0
2109,图案: 特别的 守护者 披风,93,106,66560,0,0,8,0,0,8,0,0
2110,图案: 特别的 守护者 披风,93,107,66561,0,0,8,0,0,8,0,0
2111,粘合剂,100,0,42210,0,0,8,0,0,8,0,0
2112,弹力剂,100,1,42211,0,0,8,0,0,8,0,0
2113,图案:厚厚的 面具,100,2,65100,0,0,8,0,0,8,0,0
2114,图案: 机动队 面具,100,3,65101,0,0,8,0,0,8,0,0
2115,图案: 抢劫队 面具,100,4,65102,0,0,8,0,0,8,0,0
2116,图案: 机动队 面具,100,5,65103,0,0,8,0,0,8,0,0
2117,图案: 抢劫队 面具,100,6,65104,0,0,8,0,0,8,0,0
2118,图案:厚厚的 心脏守护者具,100,7,65400,0,0,8,0,0,8,0,0
2119,图案: 机动队 心脏守护者具,100,8,65401,0,0,8,0,0,8,0,0
2120,图案: 抢劫队 心脏守护者具,100,9,65402,0,0,8,0,0,8,0,0
2121,图案: 机动队 心脏守护者具,100,10,65403,0,0,8,0,0,8,0,0
2122,图案: 抢劫队 心脏守护者具,100,11,65404,0,0,8,0,0,8,0,0
2123,图案:厚厚的 穿甲胄,100,12,65700,0,0,8,0,0,8,0,0
2124,图案: 机动队 穿甲胄,100,13,65701,0,0,8,0,0,8,0,0
2125,图案: 抢劫队 穿甲胄,100,14,65702,0,0,8,0,0,8,0,0
2126,图案: 机动队 穿甲胄,100,15,65703,0,0,8,0,0,8,0,0
2127,图案: 抢劫队 穿甲胄,100,16,65704,0,0,8,0,0,8,0,0
2128,图案:厚厚的 腿部守护者具,100,17,66000,0,0,8,0,0,8,0,0
2129,图案: 机动队 腿部守护者具,100,18,66001,0,0,8,0,0,8,0,0
2130,图案: 抢劫队 腿部守护者具,100,19,66002,0,0,8,0,0,8,0,0
2131,图案: 机动队 腿部守护者具,100,20,66003,0,0,8,0,0,8,0,0
2132,图案: 抢劫队 腿部守护者具,100,21,66004,0,0,8,0,0,8,0,0
2133,图案:厚厚的 脚部守护者具,100,22,66300,0,0,8,0,0,8,0,0
2134,图案: 机动队 脚部守护者具,100,23,66301,0,0,8,0,0,8,0,0
2135,图案: 抢劫队 脚部守护者具,100,24,66302,0,0,8,0,0,8,0,0
2136,图案: 机动队 脚部守护者具,100,25,66303,0,0,8,0,0,8,0,0
2137,图案: 抢劫队 脚部守护者具,100,26,66304,0,0,8,0,0,8,0,0
2138,图案: 强化的 面具,100,27,65107,0,0,8,0,0,8,0,0
2139,图案: 防冲击 面具,100,28,65108,0,0,8,0,0,8,0,0
2140,图案: 惩罚的 面具,100,29,65109,0,0,8,0,0,8,0,0
2141,图案: 防冲击 面具,100,30,65110,0,0,8,0,0,8,0,0
2142,图案: 惩罚的 面具,100,31,65111,0,0,8,0,0,8,0,0
2143,图案: 防冲击 面具,100,32,65112,0,0,8,0,0,8,0,0
2144,图案: 惩罚的 面具,100,33,65113,0,0,8,0,0,8,0,0
2145,图案: 强化的 心脏守护者具,100,34,65407,0,0,8,0,0,8,0,0
2146,图案: 防冲击 心脏守护者具,100,35,65408,0,0,8,0,0,8,0,0
2147,图案: 惩罚的 心脏守护者具,100,36,65409,0,0,8,0,0,8,0,0
2148,图案: 防冲击 心脏守护者具,100,37,65410,0,0,8,0,0,8,0,0
2149,图案: 惩罚的 心脏守护者具,100,38,65411,0,0,8,0,0,8,0,0
2150,图案: 防冲击 心脏守护者具,100,39,65412,0,0,8,0,0,8,0,0
2151,图案: 惩罚的 心脏守护者具,100,40,65413,0,0,8,0,0,8,0,0
2152,图案: 强化的 穿甲胄,100,41,65707,0,0,8,0,0,8,0,0
2153,图案: 防冲击 穿甲胄,100,42,65708,0,0,8,0,0,8,0,0
2154,图案: 惩罚的 穿甲胄,100,43,65709,0,0,8,0,0,8,0,0
2155,图案: 防冲击 穿甲胄,100,44,65710,0,0,8,0,0,8,0,0
2156,图案: 惩罚的 穿甲胄,100,45,65711,0,0,8,0,0,8,0,0
2157,图案: 防冲击 穿甲胄,100,46,65712,0,0,8,0,0,8,0,0
2158,图案: 惩罚的 穿甲胄,100,47,65713,0,0,8,0,0,8,0,0
2159,图案: 强化的 腿部守护者具,100,48,66007,0,0,8,0,0,8,0,0
2160,图案: 防冲击 腿部守护者具,100,49,66008,0,0,8,0,0,8,0,0
2161,图案: 惩罚的 腿部守护者具,100,50,66009,0,0,8,0,0,8,0,0
2162,图案: 防冲击 腿部守护者具,100,51,66010,0,0,8,0,0,8,0,0
2163,图案: 惩罚的 腿部守护者具,100,52,66011,0,0,8,0,0,8,0,0
2164,图案: 防冲击 腿部守护者具,100,53,66012,0,0,8,0,0,8,0,0
2165,图案: 惩罚的 腿部守护者具,100,54,66013,0,0,8,0,0,8,0,0
2166,图案: 强化的 脚部守护者具,100,55,66307,0,0,8,0,0,8,0,0
2167,图案: 防冲击 脚部守护者具,100,56,66308,0,0,8,0,0,8,0,0
2168,图案: 惩罚的 脚部守护者具,100,57,66309,0,0,8,0,0,8,0,0
2169,图案: 防冲击 脚部守护者具,100,58,66310,0,0,8,0,0,8,0,0
2170,图案: 惩罚的 脚部守护者具,100,59,66311,0,0,8,0,0,8,0,0
2171,图案: 防冲击 脚部守护者具,100,60,66312,0,0,8,0,0,8,0,0
2172,图案: 惩罚的 脚部守护者具,100,61,66313,0,0,8,0,0,8,0,0
2173,粘合剂,101,0,42210,0,0,8,0,0,8,0,0
2174,弹力剂,101,1,42211,0,0,8,0,0,8,0,0
2175,图案: 有光泽的 面具,101,2,65114,0,0,8,0,0,8,0,0
2176,图案: 轻快的 面具,101,3,65115,0,0,8,0,0,8,0,0
2177,图案: 精密的 面具,101,4,65116,0,0,8,0,0,8,0,0
2178,图案: 轻快的 面具,101,5,65117,0,0,8,0,0,8,0,0
2179,图案: 精密的 面具,101,6,65118,0,0,8,0,0,8,0,0
2180,图案: 轻快的 面具,101,7,65119,0,0,8,0,0,8,0,0
2181,图案: 精密的 面具,101,8,65120,0,0,8,0,0,8,0,0
2182,图案: 有光泽的 心脏守护者具,101,9,65414,0,0,8,0,0,8,0,0
2183,图案: 轻快的 心脏守护者具,101,10,65415,0,0,8,0,0,8,0,0
2184,图案: 精密的 心脏守护者具,101,11,65416,0,0,8,0,0,8,0,0
2185,图案: 轻快的 心脏守护者具,101,12,65417,0,0,8,0,0,8,0,0
2186,图案: 精密的 心脏守护者具,101,13,65418,0,0,8,0,0,8,0,0
2187,图案: 轻快的 心脏守护者具,101,14,65419,0,0,8,0,0,8,0,0
2188,图案: 精密的 心脏守护者具,101,15,65420,0,0,8,0,0,8,0,0
2189,图案: 有光泽的 穿甲胄,101,16,65714,0,0,8,0,0,8,0,0
2190,图案: 轻快的 穿甲胄,101,17,65715,0,0,8,0,0,8,0,0
2191,图案: 精密的 穿甲胄,101,18,65716,0,0,8,0,0,8,0,0
2192,图案: 轻快的 穿甲胄,101,19,65717,0,0,8,0,0,8,0,0
2193,图案: 精密的 穿甲胄,101,20,65718,0,0,8,0,0,8,0,0
2194,图案: 轻快的 穿甲胄,101,21,65719,0,0,8,0,0,8,0,0
2195,图案: 精密的 穿甲胄,101,22,65720,0,0,8,0,0,8,0,0
2196,图案: 有光泽的 腿部守护者具,101,23,66014,0,0,8,0,0,8,0,0
2197,图案: 轻快的 腿部守护者具,101,24,66015,0,0,8,0,0,8,0,0
2198,图案: 精密的 腿部守护者具,101,25,66016,0,0,8,0,0,8,0,0
2199,图案: 轻快的 腿部守护者具,101,26,66017,0,0,8,0,0,8,0,0
2200,图案: 精密的 腿部守护者具,101,27,66018,0,0,8,0,0,8,0,0
2201,图案: 轻快的 腿部守护者具,101,28,66019,0,0,8,0,0,8,0,0
2202,图案: 精密的 腿部守护者具,101,29,66020,0,0,8,0,0,8,0,0
2203,图案: 有光泽的 脚部守护者具,101,30,66314,0,0,8,0,0,8,0,0
2204,图案: 轻快的 脚部守护者具,101,31,66315,0,0,8,0,0,8,0,0
2205,图案: 精密的 脚部守护者具,101,32,66316,0,0,8,0,0,8,0,0
2206,图案: 轻快的 脚部守护者具,101,33,66317,0,0,8,0,0,8,0,0
2207,图案: 精密的 脚部守护者具,101,34,66318,0,0,8,0,0,8,0,0
2208,图案: 轻快的 脚部守护者具,101,35,66319,0,0,8,0,0,8,0,0
2209,图案: 精密的 脚部守护者具,101,36,66320,0,0,8,0,0,8,0,0
2210,图案: 值得信赖的 面具,101,37,65121,0,0,8,0,0,8,0,0
2211,图案: 豹眼 面具,101,38,65122,0,0,8,0,0,8,0,0
2212,图案: 鹰爪 面具,101,39,65123,0,0,8,0,0,8,0,0
2213,图案: 豹眼 面具,101,40,65124,0,0,8,0,0,8,0,0
2214,图案: 鹰爪 面具,101,41,65125,0,0,8,0,0,8,0,0
2215,图案: 豹眼 面具,101,42,65126,0,0,8,0,0,8,0,0
2216,图案: 鹰爪 面具,101,43,65127,0,0,8,0,0,8,0,0
2217,图案: 值得信赖的 心脏守护者具,101,44,65421,0,0,8,0,0,8,0,0
2218,图案: 豹眼 心脏守护者具,101,45,65422,0,0,8,0,0,8,0,0
2219,图案: 鹰爪 心脏守护者具,101,46,65423,0,0,8,0,0,8,0,0
2220,图案: 豹眼 心脏守护者具,101,47,65424,0,0,8,0,0,8,0,0
2221,图案: 鹰爪 心脏守护者具,101,48,65425,0,0,8,0,0,8,0,0
2222,图案: 豹眼 心脏守护者具,101,49,65426,0,0,8,0,0,8,0,0
2223,图案: 鹰爪 心脏守护者具,101,50,65427,0,0,8,0,0,8,0,0
2224,图案: 值得信赖的 穿甲胄,101,51,65721,0,0,8,0,0,8,0,0
2225,图案: 豹眼 穿甲胄,101,52,65722,0,0,8,0,0,8,0,0
2226,图案: 鹰爪 穿甲胄,101,53,65723,0,0,8,0,0,8,0,0
2227,图案: 豹眼 穿甲胄,101,54,65724,0,0,8,0,0,8,0,0
2228,图案: 鹰爪 穿甲胄,101,55,65725,0,0,8,0,0,8,0,0
2229,图案: 豹眼 穿甲胄,101,56,65726,0,0,8,0,0,8,0,0
2230,图案: 鹰爪 穿甲胄,101,57,65727,0,0,8,0,0,8,0,0
2231,图案: 值得信赖的 腿部守护者具,101,58,66021,0,0,8,0,0,8,0,0
2232,图案: 豹眼 腿部守护者具,101,59,66022,0,0,8,0,0,8,0,0
2233,图案: 鹰爪 腿部守护者具,101,60,66023,0,0,8,0,0,8,0,0
2234,图案: 豹眼 腿部守护者具,101,61,66024,0,0,8,0,0,8,0,0
2235,图案: 鹰爪 腿部守护者具,101,62,66025,0,0,8,0,0,8,0,0
2236,图案: 豹眼 腿部守护者具,101,63,66026,0,0,8,0,0,8,0,0
2237,图案: 鹰爪 腿部守护者具,101,64,66027,0,0,8,0,0,8,0,0
2238,图案: 值得信赖的 脚部守护者具,101,65,66321,0,0,8,0,0,8,0,0
2239,图案: 豹眼 脚部守护者具,101,66,66322,0,0,8,0,0,8,0,0
2240,图案: 鹰爪 脚部守护者具,101,67,66323,0,0,8,0,0,8,0,0
2241,图案: 豹眼 脚部守护者具,101,68,66324,0,0,8,0,0,8,0,0
2242,图案: 鹰爪 脚部守护者具,101,69,66325,0,0,8,0,0,8,0,0
2243,图案: 豹眼 脚部守护者具,101,70,66326,0,0,8,0,0,8,0,0
2244,图案: 鹰爪 脚部守护者具,101,71,66327,0,0,8,0,0,8,0,0
2245,粘合剂,102,0,42210,0,0,8,0,0,8,0,0
2246,弹力剂,102,1,42211,0,0,8,0,0,8,0,0
2247,图案: 神秘的 面具,102,2,65128,0,0,8,0,0,8,0,0
2248,图案: 迅速的 面具,102,3,65129,0,0,8,0,0,8,0,0
2249,图案: 透视的 面具,102,4,65130,0,0,8,0,0,8,0,0
2250,图案: 迅速的 面具,102,5,65131,0,0,8,0,0,8,0,0
2251,图案: 透视的 面具,102,6,65132,0,0,8,0,0,8,0,0
2252,图案: 迅速的 面具,102,7,65133,0,0,8,0,0,8,0,0
2253,图案: 透视的 面具,102,8,65134,0,0,8,0,0,8,0,0
2254,图案: 神秘的 心脏守护者具,102,9,65428,0,0,8,0,0,8,0,0
2255,图案: 迅速的 心脏守护者具,102,10,65429,0,0,8,0,0,8,0,0
2256,图案: 透视的 心脏守护者具,102,11,65430,0,0,8,0,0,8,0,0
2257,图案: 迅速的 心脏守护者具,102,12,65431,0,0,8,0,0,8,0,0
2258,图案: 透视的 心脏守护者具,102,13,65432,0,0,8,0,0,8,0,0
2259,图案: 迅速的 心脏守护者具,102,14,65433,0,0,8,0,0,8,0,0
2260,图案: 透视的 心脏守护者具,102,15,65434,0,0,8,0,0,8,0,0
2261,图案: 神秘的 穿甲胄,102,16,65728,0,0,8,0,0,8,0,0
2262,图案: 迅速的 穿甲胄,102,17,65729,0,0,8,0,0,8,0,0
2263,图案: 透视的 穿甲胄,102,18,65730,0,0,8,0,0,8,0,0
2264,图案: 迅速的 穿甲胄,102,19,65731,0,0,8,0,0,8,0,0
2265,图案: 透视的 穿甲胄,102,20,65732,0,0,8,0,0,8,0,0
2266,图案: 迅速的 穿甲胄,102,21,65733,0,0,8,0,0,8,0,0
2267,图案: 透视的 穿甲胄,102,22,65734,0,0,8,0,0,8,0,0
2268,图案: 神秘的 腿部守护者具,102,23,66028,0,0,8,0,0,8,0,0
2269,图案: 迅速的 腿部守护者具,102,24,66029,0,0,8,0,0,8,0,0
2270,图案: 透视的 腿部守护者具,102,25,66030,0,0,8,0,0,8,0,0
2271,图案: 迅速的 腿部守护者具,102,26,66031,0,0,8,0,0,8,0,0
2272,图案: 透视的 腿部守护者具,102,27,66032,0,0,8,0,0,8,0,0
2273,图案: 迅速的 腿部守护者具,102,28,66033,0,0,8,0,0,8,0,0
2274,图案: 透视的 腿部守护者具,102,29,66034,0,0,8,0,0,8,0,0
2275,图案: 神秘的 脚部守护者具,102,30,66328,0,0,8,0,0,8,0,0
2276,图案: 迅速的 脚部守护者具,102,31,66329,0,0,8,0,0,8,0,0
2277,图案: 透视的 脚部守护者具,102,32,66330,0,0,8,0,0,8,0,0
2278,图案: 迅速的 脚部守护者具,102,33,66331,0,0,8,0,0,8,0,0
2279,图案: 透视的 脚部守护者具,102,34,66332,0,0,8,0,0,8,0,0
2280,图案: 迅速的 脚部守护者具,102,35,66333,0,0,8,0,0,8,0,0
2281,图案: 透视的 脚部守护者具,102,36,66334,0,0,8,0,0,8,0,0
2282,图案: 凝结的 面具,102,37,65135,0,0,8,0,0,8,0,0
2283,图案: 猎人的 面具,102,38,65136,0,0,8,0,0,8,0,0
2284,图案: 暗杀者的 面具,102,39,65137,0,0,8,0,0,8,0,0
2285,图案: 猎人的 面具,102,40,65138,0,0,8,0,0,8,0,0
2286,图案: 暗杀者的 面具,102,41,65139,0,0,8,0,0,8,0,0
2287,图案: 猎人的 面具,102,42,65140,0,0,8,0,0,8,0,0
2288,图案: 暗杀者的 面具,102,43,65141,0,0,8,0,0,8,0,0
2289,图案: 猎人的 面具,102,44,65142,0,0,8,0,0,8,0,0
2290,图案: 暗杀者的 面具,102,45,65143,0,0,8,0,0,8,0,0
2291,图案: 凝结的 心脏守护者具,102,46,65435,0,0,8,0,0,8,0,0
2292,图案: 猎人的 心脏守护者具,102,47,65436,0,0,8,0,0,8,0,0
2293,图案: 暗杀者的 心脏守护者具,102,48,65437,0,0,8,0,0,8,0,0
2294,图案: 猎人的 心脏守护者具,102,49,65438,0,0,8,0,0,8,0,0
2295,图案: 暗杀者的 心脏守护者具,102,50,65439,0,0,8,0,0,8,0,0
2296,图案: 猎人的 心脏守护者具,102,51,65440,0,0,8,0,0,8,0,0
2297,图案: 暗杀者的 心脏守护者具,102,52,65441,0,0,8,0,0,8,0,0
2298,图案: 猎人的 心脏守护者具,102,53,65442,0,0,8,0,0,8,0,0
2299,图案: 暗杀者的 心脏守护者具,102,54,65443,0,0,8,0,0,8,0,0
2300,图案: 凝结的 穿甲胄,102,55,65735,0,0,8,0,0,8,0,0
2301,图案: 猎人的 穿甲胄,102,56,65736,0,0,8,0,0,8,0,0
2302,图案: 暗杀者的 穿甲胄,102,57,65737,0,0,8,0,0,8,0,0
2303,图案: 猎人的 穿甲胄,102,58,65738,0,0,8,0,0,8,0,0
2304,图案: 暗杀者的 穿甲胄,102,59,65739,0,0,8,0,0,8,0,0
2305,图案: 猎人的 穿甲胄,102,60,65740,0,0,8,0,0,8,0,0
2306,图案: 暗杀者的 穿甲胄,102,61,65741,0,0,8,0,0,8,0,0
2307,图案: 猎人的 穿甲胄,102,62,65742,0,0,8,0,0,8,0,0
2308,图案: 暗杀者的 穿甲胄,102,63,65743,0,0,8,0,0,8,0,0
2309,图案: 凝结的 腿部守护者具,102,64,66035,0,0,8,0,0,8,0,0
2310,图案: 猎人的 腿部守护者具,102,65,66036,0,0,8,0,0,8,0,0
2311,图案: 暗杀者的 腿部守护者具,102,66,66037,0,0,8,0,0,8,0,0
2312,图案: 猎人的 腿部守护者具,102,67,66038,0,0,8,0,0,8,0,0
2313,图案: 暗杀者的 腿部守护者具,102,68,66039,0,0,8,0,0,8,0,0
2314,图案: 猎人的 腿部守护者具,102,69,66040,0,0,8,0,0,8,0,0
2315,图案: 暗杀者的 腿部守护者具,102,70,66041,0,0,8,0,0,8,0,0
2316,图案: 猎人的 腿部守护者具,102,71,66042,0,0,8,0,0,8,0,0
2317,图案: 暗杀者的 腿部守护者具,102,72,66043,0,0,8,0,0,8,0,0
2318,图案: 凝结的 脚部守护者具,102,73,66335,0,0,8,0,0,8,0,0
2319,图案: 猎人的 脚部守护者具,102,74,66336,0,0,8,0,0,8,0,0
2320,图案: 暗杀者的 脚部守护者具,102,75,66337,0,0,8,0,0,8,0,0
2321,图案: 猎人的 脚部守护者具,102,76,66338,0,0,8,0,0,8,0,0
2322,图案: 暗杀者的 脚部守护者具,102,77,66339,0,0,8,0,0,8,0,0
2323,图案: 猎人的 脚部守护者具,102,78,66340,0,0,8,0,0,8,0,0
2324,图案: 暗杀者的 脚部守护者具,102,79,66341,0,0,8,0,0,8,0,0
2325,图案: 猎人的 脚部守护者具,102,80,66342,0,0,8,0,0,8,0,0
2326,图案: 暗杀者的 脚部守护者具,102,81,66343,0,0,8,0,0,8,0,0
2327,图案: 阳光 披风,102,82,66535,0,0,8,0,0,8,0,0
2328,图案: 悲痛的 披风,102,83,66536,0,0,8,0,0,8,0,0
2329,图案: 深渊的 披风,102,84,66537,0,0,8,0,0,8,0,0
2330,图案: 悲痛的 披风,102,85,66538,0,0,8,0,0,8,0,0
2331,图案: 深渊的 披风,102,86,66539,0,0,8,0,0,8,0,0
2332,图案: 悲痛的 披风,102,87,66540,0,0,8,0,0,8,0,0
2333,图案: 深渊的 披风,102,88,66541,0,0,8,0,0,8,0,0
2334,图案: 悲痛的 披风,102,89,66542,0,0,8,0,0,8,0,0
2335,图案: 深渊的 披风,102,90,66543,0,0,8,0,0,8,0,0
2336,图案: 陈旧的 忍耐的颈甲 头盔,103,0,65144,0,0,8,0,0,8,0,0
2337,图案: 普通的 忍耐的颈甲 头盔,103,1,65145,0,0,8,0,0,8,0,0
2338,图案: 普通的 忍耐的颈甲 头盔,103,2,65146,0,0,8,0,0,8,0,0
2339,图案: 高级的 忍耐的颈甲 头盔,103,3,65147,0,0,8,0,0,8,0,0
2340,图案: 高级的 忍耐的颈甲 头盔,103,4,65148,0,0,8,0,0,8,0,0
2341,图案: 稀贵的 忍耐的颈甲 头盔,103,5,65149,0,0,8,0,0,8,0,0
2342,图案: 稀贵的 忍耐的颈甲 头盔,103,6,65150,0,0,8,0,0,8,0,0
2343,图案: 特别的 忍耐的颈甲 头盔,103,7,65151,0,0,8,0,0,8,0,0
2344,图案: 特别的 忍耐的颈甲 头盔,103,8,65152,0,0,8,0,0,8,0,0
2345,图案: 陈旧的 忍耐的 颈甲 铠甲,103,9,65444,0,0,8,0,0,8,0,0
2346,图案: 普通的 忍耐的 颈甲 铠甲,103,10,65445,0,0,8,0,0,8,0,0
2347,图案: 普通的 忍耐的 颈甲 铠甲,103,11,65446,0,0,8,0,0,8,0,0
2348,图案: 高级的 忍耐的 颈甲 铠甲,103,12,65447,0,0,8,0,0,8,0,0
2349,图案: 高级的 忍耐的 颈甲 铠甲,103,13,65448,0,0,8,0,0,8,0,0
2350,图案: 稀贵的 忍耐的 颈甲 铠甲,103,14,65449,0,0,8,0,0,8,0,0
2351,图案: 稀贵的 忍耐的 颈甲 铠甲,103,15,65450,0,0,8,0,0,8,0,0
2352,图案: 特别的 忍耐的 颈甲 铠甲,103,16,65451,0,0,8,0,0,8,0,0
2353,图案: 特别的 忍耐的 颈甲 铠甲,103,17,65452,0,0,8,0,0,8,0,0
2354,图案: 陈旧的 忍耐的颈甲 穿甲胄,103,18,65744,0,0,8,0,0,8,0,0
2355,图案: 普通的 忍耐的颈甲 穿甲胄,103,19,65745,0,0,8,0,0,8,0,0
2356,图案: 普通的 忍耐的颈甲 穿甲胄,103,20,65746,0,0,8,0,0,8,0,0
2357,图案: 高级的 忍耐的颈甲 穿甲胄,103,21,65747,0,0,8,0,0,8,0,0
2358,图案: 高级的 忍耐的颈甲 穿甲胄,103,22,65748,0,0,8,0,0,8,0,0
2359,图案: 稀贵的 忍耐的颈甲 穿甲胄,103,23,65749,0,0,8,0,0,8,0,0
2360,图案: 稀贵的 忍耐的颈甲 穿甲胄,103,24,65750,0,0,8,0,0,8,0,0
2361,图案: 特别的 忍耐的颈甲 穿甲胄,103,25,65751,0,0,8,0,0,8,0,0
2362,图案: 特别的 忍耐的颈甲 穿甲胄,103,26,65752,0,0,8,0,0,8,0,0
2363,图案: 陈旧的 忍耐的 颈甲 腿铠甲,103,27,66044,0,0,8,0,0,8,0,0
2364,图案: 普通的 忍耐的 颈甲 腿铠甲,103,28,66045,0,0,8,0,0,8,0,0
2365,图案: 普通的 忍耐的 颈甲 腿铠甲,103,29,66046,0,0,8,0,0,8,0,0
2366,图案: 高级的 忍耐的 颈甲 腿铠甲,103,30,66047,0,0,8,0,0,8,0,0
2367,图案: 高级的 忍耐的 颈甲 腿铠甲,103,31,66048,0,0,8,0,0,8,0,0
2368,图案: 稀贵的 忍耐的 颈甲 腿铠甲,103,32,66049,0,0,8,0,0,8,0,0
2369,图案: 稀贵的 忍耐的 颈甲 腿铠甲,103,33,66050,0,0,8,0,0,8,0,0
2370,图案: 特别的 忍耐的 颈甲 腿铠甲,103,34,66051,0,0,8,0,0,8,0,0
2371,图案: 特别的 忍耐的 颈甲 腿铠甲,103,35,66052,0,0,8,0,0,8,0,0
2372,图案: 陈旧的 忍耐的 颈甲 高筒靴,103,36,66344,0,0,8,0,0,8,0,0
2373,图案: 普通的 忍耐的 颈甲 高筒靴,103,37,66345,0,0,8,0,0,8,0,0
2374,图案: 普通的 忍耐的 颈甲 高筒靴,103,38,66346,0,0,8,0,0,8,0,0
2375,图案: 高级的 忍耐的 颈甲 高筒靴,103,39,66347,0,0,8,0,0,8,0,0
2376,图案: 高级的 忍耐的 颈甲 高筒靴,103,40,66348,0,0,8,0,0,8,0,0
2377,图案: 稀贵的 忍耐的 颈甲 高筒靴,103,41,66349,0,0,8,0,0,8,0,0
2378,图案: 稀贵的 忍耐的 颈甲 高筒靴,103,42,66350,0,0,8,0,0,8,0,0
2379,图案: 特别的 忍耐的 颈甲 高筒靴,103,43,66351,0,0,8,0,0,8,0,0
2380,图案: 特别的 忍耐的 颈甲 高筒靴,103,44,66352,0,0,8,0,0,8,0,0
2381,图案: 陈旧的 忍耐的 披风,103,45,66544,0,0,8,0,0,8,0,0
2382,图案: 普通的 忍耐的 披风,103,46,66545,0,0,8,0,0,8,0,0
2383,图案: 普通的 忍耐的 披风,103,47,66546,0,0,8,0,0,8,0,0
2384,图案: 高级的 忍耐的 披风,103,48,66547,0,0,8,0,0,8,0,0
2385,图案: 高级的 忍耐的 披风,103,49,66548,0,0,8,0,0,8,0,0
2386,图案: 稀贵的 忍耐的 披风,103,50,66549,0,0,8,0,0,8,0,0
2387,图案: 稀贵的 忍耐的 披风,103,51,66550,0,0,8,0,0,8,0,0
2388,图案: 特别的 忍耐的 披风,103,52,66551,0,0,8,0,0,8,0,0
2389,图案: 特别的 忍耐的 披风,103,53,66552,0,0,8,0,0,8,0,0
2390,图案: 陈旧的 守护者颈甲 头盔,103,54,65153,0,0,8,0,0,8,0,0
2391,图案: 普通的 守护者颈甲 头盔,103,55,65154,0,0,8,0,0,8,0,0
2392,图案: 普通的 守护者颈甲 头盔,103,56,65155,0,0,8,0,0,8,0,0
2393,图案: 高级的 守护者颈甲 头盔,103,57,65156,0,0,8,0,0,8,0,0
2394,图案: 高级的 守护者颈甲 头盔,103,58,65157,0,0,8,0,0,8,0,0
2395,图案: 稀贵的 守护者颈甲 头盔,103,59,65158,0,0,8,0,0,8,0,0
2396,图案: 稀贵的 守护者颈甲 头盔,103,60,65159,0,0,8,0,0,8,0,0
2397,图案: 特别的 守护者颈甲 头盔,103,61,65160,0,0,8,0,0,8,0,0
2398,图案: 特别的 守护者颈甲 头盔,103,62,65161,0,0,8,0,0,8,0,0
2399,图案: 陈旧的 守护者 颈甲 铠甲,103,63,65453,0,0,8,0,0,8,0,0
2400,图案: 普通的 守护者 颈甲 铠甲,103,64,65454,0,0,8,0,0,8,0,0
2401,图案: 普通的 守护者 颈甲 铠甲,103,65,65455,0,0,8,0,0,8,0,0
2402,图案: 高级的 守护者 颈甲 铠甲,103,66,65456,0,0,8,0,0,8,0,0
2403,图案: 高级的 守护者 颈甲 铠甲,103,67,65457,0,0,8,0,0,8,0,0
2404,图案: 稀贵的 守护者 颈甲 铠甲,103,68,65458,0,0,8,0,0,8,0,0
2405,图案: 稀贵的 守护者 颈甲 铠甲,103,69,65459,0,0,8,0,0,8,0,0
2406,图案: 特别的 守护者 颈甲 铠甲,103,70,65460,0,0,8,0,0,8,0,0
2407,图案: 特别的 守护者 颈甲 铠甲,103,71,65461,0,0,8,0,0,8,0,0
2408,图案: 陈旧的 守护者颈甲 穿甲胄,103,72,65753,0,0,8,0,0,8,0,0
2409,图案: 普通的 守护者颈甲 穿甲胄,103,73,65754,0,0,8,0,0,8,0,0
2410,图案: 普通的 守护者颈甲 穿甲胄,103,74,65755,0,0,8,0,0,8,0,0
2411,图案: 高级的 守护者颈甲 穿甲胄,103,75,65756,0,0,8,0,0,8,0,0
2412,图案: 高级的 守护者颈甲 穿甲胄,103,76,65757,0,0,8,0,0,8,0,0
2413,图案: 稀贵的 守护者颈甲 穿甲胄,103,77,65758,0,0,8,0,0,8,0,0
2414,图案: 稀贵的 守护者颈甲 穿甲胄,103,78,65759,0,0,8,0,0,8,0,0
2415,图案: 特别的 守护者颈甲 穿甲胄,103,79,65760,0,0,8,0,0,8,0,0
2416,图案: 特别的 守护者颈甲 穿甲胄,103,80,65761,0,0,8,0,0,8,0,0
2417,图案: 陈旧的 守护者 颈甲 腿铠甲,103,81,66053,0,0,8,0,0,8,0,0
2418,图案: 普通的 守护者 颈甲 腿铠甲,103,82,66054,0,0,8,0,0,8,0,0
2419,图案: 普通的 守护者 颈甲 腿铠甲,103,83,66055,0,0,8,0,0,8,0,0
2420,图案: 高级的 守护者 颈甲 腿铠甲,103,84,66056,0,0,8,0,0,8,0,0
2421,图案: 高级的 守护者 颈甲 腿铠甲,103,85,66057,0,0,8,0,0,8,0,0
2422,图案: 稀贵的 守护者 颈甲 腿铠甲,103,86,66058,0,0,8,0,0,8,0,0
2423,图案: 稀贵的 守护者 颈甲 腿铠甲,103,87,66059,0,0,8,0,0,8,0,0
2424,图案: 特别的 守护者 颈甲 腿铠甲,103,88,66060,0,0,8,0,0,8,0,0
2425,图案: 特别的 守护者 颈甲 腿铠甲,103,89,66061,0,0,8,0,0,8,0,0
2426,图案: 陈旧的 守护者 颈甲 高筒靴,103,90,66353,0,0,8,0,0,8,0,0
2427,图案: 普通的 守护者 颈甲 高筒靴,103,91,66354,0,0,8,0,0,8,0,0
2428,图案: 普通的 守护者 颈甲 高筒靴,103,92,66355,0,0,8,0,0,8,0,0
2429,图案: 高级的 守护者 颈甲 高筒靴,103,93,66356,0,0,8,0,0,8,0,0
2430,图案: 高级的 守护者 颈甲 高筒靴,103,94,66357,0,0,8,0,0,8,0,0
2431,图案: 稀贵的 守护者 颈甲 高筒靴,103,95,66358,0,0,8,0,0,8,0,0
2432,图案: 稀贵的 守护者 颈甲 高筒靴,103,96,66359,0,0,8,0,0,8,0,0
2433,图案: 特别的 守护者 颈甲 高筒靴,103,97,66360,0,0,8,0,0,8,0,0
2434,图案: 特别的 守护者 颈甲 高筒靴,103,98,66361,0,0,8,0,0,8,0,0
2435,图案: 陈旧的 守护者 披风,103,99,66553,0,0,8,0,0,8,0,0
2436,图案: 普通的 守护者 披风,103,100,66554,0,0,8,0,0,8,0,0
2437,图案: 普通的 守护者 披风,103,101,66555,0,0,8,0,0,8,0,0
2438,图案: 高级的 守护者 披风,103,102,66556,0,0,8,0,0,8,0,0
2439,图案: 高级的 守护者 披风,103,103,66557,0,0,8,0,0,8,0,0
2440,图案: 稀贵的 守护者 披风,103,104,66558,0,0,8,0,0,8,0,0
2441,图案: 稀贵的 守护者 披风,103,105,66559,0,0,8,0,0,8,0,0
2442,图案: 特别的 守护者 披风,103,106,66560,0,0,8,0,0,8,0,0
2443,图案: 特别的 守护者 披风,103,107,66561,0,0,8,0,0,8,0,0
2444,粘合剂,110,0,42210,0,0,8,0,0,8,0,0
2445,弹力剂,110,1,42211,0,0,8,0,0,8,0,0
2446,图案:厚厚的 头盔,110,2,65200,0,0,8,0,0,8,0,0
2447,图案: 平安 头盔,110,3,65201,0,0,8,0,0,8,0,0
2448,图案: 激烈的 头盔,110,4,65202,0,0,8,0,0,8,0,0
2449,图案: 平安 头盔,110,5,65203,0,0,8,0,0,8,0,0
2450,图案: 激烈的 头盔,110,6,65204,0,0,8,0,0,8,0,0
2451,图案:厚厚的 胸甲,110,7,65500,0,0,8,0,0,8,0,0
2452,图案: 平安 胸甲,110,8,65501,0,0,8,0,0,8,0,0
2453,图案: 激烈的 胸甲,110,9,65502,0,0,8,0,0,8,0,0
2454,图案: 平安 胸甲,110,10,65503,0,0,8,0,0,8,0,0
2455,图案: 激烈的 胸甲,110,11,65504,0,0,8,0,0,8,0,0
2456,图案:厚厚的 护手具,110,12,65800,0,0,8,0,0,8,0,0
2457,图案: 平安 护手具,110,13,65801,0,0,8,0,0,8,0,0
2458,图案: 激烈的 护手具,110,14,65802,0,0,8,0,0,8,0,0
2459,图案: 平安 护手具,110,15,65803,0,0,8,0,0,8,0,0
2460,图案: 激烈的 护手具,110,16,65804,0,0,8,0,0,8,0,0
2461,图案:厚厚的 腿铠甲,110,17,66100,0,0,8,0,0,8,0,0
2462,图案: 平安 腿铠甲,110,18,66101,0,0,8,0,0,8,0,0
2463,图案: 激烈的 腿铠甲,110,19,66102,0,0,8,0,0,8,0,0
2464,图案: 平安 腿铠甲,110,20,66103,0,0,8,0,0,8,0,0
2465,图案: 激烈的 腿铠甲,110,21,66104,0,0,8,0,0,8,0,0
2466,图案:厚厚的 高筒靴,110,22,66400,0,0,8,0,0,8,0,0
2467,图案: 平安 高筒靴,110,23,66401,0,0,8,0,0,8,0,0
2468,图案: 激烈的 高筒靴,110,24,66402,0,0,8,0,0,8,0,0
2469,图案: 平安 高筒靴,110,25,66403,0,0,8,0,0,8,0,0
2470,图案: 激烈的 高筒靴,110,26,66404,0,0,8,0,0,8,0,0
2471,图案: 强化的 头盔,110,27,65207,0,0,8,0,0,8,0,0
2472,图案: 防御 头盔,110,28,65208,0,0,8,0,0,8,0,0
2473,图案: 战斗的 头盔,110,29,65209,0,0,8,0,0,8,0,0
2474,图案: 防御 头盔,110,30,65210,0,0,8,0,0,8,0,0
2475,图案: 战斗的 头盔,110,31,65211,0,0,8,0,0,8,0,0
2476,图案: 防御 头盔,110,32,65212,0,0,8,0,0,8,0,0
2477,图案: 战斗的 头盔,110,33,65213,0,0,8,0,0,8,0,0
2478,图案: 强化的 胸甲,110,34,65507,0,0,8,0,0,8,0,0
2479,图案: 防御 胸甲,110,35,65508,0,0,8,0,0,8,0,0
2480,图案: 战斗的 胸甲,110,36,65509,0,0,8,0,0,8,0,0
2481,图案: 防御 胸甲,110,37,65510,0,0,8,0,0,8,0,0
2482,图案: 战斗的 胸甲,110,38,65511,0,0,8,0,0,8,0,0
2483,图案: 防御 胸甲,110,39,65512,0,0,8,0,0,8,0,0
2484,图案: 战斗的 胸甲,110,40,65513,0,0,8,0,0,8,0,0
2485,图案: 强化的 护手具,110,41,65807,0,0,8,0,0,8,0,0
2486,图案: 防御 护手具,110,42,65808,0,0,8,0,0,8,0,0
2487,图案: 战斗的 护手具,110,43,65809,0,0,8,0,0,8,0,0
2488,图案: 防御 护手具,110,44,65810,0,0,8,0,0,8,0,0
2489,图案: 战斗的 护手具,110,45,65811,0,0,8,0,0,8,0,0
2490,图案: 防御 护手具,110,46,65812,0,0,8,0,0,8,0,0
2491,图案: 战斗的 护手具,110,47,65813,0,0,8,0,0,8,0,0
2492,图案: 强化的 腿铠甲,110,48,66107,0,0,8,0,0,8,0,0
2493,图案: 防御 腿铠甲,110,49,66108,0,0,8,0,0,8,0,0
2494,图案: 战斗的 腿铠甲,110,50,66109,0,0,8,0,0,8,0,0
2495,图案: 防御 腿铠甲,110,51,66110,0,0,8,0,0,8,0,0
2496,图案: 战斗的 腿铠甲,110,52,66111,0,0,8,0,0,8,0,0
2497,图案: 防御 腿铠甲,110,53,66112,0,0,8,0,0,8,0,0
2498,图案: 战斗的 腿铠甲,110,54,66113,0,0,8,0,0,8,0,0
2499,图案: 强化的 高筒靴,110,55,66407,0,0,8,0,0,8,0,0
2500,图案: 防御 高筒靴,110,56,66408,0,0,8,0,0,8,0,0
2501,图案: 战斗的 高筒靴,110,57,66409,0,0,8,0,0,8,0,0
2502,图案: 防御 高筒靴,110,58,66410,0,0,8,0,0,8,0,0
2503,图案: 战斗的 高筒靴,110,59,66411,0,0,8,0,0,8,0,0
2504,图案: 防御 高筒靴,110,60,66412,0,0,8,0,0,8,0,0
2505,图案: 战斗的 高筒靴,110,61,66413,0,0,8,0,0,8,0,0
2506,粘合剂,111,0,42210,0,0,8,0,0,8,0,0
2507,弹力剂,111,1,42211,0,0,8,0,0,8,0,0
2508,图案: 有光泽的 头盔,111,2,65214,0,0,8,0,0,8,0,0
2509,图案: 战士 头盔,111,3,65215,0,0,8,0,0,8,0,0
2510,图案: 斗士 头盔,111,4,65216,0,0,8,0,0,8,0,0
2511,图案: 战士 头盔,111,5,65217,0,0,8,0,0,8,0,0
2512,图案: 斗士 头盔,111,6,65218,0,0,8,0,0,8,0,0
2513,图案: 战士 头盔,111,7,65219,0,0,8,0,0,8,0,0
2514,图案: 斗士 头盔,111,8,65220,0,0,8,0,0,8,0,0
2515,图案: 有光泽的 胸甲,111,9,65514,0,0,8,0,0,8,0,0
2516,图案: 战士 胸甲,111,10,65515,0,0,8,0,0,8,0,0
2517,图案: 斗士 胸甲,111,11,65516,0,0,8,0,0,8,0,0
2518,图案: 战士 胸甲,111,12,65517,0,0,8,0,0,8,0,0
2519,图案: 斗士 胸甲,111,13,65518,0,0,8,0,0,8,0,0
2520,图案: 战士 胸甲,111,14,65519,0,0,8,0,0,8,0,0
2521,图案: 斗士 胸甲,111,15,65520,0,0,8,0,0,8,0,0
2522,图案: 有光泽的 护手具,111,16,65814,0,0,8,0,0,8,0,0
2523,图案: 战士 护手具,111,17,65815,0,0,8,0,0,8,0,0
2524,图案: 斗士 护手具,111,18,65816,0,0,8,0,0,8,0,0
2525,图案: 战士 护手具,111,19,65817,0,0,8,0,0,8,0,0
2526,图案: 斗士 护手具,111,20,65818,0,0,8,0,0,8,0,0
2527,图案: 战士 护手具,111,21,65819,0,0,8,0,0,8,0,0
2528,图案: 斗士 护手具,111,22,65820,0,0,8,0,0,8,0,0
2529,图案: 有光泽的 腿铠甲,111,23,66114,0,0,8,0,0,8,0,0
2530,图案: 战士 腿铠甲,111,24,66115,0,0,8,0,0,8,0,0
2531,图案: 斗士 腿铠甲,111,25,66116,0,0,8,0,0,8,0,0
2532,图案: 战士 腿铠甲,111,26,66117,0,0,8,0,0,8,0,0
2533,图案: 斗士 腿铠甲,111,27,66118,0,0,8,0,0,8,0,0
2534,图案: 战士 腿铠甲,111,28,66119,0,0,8,0,0,8,0,0
2535,图案: 斗士 腿铠甲,111,29,66120,0,0,8,0,0,8,0,0
2536,图案: 有光泽的 高筒靴,111,30,66414,0,0,8,0,0,8,0,0
2537,图案: 战士 高筒靴,111,31,66415,0,0,8,0,0,8,0,0
2538,图案: 斗士 高筒靴,111,32,66416,0,0,8,0,0,8,0,0
2539,图案: 战士 高筒靴,111,33,66417,0,0,8,0,0,8,0,0
2540,图案: 斗士 高筒靴,111,34,66418,0,0,8,0,0,8,0,0
2541,图案: 战士 高筒靴,111,35,66419,0,0,8,0,0,8,0,0
2542,图案: 斗士 高筒靴,111,36,66420,0,0,8,0,0,8,0,0
2543,图案: 值得信赖的 头盔,111,37,65221,0,0,8,0,0,8,0,0
2544,图案: 守护者 头盔,111,38,65222,0,0,8,0,0,8,0,0
2545,图案: 突击的 头盔,111,39,65223,0,0,8,0,0,8,0,0
2546,图案: 守护者 头盔,111,40,65224,0,0,8,0,0,8,0,0
2547,图案: 突击的 头盔,111,41,65225,0,0,8,0,0,8,0,0
2548,图案: 守护者 头盔,111,42,65226,0,0,8,0,0,8,0,0
2549,图案: 突击的 头盔,111,43,65227,0,0,8,0,0,8,0,0
2550,图案: 值得信赖的 胸甲,111,44,65521,0,0,8,0,0,8,0,0
2551,图案: 守护者 胸甲,111,45,65522,0,0,8,0,0,8,0,0
2552,图案: 突击的 胸甲,111,46,65523,0,0,8,0,0,8,0,0
2553,图案: 守护者 胸甲,111,47,65524,0,0,8,0,0,8,0,0
2554,图案: 突击的 胸甲,111,48,65525,0,0,8,0,0,8,0,0
2555,图案: 守护者 胸甲,111,49,65526,0,0,8,0,0,8,0,0
2556,图案: 突击的 胸甲,111,50,65527,0,0,8,0,0,8,0,0
2557,图案: 值得信赖的 护手具,111,51,65821,0,0,8,0,0,8,0,0
2558,图案: 守护者 护手具,111,52,65822,0,0,8,0,0,8,0,0
2559,图案: 突击的 护手具,111,53,65823,0,0,8,0,0,8,0,0
2560,图案: 守护者 护手具,111,54,65824,0,0,8,0,0,8,0,0
2561,图案: 突击的 护手具,111,55,65825,0,0,8,0,0,8,0,0
2562,图案: 守护者 护手具,111,56,65826,0,0,8,0,0,8,0,0
2563,图案: 突击的 护手具,111,57,65827,0,0,8,0,0,8,0,0
2564,图案: 值得信赖的 腿铠甲,111,58,66121,0,0,8,0,0,8,0,0
2565,图案: 守护者 腿铠甲,111,59,66122,0,0,8,0,0,8,0,0
2566,图案: 突击的 腿铠甲,111,60,66123,0,0,8,0,0,8,0,0
2567,图案: 守护者 腿铠甲,111,61,66124,0,0,8,0,0,8,0,0
2568,图案: 突击的 腿铠甲,111,62,66125,0,0,8,0,0,8,0,0
2569,图案: 守护者 腿铠甲,111,63,66126,0,0,8,0,0,8,0,0
2570,图案: 突击的 腿铠甲,111,64,66127,0,0,8,0,0,8,0,0
2571,图案: 值得信赖的 高筒靴,111,65,66421,0,0,8,0,0,8,0,0
2572,图案: 守护者 高筒靴,111,66,66422,0,0,8,0,0,8,0,0
2573,图案: 突击的 高筒靴,111,67,66423,0,0,8,0,0,8,0,0
2574,图案: 守护者 高筒靴,111,68,66424,0,0,8,0,0,8,0,0
2575,图案: 突击的 高筒靴,111,69,66425,0,0,8,0,0,8,0,0
2576,图案: 守护者 高筒靴,111,70,66426,0,0,8,0,0,8,0,0
2577,图案: 突击的 高筒靴,111,71,66427,0,0,8,0,0,8,0,0
2578,粘合剂,112,0,42210,0,0,8,0,0,8,0,0
2579,弹力剂,112,1,42211,0,0,8,0,0,8,0,0
2580,图案: 神秘的 头盔,112,2,65228,0,0,8,0,0,8,0,0
2581,图案: 站岗的 头盔,112,3,65229,0,0,8,0,0,8,0,0
2582,图案: 防压碎的 头盔,112,4,65230,0,0,8,0,0,8,0,0
2583,图案: 站岗的 头盔,112,5,65231,0,0,8,0,0,8,0,0
2584,图案: 防压碎的 头盔,112,6,65232,0,0,8,0,0,8,0,0
2585,图案: 站岗的 头盔,112,7,65233,0,0,8,0,0,8,0,0
2586,图案: 防压碎的 头盔,112,8,65234,0,0,8,0,0,8,0,0
2587,图案: 神秘的 胸甲,112,9,65528,0,0,8,0,0,8,0,0
2588,图案: 站岗的 胸甲,112,10,65529,0,0,8,0,0,8,0,0
2589,图案: 防压碎的 胸甲,112,11,65530,0,0,8,0,0,8,0,0
2590,图案: 站岗的 胸甲,112,12,65531,0,0,8,0,0,8,0,0
2591,图案: 防压碎的 胸甲,112,13,65532,0,0,8,0,0,8,0,0
2592,图案: 站岗的 胸甲,112,14,65533,0,0,8,0,0,8,0,0
2593,图案: 防压碎的 胸甲,112,15,65534,0,0,8,0,0,8,0,0
2594,图案: 神秘的 护手具,112,16,65828,0,0,8,0,0,8,0,0
2595,图案: 站岗的 护手具,112,17,65829,0,0,8,0,0,8,0,0
2596,图案: 防压碎的 护手具,112,18,65830,0,0,8,0,0,8,0,0
2597,图案: 站岗的 护手具,112,19,65831,0,0,8,0,0,8,0,0
2598,图案: 防压碎的 护手具,112,20,65832,0,0,8,0,0,8,0,0
2599,图案: 站岗的 护手具,112,21,65833,0,0,8,0,0,8,0,0
2600,图案: 防压碎的 护手具,112,22,65834,0,0,8,0,0,8,0,0
2601,图案: 神秘的 腿铠甲,112,23,66128,0,0,8,0,0,8,0,0
2602,图案: 站岗的 腿铠甲,112,24,66129,0,0,8,0,0,8,0,0
2603,图案: 防压碎的 腿铠甲,112,25,66130,0,0,8,0,0,8,0,0
2604,图案: 站岗的 腿铠甲,112,26,66131,0,0,8,0,0,8,0,0
2605,图案: 防压碎的 腿铠甲,112,27,66132,0,0,8,0,0,8,0,0
2606,图案: 站岗的 腿铠甲,112,28,66133,0,0,8,0,0,8,0,0
2607,图案: 防压碎的 腿铠甲,112,29,66134,0,0,8,0,0,8,0,0
2608,图案: 神秘的 高筒靴,112,30,66428,0,0,8,0,0,8,0,0
2609,图案: 站岗的 高筒靴,112,31,66429,0,0,8,0,0,8,0,0
2610,图案: 防压碎的 高筒靴,112,32,66430,0,0,8,0,0,8,0,0
2611,图案: 站岗的 高筒靴,112,33,66431,0,0,8,0,0,8,0,0
2612,图案: 防压碎的 高筒靴,112,34,66432,0,0,8,0,0,8,0,0
2613,图案: 站岗的 高筒靴,112,35,66433,0,0,8,0,0,8,0,0
2614,图案: 防压碎的 高筒靴,112,36,66434,0,0,8,0,0,8,0,0
2615,图案: 凝结的 头盔,112,37,65235,0,0,8,0,0,8,0,0
2616,图案: 守护者 头盔,112,38,65236,0,0,8,0,0,8,0,0
2617,图案: 破坏者 头盔,112,39,65237,0,0,8,0,0,8,0,0
2618,图案: 守护者 头盔,112,40,65238,0,0,8,0,0,8,0,0
2619,图案: 破坏者 头盔,112,41,65239,0,0,8,0,0,8,0,0
2620,图案: 守护者 头盔,112,42,65240,0,0,8,0,0,8,0,0
2621,图案: 破坏者 头盔,112,43,65241,0,0,8,0,0,8,0,0
2622,图案: 守护者 头盔,112,44,65242,0,0,8,0,0,8,0,0
2623,图案: 破坏者 头盔,112,45,65243,0,0,8,0,0,8,0,0
2624,图案: 凝结的 胸甲,112,46,65535,0,0,8,0,0,8,0,0
2625,图案: 守护者 胸甲,112,47,65536,0,0,8,0,0,8,0,0
2626,图案: 破坏者 胸甲,112,48,65537,0,0,8,0,0,8,0,0
2627,图案: 守护者 胸甲,112,49,65538,0,0,8,0,0,8,0,0
2628,图案: 破坏者 胸甲,112,50,65539,0,0,8,0,0,8,0,0
2629,图案: 守护者 胸甲,112,51,65540,0,0,8,0,0,8,0,0
2630,图案: 破坏者 胸甲,112,52,65541,0,0,8,0,0,8,0,0
2631,图案: 守护者 胸甲,112,53,65542,0,0,8,0,0,8,0,0
2632,图案: 破坏者 胸甲,112,54,65543,0,0,8,0,0,8,0,0
2633,图案: 凝结的 护手具,112,55,65835,0,0,8,0,0,8,0,0
2634,图案: 守护者 护手具,112,56,65836,0,0,8,0,0,8,0,0
2635,图案: 破坏者 护手具,112,57,65837,0,0,8,0,0,8,0,0
2636,图案: 守护者 护手具,112,58,65838,0,0,8,0,0,8,0,0
2637,图案: 破坏者 护手具,112,59,65839,0,0,8,0,0,8,0,0
2638,图案: 守护者 护手具,112,60,65840,0,0,8,0,0,8,0,0
2639,图案: 破坏者 护手具,112,61,65841,0,0,8,0,0,8,0,0
2640,图案: 守护者 护手具,112,62,65842,0,0,8,0,0,8,0,0
2641,图案: 破坏者 护手具,112,63,65843,0,0,8,0,0,8,0,0
2642,图案: 凝结的 腿铠甲,112,64,66135,0,0,8,0,0,8,0,0
2643,图案: 守护者 腿铠甲,112,65,66136,0,0,8,0,0,8,0,0
2644,图案: 破坏者 腿铠甲,112,66,66137,0,0,8,0,0,8,0,0
2645,图案: 守护者 腿铠甲,112,67,66138,0,0,8,0,0,8,0,0
2646,图案: 破坏者 腿铠甲,112,68,66139,0,0,8,0,0,8,0,0
2647,图案: 守护者 腿铠甲,112,69,66140,0,0,8,0,0,8,0,0
2648,图案: 破坏者 腿铠甲,112,70,66141,0,0,8,0,0,8,0,0
2649,图案: 守护者 腿铠甲,112,71,66142,0,0,8,0,0,8,0,0
2650,图案: 破坏者 腿铠甲,112,72,66143,0,0,8,0,0,8,0,0
2651,图案: 凝结的 高筒靴,112,73,66435,0,0,8,0,0,8,0,0
2652,图案: 守护者 高筒靴,112,74,66436,0,0,8,0,0,8,0,0
2653,图案: 破坏者 高筒靴,112,75,66437,0,0,8,0,0,8,0,0
2654,图案: 守护者 高筒靴,112,76,66438,0,0,8,0,0,8,0,0
2655,图案: 破坏者 高筒靴,112,77,66439,0,0,8,0,0,8,0,0
2656,图案: 守护者 高筒靴,112,78,66440,0,0,8,0,0,8,0,0
2657,图案: 破坏者 高筒靴,112,79,66441,0,0,8,0,0,8,0,0
2658,图案: 守护者 高筒靴,112,80,66442,0,0,8,0,0,8,0,0
2659,图案: 破坏者 高筒靴,112,81,66443,0,0,8,0,0,8,0,0
2660,图案: 阳光 披风,112,82,66535,0,0,8,0,0,8,0,0
2661,图案: 悲痛的 披风,112,83,66536,0,0,8,0,0,8,0,0
2662,图案: 深渊的 披风,112,84,66537,0,0,8,0,0,8,0,0
2663,图案: 悲痛的 披风,112,85,66538,0,0,8,0,0,8,0,0
2664,图案: 深渊的 披风,112,86,66539,0,0,8,0,0,8,0,0
2665,图案: 悲痛的 披风,112,87,66540,0,0,8,0,0,8,0,0
2666,图案: 深渊的 披风,112,88,66541,0,0,8,0,0,8,0,0
2667,图案: 悲痛的 披风,112,89,66542,0,0,8,0,0,8,0,0
2668,图案: 深渊的 披风,112,90,66543,0,0,8,0,0,8,0,0
2669,图案: 陈旧的 忍耐的重甲 头盔,113,0,65244,0,0,8,0,0,8,0,0
2670,图案: 普通的 忍耐的重甲 头盔,113,1,65245,0,0,8,0,0,8,0,0
2671,图案: 普通的 忍耐的重甲 头盔,113,2,65246,0,0,8,0,0,8,0,0
2672,图案: 高级的 忍耐的重甲 头盔,113,3,65247,0,0,8,0,0,8,0,0
2673,图案: 高级的 忍耐的重甲 头盔,113,4,65248,0,0,8,0,0,8,0,0
2674,图案: 稀贵的 忍耐的重甲 头盔,113,5,65249,0,0,8,0,0,8,0,0
2675,图案: 稀贵的 忍耐的重甲 头盔,113,6,65250,0,0,8,0,0,8,0,0
2676,图案: 特别的 忍耐的重甲 头盔,113,7,65251,0,0,8,0,0,8,0,0
2677,图案: 特别的 忍耐的重甲 头盔,113,8,65252,0,0,8,0,0,8,0,0
2678,图案: 陈旧的 忍耐的 重甲 铠甲,113,9,65544,0,0,8,0,0,8,0,0
2679,图案: 普通的 忍耐的 重甲 铠甲,113,10,65545,0,0,8,0,0,8,0,0
2680,图案: 普通的 忍耐的 重甲 铠甲,113,11,65546,0,0,8,0,0,8,0,0
2681,图案: 高级的 忍耐的 重甲 铠甲,113,12,65547,0,0,8,0,0,8,0,0
2682,图案: 高级的 忍耐的 重甲 铠甲,113,13,65548,0,0,8,0,0,8,0,0
2683,图案: 稀贵的 忍耐的 重甲 铠甲,113,14,65549,0,0,8,0,0,8,0,0
2684,图案: 稀贵的 忍耐的 重甲 铠甲,113,15,65550,0,0,8,0,0,8,0,0
2685,图案: 特别的 忍耐的 重甲 铠甲,113,16,65551,0,0,8,0,0,8,0,0
2686,图案: 特别的 忍耐的 重甲 铠甲,113,17,65552,0,0,8,0,0,8,0,0
2687,图案: 陈旧的 忍耐的 重甲 穿甲胄,113,18,65844,0,0,8,0,0,8,0,0
2688,图案: 普通的 忍耐的 重甲 穿甲胄,113,19,65845,0,0,8,0,0,8,0,0
2689,图案: 普通的 忍耐的 重甲 穿甲胄,113,20,65846,0,0,8,0,0,8,0,0
2690,图案: 高级的 忍耐的 重甲 穿甲胄,113,21,65847,0,0,8,0,0,8,0,0
2691,图案: 高级的 忍耐的 重甲 穿甲胄,113,22,65848,0,0,8,0,0,8,0,0
2692,图案: 稀贵的 忍耐的 重甲 穿甲胄,113,23,65849,0,0,8,0,0,8,0,0
2693,图案: 稀贵的 忍耐的 重甲 穿甲胄,113,24,65850,0,0,8,0,0,8,0,0
2694,图案: 特别的 忍耐的 重甲 穿甲胄,113,25,65851,0,0,8,0,0,8,0,0
2695,图案: 特别的 忍耐的 重甲 穿甲胄,113,26,65852,0,0,8,0,0,8,0,0
2696,图案: 陈旧的 忍耐的重甲 腿铠甲,113,27,66144,0,0,8,0,0,8,0,0
2697,图案: 普通的 忍耐的重甲 腿铠甲,113,28,66145,0,0,8,0,0,8,0,0
2698,图案: 普通的 忍耐的重甲 腿铠甲,113,29,66146,0,0,8,0,0,8,0,0
2699,图案: 高级的 忍耐的重甲 腿铠甲,113,30,66147,0,0,8,0,0,8,0,0
2700,图案: 高级的 忍耐的重甲 腿铠甲,113,31,66148,0,0,8,0,0,8,0,0
2701,图案: 稀贵的 忍耐的重甲 腿铠甲,113,32,66149,0,0,8,0,0,8,0,0
2702,图案: 稀贵的 忍耐的重甲 腿铠甲,113,33,66150,0,0,8,0,0,8,0,0
2703,图案: 特别的 忍耐的重甲 腿铠甲,113,34,66151,0,0,8,0,0,8,0,0
2704,图案: 特别的 忍耐的重甲 腿铠甲,113,35,66152,0,0,8,0,0,8,0,0
2705,图案: 陈旧的 忍耐的 重甲 高筒靴,113,36,66444,0,0,8,0,0,8,0,0
2706,图案: 普通的 忍耐的 重甲 高筒靴,113,37,66445,0,0,8,0,0,8,0,0
2707,图案: 普通的 忍耐的 重甲 高筒靴,113,38,66446,0,0,8,0,0,8,0,0
2708,图案: 高级的 忍耐的 重甲 高筒靴,113,39,66447,0,0,8,0,0,8,0,0
2709,图案: 高级的 忍耐的 重甲 高筒靴,113,40,66448,0,0,8,0,0,8,0,0
2710,图案: 稀贵的 忍耐的 重甲 高筒靴,113,41,66449,0,0,8,0,0,8,0,0
2711,图案: 稀贵的 忍耐的 重甲 高筒靴,113,42,66450,0,0,8,0,0,8,0,0
2712,图案: 特别的 忍耐的 重甲 高筒靴,113,43,66451,0,0,8,0,0,8,0,0
2713,图案: 特别的 忍耐的 重甲 高筒靴,113,44,66452,0,0,8,0,0,8,0,0
2714,图案: 陈旧的 忍耐的 披风,113,45,66544,0,0,8,0,0,8,0,0
2715,图案: 普通的 忍耐的 披风,113,46,66545,0,0,8,0,0,8,0,0
2716,图案: 普通的 忍耐的 披风,113,47,66546,0,0,8,0,0,8,0,0
2717,图案: 高级的 忍耐的 披风,113,48,66547,0,0,8,0,0,8,0,0
2718,图案: 高级的 忍耐的 披风,113,49,66548,0,0,8,0,0,8,0,0
2719,图案: 稀贵的 忍耐的 披风,113,50,66549,0,0,8,0,0,8,0,0
2720,图案: 稀贵的 忍耐的 披风,113,51,66550,0,0,8,0,0,8,0,0
2721,图案: 特别的 忍耐的 披风,113,52,66551,0,0,8,0,0,8,0,0
2722,图案: 特别的 忍耐的 披风,113,53,66552,0,0,8,0,0,8,0,0
2723,图案: 陈旧的 守护者重甲 头盔,113,54,65253,0,0,8,0,0,8,0,0
2724,图案: 普通的 守护者重甲 头盔,113,55,65254,0,0,8,0,0,8,0,0
2725,图案: 普通的 守护者重甲 头盔,113,56,65255,0,0,8,0,0,8,0,0
2726,图案: 高级的 守护者重甲 头盔,113,57,65256,0,0,8,0,0,8,0,0
2727,图案: 高级的 守护者重甲 头盔,113,58,65257,0,0,8,0,0,8,0,0
2728,图案: 稀贵的 守护者重甲 头盔,113,59,65258,0,0,8,0,0,8,0,0
2729,图案: 稀贵的 守护者重甲 头盔,113,60,65259,0,0,8,0,0,8,0,0
2730,图案: 特别的 守护者重甲 头盔,113,61,65260,0,0,8,0,0,8,0,0
2731,图案: 特别的 守护者重甲 头盔,113,62,65261,0,0,8,0,0,8,0,0
2732,图案: 陈旧的 守护者 重甲 铠甲,113,63,65553,0,0,8,0,0,8,0,0
2733,图案: 普通的 守护者 重甲 铠甲,113,64,65554,0,0,8,0,0,8,0,0
2734,图案: 普通的 守护者 重甲 铠甲,113,65,65555,0,0,8,0,0,8,0,0
2735,图案: 高级的 守护者 重甲 铠甲,113,66,65556,0,0,8,0,0,8,0,0
2736,图案: 高级的 守护者 重甲 铠甲,113,67,65557,0,0,8,0,0,8,0,0
2737,图案: 稀贵的 守护者 重甲 铠甲,113,68,65558,0,0,8,0,0,8,0,0
2738,图案: 稀贵的 守护者 重甲 铠甲,113,69,65559,0,0,8,0,0,8,0,0
2739,图案: 特别的 守护者 重甲 铠甲,113,70,65560,0,0,8,0,0,8,0,0
2740,图案: 特别的 守护者 重甲 铠甲,113,71,65561,0,0,8,0,0,8,0,0
2741,图案: 陈旧的 守护者 重甲 穿甲胄,113,72,65853,0,0,8,0,0,8,0,0
2742,图案: 普通的 守护者 重甲 穿甲胄,113,73,65854,0,0,8,0,0,8,0,0
2743,图案: 普通的 守护者 重甲 穿甲胄,113,74,65855,0,0,8,0,0,8,0,0
2744,图案: 高级的 守护者 重甲 穿甲胄,113,75,65856,0,0,8,0,0,8,0,0
2745,图案: 高级的 守护者 重甲 穿甲胄,113,76,65857,0,0,8,0,0,8,0,0
2746,图案: 稀贵的 守护者 重甲 穿甲胄,113,77,65858,0,0,8,0,0,8,0,0
2747,图案: 稀贵的 守护者 重甲 穿甲胄,113,78,65859,0,0,8,0,0,8,0,0
2748,图案: 特别的 守护者 重甲 穿甲胄,113,79,65860,0,0,8,0,0,8,0,0
2749,图案: 特别的 守护者 重甲 穿甲胄,113,80,65861,0,0,8,0,0,8,0,0
2750,图案: 陈旧的 守护者重甲 腿铠甲,113,81,66153,0,0,8,0,0,8,0,0
2751,图案: 普通的 守护者重甲 腿铠甲,113,82,66154,0,0,8,0,0,8,0,0
2752,图案: 普通的 守护者重甲 腿铠甲,113,83,66155,0,0,8,0,0,8,0,0
2753,图案: 高级的 守护者重甲 腿铠甲,113,84,66156,0,0,8,0,0,8,0,0
2754,图案: 高级的 守护者重甲 腿铠甲,113,85,66157,0,0,8,0,0,8,0,0
2755,图案: 稀贵的 守护者重甲 腿铠甲,113,86,66158,0,0,8,0,0,8,0,0
2756,图案: 稀贵的 守护者重甲 腿铠甲,113,87,66159,0,0,8,0,0,8,0,0
2757,图案: 特别的 守护者重甲 腿铠甲,113,88,66160,0,0,8,0,0,8,0,0
2758,图案: 特别的 守护者重甲 腿铠甲,113,89,66161,0,0,8,0,0,8,0,0
2759,图案: 陈旧的 守护者 重甲 高筒靴,113,90,66453,0,0,8,0,0,8,0,0
2760,图案: 普通的 守护者 重甲 高筒靴,113,91,66454,0,0,8,0,0,8,0,0
2761,图案: 普通的 守护者 重甲 高筒靴,113,92,66455,0,0,8,0,0,8,0,0
2762,图案: 高级的 守护者 重甲 高筒靴,113,93,66456,0,0,8,0,0,8,0,0
2763,图案: 高级的 守护者 重甲 高筒靴,113,94,66457,0,0,8,0,0,8,0,0
2764,图案: 稀贵的 守护者 重甲 高筒靴,113,95,66458,0,0,8,0,0,8,0,0
2765,图案: 稀贵的 守护者 重甲 高筒靴,113,96,66459,0,0,8,0,0,8,0,0
2766,图案: 特别的 守护者 重甲 高筒靴,113,97,66460,0,0,8,0,0,8,0,0
2767,图案: 特别的 守护者 重甲 高筒靴,113,98,66461,0,0,8,0,0,8,0,0
2768,图案: 陈旧的 守护者 披风,113,99,66553,0,0,8,0,0,8,0,0
2769,图案: 普通的 守护者 披风,113,100,66554,0,0,8,0,0,8,0,0
2770,图案: 普通的 守护者 披风,113,101,66555,0,0,8,0,0,8,0,0
2771,图案: 高级的 守护者 披风,113,102,66556,0,0,8,0,0,8,0,0
2772,图案: 高级的 守护者 披风,113,103,66557,0,0,8,0,0,8,0,0
2773,图案: 稀贵的 守护者 披风,113,104,66558,0,0,8,0,0,8,0,0
2774,图案: 稀贵的 守护者 披风,113,105,66559,0,0,8,0,0,8,0,0
2775,图案: 特别的 守护者 披风,113,106,66560,0,0,8,0,0,8,0,0
2776,图案: 特别的 守护者 披风,113,107,66561,0,0,8,0,0,8,0,0
2777,初入者 单手剑,120,0,1110000,0,0,8,0,0,8,0,0
2778,初入者 双剑,120,1,1120000,0,0,8,0,0,8,0,0
2779,初入者 石弓,120,2,1130000,0,0,8,0,0,8,0,0
2780,初入者 拐杖,120,3,1030000,0,0,8,0,0,8,0,0
2781,初入者 盾牌,120,4,1020000,0,0,8,0,0,8,0,0
2782,初入者 马坦枪,120,5,1100000,0,0,8,0,0,8,0,0
2783,学员的 单手剑,120,6,1110100,0,0,8,0,0,8,0,0
2784,学员的 双剑,120,7,1120100,0,0,8,0,0,8,0,0
2785,学员的 石弓,120,8,1130100,0,0,8,0,0,8,0,0
2786,学员的 拐杖,120,9,1030100,0,0,8,0,0,8,0,0
2787,学员的 盾牌,120,10,1020100,0,0,8,0,0,8,0,0
2788,学员的 马坦枪,120,11,1100100,0,0,8,0,0,8,0,0
2789,熟练者的 单手剑,120,12,1110200,0,0,8,0,0,8,0,0
2790,熟练者的 双剑,120,13,1120200,0,0,8,0,0,8,0,0
2791,熟练者的 石弓,120,14,1130200,0,0,8,0,0,8,0,0
2792,熟练者的 拐杖,120,15,1030200,0,0,8,0,0,8,0,0
2793,熟练者的 盾牌,120,16,1020200,0,0,8,0,0,8,0,0
2794,熟练者的 马坦枪,120,17,1100200,0,0,8,0,0,8,0,0
2795,胜利者的 单手剑,120,18,1110300,0,0,8,0,0,8,0,0
2796,胜利者的 双剑,120,19,1120300,0,0,8,0,0,8,0,0
2797,胜利者的 石弓,120,20,1130300,0,0,8,0,0,8,0,0
2798,胜利者的 拐杖,120,21,1030300,0,0,8,0,0,8,0,0
2799,胜利者的 盾牌,120,22,1020300,0,0,8,0,0,8,0,0
2800,胜利者的 马坦枪,120,23,1100300,0,0,8,0,0,8,0,0
2801,考验的 单手剑,120,24,1110400,0,0,8,0,0,8,0,0
2802,考验的 双剑,120,25,1120400,0,0,8,0,0,8,0,0
2803,考验的 石弓,120,26,1130400,0,0,8,0,0,8,0,0
2804,考验的 拐杖,120,27,1030400,0,0,8,0,0,8,0,0
2805,考验的 盾牌,120,28,1020400,0,0,8,0,0,8,0,0
2806,考验的 马坦枪,120,29,1100400,0,0,8,0,0,8,0,0
2807,逆境的 单手剑,121,0,1110500,0,0,8,0,0,8,0,0
2808,逆境的 双剑,121,1,1120500,0,0,8,0,0,8,0,0
2809,逆境的 石弓,121,2,1130500,0,0,8,0,0,8,0,0
2810,逆境的 拐杖,121,3,1030500,0,0,8,0,0,8,0,0
2811,逆境的 盾牌,121,4,1020500,0,0,8,0,0,8,0,0
2812,陈旧的 逆境的 马坦枪,121,5,1100500,0,0,8,0,0,8,0,0
2813,痛苦时的 单手剑,121,6,1110600,0,0,8,0,0,8,0,0
2814,痛苦时的 双剑,121,7,1120600,0,0,8,0,0,8,0,0
2815,痛苦时的 石弓,121,8,1130600,0,0,8,0,0,8,0,0
2816,痛苦时的 拐杖,121,9,1030600,0,0,8,0,0,8,0,0
2817,痛苦时的 盾牌,121,10,1020600,0,0,8,0,0,8,0,0
2818,陈旧的 痛苦时的 马坦枪,121,11,1100600,0,0,8,0,0,8,0,0
2819,剧痛的 单手剑,121,12,1110700,0,0,8,0,0,8,0,0
2820,剧痛的 双剑,121,13,1120700,0,0,8,0,0,8,0,0
2821,剧痛的 石弓,121,14,1130700,0,0,8,0,0,8,0,0
2822,剧痛的 拐杖,121,15,1030700,0,0,8,0,0,8,0,0
2823,剧痛的 盾牌,121,16,1020700,0,0,8,0,0,8,0,0
2824,陈旧的 剧痛的 马坦枪,121,17,1100700,0,0,8,0,0,8,0,0
2825,恐怖的单手剑,121,18,1110800,0,0,8,0,0,8,0,0
2826,恐怖的双剑,121,19,1120800,0,0,8,0,0,8,0,0
2827,恐怖的石弓,121,20,1130800,0,0,8,0,0,8,0,0
2828,恐怖的拐杖,121,21,1030800,0,0,8,0,0,8,0,0
2829,恐怖的盾牌,121,22,1020800,0,0,8,0,0,8,0,0
2830,陈旧的 恐怖的马坦枪,121,23,1100800,0,0,8,0,0,8,0,0
2831,恐慌的 单手剑,122,0,1110900,0,0,8,0,0,8,0,0
2832,恐慌的 双剑,122,1,1120900,0,0,8,0,0,8,0,0
2833,恐慌的 石弓,122,2,1130900,0,0,8,0,0,8,0,0
2834,恐慌的 拐杖,122,3,1030900,0,0,8,0,0,8,0,0
2835,恐慌的 盾牌,122,4,1020900,0,0,8,0,0,8,0,0
2836,陈旧的 恐慌的 马坦枪,122,5,1100900,0,0,8,0,0,8,0,0
2837,狂怒的 单手剑,122,6,1111000,0,0,8,0,0,8,0,0
2838,狂怒的 双剑,122,7,1121000,0,0,8,0,0,8,0,0
2839,狂怒的 石弓,122,8,1131000,0,0,8,0,0,8,0,0
2840,狂怒的 拐杖,122,9,1031000,0,0,8,0,0,8,0,0
2841,狂怒的 盾牌,122,10,1021000,0,0,8,0,0,8,0,0
2842,陈旧的震怒的 马坦枪,122,11,1101000,0,0,8,0,0,8,0,0
2843,怒吼的 单手剑,122,12,1111100,0,0,8,0,0,8,0,0
2844,怒吼的 双剑,122,13,1121100,0,0,8,0,0,8,0,0
2845,怒吼的 石弓,122,14,1131100,0,0,8,0,0,8,0,0
2846,怒吼的 拐杖,122,15,1031100,0,0,8,0,0,8,0,0
2847,怒吼的 盾牌,122,16,1021100,0,0,8,0,0,8,0,0
2848,陈旧的 怒吼的 马坦枪,122,17,1101100,0,0,8,0,0,8,0,0
2849,发狂的 单手剑,122,18,1111200,0,0,8,0,0,8,0,0
2850,发狂的 双剑,122,19,1121200,0,0,8,0,0,8,0,0
2851,发狂的 石弓,122,20,1131200,0,0,8,0,0,8,0,0
2852,发狂的 拐杖,122,21,1031200,0,0,8,0,0,8,0,0
2853,发狂的 盾牌,122,22,1021200,0,0,8,0,0,8,0,0
2854,陈旧的 发狂的 马坦枪,122,23,1101200,0,0,8,0,0,8,0,0
2855,陈旧的 疯狂的 单手剑,123,0,1111300,0,0,8,0,0,8,0,0
2856,陈旧的 疯狂的 双剑,123,1,1121300,0,0,8,0,0,8,0,0
2857,陈旧的 疯狂的 石弓,123,2,1131300,0,0,8,0,0,8,0,0
2858,陈旧的 疯狂的 拐杖,123,3,1031300,0,0,8,0,0,8,0,0
2859,陈旧的 疯狂的 盾牌,123,4,1021300,0,0,8,0,0,8,0,0
2860,陈旧的 疯狂的 马坦枪,123,5,1101300,0,0,8,0,0,8,0,0
2861,陈旧的豹子 单手剑,123,6,1111400,0,0,8,0,0,8,0,0
2862,陈旧的豹子 双剑,123,7,1121400,0,0,8,0,0,8,0,0
2863,陈旧的豹子 石弓,123,8,1131400,0,0,8,0,0,8,0,0
2864,陈旧的豹子 拐杖,123,9,1031400,0,0,8,0,0,8,0,0
2865,陈旧的豹子 盾牌,123,10,1021400,0,0,8,0,0,8,0,0
2866,陈旧的豹子 马坦枪,123,11,1101400,0,0,8,0,0,8,0,0
2867,陈旧的 老虎的 单手剑,123,12,1111500,0,0,8,0,0,8,0,0
2868,陈旧的 老虎的 双剑,123,13,1121500,0,0,8,0,0,8,0,0
2869,陈旧的 老虎的 石弓,123,14,1131500,0,0,8,0,0,8,0,0
2870,陈旧的 老虎的 拐杖,123,15,1031500,0,0,8,0,0,8,0,0
2871,陈旧的 老虎的 盾牌,123,16,1021500,0,0,8,0,0,8,0,0
2872,陈旧的 老虎的 马坦枪,123,17,1101500,0,0,8,0,0,8,0,0
2873,陈旧的 战士的 单手剑,123,18,1111600,0,0,8,0,0,8,0,0
2874,陈旧的 战士的 双剑,123,19,1121600,0,0,8,0,0,8,0,0
2875,陈旧的 战士的 石弓,123,20,1131600,0,0,8,0,0,8,0,0
2876,陈旧的 战士的 拐杖,123,21,1031600,0,0,8,0,0,8,0,0
2877,陈旧的 战士的 盾牌,123,22,1021600,0,0,8,0,0,8,0,0
2878,陈旧的 战士的 马坦枪,123,23,1101600,0,0,8,0,0,8,0,0
2879,陈旧的 斗士的 单手剑,123,24,1111700,0,0,8,0,0,8,0,0
2880,陈旧的 斗士的 双剑,123,25,1121700,0,0,8,0,0,8,0,0
2881,陈旧的 斗士的 石弓,123,26,1131700,0,0,8,0,0,8,0,0
2882,陈旧的 斗士的 拐杖,123,27,1031700,0,0,8,0,0,8,0,0
2883,陈旧的 斗士的 盾牌,123,28,1021700,0,0,8,0,0,8,0,0
2884,陈旧的 斗士的 马坦枪,123,29,1101700,0,0,8,0,0,8,0,0
2885,陈旧的 勇士的 单手剑,123,30,1111800,0,0,8,0,0,8,0,0
2886,陈旧的 勇士的 双剑,123,31,1121800,0,0,8,0,0,8,0,0
2887,陈旧的 勇士的 石弓,123,32,1131800,0,0,8,0,0,8,0,0
2888,陈旧的 勇士的 拐杖,123,33,1031800,0,0,8,0,0,8,0,0
2889,陈旧的 勇士的 盾牌,123,34,1021800,0,0,8,0,0,8,0,0
2890,陈旧的 勇士的 马坦枪,123,35,1101800,0,0,8,0,0,8,0,0
2891,陈旧的 斗士的 单手剑,124,0,1111700,0,0,8,0,0,8,0,0
2892,陈旧的 斗士的 双剑,124,1,1121700,0,0,8,0,0,8,0,0
2893,陈旧的 斗士的 石弓,124,2,1131700,0,0,8,0,0,8,0,0
2894,陈旧的 斗士的 拐杖,124,3,1031700,0,0,8,0,0,8,0,0
2895,陈旧的 斗士的 盾牌,124,4,1021700,0,0,8,0,0,8,0,0
2896,陈旧的 斗士的 马坦枪,124,5,1101700,0,0,8,0,0,8,0,0
2897,陈旧的 勇士的 单手剑,124,6,1111800,0,0,8,0,0,8,0,0
2898,陈旧的 勇士的 双剑,124,7,1121800,0,0,8,0,0,8,0,0
2899,陈旧的 勇士的 石弓,124,8,1131800,0,0,8,0,0,8,0,0
2900,陈旧的 勇士的 拐杖,124,9,1031800,0,0,8,0,0,8,0,0
2901,陈旧的 勇士的 盾牌,124,10,1021800,0,0,8,0,0,8,0,0
2902,陈旧的 勇士的 马坦枪,124,11,1101800,0,0,8,0,0,8,0,0
2903,陈旧的 英雄的 单手剑,125,0,1111900,0,0,8,0,0,8,0,0
2904,陈旧的 英雄的 双剑,125,1,1121900,0,0,8,0,0,8,0,0
2905,陈旧的 英雄的 石弓,125,2,1131900,0,0,8,0,0,8,0,0
2906,陈旧的 英雄的 拐杖,125,3,1031900,0,0,8,0,0,8,0,0
2907,陈旧的 英雄的 盾牌,125,4,1021900,0,0,8,0,0,8,0,0
2908,陈旧的 英雄的 马坦枪,125,5,1101900,0,0,8,0,0,8,0,0
2909,陈旧的 君主的 单手剑,125,6,1112000,0,0,8,0,0,8,0,0
2910,陈旧的 君主的 双剑,125,7,1122000,0,0,8,0,0,8,0,0
2911,陈旧的 君主的 石弓,125,8,1132000,0,0,8,0,0,8,0,0
2912,陈旧的 君主的 拐杖,125,9,1032000,0,0,8,0,0,8,0,0
2913,陈旧的 君主的 盾牌,125,10,1022000,0,0,8,0,0,8,0,0
2914,陈旧的 君主的 马坦枪,125,11,1102000,0,0,8,0,0,8,0,0
2915,陈旧的 霸王的单手剑,126,0,1112100,0,0,8,0,0,8,0,0
2916,陈旧的 霸王的双剑,126,1,1122100,0,0,8,0,0,8,0,0
2917,陈旧的 霸王的石弓,126,2,1132100,0,0,8,0,0,8,0,0
2918,陈旧的 霸王的拐杖,126,3,1032100,0,0,8,0,0,8,0,0
2919,陈旧的 霸王的盾牌,126,4,1022100,0,0,8,0,0,8,0,0
2920,陈旧的 霸王的马坦枪,126,5,1102100,0,0,8,0,0,8,0,0
2921,陈旧的 最强的单手剑,126,6,1112200,0,0,8,0,0,8,0,0
2922,陈旧的 最强的双剑,126,7,1122200,0,0,8,0,0,8,0,0
2923,陈旧的 最强的石弓,126,8,1132200,0,0,8,0,0,8,0,0
2924,陈旧的 最强的拐杖,126,9,1032200,0,0,8,0,0,8,0,0
2925,陈旧的 最强的盾牌,126,10,1022200,0,0,8,0,0,8,0,0
2926,陈旧的 最强的马坦枪,126,11,1102200,0,0,8,0,0,8,0,0
2927,初入者 长矛,130,0,1010000,0,0,8,0,0,8,0,0
2928,初入者 斧子,130,1,1040000,0,0,8,0,0,8,0,0
2929,初入者 弓,130,2,1050000,0,0,8,0,0,8,0,0
2930,初入者 木条靶射箭,130,3,1140000,0,0,8,0,0,8,0,0
2931,初入者 盾牌,130,4,1025000,0,0,8,0,0,8,0,0
2932,陈旧的 初入者用具,130,5,1090000,0,0,8,0,0,8,0,0
2933,学员的 长矛,130,6,1010100,0,0,8,0,0,8,0,0
2934,学员的 斧子,130,7,1040100,0,0,8,0,0,8,0,0
2935,学员的 弓,130,8,1050100,0,0,8,0,0,8,0,0
2936,学员的 木条靶射箭,130,9,1140100,0,0,8,0,0,8,0,0
2937,学员的 盾牌,130,10,1025100,0,0,8,0,0,8,0,0
2938,陈旧的 学员的用具,130,11,1090100,0,0,8,0,0,8,0,0
2939,熟练者的 长矛,130,12,1010200,0,0,8,0,0,8,0,0
2940,熟练者的 斧子,130,13,1040200,0,0,8,0,0,8,0,0
2941,熟练者的 弓,130,14,1050200,0,0,8,0,0,8,0,0
2942,熟练者的 木条靶射箭,130,15,1140200,0,0,8,0,0,8,0,0
2943,熟练者的 盾牌,130,16,1025200,0,0,8,0,0,8,0,0
2944,陈旧的 熟练者的用具,130,17,1090200,0,0,8,0,0,8,0,0
2945,胜利者的 长矛,130,18,1010300,0,0,8,0,0,8,0,0
2946,胜利者的 斧子,130,19,1040300,0,0,8,0,0,8,0,0
2947,胜利者的 弓,130,20,1050300,0,0,8,0,0,8,0,0
2948,胜利者的 木条靶射箭,130,21,1140300,0,0,8,0,0,8,0,0
2949,胜利者的 盾牌,130,22,1025300,0,0,8,0,0,8,0,0
2950,陈旧的 胜利者的用具,130,23,1090300,0,0,8,0,0,8,0,0
2951,考验的 长矛,130,24,1010400,0,0,8,0,0,8,0,0
2952,考验的 斧子,130,25,1040400,0,0,8,0,0,8,0,0
2953,考验的 弓,130,26,1050400,0,0,8,0,0,8,0,0
2954,考验的 木条靶射箭,130,27,1140400,0,0,8,0,0,8,0,0
2955,考验的 盾牌,130,28,1025400,0,0,8,0,0,8,0,0
2956,陈旧的 考验的用具,130,29,1090400,0,0,8,0,0,8,0,0
2957,逆境的 长矛,131,0,1010500,0,0,8,0,0,8,0,0
2958,逆境的 斧子,131,1,1040500,0,0,8,0,0,8,0,0
2959,逆境的 弓,131,2,1050500,0,0,8,0,0,8,0,0
2960,逆境的 木条靶射箭,131,3,1140500,0,0,8,0,0,8,0,0
2961,逆境的 盾牌,131,4,1025500,0,0,8,0,0,8,0,0
2962,陈旧的 逆境的用具,131,5,1090500,0,0,8,0,0,8,0,0
2963,痛苦时的 长矛,131,6,1010600,0,0,8,0,0,8,0,0
2964,痛苦时的 斧子,131,7,1040600,0,0,8,0,0,8,0,0
2965,痛苦时的 弓,131,8,1050600,0,0,8,0,0,8,0,0
2966,痛苦时的 木条靶射箭,131,9,1140600,0,0,8,0,0,8,0,0
2967,痛苦时的 盾牌,131,10,1025600,0,0,8,0,0,8,0,0
2968,陈旧的 痛苦时的用具,131,11,1090600,0,0,8,0,0,8,0,0
2969,剧痛的 长矛,131,12,1010700,0,0,8,0,0,8,0,0
2970,剧痛的 斧子,131,13,1040700,0,0,8,0,0,8,0,0
2971,剧痛的 弓,131,14,1050700,0,0,8,0,0,8,0,0
2972,剧痛的 木条靶射箭,131,15,1140700,0,0,8,0,0,8,0,0
2973,剧痛的 盾牌,131,16,1025700,0,0,8,0,0,8,0,0
2974,陈旧的 剧痛的用具,131,17,1090700,0,0,8,0,0,8,0,0
2975,恐怖的长矛,131,18,1010800,0,0,8,0,0,8,0,0
2976,恐怖的斧子,131,19,1040800,0,0,8,0,0,8,0,0
2977,恐怖的弓,131,20,1050800,0,0,8,0,0,8,0,0
2978,恐怖的木条靶射箭,131,21,1140800,0,0,8,0,0,8,0,0
2979,恐怖的盾牌,131,22,1025800,0,0,8,0,0,8,0,0
2980,陈旧的 恐怖的用具,131,23,1090800,0,0,8,0,0,8,0,0
2981,恐慌的 长矛,132,0,1010900,0,0,8,0,0,8,0,0
2982,恐慌的 斧子,132,1,1040900,0,0,8,0,0,8,0,0
2983,恐慌的 弓,132,2,1050900,0,0,8,0,0,8,0,0
2984,恐慌的 木条靶射箭,132,3,1140900,0,0,8,0,0,8,0,0
2985,恐慌的 盾牌,132,4,1025900,0,0,8,0,0,8,0,0
2986,陈旧的 恐慌的用具,132,5,1090900,0,0,8,0,0,8,0,0
2987,狂怒的 长矛,132,6,1011000,0,0,8,0,0,8,0,0
2988,狂怒的 斧子,132,7,1041000,0,0,8,0,0,8,0,0
2989,狂怒的 弓,132,8,1051000,0,0,8,0,0,8,0,0
2990,狂怒的 木条靶射箭,132,9,1141000,0,0,8,0,0,8,0,0
2991,狂怒的 盾牌,132,10,1026000,0,0,8,0,0,8,0,0
2992,陈旧的震怒的用具,132,11,1091000,0,0,8,0,0,8,0,0
2993,怒吼的 长矛,132,12,1011100,0,0,8,0,0,8,0,0
2994,怒吼的 斧子,132,13,1041100,0,0,8,0,0,8,0,0
2995,怒吼的 弓,132,14,1051100,0,0,8,0,0,8,0,0
2996,怒吼的 木条靶射箭,132,15,1141100,0,0,8,0,0,8,0,0
2997,怒吼的 盾牌,132,16,1026100,0,0,8,0,0,8,0,0
2998,陈旧的 怒吼的用具,132,17,1091100,0,0,8,0,0,8,0,0
2999,发狂的 长矛,132,18,1011200,0,0,8,0,0,8,0,0
3000,发狂的 斧子,132,19,1041200,0,0,8,0,0,8,0,0
3001,发狂的 弓,132,20,1051200,0,0,8,0,0,8,0,0
3002,发狂的 木条靶射箭,132,21,1141200,0,0,8,0,0,8,0,0
3003,发狂的 盾牌,132,22,1026200,0,0,8,0,0,8,0,0
3004,陈旧的 发狂的用具,132,23,1091200,0,0,8,0,0,8,0,0
3005,陈旧的 疯狂的 长矛,133,0,1011300,0,0,8,0,0,8,0,0
3006,陈旧的 疯狂的 斧子,133,1,1041300,0,0,8,0,0,8,0,0
3007,陈旧的 疯狂的 弓,133,2,1051300,0,0,8,0,0,8,0,0
3008,陈旧的 疯狂的 木条靶射箭,133,3,1141300,0,0,8,0,0,8,0,0
3009,陈旧的 疯狂的 盾牌,133,4,1026300,0,0,8,0,0,8,0,0
3010,陈旧的 疯狂的用具,133,5,1091300,0,0,8,0,0,8,0,0
3011,陈旧的豹子 长矛,133,6,1011400,0,0,8,0,0,8,0,0
3012,陈旧的豹子 斧子,133,7,1041400,0,0,8,0,0,8,0,0
3013,陈旧的豹子 弓,133,8,1051400,0,0,8,0,0,8,0,0
3014,陈旧的豹子 木条靶射箭,133,9,1141400,0,0,8,0,0,8,0,0
3015,陈旧的豹子 盾牌,133,10,1026400,0,0,8,0,0,8,0,0
3016,陈旧的豹子用具,133,11,1091400,0,0,8,0,0,8,0,0
3017,陈旧的 老虎的 长矛,133,12,1011500,0,0,8,0,0,8,0,0
3018,陈旧的 老虎的 斧子,133,13,1041500,0,0,8,0,0,8,0,0
3019,陈旧的 老虎的 弓,133,14,1051500,0,0,8,0,0,8,0,0
3020,陈旧的 老虎的 木条靶射箭,133,15,1141500,0,0,8,0,0,8,0,0
3021,陈旧的 老虎的 盾牌,133,16,1026500,0,0,8,0,0,8,0,0
3022,陈旧的 老虎的用具,133,17,1091500,0,0,8,0,0,8,0,0
3023,陈旧的 战士的 长矛,133,18,1011600,0,0,8,0,0,8,0,0
3024,陈旧的 战士的 斧子,133,19,1041600,0,0,8,0,0,8,0,0
3025,陈旧的 战士的 弓,133,20,1051600,0,0,8,0,0,8,0,0
3026,陈旧的 战士的 木条靶射箭,133,21,1141600,0,0,8,0,0,8,0,0
3027,陈旧的 战士的 盾牌,133,22,1026600,0,0,8,0,0,8,0,0
3028,陈旧的 战士的用具,133,23,1091600,0,0,8,0,0,8,0,0
3029,陈旧的 斗士的 长矛,133,24,1011700,0,0,8,0,0,8,0,0
3030,陈旧的 斗士的 斧子,133,25,1041700,0,0,8,0,0,8,0,0
3031,陈旧的 斗士的 弓,133,26,1051700,0,0,8,0,0,8,0,0
3032,陈旧的 斗士的 木条靶射箭,133,27,1141700,0,0,8,0,0,8,0,0
3033,陈旧的 斗士的 盾牌,133,28,1026700,0,0,8,0,0,8,0,0
3034,陈旧的 斗士的用具,133,29,1091700,0,0,8,0,0,8,0,0
3035,陈旧的 勇士的 长矛,133,30,1011800,0,0,8,0,0,8,0,0
3036,陈旧的 勇士的 斧子,133,31,1041800,0,0,8,0,0,8,0,0
3037,陈旧的 勇士的 弓,133,32,1051800,0,0,8,0,0,8,0,0
3038,陈旧的 勇士的 木条靶射箭,133,33,1141800,0,0,8,0,0,8,0,0
3039,陈旧的 勇士的 盾牌,133,34,1026800,0,0,8,0,0,8,0,0
3040,陈旧的 勇士的用具,133,35,1091800,0,0,8,0,0,8,0,0
3041,陈旧的 斗士的 长矛,134,0,1011700,0,0,8,0,0,8,0,0
3042,陈旧的 斗士的 斧子,134,1,1041700,0,0,8,0,0,8,0,0
3043,陈旧的 斗士的 弓,134,2,1051700,0,0,8,0,0,8,0,0
3044,陈旧的 斗士的 木条靶射箭,134,3,1141700,0,0,8,0,0,8,0,0
3045,陈旧的 斗士的 盾牌,134,4,1026700,0,0,8,0,0,8,0,0
3046,陈旧的 斗士的用具,134,5,1091700,0,0,8,0,0,8,0,0
3047,陈旧的 勇士的 长矛,134,6,1011800,0,0,8,0,0,8,0,0
3048,陈旧的 勇士的 斧子,134,7,1041800,0,0,8,0,0,8,0,0
3049,陈旧的 勇士的 弓,134,8,1051800,0,0,8,0,0,8,0,0
3050,陈旧的 勇士的 木条靶射箭,134,9,1141800,0,0,8,0,0,8,0,0
3051,陈旧的 勇士的 盾牌,134,10,1026800,0,0,8,0,0,8,0,0
3052,陈旧的 勇士的用具,134,11,1091800,0,0,8,0,0,8,0,0
3053,陈旧的 英雄的 长矛,135,0,1011900,0,0,8,0,0,8,0,0
3054,陈旧的 英雄的 斧子,135,1,1041900,0,0,8,0,0,8,0,0
3055,陈旧的 英雄的 弓,135,2,1051900,0,0,8,0,0,8,0,0
3056,陈旧的 英雄的 木条靶射箭,135,3,1141900,0,0,8,0,0,8,0,0
3057,陈旧的 英雄的 盾牌,135,4,1026900,0,0,8,0,0,8,0,0
3058,陈旧的 英雄的用具,135,5,1091900,0,0,8,0,0,8,0,0
3059,陈旧的 君主的 长矛,135,6,1012000,0,0,8,0,0,8,0,0
3060,陈旧的 君主的 斧子,135,7,1042000,0,0,8,0,0,8,0,0
3061,陈旧的 君主的 弓,135,8,1052000,0,0,8,0,0,8,0,0
3062,陈旧的 君主的 木条靶射箭,135,9,1142000,0,0,8,0,0,8,0,0
3063,陈旧的 君主的 盾牌,135,10,1027000,0,0,8,0,0,8,0,0
3064,陈旧的 君主的用具,135,11,1092000,0,0,8,0,0,8,0,0
3065,陈旧的 霸王的长矛,136,0,1012100,0,0,8,0,0,8,0,0
3066,陈旧的 霸王的斧子,136,1,1042100,0,0,8,0,0,8,0,0
3067,陈旧的 霸王的弓,136,2,1052100,0,0,8,0,0,8,0,0
3068,陈旧的 霸王的木条靶射箭,136,3,1142100,0,0,8,0,0,8,0,0
3069,陈旧的 霸王的盾牌,136,4,1027100,0,0,8,0,0,8,0,0
3070,陈旧的 霸王的用具,136,5,1092100,0,0,8,0,0,8,0,0
3071,陈旧的 最强的长矛,136,6,1012200,0,0,8,0,0,8,0,0
3072,陈旧的 最强的斧子,136,7,1042200,0,0,8,0,0,8,0,0
3073,陈旧的 最强的弓,136,8,1052200,0,0,8,0,0,8,0,0
3074,陈旧的 最强的木条靶射箭,136,9,1142200,0,0,8,0,0,8,0,0
3075,陈旧的 最强的盾牌,136,10,1027200,0,0,8,0,0,8,0,0
3076,陈旧的 最强的用具,136,11,1092200,0,0,8,0,0,8,0,0
3077,轻便的护头具,140,0,2110000,0,0,8,0,0,8,0,0
3078,轻便的 面具,140,1,2113000,0,0,8,0,0,8,0,0
3079,轻便的 头盔,140,2,2116000,0,0,8,0,0,8,0,0
3080,轻便的心脏守护者具,140,3,2120000,0,0,8,0,0,8,0,0
3081,轻便的 心脏守护者具,140,4,2123000,0,0,8,0,0,8,0,0
3082,轻便的 胸甲,140,5,2126000,0,0,8,0,0,8,0,0
3083,轻便的护手具,140,6,2130000,0,0,8,0,0,8,0,0
3084,轻便的 穿甲胄,140,7,2133000,0,0,8,0,0,8,0,0
3085,轻便的 护手具,140,8,2136000,0,0,8,0,0,8,0,0
3086,轻便的 护腿具,140,9,2140000,0,0,8,0,0,8,0,0
3087,轻便的 腿部守护者具,140,10,2143000,0,0,8,0,0,8,0,0
3088,轻便的 腿铠甲,140,11,2146000,0,0,8,0,0,8,0,0
3089,轻便的 护脚具,140,12,2150000,0,0,8,0,0,8,0,0
3090,轻便的 脚部守护者具,140,13,2153000,0,0,8,0,0,8,0,0
3091,轻便的 高筒靴,140,14,2156000,0,0,8,0,0,8,0,0
3092,厚厚的护头具,140,15,2110100,0,0,8,0,0,8,0,0
3093,厚厚的 面具,140,16,2113100,0,0,8,0,0,8,0,0
3094,厚厚的 头盔,140,17,2116100,0,0,8,0,0,8,0,0
3095,厚厚的心脏守护者具,140,18,2120100,0,0,8,0,0,8,0,0
3096,厚厚的 心脏守护者具,140,19,2123100,0,0,8,0,0,8,0,0
3097,厚厚的 胸甲,140,20,2126100,0,0,8,0,0,8,0,0
3098,厚厚的护手具,140,21,2130100,0,0,8,0,0,8,0,0
3099,厚厚的 穿甲胄,140,22,2133100,0,0,8,0,0,8,0,0
3100,厚厚的 护手具,140,23,2136100,0,0,8,0,0,8,0,0
3101,厚厚的 护腿具,140,24,2140100,0,0,8,0,0,8,0,0
3102,厚厚的 腿部守护者具,140,25,2143100,0,0,8,0,0,8,0,0
3103,厚厚的 腿铠甲,140,26,2146100,0,0,8,0,0,8,0,0
3104,厚厚的 护脚具,140,27,2150100,0,0,8,0,0,8,0,0
3105,厚厚的 脚部守护者具,140,28,2153100,0,0,8,0,0,8,0,0
3106,厚厚的 高筒靴,140,29,2156100,0,0,8,0,0,8,0,0
3107,强化的护头具,140,30,2110200,0,0,8,0,0,8,0,0
3108,强化的 面具,140,31,2113200,0,0,8,0,0,8,0,0
3109,强化的 头盔,140,32,2116200,0,0,8,0,0,8,0,0
3110,强化的心脏守护者具,140,33,2120200,0,0,8,0,0,8,0,0
3111,强化的 心脏守护者具,140,34,2123200,0,0,8,0,0,8,0,0
3112,强化的 胸甲,140,35,2126200,0,0,8,0,0,8,0,0
3113,强化的护手具,140,36,2130200,0,0,8,0,0,8,0,0
3114,强化的 穿甲胄,140,37,2133200,0,0,8,0,0,8,0,0
3115,强化的 护手具,140,38,2136200,0,0,8,0,0,8,0,0
3116,强化的 护腿具,140,39,2140200,0,0,8,0,0,8,0,0
3117,强化的 腿部守护者具,140,40,2143200,0,0,8,0,0,8,0,0
3118,强化的 腿铠甲,140,41,2146200,0,0,8,0,0,8,0,0
3119,强化的 护脚具,140,42,2150200,0,0,8,0,0,8,0,0
3120,强化的 脚部守护者具,140,43,2153200,0,0,8,0,0,8,0,0
3121,强化的 高筒靴,140,44,2156200,0,0,8,0,0,8,0,0
3122,有光泽的护头具,141,0,2110300,0,0,8,0,0,8,0,0
3123,有光泽的 面具,141,1,2113300,0,0,8,0,0,8,0,0
3124,有光泽的 头盔,141,2,2116300,0,0,8,0,0,8,0,0
3125,有光泽的心脏守护者具,141,3,2120300,0,0,8,0,0,8,0,0
3126,有光泽的 心脏守护者具,141,4,2123300,0,0,8,0,0,8,0,0
3127,有光泽的 胸甲,141,5,2126300,0,0,8,0,0,8,0,0
3128,有光泽的护手具,141,6,2130300,0,0,8,0,0,8,0,0
3129,有光泽的 穿甲胄,141,7,2133300,0,0,8,0,0,8,0,0
3130,有光泽的 护手具,141,8,2136300,0,0,8,0,0,8,0,0
3131,有光泽的 护腿具,141,9,2140300,0,0,8,0,0,8,0,0
3132,有光泽的 腿部守护者具,141,10,2143300,0,0,8,0,0,8,0,0
3133,有光泽的 腿铠甲,141,11,2146300,0,0,8,0,0,8,0,0
3134,有光泽的 护脚具,141,12,2150300,0,0,8,0,0,8,0,0
3135,有光泽的 脚部守护者具,141,13,2153300,0,0,8,0,0,8,0,0
3136,有光泽的 高筒靴,141,14,2156300,0,0,8,0,0,8,0,0
3137,值得信赖的护头具,141,15,2110400,0,0,8,0,0,8,0,0
3138,值得信赖的 面具,141,16,2113400,0,0,8,0,0,8,0,0
3139,值得信赖的 头盔,141,17,2116400,0,0,8,0,0,8,0,0
3140,值得信赖的心脏守护者具,141,18,2120400,0,0,8,0,0,8,0,0
3141,值得信赖的 心脏守护者具,141,19,2123400,0,0,8,0,0,8,0,0
3142,值得信赖的 胸甲,141,20,2126400,0,0,8,0,0,8,0,0
3143,值得信赖的护手具,141,21,2130400,0,0,8,0,0,8,0,0
3144,值得信赖的 穿甲胄,141,22,2133400,0,0,8,0,0,8,0,0
3145,值得信赖的 护手具,141,23,2136400,0,0,8,0,0,8,0,0
3146,值得信赖的 护腿具,141,24,2140400,0,0,8,0,0,8,0,0
3147,值得信赖的 腿部守护者具,141,25,2143400,0,0,8,0,0,8,0,0
3148,值得信赖的 腿铠甲,141,26,2146400,0,0,8,0,0,8,0,0
3149,值得信赖的 护脚具,141,27,2150400,0,0,8,0,0,8,0,0
3150,值得信赖的 脚部守护者具,141,28,2153400,0,0,8,0,0,8,0,0
3151,值得信赖的 高筒靴,141,29,2156400,0,0,8,0,0,8,0,0
3152,神秘的护头具,142,0,2110500,0,0,8,0,0,8,0,0
3153,神秘的 面具,142,1,2113500,0,0,8,0,0,8,0,0
3154,神秘的 头盔,142,2,2116500,0,0,8,0,0,8,0,0
3155,神秘的心脏守护者具,142,3,2120500,0,0,8,0,0,8,0,0
3156,神秘的 心脏守护者具,142,4,2123500,0,0,8,0,0,8,0,0
3157,神秘的 胸甲,142,5,2126500,0,0,8,0,0,8,0,0
3158,神秘的护手具,142,6,2130500,0,0,8,0,0,8,0,0
3159,神秘的 穿甲胄,142,7,2133500,0,0,8,0,0,8,0,0
3160,神秘的 护手具,142,8,2136500,0,0,8,0,0,8,0,0
3161,神秘的 护腿具,142,9,2140500,0,0,8,0,0,8,0,0
3162,神秘的 腿部守护者具,142,10,2143500,0,0,8,0,0,8,0,0
3163,神秘的 腿铠甲,142,11,2146500,0,0,8,0,0,8,0,0
3164,神秘的 护脚具,142,12,2150500,0,0,8,0,0,8,0,0
3165,神秘的 脚部守护者具,142,13,2153500,0,0,8,0,0,8,0,0
3166,神秘的 高筒靴,142,14,2156500,0,0,8,0,0,8,0,0
3167,凝结的护头具,142,15,2110600,0,0,8,0,0,8,0,0
3168,凝结的 面具,142,16,2113600,0,0,8,0,0,8,0,0
3169,凝结的 头盔,142,17,2116600,0,0,8,0,0,8,0,0
3170,凝结的心脏守护者具,142,18,2120600,0,0,8,0,0,8,0,0
3171,凝结的 心脏守护者具,142,19,2123600,0,0,8,0,0,8,0,0
3172,凝结的 胸甲,142,20,2126600,0,0,8,0,0,8,0,0
3173,凝结的护手具,142,21,2130600,0,0,8,0,0,8,0,0
3174,凝结的 穿甲胄,142,22,2133600,0,0,8,0,0,8,0,0
3175,凝结的 护手具,142,23,2136600,0,0,8,0,0,8,0,0
3176,凝结的 护腿具,142,24,2140600,0,0,8,0,0,8,0,0
3177,凝结的 腿部守护者具,142,25,2143600,0,0,8,0,0,8,0,0
3178,凝结的 腿铠甲,142,26,2146600,0,0,8,0,0,8,0,0
3179,凝结的 护脚具,142,27,2150600,0,0,8,0,0,8,0,0
3180,凝结的 脚部守护者具,142,28,2153600,0,0,8,0,0,8,0,0
3181,凝结的 高筒靴,142,29,2156600,0,0,8,0,0,8,0,0
3182,陈旧的 忍耐的 马甲 头部守护者具,143,0,2110700,0,0,8,0,0,8,0,0
3183,陈旧的 忍耐的 颈甲 头盔,143,1,2113700,0,0,8,0,0,8,0,0
3184,陈旧的 忍耐的 重甲 头盔,143,2,2116700,0,0,8,0,0,8,0,0
3185,陈旧的 忍耐的 马甲 心脏守护者具,143,3,2120700,0,0,8,0,0,8,0,0
3186,陈旧的 忍耐的 颈甲 铠甲,143,4,2123700,0,0,8,0,0,8,0,0
3187,陈旧的 忍耐的 重甲 铠甲,143,5,2126700,0,0,8,0,0,8,0,0
3188,陈旧的 忍耐的 马甲护手具,143,6,2130700,0,0,8,0,0,8,0,0
3189,陈旧的 忍耐的 颈甲 穿甲胄,143,7,2133700,0,0,8,0,0,8,0,0
3190,陈旧的 忍耐的 重甲 穿甲胄,143,8,2136700,0,0,8,0,0,8,0,0
3191,陈旧的 忍耐的 马甲 护腿具,143,9,2140700,0,0,8,0,0,8,0,0
3192,陈旧的 忍耐的 颈甲 腿铠甲,143,10,2143700,0,0,8,0,0,8,0,0
3193,陈旧的 忍耐的 重甲 腿铠甲,143,11,2146700,0,0,8,0,0,8,0,0
3194,陈旧的 忍耐的 马甲 护脚具,143,12,2150700,0,0,8,0,0,8,0,0
3195,陈旧的 忍耐的 颈甲 高筒靴,143,13,2153700,0,0,8,0,0,8,0,0
3196,陈旧的 忍耐的 重甲 高筒靴,143,14,2156700,0,0,8,0,0,8,0,0
3197,陈旧的 忍耐的 披风,143,15,2160700,0,0,8,0,0,8,0,0
3198,陈旧的 皮质 马甲 头部守护者具,143,16,2110800,0,0,8,0,0,8,0,0
3199,陈旧的 皮质 颈甲 头盔,143,17,2113800,0,0,8,0,0,8,0,0
3200,陈旧的 皮质 重甲 头盔,143,18,2116800,0,0,8,0,0,8,0,0
3201,陈旧的 皮质 马甲 心脏守护者具,143,19,2120800,0,0,8,0,0,8,0,0
3202,陈旧的 皮质 颈甲 铠甲,143,20,2123800,0,0,8,0,0,8,0,0
3203,陈旧的 皮质 重甲 铠甲,143,21,2126800,0,0,8,0,0,8,0,0
3204,陈旧的 皮质 马甲护手具,143,22,2130800,0,0,8,0,0,8,0,0
3205,陈旧的 皮质 颈甲 穿甲胄,143,23,2133800,0,0,8,0,0,8,0,0
3206,陈旧的 皮质 重甲 穿甲胄,143,24,2136800,0,0,8,0,0,8,0,0
3207,陈旧的 皮质 马甲 护腿具,143,25,2140800,0,0,8,0,0,8,0,0
3208,陈旧的 皮质 颈甲 腿铠甲,143,26,2143800,0,0,8,0,0,8,0,0
3209,陈旧的 皮质 重甲 腿铠甲,143,27,2146800,0,0,8,0,0,8,0,0
3210,陈旧的 皮质 马甲 护脚具,143,28,2150800,0,0,8,0,0,8,0,0
3211,陈旧的 皮质 颈甲 高筒靴,143,29,2153800,0,0,8,0,0,8,0,0
3212,陈旧的 皮质 重甲 高筒靴,143,30,2156800,0,0,8,0,0,8,0,0
3213,陈旧的 皮质 披风,143,31,2160800,0,0,8,0,0,8,0,0
3214,陈旧的 守护者 马甲 头部守护者具,143,32,2110900,0,0,8,0,0,8,0,0
3215,陈旧的 守护者 颈甲 头盔,143,33,2113900,0,0,8,0,0,8,0,0
3216,陈旧的 守护者 重甲 头盔,143,34,2116900,0,0,8,0,0,8,0,0
3217,陈旧的 守护者 马甲 心脏守护者具,143,35,2120900,0,0,8,0,0,8,0,0
3218,陈旧的 守护者 颈甲 铠甲,143,36,2123900,0,0,8,0,0,8,0,0
3219,陈旧的 守护者 重甲 铠甲,143,37,2126900,0,0,8,0,0,8,0,0
3220,陈旧的 守护者 马甲护手具,143,38,2130900,0,0,8,0,0,8,0,0
3221,陈旧的 守护者 颈甲 穿甲胄,143,39,2133900,0,0,8,0,0,8,0,0
3222,陈旧的 守护者 重甲 穿甲胄,143,40,2136900,0,0,8,0,0,8,0,0
3223,陈旧的 守护者 马甲 护腿具,143,41,2140900,0,0,8,0,0,8,0,0
3224,陈旧的 守护者 颈甲 腿铠甲,143,42,2143900,0,0,8,0,0,8,0,0
3225,陈旧的 守护者 重甲 腿铠甲,143,43,2146900,0,0,8,0,0,8,0,0
3226,陈旧的 守护者 马甲 护脚具,143,44,2150900,0,0,8,0,0,8,0,0
3227,陈旧的 守护者 颈甲 高筒靴,143,45,2153900,0,0,8,0,0,8,0,0
3228,陈旧的 守护者 重甲 高筒靴,143,46,2156900,0,0,8,0,0,8,0,0
3229,陈旧的 守护者 披风,143,47,2160900,0,0,8,0,0,8,0,0
3230,陈旧的 骑士大将护头具,143,48,2111000,0,0,8,0,0,8,0,0
3231,陈旧的 骑士大将 头部守护者具,143,49,2114000,0,0,8,0,0,8,0,0
3232,陈旧的 骑士大将 头盔,143,50,2117000,0,0,8,0,0,8,0,0
3233,陈旧的 骑士大将心脏守护者具,143,51,2121000,0,0,8,0,0,8,0,0
3234,陈旧的 骑士大将 心脏守护者具,143,52,2124000,0,0,8,0,0,8,0,0
3235,陈旧的 骑士大将 胸甲,143,53,2127000,0,0,8,0,0,8,0,0
3236,陈旧的 骑士大将护手具,143,54,2131000,0,0,8,0,0,8,0,0
3237,陈旧的 骑士大将 护手具,143,55,2134000,0,0,8,0,0,8,0,0
3238,陈旧的 骑士大将 护手具,143,56,2137000,0,0,8,0,0,8,0,0
3239,陈旧的 骑士大将 护腰具,143,57,2141000,0,0,8,0,0,8,0,0
3240,陈旧的 骑士大将 护腰具,143,58,2144000,0,0,8,0,0,8,0,0
3241,陈旧的 骑士大将 腰带,143,59,2147000,0,0,8,0,0,8,0,0
3242,陈旧的 骑士大将 护脚具,143,60,2151000,0,0,8,0,0,8,0,0
3243,陈旧的 骑士大将 脚部守护者具,143,61,2154000,0,0,8,0,0,8,0,0
3244,陈旧的 骑士大将 高筒靴,143,62,2157000,0,0,8,0,0,8,0,0
3245,陈旧的 骑士大将 披风,143,63,2161000,0,0,8,0,0,8,0,0
3246,陈旧的 将军的护头具,143,64,2111100,0,0,8,0,0,8,0,0
3247,陈旧的 将军的 头部守护者具,143,65,2114100,0,0,8,0,0,8,0,0
3248,陈旧的 将军的 头盔,143,66,2117100,0,0,8,0,0,8,0,0
3249,陈旧的 将军的心脏守护者具,143,67,2121100,0,0,8,0,0,8,0,0
3250,陈旧的 将军的 心脏守护者具,143,68,2124100,0,0,8,0,0,8,0,0
3251,陈旧的 将军的 胸甲,143,69,2127100,0,0,8,0,0,8,0,0
3252,陈旧的 将军的护手具,143,70,2131100,0,0,8,0,0,8,0,0
3253,陈旧的 将军的 护手具,143,71,2134100,0,0,8,0,0,8,0,0
3254,陈旧的 将军的 护手具,143,72,2137100,0,0,8,0,0,8,0,0
3255,陈旧的 将军的 护腰具,143,73,2141100,0,0,8,0,0,8,0,0
3256,陈旧的 将军的 护腰具,143,74,2144100,0,0,8,0,0,8,0,0
3257,陈旧的 将军的 腰带,143,75,2147100,0,0,8,0,0,8,0,0
3258,陈旧的 将军的 护脚具,143,76,2151100,0,0,8,0,0,8,0,0
3259,陈旧的 将军的 脚部守护者具,143,77,2154100,0,0,8,0,0,8,0,0
3260,陈旧的 将军的 高筒靴,143,78,2157100,0,0,8,0,0,8,0,0
3261,陈旧的 将军的 披风,143,79,2161100,0,0,8,0,0,8,0,0
3262,陈旧的 将军的护头具,144,0,2111000,0,0,8,0,0,8,0,0
3263,陈旧的 骑士大将 头部守护者具,144,1,2114000,0,0,8,0,0,8,0,0
3264,陈旧的 将军的 头部守护者具,144,2,2117000,0,0,8,0,0,8,0,0
3265,陈旧的 骑士大将 头盔,144,3,2121000,0,0,8,0,0,8,0,0
3266,陈旧的 将军的 头盔,144,4,2124000,0,0,8,0,0,8,0,0
3267,陈旧的 骑士大将心脏守护者具,144,5,2127000,0,0,8,0,0,8,0,0
3268,陈旧的 将军的心脏守护者具,144,6,2131000,0,0,8,0,0,8,0,0
3269,陈旧的 骑士大将 心脏守护者具,144,7,2134000,0,0,8,0,0,8,0,0
3270,陈旧的 将军的 心脏守护者具,144,8,2137000,0,0,8,0,0,8,0,0
3271,陈旧的 骑士大将 胸甲,144,9,2141000,0,0,8,0,0,8,0,0
3272,陈旧的 将军的 胸甲,144,10,2144000,0,0,8,0,0,8,0,0
3273,陈旧的 骑士大将护手具,144,11,2147000,0,0,8,0,0,8,0,0
3274,陈旧的 将军的护手具,144,12,2151000,0,0,8,0,0,8,0,0
3275,陈旧的 骑士大将 护手具,144,13,2154000,0,0,8,0,0,8,0,0
3276,陈旧的 将军的 护手具,144,14,2157000,0,0,8,0,0,8,0,0
3277,陈旧的 骑士大将 护手具,144,15,2161000,0,0,8,0,0,8,0,0
3278,陈旧的 将军的 护手具,144,16,2111100,0,0,8,0,0,8,0,0
3279,陈旧的 骑士大将 护腰具,144,17,2114100,0,0,8,0,0,8,0,0
3280,陈旧的 将军的 护腰具,144,18,2117100,0,0,8,0,0,8,0,0
3281,陈旧的 骑士大将 护腰具,144,19,2121100,0,0,8,0,0,8,0,0
3282,陈旧的 将军的 护腰具,144,20,2124100,0,0,8,0,0,8,0,0
3283,陈旧的 骑士大将 腰带,144,21,2127100,0,0,8,0,0,8,0,0
3284,陈旧的 将军的 腰带,144,22,2131100,0,0,8,0,0,8,0,0
3285,陈旧的 骑士大将 护脚具,144,23,2134100,0,0,8,0,0,8,0,0
3286,陈旧的 将军的 护脚具,144,24,2137100,0,0,8,0,0,8,0,0
3287,陈旧的 骑士大将 脚部守护者具,144,25,2141100,0,0,8,0,0,8,0,0
3288,陈旧的 将军的 脚部守护者具,144,26,2144100,0,0,8,0,0,8,0,0
3289,陈旧的 骑士大将 高筒靴,144,27,2147100,0,0,8,0,0,8,0,0
3290,陈旧的 将军的 高筒靴,144,28,2151100,0,0,8,0,0,8,0,0
3291,陈旧的 将军的 披风,144,29,2154100,0,0,8,0,0,8,0,0
3292,陈旧的 骑士大将 披风,144,30,2157100,0,0,8,0,0,8,0,0
3293,陈旧的 将军的 披风,144,31,2161100,0,0,8,0,0,8,0,0
3294,陈旧的 管理人员的 马甲 头部守护者具,145,0,2111200,0,0,8,0,0,8,0,0
3295,陈旧的 管理人员的 颈甲 头盔,145,1,2114200,0,0,8,0,0,8,0,0
3296,陈旧的 管理人员的 重甲 头盔,145,2,2117200,0,0,8,0,0,8,0,0
3297,陈旧的 管理人员的 马甲 心脏守护者具,145,3,2121200,0,0,8,0,0,8,0,0
3298,陈旧的 管理人员的 颈甲 铠甲,145,4,2124200,0,0,8,0,0,8,0,0
3299,陈旧的 管理人员的 重甲 铠甲,145,5,2127200,0,0,8,0,0,8,0,0
3300,陈旧的 管理人员的 马甲护手具,145,6,2131200,0,0,8,0,0,8,0,0
3301,陈旧的 管理人员的 颈甲 穿甲胄,145,7,2134200,0,0,8,0,0,8,0,0
3302,陈旧的 管理人员的 重甲 穿甲胄,145,8,2137200,0,0,8,0,0,8,0,0
3303,陈旧的 管理人员的 马甲 护腿具,145,9,2141200,0,0,8,0,0,8,0,0
3304,陈旧的 管理人员的 颈甲 腿铠甲,145,10,2144200,0,0,8,0,0,8,0,0
3305,陈旧的 管理人员的 重甲 腿铠甲,145,11,2147200,0,0,8,0,0,8,0,0
3306,陈旧的 管理人员的 马甲 护脚具,145,12,2151200,0,0,8,0,0,8,0,0
3307,陈旧的 管理人员的 颈甲 高筒靴,145,13,2154200,0,0,8,0,0,8,0,0
3308,陈旧的 管理人员的 重甲 高筒靴,145,14,2157200,0,0,8,0,0,8,0,0
3309,陈旧的 管理人员的 披风,145,15,2161200,0,0,8,0,0,8,0,0
3310,陈旧的 管理人员的 马甲 头部守护者具,145,16,2111300,0,0,8,0,0,8,0,0
3311,陈旧的 管理人员的 颈甲 头盔,145,17,2114300,0,0,8,0,0,8,0,0
3312,陈旧的 管理人员的 重甲 头盔,145,18,2117300,0,0,8,0,0,8,0,0
3313,陈旧的 管理人员的 马甲 心脏守护者具,145,19,2121300,0,0,8,0,0,8,0,0
3314,陈旧的 管理人员的 颈甲 铠甲,145,20,2124300,0,0,8,0,0,8,0,0
3315,陈旧的 管理人员的 重甲 铠甲,145,21,2127300,0,0,8,0,0,8,0,0
3316,陈旧的 管理人员的 马甲护手具,145,22,2131300,0,0,8,0,0,8,0,0
3317,陈旧的 管理人员的 颈甲 穿甲胄,145,23,2134300,0,0,8,0,0,8,0,0
3318,陈旧的 管理人员的 重甲 穿甲胄,145,24,2137300,0,0,8,0,0,8,0,0
3319,陈旧的 管理人员的 马甲 护腿具,145,25,2141300,0,0,8,0,0,8,0,0
3320,陈旧的 管理人员的 颈甲 腿铠甲,145,26,2144300,0,0,8,0,0,8,0,0
3321,陈旧的 管理人员的 重甲 腿铠甲,145,27,2147300,0,0,8,0,0,8,0,0
3322,陈旧的 管理人员的 马甲 护脚具,145,28,2151300,0,0,8,0,0,8,0,0
3323,陈旧的 管理人员的 颈甲 高筒靴,145,29,2154300,0,0,8,0,0,8,0,0
3324,陈旧的 管理人员的 重甲 高筒靴,145,30,2157300,0,0,8,0,0,8,0,0
3325,陈旧的 管理人员的 披风,145,31,2161300,0,0,8,0,0,8,0,0
3326,陈旧的 管理人员的 马甲 头部守护者具,146,0,2111400,0,0,8,0,0,8,0,0
3327,陈旧的 管理人员的 颈甲 头盔,146,1,2114400,0,0,8,0,0,8,0,0
3328,陈旧的 管理人员的 重甲 头盔,146,2,2117400,0,0,8,0,0,8,0,0
3329,陈旧的 管理人员的 马甲 心脏守护者具,146,3,2121400,0,0,8,0,0,8,0,0
3330,陈旧的 管理人员的 颈甲 铠甲,146,4,2124400,0,0,8,0,0,8,0,0
3331,陈旧的 管理人员的 重甲 铠甲,146,5,2127400,0,0,8,0,0,8,0,0
3332,陈旧的 管理人员的 马甲护手具,146,6,2131400,0,0,8,0,0,8,0,0
3333,陈旧的 管理人员的 颈甲 穿甲胄,146,7,2134400,0,0,8,0,0,8,0,0
3334,陈旧的 管理人员的 重甲 穿甲胄,146,8,2137400,0,0,8,0,0,8,0,0
3335,陈旧的 管理人员的 马甲 护腿具,146,9,2141400,0,0,8,0,0,8,0,0
3336,陈旧的 管理人员的 颈甲 腿铠甲,146,10,2144400,0,0,8,0,0,8,0,0
3337,陈旧的 管理人员的 重甲 腿铠甲,146,11,2147400,0,0,8,0,0,8,0,0
3338,陈旧的 管理人员的 马甲 护脚具,146,12,2151400,0,0,8,0,0,8,0,0
3339,陈旧的 管理人员的 颈甲 高筒靴,146,13,2154400,0,0,8,0,0,8,0,0
3340,陈旧的 管理人员的 重甲 高筒靴,146,14,2157400,0,0,8,0,0,8,0,0
3341,陈旧的 管理人员的 披风,146,15,2161400,0,0,8,0,0,8,0,0
3342,陈旧的 管理人员的 马甲 头部守护者具,146,16,2111500,0,0,8,0,0,8,0,0
3343,陈旧的 管理人员的 颈甲 头盔,146,17,2114500,0,0,8,0,0,8,0,0
3344,陈旧的 管理人员的 重甲 头盔,146,18,2117500,0,0,8,0,0,8,0,0
3345,陈旧的 管理人员的 马甲 心脏守护者具,146,19,2121500,0,0,8,0,0,8,0,0
3346,陈旧的 管理人员的 颈甲 铠甲,146,20,2124500,0,0,8,0,0,8,0,0
3347,陈旧的 管理人员的 重甲 铠甲,146,21,2127500,0,0,8,0,0,8,0,0
3348,陈旧的 管理人员的 马甲护手具,146,22,2131500,0,0,8,0,0,8,0,0
3349,陈旧的 管理人员的 颈甲 穿甲胄,146,23,2134500,0,0,8,0,0,8,0,0
3350,陈旧的 管理人员的 重甲 穿甲胄,146,24,2137500,0,0,8,0,0,8,0,0
3351,陈旧的 管理人员的 马甲 护腿具,146,25,2141500,0,0,8,0,0,8,0,0
3352,陈旧的 管理人员的 颈甲 腿铠甲,146,26,2144500,0,0,8,0,0,8,0,0
3353,陈旧的 管理人员的 重甲 腿铠甲,146,27,2147500,0,0,8,0,0,8,0,0
3354,陈旧的 管理人员的 马甲 护脚具,146,28,2151500,0,0,8,0,0,8,0,0
3355,陈旧的 管理人员的 颈甲 高筒靴,146,29,2154500,0,0,8,0,0,8,0,0
3356,陈旧的 管理人员的 重甲 高筒靴,146,30,2157500,0,0,8,0,0,8,0,0
3357,陈旧的 管理人员的 披风,146,31,2161500,0,0,8,0,0,8,0,0
3358,轻便的护头具,150,0,2410000,0,0,8,0,0,8,0,0
3359,轻便的 面具,150,1,2413000,0,0,8,0,0,8,0,0
3360,轻便的 头盔,150,2,2416000,0,0,8,0,0,8,0,0
3361,轻便的心脏守护者具,150,3,2420000,0,0,8,0,0,8,0,0
3362,轻便的 心脏守护者具,150,4,2423000,0,0,8,0,0,8,0,0
3363,轻便的 胸甲,150,5,2426000,0,0,8,0,0,8,0,0
3364,轻便的护手具,150,6,2430000,0,0,8,0,0,8,0,0
3365,轻便的 穿甲胄,150,7,2433000,0,0,8,0,0,8,0,0
3366,轻便的 护手具,150,8,2436000,0,0,8,0,0,8,0,0
3367,轻便的 护腿具,150,9,2440000,0,0,8,0,0,8,0,0
3368,轻便的 腿部守护者具,150,10,2443000,0,0,8,0,0,8,0,0
3369,轻便的 腿铠甲,150,11,2446000,0,0,8,0,0,8,0,0
3370,轻便的 护脚具,150,12,2450000,0,0,8,0,0,8,0,0
3371,轻便的 脚部守护者具,150,13,2453000,0,0,8,0,0,8,0,0
3372,轻便的 高筒靴,150,14,2456000,0,0,8,0,0,8,0,0
3373,厚厚的护头具,150,15,2410100,0,0,8,0,0,8,0,0
3374,厚厚的 面具,150,16,2413100,0,0,8,0,0,8,0,0
3375,厚厚的 头盔,150,17,2416100,0,0,8,0,0,8,0,0
3376,厚厚的心脏守护者具,150,18,2420100,0,0,8,0,0,8,0,0
3377,厚厚的 心脏守护者具,150,19,2423100,0,0,8,0,0,8,0,0
3378,厚厚的 胸甲,150,20,2426100,0,0,8,0,0,8,0,0
3379,厚厚的护手具,150,21,2430100,0,0,8,0,0,8,0,0
3380,厚厚的 穿甲胄,150,22,2433100,0,0,8,0,0,8,0,0
3381,厚厚的 护手具,150,23,2436100,0,0,8,0,0,8,0,0
3382,厚厚的 护腿具,150,24,2440100,0,0,8,0,0,8,0,0
3383,厚厚的 腿部守护者具,150,25,2443100,0,0,8,0,0,8,0,0
3384,厚厚的 腿铠甲,150,26,2446100,0,0,8,0,0,8,0,0
3385,厚厚的 护脚具,150,27,2450100,0,0,8,0,0,8,0,0
3386,厚厚的 脚部守护者具,150,28,2453100,0,0,8,0,0,8,0,0
3387,厚厚的 高筒靴,150,29,2456100,0,0,8,0,0,8,0,0
3388,强化的护头具,150,30,2410200,0,0,8,0,0,8,0,0
3389,强化的 面具,150,31,2413200,0,0,8,0,0,8,0,0
3390,强化的 头盔,150,32,2416200,0,0,8,0,0,8,0,0
3391,强化的心脏守护者具,150,33,2420200,0,0,8,0,0,8,0,0
3392,强化的 心脏守护者具,150,34,2423200,0,0,8,0,0,8,0,0
3393,强化的 胸甲,150,35,2426200,0,0,8,0,0,8,0,0
3394,强化的护手具,150,36,2430200,0,0,8,0,0,8,0,0
3395,强化的 穿甲胄,150,37,2433200,0,0,8,0,0,8,0,0
3396,强化的 护手具,150,38,2436200,0,0,8,0,0,8,0,0
3397,强化的 护腿具,150,39,2440200,0,0,8,0,0,8,0,0
3398,强化的 腿部守护者具,150,40,2443200,0,0,8,0,0,8,0,0
3399,强化的 腿铠甲,150,41,2446200,0,0,8,0,0,8,0,0
3400,强化的 护脚具,150,42,2450200,0,0,8,0,0,8,0,0
3401,强化的 脚部守护者具,150,43,2453200,0,0,8,0,0,8,0,0
3402,强化的 高筒靴,150,44,2456200,0,0,8,0,0,8,0,0
3403,有光泽的护头具,151,0,2410300,0,0,8,0,0,8,0,0
3404,有光泽的 面具,151,1,2413300,0,0,8,0,0,8,0,0
3405,有光泽的 头盔,151,2,2416300,0,0,8,0,0,8,0,0
3406,有光泽的心脏守护者具,151,3,2420300,0,0,8,0,0,8,0,0
3407,有光泽的 心脏守护者具,151,4,2423300,0,0,8,0,0,8,0,0
3408,有光泽的 胸甲,151,5,2426300,0,0,8,0,0,8,0,0
3409,有光泽的护手具,151,6,2430300,0,0,8,0,0,8,0,0
3410,有光泽的 穿甲胄,151,7,2433300,0,0,8,0,0,8,0,0
3411,有光泽的 护手具,151,8,2436300,0,0,8,0,0,8,0,0
3412,有光泽的 护腿具,151,9,2440300,0,0,8,0,0,8,0,0
3413,有光泽的 腿部守护者具,151,10,2443300,0,0,8,0,0,8,0,0
3414,有光泽的 腿铠甲,151,11,2446300,0,0,8,0,0,8,0,0
3415,有光泽的 护脚具,151,12,2450300,0,0,8,0,0,8,0,0
3416,有光泽的 脚部守护者具,151,13,2453300,0,0,8,0,0,8,0,0
3417,有光泽的 高筒靴,151,14,2456300,0,0,8,0,0,8,0,0
3418,值得信赖的护头具,151,15,2410400,0,0,8,0,0,8,0,0
3419,值得信赖的 面具,151,16,2413400,0,0,8,0,0,8,0,0
3420,值得信赖的 头盔,151,17,2416400,0,0,8,0,0,8,0,0
3421,值得信赖的心脏守护者具,151,18,2420400,0,0,8,0,0,8,0,0
3422,值得信赖的 心脏守护者具,151,19,2423400,0,0,8,0,0,8,0,0
3423,值得信赖的 胸甲,151,20,2426400,0,0,8,0,0,8,0,0
3424,值得信赖的护手具,151,21,2430400,0,0,8,0,0,8,0,0
3425,值得信赖的 穿甲胄,151,22,2433400,0,0,8,0,0,8,0,0
3426,值得信赖的 护手具,151,23,2436400,0,0,8,0,0,8,0,0
3427,值得信赖的 护腿具,151,24,2440400,0,0,8,0,0,8,0,0
3428,值得信赖的 腿部守护者具,151,25,2443400,0,0,8,0,0,8,0,0
3429,值得信赖的 腿铠甲,151,26,2446400,0,0,8,0,0,8,0,0
3430,值得信赖的 护脚具,151,27,2450400,0,0,8,0,0,8,0,0
3431,值得信赖的 脚部守护者具,151,28,2453400,0,0,8,0,0,8,0,0
3432,值得信赖的 高筒靴,151,29,2456400,0,0,8,0,0,8,0,0
3433,神秘的护头具,152,0,2410500,0,0,8,0,0,8,0,0
3434,神秘的 面具,152,1,2413500,0,0,8,0,0,8,0,0
3435,神秘的 头盔,152,2,2416500,0,0,8,0,0,8,0,0
3436,神秘的心脏守护者具,152,3,2420500,0,0,8,0,0,8,0,0
3437,神秘的 心脏守护者具,152,4,2423500,0,0,8,0,0,8,0,0
3438,神秘的 胸甲,152,5,2426500,0,0,8,0,0,8,0,0
3439,神秘的护手具,152,6,2430500,0,0,8,0,0,8,0,0
3440,神秘的 穿甲胄,152,7,2433500,0,0,8,0,0,8,0,0
3441,神秘的 护手具,152,8,2436500,0,0,8,0,0,8,0,0
3442,神秘的 护腿具,152,9,2440500,0,0,8,0,0,8,0,0
3443,神秘的 腿部守护者具,152,10,2443500,0,0,8,0,0,8,0,0
3444,神秘的 腿铠甲,152,11,2446500,0,0,8,0,0,8,0,0
3445,神秘的 护脚具,152,12,2450500,0,0,8,0,0,8,0,0
3446,神秘的 脚部守护者具,152,13,2453500,0,0,8,0,0,8,0,0
3447,神秘的 高筒靴,152,14,2456500,0,0,8,0,0,8,0,0
3448,凝结的护头具,152,15,2410600,0,0,8,0,0,8,0,0
3449,凝结的 面具,152,16,2413600,0,0,8,0,0,8,0,0
3450,凝结的 头盔,152,17,2416600,0,0,8,0,0,8,0,0
3451,凝结的心脏守护者具,152,18,2420600,0,0,8,0,0,8,0,0
3452,凝结的 心脏守护者具,152,19,2423600,0,0,8,0,0,8,0,0
3453,凝结的 胸甲,152,20,2426600,0,0,8,0,0,8,0,0
3454,凝结的护手具,152,21,2430600,0,0,8,0,0,8,0,0
3455,凝结的 穿甲胄,152,22,2433600,0,0,8,0,0,8,0,0
3456,凝结的 护手具,152,23,2436600,0,0,8,0,0,8,0,0
3457,凝结的 护腿具,152,24,2440600,0,0,8,0,0,8,0,0
3458,凝结的 腿部守护者具,152,25,2443600,0,0,8,0,0,8,0,0
3459,凝结的 腿铠甲,152,26,2446600,0,0,8,0,0,8,0,0
3460,凝结的 护脚具,152,27,2450600,0,0,8,0,0,8,0,0
3461,凝结的 脚部守护者具,152,28,2453600,0,0,8,0,0,8,0,0
3462,凝结的 高筒靴,152,29,2456600,0,0,8,0,0,8,0,0
3463,陈旧的 忍耐的 马甲 头部守护者具,153,0,2410700,0,0,8,0,0,8,0,0
3464,陈旧的 忍耐的 颈甲 头盔,153,1,2413700,0,0,8,0,0,8,0,0
3465,陈旧的 忍耐的 重甲 头盔,153,2,2416700,0,0,8,0,0,8,0,0
3466,陈旧的 忍耐的 马甲 心脏守护者具,153,3,2420700,0,0,8,0,0,8,0,0
3467,陈旧的 忍耐的 颈甲 铠甲,153,4,2423700,0,0,8,0,0,8,0,0
3468,陈旧的 忍耐的 重甲 铠甲,153,5,2426700,0,0,8,0,0,8,0,0
3469,陈旧的 忍耐的 马甲护手具,153,6,2430700,0,0,8,0,0,8,0,0
3470,陈旧的 忍耐的 颈甲 穿甲胄,153,7,2433700,0,0,8,0,0,8,0,0
3471,陈旧的 忍耐的 重甲 穿甲胄,153,8,2436700,0,0,8,0,0,8,0,0
3472,陈旧的 忍耐的 马甲 护腿具,153,9,2440700,0,0,8,0,0,8,0,0
3473,陈旧的 忍耐的 颈甲 腿铠甲,153,10,2443700,0,0,8,0,0,8,0,0
3474,陈旧的 忍耐的 重甲 腿铠甲,153,11,2446700,0,0,8,0,0,8,0,0
3475,陈旧的 忍耐的 马甲 护脚具,153,12,2450700,0,0,8,0,0,8,0,0
3476,陈旧的 忍耐的 颈甲 高筒靴,153,13,2453700,0,0,8,0,0,8,0,0
3477,陈旧的 忍耐的 重甲 高筒靴,153,14,2456700,0,0,8,0,0,8,0,0
3478,陈旧的 忍耐的 披风,153,15,2460700,0,0,8,0,0,8,0,0
3479,陈旧的 皮质 马甲 头部守护者具,153,16,2410800,0,0,8,0,0,8,0,0
3480,陈旧的 皮质 颈甲 头盔,153,17,2413800,0,0,8,0,0,8,0,0
3481,陈旧的 皮质 重甲 头盔,153,18,2416800,0,0,8,0,0,8,0,0
3482,陈旧的 皮质 马甲 心脏守护者具,153,19,2420800,0,0,8,0,0,8,0,0
3483,陈旧的 皮质 颈甲 铠甲,153,20,2423800,0,0,8,0,0,8,0,0
3484,陈旧的 皮质 重甲 铠甲,153,21,2426800,0,0,8,0,0,8,0,0
3485,陈旧的 皮质 马甲护手具,153,22,2430800,0,0,8,0,0,8,0,0
3486,陈旧的 皮质 颈甲 穿甲胄,153,23,2433800,0,0,8,0,0,8,0,0
3487,陈旧的 皮质 重甲 穿甲胄,153,24,2436800,0,0,8,0,0,8,0,0
3488,陈旧的 皮质 马甲 护腿具,153,25,2440800,0,0,8,0,0,8,0,0
3489,陈旧的 皮质 颈甲 腿铠甲,153,26,2443800,0,0,8,0,0,8,0,0
3490,陈旧的 皮质 重甲 腿铠甲,153,27,2446800,0,0,8,0,0,8,0,0
3491,陈旧的 皮质 马甲 护脚具,153,28,2450800,0,0,8,0,0,8,0,0
3492,陈旧的 皮质 颈甲 高筒靴,153,29,2453800,0,0,8,0,0,8,0,0
3493,陈旧的 皮质 重甲 高筒靴,153,30,2456800,0,0,8,0,0,8,0,0
3494,陈旧的 皮质 披风,153,31,2460800,0,0,8,0,0,8,0,0
3495,陈旧的 守护者 马甲 头部守护者具,153,32,2410900,0,0,8,0,0,8,0,0
3496,陈旧的 守护者 颈甲 头盔,153,33,2413900,0,0,8,0,0,8,0,0
3497,陈旧的 守护者 重甲 头盔,153,34,2416900,0,0,8,0,0,8,0,0
3498,陈旧的 守护者 马甲 心脏守护者具,153,35,2420900,0,0,8,0,0,8,0,0
3499,陈旧的 守护者 颈甲 铠甲,153,36,2423900,0,0,8,0,0,8,0,0
3500,陈旧的 守护者 重甲 铠甲,153,37,2426900,0,0,8,0,0,8,0,0
3501,陈旧的 守护者 马甲护手具,153,38,2430900,0,0,8,0,0,8,0,0
3502,陈旧的 守护者 颈甲 穿甲胄,153,39,2433900,0,0,8,0,0,8,0,0
3503,陈旧的 守护者 重甲 穿甲胄,153,40,2436900,0,0,8,0,0,8,0,0
3504,陈旧的 守护者 马甲 护腿具,153,41,2440900,0,0,8,0,0,8,0,0
3505,陈旧的 守护者 颈甲 腿铠甲,153,42,2443900,0,0,8,0,0,8,0,0
3506,陈旧的 守护者 重甲 腿铠甲,153,43,2446900,0,0,8,0,0,8,0,0
3507,陈旧的 守护者 马甲 护脚具,153,44,2450900,0,0,8,0,0,8,0,0
3508,陈旧的 守护者 颈甲 高筒靴,153,45,2453900,0,0,8,0,0,8,0,0
3509,陈旧的 守护者 重甲 高筒靴,153,46,2456900,0,0,8,0,0,8,0,0
3510,陈旧的 守护者 披风,153,47,2460900,0,0,8,0,0,8,0,0
3511,陈旧的 守护者的 马甲 头部守护者具,153,48,2411000,0,0,8,0,0,8,0,0
3512,陈旧的 守护者的 颈甲 头盔,153,49,2414000,0,0,8,0,0,8,0,0
3513,陈旧的 守护者的 重甲 头盔,153,50,2417000,0,0,8,0,0,8,0,0
3514,陈旧的 守护者的 马甲 心脏守护者具,153,51,2421000,0,0,8,0,0,8,0,0
3515,陈旧的 守护者的 颈甲 铠甲,153,52,2424000,0,0,8,0,0,8,0,0
3516,陈旧的 守护者的 重甲 铠甲,153,53,2427000,0,0,8,0,0,8,0,0
3517,陈旧的 守护者的 马甲护手具,153,54,2431000,0,0,8,0,0,8,0,0
3518,陈旧的 守护者的 颈甲 穿甲胄,153,55,2434000,0,0,8,0,0,8,0,0
3519,陈旧的 守护者的 重甲 穿甲胄,153,56,2437000,0,0,8,0,0,8,0,0
3520,陈旧的 守护者的 马甲 护腿具,153,57,2441000,0,0,8,0,0,8,0,0
3521,陈旧的 守护者的 颈甲 腿铠甲,153,58,2444000,0,0,8,0,0,8,0,0
3522,陈旧的 守护者的 重甲 腿铠甲,153,59,2447000,0,0,8,0,0,8,0,0
3523,陈旧的 守护者的 马甲 护脚具,153,60,2451000,0,0,8,0,0,8,0,0
3524,陈旧的 守护者的 颈甲 高筒靴,153,61,2454000,0,0,8,0,0,8,0,0
3525,陈旧的 守护者的 重甲 高筒靴,153,62,2457000,0,0,8,0,0,8,0,0
3526,陈旧的 守护者的 披风,153,63,2461000,0,0,8,0,0,8,0,0
3527,陈旧的 管理人员的 马甲 头部守护者具,153,64,2411100,0,0,8,0,0,8,0,0
3528,陈旧的 管理人员的 颈甲 头盔,153,65,2414100,0,0,8,0,0,8,0,0
3529,陈旧的 管理人员的 重甲 头盔,153,66,2417100,0,0,8,0,0,8,0,0
3530,陈旧的 管理人员的 马甲 心脏守护者具,153,67,2421100,0,0,8,0,0,8,0,0
3531,陈旧的 管理人员的 颈甲 铠甲,153,68,2424100,0,0,8,0,0,8,0,0
3532,陈旧的 管理人员的 重甲 铠甲,153,69,2427100,0,0,8,0,0,8,0,0
3533,陈旧的 管理人员的 马甲护手具,153,70,2431100,0,0,8,0,0,8,0,0
3534,陈旧的 管理人员的 颈甲 穿甲胄,153,71,2434100,0,0,8,0,0,8,0,0
3535,陈旧的 管理人员的 重甲 穿甲胄,153,72,2437100,0,0,8,0,0,8,0,0
3536,陈旧的 管理人员的 马甲 护腿具,153,73,2441100,0,0,8,0,0,8,0,0
3537,陈旧的 管理人员的 颈甲 腿铠甲,153,74,2444100,0,0,8,0,0,8,0,0
3538,陈旧的 管理人员的 重甲 腿铠甲,153,75,2447100,0,0,8,0,0,8,0,0
3539,陈旧的 管理人员的 马甲 护脚具,153,76,2451100,0,0,8,0,0,8,0,0
3540,陈旧的 管理人员的 颈甲 高筒靴,153,77,2454100,0,0,8,0,0,8,0,0
3541,陈旧的 管理人员的 重甲 高筒靴,153,78,2457100,0,0,8,0,0,8,0,0
3542,陈旧的 管理人员的 披风,153,79,2461100,0,0,8,0,0,8,0,0
3543,陈旧的 守护者的 马甲 头部守护者具,154,0,2411000,0,0,8,0,0,8,0,0
3544,陈旧的 守护者的 颈甲 头盔,154,1,2414000,0,0,8,0,0,8,0,0
3545,陈旧的 守护者的 重甲 头盔,154,2,2417000,0,0,8,0,0,8,0,0
3546,陈旧的 守护者的 马甲 心脏守护者具,154,3,2421000,0,0,8,0,0,8,0,0
3547,陈旧的 守护者的 颈甲 铠甲,154,4,2424000,0,0,8,0,0,8,0,0
3548,陈旧的 守护者的 重甲 铠甲,154,5,2427000,0,0,8,0,0,8,0,0
3549,陈旧的 守护者的 马甲护手具,154,6,2431000,0,0,8,0,0,8,0,0
3550,陈旧的 守护者的 颈甲 穿甲胄,154,7,2434000,0,0,8,0,0,8,0,0
3551,陈旧的 守护者的 重甲 穿甲胄,154,8,2437000,0,0,8,0,0,8,0,0
3552,陈旧的 守护者的 马甲 护腿具,154,9,2441000,0,0,8,0,0,8,0,0
3553,陈旧的 守护者的 颈甲 腿铠甲,154,10,2444000,0,0,8,0,0,8,0,0
3554,陈旧的 守护者的 重甲 腿铠甲,154,11,2447000,0,0,8,0,0,8,0,0
3555,陈旧的 守护者的 马甲 护脚具,154,12,2451000,0,0,8,0,0,8,0,0
3556,陈旧的 守护者的 颈甲 高筒靴,154,13,2454000,0,0,8,0,0,8,0,0
3557,陈旧的 守护者的 重甲 高筒靴,154,14,2457000,0,0,8,0,0,8,0,0
3558,陈旧的 守护者的 披风,154,15,2461000,0,0,8,0,0,8,0,0
3559,陈旧的 管理人员的 马甲 头部守护者具,154,16,2411100,0,0,8,0,0,8,0,0
3560,陈旧的 管理人员的 颈甲 头盔,154,17,2414100,0,0,8,0,0,8,0,0
3561,陈旧的 管理人员的 重甲 头盔,154,18,2417100,0,0,8,0,0,8,0,0
3562,陈旧的 管理人员的 马甲 心脏守护者具,154,19,2421100,0,0,8,0,0,8,0,0
3563,陈旧的 管理人员的 颈甲 铠甲,154,20,2424100,0,0,8,0,0,8,0,0
3564,陈旧的 管理人员的 重甲 铠甲,154,21,2427100,0,0,8,0,0,8,0,0
3565,陈旧的 管理人员的 马甲护手具,154,22,2431100,0,0,8,0,0,8,0,0
3566,陈旧的 管理人员的 颈甲 穿甲胄,154,23,2434100,0,0,8,0,0,8,0,0
3567,陈旧的 管理人员的 重甲 穿甲胄,154,24,2437100,0,0,8,0,0,8,0,0
3568,陈旧的 管理人员的 马甲 护腿具,154,25,2441100,0,0,8,0,0,8,0,0
3569,陈旧的 管理人员的 颈甲 腿铠甲,154,26,2444100,0,0,8,0,0,8,0,0
3570,陈旧的 管理人员的 重甲 腿铠甲,154,27,2447100,0,0,8,0,0,8,0,0
3571,陈旧的 管理人员的 马甲 护脚具,154,28,2451100,0,0,8,0,0,8,0,0
3572,陈旧的 管理人员的 颈甲 高筒靴,154,29,2454100,0,0,8,0,0,8,0,0
3573,陈旧的 管理人员的 重甲 高筒靴,154,30,2457100,0,0,8,0,0,8,0,0
3574,陈旧的 管理人员的 披风,154,31,2461100,0,0,8,0,0,8,0,0
3575,陈旧的 管理人员的 马甲 头部守护者具,155,0,2411200,0,0,8,0,0,8,0,0
3576,陈旧的 管理人员的 颈甲 头盔,155,1,2414200,0,0,8,0,0,8,0,0
3577,陈旧的 管理人员的 重甲 头盔,155,2,2417200,0,0,8,0,0,8,0,0
3578,陈旧的 管理人员的 马甲 心脏守护者具,155,3,2421200,0,0,8,0,0,8,0,0
3579,陈旧的 管理人员的 颈甲 铠甲,155,4,2424200,0,0,8,0,0,8,0,0
3580,陈旧的 管理人员的 重甲 铠甲,155,5,2427200,0,0,8,0,0,8,0,0
3581,陈旧的 管理人员的 马甲护手具,155,6,2431200,0,0,8,0,0,8,0,0
3582,陈旧的 管理人员的 颈甲 穿甲胄,155,7,2434200,0,0,8,0,0,8,0,0
3583,陈旧的 管理人员的 重甲 穿甲胄,155,8,2437200,0,0,8,0,0,8,0,0
3584,陈旧的 管理人员的 马甲 护腿具,155,9,2441200,0,0,8,0,0,8,0,0
3585,陈旧的 管理人员的 颈甲 腿铠甲,155,10,2444200,0,0,8,0,0,8,0,0
3586,陈旧的 管理人员的 重甲 腿铠甲,155,11,2447200,0,0,8,0,0,8,0,0
3587,陈旧的 管理人员的 马甲 护脚具,155,12,2451200,0,0,8,0,0,8,0,0
3588,陈旧的 管理人员的 颈甲 高筒靴,155,13,2454200,0,0,8,0,0,8,0,0
3589,陈旧的 管理人员的 重甲 高筒靴,155,14,2457200,0,0,8,0,0,8,0,0
3590,陈旧的 管理人员的 披风,155,15,2461200,0,0,8,0,0,8,0,0
3591,陈旧的 管理人员的 马甲 头部守护者具,155,16,2411300,0,0,8,0,0,8,0,0
3592,陈旧的 管理人员的 颈甲 头盔,155,17,2414300,0,0,8,0,0,8,0,0
3593,陈旧的 管理人员的 重甲 头盔,155,18,2417300,0,0,8,0,0,8,0,0
3594,陈旧的 管理人员的 马甲 心脏守护者具,155,19,2421300,0,0,8,0,0,8,0,0
3595,陈旧的 管理人员的 颈甲 铠甲,155,20,2424300,0,0,8,0,0,8,0,0
3596,陈旧的 管理人员的 重甲 铠甲,155,21,2427300,0,0,8,0,0,8,0,0
3597,陈旧的 管理人员的 马甲护手具,155,22,2431300,0,0,8,0,0,8,0,0
3598,陈旧的 管理人员的 颈甲 穿甲胄,155,23,2434300,0,0,8,0,0,8,0,0
3599,陈旧的 管理人员的 重甲 穿甲胄,155,24,2437300,0,0,8,0,0,8,0,0
3600,陈旧的 管理人员的 马甲 护腿具,155,25,2441300,0,0,8,0,0,8,0,0
3601,陈旧的 管理人员的 颈甲 腿铠甲,155,26,2444300,0,0,8,0,0,8,0,0
3602,陈旧的 管理人员的 重甲 腿铠甲,155,27,2447300,0,0,8,0,0,8,0,0
3603,陈旧的 管理人员的 马甲 护脚具,155,28,2451300,0,0,8,0,0,8,0,0
3604,陈旧的 管理人员的 颈甲 高筒靴,155,29,2454300,0,0,8,0,0,8,0,0
3605,陈旧的 管理人员的 重甲 高筒靴,155,30,2457300,0,0,8,0,0,8,0,0
3606,陈旧的 管理人员的 披风,155,31,2461300,0,0,8,0,0,8,0,0
3607,陈旧的 管理人员的 马甲 头部守护者具,156,0,2411400,0,0,8,0,0,8,0,0
3608,陈旧的 管理人员的 颈甲 头盔,156,1,2414400,0,0,8,0,0,8,0,0
3609,陈旧的 管理人员的 重甲 头盔,156,2,2417400,0,0,8,0,0,8,0,0
3610,陈旧的 管理人员的 马甲 心脏守护者具,156,3,2421400,0,0,8,0,0,8,0,0
3611,陈旧的 管理人员的 颈甲 铠甲,156,4,2424400,0,0,8,0,0,8,0,0
3612,陈旧的 管理人员的 重甲 铠甲,156,5,2427400,0,0,8,0,0,8,0,0
3613,陈旧的 管理人员的 马甲护手具,156,6,2431400,0,0,8,0,0,8,0,0
3614,陈旧的 管理人员的 颈甲 穿甲胄,156,7,2434400,0,0,8,0,0,8,0,0
3615,陈旧的 管理人员的 重甲 穿甲胄,156,8,2437400,0,0,8,0,0,8,0,0
3616,陈旧的 管理人员的 马甲 护腿具,156,9,2441400,0,0,8,0,0,8,0,0
3617,陈旧的 管理人员的 颈甲 腿铠甲,156,10,2444400,0,0,8,0,0,8,0,0
3618,陈旧的 管理人员的 重甲 腿铠甲,156,11,2447400,0,0,8,0,0,8,0,0
3619,陈旧的 管理人员的 马甲 护脚具,156,12,2451400,0,0,8,0,0,8,0,0
3620,陈旧的 管理人员的 颈甲 高筒靴,156,13,2454400,0,0,8,0,0,8,0,0
3621,陈旧的 管理人员的 重甲 高筒靴,156,14,2457400,0,0,8,0,0,8,0,0
3622,陈旧的 管理人员的 披风,156,15,2461400,0,0,8,0,0,8,0,0
3623,陈旧的 管理人员的 马甲 头部守护者具,156,16,2411500,0,0,8,0,0,8,0,0
3624,陈旧的 管理人员的 颈甲 头盔,156,17,2414500,0,0,8,0,0,8,0,0
3625,陈旧的 管理人员的 重甲 头盔,156,18,2417500,0,0,8,0,0,8,0,0
3626,陈旧的 管理人员的 马甲 心脏守护者具,156,19,2421500,0,0,8,0,0,8,0,0
3627,陈旧的 管理人员的 颈甲 铠甲,156,20,2424500,0,0,8,0,0,8,0,0
3628,陈旧的 管理人员的 重甲 铠甲,156,21,2427500,0,0,8,0,0,8,0,0
3629,陈旧的 管理人员的 马甲护手具,156,22,2431500,0,0,8,0,0,8,0,0
3630,陈旧的 管理人员的 颈甲 穿甲胄,156,23,2434500,0,0,8,0,0,8,0,0
3631,陈旧的 管理人员的 重甲 穿甲胄,156,24,2437500,0,0,8,0,0,8,0,0
3632,陈旧的 管理人员的 马甲 护腿具,156,25,2441500,0,0,8,0,0,8,0,0
3633,陈旧的 管理人员的 颈甲 腿铠甲,156,26,2444500,0,0,8,0,0,8,0,0
3634,陈旧的 管理人员的 重甲 腿铠甲,156,27,2447500,0,0,8,0,0,8,0,0
3635,陈旧的 管理人员的 马甲 护脚具,156,28,2451500,0,0,8,0,0,8,0,0
3636,陈旧的 管理人员的 颈甲 高筒靴,156,29,2454500,0,0,8,0,0,8,0,0
3637,陈旧的 管理人员的 重甲 高筒靴,156,30,2457500,0,0,8,0,0,8,0,0
3638,陈旧的 管理人员的 披风,156,31,2461500,0,0,8,0,0,8,0,0
3639,最低级 生命药水,160,0,10000,0,0,8,0,0,8,0,0
3640,最低级 生命维持药水,160,1,10001,0,0,8,0,0,8,0,0
3641,最低级 法力药水,160,2,10100,0,0,8,0,0,8,0,0
3642,最低级 法力持续药水,160,3,10101,0,0,8,0,0,8,0,0
3643,低级 生命药水,160,4,10004,0,0,8,0,0,8,0,0
3644,低级 生命维持药水,160,5,10005,0,0,8,0,0,8,0,0
3645,低级 法力药水,160,6,10104,0,0,8,0,0,8,0,0
3646,低级 法力持续药水,160,7,10105,0,0,8,0,0,8,0,0
3647,中级 生命药水,160,8,10008,0,0,8,0,0,8,0,0
3648,中级 生命维持药水,160,9,10009,0,0,8,0,0,8,0,0
3649,中级 法力药水,160,10,10108,0,0,8,0,0,8,0,0
3650,中级 法力持续药水,160,11,10109,0,0,8,0,0,8,0,0
3651,中高级 生命药水,160,12,10012,0,0,8,0,0,8,0,0
3652,中高级 生命维持药水,160,13,10013,0,0,8,0,0,8,0,0
3653,中高级 法力药水,160,14,10112,0,0,8,0,0,8,0,0
3654,中高级 法力持续药水,160,15,10113,0,0,8,0,0,8,0,0
3655,高级 生命药水,160,16,10016,0,0,8,0,0,8,0,0
3656,高级 生命维持药水,160,17,10017,0,0,8,0,0,8,0,0
3657,高级 法力药水,160,18,10116,0,0,8,0,0,8,0,0
3658,高级 法力持续药水,160,19,10117,0,0,8,0,0,8,0,0
3659,尊贵的订单,160,20,12100,0,0,8,0,0,8,0,0
3660,钢铁呼吸转用订单,160,21,12101,0,0,8,0,0,8,0,0
3661,陈旧的 皮质项链,160,22,2070400,0,0,8,0,0,8,0,0
3662,陈旧的 老师的 戒指,160,23,2080500,0,0,8,0,0,8,0,0
3663,罕见的头像合成立方,160,24,90063,0,0,8,0,0,8,0,0
3664,最低级 生命药水,161,0,10000,0,0,8,0,0,8,0,0
3665,最低级 生命维持药水,161,1,10001,0,0,8,0,0,8,0,0
3666,最低级 法力药水,161,2,10100,0,0,8,0,0,8,0,0
3667,最低级 法力持续药水,161,3,10101,0,0,8,0,0,8,0,0
3668,尊贵的订单,161,4,12100,0,0,8,0,0,8,0,0
3669,钢铁呼吸转用订单,161,5,12101,0,0,8,0,0,8,0,0
3670,褪色的戒指,161,6,2080000,0,0,8,0,0,8,0,0
3671,罕见的头像合成立方,161,7,90063,0,0,8,0,0,8,0,0
3672,最低级 生命药水,162,0,10000,0,0,8,0,0,8,0,0
3673,最低级 生命维持药水,162,1,10001,0,0,8,0,0,8,0,0
3674,最低级 法力药水,162,2,10100,0,0,8,0,0,8,0,0
3675,最低级 法力持续药水,162,3,10101,0,0,8,0,0,8,0,0
3676,低级 生命药水,162,4,10004,0,0,8,0,0,8,0,0
3677,低级 生命维持药水,162,5,10005,0,0,8,0,0,8,0,0
3678,低级 法力药水,162,6,10104,0,0,8,0,0,8,0,0
3679,低级 法力持续药水,162,7,10105,0,0,8,0,0,8,0,0
3680,尊贵的订单,162,8,12100,0,0,8,0,0,8,0,0
3681,钢铁呼吸转用订单,162,9,12101,0,0,8,0,0,8,0,0
3682,褪色的项链,162,10,2070000,0,0,8,0,0,8,0,0
3683,高级 戒指,162,11,2080100,0,0,8,0,0,8,0,0
3684,罕见的头像合成立方,162,12,90063,0,0,8,0,0,8,0,0
3685,低级 生命药水,164,0,10004,0,0,8,0,0,8,0,0
3686,低级 生命维持药水,164,1,10005,0,0,8,0,0,8,0,0
3687,低级 法力药水,164,2,10104,0,0,8,0,0,8,0,0
3688,低级 法力持续药水,164,3,10105,0,0,8,0,0,8,0,0
3689,中级 生命药水,164,4,10008,0,0,8,0,0,8,0,0
3690,中级 生命维持药水,164,5,10009,0,0,8,0,0,8,0,0
3691,中级 法力药水,164,6,10108,0,0,8,0,0,8,0,0
3692,中级 法力持续药水,164,7,10109,0,0,8,0,0,8,0,0
3693,尊贵的订单,164,8,12100,0,0,8,0,0,8,0,0
3694,钢铁呼吸转用订单,164,9,12101,0,0,8,0,0,8,0,0
3695,高级项链,164,10,2070100,0,0,8,0,0,8,0,0
3696,精密的 戒指,164,11,2080200,0,0,8,0,0,8,0,0
3697,罕见的头像合成立方,164,12,90063,0,0,8,0,0,8,0,0
3698,中级 生命药水,166,0,10008,0,0,8,0,0,8,0,0
3699,中级 生命维持药水,166,1,10009,0,0,8,0,0,8,0,0
3700,中级 法力药水,166,2,10108,0,0,8,0,0,8,0,0
3701,中级 法力持续药水,166,3,10109,0,0,8,0,0,8,0,0
3702,中高级 生命药水,166,4,10012,0,0,8,0,0,8,0,0
3703,中高级 生命维持药水,166,5,10013,0,0,8,0,0,8,0,0
3704,中高级 法力药水,166,6,10112,0,0,8,0,0,8,0,0
3705,中高级 法力持续药水,166,7,10113,0,0,8,0,0,8,0,0
3706,尊贵的订单,166,8,12100,0,0,8,0,0,8,0,0
3707,钢铁呼吸转用订单,166,9,12101,0,0,8,0,0,8,0,0
3708,宝石项链,166,10,2070200,0,0,8,0,0,8,0,0
3709,宝石 戒指,166,11,2080300,0,0,8,0,0,8,0,0
3710,罕见的头像合成立方,166,12,90063,0,0,8,0,0,8,0,0
3711,中高级 生命药水,168,0,10012,0,0,8,0,0,8,0,0
3712,中高级 生命维持药水,168,1,10013,0,0,8,0,0,8,0,0
3713,中高级 法力药水,168,2,10112,0,0,8,0,0,8,0,0
3714,中高级 法力持续药水,168,3,10113,0,0,8,0,0,8,0,0
3715,高级 生命药水,168,4,10016,0,0,8,0,0,8,0,0
3716,高级 生命维持药水,168,5,10017,0,0,8,0,0,8,0,0
3717,高级 法力药水,168,6,10116,0,0,8,0,0,8,0,0
3718,高级 法力持续药水,168,7,10117,0,0,8,0,0,8,0,0
3719,尊贵的订单,168,8,12100,0,0,8,0,0,8,0,0
3720,钢铁呼吸转用订单,168,9,12101,0,0,8,0,0,8,0,0
3721,陈旧的 皮质项链,168,10,2070400,0,0,8,0,0,8,0,0
3722,陈旧的 徽章 戒指,168,11,2080400,0,0,8,0,0,8,0,0
3723,陈旧的 老师的 戒指,168,12,2080500,0,0,8,0,0,8,0,0
3724,罕见的头像合成立方,168,13,90063,0,0,8,0,0,8,0,0
3725,高级 生命药水,169,0,10016,0,0,8,0,0,8,0,0
3726,高级 生命维持药水,169,1,10017,0,0,8,0,0,8,0,0
3727,高级 法力药水,169,2,10116,0,0,8,0,0,8,0,0
3728,高级 法力持续药水,169,3,10117,0,0,8,0,0,8,0,0
3729,尊贵的订单,169,4,12100,0,0,8,0,0,8,0,0
3730,陈旧的 守护者项链,169,5,2070500,0,0,8,0,0,8,0,0
3731,陈旧的 守护者 戒指,169,6,2080600,0,0,8,0,0,8,0,0
3732,钢铁呼吸转用订单,169,7,12101,0,0,8,0,0,8,0,0
3733,罕见的头像合成立方,169,8,90063,0,0,8,0,0,8,0,0
3734,高级 生命药水,170,0,10016,0,0,8,0,0,8,0,0
3735,高级 生命维持药水,170,1,10017,0,0,8,0,0,8,0,0
3736,高级 法力药水,170,2,10116,0,0,8,0,0,8,0,0
3737,高级 法力持续药水,170,3,10117,0,0,8,0,0,8,0,0
3738,最高级 生命药水,170,4,10020,0,0,8,0,0,8,0,0
3739,最高级 生命维持药水,170,5,10021,0,0,8,0,0,8,0,0
3740,最高级 法力药水,170,6,10120,0,0,8,0,0,8,0,0
3741,最高级 法力持续药水,170,7,10121,0,0,8,0,0,8,0,0
3742,尊贵的订单,170,8,12100,0,0,8,0,0,8,0,0
3743,陈旧的 守护者的项链,170,9,2070600,0,0,8,0,0,8,0,0
3744,陈旧的 守护者的 戒指,170,10,2080700,0,0,8,0,0,8,0,0
3745,钢铁呼吸转用订单,170,11,12101,0,0,8,0,0,8,0,0
3746,罕见的头像合成立方,170,12,90063,0,0,8,0,0,8,0,0
3747,最高级 生命药水,171,0,10020,0,0,8,0,0,8,0,0
3748,最高级 生命维持药水,171,1,10021,0,0,8,0,0,8,0,0
3749,最高级 法力药水,171,2,10120,0,0,8,0,0,8,0,0
3750,最高级 法力持续药水,171,3,10121,0,0,8,0,0,8,0,0
3751,尊贵的订单,171,4,12100,0,0,8,0,0,8,0,0
3752,陈旧的 管理人员的项链,171,5,2070700,0,0,8,0,0,8,0,0
3753,陈旧的 管理人员的 戒指,171,6,2080800,0,0,8,0,0,8,0,0
3754,钢铁呼吸转用订单,171,7,12101,0,0,8,0,0,8,0,0
3755,罕见的头像合成立方,171,8,90063,0,0,8,0,0,8,0,0
3756,最低级 生命药水,180,0,10000,0,0,8,0,0,8,0,0
3757,最低级 生命维持药水,180,1,10001,0,0,8,0,0,8,0,0
3758,最低级 法力药水,180,2,10100,0,0,8,0,0,8,0,0
3759,最低级 法力持续药水,180,3,10101,0,0,8,0,0,8,0,0
3760,低级 生命药水,180,4,10004,0,0,8,0,0,8,0,0
3761,低级 生命维持药水,180,5,10005,0,0,8,0,0,8,0,0
3762,低级 法力药水,180,6,10104,0,0,8,0,0,8,0,0
3763,低级 法力持续药水,180,7,10105,0,0,8,0,0,8,0,0
3764,中级 生命药水,180,8,10008,0,0,8,0,0,8,0,0
3765,中级 生命维持药水,180,9,10009,0,0,8,0,0,8,0,0
3766,中级 法力药水,180,10,10108,0,0,8,0,0,8,0,0
3767,中级 法力持续药水,180,11,10109,0,0,8,0,0,8,0,0
3768,中高级 生命药水,180,12,10012,0,0,8,0,0,8,0,0
3769,中高级 生命维持药水,180,13,10013,0,0,8,0,0,8,0,0
3770,中高级 法力药水,180,14,10112,0,0,8,0,0,8,0,0
3771,中高级 法力持续药水,180,15,10113,0,0,8,0,0,8,0,0
3772,高级 生命药水,180,16,10016,0,0,8,0,0,8,0,0
3773,高级 生命维持药水,180,17,10017,0,0,8,0,0,8,0,0
3774,高级 法力药水,180,18,10116,0,0,8,0,0,8,0,0
3775,高级 法力持续药水,180,19,10117,0,0,8,0,0,8,0,0
3776,尊贵的订单,180,20,12100,0,0,8,0,0,8,0,0
3777,奴役月神 转用订单,180,21,12102,0,0,8,0,0,8,0,0
3778,陈旧的 皮质项链,180,22,2070400,0,0,8,0,0,8,0,0
3779,陈旧的 老师的 戒指,180,23,2080500,0,0,8,0,0,8,0,0
3780,罕见的头像合成立方,180,24,90063,0,0,8,0,0,8,0,0
3781,最低级 生命药水,181,0,10000,0,0,8,0,0,8,0,0
3782,最低级 生命维持药水,181,1,10001,0,0,8,0,0,8,0,0
3783,最低级 法力药水,181,2,10100,0,0,8,0,0,8,0,0
3784,最低级 法力持续药水,181,3,10101,0,0,8,0,0,8,0,0
3785,尊贵的订单,181,4,12100,0,0,8,0,0,8,0,0
3786,奴役月神 转用订单,181,5,12102,0,0,8,0,0,8,0,0
3787,褪色的戒指,181,6,2080000,0,0,8,0,0,8,0,0
3788,罕见的头像合成立方,181,7,90063,0,0,8,0,0,8,0,0
3789,最低级 生命药水,182,0,10000,0,0,8,0,0,8,0,0
3790,最低级 生命维持药水,182,1,10001,0,0,8,0,0,8,0,0
3791,最低级 法力药水,182,2,10100,0,0,8,0,0,8,0,0
3792,最低级 法力持续药水,182,3,10101,0,0,8,0,0,8,0,0
3793,低级 生命药水,182,4,10004,0,0,8,0,0,8,0,0
3794,低级 生命维持药水,182,5,10005,0,0,8,0,0,8,0,0
3795,低级 法力药水,182,6,10104,0,0,8,0,0,8,0,0
3796,低级 法力持续药水,182,7,10105,0,0,8,0,0,8,0,0
3797,尊贵的订单,182,8,12100,0,0,8,0,0,8,0,0
3798,奴役月神 转用订单,182,9,12102,0,0,8,0,0,8,0,0
3799,褪色的项链,182,10,2070000,0,0,8,0,0,8,0,0
3800,高级 戒指,182,11,2080100,0,0,8,0,0,8,0,0
3801,罕见的头像合成立方,182,12,90063,0,0,8,0,0,8,0,0
3802,低级 生命药水,184,0,10004,0,0,8,0,0,8,0,0
3803,低级 生命维持药水,184,1,10005,0,0,8,0,0,8,0,0
3804,低级 法力药水,184,2,10104,0,0,8,0,0,8,0,0
3805,低级 法力持续药水,184,3,10105,0,0,8,0,0,8,0,0
3806,中级 生命药水,184,4,10008,0,0,8,0,0,8,0,0
3807,中级 生命维持药水,184,5,10009,0,0,8,0,0,8,0,0
3808,中级 法力药水,184,6,10108,0,0,8,0,0,8,0,0
3809,中级 法力持续药水,184,7,10109,0,0,8,0,0,8,0,0
3810,尊贵的订单,184,8,12100,0,0,8,0,0,8,0,0
3811,奴役月神 转用订单,184,9,12102,0,0,8,0,0,8,0,0
3812,高级项链,184,10,2070100,0,0,8,0,0,8,0,0
3813,精密的 戒指,184,11,2080200,0,0,8,0,0,8,0,0
3814,罕见的头像合成立方,184,12,90063,0,0,8,0,0,8,0,0
3815,中级 生命药水,186,0,10008,0,0,8,0,0,8,0,0
3816,中级 生命维持药水,186,1,10009,0,0,8,0,0,8,0,0
3817,中级 法力药水,186,2,10108,0,0,8,0,0,8,0,0
3818,中级 法力持续药水,186,3,10109,0,0,8,0,0,8,0,0
3819,中高级 生命药水,186,4,10012,0,0,8,0,0,8,0,0
3820,中高级 生命维持药水,186,5,10013,0,0,8,0,0,8,0,0
3821,中高级 法力药水,186,6,10112,0,0,8,0,0,8,0,0
3822,中高级 法力持续药水,186,7,10113,0,0,8,0,0,8,0,0
3823,尊贵的订单,186,8,12100,0,0,8,0,0,8,0,0
3824,奴役月神 转用订单,186,9,12102,0,0,8,0,0,8,0,0
3825,宝石项链,186,10,2070200,0,0,8,0,0,8,0,0
3826,宝石 戒指,186,11,2080300,0,0,8,0,0,8,0,0
3827,罕见的头像合成立方,186,12,90063,0,0,8,0,0,8,0,0
3828,中高级 生命药水,188,0,10012,0,0,8,0,0,8,0,0
3829,中高级 生命维持药水,188,1,10013,0,0,8,0,0,8,0,0
3830,中高级 法力药水,188,2,10112,0,0,8,0,0,8,0,0
3831,中高级 法力持续药水,188,3,10113,0,0,8,0,0,8,0,0
3832,高级 生命药水,188,4,10016,0,0,8,0,0,8,0,0
3833,高级 生命维持药水,188,5,10017,0,0,8,0,0,8,0,0
3834,高级 法力药水,188,6,10116,0,0,8,0,0,8,0,0
3835,高级 法力持续药水,188,7,10117,0,0,8,0,0,8,0,0
3836,尊贵的订单,188,8,12100,0,0,8,0,0,8,0,0
3837,奴役月神 转用订单,188,9,12102,0,0,8,0,0,8,0,0
3838,陈旧的 皮质项链,188,10,2070400,0,0,8,0,0,8,0,0
3839,陈旧的 徽章 戒指,188,11,2080400,0,0,8,0,0,8,0,0
3840,陈旧的 老师的 戒指,188,12,2080500,0,0,8,0,0,8,0,0
3841,罕见的头像合成立方,188,13,90063,0,0,8,0,0,8,0,0
3842,高级 生命药水,189,0,10016,0,0,8,0,0,8,0,0
3843,高级 生命维持药水,189,1,10017,0,0,8,0,0,8,0,0
3844,高级 法力药水,189,2,10116,0,0,8,0,0,8,0,0
3845,高级 法力持续药水,189,3,10117,0,0,8,0,0,8,0,0
3846,尊贵的订单,189,4,12100,0,0,8,0,0,8,0,0
3847,陈旧的 守护者项链,189,5,2070500,0,0,8,0,0,8,0,0
3848,陈旧的 守护者 戒指,189,6,2080600,0,0,8,0,0,8,0,0
3849,奴役月神 转用订单,189,7,12102,0,0,8,0,0,8,0,0
3850,罕见的头像合成立方,189,8,90063,0,0,8,0,0,8,0,0
3851,高级 生命药水,190,0,10016,0,0,8,0,0,8,0,0
3852,高级 生命维持药水,190,1,10017,0,0,8,0,0,8,0,0
3853,高级 法力药水,190,2,10116,0,0,8,0,0,8,0,0
3854,高级 法力持续药水,190,3,10117,0,0,8,0,0,8,0,0
3855,最高级 生命药水,190,4,10020,0,0,8,0,0,8,0,0
3856,最高级 生命维持药水,190,5,10021,0,0,8,0,0,8,0,0
3857,最高级 法力药水,190,6,10120,0,0,8,0,0,8,0,0
3858,最高级 法力持续药水,190,7,10121,0,0,8,0,0,8,0,0
3859,尊贵的订单,190,8,12100,0,0,8,0,0,8,0,0
3860,陈旧的 守护者的项链,190,9,2070600,0,0,8,0,0,8,0,0
3861,陈旧的 守护者的 戒指,190,10,2080700,0,0,8,0,0,8,0,0
3862,奴役月神 转用订单,190,11,12102,0,0,8,0,0,8,0,0
3863,罕见的头像合成立方,190,12,90063,0,0,8,0,0,8,0,0
3864,最高级 生命药水,191,0,10020,0,0,8,0,0,8,0,0
3865,最高级 生命维持药水,191,1,10021,0,0,8,0,0,8,0,0
3866,最高级 法力药水,191,2,10120,0,0,8,0,0,8,0,0
3867,最高级 法力持续药水,191,3,10121,0,0,8,0,0,8,0,0
3868,尊贵的订单,191,4,12100,0,0,8,0,0,8,0,0
3869,陈旧的 管理人员的项链,191,5,2070700,0,0,8,0,0,8,0,0
3870,陈旧的 管理人员的 戒指,191,6,2080800,0,0,8,0,0,8,0,0
3871,奴役月神 转用订单,191,7,12102,0,0,8,0,0,8,0,0
3872,罕见的头像合成立方,191,8,90063,0,0,8,0,0,8,0,0
3873,斗士的 双剑,200,0,300000,0,0,8,0,0,8,0,0
3874,斗士的 单手剑,200,1,300010,0,0,8,0,0,8,0,0
3875,斗士的 盾牌,200,2,300020,0,0,8,0,0,8,0,0
3876,斗士的 石弓,200,3,300030,0,0,8,0,0,8,0,0
3877,斗士的 拐杖,200,4,300040,0,0,8,0,0,8,0,0
3878,愤怒的 斗士的 马坦枪,200,5,300050,0,0,8,0,0,8,0,0
3879,发狂的 双剑,200,6,300100,0,0,8,0,0,8,0,0
3880,发狂的 单手剑,200,7,300110,0,0,8,0,0,8,0,0
3881,发狂的 盾牌,200,8,300120,0,0,8,0,0,8,0,0
3882,发狂的 石弓,200,9,300130,0,0,8,0,0,8,0,0
3883,发狂的 拐杖,200,10,300140,0,0,8,0,0,8,0,0
3884,愤怒的 斗士的 马坦枪,200,11,300150,0,0,8,0,0,8,0,0
3885,凶悍的 斗士的 双剑,200,12,300102,0,0,8,0,0,8,0,0
3886,凶悍的 斗士的 单手剑,200,13,300112,0,0,8,0,0,8,0,0
3887,凶悍的 斗士的 盾牌,200,14,300122,0,0,8,0,0,8,0,0
3888,凶悍的 斗士的 石弓,200,15,300132,0,0,8,0,0,8,0,0
3889,凶悍的 斗士的 拐杖,200,16,300142,0,0,8,0,0,8,0,0
3890,凶悍的 斗士的 马坦枪,200,17,300152,0,0,8,0,0,8,0,0
3891,斗士的 斧子,201,0,300500,0,0,8,0,0,8,0,0
3892,斗士的 长矛,201,1,300510,0,0,8,0,0,8,0,0
3893,斗士的 盾牌,201,2,300520,0,0,8,0,0,8,0,0
3894,斗士的 弓,201,3,300530,0,0,8,0,0,8,0,0
3895,斗士的 木条靶射箭,201,4,300540,0,0,8,0,0,8,0,0
3896,愤怒的 斗士的用具,201,5,300550,0,0,8,0,0,8,0,0
3897,发狂的 斧子,201,6,300600,0,0,8,0,0,8,0,0
3898,发狂的 长矛,201,7,300610,0,0,8,0,0,8,0,0
3899,发狂的 盾牌,201,8,300620,0,0,8,0,0,8,0,0
3900,发狂的 弓,201,9,300630,0,0,8,0,0,8,0,0
3901,发狂的 木条靶射箭,201,10,300640,0,0,8,0,0,8,0,0
3902,愤怒的 斗士的用具,201,11,300650,0,0,8,0,0,8,0,0
3903,凶悍的 斗士的 斧子,201,12,300602,0,0,8,0,0,8,0,0
3904,凶悍的 斗士的 长矛,201,13,300612,0,0,8,0,0,8,0,0
3905,凶悍的 斗士的 盾牌,201,14,300622,0,0,8,0,0,8,0,0
3906,凶悍的 斗士的 弓,201,15,300632,0,0,8,0,0,8,0,0
3907,凶悍的 斗士的 木条靶射箭,201,16,300642,0,0,8,0,0,8,0,0
3908,凶悍的 斗士的用具,201,17,300652,0,0,8,0,0,8,0,0
3909,混沌的 头部守护者具(马甲),202,0,301000,0,0,8,0,0,8,0,0
3910,光荣的 头部守护者具(马甲),202,1,301001,0,0,8,0,0,8,0,0
3911,混沌的 心脏守护者具(马甲),202,2,301010,0,0,8,0,0,8,0,0
3912,光荣的 心脏守护者具(马甲),202,3,301011,0,0,8,0,0,8,0,0
3913,混沌的护手具(马甲),202,4,301020,0,0,8,0,0,8,0,0
3914,光荣的护手具(马甲),202,5,301021,0,0,8,0,0,8,0,0
3915,混沌的 马甲 裤子(马甲),202,6,301030,0,0,8,0,0,8,0,0
3916,光荣的 马甲 裤子(马甲),202,7,301031,0,0,8,0,0,8,0,0
3917,混沌的 护脚具(马甲),202,8,301040,0,0,8,0,0,8,0,0
3918,光荣的 护脚具(马甲),202,9,301041,0,0,8,0,0,8,0,0
3919,混沌的 魔力 披风(马甲),202,10,301050,0,0,8,0,0,8,0,0
3920,光荣的 魔力 披风(马甲),202,11,301051,0,0,8,0,0,8,0,0
3921,胜利者的 头部守护者具(马甲),202,12,302000,0,0,8,0,0,8,0,0
3922,纪念的头部守护者具(马甲),202,13,302001,0,0,8,0,0,8,0,0
3923,胜利者的 心脏守护者具(马甲),202,14,302010,0,0,8,0,0,8,0,0
3924,纪念的心脏守护者具(马甲),202,15,302011,0,0,8,0,0,8,0,0
3925,胜利者的护手具(马甲),202,16,302020,0,0,8,0,0,8,0,0
3926,纪念的护手具(马甲),202,17,302021,0,0,8,0,0,8,0,0
3927,胜利者的 马甲 裤子(马甲),202,18,302030,0,0,8,0,0,8,0,0
3928,纪念的马甲 裤子(马甲),202,19,302031,0,0,8,0,0,8,0,0
3929,胜利者的 护脚具(马甲),202,20,302040,0,0,8,0,0,8,0,0
3930,纪念的护脚具(马甲),202,21,302041,0,0,8,0,0,8,0,0
3931,胜利者的 魔力 披风(马甲),202,22,302050,0,0,8,0,0,8,0,0
3932,纪念的魔力 披风(马甲),202,23,302051,0,0,8,0,0,8,0,0
3933,凶悍的 斗士的 治愈护头具,202,24,302002,0,0,8,0,0,8,0,0
3934,凶悍的 斗士的 魔力护头具,202,25,302003,0,0,8,0,0,8,0,0
3935,凶悍的 斗士的 治愈心脏守护者具,202,26,302012,0,0,8,0,0,8,0,0
3936,凶悍的 斗士的 魔力心脏守护者具,202,27,302013,0,0,8,0,0,8,0,0
3937,凶悍的 斗士的 治愈护手具,202,28,302022,0,0,8,0,0,8,0,0
3938,凶悍的 斗士的 魔力护手具,202,29,302023,0,0,8,0,0,8,0,0
3939,凶悍的 斗士的 治愈 护腰具,202,30,302032,0,0,8,0,0,8,0,0
3940,凶悍的 斗士的 魔力 护腰具,202,31,302033,0,0,8,0,0,8,0,0
3941,凶悍的 斗士的 治愈 护脚具,202,32,302042,0,0,8,0,0,8,0,0
3942,凶悍的 斗士的 魔力 护脚具,202,33,302043,0,0,8,0,0,8,0,0
3943,凶悍的 斗士的 治愈 披风,202,34,302052,0,0,8,0,0,8,0,0
3944,凶悍的 斗士的 魔力 披风,202,35,302053,0,0,8,0,0,8,0,0
3945,混沌的 头部守护者具(马甲),203,0,311000,0,0,8,0,0,8,0,0
3946,光荣的 头部守护者具(马甲),203,1,311001,0,0,8,0,0,8,0,0
3947,混沌的 心脏守护者具(马甲),203,2,311010,0,0,8,0,0,8,0,0
3948,光荣的 心脏守护者具(马甲),203,3,311011,0,0,8,0,0,8,0,0
3949,混沌的护手具(马甲),203,4,311020,0,0,8,0,0,8,0,0
3950,光荣的护手具(马甲),203,5,311021,0,0,8,0,0,8,0,0
3951,混沌的 马甲 裤子(马甲),203,6,311030,0,0,8,0,0,8,0,0
3952,光荣的 马甲 裤子(马甲),203,7,311031,0,0,8,0,0,8,0,0
3953,混沌的 护脚具(马甲),203,8,311040,0,0,8,0,0,8,0,0
3954,光荣的 护脚具(马甲),203,9,311041,0,0,8,0,0,8,0,0
3955,混沌的 魔力 披风(马甲),203,10,311050,0,0,8,0,0,8,0,0
3956,光荣的 魔力 披风(马甲),203,11,311051,0,0,8,0,0,8,0,0
3957,胜利者的 头部守护者具(马甲),203,12,312000,0,0,8,0,0,8,0,0
3958,纪念的头部守护者具(马甲),203,13,312001,0,0,8,0,0,8,0,0
3959,胜利者的 心脏守护者具(马甲),203,14,312010,0,0,8,0,0,8,0,0
3960,纪念的心脏守护者具(马甲),203,15,312011,0,0,8,0,0,8,0,0
3961,胜利者的护手具(马甲),203,16,312020,0,0,8,0,0,8,0,0
3962,纪念的护手具(马甲),203,17,312021,0,0,8,0,0,8,0,0
3963,胜利者的 马甲 裤子(马甲),203,18,312030,0,0,8,0,0,8,0,0
3964,纪念的马甲 裤子(马甲),203,19,312031,0,0,8,0,0,8,0,0
3965,胜利者的 护脚具(马甲),203,20,312040,0,0,8,0,0,8,0,0
3966,纪念的护脚具(马甲),203,21,312041,0,0,8,0,0,8,0,0
3967,胜利者的 魔力 披风(马甲),203,22,312050,0,0,8,0,0,8,0,0
3968,纪念的魔力 披风(马甲),203,23,312051,0,0,8,0,0,8,0,0
3969,凶悍的 斗士的 治愈护头具,203,24,312002,0,0,8,0,0,8,0,0
3970,凶悍的 斗士的 魔力护头具,203,25,312003,0,0,8,0,0,8,0,0
3971,凶悍的 斗士的 治愈心脏守护者具,203,26,312012,0,0,8,0,0,8,0,0
3972,凶悍的 斗士的 魔力心脏守护者具,203,27,312013,0,0,8,0,0,8,0,0
3973,凶悍的 斗士的 治愈护手具,203,28,312022,0,0,8,0,0,8,0,0
3974,凶悍的 斗士的 魔力护手具,203,29,312023,0,0,8,0,0,8,0,0
3975,凶悍的 斗士的 治愈 护腰具,203,30,312032,0,0,8,0,0,8,0,0
3976,凶悍的 斗士的 魔力 护腰具,203,31,312033,0,0,8,0,0,8,0,0
3977,凶悍的 斗士的 治愈 护脚具,203,32,312042,0,0,8,0,0,8,0,0
3978,凶悍的 斗士的 魔力 护脚具,203,33,312043,0,0,8,0,0,8,0,0
3979,凶悍的 斗士的 治愈 披风,203,34,312052,0,0,8,0,0,8,0,0
3980,凶悍的 斗士的 魔力 披风,203,35,312053,0,0,8,0,0,8,0,0
3981,混沌的 头盔(颈甲),204,0,301100,0,0,8,0,0,8,0,0
3982,光荣的 头盔(颈甲),204,1,301101,0,0,8,0,0,8,0,0
3983,混沌的 铠甲(颈甲),204,2,301110,0,0,8,0,0,8,0,0
3984,光荣的 铠甲(颈甲),204,3,301111,0,0,8,0,0,8,0,0
3985,混沌的 穿甲胄(颈甲),204,4,301120,0,0,8,0,0,8,0,0
3986,光荣的 穿甲胄(颈甲),204,5,301121,0,0,8,0,0,8,0,0
3987,混沌的 颈甲 裤子(颈甲),204,6,301130,0,0,8,0,0,8,0,0
3988,光荣的 颈甲 裤子(颈甲),204,7,301131,0,0,8,0,0,8,0,0
3989,混沌的 高筒靴(颈甲),204,8,301140,0,0,8,0,0,8,0,0
3990,光荣的 高筒靴(颈甲),204,9,301141,0,0,8,0,0,8,0,0
3991,混沌的 皮革 披风(颈甲),204,10,301150,0,0,8,0,0,8,0,0
3992,光荣的 皮革 披风(颈甲),204,11,301151,0,0,8,0,0,8,0,0
3993,胜利者的 头盔(颈甲),204,12,302100,0,0,8,0,0,8,0,0
3994,纪念的头盔(颈甲),204,13,302101,0,0,8,0,0,8,0,0
3995,胜利者的 铠甲(颈甲),204,14,302110,0,0,8,0,0,8,0,0
3996,纪念的铠甲(颈甲),204,15,302111,0,0,8,0,0,8,0,0
3997,胜利者的 穿甲胄(颈甲),204,16,302120,0,0,8,0,0,8,0,0
3998,纪念的穿甲胄(颈甲),204,17,302121,0,0,8,0,0,8,0,0
3999,胜利者的 颈甲 裤子(颈甲),204,18,302130,0,0,8,0,0,8,0,0
4000,纪念的颈甲 裤子(颈甲),204,19,302131,0,0,8,0,0,8,0,0
4001,胜利者的 高筒靴(颈甲),204,20,302140,0,0,8,0,0,8,0,0
4002,纪念的高筒靴(颈甲),204,21,302141,0,0,8,0,0,8,0,0
4003,胜利者的 皮革 披风(颈甲),204,22,302150,0,0,8,0,0,8,0,0
4004,纪念的皮革 披风(颈甲),204,23,302151,0,0,8,0,0,8,0,0
4005,凶悍的 斗士的 快速 面具,204,24,302102,0,0,8,0,0,8,0,0
4006,凶悍的 斗士的 流血 面具,204,25,302103,0,0,8,0,0,8,0,0
4007,凶悍的 斗士的 快速 心脏守护者具,204,26,302112,0,0,8,0,0,8,0,0
4008,凶悍的 斗士的 流血 心脏守护者具,204,27,302113,0,0,8,0,0,8,0,0
4009,凶悍的 斗士的 快速 穿甲胄,204,28,302122,0,0,8,0,0,8,0,0
4010,凶悍的 斗士的 流血 穿甲胄,204,29,302123,0,0,8,0,0,8,0,0
4011,凶悍的 斗士的 快速 护腰具,204,30,302132,0,0,8,0,0,8,0,0
4012,凶悍的 斗士的 流血 护腰具,204,31,302133,0,0,8,0,0,8,0,0
4013,凶悍的 斗士的 快速 脚部守护者具,204,32,302142,0,0,8,0,0,8,0,0
4014,凶悍的 斗士的 流血 脚部守护者具,204,33,302143,0,0,8,0,0,8,0,0
4015,凶悍的 斗士的 快速 披风,204,34,302152,0,0,8,0,0,8,0,0
4016,凶悍的 斗士的 流血 披风,204,35,302153,0,0,8,0,0,8,0,0
4017,混沌的 头盔(颈甲),205,0,311100,0,0,8,0,0,8,0,0
4018,光荣的 头盔(颈甲),205,1,311101,0,0,8,0,0,8,0,0
4019,混沌的 铠甲(颈甲),205,2,311110,0,0,8,0,0,8,0,0
4020,光荣的 铠甲(颈甲),205,3,311111,0,0,8,0,0,8,0,0
4021,混沌的 穿甲胄(颈甲),205,4,311120,0,0,8,0,0,8,0,0
4022,光荣的 穿甲胄(颈甲),205,5,311121,0,0,8,0,0,8,0,0
4023,混沌的 颈甲 裤子(颈甲),205,6,311130,0,0,8,0,0,8,0,0
4024,光荣的 颈甲 裤子(颈甲),205,7,311131,0,0,8,0,0,8,0,0
4025,混沌的 高筒靴(颈甲),205,8,311140,0,0,8,0,0,8,0,0
4026,光荣的 高筒靴(颈甲),205,9,311141,0,0,8,0,0,8,0,0
4027,混沌的 皮革 披风(颈甲),205,10,311150,0,0,8,0,0,8,0,0
4028,光荣的 皮革 披风(颈甲),205,11,311151,0,0,8,0,0,8,0,0
4029,胜利者的 头盔(颈甲),205,12,312100,0,0,8,0,0,8,0,0
4030,纪念的头盔(颈甲),205,13,312101,0,0,8,0,0,8,0,0
4031,胜利者的 铠甲(颈甲),205,14,312110,0,0,8,0,0,8,0,0
4032,纪念的铠甲(颈甲),205,15,312111,0,0,8,0,0,8,0,0
4033,胜利者的 穿甲胄(颈甲),205,16,312120,0,0,8,0,0,8,0,0
4034,纪念的穿甲胄(颈甲),205,17,312121,0,0,8,0,0,8,0,0
4035,胜利者的 颈甲 裤子(颈甲),205,18,312130,0,0,8,0,0,8,0,0
4036,纪念的颈甲 裤子(颈甲),205,19,312131,0,0,8,0,0,8,0,0
4037,胜利者的 高筒靴(颈甲),205,20,312140,0,0,8,0,0,8,0,0
4038,纪念的高筒靴(颈甲),205,21,312141,0,0,8,0,0,8,0,0
4039,胜利者的 皮革 披风(颈甲),205,22,312150,0,0,8,0,0,8,0,0
4040,纪念的皮革 披风(颈甲),205,23,312151,0,0,8,0,0,8,0,0
4041,凶悍的 斗士的 快速 面具,205,24,312102,0,0,8,0,0,8,0,0
4042,凶悍的 斗士的 流血 面具,205,25,312103,0,0,8,0,0,8,0,0
4043,凶悍的 斗士的 快速 心脏守护者具,205,26,312112,0,0,8,0,0,8,0,0
4044,凶悍的 斗士的 流血 心脏守护者具,205,27,312113,0,0,8,0,0,8,0,0
4045,凶悍的 斗士的 快速 穿甲胄,205,28,312122,0,0,8,0,0,8,0,0
4046,凶悍的 斗士的 流血 穿甲胄,205,29,312123,0,0,8,0,0,8,0,0
4047,凶悍的 斗士的 快速 护腰具,205,30,312132,0,0,8,0,0,8,0,0
4048,凶悍的 斗士的 流血 护腰具,205,31,312133,0,0,8,0,0,8,0,0
4049,凶悍的 斗士的 快速 脚部守护者具,205,32,312142,0,0,8,0,0,8,0,0
4050,凶悍的 斗士的 流血 脚部守护者具,205,33,312143,0,0,8,0,0,8,0,0
4051,凶悍的 斗士的 快速 披风,205,34,312152,0,0,8,0,0,8,0,0
4052,凶悍的 斗士的 流血 披风,205,35,312153,0,0,8,0,0,8,0,0
4053,混沌的 重甲 头盔(重甲),206,0,301200,0,0,8,0,0,8,0,0
4054,光荣的 重甲 头盔(重甲),206,1,301201,0,0,8,0,0,8,0,0
4055,混沌的 重甲 铠甲(重甲),206,2,301210,0,0,8,0,0,8,0,0
4056,光荣的 重甲 铠甲(重甲),206,3,301211,0,0,8,0,0,8,0,0
4057,混沌的 重甲 穿甲胄(重甲),206,4,301220,0,0,8,0,0,8,0,0
4058,光荣的 重甲 穿甲胄(重甲),206,5,301221,0,0,8,0,0,8,0,0
4059,混沌的 重甲 裤子(重甲),206,6,301230,0,0,8,0,0,8,0,0
4060,光荣的 重甲 裤子(重甲),206,7,301231,0,0,8,0,0,8,0,0
4061,混沌的 重甲 高筒靴(重甲),206,8,301240,0,0,8,0,0,8,0,0
4062,光荣的 重甲 高筒靴(重甲),206,9,301241,0,0,8,0,0,8,0,0
4063,混沌的胄甲挂钩披风(重甲),206,10,301250,0,0,8,0,0,8,0,0
4064,光荣的胄甲挂钩披风(重甲),206,11,301251,0,0,8,0,0,8,0,0
4065,胜利者的 重甲 头盔(重甲),206,12,302200,0,0,8,0,0,8,0,0
4066,纪念的重甲 头盔(重甲),206,13,302201,0,0,8,0,0,8,0,0
4067,胜利者的 重甲 铠甲(重甲),206,14,302210,0,0,8,0,0,8,0,0
4068,纪念的重甲 铠甲(重甲),206,15,302211,0,0,8,0,0,8,0,0
4069,胜利者的 重甲 穿甲胄(重甲),206,16,302220,0,0,8,0,0,8,0,0
4070,纪念的重甲 穿甲胄(重甲),206,17,302221,0,0,8,0,0,8,0,0
4071,胜利者的 重甲 裤子(重甲),206,18,302230,0,0,8,0,0,8,0,0
4072,纪念的重甲 裤子(重甲),206,19,302231,0,0,8,0,0,8,0,0
4073,胜利者的 重甲 高筒靴(重甲),206,20,302240,0,0,8,0,0,8,0,0
4074,纪念的重甲 高筒靴(重甲),206,21,302241,0,0,8,0,0,8,0,0
4075,胜利者的胄甲挂钩披风(重甲),206,22,302250,0,0,8,0,0,8,0,0
4076,纪念的胄甲挂钩 披风(重甲),206,23,302251,0,0,8,0,0,8,0,0
4077,凶悍的 斗士的 铁壁 头盔,206,24,302202,0,0,8,0,0,8,0,0
4078,凶悍的 斗士的 屠杀 头盔,206,25,302203,0,0,8,0,0,8,0,0
4079,凶悍的 斗士的 铁壁 胸甲,206,26,302212,0,0,8,0,0,8,0,0
4080,凶悍的 斗士的 屠杀 胸甲,206,27,302213,0,0,8,0,0,8,0,0
4081,凶悍的 斗士的 铁壁 护手具,206,28,302222,0,0,8,0,0,8,0,0
4082,凶悍的 斗士的 屠杀 护手具,206,29,302223,0,0,8,0,0,8,0,0
4083,凶悍的 斗士的 铁壁 腰带,206,30,302232,0,0,8,0,0,8,0,0
4084,凶悍的 斗士的 屠杀 腰带,206,31,302233,0,0,8,0,0,8,0,0
4085,凶悍的 斗士的 铁壁 鞋,206,32,302242,0,0,8,0,0,8,0,0
4086,凶悍的 斗士的 屠杀 鞋,206,33,302243,0,0,8,0,0,8,0,0
4087,凶悍的 斗士的 铁壁 披风,206,34,302252,0,0,8,0,0,8,0,0
4088,凶悍的 斗士的 屠杀 披风,206,35,302253,0,0,8,0,0,8,0,0
4089,混沌的 重甲 头盔(重甲),207,0,311200,0,0,8,0,0,8,0,0
4090,光荣的 重甲 头盔(重甲),207,1,311201,0,0,8,0,0,8,0,0
4091,混沌的 重甲 铠甲(重甲),207,2,311210,0,0,8,0,0,8,0,0
4092,光荣的 重甲 铠甲(重甲),207,3,311211,0,0,8,0,0,8,0,0
4093,混沌的 重甲 穿甲胄(重甲),207,4,311220,0,0,8,0,0,8,0,0
4094,光荣的 重甲 穿甲胄(重甲),207,5,311221,0,0,8,0,0,8,0,0
4095,混沌的 重甲 裤子(重甲),207,6,311230,0,0,8,0,0,8,0,0
4096,光荣的 重甲 裤子(重甲),207,7,311231,0,0,8,0,0,8,0,0
4097,混沌的 重甲 高筒靴(重甲),207,8,311240,0,0,8,0,0,8,0,0
4098,光荣的 重甲 高筒靴(重甲),207,9,311241,0,0,8,0,0,8,0,0
4099,混沌的胄甲挂钩披风(重甲),207,10,311250,0,0,8,0,0,8,0,0
4100,光荣的胄甲挂钩披风(重甲),207,11,311251,0,0,8,0,0,8,0,0
4101,胜利者的 重甲 头盔(重甲),207,12,312200,0,0,8,0,0,8,0,0
4102,纪念的重甲 头盔(重甲),207,13,312201,0,0,8,0,0,8,0,0
4103,胜利者的 重甲 铠甲(重甲),207,14,312210,0,0,8,0,0,8,0,0
4104,纪念的重甲 铠甲(重甲),207,15,312211,0,0,8,0,0,8,0,0
4105,胜利者的 重甲 穿甲胄(重甲),207,16,312220,0,0,8,0,0,8,0,0
4106,纪念的重甲 穿甲胄(重甲),207,17,312221,0,0,8,0,0,8,0,0
4107,胜利者的 重甲 裤子(重甲),207,18,312230,0,0,8,0,0,8,0,0
4108,纪念的重甲 裤子(重甲),207,19,312231,0,0,8,0,0,8,0,0
4109,胜利者的 重甲 高筒靴(重甲),207,20,312240,0,0,8,0,0,8,0,0
4110,纪念的重甲 高筒靴(重甲),207,21,312241,0,0,8,0,0,8,0,0
4111,胜利者的胄甲挂钩披风(重甲),207,22,312250,0,0,8,0,0,8,0,0
4112,纪念的胄甲挂钩 披风(重甲),207,23,312251,0,0,8,0,0,8,0,0
4113,凶悍的 斗士的 铁壁 头盔,207,24,312202,0,0,8,0,0,8,0,0
4114,凶悍的 斗士的 屠杀 头盔,207,25,312203,0,0,8,0,0,8,0,0
4115,凶悍的 斗士的 铁壁 胸甲,207,26,312212,0,0,8,0,0,8,0,0
4116,凶悍的 斗士的 屠杀 胸甲,207,27,312213,0,0,8,0,0,8,0,0
4117,凶悍的 斗士的 铁壁 护手具,207,28,312222,0,0,8,0,0,8,0,0
4118,凶悍的 斗士的 屠杀 护手具,207,29,312223,0,0,8,0,0,8,0,0
4119,凶悍的 斗士的 铁壁 腰带,207,30,312232,0,0,8,0,0,8,0,0
4120,凶悍的 斗士的 屠杀 腰带,207,31,312233,0,0,8,0,0,8,0,0
4121,凶悍的 斗士的 铁壁 鞋,207,32,312242,0,0,8,0,0,8,0,0
4122,凶悍的 斗士的 屠杀 鞋,207,33,312243,0,0,8,0,0,8,0,0
4123,凶悍的 斗士的 铁壁 披风,207,34,312252,0,0,8,0,0,8,0,0
4124,凶悍的 斗士的 屠杀 披风,207,35,312253,0,0,8,0,0,8,0,0
4125,荣誉的项链,208,0,321000,0,0,8,0,0,8,0,0
4126,继承者的项链,208,1,321001,0,0,8,0,0,8,0,0
4127,熟练者的项链,208,2,321010,0,0,8,0,0,8,0,0
4128,高级玩家的项链,208,3,321011,0,0,8,0,0,8,0,0
4129,凶悍的 斗士的 胜利项链,208,4,321012,0,0,8,0,0,8,0,0
4130,凶悍的 斗士的 征服项链,208,5,321013,0,0,8,0,0,8,0,0
4131,荣誉的 戒指,208,6,322000,0,0,8,0,0,8,0,0
4132,继承者的 戒指,208,7,322001,0,0,8,0,0,8,0,0
4133,熟练者的 戒指,208,8,322010,0,0,8,0,0,8,0,0
4134,高级玩家的 戒指,208,9,322011,0,0,8,0,0,8,0,0
4135,凶悍的 斗士的 胜利 戒指,208,10,322012,0,0,8,0,0,8,0,0
4136,凶悍的 斗士的 征服 戒指,208,11,322013,0,0,8,0,0,8,0,0
4137,青色徽章 黄色魔,209,0,500003,0,0,8,0,0,8,0,0
4138,青色徽章 灰色魔,209,1,500004,0,0,8,0,0,8,0,0
4139,青色徽章 白色魔,209,2,500005,0,0,8,0,0,8,0,0
4140,[名声] 扬声器,209,3,15000,0,0,8,0,0,8,0,0
4141,[名声] 恢复%生命的药水,209,4,15001,0,0,8,0,0,8,0,0
4142,[名声] 活力石%,209,5,15002,0,0,8,0,0,8,0,0
4143,[名声] 零散下买弓订单,209,6,15003,0,0,8,0,0,8,0,0
4144,[名声] 名声用 去符号(高层次用具),209,7,15006,0,0,8,0,0,8,0,0
4145,[名声] 增加%的滚动速度,209,8,15008,0,0,8,0,0,8,0,0
4146,黑暗 链子 棕色魔,210,0,500503,0,0,8,0,0,8,0,0
4147,黑暗 链子 敌魔,210,1,500504,0,0,8,0,0,8,0,0
4148,黑暗 链子黑魔,210,2,500505,0,0,8,0,0,8,0,0
4149,[名声] 扬声器,210,3,15000,0,0,8,0,0,8,0,0
4150,[名声] 恢复%生命的药水,210,4,15001,0,0,8,0,0,8,0,0
4151,[名声] 活力石%,210,5,15002,0,0,8,0,0,8,0,0
4152,[名声] 零散下买弓订单,210,6,15003,0,0,8,0,0,8,0,0
4153,[名声] 名声用 去符号(爆破用具),210,7,15007,0,0,8,0,0,8,0,0
4154,[名声] 增加%的滚动速度,210,8,15008,0,0,8,0,0,8,0,0
4155,中高级 生命药水,240,0,10012,0,0,8,0,0,8,0,0
4156,中高级 生命维持药水,240,1,10013,0,0,8,0,0,8,0,0
4157,中高级 法力药水,240,2,10112,0,0,8,0,0,8,0,0
4158,中高级 法力持续药水,240,3,10113,0,0,8,0,0,8,0,0
4159,高级 生命药水,240,4,10016,0,0,8,0,0,8,0,0
4160,高级 生命维持药水,240,5,10017,0,0,8,0,0,8,0,0
4161,高级 法力药水,240,6,10116,0,0,8,0,0,8,0,0
4162,高级 法力持续药水,240,7,10117,0,0,8,0,0,8,0,0
4163,尊贵的订单,240,8,12100,0,0,8,0,0,8,0,0
4164,库存扩展,240,9,510012,0,0,8,0,0,8,0,0
4165,皮质项链,240,10,2070400,0,0,8,0,0,8,0,0
4166,老师的 戒指,240,11,2080500,0,0,8,0,0,8,0,0
4167,钢铁呼吸转用订单,240,12,12101,0,0,8,0,0,8,0,0
4168,高级 生命药水,241,0,10016,0,0,8,0,0,8,0,0
4169,高级 生命维持药水,241,1,10017,0,0,8,0,0,8,0,0
4170,高级 法力药水,241,2,10116,0,0,8,0,0,8,0,0
4171,高级 法力持续药水,241,3,10117,0,0,8,0,0,8,0,0
4172,最高级 生命药水,241,4,10020,0,0,8,0,0,8,0,0
4173,最高级 生命维持药水,241,5,10021,0,0,8,0,0,8,0,0
4174,最高级 法力药水,241,6,10120,0,0,8,0,0,8,0,0
4175,最高级 法力持续药水,241,7,10121,0,0,8,0,0,8,0,0
4176,尊贵的订单,241,8,12100,0,0,8,0,0,8,0,0
4177,库存扩展,241,9,510012,0,0,8,0,0,8,0,0
4178,守护者项链,241,10,2070500,0,0,8,0,0,8,0,0
4179,守护者 戒指,241,11,2080600,0,0,8,0,0,8,0,0
4180,钢铁呼吸转用订单,241,12,12101,0,0,8,0,0,8,0,0
4181,中高级 生命药水,242,0,10012,0,0,8,0,0,8,0,0
4182,中高级 生命维持药水,242,1,10013,0,0,8,0,0,8,0,0
4183,中高级 法力药水,242,2,10112,0,0,8,0,0,8,0,0
4184,中高级 法力持续药水,242,3,10113,0,0,8,0,0,8,0,0
4185,高级 生命药水,242,4,10016,0,0,8,0,0,8,0,0
4186,高级 生命维持药水,242,5,10017,0,0,8,0,0,8,0,0
4187,高级 法力药水,242,6,10116,0,0,8,0,0,8,0,0
4188,高级 法力持续药水,242,7,10117,0,0,8,0,0,8,0,0
4189,尊贵的订单,242,8,12100,0,0,8,0,0,8,0,0
4190,库存扩展,242,9,510012,0,0,8,0,0,8,0,0
4191,皮质项链,242,10,2070400,0,0,8,0,0,8,0,0
4192,老师的 戒指,242,11,2080500,0,0,8,0,0,8,0,0
4193,奴役月神 转用订单,242,12,12102,0,0,8,0,0,8,0,0
4194,高级 生命药水,243,0,10016,0,0,8,0,0,8,0,0
4195,高级 生命维持药水,243,1,10017,0,0,8,0,0,8,0,0
4196,高级 法力药水,243,2,10116,0,0,8,0,0,8,0,0
4197,高级 法力持续药水,243,3,10117,0,0,8,0,0,8,0,0
4198,最高级 生命药水,243,4,10020,0,0,8,0,0,8,0,0
4199,最高级 生命维持药水,243,5,10021,0,0,8,0,0,8,0,0
4200,最高级 法力药水,243,6,10120,0,0,8,0,0,8,0,0
4201,最高级 法力持续药水,243,7,10121,0,0,8,0,0,8,0,0
4202,尊贵的订单,243,8,12100,0,0,8,0,0,8,0,0
4203,库存扩展,243,9,510012,0,0,8,0,0,8,0,0
4204,守护者项链,243,10,2070500,0,0,8,0,0,8,0,0
4205,守护者 戒指,243,11,2080600,0,0,8,0,0,8,0,0
4206,奴役月神 转用订单,243,12,12102,0,0,8,0,0,8,0,0
4207,疯狂的 单手剑,244,0,1111300,0,0,8,0,0,8,0,0
4208,疯狂的 双剑,244,1,1121300,0,0,8,0,0,8,0,0
4209,疯狂的 石弓,244,2,1131300,0,0,8,0,0,8,0,0
4210,疯狂的 拐杖,244,3,1031300,0,0,8,0,0,8,0,0
4211,疯狂的 盾牌,244,4,1021300,0,0,8,0,0,8,0,0
4212,陈旧的 疯狂的 马坦枪,244,5,1101300,0,0,8,0,0,8,0,0
4213,豹子 单手剑,244,6,1111400,0,0,8,0,0,8,0,0
4214,豹子 双剑,244,7,1121400,0,0,8,0,0,8,0,0
4215,豹子 石弓,244,8,1131400,0,0,8,0,0,8,0,0
4216,豹子 拐杖,244,9,1031400,0,0,8,0,0,8,0,0
4217,豹子 盾牌,244,10,1021400,0,0,8,0,0,8,0,0
4218,陈旧的豹子 马坦枪,244,11,1101400,0,0,8,0,0,8,0,0
4219,老虎的 单手剑,244,12,1111500,0,0,8,0,0,8,0,0
4220,老虎的 双剑,244,13,1121500,0,0,8,0,0,8,0,0
4221,老虎的 石弓,244,14,1131500,0,0,8,0,0,8,0,0
4222,老虎的 拐杖,244,15,1031500,0,0,8,0,0,8,0,0
4223,老虎的 盾牌,244,16,1021500,0,0,8,0,0,8,0,0
4224,陈旧的 老虎的 马坦枪,244,17,1101500,0,0,8,0,0,8,0,0
4225,战士的 单手剑,244,18,1111600,0,0,8,0,0,8,0,0
4226,战士的 单手剑,244,19,1111600,0,0,8,0,0,8,0,0
4227,战士的 石弓,244,20,1131600,0,0,8,0,0,8,0,0
4228,战士的 拐杖,244,21,1031600,0,0,8,0,0,8,0,0
4229,战士的 盾牌,244,22,1021600,0,0,8,0,0,8,0,0
4230,陈旧的 战士的 马坦枪,244,23,1101600,0,0,8,0,0,8,0,0
4231,疯狂的 长矛,245,0,1011300,0,0,8,0,0,8,0,0
4232,疯狂的 斧子,245,1,1041300,0,0,8,0,0,8,0,0
4233,疯狂的 弓,245,2,1051300,0,0,8,0,0,8,0,0
4234,疯狂的 木条靶射箭,245,3,1141300,0,0,8,0,0,8,0,0
4235,疯狂的 盾牌,245,4,1026300,0,0,8,0,0,8,0,0
4236,陈旧的 疯狂的用具,245,5,1091300,0,0,8,0,0,8,0,0
4237,豹子 长矛,245,6,1011400,0,0,8,0,0,8,0,0
4238,豹子 斧子,245,7,1041400,0,0,8,0,0,8,0,0
4239,豹子 弓,245,8,1051400,0,0,8,0,0,8,0,0
4240,豹子 木条靶射箭,245,9,1141400,0,0,8,0,0,8,0,0
4241,豹子 盾牌,245,10,1026400,0,0,8,0,0,8,0,0
4242,陈旧的豹子用具,245,11,1091400,0,0,8,0,0,8,0,0
4243,老虎的 长矛,245,12,1011500,0,0,8,0,0,8,0,0
4244,老虎的 斧子,245,13,1041500,0,0,8,0,0,8,0,0
4245,老虎的 弓,245,14,1051500,0,0,8,0,0,8,0,0
4246,老虎的 木条靶射箭,245,15,1141500,0,0,8,0,0,8,0,0
4247,老虎的 盾牌,245,16,1026500,0,0,8,0,0,8,0,0
4248,陈旧的 老虎的用具,245,17,1091500,0,0,8,0,0,8,0,0
4249,战士的 长矛,245,18,1011600,0,0,8,0,0,8,0,0
4250,战士的 斧子,245,19,1041600,0,0,8,0,0,8,0,0
4251,战士的 弓,245,20,1051600,0,0,8,0,0,8,0,0
4252,战士的 木条靶射箭,245,21,1141600,0,0,8,0,0,8,0,0
4253,战士的 盾牌,245,22,1026600,0,0,8,0,0,8,0,0
4254,陈旧的 战士的用具,245,23,1091600,0,0,8,0,0,8,0,0
4255,凝结的心脏守护者具,246,0,2120600,0,0,8,0,0,8,0,0
4256,凝结的 心脏守护者具,246,1,2123600,0,0,8,0,0,8,0,0
4257,凝结的 胸甲,246,2,2126600,0,0,8,0,0,8,0,0
4258,凝结的 护腿具,246,3,2140600,0,0,8,0,0,8,0,0
4259,凝结的 腿部守护者具,246,4,2143600,0,0,8,0,0,8,0,0
4260,凝结的 腿铠甲,246,5,2146600,0,0,8,0,0,8,0,0
4261,凝结的护头具,246,6,2110600,0,0,8,0,0,8,0,0
4262,凝结的 面具,246,7,2113600,0,0,8,0,0,8,0,0
4263,凝结的 头盔,246,8,2116600,0,0,8,0,0,8,0,0
4264,凝结的护手具,246,9,2130600,0,0,8,0,0,8,0,0
4265,凝结的 穿甲胄,246,10,2133600,0,0,8,0,0,8,0,0
4266,凝结的 护手具,246,11,2136600,0,0,8,0,0,8,0,0
4267,凝结的 护脚具,246,12,2150600,0,0,8,0,0,8,0,0
4268,凝结的 脚部守护者具,246,13,2153600,0,0,8,0,0,8,0,0
4269,凝结的 高筒靴,246,14,2156600,0,0,8,0,0,8,0,0
4270,忍耐的 马甲 心脏守护者具,246,15,2120700,0,0,8,0,0,8,0,0
4271,忍耐的 颈甲 铠甲,246,16,2123700,0,0,8,0,0,8,0,0
4272,忍耐的 重甲 铠甲,246,17,2126700,0,0,8,0,0,8,0,0
4273,忍耐的 马甲 护腿具,246,18,2140700,0,0,8,0,0,8,0,0
4274,忍耐的 颈甲 腿铠甲,246,19,2143700,0,0,8,0,0,8,0,0
4275,忍耐的 重甲 腿铠甲,246,20,2146700,0,0,8,0,0,8,0,0
4276,忍耐的 马甲 头部守护者具,246,21,2110700,0,0,8,0,0,8,0,0
4277,忍耐的 颈甲 头盔,246,22,2113700,0,0,8,0,0,8,0,0
4278,忍耐的 重甲 头盔,246,23,2116700,0,0,8,0,0,8,0,0
4279,忍耐的 马甲护手具,246,24,2130700,0,0,8,0,0,8,0,0
4280,忍耐的 颈甲 穿甲胄 ,246,25,2133700,0,0,8,0,0,8,0,0
4281,忍耐的 重甲 穿甲胄 ,246,26,2136700,0,0,8,0,0,8,0,0
4282,忍耐的 马甲 护脚具 ,246,27,2150700,0,0,8,0,0,8,0,0
4283,忍耐的 颈甲 高筒靴 ,246,28,2153700,0,0,8,0,0,8,0,0
4284,忍耐的 重甲 高筒靴,246,29,2156700,0,0,8,0,0,8,0,0
4285,皮质 马甲 心脏守护者具 ,246,30,2120800,0,0,8,0,0,8,0,0
4286,皮质 颈甲 铠甲 ,246,31,2123800,0,0,8,0,0,8,0,0
4287,皮质 重甲 铠甲 ,246,32,2126800,0,0,8,0,0,8,0,0
4288,皮质 马甲 护腿具 ,246,33,2140800,0,0,8,0,0,8,0,0
4289,皮质 颈甲 腿铠甲 ,246,34,2143800,0,0,8,0,0,8,0,0
4290,皮质 重甲 腿铠甲 ,246,35,2146800,0,0,8,0,0,8,0,0
4291,皮质 马甲 头部守护者具 ,246,36,2110800,0,0,8,0,0,8,0,0
4292,皮质 颈甲 头盔 ,246,37,2113800,0,0,8,0,0,8,0,0
4293,皮质 重甲 头盔 ,246,38,2116800,0,0,8,0,0,8,0,0
4294,皮质 马甲护手具 ,246,39,2130800,0,0,8,0,0,8,0,0
4295,皮质 颈甲 穿甲胄 ,246,40,2133800,0,0,8,0,0,8,0,0
4296,皮质 重甲 穿甲胄,246,41,2136800,0,0,8,0,0,8,0,0
4297,皮质 马甲 护脚具,246,42,2150800,0,0,8,0,0,8,0,0
4298,皮质 颈甲 高筒靴,246,43,2153800,0,0,8,0,0,8,0,0
4299,皮质 重甲 高筒,246,44,2156800,0,0,8,0,0,8,0,0
4300,守护者 马甲 心脏守护者具,246,45,2120900,0,0,8,0,0,8,0,0
4301,守护者 颈甲 铠甲,246,46,2123900,0,0,8,0,0,8,0,0
4302,守护者 重甲 铠甲,246,47,2126900,0,0,8,0,0,8,0,0
4303,守护者 马甲 护腿具,246,48,2140900,0,0,8,0,0,8,0,0
4304,守护者 颈甲 腿铠甲,246,49,2143900,0,0,8,0,0,8,0,0
4305,守护者 重甲 腿铠甲,246,50,2146900,0,0,8,0,0,8,0,0
4306,守护者 马甲 头部守护者具,246,51,2110900,0,0,8,0,0,8,0,0
4307,守护者 颈甲 头盔,246,52,2113900,0,0,8,0,0,8,0,0
4308,守护者 重甲 头盔,246,53,2116900,0,0,8,0,0,8,0,0
4309,守护者 马甲护手具,246,54,2130900,0,0,8,0,0,8,0,0
4310,守护者 颈甲 穿甲胄 ,246,55,2133900,0,0,8,0,0,8,0,0
4311,守护者 重甲 穿甲胄 ,246,56,2136900,0,0,8,0,0,8,0,0
4312,守护者 马甲 护脚具 ,246,57,2150900,0,0,8,0,0,8,0,0
4313,守护者 颈甲 高筒靴 ,246,58,2153900,0,0,8,0,0,8,0,0
4314,守护者 重甲 高筒靴 ,246,59,2156900,0,0,8,0,0,8,0,0
4315,凝结的心脏守护者具 ,247,0,2420600,0,0,8,0,0,8,0,0
4316,凝结的 心脏守护者具 ,247,1,2423600,0,0,8,0,0,8,0,0
4317,凝结的 胸甲 ,247,2,2426600,0,0,8,0,0,8,0,0
4318,凝结的 护腿具 ,247,3,2440600,0,0,8,0,0,8,0,0
4319,凝结的 腿部守护者具 ,247,4,2443600,0,0,8,0,0,8,0,0
4320,凝结的 腿铠甲,247,5,2446600,0,0,8,0,0,8,0,0
4321,凝结的护头具,247,6,2410600,0,0,8,0,0,8,0,0
4322,凝结的 面具,247,7,2413600,0,0,8,0,0,8,0,0
4323,凝结的 头盔,247,8,2416600,0,0,8,0,0,8,0,0
4324,凝结的护手具,247,9,2430600,0,0,8,0,0,8,0,0
4325,凝结的 穿甲胄,247,10,2433600,0,0,8,0,0,8,0,0
4326,凝结的 护手具,247,11,2436600,0,0,8,0,0,8,0,0
4327,凝结的 护脚具,247,12,2450600,0,0,8,0,0,8,0,0
4328,凝结的 脚部守护者具,247,13,2453600,0,0,8,0,0,8,0,0
4329,凝结的 高筒靴,247,14,2456600,0,0,8,0,0,8,0,0
4330,忍耐的 马甲 心脏守护者具,247,15,2420700,0,0,8,0,0,8,0,0
4331,忍耐的 颈甲 铠甲,247,16,2423700,0,0,8,0,0,8,0,0
4332,忍耐的 重甲 铠甲,247,17,2426700,0,0,8,0,0,8,0,0
4333,忍耐的 马甲 护腿具,247,18,2440700,0,0,8,0,0,8,0,0
4334,忍耐的 颈甲 腿铠甲,247,19,2443700,0,0,8,0,0,8,0,0
4335,忍耐的 重甲 腿铠甲,247,20,2446700,0,0,8,0,0,8,0,0
4336,忍耐的 马甲 头部守护者具,247,21,2410700,0,0,8,0,0,8,0,0
4337,忍耐的 颈甲 头盔,247,22,2413700,0,0,8,0,0,8,0,0
4338,忍耐的 重甲 头盔,247,23,2416700,0,0,8,0,0,8,0,0
4339,忍耐的 马甲护手具,247,24,2430700,0,0,8,0,0,8,0,0
4340,忍耐的 颈甲 穿甲胄,247,25,2433700,0,0,8,0,0,8,0,0
4341,忍耐的 重甲 穿甲胄,247,26,2436700,0,0,8,0,0,8,0,0
4342,忍耐的 马甲 护脚具,247,27,2450700,0,0,8,0,0,8,0,0
4343,忍耐的 颈甲 高筒靴,247,28,2453700,0,0,8,0,0,8,0,0
4344,忍耐的 重甲 高筒靴,247,29,2456700,0,0,8,0,0,8,0,0
4345,皮质 马甲 心脏守护者具,247,30,2420800,0,0,8,0,0,8,0,0
4346,皮质 颈甲 铠甲,247,31,2423800,0,0,8,0,0,8,0,0
4347,皮质 重甲 铠甲,247,32,2426800,0,0,8,0,0,8,0,0
4348,皮质 马甲 护腿具,247,33,2440800,0,0,8,0,0,8,0,0
4349,皮质 颈甲 腿铠甲,247,34,2443800,0,0,8,0,0,8,0,0
4350,皮质 重甲 腿铠甲,247,35,2446800,0,0,8,0,0,8,0,0
4351,皮质 马甲 头部守护者具,247,36,2410800,0,0,8,0,0,8,0,0
4352,皮质 颈甲 头盔,247,37,2413800,0,0,8,0,0,8,0,0
4353,皮质 重甲 头盔,247,38,2416800,0,0,8,0,0,8,0,0
4354,皮质 马甲护手具,247,39,2430800,0,0,8,0,0,8,0,0
4355,皮质 颈甲 穿甲胄,247,40,2433800,0,0,8,0,0,8,0,0
4356,皮质 重甲 穿甲胄,247,41,2436800,0,0,8,0,0,8,0,0
4357,皮质 马甲 护脚具,247,42,2450800,0,0,8,0,0,8,0,0
4358,皮质 颈甲 高筒靴,247,43,2453800,0,0,8,0,0,8,0,0
4359,皮质 重甲 高筒靴,247,44,2456800,0,0,8,0,0,8,0,0
4360,守护者 马甲 心脏守护者具,247,45,2420900,0,0,8,0,0,8,0,0
4361,守护者 颈甲 铠甲,247,46,2423900,0,0,8,0,0,8,0,0
4362,守护者 重甲 铠甲,247,47,2426900,0,0,8,0,0,8,0,0
4363,守护者 马甲 护腿具,247,48,2440900,0,0,8,0,0,8,0,0
4364,守护者 颈甲 腿铠甲,247,49,2443900,0,0,8,0,0,8,0,0
4365,守护者 重甲 腿铠甲,247,50,2446900,0,0,8,0,0,8,0,0
4366,守护者 马甲 头部守护者具,247,51,2410900,0,0,8,0,0,8,0,0
4367,守护者 颈甲 头盔,247,52,2413900,0,0,8,0,0,8,0,0
4368,守护者 重甲 头盔,247,53,2416900,0,0,8,0,0,8,0,0
4369,守护者 马甲护手具,247,54,2430900,0,0,8,0,0,8,0,0
4370,守护者 颈甲 穿甲胄,247,55,2433900,0,0,8,0,0,8,0,0
4371,守护者 重甲 穿甲胄,247,56,2436900,0,0,8,0,0,8,0,0
4372,守护者 马甲 护脚具,247,57,2450900,0,0,8,0,0,8,0,0
4373,守护者 颈甲 高筒靴,247,58,2453900,0,0,8,0,0,8,0,0
4374,守护者 重甲 高筒靴,247,59,2456900,0,0,8,0,0,8,0,0
4375,宝物 箱 - 高层次用具 单手剑,230,0,410000,0,0,8,0,0,8,0,0
4376,宝物 箱 - 高层次用具 盾牌,230,1,410001,0,0,8,0,0,8,0,0
4377,宝物 箱 - 高层次用具 双剑,230,2,410002,0,0,8,0,0,8,0,0
4378,宝物 箱 - 高层次用具 石弓,230,3,410003,0,0,8,0,0,8,0,0
4379,宝物 箱 - 高层次用具 拐杖,230,4,410004,0,0,8,0,0,8,0,0
4380,宝物 箱 - 高层次用具 头盔,230,5,410010,0,0,8,0,0,8,0,0
4381,宝物 箱 - 高层次用具 铠甲,230,6,410011,0,0,8,0,0,8,0,0
4382,宝物 箱 - 高层次用具 穿甲胄,230,7,410012,0,0,8,0,0,8,0,0
4383,宝物 箱 - 高层次用具 腰带,230,8,410013,0,0,8,0,0,8,0,0
4384,宝物 箱 - 高层次用具 鞋,230,9,410014,0,0,8,0,0,8,0,0
4385,宝物 箱 - 高层次用具 披风,230,10,410015,0,0,8,0,0,8,0,0
4386,宝物 箱 - 爆破用具 长矛,231,0,410005,0,0,8,0,0,8,0,0
4387,宝物 箱 - 爆破用具 盾牌,231,1,410006,0,0,8,0,0,8,0,0
4388,宝物 箱 - 爆破用具 斧子,231,2,410007,0,0,8,0,0,8,0,0
4389,宝物 箱 - 爆破用具 弓,231,3,410008,0,0,8,0,0,8,0,0
4390,宝物 箱 - 爆破用具 木条靶射箭,231,4,410009,0,0,8,0,0,8,0,0
4391,宝物 箱 - 爆破用具 头盔,231,5,410016,0,0,8,0,0,8,0,0
4392,宝物 箱 - 爆破用具 铠甲,231,6,410017,0,0,8,0,0,8,0,0
4393,宝物 箱 - 爆破用具 穿甲胄,231,7,410018,0,0,8,0,0,8,0,0
4394,宝物 箱 - 爆破用具 腰带,231,8,410019,0,0,8,0,0,8,0,0
4395,宝物 箱 - 爆破用具 鞋,231,9,410020,0,0,8,0,0,8,0,0
4396,宝物 箱 - 爆破用具 披风,231,10,410021,0,0,8,0,0,8,0,0
4397,优良 宝物 箱 - 高层次用具 单手剑,232,0,410022,0,0,8,0,0,8,0,0
4398,优良 宝物 箱 - 高层次用具 盾牌,232,1,410023,0,0,8,0,0,8,0,0
4399,优良 宝物 箱 - 高层次用具 双剑,232,2,410024,0,0,8,0,0,8,0,0
4400,优良 宝物 箱 - 高层次用具 石弓,232,3,410025,0,0,8,0,0,8,0,0
4401,优良 宝物 箱 - 高层次用具 拐杖,232,4,410026,0,0,8,0,0,8,0,0
4402,优良 宝物 箱 - 高层次用具 头盔,232,5,410032,0,0,8,0,0,8,0,0
4403,优良 宝物 箱 - 高层次用具 铠甲,232,6,410033,0,0,8,0,0,8,0,0
4404,优良 宝物 箱 - 高层次用具 穿甲胄,232,7,410034,0,0,8,0,0,8,0,0
4405,优良 宝物 箱 - 高层次用具 腰带,232,8,410035,0,0,8,0,0,8,0,0
4406,优良 宝物 箱 - 高层次用具 鞋,232,9,410036,0,0,8,0,0,8,0,0
4407,优良 宝物 箱 - 高层次用具 披风,232,10,410037,0,0,8,0,0,8,0,0
4408,优良 宝物 箱 - 爆破用具 长矛,233,0,410027,0,0,8,0,0,8,0,0
4409,优良 宝物 箱 - 爆破用具 盾牌,233,1,410028,0,0,8,0,0,8,0,0
4410,优良 宝物 箱 - 爆破用具 斧子,233,2,410029,0,0,8,0,0,8,0,0
4411,优良 宝物 箱 - 爆破用具 弓,233,3,410030,0,0,8,0,0,8,0,0
4412,优良 宝物 箱 - 爆破用具 木条靶射箭,233,4,410031,0,0,8,0,0,8,0,0
4413,优良 宝物 箱 - 爆破用具 头盔,233,5,410038,0,0,8,0,0,8,0,0
4414,优良 宝物 箱 - 爆破用具 铠甲,233,6,410039,0,0,8,0,0,8,0,0
4415,优良 宝物 箱 - 爆破用具 穿甲胄,233,7,410040,0,0,8,0,0,8,0,0
4416,优良 宝物 箱 - 爆破用具 腰带,233,8,410041,0,0,8,0,0,8,0,0
4417,优良 宝物 箱 - 爆破用具 鞋,233,9,410042,0,0,8,0,0,8,0,0
4418,优良 宝物 箱 - 爆破用具 披风,233,10,410043,0,0,8,0,0,8,0,0
4419,战斗储藏 宝物 箱 - 高层次用具 单手剑,234,0,410044,0,0,8,0,0,8,0,0
4420,战斗储藏 宝物 箱 - 高层次用具 盾牌,234,1,410045,0,0,8,0,0,8,0,0
4421,战斗储藏 宝物 箱 - 高层次用具 双剑,234,2,410046,0,0,8,0,0,8,0,0
4422,战斗储藏 宝物 箱 - 高层次用具 石弓,234,3,410047,0,0,8,0,0,8,0,0
4423,战斗储藏 宝物 箱 - 高层次用具 拐杖,234,4,410048,0,0,8,0,0,8,0,0
4424,战斗储藏 宝物 箱 - 高层次用具 头盔,234,5,410054,0,0,8,0,0,8,0,0
4425,战斗储藏 宝物 箱 - 高层次用具 铠甲,234,6,410055,0,0,8,0,0,8,0,0
4426,战斗储藏 宝物 箱 - 高层次用具 穿甲胄,234,7,410056,0,0,8,0,0,8,0,0
4427,战斗储藏 宝物 箱 - 高层次用具 腰带,234,8,410057,0,0,8,0,0,8,0,0
4428,战斗储藏 宝物 箱 - 高层次用具 鞋,234,9,410058,0,0,8,0,0,8,0,0
4429,战斗储藏 宝物 箱 - 高层次用具 披风,234,10,410059,0,0,8,0,0,8,0,0
4430,战斗储藏 宝物 箱 - 爆破用具 长矛,235,0,410049,0,0,8,0,0,8,0,0
4431,战斗储藏 宝物 箱 - 爆破用具 盾牌,235,1,410050,0,0,8,0,0,8,0,0
4432,战斗储藏 宝物 箱 - 爆破用具 斧子,235,2,410051,0,0,8,0,0,8,0,0
4433,战斗储藏 宝物 箱 - 爆破用具 弓,235,3,410052,0,0,8,0,0,8,0,0
4434,战斗储藏 宝物 箱 - 爆破用具 木条靶射箭,235,4,410053,0,0,8,0,0,8,0,0
4435,战斗储藏 宝物 箱 - 爆破用具 头盔,235,5,410060,0,0,8,0,0,8,0,0
4436,战斗储藏 宝物 箱 - 爆破用具 铠甲,235,6,410061,0,0,8,0,0,8,0,0
4437,战斗储藏 宝物 箱 - 爆破用具 穿甲胄,235,7,410062,0,0,8,0,0,8,0,0
4438,战斗储藏 宝物 箱 - 爆破用具 腰带,235,8,410063,0,0,8,0,0,8,0,0
4439,战斗储藏 宝物 箱 - 爆破用具 鞋,235,9,410064,0,0,8,0,0,8,0,0
4440,战斗储藏 宝物 箱 - 爆破用具 披风,235,10,410065,0,0,8,0,0,8,0,0
4441,高层次用具 秘密 箱,236,0,80011,0,0,8,0,0,8,0,0
4442,高层次用具 溢价 秘密 箱,236,1,80012,0,10,8,0,0,8,0,0
4443,爆破用具 秘密 箱,237,0,80011,0,0,8,0,0,8,0,0
4444,爆破用具 溢价 秘密 箱,237,1,80012,0,10,8,0,0,8,0,0
