TID,WorldTID,Name,Pos,Min,Max,Volume,
伴奏,世界,名称,位置,半径,最小距离,最大距离,音量
2,,,,,,,
U32,U16,CBwString,F32:v,F32,F32,F32,
1,2000,Amb_Fire_Bonfire_01.ogg,7043.44|7886.51|96.20,2,10,1,
2,2000,Amb_Fire_Bonfire_01.ogg,7047.76|7844.60|94.03,2,10,1,
3,2000,Amb_Fire_Bonfire_01.ogg,7012.37|7823.71|87.54,2,10,1,
4,2000,Amb_Fire_Bonfire_01.ogg,7025.43|7794.64|89.79,2,10,1,
5,2000,Amb_Fire_Bonfire_01.ogg,7008.05|7807.25|90.18,2,10,1,
6,2000,Amb_Fire_Bonfire_01.ogg,6993.33|7796.17|84.14,2,10,1,
7,2000,Amb_Fire_Bonfire_01.ogg,6983.21|7796.34|83.85,2,10,1,
8,2000,Amb_Fire_Bonfire_01.ogg,6990.49|7817.09|83.97,2,10,1,
9,2000,Amb_Fire_Bonfire_01.ogg,6993.59|7834.68|83.95,2,10,1,
10,2000,Amb_Fire_Bonfire_01.ogg,6991.81|7862.46|83.52,2,10,1,
11,2000,Amb_Fire_Bonfire_01.ogg,7005.93|7867.73|82.67,2,10,1,
12,2000,Amb_Fire_Bonfire_01.ogg,7001.61|7882.57|82.90,2,10,1,
13,2000,Amb_Fire_Bonfire_01.ogg,6990.17|7883.79|83.79,2,10,1,
14,2000,Amb_Fire_Bonfire_01.ogg,7020.21|7884.23|95.46,2,10,1,
15,2000,Amb_Water_Large_Valley_01.ogg,7063.79|7811.04|100.55,30,60,1,
16,2000,Amb_Fire_Bonfire_01.ogg,6976.00|7828.52|84.04,2,10,1,
17,2000,Amb_Fire_Bonfire_01.ogg,6975.46|7818.90|84.13,2,10,1,
18,2000,Amb_Obj_Large_machine_01.ogg,7043.28|7879.00|95.00,3.75,7.5,1,
19,2000,Amb_Water_Waterfall_01.ogg,6901.89|7930.83|64.64,12.75,25.5,1,
20,2000,Amb_Water_Waterfall_01.ogg,6898.60|7897.61|64.21,11.25,22.5,1,
21,2000,Amb_Fire_Bonfire_01.ogg,6787.33|7898.69|128.16,2,10,1,
22,2000,Amb_Fire_Bonfire_01.ogg,6799.27|7897.56|128.33,2,10,1,
23,2000,Amb_Fire_Bonfire_01.ogg,6785.40|7925.95|131.96,2,10,1,
24,2000,Amb_Fire_Bonfire_01.ogg,6785.40|7955.80|130.66,2,10,1,
25,2000,Amb_Fire_Bonfire_01.ogg,6815.70|8013.68|141.50,2,10,1,
26,2000,Amb_Fire_Bonfire_01.ogg,6770.25|8013.34|137.13,2,10,1,
27,2000,Amb_Fire_Bonfire_01.ogg,6779.04|7998.56|136.93,2,10,1,
28,2000,Amb_Fire_Bonfire_01.ogg,6786.34|7818.34|116.13,2,10,1,
29,2000,Amb_Fire_Bonfire_01.ogg,6909.45|7794.91|89.53,2,10,1,
30,2000,Amb_Fire_Bonfire_01.ogg,6862.59|7777.20|98.14,2,10,1,
31,2000,Amb_Fire_Bonfire_01.ogg,6820.50|7779.55|107.40,2,10,1,
32,2000,Amb_Fire_Bonfire_01.ogg,6886.88|7841.04|73.91,2,10,1,
33,2000,Amb_Fire_Bonfire_01.ogg,6838.82|7857.24|72.42,2,10,1,
34,2000,Amb_Fire_Bonfire_01.ogg,7004.81|7991.17|92.33,2,10,1,
35,2000,Amb_Fire_Bonfire_01.ogg,6911.40|7977.47|71.79,2,10,1,
36,2000,Amb_Fire_Bonfire_01.ogg,6967.14|8538.31|112.20,2,10,1,
37,2000,Amb_Fire_Bonfire_01.ogg,6980.05|8518.13|113.96,2,10,1,
38,2000,Amb_Fire_Bonfire_01.ogg,6847.62|8343.08|113.58,2,10,1,
39,2000,Amb_Fire_Bonfire_01.ogg,6936.70|8308.82|131.27,2,10,1,
40,2000,Amb_Water_Waterfall_01.ogg,7417.61|8289.92|137.07,30,50,1,
41,2000,Amb_Fire_Bonfire_01.ogg,7385.51|8242.92|129.58,2,10,1,
42,2000,Amb_Water_Waterfall_01.ogg,7421.12|8236.43|121.82,30,50,1,
43,2000,Amb_Water_Waterfall_01.ogg,7416.15|8259.15|127.34,30,50,1,
44,2000,Amb_Water_Large_Valley_01.ogg,7426.64|8327.13|142.21,30,50,1,
45,2000,Amb_Water_Large_Valley_01.ogg,7444.62|8384.92|165.03,30,50,1,
46,2000,Amb_Water_Waterfall_01.ogg,7466.12|8404.77|168.57,30,50,1,
47,2000,Amb_Water_Waterfall_01.ogg,7497.83|8432.32|166.60,30,50,1,
48,2000,Amb_Water_L_Cascade_01.ogg,7591.29|8368.20|172.21,60,80,1,
49,2000,Amb_Water_Waterfall_01.ogg,7437.12|8206.62|104.80,50,60,1,
50,2000,Amb_Water_Waterfall_01.ogg,7358.04|8335.55|126.06,50,80,1,
51,2000,Amb_Fire_Bonfire_01.ogg,7299.30|8036.69|101.68,2,10,1,
52,2000,Amb_Fire_Bonfire_01.ogg,7283.41|8029.67|101.01,2,10,1,
53,2000,Amb_Fire_Bonfire_01.ogg,7281.99|8044.95|101.85,2,10,1,
54,2000,Amb_Fire_Bonfire_01.ogg,7303.18|8022.00|100.58,2,10,1,
55,2000,Amb_Fire_Bonfire_01.ogg,7317.62|7999.79|101.64,2,10,1,
56,2000,Amb_Fire_Bonfire_01.ogg,7323.56|8045.98|103.51,2,10,1,
57,2000,Amb_Fire_Bonfire_01.ogg,7314.92|8056.24|103.69,2,10,1,
58,2000,Amb_Fire_Bonfire_01.ogg,7292.74|8012.38|100.96,2,10,1,
59,2000,Amb_Water_Waterfall_01.ogg,7311.06|8011.07|98.65,30,50,1,
60,2000,Amb_Water_Waterfall_01.ogg,7507.12|8071.86|99.62,40,60,1,
61,2000,Amb_Fire_Bonfire_01.ogg,7459.60|7300.80|84.27,2,10,1,
62,2000,Amb_Fire_Bonfire_01.ogg,7448.68|7310.12|84.03,2,10,1,
63,2000,Amb_Fire_Bonfire_01.ogg,7473.24|7297.93|86.29,2,10,1,
64,2000,Amb_Fire_Bonfire_01.ogg,7475.92|7303.81|86.60,2,10,1,
65,2000,Amb_Fire_Bonfire_01.ogg,7428.08|7260.54|77.77,2,10,1,
66,2000,Amb_Fire_Bonfire_01.ogg,7272.07|7361.46|90.22,2,10,1,
67,2000,Amb_Fire_Large_01.ogg,7286.01|7256.77|136.79,2,10,1,
68,2000,Amb_Fire_Bonfire_01.ogg,7267.23|7504.92|71.80,2,10,1,
69,2000,Amb_Fire_Bonfire_01.ogg,7267.67|7510.69|71.80,2,10,1,
70,2000,Amb_Fire_Bonfire_01.ogg,7250.86|7500.15|72.94,2,10,1,
71,2000,Amb_Fire_Bonfire_01.ogg,7234.54|7503.45|70.97,2,10,1,
72,2000,Amb_Fire_Bonfire_01.ogg,7233.83|7514.07|70.15,2,10,1,
73,2000,Amb_Water_Waterfall_01.ogg,7294.38|7565.34|65.04,18.75,37.5,1,
74,2000,Amb_Water_Waterfall_01.ogg,7243.26|7559.12|72.17,50,60,1,
75,2000,Amb_Water_Waterfall_01.ogg,7346.19|7571.78|57.21,30,60,1,
76,2000,Amb_Water_Waterfall_01.ogg,7385.90|7607.48|57.19,15,30,1,
77,2000,Amb_Water_Waterfall_01.ogg,7433.08|7592.00|71.94,18.75,37.5,1,
78,2000,Amb_Water_Waterfall_01.ogg,7482.42|7575.74|64.59,30,60,1,
79,2000,Amb_Water_Waterfall_01.ogg,7537.10|7562.33|72.99,30,60,1,
80,2000,Amb_Fire_Bonfire_01.ogg,6395.00|7522.09|125.74,2,10,1,
81,2000,Amb_Fire_Bonfire_01.ogg,6402.06|7528.06|127.00,2,10,1,
82,2000,Amb_Fire_Bonfire_01.ogg,6413.52|7521.75|126.10,2,10,1,
83,2000,Amb_Fire_Bonfire_01.ogg,6438.73|7533.06|134.83,2,10,1,
84,2000,Amb_Fire_Bonfire_01.ogg,6308.61|7550.13|130.23,2,10,1,
85,2000,Amb_Fire_Bonfire_01.ogg,6306.00|7566.06|131.89,2,10,1,
86,2000,Amb_Fire_Bonfire_01.ogg,6302.80|7533.53|128.96,2,10,1,
87,2000,Amb_Fire_Bonfire_01.ogg,6233.34|7611.38|131.55,2,10,1,
88,2000,Amb_Fire_Bonfire_01.ogg,6197.82|7414.31|118.79,2,10,1,
89,2000,Amb_Fire_Bonfire_01.ogg,6248.11|7253.50|106.12,2,10,1,
90,2000,Amb_Fire_Bonfire_01.ogg,6381.44|7304.42|114.58,2,10,1,
91,2000,Amb_Fire_Bonfire_01.ogg,6390.70|7319.49|114.73,2,10,1,
92,2000,Amb_Fire_Bonfire_01.ogg,6519.34|7223.67|100.82,2,10,1,
93,2000,Amb_Fire_Bonfire_01.ogg,6551.56|7306.72|106.51,2,10,1,
94,2000,Amb_Fire_Bonfire_01.ogg,6497.47|7524.77|119.67,2,10,1,
95,2000,Amb_Fire_Bonfire_01.ogg,6570.55|7457.04|128.05,2,10,1,
96,2000,Amb_Fire_Bonfire_01.ogg,6564.50|7426.80|127.06,2,10,1,
97,2000,Amb_Fire_Bonfire_01.ogg,6916.38|7445.42|137.07,2,10,1,
98,2000,Amb_Fire_Bonfire_01.ogg,6798.70|7456.85|137.11,2,10,1,
99,2000,Amb_Fire_Bonfire_01.ogg,6772.83|7452.17|133.59,2,10,1,
100,2000,Amb_Fire_Bonfire_01.ogg,6724.17|7458.93|133.32,2,10,1,
101,2000,Amb_Fire_Bonfire_01.ogg,6732.23|7468.53|133.31,2,10,1,
102,2000,Amb_Fire_Bonfire_01.ogg,6716.43|7467.89|133.43,2,10,1,
103,2000,Amb_Fire_Bonfire_01.ogg,6837.25|7583.69|144.89,2,10,1,
104,2000,Amb_Fire_Bonfire_01.ogg,6841.92|7594.72|144.12,2,10,1,
105,2000,Amb_Fire_Bonfire_01.ogg,6794.34|7591.11|144.36,2,10,1,
106,2000,Amb_Fire_Bonfire_01.ogg,6895.81|6897.77|100.00,2,10,1,
107,2000,Amb_Fire_Bonfire_01.ogg,6904.32|6894.24|98.62,2,10,1,
108,2000,Amb_Fire_Bonfire_01.ogg,6904.00|6902.16|98.58,2,10,1,
109,2000,Amb_Fire_Bonfire_01.ogg,6906.56|6924.27|99.38,2,10,1,
110,2000,Amb_Fire_Bonfire_01.ogg,6913.66|6915.83|99.53,2,10,1,
111,2000,Amb_Fire_Bonfire_01.ogg,6921.37|6908.77|99.94,2,10,1,
112,2000,Amb_Fire_Bonfire_01.ogg,6886.08|6921.29|99.77,2,10,1,
113,2000,Amb_Fire_Bonfire_01.ogg,7092.85|6876.14|99.48,2,10,1,
114,2000,Amb_Fire_Bonfire_01.ogg,6811.86|7043.91|103.93,2,10,1,
115,2000,Amb_Fire_Bonfire_01.ogg,6817.51|7037.97|106.24,2,10,1,
116,2000,Amb_Fire_Bonfire_01.ogg,6801.19|7075.98|101.75,2,10,1,
117,2000,Amb_Fire_Bonfire_01.ogg,7382.17|7032.51|110.50,2,10,1,
118,2000,Amb_Fire_Bonfire_01.ogg,7368.68|7034.03|111.32,2,10,1,
119,2000,Amb_Fire_Bonfire_01.ogg,7348.08|7110.18|111.36,2,10,1,
120,2000,Amb_Fire_Bonfire_01.ogg,7622.04|6899.86|109.53,2,10,1,
121,2000,Amb_Fire_Bonfire_01.ogg,7620.25|6891.27|109.36,2,10,1,
122,2000,Amb_Fire_Bonfire_01.ogg,7643.16|6908.98|106.29,2,10,1,
123,2000,Amb_Fire_Bonfire_01.ogg,7641.75|6926.19|107.22,2,10,1,
124,2000,Amb_Fire_Bonfire_01.ogg,7410.16|6984.58|108.60,2,10,1,
125,4400,Amb_Fire_Bonfire_01.ogg,208.24|133.29|96.59,2,10,1,
126,4400,Amb_Fire_Bonfire_01.ogg,414.26|167.09|81.36,2,10,1,
127,4400,Amb_Fire_Bonfire_01.ogg,379.10|179.10|81.52,2,10,1,
128,4400,Amb_Fire_Bonfire_01.ogg,428.78|237.50|84.34,2,10,1,
129,4400,Amb_Fire_Bonfire_01.ogg,404.41|228.82|81.37,2,10,1,
130,4400,Amb_Fire_Bonfire_01.ogg,259.13|234.48|86.38,2,10,1,
131,4400,Amb_Fire_Bonfire_01.ogg,228.32|260.79|86.55,2,10,1,
132,4400,Amb_Fire_Bonfire_01.ogg,211.03|233.00|86.09,2,10,1,
133,4400,Amb_Fire_Bonfire_01.ogg,163.58|347.10|104.87,2,10,1,
134,4400,Amb_Fire_Bonfire_01.ogg,120.98|374.00|102.81,2,10,1,
135,4400,Amb_Fire_Bonfire_01.ogg,166.72|390.55|102.95,2,10,1,
136,4400,Amb_Fire_Bonfire_01.ogg,320.93|383.13|110.86,2,10,1,
137,4400,Amb_Fire_Bonfire_01.ogg,325.09|360.99|111.05,2,10,1,
138,4400,Amb_Fire_Bonfire_01.ogg,347.62|361.35|111.41,2,10,1,
139,4410,Amb_Fire_Bonfire_01.ogg,239.23|75.96|2.27,2,10,1,
140,4410,Amb_Fire_Bonfire_01.ogg,240.15|70.01|2.25,2,10,1,
141,4410,Amb_Fire_Bonfire_01.ogg,290.37|84.39|2.29,2,10,1,
142,4410,Amb_Fire_Bonfire_01.ogg,290.48|79.48|2.90,2,10,1,
143,4410,Amb_Fire_Bonfire_01.ogg,400.55|162.82|5.39,2,10,1,
144,4410,Amb_Fire_Bonfire_01.ogg,404.16|167.06|5.13,2,10,1,
145,4410,Amb_Fire_Bonfire_01.ogg,376.16|186.55|5.51,2,10,1,
146,4410,Amb_Fire_Bonfire_01.ogg,378.72|190.87|4.91,2,10,1,
147,4410,Amb_Water_Waterfall_01.ogg,360.31|237.81|3.09,15,30,1,
148,4410,Amb_Water_Waterfall_01.ogg,347.44|264.47|2.48,7.5,15,1,
149,4410,Amb_Water_Waterfall_01.ogg,314.33|261.57|-0.96,11.25,22.5,1,
150,4410,Amb_Water_Waterfall_01.ogg,336.84|196.85|1.86,11.25,22.5,1,
151,4410,Amb_Water_Waterfall_01.ogg,295.31|238.89|-0.79,7.5,15,1,
152,4410,Amb_Water_Waterfall_01.ogg,204.62|323.17|-4.43,7.5,15,1,
153,4410,Amb_Water_Waterfall_01.ogg,222.05|301.89|-4.80,7.5,15,1,
154,4410,Amb_Water_Waterfall_01.ogg,193.07|285.92|-3.89,15,30,1,
155,4410,Amb_Water_Waterfall_01.ogg,358.77|403.16|-0.47,20,50,1,
156,4410,Amb_Water_Waterfall_01.ogg,243.21|158.30|10.68,15,30,1,
157,4410,Amb_Water_Waterfall_01.ogg,258.60|124.18|13.79,18.75,37.5,1,
158,4410,Amb_Water_Waterfall_01.ogg,264.20|78.59|14.17,15,30,1,
159,4410,Amb_Water_Waterfall_01.ogg,267.28|40.88|7.93,15,30,1,
160,4410,Amb_Water_Waterfall_01.ogg,337.87|146.83|-2.36,30,60,1,
161,4410,Amb_Water_Waterfall_01.ogg,392.62|176.66|3.08,15,30,1,
162,4410,Amb_Water_Waterfall_01.ogg,437.28|220.44|-0.49,30,60,1,
163,4420,Amb_Water_Waterfall_01.ogg,128.25|107.74|-20.79,15,30,1,
164,4420,Amb_Water_Waterfall_01.ogg,80.70|153.06|-21.28,15,30,1,
165,4420,Amb_Water_Waterfall_01.ogg,95.50|187.86|-26.98,15,30,1,
166,4420,Amb_Water_Waterfall_01.ogg,194.52|133.06|-27.39,18.75,37.5,1,
167,4420,Amb_Water_Waterfall_01.ogg,233.61|147.62|-20.96,15,30,1,
168,4420,Amb_Water_Waterfall_01.ogg,106.42|44.15|-24.07,18.75,37.5,1,
169,4420,Amb_Water_Waterfall_01.ogg,68.78|63.49|-16.07,15,30,1,
170,2501,Amb_Fire_Large_01.ogg,260.08|259.78|176.25,26.25,52.5,1,
171,2501,Amb_Fire_Bonfire_01.ogg,241.96|94.63|144.21,2,10,1,
172,2501,Amb_Fire_Bonfire_01.ogg,275.80|94.20|143.85,2,10,1,
173,2501,Amb_Fire_Bonfire_01.ogg,277.87|122.77|144.34,2,10,1,
174,2501,Amb_Fire_Bonfire_01.ogg,299.75|122.38|144.13,2,10,1,
175,2501,Amb_Fire_Bonfire_01.ogg,316.28|122.63|144.34,2,10,1,
176,2501,Amb_Fire_Bonfire_01.ogg,244.83|122.07|143.70,2,10,1,
177,2501,Amb_Fire_Bonfire_01.ogg,225.58|122.69|143.71,2,10,1,
178,2501,Amb_Fire_Bonfire_01.ogg,203.38|122.48|143.36,2,10,1,
179,2501,Amb_Fire_Bonfire_01.ogg,297.97|160.79|153.73,2,10,1,
180,2501,Amb_Fire_Bonfire_01.ogg,285.03|160.97|153.60,2,10,1,
181,2501,Amb_Fire_Bonfire_01.ogg,237.07|160.72|153.63,2,10,1,
182,2501,Amb_Fire_Bonfire_01.ogg,220.19|160.99|154.25,2,10,1,
183,2501,Amb_Fire_Bonfire_01.ogg,116.04|245.20|143.85,2,10,1,
184,2501,Amb_Fire_Bonfire_01.ogg,115.39|285.95|144.55,2,10,1,
185,2501,Amb_Fire_Bonfire_01.ogg,115.70|275.64|143.76,2,10,1,
186,2501,Amb_Fire_Bonfire_01.ogg,85.25|277.73|144.10,2,10,1,
187,2501,Amb_Fire_Bonfire_01.ogg,85.04|242.81|143.64,2,10,1,
188,2501,Amb_Fire_Bonfire_01.ogg,113.52|389.92|143.80,2,10,1,
189,2501,Amb_Fire_Bonfire_01.ogg,122.22|436.49|144.56,2,10,1,
190,2501,Amb_Fire_Bonfire_01.ogg,205.48|308.73|173.67,2,10,1,
191,2501,Amb_Fire_Bonfire_01.ogg,258.91|331.48|174.71,2,10,1,
192,2501,Amb_Fire_Bonfire_01.ogg,193.42|241.55|174.20,2,10,1,
193,2501,Amb_Fire_Bonfire_01.ogg,193.29|283.16|175.13,2,10,1,
194,2501,Amb_Fire_Bonfire_01.ogg,307.80|318.79|174.95,2,10,1,
195,2501,Amb_Fire_Bonfire_01.ogg,326.34|282.17|174.20,2,10,1,
196,2501,Amb_Fire_Bonfire_01.ogg,326.38|240.36|174.66,2,10,1,
197,2501,Amb_Fire_Bonfire_01.ogg,394.60|241.07|154.17,2,10,1,
198,2501,Amb_Fire_Bonfire_01.ogg,394.55|277.82|153.11,2,10,1,
199,2501,Amb_Fire_Bonfire_01.ogg,436.65|276.12|143.99,2,10,1,
200,2501,Amb_Fire_Bonfire_01.ogg,418.34|277.02|144.11,2,10,1,
201,2501,Amb_Fire_Bonfire_01.ogg,417.67|243.00|143.50,2,10,1,
202,2501,Amb_Fire_Bonfire_01.ogg,417.80|233.64|144.28,2,10,1,
203,2501,Amb_Fire_Bonfire_01.ogg,436.74|244.64|144.08,2,10,1,
204,2501,Amb_Fire_Bonfire_01.ogg,141.74|274.90|153.09,2,10,1,
205,2501,Amb_Fire_Bonfire_01.ogg,88.37|307.79|143.56,2,10,1,
206,2501,Amb_Fire_Bonfire_01.ogg,112.68|307.09|144.29,2,10,1,
207,2501,Amb_Fire_Bonfire_01.ogg,347.50|191.37|153.82,2,10,1,
208,2501,Amb_Fire_Bonfire_01.ogg,331.49|176.17|153.68,2,10,1,
209,2501,Amb_Fire_Bonfire_01.ogg,383.10|166.30|133.87,2,10,1,
210,2501,Amb_Fire_Bonfire_01.ogg,354.21|138.13|134.14,2,10,1,
211,2000,Amb_Fire_Large_01.ogg,1802.25|4780.17|76.71,2,10,1,
212,2000,Amb_Fire_Large_01.ogg,1800.64|4764.41|74.85,2,10,1,
213,2000,Amb_Fire_Large_01.ogg,1759.21|4748.72|69.07,2,10,1,
214,2000,Amb_Fire_Large_01.ogg,1746.18|4748.62|69.73,2,10,1,
215,2000,Amb_Fire_Large_01.ogg,1738.96|4748.56|69.90,2,10,1,
216,2000,Amb_Fire_Large_01.ogg,1716.05|4754.66|69.68,2,10,1,
217,2000,Amb_Fire_Large_01.ogg,1716.20|4760.42|69.69,2,10,1,
218,2000,Amb_Fire_Bonfire_01.ogg,1731.12|4764.48|77.19,2,10,1,
219,2000,Amb_Fire_Bonfire_01.ogg,1722.33|4770.51|82.64,2,10,1,
220,2000,Amb_Fire_Bonfire_01.ogg,1726.34|4736.58|82.66,2,10,1,
221,2000,Amb_Fire_Large_01.ogg,1818.55|4767.79|75.22,2,10,1,
222,2000,Amb_Fire_Large_01.ogg,1818.39|4774.58|75.10,2,10,1,
223,2000,Amb_Fire_Bonfire_01.ogg,1813.66|4787.11|86.52,2,10,1,
224,2000,Amb_Fire_Bonfire_01.ogg,1812.75|4759.25|84.43,2,10,1,
225,2000,Amb_Fire_Large_01.ogg,1960.67|4997.97|138.36,2,10,1,
226,2000,Amb_Fire_Large_01.ogg,1972.11|5025.62|141.65,2,10,1,
227,2000,Amb_Fire_Large_01.ogg,1959.30|5045.79|139.54,2,10,1,
228,2000,Amb_Fire_Large_01.ogg,1715.84|5060.95|68.79,2,10,1,
229,2000,Amb_Fire_Large_01.ogg,1709.67|5075.48|72.61,2,10,1,
230,2000,Amb_Fire_Large_01.ogg,1594.43|5062.08|75.79,2,10,1,
231,2000,Amb_Fire_Large_01.ogg,1605.51|5045.16|75.43,2,10,1,
232,2000,Amb_Fire_Large_01.ogg,1586.05|4944.29|70.79,2,10,1,
233,2000,Amb_Fire_Large_01.ogg,1603.14|4921.74|71.21,2,10,1,
234,2000,Amb_Fire_Large_01.ogg,1603.36|4835.41|68.19,2,10,1,
235,2000,Amb_Fire_Large_01.ogg,1586.34|4810.65|79.79,2,10,1,
236,2000,Amb_Fire_Large_01.ogg,1563.45|4801.07|80.27,2,10,1,
237,2000,Amb_Fire_Large_01.ogg,1725.80|4656.70|79.40,2,10,1,
238,2000,Amb_Fire_Large_01.ogg,1743.98|4648.19|69.63,2,10,1,
239,2000,Amb_Fire_Large_01.ogg,1739.44|4651.67|69.68,2,10,1,
240,2000,Amb_Fire_Large_01.ogg,1740.02|4633.61|69.91,2,10,1,
241,2000,Amb_Fire_Large_01.ogg,1748.01|4629.23|70.27,2,10,1,
242,2000,Amb_Fire_Large_01.ogg,1724.80|4640.06|70.13,2,10,1,
243,2000,Amb_Fire_Large_01.ogg,1867.15|4650.11|66.64,2,10,1,
244,2000,Amb_Fire_Large_01.ogg,1929.65|4649.85|69.73,2,10,1,
245,2000,Amb_Fire_Large_01.ogg,1626.93|4656.17|73.01,2,10,1,
246,2000,Amb_Fire_Large_01.ogg,1648.97|4668.58|70.86,2,10,1,
247,2000,Amb_Fire_Large_01.ogg,1559.39|4652.98|88.80,2,10,1,
248,2000,Amb_Fire_Large_01.ogg,1782.03|5301.94|73.15,2,10,1,
249,2000,Amb_Fire_Large_01.ogg,1764.41|5284.32|70.20,2,10,1,
250,2000,Amb_Fire_Large_01.ogg,1771.69|5281.37|70.24,2,10,1,
251,2000,Amb_Fire_Large_01.ogg,1777.48|5286.77|70.51,2,10,1,
252,2000,Amb_Fire_Large_01.ogg,1746.17|5277.23|70.51,2,10,1,
253,2000,Amb_Fire_Large_01.ogg,1748.15|5309.20|73.43,2,10,1,
254,2000,Amb_Fire_Large_01.ogg,1777.72|5319.33|73.20,2,10,1,
255,2000,Amb_Fire_Large_01.ogg,1882.84|5287.35|69.15,2,10,1,
256,2000,Amb_Fire_Large_01.ogg,1905.75|5284.98|69.11,2,10,1,
257,2000,Amb_Fire_Large_01.ogg,1700.60|5380.65|84.16,2,10,1,
258,2000,Amb_Fire_Large_01.ogg,1707.18|5365.18|85.10,2,10,1,
259,2000,Amb_Fire_Large_01.ogg,1636.62|5363.27|87.58,2,10,1,
260,2000,Amb_Fire_Large_01.ogg,1637.91|5354.89|88.15,2,10,1,
261,2000,Amb_Fire_Large_01.ogg,1631.36|5341.96|87.95,2,10,1,
262,2000,Amb_Fire_Large_01.ogg,1616.76|5340.00|87.67,2,10,1,
263,2000,Amb_Fire_Large_01.ogg,1619.31|5354.79|88.25,2,10,1,
264,2000,Amb_Fire_Large_01.ogg,1615.30|5376.19|90.49,2,10,1,
265,2000,Amb_Fire_Large_01.ogg,1629.72|5378.77|90.02,2,10,1,
266,2000,Amb_Fire_Large_01.ogg,1869.38|5489.13|74.23,2,10,1,
267,2000,Amb_Fire_Large_01.ogg,1866.96|5517.37|74.23,2,10,1,
268,2000,Amb_Fire_Large_01.ogg,1851.22|5541.79|74.57,2,10,1,
269,2000,Amb_Fire_Large_01.ogg,1903.43|5532.78|78.08,2,10,1,
270,2000,Amb_Fire_Large_01.ogg,1924.88|5567.34|82.96,2,10,1,
271,2000,Amb_Fire_Large_01.ogg,1900.58|5474.25|73.67,2,10,1,
272,2000,Amb_Fire_Large_01.ogg,1925.62|5494.22|77.79,2,10,1,
273,2000,Amb_Fire_Large_01.ogg,1954.74|5510.23|80.07,2,10,1,
274,2000,Amb_Fire_Large_01.ogg,1983.08|5502.26|81.89,2,10,1,
275,2000,Amb_Fire_Large_01.ogg,1964.35|5551.09|86.23,2,10,1,
276,2000,Amb_Fire_Large_01.ogg,1985.62|5541.76|86.61,2,10,1,
277,2000,Amb_Fire_Large_01.ogg,1975.29|5456.59|78.29,2,10,1,
278,2000,Amb_Fire_Large_01.ogg,1932.82|5434.84|74.43,2,10,1,
279,2000,Amb_Fire_Large_01.ogg,1913.99|5450.19|74.26,2,10,1,
280,2000,Amb_Fire_Large_01.ogg,1711.19|5456.11|68.72,2,10,1,
281,2000,Amb_Fire_Large_01.ogg,1740.66|5577.39|73.02,2,10,1,
282,2000,Amb_Fire_Large_01.ogg,1739.19|5570.04|73.30,2,10,1,
283,2000,Amb_Fire_Large_01.ogg,1728.46|5564.37|73.16,2,10,1,
284,2000,Amb_Fire_Large_01.ogg,1717.81|5564.53|73.40,2,10,1,
285,2000,Amb_Fire_Large_01.ogg,1707.81|5573.72|73.23,2,10,1,
286,2000,Amb_Fire_Large_01.ogg,1704.77|5564.90|73.00,2,10,1,
287,2000,Amb_Fire_Large_01.ogg,1695.27|5569.32|73.07,2,10,1,
288,2000,Amb_Fire_Large_01.ogg,1691.97|5580.66|72.85,2,10,1,
289,2000,Amb_Fire_Large_01.ogg,1983.92|5489.92|79.43,11.25,22.5,1,
290,2000,Amb_Fire_Large_01.ogg,1985.62|5472.60|81.06,11.25,22.5,1,
291,2000,Amb_Fire_Large_01.ogg,1953.05|5364.39|61.36,2,10,1,
292,2000,Amb_Fire_Large_01.ogg,1905.95|5497.91|78.65,11.25,22.5,1,
293,2000,Amb_Fire_Large_01.ogg,1922.58|5511.68|81.70,11.25,22.5,1,
294,2000,Amb_Fire_Large_01.ogg,1610.92|5305.12|68.47,7.5,15,1,
295,2000,Amb_Fire_Large_01.ogg,1589.37|5297.31|63.94,7.5,15,1,
296,2000,Amb_Fire_Large_01.ogg,1619.93|5255.05|67.89,7.5,15,1,
297,2000,Amb_Fire_Large_01.ogg,1598.72|5246.89|75.01,7.5,15,1,
298,2000,Amb_Fire_Large_01.ogg,1589.52|5277.68|64.65,2,10,1,
299,2000,Amb_Fire_Large_01.ogg,1594.29|5214.22|81.64,2,10,1,
300,2000,Amb_Fire_Large_01.ogg,1616.75|5206.73|82.18,2,10,1,
301,2000,Amb_Fire_Large_01.ogg,1582.07|5435.56|67.00,2,10,1,
302,2000,Amb_Fire_Large_01.ogg,1379.60|4685.79|58.97,2,10,1,
303,2000,Amb_Fire_Large_01.ogg,1384.58|4695.32|58.54,2,10,1,
304,2000,Amb_Fire_Large_01.ogg,1394.97|4690.13|58.43,2,10,1,
305,2000,Amb_Fire_Large_01.ogg,1386.51|4681.83|58.92,2,10,1,
306,2000,Amb_Fire_Large_01.ogg,1198.78|4920.16|71.26,7.5,15,1,
307,2000,Amb_Fire_Large_01.ogg,1181.15|4909.70|70.55,7.5,15,1,
308,2000,Amb_Fire_Large_01.ogg,1181.27|4934.07|70.62,7.5,15,1,
309,2000,Amb_Fire_Large_01.ogg,1182.89|4957.92|70.44,7.5,15,1,
310,2000,Amb_Fire_Large_01.ogg,1181.58|4978.77|70.15,7.5,15,1,
311,2000,Amb_Fire_Large_01.ogg,1203.86|4965.90|70.84,7.5,15,1,
312,2000,Amb_Fire_Large_01.ogg,1145.30|4920.53|76.10,2,10,1,
313,2000,Amb_Fire_Large_01.ogg,1138.98|4904.86|79.39,2,10,1,
314,2000,Amb_Fire_Large_01.ogg,1125.86|4884.40|79.43,2,10,1,
315,2000,Amb_Fire_Large_01.ogg,1096.87|4905.28|79.30,2,10,1,
316,2000,Amb_Fire_Large_01.ogg,1109.29|4931.80|78.18,2,10,1,
317,2000,Amb_Fire_Large_01.ogg,1121.03|4933.05|78.02,2,10,1,
318,2000,Amb_Fire_Large_01.ogg,1114.36|4962.23|73.69,2,10,1,
319,2000,Amb_Fire_Large_01.ogg,1127.71|4983.40|73.96,7.5,15,1,
320,2000,Amb_Fire_Large_01.ogg,1131.63|4962.57|74.19,2,10,1,
321,2000,Amb_Fire_Large_01.ogg,1152.24|4975.02|73.90,7.5,15,1,
322,2000,Amb_Fire_Large_01.ogg,1151.96|4963.27|74.06,2,10,1,
323,2000,Amb_Fire_Large_01.ogg,1151.00|4947.73|73.74,2,10,1,
324,2000,Amb_Fire_Large_01.ogg,1148.84|4940.99|73.75,2,10,1,
325,2000,Amb_Fire_Large_01.ogg,1329.47|4881.95|36.33,11.25,22.5,1,
326,2000,Amb_Fire_Large_01.ogg,1377.03|4911.72|34.37,11.25,22.5,1,
327,2000,Amb_Fire_Large_01.ogg,1398.47|4865.08|38.66,11.25,22.5,1,
328,2000,Amb_Fire_Large_01.ogg,1415.41|4803.45|31.02,11.25,22.5,1,
329,2000,Amb_Fire_Large_01.ogg,1370.57|4796.71|33.48,11.25,22.5,1,
330,2000,Amb_Fire_Large_01.ogg,1384.05|4843.30|34.28,11.25,22.5,1,
331,2000,Amb_Fire_Large_01.ogg,1445.06|4845.09|31.14,11.25,22.5,1,
332,2000,Amb_Fire_Large_01.ogg,1177.37|5063.65|58.49,2,10,1,
333,2000,Amb_Fire_Large_01.ogg,1165.59|5063.36|58.30,2,10,1,
334,2000,Amb_Fire_Large_01.ogg,1162.65|5073.08|57.77,2,10,1,
335,2000,Amb_Fire_Large_01.ogg,1166.63|5077.25|56.66,2,10,1,
336,2000,Amb_Fire_Large_01.ogg,1175.76|5076.73|56.87,2,10,1,
337,2000,Amb_Fire_Large_01.ogg,1954.03|5474.26|77.47,7.5,15,1,
338,2000,Amb_Fire_Large_01.ogg,1240.11|5438.38|72.96,2,10,1,
339,2000,Amb_Fire_Large_01.ogg,1242.99|5444.43|72.78,2,10,1,
340,2000,Amb_Fire_Large_01.ogg,1229.72|5459.31|72.50,2,10,1,
341,2000,Amb_Fire_Large_01.ogg,1225.72|5478.41|70.02,2,10,1,
342,2000,Amb_Fire_Large_01.ogg,1202.22|5461.71|70.47,2,10,1,
343,2000,Amb_Fire_Large_01.ogg,1198.96|5471.81|70.11,2,10,1,
344,2000,Amb_Fire_Large_01.ogg,1212.94|5488.05|70.28,2,10,1,
345,2000,Amb_Fire_Large_01.ogg,1204.01|5498.90|70.15,2,10,1,
346,2000,Amb_Fire_Large_01.ogg,1185.01|5479.20|70.61,2,10,1,
347,2000,Amb_Fire_Large_01.ogg,1181.36|5455.25|70.97,2,10,1,
348,2000,Amb_Fire_Large_01.ogg,1161.29|5461.02|70.24,2,10,1,
349,2000,Amb_Fire_Large_01.ogg,1160.07|5478.25|70.26,2,10,1,
350,2000,Amb_Fire_Large_01.ogg,1187.58|5527.36|69.82,2,10,1,
351,2000,Amb_Fire_Large_01.ogg,1172.79|5548.73|72.10,2,10,1,
352,2000,Amb_Fire_Large_01.ogg,1390.54|5434.00|66.08,2,10,1,
353,2000,Amb_Fire_Large_01.ogg,1398.09|5437.06|65.68,2,10,1,
354,2000,Amb_Fire_Large_01.ogg,1400.70|5425.92|65.07,2,10,1,
355,2000,Amb_Fire_Large_01.ogg,1393.99|5527.92|65.61,2,10,1,
356,2000,Amb_Fire_Large_01.ogg,1404.59|5525.03|66.39,2,10,1,
357,2000,Amb_Fire_Large_01.ogg,1396.97|5567.81|64.87,2,10,1,
358,2000,Amb_Fire_Large_01.ogg,1450.92|5496.07|81.79,2,10,1,
359,2000,Amb_Fire_Large_01.ogg,1452.38|5482.66|82.18,2,10,1,
360,2000,Amb_Fire_Large_01.ogg,1472.66|5498.27|82.34,2,10,1,
361,2000,Amb_Fire_Large_01.ogg,1488.21|5506.90|82.19,2,10,1,
362,2000,Amb_Fire_Large_01.ogg,1503.58|5512.29|82.18,2,10,1,
363,2000,Amb_Fire_Large_01.ogg,1516.85|5520.39|82.28,2,10,1,
364,2000,Amb_Fire_Large_01.ogg,1519.26|5534.14|82.42,2,10,1,
365,2000,Amb_Fire_Large_01.ogg,1507.81|5548.91|82.34,2,10,1,
366,2000,Amb_Fire_Large_01.ogg,1494.35|5553.88|82.20,2,10,1,
367,2000,Amb_Fire_Large_01.ogg,1478.90|5572.62|82.36,2,10,1,
368,2000,Amb_Fire_Large_01.ogg,1463.38|5570.05|82.17,2,10,1,
369,2000,Amb_Fire_Large_01.ogg,1459.93|5545.75|82.45,2,10,1,
370,2000,Amb_Fire_Large_01.ogg,1365.15|5573.23|81.62,2,10,1,
371,2000,Amb_Fire_Large_01.ogg,1287.69|5531.67|85.52,2,10,1,
372,2000,Amb_Fire_Large_01.ogg,1277.86|5513.21|83.84,2,10,1,
373,2000,Amb_Fire_Large_01.ogg,1288.61|5502.63|84.10,2,10,1,
374,2000,Amb_Fire_Large_01.ogg,1301.24|5494.92|84.15,2,10,1,
375,2000,Amb_Fire_Large_01.ogg,1314.53|5499.01|84.26,2,10,1,
376,2000,Amb_Fire_Large_01.ogg,1302.98|5518.66|84.53,2,10,1,
377,2000,Amb_Fire_Large_01.ogg,1316.58|5510.82|84.11,2,10,1,
378,2000,Amb_Fire_Large_01.ogg,1313.60|5212.52|67.16,2,10,1,
379,2000,Amb_Fire_Large_01.ogg,1309.69|5206.02|68.52,2,10,1,
380,2000,Amb_Fire_Large_01.ogg,1305.28|5214.88|68.36,2,10,1,
381,2000,Amb_Fire_Large_01.ogg,1296.86|5203.19|68.59,2,10,1,
382,2000,Amb_Fire_Large_01.ogg,1160.25|5193.51|81.90,7.5,15,1,
383,2000,Amb_Fire_Large_01.ogg,1145.93|5200.72|79.93,7.5,15,1,
384,2000,Amb_Fire_Large_01.ogg,1120.42|5209.37|75.15,7.5,15,1,
385,2000,Amb_Fire_Large_01.ogg,1089.80|5217.85|73.24,7.5,15,1,
386,2000,Amb_Fire_Large_01.ogg,1136.39|5250.68|64.11,7.5,15,1,
387,2000,Amb_Fire_Large_01.ogg,1121.80|5250.48|63.78,7.5,15,1,
388,2000,Amb_Fire_Large_01.ogg,1092.21|5247.35|71.07,7.5,15,1,
389,2000,Amb_Fire_Large_01.ogg,1093.00|5298.11|63.87,7.5,15,1,
390,2000,Amb_Fire_Large_01.ogg,1119.95|5285.83|63.69,7.5,15,1,
391,2000,Amb_Fire_Large_01.ogg,1132.73|5313.21|59.84,7.5,15,1,
392,2000,Amb_Fire_Large_01.ogg,1166.16|5314.24|58.33,7.5,15,1,
393,2000,Amb_Fire_Large_01.ogg,1190.47|5309.56|58.33,7.5,15,1,
394,2000,Amb_Fire_Large_01.ogg,1215.10|5284.78|57.95,7.5,15,1,
395,2000,Amb_Fire_Large_01.ogg,1219.87|5249.28|54.97,7.5,15,1,
396,2000,Amb_Fire_Large_01.ogg,1193.54|5199.33|51.33,7.5,15,1,
397,2000,Amb_Fire_Large_01.ogg,1163.99|5292.27|63.51,7.5,15,1,
398,2000,Amb_Fire_Large_01.ogg,1178.73|5265.68|62.31,7.5,15,1,
399,2000,Amb_Fire_Large_01.ogg,1401.90|4851.64|34.56,60,120,1,
400,2000,Amb_Fire_Large_01.ogg,1406.43|4863.12|51.52,30,60,1,
401,2000,Amb_Fire_Large_01.ogg,1410.89|4322.63|72.92,2,10,1,
402,2000,Amb_Fire_Large_01.ogg,1412.89|4315.73|73.04,2,10,1,
403,2000,Amb_Fire_Bonfire_01.ogg,1420.85|4309.42|81.84,11.25,22.5,1,
404,2000,Amb_Fire_Bonfire_01.ogg,1444.68|4309.86|82.50,11.25,22.5,1,
405,2000,Amb_Fire_Large_01.ogg,1449.63|4332.96|77.10,2,10,1,
406,2000,Amb_Fire_Large_01.ogg,1434.64|4336.97|77.06,2,10,1,
407,2000,Amb_Fire_Large_01.ogg,1450.24|4349.24|77.47,2,10,1,
408,2000,Amb_Fire_Large_01.ogg,1465.67|4386.05|77.74,2,10,1,
409,2000,Amb_Fire_Large_01.ogg,1469.88|4406.69|78.34,2,10,1,
410,2000,Amb_Fire_Large_01.ogg,1469.28|4416.60|77.65,2,10,1,
411,2000,Amb_Fire_Large_01.ogg,1465.19|4424.18|77.54,2,10,1,
412,2000,Amb_Fire_Large_01.ogg,1455.56|4424.19|77.48,2,10,1,
413,2000,Amb_Fire_Large_01.ogg,1448.65|4426.38|77.20,2,10,1,
414,2000,Amb_Fire_Large_01.ogg,1415.21|4444.54|70.38,2,10,1,
415,2000,Amb_Fire_Large_01.ogg,1405.11|4438.52|70.43,2,10,1,
416,2000,Amb_Fire_Large_01.ogg,1437.22|4136.77|80.85,15,30,1,
417,2000,Amb_Fire_Large_01.ogg,1437.34|4129.03|82.63,15,30,1,
418,2000,Amb_Fire_Large_01.ogg,1441.46|4133.83|90.67,30,60,1,
419,2000,Amb_Fire_Large_01.ogg,1431.93|4346.67|77.43,2,10,1,
420,2000,Amb_Fire_Large_01.ogg,1292.48|4305.21|71.87,7.5,15,1,
421,2000,Amb_Fire_Large_01.ogg,1282.37|4351.03|81.54,10,30,1,
422,2000,Amb_Fire_Large_01.ogg,1284.11|4368.35|81.69,10,30,1,
423,2000,Amb_Fire_Large_01.ogg,1232.62|4361.04|89.28,10,30,1,
424,2000,Amb_Fire_Large_01.ogg,1236.88|4344.45|89.12,10,30,1,
425,2000,Amb_Fire_Large_01.ogg,1190.62|4332.93|96.17,10,30,1,
426,2000,Amb_Fire_Large_01.ogg,1171.66|4333.45|97.58,10,30,1,
427,2000,Amb_Fire_Large_01.ogg,1145.65|4287.29|109.71,10,30,1,
428,2000,Amb_Fire_Large_01.ogg,1117.80|4270.04|110.51,10,30,1,
429,2000,Amb_Fire_Large_01.ogg,1148.09|4249.43|115.62,10,30,1,
430,2000,Amb_Fire_Large_01.ogg,1219.77|4289.09|111.73,10,30,1,
431,2000,Amb_Fire_Large_01.ogg,1244.07|4272.67|114.10,10,30,1,
432,2000,Amb_Fire_Large_01.ogg,1218.49|4249.38|114.67,10,30,1,
433,2000,Amb_Fire_Large_01.ogg,1218.05|4202.43|115.68,10,30,1,
434,2000,Amb_Fire_Large_01.ogg,1143.78|4201.29|116.08,10,30,1,
435,2000,Amb_Fire_Large_01.ogg,1162.00|4158.97|125.01,10,30,1,
436,2000,Amb_Fire_Large_01.ogg,1200.31|4157.88|129.02,10,30,1,
437,2000,Amb_Fire_Large_01.ogg,1789.71|4385.91|107.62,2,10,1,
438,2000,Amb_Fire_Large_01.ogg,1778.92|4385.27|107.72,2,10,1,
439,2000,Amb_Fire_Large_01.ogg,1601.90|4181.29|117.88,2,10,1,
440,2000,Amb_Fire_Large_01.ogg,1607.91|4188.72|118.37,2,10,1,
441,2000,Amb_Fire_Large_01.ogg,1589.09|4178.28|117.96,2,10,1,
442,2000,Amb_Fire_Large_01.ogg,1585.27|4179.78|119.98,2,10,1,
443,2000,Amb_Fire_Large_01.ogg,1581.49|4185.98|118.88,7.5,15,1,
444,2000,Amb_Fire_Bonfire_01.ogg,1860.24|4518.07|95.37,7.5,15,1,
445,2000,Amb_Fire_Bonfire_01.ogg,1887.60|4536.87|95.37,7.5,15,1,
446,2000,Amb_Fire_Bonfire_01.ogg,1918.64|4527.88|95.23,7.5,15,1,
447,2000,Amb_Fire_Bonfire_01.ogg,1944.41|4552.35|90.92,7.5,15,1,
448,2000,Amb_Fire_Large_01.ogg,1884.81|4445.33|87.31,2,10,1,
449,2000,Amb_Fire_Large_01.ogg,1896.20|4455.54|86.76,2,10,1,
450,2000,Amb_Fire_Large_01.ogg,1925.11|4470.57|88.17,2,10,1,
451,2000,Amb_Fire_Large_01.ogg,1903.96|4425.13|87.78,2,10,1,
452,2000,Amb_Fire_Large_01.ogg,1636.77|3883.69|144.71,2,10,1,
453,2000,Amb_Fire_Large_01.ogg,1637.96|3900.11|148.50,2,10,1,
454,2000,Amb_Fire_Large_01.ogg,1632.09|3938.28|149.35,2,10,1,
455,2000,Amb_Fire_Large_01.ogg,1640.77|3910.05|149.82,2,10,1,
456,2000,Amb_Fire_Large_01.ogg,1628.80|3871.26|149.76,2,10,1,
457,2000,Amb_Fire_Large_01.ogg,1601.69|3892.73|149.72,2,10,1,
458,2000,Amb_Fire_Large_01.ogg,1579.01|3934.29|150.22,2,10,1,
459,2000,Amb_Fire_Large_01.ogg,1546.04|3971.16|145.09,2,10,1,
460,2000,Amb_Fire_Large_01.ogg,1593.35|3963.20|148.64,2,10,1,
461,2000,Amb_Fire_Large_01.ogg,1573.14|3985.22|148.92,2,10,1,
462,2000,Amb_Fire_Large_01.ogg,1558.32|3997.51|145.74,2,10,1,
463,2000,Amb_Fire_Large_01.ogg,1045.28|3876.97|135.73,2,10,1,
464,2000,Amb_Fire_Large_01.ogg,1045.52|3890.60|135.17,2,10,1,
465,2000,Amb_Fire_Large_01.ogg,1065.96|3906.38|134.89,2,10,1,
466,2000,Amb_Fire_Large_01.ogg,1070.21|3921.57|134.85,2,10,1,
467,2000,Amb_Fire_Large_01.ogg,1084.43|3924.70|134.38,2,10,1,
468,2000,Amb_Fire_Large_01.ogg,1117.70|3897.52|133.57,2,10,1,
469,2000,Amb_Fire_Large_01.ogg,1117.30|3906.86|133.51,2,10,1,
470,2000,Amb_Fire_Large_01.ogg,1163.07|3898.38|133.95,2,10,1,
471,2000,Amb_Fire_Large_01.ogg,1163.52|3909.42|133.07,2,10,1,
472,2000,Amb_Fire_Large_01.ogg,1151.41|4005.58|137.32,2,10,1,
473,2000,Amb_Fire_Large_01.ogg,1119.42|3990.17|139.10,2,10,1,
474,2000,Amb_Fire_Large_01.ogg,1114.97|4006.58|138.33,2,10,1,
475,2000,Amb_Fire_Large_01.ogg,1148.47|4016.55|137.90,2,10,1,
476,2000,Amb_Fire_Large_01.ogg,1200.88|4042.48|138.56,2,10,1,
477,2000,Amb_Fire_Large_01.ogg,1217.64|4039.43|137.97,2,10,1,
478,2000,Amb_Fire_Large_01.ogg,1258.70|4047.14|143.64,2,10,1,
479,2000,Amb_Fire_Large_01.ogg,1277.26|4031.59|143.42,2,10,1,
480,2000,Amb_Fire_Large_01.ogg,1262.23|4029.92|143.14,2,10,1,
481,2000,Amb_Fire_Large_01.ogg,1905.59|3888.92|155.10,2,10,1,
482,2000,Amb_Fire_Large_01.ogg,1963.90|3908.10|154.11,2,10,1,
483,2000,Amb_Fire_Large_01.ogg,1970.16|3901.45|154.04,2,10,1,
484,2000,Amb_Fire_Large_01.ogg,1972.81|3948.80|154.11,2,10,1,
485,2000,Amb_Fire_Large_01.ogg,1961.94|4013.87|154.26,2,10,1,
486,2000,Amb_Fire_Large_01.ogg,1938.19|3999.19|152.50,2,10,1,
487,2000,Amb_Fire_Large_01.ogg,1924.65|3994.69|150.78,2,10,1,
488,2000,Amb_Fire_Large_01.ogg,1614.85|3941.11|149.87,2,10,1,
489,2000,Amb_Fire_Large_01.ogg,1561.22|3689.76|140.70,2,10,1,
490,2000,Amb_Fire_Large_01.ogg,1554.51|3696.47|140.50,2,10,1,
491,2000,Amb_Fire_Large_01.ogg,1827.08|3339.94|155.37,2,10,1,
492,2000,Amb_Fire_Large_01.ogg,1848.46|3334.56|157.78,2,10,1,
493,2000,Amb_Fire_Large_01.ogg,1837.36|3362.34|156.11,2,10,1,
494,2000,Amb_Fire_Large_01.ogg,1808.18|3383.32|156.02,2,10,1,
495,2000,Amb_Fire_Large_01.ogg,1799.29|3394.48|156.27,2,10,1,
496,2000,Amb_Fire_Large_01.ogg,1792.92|3401.21|155.95,2,10,1,
497,2000,Amb_Fire_Large_01.ogg,1804.28|3409.90|156.62,2,10,1,
498,2000,Amb_Fire_Large_01.ogg,1828.44|3424.01|156.01,2,10,1,
499,2000,Amb_Fire_Large_01.ogg,1856.52|3433.47|154.14,2,10,1,
500,2000,Amb_Fire_Large_01.ogg,1876.00|3417.51|156.17,7.5,15,1,
501,2000,Amb_Fire_Large_01.ogg,1862.44|3408.95|161.81,2,10,1,
502,2000,Amb_Fire_Large_01.ogg,1862.07|3395.36|155.84,2,10,1,
503,2000,Amb_Fire_Large_01.ogg,1879.92|3363.81|156.19,2,10,1,
504,2000,Amb_Fire_Large_01.ogg,1876.92|3359.61|156.08,2,10,1,
505,2000,Amb_Fire_Large_01.ogg,1894.28|3339.00|155.98,2,10,1,
506,2000,Amb_Fire_Large_01.ogg,1677.78|3417.49|156.31,5.25,10.5,1,
507,2000,Amb_Fire_Large_01.ogg,1586.30|3394.40|153.64,7.5,15,1,
508,2000,Amb_Fire_Large_01.ogg,1604.06|3393.86|160.71,7.5,15,1,
509,2000,Amb_Fire_Large_01.ogg,1695.33|3423.99|156.95,7.5,15,1,
510,2000,Amb_Fire_Large_01.ogg,1810.26|3395.96|156.24,2,10,1,
511,2000,Amb_Fire_Large_01.ogg,1858.30|3403.92|155.90,2,10,1,
512,2000,Amb_Fire_Bonfire_01.ogg,1842.19|3342.88|160.86,2,10,1,
513,2000,Amb_Fire_Bonfire_01.ogg,1835.95|3343.61|160.27,2,10,1,
514,2000,Amb_Fire_Bonfire_01.ogg,1869.31|3437.37|158.05,2,10,1,
515,2000,Amb_Fire_Bonfire_01.ogg,1863.79|3440.92|157.96,2,10,1,
516,2000,Amb_Fire_Bonfire_01.ogg,1819.12|3227.45|162.25,2,10,1,
517,2000,Amb_Fire_Bonfire_01.ogg,1828.21|3237.83|163.42,2,10,1,
518,2000,Amb_Fire_Bonfire_01.ogg,1835.09|3229.81|162.87,2,10,1,
519,2000,Amb_Fire_Bonfire_01.ogg,1826.72|3218.23|163.00,2,10,1,
520,2000,Amb_Fire_Bonfire_01.ogg,1837.64|3207.67|164.10,2,10,1,
521,2000,Amb_Fire_Bonfire_01.ogg,1850.34|3220.01|164.23,2,10,1,
522,2000,Amb_Fire_Bonfire_01.ogg,1862.50|3202.42|165.52,2,10,1,
523,2000,Amb_Fire_Bonfire_01.ogg,1879.08|3193.64|166.59,2,10,1,
524,2000,Amb_Fire_Bonfire_01.ogg,1880.14|3237.46|165.59,2,10,1,
525,2000,Amb_Fire_Bonfire_01.ogg,1889.25|3219.15|164.43,2,10,1,
526,2000,Amb_Fire_Bonfire_01.ogg,1901.40|3201.09|165.13,2,10,1,
527,2000,Amb_Fire_Bonfire_01.ogg,1910.97|3177.87|165.36,2,10,1,
528,2000,Amb_Fire_Bonfire_01.ogg,1917.55|3210.48|160.22,2,10,1,
529,2000,Amb_Fire_Bonfire_01.ogg,1930.41|3192.78|162.14,2,10,1,
530,2000,Amb_Fire_Bonfire_01.ogg,1949.94|3182.80|158.58,2,10,1,
531,2000,Amb_Fire_Bonfire_01.ogg,1836.10|3175.04|164.41,2,10,1,
532,2000,Amb_Fire_Bonfire_01.ogg,1846.25|3151.47|167.79,2,10,1,
533,2000,Amb_Fire_Bonfire_01.ogg,1823.31|3159.63|165.15,2,10,1,
534,2000,Amb_Fire_Bonfire_01.ogg,1805.16|3151.42|164.48,2,10,1,
535,2000,Amb_Fire_Bonfire_01.ogg,1791.29|3179.84|165.19,2,10,1,
536,2000,Amb_Fire_Bonfire_01.ogg,1814.87|3126.50|163.40,2,10,1,
537,2000,Amb_Fire_Bonfire_01.ogg,1802.87|3102.59|165.61,2,10,1,
538,2000,Amb_Fire_Bonfire_01.ogg,1825.78|3086.88|166.27,2,10,1,
539,2000,Amb_Fire_Bonfire_01.ogg,1845.80|3088.00|165.31,2,10,1,
540,2000,Amb_Fire_Bonfire_01.ogg,1863.59|3083.53|164.14,2,10,1,
541,2000,Amb_Fire_Bonfire_01.ogg,1871.56|3102.77|163.36,2,10,1,
542,2000,Amb_Fire_Bonfire_01.ogg,1658.53|3172.03|154.13,2,10,1,
543,2000,Amb_Fire_Bonfire_01.ogg,1656.50|3160.56|154.12,2,10,1,
544,2000,Amb_Fire_Bonfire_01.ogg,1630.68|3180.92|149.34,2,10,1,
545,2000,Amb_Fire_Bonfire_01.ogg,1623.41|3170.52|149.43,2,10,1,
546,2000,Amb_Fire_Bonfire_01.ogg,1614.76|3202.11|146.03,2,10,1,
547,2000,Amb_Fire_Bonfire_01.ogg,1601.92|3197.44|145.86,2,10,1,
548,2000,Amb_Fire_Bonfire_01.ogg,1613.25|3221.75|139.12,2,10,1,
549,2000,Amb_Fire_Bonfire_01.ogg,1602.08|3232.69|139.49,2,10,1,
550,2000,Amb_Fire_Large_01.ogg,2447.66|4339.98|154.57,2,10,1,
551,2000,Amb_Fire_Large_01.ogg,2447.68|4332.56|156.50,2,10,1,
552,2000,Amb_Fire_Large_01.ogg,2433.13|4319.63|155.98,2,10,1,
553,2000,Amb_Fire_Large_01.ogg,2395.99|4322.69|155.78,2,10,1,
554,2000,Amb_Fire_Large_01.ogg,2375.44|4332.55|155.87,2,10,1,
555,2000,Amb_Fire_Large_01.ogg,2426.56|4386.82|160.73,2,10,1,
556,2000,Amb_Fire_Large_01.ogg,2423.99|4380.48|159.74,2,10,1,
557,2000,Amb_Fire_Large_01.ogg,2487.34|4255.43|141.29,2,10,1,
558,2000,Amb_Fire_Large_01.ogg,2489.80|4250.64|141.03,2,10,1,
559,2000,Amb_Fire_Large_01.ogg,2467.28|4232.98|139.12,2,10,1,
560,2000,Amb_Fire_Large_01.ogg,2472.22|4227.13|138.92,2,10,1,
561,2000,Amb_Fire_Large_01.ogg,2438.38|4207.06|132.98,2,10,1,
562,2000,Amb_Fire_Large_01.ogg,2442.74|4199.82|132.68,2,10,1,
563,2000,Amb_Fire_Large_01.ogg,2378.60|4154.18|125.49,2,10,1,
564,2000,Amb_Fire_Large_01.ogg,2372.64|4154.02|125.58,2,10,1,
565,2000,Amb_Fire_Large_01.ogg,2336.79|4215.10|117.91,2,10,1,
566,2000,Amb_Fire_Large_01.ogg,2332.41|4209.83|118.50,2,10,1,
567,2000,Amb_Fire_Large_01.ogg,2296.56|4157.22|122.32,2,10,1,
568,2000,Amb_Fire_Large_01.ogg,2291.00|4156.02|122.47,2,10,1,
569,2000,Amb_Fire_Large_01.ogg,2276.18|4243.20|120.14,2,10,1,
570,2000,Amb_Fire_Large_01.ogg,2267.83|4242.87|121.12,2,10,1,
571,2000,Amb_Fire_Large_01.ogg,2217.69|4175.29|123.45,2,10,1,
572,2000,Amb_Fire_Large_01.ogg,2213.64|4171.39|122.79,2,10,1,
573,2000,Amb_Fire_Large_01.ogg,2257.71|4211.17|117.03,2,10,1,
574,2000,Amb_Fire_Large_01.ogg,2260.94|4215.41|117.03,2,10,1,
575,2000,Amb_Fire_Large_01.ogg,2221.79|3806.31|67.76,2,10,1,
576,2000,Amb_Fire_Large_01.ogg,2228.38|3803.98|68.63,2,10,1,
577,2000,Amb_Fire_Large_01.ogg,2305.82|3702.40|66.47,2,10,1,
578,2000,Amb_Fire_Large_01.ogg,2299.29|3699.79|66.15,2,10,1,
579,2000,Amb_Fire_Large_01.ogg,2338.25|3661.76|66.63,2,10,1,
580,2000,Amb_Fire_Large_01.ogg,2312.00|3605.39|65.58,2,10,1,
581,2000,Amb_Fire_Large_01.ogg,2303.94|3604.49|64.76,2,10,1,
582,2000,Amb_Fire_Large_01.ogg,2198.90|3918.95|69.60,7.5,15,1,
583,2000,Amb_Fire_Large_01.ogg,2195.81|3921.12|71.72,7.5,15,1,
584,2000,Amb_Fire_Large_01.ogg,2191.49|3932.74|82.00,11.25,22.5,1,
585,2000,Amb_Fire_Large_01.ogg,2183.77|3941.44|76.75,7.5,15,1,
586,2000,Amb_Fire_Large_01.ogg,2134.03|4002.32|73.11,7.5,15,1,
587,2000,Amb_Fire_Large_01.ogg,2139.44|3974.07|79.86,7.5,15,1,
588,2000,Amb_Fire_Large_01.ogg,2139.49|3973.65|76.30,11.25,22.5,1,
589,2000,Amb_Fire_Large_01.ogg,2110.30|3923.04|76.38,11.25,22.5,1,
590,2000,Amb_Fire_Large_01.ogg,2104.26|3930.24|76.65,11.25,22.5,1,
591,2000,Amb_Fire_Large_01.ogg,2164.14|4002.54|85.36,11.25,22.5,1,
592,2000,Amb_Fire_Large_01.ogg,2136.01|3946.34|72.31,7.5,15,1,
593,2000,Amb_Fire_Large_01.ogg,2806.33|3801.65|5.03,2,10,1,
594,2000,Amb_Fire_Large_01.ogg,2811.86|3794.15|5.14,2,10,1,
595,2000,Amb_Fire_Large_01.ogg,2833.39|3782.08|7.99,2,10,1,
596,2000,Amb_Fire_Large_01.ogg,2826.40|3781.22|8.04,2,10,1,
597,2000,Amb_Fire_Large_01.ogg,2837.22|3765.96|8.82,2,10,1,
598,2000,Amb_Fire_Large_01.ogg,2821.25|3759.94|8.29,2,10,1,
599,2000,Amb_Fire_Large_01.ogg,2758.92|3786.20|8.71,7.5,15,1,
600,2000,Amb_Fire_Large_01.ogg,2775.40|3778.41|4.82,2,10,1,
601,2000,Amb_Fire_Large_01.ogg,2778.88|3772.01|5.33,2,10,1,
602,2000,Amb_Fire_Large_01.ogg,2776.77|3751.89|8.37,2,10,1,
603,2000,Amb_Fire_Large_01.ogg,2773.98|3744.39|8.50,2,10,1,
604,2000,Amb_Fire_Large_01.ogg,2706.54|3719.42|18.65,2,10,1,
605,2000,Amb_Fire_Large_01.ogg,2700.54|3728.35|18.21,2,10,1,
606,2000,Amb_Fire_Large_01.ogg,2694.08|3712.20|22.88,2,10,1,
607,2000,Amb_Fire_Large_01.ogg,2690.13|3719.28|23.47,2,10,1,
608,2000,Amb_Fire_Large_01.ogg,2665.01|3773.34|21.61,7.5,20,1,
609,2000,Amb_Fire_Large_01.ogg,2650.40|3807.52|24.65,7.5,15,1,
610,2000,Amb_Fire_Large_01.ogg,2659.53|3716.88|44.27,2,10,1,
611,2000,Amb_Fire_Large_01.ogg,2663.27|3687.21|45.85,10,30,1,
612,2000,Amb_Fire_Large_01.ogg,2588.94|3707.86|57.48,2,10,1,
613,2000,Amb_Fire_Large_01.ogg,2592.49|3702.68|56.27,2,10,1,
614,2000,Amb_Fire_Large_01.ogg,2567.79|3690.35|58.94,2,10,1,
615,2000,Amb_Fire_Large_01.ogg,2572.34|3660.21|59.10,2,10,1,
616,2000,Amb_Fire_Large_01.ogg,2563.30|3659.77|58.68,2,10,1,
617,2000,Amb_Fire_Bonfire_01.ogg,2575.98|3676.27|59.10,2,10,1,
618,2000,Amb_Fire_Bonfire_01.ogg,2575.39|3672.15|59.54,2,10,1,
619,2000,Amb_Fire_Large_01.ogg,2736.91|3760.17|9.48,7.5,15,1,
620,2000,Amb_Fire_Large_01.ogg,2719.72|3702.55|19.23,7.5,15,1,
621,2000,Amb_Fire_Large_01.ogg,2757.30|3727.55|5.09,2,10,1,
622,2000,Amb_Fire_Large_01.ogg,2763.92|3731.32|4.70,2,10,1,
623,2000,Amb_Fire_Large_01.ogg,2825.62|3748.25|7.93,2,10,1,
624,2000,Amb_Fire_Large_01.ogg,2819.78|3751.11|8.17,2,10,1,
625,2000,Amb_Fire_Bonfire_01.ogg,2839.44|3773.62|9.25,2,10,1,
626,2000,Amb_Fire_Bonfire_01.ogg,2834.13|3758.06|7.84,2,10,1,
627,2000,Amb_Fire_Bonfire_01.ogg,2830.69|3751.62|8.02,2,10,1,
628,2000,Amb_Fire_Large_01.ogg,2948.70|3667.25|17.35,2,10,1,
629,2000,Amb_Fire_Large_01.ogg,2949.34|3656.56|17.29,2,10,1,
630,2000,Amb_Fire_Large_01.ogg,2938.34|3656.20|18.00,2,10,1,
631,2000,Amb_Fire_Large_01.ogg,2938.17|3667.09|16.94,2,10,1,
632,2000,Amb_Fire_Large_01.ogg,2177.32|3287.20|56.85,7.5,15,1,
633,2000,Amb_Fire_Large_01.ogg,2171.50|3292.26|57.40,2,10,1,
634,2000,Amb_Fire_Large_01.ogg,2172.86|3499.47|42.83,2,10,1,
635,2000,Amb_Fire_Large_01.ogg,2179.02|3496.96|43.10,2,10,1,
636,2000,Amb_Fire_Large_01.ogg,2177.51|3520.73|45.64,2,10,1,
637,2000,Amb_Fire_Large_01.ogg,2229.07|3543.01|45.28,2,10,1,
638,2000,Amb_Fire_Large_01.ogg,2233.07|3510.69|44.72,2,10,1,
639,2000,Amb_Fire_Large_01.ogg,2228.10|3502.20|43.64,2,10,1,
640,2000,Amb_Fire_Large_01.ogg,2233.94|3502.93|44.54,2,10,1,
641,2000,Amb_Fire_Large_01.ogg,2208.89|3460.81|42.23,2,10,1,
642,2000,Amb_Fire_Large_01.ogg,2204.14|3460.52|44.18,7.5,15,1,
643,2000,Amb_Fire_Large_01.ogg,2190.31|3451.02|44.67,7.5,15,1,
644,2000,Amb_Fire_Large_01.ogg,2205.31|3342.38|50.55,7.5,15,1,
645,2000,Amb_Fire_Bonfire_01.ogg,2197.97|3556.37|46.68,2,10,1,
646,2000,Amb_Fire_Bonfire_01.ogg,2190.47|3555.40|47.04,2,10,1,
647,2000,Amb_Fire_Bonfire_01.ogg,2211.81|3508.93|48.47,2,10,1,
648,2000,Amb_Fire_Bonfire_01.ogg,2210.31|3516.51|48.56,2,10,1,
649,2000,Amb_Fire_Large_01.ogg,2253.58|3425.84|34.06,7.5,15,1,
650,2000,Amb_Fire_Large_01.ogg,2828.82|3305.03|61.72,7.5,20,1,
651,2000,Amb_Fire_Large_01.ogg,2918.57|3225.07|60.82,7.5,15,1,
652,2000,Amb_Fire_Large_01.ogg,2901.61|3238.02|60.27,7.5,15,1,
653,2000,Amb_Fire_Large_01.ogg,2932.24|3208.53|61.84,7.5,15,1,
654,2000,Amb_Fire_Large_01.ogg,2959.28|3225.56|61.73,7.5,15,1,
655,2000,Amb_Fire_Large_01.ogg,2952.81|3271.59|62.11,7.5,15,1,
656,2000,Amb_Fire_Large_01.ogg,2940.98|3280.47|62.88,7.5,15,1,
657,2000,Amb_Fire_Large_01.ogg,2897.72|3262.69|61.05,2,10,1,
658,2000,Amb_Fire_Large_01.ogg,2897.25|3256.82|60.82,2,10,1,
659,2000,Amb_Fire_Large_01.ogg,2897.16|3214.62|61.01,2,10,1,
660,2000,Amb_Fire_Large_01.ogg,2879.03|3215.08|60.92,2,10,1,
661,2000,Amb_Fire_Large_01.ogg,2878.33|3219.63|60.65,2,10,1,
662,2000,Amb_Fire_Large_01.ogg,2877.29|3256.66|60.78,2,10,1,
663,2000,Amb_Fire_Large_01.ogg,2878.39|3261.78|61.00,2,10,1,
664,2000,Amb_Fire_Large_01.ogg,2857.45|3174.32|60.89,7.5,20,1,
665,2000,Amb_Fire_Large_01.ogg,2779.02|3380.79|9.54,2,10,1,
666,2000,Amb_Fire_Large_01.ogg,2780.50|3375.27|9.24,2,10,1,
667,2000,Amb_Fire_Large_01.ogg,2791.47|3376.88|9.19,2,10,1,
668,2000,Amb_Fire_Large_01.ogg,2854.00|3383.69|17.37,2,10,1,
669,2000,Amb_Fire_Large_01.ogg,2857.17|3378.73|17.39,2,10,1,
670,2000,Amb_Fire_Large_01.ogg,2798.22|3491.55|24.53,2,10,1,
671,2000,Amb_Fire_Large_01.ogg,2791.34|3491.58|24.56,2,10,1,
672,2000,Amb_Fire_Large_01.ogg,2774.01|3521.52|26.96,7.5,15,1,
673,2000,Amb_Fire_Large_01.ogg,2782.09|3555.51|29.15,7.5,15,1,
674,2000,Amb_Fire_Large_01.ogg,2699.29|3553.63|32.38,2,10,1,
675,2000,Amb_Fire_Large_01.ogg,2696.45|3551.39|32.72,2,10,1,
676,2000,Amb_Fire_Large_01.ogg,2729.53|3532.79|32.58,2,10,1,
677,2000,Amb_Fire_Large_01.ogg,2732.96|3531.96|32.65,2,10,1,
678,2000,Amb_Fire_Large_01.ogg,2711.93|3527.70|31.48,2,10,1,
679,2000,Amb_Fire_Large_01.ogg,2703.63|3529.76|31.55,2,10,1,
680,2000,Amb_Fire_Large_01.ogg,2658.91|3523.75|30.30,2,10,1,
681,2000,Amb_Fire_Large_01.ogg,2660.72|3517.29|30.12,2,10,1,
682,2000,Amb_Fire_Large_01.ogg,2688.85|3500.78|29.39,2,10,1,
683,2000,Amb_Fire_Large_01.ogg,2682.51|3503.55|29.23,2,10,1,
684,2000,Amb_Fire_Large_01.ogg,2727.19|3500.80|28.82,2,10,1,
685,2000,Amb_Fire_Large_01.ogg,2726.26|3483.64|28.92,2,10,1,
686,2000,Amb_Fire_Large_01.ogg,2666.14|3443.67|30.15,2,10,1,
687,2000,Amb_Fire_Large_01.ogg,2656.13|3443.64|29.95,2,10,1,
688,2000,Amb_Fire_Large_01.ogg,2646.59|3444.88|29.84,2,10,1,
689,2000,Amb_Fire_Large_01.ogg,2636.50|3447.69|29.80,2,10,1,
690,2000,Amb_Fire_Large_01.ogg,2627.12|3443.83|30.01,2,10,1,
691,2000,Amb_Fire_Large_01.ogg,2617.59|3444.10|30.12,2,10,1,
692,2000,Amb_Fire_Large_01.ogg,2611.84|3446.31|29.90,2,10,1,
693,2000,Amb_Fire_Large_01.ogg,2601.93|3438.23|31.11,2,10,1,
694,2000,Amb_Fire_Large_01.ogg,2614.78|3499.45|29.16,2,10,1,
695,2000,Amb_Fire_Large_01.ogg,2639.54|3547.56|34.89,2,10,1,
696,2000,Amb_Fire_Large_01.ogg,2648.77|3556.05|34.96,2,10,1,
697,2000,Amb_Fire_Bonfire_01.ogg,2634.54|3558.41|35.86,2,10,1,
698,2000,Amb_Fire_Bonfire_01.ogg,2639.88|3564.95|36.90,2,10,1,
699,2000,Amb_Fire_Large_01.ogg,2657.64|3550.62|32.85,2,10,1,
700,2000,Amb_Fire_Large_01.ogg,2660.35|3548.41|32.81,2,10,1,
701,2000,Amb_Fire_Large_01.ogg,2639.17|3519.27|30.22,2,10,1,
702,2000,Amb_Fire_Large_01.ogg,2641.01|3512.48|29.89,2,10,1,
703,2000,Amb_Fire_Large_01.ogg,2629.79|3482.04|28.62,2,10,1,
704,2000,Amb_Fire_Large_01.ogg,2629.47|3475.56|28.66,2,10,1,
705,2000,Amb_Fire_Large_01.ogg,2673.74|3485.05|29.49,2,10,1,
706,2000,Amb_Fire_Bonfire_01.ogg,2723.00|3562.10|34.00,2,10,1,
707,2000,Amb_Fire_Bonfire_01.ogg,2714.99|3565.08|34.30,2,10,1,
708,2000,Amb_Fire_Bonfire_01.ogg,3027.91|3536.50|44.21,2,10,1,
709,2000,Amb_Fire_Bonfire_01.ogg,3022.69|3536.74|44.14,2,10,1,
710,2000,Amb_Fire_Bonfire_01.ogg,3027.83|3536.60|44.21,2,10,1,
711,2000,Amb_Fire_Large_01.ogg,2680.86|3481.83|29.63,2,10,1,
712,2000,Amb_Fire_Large_01.ogg,2649.55|3472.74|28.67,2,10,1,
713,2000,Amb_Fire_Large_01.ogg,2650.21|3479.49|29.11,2,10,1,
714,2500,Amb_Fire_Large_01.ogg,43.92|225.98|179.13,2,10,1,
715,2500,Amb_Fire_Large_01.ogg,44.68|245.55|179.14,2,10,1,
716,2500,Amb_Fire_Large_01.ogg,248.11|394.27|207.46,2,10,1,
717,2500,Amb_Fire_Large_01.ogg,265.62|394.36|207.06,2,10,1,
718,2500,Amb_Fire_Large_01.ogg,251.61|415.22|211.19,2,10,1,
719,2500,Amb_Fire_Large_01.ogg,261.04|414.98|211.14,2,10,1,
720,2500,Amb_Fire_Large_01.ogg,228.93|414.73|212.07,2,10,1,
721,2500,Amb_Fire_Large_01.ogg,285.00|414.60|211.55,2,10,1,
722,2500,Amb_Fire_Large_01.ogg,475.95|302.90|175.62,2,10,1,
723,2500,Amb_Fire_Large_01.ogg,464.11|245.97|179.55,2,10,1,
724,2500,Amb_Fire_Large_01.ogg,464.15|226.23|180.09,2,10,1,
725,2500,Amb_Fire_Large_01.ogg,263.92|48.02|179.86,2,10,1,
726,2500,Amb_Fire_Large_01.ogg,248.49|47.12|179.73,2,10,1,
727,4000,Amb_Fire_Large_01.ogg,165.62|267.78|1.41,7.5,15,1,
728,4000,Amb_Fire_Large_01.ogg,143.99|288.91|1.21,7.5,15,1,
729,4000,Amb_Fire_Large_01.ogg,128.17|281.27|0.61,7.5,15,1,
730,4000,Amb_Fire_Large_01.ogg,114.97|295.97|1.78,7.5,15,1,
731,4000,Amb_Fire_Large_01.ogg,127.89|324.64|3.57,7.5,15,1,
732,4000,Amb_Fire_Large_01.ogg,156.25|320.26|1.21,7.5,15,1,
733,4000,Amb_Fire_Large_01.ogg,192.34|351.50|1.77,7.5,15,1,
734,4000,Amb_Fire_Large_01.ogg,208.29|393.23|3.15,7.5,15,1,
735,4000,Amb_Fire_Large_01.ogg,249.27|375.42|-0.05,7.5,15,1,
736,4000,Amb_Fire_Large_01.ogg,289.08|432.15|-11.65,7.5,15,1,
737,4000,Amb_Fire_Large_01.ogg,283.73|449.13|-11.66,7.5,15,1,
738,4000,Amb_Fire_Large_01.ogg,279.33|416.38|-9.46,7.5,15,1,
739,4000,Amb_Fire_Large_01.ogg,285.98|397.74|-12.33,7.5,15,1,
740,4000,Amb_Fire_Large_01.ogg,299.72|401.35|-13.99,2,10,1,
741,4000,Amb_Fire_Large_01.ogg,138.88|354.55|6.77,2,10,1,
742,4000,Amb_Fire_Large_01.ogg,134.60|384.96|8.20,2,10,1,
743,4000,Amb_Fire_Large_01.ogg,135.26|415.29|8.34,7.5,15,1,
744,4000,Amb_Fire_Large_01.ogg,79.09|402.43|14.44,7.5,15,1,
745,4000,Amb_Fire_Large_01.ogg,53.24|378.11|14.62,7.5,15,1,
746,4000,Amb_Fire_Large_01.ogg,94.25|361.64|10.18,7.5,15,1,
747,4000,Amb_Fire_Large_01.ogg,88.23|336.62|6.19,7.5,15,1,
748,4000,Amb_Fire_Large_01.ogg,354.50|444.60|-6.01,2,10,1,
749,4000,Amb_Fire_Large_01.ogg,355.86|428.48|-6.35,2,10,1,
750,4000,Amb_Fire_Large_01.ogg,373.85|424.79|-6.39,2,10,1,
751,4000,Amb_Fire_Large_01.ogg,392.47|379.58|-5.63,2,10,1,
752,4000,Amb_Fire_Large_01.ogg,400.48|367.70|-5.88,2,10,1,
753,4000,Amb_Fire_Large_01.ogg,420.33|341.46|-6.09,2,10,1,
754,4000,Amb_Fire_Large_01.ogg,432.64|343.69|-5.68,2,10,1,
755,4000,Amb_Fire_Large_01.ogg,436.10|293.43|0.55,2,10,1,
756,4000,Amb_Fire_Large_01.ogg,424.97|293.32|1.27,2,10,1,
757,4000,Amb_Fire_Large_01.ogg,433.75|226.35|1.41,2,10,1,
758,4000,Amb_Fire_Large_01.ogg,420.25|226.11|1.06,2,10,1,
759,4000,Amb_Fire_Large_01.ogg,433.00|132.61|4.67,2,10,1,
760,4000,Amb_Fire_Large_01.ogg,443.12|128.91|3.69,2,10,1,
761,4000,Amb_Fire_Large_01.ogg,450.21|117.99|4.40,2,10,1,
762,4000,Amb_Fire_Large_01.ogg,449.93|105.96|3.93,2,10,1,
763,4000,Amb_Fire_Large_01.ogg,444.07|95.06|4.29,2,10,1,
764,4000,Amb_Fire_Large_01.ogg,434.18|88.71|3.66,2,10,1,
765,4000,Amb_Fire_Large_01.ogg,421.40|88.81|3.57,2,10,1,
766,4000,Amb_Fire_Large_01.ogg,410.96|94.90|4.07,2,10,1,
767,4000,Amb_Fire_Large_01.ogg,404.91|105.53|3.75,2,10,1,
768,4000,Amb_Fire_Large_01.ogg,404.38|116.86|3.51,2,10,1,
769,4000,Amb_Fire_Large_01.ogg,410.83|127.95|3.75,2,10,1,
770,4000,Amb_Fire_Large_01.ogg,420.08|131.08|4.42,2,10,1,
771,4000,Amb_Fire_Large_01.ogg,419.69|166.88|8.53,2,10,1,
772,4000,Amb_Fire_Large_01.ogg,434.48|166.69|8.53,2,10,1,
773,4000,Amb_Fire_Large_01.ogg,434.42|180.19|9.19,2,10,1,
774,4000,Amb_Fire_Large_01.ogg,419.88|180.19|11.18,2,10,1,
775,4000,Amb_Fire_Large_01.ogg,434.63|195.74|8.53,2,10,1,
776,4000,Amb_Fire_Large_01.ogg,419.60|195.49|8.53,2,10,1,
777,4000,Amb_Fire_Large_01.ogg,419.84|210.17|8.53,2,10,1,
778,4000,Amb_Fire_Large_01.ogg,434.70|209.89|8.53,2,10,1,
779,4000,Amb_Fire_Large_01.ogg,335.60|350.55|-20.89,2,10,1,
780,4000,Amb_Fire_Large_01.ogg,325.15|343.95|-19.93,2,10,1,
781,4000,Amb_Fire_Large_01.ogg,76.33|152.20|-0.14,2,10,1,
782,4000,Amb_Fire_Large_01.ogg,76.13|157.96|-0.58,2,10,1,
783,4000,Amb_Fire_Large_01.ogg,71.10|158.90|-0.79,2,10,1,
784,4000,Amb_Fire_Large_01.ogg,65.14|148.73|-0.61,2,10,1,
785,4000,Amb_Fire_Large_01.ogg,59.08|150.64|-0.75,2,10,1,
786,4000,Amb_Fire_Large_01.ogg,55.74|156.60|0.69,2,10,1,
787,4000,Amb_Fire_Large_01.ogg,52.49|163.86|-0.95,2,10,1,
788,4000,Amb_Fire_Large_01.ogg,53.33|167.93|0.64,2,10,1,
789,4000,Amb_Fire_Large_01.ogg,75.43|166.57|-0.78,2,10,1,
790,4000,Amb_Fire_Large_01.ogg,62.61|176.31|-0.04,2,10,1,
791,4000,Amb_Fire_Large_01.ogg,72.73|176.95|-0.30,2,10,1,
792,4000,Amb_Fire_Large_01.ogg,76.32|173.88|-0.39,2,10,1,
793,4000,Amb_Fire_Large_01.ogg,278.45|77.80|3.39,2,10,1,
794,4000,Amb_Fire_Large_01.ogg,278.35|84.50|3.63,2,10,1,
795,4000,Amb_Fire_Large_01.ogg,276.97|90.19|1.87,2,10,1,
796,4000,Amb_Fire_Large_01.ogg,252.58|69.36|2.96,2,10,1,
797,4000,Amb_Fire_Large_01.ogg,259.39|83.63|2.63,2,10,1,
798,4000,Amb_Fire_Large_01.ogg,259.45|90.32|2.87,2,10,1,
799,4000,Amb_Fire_Large_01.ogg,146.03|61.95|6.38,2,10,1,
800,4000,Amb_Fire_Large_01.ogg,363.28|440.74|-7.32,2,10,1,
801,4000,Amb_Fire_Large_01.ogg,70.33|165.31|-1.18,2,10,1,
802,4000,Amb_Fire_Large_01.ogg,255.21|76.70|2.75,2,10,1,
803,4000,Amb_Fire_Large_01.ogg,376.51|437.43|-5.84,2,10,1,
804,4010,Amb_Fire_Large_01.ogg,71.82|454.67|75.66,2,10,1,
805,4010,Amb_Fire_Large_01.ogg,83.94|454.83|75.54,2,10,1,
806,4010,Amb_Fire_Large_01.ogg,82.84|438.69|76.01,2,10,1,
807,4010,Amb_Fire_Large_01.ogg,71.99|438.47|75.49,2,10,1,
808,4010,Amb_Fire_Large_01.ogg,82.84|428.37|75.56,2,10,1,
809,4010,Amb_Fire_Large_01.ogg,71.82|428.10|75.32,2,10,1,
810,4010,Amb_Fire_Large_01.ogg,73.98|417.74|75.54,2,10,1,
811,4010,Amb_Fire_Large_01.ogg,81.62|417.80|75.84,2,10,1,
812,4010,Amb_Fire_Large_01.ogg,114.48|391.28|79.54,7.5,15,1,
813,4010,Amb_Fire_Large_01.ogg,89.59|343.74|80.65,7.5,15,1,
814,4010,Amb_Fire_Large_01.ogg,133.58|349.17|82.08,7.5,15,1,
815,4010,Amb_Fire_Large_01.ogg,126.03|314.91|83.09,7.5,15,1,
816,4010,Amb_Fire_Large_01.ogg,54.79|346.46|79.99,7.5,15,1,
817,4010,Amb_Fire_Large_01.ogg,49.85|309.68|79.81,7.5,15,1,
818,4010,Amb_Fire_Large_01.ogg,86.76|310.40|78.48,7.5,15,1,
819,4010,Amb_Fire_Large_01.ogg,70.38|280.88|79.71,7.5,15,1,
820,4010,Amb_Fire_Bonfire_01.ogg,65.17|253.82|82.76,2,10,1,
821,4010,Amb_Fire_Bonfire_01.ogg,108.52|263.93|81.02,2,10,1,
822,4010,Amb_Fire_Bonfire_01.ogg,73.15|222.17|89.23,2,10,1,
823,4010,Amb_Fire_Bonfire_01.ogg,90.57|177.96|100.04,2,10,1,
824,4010,Amb_Fire_Bonfire_01.ogg,138.09|154.76|104.11,2,10,1,
825,4010,Amb_Fire_Bonfire_01.ogg,214.83|155.86|102.80,2,10,1,
826,4010,Amb_Fire_Bonfire_01.ogg,243.61|170.01|101.36,2,10,1,
827,4010,Amb_Fire_Bonfire_01.ogg,188.09|211.56|107.89,2,10,1,
828,4010,Amb_Fire_Bonfire_01.ogg,195.07|253.87|113.84,2,10,1,
829,4010,Amb_Fire_Large_01.ogg,216.36|303.89|116.45,2,10,1,
830,4010,Amb_Fire_Large_01.ogg,226.65|300.28|116.54,2,10,1,
831,4010,Amb_Fire_Large_01.ogg,245.13|339.76|116.76,2,10,1,
832,4010,Amb_Fire_Large_01.ogg,234.14|343.16|116.85,2,10,1,
833,4010,Amb_Fire_Bonfire_01.ogg,275.78|403.39|126.33,2,10,1,
834,4010,Amb_Fire_Bonfire_01.ogg,276.70|415.57|126.44,2,10,1,
835,4010,Amb_Fire_Bonfire_01.ogg,244.85|426.54|123.97,2,10,1,
836,4010,Amb_Fire_Bonfire_01.ogg,166.50|158.93|104.55,2,10,1,
837,4010,Amb_Fire_Bonfire_01.ogg,142.08|111.30|106.65,2,10,1,
838,4010,Amb_Fire_Bonfire_01.ogg,63.84|85.44|113.58,2,10,1,
839,4010,Amb_Fire_Large_01.ogg,201.23|71.21|100.67,2,10,1,
840,4010,Amb_Fire_Large_01.ogg,197.48|80.29|113.68,2,10,1,
841,4010,Amb_Fire_Large_01.ogg,180.68|83.37|122.15,2,10,1,
842,4010,Amb_Fire_Large_01.ogg,258.32|73.72|107.76,2,10,1,
843,4010,Amb_Fire_Large_01.ogg,258.41|124.06|105.56,2,10,1,
844,4010,Amb_Fire_Large_01.ogg,284.39|402.52|125.65,2,10,1,
845,4010,Amb_Fire_Large_01.ogg,285.39|415.68|125.95,2,10,1,
846,4010,Amb_Fire_Large_01.ogg,341.45|435.18|141.38,2,10,1,
847,4010,Amb_Fire_Large_01.ogg,337.29|447.12|140.88,2,10,1,
848,4010,Amb_Fire_Large_01.ogg,405.42|396.03|148.46,2,10,1,
849,4010,Amb_Fire_Large_01.ogg,392.99|396.03|148.79,2,10,1,
850,4010,Amb_Fire_Large_01.ogg,443.45|274.83|148.75,2,10,1,
851,4010,Amb_Fire_Large_01.ogg,354.06|274.85|148.78,2,10,1,
852,4010,Amb_Fire_Large_01.ogg,426.14|164.70|168.78,2,10,1,
853,4010,Amb_Fire_Large_01.ogg,426.08|150.97|168.76,2,10,1,
854,4010,Amb_Fire_Large_01.ogg,442.48|160.85|171.36,2,10,1,
855,4010,Amb_Fire_Large_01.ogg,442.02|134.82|171.76,2,10,1,
856,4010,Amb_Fire_Large_01.ogg,442.44|103.06|171.54,2,10,1,
857,4010,Amb_Fire_Large_01.ogg,426.10|93.89|168.90,2,10,1,
858,4010,Amb_Fire_Large_01.ogg,423.71|77.14|170.94,2,10,1,
859,4010,Amb_Fire_Large_01.ogg,376.89|76.39|171.40,2,10,1,
860,4010,Amb_Fire_Large_01.ogg,374.58|91.19|168.70,2,10,1,
861,4010,Amb_Fire_Large_01.ogg,358.25|102.34|171.54,2,10,1,
862,4010,Amb_Fire_Large_01.ogg,357.91|134.32|171.29,2,10,1,
863,4010,Amb_Fire_Large_01.ogg,357.82|163.18|171.56,2,10,1,
864,4010,Amb_Fire_Large_01.ogg,374.60|164.96|168.59,2,10,1,
865,4010,Amb_Fire_Large_01.ogg,374.78|150.97|168.76,2,10,1,
866,4010,Amb_Fire_Large_01.ogg,374.80|130.00|168.61,2,10,1,
867,4010,Amb_Fire_Large_01.ogg,374.80|115.95|168.68,2,10,1,
868,4010,Amb_Fire_Large_01.ogg,426.08|129.68|168.91,2,10,1,
869,4010,Amb_Fire_Large_01.ogg,426.09|114.82|168.75,2,10,1,
870,4010,Amb_Fire_Large_01.ogg,384.74|421.79|137.96,2,10,1,
871,4010,Amb_Fire_Large_01.ogg,382.75|418.74|154.72,15,30,1,
872,4010,Amb_Fire_Large_01.ogg,383.50|443.57|150.71,15,30,1,
873,4010,Amb_Fire_Large_01.ogg,414.39|443.56|154.88,15,30,1,
874,4010,Amb_Fire_Large_01.ogg,413.83|416.81|154.89,15,30,1,
875,4010,Amb_Fire_Large_01.ogg,415.09|366.58|155.78,15,30,1,
876,4010,Amb_Fire_Large_01.ogg,413.54|347.89|156.83,15,30,1,
877,4010,Amb_Fire_Large_01.ogg,385.16|347.44|156.82,15,30,1,
878,4010,Amb_Fire_Large_01.ogg,385.93|329.00|148.20,2,10,1,
879,4010,Amb_Fire_Large_01.ogg,383.64|325.55|155.92,15,30,1,
880,4010,Amb_Fire_Large_01.ogg,371.98|235.97|161.22,20,40,1,
881,4010,Amb_Fire_Large_01.ogg,426.46|236.32|160.19,20,40,1,
882,4010,Amb_Fire_Large_01.ogg,110.71|417.57|97.48,2,10,1,
883,4010,Amb_Fire_Large_01.ogg,110.24|460.67|96.89,2,10,1,
884,4010,Amb_Fire_Large_01.ogg,45.77|460.67|96.45,2,10,1,
885,4010,Amb_Fire_Large_01.ogg,47.05|419.83|96.59,2,10,1,
886,4010,Amb_Fire_Large_01.ogg,393.81|387.38|145.97,2,10,1,
887,4010,Amb_Fire_Large_01.ogg,406.04|387.38|146.11,2,10,1,
888,4010,Amb_Fire_Large_01.ogg,345.51|449.83|140.30,15,30,1,
889,4010,Amb_Fire_Large_01.ogg,349.82|437.45|140.35,2,10,1,
890,4010,Amb_Fire_Large_01.ogg,345.48|449.90|139.81,2,10,1,
891,4020,Amb_Fire_Large_01.ogg,461.91|172.35|2.29,2,10,1,
892,4020,Amb_Fire_Large_01.ogg,461.97|162.42|2.09,2,10,1,
893,4020,Amb_Fire_Large_01.ogg,455.62|161.48|2.03,2,10,1,
894,4020,Amb_Fire_Large_01.ogg,431.86|144.68|-0.38,2,10,1,
895,4020,Amb_Fire_Large_01.ogg,426.04|159.09|2.59,2,10,1,
896,4020,Amb_Fire_Large_01.ogg,418.68|174.68|2.04,2,10,1,
897,4020,Amb_Fire_Large_01.ogg,397.30|171.20|2.66,2,10,1,
898,4020,Amb_Fire_Large_01.ogg,397.00|161.90|2.81,2,10,1,
899,4020,Amb_Fire_Large_01.ogg,407.38|189.19|4.31,2,10,1,
900,4020,Amb_Fire_Large_01.ogg,431.57|203.36|5.70,2,10,1,
901,4020,Amb_Fire_Bonfire_01.ogg,382.83|158.55|6.80,2,10,1,
902,4020,Amb_Fire_Bonfire_01.ogg,364.40|158.58|9.67,2,10,1,
903,4020,Amb_Fire_Bonfire_01.ogg,363.73|182.20|9.27,2,10,1,
904,4020,Amb_Fire_Bonfire_01.ogg,354.30|81.07|11.18,2,10,1,
905,4020,Amb_Fire_Bonfire_01.ogg,364.22|93.47|11.06,2,10,1,
906,4020,Amb_Fire_Bonfire_01.ogg,342.26|115.25|11.71,2,10,1,
907,4020,Amb_Fire_Bonfire_01.ogg,246.04|105.85|16.52,2,10,1,
908,4020,Amb_Fire_Bonfire_01.ogg,246.58|124.30|17.37,2,10,1,
909,4020,Amb_Fire_Bonfire_01.ogg,270.70|124.15|16.96,2,10,1,
910,4020,Amb_Fire_Bonfire_01.ogg,230.24|82.44|19.14,2,10,1,
911,4020,Amb_Fire_Bonfire_01.ogg,230.52|105.87|19.36,2,10,1,
912,4020,Amb_Fire_Bonfire_01.ogg,191.27|111.54|20.11,2,10,1,
913,4020,Amb_Fire_Bonfire_01.ogg,187.67|134.42|19.82,2,10,1,
914,4020,Amb_Fire_Bonfire_01.ogg,171.15|138.65|20.05,2,10,1,
915,4020,Amb_Fire_Bonfire_01.ogg,154.57|88.87|20.00,2,10,1,
916,4020,Amb_Fire_Bonfire_01.ogg,184.54|76.81|23.37,2,10,1,
917,4020,Amb_Fire_Bonfire_01.ogg,143.47|55.43|23.23,2,10,1,
918,4020,Amb_Fire_Bonfire_01.ogg,143.30|69.21|22.83,2,10,1,
919,4020,Amb_Fire_Bonfire_01.ogg,121.96|73.41|20.17,2,10,1,
920,4020,Amb_Fire_Bonfire_01.ogg,104.01|104.79|17.74,2,10,1,
921,4020,Amb_Fire_Bonfire_01.ogg,123.17|117.90|20.06,2,10,1,
922,4020,Amb_Fire_Bonfire_01.ogg,244.24|202.06|41.76,2,10,1,
923,4020,Amb_Fire_Bonfire_01.ogg,232.59|213.53|41.71,2,10,1,
924,4020,Amb_Fire_Bonfire_01.ogg,244.73|224.94|43.44,2,10,1,
925,4020,Amb_Fire_Bonfire_01.ogg,255.52|213.52|42.98,2,10,1,
926,4020,Amb_Fire_Bonfire_01.ogg,252.18|240.87|43.29,2,10,1,
927,4020,Amb_Fire_Bonfire_01.ogg,268.29|240.99|43.10,2,10,1,
928,4020,Amb_Fire_Bonfire_01.ogg,165.75|313.56|57.51,2,10,1,
929,4020,Amb_Fire_Bonfire_01.ogg,165.46|296.27|57.60,2,10,1,
930,4020,Amb_Fire_Bonfire_01.ogg,269.50|467.19|54.67,2,10,1,
931,4020,Amb_Fire_Bonfire_01.ogg,263.23|473.37|54.75,2,10,1,
932,4020,Amb_Fire_Bonfire_01.ogg,301.89|466.92|54.80,2,10,1,
933,4020,Amb_Fire_Bonfire_01.ogg,308.29|472.97|54.85,2,10,1,
934,4020,Amb_Fire_Bonfire_01.ogg,339.40|424.58|51.31,2,10,1,
935,4020,Amb_Fire_Bonfire_01.ogg,345.08|442.46|51.49,2,10,1,
936,4020,Amb_Fire_Bonfire_01.ogg,369.98|430.49|48.05,2,10,1,
937,4020,Amb_Fire_Bonfire_01.ogg,359.92|419.16|48.20,2,10,1,
938,4020,Amb_Fire_Bonfire_01.ogg,369.06|405.94|45.80,2,10,1,
939,4020,Amb_Fire_Bonfire_01.ogg,383.24|418.81|45.58,2,10,1,
940,4020,Amb_Fire_Bonfire_01.ogg,399.94|402.53|42.48,2,10,1,
941,4020,Amb_Fire_Bonfire_01.ogg,386.81|389.61|42.52,2,10,1,
942,4020,Amb_Fire_Bonfire_01.ogg,412.68|324.14|41.50,2,10,1,
943,4020,Amb_Fire_Bonfire_01.ogg,392.76|329.33|41.68,2,10,1,
944,4020,Amb_Fire_Bonfire_01.ogg,385.64|318.01|43.62,2,10,1,
945,4020,Amb_Fire_Bonfire_01.ogg,396.71|298.94|43.47,2,10,1,
946,4020,Amb_Fire_Bonfire_01.ogg,367.03|294.99|44.99,2,10,1,
947,4020,Amb_Fire_Bonfire_01.ogg,367.23|313.25|44.71,2,10,1,
948,4020,Amb_Fire_Bonfire_01.ogg,382.78|182.03|7.13,2,10,1,
949,2000,Amb_Fire_Bonfire_01.ogg,7250.64|6712.11|109.55,2,10,1,
950,2000,Amb_Fire_Bonfire_01.ogg,7249.02|6739.45|110.70,2,10,1,
951,2000,Amb_Fire_Bonfire_01.ogg,7284.14|6734.87|108.74,2,10,1,
952,2000,Amb_Fire_Bonfire_01.ogg,7280.23|6741.28|110.60,2,10,1,
953,2500,Amb_Fire_Large_01.ogg,95.12|101.01|179.50,7.5,15,1,
954,2500,Amb_Fire_Large_01.ogg,192.34|64.85|186.23,20,40,1,
955,2500,Amb_Fire_Bonfire_01.ogg,56.48|308.49|179.99,2,10,1,
956,2500,Amb_Water_Waterfall_01.ogg,288.72|344.00|188.38,11.25,22.5,1,
957,2500,Amb_Water_Waterfall_01.ogg,224.47|341.14|195.20,11.25,22.5,1,
958,2501,Amb_Fire_Bonfire_01.ogg,115.82|235.49|144.28,2,10,1,
959,2501,Amb_Fire_Bonfire_01.ogg,205.24|59.81|147.16,7.5,15,1,
960,2501,Amb_Fire_Bonfire_01.ogg,293.00|252.42|191.42,2,10,1,
961,2501,Amb_Fire_Bonfire_01.ogg,140.61|244.80|154.02,2,10,1,
962,2501,Amb_Fire_Bonfire_01.ogg,155.90|201.20|155.40,2,10,1,
963,2501,Amb_Fire_Bonfire_01.ogg,238.47|192.27|176.52,2,10,1,
964,2501,Amb_Fire_Bonfire_01.ogg,312.68|60.32|148.24,7.5,15,1,
965,2501,Amb_Fire_Bonfire_01.ogg,356.72|249.03|156.33,2,10,1,
966,2501,Amb_Fire_Bonfire_01.ogg,355.85|274.94|157.41,2,10,1,
967,2501,Amb_Fire_Bonfire_01.ogg,417.98|287.31|145.69,2,10,1,
968,2501,Amb_Fire_Bonfire_01.ogg,281.51|192.41|176.52,2,10,1,
969,2501,Amb_Fire_Bonfire_01.ogg,226.46|252.68|191.23,2,10,1,
970,2501,Amb_Fire_Bonfire_01.ogg,164.16|249.70|155.07,2,10,1,
971,2501,Amb_Fire_Bonfire_01.ogg,164.77|274.54|156.17,2,10,1,
972,2501,Amb_Water_Waterfall_01.ogg,65.26|107.03|143.11,13.5,27,1,
973,2501,Amb_Water_Waterfall_01.ogg,68.74|79.64|137.79,13.5,27,1,
974,2501,Amb_Water_Waterfall_01.ogg,92.92|66.36|140.25,13.5,27,1,
975,2501,Amb_Water_Waterfall_01.ogg,64.89|134.71|145.05,13.5,27,1,
976,2500,Amb_Water_Waterfall_01.ogg,132.48|300.60|181.73,9,18,1,
977,2500,Amb_Water_Waterfall_01.ogg,386.76|298.70|184.10,9,18,1,
978,2501,Amb_Fire_Bonfire_01.ogg,199.07|215.92|155.20,2,10,1,
979,2501,Amb_Fire_Bonfire_01.ogg,222.13|195.65|155.49,2,10,1,
980,2501,Amb_Fire_Bonfire_01.ogg,317.64|213.89|157.22,2,10,1,
981,2501,Amb_Fire_Bonfire_01.ogg,463.06|271.48|140.48,2,10,1,
982,2501,Amb_Fire_Bonfire_01.ogg,463.06|249.43|140.78,2,10,1,
983,2501,Amb_Fire_Large_01.ogg,380.54|382.25|175.64,16.5,33,1,
984,2000,Amb_Fire_Bonfire_01.ogg,1162.74|5505.06|71.42,2,10,1,
985,2000,Amb_Fire_Bonfire_01.ogg,7225.92|8386.85|158.20,2,10,1,
986,2000,Amb_Fire_Bonfire_01.ogg,7234.32|8403.56|157.37,2,10,1,
987,2000,Amb_Fire_Bonfire_01.ogg,7229.33|8375.22|157.02,2,10,1,
988,2000,Amb_Fire_Bonfire_01.ogg,7216.33|8370.83|157.42,2,10,1,
989,2000,Amb_Fire_Bonfire_01.ogg,7206.87|8390.98|155.39,2,10,1,
990,2000,Amb_Fire_Bonfire_01.ogg,7201.52|8409.33|151.07,2,10,1,
991,1000,Amb_Fire_Bonfire_01.ogg,266.80|153.76|13.43,2,10,1,
992,1000,Amb_Fire_Bonfire_01.ogg,270.04|168.52|17.88,2,10,1,
993,1000,Amb_Fire_Bonfire_01.ogg,271.29|185.13|17.65,2,10,1,
994,1000,Amb_Fire_Bonfire_01.ogg,320.09|182.82|10.69,2,10,1,
995,1000,Amb_Fire_Bonfire_01.ogg,345.17|237.67|9.76,2,10,1,
996,1000,Amb_Fire_Bonfire_01.ogg,328.01|213.70|10.21,2,10,1,
997,1000,Amb_Fire_Bonfire_01.ogg,370.97|194.95|1.91,2,10,1,
998,1000,Amb_Fire_Bonfire_01.ogg,371.13|183.71|1.98,2,10,1,
999,1000,Amb_Fire_Bonfire_01.ogg,350.63|152.58|1.43,2,10,1,
1000,1000,Amb_Fire_Bonfire_01.ogg,340.43|152.24|1.28,2,10,1,
1001,1000,Amb_Fire_Bonfire_01.ogg,292.76|132.68|21.49,2,10,1,
1002,1000,Amb_Fire_Bonfire_01.ogg,279.96|125.74|21.23,2,10,1,
1003,1000,Amb_Fire_Bonfire_01.ogg,252.57|194.88|13.05,2,10,1,
1004,1000,Amb_Fire_Bonfire_01.ogg,241.09|183.05|13.20,2,10,1,
1005,1000,Amb_Fire_Bonfire_01.ogg,149.36|192.86|21.09,2,10,1,
1006,1000,Amb_Fire_Bonfire_01.ogg,157.07|180.65|21.54,2,10,1,
1007,1000,Amb_Fire_Bonfire_01.ogg,185.01|188.86|11.85,2,10,1,
1008,1000,Amb_Fire_Bonfire_01.ogg,175.62|218.40|11.85,2,10,1,
1009,1000,Amb_Fire_Bonfire_01.ogg,166.98|235.91|12.22,2,10,1,
1010,1000,Amb_Fire_Bonfire_01.ogg,151.47|263.57|15.81,2,10,1,
1011,1000,Amb_Fire_Bonfire_01.ogg,127.60|273.63|22.34,2,10,1,
1012,1000,Amb_Fire_Bonfire_01.ogg,128.23|287.68|23.04,2,10,1,
1013,1000,Amb_Fire_Bonfire_01.ogg,156.37|284.18|14.14,2,10,1,
1014,1000,Amb_Fire_Bonfire_01.ogg,173.62|279.66|19.51,2,10,1,
1015,1000,Amb_Fire_Bonfire_01.ogg,155.82|312.82|10.42,2,10,1,
1016,1000,Amb_Fire_Bonfire_01.ogg,186.72|321.52|10.48,2,10,1,
1017,1000,Amb_Fire_Bonfire_01.ogg,194.28|341.37|10.22,2,10,1,
1018,1000,Amb_Fire_Bonfire_01.ogg,169.76|365.35|0.42,2,10,1,
1019,1000,Amb_Fire_Bonfire_01.ogg,162.25|365.55|1.34,2,10,1,
1020,1000,Amb_Fire_Bonfire_01.ogg,142.48|341.27|1.72,2,10,1,
1021,1000,Amb_Fire_Bonfire_01.ogg,142.69|347.74|1.73,2,10,1,
1022,1000,Amb_Fire_Bonfire_01.ogg,232.57|378.50|17.25,2,10,1,
1023,1000,Amb_Fire_Bonfire_01.ogg,217.83|370.05|15.62,2,10,1,
1024,1000,Amb_Fire_Bonfire_01.ogg,245.85|352.80|16.52,2,10,1,
1025,1000,Amb_Fire_Bonfire_01.ogg,265.35|357.91|14.81,2,10,1,
1026,1000,Amb_Fire_Bonfire_01.ogg,267.21|342.12|14.81,2,10,1,
1027,1000,Amb_Fire_Bonfire_01.ogg,316.39|343.36|15.69,2,10,1,
1028,1000,Amb_Fire_Bonfire_01.ogg,322.87|311.23|11.72,2,10,1,
1029,1000,Amb_Fire_Bonfire_01.ogg,359.95|274.76|14.29,2,10,1,
1030,1000,Amb_Fire_Bonfire_01.ogg,371.01|278.08|19.85,2,10,1,
1031,1000,Amb_Fire_Bonfire_01.ogg,384.05|273.76|21.33,2,10,1,
1032,1000,Amb_Fire_Bonfire_01.ogg,388.16|262.03|15.14,2,10,1,
1033,1000,Amb_Fire_Bonfire_01.ogg,324.94|265.06|19.07,2,10,1,
1034,1000,Amb_Fire_Bonfire_01.ogg,218.80|402.72|25.23,2,10,1,
1035,1000,Amb_Fire_Bonfire_01.ogg,233.31|405.43|23.86,2,10,1,
1036,1000,Amb_Fire_Large_01.ogg,181.60|338.47|6.82,2,10,1,
1037,1000,Amb_Fire_Large_01.ogg,313.47|201.31|9.74,2,10,1,
1038,1000,Amb_Fire_Bonfire_01.ogg,249.81|144.80|13.78,2,10,1,
1039,1000,Amb_Fire_Large_01.ogg,156.20|319.24|13.45,2,10,1,
1040,1000,Amb_Fire_Bonfire_01.ogg,244.28|334.34|19.97,2,10,1,
1041,1000,Amb_Fire_Bonfire_01.ogg,327.50|325.36|14.25,2,10,1,
1042,1000,Amb_Fire_Bonfire_01.ogg,261.91|267.09|11.02,2,10,1,
1043,1000,Amb_Fire_Large_01.ogg,339.39|206.86|10.08,2,10,1,
1044,2501,Amb_Fire_Bonfire_01.ogg,252.56|187.76|155.52,2,10,1,
1045,2501,Amb_Fire_Bonfire_01.ogg,267.44|187.76|156.50,2,10,1,
1046,2501,Amb_Fire_Bonfire_01.ogg,295.60|194.97|155.01,7.5,15,1,
1047,2501,Amb_Fire_Bonfire_01.ogg,270.03|54.21|139.47,2,10,1,
1048,2501,Amb_Fire_Bonfire_01.ogg,248.60|54.21|140.63,2,10,1,
1049,2501,Amb_Fire_Bonfire_01.ogg,345.24|216.96|157.21,2,10,1,
1050,2501,Amb_Fire_Bonfire_01.ogg,345.34|304.99|158.44,2,10,1,
1051,2501,Amb_Fire_Bonfire_01.ogg,320.55|309.79|158.39,2,10,1,
1052,2501,Amb_Fire_Bonfire_01.ogg,296.00|330.40|157.46,2,10,1,
1053,2501,Amb_Fire_Bonfire_01.ogg,266.93|337.30|157.14,2,10,1,
1054,2501,Amb_Fire_Bonfire_01.ogg,252.10|337.30|157.18,2,10,1,
1055,2501,Amb_Fire_Bonfire_01.ogg,223.03|330.58|158.40,2,10,1,
1056,2501,Amb_Fire_Bonfire_01.ogg,175.05|307.27|158.03,2,10,1,
1057,2501,Amb_Fire_Bonfire_01.ogg,235.84|365.12|156.90,2,10,1,
1058,2501,Amb_Fire_Bonfire_01.ogg,224.00|364.68|157.66,2,10,1,
1059,2501,Amb_Fire_Bonfire_01.ogg,200.43|353.91|157.33,2,10,1,
1060,2501,Amb_Fire_Bonfire_01.ogg,174.64|218.38|158.14,2,10,1,
1061,2501,Amb_Fire_Large_01.ogg,259.51|260.78|199.47,2,10,1,
1062,2501,Amb_Fire_Large_01.ogg,384.84|136.62|136.87,10,20,1,
1063,2501,Amb_Fire_Bonfire_01.ogg,167.35|323.37|157.17,2,10,1,
1064,2501,Amb_Fire_Bonfire_01.ogg,202.86|432.21|141.79,2,10,1,
1065,2501,Amb_Fire_Bonfire_01.ogg,107.71|328.57|147.85,2,10,1,
1066,2501,Amb_Fire_Bonfire_01.ogg,97.45|328.62|151.52,2,10,1,
1067,2501,Amb_Fire_Bonfire_01.ogg,96.82|347.46|154.15,2,10,1,
1068,2501,Amb_Fire_Bonfire_01.ogg,57.08|248.11|139.25,2,10,1,
1069,2501,Amb_Fire_Bonfire_01.ogg,57.08|271.08|139.77,2,10,1,
1070,2501,Amb_Water_Waterfall_01.ogg,316.67|444.14|144.44,17.25,34.5,1,
1071,2501,Amb_Water_Waterfall_01.ogg,346.84|367.95|128.27,22.5,45,1,
1072,2501,Amb_Water_Waterfall_01.ogg,328.41|402.18|129.96,22.5,45,1,
1073,2501,Amb_Water_Waterfall_01.ogg,440.49|323.50|142.26,15,30,1,
1074,2501,Amb_Water_Waterfall_01.ogg,406.24|323.11|143.84,15,30,1,
1075,2501,Amb_Water_Waterfall_01.ogg,376.00|329.17|154.14,15,30,1,
1076,2000,Amb_Fire_Bonfire_01.ogg,6897.23|8153.66|134.94,2,10,1,
1077,2000,Amb_Water_Waterfall_01.ogg,6905.66|7914.49|65.06,15,30,1,
1078,2000,Amb_Fire_Large_01.ogg,2048.04|4849.32|178.59,2,10,1,
1079,2000,Amb_Fire_Large_01.ogg,2048.13|4838.66|178.33,2,10,1,
1080,2000,Amb_Fire_Large_01.ogg,2060.87|4849.09|178.96,2,10,1,
1081,2000,Amb_Fire_Large_01.ogg,2060.99|4838.66|178.83,2,10,1,
1082,3,Amb_Fire_Large_01.ogg,147.17|24.17|1.42,2,10,1,
1083,3,Amb_Fire_Large_01.ogg,153.95|38.26|2.09,15,30,1,
1084,3,Amb_Fire_Large_01.ogg,134.83|38.73|1.74,15,30,1,
1085,4,Amb_Fire_Large_01.ogg,147.01|24.73|1.23,2,10,1,
1086,4030,Amb_Fire_Large_01.ogg,267.64|96.89|2.25,2,10,1,
1087,4030,Amb_Fire_Large_01.ogg,243.99|97.25|2.06,2,10,1,
1088,4030,Amb_Fire_Large_01.ogg,243.71|107.71|1.61,2,10,1,
1089,4030,Amb_Fire_Large_01.ogg,267.34|107.38|1.46,2,10,1,
1090,4030,Amb_Fire_Large_01.ogg,262.53|125.62|1.48,2,10,1,
1091,4030,Amb_Fire_Large_01.ogg,248.81|125.84|1.38,2,10,1,
1092,4030,Amb_Fire_Large_01.ogg,263.53|177.03|8.16,7.5,15,1,
1093,4030,Amb_Fire_Large_01.ogg,247.69|177.94|8.67,7.5,15,1,
1094,4030,Amb_Fire_Large_01.ogg,264.32|195.32|16.47,7.5,15,1,
1095,4030,Amb_Fire_Large_01.ogg,246.61|195.64|16.76,7.5,15,1,
1096,4030,Amb_Fire_Large_01.ogg,265.10|214.33|15.77,7.5,15,1,
1097,4030,Amb_Fire_Large_01.ogg,247.58|214.67|15.73,7.5,15,1,
1098,4030,Amb_Fire_Large_01.ogg,295.08|160.11|8.56,7.5,15,1,
1099,4030,Amb_Fire_Large_01.ogg,294.96|180.34|8.92,7.5,15,1,
1100,4030,Amb_Fire_Large_01.ogg,323.46|160.32|19.25,7.5,15,1,
1101,4030,Amb_Fire_Large_01.ogg,323.58|180.47|19.76,7.5,15,1,
1102,4030,Amb_Fire_Large_01.ogg,359.48|127.32|18.30,7.5,15,1,
1103,4030,Amb_Fire_Large_01.ogg,359.93|148.68|18.93,7.5,15,1,
1104,4030,Amb_Fire_Large_01.ogg,390.09|149.03|29.12,7.5,15,1,
1105,4030,Amb_Fire_Large_01.ogg,389.12|128.10|31.75,7.5,15,1,
1106,4030,Amb_Fire_Large_01.ogg,433.21|160.07|30.46,7.5,15,1,
1107,4030,Amb_Fire_Large_01.ogg,412.12|159.83|31.60,7.5,15,1,
1108,4030,Amb_Fire_Large_01.ogg,433.24|192.95|43.99,7.5,15,1,
1109,4030,Amb_Fire_Large_01.ogg,412.27|193.18|42.07,7.5,15,1,
1110,4030,Amb_Fire_Large_01.ogg,432.90|231.16|42.72,7.5,15,1,
1111,4030,Amb_Fire_Large_01.ogg,412.97|231.08|42.86,7.5,15,1,
1112,4030,Amb_Fire_Bonfire_01.ogg,434.52|246.71|61.19,2,10,1,
1113,4030,Amb_Fire_Bonfire_01.ogg,410.85|246.63|61.64,2,10,1,
1114,4030,Amb_Fire_Large_01.ogg,380.14|299.09|61.23,7.5,15,1,
1115,4030,Amb_Fire_Large_01.ogg,380.68|282.95|60.48,7.5,15,1,
1116,4030,Amb_Fire_Large_01.ogg,325.27|261.87|75.25,7.5,15,1,
1117,4030,Amb_Fire_Large_01.ogg,323.60|297.48|74.20,7.5,15,1,
1118,4030,Amb_Fire_Large_01.ogg,324.84|323.18|75.77,7.5,15,1,
1119,4030,Amb_Fire_Large_01.ogg,303.45|323.15|75.06,7.5,15,1,
1120,4030,Amb_Fire_Large_01.ogg,302.52|297.69|74.46,7.5,15,1,
1121,4030,Amb_Fire_Large_01.ogg,303.74|261.89|74.73,7.5,15,1,
1122,4030,Amb_Fire_Bonfire_01.ogg,288.68|275.75|71.69,2,10,1,
1123,4030,Amb_Fire_Bonfire_01.ogg,288.53|266.50|71.61,2,10,1,
1124,4030,Amb_Fire_Large_01.ogg,274.11|279.02|72.62,7.5,15,1,
1125,4030,Amb_Fire_Large_01.ogg,274.13|262.80|72.62,7.5,15,1,
1126,4030,Amb_Fire_Large_01.ogg,257.10|278.44|72.62,7.5,15,1,
1127,4030,Amb_Fire_Large_01.ogg,257.59|263.12|72.62,7.5,15,1,
1128,4030,Amb_Fire_Large_01.ogg,240.62|262.98|72.62,7.5,15,1,
1129,4030,Amb_Fire_Large_01.ogg,240.51|278.84|72.62,7.5,15,1,
1130,4030,Amb_Fire_Large_01.ogg,223.70|278.13|72.42,7.5,15,1,
1131,4030,Amb_Fire_Large_01.ogg,223.65|264.03|72.42,7.5,15,1,
1132,4030,Amb_Fire_Large_01.ogg,203.53|293.25|70.43,7.5,15,1,
1133,4030,Amb_Fire_Large_01.ogg,182.97|292.99|70.54,7.5,15,1,
1134,4030,Amb_Fire_Large_01.ogg,204.15|328.13|83.88,7.5,15,1,
1135,4030,Amb_Fire_Large_01.ogg,183.13|327.75|84.18,7.5,15,1,
1136,4030,Amb_Fire_Large_01.ogg,157.81|366.19|82.52,2,10,1,
1137,4030,Amb_Fire_Large_01.ogg,185.11|366.14|82.52,2,10,1,
1138,4030,Amb_Fire_Large_01.ogg,204.47|385.30|82.52,2,10,1,
1139,4030,Amb_Fire_Large_01.ogg,217.69|388.53|86.35,7.5,15,1,
1140,4030,Amb_Fire_Large_01.ogg,217.78|409.19|86.59,7.5,15,1,
1141,4030,Amb_Fire_Large_01.ogg,204.49|412.13|82.52,2,10,1,
1142,4030,Amb_Fire_Large_01.ogg,184.78|430.87|82.52,2,10,1,
1143,4030,Amb_Fire_Large_01.ogg,158.10|431.22|82.52,2,10,1,
1144,4030,Amb_Fire_Large_01.ogg,139.21|412.18|82.52,2,10,1,
1145,4030,Amb_Fire_Large_01.ogg,122.48|409.56|86.12,7.5,15,1,
1146,4030,Amb_Fire_Large_01.ogg,122.63|388.87|86.72,7.5,15,1,
1147,4030,Amb_Fire_Large_01.ogg,138.73|385.08|82.52,2,10,1,
1148,4030,Amb_Fire_Large_01.ogg,100.09|369.60|86.51,7.5,15,1,
1149,4030,Amb_Fire_Large_01.ogg,79.10|369.75|86.00,7.5,15,1,
1150,4030,Amb_Fire_Large_01.ogg,78.81|333.24|99.83,7.5,15,1,
1151,4030,Amb_Fire_Large_01.ogg,99.72|333.82|100.18,7.5,15,1,
1152,4030,Amb_Fire_Large_01.ogg,98.92|321.50|99.45,7.5,15,1,
1153,4030,Amb_Fire_Large_01.ogg,77.99|321.84|100.53,7.5,15,1,
1154,4030,Amb_Fire_Large_01.ogg,76.67|305.19|100.08,7.5,15,1,
1155,4030,Amb_Fire_Large_01.ogg,98.84|305.90|100.39,7.5,15,1,
1156,4030,Amb_Fire_Large_01.ogg,115.45|308.86|93.63,2,10,1,
1157,4030,Amb_Fire_Large_01.ogg,114.87|320.29|95.04,2,10,1,
1158,4030,Amb_Fire_Large_01.ogg,136.54|325.31|98.40,7.5,15,1,
1159,4030,Amb_Fire_Large_01.ogg,137.52|303.64|97.66,7.5,15,1,
1160,4030,Amb_Fire_Large_01.ogg,98.32|290.37|100.19,7.5,15,1,
1161,4030,Amb_Fire_Large_01.ogg,77.10|290.45|100.00,7.5,15,1,
1162,4030,Amb_Fire_Large_01.ogg,76.51|275.93|99.43,7.5,15,1,
1163,4030,Amb_Fire_Large_01.ogg,98.30|276.01|99.70,7.5,15,1,
1164,4030,Amb_Fire_Large_01.ogg,76.64|259.68|100.89,7.5,15,1,
1165,4030,Amb_Fire_Large_01.ogg,98.06|259.82|100.68,7.5,15,1,
1166,4030,Amb_Fire_Large_01.ogg,76.64|224.26|114.71,7.5,15,1,
1167,4030,Amb_Fire_Large_01.ogg,98.43|225.46|115.97,7.5,15,1,
1168,4030,Amb_Fire_Large_01.ogg,54.99|225.45|114.56,7.5,15,1,
1169,4030,Amb_Fire_Large_01.ogg,120.39|225.34|114.82,7.5,15,1,
1170,4030,Amb_Fire_Large_01.ogg,108.93|163.68|112.92,2,10,1,
1171,4030,Amb_Fire_Large_01.ogg,63.83|164.28|111.26,2,10,1,
1172,4030,Amb_Fire_Large_01.ogg,102.75|135.22|114.57,20,50,1,
1173,4030,Amb_Fire_Large_01.ogg,70.38|135.06|114.57,20,60,1,
1174,4030,Amb_Fire_Large_01.ogg,69.80|102.24|114.57,2,10,1,
1175,4030,Amb_Fire_Large_01.ogg,101.88|102.45|114.57,2,10,1,
1176,4030,Amb_Fire_Bonfire_01.ogg,431.14|328.85|57.07,2,10,1,
1177,4030,Amb_Fire_Bonfire_01.ogg,426.17|320.90|57.07,2,10,1,
1178,4030,Amb_Fire_Bonfire_01.ogg,416.40|320.79|57.07,2,10,1,
1179,4030,Amb_Fire_Bonfire_01.ogg,412.03|329.34|57.07,2,10,1,
1180,4030,Amb_Fire_Bonfire_01.ogg,416.84|337.75|57.07,2,10,1,
1181,4030,Amb_Fire_Bonfire_01.ogg,426.78|337.64|57.07,2,10,1,
1182,4030,Amb_Fire_Large_01.ogg,338.32|409.11|70.08,7.5,15,1,
1183,4030,Amb_Fire_Large_01.ogg,338.14|388.11|70.39,7.5,15,1,
1184,4030,Amb_Fire_Large_01.ogg,306.86|409.10|82.93,7.5,15,1,
1185,4030,Amb_Fire_Large_01.ogg,306.85|388.42|82.83,7.5,15,1,
1186,2000,Amb_Fire_Large_01.ogg,1647.04|3923.50|150.69,2,10,1,
1187,2000,Amb_Fire_Large_01.ogg,1651.19|3932.56|150.77,2,10,1,
1188,2000,Amb_Fire_Bonfire_01.ogg,6388.37|7568.43|128.68,2,10,1,
1189,2000,Amb_Fire_Bonfire_01.ogg,6418.93|7569.07|128.62,2,10,1,
1190,2000,Amb_Obj_Large_machine_01.ogg,1185.51|5459.98|70.00,3.75,7.5,1,
1191,2000,Amb_Obj_Large_machine_01.ogg,1479.24|4414.72|76.91,4.5,9,1,
1192,2000,Amb_Fire_Bonfire_01.ogg,1804.08|4151.70|117.64,2,10,1,
1193,2000,Amb_Fire_Bonfire_01.ogg,1804.16|4143.84|117.71,2,10,1,
1194,2000,Amb_Fire_Bonfire_01.ogg,1823.69|4147.60|118.10,2,10,1,
1195,2000,Amb_Fire_Bonfire_01.ogg,1823.53|4155.07|118.11,2,10,1,
1196,2000,Amb_Fire_Bonfire_01.ogg,1819.38|4141.65|117.96,2,10,1,
1197,2000,Amb_Water_Cascade_01.ogg,1141.23|3902.19|135.90,15,30,1,
1198,2000,Amb_Water_Cascade_01.ogg,1139.62|3855.88|130.99,22.5,45,1,
1199,2000,Amb_Water_Cascade_01.ogg,1109.06|3802.93|127.96,30,60,1,
1200,2000,Amb_Water_Cascade_01.ogg,1118.36|3947.57|120.58,15,30,1,
1201,2000,Amb_Water_Cascade_01.ogg,1093.09|3686.85|129.78,22.5,45,1,
1202,2000,Amb_Water_Cascade_01.ogg,1095.32|3738.44|129.78,30,60,1,
1203,2000,Amb_Obj_Large_machine_01.ogg,1566.10|3909.15|150.04,3.75,7.5,1,
1204,2000,Amb_Fire_Large_01.ogg,1693.48|3449.33|161.88,2,10,1,
1205,2000,Amb_Fire_Large_01.ogg,1709.09|3421.19|156.62,2,10,1,
1206,2000,Amb_Fire_Large_01.ogg,1659.83|3434.06|156.37,2,10,1,
1207,2000,Amb_Fire_Large_01.ogg,1611.79|3454.37|158.49,2,10,1,
1208,2000,Amb_Fire_Large_01.ogg,1629.26|3458.94|164.32,2,10,1,
1209,2000,Amb_Fire_Large_01.ogg,1566.42|3420.71|151.32,2,10,1,
1210,2000,Amb_Fire_Large_01.ogg,1558.39|3438.17|159.36,2,10,1,
1211,2000,Amb_Obj_Large_machine_01.ogg,1799.19|3406.81|155.60,4.5,9,1,
1212,2000,Amb_Obj_Large_machine_01.ogg,7044.29|7869.70|95.05,5.25,10.5,1,
1213,2000,Amb_Fire_Bonfire_01.ogg,7199.20|8419.65|156.22,2,10,1,
1214,2000,Amb_Obj_Large_machine_01.ogg,7216.97|8390.33|156.65,4.5,9,1,
1215,2000,Amb_Fire_Bonfire_01.ogg,7204.74|8378.55|156.65,2,10,1,
1216,2000,Amb_Obj_Large_machine_01.ogg,7250.96|7516.50|70.15,4.5,9,1,
1217,2000,Amb_Fire_Bonfire_01.ogg,6239.11|7238.19|105.51,2,10,1,
1218,2000,Amb_Fire_Bonfire_01.ogg,6922.94|6896.41|98.17,2,10,1,
1219,2000,Amb_Obj_Large_machine_01.ogg,7265.72|6741.94|110.61,4.5,9,1,
1220,2000,Amb_Fire_Bonfire_01.ogg,6776.35|7597.29|143.91,2,10,1,
1221,2000,Amb_Fire_Bonfire_01.ogg,6774.28|7608.66|145.27,2,10,1,
1222,2000,Amb_Obj_Large_machine_01.ogg,6807.02|7588.73|143.02,4.5,9,1,
1223,2501,Amb_Obj_Large_machine_01.ogg,56.89|207.32|133.72,4.5,9,1,
1224,2501,Amb_Fire_Large_01.ogg,73.17|212.83|133.72,2,10,1,
1225,2501,Amb_Obj_Large_machine_01.ogg,168.92|398.36|139.85,4.5,9,1,
1226,2000,Amb_Fire_Large_01.ogg,1780.78|4753.37|69.42,2,10,1,
1227,1100,Amb_Fire_Bonfire_01.ogg,76.03|244.40|4.83,2,10,1,
1228,1100,Amb_Fire_Bonfire_01.ogg,71.66|235.45|5.21,2,10,1,
1229,1100,Amb_Fire_Bonfire_01.ogg,71.84|228.20|5.07,2,10,1,
1230,1100,Amb_Fire_Bonfire_01.ogg,69.91|220.62|4.51,2,10,1,
1231,1100,Amb_Fire_Bonfire_01.ogg,78.19|217.70|4.50,2,10,1,
1232,1100,Amb_Fire_Bonfire_01.ogg,75.12|224.86|4.62,2,10,1,
1233,1100,Amb_Fire_Bonfire_01.ogg,86.75|222.10|5.35,2,10,1,
1234,1100,Amb_Fire_Bonfire_01.ogg,89.95|228.78|6.30,2,10,1,
1235,1100,Amb_Fire_Bonfire_01.ogg,75.63|237.27|5.09,2,10,1,
1236,1100,Amb_Fire_Bonfire_01.ogg,72.12|244.34|4.95,2,10,1,
1237,1100,Amb_Fire_Bonfire_01.ogg,82.03|248.08|5.11,2,10,1,
1238,1100,Amb_Fire_Bonfire_01.ogg,93.42|237.14|6.85,2,10,1,
1239,1100,Amb_Fire_Bonfire_01.ogg,102.07|237.44|6.86,2,10,1,
1240,1100,Amb_Fire_Bonfire_01.ogg,116.03|225.90|7.75,2,10,1,
1241,1100,Amb_Fire_Bonfire_01.ogg,121.73|226.26|7.61,2,10,1,
1242,1100,Amb_Fire_Bonfire_01.ogg,133.49|236.24|8.61,2,10,1,
1243,1100,Amb_Fire_Bonfire_01.ogg,135.19|241.27|8.42,2,10,1,
1244,1100,Amb_Fire_Bonfire_01.ogg,83.96|290.61|3.68,2,10,1,
1245,1100,Amb_Fire_Bonfire_01.ogg,79.91|296.82|3.68,2,10,1,
1246,1100,Amb_Fire_Bonfire_01.ogg,88.18|296.11|3.68,2,10,1,
1247,1100,Amb_Fire_Bonfire_01.ogg,122.21|278.96|5.54,2,10,1,
1248,1100,Amb_Fire_Bonfire_01.ogg,121.86|272.93|5.44,2,10,1,
1249,1100,Amb_Fire_Bonfire_01.ogg,83.66|310.21|7.48,2,10,1,
1250,1100,Amb_Fire_Bonfire_01.ogg,78.03|317.96|7.85,2,10,1,
1251,1100,Amb_Fire_Bonfire_01.ogg,87.64|322.19|7.87,2,10,1,
1252,1100,Amb_Fire_Bonfire_01.ogg,81.76|322.17|7.88,2,10,1,
1253,1100,Amb_Fire_Bonfire_01.ogg,119.72|323.50|8.76,2,10,1,
1254,1100,Amb_Fire_Bonfire_01.ogg,113.48|324.20|8.82,2,10,1,
1255,1100,Amb_Fire_Bonfire_01.ogg,384.81|293.70|6.60,2,10,1,
1256,1100,Amb_Fire_Bonfire_01.ogg,382.58|287.62|6.36,2,10,1,
1257,1100,Amb_Fire_Bonfire_01.ogg,393.51|298.01|6.03,2,10,1,
1258,1100,Amb_Fire_Bonfire_01.ogg,394.64|308.76|5.77,2,10,1,
1259,1100,Amb_Fire_Bonfire_01.ogg,399.57|312.93|5.58,2,10,1,
1260,1100,Amb_Fire_Bonfire_01.ogg,419.51|290.08|3.11,2,10,1,
1261,1100,Amb_Fire_Bonfire_01.ogg,415.47|293.77|3.11,2,10,1,
1262,1100,Amb_Fire_Bonfire_01.ogg,395.33|258.58|4.45,2,10,1,
1263,1100,Amb_Fire_Bonfire_01.ogg,396.07|253.06|4.35,2,10,1,
1264,1100,Amb_Fire_Bonfire_01.ogg,403.81|234.39|4.62,2,10,1,
1265,1100,Amb_Fire_Bonfire_01.ogg,411.25|231.80|5.19,2,10,1,
1266,1100,Amb_Fire_Bonfire_01.ogg,426.63|242.11|3.92,2,10,1,
1267,1100,Amb_Fire_Bonfire_01.ogg,444.37|247.09|2.39,2,10,1,
1268,1100,Amb_Fire_Bonfire_01.ogg,444.71|251.89|2.19,2,10,1,
1269,1100,Amb_Fire_Bonfire_01.ogg,404.77|196.25|10.42,2,10,1,
1270,1100,Amb_Fire_Bonfire_01.ogg,452.75|214.14|8.18,2,10,1,
1271,1100,Amb_Fire_Bonfire_01.ogg,451.92|208.78|8.12,2,10,1,
1272,1100,Amb_Fire_Bonfire_01.ogg,447.39|313.96|5.08,2,10,1,
1273,1100,Amb_Fire_Bonfire_01.ogg,441.97|312.57|4.94,2,10,1,
1274,1101,Amb_Fire_Bonfire_01.ogg,76.03|244.40|4.83,2,10,1,
1275,1101,Amb_Fire_Bonfire_01.ogg,71.66|235.45|5.21,2,10,1,
1276,1101,Amb_Fire_Bonfire_01.ogg,71.84|228.20|5.07,2,10,1,
1277,1101,Amb_Fire_Bonfire_01.ogg,69.91|220.62|4.51,2,10,1,
1278,1101,Amb_Fire_Bonfire_01.ogg,78.19|217.70|4.50,2,10,1,
1279,1101,Amb_Fire_Bonfire_01.ogg,75.12|224.86|4.62,2,10,1,
1280,1101,Amb_Fire_Bonfire_01.ogg,86.75|222.10|5.35,2,10,1,
1281,1101,Amb_Fire_Bonfire_01.ogg,89.95|228.78|6.30,2,10,1,
1282,1101,Amb_Fire_Bonfire_01.ogg,75.63|237.27|5.09,2,10,1,
1283,1101,Amb_Fire_Bonfire_01.ogg,72.12|244.34|4.95,2,10,1,
1284,1101,Amb_Fire_Bonfire_01.ogg,82.03|248.08|5.11,2,10,1,
1285,1101,Amb_Fire_Bonfire_01.ogg,93.42|237.14|6.85,2,10,1,
1286,1101,Amb_Fire_Bonfire_01.ogg,102.07|237.44|6.86,2,10,1,
1287,1101,Amb_Fire_Bonfire_01.ogg,116.03|225.90|7.75,2,10,1,
1288,1101,Amb_Fire_Bonfire_01.ogg,121.73|226.26|7.61,2,10,1,
1289,1101,Amb_Fire_Bonfire_01.ogg,133.49|236.24|8.61,2,10,1,
1290,1101,Amb_Fire_Bonfire_01.ogg,135.19|241.27|8.42,2,10,1,
1291,1101,Amb_Fire_Bonfire_01.ogg,83.96|290.61|3.68,2,10,1,
1292,1101,Amb_Fire_Bonfire_01.ogg,79.91|296.82|3.68,2,10,1,
1293,1101,Amb_Fire_Bonfire_01.ogg,88.18|296.11|3.68,2,10,1,
1294,1101,Amb_Fire_Bonfire_01.ogg,122.21|278.96|5.54,2,10,1,
1295,1101,Amb_Fire_Bonfire_01.ogg,121.86|272.93|5.44,2,10,1,
1296,1101,Amb_Fire_Bonfire_01.ogg,83.66|310.21|7.48,2,10,1,
1297,1101,Amb_Fire_Bonfire_01.ogg,78.03|317.96|7.85,2,10,1,
1298,1101,Amb_Fire_Bonfire_01.ogg,87.64|322.19|7.87,2,10,1,
1299,1101,Amb_Fire_Bonfire_01.ogg,81.76|322.17|7.88,2,10,1,
1300,1101,Amb_Fire_Bonfire_01.ogg,119.72|323.50|8.76,2,10,1,
1301,1101,Amb_Fire_Bonfire_01.ogg,113.48|324.20|8.82,2,10,1,
1302,1101,Amb_Fire_Bonfire_01.ogg,384.81|293.70|6.60,2,10,1,
1303,1101,Amb_Fire_Bonfire_01.ogg,382.58|287.62|6.36,2,10,1,
1304,1101,Amb_Fire_Bonfire_01.ogg,393.51|298.01|6.03,2,10,1,
1305,1101,Amb_Fire_Bonfire_01.ogg,394.64|308.76|5.77,2,10,1,
1306,1101,Amb_Fire_Bonfire_01.ogg,399.57|312.93|5.58,2,10,1,
1307,1101,Amb_Fire_Bonfire_01.ogg,419.51|290.08|3.11,2,10,1,
1308,1101,Amb_Fire_Bonfire_01.ogg,415.47|293.77|3.11,2,10,1,
1309,1101,Amb_Fire_Bonfire_01.ogg,395.33|258.58|4.45,2,10,1,
1310,1101,Amb_Fire_Bonfire_01.ogg,396.07|253.06|4.35,2,10,1,
1311,1101,Amb_Fire_Bonfire_01.ogg,403.81|234.39|4.62,2,10,1,
1312,1101,Amb_Fire_Bonfire_01.ogg,411.25|231.80|5.19,2,10,1,
1313,1101,Amb_Fire_Bonfire_01.ogg,426.63|242.11|3.92,2,10,1,
1314,1101,Amb_Fire_Bonfire_01.ogg,444.37|247.09|2.39,2,10,1,
1315,1101,Amb_Fire_Bonfire_01.ogg,444.71|251.89|2.19,2,10,1,
1316,1101,Amb_Fire_Bonfire_01.ogg,404.77|196.25|10.42,2,10,1,
1317,1101,Amb_Fire_Bonfire_01.ogg,452.75|214.14|8.18,2,10,1,
1318,1101,Amb_Fire_Bonfire_01.ogg,451.92|208.78|8.12,2,10,1,
1319,1101,Amb_Fire_Bonfire_01.ogg,447.39|313.96|5.08,2,10,1,
1320,1101,Amb_Fire_Bonfire_01.ogg,441.97|312.57|4.94,2,10,1,
1321,1102,Amb_Fire_Bonfire_01.ogg,76.03|244.40|4.83,2,10,1,
1322,1102,Amb_Fire_Bonfire_01.ogg,71.66|235.45|5.21,2,10,1,
1323,1102,Amb_Fire_Bonfire_01.ogg,71.84|228.20|5.07,2,10,1,
1324,1102,Amb_Fire_Bonfire_01.ogg,69.91|220.62|4.51,2,10,1,
1325,1102,Amb_Fire_Bonfire_01.ogg,78.19|217.70|4.50,2,10,1,
1326,1102,Amb_Fire_Bonfire_01.ogg,75.12|224.86|4.62,2,10,1,
1327,1102,Amb_Fire_Bonfire_01.ogg,86.75|222.10|5.35,2,10,1,
1328,1102,Amb_Fire_Bonfire_01.ogg,89.95|228.78|6.30,2,10,1,
1329,1102,Amb_Fire_Bonfire_01.ogg,75.63|237.27|5.09,2,10,1,
1330,1102,Amb_Fire_Bonfire_01.ogg,72.12|244.34|4.95,2,10,1,
1331,1102,Amb_Fire_Bonfire_01.ogg,82.03|248.08|5.11,2,10,1,
1332,1102,Amb_Fire_Bonfire_01.ogg,93.42|237.14|6.85,2,10,1,
1333,1102,Amb_Fire_Bonfire_01.ogg,102.07|237.44|6.86,2,10,1,
1334,1102,Amb_Fire_Bonfire_01.ogg,116.03|225.90|7.75,2,10,1,
1335,1102,Amb_Fire_Bonfire_01.ogg,121.73|226.26|7.61,2,10,1,
1336,1102,Amb_Fire_Bonfire_01.ogg,133.49|236.24|8.61,2,10,1,
1337,1102,Amb_Fire_Bonfire_01.ogg,135.19|241.27|8.42,2,10,1,
1338,1102,Amb_Fire_Bonfire_01.ogg,83.96|290.61|3.68,2,10,1,
1339,1102,Amb_Fire_Bonfire_01.ogg,79.91|296.82|3.68,2,10,1,
1340,1102,Amb_Fire_Bonfire_01.ogg,88.18|296.11|3.68,2,10,1,
1341,1102,Amb_Fire_Bonfire_01.ogg,122.21|278.96|5.54,2,10,1,
1342,1102,Amb_Fire_Bonfire_01.ogg,121.86|272.93|5.44,2,10,1,
1343,1102,Amb_Fire_Bonfire_01.ogg,83.66|310.21|7.48,2,10,1,
1344,1102,Amb_Fire_Bonfire_01.ogg,78.03|317.96|7.85,2,10,1,
1345,1102,Amb_Fire_Bonfire_01.ogg,87.64|322.19|7.87,2,10,1,
1346,1102,Amb_Fire_Bonfire_01.ogg,81.76|322.17|7.88,2,10,1,
1347,1102,Amb_Fire_Bonfire_01.ogg,119.72|323.50|8.76,2,10,1,
1348,1102,Amb_Fire_Bonfire_01.ogg,113.48|324.20|8.82,2,10,1,
1349,1102,Amb_Fire_Bonfire_01.ogg,384.81|293.70|6.60,2,10,1,
1350,1102,Amb_Fire_Bonfire_01.ogg,382.58|287.62|6.36,2,10,1,
1351,1102,Amb_Fire_Bonfire_01.ogg,393.51|298.01|6.03,2,10,1,
1352,1102,Amb_Fire_Bonfire_01.ogg,394.64|308.76|5.77,2,10,1,
1353,1102,Amb_Fire_Bonfire_01.ogg,399.57|312.93|5.58,2,10,1,
1354,1102,Amb_Fire_Bonfire_01.ogg,419.51|290.08|3.11,2,10,1,
1355,1102,Amb_Fire_Bonfire_01.ogg,415.47|293.77|3.11,2,10,1,
1356,1102,Amb_Fire_Bonfire_01.ogg,395.33|258.58|4.45,2,10,1,
1357,1102,Amb_Fire_Bonfire_01.ogg,396.07|253.06|4.35,2,10,1,
1358,1102,Amb_Fire_Bonfire_01.ogg,403.81|234.39|4.62,2,10,1,
1359,1102,Amb_Fire_Bonfire_01.ogg,411.25|231.80|5.19,2,10,1,
1360,1102,Amb_Fire_Bonfire_01.ogg,426.63|242.11|3.92,2,10,1,
1361,1102,Amb_Fire_Bonfire_01.ogg,444.37|247.09|2.39,2,10,1,
1362,1102,Amb_Fire_Bonfire_01.ogg,444.71|251.89|2.19,2,10,1,
1363,1102,Amb_Fire_Bonfire_01.ogg,404.77|196.25|10.42,2,10,1,
1364,1102,Amb_Fire_Bonfire_01.ogg,452.75|214.14|8.18,2,10,1,
1365,1102,Amb_Fire_Bonfire_01.ogg,451.92|208.78|8.12,2,10,1,
1366,1102,Amb_Fire_Bonfire_01.ogg,447.39|313.96|5.08,2,10,1,
1367,1102,Amb_Fire_Bonfire_01.ogg,441.97|312.57|4.94,2,10,1,
1368,1103,Amb_Fire_Bonfire_01.ogg,76.03|244.40|4.83,2,10,1,
1369,1103,Amb_Fire_Bonfire_01.ogg,71.66|235.45|5.21,2,10,1,
1370,1103,Amb_Fire_Bonfire_01.ogg,71.84|228.20|5.07,2,10,1,
1371,1103,Amb_Fire_Bonfire_01.ogg,69.91|220.62|4.51,2,10,1,
1372,1103,Amb_Fire_Bonfire_01.ogg,78.19|217.70|4.50,2,10,1,
1373,1103,Amb_Fire_Bonfire_01.ogg,75.12|224.86|4.62,2,10,1,
1374,1103,Amb_Fire_Bonfire_01.ogg,86.75|222.10|5.35,2,10,1,
1375,1103,Amb_Fire_Bonfire_01.ogg,89.95|228.78|6.30,2,10,1,
1376,1103,Amb_Fire_Bonfire_01.ogg,75.63|237.27|5.09,2,10,1,
1377,1103,Amb_Fire_Bonfire_01.ogg,72.12|244.34|4.95,2,10,1,
1378,1103,Amb_Fire_Bonfire_01.ogg,82.03|248.08|5.11,2,10,1,
1379,1103,Amb_Fire_Bonfire_01.ogg,93.42|237.14|6.85,2,10,1,
1380,1103,Amb_Fire_Bonfire_01.ogg,102.07|237.44|6.86,2,10,1,
1381,1103,Amb_Fire_Bonfire_01.ogg,116.03|225.90|7.75,2,10,1,
1382,1103,Amb_Fire_Bonfire_01.ogg,121.73|226.26|7.61,2,10,1,
1383,1103,Amb_Fire_Bonfire_01.ogg,133.49|236.24|8.61,2,10,1,
1384,1103,Amb_Fire_Bonfire_01.ogg,135.19|241.27|8.42,2,10,1,
1385,1103,Amb_Fire_Bonfire_01.ogg,83.96|290.61|3.68,2,10,1,
1386,1103,Amb_Fire_Bonfire_01.ogg,79.91|296.82|3.68,2,10,1,
1387,1103,Amb_Fire_Bonfire_01.ogg,88.18|296.11|3.68,2,10,1,
1388,1103,Amb_Fire_Bonfire_01.ogg,122.21|278.96|5.54,2,10,1,
1389,1103,Amb_Fire_Bonfire_01.ogg,121.86|272.93|5.44,2,10,1,
1390,1103,Amb_Fire_Bonfire_01.ogg,83.66|310.21|7.48,2,10,1,
1391,1103,Amb_Fire_Bonfire_01.ogg,78.03|317.96|7.85,2,10,1,
1392,1103,Amb_Fire_Bonfire_01.ogg,87.64|322.19|7.87,2,10,1,
1393,1103,Amb_Fire_Bonfire_01.ogg,81.76|322.17|7.88,2,10,1,
1394,1103,Amb_Fire_Bonfire_01.ogg,119.72|323.50|8.76,2,10,1,
1395,1103,Amb_Fire_Bonfire_01.ogg,113.48|324.20|8.82,2,10,1,
1396,1103,Amb_Fire_Bonfire_01.ogg,384.81|293.70|6.60,2,10,1,
1397,1103,Amb_Fire_Bonfire_01.ogg,382.58|287.62|6.36,2,10,1,
1398,1103,Amb_Fire_Bonfire_01.ogg,393.51|298.01|6.03,2,10,1,
1399,1103,Amb_Fire_Bonfire_01.ogg,394.64|308.76|5.77,2,10,1,
1400,1103,Amb_Fire_Bonfire_01.ogg,399.57|312.93|5.58,2,10,1,
1401,1103,Amb_Fire_Bonfire_01.ogg,419.51|290.08|3.11,2,10,1,
1402,1103,Amb_Fire_Bonfire_01.ogg,415.47|293.77|3.11,2,10,1,
1403,1103,Amb_Fire_Bonfire_01.ogg,395.33|258.58|4.45,2,10,1,
1404,1103,Amb_Fire_Bonfire_01.ogg,396.07|253.06|4.35,2,10,1,
1405,1103,Amb_Fire_Bonfire_01.ogg,403.81|234.39|4.62,2,10,1,
1406,1103,Amb_Fire_Bonfire_01.ogg,411.25|231.80|5.19,2,10,1,
1407,1103,Amb_Fire_Bonfire_01.ogg,426.63|242.11|3.92,2,10,1,
1408,1103,Amb_Fire_Bonfire_01.ogg,444.37|247.09|2.39,2,10,1,
1409,1103,Amb_Fire_Bonfire_01.ogg,444.71|251.89|2.19,2,10,1,
1410,1103,Amb_Fire_Bonfire_01.ogg,404.77|196.25|10.42,2,10,1,
1411,1103,Amb_Fire_Bonfire_01.ogg,452.75|214.14|8.18,2,10,1,
1412,1103,Amb_Fire_Bonfire_01.ogg,451.92|208.78|8.12,2,10,1,
1413,1103,Amb_Fire_Bonfire_01.ogg,447.39|313.96|5.08,2,10,1,
1414,1103,Amb_Fire_Bonfire_01.ogg,441.97|312.57|4.94,2,10,1,
1415,1104,Amb_Fire_Bonfire_01.ogg,76.03|244.40|4.83,2,10,1,
1416,1104,Amb_Fire_Bonfire_01.ogg,71.66|235.45|5.21,2,10,1,
1417,1104,Amb_Fire_Bonfire_01.ogg,71.84|228.20|5.07,2,10,1,
1418,1104,Amb_Fire_Bonfire_01.ogg,69.91|220.62|4.51,2,10,1,
1419,1104,Amb_Fire_Bonfire_01.ogg,78.19|217.70|4.50,2,10,1,
1420,1104,Amb_Fire_Bonfire_01.ogg,75.12|224.86|4.62,2,10,1,
1421,1104,Amb_Fire_Bonfire_01.ogg,86.75|222.10|5.35,2,10,1,
1422,1104,Amb_Fire_Bonfire_01.ogg,89.95|228.78|6.30,2,10,1,
1423,1104,Amb_Fire_Bonfire_01.ogg,75.63|237.27|5.09,2,10,1,
1424,1104,Amb_Fire_Bonfire_01.ogg,72.12|244.34|4.95,2,10,1,
1425,1104,Amb_Fire_Bonfire_01.ogg,82.03|248.08|5.11,2,10,1,
1426,1104,Amb_Fire_Bonfire_01.ogg,93.42|237.14|6.85,2,10,1,
1427,1104,Amb_Fire_Bonfire_01.ogg,102.07|237.44|6.86,2,10,1,
1428,1104,Amb_Fire_Bonfire_01.ogg,116.03|225.90|7.75,2,10,1,
1429,1104,Amb_Fire_Bonfire_01.ogg,121.73|226.26|7.61,2,10,1,
1430,1104,Amb_Fire_Bonfire_01.ogg,133.49|236.24|8.61,2,10,1,
1431,1104,Amb_Fire_Bonfire_01.ogg,135.19|241.27|8.42,2,10,1,
1432,1104,Amb_Fire_Bonfire_01.ogg,83.96|290.61|3.68,2,10,1,
1433,1104,Amb_Fire_Bonfire_01.ogg,79.91|296.82|3.68,2,10,1,
1434,1104,Amb_Fire_Bonfire_01.ogg,88.18|296.11|3.68,2,10,1,
1435,1104,Amb_Fire_Bonfire_01.ogg,122.21|278.96|5.54,2,10,1,
1436,1104,Amb_Fire_Bonfire_01.ogg,121.86|272.93|5.44,2,10,1,
1437,1104,Amb_Fire_Bonfire_01.ogg,83.66|310.21|7.48,2,10,1,
1438,1104,Amb_Fire_Bonfire_01.ogg,78.03|317.96|7.85,2,10,1,
1439,1104,Amb_Fire_Bonfire_01.ogg,87.64|322.19|7.87,2,10,1,
1440,1104,Amb_Fire_Bonfire_01.ogg,81.76|322.17|7.88,2,10,1,
1441,1104,Amb_Fire_Bonfire_01.ogg,119.72|323.50|8.76,2,10,1,
1442,1104,Amb_Fire_Bonfire_01.ogg,113.48|324.20|8.82,2,10,1,
1443,1104,Amb_Fire_Bonfire_01.ogg,384.81|293.70|6.60,2,10,1,
1444,1104,Amb_Fire_Bonfire_01.ogg,382.58|287.62|6.36,2,10,1,
1445,1104,Amb_Fire_Bonfire_01.ogg,393.51|298.01|6.03,2,10,1,
1446,1104,Amb_Fire_Bonfire_01.ogg,394.64|308.76|5.77,2,10,1,
1447,1104,Amb_Fire_Bonfire_01.ogg,399.57|312.93|5.58,2,10,1,
1448,1104,Amb_Fire_Bonfire_01.ogg,419.51|290.08|3.11,2,10,1,
1449,1104,Amb_Fire_Bonfire_01.ogg,415.47|293.77|3.11,2,10,1,
1450,1104,Amb_Fire_Bonfire_01.ogg,395.33|258.58|4.45,2,10,1,
1451,1104,Amb_Fire_Bonfire_01.ogg,396.07|253.06|4.35,2,10,1,
1452,1104,Amb_Fire_Bonfire_01.ogg,403.81|234.39|4.62,2,10,1,
1453,1104,Amb_Fire_Bonfire_01.ogg,411.25|231.80|5.19,2,10,1,
1454,1104,Amb_Fire_Bonfire_01.ogg,426.63|242.11|3.92,2,10,1,
1455,1104,Amb_Fire_Bonfire_01.ogg,444.37|247.09|2.39,2,10,1,
1456,1104,Amb_Fire_Bonfire_01.ogg,444.71|251.89|2.19,2,10,1,
1457,1104,Amb_Fire_Bonfire_01.ogg,404.77|196.25|10.42,2,10,1,
1458,1104,Amb_Fire_Bonfire_01.ogg,452.75|214.14|8.18,2,10,1,
1459,1104,Amb_Fire_Bonfire_01.ogg,451.92|208.78|8.12,2,10,1,
1460,1104,Amb_Fire_Bonfire_01.ogg,447.39|313.96|5.08,2,10,1,
1461,1104,Amb_Fire_Bonfire_01.ogg,441.97|312.57|4.94,2,10,1,
1462,1105,Amb_Fire_Bonfire_01.ogg,76.03|244.40|4.83,2,10,1,
1463,1105,Amb_Fire_Bonfire_01.ogg,71.66|235.45|5.21,2,10,1,
1464,1105,Amb_Fire_Bonfire_01.ogg,71.84|228.20|5.07,2,10,1,
1465,1105,Amb_Fire_Bonfire_01.ogg,69.91|220.62|4.51,2,10,1,
1466,1105,Amb_Fire_Bonfire_01.ogg,78.19|217.70|4.50,2,10,1,
1467,1105,Amb_Fire_Bonfire_01.ogg,75.12|224.86|4.62,2,10,1,
1468,1105,Amb_Fire_Bonfire_01.ogg,86.75|222.10|5.35,2,10,1,
1469,1105,Amb_Fire_Bonfire_01.ogg,89.95|228.78|6.30,2,10,1,
1470,1105,Amb_Fire_Bonfire_01.ogg,75.63|237.27|5.09,2,10,1,
1471,1105,Amb_Fire_Bonfire_01.ogg,72.12|244.34|4.95,2,10,1,
1472,1105,Amb_Fire_Bonfire_01.ogg,82.03|248.08|5.11,2,10,1,
1473,1105,Amb_Fire_Bonfire_01.ogg,93.42|237.14|6.85,2,10,1,
1474,1105,Amb_Fire_Bonfire_01.ogg,102.07|237.44|6.86,2,10,1,
1475,1105,Amb_Fire_Bonfire_01.ogg,116.03|225.90|7.75,2,10,1,
1476,1105,Amb_Fire_Bonfire_01.ogg,121.73|226.26|7.61,2,10,1,
1477,1105,Amb_Fire_Bonfire_01.ogg,133.49|236.24|8.61,2,10,1,
1478,1105,Amb_Fire_Bonfire_01.ogg,135.19|241.27|8.42,2,10,1,
1479,1105,Amb_Fire_Bonfire_01.ogg,83.96|290.61|3.68,2,10,1,
1480,1105,Amb_Fire_Bonfire_01.ogg,79.91|296.82|3.68,2,10,1,
1481,1105,Amb_Fire_Bonfire_01.ogg,88.18|296.11|3.68,2,10,1,
1482,1105,Amb_Fire_Bonfire_01.ogg,122.21|278.96|5.54,2,10,1,
1483,1105,Amb_Fire_Bonfire_01.ogg,121.86|272.93|5.44,2,10,1,
1484,1105,Amb_Fire_Bonfire_01.ogg,83.66|310.21|7.48,2,10,1,
1485,1105,Amb_Fire_Bonfire_01.ogg,78.03|317.96|7.85,2,10,1,
1486,1105,Amb_Fire_Bonfire_01.ogg,87.64|322.19|7.87,2,10,1,
1487,1105,Amb_Fire_Bonfire_01.ogg,81.76|322.17|7.88,2,10,1,
1488,1105,Amb_Fire_Bonfire_01.ogg,119.72|323.50|8.76,2,10,1,
1489,1105,Amb_Fire_Bonfire_01.ogg,113.48|324.20|8.82,2,10,1,
1490,1105,Amb_Fire_Bonfire_01.ogg,384.81|293.70|6.60,2,10,1,
1491,1105,Amb_Fire_Bonfire_01.ogg,382.58|287.62|6.36,2,10,1,
1492,1105,Amb_Fire_Bonfire_01.ogg,393.51|298.01|6.03,2,10,1,
1493,1105,Amb_Fire_Bonfire_01.ogg,394.64|308.76|5.77,2,10,1,
1494,1105,Amb_Fire_Bonfire_01.ogg,399.57|312.93|5.58,2,10,1,
1495,1105,Amb_Fire_Bonfire_01.ogg,419.51|290.08|3.11,2,10,1,
1496,1105,Amb_Fire_Bonfire_01.ogg,415.47|293.77|3.11,2,10,1,
1497,1105,Amb_Fire_Bonfire_01.ogg,395.33|258.58|4.45,2,10,1,
1498,1105,Amb_Fire_Bonfire_01.ogg,396.07|253.06|4.35,2,10,1,
1499,1105,Amb_Fire_Bonfire_01.ogg,403.81|234.39|4.62,2,10,1,
1500,1105,Amb_Fire_Bonfire_01.ogg,411.25|231.80|5.19,2,10,1,
1501,1105,Amb_Fire_Bonfire_01.ogg,426.63|242.11|3.92,2,10,1,
1502,1105,Amb_Fire_Bonfire_01.ogg,444.37|247.09|2.39,2,10,1,
1503,1105,Amb_Fire_Bonfire_01.ogg,444.71|251.89|2.19,2,10,1,
1504,1105,Amb_Fire_Bonfire_01.ogg,404.77|196.25|10.42,2,10,1,
1505,1105,Amb_Fire_Bonfire_01.ogg,452.75|214.14|8.18,2,10,1,
1506,1105,Amb_Fire_Bonfire_01.ogg,451.92|208.78|8.12,2,10,1,
1507,1105,Amb_Fire_Bonfire_01.ogg,447.39|313.96|5.08,2,10,1,
1508,1105,Amb_Fire_Bonfire_01.ogg,441.97|312.57|4.94,2,10,1,
1509,1007,Amb_Fire_Bonfire_01.ogg,270.30|62.22|42.80,2,10,1,
1510,1007,Amb_Fire_Bonfire_01.ogg,284.28|62.50|42.69,2,10,1,
1511,1007,Amb_Fire_Bonfire_01.ogg,394.05|110.00|46.14,2,10,1,
1512,1007,Amb_Fire_Bonfire_01.ogg,399.62|119.10|46.13,2,10,1,
1513,1007,Amb_Fire_Bonfire_01.ogg,440.58|264.29|37.10,2,10,1,
1514,1007,Amb_Fire_Bonfire_01.ogg,452.08|271.10|37.27,2,10,1,
1515,1007,Amb_Fire_Bonfire_01.ogg,436.66|247.81|37.58,2,10,1,
1516,1007,Amb_Fire_Bonfire_01.ogg,446.95|239.63|38.05,2,10,1,
1517,1007,Amb_Fire_Bonfire_01.ogg,228.15|449.51|43.35,2,10,1,
1518,1007,Amb_Fire_Bonfire_01.ogg,241.67|448.57|43.35,2,10,1,
1519,1007,Amb_Fire_Bonfire_01.ogg,113.24|396.56|45.57,2,10,1,
1520,1007,Amb_Fire_Bonfire_01.ogg,118.03|402.70|45.36,2,10,1,
1521,1007,Amb_Fire_Bonfire_01.ogg,63.76|278.71|39.62,2,10,1,
1522,1007,Amb_Fire_Bonfire_01.ogg,74.47|268.11|39.09,2,10,1,
1523,1007,Amb_Fire_Bonfire_01.ogg,71.91|243.90|37.48,2,10,1,
1524,1007,Amb_Fire_Bonfire_01.ogg,62.47|238.14|37.24,2,10,1,
1525,1008,Amb_Fire_Bonfire_01.ogg,256.58|55.64|22.14,2,10,1,
1526,1008,Amb_Fire_Bonfire_01.ogg,247.92|55.18|22.24,2,10,1,
1527,1008,Amb_Fire_Bonfire_01.ogg,275.55|40.18|22.73,2,10,1,
1528,1008,Amb_Fire_Bonfire_01.ogg,275.13|32.70|22.73,2,10,1,
1529,1008,Amb_Fire_Bonfire_01.ogg,243.12|35.83|22.73,2,10,1,
1530,1008,Amb_Fire_Bonfire_01.ogg,229.53|34.79|22.74,2,10,1,
1531,1008,Amb_Fire_Bonfire_01.ogg,229.43|43.48|22.73,2,10,1,
1532,1008,Amb_Fire_Bonfire_01.ogg,372.83|109.85|8.29,2,10,1,
1533,1008,Amb_Fire_Bonfire_01.ogg,379.80|110.55|8.28,2,10,1,
1534,1008,Amb_Fire_Bonfire_01.ogg,383.64|94.54|8.28,2,10,1,
1535,1008,Amb_Fire_Bonfire_01.ogg,135.84|103.14|8.28,2,10,1,
1536,1008,Amb_Fire_Bonfire_01.ogg,128.23|103.22|8.11,2,10,1,
1537,1008,Amb_Fire_Bonfire_01.ogg,127.85|402.64|8.37,2,10,1,
1538,1008,Amb_Fire_Bonfire_01.ogg,135.09|401.95|8.37,2,10,1,
1539,1008,Amb_Fire_Bonfire_01.ogg,231.19|479.36|22.95,2,10,1,
1540,1008,Amb_Fire_Bonfire_01.ogg,229.34|469.35|22.93,2,10,1,
1541,1008,Amb_Fire_Bonfire_01.ogg,251.12|456.04|22.93,2,10,1,
1542,1008,Amb_Fire_Bonfire_01.ogg,258.15|455.82|22.93,2,10,1,
1543,1008,Amb_Fire_Bonfire_01.ogg,277.32|476.48|22.93,2,10,1,
1544,1008,Amb_Fire_Bonfire_01.ogg,277.68|467.00|22.93,2,10,1,
1545,1008,Amb_Fire_Bonfire_01.ogg,384.76|401.92|8.32,2,10,1,
1546,1008,Amb_Fire_Bonfire_01.ogg,392.07|402.41|8.32,2,10,1,
1547,1005,Amb_Fire_Bonfire_01.ogg,248.23|394.22|206.90,2,10,1,
1548,1005,Amb_Fire_Bonfire_01.ogg,265.58|394.32|206.87,2,10,1,
1549,1005,Amb_Fire_Bonfire_01.ogg,251.60|415.21|210.96,2,10,1,
1550,1005,Amb_Fire_Bonfire_01.ogg,261.67|414.93|210.96,2,10,1,
1551,1005,Amb_Fire_Bonfire_01.ogg,464.32|225.76|178.03,2,10,1,
1552,1005,Amb_Fire_Bonfire_01.ogg,464.53|246.32|178.06,2,10,1,
1553,1005,Amb_Fire_Bonfire_01.ogg,44.62|225.76|177.37,2,10,1,
1554,1005,Amb_Fire_Bonfire_01.ogg,44.82|246.10|177.34,2,10,1,
1555,1005,Amb_Fire_Bonfire_01.ogg,264.63|47.64|178.19,2,10,1,
1556,1005,Amb_Fire_Bonfire_01.ogg,247.94|47.38|178.23,2,10,1,
1557,1005,Amb_Water_Cascade_01.ogg,224.16|343.93|194.43,8,16,1,
1558,1005,Amb_Water_Cascade_01.ogg,288.64|343.66|194.98,8,16,1,
1559,1005,Amb_Fire_Bonfire_01.ogg,226.53|415.05|211.55,2,10,1,
1560,1005,Amb_Fire_Bonfire_01.ogg,287.60|414.92|211.55,2,10,1,
1561,1130,Amb_Fire_Bonfire_01.ogg,249.69|199.24|-3.79,2,10,1,
1562,1130,Amb_Fire_Bonfire_01.ogg,262.70|199.53|-3.81,2,10,1,
1563,1130,Amb_Fire_Bonfire_01.ogg,311.97|215.24|-3.86,2,10,1,
1564,1130,Amb_Fire_Bonfire_01.ogg,316.82|222.94|-3.79,2,10,1,
1565,1130,Amb_Fire_Bonfire_01.ogg,310.77|299.29|-3.86,2,10,1,
1566,1130,Amb_Fire_Bonfire_01.ogg,316.03|291.00|-3.86,2,10,1,
1567,1130,Amb_Fire_Bonfire_01.ogg,262.19|312.47|-3.85,2,10,1,
1568,1130,Amb_Fire_Bonfire_01.ogg,249.69|312.54|-3.78,2,10,1,
1569,1130,Amb_Fire_Bonfire_01.ogg,200.60|297.51|-3.74,2,10,1,
1570,1130,Amb_Fire_Bonfire_01.ogg,195.68|290.09|-3.82,2,10,1,
1571,1130,Amb_Fire_Bonfire_01.ogg,195.96|220.27|-3.86,2,10,1,
1572,1130,Amb_Fire_Bonfire_01.ogg,200.91|212.60|-3.85,2,10,1,
1573,1131,Amb_Fire_Bonfire_01.ogg,249.69|199.24|-3.79,2,10,1,
1574,1131,Amb_Fire_Bonfire_01.ogg,262.70|199.53|-3.81,2,10,1,
1575,1131,Amb_Fire_Bonfire_01.ogg,311.97|215.24|-3.86,2,10,1,
1576,1131,Amb_Fire_Bonfire_01.ogg,316.82|222.94|-3.79,2,10,1,
1577,1131,Amb_Fire_Bonfire_01.ogg,310.77|299.29|-3.86,2,10,1,
1578,1131,Amb_Fire_Bonfire_01.ogg,316.03|291.00|-3.86,2,10,1,
1579,1131,Amb_Fire_Bonfire_01.ogg,262.19|312.47|-3.85,2,10,1,
1580,1131,Amb_Fire_Bonfire_01.ogg,249.69|312.54|-3.78,2,10,1,
1581,1131,Amb_Fire_Bonfire_01.ogg,200.60|297.51|-3.74,2,10,1,
1582,1131,Amb_Fire_Bonfire_01.ogg,195.68|290.09|-3.82,2,10,1,
1583,1131,Amb_Fire_Bonfire_01.ogg,195.96|220.27|-3.86,2,10,1,
1584,1131,Amb_Fire_Bonfire_01.ogg,200.91|212.60|-3.85,2,10,1,
1585,1132,Amb_Fire_Bonfire_01.ogg,249.69|199.24|-3.79,2,10,1,
1586,1132,Amb_Fire_Bonfire_01.ogg,262.70|199.53|-3.81,2,10,1,
1587,1132,Amb_Fire_Bonfire_01.ogg,311.97|215.24|-3.86,2,10,1,
1588,1132,Amb_Fire_Bonfire_01.ogg,316.82|222.94|-3.79,2,10,1,
1589,1132,Amb_Fire_Bonfire_01.ogg,310.77|299.29|-3.86,2,10,1,
1590,1132,Amb_Fire_Bonfire_01.ogg,316.03|291.00|-3.86,2,10,1,
1591,1132,Amb_Fire_Bonfire_01.ogg,262.19|312.47|-3.85,2,10,1,
1592,1132,Amb_Fire_Bonfire_01.ogg,249.69|312.54|-3.78,2,10,1,
1593,1132,Amb_Fire_Bonfire_01.ogg,200.60|297.51|-3.74,2,10,1,
1594,1132,Amb_Fire_Bonfire_01.ogg,195.68|290.09|-3.82,2,10,1,
1595,1132,Amb_Fire_Bonfire_01.ogg,195.96|220.27|-3.86,2,10,1,
1596,1132,Amb_Fire_Bonfire_01.ogg,200.91|212.60|-3.85,2,10,1,
1597,1133,Amb_Fire_Bonfire_01.ogg,249.69|199.24|-3.79,2,10,1,
1598,1133,Amb_Fire_Bonfire_01.ogg,262.70|199.53|-3.81,2,10,1,
1599,1133,Amb_Fire_Bonfire_01.ogg,311.97|215.24|-3.86,2,10,1,
1600,1133,Amb_Fire_Bonfire_01.ogg,316.82|222.94|-3.79,2,10,1,
1601,1133,Amb_Fire_Bonfire_01.ogg,310.77|299.29|-3.86,2,10,1,
1602,1133,Amb_Fire_Bonfire_01.ogg,316.03|291.00|-3.86,2,10,1,
1603,1133,Amb_Fire_Bonfire_01.ogg,262.19|312.47|-3.85,2,10,1,
1604,1133,Amb_Fire_Bonfire_01.ogg,249.69|312.54|-3.78,2,10,1,
1605,1133,Amb_Fire_Bonfire_01.ogg,200.60|297.51|-3.74,2,10,1,
1606,1133,Amb_Fire_Bonfire_01.ogg,195.68|290.09|-3.82,2,10,1,
1607,1133,Amb_Fire_Bonfire_01.ogg,195.96|220.27|-3.86,2,10,1,
1608,1133,Amb_Fire_Bonfire_01.ogg,200.91|212.60|-3.85,2,10,1,
1609,1134,Amb_Fire_Bonfire_01.ogg,249.69|199.24|-3.79,2,10,1,
1610,1134,Amb_Fire_Bonfire_01.ogg,262.70|199.53|-3.81,2,10,1,
1611,1134,Amb_Fire_Bonfire_01.ogg,311.97|215.24|-3.86,2,10,1,
1612,1134,Amb_Fire_Bonfire_01.ogg,316.82|222.94|-3.79,2,10,1,
1613,1134,Amb_Fire_Bonfire_01.ogg,310.77|299.29|-3.86,2,10,1,
1614,1134,Amb_Fire_Bonfire_01.ogg,316.03|291.00|-3.86,2,10,1,
1615,1134,Amb_Fire_Bonfire_01.ogg,262.19|312.47|-3.85,2,10,1,
1616,1134,Amb_Fire_Bonfire_01.ogg,249.69|312.54|-3.78,2,10,1,
1617,1134,Amb_Fire_Bonfire_01.ogg,200.60|297.51|-3.74,2,10,1,
1618,1134,Amb_Fire_Bonfire_01.ogg,195.68|290.09|-3.82,2,10,1,
1619,1134,Amb_Fire_Bonfire_01.ogg,195.96|220.27|-3.86,2,10,1,
1620,1134,Amb_Fire_Bonfire_01.ogg,200.91|212.60|-3.85,2,10,1,
1621,1135,Amb_Fire_Bonfire_01.ogg,249.69|199.24|-3.79,2,10,1,
1622,1135,Amb_Fire_Bonfire_01.ogg,262.70|199.53|-3.81,2,10,1,
1623,1135,Amb_Fire_Bonfire_01.ogg,311.97|215.24|-3.86,2,10,1,
1624,1135,Amb_Fire_Bonfire_01.ogg,316.82|222.94|-3.79,2,10,1,
1625,1135,Amb_Fire_Bonfire_01.ogg,310.77|299.29|-3.86,2,10,1,
1626,1135,Amb_Fire_Bonfire_01.ogg,316.03|291.00|-3.86,2,10,1,
1627,1135,Amb_Fire_Bonfire_01.ogg,262.19|312.47|-3.85,2,10,1,
1628,1135,Amb_Fire_Bonfire_01.ogg,249.69|312.54|-3.78,2,10,1,
1629,1135,Amb_Fire_Bonfire_01.ogg,200.60|297.51|-3.74,2,10,1,
1630,1135,Amb_Fire_Bonfire_01.ogg,195.68|290.09|-3.82,2,10,1,
1631,1135,Amb_Fire_Bonfire_01.ogg,195.96|220.27|-3.86,2,10,1,
1632,1135,Amb_Fire_Bonfire_01.ogg,200.91|212.60|-3.85,2,10,1,
1633,1120,Amb_Fire_Bonfire_01.ogg,217.26|147.01|3.32,2,10,1,
1634,1120,Amb_Fire_Bonfire_01.ogg,225.22|149.67|3.32,2,10,1,
1635,1120,Amb_Fire_Bonfire_01.ogg,245.46|136.49|-0.13,2,10,1,
1636,1120,Amb_Fire_Bonfire_01.ogg,254.11|136.92|-0.64,2,10,1,
1637,1120,Amb_Fire_Bonfire_01.ogg,286.03|140.31|4.17,2,10,1,
1638,1120,Amb_Fire_Bonfire_01.ogg,293.90|136.05|3.81,2,10,1,
1639,1120,Amb_Fire_Bonfire_01.ogg,239.12|381.80|5.18,2,10,1,
1640,1120,Amb_Fire_Bonfire_01.ogg,231.68|384.61|4.94,2,10,1,
1641,1120,Amb_Fire_Bonfire_01.ogg,254.31|382.31|3.62,2,10,1,
1642,1120,Amb_Fire_Bonfire_01.ogg,265.70|379.94|3.51,2,10,1,
1643,1120,Amb_Fire_Bonfire_01.ogg,285.65|373.50|7.36,2,10,1,
1644,1120,Amb_Fire_Bonfire_01.ogg,292.20|373.86|7.62,2,10,1,
1645,1121,Amb_Fire_Bonfire_01.ogg,217.26|147.01|3.32,2,10,1,
1646,1121,Amb_Fire_Bonfire_01.ogg,225.22|149.67|3.32,2,10,1,
1647,1121,Amb_Fire_Bonfire_01.ogg,245.46|136.49|-0.13,2,10,1,
1648,1121,Amb_Fire_Bonfire_01.ogg,254.11|136.92|-0.64,2,10,1,
1649,1121,Amb_Fire_Bonfire_01.ogg,286.03|140.31|4.17,2,10,1,
1650,1121,Amb_Fire_Bonfire_01.ogg,293.90|136.05|3.81,2,10,1,
1651,1121,Amb_Fire_Bonfire_01.ogg,239.12|381.80|5.18,2,10,1,
1652,1121,Amb_Fire_Bonfire_01.ogg,231.68|384.61|4.94,2,10,1,
1653,1121,Amb_Fire_Bonfire_01.ogg,254.31|382.31|3.62,2,10,1,
1654,1121,Amb_Fire_Bonfire_01.ogg,265.70|379.94|3.51,2,10,1,
1655,1121,Amb_Fire_Bonfire_01.ogg,285.65|373.50|7.36,2,10,1,
1656,1121,Amb_Fire_Bonfire_01.ogg,292.20|373.86|7.62,2,10,1,
1657,1122,Amb_Fire_Bonfire_01.ogg,217.26|147.01|3.32,2,10,1,
1658,1122,Amb_Fire_Bonfire_01.ogg,225.22|149.67|3.32,2,10,1,
1659,1122,Amb_Fire_Bonfire_01.ogg,245.46|136.49|-0.13,2,10,1,
1660,1122,Amb_Fire_Bonfire_01.ogg,254.11|136.92|-0.64,2,10,1,
1661,1122,Amb_Fire_Bonfire_01.ogg,286.03|140.31|4.17,2,10,1,
1662,1122,Amb_Fire_Bonfire_01.ogg,293.90|136.05|3.81,2,10,1,
1663,1122,Amb_Fire_Bonfire_01.ogg,239.12|381.80|5.18,2,10,1,
1664,1122,Amb_Fire_Bonfire_01.ogg,231.68|384.61|4.94,2,10,1,
1665,1122,Amb_Fire_Bonfire_01.ogg,254.31|382.31|3.62,2,10,1,
1666,1122,Amb_Fire_Bonfire_01.ogg,265.70|379.94|3.51,2,10,1,
1667,1122,Amb_Fire_Bonfire_01.ogg,285.65|373.50|7.36,2,10,1,
1668,1122,Amb_Fire_Bonfire_01.ogg,292.20|373.86|7.62,2,10,1,
1669,1123,Amb_Fire_Bonfire_01.ogg,217.26|147.01|3.32,2,10,1,
1670,1123,Amb_Fire_Bonfire_01.ogg,225.22|149.67|3.32,2,10,1,
1671,1123,Amb_Fire_Bonfire_01.ogg,245.46|136.49|-0.13,2,10,1,
1672,1123,Amb_Fire_Bonfire_01.ogg,254.11|136.92|-0.64,2,10,1,
1673,1123,Amb_Fire_Bonfire_01.ogg,286.03|140.31|4.17,2,10,1,
1674,1123,Amb_Fire_Bonfire_01.ogg,293.90|136.05|3.81,2,10,1,
1675,1123,Amb_Fire_Bonfire_01.ogg,239.12|381.80|5.18,2,10,1,
1676,1123,Amb_Fire_Bonfire_01.ogg,231.68|384.61|4.94,2,10,1,
1677,1123,Amb_Fire_Bonfire_01.ogg,254.31|382.31|3.62,2,10,1,
1678,1123,Amb_Fire_Bonfire_01.ogg,265.70|379.94|3.51,2,10,1,
1679,1123,Amb_Fire_Bonfire_01.ogg,285.65|373.50|7.36,2,10,1,
1680,1123,Amb_Fire_Bonfire_01.ogg,292.20|373.86|7.62,2,10,1,
1681,1124,Amb_Fire_Bonfire_01.ogg,217.26|147.01|3.32,2,10,1,
1682,1124,Amb_Fire_Bonfire_01.ogg,225.22|149.67|3.32,2,10,1,
1683,1124,Amb_Fire_Bonfire_01.ogg,245.46|136.49|-0.13,2,10,1,
1684,1124,Amb_Fire_Bonfire_01.ogg,254.11|136.92|-0.64,2,10,1,
1685,1124,Amb_Fire_Bonfire_01.ogg,286.03|140.31|4.17,2,10,1,
1686,1124,Amb_Fire_Bonfire_01.ogg,293.90|136.05|3.81,2,10,1,
1687,1124,Amb_Fire_Bonfire_01.ogg,239.12|381.80|5.18,2,10,1,
1688,1124,Amb_Fire_Bonfire_01.ogg,231.68|384.61|4.94,2,10,1,
1689,1124,Amb_Fire_Bonfire_01.ogg,254.31|382.31|3.62,2,10,1,
1690,1124,Amb_Fire_Bonfire_01.ogg,265.70|379.94|3.51,2,10,1,
1691,1124,Amb_Fire_Bonfire_01.ogg,285.65|373.50|7.36,2,10,1,
1692,1124,Amb_Fire_Bonfire_01.ogg,292.20|373.86|7.62,2,10,1,
1693,1125,Amb_Fire_Bonfire_01.ogg,217.26|147.01|3.32,2,10,1,
1694,1125,Amb_Fire_Bonfire_01.ogg,225.22|149.67|3.32,2,10,1,
1695,1125,Amb_Fire_Bonfire_01.ogg,245.46|136.49|-0.13,2,10,1,
1696,1125,Amb_Fire_Bonfire_01.ogg,254.11|136.92|-0.64,2,10,1,
1697,1125,Amb_Fire_Bonfire_01.ogg,286.03|140.31|4.17,2,10,1,
1698,1125,Amb_Fire_Bonfire_01.ogg,293.90|136.05|3.81,2,10,1,
1699,1125,Amb_Fire_Bonfire_01.ogg,239.12|381.80|5.18,2,10,1,
1700,1125,Amb_Fire_Bonfire_01.ogg,231.68|384.61|4.94,2,10,1,
1701,1125,Amb_Fire_Bonfire_01.ogg,254.31|382.31|3.62,2,10,1,
1702,1125,Amb_Fire_Bonfire_01.ogg,265.70|379.94|3.51,2,10,1,
1703,1125,Amb_Fire_Bonfire_01.ogg,285.65|373.50|7.36,2,10,1,
1704,1125,Amb_Fire_Bonfire_01.ogg,292.20|373.86|7.62,2,10,1,
1705,1111,Amb_Fire_Large_01.ogg,223.97|166.83|25.78,14,28,1,
1706,1111,Amb_Fire_Large_01.ogg,223.51|206.97|23.25,16,32,1,
1707,1111,Amb_Fire_Large_01.ogg,249.27|204.49|23.99,10,20,1,
1708,1111,Amb_Fire_Large_01.ogg,266.30|183.82|25.96,16,32,1,
1709,1111,Amb_Fire_Large_01.ogg,291.26|168.14|25.96,16,32,1,
1710,1111,Amb_Fire_Large_01.ogg,237.77|245.22|25.96,14,28,1,
1711,1111,Amb_Fire_Large_01.ogg,203.95|228.41|24.13,8,16,1,
1712,1111,Amb_Fire_Large_01.ogg,271.72|241.24|23.72,16,32,1,
1713,1111,Amb_Fire_Large_01.ogg,300.86|231.22|25.96,16,32,1,
1714,1111,Amb_Fire_Large_01.ogg,304.62|277.95|26.02,20,40,1,
1715,1111,Amb_Fire_Large_01.ogg,272.64|268.17|25.96,14,28,1,
1716,1111,Amb_Fire_Large_01.ogg,287.73|306.36|25.96,16,32,1,
1717,1111,Amb_Fire_Large_01.ogg,284.92|337.43|25.48,14,28,1,
1718,1111,Amb_Fire_Large_01.ogg,244.68|268.96|25.96,14,28,1,
1719,1111,Amb_Fire_Large_01.ogg,210.22|271.56|25.96,16,32,1,
1720,1111,Amb_Fire_Large_01.ogg,220.28|330.58|25.94,20,40,1,
1721,1111,Amb_Fire_Large_01.ogg,249.75|331.24|27.22,10,20,1,
1722,1111,Amb_Fire_Large_01.ogg,277.49|120.28|1.00,20,40,1,
1723,1111,Amb_Fire_Large_01.ogg,231.83|118.86|1.00,20,40,1,
1724,1111,Amb_Fire_Large_01.ogg,231.47|403.32|1.00,20,40,1,
1725,1111,Amb_Fire_Large_01.ogg,274.15|402.77|1.00,20,40,1,
1726,1111,Amb_Fire_Large_01.ogg,246.22|180.15|25.78,10,20,1,
1727,1111,Amb_Fire_Large_01.ogg,212.01|294.29|22.17,10,20,1,
1728,1111,Amb_Fire_Large_01.ogg,249.37|312.36|26.71,10,20,1,
1729,1111,Amb_Fire_Large_01.ogg,261.92|322.86|25.96,8,16,1,
1730,1111,Amb_Fire_Large_01.ogg,206.65|243.02|25.83,12,24,1,
1731,1111,Amb_Fire_Large_01.ogg,264.58|305.85|25.97,8,16,1,
1732,1111,Amb_Fire_Large_01.ogg,262.66|223.68|26.59,8,16,1,
1733,1111,Amb_Fire_Large_01.ogg,295.89|194.06|25.96,12,24,1,
1734,1111,Amb_Fire_Large_01.ogg,247.34|227.83|25.55,8,16,1,
1735,1111,Amb_Fire_Large_01.ogg,249.07|285.54|25.95,8,16,1,
1736,1111,Amb_Fire_Large_01.ogg,264.89|286.27|26.08,8,16,1,
1737,1112,Amb_Fire_Large_01.ogg,223.97|166.83|25.78,14,28,1,
1738,1112,Amb_Fire_Large_01.ogg,223.51|206.97|23.25,16,32,1,
1739,1112,Amb_Fire_Large_01.ogg,249.27|204.49|23.99,10,20,1,
1740,1112,Amb_Fire_Large_01.ogg,266.30|183.82|25.96,16,32,1,
1741,1112,Amb_Fire_Large_01.ogg,291.26|168.14|25.96,16,32,1,
1742,1112,Amb_Fire_Large_01.ogg,237.77|245.22|25.96,14,28,1,
1743,1112,Amb_Fire_Large_01.ogg,203.95|228.41|24.13,8,16,1,
1744,1112,Amb_Fire_Large_01.ogg,271.72|241.24|23.72,16,32,1,
1745,1112,Amb_Fire_Large_01.ogg,300.86|231.22|25.96,16,32,1,
1746,1112,Amb_Fire_Large_01.ogg,304.62|277.95|26.02,20,40,1,
1747,1112,Amb_Fire_Large_01.ogg,272.64|268.17|25.96,14,28,1,
1748,1112,Amb_Fire_Large_01.ogg,287.73|306.36|25.96,16,32,1,
1749,1112,Amb_Fire_Large_01.ogg,284.92|337.43|25.48,14,28,1,
1750,1112,Amb_Fire_Large_01.ogg,244.68|268.96|25.96,14,28,1,
1751,1112,Amb_Fire_Large_01.ogg,210.22|271.56|25.96,16,32,1,
1752,1112,Amb_Fire_Large_01.ogg,220.28|330.58|25.94,20,40,1,
1753,1112,Amb_Fire_Large_01.ogg,249.75|331.24|27.22,10,20,1,
1754,1112,Amb_Fire_Large_01.ogg,277.49|120.28|1.00,20,40,1,
1755,1112,Amb_Fire_Large_01.ogg,231.83|118.86|1.00,20,40,1,
1756,1112,Amb_Fire_Large_01.ogg,231.47|403.32|1.00,20,40,1,
1757,1112,Amb_Fire_Large_01.ogg,274.15|402.77|1.00,20,40,1,
1758,1112,Amb_Fire_Large_01.ogg,246.22|180.15|25.78,10,20,1,
1759,1112,Amb_Fire_Large_01.ogg,212.01|294.29|22.17,10,20,1,
1760,1112,Amb_Fire_Large_01.ogg,249.37|312.36|26.71,10,20,1,
1761,1112,Amb_Fire_Large_01.ogg,261.92|322.86|25.96,8,16,1,
1762,1112,Amb_Fire_Large_01.ogg,206.65|243.02|25.83,12,24,1,
1763,1112,Amb_Fire_Large_01.ogg,264.58|305.85|25.97,8,16,1,
1764,1112,Amb_Fire_Large_01.ogg,262.66|223.68|26.59,8,16,1,
1765,1112,Amb_Fire_Large_01.ogg,295.89|194.06|25.96,12,24,1,
1766,1112,Amb_Fire_Large_01.ogg,247.34|227.83|25.55,8,16,1,
1767,1112,Amb_Fire_Large_01.ogg,249.07|285.54|25.95,8,16,1,
1768,1112,Amb_Fire_Large_01.ogg,264.89|286.27|26.08,8,16,1,
1769,1113,Amb_Fire_Large_01.ogg,223.97|166.83|25.78,14,28,1,
1770,1113,Amb_Fire_Large_01.ogg,223.51|206.97|23.25,16,32,1,
1771,1113,Amb_Fire_Large_01.ogg,249.27|204.49|23.99,10,20,1,
1772,1113,Amb_Fire_Large_01.ogg,266.30|183.82|25.96,16,32,1,
1773,1113,Amb_Fire_Large_01.ogg,291.26|168.14|25.96,16,32,1,
1774,1113,Amb_Fire_Large_01.ogg,237.77|245.22|25.96,14,28,1,
1775,1113,Amb_Fire_Large_01.ogg,203.95|228.41|24.13,8,16,1,
1776,1113,Amb_Fire_Large_01.ogg,271.72|241.24|23.72,16,32,1,
1777,1113,Amb_Fire_Large_01.ogg,300.86|231.22|25.96,16,32,1,
1778,1113,Amb_Fire_Large_01.ogg,304.62|277.95|26.02,20,40,1,
1779,1113,Amb_Fire_Large_01.ogg,272.64|268.17|25.96,14,28,1,
1780,1113,Amb_Fire_Large_01.ogg,287.73|306.36|25.96,16,32,1,
1781,1113,Amb_Fire_Large_01.ogg,284.92|337.43|25.48,14,28,1,
1782,1113,Amb_Fire_Large_01.ogg,244.68|268.96|25.96,14,28,1,
1783,1113,Amb_Fire_Large_01.ogg,210.22|271.56|25.96,16,32,1,
1784,1113,Amb_Fire_Large_01.ogg,220.28|330.58|25.94,20,40,1,
1785,1113,Amb_Fire_Large_01.ogg,249.75|331.24|27.22,10,20,1,
1786,1113,Amb_Fire_Large_01.ogg,277.49|120.28|1.00,20,40,1,
1787,1113,Amb_Fire_Large_01.ogg,231.83|118.86|1.00,20,40,1,
1788,1113,Amb_Fire_Large_01.ogg,231.47|403.32|1.00,20,40,1,
1789,1113,Amb_Fire_Large_01.ogg,274.15|402.77|1.00,20,40,1,
1790,1113,Amb_Fire_Large_01.ogg,246.22|180.15|25.78,10,20,1,
1791,1113,Amb_Fire_Large_01.ogg,212.01|294.29|22.17,10,20,1,
1792,1113,Amb_Fire_Large_01.ogg,249.37|312.36|26.71,10,20,1,
1793,1113,Amb_Fire_Large_01.ogg,261.92|322.86|25.96,8,16,1,
1794,1113,Amb_Fire_Large_01.ogg,206.65|243.02|25.83,12,24,1,
1795,1113,Amb_Fire_Large_01.ogg,264.58|305.85|25.97,8,16,1,
1796,1113,Amb_Fire_Large_01.ogg,262.66|223.68|26.59,8,16,1,
1797,1113,Amb_Fire_Large_01.ogg,295.89|194.06|25.96,12,24,1,
1798,1113,Amb_Fire_Large_01.ogg,247.34|227.83|25.55,8,16,1,
1799,1113,Amb_Fire_Large_01.ogg,249.07|285.54|25.95,8,16,1,
1800,1113,Amb_Fire_Large_01.ogg,264.89|286.27|26.08,8,16,1,
1801,1114,Amb_Fire_Large_01.ogg,223.97|166.83|25.78,14,28,1,
1802,1114,Amb_Fire_Large_01.ogg,223.51|206.97|23.25,16,32,1,
1803,1114,Amb_Fire_Large_01.ogg,249.27|204.49|23.99,10,20,1,
1804,1114,Amb_Fire_Large_01.ogg,266.30|183.82|25.96,16,32,1,
1805,1114,Amb_Fire_Large_01.ogg,291.26|168.14|25.96,16,32,1,
1806,1114,Amb_Fire_Large_01.ogg,237.77|245.22|25.96,14,28,1,
1807,1114,Amb_Fire_Large_01.ogg,203.95|228.41|24.13,8,16,1,
1808,1114,Amb_Fire_Large_01.ogg,271.72|241.24|23.72,16,32,1,
1809,1114,Amb_Fire_Large_01.ogg,300.86|231.22|25.96,16,32,1,
1810,1114,Amb_Fire_Large_01.ogg,304.62|277.95|26.02,20,40,1,
1811,1114,Amb_Fire_Large_01.ogg,272.64|268.17|25.96,14,28,1,
1812,1114,Amb_Fire_Large_01.ogg,287.73|306.36|25.96,16,32,1,
1813,1114,Amb_Fire_Large_01.ogg,284.92|337.43|25.48,14,28,1,
1814,1114,Amb_Fire_Large_01.ogg,244.68|268.96|25.96,14,28,1,
1815,1114,Amb_Fire_Large_01.ogg,210.22|271.56|25.96,16,32,1,
1816,1114,Amb_Fire_Large_01.ogg,220.28|330.58|25.94,20,40,1,
1817,1114,Amb_Fire_Large_01.ogg,249.75|331.24|27.22,10,20,1,
1818,1114,Amb_Fire_Large_01.ogg,277.49|120.28|1.00,20,40,1,
1819,1114,Amb_Fire_Large_01.ogg,231.83|118.86|1.00,20,40,1,
1820,1114,Amb_Fire_Large_01.ogg,231.47|403.32|1.00,20,40,1,
1821,1114,Amb_Fire_Large_01.ogg,274.15|402.77|1.00,20,40,1,
1822,1114,Amb_Fire_Large_01.ogg,246.22|180.15|25.78,10,20,1,
1823,1114,Amb_Fire_Large_01.ogg,212.01|294.29|22.17,10,20,1,
1824,1114,Amb_Fire_Large_01.ogg,249.37|312.36|26.71,10,20,1,
1825,1114,Amb_Fire_Large_01.ogg,261.92|322.86|25.96,8,16,1,
1826,1114,Amb_Fire_Large_01.ogg,206.65|243.02|25.83,12,24,1,
1827,1114,Amb_Fire_Large_01.ogg,264.58|305.85|25.97,8,16,1,
1828,1114,Amb_Fire_Large_01.ogg,262.66|223.68|26.59,8,16,1,
1829,1114,Amb_Fire_Large_01.ogg,295.89|194.06|25.96,12,24,1,
1830,1114,Amb_Fire_Large_01.ogg,247.34|227.83|25.55,8,16,1,
1831,1114,Amb_Fire_Large_01.ogg,249.07|285.54|25.95,8,16,1,
1832,1114,Amb_Fire_Large_01.ogg,264.89|286.27|26.08,8,16,1,
1833,1115,Amb_Fire_Large_01.ogg,223.97|166.83|25.78,14,28,1,
1834,1115,Amb_Fire_Large_01.ogg,223.51|206.97|23.25,16,32,1,
1835,1115,Amb_Fire_Large_01.ogg,249.27|204.49|23.99,10,20,1,
1836,1115,Amb_Fire_Large_01.ogg,266.30|183.82|25.96,16,32,1,
1837,1115,Amb_Fire_Large_01.ogg,291.26|168.14|25.96,16,32,1,
1838,1115,Amb_Fire_Large_01.ogg,237.77|245.22|25.96,14,28,1,
1839,1115,Amb_Fire_Large_01.ogg,203.95|228.41|24.13,8,16,1,
1840,1115,Amb_Fire_Large_01.ogg,271.72|241.24|23.72,16,32,1,
1841,1115,Amb_Fire_Large_01.ogg,300.86|231.22|25.96,16,32,1,
1842,1115,Amb_Fire_Large_01.ogg,304.62|277.95|26.02,20,40,1,
1843,1115,Amb_Fire_Large_01.ogg,272.64|268.17|25.96,14,28,1,
1844,1115,Amb_Fire_Large_01.ogg,287.73|306.36|25.96,16,32,1,
1845,1115,Amb_Fire_Large_01.ogg,284.92|337.43|25.48,14,28,1,
1846,1115,Amb_Fire_Large_01.ogg,244.68|268.96|25.96,14,28,1,
1847,1115,Amb_Fire_Large_01.ogg,210.22|271.56|25.96,16,32,1,
1848,1115,Amb_Fire_Large_01.ogg,220.28|330.58|25.94,20,40,1,
1849,1115,Amb_Fire_Large_01.ogg,249.75|331.24|27.22,10,20,1,
1850,1115,Amb_Fire_Large_01.ogg,277.49|120.28|1.00,20,40,1,
1851,1115,Amb_Fire_Large_01.ogg,231.83|118.86|1.00,20,40,1,
1852,1115,Amb_Fire_Large_01.ogg,231.47|403.32|1.00,20,40,1,
1853,1115,Amb_Fire_Large_01.ogg,274.15|402.77|1.00,20,40,1,
1854,1115,Amb_Fire_Large_01.ogg,246.22|180.15|25.78,10,20,1,
1855,1115,Amb_Fire_Large_01.ogg,212.01|294.29|22.17,10,20,1,
1856,1115,Amb_Fire_Large_01.ogg,249.37|312.36|26.71,10,20,1,
1857,1115,Amb_Fire_Large_01.ogg,261.92|322.86|25.96,8,16,1,
1858,1115,Amb_Fire_Large_01.ogg,206.65|243.02|25.83,12,24,1,
1859,1115,Amb_Fire_Large_01.ogg,264.58|305.85|25.97,8,16,1,
1860,1115,Amb_Fire_Large_01.ogg,262.66|223.68|26.59,8,16,1,
1861,1115,Amb_Fire_Large_01.ogg,295.89|194.06|25.96,12,24,1,
1862,1115,Amb_Fire_Large_01.ogg,247.34|227.83|25.55,8,16,1,
1863,1115,Amb_Fire_Large_01.ogg,249.07|285.54|25.95,8,16,1,
1864,1115,Amb_Fire_Large_01.ogg,264.89|286.27|26.08,8,16,1,
1865,1009,Amb_Water_L_Cascade_01.ogg,57.82|408.48|66.81,25,45,1,
1866,1009,Amb_Water_L_Cascade_01.ogg,452.73|112.98|66.95,25,45,1,
1867,2000,Amb_Water_L_Cascade_01.ogg,1111.25|5524.45|70.00,100,150,1,
1868,2000,Amb_Water_Waterfall_01.ogg,1486.80|5414.26|60.00,30,60,1,
1869,2000,Amb_Water_Waterfall_01.ogg,1385.94|5391.61|60.00,40,60,1,
1870,2000,Amb_Water_Waterfall_01.ogg,1278.53|5390.88|60.00,30,60,1,
1871,2000,Amb_Fire_Large_01.ogg,1711.48|5264.93|64.67,3,6,1,
1872,2000,Amb_Water_L_Cascade_01.ogg,1549.22|4739.46|64.27,80,120,1,
1873,2000,Amb_Water_L_Cascade_01.ogg,1640.56|5136.35|60.37,100,130,1,
1874,2000,Amb_Water_Waterfall_01.ogg,1659.67|4846.06|62.18,40,80,1,
1875,2000,Amb_Water_Waterfall_01.ogg,1577.61|4746.15|62.18,40,80,1,
1876,2000,Amb_Water_Waterfall_01.ogg,1650.27|4933.04|62.18,40,80,1,
1877,2000,Amb_Water_Waterfall_01.ogg,1664.87|5006.59|62.18,40,80,1,
1878,2000,Amb_Water_Waterfall_01.ogg,1687.44|5071.48|62.18,40,80,1,
1879,2000,Amb_Water_Waterfall_01.ogg,1692.48|5170.37|62.18,40,80,1,
1880,2000,Amb_Water_Waterfall_01.ogg,1676.78|5239.01|62.18,40,80,1,
1881,2000,Amb_Water_Waterfall_01.ogg,1792.37|5276.64|62.18,40,80,1,
1882,2000,Amb_Water_Waterfall_01.ogg,1817.06|5426.41|62.18,50,80,1,
1883,2000,Amb_Water_Waterfall_01.ogg,1703.80|5507.57|62.18,50,80,1,
1884,2000,Amb_Water_Waterfall_01.ogg,1594.07|5488.84|62.18,40,80,1,
1885,2000,AMB_Silent_Lake_01.ogg,1989.54|5084.37|143.22,20,30,1,
1886,2000,Amb_Scare_Male_01.ogg,1203.78|4514.07|70.59,40,80,1,
1887,2000,AMB_Silent_Lake_01.ogg,1443.27|4480.21|54.52,40,80,1,
1888,2000,AMB_Silent_Lake_01.ogg,1421.11|4556.46|54.52,40,80,1,
1889,2000,AMB_Silent_Lake_01.ogg,1383.50|4296.03|59.39,40,80,1,
1890,2000,Amb_Scare_Male_01.ogg,1409.43|4195.74|71.85,30,50,1,
1891,2000,Amb_Scare_Male_01.ogg,1340.80|4163.38|71.85,30,50,1,
1892,2000,Amb_Fire_Large_01.ogg,4477.24|8403.22|34.56,15,30,1,
1893,2000,Animal_Wolf_01.ogg,1422.37|5088.76|97.84,20,40,1,
1894,2000,Animal_Wolf_04.ogg,1380.77|5043.63|98.13,20,40,1,
1895,2000,Animal_Wolf_02.ogg,1327.63|5045.97|107.82,20,40,1,
1896,2000,Animal_Wolf_04.ogg,1340.70|5102.90|98.13,30,50,1,
1897,2000,Animal_Wolf_04.ogg,1406.59|4987.97|55.83,30,50,1,
1898,2000,Animal_Wolf_04.ogg,1461.71|5039.31|98.13,30,60,1,
1899,2000,Amb_Scare_Male_03.ogg,1398.12|4857.19|31.38,80,130,1,
1900,2000,Animal_Owl_01.ogg,1217.88|5052.70|61.38,30,60,1,
1901,2000,Animal_Owl_01.ogg,1156.53|5101.05|61.38,30,40,1,
1902,2000,Amb_Scare_Male_02.ogg,1180.05|4172.80|112.91,30,60,1,
1903,2000,Amb_Scare_Male_03.ogg,1563.50|3561.01|157.69,20,30,1,
1904,2000,Amb_Scare_Male_03.ogg,1675.42|3282.84|134.32,30,50,1,
1905,2000,Amb_Lava_02.ogg,1656.57|3237.87|128.73,30,60,1,
1906,2000,Amb_Lava_02.ogg,1618.63|3289.64|128.73,30,60,1,
1907,2000,Amb_Lava_02.ogg,1714.23|3294.08|128.73,30,60,1,
1908,2000,Amb_Scare_Male_03.ogg,1995.85|3248.16|157.69,20,30,1,
1909,2000,Amb_Scare_Male_03.ogg,1923.25|3125.81|157.69,20,30,1,
1910,2000,AMB_Silent_Lake_01.ogg,1394.03|5279.13|68.82,30,50,1,
1911,2000,AMB_Silent_Lake_01.ogg,1434.34|5230.25|52.07,30,50,1,
1912,2000,AMB_Silent_Lake_01.ogg,1397.85|5173.49|52.07,30,50,1,
1913,2000,Amb_Water_Cascade_01.ogg,7050.90|7778.46|87.12,30,50,1,
1914,2000,AMB_Silent_Lake_01.ogg,7041.89|8410.16|130.88,30,40,1,
1915,2000,AMB_Silent_Lake_01.ogg,6829.38|8545.61|92.62,30,60,1,
1916,2000,Amb_Scare_Male_02.ogg,6877.17|8153.19|136.78,20,30,1,
1917,2000,Amb_Water_L_Cascade_01.ogg,7619.84|8410.56|172.21,60,80,1,
1918,2000,Amb_Water_L_Cascade_01.ogg,7582.76|8452.02|172.21,60,80,1,
1919,2000,Amb_Water_L_Cascade_01.ogg,7554.85|8446.15|172.21,60,80,1,
1920,2000,Amb_Water_L_Cascade_01.ogg,7440.23|8379.05|134.58,40,60,1,
1921,2000,Amb_Water_Waterfall_01.ogg,7479.68|8174.12|107.21,37.5,75,1,
1922,2000,AMB_Silent_Lake_01.ogg,7413.19|7759.88|73.44,20,30,1,
1923,2000,AMB_Silent_Lake_01.ogg,7461.18|7756.91|73.44,20,30,1,
1924,2000,AMB_Silent_Lake_01.ogg,7449.51|7391.18|79.09,30,50,1,
1925,2000,AMB_Silent_Lake_01.ogg,7423.59|7424.39|79.09,30,50,1,
1926,2000,AMB_Silent_Lake_01.ogg,7585.28|7850.46|101.55,30,40,1,
1927,2000,Amb_Water_Waterfall_01.ogg,7560.13|8054.88|99.62,40,60,1,
1928,2000,Animal_Owl_01.ogg,7420.81|8092.70|121.43,30,50,1,
1929,2000,Animal_Crow_01.ogg,7345.01|8046.43|109.56,30,40,1,
1930,2000,Animal_Crow_01.ogg,1210.65|4887.50|74.18,30,40,1,
1931,2000,Animal_Crow_02.ogg,1214.78|4962.11|76.70,20,40,1,
1932,2000,Animal_Crow_01.ogg,1952.74|5488.57|86.70,40,60,1,
1933,2000,Amb_Water_Waterfall_01.ogg,5504.27|7796.91|123.00,30,80,1,
1934,2000,Amb_Water_Waterfall_01.ogg,5548.00|7906.12|123.00,50,80,1,
1935,2000,Amb_Water_Waterfall_01.ogg,5598.10|7832.87|123.00,50,80,1,
1936,2000,Amb_Water_Waterfall_01.ogg,5655.31|8030.89|123.00,50,80,1,
1937,2000,Amb_Water_Waterfall_01.ogg,5576.67|8081.17|123.00,30,60,1,
1938,2000,Amb_Water_Waterfall_01.ogg,5859.91|7903.88|107.89,50,80,1,
1939,2000,Amb_Water_Waterfall_01.ogg,5926.57|7824.68|107.89,50,80,1,
1940,2000,Amb_Water_Waterfall_01.ogg,6082.29|7955.96|107.89,50,80,1,
1941,2000,Amb_Water_Waterfall_01.ogg,5669.17|7911.23|123.00,50,80,1,
1942,2000,Amb_Water_L_Cascade_01.ogg,5397.13|7895.90|122.79,60,150,1,
1943,2000,Amb_Sea_Beach_01.ogg,2086.01|5358.41|18.05,50,80,1,
1944,2000,Amb_Sea_Beach_01.ogg,2100.60|5453.18|18.05,50,80,1,
1945,2000,Amb_Sea_Beach_01.ogg,2103.47|5563.57|18.05,50,80,1,
1946,2000,Amb_Sea_Beach_02.ogg,2082.62|5206.48|27.41,150,200,1,
1947,2000,Amb_Sea_Beach_02.ogg,2154.63|5255.36|27.41,180,230,1,
1948,2000,Animal_Crow_01.ogg,1692.35|5381.79|79.83,40,60,1,
1949,2000,Animal_Owl_01.ogg,1681.49|5437.80|75.58,30,60,1,
1950,2000,Amb_Sea_Beach_02.ogg,7590.97|8411.27|166.42,80,100,1,
1951,2000,Amb_Water_L_Cascade_01.ogg,1121.84|5449.13|70.00,80,100,1,
1952,2000,Amb_Sea_Beach_02.ogg,1114.40|5478.11|65.29,80,120,1,
1953,2000,Animal_Crow_01.ogg,1373.24|5493.70|74.81,40,80,1,
1954,2000,Animal_Crow_01.ogg,1514.11|5539.28|95.57,30,80,1,
1955,2000,Animal_Crow_01.ogg,1191.88|5260.20|74.81,40,80,1,
1956,2000,Animal_Owl_01.ogg,6852.65|8486.27|114.27,20,50,1,
1957,2000,Animal_Owl_01.ogg,6840.88|8587.45|114.27,20,50,1,
1958,2000,Animal_Owl_01.ogg,6723.66|8518.99|114.27,20,50,1,
1959,2000,Animal_Crow_01.ogg,6763.74|7808.03|123.43,20,80,1,
1960,2000,Animal_Crow_01.ogg,6776.96|7987.36|123.43,20,80,1,
1961,2000,AMB_Silent_Lake_01.ogg,6757.10|9477.43|130.88,30,40,1,
1962,2000,AMB_Silent_Lake_01.ogg,7050.31|8397.50|131.88,20,40,1,
1963,2000,AMB_Silent_Lake_01.ogg,6823.51|8496.53|92.62,20,40,1,
1964,2000,Amb_Scare_Male_04.ogg,7550.28|8622.04|231.10,30,60,1,
1965,2000,Animal_Monkey_02.ogg,7335.30|8231.73|136.01,30,60,1,
1966,2000,Animal_Monkey_02.ogg,7234.48|8450.42|146.92,30,60,1,
1967,2000,Animal_Monkey_02.ogg,7368.50|8628.42|166.26,30,60,1,
1968,2000,Amb_Scare_Male_03.ogg,1935.89|3707.22|146.80,20,30,1,
1969,4400,Amb_Sea_Beach_02.ogg,246.72|459.23|103.26,100,130,1,
1970,4400,Amb_Water_L_Cascade_01.ogg,233.54|472.95|102.50,100,150,1,
1971,1100,Animal_Crow_01.ogg,129.81|215.78|9.85,30,100,1,
1972,1100,Animal_Crow_02.ogg,257.32|199.74|9.13,30,100,1,
1973,1100,Animal_Crow_01.ogg,253.76|382.47|9.89,30,100,1,
1974,1100,Animal_Crow_01.ogg,405.78|210.57|9.89,30,100,1,
1975,1100,Animal_Crow_02.ogg,407.92|339.05|9.13,30,100,1,
1976,1100,Animal_Crow_02.ogg,95.15|363.25|9.13,30,100,1,
1977,4000,Amb_Scare_Male_01.ogg,398.36|104.65|0.33,30,60,1,
1978,4000,Amb_Scare_Male_02.ogg,423.96|256.65|0.33,30,100,1,
1979,4000,Amb_Scare_Male_03.ogg,462.17|103.86|0.33,30,80,1,
1980,4000,Amb_Scare_Male_04.ogg,335.99|314.15|-21.57,30,100,1,
1981,4000,Amb_Scare_Male_05.ogg,434.04|402.90|-21.57,30,100,1,
1982,4000,Animal_Crow_01.ogg,115.97|339.54|6.05,20,80,1,
1983,4000,Animal_Crow_01.ogg,230.83|55.78|6.05,20,80,1,
1984,4000,Animal_Crow_01.ogg,58.33|130.58|6.05,20,80,1,
1985,4000,AMB_Silent_Lake_01.ogg,190.54|127.14|-4.59,30,80,1,
1986,4000,AMB_Silent_Lake_01.ogg,149.29|118.55|-4.59,30,80,1,
1987,4010,Amb_Scare_Male_02.ogg,114.60|90.52|77.53,30,100,1,
1988,4010,Amb_Scare_Male_04.ogg,40.31|156.52|80.23,30,100,1,
1989,4020,Amb_Lava_01.ogg,289.77|284.13|45.44,20,60,1,
1990,4020,Amb_Lava_02.ogg,220.75|283.32|45.44,20,60,1,
1991,4020,Amb_Lava_03.ogg,259.90|345.20|47.50,20,60,1,
1992,2002,Amb_Scare_Male_03.ogg,288.78|249.00|-8.62,20,60,1,
1993,2002,Amb_Scare_Male_04.ogg,241.61|276.72|-10.92,20,60,1,
1994,2002,Amb_Scare_Male_05.ogg,212.03|246.44|-9.86,20,60,1,
1995,2002,Amb_Fire_Torch_01.ogg,255.11|138.92|-0.81,2,10,1,
1996,2002,Amb_Fire_Torch_01.ogg,248.21|140.21|-0.81,2,10,1,
1997,2002,Amb_Fire_Torch_01.ogg,265.79|115.46|2.84,2,10,1,
1998,2002,Amb_Fire_Torch_01.ogg,266.27|120.66|2.84,2,10,1,
1999,2002,Amb_Fire_Torch_01.ogg,251.42|106.46|2.84,2,10,1,
2000,2002,Amb_Fire_Torch_01.ogg,256.52|107.44|2.84,2,10,1,
2001,2002,Amb_Fire_Torch_01.ogg,239.23|111.63|2.84,2,10,1,
2002,2002,Amb_Fire_Torch_01.ogg,235.85|116.56|2.84,2,10,1,
2003,2002,Amb_Fire_Torch_01.ogg,264.45|372.39|2.57,2,10,1,
2004,2002,Amb_Fire_Torch_01.ogg,255.21|373.79|2.57,2,10,1,
2005,2002,Amb_Fire_Torch_01.ogg,253.66|397.26|4.91,2,10,1,
2006,2002,Amb_Fire_Torch_01.ogg,251.95|393.31|4.91,2,10,1,
2007,2002,Amb_Fire_Torch_01.ogg,263.15|408.99|4.91,2,10,1,
2008,2002,Amb_Fire_Torch_01.ogg,283.14|400.55|4.91,2,10,1,
2009,2002,Amb_Fire_Torch_01.ogg,281.31|382.94|4.91,2,10,1,
2010,2002,Amb_Fire_Torch_01.ogg,282.73|386.80|4.91,2,10,1,
2011,4030,Amb_Scare_Male_03.ogg,171.29|399.12|87.40,10,30,1,
2012,4030,Amb_Scare_Male_03.ogg,421.44|329.75|54.45,10,30,1,
2013,4030,Amb_Scare_Male_03.ogg,86.34|118.00|110.94,20,50,1,
2014,4030,Amb_Lava_01.ogg,124.18|170.91|105.95,30,60,1,
2015,4030,Amb_Lava_02.ogg,49.87|171.39|105.95,30,60,1,
2016,4030,Amb_Lava_01.ogg,117.43|257.70|90.35,20,50,1,
2017,4030,Amb_Lava_02.ogg,71.12|262.26|105.95,20,50,1,
2018,4030,Amb_Lava_02.ogg,69.39|318.70|105.95,20,50,1,
2019,4030,Amb_Lava_01.ogg,109.80|321.53|90.35,20,50,1,
2020,4420,Amb_Scare_Animal_02.ogg,321.58|176.61|4.01,30,80,1,
2021,4420,Amb_Scare_Male_04.ogg,461.06|427.10|-21.18,20,80,1,
2022,4420,Amb_Scare_Male_02.ogg,406.25|407.92|-19.52,20,80,1,
2023,4040,Amb_Fire_Bonfire_01.ogg,102.95|204.69|-3.58,2,10,1,
2024,4040,Amb_Fire_Bonfire_01.ogg,145.43|195.65|-3.58,2,10,1,
2025,4040,Amb_Fire_Bonfire_01.ogg,130.16|217.93|-3.58,2,10,1,
2026,4040,Amb_Fire_Bonfire_01.ogg,131.68|166.67|-3.58,2,10,1,
2027,4040,Amb_Fire_Bonfire_01.ogg,109.98|168.64|-3.58,2,10,1,
2028,4040,Amb_Fire_Bonfire_01.ogg,144.02|253.85|-3.58,2,10,1,
2029,4040,Amb_Fire_Bonfire_01.ogg,112.80|257.28|-3.36,2,10,1,
2030,4040,Amb_Fire_Bonfire_01.ogg,69.41|234.12|-3.36,2,10,1,
2031,4040,Amb_Fire_Bonfire_01.ogg,61.94|289.50|-3.36,2,10,1,
2032,4040,Amb_Fire_Bonfire_01.ogg,114.85|297.26|-3.36,2,10,1,
2033,4040,Amb_Fire_Bonfire_01.ogg,151.81|295.78|-3.36,2,10,1,
2034,4040,Amb_Fire_Bonfire_01.ogg,198.93|293.26|-3.36,2,10,1,
2035,4040,Amb_Fire_Bonfire_01.ogg,215.37|336.67|-3.36,2,10,1,
2036,4040,Amb_Fire_Bonfire_01.ogg,128.81|429.73|4.03,30,80,1,
2037,4040,Amb_Fire_Bonfire_01.ogg,376.48|409.04|-3.36,2,10,1,
2038,4040,Amb_Fire_Bonfire_01.ogg,369.14|449.62|4.47,2,10,1,
2039,4040,Amb_Fire_Bonfire_01.ogg,414.68|406.10|11.72,2,10,1,
2040,4040,Amb_Fire_Bonfire_01.ogg,477.26|358.69|28.15,2,10,1,
2041,4040,Amb_Fire_Bonfire_01.ogg,426.46|263.21|46.77,2,10,1,
2042,4040,Amb_Fire_Bonfire_01.ogg,426.95|244.71|46.77,2,10,1,
2043,4040,Amb_Fire_Bonfire_01.ogg,380.65|261.78|53.09,2,10,1,
2044,4040,Amb_Fire_Bonfire_01.ogg,380.25|246.38|53.09,2,10,1,
2045,4040,Amb_Fire_Bonfire_01.ogg,289.28|199.96|53.09,30,60,1,
2046,4040,Amb_Fire_Bonfire_01.ogg,329.68|201.71|53.09,30,60,1,
2047,4040,Amb_Fire_Bonfire_01.ogg,288.20|306.16|53.09,30,60,1,
2048,4040,Amb_Fire_Bonfire_01.ogg,332.41|304.96|53.09,30,60,1,
2049,4040,Amb_Scare_Male_04.ogg,149.74|395.91|-7.71,30,60,1,
2050,4040,Amb_Scare_Male_02.ogg,103.42|389.31|-8.99,30,60,1,
2051,4040,Amb_Scare_Male_03.ogg,166.28|428.51|-8.22,30,60,1,
2052,4040,Amb_Scare_Male_05.ogg,94.20|424.89|-6.53,30,60,1,
2053,4040,Amb_Scare_Male_04.ogg,130.44|465.70|-7.71,30,60,1,
2054,4040,Amb_Scare_Male_04.ogg,71.51|263.44|-7.71,30,60,1,
2055,4040,Amb_Scare_Male_02.ogg,128.16|195.70|-8.99,30,60,1,
2056,4040,Amb_Scare_Male_04.ogg,142.83|293.56|-7.71,30,60,1,
2057,4040,Amb_Scare_Male_02.ogg,110.21|78.70|6.95,30,60,1,
2058,4040,Amb_Scare_Male_04.ogg,113.63|85.56|9.82,30,60,1,
2059,4040,Amb_Fire_Bonfire_01.ogg,395.95|108.65|-6.53,2,10,1,
2060,4040,Amb_Fire_Bonfire_01.ogg,396.02|94.85|-6.53,2,10,1,
2061,4040,Amb_Fire_Bonfire_01.ogg,396.68|86.14|-6.53,2,10,1,
2062,4040,Amb_Fire_Bonfire_01.ogg,397.22|73.09|-6.53,2,10,1,
2063,4040,Amb_Fire_Bonfire_01.ogg,429.03|94.22|-8.65,2,10,1,
2064,4040,Amb_Fire_Bonfire_01.ogg,419.26|73.55|-5.68,2,10,1,
2065,4040,AMB_Silent_Lake_01.ogg,311.87|112.36|-11.80,30,60,1,
2066,4040,Amb_Scare_Male_03.ogg,484.11|232.26|30.40,30,60,1,
2067,4050,Amb_Scare_Male_04.ogg,179.84|381.33|33.92,30,60,1,
2068,4060,Amb_Scare_Animal_02.ogg,122.22|296.89|54.19,20,60,1,
2069,4060,Amb_Scare_Animal_02.ogg,115.17|233.65|54.19,20,60,1,
2070,4060,Amb_Scare_Animal_02.ogg,123.43|150.95|54.19,20,60,1,
2071,4060,Amb_Scare_Animal_02.ogg,41.44|76.71|54.19,20,60,1,
2072,4430,Amb_Scare_Animal_02.ogg,459.09|443.38|180.65,50,100,1,
2073,4430,Animal_Wolf_04.ogg,440.03|439.93|172.00,20,100,1,
2074,4430,Animal_Wolf_04.ogg,458.94|216.84|172.00,20,100,1,
2075,4430,Amb_Fire_Large_01.ogg,286.18|216.98|153.32,50,100,1,
2076,4430,Amb_Fire_Large_01.ogg,289.54|214.19|153.32,30,60,1,
2077,4430,Amb_Fire_Large_01.ogg,399.30|207.60|187.98,10,20,1,
2078,4430,Amb_Fire_Large_01.ogg,398.42|230.91|187.98,10,20,1,
2079,4430,Amb_Fire_Large_01.ogg,424.96|179.66|179.84,10,20,1,
2080,4430,Amb_Fire_Large_01.ogg,448.64|160.35|179.84,10,20,1,
2081,4430,Amb_Fire_Large_01.ogg,480.64|160.65|179.84,10,20,1,
2082,4430,Amb_Fire_Large_01.ogg,426.87|266.02|181.36,10,20,1,
2083,4430,Amb_Fire_Large_01.ogg,453.48|283.54|181.36,10,20,1,
2084,4430,Amb_Fire_Large_01.ogg,482.67|281.83|181.36,10,20,1,
2085,4430,Amb_Fire_Large_01.ogg,469.55|241.27|181.36,10,20,1,
2086,4430,Amb_Fire_Large_01.ogg,470.44|205.47|181.36,10,20,1,
2087,4430,Amb_Fire_Large_01.ogg,258.65|86.08|160.69,10,20,1,
2088,4430,Amb_Fire_Large_01.ogg,314.43|86.35|160.69,10,20,1,
2089,4430,Amb_Fire_Large_01.ogg,314.28|30.08|160.69,10,20,1,
2090,4430,Amb_Fire_Large_01.ogg,295.16|16.36|155.87,10,20,1,
2091,4430,Amb_Fire_Large_01.ogg,275.37|16.84|155.87,10,20,1,
2092,4430,Amb_Fire_Large_01.ogg,258.76|31.66|164.21,10,20,1,
2093,4430,Amb_Fire_Large_01.ogg,217.69|71.88|160.69,10,20,1,
2094,4430,Amb_Fire_Large_01.ogg,219.71|48.31|160.69,10,20,1,
2095,4430,Amb_Fire_Large_01.ogg,152.20|50.74|160.69,10,20,1,
2096,4430,Amb_Fire_Large_01.ogg,152.76|67.84|160.69,10,20,1,
2097,4430,Amb_Fire_Large_01.ogg,368.03|380.58|181.36,10,20,1,
2098,4430,Amb_Fire_Large_01.ogg,393.98|380.60|181.36,10,20,1,
2099,4430,Amb_Fire_Large_01.ogg,419.94|380.91|181.31,10,20,1,
2100,4430,Amb_Fire_Large_01.ogg,369.95|406.97|181.36,10,20,1,
2101,4430,Amb_Fire_Large_01.ogg,369.34|425.99|181.36,10,20,1,
2102,4430,Amb_Fire_Large_01.ogg,368.38|449.66|181.36,10,20,1,
2103,4430,Amb_Fire_Large_01.ogg,368.56|468.72|181.36,10,20,1,
2104,4430,Amb_Fire_Large_01.ogg,374.37|496.08|181.36,10,20,1,
2105,4430,Amb_Fire_Large_01.ogg,399.41|496.06|181.36,10,20,1,
2106,4430,Amb_Fire_Large_01.ogg,425.64|495.28|181.36,10,20,1,
2107,4430,Amb_Fire_Large_01.ogg,441.80|459.64|181.36,10,20,1,
2108,4430,Amb_Fire_Large_01.ogg,442.92|421.54|181.36,10,20,1,
2109,4430,Amb_Fire_Large_01.ogg,317.72|361.62|181.36,10,20,1,
2110,4430,Amb_Fire_Large_01.ogg,275.86|375.05|181.36,10,20,1,
2111,4430,Amb_Fire_Large_01.ogg,305.19|444.44|181.36,10,20,1,
2112,4430,Amb_Fire_Large_01.ogg,337.43|426.73|181.36,10,20,1,
2113,4430,Amb_Fire_Large_01.ogg,336.79|451.51|181.36,10,20,1,
2114,4430,Amb_Fire_Large_01.ogg,173.90|424.02|206.94,10,20,1,
2115,4430,Amb_Fire_Large_01.ogg,172.21|464.15|206.94,10,20,1,
2116,4430,Amb_Fire_Large_01.ogg,153.29|463.83|206.94,10,20,1,
2117,4430,Amb_Fire_Large_01.ogg,154.98|423.69|206.94,10,20,1,
2118,4430,Amb_Fire_Large_01.ogg,137.90|423.60|206.94,10,20,1,
2119,4430,Amb_Fire_Large_01.ogg,136.21|463.74|206.94,10,20,1,
2120,4430,Amb_Fire_Large_01.ogg,119.10|464.14|206.94,10,20,1,
2121,4430,Amb_Fire_Large_01.ogg,120.80|424.01|206.94,10,20,1,
2122,4430,Amb_Fire_Large_01.ogg,212.98|428.94|206.94,10,20,1,
2123,4430,Amb_Fire_Large_01.ogg,212.49|456.59|206.94,10,20,1,
2124,4430,Amb_Fire_Large_01.ogg,26.90|449.73|206.94,10,20,1,
2125,4430,Amb_Fire_Large_01.ogg,39.83|411.04|206.94,10,20,1,
2126,4430,Amb_Fire_Large_01.ogg,1.31|424.41|206.94,10,20,1,
2127,4430,Amb_Fire_Large_01.ogg,0.52|314.53|186.19,10,20,1,
2128,4050,Amb_Fire_Torch_02.ogg,293.90|113.89|87.91,2,10,1,
2129,4050,Amb_Fire_Torch_02.ogg,294.45|99.60|87.91,2,10,1,
2130,4050,Amb_Fire_Torch_02.ogg,317.39|110.70|87.91,2,10,1,
2131,4050,Amb_Fire_Torch_02.ogg,317.83|103.47|87.91,2,10,1,
2132,4050,Amb_Fire_Torch_02.ogg,266.87|114.40|87.91,2,10,1,
2133,4050,Amb_Fire_Torch_02.ogg,267.53|99.57|87.91,2,10,1,
2134,4050,Amb_Fire_Torch_02.ogg,257.78|110.72|87.91,2,10,1,
2135,4050,Amb_Fire_Torch_02.ogg,257.80|103.50|87.91,2,10,1,
2136,4050,Amb_Fire_Torch_02.ogg,430.56|107.60|92.25,2,10,1,
2137,4050,Amb_Fire_Torch_02.ogg,427.20|91.05|92.25,2,10,1,
2138,4050,Amb_Fire_Torch_02.ogg,413.61|82.14|92.25,2,10,1,
2139,4050,Amb_Fire_Torch_02.ogg,397.10|82.27|92.25,2,10,1,
2140,4050,Amb_Fire_Torch_02.ogg,384.76|92.62|92.25,2,10,1,
2141,4050,Amb_Fire_Torch_02.ogg,385.21|122.30|92.25,2,10,1,
2142,4050,Amb_Fire_Torch_02.ogg,397.67|131.42|92.25,2,10,1,
2143,4050,Amb_Fire_Torch_02.ogg,413.94|131.14|92.22,2,10,1,
2144,4050,Amb_Fire_Torch_02.ogg,426.56|122.24|92.22,2,10,1,
2145,4050,Amb_Fire_Torch_02.ogg,332.10|102.74|89.76,2,10,1,
2146,4050,Amb_Fire_Torch_02.ogg,331.93|110.78|89.76,2,10,1,
2147,4050,Amb_Fire_Torch_02.ogg,341.26|110.87|89.76,2,10,1,
2148,4050,Amb_Fire_Torch_02.ogg,341.44|102.83|89.76,2,10,1,
2149,4050,Amb_Fire_Torch_02.ogg,350.13|102.69|89.76,2,10,1,
2150,4050,Amb_Fire_Torch_02.ogg,349.96|110.73|89.76,2,10,1,
2151,4050,Amb_Fire_Torch_02.ogg,359.29|110.82|89.76,2,10,1,
2152,4050,Amb_Fire_Torch_02.ogg,359.47|102.78|89.76,2,10,1,
2153,4050,Amb_Fire_Torch_02.ogg,368.24|111.29|89.76,2,10,1,
2154,4050,Amb_Fire_Torch_02.ogg,368.41|103.26|89.76,2,10,1,
2155,4050,Amb_Fire_Torch_02.ogg,190.75|87.84|76.06,2,10,1,
2156,4050,Amb_Fire_Torch_02.ogg,190.70|95.18|76.06,2,10,1,
2157,4050,Amb_Fire_Torch_02.ogg,146.01|87.81|76.06,2,10,1,
2158,4050,Amb_Fire_Torch_02.ogg,145.97|95.28|76.06,2,10,1,
2159,4050,Amb_Fire_Torch_02.ogg,120.67|136.02|63.85,2,10,1,
2160,4050,Amb_Fire_Torch_02.ogg,113.30|136.18|63.85,2,10,1,
2161,4050,Amb_Fire_Torch_02.ogg,225.37|190.63|62.68,2,10,1,
2162,4050,Amb_Fire_Torch_02.ogg,221.68|197.17|62.68,2,10,1,
2163,4050,Amb_Fire_Torch_02.ogg,248.48|203.30|62.68,2,10,1,
2164,4050,Amb_Fire_Torch_02.ogg,244.62|210.44|62.68,2,10,1,
2165,4050,Amb_Fire_Torch_02.ogg,243.41|194.34|62.68,2,10,1,
2166,4050,Amb_Fire_Torch_02.ogg,259.64|184.84|62.68,2,10,1,
2167,4050,Amb_Fire_Torch_02.ogg,278.44|185.05|62.68,2,10,1,
2168,4050,Amb_Fire_Torch_02.ogg,295.06|194.57|62.68,2,10,1,
2169,4050,Amb_Fire_Torch_02.ogg,304.86|211.00|62.68,2,10,1,
2170,4050,Amb_Fire_Torch_02.ogg,304.16|229.94|62.68,2,10,1,
2171,4050,Amb_Fire_Torch_02.ogg,294.28|246.08|62.68,2,10,1,
2172,4050,Amb_Fire_Torch_02.ogg,293.32|229.56|62.68,2,10,1,
2173,4050,Amb_Fire_Torch_02.ogg,289.01|237.12|62.68,2,10,1,
2174,4050,Amb_Fire_Torch_02.ogg,278.33|255.40|62.68,2,10,1,
2175,4050,Amb_Fire_Torch_02.ogg,258.94|255.79|62.68,2,10,1,
2176,4050,Amb_Fire_Torch_02.ogg,243.07|245.83|62.68,2,10,1,
2177,4050,Amb_Fire_Torch_02.ogg,233.53|229.36|62.68,2,10,1,
2178,4050,Amb_Fire_Torch_02.ogg,233.44|210.67|62.68,2,10,1,
2179,4050,Amb_Fire_Torch_02.ogg,388.09|324.14|46.05,2,10,1,
2180,4050,Amb_Fire_Torch_02.ogg,404.76|333.93|46.05,2,10,1,
2181,4050,Amb_Fire_Torch_02.ogg,387.98|334.90|46.05,2,10,1,
2182,4050,Amb_Fire_Torch_02.ogg,395.30|339.17|46.05,2,10,1,
2183,4050,Amb_Fire_Torch_02.ogg,369.17|323.72|46.05,2,10,1,
2184,4050,Amb_Fire_Torch_02.ogg,352.91|333.31|46.05,2,10,1,
2185,4050,Amb_Fire_Torch_02.ogg,342.88|349.81|46.05,2,10,1,
2186,4050,Amb_Fire_Torch_02.ogg,343.57|368.95|46.05,2,10,1,
2187,4050,Amb_Fire_Torch_02.ogg,352.90|384.71|46.05,2,10,1,
2188,4050,Amb_Fire_Torch_02.ogg,361.68|379.54|46.05,2,10,1,
2189,4050,Amb_Fire_Torch_02.ogg,369.07|383.86|46.05,2,10,1,
2190,4050,Amb_Fire_Torch_02.ogg,369.44|394.25|46.05,2,10,1,
2191,4050,Amb_Fire_Torch_02.ogg,387.74|394.61|46.05,2,10,1,
2192,4050,Amb_Fire_Torch_02.ogg,404.04|385.07|46.05,2,10,1,
2193,4050,Amb_Fire_Torch_02.ogg,413.78|368.80|46.05,2,10,1,
2194,4050,Amb_Fire_Torch_02.ogg,413.88|349.99|46.05,2,10,1,
2195,4050,Amb_Fire_Torch_02.ogg,401.34|312.34|46.05,2,10,1,
2196,4050,Amb_Fire_Torch_02.ogg,408.26|315.86|46.05,2,10,1,
2197,4050,Amb_Fire_Torch_02.ogg,349.26|402.84|46.05,2,10,1,
2198,4050,Amb_Fire_Torch_02.ogg,355.59|406.63|46.05,2,10,1,
2199,4050,Amb_Fire_Torch_02.ogg,290.49|380.84|37.97,2,10,1,
2200,4050,Amb_Fire_Torch_02.ogg,284.15|381.00|37.97,2,10,1,
2201,4050,Amb_Fire_Torch_02.ogg,291.22|399.13|37.97,2,10,1,
2202,4050,Amb_Fire_Torch_02.ogg,283.74|399.35|37.97,2,10,1,
2203,4050,Amb_Fire_Torch_02.ogg,271.08|407.92|37.97,2,10,1,
2204,4050,Amb_Fire_Torch_02.ogg,272.58|426.58|37.97,2,10,1,
2205,4050,Amb_Fire_Torch_02.ogg,267.53|345.62|34.50,2,10,1,
2206,4050,Amb_Fire_Torch_02.ogg,273.40|345.76|34.50,2,10,1,
2207,4050,Amb_Fire_Torch_02.ogg,273.28|328.56|34.50,2,10,1,
2208,4050,Amb_Fire_Torch_02.ogg,268.04|328.48|34.50,2,10,1,
2209,4050,Amb_Fire_Torch_02.ogg,258.55|319.41|34.50,2,10,1,
2210,4050,Amb_Fire_Torch_02.ogg,258.35|307.83|34.50,2,10,1,
2211,4050,Amb_Fire_Torch_02.ogg,233.37|378.04|37.18,2,10,1,
2212,4050,Amb_Fire_Torch_02.ogg,233.55|385.85|37.18,2,10,1,
2213,4050,Amb_Fire_Torch_02.ogg,216.47|372.35|37.18,2,10,1,
2214,4050,Amb_Fire_Torch_02.ogg,216.26|391.66|37.18,2,10,1,
2215,4050,Amb_Fire_Torch_02.ogg,206.94|377.60|37.18,2,10,1,
2216,4050,Amb_Fire_Torch_02.ogg,206.98|385.91|37.18,2,10,1,
2217,4050,Amb_Fire_Torch_02.ogg,206.98|356.34|37.18,2,10,1,
2218,4050,Amb_Fire_Torch_02.ogg,190.48|347.02|37.18,2,10,1,
2219,4050,Amb_Fire_Torch_02.ogg,171.61|346.72|37.18,2,10,1,
2220,4050,Amb_Fire_Torch_02.ogg,155.01|356.14|37.18,2,10,1,
2221,4050,Amb_Fire_Torch_02.ogg,145.90|372.47|37.18,2,10,1,
2222,4050,Amb_Fire_Torch_02.ogg,145.85|391.49|37.18,2,10,1,
2223,4050,Amb_Fire_Torch_02.ogg,154.69|407.47|37.18,2,10,1,
2224,4050,Amb_Fire_Torch_02.ogg,171.15|417.35|37.18,2,10,1,
2225,4050,Amb_Fire_Torch_02.ogg,190.28|417.54|37.18,2,10,1,
2226,4050,Amb_Fire_Torch_02.ogg,207.23|408.17|37.18,2,10,1,
2227,4050,Amb_Fire_Torch_02.ogg,155.09|386.22|37.18,2,10,1,
2228,4050,Amb_Fire_Torch_02.ogg,155.03|377.98|37.18,2,10,1,
2229,4050,Amb_Fire_Torch_02.ogg,128.14|378.26|37.18,2,10,1,
2230,4050,Amb_Fire_Torch_02.ogg,128.10|385.44|37.18,2,10,1,
2231,4050,Amb_Fire_Torch_02.ogg,81.09|386.38|32.03,2,10,1,
2232,4050,Amb_Fire_Torch_02.ogg,80.61|377.16|32.03,2,10,1,
2233,4050,Amb_Fire_Torch_02.ogg,68.94|377.53|32.03,2,10,1,
2234,4050,Amb_Fire_Torch_02.ogg,68.97|386.48|32.03,2,10,1,
2235,4050,Amb_Fire_Torch_02.ogg,52.88|378.09|29.45,2,10,1,
2236,4050,Amb_Fire_Torch_02.ogg,52.53|385.50|29.45,2,10,1,
2237,4050,Amb_Fire_Torch_02.ogg,59.93|385.90|30.19,2,10,1,
2238,4050,Amb_Fire_Torch_02.ogg,59.56|378.30|30.19,2,10,1,
2239,4050,Amb_Fire_Torch_02.ogg,7.38|388.12|37.21,2,10,1,
2240,4050,Amb_Fire_Torch_02.ogg,9.00|375.43|37.21,2,10,1,
2241,4050,Amb_HALO_01.ogg,9.51|381.96|37.03,10,30,1,
2242,4010,Amb_Scare_Male_01.ogg,197.88|399.79|129.00,20,50,1,
2243,4040,Amb_Bugs_Flying_01.ogg,104.78|226.81|-3.62,15,30,1,
2244,4040,Amb_Bugs_Flying_02.ogg,104.43|266.47|-3.62,15,30,1,
2245,4040,Amb_Bugs_Flying_02.ogg,137.65|232.77|-3.62,15,30,1,
2246,4040,Amb_Bugs_Flying_01.ogg,137.55|282.61|-3.62,15,30,1,
2247,4040,Amb_Bugs_Flying_03.ogg,115.49|189.77|-3.65,15,30,1,
2248,4040,Amb_Bugs_Flying_03.ogg,97.37|279.82|-3.65,15,30,1,
2249,4060,Amb_Fire_Bonfire_01.ogg,367.39|403.75|17.41,30,60,1,
2250,4060,Amb_Fire_Large_01.ogg,367.79|427.83|17.37,30,60,1,
2251,4060,Amb_Fire_Bonfire_01.ogg,427.17|418.74|17.41,30,60,1,
2252,4060,Amb_Fire_Large_01.ogg,321.49|412.45|17.37,30,60,1,
2253,4060,Amb_Fire_Large_01.ogg,269.54|462.81|17.37,30,60,1,
2254,4060,Amb_Fire_Large_01.ogg,249.80|363.49|17.37,30,60,1,
2255,4060,Amb_Fire_Bonfire_01.ogg,253.41|432.28|17.41,30,60,1,
2256,4060,Amb_Fire_Bonfire_01.ogg,251.42|386.83|17.41,30,60,1,
2257,4060,Amb_Fire_Bonfire_01.ogg,296.13|280.37|17.41,30,60,1,
2258,4060,Amb_Fire_Large_01.ogg,247.77|295.78|17.37,30,60,1,
2259,4060,Amb_Fire_Bonfire_01.ogg,338.28|318.82|17.41,30,60,1,
2260,4060,Amb_Fire_Large_01.ogg,391.78|249.00|17.37,30,60,1,
2261,4060,Amb_Fire_Large_01.ogg,367.23|183.52|17.37,30,60,1,
2262,4060,Amb_Fire_Large_01.ogg,388.80|212.00|17.37,30,60,1,
2263,4060,Amb_Fire_Bonfire_01.ogg,409.10|324.77|17.41,30,60,1,
2264,4060,Amb_Fire_Large_01.ogg,477.38|293.35|17.37,30,60,1,
2265,4060,Amb_Fire_Large_01.ogg,477.26|226.53|25.14,30,60,1,
2266,4060,Amb_Fire_Large_01.ogg,464.17|145.03|25.14,30,60,1,
2267,4060,Amb_Fire_Bonfire_01.ogg,477.81|261.85|25.18,30,60,1,
2268,4060,Amb_Fire_Bonfire_01.ogg,480.09|179.56|25.18,30,60,1,
2269,4060,Amb_Fire_Bonfire_01.ogg,453.74|105.25|25.18,30,60,1,
2270,4060,Amb_Fire_Bonfire_01.ogg,446.44|58.57|46.18,10,30,1,
2271,4060,Amb_Fire_Bonfire_01.ogg,357.45|154.10|-0.63,30,60,1,
2272,4060,Amb_Fire_Bonfire_01.ogg,182.60|94.78|21.96,30,60,1,
2273,4060,Amb_Fire_Large_01.ogg,169.12|210.92|40.92,30,60,1,
2274,4060,Amb_Fire_Large_01.ogg,128.93|234.99|40.92,30,60,1,
2275,4060,Amb_Fire_Large_01.ogg,139.06|286.42|43.81,30,60,1,
2276,4060,Amb_Fire_Large_01.ogg,196.42|243.80|43.81,30,60,1,
2277,4070,Amb_Scare_Animal_02.ogg,208.67|258.37|-52.72,30,80,1,
2278,4070,Amb_Lava_01.ogg,214.40|320.52|-65.17,20,50,1,
2279,4070,Amb_Lava_01.ogg,149.19|281.62|-65.17,20,50,1,
2280,4070,Amb_Lava_01.ogg,273.50|271.49|-65.17,20,50,1,
2281,4070,Amb_Lava_03.ogg,70.56|284.16|42.95,10,20,1,
2282,4070,Amb_Lava_03.ogg,56.57|294.10|42.95,10,20,1,
2283,4070,Amb_Lava_03.ogg,55.79|256.82|42.95,10,20,1,
2284,4070,Amb_Lava_03.ogg,29.24|258.21|42.95,10,20,1,
2285,4070,Amb_HALO_01.ogg,35.46|293.94|45.59,10,20,1,
2286,4070,Amb_Lava_03.ogg,78.05|240.65|42.95,10,20,1,
2287,4070,Amb_Lava_01.ogg,198.85|75.58|6.28,30,50,1,
2288,4070,Amb_Lava_02.ogg,177.66|22.62|3.46,30,50,1,
2289,4070,Amb_Lava_03.ogg,238.03|55.47|13.95,30,50,1,
2290,4070,Amb_Lava_01.ogg,226.22|120.46|6.28,30,50,1,
2291,4070,Amb_Lava_03.ogg,92.83|22.45|13.95,30,50,1,
2292,4070,Amb_Lava_02.ogg,80.53|98.83|21.67,30,50,1,
2293,4070,Amb_Lava_01.ogg,31.51|86.30|30.27,30,50,1,
2294,4070,Amb_Lava_03.ogg,168.74|84.68|13.95,30,50,1,
2295,4070,Amb_Lava_01.ogg,185.40|153.85|6.28,30,50,1,
2296,4070,Amb_Lava_03.ogg,82.67|392.77|17.62,10,20,1,
2297,4070,Amb_Lava_03.ogg,106.76|459.40|6.10,10,20,1,
2298,4070,Amb_Lava_03.ogg,154.36|454.26|7.08,10,20,1,
2299,4070,Amb_Lava_03.ogg,155.86|404.99|11.17,10,20,1,
2300,4070,Amb_Lava_03.ogg,209.07|467.65|6.82,10,20,1,
2301,4070,Amb_Lava_03.ogg,136.31|364.43|11.17,10,20,1,
2302,4070,Amb_Lava_03.ogg,262.57|490.54|15.80,10,20,1,
2303,4070,Amb_Lava_03.ogg,330.11|383.67|3.75,10,20,1,
2304,4070,Amb_Lava_03.ogg,312.85|371.12|3.75,10,20,1,
2305,4070,Amb_Lava_01.ogg,336.34|367.24|4.60,2,20,1,
2306,4070,Amb_Lava_01.ogg,308.69|389.97|4.31,10,20,1,
2307,4070,Amb_Lava_01.ogg,303.63|356.57|4.04,10,20,1,
2308,4070,Amb_Fire_Bonfire_01.ogg,373.48|137.72|-2.53,30,60,1,
2309,4070,Amb_Fire_Bonfire_01.ogg,452.61|135.73|-2.53,30,60,1,
2310,4070,Amb_Fire_Bonfire_01.ogg,395.37|201.66|-5.82,30,60,1,
2311,4070,Amb_Fire_Large_01.ogg,393.52|209.54|3.89,2,10,1,
2312,4070,Amb_Fire_Large_01.ogg,405.90|113.97|3.95,2,10,1,
2313,4070,Amb_Fire_Large_01.ogg,411.92|113.47|3.95,2,10,1,
2314,4070,Amb_Fire_Large_01.ogg,447.38|366.84|1.60,10,30,1,
2315,4070,Amb_Fire_Large_01.ogg,425.33|400.25|1.60,10,30,1,
2316,4070,Amb_Fire_Large_01.ogg,405.62|386.35|1.60,10,30,1,
2317,4070,Amb_Fire_Large_01.ogg,402.29|400.53|1.60,10,30,1,
2318,4070,Amb_Fire_Large_01.ogg,416.44|371.40|1.60,10,30,1,
2319,4070,Amb_Fire_Large_01.ogg,434.45|438.40|1.60,10,30,1,
2320,4070,Amb_Fire_Large_01.ogg,415.47|464.02|1.60,10,30,1,
2321,4070,Amb_Fire_Large_01.ogg,370.95|449.90|1.60,10,30,1,
2322,4070,Amb_Fire_Large_01.ogg,357.76|488.92|8.87,10,30,1,
2323,4070,Amb_Fire_Large_01.ogg,329.37|445.34|13.19,10,30,1,
2324,4070,Amb_Fire_Large_01.ogg,312.69|486.78|13.19,10,30,1,
2325,4070,Amb_Fire_Large_01.ogg,290.95|478.39|13.19,10,30,1,
2326,4070,Amb_Fire_Large_01.ogg,252.24|465.20|13.19,10,30,1,
2327,4070,Amb_Fire_Large_01.ogg,141.84|429.96|8.38,10,30,1,
2328,4070,Amb_Fire_Large_01.ogg,87.16|490.09|6.87,10,30,1,
2329,4070,Amb_Fire_Large_01.ogg,44.18|474.13|12.99,10,30,1,
2330,4070,Amb_Fire_Large_01.ogg,30.03|452.89|12.99,10,30,1,
2331,4070,Amb_Fire_Large_01.ogg,29.47|403.94|12.99,10,30,1,
2332,4070,Amb_Fire_Large_01.ogg,56.87|420.13|12.99,10,30,1,
2333,4070,Amb_Fire_Large_01.ogg,55.48|359.96|12.99,10,30,1,
2334,4070,Amb_Fire_Large_01.ogg,111.73|355.48|12.99,10,30,1,
2335,4070,Amb_Fire_Large_01.ogg,270.84|446.69|-1.29,10,30,1,
2336,4070,Amb_Fire_Large_01.ogg,320.57|400.56|4.22,10,30,1,
2337,4070,Amb_Lava_01.ogg,325.09|411.16|3.87,10,20,1,
2338,4070,Amb_HALO_01.ogg,313.06|335.33|6.93,10,20,1,
2339,4440,Animal_Owl_01.ogg,424.06|87.52|137.97,10,80,1,
2340,4440,Animal_Owl_01.ogg,438.33|340.55|137.97,10,80,1,
2341,4440,Animal_Owl_01.ogg,209.22|376.23|137.97,10,80,1,
2342,4440,Animal_Owl_01.ogg,170.42|100.48|137.97,10,80,1,
2343,4440,Amb_Bell_01.ogg,306.39|355.43|165.53,50,100,1,
2344,4440,Amb_Sea_Beach_02.ogg,198.06|242.87|131.98,30,80,1,
2345,4440,Amb_Water_L_Cascade_01.ogg,202.31|237.68|129.64,50,100,1,
2346,4440,Amb_Water_L_Cascade_01.ogg,238.83|274.83|129.64,50,100,1,
2347,4440,Amb_Water_L_Cascade_01.ogg,250.83|224.26|187.50,50,100,1,
2348,4440,Amb_Fire_Bonfire_01.ogg,361.49|322.64|152.36,2,10,1,
2349,4440,Amb_Fire_Bonfire_01.ogg,355.78|333.64|152.36,2,10,1,
2350,4440,Amb_Fire_Bonfire_01.ogg,344.79|335.74|152.36,2,10,1,
2351,4440,Amb_Fire_Bonfire_01.ogg,326.00|327.44|155.82,2,10,1,
2352,4440,Amb_Fire_Bonfire_01.ogg,326.26|334.28|155.82,2,10,1,
2353,4440,Amb_Fire_Bonfire_01.ogg,314.82|339.75|158.24,2,10,1,
2354,4440,Amb_Fire_Bonfire_01.ogg,297.40|340.48|158.24,2,10,1,
2355,4440,Amb_Fire_Bonfire_01.ogg,285.98|334.30|158.24,2,10,1,
2356,4440,Amb_Fire_Bonfire_01.ogg,285.95|327.07|158.24,2,10,1,
2357,4440,Amb_Fire_Bonfire_01.ogg,302.11|313.08|158.24,2,10,1,
2358,4440,Amb_Fire_Bonfire_01.ogg,309.28|313.11|158.24,2,10,1,
2359,4440,Amb_Fire_Bonfire_01.ogg,340.57|275.78|152.36,2,10,1,
2360,4440,Amb_Fire_Bonfire_01.ogg,353.46|275.84|152.36,2,10,1,
2361,4440,Amb_Fire_Bonfire_01.ogg,325.64|274.04|152.36,2,10,1,
2362,4440,Amb_Fire_Bonfire_01.ogg,286.69|280.79|152.36,2,10,1,
2363,4440,Amb_Fire_Bonfire_01.ogg,277.73|288.64|152.36,2,10,1,
2364,4440,Amb_Fire_Bonfire_01.ogg,268.08|306.44|152.36,2,10,1,
2365,4440,Amb_Fire_Bonfire_01.ogg,263.49|329.59|152.36,2,10,1,
2366,4440,Amb_Fire_Bonfire_01.ogg,291.13|162.65|158.94,2,10,1,
2367,4440,Amb_Fire_Bonfire_01.ogg,299.00|135.22|158.94,2,10,1,
2368,4440,Amb_Fire_Bonfire_01.ogg,332.04|134.52|158.94,2,10,1,
2369,4440,Amb_Fire_Bonfire_01.ogg,341.50|147.01|158.94,2,10,1,
2370,4440,Amb_Fire_Bonfire_01.ogg,343.33|162.10|158.94,2,10,1,
2371,4440,Amb_Fire_Bonfire_01.ogg,411.10|398.18|151.86,2,10,1,
2372,4440,Amb_Fire_Bonfire_01.ogg,401.82|398.02|151.86,2,10,1,
2373,4440,Amb_Fire_Bonfire_01.ogg,398.73|407.35|151.86,2,10,1,
2374,4440,Amb_Fire_Bonfire_01.ogg,405.87|412.54|151.86,2,10,1,
2375,4440,Amb_Fire_Bonfire_01.ogg,413.73|406.94|151.86,2,10,1,
2376,4440,Amb_Fire_Bonfire_01.ogg,214.90|319.76|133.46,2,10,1,
2377,4440,Amb_Fire_Bonfire_01.ogg,219.61|328.40|133.46,2,10,1,
2378,4440,Amb_Fire_Bonfire_01.ogg,212.83|335.53|133.46,2,10,1,
2379,4440,Amb_Fire_Bonfire_01.ogg,204.23|331.00|133.46,2,10,1,
2380,4440,Amb_Fire_Bonfire_01.ogg,205.77|321.57|133.46,2,10,1,
2381,4440,Amb_Fire_Bonfire_01.ogg,176.90|288.93|133.46,2,10,1,
2382,4440,Amb_Fire_Bonfire_01.ogg,172.46|278.63|133.46,2,10,1,
2383,4440,Amb_Fire_Bonfire_01.ogg,162.05|245.36|133.46,2,10,1,
2384,4440,Amb_Fire_Bonfire_01.ogg,170.13|252.95|133.46,2,10,1,
2385,4440,Amb_Fire_Bonfire_01.ogg,143.23|234.38|133.43,2,10,1,
2386,4440,Amb_Fire_Bonfire_01.ogg,133.87|228.42|133.43,2,10,1,
2387,4440,Amb_Fire_Bonfire_01.ogg,126.67|254.03|133.43,2,10,1,
2388,4440,Amb_Fire_Bonfire_01.ogg,123.21|264.32|133.43,2,10,1,
2389,4440,Amb_Fire_Bonfire_01.ogg,98.14|259.15|133.43,2,10,1,
2390,4440,Amb_Fire_Bonfire_01.ogg,91.62|249.55|133.43,2,10,1,
2391,4440,Amb_Fire_Bonfire_01.ogg,123.76|288.63|133.43,2,10,1,
2392,4440,Amb_Fire_Bonfire_01.ogg,133.41|293.86|133.43,2,10,1,
2393,4440,Amb_Fire_Bonfire_01.ogg,162.11|318.11|133.43,2,10,1,
2394,4440,Amb_Fire_Bonfire_01.ogg,173.55|319.46|133.43,2,10,1,
2395,4440,Amb_Water_L_Cascade_01.ogg,137.92|192.98|115.45,50,100,1,
2396,4440,Amb_Water_L_Cascade_01.ogg,150.25|179.91|115.45,50,100,1,
2397,4440,Amb_Sea_Beach_02.ogg,136.09|183.78|107.94,30,80,1,
2398,4440,Amb_Water_Waterfall_01.ogg,197.53|347.73|131.83,30,60,1,
2399,4440,Amb_Water_Waterfall_01.ogg,172.57|339.78|131.83,30,60,1,
2400,4440,Amb_Water_Waterfall_01.ogg,143.14|324.80|131.83,30,60,1,
2401,4440,Amb_Water_Waterfall_01.ogg,115.60|308.93|131.83,30,60,1,
2402,4440,Amb_Water_Waterfall_01.ogg,82.95|280.24|131.83,30,60,1,
2403,4440,Amb_Fire_Bonfire_01.ogg,191.18|263.84|133.46,2,10,1,
2404,4440,Amb_Fire_Bonfire_01.ogg,200.24|269.87|133.46,2,10,1,
2405,4440,Amb_Fire_Bonfire_01.ogg,127.09|133.25|131.98,2,10,1,
2406,4440,Amb_Fire_Bonfire_01.ogg,122.21|123.29|131.98,2,10,1,
2407,4440,Amb_Fire_Bonfire_01.ogg,121.69|114.92|131.98,2,10,1,
2408,4440,Amb_Fire_Bonfire_01.ogg,124.96|109.05|131.98,2,10,1,
2409,4440,Amb_Fire_Bonfire_01.ogg,138.31|98.50|131.98,2,10,1,
2410,4440,Amb_Fire_Bonfire_01.ogg,149.31|105.55|130.65,2,10,1,
2411,4440,Amb_Fire_Bonfire_01.ogg,156.92|108.74|130.65,2,10,1,
2412,4440,Amb_Fire_Bonfire_01.ogg,165.04|117.51|130.65,2,10,1,
2413,4440,Amb_Fire_Bonfire_01.ogg,169.23|128.72|130.65,2,10,1,
2414,4440,Amb_Fire_Bonfire_01.ogg,169.76|136.39|130.65,2,10,1,
2415,4440,Amb_Fire_Bonfire_01.ogg,181.61|139.27|130.65,2,10,1,
2416,4440,Amb_Fire_Bonfire_01.ogg,181.19|129.52|130.65,2,10,1,
2417,4440,Amb_Fire_Bonfire_01.ogg,189.32|123.03|130.65,2,10,1,
2418,4440,Amb_Fire_Bonfire_01.ogg,201.32|120.78|130.65,2,10,1,
2419,4440,Amb_Fire_Bonfire_01.ogg,185.96|151.37|130.65,2,10,1,
2420,4440,Amb_Fire_Bonfire_01.ogg,193.83|151.15|130.65,2,10,1,
2421,4440,Amb_Fire_Bonfire_01.ogg,207.03|147.61|130.65,2,10,1,
2422,4440,Amb_Fire_Bonfire_01.ogg,213.99|111.54|130.65,2,10,1,
2423,4440,Amb_Fire_Bonfire_01.ogg,205.84|109.35|130.65,2,10,1,
2424,4440,Amb_Fire_Bonfire_01.ogg,205.95|97.64|130.65,2,10,1,
2425,4440,Amb_Fire_Bonfire_01.ogg,213.25|99.57|130.65,2,10,1,
2426,4440,Amb_Fire_Bonfire_01.ogg,222.09|100.54|130.65,2,10,1,
2427,4440,Amb_Fire_Bonfire_01.ogg,244.54|95.86|130.65,2,10,1,
2428,4440,Amb_Fire_Bonfire_01.ogg,248.31|91.56|130.65,2,10,1,
2429,4440,Amb_Fire_Bonfire_01.ogg,256.31|93.33|130.65,2,10,1,
2430,4440,Amb_Fire_Bonfire_01.ogg,256.12|101.29|130.65,2,10,1,
2431,4440,Amb_Fire_Bonfire_01.ogg,255.20|109.11|130.65,2,10,1,
2432,4440,Amb_Fire_Bonfire_01.ogg,241.99|83.95|130.65,2,10,1,
2433,4440,Amb_Fire_Bonfire_01.ogg,235.30|87.43|130.65,2,10,1,
2434,4440,Amb_Fire_Bonfire_01.ogg,228.03|88.42|130.65,2,10,1,
2435,4440,Amb_Fire_Bonfire_01.ogg,220.03|87.15|130.65,2,10,1,
2436,4440,Amb_Fire_Bonfire_01.ogg,218.10|73.95|130.65,2,10,1,
2437,4440,Amb_Fire_Bonfire_01.ogg,227.53|67.74|130.65,2,10,1,
2438,4440,Amb_Fire_Bonfire_01.ogg,234.23|67.61|130.65,2,10,1,
2439,4440,Amb_Fire_Bonfire_01.ogg,197.53|84.32|130.65,2,10,1,
2440,4440,Amb_Fire_Bonfire_01.ogg,190.19|80.56|130.65,2,10,1,
2441,4440,Amb_Fire_Bonfire_01.ogg,179.65|78.20|130.65,2,10,1,
2442,4450,Amb_Lava_02.ogg,224.68|173.41|2.30,30,50,1,
2443,4450,Amb_Lava_02.ogg,285.33|97.20|69.08,2,20,1,
2444,4450,Amb_Lava_03.ogg,252.35|75.46|71.54,2,20,1,
2445,4450,Amb_Lava_03.ogg,294.64|140.40|72.56,2,20,1,
2446,4450,Amb_Lava_04.ogg,177.40|89.38|16.50,30,60,1,
2447,4450,Amb_Lava_04.ogg,173.97|142.84|16.50,30,60,1,
2448,4450,Amb_Lava_02.ogg,276.73|157.14|2.30,30,50,1,
2449,4450,Amb_Lava_02.ogg,282.79|77.04|2.30,30,50,1,
2450,4450,Amb_Lava_04.ogg,311.56|141.04|15.03,30,60,1,
2451,4450,Amb_Lava_04.ogg,314.99|87.58|15.03,30,60,1,
2452,4450,Amb_Scare_Male_02.ogg,45.56|276.84|17.80,30,60,1,
2453,4450,Amb_Scare_Male_03.ogg,40.89|190.69|17.80,30,60,1,
2454,4450,Amb_Scare_Male_04.ogg,124.36|224.71|17.77,30,60,1,
2455,4450,Amb_Scare_Male_03.ogg,124.58|286.09|17.80,30,60,1,
2456,4450,Amb_Lava_01.ogg,424.58|207.25|19.34,10,30,1,
2457,4450,Amb_Fire_Large_01.ogg,424.67|206.86|19.34,15,30,1,
2458,4450,Amb_Fire_Large_01.ogg,406.28|187.00|37.69,10,20,1,
2459,4450,Amb_Fire_Large_01.ogg,443.83|186.99|37.69,10,20,1,
2460,4450,Amb_Fire_Large_01.ogg,443.94|226.78|37.69,10,20,1,
2461,4450,Amb_Fire_Large_01.ogg,406.04|227.12|37.69,10,20,1,
2462,4450,Amb_Fire_Large_01.ogg,312.40|199.13|28.82,10,20,1,
2463,4450,Amb_Fire_Large_01.ogg,328.56|276.47|25.40,10,20,1,
2464,4450,Amb_Fire_Large_01.ogg,287.75|126.68|31.55,10,20,1,
2465,4450,Amb_Fire_Large_01.ogg,287.14|101.99|31.55,10,20,1,
2466,4450,Amb_Fire_Large_01.ogg,263.72|74.93|31.55,10,20,1,
2467,4450,Amb_Fire_Large_01.ogg,231.19|75.00|31.55,10,20,1,
2468,4450,Amb_Fire_Large_01.ogg,208.08|102.92|31.55,10,20,1,
2469,4450,Amb_Fire_Large_01.ogg,208.28|126.65|31.55,10,20,1,
2470,4450,Amb_Fire_Large_01.ogg,231.71|152.44|31.55,10,20,1,
2471,4450,Amb_Fire_Large_01.ogg,263.70|152.38|31.55,10,20,1,
2472,4450,Amb_Fire_Large_01.ogg,49.25|174.70|15.65,10,20,1,
2473,4450,Amb_Fire_Large_01.ogg,48.40|199.84|15.65,10,20,1,
2474,4450,Amb_Fire_Large_01.ogg,48.63|225.05|15.65,10,20,1,
2475,4450,Amb_Fire_Large_01.ogg,48.43|250.51|15.65,10,20,1,
2476,4450,Amb_Fire_Large_01.ogg,48.19|275.71|15.65,10,20,1,
2477,4450,Amb_Fire_Large_01.ogg,47.95|301.20|15.65,10,20,1,
2478,4450,Amb_Fire_Large_01.ogg,85.68|271.08|15.65,10,20,1,
2479,4450,Amb_Fire_Large_01.ogg,86.04|246.22|15.65,10,20,1,
2480,4450,Amb_Fire_Large_01.ogg,86.46|221.34|15.65,10,20,1,
2481,4450,Amb_Fire_Large_01.ogg,86.38|194.46|15.65,10,20,1,
2482,4450,Amb_Fire_Large_01.ogg,121.85|191.47|15.65,10,20,1,
2483,4450,Amb_Fire_Large_01.ogg,122.28|165.57|15.65,10,20,1,
2484,4450,Amb_Fire_Large_01.ogg,121.98|216.50|15.65,10,20,1,
2485,4450,Amb_Fire_Large_01.ogg,121.85|242.32|15.65,10,20,1,
2486,4450,Amb_Fire_Large_01.ogg,121.97|267.14|15.65,10,20,1,
2487,4450,Amb_Fire_Large_01.ogg,122.01|292.72|15.65,10,20,1,
2488,4450,Amb_Fire_Large_01.ogg,91.86|380.94|7.76,10,20,1,
2489,4450,Amb_Fire_Large_01.ogg,161.01|381.43|7.76,20,40,1,
2490,4450,Amb_Fire_Large_01.ogg,138.75|381.89|7.76,20,40,1,
2491,4450,Amb_Fire_Large_01.ogg,184.30|382.76|7.76,20,40,1,
2492,4450,Amb_Fire_Large_01.ogg,114.32|381.22|7.76,20,40,1,
2493,4450,Amb_Fire_Large_01.ogg,159.72|478.19|7.76,20,40,1,
2494,4450,Amb_Fire_Large_01.ogg,137.45|478.65|7.76,20,40,1,
2495,4450,Amb_Fire_Large_01.ogg,183.00|479.53|7.76,20,40,1,
2496,4450,Amb_Fire_Large_01.ogg,113.02|477.99|7.76,20,40,1,
2497,4450,Amb_Scare_Male_02.ogg,184.54|478.62|5.72,25,50,1,
2498,4450,Amb_Scare_Male_03.ogg,159.25|477.81|7.07,25,50,1,
2499,4450,Amb_Scare_Male_04.ogg,138.37|479.38|5.72,25,50,1,
2500,4450,Amb_Scare_Male_04.ogg,184.83|380.80|6.85,25,50,1,
2501,4450,Amb_Scare_Male_02.ogg,160.82|381.07|7.65,25,50,1,
2502,4450,Amb_Scare_Male_03.ogg,113.32|477.08|7.07,25,50,1,
2503,4450,Amb_Scare_Male_02.ogg,90.35|380.67|5.72,25,50,1,
2504,4450,Amb_Fire_Large_01.ogg,304.22|435.77|3.31,10,20,1,
2505,4450,Amb_Fire_Large_01.ogg,287.25|378.80|3.31,10,20,1,
2506,4450,Amb_Fire_Large_01.ogg,290.05|321.69|3.31,10,20,1,
2507,4450,Amb_Fire_Large_01.ogg,329.16|337.60|3.31,10,20,1,
2508,4450,Amb_Fire_Large_01.ogg,362.00|321.35|3.31,10,20,1,
2509,4450,Amb_Fire_Large_01.ogg,348.74|364.46|3.31,10,20,1,
2510,4450,Amb_Fire_Large_01.ogg,365.29|386.03|3.31,10,20,1,
2511,4450,Amb_Fire_Large_01.ogg,351.68|438.69|3.31,10,20,1,
2512,4450,Amb_Fire_Large_01.ogg,390.34|422.35|3.31,10,20,1,
2513,4450,Amb_Fire_Large_01.ogg,427.39|435.77|3.31,10,20,1,
2514,4450,Amb_Fire_Large_01.ogg,428.15|351.64|3.31,10,20,1,
2515,4450,Amb_Fire_Large_01.ogg,413.17|281.05|3.31,10,20,1,
2516,4460,Amb_Sea_Beach_02.ogg,456.21|358.35|14.32,50,100,1,
2517,4460,Amb_Sea_Beach_02.ogg,339.29|393.46|14.32,100,150,1,
2518,4460,Amb_Sea_Beach_02.ogg,464.28|204.02|10.13,50,100,1,
2519,4460,Amb_Water_L_Cascade_01.ogg,468.82|366.70|34.05,60,120,1,
2520,4460,Amb_Water_L_Cascade_01.ogg,366.66|360.67|27.02,100,150,1,
2521,4460,Amb_Water_L_Cascade_01.ogg,332.74|416.67|49.03,100,150,1,
2522,4460,Amb_Water_L_Cascade_01.ogg,477.77|251.28|21.14,30,60,1,
2523,4460,Amb_Water_L_Cascade_01.ogg,436.31|236.49|21.14,30,60,1,
2524,4460,Amb_Sea_Beach_02.ogg,610.88|477.80|14.32,100,150,1,
2525,4460,Amb_Water_L_Cascade_01.ogg,452.99|146.54|43.65,50,100,1,
2526,4460,Amb_Water_Waterfall_01.ogg,126.07|309.16|29.63,50,100,1,
2527,4460,Amb_Water_Waterfall_01.ogg,190.35|235.74|29.63,50,100,1,
2528,4460,Amb_Water_Waterfall_01.ogg,207.06|365.00|29.63,50,100,1,
2529,4460,Amb_Water_Waterfall_01.ogg,305.76|84.78|29.63,50,100,1,
2530,4460,Amb_Water_Waterfall_01.ogg,39.30|135.71|29.63,50,100,1,
2531,4460,Amb_Water_Waterfall_01.ogg,206.03|487.76|29.63,50,100,1,
2532,4460,Amb_Water_Waterfall_01.ogg,321.34|482.58|29.63,50,100,1,
2533,4460,Amb_Fire_Large_01.ogg,260.26|155.45|56.80,10,20,1,
2534,4460,Amb_Fire_Large_01.ogg,271.29|155.21|56.80,10,20,1,
2535,4460,Amb_Fire_Large_01.ogg,271.17|144.06|56.80,10,20,1,
2536,4460,Amb_Fire_Large_01.ogg,260.37|144.09|56.80,10,20,1,
2537,4460,Amb_Fire_Large_01.ogg,166.23|329.92|60.84,10,20,1,
2538,4460,Amb_Fire_Large_01.ogg,62.79|289.84|59.06,10,20,1,
2539,4460,Amb_Fire_Large_01.ogg,45.46|288.83|59.06,10,20,1,
2540,4460,Amb_Fire_Large_01.ogg,94.67|266.64|59.06,10,20,1,
2541,4460,Amb_Fire_Large_01.ogg,96.91|252.02|59.06,10,20,1,
2542,4460,Amb_Fire_Large_01.ogg,58.32|222.08|59.22,10,20,1,
2543,4460,Amb_Fire_Large_01.ogg,72.03|222.23|59.22,10,20,1,
2544,4460,Amb_Fire_Large_01.ogg,263.77|405.43|96.46,10,20,1,
2545,4460,Amb_Fire_Large_01.ogg,281.60|410.02|96.46,10,20,1,
2546,4460,Amb_Fire_Large_01.ogg,293.26|422.68|96.46,10,20,1,
2547,4460,Amb_Fire_Large_01.ogg,293.55|439.32|96.46,10,20,1,
2548,4460,Amb_Fire_Large_01.ogg,283.34|453.83|96.46,10,20,1,
2549,4460,Amb_Fire_Large_01.ogg,264.79|456.76|96.46,10,20,1,
2550,4460,Amb_Fire_Large_01.ogg,248.80|451.89|96.46,10,20,1,
2551,4460,Amb_Fire_Large_01.ogg,238.79|440.67|96.46,10,20,1,
2552,4460,Amb_Fire_Large_01.ogg,237.87|425.07|96.46,10,20,1,
2553,4460,Amb_Fire_Large_01.ogg,247.93|413.93|96.46,10,20,1,
2554,4460,Amb_HALO_01.ogg,148.97|194.68|54.09,15,30,1,
2555,4470,Amb_Lava_01.ogg,252.80|321.40|27.23,30,60,1,
2556,4470,Amb_Lava_02.ogg,218.20|302.88|27.23,20,40,1,
2557,4470,Amb_Lava_02.ogg,413.16|46.95|2.92,50,100,1,
2558,4470,Amb_Lava_01.ogg,515.50|48.31|2.89,50,100,1,
2559,4470,Amb_Lava_01.ogg,410.38|170.64|2.89,50,100,1,
2560,4470,Amb_Lava_02.ogg,515.65|174.77|2.92,50,100,1,
2561,4470,Amb_Lava_01.ogg,81.41|87.96|2.89,50,100,1,
2562,4470,Amb_HALO_01.ogg,83.72|91.14|28.94,20,40,1,
2563,4470,Amb_Lava_01.ogg,91.13|368.24|2.89,30,60,1,
2564,4470,Amb_Lava_02.ogg,139.08|414.11|2.92,30,60,1,
2565,4470,Amb_Lava_01.ogg,59.25|456.59|2.89,30,60,1,
2566,4470,Amb_HALO_01.ogg,94.49|387.53|8.53,20,40,1,
2567,4470,Amb_HALO_01.ogg,224.45|63.73|10.23,20,40,1,
2568,4470,Amb_HALO_01.ogg,448.67|63.55|10.23,20,40,1,
2569,4470,Amb_HALO_01.ogg,481.26|63.14|10.23,20,40,1,
2570,4470,Amb_Lava_01.ogg,446.26|294.81|3.48,50,100,1,
2571,4470,Amb_HALO_01.ogg,382.95|239.72|21.99,20,40,1,
2572,4470,Amb_HALO_01.ogg,326.17|318.03|46.30,20,40,1,
2573,2000,Amb_Scare_Male_01.ogg,2155.68|4284.66|136.06,20,40,1,
2574,2000,Amb_HALO_01.ogg,2154.75|4284.73|136.06,30,60,1,
2575,2000,Amb_HALO_01.ogg,2207.60|4344.15|139.03,20,40,1,
2576,2000,Amb_Fire_Large_01.ogg,2159.26|4270.54|135.01,2,10,1,
2577,2000,Amb_Fire_Large_01.ogg,2167.26|4275.92|135.01,2,10,1,
2578,2000,Amb_Fire_Large_01.ogg,2168.88|4288.40|135.01,2,10,1,
2579,2000,Amb_Fire_Large_01.ogg,2164.62|4294.87|135.01,2,10,1,
2580,2000,Amb_Fire_Large_01.ogg,2151.35|4297.72|135.01,2,10,1,
2581,2000,Amb_Fire_Large_01.ogg,2145.39|4293.90|135.01,2,10,1,
2582,2000,Amb_Fire_Large_01.ogg,2141.78|4280.53|135.01,2,10,1,
2583,2000,Amb_Fire_Large_01.ogg,2146.03|4273.48|135.01,2,10,1,
2584,2000,Amb_Fire_Large_01.ogg,2227.20|4141.09|123.29,2,10,1,
2585,2000,Amb_Fire_Large_01.ogg,2230.61|4136.47|123.29,2,10,1,
2586,2000,Amb_Fire_Large_01.ogg,2219.41|4122.03|125.47,2,10,1,
2587,2000,Amb_Water_Waterfall_01.ogg,2441.37|4233.40|124.31,50,100,1,
2588,2000,Amb_Water_Waterfall_01.ogg,2469.53|4203.00|124.31,50,100,1,
2589,2000,Amb_Fire_Large_01.ogg,2407.69|4322.55|155.78,2,10,1,
2590,2000,Amb_Fire_Large_01.ogg,2445.17|4356.35|155.78,2,10,1,
2591,2000,Amb_Fire_Large_01.ogg,2423.24|4353.15|155.78,2,10,1,
2592,2000,Amb_Fire_Large_01.ogg,2295.58|4507.51|163.74,2,10,1,
2593,2000,Amb_Fire_Large_01.ogg,2314.71|4505.34|163.74,2,10,1,
2594,2000,Amb_Fire_Large_01.ogg,2297.70|4595.23|177.34,2,10,1,
2595,2000,Amb_Fire_Large_01.ogg,2311.36|4594.74|177.34,2,10,1,
2596,2000,Amb_Fire_Large_01.ogg,2309.80|4604.59|177.34,2,10,1,
2597,2000,Amb_Fire_Large_01.ogg,2298.99|4604.98|177.34,2,10,1,
2598,2000,Animal_Crow_01.ogg,2309.44|4206.38|131.63,30,60,1,
2599,2000,Amb_Fire_Large_01.ogg,2383.51|4295.52|146.70,2,10,1,
2600,2000,Amb_Fire_Large_01.ogg,2377.13|4295.40|146.70,2,10,1,
2601,2000,Amb_HALO_01.ogg,2187.05|4020.53|74.81,15,30,1,
2602,2000,Amb_HALO_01.ogg,2120.46|3657.78|80.26,20,40,1,
2603,2000,Amb_Scare_Male_01.ogg,2186.88|4019.86|74.81,20,40,1,
2604,2000,Amb_Scare_Male_01.ogg,2120.89|3657.86|74.81,20,40,1,
2605,2000,Amb_Fire_Large_01.ogg,2426.28|3905.66|80.20,2,10,1,
2606,2000,Amb_Fire_Large_01.ogg,2437.27|3910.37|80.20,2,10,1,
2607,2000,Amb_Fire_Large_01.ogg,2416.01|3907.75|80.20,2,10,1,
2608,2000,Amb_Fire_Large_01.ogg,2418.86|3894.77|80.20,2,10,1,
2609,2000,Amb_Fire_Large_01.ogg,2426.90|3893.09|80.20,2,10,1,
2610,2000,Amb_Fire_Large_01.ogg,2425.11|3924.21|80.20,2,10,1,
2611,2000,Amb_Fire_Large_01.ogg,2433.59|3925.03|80.20,2,10,1,
2612,2000,Amb_Fire_Large_01.ogg,2414.93|3954.41|84.80,2,10,1,
2613,2000,Amb_Fire_Large_01.ogg,2415.28|3876.15|70.49,2,10,1,
2614,2000,Amb_Fire_Large_01.ogg,2421.64|3959.95|84.80,2,10,1,
2615,2000,Amb_Fire_Large_01.ogg,2426.84|3875.45|70.49,2,10,1,
2616,2000,AMB_Silent_Lake_01.ogg,2521.59|3976.13|78.25,20,40,1,
2617,2000,Amb_Fire_Large_01.ogg,2504.75|4030.97|90.71,2,10,1,
2618,2000,Amb_Fire_Large_01.ogg,2509.12|4035.18|90.71,2,10,1,
2619,2000,Amb_Bugs_Flying_01.ogg,2472.04|3984.22|85.72,5,20,1,
2620,2000,Amb_Bugs_Flying_01.ogg,2513.18|3984.70|85.72,5,20,1,
2621,2000,Amb_Bugs_Flying_01.ogg,2384.47|3972.20|85.72,5,20,1,
2622,2000,Amb_Bugs_Flying_01.ogg,2383.72|4007.56|88.15,5,20,1,
2623,2000,Amb_Bugs_Flying_01.ogg,2333.80|4009.75|93.54,5,20,1,
2624,2000,Amb_Bugs_Flying_01.ogg,2307.32|3988.59|93.54,5,20,1,
2625,2000,Amb_Bugs_Flying_01.ogg,2336.06|3973.74|98.02,5,20,1,
2626,2000,Amb_Bugs_Flying_01.ogg,2339.17|3932.23|98.02,5,20,1,
2627,2000,Amb_Bugs_Flying_01.ogg,2364.48|3914.81|98.02,5,20,1,
2628,2000,Amb_Bugs_Flying_01.ogg,2303.01|4019.18|93.54,5,20,1,
2629,2000,Amb_Bugs_Flying_01.ogg,2160.57|3886.66|67.96,5,20,1,
2630,2000,Amb_Bugs_Flying_01.ogg,2166.76|3979.37|70.87,5,20,1,
2631,2000,Amb_Fire_Large_01.ogg,2169.27|3965.32|74.75,11.25,22.5,1,
2632,2000,Amb_Fire_Large_01.ogg,2165.16|3883.27|66.21,11.25,22.5,1,
2633,2000,Amb_Scare_Male_01.ogg,2186.00|3653.70|74.81,20,40,1,
2634,2000,Amb_Fire_Large_01.ogg,2454.19|3632.28|59.07,2,10,1,
2635,2000,Amb_Fire_Large_01.ogg,2453.16|3624.99|59.07,2,10,1,
2636,2000,Animal_Crow_02.ogg,2401.05|3766.48|64.72,10,50,1,
2637,2000,Animal_Crow_01.ogg,2490.24|3743.21|58.15,10,50,1,
2638,2000,Animal_Crow_01.ogg,2120.84|3983.67|69.55,10,50,1,
2639,2000,Animal_Crow_01.ogg,2211.06|3929.76|83.16,10,50,1,
2640,2000,Amb_Fire_Large_01.ogg,2210.04|3171.09|58.25,7.5,15,1,
2641,2000,Amb_Fire_Large_01.ogg,2155.14|3201.52|59.65,7.5,15,1,
2642,2000,Amb_Fire_Large_01.ogg,2149.41|3225.55|61.79,7.5,15,1,
2643,2000,Amb_Fire_Large_01.ogg,2159.08|3230.46|61.79,7.5,15,1,
2644,2000,Amb_Fire_Large_01.ogg,2119.12|3217.44|64.20,7.5,15,1,
2645,2000,Amb_HALO_01.ogg,2268.79|3185.59|59.76,15,30,1,
2646,2000,Amb_Scare_Male_01.ogg,2268.72|3185.92|59.76,20,40,1,
2647,2000,Amb_Fire_Large_01.ogg,2241.47|3376.06|34.06,7.5,15,1,
2648,2000,Amb_Fire_Large_01.ogg,2248.70|3376.96|34.06,7.5,15,1,
2649,2000,Amb_HALO_01.ogg,2246.04|3369.10|35.89,15,30,1,
2650,2000,Animal_Crow_01.ogg,2164.21|3445.19|51.79,20,60,1,
2651,2000,Animal_Crow_01.ogg,2206.02|3207.16|64.27,20,60,1,
2652,2000,Amb_HALO_01.ogg,2362.32|3340.16|50.34,15,30,1,
2653,2000,Animal_Crow_01.ogg,2313.40|3433.90|64.27,20,60,1,
2654,2000,Amb_HALO_01.ogg,2389.90|3221.07|68.70,20,50,1,
2655,2000,Amb_Fire_Large_01.ogg,2201.49|3320.53|50.55,7.5,15,1,
2656,2000,Amb_Fire_Large_01.ogg,2440.65|3197.45|65.64,7.5,15,1,
2657,2000,Amb_Fire_Large_01.ogg,2428.65|3211.09|65.64,7.5,15,1,
2658,2000,Amb_Fire_Large_01.ogg,2428.84|3228.89|65.64,7.5,15,1,
2659,2000,Amb_Fire_Large_01.ogg,2442.14|3241.68|65.64,7.5,15,1,
2660,2000,Amb_Fire_Large_01.ogg,2454.78|3219.78|65.64,7.5,15,1,
2661,2000,Amb_Fire_Large_01.ogg,2472.82|3214.96|68.92,5,10,1,
2662,2000,Amb_Fire_Large_01.ogg,2449.59|3254.59|68.92,7.5,15,1,
2663,2000,Amb_Fire_Large_01.ogg,2450.08|3184.50|71.67,7.5,15,1,
2664,2000,Amb_Fire_Large_01.ogg,2527.41|3214.19|55.95,5,15,1,
2665,2000,Amb_Water_Waterfall_01.ogg,2494.28|3195.99|47.89,40,80,1,
2666,2000,Amb_Water_Waterfall_01.ogg,2489.65|3250.52|55.75,40,80,1,
2667,2000,Amb_Water_Waterfall_01.ogg,2396.43|3274.37|55.75,40,80,1,
2668,2000,Amb_Bugs_Flying_01.ogg,2186.43|3294.61|54.42,5,10,1,
2669,2000,Amb_Bugs_Flying_01.ogg,2197.35|3282.36|54.42,5,10,1,
2670,2000,Amb_Bugs_Flying_01.ogg,2164.20|3340.57|50.31,5,10,1,
2671,2000,Amb_Bugs_Flying_01.ogg,2163.70|3322.55|50.31,5,10,1,
2672,2000,Amb_Bugs_Flying_01.ogg,2153.71|3353.00|50.31,5,10,1,
2673,2000,Amb_Fire_Large_01.ogg,2788.56|3760.21|8.37,10,20,1,
2674,2000,Amb_Fire_Large_01.ogg,2903.62|3775.20|5.77,10,20,1,
2675,2000,Amb_Fire_Large_01.ogg,2675.83|3796.00|20.68,5,10,1,
2676,2000,Amb_Fire_Large_01.ogg,2686.80|3795.02|20.68,5,10,1,
2677,2000,Amb_Fire_Large_01.ogg,2686.50|3809.67|24.65,5,10,1,
2678,2000,Amb_Fire_Large_01.ogg,2678.42|3810.28|24.65,5,10,1,
2679,2000,Amb_Fire_Large_01.ogg,2707.37|3787.86|20.68,5,10,1,
2680,2000,Amb_Fire_Large_01.ogg,2675.86|3742.69|20.68,5,10,1,
2681,2000,Amb_Fire_Large_01.ogg,2763.48|3745.75|9.48,7.5,15,1,
2682,2000,Amb_Fire_Large_01.ogg,2767.69|3754.62|9.48,7.5,15,1,
2683,2000,Amb_Fire_Large_01.ogg,2722.13|3796.62|8.71,7.5,15,1,
2684,2000,Amb_Fire_Large_01.ogg,2749.66|3698.88|7.37,2,10,1,
2685,2000,Amb_Fire_Large_01.ogg,2737.31|3708.27|10.15,2,10,1,
2686,2000,Amb_Fire_Large_01.ogg,2730.92|3690.63|10.15,2,10,1,
2687,2000,Amb_Fire_Large_01.ogg,2790.40|3702.79|3.85,2,10,1,
2688,2000,Amb_Fire_Large_01.ogg,2783.95|3697.39|3.85,2,10,1,
2689,2000,Amb_Fire_Large_01.ogg,2742.15|3597.88|30.82,2,10,1,
2690,2000,Amb_Fire_Large_01.ogg,2747.39|3585.89|30.82,2,10,1,
2691,2000,Amb_Water_Waterfall_01.ogg,2789.27|3724.61|2.28,30,80,1,
2692,2000,Amb_Water_Waterfall_01.ogg,2774.24|3698.26|0.21,20,40,1,
2693,2000,Amb_Fire_Large_01.ogg,2942.25|3805.89|5.77,10,20,1,
2694,2000,Amb_Fire_Large_01.ogg,2933.88|3775.29|4.72,5,10,1,
2695,2000,Amb_Fire_Large_01.ogg,2936.78|3759.50|4.72,5,10,1,
2696,2000,Amb_Fire_Large_01.ogg,2972.31|3678.67|14.65,2,10,1,
2697,2000,Amb_Fire_Large_01.ogg,2946.40|3695.49|3.67,2,10,1,
2698,2000,Amb_Fire_Large_01.ogg,2918.54|3673.99|15.44,2,10,1,
2699,2000,Amb_HALO_01.ogg,2943.38|3662.39|18.26,5,25,1,
2700,2000,AMB_Silent_Lake_01.ogg,2915.08|3757.10|1.94,30,60,1,
2701,2000,AMB_Silent_Lake_01.ogg,2925.98|3722.84|1.94,30,60,1,
2702,2000,Amb_Scare_Male_01.ogg,2943.70|3662.29|18.26,5,20,1,
2703,2000,Amb_Water_Waterfall_01.ogg,2934.54|3739.05|2.18,30,80,1,
2704,2000,Amb_Scare_Male_02.ogg,2766.80|3751.67|4.31,20,50,1,
2705,2000,Amb_Scare_Male_03.ogg,2681.34|3801.28|20.56,20,50,1,
2706,2000,Amb_Scare_Male_04.ogg,2697.37|3719.13|18.92,20,50,1,
2707,2000,Amb_Fire_Large_01.ogg,2626.97|3757.36|27.31,2,10,1,
2708,2000,Amb_Fire_Large_01.ogg,2637.15|3754.35|27.31,2,10,1,
2709,2000,Amb_Fire_Large_01.ogg,2932.87|3827.89|42.81,2,10,1,
2710,2000,Amb_Fire_Large_01.ogg,2946.47|3837.56|25.13,2,10,1,
2711,2000,Amb_Fire_Large_01.ogg,2925.88|3897.32|20.87,2,10,1,
2712,2000,Animal_Crow_01.ogg,2924.66|3948.87|39.21,10,40,1,
2713,2000,Animal_Crow_01.ogg,2815.33|3921.89|39.21,10,40,1,
2714,2000,Animal_Crow_01.ogg,2640.45|3757.18|39.21,10,50,1,
2715,2000,Animal_Crow_01.ogg,2747.44|3681.07|39.21,10,50,1,
2716,2000,Animal_Crow_01.ogg,2919.36|3737.95|39.21,10,50,1,
2717,2000,Amb_HALO_01.ogg,2671.39|4000.44|91.46,5,40,1,
2718,2000,Amb_Fire_Large_01.ogg,2632.36|3929.46|80.45,2,10,1,
2719,2000,Amb_Fire_Large_01.ogg,2628.56|3933.70|80.45,2,10,1,
2720,2000,Amb_Fire_Large_01.ogg,2594.88|3891.26|80.45,2,10,1,
2721,2000,Amb_Fire_Large_01.ogg,2589.73|3895.66|80.45,2,10,1,
2722,2000,Amb_Fire_Large_01.ogg,2564.56|3723.74|63.84,2,10,1,
2723,2000,Amb_Fire_Large_01.ogg,3010.63|3782.36|14.46,2,10,1,
2724,2000,Amb_Fire_Large_01.ogg,2945.41|3723.95|4.20,2,10,1,
2725,2000,Amb_Fire_Large_01.ogg,2969.64|3721.75|4.20,2,10,1,
2726,2000,Amb_Fire_Large_01.ogg,2795.07|3303.51|61.72,7.5,20,1,
2727,2000,Amb_Sea_Beach_02.ogg,2906.17|3538.74|29.28,40,100,1,
2728,2000,Amb_Water_L_Cascade_01.ogg,2891.84|3539.92|29.61,50,100,1,
2729,2000,Amb_Water_L_Cascade_01.ogg,2911.50|3544.46|29.61,50,100,1,
2730,2000,Amb_Water_Waterfall_01.ogg,2910.11|3490.29|21.71,30,60,1,
2731,2000,Amb_Water_Waterfall_01.ogg,2964.56|3459.07|21.71,30,60,1,
2732,2000,Amb_Water_Waterfall_01.ogg,3011.47|3470.93|21.71,30,60,1,
2733,2000,Amb_Fire_Large_01.ogg,2807.72|3373.27|11.56,2,10,1,
2734,2000,Amb_Fire_Large_01.ogg,2835.44|3389.75|11.56,2,10,1,
2735,2000,Amb_Fire_Large_01.ogg,2835.65|3405.20|11.56,2,10,1,
2736,2000,Amb_Fire_Large_01.ogg,2831.33|3411.18|13.66,2,10,1,
2737,2000,Amb_Fire_Large_01.ogg,2830.10|3422.09|13.66,2,10,1,
2738,2000,Amb_Fire_Large_01.ogg,2814.72|3416.30|13.66,2,10,1,
2739,2000,Amb_Fire_Large_01.ogg,2808.75|3403.10|13.66,2,10,1,
2740,2000,Amb_Fire_Large_01.ogg,2800.88|3403.82|13.66,2,10,1,
2741,2000,Amb_Fire_Large_01.ogg,2795.94|3425.85|15.53,2,10,1,
2742,2000,Amb_Fire_Large_01.ogg,2792.75|3444.70|21.45,2,10,1,
2743,2000,Amb_Fire_Large_01.ogg,2794.27|3455.21|22.33,2,10,1,
2744,2000,Amb_Fire_Large_01.ogg,2845.86|3378.42|19.05,2,10,1,
2745,2000,Amb_Fire_Large_01.ogg,2923.68|3367.73|21.48,10,30,1,
2746,2000,Amb_Fire_Bonfire_01.ogg,2980.37|3472.64|29.97,2,10,1,
2747,2000,Amb_Fire_Bonfire_01.ogg,2975.51|3467.69|29.97,2,10,1,
2748,2000,Amb_Fire_Bonfire_01.ogg,2993.10|3449.45|29.97,2,10,1,
2749,2000,Amb_Fire_Bonfire_01.ogg,2998.82|3453.70|29.97,2,10,1,
2750,2000,Amb_Fire_Bonfire_01.ogg,2923.61|3500.61|29.97,2,10,1,
2751,2000,Amb_Fire_Bonfire_01.ogg,2923.47|3493.28|29.97,2,10,1,
2752,2000,Amb_Fire_Bonfire_01.ogg,2897.28|3500.71|29.97,2,10,1,
2753,2000,Amb_Fire_Bonfire_01.ogg,2897.61|3494.28|29.97,2,10,1,
2754,2000,Amb_Fire_Large_01.ogg,2785.32|3388.84|9.19,2,10,1,
2755,2000,Amb_Fire_Large_01.ogg,2527.26|3223.76|55.95,2,10,1,
2756,2000,Amb_Fire_Large_01.ogg,2525.16|3195.44|55.95,2,10,1,
2757,2000,Amb_Fire_Large_01.ogg,2516.89|3179.06|55.95,2,10,1,
2758,2000,Amb_Fire_Large_01.ogg,2525.35|3243.26|55.95,2,10,1,
2759,2000,Amb_Fire_Large_01.ogg,2514.49|3262.55|55.95,2,10,1,
2760,2000,Amb_Fire_Large_01.ogg,2473.28|3223.52|68.92,2,10,1,
2761,2000,Amb_Fire_Large_01.ogg,2576.70|3243.34|57.04,2,10,1,
2762,2000,Amb_Fire_Large_01.ogg,2575.93|3252.07|57.04,2,10,1,
2763,2000,Amb_Fire_Large_01.ogg,2577.01|3230.52|57.04,2,10,1,
2764,2000,Amb_Fire_Large_01.ogg,2576.20|3222.05|57.04,2,10,1,
2765,2000,Amb_Fire_Large_01.ogg,2627.09|3244.90|60.71,2,10,1,
2766,2000,Amb_Fire_Large_01.ogg,2627.80|3236.82|60.71,2,10,1,
2767,2000,Amb_Fire_Large_01.ogg,2646.32|3236.37|60.71,2,10,1,
2768,2000,Amb_Fire_Large_01.ogg,2646.43|3244.77|60.71,2,10,1,
2769,2000,Amb_Fire_Large_01.ogg,2855.21|3242.02|61.72,7.5,20,1,
2770,2000,Animal_Crow_01.ogg,2801.30|3152.49|72.94,20,80,1,
2771,2000,Animal_Crow_01.ogg,2974.06|3273.32|74.65,20,80,1,
2772,2000,Animal_Crow_01.ogg,2601.05|3496.86|41.02,20,80,1,
2773,2000,Amb_Fire_Large_01.ogg,6015.82|7633.64|108.89,2,10,1,
2774,2000,Amb_Fire_Large_01.ogg,5970.20|7556.64|96.33,2,10,1,
2775,2000,Amb_Fire_Large_01.ogg,6014.85|7534.67|99.90,2,10,1,
2776,2000,Amb_Fire_Large_01.ogg,6049.22|7527.42|99.90,2,10,1,
2777,2000,Amb_Fire_Large_01.ogg,6052.33|7536.90|100.27,2,10,1,
2778,2000,Amb_Fire_Large_01.ogg,6029.20|7505.70|101.69,2,10,1,
2779,2000,Amb_Fire_Large_01.ogg,6022.46|7511.05|101.69,2,10,1,
2780,2000,Amb_Fire_Large_01.ogg,6035.00|7563.39|99.88,2,10,1,
2781,2000,Amb_Fire_Bonfire_01.ogg,6001.15|7536.69|100.12,2,10,1,
2782,2000,Amb_Scare_Male_03.ogg,6060.12|7483.09|118.45,5,30,1,
2783,2000,Amb_Scare_Male_04.ogg,6106.22|7465.95|117.82,5,30,1,
2784,2000,Amb_Scare_Male_04.ogg,5994.27|7438.32|114.46,5,30,1,
2785,2000,Amb_Scare_Male_03.ogg,5972.25|7499.07|101.52,5,30,1,
2786,2000,Amb_Scare_Male_03.ogg,5879.37|7524.90|69.53,10,40,1,
2787,2000,Amb_Scare_Male_04.ogg,5894.86|7480.99|72.88,10,40,1,
2788,2000,Amb_Scare_Male_03.ogg,5829.15|7482.56|69.53,10,40,1,
2789,2000,Animal_Crow_01.ogg,5771.57|7369.65|114.33,10,50,1,
2790,2000,Animal_Crow_01.ogg,5763.32|7531.28|130.17,20,60,1,
2791,2000,Animal_Crow_01.ogg,6085.10|7613.90|114.33,10,50,1,
2792,2000,Animal_Crow_01.ogg,6009.04|7336.76|114.33,10,50,1,
2793,2000,Amb_Fire_Large_01.ogg,5851.20|7611.62|87.25,2,10,1,
2794,2000,Amb_Fire_Large_01.ogg,5791.95|7589.33|79.08,2,10,1,
2795,2000,Amb_Fire_Large_01.ogg,5790.88|7582.61|79.08,2,10,1,
2796,2000,Amb_Fire_Large_01.ogg,5774.57|7590.07|79.08,2,10,1,
2797,2000,Amb_Fire_Large_01.ogg,5852.41|7564.62|71.73,2,10,1,
2798,2000,Amb_Fire_Large_01.ogg,5857.03|7575.35|71.73,2,10,1,
2799,2000,Amb_Fire_Large_01.ogg,5880.39|7539.03|68.64,2,10,1,
2800,2000,Amb_Fire_Large_01.ogg,5933.13|7522.46|65.09,2,10,1,
2801,2000,Amb_Fire_Large_01.ogg,5927.96|7466.44|70.69,2,10,1,
2802,2000,Amb_Fire_Large_01.ogg,5840.18|7499.37|69.44,2,10,1,
2803,2000,Amb_Fire_Large_01.ogg,5933.50|7412.90|70.83,2,10,1,
2804,2000,Amb_Fire_Large_01.ogg,5942.38|7387.58|70.83,2,10,1,
2805,2000,Animal_Crow_01.ogg,5948.53|7390.55|114.33,10,50,1,
2806,2000,Animal_Crow_01.ogg,5929.01|7233.57|114.10,10,50,1,
2807,2000,Animal_Crow_01.ogg,5727.40|7409.49|113.13,10,50,1,
2808,2000,Animal_Crow_01.ogg,6043.34|7449.12|117.06,10,50,1,
2809,2000,Amb_Fire_Large_01.ogg,5839.92|7414.49|73.76,2,10,1,
2810,2000,Amb_Fire_Large_01.ogg,5853.52|7412.90|73.76,2,10,1,
2811,2000,Amb_Fire_Large_01.ogg,5837.14|7341.91|80.63,2,10,1,
2812,2000,Amb_Fire_Large_01.ogg,5858.13|7326.83|80.63,2,10,1,
2813,2000,Amb_Fire_Large_01.ogg,5787.76|7359.30|80.63,2,10,1,
2814,2000,Amb_Fire_Large_01.ogg,5744.68|7356.36|93.07,2,10,1,
2815,2000,Amb_Fire_Large_01.ogg,5723.30|7318.46|88.93,2,10,1,
2816,2000,Amb_Fire_Large_01.ogg,5723.06|7295.10|86.69,2,10,1,
2817,2000,Amb_Fire_Large_01.ogg,5766.93|7276.96|89.49,2,10,1,
2818,2000,Amb_Fire_Large_01.ogg,5800.21|7285.77|89.49,2,10,1,
2819,2000,Amb_Fire_Large_01.ogg,5812.91|7241.93|92.77,2,10,1,
2820,2000,Amb_Fire_Large_01.ogg,5820.72|7230.62|92.77,2,10,1,
2821,2000,Amb_Fire_Large_01.ogg,5862.93|7227.17|97.01,2,10,1,
2822,2000,Amb_Fire_Large_01.ogg,5905.77|7357.87|75.09,2,10,1,
2823,2000,Amb_Fire_Large_01.ogg,5922.62|7351.48|75.09,2,10,1,
2824,2000,Amb_Fire_Large_01.ogg,5950.03|7349.00|75.09,2,10,1,
2825,2000,Amb_Fire_Large_01.ogg,5967.15|7352.86|75.09,2,10,1,
2826,2000,Amb_Fire_Large_01.ogg,5999.39|7330.31|77.57,2,10,1,
2827,2000,Amb_Fire_Large_01.ogg,5998.12|7318.53|77.57,2,10,1,
2828,2000,Amb_Fire_Large_01.ogg,6008.60|7273.37|85.45,2,10,1,
2829,2000,Amb_Fire_Large_01.ogg,5955.82|7278.98|91.18,2,10,1,
2830,2000,Amb_Fire_Large_01.ogg,5909.25|7221.67|96.33,2,10,1,
2831,2000,Amb_Scare_Male_01.ogg,5770.63|7227.66|106.07,20,40,1,
2832,2000,Amb_Scare_Male_01.ogg,5696.74|7527.14|118.53,20,40,1,
2833,2000,Amb_Fire_Large_01.ogg,5704.25|7430.91|102.52,2,10,1,
2834,2000,Amb_Fire_Large_01.ogg,5762.72|7444.36|101.27,2,10,1,
2835,2000,Amb_Fire_Large_01.ogg,5786.22|7482.81|99.49,2,10,1,
2836,2000,Amb_Fire_Large_01.ogg,5749.41|7392.88|96.85,2,10,1,
2837,2000,Amb_Fire_Large_01.ogg,5694.04|7469.01|113.26,2,10,1,
2838,2000,Amb_Fire_Large_01.ogg,5719.87|7471.94|113.26,2,10,1,
2839,2000,Amb_Fire_Large_01.ogg,5732.09|7478.86|113.26,2,10,1,
2840,2000,Amb_Fire_Large_01.ogg,5748.04|7499.46|113.26,2,10,1,
2841,2000,Amb_Fire_Large_01.ogg,5711.31|7526.76|119.35,2,10,1,
2842,2000,Amb_Fire_Large_01.ogg,5690.35|7514.18|119.35,2,10,1,
2843,2000,AMB_Silent_Lake_01.ogg,5991.18|7609.17|87.21,20,40,1,
2844,2000,AMB_Silent_Lake_01.ogg,6000.62|7597.80|89.64,20,40,1,
2845,2000,AMB_Silent_Lake_01.ogg,5923.98|7617.75|88.97,20,40,1,
2846,2000,AMB_Silent_Lake_01.ogg,5866.60|7471.26|61.12,20,30,1,
2847,2000,AMB_Silent_Lake_01.ogg,5899.05|7534.23|67.20,20,30,1,
2848,2000,AMB_Silent_Lake_01.ogg,5981.63|7569.17|95.64,20,40,1,
2849,2000,Amb_Water_Waterfall_01.ogg,5725.54|7498.56|97.48,20,50,1,
2850,2000,Amb_Water_Waterfall_01.ogg,5702.97|7486.08|97.48,20,50,1,
2851,2000,Amb_Fire_Large_01.ogg,5920.74|6959.27|89.72,2,10,1,
2852,2000,Amb_Fire_Large_01.ogg,5887.05|7067.68|82.11,2,10,1,
2853,2000,Amb_Fire_Large_01.ogg,5897.41|7077.91|82.11,2,10,1,
2854,2000,Amb_Fire_Large_01.ogg,5912.71|7086.13|82.11,2,10,1,
2855,2000,Amb_Fire_Large_01.ogg,5918.25|7074.60|82.11,2,10,1,
2856,2000,Amb_Fire_Large_01.ogg,5912.90|7066.10|82.11,2,10,1,
2857,2000,Amb_Fire_Large_01.ogg,5865.01|7067.82|82.11,2,10,1,
2858,2000,Amb_Fire_Large_01.ogg,5863.26|7078.45|82.11,2,10,1,
2859,2000,Amb_Fire_Large_01.ogg,5811.71|7110.65|91.69,2,10,1,
2860,2000,Amb_Fire_Large_01.ogg,5796.06|7125.26|91.69,2,10,1,
2861,2000,Amb_Fire_Large_01.ogg,5707.02|7092.41|91.69,2,10,1,
2862,2000,Amb_Fire_Large_01.ogg,5748.11|7054.52|89.38,2,10,1,
2863,2000,Amb_Fire_Large_01.ogg,5770.60|6948.34|99.73,2,10,1,
2864,2000,Amb_Fire_Large_01.ogg,5882.86|6866.59|96.83,2,10,1,
2865,2000,Amb_Fire_Large_01.ogg,5943.63|6838.57|85.46,2,10,1,
2866,2000,Amb_Fire_Large_01.ogg,5955.55|6836.34|85.46,2,10,1,
2867,2000,Amb_Fire_Large_01.ogg,5964.07|6872.03|81.52,2,10,1,
2868,2000,Amb_Fire_Large_01.ogg,5951.88|6880.86|82.41,10,20,1,
2869,2000,Amb_Fire_Bonfire_01.ogg,5933.97|6874.22|81.06,2,10,1,
2870,2000,Amb_Fire_Large_01.ogg,5985.19|6902.99|77.10,2,10,1,
2871,2000,Amb_Fire_Large_01.ogg,5927.99|6747.90|96.88,2,10,1,
2872,2000,Amb_Fire_Large_01.ogg,5824.10|6782.11|100.03,2,10,1,
2873,2000,Amb_Fire_Large_01.ogg,5841.32|6760.38|102.33,2,10,1,
2874,2000,Amb_Fire_Large_01.ogg,5811.81|6735.48|104.46,2,10,1,
2875,2000,Amb_Fire_Large_01.ogg,5836.78|6719.27|105.38,2,10,1,
2876,2000,Amb_Fire_Large_01.ogg,5869.00|6742.70|102.43,2,10,1,
2877,2000,Amb_Fire_Large_01.ogg,6028.02|7116.08|75.14,2,10,1,
2878,2000,Amb_Fire_Large_01.ogg,5971.07|6941.81|79.96,2,10,1,
2879,2000,Amb_Fire_Large_01.ogg,5807.12|7071.36|91.69,2,10,1,
2880,2000,Amb_Fire_Large_01.ogg,6106.87|6841.74|78.35,2,10,1,
2881,2000,Amb_Sea_Beach_02.ogg,5768.75|6834.51|85.28,60,120,1,
2882,2000,Amb_Water_L_Cascade_01.ogg,5765.83|6863.75|97.34,50,100,1,
2883,2000,Amb_Water_L_Cascade_01.ogg,5757.15|6805.20|97.34,50,100,1,
2884,2000,Amb_Water_L_Cascade_01.ogg,5933.21|7012.15|63.87,30,60,1,
2885,2000,Amb_Water_L_Cascade_01.ogg,5993.67|6810.79|86.63,30,60,1,
2886,2000,Amb_Water_L_Cascade_01.ogg,5888.52|6813.08|86.63,30,60,1,
2887,2000,Amb_Water_L_Cascade_01.ogg,5827.12|6919.11|86.63,30,60,1,
2888,2000,Amb_Water_Waterfall_01.ogg,5829.54|6833.29|78.06,40,80,1,
2889,2000,Amb_Water_Waterfall_01.ogg,5834.50|6946.50|88.74,40,80,1,
2890,2000,Amb_Water_Waterfall_01.ogg,5881.32|6991.13|88.74,40,80,1,
2891,2000,Amb_Water_Waterfall_01.ogg,5965.39|7014.76|67.37,40,80,1,
2892,2000,Amb_Water_Waterfall_01.ogg,6013.08|7064.01|65.55,40,80,1,
2893,2000,Amb_Water_Waterfall_01.ogg,6027.05|6878.55|65.55,40,80,1,
2894,2000,Amb_Water_Waterfall_01.ogg,6096.74|6890.81|65.55,40,80,1,
2895,2000,Amb_Water_Waterfall_01.ogg,5973.89|6803.83|76.70,40,80,1,
2896,2000,Amb_Water_Waterfall_01.ogg,5915.41|6814.19|91.63,40,80,1,
2897,2000,Amb_Water_L_Cascade_01.ogg,5892.16|6812.02|86.63,30,60,1,
2898,2000,Amb_Water_L_Cascade_01.ogg,5717.72|6860.39|134.09,50,100,1,
2899,2000,Amb_Fire_Large_01.ogg,6358.17|7017.20|85.60,2,10,1,
2900,2000,Amb_Fire_Large_01.ogg,6359.59|6997.71|85.60,2,10,1,
2901,2000,Amb_Fire_Large_01.ogg,6260.56|7057.98|87.28,2,10,1,
2902,2000,Amb_Fire_Large_01.ogg,6253.34|7065.53|87.28,2,10,1,
2903,2000,Amb_Fire_Large_01.ogg,6241.57|7062.74|87.96,2,10,1,
2904,2000,Amb_Fire_Large_01.ogg,6214.66|7036.14|94.79,2,10,1,
2905,2000,Amb_Fire_Large_01.ogg,6179.50|7022.02|98.74,2,10,1,
2906,2000,Amb_Fire_Large_01.ogg,6194.50|7039.36|95.48,2,10,1,
2907,2000,Amb_Fire_Large_01.ogg,6184.33|6995.29|98.32,2,10,1,
2908,2000,Amb_Fire_Large_01.ogg,6226.70|7027.70|93.79,2,10,1,
2909,2000,Amb_Fire_Large_01.ogg,6276.35|6991.06|80.65,2,10,1,
2910,2000,Amb_Fire_Large_01.ogg,6274.48|6981.11|80.65,2,10,1,
2911,2000,Amb_Fire_Large_01.ogg,6402.17|6958.85|73.13,2,10,1,
2912,2000,Amb_Fire_Large_01.ogg,6411.52|6960.23|73.13,2,10,1,
2913,2000,Amb_Fire_Large_01.ogg,6409.02|6919.89|73.13,2,10,1,
2914,2000,Amb_Fire_Large_01.ogg,6418.28|6921.48|73.13,2,10,1,
2915,2000,Amb_Fire_Large_01.ogg,6410.76|6885.90|98.79,2,10,1,
2916,2000,Amb_Fire_Large_01.ogg,6425.12|6886.09|98.79,2,10,1,
2917,2000,Amb_Fire_Large_01.ogg,6354.17|6848.08|98.79,2,10,1,
2918,2000,Amb_Fire_Large_01.ogg,6354.26|6833.68|98.79,2,10,1,
2919,2000,Amb_Fire_Large_01.ogg,6409.21|6797.83|98.79,2,10,1,
2920,2000,Amb_Fire_Large_01.ogg,6423.84|6798.19|98.79,2,10,1,
2921,2000,Amb_Fire_Large_01.ogg,6458.27|6792.03|98.79,2,10,1,
2922,2000,Amb_Fire_Large_01.ogg,6471.85|6796.76|98.79,2,10,1,
2923,2000,Amb_Fire_Large_01.ogg,6477.92|6782.51|93.31,2,10,1,
2924,2000,Amb_Fire_Large_01.ogg,6464.10|6777.14|93.31,2,10,1,
2925,2000,Amb_Fire_Large_01.ogg,6480.07|6834.41|98.79,2,10,1,
2926,2000,Amb_Fire_Large_01.ogg,6479.59|6848.87|98.79,2,10,1,
2927,2000,Amb_Fire_Large_01.ogg,6251.89|6945.80|72.47,2,10,1,
2928,2000,Amb_Fire_Large_01.ogg,6243.46|6949.99|72.47,2,10,1,
2929,2000,Amb_Fire_Large_01.ogg,6226.64|6911.79|72.47,2,10,1,
2930,2000,Amb_Fire_Large_01.ogg,6235.14|6908.44|72.47,2,10,1,
2931,2000,Amb_Fire_Large_01.ogg,6253.78|6844.02|72.47,2,10,1,
2932,2000,Amb_Fire_Large_01.ogg,6334.81|6709.26|83.19,2,10,1,
2933,2000,Amb_Fire_Large_01.ogg,6441.92|6986.47|77.65,2,10,1,
2934,2000,Amb_Fire_Large_01.ogg,6571.88|6959.63|75.46,2,10,1,
2935,2000,Amb_HALO_01.ogg,6592.72|7071.64|99.95,10,20,1,
2936,2000,Amb_Fire_Large_01.ogg,6554.77|6754.42|78.27,2,10,1,
2937,2000,Amb_Fire_Large_01.ogg,6551.14|6724.50|78.27,2,10,1,
2938,2000,Amb_Fire_Large_01.ogg,6497.23|6696.19|72.89,2,10,1,
2939,2000,Amb_Fire_Large_01.ogg,6491.15|6693.73|72.89,2,10,1,
2940,2000,Amb_Fire_Large_01.ogg,6499.42|6675.37|72.89,2,10,1,
2941,2000,Amb_Fire_Bonfire_01.ogg,6491.27|6684.05|73.07,2,10,1,
2942,2000,Amb_Water_Waterfall_01.ogg,6386.03|6936.83|57.17,50,100,1,
2943,2000,Amb_Water_Waterfall_01.ogg,6445.96|6945.38|57.17,50,100,1,
2944,2000,Amb_Water_Waterfall_01.ogg,6261.64|6927.38|57.17,50,100,1,
2945,2000,Amb_Water_Waterfall_01.ogg,6199.82|6933.92|57.17,50,100,1,
2946,2000,Amb_Water_L_Cascade_01.ogg,6321.09|6913.39|56.34,50,100,1,
2947,2000,Amb_Water_Waterfall_01.ogg,6543.26|6899.18|57.17,50,100,1,
2948,2000,Amb_Water_Waterfall_01.ogg,6497.25|6753.96|57.17,50,100,1,
2949,2000,Amb_Water_Waterfall_01.ogg,6432.37|6749.69|57.17,50,100,1,
2950,2000,Amb_Water_Waterfall_01.ogg,6292.95|6808.17|57.17,50,100,1,
2951,2000,Animal_Crow_01.ogg,6499.44|7072.33|85.64,20,100,1,
2952,2000,Animal_Crow_01.ogg,6345.95|7080.20|85.64,20,100,1,
2953,2000,Animal_Crow_01.ogg,6227.99|6857.24|85.64,20,100,1,
2954,2000,Amb_Fire_Large_01.ogg,6366.07|6363.85|79.03,2,10,1,
2955,2000,Amb_Fire_Large_01.ogg,6356.89|6367.99|79.03,2,10,1,
2956,2000,Amb_Fire_Large_01.ogg,6372.23|6376.27|79.03,2,10,1,
2957,2000,Amb_Fire_Large_01.ogg,6379.15|6400.23|79.03,2,10,1,
2958,2000,Amb_Fire_Large_01.ogg,6355.58|6402.83|77.37,2,10,1,
2959,2000,Amb_Fire_Large_01.ogg,6351.80|6395.80|77.31,2,10,1,
2960,2000,Amb_Fire_Large_01.ogg,6389.12|6379.29|79.03,2,10,1,
2961,2000,Amb_Fire_Large_01.ogg,6392.43|6386.52|79.03,2,10,1,
2962,2000,Amb_Fire_Large_01.ogg,6288.99|6296.23|82.42,2,10,1,
2963,2000,Amb_Fire_Large_01.ogg,6304.19|6280.76|82.42,2,10,1,
2964,2000,Amb_Fire_Large_01.ogg,6337.50|6261.57|78.35,2,10,1,
2965,2000,Amb_Fire_Large_01.ogg,6259.26|6323.20|78.35,2,10,1,
2966,2000,Amb_Fire_Large_01.ogg,6192.22|6448.31|80.16,2,10,1,
2967,2000,Amb_Fire_Large_01.ogg,6181.11|6444.48|80.16,2,10,1,
2968,2000,Amb_Fire_Large_01.ogg,6174.87|6473.22|88.22,2,10,1,
2969,2000,Amb_Fire_Large_01.ogg,6182.87|6474.80|88.22,2,10,1,
2970,2000,Amb_Fire_Large_01.ogg,6181.27|6482.08|88.22,2,10,1,
2971,2000,Amb_Fire_Large_01.ogg,6173.37|6480.16|88.22,2,10,1,
2972,2000,Amb_Fire_Bonfire_01.ogg,6162.13|6480.29|81.12,2,10,1,
2973,2000,Amb_Fire_Bonfire_01.ogg,6197.10|6475.27|81.12,2,10,1,
2974,2000,Amb_Fire_Large_01.ogg,6485.27|6489.06|82.32,2,10,1,
2975,2000,Amb_Fire_Large_01.ogg,6499.56|6482.17|82.32,2,10,1,
2976,2000,Amb_Fire_Large_01.ogg,6526.36|6291.97|78.97,2,10,1,
2977,2000,Amb_Fire_Large_01.ogg,6512.48|6283.50|78.97,2,10,1,
2978,2000,Amb_HALO_01.ogg,6548.86|6240.38|79.64,10,50,1,
2979,2000,Amb_HALO_01.ogg,6514.36|6525.61|79.64,10,50,1,
2980,2000,Amb_HALO_01.ogg,6251.99|6237.40|79.64,10,50,1,
2981,2000,Amb_Scare_Male_03.ogg,6206.89|6253.58|84.26,50,100,1,
2982,2000,Amb_Scare_Male_04.ogg,6274.03|6196.23|84.26,50,100,1,
2983,2000,Amb_Scare_Male_01.ogg,6236.78|6222.18|84.26,30,60,1,
2984,2000,Amb_Scare_Male_01.ogg,6523.57|6547.66|84.26,30,60,1,
2985,2000,Amb_Scare_Male_03.ogg,6493.41|6572.72|84.26,30,60,1,
2986,2000,Amb_Scare_Male_04.ogg,6560.13|6538.76|84.26,30,60,1,
2987,2000,Amb_Scare_Male_01.ogg,6570.63|6218.94|83.70,30,60,1,
2988,2000,Amb_Scare_Male_03.ogg,6579.95|6263.25|83.56,30,60,1,
2989,2000,Amb_Scare_Male_04.ogg,6518.14|6197.01|84.26,30,60,1,
2990,2000,Amb_Sea_Beach_02.ogg,6386.05|6234.21|56.29,60,120,1,
2991,2000,Amb_Water_L_Cascade_01.ogg,6374.23|6200.55|69.77,60,120,1,
2992,2000,Amb_Water_Waterfall_01.ogg,6454.76|6309.73|56.29,50,100,1,
2993,2000,Amb_Water_L_Cascade_01.ogg,6397.35|6201.59|69.77,60,120,1,
2994,2000,Amb_Water_Waterfall_01.ogg,6499.02|6333.82|56.29,50,100,1,
2995,2000,Amb_Water_Waterfall_01.ogg,6545.56|6394.80|56.29,50,100,1,
2996,2000,Amb_Water_Waterfall_01.ogg,6438.28|6435.83|56.29,50,100,1,
2997,2000,Amb_Water_Waterfall_01.ogg,6381.59|6513.98|56.29,50,100,1,
2998,2000,Amb_Water_Waterfall_01.ogg,6259.13|6461.90|56.29,50,100,1,
2999,2000,Amb_Water_Waterfall_01.ogg,6272.99|6349.63|56.29,50,100,1,
3000,2000,Amb_Water_Waterfall_01.ogg,6358.78|6288.61|56.29,50,100,1,
3001,2000,Amb_Scare_Male_03.ogg,5685.57|6362.72|112.80,20,50,1,
3002,2000,Amb_Scare_Male_04.ogg,5687.22|6432.85|112.80,20,50,1,
3003,2000,Amb_Scare_Male_01.ogg,5667.25|6397.99|112.80,30,60,1,
3004,2000,Amb_Fire_Large_01.ogg,5823.64|6529.37|93.25,2,10,1,
3005,2000,Amb_Fire_Large_01.ogg,5803.56|6554.58|93.25,2,10,1,
3006,2000,Amb_Fire_Large_01.ogg,5791.37|6558.86|93.25,2,10,1,
3007,2000,Amb_Fire_Large_01.ogg,5790.00|6397.68|93.25,2,10,1,
3008,2000,Amb_Fire_Large_01.ogg,5799.23|6274.86|93.25,2,10,1,
3009,2000,Amb_Fire_Large_01.ogg,5811.58|6269.80|93.25,2,10,1,
3010,2000,Amb_Fire_Large_01.ogg,5798.50|6248.62|93.25,2,10,1,
3011,2000,Amb_Fire_Large_01.ogg,5761.47|6249.60|93.25,2,10,1,
3012,2000,Amb_Fire_Large_01.ogg,5720.30|6374.60|112.61,2,10,1,
3013,2000,Amb_Fire_Large_01.ogg,5700.41|6375.08|112.61,2,10,1,
3014,2000,Amb_Fire_Large_01.ogg,5680.15|6374.95|112.61,2,10,1,
3015,2000,Amb_Fire_Large_01.ogg,5680.21|6419.98|112.61,2,10,1,
3016,2000,Amb_Fire_Large_01.ogg,5700.40|6419.80|112.61,2,10,1,
3017,2000,Amb_Fire_Large_01.ogg,5720.82|6420.23|112.61,2,10,1,
3018,2000,Amb_Fire_Large_01.ogg,5669.30|6406.10|127.99,2,10,1,
3019,2000,Amb_Fire_Large_01.ogg,5832.63|6469.94|83.32,2,10,1,
3020,2000,Amb_Fire_Large_01.ogg,5893.44|6456.43|83.32,2,10,1,
3021,2000,Amb_Fire_Large_01.ogg,5896.92|6468.35|83.32,2,10,1,
3022,2000,Amb_Fire_Large_01.ogg,5919.85|6471.39|83.32,2,10,1,
3023,2000,Amb_Fire_Large_01.ogg,5878.24|6411.34|83.32,2,10,1,
3024,2000,Amb_Fire_Large_01.ogg,5864.71|6408.09|83.32,2,10,1,
3025,2000,Amb_Fire_Large_01.ogg,5864.01|6384.73|83.32,2,10,1,
3026,2000,Amb_Fire_Large_01.ogg,5880.65|6390.71|83.32,2,10,1,
3027,2000,Amb_Fire_Large_01.ogg,5877.82|6379.56|83.32,2,10,1,
3028,2000,Amb_Fire_Large_01.ogg,5890.59|6401.97|83.32,2,10,1,
3029,2000,Amb_Fire_Large_01.ogg,5838.16|6328.11|83.33,2,10,1,
3030,2000,Amb_Fire_Large_01.ogg,5893.87|6331.50|83.33,2,10,1,
3031,2000,Amb_Fire_Large_01.ogg,5905.29|6339.20|83.33,2,10,1,
3032,2000,Amb_Fire_Large_01.ogg,5866.50|6258.69|73.22,2,10,1,
3033,2000,Amb_Fire_Large_01.ogg,5941.85|6253.68|73.22,2,10,1,
3034,2000,Amb_Fire_Large_01.ogg,5957.25|6327.54|73.22,2,10,1,
3035,2000,Amb_Fire_Large_01.ogg,5965.49|6328.20|73.22,2,10,1,
3036,2000,Amb_Fire_Large_01.ogg,5919.90|6541.61|72.98,2,10,1,
3037,2000,Amb_Fire_Large_01.ogg,5917.12|6550.91|72.98,2,10,1,
3038,2000,Amb_Fire_Large_01.ogg,5954.33|6540.29|72.98,2,10,1,
3039,2000,Amb_Fire_Large_01.ogg,5901.04|6521.21|72.98,2,10,1,
3040,2000,Amb_Fire_Large_01.ogg,5878.53|6520.82|72.98,2,10,1,
3041,2000,Amb_Fire_Large_01.ogg,5751.81|6298.99|112.61,2,10,1,
3042,2000,Amb_Fire_Large_01.ogg,5754.44|6497.33|112.61,2,10,1,
3043,2000,Amb_Fire_Large_01.ogg,5705.73|6487.14|112.61,2,10,1,
3044,2000,Amb_Water_Waterfall_01.ogg,6048.75|6427.89|63.86,40,80,1,
3045,2000,Amb_Water_Waterfall_01.ogg,6049.91|6368.70|63.86,40,80,1,
3046,4050,Amb_Fire_Torch_02.ogg,281.46|99.20|87.91,2,10,1,
3047,4050,Amb_Fire_Torch_02.ogg,280.83|113.86|87.91,2,10,1,
3048,4070,Amb_HALO_01.ogg,279.52|140.07|14.80,10,20,1,
3049,4080,Amb_Fire_Large_01.ogg,279.83|45.68|1.26,2,10,1,
3050,4080,Amb_Fire_Large_01.ogg,262.67|62.43|1.26,2,10,1,
3051,4080,Amb_Fire_Large_01.ogg,284.66|64.41|1.26,2,10,1,
3052,4080,Amb_Fire_Large_01.ogg,293.21|40.28|1.26,2,10,1,
3053,4080,Amb_Fire_Large_01.ogg,299.20|70.81|1.26,2,10,1,
3054,4080,Amb_Fire_Large_01.ogg,330.76|131.10|20.22,2,10,1,
3055,4080,Amb_Fire_Large_01.ogg,341.47|137.69|20.22,2,10,1,
3056,4080,Amb_Fire_Large_01.ogg,317.71|131.65|20.22,2,10,1,
3057,4080,Amb_Fire_Large_01.ogg,306.92|137.52|20.22,2,10,1,
3058,4080,Amb_Fire_Large_01.ogg,300.47|148.79|20.22,2,10,1,
3059,4080,Amb_Fire_Large_01.ogg,301.42|161.62|20.22,2,10,1,
3060,4080,Amb_Fire_Large_01.ogg,307.64|171.94|20.22,2,10,1,
3061,4080,Amb_Fire_Large_01.ogg,318.48|178.13|20.22,2,10,1,
3062,4080,Amb_Fire_Large_01.ogg,330.59|177.75|20.22,2,10,1,
3063,4080,Amb_Fire_Large_01.ogg,341.07|171.62|20.22,2,10,1,
3064,4080,Amb_Fire_Large_01.ogg,347.41|161.62|20.22,2,10,1,
3065,4080,Amb_Fire_Large_01.ogg,347.11|148.75|20.22,2,10,1,
3066,4080,Amb_Scare_Male_03.ogg,280.69|121.30|8.14,20,50,1,
3067,4080,Amb_Scare_Male_03.ogg,351.88|68.34|3.50,20,50,1,
3068,4080,Amb_Bugs_Flying_01.ogg,273.46|38.58|1.26,10,20,1,
3069,4080,Amb_Bugs_Flying_01.ogg,273.93|61.28|1.19,10,20,1,
3070,4080,Amb_Bugs_Flying_01.ogg,298.60|46.74|1.21,10,20,1,
3071,4080,Amb_Bugs_Flying_01.ogg,309.23|57.55|0.87,10,20,1,
3072,4080,Amb_Bugs_Flying_01.ogg,260.66|54.44|1.26,10,20,1,
3073,4080,Amb_Bugs_Flying_01.ogg,289.92|95.57|5.90,10,20,1,
3074,4080,AMB_Silent_Lake_01.ogg,366.16|208.45|-2.75,20,50,1,
3075,4080,Amb_Fire_Large_01.ogg,49.51|97.53|1.25,2,10,1,
3076,4080,Amb_Fire_Large_01.ogg,56.82|97.55|1.25,2,10,1,
3077,4080,Amb_Fire_Large_01.ogg,43.50|44.84|1.25,2,10,1,
3078,4080,Amb_Fire_Large_01.ogg,57.25|43.98|1.25,2,10,1,
3079,4080,Amb_Fire_Large_01.ogg,59.28|57.82|1.25,2,10,1,
3080,4080,Amb_Fire_Large_01.ogg,42.93|36.22|8.24,2,10,1,
3081,4080,Amb_Fire_Large_01.ogg,58.06|36.07|8.24,2,10,1,
3082,4080,Animal_Crow_01.ogg,66.91|170.10|18.72,20,50,1,
3083,4080,Animal_Crow_01.ogg,354.30|116.60|18.63,20,50,1,
3084,4080,Animal_Crow_01.ogg,356.19|326.12|18.63,30,80,1,
3085,4080,Animal_Crow_01.ogg,482.39|412.97|18.63,30,80,1,
3086,4080,Animal_Crow_01.ogg,302.73|454.76|18.63,30,80,1,
3087,4080,Amb_Fire_Large_01.ogg,180.26|403.52|20.22,2,10,1,
3088,4080,Amb_Fire_Large_01.ogg,160.59|460.41|20.22,2,10,1,
3089,4080,Amb_Scare_Male_03.ogg,167.94|386.26|19.45,20,50,1,
3090,4080,Amb_Scare_Male_04.ogg,127.02|465.54|19.31,20,50,1,
3091,4060,Amb_Lava_01.ogg,104.47|363.79|43.64,20,40,1,
3092,4060,Amb_Lava_02.ogg,142.89|364.13|43.65,20,40,1,
3093,4060,Amb_Lava_02.ogg,71.96|423.49|43.65,20,40,1,
3094,4060,Amb_Lava_01.ogg,173.14|426.04|43.64,20,40,1,
3095,4480,Amb_Fire_Large_01.ogg,235.38|241.09|57.17,2,10,1,
3096,4480,Amb_Fire_Large_01.ogg,235.06|221.02|57.17,2,10,1,
3097,4480,Amb_Fire_Large_01.ogg,212.51|220.38|57.17,2,10,1,
3098,4480,Amb_Fire_Large_01.ogg,209.92|240.43|57.17,2,10,1,
3099,4480,Amb_Fire_Large_01.ogg,229.24|139.57|67.45,2,10,1,
3100,4480,Amb_Fire_Large_01.ogg,216.55|139.43|67.45,2,10,1,
3101,4480,Amb_Fire_Large_01.ogg,270.21|91.35|67.45,2,10,1,
3102,4480,Amb_Fire_Large_01.ogg,270.55|78.91|67.45,2,10,1,
3103,4480,Amb_Fire_Large_01.ogg,246.73|53.28|67.45,2,10,1,
3104,4480,Amb_Fire_Large_01.ogg,236.18|50.62|67.45,2,10,1,
3105,4480,Amb_Fire_Large_01.ogg,224.41|53.62|67.45,2,10,1,
3106,4480,Amb_Fire_Large_01.ogg,213.10|51.37|67.45,2,10,1,
3107,4480,Amb_Fire_Large_01.ogg,200.92|48.32|67.45,2,10,1,
3108,4480,Amb_Fire_Large_01.ogg,188.34|46.27|67.45,2,10,1,
3109,4480,Amb_Fire_Large_01.ogg,97.37|72.04|78.93,2,10,1,
3110,4480,Amb_Fire_Large_01.ogg,100.36|98.94|78.93,2,10,1,
3111,4480,Amb_HALO_01.ogg,26.17|81.48|83.37,2,20,1,
3112,4480,Amb_Fire_Large_01.ogg,336.68|77.71|66.68,2,10,1,
3113,4480,Amb_Fire_Large_01.ogg,337.15|92.02|66.68,2,10,1,
3114,4480,Amb_Fire_Large_01.ogg,357.51|61.53|66.68,2,10,1,
3115,4480,Amb_Fire_Large_01.ogg,371.01|51.86|70.01,2,10,1,
3116,4480,Amb_Fire_Large_01.ogg,383.83|67.68|68.69,2,10,1,
3117,4480,Amb_Fire_Large_01.ogg,388.42|41.27|73.67,2,10,1,
3118,4480,Amb_Fire_Large_01.ogg,388.56|49.76|72.92,2,10,1,
3119,4480,Amb_Fire_Large_01.ogg,412.14|55.49|73.97,2,10,1,
3120,4480,Amb_Fire_Large_01.ogg,417.84|45.69|73.97,2,10,1,
3121,4480,Amb_Fire_Large_01.ogg,352.68|105.93|66.98,2,10,1,
3122,4480,Amb_Fire_Large_01.ogg,362.45|141.45|66.98,2,10,1,
3123,4480,Amb_Fire_Large_01.ogg,377.36|144.32|66.98,2,10,1,
3124,4480,Amb_Fire_Large_01.ogg,402.02|137.44|66.98,2,10,1,
3125,4480,Amb_Fire_Large_01.ogg,418.90|137.29|69.59,2,10,1,
3126,4480,Amb_Fire_Large_01.ogg,430.40|95.33|67.37,2,10,1,
3127,4480,Amb_Fire_Large_01.ogg,375.99|88.01|68.69,2,10,1,
3128,4480,Amb_Fire_Large_01.ogg,486.80|248.35|67.12,2,10,1,
3129,4480,Amb_Fire_Large_01.ogg,486.67|263.53|67.12,2,10,1,
3130,4480,Amb_Fire_Large_01.ogg,489.43|282.34|68.87,2,10,1,
3131,4480,Amb_Fire_Large_01.ogg,485.83|305.24|68.87,2,10,1,
3132,4480,Amb_Fire_Large_01.ogg,476.00|328.99|67.60,2,10,1,
3133,4480,Amb_Fire_Large_01.ogg,447.35|468.17|106.80,2,10,1,
3134,4480,Amb_Fire_Large_01.ogg,436.25|484.10|106.80,2,10,1,
3135,4480,Amb_Fire_Large_01.ogg,424.65|469.45|106.80,2,10,1,
3136,4480,Amb_Fire_Large_01.ogg,412.37|459.27|106.80,2,10,1,
3137,4480,Amb_Fire_Large_01.ogg,394.30|450.07|106.80,2,10,1,
3138,4480,Amb_Fire_Large_01.ogg,429.76|432.89|106.80,2,10,1,
3139,4480,Amb_Fire_Large_01.ogg,442.86|434.44|106.80,2,10,1,
3140,4480,Amb_Fire_Large_01.ogg,281.18|376.40|59.36,2,10,1,
3141,4480,Amb_Fire_Large_01.ogg,275.65|388.96|59.36,2,10,1,
3142,4480,Amb_Fire_Large_01.ogg,309.67|369.53|59.36,2,10,1,
3143,4480,Amb_Fire_Large_01.ogg,335.36|425.88|53.07,2,10,1,
3144,4480,Amb_Fire_Large_01.ogg,351.40|405.69|53.07,2,10,1,
3145,4480,Amb_Fire_Large_01.ogg,328.86|355.46|55.02,2,10,1,
3146,4480,Amb_Fire_Large_01.ogg,344.41|355.56|55.02,2,10,1,
3147,4480,Amb_Fire_Large_01.ogg,466.93|346.17|66.80,2,10,1,
3148,4480,Amb_Fire_Large_01.ogg,177.45|309.36|99.54,2,10,1,
3149,4480,Amb_Scare_Male_01.ogg,107.46|335.99|101.07,10,30,1,
3150,4480,Amb_Scare_Male_01.ogg,108.30|296.27|101.30,10,30,1,
3151,4480,Amb_Scare_Male_03.ogg,107.53|310.78|101.10,10,30,1,
3152,4480,Amb_Scare_Male_04.ogg,108.27|350.01|100.30,10,30,1,
3153,4480,Amb_Fire_Large_01.ogg,46.57|449.76|149.19,2,10,1,
3154,4480,Amb_Fire_Large_01.ogg,44.70|479.35|149.19,2,10,1,
3155,4480,Amb_Fire_Large_01.ogg,71.66|450.97|149.19,2,10,1,
3156,4480,Amb_Fire_Large_01.ogg,70.48|482.23|149.19,2,10,1,
3157,4480,Amb_Fire_Large_01.ogg,95.39|436.21|149.19,2,10,1,
3158,4480,Amb_Fire_Large_01.ogg,117.62|436.58|149.19,2,10,1,
3159,4480,Amb_Fire_Large_01.ogg,140.22|436.85|149.18,2,10,1,
3160,4480,Amb_Fire_Large_01.ogg,162.53|436.76|149.18,2,10,1,
3161,4480,Amb_Fire_Large_01.ogg,150.70|461.64|149.18,2,10,1,
3162,4480,Amb_Fire_Large_01.ogg,150.37|475.20|149.18,2,10,1,
3163,4480,Amb_Fire_Large_01.ogg,160.73|500.32|149.18,2,10,1,
3164,4480,Amb_Fire_Large_01.ogg,138.26|500.46|149.18,2,10,1,
3165,4480,Amb_Fire_Large_01.ogg,116.03|500.50|149.18,2,10,1,
3166,4480,Amb_Fire_Large_01.ogg,94.87|500.45|149.18,2,10,1,
3167,4480,Amb_HALO_01.ogg,62.51|467.58|147.63,5,20,1,
3168,4490,Amb_Fire_Large_01.ogg,360.44|42.34|20.53,2,10,1,
3169,4490,Amb_Fire_Large_01.ogg,360.40|55.28|20.53,2,10,1,
3170,4490,Amb_HALO_01.ogg,338.59|47.81|19.42,5,20,1,
3171,4490,Amb_Fire_Large_01.ogg,385.48|41.29|20.53,2,10,1,
3172,4490,Amb_Fire_Large_01.ogg,385.33|67.95|20.53,2,10,1,
3173,4490,Amb_Fire_Large_01.ogg,375.73|106.52|15.19,2,10,1,
3174,4490,Amb_Fire_Large_01.ogg,359.56|125.72|15.19,2,10,1,
3175,4490,Amb_Fire_Large_01.ogg,359.95|149.38|15.19,2,10,1,
3176,4490,Amb_Fire_Large_01.ogg,357.53|160.42|15.19,2,10,1,
3177,4490,Amb_Fire_Large_01.ogg,342.62|163.71|15.19,2,10,1,
3178,4490,Amb_Fire_Large_01.ogg,334.59|179.48|15.19,2,10,1,
3179,4490,Amb_Fire_Large_01.ogg,334.88|196.42|15.19,2,10,1,
3180,4490,Amb_Fire_Large_01.ogg,339.29|212.10|15.19,2,10,1,
3181,4490,Amb_Fire_Large_01.ogg,358.39|218.12|15.19,2,10,1,
3182,4490,Amb_Fire_Large_01.ogg,381.12|218.06|15.19,2,10,1,
3183,4490,Amb_Fire_Large_01.ogg,380.69|237.12|15.19,2,10,1,
3184,4490,Amb_Fire_Large_01.ogg,380.27|166.71|15.19,2,10,1,
3185,4490,Amb_Fire_Large_01.ogg,380.71|148.92|15.19,2,10,1,
3186,4490,Amb_Fire_Large_01.ogg,420.53|184.97|21.35,2,10,1,
3187,4490,Amb_Fire_Large_01.ogg,419.62|198.78|21.35,2,10,1,
3188,4490,Amb_Fire_Large_01.ogg,444.94|153.75|19.78,2,10,1,
3189,4490,Amb_Fire_Large_01.ogg,447.08|178.98|26.94,2,10,1,
3190,4490,Amb_Fire_Large_01.ogg,445.83|202.67|26.94,2,10,1,
3191,4490,Amb_Fire_Large_01.ogg,477.29|207.82|35.83,10,20,1,
3192,4490,Amb_Fire_Large_01.ogg,475.48|177.37|35.83,10,20,1,
3193,4490,Amb_Fire_Large_01.ogg,448.67|230.64|21.35,2,10,1,
3194,4490,Amb_Sea_Beach_02.ogg,336.56|157.17|14.16,30,80,1,
3195,4490,Amb_Sea_Beach_02.ogg,341.48|234.83|14.16,30,80,1,
3196,4490,Amb_Water_L_Cascade_01.ogg,321.51|179.58|7.54,50,100,1,
3197,4490,Amb_Water_L_Cascade_01.ogg,317.32|218.13|7.54,50,100,1,
3198,4490,Amb_Water_L_Cascade_01.ogg,352.76|454.66|1.83,50,100,1,
3199,4490,Amb_Water_Cascade_01.ogg,368.76|459.87|-1.49,50,100,1,
3200,4490,Amb_Fire_Large_01.ogg,410.15|375.99|9.03,2,10,1,
3201,4490,Amb_Fire_Large_01.ogg,429.36|385.84|8.55,2,10,1,
3202,4490,Amb_Fire_Large_01.ogg,300.54|425.63|1.50,2,10,1,
3203,4490,Amb_Fire_Large_01.ogg,294.96|446.75|1.50,2,10,1,
3204,4490,Amb_Fire_Large_01.ogg,305.87|334.71|1.50,2,10,1,
3205,4490,Amb_Fire_Large_01.ogg,306.00|315.29|1.50,2,10,1,
3206,4490,Amb_HALO_01.ogg,227.00|143.71|31.58,10,50,1,
3207,4490,Amb_Scare_Male_01.ogg,227.16|143.58|13.35,10,40,1,
3208,4490,Amb_Water_Small_01.ogg,72.33|242.16|3.66,20,40,1,
3209,4490,Amb_Fire_Large_01.ogg,159.67|171.45|5.68,2,10,1,
3210,4490,Amb_Fire_Large_01.ogg,174.82|159.14|9.99,2,10,1,
3211,4490,Amb_Fire_Large_01.ogg,176.62|277.94|10.46,2,10,1,
3212,4490,Amb_Fire_Large_01.ogg,165.58|289.94|10.46,2,10,1,
3213,4490,Amb_Fire_Large_01.ogg,73.17|146.80|11.67,2,10,1,
3214,4490,Amb_Fire_Large_01.ogg,70.39|113.26|11.67,2,10,1,
3215,4490,Amb_Fire_Large_01.ogg,70.22|80.50|11.67,2,10,1,
3216,4490,Amb_Fire_Large_01.ogg,97.85|64.15|16.18,2,10,1,
3217,4490,Amb_Fire_Large_01.ogg,104.32|78.77|16.18,2,10,1,
3218,4490,Amb_Fire_Large_01.ogg,117.74|52.32|16.18,2,10,1,
3219,4490,Amb_Fire_Large_01.ogg,122.35|71.42|16.18,2,10,1,
3220,4490,Amb_HALO_01.ogg,139.26|53.95|15.20,20,40,1,
3221,4490,Amb_HALO_01.ogg,83.42|306.08|1.22,20,40,1,
3222,4490,Amb_Sea_Beach_02.ogg,23.64|424.87|-29.32,50,100,1,
3223,4490,Amb_Sea_Beach_02.ogg,141.25|424.81|-29.32,50,100,1,
3224,4090,Amb_Fire_Large_01.ogg,243.15|210.42|17.98,15,60,1,
3225,4090,Amb_Fire_Large_01.ogg,181.99|95.98|71.57,15,50,1,
3226,4090,Amb_Fire_Large_01.ogg,224.13|96.82|71.57,15,50,1,
3227,4090,Amb_Fire_Large_01.ogg,266.03|95.26|69.92,15,50,1,
3228,4090,Amb_Fire_Large_01.ogg,309.57|97.28|71.57,15,50,1,
3229,4090,Amb_Fire_Large_01.ogg,271.78|8.23|84.03,15,50,1,
3230,4090,Amb_Fire_Large_01.ogg,306.52|6.45|84.03,15,50,1,
3231,4090,Amb_Fire_Large_01.ogg,216.18|10.43|84.03,15,50,1,
3232,4090,Amb_Fire_Large_01.ogg,179.64|10.75|84.03,15,50,1,
3233,4090,Amb_Fire_Large_01.ogg,290.97|26.59|62.13,15,50,1,
3234,4090,Amb_Fire_Large_01.ogg,198.23|26.35|62.13,15,50,1,
3235,4090,Amb_Fire_Large_01.ogg,68.00|63.25|69.83,15,50,1,
3236,4090,Amb_Fire_Large_01.ogg,129.20|60.51|69.83,15,50,1,
3237,4090,Amb_Fire_Large_01.ogg,132.28|165.67|60.64,25,50,1,
3238,4090,Amb_Fire_Large_01.ogg,67.09|167.73|60.64,15,50,1,
3239,4090,Amb_Fire_Large_01.ogg,101.16|269.02|23.89,15,50,1,
3240,4090,Amb_Fire_Large_01.ogg,165.45|390.43|33.77,10,30,1,
3241,4090,Amb_Fire_Large_01.ogg,167.06|434.72|33.77,10,30,1,
3242,4090,Amb_Fire_Large_01.ogg,68.84|385.05|63.14,15,50,1,
3243,4090,Amb_Fire_Large_01.ogg,69.55|440.23|63.14,15,50,1,
3244,4090,Amb_Fire_Large_01.ogg,300.39|377.04|28.83,15,30,1,
3245,4090,Amb_Fire_Large_01.ogg,300.53|398.69|28.83,15,30,1,
3246,4090,Amb_Fire_Large_01.ogg,446.44|274.56|30.66,15,60,1,
3247,4090,Amb_Fire_Large_01.ogg,475.50|276.69|30.66,15,60,1,
3248,4090,Amb_Fire_Large_01.ogg,373.85|279.44|30.66,15,60,1,
3249,4090,Amb_Fire_Large_01.ogg,338.87|280.27|30.66,15,60,1,
3250,4090,Amb_HALO_01.ogg,319.75|387.49|21.54,10,20,1,
3251,4090,Amb_Fire_Bonfire_01.ogg,244.37|367.92|14.22,2,10,1,
3252,4090,Amb_Fire_Bonfire_01.ogg,230.89|328.59|14.22,2,10,1,
3253,4090,Amb_Fire_Bonfire_01.ogg,255.83|328.25|14.22,2,10,1,
3254,4090,Amb_Fire_Bonfire_01.ogg,230.59|291.84|14.22,2,10,1,
3255,4090,Amb_Fire_Bonfire_01.ogg,255.65|292.16|14.22,2,10,1,
3256,4090,Amb_Fire_Bonfire_01.ogg,291.75|300.56|14.22,2,10,1,
3257,4090,Amb_Fire_Bonfire_01.ogg,196.49|301.08|14.22,2,10,1,
3258,4090,Amb_Fire_Bonfire_01.ogg,196.51|249.17|14.22,2,10,1,
3259,4090,Amb_Fire_Bonfire_01.ogg,291.65|242.27|14.22,2,10,1,
3260,4090,Amb_Fire_Bonfire_01.ogg,229.14|125.32|29.05,2,10,1,
3261,4090,Amb_Fire_Bonfire_01.ogg,262.58|124.43|29.05,2,10,1,
3262,4090,Amb_Fire_Bonfire_01.ogg,287.35|117.21|29.05,2,10,1,
3263,4090,Amb_Fire_Bonfire_01.ogg,200.64|117.11|29.05,2,10,1,
3264,4090,Amb_Fire_Bonfire_01.ogg,283.95|360.87|14.22,2,10,1,
3265,4090,Amb_Fire_Bonfire_01.ogg,207.73|344.79|18.85,2,10,1,
3266,4090,Amb_Fire_Bonfire_01.ogg,156.33|368.88|34.17,2,10,1,
3267,4090,Amb_Fire_Bonfire_01.ogg,143.19|368.92|34.17,2,10,1,
3268,4090,Amb_Fire_Bonfire_01.ogg,90.17|242.52|38.95,2,10,1,
3269,4090,Amb_Fire_Bonfire_01.ogg,112.44|242.49|38.95,2,10,1,
3270,4090,Amb_Fire_Bonfire_01.ogg,78.75|203.78|38.95,2,10,1,
3271,4090,Amb_Fire_Bonfire_01.ogg,122.38|203.54|38.95,2,10,1,
3272,4090,Amb_Fire_Bonfire_01.ogg,123.90|161.28|41.81,2,10,1,
3273,4090,Amb_Fire_Bonfire_01.ogg,74.66|160.42|41.81,2,10,1,
3274,4090,Amb_Fire_Bonfire_01.ogg,125.20|145.27|35.53,2,10,1,
3275,4090,Amb_Fire_Bonfire_01.ogg,74.29|128.83|35.53,2,10,1,
3276,4090,Amb_Fire_Bonfire_01.ogg,74.75|106.36|35.53,2,10,1,
3277,4090,Amb_Fire_Bonfire_01.ogg,63.39|111.68|48.29,2,10,1,
3278,4090,Amb_Fire_Bonfire_01.ogg,137.10|110.79|48.29,2,10,1,
3279,4090,Amb_Fire_Bonfire_01.ogg,124.09|110.75|35.66,2,10,1,
3280,4090,Amb_Fire_Bonfire_01.ogg,117.69|86.59|45.56,2,10,1,
3281,4090,Amb_Fire_Bonfire_01.ogg,82.35|86.37|45.56,2,10,1,
3282,4090,Amb_Fire_Bonfire_01.ogg,128.14|394.27|39.35,2,10,1,
3283,4090,Amb_Fire_Bonfire_01.ogg,127.66|429.11|39.35,2,10,1,
3284,4090,Amb_Fire_Bonfire_01.ogg,196.02|382.16|34.17,2,10,1,
3285,4090,Amb_Fire_Bonfire_01.ogg,196.17|393.97|34.17,2,10,1,
3286,4090,Amb_Fire_Bonfire_01.ogg,241.02|381.77|26.34,2,10,1,
3287,4090,Amb_Fire_Bonfire_01.ogg,240.88|393.58|26.34,2,10,1,
3288,4090,Amb_Fire_Bonfire_01.ogg,264.19|393.41|26.34,2,10,1,
3289,4090,Amb_Fire_Bonfire_01.ogg,264.33|381.60|26.34,2,10,1,
3290,4090,Amb_Fire_Bonfire_01.ogg,286.95|381.80|26.34,2,10,1,
3291,4090,Amb_Fire_Bonfire_01.ogg,286.80|393.61|26.34,2,10,1,
3292,4090,Amb_Fire_Large_01.ogg,393.71|161.73|-12.58,2,10,1,
3293,4090,Amb_Fire_Large_01.ogg,362.37|188.20|-11.46,2,10,1,
3294,4090,Amb_Fire_Large_01.ogg,446.98|164.80|-11.85,2,10,1,
3295,4090,Amb_Fire_Large_01.ogg,417.20|160.16|-13.39,2,10,1,
3296,4090,Amb_Fire_Large_01.ogg,428.38|209.81|-8.87,2,10,1,
3297,4090,Amb_Fire_Large_01.ogg,382.74|221.51|-7.45,2,10,1,
3298,4090,Amb_Fire_Large_01.ogg,439.75|106.95|-22.34,2,10,1,
3299,4090,Amb_Fire_Large_01.ogg,421.23|96.95|-21.80,2,10,1,
3300,4090,Amb_HALO_01.ogg,421.72|117.04|-21.86,10,30,1,
3301,4090,Amb_HALO_01.ogg,445.12|62.91|-14.99,10,20,1,
3302,4090,Amb_Fire_Bonfire_01.ogg,196.23|440.19|35.21,2,10,1,
3303,4090,Amb_Fire_Bonfire_01.ogg,195.78|429.33|35.21,2,10,1,
3304,4090,Amb_Fire_Bonfire_01.ogg,218.43|429.48|34.84,2,10,1,
3305,4090,Amb_Fire_Bonfire_01.ogg,218.43|440.16|34.84,2,10,1,
3306,4090,Amb_Fire_Bonfire_01.ogg,241.17|440.43|25.93,2,10,1,
3307,4090,Amb_Fire_Bonfire_01.ogg,240.33|428.98|25.93,2,10,1,
3308,4090,Amb_Fire_Bonfire_01.ogg,263.97|440.22|25.93,2,10,1,
3309,4090,Amb_Fire_Bonfire_01.ogg,263.12|428.78|25.93,2,10,1,
3310,4090,Amb_Fire_Bonfire_01.ogg,286.77|440.67|25.93,2,10,1,
3311,4090,Amb_Fire_Bonfire_01.ogg,285.92|429.23|25.93,2,10,1,
3312,4090,Amb_Fire_Bonfire_01.ogg,320.64|440.43|25.22,2,10,1,
3313,4090,Amb_Fire_Bonfire_01.ogg,319.79|428.99|25.22,2,10,1,
3314,4090,Amb_Fire_Bonfire_01.ogg,389.88|422.82|23.87,2,10,1,
3315,4090,Amb_Fire_Bonfire_01.ogg,389.44|445.83|23.87,2,10,1,
3316,4090,Amb_Fire_Bonfire_01.ogg,417.63|430.60|17.07,2,10,1,
3317,4090,Amb_Fire_Bonfire_01.ogg,418.00|396.33|11.31,2,10,1,
3318,4090,Amb_Fire_Bonfire_01.ogg,405.00|395.69|11.31,2,10,1,
3319,4090,Amb_Fire_Bonfire_01.ogg,418.89|374.81|11.31,2,10,1,
3320,4090,Amb_Fire_Bonfire_01.ogg,403.30|374.29|11.31,2,10,1,
3321,2001,Amb_Fire_Large_01.ogg,370.19|182.97|0.66,2,10,1,
3322,2001,Amb_Fire_Large_01.ogg,369.98|195.04|0.60,2,10,1,
3323,2001,Amb_Fire_Large_01.ogg,339.73|151.37|-0.48,2,10,1,
3324,2001,Amb_Fire_Large_01.ogg,351.33|151.44|-0.23,2,10,1,
3325,2001,Amb_Fire_Large_01.ogg,324.37|211.61|9.09,2,10,1,
3326,2001,Amb_Fire_Large_01.ogg,345.11|238.17|8.25,2,10,1,
3327,2001,Amb_Fire_Large_01.ogg,319.18|181.63|9.04,2,10,1,
3328,2001,Amb_Fire_Large_01.ogg,155.27|313.42|9.09,2,10,1,
3329,2001,Amb_Fire_Large_01.ogg,189.87|322.58|9.20,2,10,1,
3330,2001,Amb_Fire_Large_01.ogg,194.60|341.45|8.96,2,10,1,
3331,2001,Amb_Fire_Large_01.ogg,142.29|347.63|0.36,2,10,1,
3332,2001,Amb_Fire_Large_01.ogg,141.92|341.10|0.50,2,10,1,
3333,2001,Amb_Fire_Large_01.ogg,170.26|365.18|-0.01,2,10,1,
3334,2001,Amb_Fire_Large_01.ogg,162.06|365.20|0.36,2,10,1,
3335,2000,Amb_Fire_Large_01.ogg,2756.21|4850.02|175.71,2,10,1,
3336,2000,Amb_Fire_Large_01.ogg,2742.17|4829.72|175.90,2,10,1,
3337,2000,Amb_Fire_Large_01.ogg,2727.31|4840.74|175.81,2,10,1,
3338,2000,Amb_Fire_Large_01.ogg,2728.14|4850.43|175.75,2,10,1,
3339,2000,Amb_Fire_Large_01.ogg,2726.52|4868.05|176.19,2,10,1,
3340,2000,Amb_Fire_Large_01.ogg,2832.79|5052.19|176.14,2,10,1,
3341,2000,Amb_Fire_Large_01.ogg,2811.13|5047.16|175.83,2,10,1,
3342,2000,Amb_Fire_Large_01.ogg,2806.15|5032.28|175.89,2,10,1,
3343,2000,Amb_Fire_Large_01.ogg,2815.02|5020.68|176.00,2,10,1,
3344,2000,Amb_Fire_Large_01.ogg,2827.34|5011.77|176.33,2,10,1,
3345,2000,Amb_Fire_Large_01.ogg,2832.45|5027.34|176.24,2,10,1,
3346,2000,Amb_Fire_Large_01.ogg,2793.39|5047.07|176.00,2,10,1,
3347,2000,Amb_Fire_Torch_01.ogg,2754.30|4858.25|185.10,2,10,1,
3348,2000,Amb_Fire_Large_01.ogg,2828.46|4792.58|176.00,2,10,1,
3349,2000,Amb_Fire_Large_01.ogg,2838.28|4791.48|176.44,2,10,1,
3350,2000,Amb_Fire_Large_01.ogg,2837.58|4765.51|175.80,2,10,1,
3351,2000,Amb_Fire_Large_01.ogg,2826.30|4765.40|175.15,2,10,1,
3352,2000,Amb_Fire_Large_01.ogg,2828.12|4684.60|164.55,2,10,1,
3353,2000,Amb_Fire_Large_01.ogg,2834.80|4689.02|164.81,2,10,1,
3354,2000,Amb_Fire_Large_01.ogg,2810.58|4661.23|164.09,2,10,1,
3355,2000,Amb_Fire_Large_01.ogg,2810.95|4668.69|164.05,2,10,1,
3356,2000,Amb_Fire_Large_01.ogg,2835.71|4668.97|164.32,2,10,1,
3357,2000,Amb_Fire_Large_01.ogg,2848.36|4648.51|164.21,2,10,1,
3358,2000,Amb_Fire_Large_01.ogg,2939.23|4661.24|189.80,2,10,1,
3359,2000,Amb_Fire_Large_01.ogg,2982.36|4671.69|187.95,2,10,1,
3360,2000,Amb_Fire_Large_01.ogg,2962.73|4727.61|187.80,2,10,1,
3361,2000,Amb_Fire_Large_01.ogg,2999.79|4749.97|189.10,2,10,1,
3362,2000,Amb_Fire_Large_01.ogg,2959.06|4695.22|187.93,2,10,1,
3363,2000,Animal_Crow_01.ogg,2771.62|4784.50|192.41,20,50,1,
3364,2000,Animal_Crow_01.ogg,2784.69|4865.80|190.10,20,50,1,
3365,2000,Amb_HALO_01.ogg,2918.76|4734.92|187.80,10,25,1,
3366,2000,Amb_Scare_Male_01.ogg,2919.48|4733.51|189.05,10,30,1,
3367,2000,Amb_Fire_Large_01.ogg,2954.13|4993.29|186.80,2,10,1,
3368,2000,Amb_Fire_Large_01.ogg,2940.18|4986.39|186.83,2,10,1,
3369,2000,Amb_Fire_Large_01.ogg,2937.32|5011.49|187.38,2,10,1,
3370,2000,Amb_Fire_Large_01.ogg,2968.40|5011.25|189.04,2,10,1,
3371,2000,Amb_Fire_Large_01.ogg,2962.34|5015.60|189.08,2,10,1,
3372,2000,Amb_Fire_Large_01.ogg,2965.82|5036.48|189.55,2,10,1,
3373,2000,Amb_Fire_Large_01.ogg,2952.95|5052.23|188.94,2,10,1,
3374,2000,Amb_Fire_Large_01.ogg,2947.79|5051.59|189.22,2,10,1,
3375,2000,Amb_Fire_Bonfire_01.ogg,2970.05|4904.77|183.22,2,10,1,
3376,2000,Amb_Fire_Bonfire_01.ogg,2975.68|4875.03|183.16,2,10,1,
3377,2000,Amb_Fire_Bonfire_01.ogg,2945.36|4848.47|183.08,2,10,1,
3378,2000,Amb_Fire_Bonfire_01.ogg,2925.55|4828.54|183.42,2,10,1,
3379,2000,Amb_Fire_Bonfire_01.ogg,2915.18|4827.02|183.95,2,10,1,
3380,2000,Amb_Fire_Bonfire_01.ogg,2922.86|4803.90|186.18,2,10,1,
3381,2000,Amb_Fire_Bonfire_01.ogg,2936.04|4801.81|185.81,2,10,1,
3382,2000,Amb_Fire_Bonfire_01.ogg,2928.98|4908.09|183.59,2,10,1,
3383,2000,Amb_Fire_Bonfire_01.ogg,2910.98|4891.44|183.49,2,10,1,
3384,2000,Amb_Fire_Bonfire_01.ogg,2958.13|4897.62|183.58,2,10,1,
3385,2000,Amb_Fire_Bonfire_01.ogg,2969.68|4866.59|183.35,2,10,1,
3386,2000,Amb_Fire_Bonfire_01.ogg,2954.16|4859.20|183.56,2,10,1,
3387,2000,Amb_Fire_Bonfire_01.ogg,2963.23|4827.83|183.06,2,10,1,
3388,2000,Amb_Fire_Large_01.ogg,2853.12|4883.79|210.73,2,10,1,
3389,2000,Amb_Fire_Large_01.ogg,2853.48|4913.64|207.41,2,10,1,
3390,2000,Amb_Fire_Large_01.ogg,2891.42|4892.91|210.73,2,10,1,
3391,2000,Amb_Fire_Large_01.ogg,2881.39|4918.79|206.70,2,10,1,
3392,2000,Amb_Fire_Large_01.ogg,2878.28|4972.91|190.37,2,10,1,
3393,2000,Amb_Fire_Large_01.ogg,2873.81|4972.91|190.27,2,10,1,
3394,2000,Amb_Fire_Large_01.ogg,3008.47|4161.58|157.79,2,10,1,
3395,2000,Amb_Fire_Large_01.ogg,2986.53|4169.97|157.62,2,10,1,
3396,2000,Amb_Fire_Large_01.ogg,2982.00|4175.65|157.80,2,10,1,
3397,2000,Amb_Fire_Large_01.ogg,3034.02|4152.21|160.17,2,10,1,
3398,2000,Amb_Fire_Large_01.ogg,2981.01|4201.32|157.00,2,10,1,
3399,2000,Amb_Fire_Large_01.ogg,2987.29|4206.71|157.37,2,10,1,
3400,2000,Amb_Fire_Large_01.ogg,2667.20|4447.65|158.92,2,10,1,
3401,2000,Amb_Fire_Large_01.ogg,2789.71|4555.09|158.94,2,10,1,
3402,2000,Amb_Fire_Large_01.ogg,2989.25|4483.19|176.85,2,10,1,
3403,2000,Amb_Fire_Large_01.ogg,2982.00|4473.48|176.69,2,10,1,
3404,2000,Amb_Fire_Bonfire_01.ogg,2607.59|4267.75|158.56,2,10,1,
3405,2000,Amb_Obj_Windmill_01.ogg,2666.69|4441.59|173.09,15,50,1,
3406,2000,Amb_Tick_01.ogg,2622.70|4156.13|150.56,10,30,1,
3407,2000,Amb_Tick_01.ogg,2654.84|4147.19|150.56,10,30,1,
3408,2000,Amb_Tick_01.ogg,2631.15|4192.37|152.25,10,30,1,
3409,2000,Amb_Tick_01.ogg,2684.62|4177.61|150.56,10,30,1,
3410,2000,Amb_Tick_01.ogg,2711.87|4140.65|150.56,10,30,1,
3411,2000,Animal_Crow_01.ogg,2637.95|4268.82|171.36,10,50,1,
3412,2000,Amb_Tick_01.ogg,2648.87|4172.26|150.56,10,30,1,
3413,2000,Amb_Tick_01.ogg,2817.11|4134.76|153.43,10,30,1,
3414,2000,Amb_Tick_01.ogg,2849.25|4133.77|153.43,10,30,1,
3415,2000,Amb_Tick_01.ogg,2825.56|4194.34|155.12,10,30,1,
3416,2000,Amb_Tick_01.ogg,2879.03|4209.15|153.43,10,30,1,
3417,2000,Amb_Tick_01.ogg,2906.28|4141.20|153.43,10,30,1,
3418,2000,Amb_Fire_Large_01.ogg,2996.85|4186.32|157.00,2,10,1,
3419,2000,Amb_Fire_Torch_01.ogg,2976.02|4184.91|167.26,2,10,1,
3420,2000,Amb_Scare_Animal_02.ogg,2925.08|4408.25|189.94,2,60,1,
3421,2000,Amb_Scare_Animal_02.ogg,2900.51|4305.44|189.94,2,50,1,
3422,2000,AMB_Silent_Lake_01.ogg,2915.42|4356.53|169.33,2,50,1,
3423,2000,Amb_Fire_Bonfire_01.ogg,2897.20|4547.73|181.40,2,10,1,
3424,2000,Amb_Fire_Bonfire_01.ogg,2902.98|4521.59|179.94,2,10,1,
3425,2000,Amb_Fire_Bonfire_01.ogg,2918.62|4554.30|176.91,2,10,1,
3426,2000,Amb_Scare_Animal_02.ogg,2882.11|4522.92|188.50,2,50,1,
3427,2000,Amb_Fire_Bonfire_01.ogg,3168.62|5083.31|218.39,2,10,1,
3428,2000,AMB_Silent_Lake_01.ogg,3376.90|5035.57|235.78,50,80,1,
3429,2000,Animal_Bird_03.ogg,3389.30|5042.23|254.20,2,50,1,
3430,2000,Animal_Frog_02.ogg,3381.61|5043.87|236.08,2,20,1,
3431,2000,Animal_Frog_01.ogg,3375.38|4992.18|235.74,2,20,1,
3432,2000,Amb_Fire_Large_01.ogg,3281.68|4714.10|240.63,2,10,1,
3433,2000,Amb_Fire_Large_01.ogg,3277.32|4739.83|240.33,2,10,1,
3434,2000,Amb_Fire_Large_01.ogg,3313.90|4727.75|241.85,2,10,1,
3435,2000,Amb_Fire_Large_01.ogg,3303.88|4750.30|239.82,2,10,1,
3436,2000,Amb_Fire_Large_01.ogg,3311.41|4746.97|240.08,2,10,1,
3437,2000,Amb_Fire_Large_01.ogg,3541.93|4820.28|259.71,2,10,1,
3438,2000,Amb_Fire_Large_01.ogg,3544.85|4839.57|259.68,2,10,1,
3439,2000,Amb_Fire_Large_01.ogg,3527.09|4830.32|259.49,2,10,1,
3440,2000,Amb_Fire_Large_01.ogg,3523.50|4852.03|259.62,2,10,1,
3441,2000,Amb_Fire_Large_01.ogg,3290.46|4724.88|240.63,2,10,1,
3442,2000,Amb_Fire_Bonfire_01.ogg,3535.86|4644.26|254.97,10,50,1,
3443,2000,Amb_Lava_01.ogg,3432.73|4636.02|251.03,10,30,1,
3444,2000,Amb_Lava_03.ogg,3428.57|4678.43|250.74,10,30,1,
3445,2000,Amb_Lava_03.ogg,3383.17|4627.92|250.74,10,30,1,
3446,2000,Amb_Lava_01.ogg,3386.65|4676.01|251.03,10,30,1,
3447,2000,Amb_HALO_01.ogg,3392.59|4653.90|269.87,2,50,1,
3448,2000,Amb_Fire_Large_01.ogg,3464.23|4676.17|276.95,2,10,1,
3449,2000,Amb_Fire_Large_01.ogg,3464.69|4638.51|276.95,2,10,1,
3450,2000,Amb_Fire_Large_01.ogg,3402.03|4669.48|276.95,2,10,1,
3451,2000,Amb_Fire_Large_01.ogg,3402.52|4641.24|276.95,2,10,1,
3452,2000,Amb_Fire_Large_01.ogg,3371.10|4669.89|284.46,2,10,1,
3453,2000,Amb_Fire_Large_01.ogg,3370.97|4639.00|284.46,2,10,1,
3454,2000,Amb_Fire_Large_01.ogg,3552.08|4978.75|288.81,2,10,1,
3455,2000,Amb_Fire_Large_01.ogg,3551.99|4956.88|288.81,2,10,1,
3456,2000,Amb_Lava_01.ogg,3459.99|4957.56|252.10,25,50,1,
3457,2000,Amb_Lava_01.ogg,3488.95|5004.83|248.93,25,50,1,
3458,2000,Amb_Lava_03.ogg,3453.80|4934.52|252.55,25,50,1,
3459,2000,Amb_Lava_03.ogg,3470.88|4980.93|251.36,25,50,1,
3460,2000,Amb_Lava_03.ogg,3509.26|4999.93|251.60,25,50,1,
3461,2000,Amb_Fire_Large_01.ogg,3697.77|4898.92|281.38,2,10,1,
3462,2000,Amb_Fire_Large_01.ogg,3675.81|4881.31|281.38,2,10,1,
3463,2000,Amb_Fire_Large_01.ogg,3684.75|4884.99|280.20,2,10,1,
3464,2000,Amb_Fire_Large_01.ogg,3717.16|4870.48|280.20,2,10,1,
3465,2000,Amb_Fire_Large_01.ogg,3716.63|4891.09|280.19,2,10,1,
3466,2000,Amb_Fire_Large_01.ogg,3738.07|4887.18|281.32,2,10,1,
3467,2000,Amb_Fire_Large_01.ogg,3712.48|4854.94|281.50,2,10,1,
3468,2000,Amb_Fire_Large_01.ogg,3706.73|4874.25|280.20,2,10,1,
3469,2000,Amb_Fire_Large_01.ogg,3739.45|4854.65|280.85,2,10,1,
3470,2000,Amb_Fire_Large_01.ogg,3780.93|4898.74|277.58,2,10,1,
3471,2000,Amb_Fire_Large_01.ogg,3790.36|4898.06|278.36,2,10,1,
3472,2000,Amb_Fire_Large_01.ogg,3735.45|4816.30|280.15,2,10,1,
3473,2000,Amb_Fire_Large_01.ogg,3723.22|4816.99|280.20,2,10,1,
3474,2000,Amb_Fire_Large_01.ogg,4026.09|4979.85|324.17,2,10,1,
3475,2000,Amb_Fire_Large_01.ogg,4009.40|4970.77|324.33,2,10,1,
3476,2000,Amb_Fire_Large_01.ogg,4002.61|4959.73|324.17,2,10,1,
3477,2000,Amb_Fire_Large_01.ogg,3956.81|4965.30|316.27,2,10,1,
3478,2000,Amb_Fire_Large_01.ogg,3948.20|4966.73|316.95,2,10,1,
3479,2000,Amb_Fire_Large_01.ogg,3973.60|5052.11|316.20,2,10,1,
3480,2000,Amb_Fire_Large_01.ogg,3965.00|5070.96|316.27,2,10,1,
3481,2000,Amb_Fire_Large_01.ogg,3919.18|5013.51|320.75,2,10,1,
3482,2000,Amb_Fire_Large_01.ogg,3853.06|4960.49|297.03,2,10,1,
3483,2000,Amb_Fire_Large_01.ogg,3861.28|4961.35|296.92,2,10,1,
3484,2000,Amb_Fire_Large_01.ogg,3853.70|4942.51|297.04,2,10,1,
3485,2000,Amb_Fire_Large_01.ogg,3738.85|5009.54|292.21,2,10,1,
3486,2000,Amb_Fire_Large_01.ogg,3742.78|5040.53|292.34,2,10,1,
3487,2000,Amb_Fire_Large_01.ogg,3731.91|5073.75|292.27,2,10,1,
3488,2000,Amb_Fire_Large_01.ogg,3731.02|5080.30|292.37,2,10,1,
3489,2000,Amb_Fire_Large_01.ogg,3697.43|5073.66|292.39,2,10,1,
3490,2000,Amb_Fire_Bonfire_01.ogg,3693.86|4853.42|280.20,2,10,1,
3491,2000,Amb_Water_Small_01.ogg,3896.32|4663.59|289.68,20,50,1,
3492,2000,Amb_Water_Small_01.ogg,3854.55|4666.14|292.56,30,50,1,
3493,2000,Amb_Water_Small_01.ogg,3931.95|4642.56|293.18,20,50,1,
3494,2000,Amb_Water_Small_01.ogg,3987.52|4689.13|292.80,20,50,1,
3495,2000,Amb_Water_Small_01.ogg,4045.36|4646.33|292.80,20,50,1,
3496,2000,Amb_Water_Small_01.ogg,3845.06|4694.67|289.66,2,20,1,
3497,2000,Amb_Water_Small_01.ogg,3923.67|4666.37|289.52,10,20,1,
3498,2000,Amb_Water_Small_01.ogg,4015.85|4686.32|291.17,20,40,1,
3499,2000,Amb_Water_Small_01.ogg,4007.47|4724.87|292.80,20,50,1,
3500,2000,Amb_Water_Small_01.ogg,4029.07|4633.94|291.17,20,40,1,
3501,2000,Amb_Lava_03.ogg,3779.69|4737.01|294.40,30,40,1,
3502,2000,Amb_Lava_01.ogg,3783.99|4733.98|294.20,30,40,1,
3503,2000,Amb_Lava_03.ogg,3846.18|4722.98|291.56,30,40,1,
3504,2000,Amb_Lava_01.ogg,3850.48|4719.96|291.36,30,40,1,
3505,2000,Amb_Lava_03.ogg,3881.37|4727.88|291.56,30,40,1,
3506,2000,Amb_Lava_01.ogg,3885.67|4724.85|291.36,30,40,1,
3507,2000,Amb_Lava_03.ogg,3956.31|4752.45|310.53,30,40,1,
3508,2000,Amb_Lava_01.ogg,3960.61|4749.43|310.33,30,40,1,
3509,2000,Amb_Lava_03.ogg,4058.64|4765.99|314.45,30,40,1,
3510,2000,Amb_Lava_01.ogg,4062.94|4762.97|314.25,30,40,1,
3511,2000,Amb_Lava_03.ogg,4056.05|4815.79|337.74,30,40,1,
3512,2000,Amb_Lava_01.ogg,4054.26|4801.42|329.99,30,40,1,
3513,2000,Amb_Lava_01.ogg,4062.63|4835.63|333.65,30,40,1,
3514,2000,Amb_Lava_03.ogg,4064.23|4850.00|335.78,30,40,1,
3515,2000,Amb_Lava_01.ogg,4055.51|4874.42|327.26,30,40,1,
3516,2000,Amb_Lava_03.ogg,4057.11|4888.79|323.39,30,40,1,
3517,2000,Amb_Lava_03.ogg,4043.38|4919.22|323.39,30,40,1,
3518,2000,Amb_Lava_03.ogg,4041.55|4912.12|323.39,30,40,1,
3519,2000,Amb_Lava_03.ogg,4048.79|4960.37|323.39,30,40,1,
3520,2000,Amb_Lava_03.ogg,4046.70|4995.79|323.39,30,40,1,
3521,2000,Amb_Lava_01.ogg,3965.58|4896.11|317.61,30,40,1,
3522,2000,Amb_Lava_01.ogg,3933.37|4904.55|307.49,30,40,1,
3523,2000,Amb_Lava_02.ogg,3934.67|4915.12|315.51,30,40,1,
3524,2000,Amb_Lava_02.ogg,3959.57|4903.60|320.06,30,40,1,
3525,2000,Amb_Lava_04.ogg,3975.84|4897.16|321.73,30,40,1,
3526,2000,Amb_Lava_04.ogg,3917.72|4923.98|307.89,30,40,1,
3527,2000,Amb_Lava_01.ogg,3673.93|5083.78|291.99,20,40,1,
3528,2000,Amb_Lava_01.ogg,3686.11|5059.63|292.02,20,40,1,
3529,2000,Amb_Lava_04.ogg,3676.87|5069.77|292.55,20,40,1,
3530,2000,Amb_Lava_01.ogg,3625.09|4998.65|264.72,30,40,1,
3531,2000,Amb_Lava_01.ogg,3643.85|4968.53|264.14,30,40,1,
3532,2000,Amb_Lava_03.ogg,3638.92|5009.01|270.58,30,40,1,
3533,2000,Amb_Lava_04.ogg,3605.80|5025.21|270.59,30,40,1,
3534,2000,Amb_Lava_03.ogg,3748.33|4810.97|279.90,30,40,1,
3535,2000,Amb_Lava_01.ogg,3752.63|4807.94|279.70,30,40,1,
3536,2000,Amb_Lava_03.ogg,3766.91|4858.15|279.90,30,40,1,
3537,2000,Amb_Lava_01.ogg,3771.21|4855.12|279.70,30,40,1,
3538,2000,Amb_Lava_03.ogg,3597.69|4677.32|254.58,30,40,1,
3539,2000,Amb_Lava_01.ogg,3601.99|4674.29|254.38,30,40,1,
3540,2000,Amb_Lava_03.ogg,3666.11|4641.93|271.90,30,40,1,
3541,2000,Amb_Lava_01.ogg,3670.41|4638.90|271.70,30,40,1,
3542,2000,Amb_Lava_03.ogg,3701.33|4632.72|269.41,30,40,1,
3543,2000,Amb_Lava_01.ogg,3705.63|4629.69|269.21,30,40,1,
3544,2000,Amb_Lava_03.ogg,3745.98|4637.60|269.41,30,40,1,
3545,2000,Amb_Lava_01.ogg,3750.28|4634.57|269.21,30,40,1,
3546,2000,Amb_Lava_01.ogg,3945.19|4840.70|382.54,20,40,1,
3547,2000,Amb_Lava_03.ogg,3943.18|4837.97|382.57,20,40,1,
3548,2000,Amb_Fire_Bonfire_01.ogg,3982.52|4819.04|351.91,2,10,1,
3549,2000,Amb_Fire_Bonfire_01.ogg,3933.99|4809.52|376.67,2,10,1,
3550,2000,Amb_Fire_Bonfire_01.ogg,3890.65|4810.97|397.08,2,10,1,
3551,2000,Amb_Fire_Bonfire_01.ogg,3849.94|4811.47|397.08,2,10,1,
3552,2000,Amb_Fire_Bonfire_01.ogg,3871.88|4861.21|396.93,2,10,1,
3553,2000,Amb_Fire_Bonfire_01.ogg,3897.46|4845.24|396.82,2,10,1,
3554,2000,Amb_Lava_01.ogg,3880.81|4867.82|396.24,20,40,1,
3555,2000,Amb_Lava_02.ogg,3893.57|4854.90|396.11,20,40,1,
3556,2000,Amb_Lava_03.ogg,3872.26|4806.10|397.08,20,40,1,
3557,2000,Amb_Lava_04.ogg,3895.68|4809.38|396.45,20,40,1,
3558,2000,Amb_Lava_01.ogg,3847.99|4865.63|396.24,20,40,1,
3559,2000,Amb_Lava_01.ogg,3863.33|4798.95|396.24,20,40,1,
3560,2000,Amb_Scare_Animal_02.ogg,3836.48|4832.85|396.51,20,40,1,
3561,2000,Amb_Lava_03.ogg,4022.57|5060.08|319.04,30,40,1,
3562,2000,Amb_Lava_03.ogg,4010.62|5082.21|319.04,30,40,1,
3563,2000,Amb_Lava_03.ogg,3990.26|5093.70|319.04,30,40,1,
3564,2000,Amb_Lava_03.ogg,3957.69|5097.14|319.04,30,40,1,
3565,2000,Amb_Fire_Large_01.ogg,3612.34|4915.46|293.48,20,40,1,
3566,2000,Amb_Fire_Large_01.ogg,3584.54|4916.48|293.48,20,40,1,
3567,2000,Animal_Crow_01.ogg,3731.99|5101.95|308.93,20,60,1,
3568,2000,Amb_Water_Waterfall_01.ogg,6089.40|7888.17|107.89,50,80,1,
3569,2000,Amb_Water_Waterfall_01.ogg,5823.44|8013.62|107.89,50,80,1,
3570,2000,Amb_Water_Waterfall_01.ogg,6039.18|8009.73|120.38,50,80,1,
3571,2000,Amb_Fire_Large_01.ogg,6015.83|7868.41|125.42,2,10,1,
3572,2000,Amb_Fire_Large_01.ogg,6010.52|7882.27|125.42,2,10,1,
3573,2000,Amb_Fire_Large_01.ogg,5999.87|7968.39|127.08,2,10,1,
3574,2000,Amb_Fire_Large_01.ogg,5991.95|7954.45|125.63,2,10,1,
3575,2000,Amb_Fire_Large_01.ogg,5991.23|7935.28|126.82,2,10,1,
3576,2000,Amb_Fire_Large_01.ogg,5760.09|8112.08|133.81,2,10,1,
3577,2000,Amb_Fire_Large_01.ogg,5724.15|8093.65|134.26,2,10,1,
3578,2000,Amb_Fire_Large_01.ogg,5720.25|8069.06|134.26,2,10,1,
3579,2000,Amb_Fire_Large_01.ogg,5706.73|8059.27|133.78,2,10,1,
3580,2000,Amb_Fire_Large_01.ogg,5761.96|7984.99|130.64,2,10,1,
3581,2000,Amb_Fire_Large_01.ogg,5775.29|7979.67|129.98,2,10,1,
3582,2000,Amb_Fire_Large_01.ogg,5770.25|7961.62|129.92,2,10,1,
3583,2000,Amb_Fire_Large_01.ogg,5763.95|7959.98|129.92,2,10,1,
3584,2000,Amb_Fire_Large_01.ogg,5688.54|7893.06|133.36,2,10,1,
3585,2000,Amb_Fire_Large_01.ogg,5702.93|7888.42|132.87,2,10,1,
3586,2000,Amb_Fire_Large_01.ogg,5699.28|7866.06|133.26,2,10,1,
3587,2000,Amb_Fire_Large_01.ogg,5711.47|7836.70|134.35,2,10,1,
3588,2000,Amb_Fire_Large_01.ogg,5689.92|7826.08|134.29,2,10,1,
3589,2000,Amb_Fire_Large_01.ogg,5705.19|7817.60|136.60,2,10,1,
3590,2000,Amb_Fire_Large_01.ogg,5733.39|7825.21|131.05,2,10,1,
3591,2000,Amb_Fire_Large_01.ogg,5731.94|7811.96|130.38,2,10,1,
3592,2000,Animal_Frog_02.ogg,5914.23|7786.18|108.66,2,20,1,
3593,2000,Animal_Frog_02.ogg,5961.70|7805.37|111.29,2,20,1,
3594,2000,Animal_Frog_02.ogg,5867.83|7889.32|112.95,2,20,1,
3595,2000,Animal_Frog_02.ogg,5834.79|7952.74|117.09,2,20,1,
3596,2000,Animal_Frog_02.ogg,5760.19|8077.58|134.26,2,20,1,
3597,2000,Animal_Frog_02.ogg,5807.23|7982.38|127.21,2,20,1,
3598,2000,Animal_Frog_02.ogg,5768.81|7903.58|126.73,2,20,1,
3599,2000,Animal_Frog_02.ogg,5815.41|7839.46|132.78,2,20,1,
3600,2000,Animal_Frog_02.ogg,5676.75|7895.55|133.35,2,20,1,
3601,2000,Animal_Frog_02.ogg,5695.53|7927.41|130.99,2,20,1,
3602,2000,Amb_Water_Waterfall_01.ogg,5646.22|7822.04|123.00,50,80,1,
3603,2000,Animal_Owl_01.ogg,5794.29|7761.01|155.95,2,50,1,
3604,2000,Amb_Tick_01.ogg,5941.48|7915.75|120.20,10,20,1,
3605,2000,Amb_Tick_01.ogg,5951.06|7904.18|120.44,10,20,1,
3606,2000,Amb_Tick_01.ogg,5936.03|7940.59|121.65,10,20,1,
3607,2000,Amb_Tick_01.ogg,5949.28|7930.08|121.67,10,20,1,
3608,2000,Amb_Water_Waterfall_01.ogg,5619.19|7993.53|123.00,50,80,1,
3609,2000,Amb_Water_Waterfall_01.ogg,5594.56|7890.41|123.00,50,80,1,
3610,2000,Amb_Water_L_Cascade_01.ogg,5478.73|7959.33|122.79,60,150,1,
3611,2000,Amb_Water_L_Cascade_01.ogg,5379.79|7982.44|122.79,60,150,1,
3612,2000,Amb_Sea_Beach_02.ogg,5402.88|7942.13|123.08,120,150,1,
3613,2000,Amb_Water_Waterfall_01.ogg,5511.84|8104.63|123.00,30,60,1,
3614,2000,Amb_Water_Waterfall_01.ogg,5460.58|8063.74|123.00,50,80,1,
3615,2000,Amb_Water_Waterfall_01.ogg,5391.34|8064.63|123.00,50,80,1,
3616,2000,Amb_Water_Waterfall_01.ogg,5305.60|8099.81|123.00,50,80,1,
3617,2000,Amb_Water_Waterfall_01.ogg,5245.20|8058.01|123.00,50,80,1,
3618,2000,Amb_Water_Waterfall_01.ogg,5231.18|7951.48|123.00,30,60,1,
3619,2000,Amb_Water_Waterfall_01.ogg,5250.99|7917.63|123.00,30,60,1,
3620,2000,Amb_Water_Waterfall_01.ogg,5298.45|7880.24|123.00,30,60,1,
3621,2000,Amb_Water_Waterfall_01.ogg,5210.34|7850.11|139.73,20,50,1,
3622,2000,Amb_Water_Waterfall_01.ogg,5310.31|7795.00|123.00,30,60,1,
3623,2000,Amb_Water_Waterfall_01.ogg,5521.05|7843.68|123.00,30,80,1,
3624,2000,Amb_Fire_Large_01.ogg,5362.85|7786.82|139.65,2,10,1,
3625,2000,Amb_Fire_Large_01.ogg,5377.33|7774.98|143.83,2,10,1,
3626,2000,Amb_Fire_Large_01.ogg,5406.77|7787.94|139.65,2,10,1,
3627,2000,Amb_Fire_Large_01.ogg,5403.84|7803.67|135.36,2,10,1,
3628,2000,Amb_Fire_Large_01.ogg,5397.93|7809.02|135.43,2,10,1,
3629,2000,Amb_Fire_Large_01.ogg,5220.57|7791.67|141.64,2,10,1,
3630,2000,Amb_Fire_Large_01.ogg,5269.82|7989.00|132.38,2,10,1,
3631,2000,Amb_Fire_Large_01.ogg,5273.37|8014.18|132.55,2,10,1,
3632,2000,Amb_Fire_Large_01.ogg,5332.14|8003.22|131.01,2,10,1,
3633,2000,Amb_Fire_Large_01.ogg,5321.34|7966.24|131.84,2,10,1,
3634,2000,Amb_Fire_Large_01.ogg,5273.55|8112.46|132.99,2,10,1,
3635,2000,Amb_Fire_Large_01.ogg,5281.80|8113.58|133.65,2,10,1,
3636,2000,Amb_Fire_Large_01.ogg,5285.28|8124.82|133.13,2,10,1,
3637,2000,Amb_Fire_Large_01.ogg,5288.60|8143.44|133.51,2,10,1,
3638,2000,Amb_Fire_Large_01.ogg,5275.81|8158.50|132.83,2,10,1,
3639,2000,Amb_Fire_Large_01.ogg,5425.00|8049.16|131.31,2,10,1,
3640,2000,Amb_Fire_Large_01.ogg,5438.82|8043.11|131.27,2,10,1,
3641,2000,Amb_Fire_Large_01.ogg,5422.45|8034.09|131.71,2,10,1,
3642,2000,Amb_Fire_Large_01.ogg,5444.60|8025.81|131.96,2,10,1,
3643,2000,Amb_Fire_Large_01.ogg,5458.57|8039.44|132.24,2,10,1,
3644,2000,Amb_Scare_Male_01.ogg,5448.43|7900.50|145.82,10,20,1,
3645,2000,Animal_Frog_02.ogg,5574.06|7961.89|132.25,2,20,1,
3646,2000,Animal_Frog_02.ogg,5607.93|7998.94|132.39,2,20,1,
3647,2000,Animal_Frog_02.ogg,5561.30|7910.72|128.73,2,20,1,
3648,2000,Animal_Frog_02.ogg,5524.87|7897.98|134.36,2,20,1,
3649,2000,Animal_Frog_02.ogg,5389.17|7779.88|139.62,2,20,1,
3650,2000,Animal_Frog_02.ogg,5358.89|7779.35|139.94,2,20,1,
3651,2000,Animal_Frog_02.ogg,5290.51|7824.14|123.13,2,20,1,
3652,2000,Animal_Frog_02.ogg,5247.70|7793.73|140.03,2,20,1,
3653,2000,Animal_Frog_02.ogg,5209.47|7807.06|141.03,2,20,1,
3654,2000,Animal_Frog_02.ogg,5210.95|7843.98|139.79,2,20,1,
3655,2000,Animal_Frog_02.ogg,5279.88|7999.73|132.22,2,20,1,
3656,2000,Animal_Frog_02.ogg,5223.54|8106.86|132.69,2,20,1,
3657,2000,Animal_Frog_02.ogg,5197.77|8187.70|130.01,2,20,1,
3658,2000,Animal_Frog_02.ogg,5295.44|8134.51|132.97,2,20,1,
3659,2000,Animal_Frog_05.ogg,5290.36|8157.36|133.61,2,20,1,
3660,2000,Animal_Frog_05.ogg,5308.68|8031.17|133.10,2,20,1,
3661,2000,Animal_Frog_05.ogg,5304.05|7987.43|131.38,2,20,1,
3662,2000,Animal_Frog_05.ogg,5383.64|7815.15|135.08,2,20,1,
3663,2000,Animal_Frog_05.ogg,5400.59|7774.53|139.65,2,20,1,
3664,2000,Animal_Frog_05.ogg,5363.30|7798.08|139.66,2,20,1,
3665,2000,Animal_Frog_05.ogg,5588.25|7772.90|133.47,2,20,1,
3666,2000,Animal_Frog_05.ogg,5534.29|7778.64|133.52,2,20,1,
3667,2000,Amb_Water_Small_01.ogg,4862.90|8509.29|124.75,20,50,1,
3668,2000,Amb_Water_Small_01.ogg,4834.61|8477.52|124.75,20,50,1,
3669,2000,Amb_Water_Small_01.ogg,4795.39|8563.12|105.92,20,50,1,
3670,2000,Amb_Water_Small_01.ogg,4758.21|8534.57|105.92,20,50,1,
3671,2000,Amb_Water_Small_01.ogg,4755.83|8580.03|105.92,20,50,1,
3672,2000,Amb_Water_Cascade_01.ogg,4812.36|8523.74|106.89,30,60,1,
3673,2000,Amb_Water_L_Cascade_01.ogg,4802.68|8512.27|107.35,30,60,1,
3674,2000,Amb_Water_Large_Valley_01.ogg,4827.09|8506.46|125.05,30,60,1,
3675,2000,Amb_Fire_Large_01.ogg,4862.54|8600.63|130.50,2,10,1,
3676,2000,Amb_Fire_Large_01.ogg,4871.38|8603.13|130.49,2,10,1,
3677,2000,Amb_Fire_Large_01.ogg,4856.96|8620.73|130.49,2,10,1,
3678,2000,Amb_Fire_Large_01.ogg,4823.81|8285.28|148.65,2,10,1,
3679,2000,Amb_Fire_Large_01.ogg,4823.98|8294.85|148.65,2,10,1,
3680,2000,Amb_Fire_Large_01.ogg,4851.35|8277.48|150.63,2,10,1,
3681,2000,Amb_Fire_Large_01.ogg,4856.53|8301.20|149.47,2,10,1,
3682,2000,Amb_Fire_Large_01.ogg,4872.32|8275.38|150.62,2,10,1,
3683,2000,Amb_Fire_Large_01.ogg,4839.46|8301.08|148.81,2,10,1,
3684,2000,Amb_Fire_Large_01.ogg,4838.09|8273.11|148.81,2,10,1,
3685,2000,Amb_Fire_Large_01.ogg,4897.00|8303.83|146.56,2,10,1,
3686,2000,Amb_Fire_Large_01.ogg,4897.39|8294.16|146.40,2,10,1,
3687,2000,Amb_Fire_Large_01.ogg,5254.61|8333.59|189.97,2,10,1,
3688,2000,Amb_Fire_Large_01.ogg,5262.97|8342.94|189.93,2,10,1,
3689,2000,Amb_Fire_Large_01.ogg,5306.49|8308.64|193.58,2,10,1,
3690,2000,Amb_Fire_Large_01.ogg,5344.60|8539.67|212.17,2,10,1,
3691,2000,Amb_Fire_Large_01.ogg,5339.98|8566.30|211.96,2,10,1,
3692,2000,Amb_Fire_Large_01.ogg,5358.58|8553.34|211.67,2,10,1,
3693,2000,Amb_Fire_Large_01.ogg,5382.21|8581.26|211.20,2,10,1,
3694,2000,Amb_Fire_Large_01.ogg,5330.66|8553.54|211.98,2,10,1,
3695,2000,Amb_Fire_Large_01.ogg,5433.56|8622.17|206.51,2,10,1,
3696,2000,Amb_Fire_Large_01.ogg,5472.34|8646.13|207.50,2,10,1,
3697,2000,Amb_Fire_Large_01.ogg,5489.59|8641.34|207.78,2,10,1,
3698,2000,Amb_Fire_Large_01.ogg,5503.56|8620.18|207.89,2,10,1,
3699,2000,Amb_Fire_Large_01.ogg,5469.97|8570.72|211.29,2,10,1,
3700,2000,Amb_Fire_Large_01.ogg,5448.33|8594.23|207.33,2,10,1,
3701,2000,Amb_Fire_Large_01.ogg,5455.21|8592.89|207.20,2,10,1,
3702,2000,Amb_Fire_Large_01.ogg,5438.17|8585.64|206.44,2,10,1,
3703,2000,Amb_Fire_Large_01.ogg,5456.51|8649.60|207.02,2,10,1,
3704,2000,Amb_Fire_Large_01.ogg,5458.31|8634.26|207.04,2,10,1,
3705,2000,Amb_Fire_Large_01.ogg,5481.02|8604.09|208.29,2,10,1,
3706,2000,Amb_Fire_Large_01.ogg,5492.12|8591.18|209.83,2,10,1,
3707,2000,Amb_Fire_Large_01.ogg,5499.83|8558.61|226.97,2,10,1,
3708,2000,Amb_Fire_Large_01.ogg,5497.02|8568.31|229.36,2,10,1,
3709,2000,Amb_Fire_Large_01.ogg,5521.35|8564.68|227.84,2,10,1,
3710,2000,Amb_Fire_Large_01.ogg,5535.20|8572.32|229.62,2,10,1,
3711,2000,Amb_Fire_Large_01.ogg,5528.52|8587.47|229.43,2,10,1,
3712,2000,Amb_Fire_Large_01.ogg,5545.95|8612.44|231.79,2,10,1,
3713,2000,Amb_Water_Waterfall_01.ogg,5067.75|8334.20|129.82,50,80,1,
3714,2000,Amb_Water_Waterfall_01.ogg,5149.12|8257.60|129.82,50,80,1,
3715,2000,Amb_Water_Cascade_01.ogg,4959.79|8328.60|129.83,30,60,1,
3716,2000,Amb_Water_Cascade_01.ogg,4922.08|8353.02|133.50,30,60,1,
3717,2000,Amb_Water_Waterfall_01.ogg,4939.89|8340.71|138.67,50,80,1,
3718,2000,Amb_Water_Small_01.ogg,5071.45|8528.77|146.70,30,60,1,
3719,2000,Amb_Water_Small_01.ogg,5140.94|8519.74|152.78,30,60,1,
3720,2000,Amb_Water_Small_01.ogg,5041.36|8616.65|149.61,30,60,1,
3721,2000,Amb_Water_Small_01.ogg,5091.68|8574.15|149.61,30,60,1,
3722,2000,Amb_Lava_03.ogg,5083.65|8586.01|151.04,30,50,1,
3723,2000,Amb_Lava_03.ogg,5060.06|8613.92|151.04,30,50,1,
3724,2000,Amb_Lava_03.ogg,5122.24|8519.68|154.98,30,50,1,
3725,2000,Amb_Lava_03.ogg,5146.84|8550.95|164.17,30,50,1,
3726,2000,Amb_Lava_03.ogg,5061.48|8464.82|154.98,30,50,1,
3727,2000,Amb_Lava_03.ogg,5053.25|8510.33|146.03,30,50,1,
3728,2000,Amb_Lava_03.ogg,5076.50|8494.23|146.03,30,50,1,
3729,2000,Amb_Water_L_Cascade_01.ogg,4796.16|8634.75|106.53,50,80,1,
3730,2000,Amb_Water_L_Cascade_01.ogg,4751.76|8626.75|106.53,50,80,1,
3731,2000,Amb_Water_L_Cascade_01.ogg,4702.72|8572.85|106.53,50,80,1,
3732,2000,Amb_Water_L_Cascade_01.ogg,4909.16|8459.97|139.51,50,80,1,
3733,2000,Amb_Water_Waterfall_01.ogg,5041.05|8270.27|129.82,50,80,1,
3734,2000,Amb_Water_Waterfall_01.ogg,5191.32|8216.40|129.82,50,80,1,
3735,2000,Animal_Frog_02.ogg,5169.47|8224.36|131.89,2,20,1,
3736,2000,Animal_Frog_02.ogg,5200.14|8214.47|131.46,2,20,1,
3737,2000,Animal_Frog_02.ogg,5108.29|8304.19|131.27,2,20,1,
3738,2000,Animal_Frog_02.ogg,5065.69|8261.69|131.18,2,20,1,
3739,2000,Animal_Frog_02.ogg,5019.75|8311.31|129.82,2,20,1,
3740,2000,Animal_Frog_02.ogg,5043.50|8340.85|129.82,2,20,1,
3741,2000,Animal_Frog_02.ogg,5085.32|8344.76|129.82,2,20,1,
3742,2000,Amb_Fire_Torch_03.ogg,5471.22|8618.75|207.25,2,20,1,
3743,2000,Amb_Fire_Torch_03.ogg,5514.91|8576.48|229.19,2,20,1,
3744,2000,Amb_Fire_Torch_03.ogg,5421.69|8607.05|203.67,2,20,1,
3745,2000,Amb_Fire_Torch_02.ogg,5471.48|8585.02|208.05,2,20,1,
3746,2000,Amb_Fire_Torch_02.ogg,5492.91|8605.35|208.58,2,20,1,
3747,2000,Amb_Fire_Torch_02.ogg,5436.76|8635.49|209.70,2,20,1,
3748,2000,Amb_Fire_Torch_02.ogg,5537.72|8591.35|229.83,2,20,1,
3749,2000,Amb_Lava_01.ogg,5470.86|8398.32|204.15,30,60,1,
3750,2000,Amb_Lava_01.ogg,5435.29|8382.08|203.97,30,60,1,
3751,2000,Amb_Lava_01.ogg,5517.50|8356.96|255.26,30,60,1,
3752,2000,Amb_Lava_04.ogg,5510.45|8411.52|212.52,30,60,1,
3753,2000,Amb_Lava_04.ogg,5446.37|8347.61|233.03,30,60,1,
3754,2000,Amb_Lava_04.ogg,5471.34|8353.39|260.54,30,60,1,
3755,2005,Amb_Fire_Large_01.ogg,140.40|158.60|1.75,2,10,1,
3756,2005,Amb_Fire_Large_01.ogg,151.47|202.58|0.16,10,30,1,
3757,2005,Amb_Fire_Large_01.ogg,115.09|215.37|-2.48,2,10,1,
3758,2005,Amb_Fire_Large_01.ogg,115.56|200.78|-3.05,2,10,1,
3759,2005,Amb_Fire_Large_01.ogg,95.41|197.00|-10.03,2,10,1,
3760,2005,Amb_Fire_Large_01.ogg,93.57|216.32|-9.21,2,10,1,
3761,2005,Amb_Fire_Large_01.ogg,99.15|301.15|-10.26,2,10,1,
3762,2005,Amb_Fire_Large_01.ogg,108.35|321.11|-10.07,2,10,1,
3763,2005,Amb_Fire_Large_01.ogg,134.08|298.41|1.16,2,10,1,
3764,2005,Amb_Fire_Large_01.ogg,126.04|285.20|0.14,2,10,1,
3765,2005,Amb_Fire_Large_01.ogg,191.65|149.81|0.75,10,30,1,
3766,2005,Amb_Fire_Large_01.ogg,208.80|112.82|-4.55,2,10,1,
3767,2005,Amb_Fire_Large_01.ogg,317.54|106.95|-9.94,2,10,1,
3768,2005,Amb_Fire_Large_01.ogg,408.06|90.76|-11.55,2,10,1,
3769,2005,Amb_Fire_Large_01.ogg,413.19|97.36|-11.97,2,10,1,
3770,2005,Amb_Fire_Large_01.ogg,468.63|61.62|-20.28,2,10,1,
3771,2005,Amb_Fire_Large_01.ogg,457.72|67.99|-20.30,2,10,1,
3772,2005,Amb_Fire_Large_01.ogg,457.54|54.34|-20.48,2,10,1,
3773,2005,Amb_Fire_Large_01.ogg,468.20|47.77|-20.44,2,10,1,
3774,2005,Amb_Fire_Large_01.ogg,461.06|39.21|-17.74,2,10,1,
3775,2005,Amb_Fire_Large_01.ogg,480.00|53.69|-19.97,2,10,1,
3776,2005,Amb_Fire_Large_01.ogg,472.58|72.15|-17.75,2,10,1,
3777,2005,Amb_Fire_Large_01.ogg,464.65|76.89|-17.68,2,10,1,
3778,2005,Amb_Fire_Large_01.ogg,416.76|197.74|-9.13,2,10,1,
3779,2005,Amb_Fire_Large_01.ogg,403.36|179.27|-9.85,2,10,1,
3780,2005,Amb_Fire_Large_01.ogg,393.46|212.75|-1.28,2,10,1,
3781,2005,Amb_Fire_Large_01.ogg,383.64|200.16|-0.96,2,10,1,
3782,2005,Amb_Fire_Large_01.ogg,430.76|289.73|-9.76,2,10,1,
3783,2005,Amb_Fire_Large_01.ogg,411.12|284.41|-4.03,2,10,1,
3784,2005,Amb_Fire_Large_01.ogg,407.86|295.35|-4.13,2,10,1,
3785,2005,Amb_Fire_Large_01.ogg,371.70|327.80|-2.82,10,30,1,
3786,2005,Amb_Fire_Large_01.ogg,346.84|368.83|-5.01,10,30,1,
3787,2005,Amb_Fire_Large_01.ogg,306.42|362.22|-2.15,10,30,1,
3788,2005,Amb_Fire_Large_01.ogg,293.01|400.10|-3.69,2,10,1,
3789,2005,Amb_Fire_Large_01.ogg,279.90|401.94|-3.01,2,10,1,
3790,2005,Amb_Fire_Large_01.ogg,273.92|420.69|-9.36,2,10,1,
3791,2005,Amb_Fire_Large_01.ogg,187.20|407.99|-9.73,2,10,1,
3792,2005,Amb_Fire_Large_01.ogg,174.20|391.87|-9.85,2,10,1,
3793,2005,Amb_Fire_Large_01.ogg,202.87|373.24|1.88,2,10,1,
3794,2005,Amb_Fire_Large_01.ogg,211.93|384.15|2.36,2,10,1,
3795,2005,Amb_Fire_Large_01.ogg,95.80|406.79|-10.77,2,10,1,
3796,2005,Amb_Fire_Large_01.ogg,89.16|399.78|-10.42,2,10,1,
3797,2005,Amb_Fire_Large_01.ogg,50.75|450.16|-20.41,2,10,1,
3798,2005,Amb_Fire_Large_01.ogg,54.62|463.05|-20.45,2,10,1,
3799,2005,Amb_Fire_Large_01.ogg,45.64|471.49|-20.48,2,10,1,
3800,2005,Amb_Fire_Large_01.ogg,63.05|471.33|-17.79,2,10,1,
3801,2005,Amb_Fire_Large_01.ogg,53.98|479.89|-17.68,2,10,1,
3802,2005,Amb_Fire_Large_01.ogg,33.80|450.33|-17.75,2,10,1,
3803,2005,Amb_Fire_Large_01.ogg,42.50|441.34|-17.75,2,10,1,
3804,2005,Amb_Fire_Large_01.ogg,191.88|98.42|-10.22,2,10,1,
3805,2005,Amb_Fire_Large_01.ogg,204.34|94.62|-10.27,2,10,1,
3806,2005,Amb_Fire_Large_01.ogg,354.72|165.67|4.45,2,10,1,
3807,2005,Amb_Fire_Large_01.ogg,350.46|162.57|4.46,10,30,1,
3808,2005,Amb_Fire_Large_01.ogg,297.81|127.99|-1.04,2,10,1,
3809,2005,Amb_Fire_Large_01.ogg,281.86|112.74|-1.07,2,10,1,
3810,2005,Amb_Fire_Large_01.ogg,199.12|116.97|-4.40,2,10,1,
3811,2005,Amb_Fire_Large_01.ogg,176.17|338.00|4.43,2,10,1,
3812,2005,Amb_Fire_Large_01.ogg,178.30|344.11|4.73,10,30,1,
3813,2005,Amb_Fire_Large_01.ogg,156.11|200.49|0.12,2,10,1,
3814,2005,Amb_Fire_Large_01.ogg,138.90|157.08|2.09,10,30,1,
3815,2005,Amb_Fire_Large_01.ogg,193.68|146.54|0.74,2,10,1,
3816,2005,Amb_Fire_Large_01.ogg,373.67|330.99|-3.39,2,10,1,
3817,2005,Amb_Fire_Large_01.ogg,311.02|362.84|-3.06,2,10,1,
3818,2005,Amb_Water_L_Cascade_01.ogg,263.64|205.10|-15.28,40,100,1,
3819,2005,Amb_Water_L_Cascade_01.ogg,315.01|248.43|-2.89,40,100,1,
3820,2005,Amb_Water_L_Cascade_01.ogg,316.22|277.12|-2.89,40,100,1,
3821,2005,Amb_Water_L_Cascade_01.ogg,183.94|256.51|-2.89,40,100,1,
3822,2005,Amb_Water_Waterfall_01.ogg,202.07|199.10|-0.64,20,50,1,
3823,2005,Amb_Water_Waterfall_01.ogg,317.75|309.99|-11.67,20,50,1,
3824,2501,Amb_Fire_Large_01.ogg,440.24|91.44|146.46,20,40,1,
3825,2501,Amb_Fire_Large_01.ogg,448.39|94.38|146.46,20,40,1,
3826,2501,Amb_Fire_Large_01.ogg,455.02|89.49|146.46,20,40,1,
3827,2501,Amb_Fire_Large_01.ogg,428.34|79.99|146.46,20,40,1,
3828,2501,Amb_Fire_Large_01.ogg,424.67|70.98|146.46,20,40,1,
3829,2501,Amb_Fire_Large_01.ogg,430.46|63.00|146.46,20,40,1,
3830,2501,Amb_HALO_01.ogg,440.81|79.06|141.19,10,30,1,
3831,2501,Amb_Fire_Large_01.ogg,396.64|413.63|173.23,2,10,1,
3832,2501,Amb_Fire_Large_01.ogg,409.56|398.79|173.23,2,10,1,
3833,2501,Amb_Fire_Large_01.ogg,422.34|415.14|172.73,2,10,1,
3834,2501,Amb_Fire_Large_01.ogg,412.16|424.74|172.73,2,10,1,
3835,1012,Amb_Fire_Large_01.ogg,277.23|158.85|45.94,2,10,1,
3836,1012,Amb_Fire_Large_01.ogg,235.07|158.19|45.89,2,10,1,
3837,1012,Amb_Fire_Large_01.ogg,234.92|209.84|50.62,2,10,1,
3838,1012,Amb_Fire_Large_01.ogg,275.92|211.05|50.75,2,10,1,
3839,1012,Amb_Fire_Large_01.ogg,344.68|234.89|50.58,2,10,1,
3840,1012,Amb_Fire_Large_01.ogg,381.25|234.94|50.58,2,10,1,
3841,1012,Amb_Fire_Large_01.ogg,382.04|275.93|50.58,2,10,1,
3842,1012,Amb_Fire_Large_01.ogg,343.24|275.62|51.04,2,10,1,
3843,1012,Amb_Fire_Large_01.ogg,416.12|219.70|50.99,2,10,1,
3844,1012,Amb_Fire_Large_01.ogg,416.33|181.15|45.89,2,10,1,
3845,1012,Amb_Fire_Large_01.ogg,400.88|141.63|45.88,2,10,1,
3846,1012,Amb_Fire_Large_01.ogg,346.59|125.19|45.89,2,10,1,
3847,1012,Amb_Fire_Large_01.ogg,312.25|124.91|45.89,2,10,1,
3848,1012,Amb_Fire_Large_01.ogg,194.61|124.61|45.89,2,10,1,
3849,1012,Amb_Fire_Large_01.ogg,160.15|125.15|45.89,2,10,1,
3850,1012,Amb_Fire_Large_01.ogg,161.98|276.54|50.87,2,10,1,
3851,1012,Amb_Fire_Large_01.ogg,123.35|276.15|50.68,2,10,1,
3852,1012,Amb_Fire_Large_01.ogg,124.38|235.84|50.62,2,10,1,
3853,1012,Amb_Fire_Large_01.ogg,161.12|236.13|50.94,2,10,1,
3854,1012,Amb_Fire_Large_01.ogg,276.29|302.04|50.78,2,10,1,
3855,1012,Amb_Fire_Large_01.ogg,236.43|302.33|50.88,2,10,1,
3856,1012,Amb_Fire_Large_01.ogg,275.78|357.39|45.92,2,10,1,
3857,1012,Amb_Fire_Large_01.ogg,236.14|358.66|45.90,2,10,1,
3858,1012,Amb_Fire_Large_01.ogg,198.39|385.36|45.98,2,10,1,
3859,1012,Amb_Fire_Large_01.ogg,158.21|386.19|45.90,2,10,1,
3860,1012,Amb_Fire_Large_01.ogg,96.52|451.42|46.01,2,10,1,
3861,1012,Amb_Fire_Large_01.ogg,64.19|451.75|46.21,2,10,1,
3862,1012,Amb_Fire_Large_01.ogg,102.64|487.02|36.52,2,10,1,
3863,1012,Amb_Fire_Large_01.ogg,58.41|487.40|36.52,2,10,1,
3864,1012,Amb_Fire_Large_01.ogg,95.19|327.42|46.14,2,10,1,
3865,1012,Amb_Fire_Large_01.ogg,95.73|290.53|51.06,2,10,1,
3866,1012,Amb_Fire_Large_01.ogg,95.44|221.77|50.67,2,10,1,
3867,1012,Amb_Fire_Large_01.ogg,95.59|183.23|45.90,2,10,1,
3868,1012,Amb_Fire_Large_01.ogg,111.74|140.11|45.89,2,10,1,
3869,1012,Amb_Fire_Large_01.ogg,63.90|59.78|45.89,2,10,1,
3870,1012,Amb_Fire_Large_01.ogg,95.38|60.25|45.89,2,10,1,
3871,1012,Amb_Fire_Large_01.ogg,102.06|24.70|36.52,2,10,1,
3872,1012,Amb_Fire_Large_01.ogg,56.79|24.52|36.52,2,10,1,
3873,1012,Amb_Fire_Large_01.ogg,416.19|60.26|45.89,2,10,1,
3874,1012,Amb_Fire_Large_01.ogg,448.38|59.96|45.89,2,10,1,
3875,1012,Amb_Fire_Large_01.ogg,454.93|24.04|36.66,2,10,1,
3876,1012,Amb_Fire_Large_01.ogg,409.13|24.33|36.66,2,10,1,
3877,1012,Amb_Fire_Large_01.ogg,416.24|291.41|50.60,2,10,1,
3878,1012,Amb_Fire_Large_01.ogg,415.98|330.63|45.89,2,10,1,
3879,1012,Amb_Fire_Large_01.ogg,400.49|370.29|45.89,2,10,1,
3880,1012,Amb_Fire_Large_01.ogg,448.18|452.00|45.96,2,10,1,
3881,1012,Amb_Fire_Large_01.ogg,415.69|451.06|46.14,2,10,1,
3882,1012,Amb_Fire_Large_01.ogg,454.75|487.04|36.52,2,10,1,
3883,1012,Amb_Fire_Large_01.ogg,410.20|487.42|36.52,2,10,1,
3884,1012,Amb_Fire_Large_01.ogg,348.88|385.21|45.91,2,10,1,
3885,1012,Amb_Fire_Large_01.ogg,310.31|384.90|45.89,2,10,1,
3886,1012,Amb_Fire_Large_01.ogg,327.90|423.70|45.89,2,10,1,
3887,1012,Amb_Fire_Large_01.ogg,184.47|423.51|45.89,2,10,1,
3888,1012,Amb_Fire_Large_01.ogg,110.13|368.20|46.00,2,10,1,
3889,1012,Amb_Fire_Large_01.ogg,278.91|271.89|45.79,2,10,1,
3890,1012,Amb_Fire_Large_01.ogg,301.57|272.00|45.71,2,10,1,
3891,1012,Amb_Fire_Large_01.ogg,278.32|238.98|45.63,2,10,1,
3892,1012,Amb_Fire_Large_01.ogg,301.46|238.52|45.57,2,10,1,
3893,1012,Amb_Fire_Large_01.ogg,301.42|204.77|31.95,2,10,1,
3894,1012,Amb_Fire_Large_01.ogg,302.93|307.13|32.34,2,10,1,
3895,1012,Amb_Fire_Large_01.ogg,211.58|307.76|31.90,2,10,1,
3896,1012,Amb_Fire_Large_01.ogg,273.13|397.69|40.75,2,10,1,
3897,1012,Amb_Fire_Large_01.ogg,238.77|397.07|40.53,2,10,1,
3898,1012,Amb_Fire_Large_01.ogg,210.60|240.26|45.50,2,10,1,
3899,1012,Amb_Fire_Large_01.ogg,232.73|239.72|45.46,2,10,1,
3900,1012,Amb_Fire_Large_01.ogg,233.41|272.50|45.43,2,10,1,
3901,1012,Amb_Fire_Large_01.ogg,209.85|273.10|45.52,2,10,1,
3902,1012,Amb_Fire_Large_01.ogg,232.59|239.78|45.46,2,10,1,
3903,1012,Amb_Fire_Large_01.ogg,209.47|204.83|32.11,2,10,1,
3904,1012,Amb_Fire_Large_01.ogg,204.06|93.28|40.55,2,10,1,
3905,1012,Amb_Fire_Large_01.ogg,218.37|86.12|40.54,2,10,1,
3906,1012,Amb_Fire_Large_01.ogg,208.03|61.35|50.28,2,10,1,
3907,1012,Amb_Fire_Large_01.ogg,206.44|38.04|60.24,2,10,1,
3908,1012,Amb_Fire_Large_01.ogg,310.83|94.17|40.55,2,10,1,
3909,1012,Amb_Fire_Large_01.ogg,294.84|85.33|40.55,2,10,1,
3910,1012,Amb_Fire_Large_01.ogg,304.47|61.40|50.21,2,10,1,
3911,1012,Amb_Fire_Large_01.ogg,305.75|38.45|60.20,2,10,1,
3912,1012,Amb_Fire_Large_01.ogg,306.61|509.75|77.35,2,10,1,
3913,1012,Amb_Fire_Large_01.ogg,277.43|508.30|77.38,2,10,1,
3914,1012,Amb_Fire_Large_01.ogg,256.11|507.76|77.31,2,10,1,
3915,1012,Amb_Fire_Large_01.ogg,231.95|508.58|77.35,2,10,1,
3916,1012,Amb_Fire_Large_01.ogg,205.87|508.97|77.30,2,10,1,
3917,1012,Amb_Fire_Large_01.ogg,226.97|487.15|79.50,2,10,1,
3918,1012,Amb_Fire_Large_01.ogg,217.34|488.17|77.37,2,10,1,
3919,1012,Amb_Fire_Large_01.ogg,217.12|451.75|77.37,2,10,1,
3920,1012,Amb_Fire_Large_01.ogg,226.66|451.93|79.21,2,10,1,
3921,1012,Amb_Fire_Large_01.ogg,285.76|453.44|79.50,2,10,1,
3922,1012,Amb_Fire_Large_01.ogg,295.36|452.18|77.37,2,10,1,
3923,1012,Amb_Fire_Large_01.ogg,295.65|487.34|77.27,2,10,1,
3924,1012,Amb_Fire_Large_01.ogg,286.00|487.58|79.42,2,10,1,
3925,1012,Amb_Fire_Large_01.ogg,154.77|340.28|42.88,10,40,1,
3926,1012,Amb_Fire_Large_01.ogg,139.12|325.03|42.75,10,40,1,
3927,1012,Amb_Fire_Large_01.ogg,146.56|348.06|47.42,10,40,1,
3928,1012,Amb_Fire_Large_01.ogg,132.45|333.76|47.42,10,40,1,
3929,1012,Amb_Fire_Large_01.ogg,357.07|341.32|42.86,10,40,1,
3930,1012,Amb_Fire_Large_01.ogg,372.51|325.57|42.99,10,40,1,
3931,1012,Amb_Fire_Large_01.ogg,379.29|333.92|47.42,10,40,1,
3932,1012,Amb_Fire_Large_01.ogg,365.86|348.13|47.42,10,40,1,
3933,1012,Amb_Fire_Large_01.ogg,357.20|168.46|43.18,10,40,1,
3934,1012,Amb_Fire_Large_01.ogg,372.08|184.51|42.95,10,40,1,
3935,1012,Amb_Fire_Large_01.ogg,378.62|175.79|47.42,10,40,1,
3936,1012,Amb_Fire_Large_01.ogg,364.80|159.59|46.52,10,40,1,
3937,1012,Amb_Fire_Large_01.ogg,139.32|186.54|43.12,10,40,1,
3938,1012,Amb_Fire_Large_01.ogg,155.06|170.83|42.94,10,40,1,
3939,1012,Amb_Fire_Large_01.ogg,146.25|164.05|47.42,10,40,1,
3940,1012,Amb_Fire_Large_01.ogg,132.57|178.34|47.42,10,40,1,
3941,1012,Amb_Fire_Large_01.ogg,245.57|63.52|88.39,10,40,1,
3942,1012,Amb_Fire_Large_01.ogg,265.83|63.67|88.39,10,40,1,
3943,1012,Amb_Fire_Large_01.ogg,266.97|83.10|84.86,10,40,1,
3944,1012,Amb_Fire_Large_01.ogg,245.22|84.63|84.86,10,40,1,
3945,1012,Amb_Fire_Large_01.ogg,261.80|110.54|51.17,10,40,1,
3946,1012,Amb_Fire_Large_01.ogg,248.47|111.67|51.13,10,40,1,
3947,4900,Amb_Fire_Large_01.ogg,201.54|297.12|0.99,2,10,1,
3948,4900,Amb_Fire_Large_01.ogg,197.04|290.44|0.99,2,10,1,
3949,4900,Amb_Fire_Large_01.ogg,310.45|297.00|0.92,2,10,1,
3950,4900,Amb_Fire_Large_01.ogg,314.87|290.14|0.91,2,10,1,
3951,4900,Amb_Fire_Large_01.ogg,314.63|221.46|0.92,2,10,1,
3952,4900,Amb_Fire_Large_01.ogg,310.34|214.81|0.91,2,10,1,
3953,4900,Amb_Fire_Large_01.ogg,201.54|215.08|0.91,2,10,1,
3954,4900,Amb_Fire_Large_01.ogg,197.27|221.72|0.91,2,10,1,
3955,4900,Amb_Scare_Animal_02.ogg,319.98|212.99|-3.86,20,60,1,
3956,4900,Amb_Scare_Animal_02.ogg,322.57|300.22|-3.86,20,60,1,
3957,4900,Amb_Scare_Animal_02.ogg,189.07|301.54|-3.86,20,60,1,
3958,4900,Amb_Scare_Animal_02.ogg,186.81|209.88|-3.84,20,60,1,
3959,1110,Amb_Lava_01.ogg,233.28|174.76|28.25,20,40,1,
3960,1110,Amb_Lava_02.ogg,268.91|178.92|28.43,20,40,1,
3961,1110,Amb_Lava_03.ogg,293.98|177.24|28.43,20,40,1,
3962,1110,Amb_Lava_04.ogg,226.16|209.24|24.84,20,40,1,
3963,1110,Amb_Lava_04.ogg,220.12|331.76|24.84,20,40,1,
3964,1110,Amb_Lava_01.ogg,282.26|336.38|28.25,20,40,1,
3965,1110,Amb_Lava_02.ogg,213.67|275.42|28.43,20,40,1,
3966,1110,Amb_Lava_03.ogg,307.07|277.53|28.43,20,40,1,
3967,1110,Amb_Lava_04.ogg,301.37|224.18|24.84,20,40,1,
3968,1110,Amb_Lava_04.ogg,204.12|233.12|24.84,20,40,1,
3969,1110,Amb_Lava_03.ogg,336.06|310.69|28.43,20,40,1,
3970,1110,Amb_Lava_04.ogg,343.93|243.47|24.84,20,40,1,
3971,1110,Amb_Lava_04.ogg,339.96|172.71|24.84,20,40,1,
3972,1110,Amb_Lava_04.ogg,176.41|253.75|24.84,20,40,1,
3973,1110,Amb_Lava_04.ogg,199.44|182.99|24.84,20,40,1,
3974,1110,Amb_Lava_03.ogg,168.54|320.97|28.43,20,40,1,
3975,1110,Amb_Lava_02.ogg,251.16|114.25|28.43,20,40,1,
3976,1110,Amb_Lava_04.ogg,254.76|394.20|24.84,20,40,1,
3977,1110,Amb_Lava_03.ogg,178.48|375.10|28.43,20,40,1,
3978,1110,Amb_Lava_03.ogg,349.12|380.42|28.43,20,40,1,
3979,1110,Amb_Lava_04.ogg,198.40|127.99|24.84,20,40,1,
3980,1110,Amb_Lava_03.ogg,320.51|113.44|28.43,20,40,1,
3981,1110,Amb_Lava_04.ogg,272.18|282.35|24.84,15,30,1,
3982,1110,Amb_Lava_02.ogg,268.97|237.15|28.43,15,30,1,
3983,1110,Amb_Lava_01.ogg,237.48|238.61|28.25,15,30,1,
3984,1110,Amb_Lava_03.ogg,245.90|277.58|28.43,15,30,1,
3985,1110,Amb_Lava_02.ogg,285.79|307.95|28.29,15,30,1,
3986,1110,Amb_Lava_02.ogg,249.34|320.74|28.43,15,30,1,
3987,1011,Animal_Crow_01.ogg,324.39|224.55|19.38,20,50,1,
3988,1011,Animal_Crow_01.ogg,186.80|289.50|17.47,20,50,1,
3989,1011,Animal_Crow_01.ogg,318.65|389.60|26.43,20,50,1,
3990,1120,Animal_Crow_01.ogg,287.79|272.67|6.63,20,50,1,
3991,1120,Animal_Crow_01.ogg,229.67|213.43|6.63,20,50,1,
3992,2003,Amb_Fire_Large_01.ogg,148.58|192.29|20.19,2,10,1,
3993,2003,Amb_Fire_Large_01.ogg,156.24|179.33|20.17,2,10,1,
3994,2003,Amb_Fire_Large_01.ogg,265.86|358.44|13.17,2,10,1,
3995,2003,Amb_Fire_Large_01.ogg,245.99|352.89|15.06,2,10,1,
3996,2003,Amb_Fire_Large_01.ogg,267.09|342.18|13.17,2,10,1,
3997,2003,Amb_Fire_Large_01.ogg,244.21|334.37|18.38,2,10,1,
3998,2003,Amb_Fire_Large_01.ogg,175.98|218.91|9.22,2,10,1,
3999,2003,Amb_Fire_Large_01.ogg,166.62|235.35|10.28,2,10,1,
4000,2003,Amb_Fire_Large_01.ogg,184.12|188.33|10.75,2,10,1,
4001,2003,Amb_Fire_Large_01.ogg,151.51|263.68|12.96,2,10,1,
4002,2003,Amb_Fire_Large_01.ogg,156.35|284.07|12.96,2,10,1,
4003,2003,Amb_Fire_Large_01.ogg,174.04|278.95|17.71,2,10,1,
4004,2003,Amb_Fire_Large_01.ogg,232.75|378.16|15.85,2,10,1,
4005,2003,Amb_Fire_Large_01.ogg,218.49|403.52|23.91,2,10,1,
4006,2003,Amb_Fire_Large_01.ogg,217.87|370.31|13.87,2,10,1,
4007,2003,Amb_Fire_Large_01.ogg,194.71|341.63|9.09,2,10,1,
4008,2003,Amb_Fire_Large_01.ogg,186.69|321.53|9.09,2,10,1,
4009,2003,Amb_Fire_Large_01.ogg,155.00|312.67|9.09,2,10,1,
4010,2003,Amb_Fire_Large_01.ogg,142.07|341.19|0.60,2,10,1,
4011,2003,Amb_Fire_Large_01.ogg,142.64|347.71|0.60,2,10,1,
4012,2003,Amb_Fire_Large_01.ogg,161.91|365.14|0.60,2,10,1,
4013,2003,Amb_Fire_Large_01.ogg,169.84|364.75|0.60,2,10,1,
4014,2003,Amb_Fire_Large_01.ogg,316.43|343.47|14.59,2,10,1,
4015,2003,Amb_Fire_Large_01.ogg,327.67|325.96|12.27,2,10,1,
4016,2003,Amb_Fire_Large_01.ogg,323.45|311.15|10.38,2,10,1,
4017,2003,Amb_Fire_Large_01.ogg,324.81|264.18|15.35,2,10,1,
4018,2003,Amb_Fire_Large_01.ogg,360.17|274.61|13.15,2,10,1,
4019,2003,Amb_Fire_Large_01.ogg,388.23|262.42|14.01,2,10,1,
4020,2003,Amb_Fire_Large_01.ogg,370.65|278.97|20.59,2,10,1,
4021,2003,Amb_Fire_Large_01.ogg,384.71|274.57|20.59,2,10,1,
4022,2003,Amb_Fire_Large_01.ogg,344.91|237.71|8.43,2,10,1,
4023,2003,Amb_Fire_Large_01.ogg,327.38|213.77|9.48,2,10,1,
4024,2003,Amb_Fire_Large_01.ogg,319.39|182.23|9.48,2,10,1,
4025,2003,Amb_Fire_Large_01.ogg,370.40|194.99|0.40,2,10,1,
4026,2003,Amb_Fire_Large_01.ogg,370.37|183.54|0.53,2,10,1,
4027,2003,Amb_Fire_Large_01.ogg,339.92|152.37|-0.35,2,10,1,
4028,2003,Amb_Fire_Large_01.ogg,351.33|151.80|-0.20,2,10,1,
4029,2003,Amb_Fire_Large_01.ogg,262.13|266.56|10.26,2,10,1,
4030,2003,Amb_Fire_Large_01.ogg,266.52|154.17|12.55,2,10,1,
4031,2003,Amb_Fire_Large_01.ogg,269.08|168.46|15.28,2,10,1,
4032,2003,Amb_Fire_Large_01.ogg,270.86|185.75|15.28,2,10,1,
4033,2003,Amb_Fire_Large_01.ogg,249.73|144.84|12.55,2,10,1,
4034,2003,Amb_Fire_Large_01.ogg,280.03|125.01|21.25,2,10,1,
4035,2003,Amb_Fire_Large_01.ogg,293.14|132.66|21.25,2,10,1,
4036,2003,Amb_Fire_Large_01.ogg,241.50|182.18|11.75,2,10,1,
4037,2003,Amb_Fire_Large_01.ogg,252.69|194.97|11.75,2,10,1,
4038,2004,Amb_Fire_Large_01.ogg,87.14|99.66|-7.38,2,10,1,
4039,2004,Amb_Fire_Large_01.ogg,56.91|103.78|-7.38,2,10,1,
4040,2004,Amb_Fire_Large_01.ogg,63.94|88.02|-7.38,2,10,1,
4041,2004,Amb_Fire_Large_01.ogg,65.83|134.66|-7.49,2,10,1,
4042,2004,Amb_Fire_Large_01.ogg,77.41|124.29|-7.38,2,10,1,
4043,2004,Amb_Fire_Large_01.ogg,83.55|111.82|-7.38,2,10,1,
4044,2004,Amb_Fire_Large_01.ogg,167.40|152.03|-5.69,2,10,1,
4045,2004,Amb_Fire_Large_01.ogg,158.19|141.28|-5.49,2,10,1,
4046,2004,Amb_Fire_Large_01.ogg,170.90|132.20|-5.70,2,10,1,
4047,2004,Amb_Fire_Large_01.ogg,335.27|194.09|-3.95,2,10,1,
4048,2004,Amb_Fire_Large_01.ogg,334.50|202.57|-3.95,2,10,1,
4049,2004,Amb_Fire_Large_01.ogg,339.55|208.43|-3.95,2,10,1,
4050,2004,Amb_Fire_Large_01.ogg,307.02|343.77|39.53,2,10,1,
4051,2004,Amb_Fire_Large_01.ogg,459.73|417.31|47.10,2,10,1,
4052,2004,Amb_Fire_Large_01.ogg,454.50|402.02|47.10,2,10,1,
4053,2004,Amb_Fire_Large_01.ogg,431.86|405.76|47.08,2,10,1,
4054,2004,Amb_Fire_Large_01.ogg,431.09|413.00|46.98,2,10,1,
4055,2004,Amb_Fire_Large_01.ogg,427.57|381.51|47.10,2,10,1,
4056,2004,Amb_Fire_Large_01.ogg,429.71|375.58|46.88,2,10,1,
4057,2004,Amb_Fire_Large_01.ogg,441.36|377.44|47.10,2,10,1,
4058,2004,Amb_Fire_Large_01.ogg,128.29|299.20|34.16,2,10,1,
4059,2004,Amb_Fire_Large_01.ogg,138.18|291.38|33.43,2,10,1,
4060,2004,Amb_Fire_Large_01.ogg,138.92|283.84|33.22,2,10,1,
4061,2004,Amb_Water_Waterfall_01.ogg,236.63|334.94|35.03,40,60,1,
4062,2004,Amb_Water_Waterfall_01.ogg,244.60|400.87|35.03,40,60,1,
4063,2004,Amb_Water_Waterfall_01.ogg,253.18|142.61|-8.92,40,60,1,
4064,2004,Amb_Water_Waterfall_01.ogg,290.45|86.97|-18.25,40,60,1,
4065,2004,Amb_Water_L_Cascade_01.ogg,259.64|227.00|-9.95,60,120,1,
4066,2004,Amb_Sea_Beach_02.ogg,266.59|235.02|-4.28,50,100,1,
4067,2004,Amb_Water_Cascade_01.ogg,234.84|171.11|-14.37,30,60,1,
4068,2004,Animal_Owl_01.ogg,370.55|101.69|14.71,10,80,1,
4069,2004,Animal_Owl_01.ogg,80.99|303.25|65.24,10,80,1,
4070,2004,Amb_Fire_Large_01.ogg,416.63|363.51|42.08,2,10,1,
4071,2004,Amb_Fire_Large_01.ogg,413.41|391.39|42.07,2,10,1,
4072,2004,Amb_Fire_Large_01.ogg,413.87|420.60|42.19,2,10,1,
4073,4450,Amb_Heartbeat_01.ogg,240.40|115.89|27.98,100,180,1,
4074,4450,Amb_Spell_02.ogg,196.84|268.90|24.39,50,100,1,
4075,4450,Amb_Fire_Large_01.ogg,193.22|240.37|23.36,2,10,1,
4076,4450,Amb_Fire_Large_01.ogg,183.10|255.81|23.38,2,10,1,
4077,4450,Amb_Fire_Large_01.ogg,182.78|281.08|23.36,2,10,1,
4078,4450,Amb_Fire_Large_01.ogg,195.14|300.61|23.36,2,10,1,
4079,4450,Amb_Fire_Large_01.ogg,231.31|292.86|23.37,2,10,1,
4080,4450,Amb_Fire_Large_01.ogg,263.49|257.54|23.33,2,10,1,
4081,4450,Amb_Fire_Large_01.ogg,263.00|277.49|23.36,2,10,1,
4082,4450,Amb_Fire_Large_01.ogg,258.83|301.16|23.36,2,10,1,
4083,4450,Amb_Fire_Large_01.ogg,230.10|246.74|23.36,2,10,1,
4084,4450,Amb_Fire_Large_01.ogg,261.20|234.57|23.36,2,10,1,
4085,4050,Amb_Magiccircle_01.ogg,269.27|222.78|63.10,30,60,1,
4086,4050,Amb_Spell_02.ogg,404.56|107.43|88.07,50,100,1,
4087,4000,Amb_Fire_Large_01.ogg,421.74|244.40|0.37,2,10,1,
4088,4000,Amb_Fire_Large_01.ogg,410.48|266.52|0.33,2,10,1,
4089,4000,Amb_Fire_Large_01.ogg,433.85|276.37|0.33,2,10,1,
4090,4000,Amb_Fire_Large_01.ogg,446.86|246.28|0.33,2,10,1,
4091,4000,Amb_Fire_Large_01.ogg,418.43|100.60|3.18,2,10,1,
4092,4000,Amb_Fire_Large_01.ogg,406.45|110.42|3.18,2,10,1,
4093,4000,Amb_Fire_Large_01.ogg,438.63|92.34|3.22,2,10,1,
4094,4000,Amb_Fire_Large_01.ogg,440.28|120.41|3.18,2,10,1,
4095,4000,Amb_Fire_Large_01.ogg,337.12|329.41|-21.57,2,10,1,
4096,4000,Amb_Fire_Large_01.ogg,362.36|316.22|-21.57,2,10,1,
4097,4000,Amb_Fire_Large_01.ogg,316.47|314.13|-21.50,2,10,1,
4098,4000,Amb_Fire_Large_01.ogg,336.11|299.41|-21.57,2,10,1,
4099,4000,Amb_Fire_Large_01.ogg,397.04|440.50|-6.38,2,10,1,
4100,4000,Amb_Fire_Large_01.ogg,416.46|411.96|-6.35,2,10,1,
4101,4000,Amb_Fire_Large_01.ogg,383.25|411.33|-6.38,2,10,1,
4102,4000,Amb_Fire_Large_01.ogg,414.99|382.68|-6.21,2,10,1,
4103,4000,Amb_Swamp_01.ogg,162.73|299.23|-1.03,20,50,1,
4104,4030,Amb_Magiccircle_01.ogg,257.13|45.91|1.88,2,10,1,
4105,4030,Amb_Magiccircle_01.ogg,421.63|329.38|54.58,2,10,1,
4106,4030,Amb_Magiccircle_01.ogg,171.35|398.53|87.40,2,10,1,
4107,4010,Amb_Fire_Large_01.ogg,338.93|235.17|161.22,20,40,1,
4108,4010,Amb_Fire_Large_01.ogg,454.13|237.44|160.19,20,40,1,
4109,4010,Amb_Water_Waterfall_01.ogg,352.57|241.82|148.47,50,80,1,
4110,4010,Amb_Water_Waterfall_01.ogg,441.00|240.37|148.47,50,80,1,
4111,4010,Amb_Magiccircle_01.ogg,400.73|89.02|169.26,30,80,1,
4112,4040,Amb_Spell_02.ogg,242.79|254.61|56.86,50,100,1,
4113,4040,Amb_Swamp_01.ogg,298.75|433.20|-10.23,30,60,1,
4114,4040,Amb_Swamp_01.ogg,232.49|371.11|-10.23,30,60,1,
4115,4040,Amb_Swamp_01.ogg,351.22|382.24|-10.23,30,60,1,
4116,4040,Amb_Swamp_01.ogg,176.50|295.61|-10.23,30,60,1,
4117,4040,Amb_Swamp_01.ogg,402.15|138.52|-10.23,30,60,1,
4118,4040,Amb_Swamp_01.ogg,305.02|136.92|-10.23,30,60,1,
4119,4040,Amb_Magiccircle_01.ogg,117.98|67.97|-10.98,50,100,1,
4120,4060,Amb_Magiccircle_01.ogg,125.25|450.98|44.98,20,80,1,
4121,4060,Amb_Spell_01.ogg,97.73|427.01|44.92,20,60,1,
4122,4060,Amb_Spell_02.ogg,148.83|430.95|44.31,20,60,1,
4123,4060,Amb_Larva_01.ogg,54.69|241.36|50.50,20,40,1,
4124,4060,Amb_Larva_03.ogg,140.22|273.40|50.87,2,10,1,
4125,4060,Amb_Larva_03.ogg,178.98|239.28|48.96,2,10,1,
4126,4060,Amb_Larva_05.ogg,140.62|248.83|50.42,2,10,1,
4127,4060,Amb_Larva_05.ogg,110.90|271.85|48.05,2,10,1,
4128,4060,Amb_Larva_04.ogg,103.32|280.70|49.65,20,40,1,
4129,4060,Amb_Larva_04.ogg,71.78|223.98|49.72,2,10,1,
4130,4060,Amb_Larva_04.ogg,97.79|238.19|50.16,2,10,1,
4131,4060,Amb_Larva_04.ogg,106.50|218.24|54.02,2,10,1,
4132,4060,Amb_Larva_02.ogg,96.27|205.86|51.52,2,10,1,
4133,4060,Amb_Larva_02.ogg,118.87|195.15|52.01,2,10,1,
4134,4060,Amb_Larva_02.ogg,134.20|210.07|52.47,2,10,1,
4135,4060,Amb_Larva_02.ogg,111.83|157.16|43.87,2,10,1,
4136,4060,Amb_Larva_02.ogg,119.01|130.95|40.31,2,10,1,
4137,4060,Amb_Larva_05.ogg,134.90|116.89|39.90,2,10,1,
4138,4060,Amb_Larva_05.ogg,118.01|112.50|39.83,2,10,1,
4139,4060,Amb_Larva_05.ogg,61.25|140.35|38.87,2,10,1,
4140,4060,Amb_Larva_05.ogg,48.63|147.03|37.58,2,10,1,
4141,4060,Amb_Larva_01.ogg,69.87|154.74|49.75,10,20,1,
4142,4060,Amb_Larva_03.ogg,30.13|115.80|35.55,2,10,1,
4143,4060,Amb_Larva_03.ogg,64.31|97.75|36.04,2,10,1,
4144,4060,Amb_Larva_05.ogg,46.45|54.01|22.72,2,10,1,
4145,4060,Amb_Larva_05.ogg,45.52|94.87|35.05,2,10,1,
4146,4060,Amb_Larva_01.ogg,59.22|86.38|47.99,20,40,1,
4147,4060,Amb_Larva_05.ogg,69.80|32.99|20.46,2,10,1,
4148,4060,Amb_Larva_05.ogg,99.09|44.11|43.12,20,40,1,
4149,4060,Amb_Larva_02.ogg,98.41|66.17|27.79,2,10,1,
4150,4060,Amb_Larva_02.ogg,59.52|62.89|21.02,2,10,1,
4151,4060,Amb_Larva_02.ogg,28.21|29.82|20.95,2,10,1,
4152,4060,Amb_Larva_04.ogg,26.43|55.33|32.49,20,40,1,
4153,4060,Amb_Larva_04.ogg,134.68|39.24|28.74,2,10,1,
4154,4060,Amb_Larva_05.ogg,166.06|41.35|28.03,2,10,1,
4155,4060,Amb_Larva_05.ogg,177.82|58.97|27.52,2,10,1,
4156,4060,Amb_Larva_01.ogg,186.36|58.90|37.64,20,40,1,
4157,4060,Amb_Larva_02.ogg,136.38|141.16|43.87,2,10,1,
4158,4080,Amb_Magiccircle_01.ogg,324.60|152.28|15.82,20,40,1,
4159,4080,Amb_Swamp_01.ogg,395.57|146.68|-9.20,20,80,1,
4160,4080,Amb_Spell_01.ogg,160.42|404.43|27.25,20,60,1,
4161,4080,Amb_Spell_02.ogg,141.69|449.13|22.60,20,60,1,
4162,4080,Amb_Swamp_01.ogg,277.56|321.87|2.69,30,80,1,
4163,4080,Amb_Magiccircle_01.ogg,438.25|315.13|23.55,40,100,1,
4164,4090,Amb_Magiccircle_01.ogg,204.86|172.73|13.61,30,60,1,
4165,4090,Amb_Magiccircle_01.ogg,283.62|172.21|12.39,30,60,1,
4166,4090,Amb_Spell_01.ogg,198.40|58.26|56.06,30,60,1,
4167,4090,Amb_Spell_02.ogg,286.59|53.77|53.75,30,60,1,
4168,4090,Amb_Spell_03.ogg,244.73|1.19|56.97,50,100,1,
4169,4090,Amb_Magiccircle_01.ogg,98.94|43.66|39.51,30,60,1,
4170,4090,Amb_Magiccircle_01.ogg,66.20|412.95|32.59,30,60,1,
4171,4090,Amb_Larva_02.ogg,363.31|245.06|-4.46,10,30,1,
4172,4090,Amb_Larva_02.ogg,431.81|227.14|-6.56,10,30,1,
4173,4090,Amb_Larva_01.ogg,437.81|252.00|-3.74,2,10,1,
4174,4090,Amb_Larva_04.ogg,394.37|243.82|-5.16,10,30,1,
4175,4090,Amb_Larva_05.ogg,463.83|238.75|-3.64,10,30,1,
4176,4090,Amb_Spell_02.ogg,410.54|281.09|2.83,30,60,1,
4177,4090,Amb_Spell_01.ogg,353.97|435.15|15.58,20,60,1,
4178,4090,Amb_Spell_02.ogg,98.89|61.71|39.30,30,60,1,
4179,4090,Amb_Spell_02.ogg,88.83|413.50|32.59,30,60,1,
4180,4060,Amb_Magiccircle_01.ogg,262.37|179.71|33.88,20,50,1,
4181,4060,Amb_Magiccircle_01.ogg,215.43|183.04|33.34,20,50,1,
4182,4060,Amb_Larva_05.ogg,168.52|158.55|55.46,20,40,1,
4183,4060,Amb_Larva_02.ogg,145.45|94.66|27.79,2,10,1,
4184,4060,Amb_Larva_05.ogg,114.50|86.15|33.13,10,20,1,
4185,4060,Amb_Fire_Large_01.ogg,358.99|216.65|0.93,2,10,1,
4186,4060,Amb_Fire_Large_01.ogg,320.09|234.24|1.13,2,10,1,
4187,4060,Amb_Fire_Large_01.ogg,335.54|261.46|1.23,2,10,1,
4188,4060,Amb_Fire_Large_01.ogg,324.08|184.61|0.49,2,10,1,
4189,4060,Amb_Fire_Large_01.ogg,332.82|182.05|0.65,2,10,1,
4190,4060,Amb_Fire_Large_01.ogg,371.17|279.51|1.47,2,10,1,
4191,4060,Amb_Fire_Large_01.ogg,378.20|270.80|1.08,2,10,1,
4192,4060,Amb_Fire_Large_01.ogg,349.81|239.02|1.26,2,10,1,
4193,4060,Amb_Fire_Large_01.ogg,424.61|70.76|45.39,2,10,1,
4194,4060,Amb_Fire_Large_01.ogg,428.96|76.56|45.71,2,10,1,
4195,4060,Amb_Fire_Large_01.ogg,439.58|39.45|46.18,2,10,1,
4196,4060,Amb_Fire_Large_01.ogg,447.62|39.93|46.55,2,10,1,
4197,4060,Amb_Fire_Large_01.ogg,458.38|49.96|45.90,2,10,1,
4198,4060,Amb_Fire_Large_01.ogg,458.19|60.34|45.83,2,10,1,
4199,4060,Amb_Fire_Large_01.ogg,458.37|71.59|45.92,2,10,1,
4200,4060,Amb_Fire_Large_01.ogg,438.72|74.43|45.89,2,10,1,
4201,4040,Amb_Fire_Large_01.ogg,370.90|80.01|-9.31,2,10,1,
4202,4040,Amb_Fire_Large_01.ogg,370.62|104.36|-9.27,2,10,1,
4203,4020,Amb_Magiccircle_01.ogg,267.32|493.73|52.18,20,80,1,
4204,4020,Amb_Magiccircle_01.ogg,304.37|492.86|52.18,20,80,1,
4205,1130,Amb_Spell_01.ogg,259.05|253.63|-3.64,40,100,1,
4206,1004,Amb_Spell_01.ogg,254.14|217.57|215.59,30,80,1,
4207,1004,Amb_Spell_03.ogg,226.54|268.09|215.60,30,80,1,
4208,1004,Amb_Spell_02.ogg,292.09|268.67|215.60,30,80,1,
4209,1004,Amb_Fire_Large_01.ogg,349.53|190.45|180.58,2,10,1,
4210,1004,Amb_Fire_Large_01.ogg,360.40|206.63|180.58,2,10,1,
4211,1004,Amb_Fire_Large_01.ogg,334.73|205.77|188.47,2,10,1,
4212,1004,Amb_Fire_Large_01.ogg,339.52|213.61|188.34,2,10,1,
4213,1004,Amb_Fire_Large_01.ogg,322.80|212.06|196.04,2,10,1,
4214,1004,Amb_Fire_Large_01.ogg,327.66|220.52|196.05,2,10,1,
4215,1004,Amb_Fire_Large_01.ogg,316.12|226.55|203.32,2,10,1,
4216,1004,Amb_Fire_Large_01.ogg,311.62|218.37|203.22,2,10,1,
4217,1004,Amb_Fire_Large_01.ogg,284.07|246.79|215.61,2,10,1,
4218,1004,Amb_Fire_Large_01.ogg,277.05|234.96|215.61,2,10,1,
4219,1004,Amb_Fire_Large_01.ogg,277.01|229.48|211.13,2,10,1,
4220,1004,Amb_Fire_Large_01.ogg,289.30|249.78|211.13,2,10,1,
4221,1004,Amb_Fire_Large_01.ogg,262.52|285.37|215.61,2,10,1,
4222,1004,Amb_Fire_Large_01.ogg,250.26|284.85|215.61,2,10,1,
4223,1004,Amb_Fire_Large_01.ogg,243.31|288.34|211.13,2,10,1,
4224,1004,Amb_Fire_Large_01.ogg,269.09|287.77|211.14,2,10,1,
4225,1004,Amb_Fire_Large_01.ogg,250.93|323.08|203.29,2,10,1,
4226,1004,Amb_Fire_Large_01.ogg,260.57|323.13|203.26,2,10,1,
4227,1004,Amb_Fire_Large_01.ogg,260.69|336.22|195.94,2,10,1,
4228,1004,Amb_Fire_Large_01.ogg,251.29|336.24|195.93,2,10,1,
4229,1004,Amb_Fire_Large_01.ogg,260.61|350.37|187.99,2,10,1,
4230,1004,Amb_Fire_Large_01.ogg,251.43|350.21|188.08,2,10,1,
4231,1004,Amb_Fire_Large_01.ogg,266.25|371.13|180.58,2,10,1,
4232,1004,Amb_Fire_Large_01.ogg,246.30|370.95|180.58,2,10,1,
4233,1004,Amb_Fire_Large_01.ogg,151.62|207.09|180.58,2,10,1,
4234,1004,Amb_Fire_Large_01.ogg,161.60|189.39|180.58,2,10,1,
4235,1004,Amb_Fire_Large_01.ogg,177.00|203.94|187.88,2,10,1,
4236,1004,Amb_Fire_Large_01.ogg,171.59|212.93|187.77,2,10,1,
4237,1004,Amb_Fire_Large_01.ogg,185.45|220.40|196.62,2,10,1,
4238,1004,Amb_Fire_Large_01.ogg,190.10|211.67|196.43,2,10,1,
4239,1004,Amb_Fire_Large_01.ogg,200.40|217.90|203.15,2,10,1,
4240,1004,Amb_Fire_Large_01.ogg,195.23|226.44|203.04,2,10,1,
4241,1004,Amb_Spell_03.ogg,107.36|170.71|180.68,30,80,1,
4242,1004,Amb_Spell_03.ogg,404.43|171.28|180.68,30,80,1,
4243,1004,Amb_Spell_03.ogg,255.52|428.10|180.68,30,80,1,
4244,1005,Amb_Magiccircle_01.ogg,256.38|235.13|166.62,30,80,1,
4245,1006,Amb_Fire_Large_01.ogg,84.61|278.03|143.80,2,10,1,
4246,1006,Amb_Fire_Large_01.ogg,84.48|243.38|143.80,2,10,1,
4247,1006,Amb_Fire_Large_01.ogg,248.31|53.20|133.72,2,10,1,
4248,1006,Amb_Fire_Large_01.ogg,271.64|53.84|133.72,2,10,1,
4249,1006,Amb_Fire_Large_01.ogg,276.70|94.93|143.78,2,10,1,
4250,1006,Amb_Fire_Large_01.ogg,241.42|95.20|143.78,2,10,1,
4251,1006,Amb_Fire_Large_01.ogg,439.20|92.70|133.72,2,10,1,
4252,1006,Amb_Fire_Large_01.ogg,427.03|80.65|133.72,2,10,1,
4253,1006,Amb_Fire_Large_01.ogg,424.10|70.64|133.72,2,10,1,
4254,1006,Amb_Fire_Large_01.ogg,448.03|94.91|133.72,2,10,1,
4255,1006,Amb_Fire_Large_01.ogg,383.87|137.36|133.72,2,10,1,
4256,1006,Amb_Fire_Large_01.ogg,436.71|243.64|143.66,2,10,1,
4257,1006,Amb_Fire_Large_01.ogg,436.60|276.84|143.66,2,10,1,
4258,1006,Amb_Fire_Large_01.ogg,421.36|414.80|172.73,2,10,1,
4259,1006,Amb_Fire_Large_01.ogg,411.10|424.58|172.73,2,10,1,
4260,1006,Amb_Magiccircle_01.ogg,260.03|260.93|216.41,50,100,1,
4261,1006,Amb_Fire_Large_01.ogg,259.91|258.61|176.34,30,50,1,
4262,1007,Amb_Fire_Large_01.ogg,93.24|424.30|46.31,2,10,1,
4263,1007,Amb_Fire_Large_01.ogg,89.50|419.33|46.31,2,10,1,
4264,1010,Amb_Fire_Large_01.ogg,219.39|459.28|49.76,2,10,1,
4265,1010,Amb_Fire_Large_01.ogg,228.93|459.12|49.75,2,10,1,
4266,1010,Amb_Fire_Large_01.ogg,218.54|446.11|44.12,2,10,1,
4267,1010,Amb_Fire_Large_01.ogg,228.77|445.67|44.12,2,10,1,
4268,1010,Amb_Fire_Large_01.ogg,192.05|437.21|44.20,2,10,1,
4269,1010,Amb_Fire_Large_01.ogg,192.31|425.02|44.12,2,10,1,
4270,1010,Amb_Fire_Large_01.ogg,319.69|421.74|44.12,2,10,1,
4271,1010,Amb_Fire_Large_01.ogg,319.79|433.89|44.12,2,10,1,
4272,1010,Amb_Fire_Large_01.ogg,293.98|445.34|44.11,2,10,1,
4273,1010,Amb_Fire_Large_01.ogg,283.12|445.48|44.12,2,10,1,
4274,1010,Amb_Fire_Large_01.ogg,292.92|459.23|49.76,2,10,1,
4275,1010,Amb_Fire_Large_01.ogg,283.21|459.22|49.75,2,10,1,
4276,1010,Amb_Fire_Large_01.ogg,204.79|339.47|1.00,2,10,1,
4277,1010,Amb_Fire_Large_01.ogg,204.37|350.45|1.04,2,10,1,
4278,1010,Amb_Fire_Large_01.ogg,236.12|350.44|7.63,2,10,1,
4279,1010,Amb_Fire_Large_01.ogg,275.17|338.14|5.65,2,10,1,
4280,1010,Amb_Fire_Large_01.ogg,275.58|350.58|5.65,2,10,1,
4281,1010,Amb_Fire_Large_01.ogg,236.74|339.21|5.65,2,10,1,
4282,1010,Amb_Fire_Large_01.ogg,212.74|294.20|0.95,2,10,1,
4283,1010,Amb_Fire_Large_01.ogg,205.81|281.25|1.27,2,10,1,
4284,1010,Amb_Fire_Large_01.ogg,131.57|296.09|7.95,2,10,1,
4285,1010,Amb_Fire_Large_01.ogg,138.05|282.34|5.34,2,10,1,
4286,1010,Amb_Fire_Large_01.ogg,176.01|273.37|18.52,2,10,1,
4287,1010,Amb_Fire_Large_01.ogg,167.96|273.35|18.52,2,10,1,
4288,1010,Amb_Fire_Large_01.ogg,145.41|265.36|18.65,2,10,1,
4289,1010,Amb_Fire_Large_01.ogg,145.58|257.78|18.65,2,10,1,
4290,1010,Amb_Fire_Large_01.ogg,124.52|268.52|23.07,2,10,1,
4291,1010,Amb_Fire_Large_01.ogg,124.39|255.52|23.07,2,10,1,
4292,1010,Amb_Fire_Large_01.ogg,335.22|273.24|18.41,2,10,1,
4293,1010,Amb_Fire_Large_01.ogg,341.97|273.46|18.48,2,10,1,
4294,1010,Amb_Fire_Large_01.ogg,298.19|294.60|1.29,2,10,1,
4295,1010,Amb_Fire_Large_01.ogg,304.97|282.19|0.80,2,10,1,
4296,1010,Amb_Fire_Large_01.ogg,373.28|281.02|0.99,2,10,1,
4297,1010,Amb_Fire_Large_01.ogg,380.37|293.94|1.18,2,10,1,
4298,1010,Amb_Fire_Large_01.ogg,366.67|265.16|18.48,2,10,1,
4299,1010,Amb_Fire_Large_01.ogg,366.33|258.08|18.48,2,10,1,
4300,1010,Amb_Fire_Large_01.ogg,385.68|267.60|23.02,2,10,1,
4301,1010,Amb_Fire_Large_01.ogg,385.53|253.95|23.02,2,10,1,
4302,1010,Amb_Fire_Large_01.ogg,308.13|338.61|2.08,2,10,1,
4303,1010,Amb_Fire_Large_01.ogg,307.50|350.19|1.08,2,10,1,
4304,1010,Amb_Fire_Large_01.ogg,270.84|86.83|-9.04,2,10,1,
4305,1010,Amb_Fire_Large_01.ogg,270.31|100.06|-8.34,2,10,1,
4306,1010,Amb_Fire_Large_01.ogg,302.81|89.30|2.39,2,10,1,
4307,1010,Amb_Fire_Large_01.ogg,303.10|95.72|2.39,2,10,1,
4308,1010,Amb_Fire_Large_01.ogg,309.20|113.59|8.38,2,10,1,
4309,1010,Amb_Fire_Large_01.ogg,316.08|112.95|8.25,2,10,1,
4310,1010,Amb_Fire_Large_01.ogg,357.06|138.20|14.65,2,10,1,
4311,1010,Amb_Fire_Large_01.ogg,357.12|124.40|14.60,2,10,1,
4312,1010,Amb_Fire_Large_01.ogg,241.93|98.57|-8.31,2,10,1,
4313,1010,Amb_Fire_Large_01.ogg,241.17|84.49|-8.86,2,10,1,
4314,1010,Amb_Fire_Large_01.ogg,210.17|93.20|2.39,2,10,1,
4315,1010,Amb_Fire_Large_01.ogg,210.24|87.94|2.39,2,10,1,
4316,1010,Amb_Fire_Large_01.ogg,202.22|112.22|8.40,2,10,1,
4317,1010,Amb_Fire_Large_01.ogg,194.15|111.97|8.39,2,10,1,
4318,1010,Amb_Fire_Large_01.ogg,154.60|125.53|14.61,2,10,1,
4319,1010,Amb_Fire_Large_01.ogg,154.30|139.11|14.61,2,10,1,
4320,1010,Amb_HALO_01.ogg,255.46|285.94|-2.35,2,10,1,
4321,1010,Amb_HALO_01.ogg,285.72|478.61|49.73,2,10,1,
4322,1010,Amb_HALO_01.ogg,229.44|479.22|49.73,2,10,1,
4323,1010,Amb_HALO_01.ogg,269.54|332.44|39.19,2,10,1,
4324,1010,Amb_Water_Waterfall_01.ogg,288.79|344.18|-4.21,50,100,1,
4325,1010,Amb_Water_Waterfall_01.ogg,219.78|347.90|-4.21,50,100,1,
4326,2501,Amb_Magiccircle_01.ogg,263.94|259.75|215.95,30,100,1,
4327,2501,Amb_Fire_Large_01.ogg,379.83|298.51|153.77,2,10,1,
4328,2501,Amb_Fire_Large_01.ogg,379.61|317.28|153.77,2,10,1,
4329,2501,Amb_Fire_Large_01.ogg,149.13|303.49|153.77,2,10,1,
4330,4400,Amb_Fire_Large_01.ogg,293.23|383.42|110.73,2,10,1,
4331,4400,Amb_Fire_Large_01.ogg,292.92|372.99|111.05,2,10,1,
4332,4400,Amb_Fire_Large_01.ogg,282.51|383.60|109.72,2,10,1,
4333,4400,Amb_Fire_Large_01.ogg,281.23|373.31|109.73,2,10,1,
4334,4400,Amb_Fire_Large_01.ogg,270.75|382.01|108.43,2,10,1,
4335,4400,Amb_Fire_Large_01.ogg,269.89|374.18|108.10,2,10,1,
4336,4400,Amb_Fire_Large_01.ogg,258.26|380.32|107.10,2,10,1,
4337,4400,Amb_Fire_Large_01.ogg,257.31|373.15|106.87,2,10,1,
4338,4400,Amb_Fire_Large_01.ogg,243.55|379.72|105.66,2,10,1,
4339,4400,Amb_Fire_Large_01.ogg,243.10|370.57|105.62,2,10,1,
4340,4400,Amb_Fire_Large_01.ogg,231.22|378.24|104.63,2,10,1,
4341,4400,Amb_Fire_Large_01.ogg,230.36|370.07|104.51,2,10,1,
4342,4400,Amb_Fire_Large_01.ogg,218.09|378.85|103.05,2,10,1,
4343,4400,Amb_Fire_Large_01.ogg,218.22|368.66|103.03,2,10,1,
4344,4400,Amb_Fire_Large_01.ogg,369.40|388.04|113.92,10,20,1,
4345,4400,Amb_Fire_Large_01.ogg,359.46|396.39|113.82,10,20,1,
4346,4410,Amb_Magiccircle_01.ogg,362.65|404.14|3.92,20,60,1,
4347,4410,Amb_Magiccircle_01.ogg,333.28|81.76|3.92,20,60,1,
4348,4410,Amb_Spell_01.ogg,224.47|464.13|32.19,20,80,1,
4349,4420,Amb_Larva_01.ogg,248.90|448.62|-57.05,20,60,1,
4350,4420,Amb_Larva_03.ogg,225.15|406.97|-56.78,20,60,1,
4351,4420,Amb_Larva_02.ogg,268.76|432.10|-57.01,20,60,1,
4352,4420,Amb_Larva_04.ogg,253.66|408.27|-56.46,20,60,1,
4353,4420,Amb_Larva_05.ogg,257.19|380.62|-56.84,20,60,1,
4354,4420,Amb_Swamp_01.ogg,247.53|417.59|-57.54,30,60,1,
4355,4420,Amb_Spell_01.ogg,135.16|62.95|-16.84,30,80,1,
4356,4430,Amb_Magiccircle_01.ogg,108.78|293.84|171.62,20,80,1,
4357,4430,Amb_Spell_01.ogg,191.87|443.20|208.55,30,80,1,
4358,4430,Amb_Spell_03.ogg,95.52|444.00|203.49,30,80,1,
4359,4440,Amb_Spell_03.ogg,315.33|135.76|156.80,30,80,1,
4360,4450,Amb_Magiccircle_01.ogg,425.49|205.90|19.34,20,60,1,
4361,4450,Amb_Larva_03.ogg,128.01|218.98|14.86,2,10,1,
4362,4450,Amb_Larva_03.ogg,131.07|249.26|14.86,2,10,1,
4363,4450,Amb_Larva_05.ogg,129.55|239.97|14.86,2,10,1,
4364,4450,Amb_Larva_05.ogg,128.62|297.85|14.86,2,10,1,
4365,4450,Amb_Larva_05.ogg,128.10|227.20|14.86,2,10,1,
4366,4450,Amb_Larva_04.ogg,130.98|169.56|13.83,2,10,1,
4367,4460,Amb_Magiccircle_01.ogg,475.21|432.18|104.24,20,60,1,
4368,4480,Amb_Magiccircle_01.ogg,109.06|322.41|99.95,20,60,1,
4369,4480,Amb_Spell_01.ogg,157.24|468.77|147.66,50,100,1,
4370,4490,Amb_Fire_Large_01.ogg,246.77|310.22|-6.16,2,10,1,
4371,4490,Amb_Fire_Large_01.ogg,247.12|324.97|-6.15,2,10,1,
4372,4490,Amb_Fire_Large_01.ogg,247.52|340.71|-6.21,2,10,1,
4373,4490,Amb_Fire_Large_01.ogg,267.00|324.49|2.34,2,10,1,
4374,4490,Amb_Fire_Large_01.ogg,268.79|310.04|0.19,2,10,1,
4375,4490,Amb_Fire_Large_01.ogg,269.98|339.15|0.19,2,10,1,
4376,4490,Amb_Fire_Large_01.ogg,435.09|336.44|7.44,2,10,1,
4377,4490,Amb_Spell_01.ogg,83.06|460.17|1.93,50,100,1,
4378,4490,Amb_Spell_02.ogg,53.67|419.33|1.02,30,80,1,
4379,4490,Amb_Spell_03.ogg,109.02|420.89|1.00,30,80,1,
4380,4490,Amb_Fire_Large_01.ogg,154.44|245.94|4.56,2,10,1,
4381,4490,Amb_Fire_Large_01.ogg,133.28|267.25|4.63,2,10,1,
4382,4490,Amb_Fire_Large_01.ogg,87.44|186.19|4.62,2,10,1,
4383,4490,Amb_Fire_Large_01.ogg,99.06|174.37|4.62,2,10,1,
4384,4490,Amb_Fire_Large_01.ogg,173.72|181.17|4.66,2,10,1,
4385,4490,Amb_Fire_Large_01.ogg,187.73|170.28|10.40,2,10,1,
4386,1010,Amb_Water_L_Cascade_01.ogg,256.95|347.56|1.08,20,80,1,
4387,1010,Amb_Sea_Beach_02.ogg,257.76|341.98|2.69,30,80,1,
4388,2000,Amb_Fire_Large_01.ogg,3380.05|4283.21|180.28,2,10,1,
4389,2000,Amb_Fire_Large_01.ogg,3470.84|4258.72|183.09,2,10,1,
4390,2000,Amb_Fire_Large_01.ogg,3497.85|4234.94|179.74,2,10,1,
4391,2000,Amb_Fire_Large_01.ogg,3487.73|4278.62|185.40,2,10,1,
4392,2000,Amb_Fire_Large_01.ogg,3510.14|4284.78|186.81,2,10,1,
4393,2000,Amb_Fire_Large_01.ogg,3506.29|4344.10|188.48,2,10,1,
4394,2000,Amb_Fire_Large_01.ogg,3489.27|4411.76|187.74,2,10,1,
4395,2000,Amb_Fire_Large_01.ogg,3502.28|4438.83|186.84,2,10,1,
4396,2000,Amb_Fire_Large_01.ogg,3507.92|4521.34|192.59,2,10,1,
4397,2000,Amb_Fire_Large_01.ogg,3513.90|4527.21|192.81,2,10,1,
4398,2000,Amb_Fire_Large_01.ogg,3508.65|4533.12|190.11,2,10,1,
4399,2000,Amb_Fire_Large_01.ogg,3502.30|4527.30|190.00,2,10,1,
4400,2000,Amb_Fire_Large_01.ogg,3432.78|4508.20|179.90,2,10,1,
4401,2000,Amb_Fire_Large_01.ogg,3410.46|4437.49|175.73,2,10,1,
4402,2000,Amb_Fire_Large_01.ogg,3349.22|4384.16|178.15,2,10,1,
4403,2000,Amb_Fire_Large_01.ogg,3211.84|4346.68|168.70,2,10,1,
4404,2000,Amb_Fire_Large_01.ogg,3220.35|4347.29|168.46,2,10,1,
4405,2000,Amb_Fire_Large_01.ogg,3204.91|4361.40|171.00,2,10,1,
4406,2000,Amb_Fire_Large_01.ogg,3239.48|4221.65|162.07,2,10,1,
4407,2000,Amb_Fire_Large_01.ogg,3224.26|4243.07|163.32,2,10,1,
4408,2000,Amb_Fire_Large_01.ogg,3315.41|4203.74|159.39,2,10,1,
4409,2000,Amb_Fire_Large_01.ogg,3476.14|4504.85|185.98,2,10,1,
4410,2000,Amb_Fire_Large_01.ogg,3471.82|4509.81|186.02,2,10,1,
4411,2000,Amb_Fire_Large_01.ogg,3491.47|4523.89|189.75,2,10,1,
4412,2000,Amb_Fire_Large_01.ogg,3495.52|4518.49|190.02,2,10,1,
4413,2000,Amb_Fire_Large_01.ogg,3530.72|4556.33|192.80,2,10,1,
4414,2000,Amb_Fire_Large_01.ogg,3528.47|4562.48|192.72,2,10,1,
4415,2000,Amb_Fire_Large_01.ogg,3518.54|4549.58|192.65,2,10,1,
4416,2000,Amb_Fire_Large_01.ogg,3513.50|4556.08|192.92,2,10,1,
4417,2000,Amb_Fire_Large_01.ogg,3507.63|4551.06|190.31,2,10,1,
4418,2000,Amb_Fire_Large_01.ogg,3512.11|4544.54|190.13,2,10,1,
4419,2000,Amb_Fire_Torch_01.ogg,3496.83|4541.04|190.31,2,10,1,
4420,2000,Amb_Fire_Torch_01.ogg,3517.74|4518.30|192.89,2,10,1,
4421,2000,Amb_Fire_Torch_01.ogg,3507.66|4508.36|192.89,2,10,1,
4422,2000,Amb_Fire_Torch_01.ogg,3503.50|4515.59|192.89,2,10,1,
4423,2000,Amb_Fire_Large_01.ogg,3437.28|4142.31|184.88,2,10,1,
4424,2000,Amb_Fire_Large_01.ogg,3429.82|4142.23|184.83,2,10,1,
4425,2000,Amb_Fire_Large_01.ogg,3444.34|4127.11|188.72,2,10,1,
4426,2000,Amb_Magiccircle_01.ogg,3509.71|4154.91|198.76,10,30,1,
4427,2000,Amb_Spell_01.ogg,3219.45|4489.28|188.19,20,50,1,
4428,2000,Amb_Spell_02.ogg,3210.03|4415.60|177.93,20,50,1,
4429,2000,Amb_Magiccircle_01.ogg,3150.94|4334.91|186.07,10,30,1,
4430,2000,Amb_Magiccircle_01.ogg,3287.52|4351.18|189.63,10,30,1,
4431,2000,Amb_Magiccircle_01.ogg,3383.89|4139.74|204.28,10,30,1,
4432,2000,Amb_Obj_Windmill_01.ogg,3844.92|4348.46|235.77,20,60,1,
4433,2000,Amb_Obj_Windmill_01.ogg,3952.19|4458.89|268.30,20,60,1,
4434,2000,Amb_Obj_Windmill_01.ogg,3691.20|4342.60|245.16,20,60,1,
4435,2000,Amb_Obj_Windmill_01.ogg,3540.41|4399.99|188.99,20,60,1,
4436,2000,Amb_Fire_Torch_01.ogg,3826.20|4420.32|230.29,2,10,1,
4437,2000,Amb_Fire_Torch_01.ogg,3820.20|4423.38|228.84,2,10,1,
4438,2000,Amb_Fire_Torch_01.ogg,3824.57|4424.24|229.92,2,10,1,
4439,2000,Amb_Fire_Torch_01.ogg,3821.35|4418.36|229.58,2,10,1,
4440,2000,Amb_Fire_Torch_01.ogg,3726.34|4395.40|229.92,2,10,1,
4441,2000,Amb_Fire_Torch_01.ogg,3727.39|4389.99|230.06,2,10,1,
4442,2000,Amb_Fire_Torch_01.ogg,3721.98|4392.20|229.73,2,10,1,
4443,2000,Amb_Fire_Torch_01.ogg,3722.10|4397.23|229.86,2,10,1,
4444,2000,Amb_Fire_Large_01.ogg,3671.87|4260.55|224.28,2,10,1,
4445,2000,Amb_Fire_Large_01.ogg,3679.84|4255.63|224.26,2,10,1,
4446,2000,Amb_Fire_Large_01.ogg,3673.23|4154.88|238.37,2,10,1,
4447,2000,Amb_Fire_Large_01.ogg,3679.45|4160.56|238.63,2,10,1,
4448,2000,Amb_Fire_Large_01.ogg,3790.65|4145.33|254.80,2,10,1,
4449,2000,Amb_Fire_Large_01.ogg,3794.63|4134.76|254.97,2,10,1,
4450,2000,Amb_Fire_Large_01.ogg,3802.45|4141.23|254.86,2,10,1,
4451,2000,Amb_Fire_Large_01.ogg,3799.74|4147.03|255.03,2,10,1,
4452,2000,Amb_Fire_Large_01.ogg,3860.52|4176.11|256.67,2,10,1,
4453,2000,Amb_Fire_Large_01.ogg,3863.15|4169.86|256.67,2,10,1,
4454,2000,Amb_Fire_Large_01.ogg,3872.55|4157.55|256.67,2,10,1,
4455,2000,Amb_Fire_Large_01.ogg,3875.01|4151.61|256.67,2,10,1,
4456,2000,Amb_Fire_Large_01.ogg,3905.93|4196.38|256.67,2,10,1,
4457,2000,Amb_Fire_Large_01.ogg,3908.98|4190.36|256.67,2,10,1,
4458,2000,Amb_Fire_Large_01.ogg,3918.75|4170.59|256.67,2,10,1,
4459,2000,Amb_Fire_Large_01.ogg,3921.83|4164.91|256.67,2,10,1,
4460,2000,Amb_Fire_Large_01.ogg,3893.84|4199.18|256.67,2,10,1,
4461,2000,Amb_Fire_Large_01.ogg,3886.46|4214.72|256.67,2,10,1,
4462,2000,Amb_Fire_Large_01.ogg,3887.35|4223.86|256.67,2,10,1,
4463,2000,Amb_Fire_Large_01.ogg,3884.51|4228.34|256.67,2,10,1,
4464,2000,Amb_Fire_Large_01.ogg,3870.51|4230.20|256.67,2,10,1,
4465,2000,Amb_Fire_Large_01.ogg,3865.17|4227.46|256.67,2,10,1,
4466,2000,Amb_Fire_Large_01.ogg,3853.85|4196.41|256.67,2,10,1,
4467,2000,Amb_Fire_Large_01.ogg,3856.12|4190.24|256.65,2,10,1,
4468,2000,Amb_Fire_Large_01.ogg,3874.54|4185.14|256.67,2,10,1,
4469,2000,Amb_Fire_Large_01.ogg,3878.59|4187.53|256.67,2,10,1,
4470,2000,Amb_Fire_Large_01.ogg,3885.26|4173.88|256.67,2,10,1,
4471,2000,Amb_Fire_Large_01.ogg,3890.07|4175.83|256.67,2,10,1,
4472,2000,Amb_Fire_Large_01.ogg,3909.44|4225.79|262.73,2,10,1,
4473,2000,Amb_Fire_Large_01.ogg,3915.71|4253.65|262.73,2,10,1,
4474,2000,Amb_Fire_Large_01.ogg,3910.47|4250.35|262.73,2,10,1,
4475,2000,Amb_Fire_Large_01.ogg,3935.48|4235.49|262.73,2,10,1,
4476,2000,Amb_Fire_Large_01.ogg,3941.39|4223.13|262.73,2,10,1,
4477,2000,Amb_Fire_Large_01.ogg,3953.13|4230.63|267.98,2,10,1,
4478,2000,Amb_Fire_Large_01.ogg,3985.48|4253.13|267.55,2,10,1,
4479,2000,Amb_Fire_Large_01.ogg,3982.09|4258.14|267.98,2,10,1,
4480,2000,Amb_Fire_Large_01.ogg,3990.26|4245.44|268.16,2,10,1,
4481,2000,Amb_Fire_Large_01.ogg,3993.13|4240.05|268.16,2,10,1,
4482,2000,Amb_Fire_Large_01.ogg,4020.18|4259.66|268.04,2,10,1,
4483,2000,Amb_Fire_Large_01.ogg,4022.44|4254.00|268.04,2,10,1,
4484,2000,Amb_Fire_Large_01.ogg,4022.71|4311.28|267.91,2,10,1,
4485,2000,Amb_Fire_Large_01.ogg,4014.61|4307.01|267.91,2,10,1,
4486,2000,Amb_Fire_Large_01.ogg,3941.74|4394.65|252.51,2,10,1,
4487,2000,Amb_Fire_Large_01.ogg,3946.09|4401.35|251.91,2,10,1,
4488,2000,Amb_Fire_Large_01.ogg,3636.41|4527.83|245.78,2,10,1,
4489,2000,Amb_Fire_Large_01.ogg,3638.81|4527.37|245.80,2,10,1,
4490,2000,Amb_Fire_Large_01.ogg,4009.61|4554.76|271.67,2,10,1,
4491,2000,Amb_Fire_Large_01.ogg,4000.63|4554.28|271.46,2,10,1,
4492,2000,Amb_Magiccircle_01.ogg,4053.88|4516.75|279.04,5,20,1,
4493,2000,Amb_Fire_Torch_01.ogg,3872.81|4228.09|256.67,2,10,1,
4494,2000,Amb_Fire_Torch_01.ogg,3879.71|4231.33|256.67,2,10,1,
4495,2000,Amb_Fire_Torch_01.ogg,3935.19|4248.67|262.73,2,10,1,
4496,2000,Amb_Fire_Torch_01.ogg,3939.02|4240.74|262.80,2,10,1,
4497,2000,Amb_Fire_Torch_01.ogg,3992.26|4219.91|267.98,2,10,1,
4498,2000,Amb_Fire_Torch_01.ogg,3994.81|4215.85|267.98,2,10,1,
4499,2000,Amb_Fire_Torch_01.ogg,3979.91|4204.03|267.98,2,10,1,
4500,2000,Amb_Fire_Torch_01.ogg,3997.89|4187.00|267.98,2,10,1,
4501,2000,Amb_Fire_Torch_01.ogg,3934.89|4175.98|267.98,2,10,1,
4502,2000,Amb_Fire_Torch_01.ogg,3928.77|4183.95|267.98,2,10,1,
4503,2000,Amb_Fire_Torch_01.ogg,3925.20|4191.59|267.98,2,10,1,
4504,2000,Amb_Fire_Bonfire_01.ogg,3998.46|4207.77|267.98,2,10,1,
4505,2000,Amb_Fire_Bonfire_01.ogg,3998.51|4201.92|267.98,2,10,1,
4506,2000,Amb_Fire_Large_01.ogg,3995.38|4230.80|268.16,2,10,1,
4507,2000,Amb_Fire_Large_01.ogg,3998.34|4225.79|268.16,2,10,1,
4508,2000,Amb_Fire_Large_01.ogg,3993.98|3853.11|230.83,2,10,1,
4509,2000,Amb_Fire_Large_01.ogg,3993.25|3846.31|230.89,2,10,1,
4510,2000,Amb_Fire_Large_01.ogg,4019.40|3848.05|237.80,2,10,1,
4511,2000,Amb_Fire_Large_01.ogg,4018.08|3838.88|237.91,2,10,1,
4512,2000,Amb_Fire_Large_01.ogg,4027.55|3865.16|238.42,2,10,1,
4513,2000,Amb_Fire_Large_01.ogg,4025.26|3859.09|238.42,2,10,1,
4514,2000,Amb_Fire_Large_01.ogg,4018.15|3823.93|238.60,2,10,1,
4515,2000,Amb_Fire_Large_01.ogg,4020.53|3815.50|238.51,2,10,1,
4516,2000,Amb_Fire_Large_01.ogg,4027.90|3811.38|238.52,2,10,1,
4517,2000,Amb_Fire_Large_01.ogg,4045.81|3804.68|237.90,2,10,1,
4518,2000,Amb_Fire_Large_01.ogg,4038.66|3806.03|237.96,2,10,1,
4519,2000,Amb_Fire_Large_01.ogg,3912.89|3695.26|245.87,2,10,1,
4520,2000,Amb_Fire_Large_01.ogg,3898.88|3664.14|245.87,2,10,1,
4521,2000,Amb_Fire_Large_01.ogg,3905.09|3661.67|245.87,2,10,1,
4522,2000,Amb_Fire_Large_01.ogg,3891.17|3637.15|245.87,2,10,1,
4523,2000,Amb_Fire_Large_01.ogg,3891.56|3650.95|245.87,2,10,1,
4524,2000,Amb_Fire_Large_01.ogg,3874.55|3647.07|250.75,2,10,1,
4525,2000,Amb_Fire_Large_01.ogg,3874.64|3640.24|250.75,2,10,1,
4526,2000,Amb_Fire_Large_01.ogg,3852.66|3640.69|256.73,2,10,1,
4527,2000,Amb_Fire_Large_01.ogg,3852.31|3648.29|256.73,2,10,1,
4528,2000,Amb_Fire_Large_01.ogg,3782.96|3644.21|256.74,2,10,1,
4529,2000,Amb_Fire_Large_01.ogg,3783.26|3633.76|256.73,2,10,1,
4530,2000,Amb_Fire_Large_01.ogg,3730.43|3680.08|263.97,2,10,1,
4531,2000,Amb_Fire_Large_01.ogg,3721.59|3684.14|264.20,2,10,1,
4532,2000,Amb_Fire_Large_01.ogg,3704.71|3662.61|264.17,2,10,1,
4533,2000,Amb_Fire_Large_01.ogg,3704.74|3658.46|264.17,2,10,1,
4534,2000,Amb_Fire_Large_01.ogg,3744.88|3653.43|260.90,2,10,1,
4535,2000,Amb_Fire_Large_01.ogg,3777.70|3715.28|264.08,2,10,1,
4536,2000,Amb_Fire_Large_01.ogg,3774.08|3720.57|264.02,2,10,1,
4537,2000,Amb_Fire_Large_01.ogg,3765.51|3731.75|263.68,2,10,1,
4538,2000,Amb_Fire_Large_01.ogg,3766.81|3740.63|263.68,2,10,1,
4539,2000,Amb_Fire_Large_01.ogg,3760.07|3775.09|263.57,2,10,1,
4540,2000,Amb_Fire_Large_01.ogg,3755.01|3773.13|263.57,2,10,1,
4541,2000,Amb_Fire_Large_01.ogg,3753.16|3765.33|263.57,2,10,1,
4542,2000,Amb_Fire_Large_01.ogg,3750.96|3756.80|263.58,2,10,1,
4543,2000,Amb_Fire_Large_01.ogg,3804.40|3781.24|263.57,2,10,1,
4544,2000,Amb_Fire_Large_01.ogg,3809.99|3773.90|263.57,2,10,1,
4545,2000,Amb_Fire_Large_01.ogg,3818.52|3754.37|264.16,2,10,1,
4546,2000,Amb_Fire_Large_01.ogg,3822.17|3749.21|264.24,2,10,1,
4547,2000,Amb_Fire_Large_01.ogg,3839.37|3758.68|263.67,2,10,1,
4548,2000,Amb_Fire_Large_01.ogg,3839.29|3749.17|263.75,2,10,1,
4549,2000,Amb_Fire_Large_01.ogg,3784.08|3759.05|265.48,2,10,1,
4550,2000,Amb_Fire_Large_01.ogg,3812.91|3710.77|264.00,2,10,1,
4551,2000,Amb_Fire_Large_01.ogg,3818.24|3714.81|263.89,2,10,1,
4552,2000,Amb_Fire_Large_01.ogg,3803.22|3723.59|267.77,2,10,1,
4553,2000,Amb_Fire_Large_01.ogg,3808.18|3727.42|267.85,2,10,1,
4554,2000,Amb_Fire_Large_01.ogg,3790.54|3725.16|267.77,2,10,1,
4555,2000,Amb_Fire_Large_01.ogg,3786.69|3729.81|267.92,2,10,1,
4556,2000,Amb_Fire_Large_01.ogg,3788.15|3742.50|267.77,2,10,1,
4557,2000,Amb_Fire_Large_01.ogg,3792.96|3746.40|267.77,2,10,1,
4558,2000,Amb_Fire_Large_01.ogg,3806.24|3744.70|267.89,2,10,1,
4559,2000,Amb_Fire_Large_01.ogg,3809.88|3739.66|267.77,2,10,1,
4560,2000,Amb_Fire_Large_01.ogg,3736.54|3727.08|270.62,2,10,1,
4561,2000,Amb_Fire_Large_01.ogg,3743.36|3722.62|270.74,2,10,1,
4562,2000,Amb_Fire_Large_01.ogg,3377.47|3858.10|179.56,2,10,1,
4563,2000,Amb_Fire_Large_01.ogg,3376.89|3842.09|179.55,2,10,1,
4564,2000,Amb_Fire_Large_01.ogg,3370.37|3861.11|179.53,2,10,1,
4565,2000,Amb_Fire_Large_01.ogg,3410.34|3838.49|180.65,2,10,1,
4566,2000,Amb_Fire_Large_01.ogg,3401.90|3841.76|180.65,2,10,1,
4567,2000,Amb_Fire_Large_01.ogg,3419.88|3839.01|180.65,2,10,1,
4568,2000,Amb_Fire_Large_01.ogg,3401.96|3857.55|180.65,2,10,1,
4569,2000,Amb_Fire_Large_01.ogg,3411.19|3806.56|181.99,2,10,1,
4570,2000,Amb_Fire_Large_01.ogg,3417.98|3805.94|182.14,2,10,1,
4571,2000,Amb_Fire_Large_01.ogg,3495.69|3691.16|76.83,2,10,1,
4572,2000,Amb_Fire_Large_01.ogg,3498.86|3679.44|76.75,2,10,1,
4573,2000,Amb_Fire_Large_01.ogg,3206.53|3712.70|75.71,2,10,1,
4574,2000,Amb_Fire_Large_01.ogg,3193.92|3725.77|75.71,2,10,1,
4575,2000,Amb_Fire_Large_01.ogg,3174.27|3725.12|75.71,2,10,1,
4576,2000,Amb_Fire_Large_01.ogg,3161.41|3711.77|75.71,2,10,1,
4577,2000,Amb_Fire_Large_01.ogg,3161.40|3695.19|75.71,2,10,1,
4578,2000,Amb_Fire_Large_01.ogg,3174.62|3683.10|75.71,2,10,1,
4579,2000,Amb_Fire_Large_01.ogg,3193.74|3682.85|75.71,2,10,1,
4580,2000,Amb_Fire_Large_01.ogg,3206.42|3695.94|75.71,2,10,1,
4581,2000,Amb_Fire_Large_01.ogg,3314.40|3834.96|174.12,2,10,1,
4582,2000,Amb_Fire_Large_01.ogg,3314.10|3821.58|174.12,2,10,1,
4583,2000,Amb_Fire_Large_01.ogg,3331.66|3820.27|179.53,2,10,1,
4584,2000,Amb_Fire_Large_01.ogg,3331.53|3835.14|179.53,2,10,1,
4585,2000,Amb_Fire_Large_01.ogg,3345.68|3860.60|179.55,2,10,1,
4586,2000,Amb_Fire_Large_01.ogg,3340.35|3860.35|179.56,2,10,1,
4587,2000,Amb_Fire_Large_01.ogg,3331.18|3852.12|179.53,2,10,1,
4588,2000,Amb_Fire_Large_01.ogg,3331.29|3866.92|179.53,2,10,1,
4589,2000,Amb_Fire_Large_01.ogg,3314.57|3852.52|174.13,2,10,1,
4590,2000,Amb_Fire_Large_01.ogg,3314.71|3866.35|174.12,2,10,1,
4591,2000,Amb_Fire_Large_01.ogg,3284.91|3848.13|174.11,2,10,1,
4592,2000,Amb_Fire_Large_01.ogg,3284.96|3838.66|174.11,2,10,1,
4593,2000,Amb_Fire_Large_01.ogg,3239.39|3845.97|172.68,2,10,1,
4594,2000,Amb_Fire_Large_01.ogg,3238.91|3839.65|172.58,2,10,1,
4595,2000,Amb_Fire_Large_01.ogg,3240.49|4041.51|144.58,2,10,1,
4596,2000,Amb_Fire_Large_01.ogg,3981.34|3353.41|235.02,2,10,1,
4597,2000,Amb_Fire_Large_01.ogg,3981.59|3339.14|235.20,2,10,1,
4598,2000,Amb_Fire_Large_01.ogg,4001.37|3321.79|234.58,2,10,1,
4599,2000,Amb_Fire_Large_01.ogg,4015.80|3316.83|234.52,2,10,1,
4600,2000,Amb_Fire_Large_01.ogg,4009.89|3275.89|232.24,2,10,1,
4601,2000,Amb_Fire_Large_01.ogg,4006.89|3267.20|232.44,2,10,1,
4602,2000,Amb_Fire_Large_01.ogg,4012.27|3265.89|233.92,2,10,1,
4603,2000,Amb_Fire_Large_01.ogg,4013.71|3262.51|233.57,2,10,1,
4604,2000,Amb_Fire_Large_01.ogg,4017.66|3277.55|233.45,2,10,1,
4605,2000,Amb_Fire_Large_01.ogg,4015.05|3274.55|233.95,2,10,1,
4606,2000,Amb_Fire_Large_01.ogg,4033.26|3266.69|233.72,2,10,1,
4607,2000,Amb_Fire_Large_01.ogg,4031.29|3260.93|233.97,2,10,1,
4608,2000,Amb_Fire_Large_01.ogg,3991.62|3284.41|232.39,2,10,1,
4609,2000,Amb_Fire_Large_01.ogg,3989.72|3273.98|232.03,2,10,1,
4610,2000,Amb_Fire_Large_01.ogg,3984.41|3274.47|230.71,2,10,1,
4611,2000,Amb_Fire_Large_01.ogg,3984.85|3283.64|230.98,2,10,1,
4612,2000,Amb_Fire_Large_01.ogg,3971.17|3259.78|230.98,2,10,1,
4613,2000,Amb_Fire_Large_01.ogg,3986.26|3259.29|231.19,2,10,1,
4614,2000,Amb_Fire_Large_01.ogg,3971.77|3250.46|233.79,2,10,1,
4615,2000,Amb_Fire_Large_01.ogg,3986.55|3250.34|233.80,2,10,1,
4616,2000,Amb_Fire_Large_01.ogg,3984.68|3234.26|234.01,2,10,1,
4617,2000,Amb_Fire_Large_01.ogg,3990.06|3241.60|233.92,2,10,1,
4618,2000,Amb_Fire_Large_01.ogg,3961.17|3210.24|230.99,2,10,1,
4619,2000,Amb_Fire_Large_01.ogg,3950.37|3211.84|230.97,2,10,1,
4620,2000,Amb_Fire_Large_01.ogg,3961.93|3216.23|232.59,2,10,1,
4621,2000,Amb_Fire_Large_01.ogg,3951.50|3217.99|232.60,2,10,1,
4622,2000,Amb_Fire_Large_01.ogg,3951.80|3191.91|231.31,2,10,1,
4623,2000,Amb_Fire_Large_01.ogg,3964.06|3194.90|231.31,2,10,1,
4624,2000,Amb_Fire_Large_01.ogg,3964.50|3188.84|229.55,2,10,1,
4625,2000,Amb_Fire_Large_01.ogg,3954.19|3186.38|229.75,2,10,1,
4626,2000,Amb_Fire_Large_01.ogg,3951.81|3185.45|229.92,2,10,1,
4627,2000,Amb_Fire_Large_01.ogg,3966.85|3189.14|229.58,2,10,1,
4628,2000,Amb_Fire_Large_01.ogg,3962.39|3277.68|231.14,2,10,1,
4629,2000,Amb_Fire_Large_01.ogg,3966.07|3286.15|230.70,2,10,1,
4630,2000,Amb_Fire_Large_01.ogg,3960.64|3288.30|232.17,2,10,1,
4631,2000,Amb_Fire_Large_01.ogg,3957.15|3280.05|232.18,2,10,1,
4632,2000,Amb_Fire_Large_01.ogg,3926.92|3274.00|232.09,2,10,1,
4633,2000,Amb_Fire_Large_01.ogg,3942.57|3274.05|232.13,2,10,1,
4634,2000,Amb_Fire_Large_01.ogg,3896.85|3276.11|232.86,2,10,1,
4635,2000,Amb_Fire_Large_01.ogg,3895.09|3281.74|232.57,2,10,1,
4636,2000,Amb_Fire_Large_01.ogg,3897.20|3283.84|233.16,2,10,1,
4637,2000,Amb_Fire_Large_01.ogg,3899.26|3274.56|232.97,2,10,1,
4638,2000,Amb_Fire_Large_01.ogg,3860.29|3265.40|232.76,2,10,1,
4639,2000,Amb_Fire_Large_01.ogg,3858.60|3271.00|232.70,2,10,1,
4640,2000,Amb_Fire_Large_01.ogg,3834.30|3258.24|233.64,2,10,1,
4641,2000,Amb_Fire_Large_01.ogg,3835.82|3264.01|232.27,2,10,1,
4642,2000,Amb_Fire_Large_01.ogg,3826.34|3266.71|232.51,2,10,1,
4643,2000,Amb_Fire_Large_01.ogg,3824.53|3260.19|233.62,2,10,1,
4644,2000,Amb_Fire_Large_01.ogg,3822.73|3259.89|233.82,2,10,1,
4645,2000,Amb_Fire_Large_01.ogg,3835.39|3257.31|234.05,2,10,1,
4646,2000,Amb_Fire_Large_01.ogg,3816.27|3239.86|234.06,2,10,1,
4647,2000,Amb_Fire_Large_01.ogg,3821.89|3237.67|233.97,2,10,1,
4648,2000,Amb_Fire_Large_01.ogg,3820.27|3276.62|231.80,2,10,1,
4649,2000,Amb_Fire_Large_01.ogg,3831.48|3286.18|231.74,2,10,1,
4650,2000,Amb_Fire_Large_01.ogg,3814.82|3285.18|229.29,2,10,1,
4651,2000,Amb_Fire_Large_01.ogg,3824.92|3293.90|229.04,2,10,1,
4652,2000,Amb_Fire_Large_01.ogg,3807.28|3286.83|228.61,2,10,1,
4653,2000,Amb_Fire_Large_01.ogg,3801.40|3294.92|228.44,2,10,1,
4654,2000,Amb_Fire_Large_01.ogg,3800.95|3298.23|228.74,2,10,1,
4655,2000,Amb_Fire_Large_01.ogg,3808.00|3317.01|228.89,2,10,1,
4656,2000,Amb_Fire_Large_01.ogg,3823.07|3306.75|229.44,2,10,1,
4657,2000,Amb_Fire_Large_01.ogg,3828.43|3315.33|232.20,2,10,1,
4658,2000,Amb_Fire_Large_01.ogg,3812.99|3323.92|231.72,2,10,1,
4659,2000,Amb_Fire_Large_01.ogg,3812.59|3329.84|232.22,2,10,1,
4660,2000,Amb_Fire_Large_01.ogg,3809.88|3350.89|232.25,2,10,1,
4661,2000,Amb_Fire_Large_01.ogg,3808.57|3348.29|232.37,2,10,1,
4662,2000,Amb_Fire_Large_01.ogg,3808.78|3333.20|232.32,2,10,1,
4663,2000,Amb_Fire_Large_01.ogg,3794.58|3332.51|228.10,2,10,1,
4664,2000,Amb_Fire_Large_01.ogg,3794.66|3348.04|227.72,2,10,1,
4665,2000,Amb_Fire_Large_01.ogg,3763.33|3341.01|225.91,2,10,1,
4666,2000,Amb_Fire_Large_01.ogg,3763.29|3334.86|225.91,2,10,1,
4667,2000,Amb_Fire_Large_01.ogg,3860.24|3336.53|233.39,2,10,1,
4668,2000,Amb_Fire_Large_01.ogg,3851.63|3335.48|233.21,2,10,1,
4669,2000,Amb_Fire_Large_01.ogg,3880.36|3341.29|232.73,2,10,1,
4670,2000,Amb_Fire_Large_01.ogg,3873.01|3342.66|232.86,2,10,1,
4671,2000,Amb_Fire_Large_01.ogg,3890.66|3337.66|233.49,2,10,1,
4672,2000,Amb_Fire_Large_01.ogg,3898.27|3334.86|233.11,2,10,1,
4673,2000,Amb_Fire_Large_01.ogg,3911.70|3314.00|233.62,2,10,1,
4674,2000,Amb_Fire_Large_01.ogg,3918.97|3325.49|232.82,2,10,1,
4675,2000,Amb_Fire_Large_01.ogg,3913.18|3309.01|233.62,2,10,1,
4676,2000,Amb_Fire_Large_01.ogg,3926.34|3326.21|232.95,2,10,1,
4677,2000,Amb_Fire_Large_01.ogg,3934.71|3250.25|232.12,2,10,1,
4678,2000,Amb_Fire_Large_01.ogg,3940.44|3250.14|232.26,2,10,1,
4679,2000,Amb_Fire_Large_01.ogg,3975.75|3308.85|230.83,2,10,1,
4680,2000,Amb_Fire_Large_01.ogg,3979.28|3313.64|230.95,2,10,1,
4681,2000,Amb_Fire_Large_01.ogg,3958.36|3321.39|231.01,2,10,1,
4682,2000,Amb_Fire_Large_01.ogg,3964.32|3328.26|230.98,2,10,1,
4683,2000,Amb_Fire_Large_01.ogg,3958.20|3333.67|232.74,2,10,1,
4684,2000,Amb_Fire_Large_01.ogg,3952.16|3326.42|232.72,2,10,1,
4685,2000,Amb_Fire_Large_01.ogg,3949.51|3325.19|232.91,2,10,1,
4686,2000,Amb_Fire_Large_01.ogg,3959.22|3336.21|233.07,2,10,1,
4687,2000,Amb_Fire_Large_01.ogg,3948.40|3353.88|232.37,2,10,1,
4688,2000,Amb_Fire_Large_01.ogg,4019.77|3352.30|236.88,2,10,1,
4689,2000,Amb_Fire_Large_01.ogg,4016.10|3358.60|236.88,2,10,1,
4690,2000,Amb_Fire_Large_01.ogg,3875.89|3310.37|233.80,2,10,1,
4691,2000,Amb_Fire_Large_01.ogg,3872.70|3375.78|227.97,2,10,1,
4692,2000,Amb_Fire_Large_01.ogg,3881.93|3375.91|227.77,2,10,1,
4693,2000,Amb_Fire_Large_01.ogg,3943.45|3477.22|214.14,2,10,1,
4694,2000,Amb_Fire_Large_01.ogg,3940.36|3472.90|214.40,2,10,1,
4695,2000,Amb_Fire_Large_01.ogg,3953.87|3461.92|214.08,2,10,1,
4696,2000,Amb_Fire_Large_01.ogg,3974.57|3485.54|214.27,2,10,1,
4697,2000,Amb_Fire_Large_01.ogg,3969.12|3490.95|214.24,2,10,1,
4698,2000,Amb_Fire_Large_01.ogg,3969.66|3450.97|214.27,2,10,1,
4699,2000,Amb_Fire_Large_01.ogg,3969.16|3455.40|214.03,2,10,1,
4700,2000,Amb_Fire_Large_01.ogg,3948.81|3438.64|214.29,2,10,1,
4701,2000,Amb_Fire_Large_01.ogg,3953.65|3438.40|214.36,2,10,1,
4702,2000,Amb_Fire_Large_01.ogg,3924.15|3442.33|214.01,2,10,1,
4703,2000,Amb_Fire_Large_01.ogg,3921.28|3448.57|214.06,2,10,1,
4704,2000,Amb_Fire_Large_01.ogg,3829.16|3481.02|215.90,2,10,1,
4705,2000,Amb_Fire_Large_01.ogg,3830.81|3474.81|215.83,2,10,1,
4706,2000,Amb_Fire_Large_01.ogg,3789.82|3459.78|220.64,2,10,1,
4707,2000,Amb_Fire_Large_01.ogg,3789.40|3481.68|222.46,2,10,1,
4708,2000,Amb_Fire_Large_01.ogg,3785.02|3481.03|222.86,2,10,1,
4709,2000,Amb_Fire_Large_01.ogg,3789.69|3432.13|220.67,2,10,1,
4710,2000,Amb_Fire_Large_01.ogg,3795.14|3431.03|220.50,2,10,1,
4711,2000,Amb_Fire_Large_01.ogg,3809.03|3450.25|218.75,2,10,1,
4712,2000,Amb_Fire_Large_01.ogg,3810.36|3454.16|218.28,2,10,1,
4713,2000,Amb_Fire_Large_01.ogg,3818.38|3426.70|219.72,2,10,1,
4714,2000,Amb_Fire_Large_01.ogg,3812.37|3420.99|220.28,2,10,1,
4715,2000,Amb_Fire_Large_01.ogg,3779.15|3268.59|224.08,2,10,1,
4716,2000,Amb_Fire_Large_01.ogg,3774.72|3275.18|223.97,2,10,1,
4717,2000,Amb_Fire_Large_01.ogg,3795.56|3278.56|223.96,2,10,1,
4718,2000,Amb_Fire_Large_01.ogg,3789.76|3287.06|224.14,2,10,1,
4719,2000,Amb_Fire_Large_01.ogg,3875.58|3197.90|234.68,2,10,1,
4720,2000,Amb_Fire_Large_01.ogg,3888.43|3203.96|234.75,2,10,1,
4721,2000,Amb_Fire_Large_01.ogg,3877.77|3229.08|234.86,2,10,1,
4722,2000,Amb_Fire_Large_01.ogg,3869.14|3231.74|232.40,2,10,1,
4723,2000,Amb_Fire_Large_01.ogg,3864.50|3221.42|232.19,2,10,1,
4724,2000,Amb_Fire_Large_01.ogg,3870.94|3215.92|235.30,2,10,1,
4725,2000,Amb_Fire_Large_01.ogg,3843.96|3224.32|232.27,2,10,1,
4726,2000,Amb_Fire_Large_01.ogg,3850.35|3218.47|232.33,2,10,1,
4727,2000,Amb_Fire_Large_01.ogg,3838.78|3219.04|229.95,2,10,1,
4728,2000,Amb_Fire_Large_01.ogg,3844.06|3212.90|229.91,2,10,1,
4729,2000,Amb_Fire_Large_01.ogg,3840.95|3199.13|230.04,2,10,1,
4730,2000,Amb_Fire_Large_01.ogg,3832.65|3198.82|230.27,2,10,1,
4731,2000,Amb_Fire_Large_01.ogg,3833.32|3189.99|227.65,2,10,1,
4732,2000,Amb_Fire_Large_01.ogg,3841.93|3189.45|227.27,2,10,1,
4733,2000,Amb_Fire_Large_01.ogg,3830.26|3176.05|227.09,2,10,1,
4734,2000,Amb_Fire_Large_01.ogg,3846.06|3176.98|227.00,2,10,1,
4735,2000,Amb_Magiccircle_01.ogg,3836.55|3148.55|236.83,5,40,1,
4736,2000,Amb_Magiccircle_01.ogg,3891.66|3179.50|235.78,5,40,1,
4737,2000,Amb_Magiccircle_01.ogg,4025.13|3194.07|236.83,5,40,1,
4738,2000,Amb_Magiccircle_01.ogg,3962.21|3171.66|234.74,5,40,1,
4739,2000,Amb_Fire_Large_01.ogg,3994.41|3225.65|238.72,2,10,1,
4740,2000,Amb_Fire_Large_01.ogg,4000.76|3232.83|238.90,2,10,1,
4741,2000,Amb_Fire_Large_01.ogg,3995.19|3222.03|238.58,2,10,1,
4742,2000,Amb_Fire_Large_01.ogg,4003.50|3232.17|238.69,2,10,1,
4743,2000,Amb_Fire_Large_01.ogg,3750.75|3444.60|223.71,2,10,1,
4744,2000,Amb_Fire_Large_01.ogg,3748.90|3450.69|223.67,2,10,1,
4745,2000,Amb_Fire_Large_01.ogg,3688.34|3356.40|238.35,2,10,1,
4746,2000,Amb_Fire_Large_01.ogg,3679.38|3356.61|238.62,2,10,1,
4747,2000,Amb_Fire_Large_01.ogg,3677.40|3347.87|239.46,2,10,1,
4748,2000,Amb_Fire_Large_01.ogg,3687.86|3347.10|239.53,2,10,1,
4749,2000,Amb_Fire_Large_01.ogg,3689.03|3323.15|242.16,2,10,1,
4750,2000,Amb_Fire_Large_01.ogg,3679.22|3323.15|242.16,2,10,1,
4751,2000,Amb_Fire_Large_01.ogg,3687.42|3312.58|242.16,2,10,1,
4752,2000,Amb_Fire_Large_01.ogg,3682.29|3312.56|242.16,2,10,1,
4753,2000,Amb_Fire_Large_01.ogg,3682.58|3280.19|243.04,2,10,1,
4754,2000,Amb_Fire_Large_01.ogg,3692.93|3280.22|243.04,2,10,1,
4755,2000,Amb_Fire_Large_01.ogg,3693.25|3270.90|243.04,2,10,1,
4756,2000,Amb_Fire_Large_01.ogg,3682.10|3270.85|243.04,2,10,1,
4757,2000,Amb_Fire_Large_01.ogg,3696.30|3245.95|241.95,2,10,1,
4758,2000,Amb_Fire_Large_01.ogg,3679.52|3246.53|241.95,2,10,1,
4759,2000,Amb_Fire_Large_01.ogg,3694.16|3223.63|248.00,2,10,1,
4760,2000,Amb_Fire_Large_01.ogg,3681.62|3223.59|248.00,2,10,1,
4761,2000,Amb_Fire_Large_01.ogg,3679.68|3181.67|248.00,2,10,1,
4762,2000,Amb_Fire_Large_01.ogg,3696.09|3182.03|248.00,2,10,1,
4763,2000,Amb_Magiccircle_01.ogg,3688.11|3150.50|254.38,2,30,1,
4764,2000,Amb_Fire_Bonfire_01.ogg,3714.29|3230.70|241.95,2,10,1,
4765,2000,Amb_Fire_Bonfire_01.ogg,3715.03|3239.64|241.95,2,10,1,
4766,2000,Amb_Fire_Large_01.ogg,3694.57|3216.03|248.00,2,10,1,
4767,2000,Amb_Fire_Large_01.ogg,3681.71|3215.97|248.00,2,10,1,
4768,2000,Amb_Fire_Torch_01.ogg,3706.36|3178.69|248.00,2,10,1,
4769,2000,Amb_Fire_Torch_01.ogg,3709.49|3185.63|248.00,2,10,1,
4770,2000,Amb_Fire_Torch_01.ogg,3706.89|3212.49|248.00,2,10,1,
4771,2000,Amb_Fire_Torch_01.ogg,3698.91|3212.58|248.00,2,10,1,
4772,2000,Amb_Fire_Torch_01.ogg,3665.98|3184.99|248.00,2,10,1,
4773,2000,Amb_Fire_Torch_01.ogg,3668.15|3178.26|248.00,2,10,1,
4774,2000,Amb_Fire_Torch_01.ogg,3705.57|3221.87|241.95,2,10,1,
4775,2000,Amb_Fire_Torch_01.ogg,3713.09|3220.44|241.95,2,10,1,
4776,2000,Amb_Fire_Torch_01.ogg,3670.02|3222.58|241.98,2,10,1,
4777,2000,Amb_Fire_Torch_01.ogg,3662.98|3220.98|241.98,2,10,1,
4778,2000,Amb_Fire_Torch_01.ogg,3672.26|3233.98|241.95,2,10,1,
4779,2000,Amb_Fire_Torch_01.ogg,3659.34|3233.86|241.95,2,10,1,
4780,2000,Amb_Fire_Torch_01.ogg,3662.32|3260.17|241.95,2,10,1,
4781,2000,Amb_Fire_Torch_01.ogg,3658.52|3252.73|241.95,2,10,1,
4782,2000,Amb_Fire_Torch_01.ogg,3667.66|3268.63|241.95,2,10,1,
4783,2000,Amb_Fire_Torch_01.ogg,3715.66|3259.70|241.95,2,10,1,
4784,2000,Amb_Fire_Torch_01.ogg,3709.86|3264.60|241.95,2,10,1,
4785,2000,Amb_Fire_Torch_01.ogg,3708.66|3269.74|241.95,2,10,1,
4786,4070,Amb_Fire_Large_01.ogg,413.40|64.48|3.95,2,10,1,
4787,4070,Amb_Fire_Large_01.ogg,403.87|63.88|3.95,2,10,1,
4788,4460,Amb_Fire_Large_01.ogg,429.79|60.28|44.38,2,10,1,
4789,4460,Amb_Fire_Large_01.ogg,432.45|87.27|44.38,2,10,1,
4790,4460,Amb_Fire_Large_01.ogg,430.08|108.06|47.58,2,10,1,
4791,4460,Amb_Fire_Large_01.ogg,410.26|117.30|48.07,2,10,1,
4792,4460,Amb_Fire_Large_01.ogg,387.50|124.21|44.41,2,10,1,
4793,4460,Amb_Fire_Large_01.ogg,372.77|122.45|44.63,2,10,1,
4794,4460,Amb_Fire_Large_01.ogg,382.34|75.91|44.38,2,10,1,
4795,4460,Amb_Fire_Large_01.ogg,380.74|58.04|44.38,2,10,1,
4796,4460,Amb_Fire_Large_01.ogg,393.10|62.54|44.38,2,10,1,
4797,4460,Amb_Fire_Large_01.ogg,410.86|64.91|44.38,2,10,1,
4798,4460,Amb_Fire_Large_01.ogg,399.11|83.81|44.38,2,10,1,
4799,4460,Amb_Fire_Large_01.ogg,402.85|100.49|44.38,10,20,1,
4800,4460,Amb_Obj_Large_machine_01.ogg,342.41|92.72|47.31,10,20,1,
4801,4460,Amb_Obj_Pulley_01.ogg,401.83|100.13|44.38,10,25,0.5,
4802,4460,Amb_Fire_Large_01.ogg,262.20|47.49|42.04,2,10,1,
4803,2000,Amb_Fire_Large_01.ogg,2724.83|4826.36|175.85,2,10,1,
4804,2000,Amb_Fire_Large_01.ogg,2727.28|4816.10|176.38,2,10,1,
4805,2000,Amb_Fire_Large_01.ogg,2714.19|4839.14|176.68,2,10,1,
4806,2000,Amb_Fire_Large_01.ogg,2714.31|4849.44|176.66,2,10,1,
4807,2000,Amb_Fire_Large_01.ogg,2722.05|4880.32|175.83,2,10,1,
4808,2000,Amb_Fire_Large_01.ogg,2694.78|4849.66|179.04,2,10,1,
4809,2000,Amb_Fire_Large_01.ogg,2695.01|4839.24|179.04,2,10,1,
4810,2000,Amb_Fire_Large_01.ogg,2676.87|4849.61|179.04,2,10,1,
4811,2000,Amb_Fire_Large_01.ogg,2677.21|4839.13|179.04,2,10,1,
4812,2000,Amb_Fire_Large_01.ogg,2309.70|4604.83|177.08,2,10,1,
4813,2000,Amb_Fire_Large_01.ogg,2298.96|4604.71|177.06,2,10,1,
4814,2000,Amb_Fire_Large_01.ogg,2309.42|4615.04|178.48,2,10,1,
4815,2000,Amb_Fire_Large_01.ogg,2299.00|4615.06|178.48,2,10,1,
4816,2000,Amb_Fire_Large_01.ogg,2309.54|4628.08|179.45,2,10,1,
4817,2000,Amb_Fire_Large_01.ogg,2298.91|4628.43|179.45,2,10,1,
4818,2000,Amb_Fire_Large_01.ogg,2038.05|4849.01|176.36,2,10,1,
4819,2000,Amb_Fire_Large_01.ogg,2037.78|4838.64|176.24,2,10,1,
4820,2000,Amb_Fire_Large_01.ogg,2542.71|4839.05|179.49,2,10,1,
4821,2000,Amb_Fire_Large_01.ogg,2542.40|4849.48|179.49,2,10,1,
4822,2000,Amb_Fire_Large_01.ogg,2555.72|4849.47|178.57,2,10,1,
4823,2000,Amb_Fire_Large_01.ogg,2555.74|4839.08|178.56,2,10,1,
4824,2000,Amb_Fire_Large_01.ogg,2566.19|4839.02|177.12,2,10,1,
4825,2000,Amb_Fire_Large_01.ogg,2566.37|4849.22|177.06,2,10,1,
4826,2000,Amb_Fire_Large_01.ogg,2309.42|4604.44|177.02,2,10,1,
4827,2000,Amb_Fire_Large_01.ogg,2298.98|4604.37|177.01,2,10,1,
4828,2000,Amb_Fire_Large_01.ogg,6159.68|7931.19|152.72,2,10,1,
4829,2000,Amb_Fire_Large_01.ogg,6159.96|7949.55|151.50,2,10,1,
4830,2000,Amb_Fire_Large_01.ogg,6392.42|7694.88|145.10,2,10,1,
4831,2000,Amb_Fire_Large_01.ogg,6412.16|7693.24|150.04,2,10,1,
4832,2000,Amb_Fire_Large_01.ogg,6645.75|7949.46|144.80,2,10,1,
4833,2000,Amb_Fire_Large_01.ogg,6648.26|7928.90|147.12,2,10,1,
4834,2500,Amb_Magiccircle_01.ogg,256.08|236.08|166.62,10,50,0.5,
4835,2000,Amb_Fire_Large_01.ogg,3814.83|3793.89|266.56,2,10,1,
4836,2000,Amb_Fire_Large_01.ogg,3813.62|3788.81|266.56,2,10,1,
4837,2000,Amb_Fire_Large_01.ogg,3819.36|3781.75|266.56,2,10,1,
4838,2000,Amb_Fire_Large_01.ogg,3818.57|3806.80|270.52,2,10,1,
4839,2000,Amb_Fire_Large_01.ogg,3810.88|3803.92|270.33,2,10,1,
4840,2000,Amb_Fire_Large_01.ogg,3777.95|3755.15|263.92,2,10,1,
4841,2000,Amb_Fire_Large_01.ogg,3746.24|3657.76|261.08,2,10,1,
4842,2000,Amb_Fire_Large_01.ogg,3703.39|3635.19|264.23,2,10,1,
4843,2000,Amb_Fire_Large_01.ogg,3703.31|3631.50|264.25,2,10,1,
4844,2000,Amb_Fire_Large_01.ogg,3750.67|3633.98|260.46,2,10,1,
4845,2000,Amb_Fire_Large_01.ogg,3746.64|3633.90|260.58,2,10,1,
4846,2000,Amb_Spell_01.ogg,3911.26|3747.63|267.21,3,30,1,
4847,2000,Amb_Fire_Large_01.ogg,3862.37|3757.26|269.05,2,10,1,
4848,2000,Amb_Fire_Large_01.ogg,3862.10|3750.00|269.22,2,10,1,
4849,2000,Amb_Bugs_Flying_01.ogg,3741.45|3899.37|231.00,2,10,1,
4850,2000,Amb_Bugs_Flying_01.ogg,3727.19|3902.26|229.39,2,10,1,
4851,2000,Amb_Bugs_Flying_01.ogg,3726.88|3933.40|230.94,2,10,1,
4852,2000,Amb_Bugs_Flying_01.ogg,3710.04|3955.73|231.17,2,10,1,
4853,2000,Amb_Bugs_Flying_01.ogg,3694.87|3939.36|229.11,2,10,1,
4854,2000,Amb_Bugs_Flying_01.ogg,3696.63|3921.60|228.83,2,10,1,
4855,2000,Amb_Bugs_Flying_02.ogg,3673.23|3930.37|226.75,2,10,1,
4856,2000,Amb_Bugs_Flying_02.ogg,3707.41|3938.06|229.75,2,10,1,
4857,2000,Amb_Bugs_Flying_02.ogg,3738.21|3914.01|230.21,2,10,1,
4858,2000,Amb_Bugs_Flying_02.ogg,3719.10|3879.06|231.41,2,10,1,
4859,2000,Amb_Bugs_Flying_02.ogg,3694.38|3904.97|229.96,2,10,1,
4860,2000,Amb_Bugs_Flying_03.ogg,3864.08|3964.32|226.60,2,10,1,
4861,2000,Amb_Bugs_Flying_03.ogg,3851.54|3933.33|227.62,2,10,1,
4862,2000,Amb_Bugs_Flying_03.ogg,3902.38|3883.11|227.90,2,10,1,
4863,2000,Amb_Bugs_Flying_03.ogg,3916.23|3847.69|226.75,2,10,1,
4864,2000,Amb_Fire_Large_01.ogg,4043.86|3782.32|233.17,2,10,1,
4865,2000,Amb_Fire_Large_01.ogg,4037.43|3783.49|233.17,2,10,1,
4866,2000,Amb_Fire_Large_01.ogg,4040.48|3834.96|237.95,2,10,1,
4867,2000,Amb_Fire_Large_01.ogg,4060.85|3829.53|237.91,2,10,1,
4868,2000,Amb_Fire_Large_01.ogg,4060.59|3824.19|237.91,2,10,1,
4869,2000,Amb_Fire_Large_01.ogg,4043.59|3861.01|237.91,2,10,1,
4870,2000,Amb_Fire_Large_01.ogg,4049.07|3855.93|237.91,2,10,1,
4871,2000,Amb_Bugs_Flying_02.ogg,3678.62|3996.19|224.59,2,10,1,
4872,2000,Amb_Bugs_Flying_02.ogg,3671.28|3927.30|226.43,2,10,1,
4873,2000,Amb_Bugs_Flying_02.ogg,3848.94|3931.27|227.37,2,10,1,
4874,2000,Amb_Bugs_Flying_02.ogg,3899.46|3886.18|227.69,2,10,1,
4875,2000,Amb_Bugs_Flying_02.ogg,3918.51|3844.42|227.08,2,10,1,
4876,2000,Amb_Fire_Large_01.ogg,3955.16|3690.51|239.29,2,10,1,
4877,2000,Amb_Fire_Large_01.ogg,3754.69|3742.30|266.57,2,10,1,
4878,2000,Amb_Fire_Large_01.ogg,3753.57|3733.36|266.57,2,10,1,
4879,2000,Amb_Fire_Large_01.ogg,3754.67|3742.38|266.57,2,10,1,
4880,2000,Amb_Fire_Large_01.ogg,4922.77|8107.53|134.30,2,10,1,
4881,2000,Amb_Fire_Large_01.ogg,4899.27|8114.18|134.58,2,10,1,
4882,2000,Amb_Fire_Large_01.ogg,4941.10|8011.45|144.60,2,10,1,
4883,2000,Amb_Fire_Large_01.ogg,4955.84|7998.58|144.54,2,10,1,
4884,2000,Amb_Fire_Large_01.ogg,4931.85|7976.90|144.54,2,10,1,
4885,2000,Amb_Fire_Large_01.ogg,4905.24|8004.33|144.54,2,10,1,
4886,2000,Amb_Fire_Large_01.ogg,4908.44|8012.97|144.54,2,10,1,
4887,2000,Amb_Fire_Large_01.ogg,4872.09|8017.66|137.67,2,10,1,
4888,2000,Amb_Fire_Large_01.ogg,4876.25|8025.68|137.72,2,10,1,
4889,2000,Amb_Fire_Large_01.ogg,4742.55|7930.56|114.11,2,10,1,
4890,2000,Amb_Fire_Large_01.ogg,4699.82|7876.73|119.33,2,10,1,
4891,2000,Amb_Fire_Large_01.ogg,4700.29|7865.29|119.07,2,10,1,
4892,2000,Amb_Fire_Large_01.ogg,4680.85|7872.94|119.94,2,10,1,
4893,2000,Amb_Fire_Large_01.ogg,4917.75|7858.22|122.51,2,10,1,
4894,2000,Amb_Fire_Large_01.ogg,4973.04|7900.95|134.51,2,10,1,
4895,2000,Amb_Fire_Large_01.ogg,4969.91|7918.63|134.76,2,10,1,
4896,2000,Amb_Fire_Large_01.ogg,4979.63|7922.31|134.73,2,10,1,
4897,2000,Amb_Water_L_Cascade_01.ogg,4880.78|7902.92|118.63,50,100,1,
4898,2000,Amb_Water_L_Cascade_01.ogg,5008.62|7974.60|123.70,50,100,1,
4899,2000,Amb_Water_L_Cascade_01.ogg,5020.44|7906.13|123.70,50,100,1,
4900,2000,Amb_Sea_Beach_02.ogg,5012.70|7939.25|127.85,50,120,1,
4901,2000,Amb_Fire_Large_01.ogg,4694.36|8023.68|134.60,2,10,1,
4902,2000,Amb_Fire_Large_01.ogg,4936.52|7732.18|132.30,2,10,1,
4903,2000,Amb_Fire_Large_01.ogg,4944.46|7790.35|130.34,2,10,1,
4904,2000,Amb_Fire_Large_01.ogg,4961.38|7811.94|129.71,2,10,1,
4905,2000,Amb_Water_Waterfall_01.ogg,4807.56|7936.89|113.08,30,80,1,
4906,2000,Amb_Water_Waterfall_01.ogg,4832.36|7865.57|113.08,30,80,1,
4907,2000,Amb_Water_Waterfall_01.ogg,4798.70|7790.74|113.08,30,80,1,
4908,2000,Amb_Water_Waterfall_01.ogg,4915.93|7906.82|114.57,30,80,1,
4909,2000,Amb_Fire_Large_01.ogg,4719.31|8131.33|148.73,2,10,1,
4910,2000,Amb_Fire_Large_01.ogg,4715.74|8123.98|147.30,2,10,1,
4911,2000,Amb_Fire_Large_01.ogg,4698.21|8117.01|147.37,2,10,1,
4912,2000,Amb_Fire_Large_01.ogg,4699.97|8112.83|146.88,2,10,1,
4913,2000,Amb_Fire_Large_01.ogg,4868.71|7345.32|100.02,2,10,1,
4914,2000,Amb_Fire_Large_01.ogg,4857.91|7361.11|100.91,2,10,1,
4915,2000,Amb_Fire_Large_01.ogg,4917.98|7403.56|101.51,2,10,1,
4916,2000,Amb_Fire_Large_01.ogg,4954.92|7362.42|103.13,2,10,1,
4917,2000,Amb_Fire_Large_01.ogg,4732.07|7306.17|102.26,2,10,1,
4918,2000,Amb_Fire_Large_01.ogg,4742.03|7293.71|101.98,2,10,1,
4919,2000,Amb_Fire_Large_01.ogg,4749.90|7293.74|101.93,2,10,1,
4920,2000,Amb_Fire_Large_01.ogg,4745.33|7308.21|102.30,2,10,1,
4921,2000,Amb_Fire_Large_01.ogg,4720.90|7310.47|102.15,2,10,1,
4922,2000,Amb_Fire_Large_01.ogg,4723.35|7318.89|102.32,2,10,1,
4923,2000,Amb_Fire_Large_01.ogg,4818.25|7555.06|117.90,2,10,1,
4924,2000,Amb_Fire_Large_01.ogg,4814.53|7561.17|117.84,2,10,1,
4925,2000,Amb_Fire_Large_01.ogg,4831.28|7560.29|119.36,2,10,1,
4926,2000,Amb_Fire_Large_01.ogg,4834.32|7576.96|119.24,2,10,1,
4927,2000,Amb_Fire_Large_01.ogg,4840.55|7587.58|119.13,2,10,1,
4928,2000,Amb_Fire_Large_01.ogg,4847.13|7584.23|119.30,2,10,1,
4929,2000,Amb_Fire_Large_01.ogg,4842.38|7552.25|119.35,2,10,1,
4930,2000,Amb_Fire_Large_01.ogg,4859.28|7551.24|119.36,2,10,1,
4931,2000,Amb_Fire_Large_01.ogg,4866.79|7562.10|119.36,2,10,1,
4932,2000,Amb_Fire_Large_01.ogg,4867.02|7554.97|119.36,2,10,1,
4933,2000,Amb_Fire_Large_01.ogg,5008.29|7555.16|125.60,2,10,1,
4934,2000,Amb_Fire_Large_01.ogg,4961.39|7554.95|125.69,2,10,1,
4935,2000,Amb_Fire_Large_01.ogg,5456.48|6911.14|84.40,2,10,1,
4936,2000,Amb_Fire_Large_01.ogg,5456.01|6902.83|84.14,2,10,1,
4937,2000,Amb_Fire_Large_01.ogg,5425.49|6915.15|85.60,2,10,1,
4938,2000,Amb_Fire_Large_01.ogg,5428.06|6900.29|85.19,2,10,1,
4939,2000,Amb_Fire_Large_01.ogg,5444.74|6918.68|83.69,2,10,1,
4940,2000,Amb_Fire_Large_01.ogg,5283.53|6966.81|68.99,2,10,1,
4941,2000,Amb_Fire_Large_01.ogg,5291.32|6977.54|69.15,2,10,1,
4942,2000,Amb_Fire_Large_01.ogg,5226.62|7024.97|84.99,2,10,1,
4943,2000,Amb_Fire_Large_01.ogg,5214.27|7071.46|92.06,2,10,1,
4944,2000,Amb_Fire_Large_01.ogg,5215.10|7082.34|92.06,2,10,1,
4945,2000,Amb_Fire_Large_01.ogg,5202.19|7082.90|92.06,2,10,1,
4946,2000,Amb_Fire_Large_01.ogg,5154.48|6897.46|88.56,2,10,1,
4947,2000,Amb_Fire_Large_01.ogg,5192.17|6963.18|84.74,2,10,1,
4948,2000,Amb_Fire_Large_01.ogg,5557.56|6977.62|96.58,2,10,1,
4949,2000,Amb_Fire_Large_01.ogg,5546.65|6989.54|97.29,2,10,1,
4950,2000,Amb_Fire_Large_01.ogg,5484.00|7048.92|98.68,2,10,1,
4951,2000,Amb_Fire_Large_01.ogg,5476.47|7057.24|98.53,2,10,1,
4952,2000,Amb_Fire_Large_01.ogg,5268.32|6855.20|82.56,2,10,1,
4953,2000,Amb_Water_L_Cascade_01.ogg,5320.88|6768.88|77.22,50,150,1,
4954,2000,Amb_Water_L_Cascade_01.ogg,5451.14|6760.53|77.22,50,150,1,
4955,2000,Amb_Water_Waterfall_01.ogg,5380.32|6775.56|75.33,50,120,1,
4956,2000,Amb_Spell_02.ogg,5540.55|7042.51|100.32,15,60,1,
4957,2000,Amb_Fire_Large_01.ogg,4735.86|6773.69|127.41,2,10,1,
4958,2000,Amb_Fire_Large_01.ogg,4735.80|6766.63|128.74,2,10,1,
4959,2000,Amb_Fire_Large_01.ogg,4768.10|6796.45|127.41,2,10,1,
4960,2000,Amb_Fire_Large_01.ogg,4751.52|6807.71|127.41,2,10,1,
4961,2000,Amb_Fire_Large_01.ogg,4761.26|6774.28|127.41,2,10,1,
4962,2000,Amb_Fire_Large_01.ogg,4772.48|6768.08|127.41,2,10,1,
4963,2000,Amb_Fire_Large_01.ogg,4702.13|6764.12|120.98,2,10,1,
4964,2000,Amb_Fire_Large_01.ogg,4702.71|6776.46|120.90,2,10,1,
4965,2000,Amb_Fire_Large_01.ogg,4836.02|6947.86|117.32,2,10,1,
4966,2000,Amb_Fire_Large_01.ogg,4847.11|6982.52|116.98,2,10,1,
4967,2000,Amb_Fire_Large_01.ogg,4896.41|6962.16|115.89,2,10,1,
4968,2000,Amb_Fire_Large_01.ogg,5008.23|6939.13|108.12,2,10,1,
4969,2000,Amb_Fire_Large_01.ogg,5015.06|6940.91|107.91,2,10,1,
4970,2000,Amb_Fire_Large_01.ogg,5007.96|6929.59|107.91,2,10,1,
4971,2000,Amb_Fire_Large_01.ogg,5015.50|6923.96|107.96,2,10,1,
4972,2000,Amb_Fire_Large_01.ogg,5063.36|6932.35|100.30,2,10,1,
4973,2000,Amb_Fire_Large_01.ogg,5063.52|6957.32|101.20,2,10,1,
4974,2000,Amb_Fire_Large_01.ogg,5051.28|7077.58|101.30,2,10,1,
4975,2000,Amb_Fire_Large_01.ogg,4980.84|7044.73|101.35,2,10,1,
4976,2000,Amb_Fire_Large_01.ogg,5035.78|7036.35|101.29,2,10,1,
4977,2000,Amb_Fire_Large_01.ogg,4842.99|6799.08|126.98,2,10,1,
4978,2000,Amb_Fire_Large_01.ogg,4856.01|6798.29|126.94,2,10,1,
4979,2000,Amb_Fire_Large_01.ogg,4927.24|6747.05|127.03,2,10,1,
4980,2000,Amb_Fire_Large_01.ogg,4927.44|6756.99|127.03,2,10,1,
4981,2000,Amb_Fire_Large_01.ogg,4935.34|6757.20|127.03,2,10,1,
4982,2000,Amb_Fire_Large_01.ogg,4935.23|6747.21|127.03,2,10,1,
4983,2000,Amb_Fire_Large_01.ogg,4964.93|6743.34|128.54,2,10,1,
4984,2000,Amb_Fire_Large_01.ogg,4974.71|6743.55|128.54,2,10,1,
4985,2000,Amb_Fire_Large_01.ogg,4956.56|6743.59|128.54,2,10,1,
4986,2000,Amb_Fire_Large_01.ogg,4974.33|6760.24|128.54,2,10,1,
4987,2000,Amb_Fire_Large_01.ogg,4964.23|6760.42|128.54,2,10,1,
4988,2000,Amb_Fire_Large_01.ogg,4956.52|6760.15|128.54,2,10,1,
4989,2000,Amb_Fire_Large_01.ogg,4921.42|7111.17|108.43,2,10,1,
4990,2000,Amb_Fire_Large_01.ogg,4819.87|6986.99|119.97,2,10,1,
4991,2000,Amb_Fire_Large_01.ogg,4827.83|6881.22|116.45,2,10,1,
4992,2000,Amb_Fire_Large_01.ogg,4842.83|6904.85|117.07,2,10,1,
4993,2000,Amb_Spell_02.ogg,4746.70|7021.22|122.83,2,80,1,
4994,2000,Amb_Water_Waterfall_01.ogg,4741.70|6903.02|113.87,30,180,1,
4995,2000,Amb_Fire_Large_01.ogg,5411.49|7194.33|146.03,2,10,1,
4996,2000,Amb_Fire_Large_01.ogg,5397.02|7196.75|146.46,2,10,1,
4997,2000,Amb_Fire_Large_01.ogg,5389.34|7213.78|146.03,2,10,1,
4998,2000,Amb_Fire_Large_01.ogg,5402.17|7215.31|146.03,2,10,1,
4999,2000,Amb_Fire_Large_01.ogg,5560.09|7205.52|130.51,2,10,1,
5000,2000,Amb_Fire_Large_01.ogg,5561.01|7213.89|130.51,2,10,1,
5001,2000,Amb_Fire_Large_01.ogg,5542.67|7298.39|116.36,2,10,1,
5002,2000,Amb_Fire_Large_01.ogg,5534.85|7295.20|116.49,2,10,1,
5003,2000,Amb_Fire_Large_01.ogg,5297.48|7379.54|100.43,2,10,1,
5004,2000,Amb_Fire_Large_01.ogg,5389.11|7389.39|97.30,2,10,1,
5005,2000,Amb_Fire_Large_01.ogg,5389.36|7399.42|97.30,2,10,1,
5006,2000,Amb_Fire_Large_01.ogg,5389.11|7355.30|96.38,2,10,1,
5007,2000,Amb_Fire_Large_01.ogg,5382.33|7356.20|96.33,2,10,1,
5008,2000,Amb_Fire_Large_01.ogg,5418.61|7405.29|95.36,2,10,1,
5009,2000,Amb_Fire_Large_01.ogg,5432.54|7391.68|98.72,2,10,1,
5010,2000,Amb_Fire_Large_01.ogg,5433.78|7398.58|98.80,2,10,1,
5011,2000,Amb_Fire_Large_01.ogg,5384.12|7419.67|96.92,2,10,1,
5012,2000,Amb_Fire_Large_01.ogg,5393.36|7421.46|96.81,2,10,1,
5013,2000,Amb_Fire_Large_01.ogg,5470.74|7271.46|125.36,2,10,1,
5014,2000,Amb_Fire_Large_01.ogg,5462.66|7269.89|125.38,2,10,1,
5015,2000,Amb_Fire_Large_01.ogg,5215.00|7474.78|108.66,2,10,1,
5016,2000,Amb_Fire_Large_01.ogg,5203.58|7479.88|108.64,2,10,1,
5017,2000,Amb_Fire_Large_01.ogg,5200.37|7474.20|108.71,2,10,1,
5018,2000,Amb_Fire_Large_01.ogg,5279.37|7239.01|105.25,2,10,1,
5019,2000,Amb_Fire_Large_01.ogg,5304.78|7232.22|105.47,2,10,1,
5020,2000,Amb_Fire_Large_01.ogg,5256.74|7273.16|106.58,2,10,1,
5021,2000,Amb_Fire_Large_01.ogg,5144.67|7288.47|112.71,2,10,1,
5022,2000,Amb_Fire_Large_01.ogg,5144.40|7250.32|109.59,2,10,1,
5023,2000,Amb_Sea_Beach_01.ogg,2241.94|5626.61|10.99,50,100,1,
5024,2000,Amb_Sea_Beach_01.ogg,2260.67|5461.05|11.78,50,100,1,
5025,2000,Amb_Sea_Beach_01.ogg,2191.21|5720.05|10.99,50,80,1,
5026,2000,Amb_Sea_Beach_01.ogg,2148.70|5798.49|10.99,50,100,1,
5027,2000,Amb_Sea_Beach_01.ogg,2105.96|5913.73|10.99,50,100,1,
5028,2000,Amb_Sea_Beach_01.ogg,2245.46|5916.73|10.99,50,100,1,
5029,2000,Amb_Sea_Beach_01.ogg,2084.36|6028.03|10.99,50,100,1,
5030,2000,Amb_Sea_Beach_01.ogg,2096.87|6183.86|10.99,50,100,1,
5031,2000,Amb_Sea_Beach_01.ogg,2321.39|5738.38|10.99,30,100,1,
5032,2000,Amb_Sea_Beach_01.ogg,2500.53|5744.90|10.99,30,100,1,
5033,2000,Amb_Sea_Beach_01.ogg,2532.40|5598.42|10.99,30,100,1,
5034,2000,Amb_Sea_Beach_01.ogg,2552.49|5449.81|10.99,30,100,1,
5035,2000,Amb_Sea_Beach_01.ogg,2272.07|5287.27|11.78,50,100,1,
5036,2000,Amb_Fire_Large_01.ogg,2291.10|5594.46|11.99,2,10,1,
5037,2000,Amb_Fire_Large_01.ogg,2297.91|5519.29|12.11,2,10,1,
5038,2000,Amb_Fire_Large_01.ogg,2289.36|5659.05|14.82,2,10,1,
5039,2000,Amb_Fire_Large_01.ogg,2281.83|5658.73|14.82,2,10,1,
5040,2000,Amb_Fire_Large_01.ogg,2272.29|5667.25|15.54,2,10,1,
5041,2000,Amb_Fire_Large_01.ogg,2267.33|5674.63|15.56,2,10,1,
5042,2000,Amb_Fire_Large_01.ogg,2253.76|5669.76|15.53,2,10,1,
5043,2000,Amb_Fire_Large_01.ogg,2234.64|5716.68|15.68,2,10,1,
5044,2000,Amb_Fire_Large_01.ogg,2242.29|5724.71|15.62,2,10,1,
5045,2000,Amb_Fire_Large_01.ogg,2274.43|5727.00|13.05,2,10,1,
5046,2000,Amb_Fire_Large_01.ogg,2255.79|5802.84|10.76,2,10,1,
5047,2000,Amb_Fire_Large_01.ogg,2269.62|5799.55|11.29,2,10,1,
5048,2000,Amb_Fire_Large_01.ogg,2288.21|5683.08|15.54,2,10,1,
5049,2000,Amb_Fire_Large_01.ogg,2439.05|5698.91|15.99,2,10,1,
5050,2000,Amb_Fire_Large_01.ogg,2442.63|5718.09|13.67,2,10,1,
5051,2000,Amb_Fire_Large_01.ogg,2452.33|5662.03|19.81,2,10,1,
5052,2000,Amb_Fire_Large_01.ogg,2485.10|5632.81|21.95,2,10,1,
5053,2000,Amb_Fire_Large_01.ogg,2293.78|6042.61|26.88,2,10,1,
5054,2000,Amb_Fire_Large_01.ogg,2306.17|6040.64|27.51,2,10,1,
5055,2000,Amb_Fire_Large_01.ogg,2313.25|6039.42|27.72,2,10,1,
5056,2000,Amb_Fire_Large_01.ogg,2338.67|5706.15|12.81,2,10,1,
5057,2000,Amb_Fire_Large_01.ogg,2338.63|5697.78|12.81,2,10,1,
5058,2000,Amb_Fire_Large_01.ogg,2265.96|5710.63|13.21,2,10,1,
5059,2000,Amb_Sea_Beach_01.ogg,2313.23|5668.04|10.99,30,100,1,
5060,2000,AMB_Silent_Lake_01.ogg,2453.31|5277.01|13.34,30,50,1,
5061,2000,AMB_Silent_Lake_01.ogg,2388.11|5292.83|13.34,30,50,1,
5062,2000,Amb_Fire_Large_01.ogg,2511.86|5304.86|27.30,2,10,1,
5063,2000,Amb_Fire_Large_01.ogg,2500.77|5304.30|27.31,2,10,1,
5064,2000,Amb_Fire_Large_01.ogg,2499.94|5318.78|27.35,2,10,1,
5065,2000,Amb_Fire_Large_01.ogg,2511.62|5319.01|27.36,2,10,1,
5066,2000,Amb_Fire_Large_01.ogg,2409.69|5397.44|33.34,2,10,1,
5067,2000,Amb_Fire_Large_01.ogg,2408.60|5343.46|33.34,2,10,1,
5068,2000,Amb_Fire_Large_01.ogg,2408.85|5365.07|33.45,2,10,1,
5069,2000,Amb_Fire_Large_01.ogg,2402.07|5357.08|33.45,2,10,1,
5070,2000,Amb_Fire_Large_01.ogg,2408.91|5374.43|33.45,2,10,1,
5071,2000,Amb_Fire_Large_01.ogg,2401.79|5383.22|33.45,2,10,1,
5072,2000,Amb_Fire_Large_01.ogg,2477.53|5417.10|22.23,2,10,1,
5073,2000,Amb_Fire_Large_01.ogg,2480.96|5402.95|22.23,2,10,1,
5074,2000,Amb_Fire_Large_01.ogg,2485.64|5402.98|22.21,2,10,1,
5075,2000,Amb_Fire_Large_01.ogg,2495.89|5417.21|22.23,2,10,1,
5076,2000,Amb_Fire_Large_01.ogg,2533.00|5408.21|22.23,2,10,1,
5077,2000,Amb_Fire_Large_01.ogg,2526.78|5369.50|27.36,2,10,1,
5078,2000,Amb_Fire_Large_01.ogg,2488.96|5345.42|27.32,2,10,1,
5079,2000,Amb_Fire_Large_01.ogg,2491.79|5375.76|27.36,2,10,1,
5080,2000,Amb_Fire_Large_01.ogg,2483.35|5431.45|21.83,2,10,1,
5081,2000,Amb_Fire_Large_01.ogg,2489.59|5431.54|21.84,2,10,1,
5082,2000,Amb_Fire_Large_01.ogg,2162.70|6061.83|16.50,20,40,1,
5083,2000,Amb_Fire_Large_01.ogg,2143.18|6104.80|14.90,20,40,1,
5084,2000,Amb_Fire_Large_01.ogg,2199.78|6098.66|19.12,2,10,1,
5085,2000,Amb_Fire_Large_01.ogg,2230.51|6069.58|19.95,20,40,1,
5086,2000,Amb_Fire_Large_01.ogg,2219.31|6022.06|17.23,2,10,1,
5087,2000,Amb_Scare_Male_02.ogg,2105.26|6085.12|15.42,2,10,1,
5088,2000,Amb_Sea_Beach_01.ogg,2061.48|5641.32|18.05,50,80,1,
5089,2000,Amb_Fire_Large_01.ogg,6249.65|8367.84|126.81,2,10,1,
5090,2000,Amb_Fire_Large_01.ogg,6359.64|8366.75|126.81,2,10,1,
5091,2000,Amb_Fire_Large_01.ogg,6394.83|8356.40|133.38,2,10,1,
5092,2000,Amb_Fire_Large_01.ogg,6394.67|8347.36|133.37,2,10,1,
5093,2000,Amb_Fire_Large_01.ogg,6279.80|8446.87|119.72,2,10,1,
5094,2000,Amb_Fire_Large_01.ogg,6286.07|8438.63|120.25,2,10,1,
5095,2000,Amb_Fire_Large_01.ogg,6462.98|8545.34|100.80,2,10,1,
5096,2000,Amb_Fire_Large_01.ogg,6471.90|8545.33|100.89,2,10,1,
5097,2000,Amb_Fire_Large_01.ogg,6463.04|8559.97|101.50,2,10,1,
5098,2000,Amb_Fire_Large_01.ogg,6475.35|8561.09|101.51,2,10,1,
5099,2000,Amb_Fire_Large_01.ogg,6486.59|8555.57|101.51,2,10,1,
5100,2000,Amb_Water_Waterfall_01.ogg,6373.16|8487.58|91.15,30,60,1,
5101,2000,Amb_Water_L_Cascade_01.ogg,6324.27|8457.71|91.16,50,100,1,
5102,2000,Amb_Water_Waterfall_01.ogg,6324.15|8494.60|91.15,30,60,1,
5103,2000,Amb_Water_L_Cascade_01.ogg,6343.47|8412.27|117.98,30,60,1,
5104,2000,Amb_Water_Waterfall_01.ogg,6378.49|8324.67|125.88,30,60,1,
5105,2000,Amb_Water_Waterfall_01.ogg,6367.97|8379.03|125.88,30,60,1,
5106,2000,Amb_Magiccircle_01.ogg,6293.56|8335.60|123.70,2,30,1,
5107,2000,Amb_Water_Waterfall_01.ogg,6278.47|8317.38|128.49,30,60,1,
5108,2000,Amb_HALO_01.ogg,6524.98|8324.83|148.09,2,40,1,
5109,2000,Amb_HALO_01.ogg,6340.89|8498.99|95.84,10,25,1,
5110,2000,Amb_Water_Waterfall_01.ogg,6384.98|8773.87|104.69,50,100,1,
5111,2000,Amb_Water_Waterfall_01.ogg,6306.10|8757.82|104.69,50,100,1,
5112,2000,Amb_Water_Waterfall_01.ogg,6394.20|8860.50|104.69,50,100,1,
5113,2000,Amb_Water_Waterfall_01.ogg,6296.17|8862.03|104.69,50,100,1,
5114,2000,Amb_Water_Waterfall_01.ogg,6457.95|8939.92|104.69,50,100,1,
5115,2000,Amb_Water_Waterfall_01.ogg,6504.10|9040.41|104.69,50,100,1,
5116,2000,Amb_Water_Waterfall_01.ogg,6347.11|9003.92|104.69,50,100,1,
5117,2000,Amb_Water_L_Cascade_01.ogg,6359.50|9018.04|117.03,50,100,1,
5118,2000,Amb_Water_L_Cascade_01.ogg,6334.59|8984.94|121.36,50,100,1,
5119,2000,Amb_Water_L_Cascade_01.ogg,6307.55|8750.30|112.58,50,100,1,
5120,2000,Amb_Water_Waterfall_01.ogg,6547.52|8889.80|113.77,5,20,1,
5121,2000,Amb_HALO_01.ogg,6581.83|8888.80|114.54,10,80,1,
5122,2000,Amb_Fire_Large_01.ogg,6505.17|8891.87|112.07,2,10,1,
5123,2000,Amb_Fire_Large_01.ogg,6506.09|8899.38|112.13,2,10,1,
5124,2000,Amb_Fire_Large_01.ogg,6551.39|8912.61|113.07,2,10,1,
5125,2000,Amb_Fire_Large_01.ogg,6519.29|9000.45|125.35,2,10,1,
5126,2000,Amb_Fire_Large_01.ogg,6531.61|9005.80|124.86,2,10,1,
5127,2000,Amb_Fire_Large_01.ogg,6513.94|8973.48|123.99,2,10,1,
5128,2000,Amb_Fire_Large_01.ogg,6565.75|9034.73|126.04,2,10,1,
5129,2000,Amb_HALO_01.ogg,6366.75|8908.43|109.56,2,10,1,
5130,2000,Amb_HALO_01.ogg,6382.15|8929.21|109.52,2,10,1,
5131,2000,Amb_HALO_01.ogg,6357.11|8939.24|109.60,2,10,1,
5132,2000,Amb_HALO_01.ogg,6345.93|8926.02|109.66,2,10,1,
5133,2000,Amb_HALO_01.ogg,6344.21|8942.22|109.14,2,10,1,
5134,2000,Amb_HALO_01.ogg,6361.12|8983.59|109.19,2,10,1,
5135,2000,Amb_HALO_01.ogg,6368.53|8971.01|109.30,2,10,1,
5136,2000,Amb_HALO_01.ogg,6514.11|8821.76|114.03,2,10,1,
5137,2000,Amb_HALO_01.ogg,6520.40|8806.58|112.64,2,10,1,
5138,2000,Amb_HALO_01.ogg,6520.28|8801.91|112.60,2,10,1,
5139,2000,Amb_HALO_01.ogg,6535.23|8817.49|113.36,2,10,1,
5140,2000,Amb_HALO_01.ogg,6526.32|8834.16|112.09,2,10,1,
5141,2000,Amb_HALO_01.ogg,6535.01|8850.43|109.66,2,10,1,
5142,2000,Amb_HALO_01.ogg,6518.42|8863.46|109.18,2,10,1,
5143,2000,Amb_HALO_01.ogg,6501.46|8858.54|108.07,2,10,1,
5144,2000,Amb_HALO_01.ogg,6471.87|8845.64|117.07,2,10,1,
5145,2000,Amb_HALO_01.ogg,6468.71|8831.20|116.87,2,10,1,
5146,2000,Amb_HALO_01.ogg,6451.43|8841.90|118.64,2,10,1,
5147,2000,Amb_HALO_01.ogg,6447.13|8829.05|119.07,2,10,1,
5148,2000,Amb_HALO_01.ogg,6464.47|8823.22|120.15,2,10,1,
5149,2000,Amb_HALO_01.ogg,6472.05|8815.33|120.97,2,10,1,
5150,2000,Amb_HALO_01.ogg,6456.83|8807.67|119.00,2,10,1,
5151,2000,Amb_HALO_01.ogg,6439.12|8800.99|119.65,2,10,1,
5152,2000,Amb_HALO_01.ogg,6429.71|8803.98|119.78,2,10,1,
5153,2000,Amb_HALO_01.ogg,6443.53|8826.88|119.31,2,10,1,
5154,2000,Amb_HALO_01.ogg,6432.91|8779.29|119.86,2,10,1,
5155,2000,Amb_HALO_01.ogg,6420.33|8775.54|119.78,2,10,1,
5156,2000,Amb_HALO_01.ogg,6484.74|8790.06|118.52,2,10,1,
5157,2000,Amb_HALO_01.ogg,6465.45|8784.86|118.66,2,10,1,
5158,2000,Amb_HALO_01.ogg,6502.61|8775.78|114.61,2,10,1,
5159,2000,Amb_HALO_01.ogg,6478.90|8755.91|118.75,2,10,1,
5160,2000,Amb_HALO_01.ogg,6509.18|8745.36|118.16,2,10,1,
5161,2000,Amb_HALO_01.ogg,6515.62|8762.29|118.31,2,10,1,
5162,2000,Amb_HALO_01.ogg,6524.75|8765.77|118.34,2,10,1,
5163,2000,Amb_HALO_01.ogg,6529.47|8776.21|121.64,2,10,1,
5164,2000,Amb_HALO_01.ogg,6543.37|8777.73|121.62,2,10,1,
5165,2000,Amb_HALO_01.ogg,6551.52|8768.49|121.44,2,10,1,
5166,2000,Amb_HALO_01.ogg,6542.62|8797.37|121.64,2,10,1,
5167,2000,Amb_HALO_01.ogg,6455.97|8769.04|119.40,2,10,1,
5168,2000,Amb_HALO_01.ogg,6451.63|8758.88|119.78,2,10,1,
5169,2000,Amb_HALO_01.ogg,6504.27|8843.68|115.26,2,10,1,
5170,2000,Amb_HALO_01.ogg,6496.62|8830.57|115.22,2,10,1,
5171,2000,Amb_HALO_01.ogg,6433.28|8532.16|96.41,2,10,1,
5172,2000,Amb_HALO_01.ogg,6435.89|8556.45|96.88,2,10,1,
5173,2000,Amb_HALO_01.ogg,6465.94|8501.79|100.79,2,10,1,
5174,2000,Amb_HALO_01.ogg,6464.60|8519.56|103.05,2,10,1,
5175,2000,Amb_HALO_01.ogg,6496.68|8536.70|101.39,2,10,1,
5176,2000,Amb_HALO_01.ogg,6525.41|8546.86|107.31,2,10,1,
5177,2000,Amb_HALO_01.ogg,6487.23|8466.12|102.98,2,10,1,
5178,2000,Amb_HALO_01.ogg,6483.87|8458.89|102.95,2,10,1,
5179,2000,Amb_HALO_01.ogg,6491.73|8456.69|104.62,2,10,1,
5180,2000,Amb_HALO_01.ogg,6354.02|8516.60|91.15,2,10,1,
5181,2000,Amb_HALO_01.ogg,6348.71|8505.19|91.15,2,10,1,
5182,2000,Amb_HALO_01.ogg,6341.04|8518.47|91.15,2,10,1,
5183,2000,Amb_HALO_01.ogg,6325.36|8520.44|91.15,2,10,1,
5184,2000,Amb_HALO_01.ogg,6492.07|8812.81|115.80,2,10,1,
5185,2000,Amb_HALO_01.ogg,6381.61|8975.81|109.39,2,10,1,
5186,2000,Amb_HALO_01.ogg,6390.37|8989.01|109.51,2,10,1,
5187,2000,Amb_HALO_01.ogg,6377.77|8989.37|109.59,2,10,1,
5188,2000,Amb_HALO_01.ogg,6368.36|8993.75|109.37,2,10,1,
5189,2000,Amb_HALO_01.ogg,6358.92|8973.36|109.30,2,10,1,
5190,2000,Amb_HALO_01.ogg,6367.88|8956.98|109.53,2,10,1,
5191,2000,Amb_HALO_01.ogg,6349.04|8952.96|109.02,2,10,1,
5192,2000,Amb_Fire_Large_01.ogg,6520.74|8921.22|113.95,2,10,1,
5193,2000,Amb_Fire_Large_01.ogg,6527.23|8924.25|114.68,2,10,1,
5194,2000,Amb_Fire_Large_01.ogg,6333.02|8813.76|115.07,2,10,1,
5195,2000,Amb_Fire_Large_01.ogg,6333.13|8821.18|115.14,2,10,1,
